BOARDID,TRADEDATE,SHORTNAME,SECID,NUMTRADES,VALUE,OPEN,LOW,HIGH,LEGALCLOSEPRICE,WAPRICE,CLOSE,VOLUME,MARKETPRICE2,MARKETPRICE3,ADMITTEDQUOTE,MP2VALTRD,MARKETPRICE3TRADESVALUE,ADMITTEDVALUE,WAVAL,TRADINGSESSION,CURRENCYID,TRENDCLSPR,TRADE_SESSION_DATE
TQBR,2013-03-25,ВТБ ао,VTBR,3574,1826558312.0,0.05181,0.05038,0.05194,0.05031,0.05152,0.05043,35450700000,0.05144,0.05144,0.05144,4028315757.41,4028315757.41,4028315757.41,,3,SUR,,
TQBR,2013-03-26,ВТБ ао,VTBR,617,278920519.8,0.05069,0.04865,0.0525,0.04902,0.04974,0.0494,5608020000,0.04953,0.04953,0.04953,3343099693.44,3343099693.44,3343099693.44,,3,SUR,-2.04,
TQBR,2013-03-27,ВТБ ао,VTBR,478,197040562.6,0.04946,0.04766,0.04987,0.04822,0.04851,0.04821,4061610000,0.04829,0.04829,0.04829,2794060959.32,2794060959.32,2794060959.32,,3,SUR,-2.41,
TQBR,2013-03-28,ВТБ ао,VTBR,503,207539154.2,0.0477,0.0477,0.04988,0.04977,0.04902,0.04979,4234170000,0.04897,0.04897,0.04897,2646762957.53,2646762957.53,2646762957.53,,3,SUR,3.28,
TQBR,2013-03-29,ВТБ ао,VTBR,142,60290813.8,0.05,0.04954,0.05,0.04973,0.04978,0.04987,1211060000,0.04981,0.04981,0.04981,634719522.32,634719522.32,634719522.32,,3,SUR,0.16,
TQBR,2013-04-01,ВТБ ао,VTBR,295,117086308.8,0.04945,0.04918,0.0503,0.04947,0.04955,0.04924,2362870000,0.04953,0.04953,0.04953,1041294930.39,1041294930.39,1041294930.39,,3,SUR,-1.26,
TQBR,2013-04-02,ВТБ ао,VTBR,417,184878357.7,0.04955,0.04901,0.04984,0.04919,0.04938,0.04915,3744050000,0.04929,0.04929,0.04929,1343708392.27,1343708392.27,1343708392.27,,3,SUR,-0.18,
TQBR,2013-04-03,ВТБ ао,VTBR,1033,367545950.3,0.04893,0.04825,0.05202,0.04837,0.04887,0.04825,7520910000,0.04874,0.04874,0.04874,2191406650.87,2191406650.87,2191406650.87,,3,SUR,-1.83,
TQBR,2013-04-04,ВТБ ао,VTBR,822,306537023.1,0.0481,0.04726,0.049,0.04732,0.04826,0.04726,6351970000,0.04809,0.04809,0.04809,2719761317.36,2719761317.36,2719761317.36,,3,SUR,-2.05,
TQBR,2013-04-05,ВТБ ао,VTBR,1490,580886245.5,0.04761,0.04511,0.04781,0.04686,0.04657,0.04693,12474640000,0.04665,0.04665,0.04665,3663534772.55,3663534772.55,3663534772.55,,3,SUR,-0.7,
TQBR,2013-04-08,ВТБ ао,VTBR,1215,511002969.5,0.04687,0.0466,0.04842,0.04792,0.04749,0.04755,10759550000,0.04761,0.04761,0.04761,4513641538.33,4513641538.33,4513641538.33,,3,SUR,1.32,
TQBR,2013-04-09,ВТБ ао,VTBR,1084,467745134.7,0.04834,0.04774,0.04977,0.04902,0.0488,0.04921,9585380000,0.04884,0.04884,0.04884,2634038963.68,2634038963.68,2634038963.68,,3,SUR,3.49,
TQBR,2013-04-10,ВТБ ао,VTBR,961,373640810.3,0.04905,0.04787,0.0497,0.0482,0.04876,0.04813,7662430000,0.04874,0.04874,0.04874,2456691931.58,2456691931.58,2456691931.58,,3,SUR,-2.19,
TQBR,2013-04-11,ВТБ ао,VTBR,1629,681783297.9,0.0484,0.04737,0.04848,0.04783,0.04799,0.04792,14207590000,0.04798,0.04798,0.04798,2510695070.46,2510695070.46,2510695070.46,,3,SUR,-0.44,
TQBR,2013-04-12,ВТБ ао,VTBR,1187,399700818.0,0.04774,0.04658,0.04796,0.04714,0.04726,0.04696,8458320000,0.04719,0.04719,0.04719,1841825219.31,1841825219.31,1841825219.31,,3,SUR,-2.0,
TQBR,2013-04-15,ВТБ ао,VTBR,1194,491832296.1,0.04682,0.0454,0.04684,0.04566,0.04601,0.04565,10690060000,0.046,0.046,0.046,1659370248.59,1659370248.59,1659370248.59,,3,SUR,-2.79,
TQBR,2013-04-16,ВТБ ао,VTBR,1908,582128112.9,0.0453,0.0452,0.04676,0.04562,0.04586,0.04536,12693450000,0.04588,0.04588,0.04588,2157873907.75,2157873907.75,2157873907.75,,3,SUR,-0.64,
TQBR,2013-04-17,ВТБ ао,VTBR,1601,578619264.2,0.04582,0.04359,0.04584,0.04403,0.04452,0.04389,12995680000,0.04441,0.04441,0.04441,2101481181.52,2101481181.52,2101481181.52,,3,SUR,-3.24,
TQBR,2013-04-18,ВТБ ао,VTBR,1509,552331858.6,0.04382,0.04341,0.04484,0.04342,0.04414,0.04352,12514510000,0.04411,0.04411,0.04411,1928930389.09,1928930389.09,1928930389.09,,3,SUR,-0.84,
TQBR,2013-04-19,ВТБ ао,VTBR,1482,593454015.6,0.04428,0.04309,0.04428,0.04357,0.04359,0.0438,13613260000,0.0436,0.0436,0.0436,1987803201.2,1987803201.2,1987803201.2,,3,SUR,0.64,
TQBR,2013-04-22,ВТБ ао,VTBR,1869,659651895.6,0.04417,0.04404,0.0452,0.04443,0.04472,0.04431,14751940000,0.04469,0.04469,0.04469,3137838605.13,3137838605.13,3137838605.13,,3,SUR,1.16,
TQBR,2013-04-23,ВТБ ао,VTBR,1661,559445739.6,0.0445,0.04433,0.04588,0.04555,0.04498,0.04588,12436780000,0.04498,0.04498,0.04498,2029895331.81,2029895331.81,2029895331.81,,3,SUR,3.54,
TQBR,2013-04-24,ВТБ ао,VTBR,1817,761631103.9,0.04566,0.04537,0.04733,0.04562,0.0465,0.0456,16377820000,0.04643,0.04643,0.04643,4197282109.63,4197282109.63,4197282109.63,,3,SUR,-0.61,
TQBR,2013-04-25,ВТБ ао,VTBR,4144,995499521.3,0.04655,0.0439,0.04655,0.04555,0.0454,0.0451,21925760000,0.04526,0.04526,0.04526,5770155749.09,5770155749.09,5770155749.09,,3,SUR,-1.1,
TQBR,2013-04-26,ВТБ ао,VTBR,3882,1309829390.2,0.0451,0.04435,0.04579,0.04537,0.0451,0.04546,29042980000,0.04516,0.04516,0.04516,5127244529.76,5127244529.76,5127244529.76,,3,SUR,0.8,
TQBR,2013-04-29,ВТБ ао,VTBR,9791,3403012881.8,0.0445,0.04315,0.04746,0.04709,0.04646,0.04728,73244340000,0.04633,0.04633,0.04633,8327184723.31,8327184723.31,8327184723.31,,3,SUR,4.0,
TQBR,2013-04-30,ВТБ ао,VTBR,6355,1795928123.2,0.047,0.04501,0.04977,0.04922,0.04851,0.04974,37018930000,0.04839,0.04839,0.04839,9299413660.27,9299413660.27,9299413660.27,,3,SUR,5.2,
TQBR,2013-05-02,ВТБ ао,VTBR,5653,1731656123.6,0.04943,0.04738,0.04997,0.04844,0.0488,0.04886,35483620000,0.0488,0.0488,0.0488,2887218630.48,2887218630.48,2887218630.48,,3,SUR,-1.77,
TQBR,2013-05-03,ВТБ ао,VTBR,3831,1065187007.2,0.0487,0.04845,0.04979,0.04887,0.04883,0.0491,21816200000,0.04885,0.04885,0.04885,2349112109.28,2349112109.28,2349112109.28,,3,SUR,0.49,
TQBR,2013-05-06,ВТБ ао,VTBR,5058,1565490677.3,0.04909,0.04843,0.04989,0.04933,0.04919,0.04931,31822560000,0.04917,0.04917,0.04917,2854908770.24,2854908770.24,2854908770.24,,3,SUR,0.43,
TQBR,2013-05-07,ВТБ ао,VTBR,3444,994094426.9,0.04932,0.04901,0.05065,0.05054,0.04975,0.05065,19983530000,0.04977,0.04977,0.04977,3626095933.88,3626095933.88,3626095933.88,,3,SUR,2.72,
TQBR,2013-05-08,ВТБ ао,VTBR,2185,480359809.7,0.05001,0.05001,0.05151,0.05075,0.05089,0.05085,9438820000,0.05088,0.05088,0.05088,2650928780.49,2650928780.49,2650928780.49,,3,SUR,0.39,
TQBR,2013-05-10,ВТБ ао,VTBR,1540,449910445.0,0.05037,0.04849,0.0511,0.04965,0.04949,0.04989,9090250000,0.04998,0.04998,0.04998,1061023985.19,1061023985.19,1061023985.19,,3,SUR,-1.89,
TQBR,2013-05-13,ВТБ ао,VTBR,1347,386204037.4,0.04902,0.04669,0.04926,0.04797,0.04761,0.04722,8111120000,0.04836,0.04836,0.04836,2289959903.41,2289959903.41,2289959903.41,,3,SUR,-5.35,
TQBR,2013-05-14,ВТБ ао,VTBR,1515,413683471.6,0.04709,0.0459,0.04727,0.0461,0.04655,0.0459,8886270000,0.04664,0.04664,0.04664,2696619363.71,2696619363.71,2696619363.71,,3,SUR,-2.8,
TQBR,2013-05-15,ВТБ ао,VTBR,1836,532099580.1,0.04609,0.04448,0.04609,0.04537,0.04508,0.0454,11803140000,0.0451,0.0451,0.0451,3765598245.04,3765598245.04,3765598245.04,,3,SUR,-1.09,
TQBR,2013-05-16,ВТБ ао,VTBR,1334,355451263.9,0.0453,0.04402,0.04536,0.04424,0.04485,0.04434,7925770000,0.04479,0.04479,0.04479,1983882373.01,1983882373.01,1983882373.01,,3,SUR,-2.33,
TQBR,2013-05-17,ВТБ ао,VTBR,1873,409956361.9,0.044,0.04365,0.04525,0.04496,0.0444,0.04492,9233810000,0.04451,0.04451,0.04451,3478536134.75,3478536134.75,3478536134.75,,3,SUR,1.31,
TQBR,2013-05-20,ВТБ ао,VTBR,1831,383503616.9,0.04602,0.0451,0.04695,0.04654,0.04649,0.04652,8249160000,0.04637,0.04637,0.04637,3214026250.86,3214026250.86,3214026250.86,,3,SUR,3.56,
TQBR,2013-05-21,ВТБ ао,VTBR,2785,582836764.6,0.046,0.0459,0.04847,0.048,0.04699,0.04805,12403160000,0.04715,0.04715,0.04715,2878622611.63,2878622611.63,2878622611.63,,3,SUR,3.29,
TQBR,2013-05-22,ВТБ ао,VTBR,2482,494846759.5,0.0486,0.04787,0.05012,0.04978,0.04886,0.04951,10128390000,0.04909,0.04909,0.04909,3394805364.4,3394805364.4,3394805364.4,,3,SUR,3.04,
TQBR,2013-05-23,ВТБ ао,VTBR,1432,337232569.0,0.0485,0.04682,0.0485,0.04778,0.04795,0.04784,7032300000,0.04793,0.04793,0.04793,2630709362.0,2630709362.0,2630709362.0,,3,SUR,-3.37,
TQBR,2013-05-24,ВТБ ао,VTBR,2093,603636373.5,0.048,0.04655,0.04823,0.04689,0.04729,0.04661,12763250000,0.04727,0.04727,0.04727,2520632102.72,2520632102.72,2520632102.72,,3,SUR,-2.57,
TQBR,2013-05-27,ВТБ ао,VTBR,903,217327219.5,0.04713,0.04643,0.04739,0.04669,0.04681,0.04655,4642830000,0.04687,0.04687,0.04687,1010552290.71,1010552290.71,1010552290.71,,3,SUR,-0.13,
TQBR,2013-05-28,ВТБ ао,VTBR,811,223653713.1,0.0471,0.0467,0.0479,0.04736,0.04741,0.04761,4717660000,0.04738,0.04738,0.04738,1709618266.6,1709618266.6,1709618266.6,,3,SUR,2.28,
TQBR,2013-05-29,ВТБ ао,VTBR,1722,385688988.4,0.04708,0.04565,0.04719,0.046,0.0462,0.04594,8347810000,0.04624,0.04624,0.04624,2255053908.83,2255053908.83,2255053908.83,,3,SUR,-3.51,
TQBR,2013-05-30,ВТБ ао,VTBR,1707,415650504.8,0.0457,0.04465,0.04592,0.0456,0.04529,0.04583,9178510000,0.04528,0.04528,0.04528,2905186139.64,2905186139.64,2905186139.64,,3,SUR,-0.24,
TQBR,2013-05-31,ВТБ ао,VTBR,2571,608555386.6,0.04574,0.04466,0.04633,0.04602,0.04549,0.04633,13377550000,0.04556,0.04556,0.04556,3339505348.56,3339505348.56,3339505348.56,,3,SUR,1.09,
TQBR,2013-06-03,ВТБ ао,VTBR,2422,364652609.1,0.046,0.04513,0.04758,0.04676,0.04664,0.04674,7818970000,0.04654,0.04654,0.04654,3438635074.13,3438635074.13,3438635074.13,,3,SUR,0.88,
TQBR,2013-06-04,ВТБ ао,VTBR,2032,359264968.8,0.04727,0.04727,0.04844,0.04798,0.04793,0.04802,7496090000,0.04791,0.04791,0.04791,4307311335.16,4307311335.16,4307311335.16,,3,SUR,2.74,
TQBR,2013-06-05,ВТБ ао,VTBR,2735,399055439.2,0.0477,0.0469,0.05005,0.04711,0.04747,0.0472,8407150000,0.04743,0.04743,0.04743,2614111711.28,2614111711.28,2614111711.28,,3,SUR,-1.71,
TQBR,2013-06-06,ВТБ ао,VTBR,1444,304021824.7,0.04698,0.04655,0.04801,0.04658,0.04738,0.04665,6416690000,0.04727,0.04727,0.04727,2474416355.1,2474416355.1,2474416355.1,,3,SUR,-1.17,
TQBR,2013-06-07,ВТБ ао,VTBR,1347,212691221.6,0.04796,0.04669,0.04796,0.04761,0.04714,0.04763,4511780000,0.04717,0.04717,0.04717,1446497314.61,1446497314.61,1446497314.61,,3,SUR,2.1,
TQBR,2013-06-10,ВТБ ао,VTBR,1133,247497202.6,0.0481,0.04716,0.04872,0.04768,0.04811,0.0477,5144440000,0.04799,0.04799,0.04799,1907603005.73,1907603005.73,1907603005.73,,3,SUR,0.15,
TQBR,2013-06-11,ВТБ ао,VTBR,1371,279378539.8,0.04751,0.04661,0.04797,0.04735,0.04722,0.04749,5916560000,0.04719,0.04719,0.04719,2123846399.1,2123846399.1,2123846399.1,,3,SUR,-0.44,
TQBR,2013-06-13,ВТБ ао,VTBR,1416,259267235.3,0.0464,0.04597,0.04688,0.04654,0.04639,0.04649,5589090000,0.04638,0.04638,0.04638,1574494832.26,1574494832.26,1574494832.26,,3,SUR,-2.11,
TQBR,2013-06-14,ВТБ ао,VTBR,1676,262350278.0,0.04694,0.04646,0.0475,0.04755,0.04694,0.0475,5589170000,0.04702,0.04702,0.04702,1673113805.63,1673113805.63,1673113805.63,,3,SUR,2.17,
TQBR,2013-06-17,ВТБ ао,VTBR,1281,241328101.2,0.04804,0.04793,0.04858,0.04816,0.04832,0.04817,4994670000,0.04831,0.04831,0.04831,1784037677.64,1784037677.64,1784037677.64,,3,SUR,1.41,
TQBR,2013-06-18,ВТБ ао,VTBR,900,196932642.8,0.048,0.0476,0.04929,0.04892,0.04867,0.04895,4046360000,0.04868,0.04868,0.04868,1686698583.04,1686698583.04,1686698583.04,,3,SUR,1.62,
TQBR,2013-06-19,ВТБ ао,VTBR,1129,231432430.2,0.04904,0.04861,0.04936,0.04891,0.04891,0.04869,4731970000,0.04892,0.04892,0.04892,1850668040.86,1850668040.86,1850668040.86,,3,SUR,-0.53,
TQBR,2013-06-20,ВТБ ао,VTBR,1750,260514257.5,0.04798,0.0468,0.0481,0.04697,0.04764,0.04692,5468380000,0.04762,0.04762,0.04762,2350701345.74,2350701345.74,2350701345.74,,3,SUR,-3.64,
TQBR,2013-06-21,ВТБ ао,VTBR,1173,201819311.5,0.0466,0.04652,0.04817,0.04778,0.0475,0.0478,4248530000,0.04755,0.04755,0.04755,1782697810.19,1782697810.19,1782697810.19,,3,SUR,1.88,
TQBR,2013-06-24,ВТБ ао,VTBR,881,141460365.6,0.04786,0.04704,0.04831,0.04704,0.04769,0.04704,2966070000,0.0475,0.0475,0.0475,1523672769.05,1523672769.05,1523672769.05,,3,SUR,-1.59,
TQBR,2013-06-25,ВТБ ао,VTBR,679,120507194.1,0.0473,0.04729,0.04839,0.04802,0.0479,0.04803,2515610000,0.04788,0.04788,0.04788,1581407226.91,1581407226.91,1581407226.91,,3,SUR,2.1,
TQBR,2013-06-26,ВТБ ао,VTBR,532,107049121.7,0.04813,0.04793,0.04929,0.04909,0.04887,0.04911,2190630000,0.04889,0.04889,0.04889,1679615146.09,1679615146.09,1679615146.09,,3,SUR,2.25,
TQBR,2013-06-27,ВТБ ао,VTBR,858,152092654.4,0.04931,0.04721,0.04946,0.04741,0.04855,0.04752,3132650000,0.04839,0.04839,0.04839,3494696588.06,3494696588.06,3494696588.06,,3,SUR,-3.24,
TQBR,2013-06-28,ВТБ ао,VTBR,845,170097344.4,0.04745,0.04629,0.04797,0.04691,0.04722,0.04696,3602080000,0.04706,0.04706,0.04706,2086753051.85,2086753051.85,2086753051.85,,3,SUR,-1.18,
TQBR,2013-07-01,ВТБ ао,VTBR,1093,195687554.6,0.04708,0.04655,0.04773,0.04725,0.04726,0.04725,4141000000,0.04726,0.04726,0.04726,1059594165.01,1059594165.01,1059594165.01,,3,SUR,0.62,
TQBR,2013-07-02,ВТБ ао,VTBR,1022,210643808.2,0.04718,0.04654,0.04764,0.04749,0.0471,0.0474,4472460000,0.04714,0.04714,0.04714,1582106181.4,1582106181.4,1582106181.4,,3,SUR,0.32,
TQBR,2013-07-03,ВТБ ао,VTBR,786,157486193.8,0.04722,0.04657,0.04725,0.04696,0.04689,0.04695,3358760000,0.04692,0.04692,0.04692,1167975268.12,1167975268.12,1167975268.12,,3,SUR,-0.95,
TQBR,2013-07-04,ВТБ ао,VTBR,587,117794627.7,0.04724,0.04658,0.04763,0.04736,0.04702,0.04735,2504940000,0.04709,0.04709,0.04709,1169805562.68,1169805562.68,1169805562.68,,3,SUR,0.85,
TQBR,2013-07-05,ВТБ ао,VTBR,1290,207014293.6,0.04749,0.04724,0.04825,0.04754,0.04777,0.04761,4333370000,0.04777,0.04777,0.04777,1446037609.11,1446037609.11,1446037609.11,,3,SUR,0.55,
TQBR,2013-07-08,ВТБ ао,VTBR,1222,124891050.8,0.04729,0.04693,0.04764,0.04731,0.0472,0.04719,2645740000,0.04724,0.04724,0.04724,687235179.71,687235179.71,687235179.71,,3,SUR,-0.88,
TQBR,2013-07-09,ВТБ ао,VTBR,823,183138634.7,0.04747,0.04673,0.04768,0.04688,0.04716,0.04698,3883580000,0.04713,0.04713,0.04713,1133813958.79,1133813958.79,1133813958.79,,3,SUR,-0.45,
TQBR,2013-07-10,ВТБ ао,VTBR,895,177904037.4,0.04696,0.04552,0.04696,0.04572,0.04627,0.04565,3845290000,0.04623,0.04623,0.04623,1447839004.43,1447839004.43,1447839004.43,,3,SUR,-2.83,
TQBR,2013-07-11,ВТБ ао,VTBR,1477,343883466.8,0.04628,0.04616,0.04701,0.04699,0.04643,0.04699,7406990000,0.0465,0.0465,0.0465,2789371347.36,2789371347.36,2789371347.36,,3,SUR,2.94,
TQBR,2013-07-12,ВТБ ао,VTBR,1536,352776066.0,0.04686,0.04658,0.0474,0.04704,0.0471,0.047,7490260000,0.04707,0.04707,0.04707,3424798838.66,3424798838.66,3424798838.66,,3,SUR,0.02,
TQBR,2013-07-15,ВТБ ао,VTBR,749,174627271.7,0.04735,0.04652,0.04754,0.04668,0.04696,0.04727,3718910000,0.04693,0.04693,0.04693,1731531144.18,1731531144.18,1731531144.18,,3,SUR,0.57,
TQBR,2013-07-16,ВТБ ао,VTBR,1128,255054281.9,0.04674,0.04659,0.04742,0.0472,0.04697,0.0472,5430540000,0.04701,0.04701,0.04701,2564865193.08,2564865193.08,2564865193.08,,3,SUR,-0.15,
TQBR,2013-07-17,ВТБ ао,VTBR,890,201568977.4,0.04732,0.0469,0.04799,0.04792,0.04726,0.04777,4265280000,0.04736,0.04736,0.04736,2878340608.29,2878340608.29,2878340608.29,,3,SUR,1.21,
TQBR,2013-07-18,ВТБ ао,VTBR,2060,444293795.6,0.04799,0.04625,0.04812,0.04689,0.04703,0.04685,9446250000,0.04709,0.04709,0.04709,2630412163.21,2630412163.21,2630412163.21,,3,SUR,-1.93,
TQBR,2013-07-19,ВТБ ао,VTBR,1050,207432691.8,0.0467,0.04638,0.04753,0.047,0.04691,0.04691,4422070000,0.04699,0.04699,0.04699,2024631207.38,2024631207.38,2024631207.38,,3,SUR,0.13,
TQBR,2013-07-22,ВТБ ао,VTBR,1579,253677712.6,0.04705,0.04648,0.04713,0.04703,0.04681,0.04693,5418730000,0.04686,0.04686,0.04686,1119926686.14,1119926686.14,1119926686.14,,3,SUR,0.04,
TQBR,2013-07-23,ВТБ ао,VTBR,868,188313292.5,0.04725,0.04671,0.04747,0.0467,0.04719,0.04673,3990850000,0.04713,0.04713,0.04713,1338486120.33,1338486120.33,1338486120.33,,3,SUR,-0.43,
TQBR,2013-07-24,ВТБ ао,VTBR,1023,211718035.7,0.04668,0.04588,0.04687,0.04656,0.04647,0.04668,4555700000,0.04646,0.04646,0.04646,1658547954.77,1658547954.77,1658547954.77,,3,SUR,-0.11,
TQBR,2013-07-25,ВТБ ао,VTBR,666,120236142.2,0.04661,0.04616,0.04671,0.04655,0.04644,0.04656,2589290000,0.04644,0.04644,0.04644,1107115969.64,1107115969.64,1107115969.64,,3,SUR,-0.26,
TQBR,2013-07-26,ВТБ ао,VTBR,690,144107583.4,0.0466,0.0465,0.04737,0.047,0.04698,0.04704,3067400000,0.04701,0.04701,0.04701,1175004899.65,1175004899.65,1175004899.65,,3,SUR,1.03,
TQBR,2013-07-29,ВТБ ао,VTBR,694,109655861.1,0.04714,0.04676,0.04726,0.0471,0.04702,0.04704,2332130000,0.04701,0.04701,0.04701,767311149.79,767311149.79,767311149.79,,3,SUR,0.0,
TQBR,2013-07-30,ВТБ ао,VTBR,514,94924847.9,0.04721,0.04647,0.04732,0.04657,0.04682,0.0466,2027410000,0.04685,0.04685,0.04685,1104500765.45,1104500765.45,1104500765.45,,3,SUR,-0.94,
TQBR,2013-07-31,ВТБ ао,VTBR,582,102112057.8,0.04658,0.04617,0.04708,0.04661,0.04666,0.04658,2188500000,0.04666,0.04666,0.04666,1001012251.0,1001012251.0,1001012251.0,,3,SUR,-0.04,
TQBR,2013-08-01,ВТБ ао,VTBR,631,118711903.4,0.047,0.04668,0.04733,0.04693,0.04702,0.04694,2524560000,0.04702,0.04702,0.04702,998416501.82,998416501.82,998416501.82,,3,SUR,0.77,
TQBR,2013-08-02,ВТБ ао,VTBR,1355,187091090.1,0.04671,0.04637,0.0476,0.04672,0.0468,0.04686,3997400000,0.04681,0.04681,0.04681,1172644392.24,1172644392.24,1172644392.24,,3,SUR,-0.17,
TQBR,2013-08-05,ВТБ ао,VTBR,726,112582131.8,0.04675,0.0461,0.04691,0.04644,0.04652,0.04641,2419890000,0.04654,0.04654,0.04654,807440520.34,807440520.34,807440520.34,,3,SUR,-0.96,
TQBR,2013-08-06,ВТБ ао,VTBR,660,113132614.6,0.04633,0.04611,0.04662,0.04621,0.04625,0.0462,2445990000,0.04626,0.04626,0.04626,705569540.49,705569540.49,705569540.49,,3,SUR,-0.45,
TQBR,2013-08-07,ВТБ ао,VTBR,785,112055615.6,0.04604,0.04584,0.04653,0.0461,0.04613,0.04608,2429000000,0.0461,0.0461,0.0461,914877641.4,914877641.4,914877641.4,,3,SUR,-0.26,
TQBR,2013-08-08,ВТБ ао,VTBR,1412,281726939.1,0.04631,0.04463,0.04651,0.04543,0.04546,0.04543,6197410000,0.0454,0.0454,0.0454,1626141465.96,1626141465.96,1626141465.96,,3,SUR,-1.41,
TQBR,2013-08-09,ВТБ ао,VTBR,996,152838202.8,0.04546,0.04511,0.04595,0.04579,0.04551,0.04583,3358460000,0.04555,0.04555,0.04555,971019633.75,971019633.75,971019633.75,,3,SUR,0.88,
TQBR,2013-08-12,ВТБ ао,VTBR,920,169775906.9,0.0459,0.04561,0.04655,0.04642,0.04591,0.04655,3697900000,0.04598,0.04598,0.04598,793059473.94,793059473.94,793059473.94,,3,SUR,1.57,
TQBR,2013-08-13,ВТБ ао,VTBR,1281,274984314.8,0.04664,0.04654,0.04758,0.04725,0.0472,0.04745,5825520000,0.04717,0.04717,0.04717,1748595496.51,1748595496.51,1748595496.51,,3,SUR,1.93,
TQBR,2013-08-14,ВТБ ао,VTBR,893,196781619.7,0.04739,0.04717,0.04811,0.04755,0.04759,0.04756,4134600000,0.04754,0.04754,0.04754,1458765005.17,1458765005.17,1458765005.17,,3,SUR,0.23,
TQBR,2013-08-15,ВТБ ао,VTBR,1365,356220867.1,0.04764,0.04697,0.0481,0.04711,0.04733,0.04712,7526280000,0.04726,0.04726,0.04726,1344439941.36,1344439941.36,1344439941.36,,3,SUR,-0.93,
TQBR,2013-08-16,ВТБ ао,VTBR,860,133757631.4,0.04716,0.04665,0.04731,0.047,0.04695,0.04706,2849040000,0.04692,0.04692,0.04692,884119905.86,884119905.86,884119905.86,,3,SUR,-0.13,
TQBR,2013-08-19,ВТБ ао,VTBR,707,131282716.9,0.04684,0.04669,0.04729,0.04713,0.04701,0.0471,2792850000,0.04697,0.04697,0.04697,981148448.0,981148448.0,981148448.0,,3,SUR,0.08,
TQBR,2013-08-20,ВТБ ао,VTBR,584,86200153.2,0.04673,0.04644,0.04692,0.04666,0.04672,0.04668,1845020000,0.0467,0.0467,0.0467,793172384.45,793172384.45,793172384.45,,3,SUR,-0.89,
TQBR,2013-08-21,ВТБ ао,VTBR,1243,206646630.0,0.04681,0.04571,0.04716,0.04577,0.04625,0.04571,4468190000,0.04631,0.04631,0.04631,1578731378.54,1578731378.54,1578731378.54,,3,SUR,-2.08,
TQBR,2013-08-22,ВТБ ао,VTBR,1677,306003602.4,0.04567,0.04549,0.04631,0.04612,0.04594,0.04601,6661120000,0.04597,0.04597,0.04597,1421155546.52,1421155546.52,1421155546.52,,3,SUR,0.66,
TQBR,2013-08-23,ВТБ ао,VTBR,984,133760834.4,0.04601,0.04558,0.04631,0.04574,0.04595,0.04574,2911180000,0.04595,0.04595,0.04595,948133349.28,948133349.28,948133349.28,,3,SUR,-0.59,
TQBR,2013-08-26,ВТБ ао,VTBR,573,96563719.6,0.046,0.04554,0.04616,0.04566,0.04581,0.0457,2107830000,0.04583,0.04583,0.04583,593983909.03,593983909.03,593983909.03,,3,SUR,-0.09,
TQBR,2013-08-27,ВТБ ао,VTBR,800,106881270.4,0.04551,0.04509,0.04556,0.04525,0.0453,0.04533,2359370000,0.04528,0.04528,0.04528,635094047.18,635094047.18,635094047.18,,3,SUR,-0.81,
TQBR,2013-08-28,ВТБ ао,VTBR,1500,203624255.8,0.04513,0.04463,0.04537,0.04525,0.04494,0.0453,4530960000,0.045,0.045,0.045,1472274409.36,1472274409.36,1472274409.36,,3,SUR,-0.07,
TQBR,2013-08-29,ВТБ ао,VTBR,1662,93587904.1,0.04534,0.04495,0.04565,0.04522,0.04528,0.04521,2067070000,0.04523,0.04523,0.04523,667724765.4,667724765.4,667724765.4,,3,SUR,-0.2,
TQBR,2013-08-30,ВТБ ао,VTBR,685,66739788.0,0.04696,0.04437,0.04696,0.0446,0.04484,0.04459,1488400000,0.04472,0.04472,0.04472,741134111.84,741134111.84,741134111.84,,3,SUR,-1.37,
TQBR,2013-09-02,ВТБ ао,VTBR,8593,643809017.5,0.0448,0.04431,0.04495,0.04475,0.04466,0.04455,14414950000,0.04466,0.04466,0.04466,643743502.66,643743502.66,643743502.66,,3,SUR,-0.09,
TQBR,2013-09-03,ВТБ ао,VTBR,14912,1085562534.7,0.04498,0.0444,0.045,0.04466,0.04474,0.0448,24262920000,0.04474,0.04474,0.04474,1083903914.49,1083903914.49,1083903914.49,,3,SUR,0.56,
TQBR,2013-09-04,ВТБ ао,VTBR,16708,1223843105.8,0.04484,0.04451,0.04507,0.04475,0.04475,0.04474,27346040000,0.04475,0.04475,0.04475,1223830999.0,1223830999.0,1223830999.0,,3,SUR,-0.13,
TQBR,2013-09-05,ВТБ ао,VTBR,17545,1707583342.9,0.04497,0.04467,0.04568,0.04549,0.04514,0.04549,37831070000,0.04514,0.04514,0.04514,1706630512.23,1706630512.23,1706630512.23,,3,SUR,1.68,
TQBR,2013-09-06,ВТБ ао,VTBR,31942,3188634479.4,0.0455,0.04371,0.04583,0.04415,0.04503,0.04417,70817650000,0.04503,0.04503,0.04503,3188759217.04,3188759217.04,3188759217.04,,3,SUR,-2.9,
TQBR,2013-09-09,ВТБ ао,VTBR,19246,1817312845.1,0.04449,0.04421,0.04485,0.04431,0.0445,0.04435,40842650000,0.0445,0.0445,0.0445,1815730961.25,1815730961.25,1815730961.25,,3,SUR,0.41,
TQBR,2013-09-10,ВТБ ао,VTBR,18882,1749224851.4,0.04458,0.04441,0.04494,0.04454,0.04467,0.04451,39157980000,0.04467,0.04467,0.04467,1748703845.73,1748703845.73,1748703845.73,,3,SUR,0.36,
TQBR,2013-09-11,ВТБ ао,VTBR,14543,1213367235.3,0.0445,0.0444,0.04483,0.0446,0.04467,0.04451,27164130000,0.04467,0.04467,0.04467,1213604487.29,1213604487.29,1213604487.29,,3,SUR,0.0,
TQBR,2013-09-12,ВТБ ао,VTBR,29028,2375425436.3,0.04489,0.04397,0.04491,0.04422,0.04441,0.04422,53488600000,0.04441,0.04441,0.04441,2375606047.83,2375606047.83,2375606047.83,,3,SUR,-0.65,
TQBR,2013-09-13,ВТБ ао,VTBR,18374,1392519819.8,0.0442,0.04359,0.0442,0.0438,0.04381,0.04378,31787660000,0.04381,0.04381,0.04381,1392696731.56,1392696731.56,1392696731.56,,3,SUR,-1.0,
TQBR,2013-09-16,ВТБ ао,VTBR,19228,1829080555.6,0.04407,0.04369,0.04425,0.0438,0.04394,0.0438,41624230000,0.04394,0.04394,0.04394,1862916408.87,1862916408.87,1862916408.87,,3,SUR,0.05,
TQBR,2013-09-17,ВТБ ао,VTBR,13817,1426273461.5,0.04367,0.04351,0.04414,0.04407,0.04389,0.04406,32496120000,0.04389,0.04389,0.04389,1426946068.94,1426946068.94,1426946068.94,,3,SUR,0.59,
TQBR,2013-09-18,ВТБ ао,VTBR,22877,2048508818.0,0.04395,0.04355,0.04453,0.04378,0.04407,0.04377,46479440000,0.04407,0.04407,0.04407,2052312900.93,2052312900.93,2052312900.93,,3,SUR,-0.66,
TQBR,2013-09-19,ВТБ ао,VTBR,33475,3046854669.6,0.04473,0.04372,0.04487,0.04376,0.04424,0.04376,68866360000,0.04424,0.04424,0.04424,3042020336.83,3042020336.83,3042020336.83,,3,SUR,-0.02,
TQBR,2013-09-20,ВТБ ао,VTBR,18047,1573462747.9,0.04364,0.04353,0.04414,0.04366,0.0438,0.04361,35926260000,0.0438,0.0438,0.0438,1575535567.52,1575535567.52,1575535567.52,,3,SUR,-0.34,
TQBR,2013-09-23,ВТБ ао,VTBR,18385,1148606228.4,0.04364,0.04332,0.04395,0.04348,0.04362,0.04362,26334460000,0.04362,0.04362,0.04362,1147712759.28,1147712759.28,1147712759.28,,3,SUR,0.02,
TQBR,2013-09-24,ВТБ ао,VTBR,16398,961018863.5,0.04361,0.04332,0.04383,0.04348,0.04352,0.04348,22080620000,0.04352,0.04352,0.04352,960752414.59,960752414.59,960752414.59,,3,SUR,-0.32,
TQBR,2013-09-25,ВТБ ао,VTBR,14440,1130310251.4,0.04356,0.04322,0.0437,0.04361,0.04352,0.04359,25973370000,0.04352,0.04352,0.04352,1130570301.09,1130570301.09,1130570301.09,,3,SUR,0.25,
TQBR,2013-09-26,ВТБ ао,VTBR,16402,1561606069.5,0.04366,0.04325,0.04381,0.04328,0.04344,0.04336,35947040000,0.04344,0.04344,0.04344,1561527208.14,1561527208.14,1561527208.14,,3,SUR,-0.53,
TQBR,2013-09-27,ВТБ ао,VTBR,23575,1546685533.0,0.04338,0.04295,0.04352,0.04308,0.04324,0.04309,35772290000,0.04324,0.04324,0.04324,1546232349.62,1546232349.62,1546232349.62,,3,SUR,-0.62,
TQBR,2013-09-30,ВТБ ао,VTBR,16504,1351108481.4,0.04286,0.04247,0.04307,0.04255,0.04281,0.04267,31560220000,0.04281,0.04281,0.04281,1350009168.26,1350009168.26,1350009168.26,,3,SUR,-0.97,
TQBR,2013-10-01,ВТБ ао,VTBR,15942,1395094995.2,0.0426,0.04259,0.04325,0.04323,0.04294,0.04321,32490820000,0.04294,0.04294,0.04294,1394525274.32,1394525274.32,1394525274.32,,3,SUR,1.27,
TQBR,2013-10-02,ВТБ ао,VTBR,17611,1407931759.2,0.04321,0.04259,0.0433,0.04265,0.04298,0.04263,32755950000,0.04298,0.04298,0.04298,1407814960.18,1407814960.18,1407814960.18,,3,SUR,-1.34,
TQBR,2013-10-03,ВТБ ао,VTBR,22680,1725971883.2,0.04285,0.04187,0.04287,0.04204,0.04239,0.04204,40711690000,0.04239,0.04239,0.04239,1726983849.21,1726983849.21,1726983849.21,,3,SUR,-1.38,
TQBR,2013-10-04,ВТБ ао,VTBR,27003,2266928972.1,0.0416,0.04121,0.04235,0.0423,0.04179,0.04229,54248030000,0.04179,0.04179,0.04179,2263206192.38,2263206192.38,2263206192.38,,3,SUR,0.59,
TQBR,2013-10-07,ВТБ ао,VTBR,20493,1635059636.2,0.0422,0.04161,0.04249,0.0422,0.04191,0.04202,39011450000,0.04191,0.04191,0.04191,1633829318.77,1633829318.77,1633829318.77,,3,SUR,-0.64,
TQBR,2013-10-08,ВТБ ао,VTBR,19556,1976852089.0,0.04222,0.04198,0.04254,0.0423,0.04222,0.04231,46821260000,0.04222,0.04222,0.04222,1977450722.03,1977450722.03,1977450722.03,,3,SUR,0.69,
TQBR,2013-10-09,ВТБ ао,VTBR,14381,1509060915.5,0.04218,0.04201,0.04248,0.04215,0.04223,0.04223,35730620000,0.04223,0.04223,0.04223,1508625875.06,1508625875.06,1508625875.06,,3,SUR,-0.19,
TQBR,2013-10-10,ВТБ ао,VTBR,25268,3005035888.0,0.0423,0.04217,0.04312,0.04272,0.04273,0.04275,70328980000,0.04273,0.04273,0.04273,3005386375.99,3005386375.99,3005386375.99,,3,SUR,1.23,
TQBR,2013-10-11,ВТБ ао,VTBR,20567,2410271134.7,0.043,0.04275,0.04316,0.043,0.04293,0.04299,56138320000,0.04293,0.04293,0.04293,2408836242.48,2408836242.48,2408836242.48,,3,SUR,0.56,
TQBR,2013-10-14,ВТБ ао,VTBR,23153,2284300267.3,0.04288,0.04252,0.04371,0.04355,0.04331,0.0436,52745130000,0.04331,0.04331,0.04331,2286435963.56,2286435963.56,2286435963.56,,3,SUR,1.42,
TQBR,2013-10-15,ВТБ ао,VTBR,25046,2216135458.0,0.0439,0.04365,0.04412,0.0438,0.04388,0.04383,50500980000,0.04388,0.04388,0.04388,2209957956.48,2209957956.48,2209957956.48,,3,SUR,0.53,
TQBR,2013-10-16,ВТБ ао,VTBR,20694,2589643798.8,0.04365,0.0435,0.0441,0.0438,0.04387,0.04383,59034050000,0.04387,0.04387,0.04387,2589471094.12,2589471094.12,2589471094.12,,3,SUR,0.0,
TQBR,2013-10-17,ВТБ ао,VTBR,26209,1999220383.7,0.04394,0.04293,0.04394,0.04332,0.0433,0.04325,46172680000,0.0433,0.0433,0.0433,1999601709.38,1999601709.38,1999601709.38,,3,SUR,-1.32,
TQBR,2013-10-18,ВТБ ао,VTBR,19309,1634183019.4,0.04352,0.04326,0.04385,0.04328,0.04356,0.04337,37514960000,0.04356,0.04356,0.04356,1633396903.8,1633396903.8,1633396903.8,,3,SUR,0.28,
TQBR,2013-10-21,ВТБ ао,VTBR,17774,1511891202.7,0.04353,0.04306,0.04362,0.04361,0.04339,0.04357,34847050000,0.04339,0.04339,0.04339,1511369975.35,1511369975.35,1511369975.35,,3,SUR,0.46,
TQBR,2013-10-22,ВТБ ао,VTBR,29689,1869311040.4,0.0435,0.0433,0.04395,0.0433,0.04359,0.04334,42884680000,0.04359,0.04359,0.04359,1868851795.77,1868851795.77,1868851795.77,,3,SUR,-0.53,
TQBR,2013-10-23,ВТБ ао,VTBR,23201,1598084757.7,0.04319,0.04256,0.04319,0.04284,0.04285,0.04296,37292170000,0.04285,0.04285,0.04285,1598134532.7,1598134532.7,1598134532.7,,3,SUR,-0.88,
TQBR,2013-10-24,ВТБ ао,VTBR,13856,1434225644.6,0.043,0.04256,0.043,0.04265,0.0428,0.04266,33511500000,0.0428,0.0428,0.0428,1431898585.24,1431898585.24,1431898585.24,,3,SUR,-0.7,
TQBR,2013-10-25,ВТБ ао,VTBR,19584,1036440945.8,0.04335,0.04236,0.04335,0.04265,0.04254,0.04258,24363080000,0.04254,0.04254,0.04254,1036542523.57,1036542523.57,1036542523.57,,3,SUR,-0.19,
TQBR,2013-10-28,ВТБ ао,VTBR,19370,1709212465.8,0.0428,0.04269,0.04344,0.04337,0.04302,0.04339,39726410000,0.04302,0.04302,0.04302,1708175746.78,1708175746.78,1708175746.78,,3,SUR,1.9,
TQBR,2013-10-29,ВТБ ао,VTBR,21651,2642656663.3,0.04331,0.04321,0.0438,0.04337,0.04355,0.04336,60682360000,0.04355,0.04355,0.04355,2642386030.34,2642386030.34,2642386030.34,,3,SUR,-0.07,
TQBR,2013-10-30,ВТБ ао,VTBR,64965,4776320249.0,0.04358,0.04351,0.04475,0.044,0.04425,0.0441,107945300000,0.04425,0.04425,0.04425,4775826987.95,4775826987.95,4775826987.95,,3,SUR,1.71,
TQBR,2013-10-31,ВТБ ао,VTBR,42220,2632075906.1,0.04387,0.04372,0.04445,0.04445,0.04413,0.04435,59645860000,0.04413,0.04413,0.04413,2631242016.13,2631242016.13,2631242016.13,,3,SUR,0.57,
TQBR,2013-11-01,ВТБ ао,VTBR,26858,1709741670.3,0.04425,0.04425,0.04489,0.0447,0.04467,0.0447,38276300000,0.04467,0.04467,0.04467,1708414571.25,1708414571.25,1708414571.25,,3,SUR,0.79,
TQBR,2013-11-05,ВТБ ао,VTBR,15226,1562627375.0,0.04478,0.04429,0.04489,0.04431,0.04452,0.0443,35100690000,0.04452,0.04452,0.04452,1562086270.49,1562086270.49,1562086270.49,,3,SUR,-0.89,
TQBR,2013-11-06,ВТБ ао,VTBR,29524,1826255650.5,0.04441,0.04393,0.04467,0.0446,0.04435,0.04459,41177630000,0.04435,0.04435,0.04435,1827933734.79,1827933734.79,1827933734.79,,3,SUR,0.65,
TQBR,2013-11-07,ВТБ ао,VTBR,23753,2490590266.8,0.0447,0.04435,0.0452,0.04497,0.04486,0.04483,55514550000,0.04486,0.04486,0.04486,2491152394.52,2491152394.52,2491152394.52,,3,SUR,0.54,
TQBR,2013-11-08,ВТБ ао,VTBR,49346,2683658674.4,0.04471,0.04451,0.0455,0.04539,0.04506,0.04548,59560940000,0.04506,0.04506,0.04506,2678301471.49,2678301471.49,2678301471.49,,3,SUR,1.45,
TQBR,2013-11-11,ВТБ ао,VTBR,15349,1346570888.3,0.0456,0.04524,0.04584,0.04524,0.04557,0.0453,29549490000,0.04557,0.04557,0.04557,1344604962.35,1344604962.35,1344604962.35,,3,SUR,-0.4,
TQBR,2013-11-12,ВТБ ао,VTBR,26970,1460186522.1,0.04525,0.04514,0.04573,0.0456,0.04552,0.04565,32079600000,0.04552,0.04552,0.04552,1454860144.6,1454860144.6,1454860144.6,,3,SUR,0.77,
TQBR,2013-11-13,ВТБ ао,VTBR,27390,2867306368.3,0.0455,0.04297,0.0455,0.0435,0.04433,0.0437,64678260000,0.04433,0.04433,0.04433,2863265519.8,2863265519.8,2863265519.8,,3,SUR,-4.27,
TQBR,2013-11-14,ВТБ ао,VTBR,29362,3876943215.3,0.0442,0.04392,0.0447,0.04435,0.04425,0.04432,87623270000,0.04425,0.04425,0.04425,3867985393.6,3867985393.6,3867985393.6,,3,SUR,1.42,
TQBR,2013-11-15,ВТБ ао,VTBR,24508,2656806638.5,0.04452,0.04451,0.04516,0.04493,0.0449,0.045,59177400000,0.0449,0.0449,0.0449,2657955361.0,2657955361.0,2657955361.0,,3,SUR,1.53,
TQBR,2013-11-18,ВТБ ао,VTBR,20044,1507068153.8,0.04515,0.04503,0.04546,0.04541,0.04532,0.04542,33254100000,0.04532,0.04532,0.04532,1507173974.51,1507173974.51,1507173974.51,,3,SUR,0.93,
TQBR,2013-11-19,ВТБ ао,VTBR,27340,2344364421.7,0.04548,0.04537,0.04628,0.0461,0.04592,0.0461,51048900000,0.04592,0.04592,0.04592,2344782859.95,2344782859.95,2344782859.95,,3,SUR,1.5,
TQBR,2013-11-20,ВТБ ао,VTBR,28414,3225324926.2,0.046,0.04576,0.04689,0.04684,0.04635,0.04689,69585220000,0.04635,0.04635,0.04635,3223047314.55,3223047314.55,3223047314.55,,3,SUR,1.71,
TQBR,2013-11-21,ВТБ ао,VTBR,52017,1993004590.7,0.0466,0.04592,0.04676,0.046,0.04629,0.04595,43053590000,0.04629,0.04629,0.04629,1992022555.08,1992022555.08,1992022555.08,,3,SUR,-2.0,
TQBR,2013-11-22,ВТБ ао,VTBR,46268,1995240746.4,0.0462,0.04611,0.04664,0.04656,0.04635,0.04649,43046460000,0.04635,0.04635,0.04635,1993559348.18,1993559348.18,1993559348.18,,3,SUR,1.18,
TQBR,2013-11-25,ВТБ ао,VTBR,16891,1693224341.0,0.0467,0.04645,0.04715,0.0467,0.04677,0.04673,36206590000,0.04677,0.04677,0.04677,1691688894.46,1691688894.46,1691688894.46,,3,SUR,0.52,
TQBR,2013-11-26,ВТБ ао,VTBR,30946,7170276197.3,0.04679,0.04631,0.04748,0.04718,0.04688,0.047,152940970000,0.04688,0.04688,0.04688,7171731300.54,7171731300.54,7171731300.54,,3,SUR,0.58,
TQBR,2013-11-27,ВТБ ао,VTBR,22947,4973855259.8,0.047,0.04651,0.04708,0.0468,0.04681,0.04686,106266970000,0.04681,0.04681,0.04681,4970391406.43,4970391406.43,4970391406.43,,3,SUR,-0.3,
TQBR,2013-11-28,ВТБ ао,VTBR,15564,2530969575.3,0.04689,0.04591,0.04719,0.04665,0.0465,0.0466,54433220000,0.0465,0.0465,0.0465,2530948193.33,2530948193.33,2530948193.33,,3,SUR,-0.55,
TQBR,2013-11-29,ВТБ ао,VTBR,12109,1172496365.3,0.04683,0.04614,0.04683,0.04625,0.04631,0.04628,25318280000,0.04631,0.04631,0.04631,1172513341.79,1172513341.79,1172513341.79,,3,SUR,-0.69,
TQBR,2013-12-02,ВТБ ао,VTBR,11242,1150446852.1,0.04623,0.04611,0.04654,0.04617,0.04631,0.04635,24843570000,0.04631,0.04631,0.04631,1150308764.29,1150308764.29,1150308764.29,,3,SUR,0.15,
TQBR,2013-12-03,ВТБ ао,VTBR,29896,2817817204.3,0.04627,0.04517,0.04628,0.0457,0.04564,0.0457,61735260000,0.04564,0.04564,0.04564,2817557913.3,2817557913.3,2817557913.3,,3,SUR,-1.4,
TQBR,2013-12-04,ВТБ ао,VTBR,17950,2295186439.1,0.04579,0.04548,0.04608,0.04569,0.04571,0.04566,50209620000,0.04571,0.04571,0.04571,2295125151.15,2295125151.15,2295125151.15,,3,SUR,-0.09,
TQBR,2013-12-05,ВТБ ао,VTBR,24561,3610592866.8,0.04579,0.04515,0.04614,0.04531,0.04559,0.04562,79199360000,0.04559,0.04559,0.04559,3610594319.67,3610594319.67,3610594319.67,,3,SUR,-0.09,
TQBR,2013-12-06,ВТБ ао,VTBR,25282,2747343720.2,0.04562,0.04529,0.04609,0.04609,0.04571,0.046,60098520000,0.04571,0.04571,0.04571,2746802729.74,2746802729.74,2746802729.74,,3,SUR,0.83,
TQBR,2013-12-09,ВТБ ао,VTBR,20375,3257966059.9,0.04617,0.04561,0.04666,0.04655,0.04616,0.04645,70576190000,0.04616,0.04616,0.04616,3257579246.38,3257579246.38,3257579246.38,,3,SUR,0.98,
TQBR,2013-12-10,ВТБ ао,VTBR,24193,2571473962.6,0.04704,0.0463,0.04704,0.04669,0.04655,0.04655,55241420000,0.04655,0.04655,0.04655,2571427062.95,2571427062.95,2571427062.95,,3,SUR,0.22,
TQBR,2013-12-11,ВТБ ао,VTBR,8025,1271373307.4,0.0464,0.04617,0.04676,0.04653,0.04646,0.04656,27366510000,0.04646,0.04646,0.04646,1271329723.2,1271329723.2,1271329723.2,,3,SUR,0.02,
TQBR,2013-12-12,ВТБ ао,VTBR,14067,1785828613.1,0.04604,0.04585,0.04649,0.04605,0.04611,0.04618,38730490000,0.04611,0.04611,0.04611,1783758194.3,1783758194.3,1783758194.3,,3,SUR,-0.82,
TQBR,2013-12-13,ВТБ ао,VTBR,18225,1571900161.8,0.0462,0.0461,0.04642,0.04635,0.04626,0.04627,33981940000,0.04626,0.04626,0.04626,1571807847.05,1571807847.05,1571807847.05,,3,SUR,0.19,
TQBR,2013-12-16,ВТБ ао,VTBR,11589,1039501357.1,0.04618,0.04602,0.04677,0.04675,0.04646,0.04675,22373200000,0.04645,0.04645,0.04645,1089622730.21,1089622730.21,1089622730.21,,3,SUR,1.04,
TQBR,2013-12-17,ВТБ ао,VTBR,22647,1499658989.1,0.0468,0.0464,0.04726,0.0469,0.04681,0.04686,32034800000,0.04681,0.04681,0.04681,1503052380.85,1503052380.85,1503052380.85,,3,SUR,0.24,
TQBR,2013-12-18,ВТБ ао,VTBR,8612,935023408.3,0.0469,0.04675,0.04719,0.04715,0.04697,0.04715,19908890000,0.04697,0.04697,0.04697,936901638.44,936901638.44,936901638.44,,3,SUR,0.62,
TQBR,2013-12-19,ВТБ ао,VTBR,21583,2284814264.4,0.0475,0.04737,0.04793,0.04761,0.04769,0.04778,47906340000,0.04769,0.04769,0.04769,2279800162.76,2279800162.76,2279800162.76,,3,SUR,1.34,
TQBR,2013-12-20,ВТБ ао,VTBR,18886,3036093696.3,0.0478,0.04757,0.04865,0.04861,0.04825,0.04853,62924430000,0.04825,0.04825,0.04825,3041527747.9,3041527747.9,3041527747.9,,3,SUR,1.57,
TQBR,2013-12-23,ВТБ ао,VTBR,22994,1930104558.8,0.04864,0.04861,0.04945,0.0489,0.04903,0.04891,39364310000,0.04903,0.04903,0.04903,1930101416.52,1930101416.52,1930101416.52,,3,SUR,0.78,
TQBR,2013-12-24,ВТБ ао,VTBR,6151,933299341.9,0.049,0.04877,0.04916,0.04881,0.04894,0.04888,19068590000,0.04894,0.04894,0.04894,933263011.98,933263011.98,933263011.98,,3,SUR,-0.06,
TQBR,2013-12-25,ВТБ ао,VTBR,8458,1324542063.3,0.04889,0.04885,0.04965,0.04915,0.04928,0.04916,26876240000,0.04928,0.04928,0.04928,1326689540.56,1326689540.56,1326689540.56,,3,SUR,0.57,
TQBR,2013-12-26,ВТБ ао,VTBR,5295,922899756.9,0.04916,0.04909,0.0496,0.0495,0.04944,0.04951,18666210000,0.04944,0.04944,0.04944,923131210.33,923131210.33,923131210.33,,3,SUR,0.71,
TQBR,2013-12-27,ВТБ ао,VTBR,13812,2065853466.5,0.04957,0.04908,0.04975,0.0492,0.04944,0.04927,41781820000,0.04944,0.04944,0.04944,2065713572.06,2065713572.06,2065713572.06,,3,SUR,-0.48,
TQBR,2013-12-30,ВТБ ао,VTBR,10466,2505502866.6,0.04902,0.04882,0.04987,0.04964,0.04962,0.04966,50490300000,0.04962,0.04962,0.04962,2504738745.39,2504738745.39,2504738745.39,,3,SUR,0.79,
TQBR,2014-01-06,ВТБ ао,VTBR,8290,682214030.8,0.04921,0.0484,0.0495,0.0484,0.04866,0.04846,14020850000,0.04865,0.04865,0.04865,680143996.25,680143996.25,680143996.25,,3,SUR,-2.42,
TQBR,2014-01-08,ВТБ ао,VTBR,12976,498042475.8,0.0486,0.0479,0.0486,0.0479,0.04816,0.04791,10341130000,0.04816,0.04816,0.04816,498044921.45,498044921.45,498044921.45,,3,SUR,-1.13,
TQBR,2014-01-09,ВТБ ао,VTBR,8703,838162139.9,0.04792,0.04774,0.0484,0.04827,0.04811,0.04812,17420160000,0.04811,0.04811,0.04811,837876489.1,837876489.1,837876489.1,,3,SUR,0.44,
TQBR,2014-01-10,ВТБ ао,VTBR,17905,771266793.8,0.04803,0.0478,0.04858,0.04847,0.04826,0.04846,15982840000,0.04826,0.04826,0.04826,771058920.02,771058920.02,771058920.02,,3,SUR,0.71,
TQBR,2014-01-13,ВТБ ао,VTBR,10297,1213799793.6,0.04841,0.04825,0.04929,0.0489,0.04884,0.04892,24850300000,0.04884,0.04884,0.04884,1213618889.25,1213618889.25,1213618889.25,,3,SUR,0.95,
TQBR,2014-01-14,ВТБ ао,VTBR,21074,2148924357.9,0.04853,0.0484,0.0494,0.04908,0.04894,0.04911,43911520000,0.04894,0.04894,0.04894,2146640131.01,2146640131.01,2146640131.01,,3,SUR,0.39,
TQBR,2014-01-15,ВТБ ао,VTBR,13914,1558963474.3,0.04926,0.04866,0.04962,0.04894,0.04905,0.04905,31784590000,0.04905,0.04905,0.04905,1562070311.02,1562070311.02,1562070311.02,,3,SUR,-0.12,
TQBR,2014-01-16,ВТБ ао,VTBR,9238,891827887.6,0.04908,0.04854,0.04933,0.04854,0.04886,0.04868,18252210000,0.04886,0.04886,0.04886,891652051.0,891652051.0,891652051.0,,3,SUR,-0.75,
TQBR,2014-01-17,ВТБ ао,VTBR,11652,1035887664.1,0.04868,0.04831,0.04887,0.04831,0.04854,0.0484,21341910000,0.04854,0.04854,0.04854,1035694387.5,1035694387.5,1035694387.5,,3,SUR,-0.58,
TQBR,2014-01-20,ВТБ ао,VTBR,9801,989529343.5,0.0484,0.04813,0.04866,0.04826,0.04841,0.0482,20439300000,0.04841,0.04841,0.04841,988014998.1,988014998.1,988014998.1,,3,SUR,-0.41,
TQBR,2014-01-21,ВТБ ао,VTBR,8521,854793154.4,0.0485,0.04824,0.04873,0.04824,0.04843,0.04837,17648650000,0.04843,0.04843,0.04843,854355734.22,854355734.22,854355734.22,,3,SUR,0.35,
TQBR,2014-01-22,ВТБ ао,VTBR,13399,1786194247.6,0.04845,0.04743,0.04846,0.04767,0.04778,0.04767,37384130000,0.04778,0.04778,0.04778,1787062231.87,1787062231.87,1787062231.87,,3,SUR,-1.45,
TQBR,2014-01-23,ВТБ ао,VTBR,16498,1368415899.5,0.0475,0.04747,0.04832,0.04751,0.04798,0.04755,28520340000,0.04798,0.04798,0.04798,1367995038.4,1367995038.4,1367995038.4,,3,SUR,-0.25,
TQBR,2014-01-24,ВТБ ао,VTBR,31288,2397111245.9,0.0475,0.04671,0.04785,0.0468,0.0473,0.04696,50674750000,0.0473,0.0473,0.0473,2394299279.36,2394299279.36,2394299279.36,,3,SUR,-1.24,
TQBR,2014-01-27,ВТБ ао,VTBR,30483,2379294394.5,0.04651,0.046,0.04685,0.04651,0.04639,0.04638,51290530000,0.04639,0.04639,0.04639,2377117273.7,2377117273.7,2377117273.7,,3,SUR,-1.24,
TQBR,2014-01-28,ВТБ ао,VTBR,12940,1222390061.8,0.04638,0.04601,0.0467,0.0462,0.04633,0.04627,26386290000,0.04633,0.04633,0.04633,1221598353.9,1221598353.9,1221598353.9,,3,SUR,-0.24,
TQBR,2014-01-29,ВТБ ао,VTBR,26296,2488481050.7,0.04659,0.04619,0.04711,0.04626,0.04674,0.04636,53246310000,0.04674,0.04674,0.04674,2488219214.9,2488219214.9,2488219214.9,,3,SUR,0.19,
TQBR,2014-01-30,ВТБ ао,VTBR,25232,2140648636.3,0.04621,0.04554,0.04668,0.0458,0.04597,0.0458,46565970000,0.04597,0.04597,0.04597,2140695338.2,2140695338.2,2140695338.2,,3,SUR,-1.21,
TQBR,2014-01-31,ВТБ ао,VTBR,27442,1469318210.7,0.0458,0.04522,0.04618,0.04556,0.04568,0.04544,32166550000,0.04568,0.04568,0.04568,1468787546.1,1468787546.1,1468787546.1,,3,SUR,-0.79,
TQBR,2014-02-03,ВТБ ао,VTBR,12992,1252950192.4,0.0458,0.0452,0.04591,0.0452,0.04559,0.04527,27480150000,0.04559,0.04559,0.04559,1252499696.82,1252499696.82,1252499696.82,,3,SUR,-0.37,
TQBR,2014-02-04,ВТБ ао,VTBR,17839,1232976735.2,0.04494,0.04455,0.04549,0.04535,0.04502,0.04535,27386710000,0.04502,0.04502,0.04502,1230563825.62,1230563825.62,1230563825.62,,3,SUR,0.18,
TQBR,2014-02-05,ВТБ ао,VTBR,14077,1367000846.3,0.04552,0.04531,0.04628,0.0462,0.04586,0.04621,29808210000,0.04586,0.04586,0.04586,1366996384.7,1366996384.7,1366996384.7,,3,SUR,1.9,
TQBR,2014-02-06,ВТБ ао,VTBR,15701,1043086280.4,0.04628,0.04603,0.04655,0.04609,0.04626,0.0461,22550610000,0.04626,0.04626,0.04626,1042672504.13,1042672504.13,1042672504.13,,3,SUR,-0.24,
TQBR,2014-02-07,ВТБ ао,VTBR,14597,796482551.3,0.0463,0.04576,0.04634,0.04604,0.04598,0.04603,17320950000,0.04598,0.04598,0.04598,796525100.95,796525100.95,796525100.95,,3,SUR,-0.15,
TQBR,2014-02-10,ВТБ ао,VTBR,15519,622801137.0,0.0461,0.04555,0.04629,0.04555,0.04591,0.04555,13566300000,0.04591,0.04591,0.04591,622649318.9,622649318.9,622649318.9,,3,SUR,-1.04,
TQBR,2014-02-11,ВТБ ао,VTBR,16334,757416656.9,0.04568,0.04533,0.04587,0.04556,0.04561,0.04555,16605030000,0.04561,0.04561,0.04561,757234274.52,757234274.52,757234274.52,,3,SUR,0.0,
TQBR,2014-02-12,ВТБ ао,VTBR,18504,1450586462.6,0.04577,0.04573,0.04663,0.0465,0.0462,0.04657,31395830000,0.0462,0.0462,0.0462,1450408891.2,1450408891.2,1450408891.2,,3,SUR,2.24,
TQBR,2014-02-13,ВТБ ао,VTBR,13727,843098913.2,0.04621,0.04562,0.04637,0.04575,0.04605,0.04562,18308300000,0.04605,0.04605,0.04605,843092533.38,843092533.38,843092533.38,,3,SUR,-2.04,
TQBR,2014-02-14,ВТБ ао,VTBR,10720,1126412946.6,0.0459,0.04585,0.0463,0.0461,0.04609,0.04591,24441720000,0.04609,0.04609,0.04609,1125732527.66,1125732527.66,1125732527.66,,3,SUR,0.64,
TQBR,2014-02-17,ВТБ ао,VTBR,9129,511095506.8,0.0462,0.04602,0.04649,0.0462,0.04628,0.0462,11044500000,0.04628,0.04628,0.04628,510783343.3,510783343.3,510783343.3,,3,SUR,0.63,
TQBR,2014-02-18,ВТБ ао,VTBR,10892,979811190.2,0.04639,0.04591,0.0465,0.04596,0.04621,0.04603,21201990000,0.04621,0.04621,0.04621,979251726.8,979251726.8,979251726.8,,3,SUR,-0.37,
TQBR,2014-02-19,ВТБ ао,VTBR,17939,1650353711.5,0.0458,0.04488,0.04611,0.04514,0.04542,0.04511,36336110000,0.04542,0.04542,0.04542,1648524553.7,1648524553.7,1648524553.7,,3,SUR,-2.0,
TQBR,2014-02-20,ВТБ ао,VTBR,24933,1487986155.7,0.04475,0.0445,0.04535,0.04505,0.04482,0.04515,33199830000,0.04482,0.04482,0.04482,1486590221.33,1486590221.33,1486590221.33,,3,SUR,0.09,
TQBR,2014-02-21,ВТБ ао,VTBR,18384,848103526.3,0.0453,0.04518,0.04558,0.04533,0.04537,0.04532,18691230000,0.04537,0.04537,0.04537,848161659.75,848161659.75,848161659.75,,3,SUR,0.38,
TQBR,2014-02-24,ВТБ ао,VTBR,11455,957610239.8,0.04533,0.04495,0.0455,0.04505,0.04521,0.04514,21180200000,0.04521,0.04521,0.04521,956531326.6,956531326.6,956531326.6,,3,SUR,-0.4,
TQBR,2014-02-25,ВТБ ао,VTBR,11686,923445419.8,0.0453,0.04454,0.0453,0.04457,0.04481,0.04459,20609990000,0.04481,0.04481,0.04481,923092052.3,923092052.3,923092052.3,,3,SUR,-1.22,
TQBR,2014-02-26,ВТБ ао,VTBR,16983,1250209621.0,0.04459,0.04395,0.04485,0.0442,0.04428,0.04401,28236790000,0.04428,0.04428,0.04428,1249589171.59,1249589171.59,1249589171.59,,3,SUR,-1.3,
TQBR,2014-02-27,ВТБ ао,VTBR,32763,2676348682.8,0.04402,0.04192,0.04421,0.04222,0.04264,0.04245,62771150000,0.04264,0.04264,0.04264,2675996936.36,2675996936.36,2675996936.36,,3,SUR,-3.54,
TQBR,2014-02-28,ВТБ ао,VTBR,25616,2075046153.3,0.04216,0.04155,0.04245,0.04225,0.04201,0.04213,49398230000,0.04201,0.04201,0.04201,2074085977.41,2074085977.41,2074085977.41,,3,SUR,-0.75,
TQBR,2014-03-03,ВТБ ао,VTBR,70212,5190361065.4,0.04002,0.03357,0.04088,0.03456,0.03636,0.03475,142761780000,0.03635,0.03635,0.03635,5178921423.27,5178921423.27,5178921423.27,,3,SUR,-17.52,
TQBR,2014-03-04,ВТБ ао,VTBR,51347,3766282608.5,0.03475,0.0346,0.03771,0.0374,0.03662,0.03742,102850790000,0.03662,0.03662,0.03662,3760905492.16,3760905492.16,3760905492.16,,3,SUR,7.68,
TQBR,2014-03-05,ВТБ ао,VTBR,41011,3125778649.4,0.0372,0.03556,0.03724,0.03626,0.03627,0.0363,86185640000,0.03627,0.03627,0.03627,3122933265.71,3122933265.71,3122933265.71,,3,SUR,-2.99,
TQBR,2014-03-06,ВТБ ао,VTBR,35233,2769008381.0,0.0365,0.03425,0.03701,0.0353,0.03554,0.03524,77911840000,0.03554,0.03554,0.03554,2768279968.95,2768279968.95,2768279968.95,,3,SUR,-2.92,
TQBR,2014-03-07,ВТБ ао,VTBR,29704,1874111217.8,0.0349,0.03483,0.0361,0.035,0.03546,0.0351,52852430000,0.03546,0.03546,0.03546,1872436899.05,1872436899.05,1872436899.05,,3,SUR,-0.4,
TQBR,2014-03-11,ВТБ ао,VTBR,54059,3053980523.2,0.03432,0.03305,0.03449,0.03345,0.03378,0.03351,90412820000,0.03378,0.03378,0.03378,3047687985.4,3047687985.4,3047687985.4,,3,SUR,-4.53,
TQBR,2014-03-12,ВТБ ао,VTBR,38730,2618968788.9,0.03301,0.03171,0.03316,0.0318,0.03236,0.03171,80938750000,0.03236,0.03236,0.03236,2618160928.53,2618160928.53,2618160928.53,,3,SUR,-5.37,
TQBR,2014-03-13,ВТБ ао,VTBR,48318,3443081062.8,0.03211,0.0318,0.03277,0.0318,0.03218,0.0319,107010340000,0.03218,0.03218,0.03218,3442478162.61,3442478162.61,3442478162.61,,3,SUR,0.6,
TQBR,2014-03-14,ВТБ ао,VTBR,62534,3624768032.8,0.03119,0.02975,0.03206,0.032,0.03084,0.032,117536230000,0.03084,0.03084,0.03084,3623867271.98,3623867271.98,3623867271.98,,3,SUR,0.31,
TQBR,2014-03-17,ВТБ ао,VTBR,40776,3275383214.5,0.0325,0.03163,0.03388,0.0331,0.03253,0.0331,100682030000,0.03253,0.03253,0.03253,3275490211.18,3275490211.18,3275490211.18,,3,SUR,3.44,
TQBR,2014-03-18,ВТБ ао,VTBR,42587,3707230741.6,0.03385,0.03305,0.03455,0.0344,0.034,0.03431,109044770000,0.034,0.034,0.034,3707831579.1,3707831579.1,3707831579.1,,3,SUR,3.66,
TQBR,2014-03-19,ВТБ ао,VTBR,32565,2669828261.0,0.03433,0.03375,0.03485,0.0342,0.03426,0.03416,77919200000,0.03426,0.03426,0.03426,2669444212.9,2669444212.9,2669444212.9,,3,SUR,-0.44,
TQBR,2014-03-20,ВТБ ао,VTBR,37126,2085809899.8,0.03364,0.03353,0.03535,0.0349,0.03449,0.0349,60469470000,0.03449,0.03449,0.03449,2084464410.08,2084464410.08,2084464410.08,,3,SUR,2.17,
TQBR,2014-03-21,ВТБ ао,VTBR,44897,2439162068.2,0.03387,0.03312,0.03414,0.03399,0.03357,0.03405,72663420000,0.03357,0.03357,0.03357,2437042962.12,2437042962.12,2437042962.12,,3,SUR,-2.44,
TQBR,2014-03-24,ВТБ ао,VTBR,29482,1189860747.2,0.03421,0.034,0.0348,0.034,0.03448,0.03411,34512250000,0.03448,0.03448,0.03448,1189605607.6,1189605607.6,1189605607.6,,3,SUR,0.18,
TQBR,2014-03-25,ВТБ ао,VTBR,28027,2138141793.2,0.03414,0.03373,0.03555,0.0353,0.03487,0.03538,61314780000,0.03487,0.03487,0.03487,2137727398.52,2137727398.52,2137727398.52,,3,SUR,3.72,
TQBR,2014-03-26,ВТБ ао,VTBR,33508,2420541474.9,0.03546,0.03542,0.03681,0.0366,0.03602,0.03645,67195510000,0.03602,0.03602,0.03602,2419161141.75,2419161141.75,2419161141.75,,3,SUR,3.02,
TQBR,2014-03-27,ВТБ ао,VTBR,45735,3272132500.7,0.0361,0.03602,0.0374,0.03649,0.03659,0.03649,89429350000,0.03659,0.03659,0.03659,3264817557.7,3264817557.7,3264817557.7,,3,SUR,0.11,
TQBR,2014-03-28,ВТБ ао,VTBR,39164,3365729459.6,0.03668,0.03661,0.0389,0.0382,0.03782,0.03822,88999000000,0.03782,0.03782,0.03782,3365445923.2,3365445923.2,3365445923.2,,3,SUR,4.74,
TQBR,2014-03-31,ВТБ ао,VTBR,42519,3802546689.0,0.03841,0.0382,0.03988,0.0396,0.03908,0.0396,97311380000,0.03908,0.03908,0.03908,3802182562.2,3802182562.2,3802182562.2,,3,SUR,3.61,
TQBR,2014-04-01,ВТБ ао,VTBR,45455,3432714141.6,0.0398,0.03916,0.04055,0.0394,0.03974,0.0394,86374630000,0.03974,0.03974,0.03974,3432448277.6,3432448277.6,3432448277.6,,3,SUR,0.0,
TQBR,2014-04-02,ВТБ ао,VTBR,40269,4214588472.2,0.0395,0.038,0.03955,0.03895,0.03864,0.03895,109080120000,0.03864,0.03864,0.03864,4213656272.2,4213656272.2,4213656272.2,,3,SUR,0.0,
TQBR,2014-04-03,ВТБ ао,VTBR,42359,3317098119.6,0.03909,0.0377,0.03965,0.03822,0.03866,0.03822,85808590000,0.03866,0.03866,0.03866,3316686069.9,3316686069.9,3316686069.9,,3,SUR,0.0,
TQBR,2014-04-04,ВТБ ао,VTBR,56814,5349926665.2,0.0395,0.03837,0.0396,0.0389,0.03903,0.0389,137071920000,0.03902,0.03902,0.03902,5289066250.2,5289066250.2,5289066250.2,,3,SUR,0.0,
TQBR,2014-04-07,ВТБ ао,VTBR,39205,3031276940.5,0.03844,0.03691,0.03864,0.03774,0.03776,0.03774,80280130000,0.03776,0.03776,0.03776,3029445658.9,3029445658.9,3029445658.9,,3,SUR,0.0,
TQBR,2014-04-08,ВТБ ао,VTBR,36503,2963830142.4,0.03776,0.0371,0.03844,0.03825,0.03797,0.03825,78062340000,0.03797,0.03797,0.03797,2961634776.0,2961634776.0,2961634776.0,,3,SUR,0.0,
TQBR,2014-04-09,ВТБ ао,VTBR,28326,1992059388.2,0.03825,0.03763,0.03885,0.0384,0.03827,0.0384,52053840000,0.03827,0.03827,0.03827,1991400340.7,1991400340.7,1991400340.7,,3,SUR,0.0,
TQBR,2014-04-10,ВТБ ао,VTBR,31630,2165060554.2,0.0386,0.03844,0.03948,0.0391,0.03898,0.0391,55546800000,0.03898,0.03898,0.03898,2164851380.66,2164851380.66,2164851380.66,,3,SUR,0.0,
TQBR,2014-04-11,ВТБ ао,VTBR,45333,4817243622.6,0.03851,0.0385,0.04,0.03968,0.03952,0.03968,121899550000,0.03952,0.03952,0.03952,4815396683.0,4815396683.0,4815396683.0,,3,SUR,0.0,
TQBR,2014-04-14,ВТБ ао,VTBR,34015,2973854902.7,0.0392,0.03877,0.03959,0.03938,0.03912,0.03938,76009120000,0.03912,0.03912,0.03912,2968954118.7,2968954118.7,2968954118.7,,3,SUR,0.0,
TQBR,2014-04-15,ВТБ ао,VTBR,29311,2820322134.7,0.0395,0.03818,0.03957,0.03823,0.03856,0.03823,73144850000,0.03856,0.03856,0.03856,2818768064.7,2818768064.7,2818768064.7,,3,SUR,0.0,
TQBR,2014-04-16,ВТБ ао,VTBR,27745,2031800405.4,0.0385,0.03793,0.03878,0.03833,0.03833,0.03833,53001980000,0.03833,0.03833,0.03833,2031383065.4,2031383065.4,2031383065.4,,3,SUR,0.0,
TQBR,2014-04-17,ВТБ ао,VTBR,21251,2210486641.2,0.0385,0.03781,0.03871,0.03837,0.03835,0.03837,57645350000,0.03835,0.03835,0.03835,2210040041.2,2210040041.2,2210040041.2,,3,SUR,0.0,
TQBR,2014-04-18,ВТБ ао,VTBR,14415,1653363022.5,0.0389,0.03877,0.03932,0.03891,0.039,0.03891,42394530000,0.039,0.039,0.039,1647570034.5,1647570034.5,1647570034.5,,3,SUR,0.0,
TQBR,2014-04-21,ВТБ ао,VTBR,14703,863300869.1,0.039,0.03845,0.039,0.03853,0.03866,0.03853,22331210000,0.03866,0.03866,0.03866,862983799.1,862983799.1,862983799.1,,3,SUR,0.0,
TQBR,2014-04-22,ВТБ ао,VTBR,24460,1918366577.5,0.03853,0.03811,0.03877,0.03839,0.03844,0.03839,49899740000,0.03844,0.03844,0.03844,1917768591.9,1917768591.9,1917768591.9,,3,SUR,0.0,
TQBR,2014-04-23,ВТБ ао,VTBR,24205,2550752275.8,0.03828,0.03792,0.03854,0.03834,0.03816,0.03834,66842570000,0.03816,0.03816,0.03816,2550560875.8,2550560875.8,2550560875.8,,3,SUR,0.0,
TQBR,2014-04-24,ВТБ ао,VTBR,32872,4239149205.6,0.03842,0.03733,0.0386,0.03799,0.03796,0.03799,111668360000,0.03796,0.03796,0.03796,4238493760.4,4238493760.4,4238493760.4,,3,SUR,0.0,
TQBR,2014-04-25,ВТБ ао,VTBR,31925,3024438693.4,0.0378,0.03672,0.0381,0.03732,0.03754,0.03732,80558700000,0.03754,0.03754,0.03754,3022127223.4,3022127223.4,3022127223.4,,3,SUR,0.0,
TQBR,2014-04-28,ВТБ ао,VTBR,33871,2390790018.2,0.03722,0.0366,0.03864,0.03825,0.03773,0.03825,63373380000,0.03773,0.03773,0.03773,2386315429.8,2386315429.8,2386315429.8,,3,SUR,0.0,
TQBR,2014-04-29,ВТБ ао,VTBR,28185,1672537007.2,0.03859,0.0384,0.03922,0.03858,0.03885,0.03858,43055270000,0.03885,0.03885,0.03885,1663573322.0,1663573322.0,1663573322.0,,3,SUR,0.0,
TQBR,2014-04-30,ВТБ ао,VTBR,24688,1373679653.5,0.0384,0.0384,0.03911,0.03865,0.03874,0.03865,35459700000,0.03874,0.03874,0.03874,1373614373.5,1373614373.5,1373614373.5,,3,SUR,0.0,
TQBR,2014-05-02,ВТБ ао,VTBR,14315,729557574.3,0.03855,0.03825,0.03873,0.0386,0.03852,0.0386,18939090000,0.03852,0.03852,0.03852,729379858.8,729379858.8,729379858.8,,3,SUR,0.0,
TQBR,2014-05-05,ВТБ ао,VTBR,24414,1920058058.3,0.0383,0.0383,0.03978,0.0387,0.03889,0.0387,49372990000,0.03889,0.03889,0.03889,1918708366.3,1918708366.3,1918708366.3,,3,SUR,0.0,
TQBR,2014-05-06,ВТБ ао,VTBR,36631,2743802864.3,0.039,0.03875,0.04007,0.03991,0.03956,0.03991,69362060000,0.03956,0.03956,0.03956,2743334084.3,2743334084.3,2743334084.3,,3,SUR,0.0,
TQBR,2014-05-07,ВТБ ао,VTBR,78297,5156009262.7,0.0398,0.03974,0.04368,0.0416,0.0416,0.0416,123953650000,0.0416,0.0416,0.0416,5154669196.7,5154669196.7,5154669196.7,,3,SUR,0.0,
TQBR,2014-05-08,ВТБ ао,VTBR,45991,2627637588.9,0.04183,0.04175,0.04313,0.04222,0.04233,0.04222,62080690000,0.04233,0.04233,0.04233,2627463994.4,2627463994.4,2627463994.4,,3,SUR,0.0,
TQBR,2014-05-12,ВТБ ао,VTBR,58153,3327894741.1,0.0425,0.042,0.04423,0.0442,0.04313,0.0442,77167930000,0.04313,0.04313,0.04313,3326193891.1,3326193891.1,3326193891.1,,3,SUR,0.0,
TQBR,2014-05-13,ВТБ ао,VTBR,83491,6067645629.2,0.04434,0.04395,0.04557,0.0448,0.04487,0.0448,135218720000,0.04487,0.04487,0.04487,6066860367.8,6066860367.8,6066860367.8,,3,SUR,0.0,
TQBR,2014-05-14,ВТБ ао,VTBR,46802,3113329498.9,0.04514,0.0443,0.04526,0.04466,0.04466,0.04466,69719520000,0.04465,0.04465,0.04465,3112403677.5,3112403677.5,3112403677.5,,3,SUR,0.0,
TQBR,2014-05-15,ВТБ ао,VTBR,29535,2986247738.7,0.04463,0.04431,0.04544,0.04433,0.04482,0.04433,66623790000,0.04482,0.04482,0.04482,2985127525.7,2985127525.7,2985127525.7,,3,SUR,0.0,
TQBR,2014-05-16,ВТБ ао,VTBR,20430,2495354757.6,0.04416,0.04384,0.04499,0.04499,0.0444,0.04499,56198590000,0.0444,0.0444,0.0444,2494973656.8,2494973656.8,2494973656.8,,3,SUR,0.0,
TQBR,2014-05-19,ВТБ ао,VTBR,28281,2845621237.6,0.045,0.04498,0.04634,0.0461,0.04566,0.0461,62328700000,0.04566,0.04566,0.04566,2844180787.6,2844180787.6,2844180787.6,,3,SUR,0.0,
TQBR,2014-05-20,ВТБ ао,VTBR,31286,3251933764.5,0.04613,0.04535,0.04677,0.0467,0.04611,0.0467,70524100000,0.04611,0.04611,0.04611,3250947505.1,3250947505.1,3250947505.1,,3,SUR,0.0,
TQBR,2014-05-21,ВТБ ао,VTBR,37974,3724956310.5,0.0465,0.04605,0.04737,0.04733,0.04675,0.04733,79671250000,0.04675,0.04675,0.04675,3723346945.5,3723346945.5,3723346945.5,,3,SUR,0.0,
TQBR,2014-05-22,ВТБ ао,VTBR,20680,1731319062.5,0.04742,0.04662,0.04762,0.047,0.047,0.047,36832660000,0.047,0.047,0.047,1721067806.9,1721067806.9,1721067806.9,,3,SUR,0.0,
TQBR,2014-05-23,ВТБ ао,VTBR,18013,1298041425.0,0.04703,0.04663,0.0475,0.04728,0.04718,0.04728,27513070000,0.04718,0.04718,0.04718,1297896572.6,1297896572.6,1297896572.6,,3,SUR,0.0,
TQBR,2014-05-26,ВТБ ао,VTBR,16682,1604939399.1,0.04729,0.04723,0.04818,0.04796,0.0478,0.04796,33577780000,0.0478,0.0478,0.0478,1604929941.1,1604929941.1,1604929941.1,,3,SUR,0.0,
TQBR,2014-05-27,ВТБ ао,VTBR,47294,6164992878.1,0.04822,0.04559,0.04822,0.04686,0.04656,0.04686,132407970000,0.04656,0.04656,0.04656,6164444134.5,6164444134.5,6164444134.5,,3,SUR,0.0,
TQBR,2014-05-28,ВТБ ао,VTBR,27180,3313293529.4,0.04694,0.04635,0.04734,0.04725,0.0469,0.04725,70652580000,0.0469,0.0469,0.0469,3312563612.4,3312563612.4,3312563612.4,,3,SUR,0.0,
TQBR,2014-05-29,ВТБ ао,VTBR,29638,2601394960.6,0.04742,0.04702,0.0481,0.048,0.04762,0.048,54623180000,0.04762,0.04762,0.04762,2599256792.8,2599256792.8,2599256792.8,,3,SUR,0.0,
TQBR,2014-05-30,ВТБ ао,VTBR,17186,1948720257.5,0.04801,0.0476,0.04827,0.0479,0.04788,0.0479,40699490000,0.04788,0.04788,0.04788,1948430277.1,1948430277.1,1948430277.1,,3,SUR,0.0,
TQBR,2014-06-02,ВТБ ао,VTBR,48713,4081431688.5,0.04768,0.04768,0.05,0.0495,0.04932,0.0495,82753570000,0.04932,0.04932,0.04932,4080909115.7,4080909115.7,4080909115.7,,3,SUR,0.0,
TQBR,2014-06-03,ВТБ ао,VTBR,63014,5707050542.7,0.0494,0.0492,0.05114,0.051,0.05037,0.051,113300050000,0.05037,0.05037,0.05037,5705342290.7,5705342290.7,5705342290.7,,3,SUR,0.0,
TQBR,2014-06-04,ВТБ ао,VTBR,36428,4225738586.1,0.05102,0.05018,0.05177,0.05112,0.05105,0.05112,82771970000,0.05105,0.05105,0.05105,4225496241.1,4225496241.1,4225496241.1,,3,SUR,0.0,
TQBR,2014-06-05,ВТБ ао,VTBR,32556,3900386861.0,0.0511,0.04834,0.05148,0.04844,0.04961,0.04844,78620730000,0.04961,0.04961,0.04961,3900252468.0,3900252468.0,3900252468.0,,3,SUR,0.0,
TQBR,2014-06-06,ВТБ ао,VTBR,38355,4521422629.2,0.04874,0.04649,0.04897,0.04689,0.04731,0.04689,95560750000,0.04731,0.04731,0.04731,4520453190.6,4520453190.6,4520453190.6,,3,SUR,0.0,
TQBR,2014-06-09,ВТБ ао,VTBR,14898,1217070636.3,0.0471,0.0467,0.04783,0.04731,0.04742,0.04731,25664460000,0.04742,0.04742,0.04742,1215186636.3,1215186636.3,1215186636.3,,3,SUR,0.9,
TQBR,2014-06-10,ВТБ ао,VTBR,33476,2580788059.9,0.04737,0.04602,0.04742,0.047,0.04663,0.047,55349660000,0.04663,0.04663,0.04663,2580414310.6,2580414310.6,2580414310.6,,3,SUR,-0.66,
TQBR,2014-06-11,ВТБ ао,VTBR,23649,1248199735.5,0.047,0.0463,0.04714,0.04698,0.04668,0.04698,26737080000,0.04668,0.04668,0.04668,1248102915.5,1248102915.5,1248102915.5,,3,SUR,-0.04,
TQBR,2014-06-16,ВТБ ао,VTBR,22946,2793003187.5,0.04668,0.046,0.04699,0.04643,0.04667,0.04643,59844390000,0.04667,0.04667,0.04667,2792926165.5,2792926165.5,2792926165.5,,3,SUR,-1.17,
TQBR,2014-06-17,ВТБ ао,VTBR,12620,1508282297.7,0.04647,0.04621,0.04709,0.0468,0.04659,0.0468,32375170000,0.04659,0.04659,0.04659,1508258133.3,1508258133.3,1508258133.3,,3,SUR,0.8,
TQBR,2014-06-18,ВТБ ао,VTBR,23919,2068427186.6,0.04701,0.04578,0.04704,0.04595,0.04642,0.04595,44560930000,0.04642,0.04642,0.04642,2066990090.9,2066990090.9,2066990090.9,,3,SUR,-1.82,
TQBR,2014-06-19,ВТБ ао,VTBR,18889,1746639719.1,0.04641,0.04565,0.04649,0.0457,0.04606,0.0457,37922530000,0.04606,0.04606,0.04606,1745688314.1,1745688314.1,1745688314.1,,3,SUR,-0.54,
TQBR,2014-06-20,ВТБ ао,VTBR,23306,2351605375.1,0.04595,0.04436,0.04595,0.0449,0.04514,0.0449,52091480000,0.04514,0.04514,0.04514,2351280968.1,2351280968.1,2351280968.1,,3,SUR,-1.75,
TQBR,2014-06-23,ВТБ ао,VTBR,18306,2246733732.4,0.04493,0.04398,0.04517,0.04466,0.04455,0.04466,50434050000,0.04455,0.04455,0.04455,2246201311.9,2246201311.9,2246201311.9,,3,SUR,-0.53,
TQBR,2014-06-24,ВТБ ао,VTBR,38006,4541583085.1,0.04491,0.0441,0.04567,0.0441,0.04482,0.0441,101338590000,0.04482,0.04482,0.04482,4540541173.1,4540541173.1,4540541173.1,,3,SUR,-1.25,
TQBR,2014-06-25,ВТБ ао,VTBR,31093,3169383192.9,0.04382,0.04303,0.04395,0.0431,0.04352,0.0431,72826330000,0.04352,0.04352,0.04352,3165287337.5,3165287337.5,3165287337.5,,3,SUR,-2.27,
TQBR,2014-06-26,ВТБ ао,VTBR,25611,2996669810.3,0.0432,0.0419,0.04362,0.04279,0.04282,0.04279,69990080000,0.04282,0.04282,0.04282,2995372514.3,2995372514.3,2995372514.3,,3,SUR,-0.72,
TQBR,2014-06-27,ВТБ ао,VTBR,32039,3777195001.7,0.04289,0.04195,0.04316,0.04213,0.04231,0.04213,89276470000,0.04231,0.04231,0.04231,3775617078.6,3775617078.6,3775617078.6,,3,SUR,-1.54,
TQBR,2014-06-30,ВТБ ао,VTBR,19525,1992472459.6,0.04155,0.04067,0.04179,0.0411,0.04103,0.0411,48566320000,0.04102,0.04102,0.04102,1985523637.6,1985523637.6,1985523637.6,,3,SUR,-2.44,
TQBR,2014-07-01,ВТБ ао,VTBR,13359,1126078749.9,0.04113,0.0408,0.04144,0.04106,0.04112,0.04106,27386470000,0.04112,0.04112,0.04112,1125822098.7,1125822098.7,1125822098.7,,3,SUR,-0.1,
TQBR,2014-07-02,ВТБ ао,VTBR,16958,1547889692.1,0.04107,0.04106,0.04182,0.04182,0.04141,0.04182,37375750000,0.04141,0.04141,0.04141,1547391923.7,1547391923.7,1547391923.7,,3,SUR,1.85,
TQBR,2014-07-03,ВТБ ао,VTBR,21227,1992786234.8,0.04188,0.04184,0.04264,0.04222,0.04218,0.04222,47246160000,0.04218,0.04218,0.04218,1992351520.4,1992351520.4,1992351520.4,,3,SUR,0.96,
TQBR,2014-07-04,ВТБ ао,VTBR,21988,1561064230.0,0.04227,0.0409,0.04238,0.04099,0.04154,0.04099,37578090000,0.04154,0.04154,0.04154,1560988989.4,1560988989.4,1560988989.4,,3,SUR,-2.91,
TQBR,2014-07-07,ВТБ ао,VTBR,28502,2734056721.9,0.04116,0.0408,0.04307,0.04279,0.0419,0.04279,65250420000,0.0419,0.0419,0.0419,2733654588.7,2733654588.7,2733654588.7,,3,SUR,4.39,
TQBR,2014-07-08,ВТБ ао,VTBR,25826,2724235235.1,0.0428,0.0425,0.0434,0.0428,0.04305,0.0428,63280500000,0.04305,0.04305,0.04305,2723763151.1,2723763151.1,2723763151.1,,3,SUR,0.02,
TQBR,2014-07-09,ВТБ ао,VTBR,24330,1893944676.5,0.0427,0.04222,0.04312,0.04263,0.04267,0.04263,44390970000,0.04267,0.04267,0.04267,1893703421.5,1893703421.5,1893703421.5,,3,SUR,-0.4,
TQBR,2014-07-10,ВТБ ао,VTBR,26020,2151734660.4,0.04275,0.0412,0.04297,0.0417,0.04208,0.0417,51130580000,0.04208,0.04208,0.04208,2151555110.4,2151555110.4,2151555110.4,,3,SUR,-2.18,
TQBR,2014-07-11,ВТБ ао,VTBR,16471,1728681801.5,0.04191,0.04103,0.04199,0.04164,0.04145,0.04164,41704760000,0.04145,0.04145,0.04145,1727867071.1,1727867071.1,1727867071.1,,3,SUR,-0.14,
TQBR,2014-07-14,ВТБ ао,VTBR,13436,1401382059.3,0.04188,0.04111,0.042,0.04116,0.04156,0.04116,33716230000,0.04156,0.04156,0.04156,1400970797.7,1400970797.7,1400970797.7,,3,SUR,-1.15,
TQBR,2014-07-15,ВТБ ао,VTBR,15521,1434667636.2,0.0414,0.04083,0.04143,0.04119,0.04111,0.04119,34900500000,0.04111,0.04111,0.04111,1433854954.2,1433854954.2,1433854954.2,,3,SUR,0.07,
TQBR,2014-07-16,ВТБ ао,VTBR,17314,1777112952.7,0.04117,0.04089,0.04178,0.0413,0.04128,0.0413,43052870000,0.04128,0.04128,0.04128,1775971720.3,1775971720.3,1775971720.3,,3,SUR,0.27,
TQBR,2014-07-17,ВТБ ао,VTBR,26649,2723696843.5,0.04079,0.0387,0.04099,0.04069,0.03997,0.04069,68141860000,0.03997,0.03997,0.03997,2707273565.8,2707273565.8,2707273565.8,,3,SUR,-1.48,
TQBR,2014-07-18,ВТБ ао,VTBR,19806,1844815953.6,0.0396,0.03955,0.04054,0.04049,0.04019,0.04049,45900540000,0.0402,0.0402,0.0402,1831389177.6,1831389177.6,1831389177.6,,3,SUR,-0.49,
TQBR,2014-07-21,ВТБ ао,VTBR,22496,1563009131.7,0.04053,0.04006,0.04109,0.0405,0.04051,0.0405,38578900000,0.04051,0.04051,0.04051,1562695429.5,1562695429.5,1562695429.5,,3,SUR,0.02,
TQBR,2014-07-22,ВТБ ао,VTBR,23986,2285897123.4,0.0408,0.0408,0.0418,0.04095,0.04126,0.04095,55400350000,0.04126,0.04126,0.04126,2283356507.4,2283356507.4,2283356507.4,,3,SUR,1.11,
TQBR,2014-07-23,ВТБ ао,VTBR,31893,3389281553.5,0.0411,0.0397,0.04144,0.04025,0.04025,0.04025,84198090000,0.04025,0.04025,0.04025,3388365023.5,3388365023.5,3388365023.5,,3,SUR,-1.71,
TQBR,2014-07-24,ВТБ ао,VTBR,23657,1955969517.1,0.03963,0.03861,0.04021,0.04014,0.03966,0.04014,49324350000,0.03966,0.03966,0.03966,1946062017.1,1946062017.1,1946062017.1,,3,SUR,-0.27,
TQBR,2014-07-25,ВТБ ао,VTBR,14828,1283565359.7,0.0399,0.0397,0.04038,0.04038,0.04006,0.04038,32037500000,0.04006,0.04006,0.04006,1283277281.7,1283277281.7,1283277281.7,,3,SUR,0.6,
TQBR,2014-07-28,ВТБ ао,VTBR,20658,1777078825.2,0.03971,0.03931,0.04046,0.0399,0.03983,0.0399,44613290000,0.03983,0.03983,0.03983,1763577425.2,1763577425.2,1763577425.2,,3,SUR,-1.19,
TQBR,2014-07-29,ВТБ ао,VTBR,20252,1753319673.2,0.0395,0.03919,0.0407,0.04012,0.0398,0.04012,44051920000,0.0398,0.0398,0.0398,1745028228.2,1745028228.2,1745028228.2,,3,SUR,0.55,
TQBR,2014-07-30,ВТБ ао,VTBR,21593,1993733640.8,0.03895,0.03861,0.04014,0.0396,0.03956,0.0396,50402940000,0.03956,0.03956,0.03956,1964837804.3,1964837804.3,1964837804.3,,3,SUR,-1.3,
TQBR,2014-07-31,ВТБ ао,VTBR,12377,977679796.1,0.03941,0.03941,0.04,0.0398,0.03975,0.0398,24594420000,0.03975,0.03975,0.03975,977213181.7,977213181.7,977213181.7,,3,SUR,0.51,
TQBR,2014-08-01,ВТБ ао,VTBR,28767,2553027784.1,0.03953,0.0381,0.04038,0.04,0.03906,0.04,65366160000,0.03906,0.03906,0.03906,2550900279.5,2550900279.5,2550900279.5,,3,SUR,0.5,
TQBR,2014-08-04,ВТБ ао,VTBR,21951,1682990487.4,0.04,0.0399,0.0413,0.04124,0.04062,0.04124,41428900000,0.04062,0.04062,0.04062,1681729287.4,1681729287.4,1681729287.4,,3,SUR,3.1,
TQBR,2014-08-05,ВТБ ао,VTBR,20830,1571663899.3,0.04144,0.04063,0.04153,0.041,0.04101,0.041,38327090000,0.04101,0.04101,0.04101,1569264108.9,1569264108.9,1569264108.9,,3,SUR,-0.58,
TQBR,2014-08-06,ВТБ ао,VTBR,31901,1799788399.4,0.04085,0.03901,0.04113,0.03901,0.04001,0.03901,44978360000,0.04001,0.04001,0.04001,1799698120.9,1799698120.9,1799698120.9,,3,SUR,-4.85,
TQBR,2014-08-07,ВТБ ао,VTBR,33398,2704516392.4,0.0388,0.03713,0.03918,0.0381,0.03812,0.0381,70939100000,0.03812,0.03812,0.03812,2702739352.4,2702739352.4,2702739352.4,,3,SUR,-2.33,
TQBR,2014-08-08,ВТБ ао,VTBR,22396,1675140411.3,0.0382,0.03754,0.03856,0.03754,0.03802,0.03754,44064940000,0.03802,0.03802,0.03802,1673506215.3,1673506215.3,1673506215.3,,3,SUR,-1.47,
TQBR,2014-08-11,ВТБ ао,VTBR,17285,1443078300.2,0.03896,0.03868,0.03948,0.03899,0.03911,0.03899,36897090000,0.03911,0.03911,0.03911,1433628162.6,1433628162.6,1433628162.6,,3,SUR,3.86,
TQBR,2014-08-12,ВТБ ао,VTBR,18979,1228087175.4,0.03902,0.03824,0.03925,0.0383,0.03871,0.0383,31723610000,0.03871,0.03871,0.03871,1227047292.4,1227047292.4,1227047292.4,,3,SUR,-1.77,
TQBR,2014-08-13,ВТБ ао,VTBR,16570,972438910.6,0.03836,0.03801,0.03918,0.0391,0.03869,0.0391,25135740000,0.03869,0.03869,0.03869,971734621.0,971734621.0,971734621.0,,3,SUR,2.09,
TQBR,2014-08-14,ВТБ ао,VTBR,12450,770467681.8,0.039,0.0389,0.03963,0.03934,0.03934,0.03934,19586890000,0.03934,0.03934,0.03934,770383441.8,770383441.8,770383441.8,,3,SUR,0.61,
TQBR,2014-08-15,ВТБ ао,VTBR,10197,552118681.7,0.03935,0.03896,0.03965,0.03931,0.03933,0.03931,14038510000,0.03933,0.03933,0.03933,552103728.7,552103728.7,552103728.7,,3,SUR,-0.08,
TQBR,2014-08-18,ВТБ ао,VTBR,10095,617798666.1,0.03932,0.03911,0.03974,0.03928,0.03936,0.03928,15694860000,0.03936,0.03936,0.03936,615193322.9,615193322.9,615193322.9,,3,SUR,-0.08,
TQBR,2014-08-19,ВТБ ао,VTBR,9023,731255452.8,0.03948,0.03921,0.03967,0.03945,0.03948,0.03945,18520710000,0.03948,0.03948,0.03948,730860652.8,730860652.8,730860652.8,,3,SUR,0.43,
TQBR,2014-08-20,ВТБ ао,VTBR,9152,769938010.6,0.0392,0.03912,0.03962,0.03957,0.03937,0.03957,19554230000,0.03937,0.03937,0.03937,769926250.6,769926250.6,769926250.6,,3,SUR,0.3,
TQBR,2014-08-21,ВТБ ао,VTBR,18937,1601078754.3,0.0396,0.03944,0.04054,0.03992,0.04008,0.03992,39949040000,0.04008,0.04008,0.04008,1600279626.3,1600279626.3,1600279626.3,,3,SUR,0.88,
TQBR,2014-08-22,ВТБ ао,VTBR,15554,1354837053.0,0.04,0.03914,0.04049,0.03927,0.03965,0.03927,34167010000,0.03965,0.03965,0.03965,1351430653.0,1351430653.0,1351430653.0,,3,SUR,-1.63,
TQBR,2014-08-25,ВТБ ао,VTBR,11677,882848089.6,0.0395,0.03935,0.04028,0.04011,0.03985,0.04011,22152870000,0.03985,0.03985,0.03985,881848739.6,881848739.6,881848739.6,,3,SUR,2.14,
TQBR,2014-08-26,ВТБ ао,VTBR,12425,878199656.5,0.0403,0.03976,0.04048,0.04,0.04012,0.04,21887830000,0.04012,0.04012,0.04012,878082786.5,878082786.5,878082786.5,,3,SUR,-0.27,
TQBR,2014-08-27,ВТБ ао,VTBR,9675,731509519.0,0.04018,0.0398,0.04027,0.03981,0.04002,0.03981,18277820000,0.04002,0.04002,0.04002,729246983.2,729246983.2,729246983.2,,3,SUR,-0.48,
TQBR,2014-08-28,ВТБ ао,VTBR,29017,2015264112.7,0.03981,0.03795,0.03988,0.03838,0.03863,0.03838,52173710000,0.03863,0.03863,0.03863,2015183696.5,2015183696.5,2015183696.5,,3,SUR,-3.59,
TQBR,2014-08-29,ВТБ ао,VTBR,16131,938533540.2,0.0384,0.03773,0.03855,0.0384,0.03813,0.0384,24614950000,0.03813,0.03813,0.03813,936492196.2,936492196.2,936492196.2,,3,SUR,0.05,
TQBR,2014-09-01,ВТБ ао,VTBR,16944,1191129358.0,0.03858,0.03803,0.03898,0.03832,0.03847,0.03832,30965330000,0.03847,0.03847,0.03847,1189779058.0,1189779058.0,1189779058.0,,3,SUR,-0.21,
TQBR,2014-09-02,ВТБ ао,VTBR,9030,678813504.8,0.03832,0.03817,0.03853,0.03837,0.03835,0.03837,17702370000,0.03835,0.03835,0.03835,678785531.2,678785531.2,678785531.2,,3,SUR,0.13,
TQBR,2014-09-03,ВТБ ао,VTBR,24140,1929156657.1,0.03845,0.0384,0.03989,0.03979,0.03936,0.03979,49008560000,0.03936,0.03936,0.03936,1929031694.6,1929031694.6,1929031694.6,,3,SUR,3.7,
TQBR,2014-09-04,ВТБ ао,VTBR,19735,1760372627.8,0.04,0.03937,0.04109,0.04085,0.04022,0.04085,43772210000,0.04022,0.04022,0.04022,1759092627.8,1759092627.8,1759092627.8,,3,SUR,2.66,
TQBR,2014-09-05,ВТБ ао,VTBR,18602,1727115294.1,0.0406,0.04052,0.04153,0.04149,0.04116,0.04149,41957650000,0.04117,0.04117,0.04117,1720732974.1,1720732974.1,1720732974.1,,3,SUR,1.57,
TQBR,2014-09-08,ВТБ ао,VTBR,13865,935737310.3,0.04126,0.0406,0.04143,0.04061,0.04098,0.04061,22836540000,0.04098,0.04098,0.04098,934928614.3,934928614.3,934928614.3,,3,SUR,-2.12,
TQBR,2014-09-09,ВТБ ао,VTBR,11218,799072126.5,0.04062,0.04045,0.04121,0.04067,0.04087,0.04067,19551390000,0.04087,0.04087,0.04087,798773569.5,798773569.5,798773569.5,,3,SUR,0.15,
TQBR,2014-09-10,ВТБ ао,VTBR,11904,647640287.7,0.04055,0.04021,0.04089,0.04067,0.04055,0.04067,15971010000,0.04055,0.04055,0.04055,646135071.7,646135071.7,646135071.7,,3,SUR,0.0,
TQBR,2014-09-11,ВТБ ао,VTBR,15755,1014404795.8,0.04067,0.03966,0.04097,0.03985,0.04028,0.03985,25183110000,0.04028,0.04028,0.04028,1014109531.6,1014109531.6,1014109531.6,,3,SUR,-2.02,
TQBR,2014-09-12,ВТБ ао,VTBR,14771,947190275.3,0.03975,0.03944,0.04017,0.03974,0.03988,0.03974,23753870000,0.03988,0.03988,0.03988,946288745.3,946288745.3,946288745.3,,3,SUR,-0.28,
TQBR,2014-09-15,ВТБ ао,VTBR,18479,1180594162.6,0.03969,0.03909,0.03997,0.03935,0.03944,0.03935,29930630000,0.03944,0.03944,0.03944,1180270689.1,1180270689.1,1180270689.1,,3,SUR,-0.98,
TQBR,2014-09-16,ВТБ ао,VTBR,14085,935896494.5,0.03935,0.03928,0.04047,0.04018,0.03992,0.04018,23443680000,0.03992,0.03992,0.03992,935602943.5,935602943.5,935602943.5,,3,SUR,2.11,
TQBR,2014-09-17,ВТБ ао,VTBR,12634,867335877.9,0.04016,0.03981,0.04054,0.04035,0.04019,0.04035,21582630000,0.04019,0.04019,0.04019,867070420.3,867070420.3,867070420.3,,3,SUR,0.42,
TQBR,2014-09-18,ВТБ ао,VTBR,8958,585978907.3,0.04024,0.03992,0.04056,0.0401,0.04026,0.0401,14554980000,0.04026,0.04026,0.04026,585828812.1,585828812.1,585828812.1,,3,SUR,-0.62,
TQBR,2014-09-19,ВТБ ао,VTBR,15860,1126116515.2,0.04012,0.03934,0.04013,0.03999,0.03978,0.03999,28307660000,0.03978,0.03978,0.03978,1125578104.8,1125578104.8,1125578104.8,,3,SUR,-0.27,
TQBR,2014-09-22,ВТБ ао,VTBR,7302,485546404.7,0.03982,0.03953,0.04008,0.03953,0.0398,0.03953,12200080000,0.0398,0.0398,0.0398,485512955.9,485512955.9,485512955.9,,3,SUR,-1.15,
TQBR,2014-09-23,ВТБ ао,VTBR,13847,845783916.9,0.03965,0.03965,0.04056,0.04043,0.04011,0.04043,21088340000,0.04011,0.04011,0.04011,845673689.9,845673689.9,845673689.9,,3,SUR,2.28,
TQBR,2014-09-24,ВТБ ао,VTBR,12789,720322504.8,0.04051,0.04051,0.04115,0.04082,0.04087,0.04082,17626830000,0.04087,0.04087,0.04087,720318858.9,720318858.9,720318858.9,,3,SUR,0.96,
TQBR,2014-09-25,ВТБ ао,VTBR,11252,763877462.1,0.0411,0.04008,0.04123,0.04044,0.04078,0.04044,18729570000,0.04078,0.04078,0.04078,763262606.1,763262606.1,763262606.1,,3,SUR,-0.93,
TQBR,2014-09-26,ВТБ ао,VTBR,10561,718800985.0,0.04005,0.0397,0.04041,0.04016,0.04012,0.04016,17915420000,0.04012,0.04012,0.04012,715997485.0,715997485.0,715997485.0,,3,SUR,-0.69,
TQBR,2014-09-29,ВТБ ао,VTBR,12940,757485630.5,0.0403,0.03918,0.04045,0.03925,0.03969,0.03925,19085620000,0.03969,0.03969,0.03969,757282115.5,757282115.5,757282115.5,,3,SUR,-2.27,
TQBR,2014-09-30,ВТБ ао,VTBR,14040,755303434.7,0.03931,0.03804,0.03964,0.03804,0.0392,0.03804,19268730000,0.0392,0.0392,0.0392,755279455.6,755279455.6,755279455.6,,3,SUR,-3.08,
TQBR,2014-10-01,ВТБ ао,VTBR,15263,745972630.9,0.0385,0.0382,0.0391,0.0382,0.03873,0.0382,19258860000,0.03873,0.03873,0.03873,744727155.9,744727155.9,744727155.9,,3,SUR,0.42,
TQBR,2014-10-02,ВТБ ао,VTBR,14957,943829745.4,0.03811,0.0378,0.03862,0.03806,0.0382,0.03806,24709970000,0.0382,0.0382,0.0382,941706256.2,941706256.2,941706256.2,,3,SUR,-0.37,
TQBR,2014-10-03,ВТБ ао,VTBR,13217,691368596.9,0.03821,0.0382,0.03894,0.0388,0.03859,0.0388,17914180000,0.03859,0.03859,0.03859,689766451.6,689766451.6,689766451.6,,3,SUR,1.94,
TQBR,2014-10-06,ВТБ ао,VTBR,16223,710683903.8,0.039,0.039,0.04009,0.03983,0.03963,0.03983,17931860000,0.03963,0.03963,0.03963,710262703.8,710262703.8,710262703.8,,3,SUR,2.65,
TQBR,2014-10-07,ВТБ ао,VTBR,13794,767473444.3,0.0399,0.03895,0.04015,0.03919,0.03929,0.03919,19531410000,0.03929,0.03929,0.03929,767005417.3,767005417.3,767005417.3,,3,SUR,-1.61,
TQBR,2014-10-08,ВТБ ао,VTBR,15272,764428065.9,0.03891,0.03833,0.03898,0.03833,0.03865,0.03833,19775720000,0.03865,0.03865,0.03865,763809396.9,763809396.9,763809396.9,,3,SUR,-2.19,
TQBR,2014-10-09,ВТБ ао,VTBR,12401,737590013.2,0.0388,0.03851,0.03904,0.03853,0.03873,0.03853,19045510000,0.03873,0.03873,0.03873,736501673.2,736501673.2,736501673.2,,3,SUR,0.52,
TQBR,2014-10-10,ВТБ ао,VTBR,16245,1108672701.2,0.03808,0.038,0.0389,0.03852,0.03841,0.03852,28863080000,0.03841,0.03841,0.03841,1107483843.6,1107483843.6,1107483843.6,,3,SUR,-0.03,
TQBR,2014-10-13,ВТБ ао,VTBR,15629,931664777.0,0.0383,0.0383,0.0395,0.03905,0.03917,0.03905,23786260000,0.03917,0.03917,0.03917,931328886.0,931328886.0,931328886.0,,3,SUR,1.38,
TQBR,2014-10-14,ВТБ ао,VTBR,19221,809494479.4,0.0391,0.03905,0.03978,0.0395,0.03938,0.0395,20556460000,0.03938,0.03938,0.03938,809279429.4,809279429.4,809279429.4,,3,SUR,1.15,
TQBR,2014-10-15,ВТБ ао,VTBR,14507,1041694791.6,0.03964,0.03876,0.03967,0.03895,0.03919,0.03895,26578430000,0.03919,0.03919,0.03919,1040901991.6,1040901991.6,1040901991.6,,3,SUR,-1.39,
TQBR,2014-10-16,ВТБ ао,VTBR,20629,1036151305.2,0.03903,0.0386,0.03963,0.03865,0.03919,0.03865,26441090000,0.03919,0.03919,0.03919,1036035386.1,1036035386.1,1036035386.1,,3,SUR,-0.77,
TQBR,2014-10-17,ВТБ ао,VTBR,13542,668133561.8,0.03895,0.03891,0.03974,0.03951,0.03939,0.03951,16963640000,0.03939,0.03939,0.03939,668070073.3,668070073.3,668070073.3,,3,SUR,2.23,
TQBR,2014-10-20,ВТБ ао,VTBR,14382,690787898.6,0.03951,0.03916,0.04,0.0394,0.03952,0.0394,17481190000,0.03952,0.03952,0.03952,690265181.3,690265181.3,690265181.3,,3,SUR,-0.28,
TQBR,2014-10-21,ВТБ ао,VTBR,13649,727652764.4,0.0393,0.039,0.03947,0.03904,0.03925,0.03904,18541110000,0.03925,0.03925,0.03925,727418143.4,727418143.4,727418143.4,,3,SUR,-0.91,
TQBR,2014-10-22,ВТБ ао,VTBR,14866,811669094.4,0.0393,0.03822,0.03938,0.0383,0.03857,0.0383,21045270000,0.03857,0.03857,0.03857,811291028.4,811291028.4,811291028.4,,3,SUR,-1.9,
TQBR,2014-10-23,ВТБ ао,VTBR,18941,659845505.5,0.03811,0.03767,0.03823,0.03777,0.03793,0.03777,17395470000,0.03793,0.03793,0.03793,657548234.7,657548234.7,657548234.7,,3,SUR,-1.38,
TQBR,2014-10-24,ВТБ ао,VTBR,11270,618160204.7,0.03784,0.03735,0.03837,0.03837,0.03782,0.03837,16344270000,0.03782,0.03782,0.03782,617701962.3,617701962.3,617701962.3,,3,SUR,1.59,
TQBR,2014-10-27,ВТБ ао,VTBR,16141,849441572.4,0.03866,0.03825,0.03914,0.03845,0.03875,0.03845,21922720000,0.03875,0.03875,0.03875,848606903.0,848606903.0,848606903.0,,3,SUR,0.21,
TQBR,2014-10-28,ВТБ ао,VTBR,20062,805188956.4,0.03866,0.03827,0.03911,0.03885,0.03887,0.03885,20716480000,0.03887,0.03887,0.03887,804899006.4,804899006.4,804899006.4,,3,SUR,1.04,
TQBR,2014-10-29,ВТБ ао,VTBR,21170,1358796701.3,0.03924,0.0388,0.03987,0.0396,0.03938,0.0396,34505490000,0.03938,0.03938,0.03938,1356815081.3,1356815081.3,1356815081.3,,3,SUR,1.93,
TQBR,2014-10-30,ВТБ ао,VTBR,25449,1722674914.2,0.0394,0.0392,0.03987,0.03983,0.03961,0.03983,43488110000,0.03961,0.03961,0.03961,1720184440.2,1720184440.2,1720184440.2,,3,SUR,0.58,
TQBR,2014-10-31,ВТБ ао,VTBR,27126,2364935013.2,0.0398,0.03887,0.0401,0.03993,0.0395,0.03993,59878890000,0.03949,0.03949,0.03949,2354306025.2,2354306025.2,2354306025.2,,3,SUR,0.25,
TQBR,2014-11-03,ВТБ ао,VTBR,7826,649824883.9,0.03984,0.03945,0.04009,0.04009,0.03992,0.04009,16277150000,0.03992,0.03992,0.03992,649775880.7,649775880.7,649775880.7,,3,SUR,0.4,
TQBR,2014-11-05,ВТБ ао,VTBR,20573,1642976545.7,0.03921,0.03921,0.0402,0.04001,0.03985,0.04001,41227810000,0.03985,0.03985,0.03985,1640133820.7,1640133820.7,1640133820.7,,3,SUR,-0.2,
TQBR,2014-11-06,ВТБ ао,VTBR,20119,1542249973.3,0.04,0.04,0.04061,0.04018,0.04037,0.04018,38200520000,0.04037,0.04037,0.04037,1541701173.3,1541701173.3,1541701173.3,,3,SUR,0.42,
TQBR,2014-11-07,ВТБ ао,VTBR,31192,2149012695.8,0.04033,0.04005,0.04096,0.04032,0.04048,0.04032,53091800000,0.04048,0.04048,0.04048,2148988901.1,2148988901.1,2148988901.1,,3,SUR,0.35,
TQBR,2014-11-10,ВТБ ао,VTBR,21225,1644598823.0,0.03997,0.03997,0.04235,0.04219,0.04108,0.04219,40033750000,0.04108,0.04108,0.04108,1643399723.0,1643399723.0,1643399723.0,,3,SUR,4.64,
TQBR,2014-11-11,ВТБ ао,VTBR,41435,4061230959.1,0.04228,0.04203,0.0444,0.04203,0.04345,0.04203,93467360000,0.04345,0.04345,0.04345,4058810851.9,4058810851.9,4058810851.9,,3,SUR,-0.38,
TQBR,2014-11-12,ВТБ ао,VTBR,40994,4341352003.8,0.04221,0.042,0.044,0.04391,0.04332,0.04391,100224630000,0.04332,0.04332,0.04332,4337925396.0,4337925396.0,4337925396.0,,3,SUR,4.47,
TQBR,2014-11-13,ВТБ ао,VTBR,49081,5995893380.8,0.04385,0.04379,0.0456,0.04472,0.04488,0.04472,133593500000,0.04488,0.04488,0.04488,5994720831.8,5994720831.8,5994720831.8,,3,SUR,1.84,
TQBR,2014-11-14,ВТБ ао,VTBR,36909,3957488020.2,0.04453,0.04308,0.0451,0.04375,0.04388,0.04375,90181190000,0.04388,0.04388,0.04388,3955453444.5,3955453444.5,3955453444.5,,3,SUR,-2.17,
TQBR,2014-11-17,ВТБ ао,VTBR,21836,2574613191.0,0.04367,0.0431,0.04413,0.04386,0.04371,0.04386,58907310000,0.04371,0.04371,0.04371,2574343310.4,2574343310.4,2574343310.4,,3,SUR,0.25,
TQBR,2014-11-18,ВТБ ао,VTBR,20714,1369288244.0,0.04394,0.0436,0.04456,0.04393,0.04405,0.04393,31081930000,0.04405,0.04405,0.04405,1368990330.8,1368990330.8,1368990330.8,,3,SUR,0.16,
TQBR,2014-11-19,ВТБ ао,VTBR,14467,1004968340.5,0.04435,0.04365,0.04435,0.04396,0.04394,0.04396,22873250000,0.04394,0.04394,0.04394,1002719795.5,1002719795.5,1002719795.5,,3,SUR,0.07,
TQBR,2014-11-20,ВТБ ао,VTBR,15602,1051960964.8,0.04391,0.0436,0.04436,0.0442,0.04404,0.0442,23888310000,0.04404,0.04404,0.04404,1051952182.8,1051952182.8,1051952182.8,,3,SUR,0.55,
TQBR,2014-11-21,ВТБ ао,VTBR,20389,1482251445.1,0.04421,0.04392,0.04567,0.04526,0.0448,0.04526,33088880000,0.0448,0.0448,0.0448,1482226687.5,1482226687.5,1482226687.5,,3,SUR,2.4,
TQBR,2014-11-24,ВТБ ао,VTBR,25755,2960609782.1,0.04558,0.04487,0.0465,0.0462,0.0458,0.0462,64639910000,0.0458,0.0458,0.0458,2960253802.3,2960253802.3,2960253802.3,,3,SUR,2.08,
TQBR,2014-11-25,ВТБ ао,VTBR,35113,3489949816.0,0.0462,0.04594,0.04683,0.046,0.04632,0.046,75352420000,0.04632,0.04632,0.04632,3489912856.0,3489912856.0,3489912856.0,,3,SUR,-0.43,
TQBR,2014-11-26,ВТБ ао,VTBR,29857,3277527905.9,0.046,0.0452,0.04725,0.0472,0.04606,0.0472,71152180000,0.04606,0.04606,0.04606,3277167725.9,3277167725.9,3277167725.9,,3,SUR,2.61,
TQBR,2014-11-27,ВТБ ао,VTBR,35306,6257788210.3,0.04715,0.0459,0.04769,0.0467,0.04655,0.0467,134442600000,0.04655,0.04655,0.04655,6254493368.3,6254493368.3,6254493368.3,,3,SUR,-1.06,
TQBR,2014-11-28,ВТБ ао,VTBR,37072,4340250570.3,0.0465,0.04475,0.04695,0.0467,0.04607,0.0467,94211710000,0.04607,0.04607,0.04607,4339750695.3,4339750695.3,4339750695.3,,3,SUR,0.0,
TQBR,2014-12-01,ВТБ ао,VTBR,36821,2731574829.8,0.04611,0.04562,0.04745,0.04675,0.04668,0.04675,58522560000,0.04668,0.04668,0.04668,2730798798.5,2730798798.5,2730798798.5,,3,SUR,0.11,
TQBR,2014-12-02,ВТБ ао,VTBR,24213,1477320284.5,0.0469,0.04631,0.04731,0.04699,0.04685,0.04699,31535850000,0.04685,0.04685,0.04685,1475786185.5,1475786185.5,1475786185.5,,3,SUR,0.51,
TQBR,2014-12-03,ВТБ ао,VTBR,50136,4311619597.9,0.04598,0.04598,0.05083,0.04925,0.04888,0.04925,88215950000,0.04888,0.04888,0.04888,4311614999.9,4311614999.9,4311614999.9,,3,SUR,4.81,
TQBR,2014-12-04,ВТБ ао,VTBR,83147,8828243728.8,0.04929,0.04925,0.05516,0.052,0.05261,0.052,167807260000,0.05261,0.05261,0.05261,8827593100.8,8827593100.8,8827593100.8,,3,SUR,5.58,
TQBR,2014-12-05,ВТБ ао,VTBR,55362,3919429919.0,0.0524,0.0502,0.053,0.051,0.05138,0.051,76275770000,0.05138,0.05138,0.05138,3919182067.0,3919182067.0,3919182067.0,,3,SUR,-1.92,
TQBR,2014-12-08,ВТБ ао,VTBR,36798,3174581903.8,0.05115,0.0497,0.0521,0.0509,0.05068,0.0509,62641770000,0.05068,0.05068,0.05068,3174377303.8,3174377303.8,3174377303.8,,3,SUR,-0.2,
TQBR,2014-12-09,ВТБ ао,VTBR,43439,3952547431.9,0.052,0.05045,0.05335,0.05233,0.05216,0.05233,75779810000,0.05216,0.05216,0.05216,3950727431.9,3950727431.9,3950727431.9,,3,SUR,2.81,
TQBR,2014-12-10,ВТБ ао,VTBR,47449,4505843889.5,0.05242,0.05219,0.05475,0.0539,0.05387,0.0539,83644730000,0.05387,0.05387,0.05387,4505570781.3,4505570781.3,4505570781.3,,3,SUR,3.0,
TQBR,2014-12-11,ВТБ ао,VTBR,55834,6385858518.5,0.05396,0.0533,0.0555,0.0555,0.05453,0.0555,117103010000,0.05453,0.05453,0.05453,6384439370.5,6384439370.5,6384439370.5,,3,SUR,2.97,
TQBR,2014-12-12,ВТБ ао,VTBR,45413,5207298858.7,0.05511,0.05452,0.05714,0.057,0.0559,0.057,93149100000,0.0559,0.0559,0.0559,5206760985.1,5206760985.1,5206760985.1,,3,SUR,2.7,
TQBR,2014-12-15,ВТБ ао,VTBR,39189,3850034556.5,0.057,0.05611,0.0576,0.0568,0.05694,0.0568,67617470000,0.05694,0.05694,0.05694,3849161316.5,3849161316.5,3849161316.5,,3,SUR,-0.35,
TQBR,2014-12-16,ВТБ ао,VTBR,64827,8939377257.0,0.0567,0.05211,0.06048,0.056,0.05613,0.056,159256200000,0.05613,0.05613,0.05613,8937883779.0,8937883779.0,8937883779.0,,3,SUR,-1.41,
TQBR,2014-12-17,ВТБ ао,VTBR,47212,4020823921.3,0.05669,0.05256,0.05794,0.0555,0.05437,0.0555,73956950000,0.05437,0.05437,0.05437,4020559745.9,4020559745.9,4020559745.9,,3,SUR,-0.89,
TQBR,2014-12-18,ВТБ ао,VTBR,39870,3842718041.5,0.056,0.053,0.05667,0.05534,0.05475,0.05534,70191930000,0.05475,0.05475,0.05475,3842647481.5,3842647481.5,3842647481.5,,3,SUR,-0.29,
TQBR,2014-12-19,ВТБ ао,VTBR,21911,1897761785.5,0.05501,0.05365,0.05559,0.05525,0.0545,0.05525,34823500000,0.0545,0.0545,0.0545,1894461185.5,1894461185.5,1894461185.5,,3,SUR,-0.16,
TQBR,2014-12-22,ВТБ ао,VTBR,54235,6878916135.9,0.05665,0.05517,0.06161,0.0611,0.05972,0.0611,115181310000,0.05972,0.05972,0.05972,6878628920.4,6878628920.4,6878628920.4,,3,SUR,10.59,
TQBR,2014-12-23,ВТБ ао,VTBR,50658,6418984817.8,0.06128,0.0597,0.06444,0.0613,0.06121,0.0613,104870340000,0.06121,0.06121,0.06121,6418344441.8,6418344441.8,6418344441.8,,3,SUR,0.33,
TQBR,2014-12-24,ВТБ ао,VTBR,41964,4440732498.7,0.061,0.05974,0.06648,0.06601,0.06333,0.06601,70120840000,0.06333,0.06333,0.06333,4439622298.7,4439622298.7,4439622298.7,,3,SUR,7.68,
TQBR,2014-12-25,ВТБ ао,VTBR,59890,8001056877.7,0.06606,0.06571,0.07057,0.07001,0.06879,0.07001,116315950000,0.06879,0.06879,0.06879,7999579776.1,7999579776.1,7999579776.1,,3,SUR,6.06,
TQBR,2014-12-26,ВТБ ао,VTBR,33946,4981359138.4,0.07,0.06703,0.07165,0.06895,0.06912,0.06895,72063370000,0.06912,0.06912,0.06912,4978633338.4,4978633338.4,4978633338.4,,3,SUR,-1.51,
TQBR,2014-12-29,ВТБ ао,VTBR,40268,6338879997.1,0.06903,0.065,0.07,0.06699,0.0677,0.06699,93626250000,0.0677,0.0677,0.0677,6338847553.0,6338847553.0,6338847553.0,,3,SUR,-2.84,
TQBR,2014-12-30,ВТБ ао,VTBR,31020,4575021462.5,0.06688,0.06461,0.068,0.067,0.06605,0.067,69270080000,0.06605,0.06605,0.06605,4574143328.1,4574143328.1,4574143328.1,,3,SUR,0.01,
TQBR,2015-01-05,ВТБ ао,VTBR,15101,1158817881.6,0.06546,0.06546,0.0693,0.0675,0.06772,0.0675,17112760000,0.06772,0.06772,0.06772,1156703523.6,1156703523.6,1156703523.6,,3,SUR,0.75,
TQBR,2015-01-06,ВТБ ао,VTBR,15640,880114229.8,0.06682,0.06618,0.06894,0.06666,0.06747,0.06666,13044650000,0.06747,0.06747,0.06747,880080819.8,880080819.8,880080819.8,,3,SUR,-1.24,
TQBR,2015-01-08,ВТБ ао,VTBR,18435,1060821643.9,0.06664,0.06651,0.06934,0.06741,0.06833,0.06741,15525650000,0.06833,0.06833,0.06833,1060681033.5,1060681033.5,1060681033.5,,3,SUR,1.13,
TQBR,2015-01-09,ВТБ ао,VTBR,25468,1156089662.0,0.06757,0.0641,0.06898,0.06531,0.06588,0.06531,17549210000,0.06588,0.06588,0.06588,1156089662.0,1156089662.0,1156089662.0,,3,SUR,-3.12,
TQBR,2015-01-12,ВТБ ао,VTBR,21561,1349964055.1,0.06445,0.06353,0.06722,0.06353,0.06532,0.06353,20665690000,0.06532,0.06532,0.06532,1349751370.1,1349751370.1,1349751370.1,,3,SUR,-2.73,
TQBR,2015-01-13,ВТБ ао,VTBR,23550,1257558318.9,0.063,0.05952,0.0641,0.0605,0.06224,0.0605,20204310000,0.06224,0.06224,0.06224,1252975698.9,1252975698.9,1252975698.9,,3,SUR,-4.77,
TQBR,2015-01-14,ВТБ ао,VTBR,23241,1285648602.4,0.05975,0.0591,0.06154,0.0601,0.06023,0.0601,21346090000,0.06023,0.06023,0.06023,1284447627.4,1284447627.4,1284447627.4,,3,SUR,-0.66,
TQBR,2015-01-15,ВТБ ао,VTBR,35982,2379251286.9,0.0611,0.06018,0.06444,0.06273,0.06268,0.06273,37956200000,0.06268,0.06268,0.06268,2378411161.9,2378411161.9,2378411161.9,,3,SUR,4.38,
TQBR,2015-01-16,ВТБ ао,VTBR,25651,1747989074.4,0.0627,0.06162,0.06562,0.06522,0.06461,0.06522,27055110000,0.06461,0.06461,0.06461,1746534434.4,1746534434.4,1746534434.4,,3,SUR,3.97,
TQBR,2015-01-19,ВТБ ао,VTBR,31058,1721712723.6,0.06491,0.0637,0.0675,0.06401,0.06603,0.06401,26072970000,0.06604,0.06604,0.06604,1720421014.6,1720421014.6,1720421014.6,,3,SUR,-1.86,
TQBR,2015-01-20,ВТБ ао,VTBR,32597,1793372140.0,0.0643,0.0612,0.06447,0.0621,0.06286,0.0621,28529010000,0.06286,0.06286,0.06286,1792361987.0,1792361987.0,1792361987.0,,3,SUR,-2.98,
TQBR,2015-01-21,ВТБ ао,VTBR,25526,1337827633.5,0.06239,0.06127,0.0635,0.0635,0.06241,0.0635,21436620000,0.06241,0.06241,0.06241,1337414611.7,1337414611.7,1337414611.7,,3,SUR,2.25,
TQBR,2015-01-22,ВТБ ао,VTBR,27848,1798173851.6,0.06369,0.06312,0.06509,0.06362,0.06413,0.06362,28040980000,0.06413,0.06413,0.06413,1796209652.0,1796209652.0,1796209652.0,,3,SUR,0.19,
TQBR,2015-01-23,ВТБ ао,VTBR,20270,1292700579.7,0.064,0.06315,0.06489,0.0638,0.06391,0.0638,20225880000,0.06391,0.06391,0.06391,1291099939.7,1291099939.7,1291099939.7,,3,SUR,0.28,
TQBR,2015-01-26,ВТБ ао,VTBR,23693,1277238756.1,0.0635,0.06087,0.0635,0.0626,0.06211,0.0626,20564780000,0.0621,0.0621,0.0621,1273803406.1,1273803406.1,1273803406.1,,3,SUR,-1.88,
TQBR,2015-01-27,ВТБ ао,VTBR,21937,1180353588.9,0.061,0.06041,0.06399,0.06364,0.06229,0.06364,18950560000,0.06229,0.06229,0.06229,1177819648.9,1177819648.9,1177819648.9,,3,SUR,1.66,
TQBR,2015-01-28,ВТБ ао,VTBR,75351,2591105644.3,0.06402,0.06402,0.06821,0.06718,0.06647,0.06718,38979740000,0.06647,0.06647,0.06647,2590810512.1,2590810512.1,2590810512.1,,3,SUR,5.56,
TQBR,2015-01-29,ВТБ ао,VTBR,36177,2899784993.7,0.06722,0.06603,0.07015,0.0665,0.06807,0.0665,42599090000,0.06807,0.06807,0.06807,2898802237.3,2898802237.3,2898802237.3,,3,SUR,-1.01,
TQBR,2015-01-30,ВТБ ао,VTBR,28602,2447380393.9,0.06689,0.06583,0.06894,0.06894,0.06753,0.06894,36239850000,0.06753,0.06753,0.06753,2447268018.7,2447268018.7,2447268018.7,,3,SUR,3.67,
TQBR,2015-02-02,ВТБ ао,VTBR,22093,1156127172.0,0.0696,0.06665,0.0697,0.06696,0.06774,0.06696,17066770000,0.06774,0.06774,0.06774,1154229180.0,1154229180.0,1154229180.0,,3,SUR,-2.87,
TQBR,2015-02-03,ВТБ ао,VTBR,23048,1076386022.9,0.06704,0.0665,0.068,0.0677,0.0674,0.0677,15971080000,0.0674,0.0674,0.0674,1075700203.7,1075700203.7,1075700203.7,,3,SUR,1.11,
TQBR,2015-02-04,ВТБ ао,VTBR,15713,642737559.9,0.068,0.06635,0.06886,0.06689,0.06731,0.06689,9548220000,0.06731,0.06731,0.06731,642577079.9,642577079.9,642577079.9,,3,SUR,-1.2,
TQBR,2015-02-05,ВТБ ао,VTBR,26100,1464570449.3,0.0668,0.06608,0.06895,0.06786,0.06789,0.06786,21572910000,0.06789,0.06789,0.06789,1463769517.3,1463769517.3,1463769517.3,,3,SUR,1.45,
TQBR,2015-02-06,ВТБ ао,VTBR,22260,1508217645.1,0.068,0.06781,0.06954,0.06826,0.06868,0.06826,21960880000,0.06868,0.06868,0.06868,1508180245.1,1508180245.1,1508180245.1,,3,SUR,0.59,
TQBR,2015-02-09,ВТБ ао,VTBR,26422,1827665611.7,0.06833,0.06757,0.07,0.068,0.06903,0.068,26475980000,0.06903,0.06903,0.06903,1827407324.3,1827407324.3,1827407324.3,,3,SUR,-0.38,
TQBR,2015-02-10,ВТБ ао,VTBR,14633,752061885.0,0.0682,0.06734,0.0692,0.06821,0.06842,0.06821,10992540000,0.06842,0.06842,0.06842,751952765.0,751952765.0,751952765.0,,3,SUR,0.31,
TQBR,2015-02-11,ВТБ ао,VTBR,19070,1169744159.1,0.0688,0.06861,0.0697,0.06905,0.06935,0.06905,16867050000,0.06935,0.06935,0.06935,1167237087.1,1167237087.1,1167237087.1,,3,SUR,1.23,
TQBR,2015-02-12,ВТБ ао,VTBR,37827,2295260114.1,0.0699,0.06655,0.07199,0.069,0.06903,0.069,33250720000,0.06903,0.06903,0.06903,2294176664.1,2294176664.1,2294176664.1,,3,SUR,-0.07,
TQBR,2015-02-13,ВТБ ао,VTBR,23324,1628422790.5,0.06945,0.06866,0.06996,0.0694,0.06924,0.0694,23517780000,0.06924,0.06924,0.06924,1626281647.0,1626281647.0,1626281647.0,,3,SUR,0.58,
TQBR,2015-02-16,ВТБ ао,VTBR,17050,1218255903.9,0.06951,0.06721,0.06963,0.06725,0.06803,0.06725,17906420000,0.06803,0.06803,0.06803,1218153029.1,1218153029.1,1218153029.1,,3,SUR,-3.1,
TQBR,2015-02-17,ВТБ ао,VTBR,29509,1875967744.2,0.0675,0.0663,0.06952,0.06709,0.06792,0.06709,27622120000,0.06792,0.06792,0.06792,1875593794.2,1875593794.2,1875593794.2,,3,SUR,-0.24,
TQBR,2015-02-18,ВТБ ао,VTBR,18675,1199833214.1,0.06713,0.06684,0.06835,0.06684,0.06764,0.06684,17737710000,0.06764,0.06764,0.06764,1199637865.8,1199637865.8,1199637865.8,,3,SUR,-0.37,
TQBR,2015-02-19,ВТБ ао,VTBR,19252,1567394411.6,0.067,0.06474,0.06705,0.06696,0.06553,0.06696,23920190000,0.06553,0.06553,0.06553,1567273141.6,1567273141.6,1567273141.6,,3,SUR,0.18,
TQBR,2015-02-20,ВТБ ао,VTBR,16327,970053668.3,0.06749,0.06582,0.06771,0.0666,0.06661,0.0666,14563250000,0.06661,0.06661,0.06661,969100709.5,969100709.5,969100709.5,,3,SUR,-0.54,
TQBR,2015-02-24,ВТБ ао,VTBR,20124,1112586668.1,0.0645,0.06375,0.06566,0.06451,0.06445,0.06451,17262340000,0.06445,0.06445,0.06445,1105827068.1,1105827068.1,1105827068.1,,3,SUR,-3.14,
TQBR,2015-02-25,ВТБ ао,VTBR,29120,1880190157.2,0.06462,0.06339,0.0667,0.0667,0.06487,0.0667,28983390000,0.06487,0.06487,0.06487,1880150739.0,1880150739.0,1880150739.0,,3,SUR,3.39,
TQBR,2015-02-26,ВТБ ао,VTBR,29110,3891355652.6,0.06735,0.06693,0.07078,0.0701,0.0691,0.0701,56316620000,0.0691,0.0691,0.0691,3888662326.1,3888662326.1,3888662326.1,,3,SUR,5.1,
TQBR,2015-02-27,ВТБ ао,VTBR,31673,2362574131.9,0.07,0.0676,0.07064,0.068,0.06893,0.068,34274590000,0.06893,0.06893,0.06893,2361664831.9,2361664831.9,2361664831.9,,3,SUR,-3.0,
TQBR,2015-03-02,ВТБ ао,VTBR,11871,752003309.3,0.068,0.06738,0.06879,0.0681,0.06804,0.0681,11052570000,0.06804,0.06804,0.06804,751853709.3,751853709.3,751853709.3,,3,SUR,0.15,
TQBR,2015-03-03,ВТБ ао,VTBR,20686,1328859753.3,0.06585,0.06585,0.06954,0.06951,0.06878,0.06951,19321130000,0.06878,0.06878,0.06878,1328744515.8,1328744515.8,1328744515.8,,3,SUR,2.07,
TQBR,2015-03-04,ВТБ ао,VTBR,13868,827905333.6,0.069,0.068,0.06988,0.068,0.0688,0.068,12033230000,0.0688,0.0688,0.0688,827329183.6,827329183.6,827329183.6,,3,SUR,-2.17,
TQBR,2015-03-05,ВТБ ао,VTBR,22008,1430781123.9,0.0681,0.066,0.06866,0.0664,0.06733,0.0664,21250130000,0.06733,0.06733,0.06733,1429075218.9,1429075218.9,1429075218.9,,3,SUR,-2.35,
TQBR,2015-03-06,ВТБ ао,VTBR,15662,918981458.4,0.0664,0.06472,0.06684,0.06472,0.0656,0.06472,14009100000,0.0656,0.0656,0.0656,918839362.4,918839362.4,918839362.4,,3,SUR,-2.53,
TQBR,2015-03-10,ВТБ ао,VTBR,25856,1490088892.9,0.06429,0.0626,0.06491,0.0626,0.0634,0.0626,23501980000,0.0634,0.0634,0.0634,1489624076.2,1489624076.2,1489624076.2,,3,SUR,-3.28,
TQBR,2015-03-11,ВТБ ао,VTBR,20487,1069762654.0,0.06236,0.06166,0.0639,0.06328,0.06312,0.06328,16947000000,0.06312,0.06312,0.06312,1069548759.2,1069548759.2,1069548759.2,,3,SUR,1.09,
TQBR,2015-03-12,ВТБ ао,VTBR,27150,1575966357.9,0.06375,0.06102,0.06463,0.0645,0.0627,0.0645,25133440000,0.0627,0.0627,0.0627,1575647607.9,1575647607.9,1575647607.9,,3,SUR,1.93,
TQBR,2015-03-13,ВТБ ао,VTBR,25367,1299808833.0,0.065,0.0629,0.06505,0.06332,0.06377,0.06332,20382770000,0.06377,0.06377,0.06377,1296851333.0,1296851333.0,1296851333.0,,3,SUR,-1.83,
TQBR,2015-03-16,ВТБ ао,VTBR,26598,1511901156.6,0.06297,0.06081,0.0635,0.0621,0.06205,0.0621,24367790000,0.06204,0.06204,0.06204,1511339464.2,1511339464.2,1511339464.2,,3,SUR,-1.93,
TQBR,2015-03-17,ВТБ ао,VTBR,13367,632292497.2,0.06251,0.061,0.06274,0.061,0.06171,0.061,10245730000,0.06171,0.06171,0.06171,632284370.9,632284370.9,632284370.9,,3,SUR,-1.77,
TQBR,2015-03-18,ВТБ ао,VTBR,28687,1219612542.1,0.06135,0.06033,0.0624,0.0624,0.06105,0.0624,19977760000,0.06105,0.06105,0.06105,1219427878.6,1219427878.6,1219427878.6,,3,SUR,2.3,
TQBR,2015-03-19,ВТБ ао,VTBR,17698,955047527.2,0.0633,0.06156,0.06348,0.0623,0.06254,0.0623,15271810000,0.06253,0.06253,0.06253,952818734.2,952818734.2,952818734.2,,3,SUR,-0.16,
TQBR,2015-03-20,ВТБ ао,VTBR,23775,1409644524.1,0.06201,0.06101,0.0634,0.0634,0.06202,0.0634,22727930000,0.06202,0.06202,0.06202,1409572592.5,1409572592.5,1409572592.5,,3,SUR,1.77,
TQBR,2015-03-23,ВТБ ао,VTBR,13387,777081551.7,0.0636,0.06165,0.06395,0.06172,0.06243,0.06172,12447400000,0.06242,0.06242,0.06242,774168035.7,774168035.7,774168035.7,,3,SUR,-2.65,
TQBR,2015-03-24,ВТБ ао,VTBR,15501,953569993.8,0.06172,0.0611,0.06304,0.063,0.06216,0.063,15339540000,0.06216,0.06216,0.06216,953211400.6,953211400.6,953211400.6,,3,SUR,2.07,
TQBR,2015-03-25,ВТБ ао,VTBR,16966,946024921.8,0.063,0.06156,0.06344,0.0628,0.06245,0.0628,15148970000,0.06245,0.06245,0.06245,945452881.8,945452881.8,945452881.8,,3,SUR,-0.32,
TQBR,2015-03-26,ВТБ ао,VTBR,22892,1250385207.1,0.063,0.06034,0.06389,0.0606,0.06187,0.0606,20211180000,0.06187,0.06187,0.06187,1250176047.1,1250176047.1,1250176047.1,,3,SUR,-3.5,
TQBR,2015-03-27,ВТБ ао,VTBR,17800,901179622.0,0.0606,0.0591,0.06094,0.0595,0.06005,0.0595,15006700000,0.06005,0.06005,0.06005,899901568.0,899901568.0,899901568.0,,3,SUR,-1.82,
TQBR,2015-03-30,ВТБ ао,VTBR,16718,720158363.9,0.05965,0.0596,0.0607,0.06002,0.06018,0.06002,11966280000,0.06018,0.06018,0.06018,720113626.4,720113626.4,720113626.4,,3,SUR,0.87,
TQBR,2015-03-31,ВТБ ао,VTBR,26581,2062463617.5,0.0601,0.05837,0.0606,0.06,0.05975,0.06,34516020000,0.05975,0.05975,0.05975,2062455804.5,2062455804.5,2062455804.5,,3,SUR,-0.03,
TQBR,2015-04-01,ВТБ ао,VTBR,19065,809491454.4,0.06,0.05954,0.06089,0.06039,0.06028,0.06039,13428980000,0.06028,0.06028,0.06028,805023254.4,805023254.4,805023254.4,,3,SUR,0.65,
TQBR,2015-04-02,ВТБ ао,VTBR,23878,1306090955.1,0.0605,0.05981,0.0617,0.0617,0.06062,0.0617,21545260000,0.06062,0.06062,0.06062,1305804185.1,1305804185.1,1305804185.1,,3,SUR,2.17,
TQBR,2015-04-03,ВТБ ао,VTBR,15339,940118993.3,0.06175,0.06122,0.06258,0.06162,0.06191,0.06162,15184410000,0.06191,0.06191,0.06191,939508903.3,939508903.3,939508903.3,,3,SUR,-0.13,
TQBR,2015-04-06,ВТБ ао,VTBR,13202,657131066.3,0.0616,0.06152,0.06284,0.0623,0.0622,0.0623,10565300000,0.0622,0.0622,0.0622,656913002.3,656913002.3,656913002.3,,3,SUR,1.1,
TQBR,2015-04-07,ВТБ ао,VTBR,32638,2227892677.0,0.0626,0.05978,0.06265,0.06014,0.06076,0.06014,36666330000,0.06076,0.06076,0.06076,2226887321.0,2226887321.0,2226887321.0,,3,SUR,-3.47,
TQBR,2015-04-08,ВТБ ао,VTBR,31725,3407183573.4,0.06047,0.059,0.06047,0.06,0.05997,0.06,56815610000,0.05997,0.05997,0.05997,3402856944.9,3402856944.9,3402856944.9,,3,SUR,-0.23,
TQBR,2015-04-09,ВТБ ао,VTBR,54111,6027542356.1,0.06,0.05865,0.0619,0.05879,0.06017,0.05879,100181110000,0.06017,0.06017,0.06017,6027125356.1,6027125356.1,6027125356.1,,3,SUR,-2.02,
TQBR,2015-04-10,ВТБ ао,VTBR,37003,2671227946.7,0.05872,0.05665,0.05896,0.0587,0.05801,0.0587,46047320000,0.05801,0.05801,0.05801,2670570282.7,2670570282.7,2670570282.7,,3,SUR,-0.15,
TQBR,2015-04-13,ВТБ ао,VTBR,25991,1454432670.7,0.05901,0.05801,0.05994,0.05903,0.05919,0.05903,24571600000,0.05919,0.05919,0.05919,1454165945.5,1454165945.5,1454165945.5,,3,SUR,0.56,
TQBR,2015-04-14,ВТБ ао,VTBR,18077,956196097.3,0.0589,0.05755,0.05898,0.0579,0.05803,0.0579,16477000000,0.05803,0.05803,0.05803,955960497.3,955960497.3,955960497.3,,3,SUR,-1.91,
TQBR,2015-04-15,ВТБ ао,VTBR,14116,756830258.3,0.05787,0.05752,0.0587,0.05826,0.05817,0.05826,13009640000,0.05817,0.05817,0.05817,756801323.3,756801323.3,756801323.3,,3,SUR,0.62,
TQBR,2015-04-16,ВТБ ао,VTBR,22946,1097133950.8,0.0585,0.05782,0.05895,0.05891,0.05834,0.05891,18805830000,0.05834,0.05834,0.05834,1096935050.8,1096935050.8,1096935050.8,,3,SUR,1.12,
TQBR,2015-04-17,ВТБ ао,VTBR,24435,1409281019.4,0.05878,0.058,0.05917,0.05805,0.05819,0.05805,24216940000,0.05819,0.05819,0.05819,1409266324.4,1409266324.4,1409266324.4,,3,SUR,-1.46,
TQBR,2015-04-20,ВТБ ао,VTBR,26012,1440302232.0,0.05811,0.05773,0.0584,0.058,0.05805,0.058,24810340000,0.05805,0.05805,0.05805,1440294677.7,1440294677.7,1440294677.7,,3,SUR,-0.09,
TQBR,2015-04-21,ВТБ ао,VTBR,14682,796152767.0,0.058,0.05783,0.05883,0.0585,0.0585,0.0585,13610610000,0.0585,0.0585,0.0585,795989207.0,795989207.0,795989207.0,,3,SUR,0.86,
TQBR,2015-04-22,ВТБ ао,VTBR,18373,946011272.1,0.05892,0.058,0.05892,0.05814,0.05816,0.05814,16265240000,0.05816,0.05816,0.05816,945797981.7,945797981.7,945797981.7,,3,SUR,-0.62,
TQBR,2015-04-23,ВТБ ао,VTBR,30559,1638271382.7,0.0581,0.05639,0.05835,0.0569,0.05724,0.0569,28619540000,0.05724,0.05724,0.05724,1638222578.7,1638222578.7,1638222578.7,,3,SUR,-2.13,
TQBR,2015-04-24,ВТБ ао,VTBR,41422,2289261600.6,0.05709,0.05575,0.05989,0.05984,0.05818,0.05984,39347940000,0.05818,0.05818,0.05818,2289238764.6,2289238764.6,2289238764.6,,3,SUR,5.17,
TQBR,2015-04-27,ВТБ ао,VTBR,39447,1777054867.5,0.05998,0.05924,0.06058,0.05991,0.06001,0.05991,29614610000,0.06001,0.06001,0.06001,1774967563.5,1774967563.5,1774967563.5,,3,SUR,0.12,
TQBR,2015-04-28,ВТБ ао,VTBR,64069,3618579781.8,0.0596,0.0596,0.06286,0.06215,0.06171,0.06215,58641230000,0.06171,0.06171,0.06171,3618400981.8,3618400981.8,3618400981.8,,3,SUR,3.74,
TQBR,2015-04-29,ВТБ ао,VTBR,22732,1789493859.5,0.06215,0.06172,0.06365,0.0631,0.063,0.0631,28405700000,0.063,0.063,0.063,1789456569.5,1789456569.5,1789456569.5,,3,SUR,1.53,
TQBR,2015-04-30,ВТБ ао,VTBR,27452,2191878286.0,0.06301,0.063,0.0655,0.0655,0.06456,0.0655,33950960000,0.06456,0.06456,0.06456,2191460529.7,2191460529.7,2191460529.7,,3,SUR,3.8,
TQBR,2015-05-05,ВТБ ао,VTBR,30040,2560157046.3,0.0655,0.06523,0.06889,0.06855,0.06728,0.06855,38054970000,0.06728,0.06728,0.06728,2560120366.3,2560120366.3,2560120366.3,,3,SUR,4.66,
TQBR,2015-05-06,ВТБ ао,VTBR,27653,2903223955.7,0.06865,0.068,0.06946,0.06831,0.06865,0.06831,42292070000,0.06865,0.06865,0.06865,2903073612.2,2903073612.2,2903073612.2,,3,SUR,-0.35,
TQBR,2015-05-07,ВТБ ао,VTBR,25069,2259918134.7,0.06803,0.06745,0.06831,0.06752,0.06776,0.06752,33351280000,0.06776,0.06776,0.06776,2259031023.5,2259031023.5,2259031023.5,,3,SUR,-1.16,
TQBR,2015-05-08,ВТБ ао,VTBR,29062,2227058413.9,0.0676,0.06667,0.06827,0.0675,0.06736,0.0675,33063410000,0.06736,0.06736,0.06736,2225941661.9,2225941661.9,2225941661.9,,3,SUR,-0.03,
TQBR,2015-05-12,ВТБ ао,VTBR,19041,1693778472.2,0.06727,0.0661,0.06771,0.06647,0.06696,0.06647,25294940000,0.06696,0.06696,0.06696,1693033793.3,1693033793.3,1693033793.3,,3,SUR,-1.53,
TQBR,2015-05-13,ВТБ ао,VTBR,17009,4335980381.2,0.06645,0.0655,0.06646,0.066,0.06587,0.066,65824060000,0.06587,0.06587,0.06587,4335901970.2,4335901970.2,4335901970.2,,3,SUR,-0.71,
TQBR,2015-05-14,ВТБ ао,VTBR,17523,4600215976.8,0.0663,0.06515,0.06632,0.06515,0.06575,0.06515,69967780000,0.06575,0.06575,0.06575,4600017076.8,4600017076.8,4600017076.8,,3,SUR,-1.29,
TQBR,2015-05-15,ВТБ ао,VTBR,34722,4078816284.2,0.06551,0.06524,0.0686,0.06843,0.06694,0.06843,60929400000,0.06694,0.06694,0.06694,4078669541.8,4078669541.8,4078669541.8,,3,SUR,5.03,
TQBR,2015-05-18,ВТБ ао,VTBR,34604,3003943156.7,0.06844,0.06803,0.07111,0.071,0.0698,0.071,43034720000,0.0698,0.0698,0.0698,3003672818.7,3003672818.7,3003672818.7,,3,SUR,3.76,
TQBR,2015-05-19,ВТБ ао,VTBR,48072,4800310018.4,0.071,0.0697,0.07279,0.07202,0.07157,0.07202,67071340000,0.07157,0.07157,0.07157,4798883628.4,4798883628.4,4798883628.4,,3,SUR,1.44,
TQBR,2015-05-20,ВТБ ао,VTBR,32237,3221328187.7,0.07151,0.0707,0.0726,0.072,0.07178,0.072,44877790000,0.07178,0.07178,0.07178,3220670295.7,3220670295.7,3220670295.7,,3,SUR,-0.03,
TQBR,2015-05-21,ВТБ ао,VTBR,44103,6451974362.3,0.07208,0.0718,0.07507,0.07507,0.07424,0.07507,86903640000,0.07424,0.07424,0.07424,6450950105.5,6450950105.5,6450950105.5,,3,SUR,4.26,
TQBR,2015-05-22,ВТБ ао,VTBR,35216,4968995959.8,0.0752,0.0752,0.07795,0.07777,0.07702,0.07777,64516680000,0.07702,0.07702,0.07702,4967795767.8,4967795767.8,4967795767.8,,3,SUR,3.6,
TQBR,2015-05-25,ВТБ ао,VTBR,35833,4767280370.2,0.07794,0.07794,0.0799,0.0795,0.07932,0.0795,60105550000,0.07932,0.07932,0.07932,4766767525.0,4766767525.0,4766767525.0,,3,SUR,2.22,
TQBR,2015-05-26,ВТБ ао,VTBR,36979,6315454003.2,0.07992,0.0795,0.08195,0.0815,0.08095,0.0815,78017280000,0.08095,0.08095,0.08095,6313587072.0,6313587072.0,6313587072.0,,3,SUR,2.52,
TQBR,2015-05-27,ВТБ ао,VTBR,47521,6278457030.1,0.08167,0.0815,0.0832,0.0826,0.08244,0.0826,76157790000,0.08244,0.08244,0.08244,6277982527.4,6277982527.4,6277982527.4,,3,SUR,1.35,
TQBR,2015-05-28,ВТБ ао,VTBR,57440,7493794323.5,0.08251,0.0803,0.08295,0.0805,0.08146,0.0805,91991260000,0.08146,0.08146,0.08146,7493055033.9,7493055033.9,7493055033.9,,3,SUR,-2.54,
TQBR,2015-05-29,ВТБ ао,VTBR,45218,5193426966.6,0.0805,0.0796,0.0815,0.08025,0.08049,0.08025,64522710000,0.08049,0.08049,0.08049,5191845141.6,5191845141.6,5191845141.6,,3,SUR,-0.31,
TQBR,2015-06-01,ВТБ ао,VTBR,31049,3325851867.1,0.0805,0.07958,0.08146,0.08035,0.08019,0.08035,41475250000,0.08019,0.08019,0.08019,3325851867.1,3325851867.1,3325851867.1,,3,SUR,0.12,
TQBR,2015-06-02,ВТБ ао,VTBR,21158,1529856318.2,0.08025,0.08021,0.08189,0.08021,0.08099,0.08021,18889460000,0.08099,0.08099,0.08099,1529856318.2,1529856318.2,1529856318.2,,3,SUR,-0.17,
TQBR,2015-06-03,ВТБ ао,VTBR,25805,2813292436.2,0.08021,0.08015,0.0812,0.08105,0.08059,0.08105,34910340000,0.08059,0.08059,0.08059,2813292436.2,2813292436.2,2813292436.2,,3,SUR,1.05,
TQBR,2015-06-04,ВТБ ао,VTBR,48961,4653670124.0,0.081,0.08099,0.08145,0.08105,0.08109,0.08105,57389270000,0.08109,0.08109,0.08109,4653670124.0,4653670124.0,4653670124.0,,3,SUR,0.0,
TQBR,2015-06-05,ВТБ ао,VTBR,28329,4276556394.7,0.08096,0.0805,0.08167,0.08107,0.08098,0.08107,52812660000,0.08098,0.08098,0.08098,4276556394.7,4276556394.7,4276556394.7,,3,SUR,0.02,
TQBR,2015-06-08,ВТБ ао,VTBR,33691,4564446265.6,0.08108,0.0805,0.08245,0.0819,0.08137,0.0819,56096320000,0.08137,0.08137,0.08137,4564446265.6,4564446265.6,4564446265.6,,3,SUR,1.02,
TQBR,2015-06-09,ВТБ ао,VTBR,34508,5666274172.5,0.082,0.0805,0.08277,0.08175,0.08122,0.08175,69761490000,0.08122,0.08122,0.08122,5666274172.5,5666274172.5,5666274172.5,,3,SUR,-0.18,
TQBR,2015-06-10,ВТБ ао,VTBR,24315,2980199189.7,0.08179,0.0805,0.08179,0.08052,0.08057,0.08052,36991190000,0.08057,0.08057,0.08057,2980199189.7,2980199189.7,2980199189.7,,3,SUR,-1.5,
TQBR,2015-06-11,ВТБ ао,VTBR,20792,1824387705.3,0.0804,0.07985,0.08069,0.0804,0.08045,0.0804,22678450000,0.08045,0.08045,0.08045,1824387705.3,1824387705.3,1824387705.3,,3,SUR,-0.15,
TQBR,2015-06-15,ВТБ ао,VTBR,29268,5394889225.3,0.08021,0.08,0.08081,0.08039,0.08036,0.08039,67135960000,0.08036,0.08036,0.08036,5394889225.3,5394889225.3,5394889225.3,,3,SUR,-0.01,
TQBR,2015-06-16,ВТБ ао,VTBR,17456,2370836166.5,0.08011,0.08,0.0805,0.08,0.08007,0.08,29610830000,0.08007,0.08007,0.08007,2370836166.5,2370836166.5,2370836166.5,,3,SUR,-0.49,
TQBR,2015-06-17,ВТБ ао,VTBR,13591,1695448653.0,0.07999,0.07912,0.08023,0.08001,0.07998,0.08001,21198120000,0.07998,0.07998,0.07998,1695448653.0,1695448653.0,1695448653.0,,3,SUR,0.01,
TQBR,2015-06-18,ВТБ ао,VTBR,10883,992658747.6,0.07996,0.0798,0.08013,0.0799,0.08001,0.0799,12406710000,0.08001,0.08001,0.08001,992658747.6,992658747.6,992658747.6,,3,SUR,-0.14,
TQBR,2015-06-19,ВТБ ао,VTBR,12933,2133191561.4,0.08,0.07986,0.08007,0.08002,0.08,0.08002,26664220000,0.08,0.08,0.08,2133191561.4,2133191561.4,2133191561.4,,3,SUR,0.15,
TQBR,2015-06-22,ВТБ ао,VTBR,27044,5107601286.1,0.07992,0.0786,0.0808,0.07951,0.07969,0.07951,64091470000,0.07969,0.07969,0.07969,5107601286.1,5107601286.1,5107601286.1,,3,SUR,-0.64,
TQBR,2015-06-23,ВТБ ао,VTBR,33176,3147885630.6,0.07926,0.0771,0.07971,0.07839,0.07808,0.07839,40316340000,0.07808,0.07808,0.07808,3147885630.6,3147885630.6,3147885630.6,,3,SUR,-1.41,
TQBR,2015-06-24,ВТБ ао,VTBR,24874,2415315090.7,0.0783,0.0765,0.0784,0.0779,0.0772,0.0779,31285630000,0.0772,0.0772,0.0772,2415315090.7,2415315090.7,2415315090.7,,3,SUR,-0.63,
TQBR,2015-06-25,ВТБ ао,VTBR,24176,1970652133.7,0.0776,0.07711,0.07905,0.078,0.07808,0.078,25238490000,0.07808,0.07808,0.07808,1970652133.7,1970652133.7,1970652133.7,,3,SUR,0.13,
TQBR,2015-06-26,ВТБ ао,VTBR,11939,966339013.7,0.0778,0.077,0.07875,0.078,0.07791,0.078,12403190000,0.07791,0.07791,0.07791,966339013.7,966339013.7,966339013.7,,3,SUR,0.0,
TQBR,2015-06-29,ВТБ ао,VTBR,12393,712106071.4,0.07685,0.07685,0.07845,0.07812,0.07787,0.07812,9144520000,0.07787,0.07787,0.07787,712106071.4,712106071.4,712106071.4,,3,SUR,0.15,
TQBR,2015-06-30,ВТБ ао,VTBR,16819,2119761696.0,0.07801,0.07705,0.07918,0.079,0.07814,0.079,27127490000,0.07814,0.07814,0.07814,2119761696.0,2119761696.0,2119761696.0,,3,SUR,1.13,
TQBR,2015-07-01,ВТБ ао,VTBR,30639,1739717065.2,0.07877,0.07719,0.07943,0.07719,0.07803,0.07719,22295650000,0.07803,0.07803,0.07803,1739717065.2,1739717065.2,1739717065.2,,3,SUR,-2.29,
TQBR,2015-07-02,ВТБ ао,VTBR,20932,1857061325.0,0.07734,0.07671,0.07813,0.07746,0.07729,0.07746,24025770000,0.07729,0.07729,0.07729,1857061325.0,1857061325.0,1857061325.0,,3,SUR,0.35,
TQBR,2015-07-03,ВТБ ао,VTBR,16597,1235123071.5,0.07677,0.07584,0.07687,0.07584,0.07626,0.07584,16196430000,0.07626,0.07626,0.07626,1235123071.5,1235123071.5,1235123071.5,,3,SUR,-2.09,
TQBR,2015-07-06,ВТБ ао,VTBR,22155,1590783507.4,0.0751,0.074,0.07616,0.0745,0.07508,0.0745,21188050000,0.07508,0.07508,0.07508,1590783507.4,1590783507.4,1590783507.4,,3,SUR,-1.77,
TQBR,2015-07-07,ВТБ ао,VTBR,15800,1257442403.2,0.0742,0.074,0.07532,0.0746,0.07443,0.0746,16893800000,0.07443,0.07443,0.07443,1257442403.2,1257442403.2,1257442403.2,,3,SUR,0.13,
TQBR,2015-07-08,ВТБ ао,VTBR,22851,1400705725.1,0.0747,0.07331,0.07527,0.07332,0.07419,0.07332,18881050000,0.07419,0.07419,0.07419,1400705725.1,1400705725.1,1400705725.1,,3,SUR,-1.72,
TQBR,2015-07-09,ВТБ ао,VTBR,15869,805426657.2,0.07388,0.073,0.07414,0.07301,0.07355,0.07301,10950740000,0.07355,0.07355,0.07355,805426657.2,805426657.2,805426657.2,,3,SUR,-0.42,
TQBR,2015-07-10,ВТБ ао,VTBR,34063,1474198480.1,0.07355,0.07257,0.07577,0.0752,0.07411,0.0752,19892830000,0.07411,0.07411,0.07411,1474198480.1,1474198480.1,1474198480.1,,3,SUR,3.0,
TQBR,2015-07-13,ВТБ ао,VTBR,11429,939866140.9,0.0751,0.07428,0.07568,0.07455,0.07478,0.07455,12568270000,0.07478,0.07478,0.07478,939866140.9,939866140.9,939866140.9,,3,SUR,-0.86,
TQBR,2015-07-14,ВТБ ао,VTBR,23205,1719281772.7,0.07455,0.0741,0.07671,0.07495,0.07503,0.07495,22914200000,0.07503,0.07503,0.07503,1719281772.7,1719281772.7,1719281772.7,,3,SUR,0.54,
TQBR,2015-07-15,ВТБ ао,VTBR,13589,1326286271.5,0.07499,0.07428,0.07572,0.0749,0.07503,0.0749,17676670000,0.07503,0.07503,0.07503,1326286271.5,1326286271.5,1326286271.5,,3,SUR,-0.07,
TQBR,2015-07-16,ВТБ ао,VTBR,11573,699330251.7,0.0743,0.07412,0.075,0.07424,0.07457,0.07424,9378220000,0.07457,0.07457,0.07457,699330251.7,699330251.7,699330251.7,,3,SUR,-0.88,
TQBR,2015-07-17,ВТБ ао,VTBR,9118,550006961.2,0.0742,0.074,0.07469,0.07401,0.07428,0.07401,7404920000,0.07428,0.07428,0.07428,550006961.2,550006961.2,550006961.2,,3,SUR,-0.31,
TQBR,2015-07-20,ВТБ ао,VTBR,13610,904408332.5,0.07418,0.07249,0.07434,0.07284,0.07333,0.07284,12334220000,0.07333,0.07333,0.07333,904408332.5,904408332.5,904408332.5,,3,SUR,-1.58,
TQBR,2015-07-21,ВТБ ао,VTBR,10534,768098751.7,0.07303,0.07273,0.0735,0.07325,0.07319,0.07325,10495120000,0.07319,0.07319,0.07319,768098751.7,768098751.7,768098751.7,,3,SUR,0.56,
TQBR,2015-07-22,ВТБ ао,VTBR,8803,641174623.0,0.07292,0.07257,0.0733,0.07323,0.07288,0.07323,8797230000,0.07288,0.07288,0.07288,641174623.0,641174623.0,641174623.0,,3,SUR,-0.03,
TQBR,2015-07-23,ВТБ ао,VTBR,7494,530412160.7,0.07321,0.07268,0.07368,0.07275,0.07313,0.07275,7253000000,0.07313,0.07313,0.07313,530412160.7,530412160.7,530412160.7,,3,SUR,-0.66,
TQBR,2015-07-24,ВТБ ао,VTBR,13433,1187224725.8,0.07288,0.07186,0.07347,0.0719,0.07264,0.0719,16344770000,0.07264,0.07264,0.07264,1187224725.8,1187224725.8,1187224725.8,,3,SUR,-1.17,
TQBR,2015-07-27,ВТБ ао,VTBR,13151,823175718.3,0.07201,0.07089,0.07236,0.0723,0.07159,0.0723,11498900000,0.07159,0.07159,0.07159,823175718.3,823175718.3,823175718.3,,3,SUR,0.56,
TQBR,2015-07-28,ВТБ ао,VTBR,15081,916965562.2,0.07211,0.07185,0.07275,0.07225,0.07243,0.07225,12659260000,0.07243,0.07243,0.07243,916965562.2,916965562.2,916965562.2,,3,SUR,-0.07,
TQBR,2015-07-29,ВТБ ао,VTBR,12684,1208383272.7,0.07218,0.07173,0.073,0.07229,0.07213,0.07229,16751920000,0.07213,0.07213,0.07213,1208383272.7,1208383272.7,1208383272.7,,3,SUR,0.06,
TQBR,2015-07-30,ВТБ ао,VTBR,9547,1368375530.4,0.07215,0.07161,0.07247,0.07196,0.07213,0.07196,18972140000,0.07213,0.07213,0.07213,1368375530.4,1368375530.4,1368375530.4,,3,SUR,-0.46,
TQBR,2015-07-31,ВТБ ао,VTBR,12462,1436006839.1,0.07184,0.07169,0.07265,0.072,0.07209,0.072,19921010000,0.07209,0.07209,0.07209,1436006839.1,1436006839.1,1436006839.1,,3,SUR,0.06,
TQBR,2015-08-03,ВТБ ао,VTBR,10722,1120726628.2,0.0716,0.0714,0.0724,0.072,0.07196,0.072,15573200000,0.07197,0.07197,0.07197,1120726628.2,1120726628.2,1120726628.2,,3,SUR,0.0,
TQBR,2015-08-04,ВТБ ао,VTBR,16645,1873432787.0,0.07199,0.0707,0.07232,0.071,0.07133,0.071,26252840000,0.07136,0.07136,0.07136,1873432787.0,1873432787.0,1873432787.0,,3,SUR,-1.39,
TQBR,2015-08-05,ВТБ ао,VTBR,15096,1760446550.2,0.07071,0.07071,0.07149,0.071,0.07102,0.071,24783990000,0.07103,0.07103,0.07103,1760446550.2,1760446550.2,1760446550.2,,3,SUR,0.0,
TQBR,2015-08-06,ВТБ ао,VTBR,20288,843068336.7,0.07103,0.07012,0.07125,0.07053,0.07077,0.07053,11913330000,0.07077,0.07077,0.07077,843068336.7,843068336.7,843068336.7,,3,SUR,-0.66,
TQBR,2015-08-07,ВТБ ао,VTBR,9419,474789771.0,0.07087,0.07064,0.07157,0.07081,0.0709,0.07081,6695040000,0.07092,0.07092,0.07092,474789771.0,474789771.0,474789771.0,,3,SUR,0.4,
TQBR,2015-08-10,ВТБ ао,VTBR,10327,664661489.7,0.07071,0.07016,0.07131,0.07044,0.07074,0.07044,9396910000,0.07073,0.07073,0.07073,664661489.7,664661489.7,664661489.7,,3,SUR,-0.52,
TQBR,2015-08-11,ВТБ ао,VTBR,11617,758079544.7,0.07074,0.07004,0.07074,0.0705,0.07044,0.0705,10761710000,0.07044,0.07044,0.07044,758079544.7,758079544.7,758079544.7,,3,SUR,0.09,
TQBR,2015-08-12,ВТБ ао,VTBR,12905,1156759042.1,0.07035,0.07,0.07149,0.07024,0.07059,0.07024,16382610000,0.07061,0.07061,0.07061,1156759042.1,1156759042.1,1156759042.1,,3,SUR,-0.37,
TQBR,2015-08-13,ВТБ ао,VTBR,9273,847336001.5,0.0705,0.0703,0.0707,0.07054,0.07045,0.07054,12026920000,0.07045,0.07045,0.07045,847336001.5,847336001.5,847336001.5,,3,SUR,0.43,
TQBR,2015-08-14,ВТБ ао,VTBR,10803,618975476.5,0.07053,0.07041,0.07083,0.07042,0.07058,0.07042,8769080000,0.07059,0.07059,0.07059,618975476.5,618975476.5,618975476.5,,3,SUR,-0.17,
TQBR,2015-08-17,ВТБ ао,VTBR,28889,1030114690.3,0.07043,0.06971,0.07048,0.07035,0.07007,0.07035,14702280000,0.07006,0.07006,0.07006,1030114690.3,1030114690.3,1030114690.3,,3,SUR,-0.1,
TQBR,2015-08-18,ВТБ ао,VTBR,9266,721255444.5,0.0701,0.06965,0.07023,0.06966,0.06999,0.06966,10306390000,0.06998,0.06998,0.06998,721255444.5,721255444.5,721255444.5,,3,SUR,-0.98,
TQBR,2015-08-19,ВТБ ао,VTBR,11618,637112411.5,0.0696,0.069,0.07011,0.06933,0.06952,0.06933,9164130000,0.06952,0.06952,0.06952,637112411.5,637112411.5,637112411.5,,3,SUR,-0.47,
TQBR,2015-08-20,ВТБ ао,VTBR,14609,826444034.1,0.0693,0.06889,0.06981,0.0694,0.06921,0.0694,11937920000,0.06923,0.06923,0.06923,826444034.1,826444034.1,826444034.1,,3,SUR,0.1,
TQBR,2015-08-21,ВТБ ао,VTBR,12131,767536445.4,0.06901,0.06855,0.06935,0.0687,0.06888,0.0687,11144570000,0.06887,0.06887,0.06887,767536445.4,767536445.4,767536445.4,,3,SUR,-1.01,
TQBR,2015-08-24,ВТБ ао,VTBR,26562,1518965907.8,0.0678,0.0652,0.06868,0.06652,0.06734,0.06652,22559930000,0.06733,0.06733,0.06733,1518965907.8,1518965907.8,1518965907.8,,3,SUR,-3.17,
TQBR,2015-08-25,ВТБ ао,VTBR,22512,1304280273.1,0.06655,0.06655,0.07039,0.07,0.06885,0.07,18951950000,0.06882,0.06882,0.06882,1304280273.1,1304280273.1,1304280273.1,,3,SUR,5.23,
TQBR,2015-08-26,ВТБ ао,VTBR,18598,1228420259.4,0.07,0.06931,0.07098,0.0698,0.07001,0.0698,17547780000,0.07,0.07,0.07,1228420259.4,1228420259.4,1228420259.4,,3,SUR,-0.29,
TQBR,2015-08-27,ВТБ ао,VTBR,18484,1360444967.6,0.07015,0.06955,0.07096,0.06985,0.07015,0.06985,19389950000,0.07016,0.07016,0.07016,1360444967.6,1360444967.6,1360444967.6,,3,SUR,0.07,
TQBR,2015-08-28,ВТБ ао,VTBR,22451,802176718.1,0.07001,0.06959,0.07025,0.06965,0.06995,0.06965,11466830000,0.06996,0.06996,0.06996,802176718.1,802176718.1,802176718.1,,3,SUR,-0.29,
TQBR,2015-08-31,ВТБ ао,VTBR,12633,558745478.7,0.0697,0.06851,0.07011,0.069,0.06934,0.069,8058030000,0.06934,0.06934,0.06934,558745478.7,558745478.7,558745478.7,,3,SUR,-0.93,
TQBR,2015-09-01,ВТБ ао,VTBR,30802,1953479883.7,0.069,0.0666,0.06932,0.06728,0.06744,0.06728,28966200000,0.06744,0.06744,0.06744,1953479883.7,1953479883.7,1953479883.7,,3,SUR,-2.49,
TQBR,2015-09-02,ВТБ ао,VTBR,13787,795033295.6,0.067,0.0661,0.06772,0.06695,0.06698,0.06695,11869100000,0.06698,0.06698,0.06698,795033295.6,795033295.6,795033295.6,,3,SUR,-0.49,
TQBR,2015-09-03,ВТБ ао,VTBR,12443,615799915.5,0.0672,0.06659,0.06791,0.06785,0.06722,0.06785,9161320000,0.06722,0.06722,0.06722,615799915.5,615799915.5,615799915.5,,3,SUR,1.34,
TQBR,2015-09-04,ВТБ ао,VTBR,17181,879940437.8,0.06752,0.0671,0.06882,0.0675,0.06806,0.0675,12932770000,0.06804,0.06804,0.06804,879940437.8,879940437.8,879940437.8,,3,SUR,-0.52,
TQBR,2015-09-07,ВТБ ао,VTBR,10152,497174644.4,0.0673,0.0671,0.0687,0.0683,0.06808,0.0683,7301730000,0.06809,0.06809,0.06809,497174644.4,497174644.4,497174644.4,,3,SUR,1.19,
TQBR,2015-09-08,ВТБ ао,VTBR,30705,1356521005.3,0.06842,0.06842,0.07088,0.06976,0.06999,0.06976,19378470000,0.07,0.07,0.07,1356521005.3,1356521005.3,1356521005.3,,3,SUR,2.14,
TQBR,2015-09-09,ВТБ ао,VTBR,27334,839936841.8,0.07065,0.06918,0.07065,0.06918,0.06991,0.06918,12014600000,0.06991,0.06991,0.06991,839936841.8,839936841.8,839936841.8,,3,SUR,-0.83,
TQBR,2015-09-10,ВТБ ао,VTBR,14146,702289094.0,0.06889,0.06832,0.06914,0.0691,0.06889,0.0691,10197610000,0.06887,0.06887,0.06887,702289094.0,702289094.0,702289094.0,,3,SUR,-0.12,
TQBR,2015-09-11,ВТБ ао,VTBR,23571,685325339.5,0.06914,0.069,0.07,0.0697,0.06961,0.0697,9849860000,0.06958,0.06958,0.06958,685325339.5,685325339.5,685325339.5,,3,SUR,0.87,
TQBR,2015-09-14,ВТБ ао,VTBR,12932,609315961.3,0.06968,0.06949,0.07,0.06989,0.06991,0.06989,8715740000,0.06991,0.06991,0.06991,609315961.3,609315961.3,609315961.3,,3,SUR,0.27,
TQBR,2015-09-15,ВТБ ао,VTBR,14591,742361731.8,0.06976,0.06903,0.06998,0.06969,0.06962,0.06969,10663690000,0.06962,0.06962,0.06962,742361731.8,742361731.8,742361731.8,,3,SUR,-0.29,
TQBR,2015-09-16,ВТБ ао,VTBR,17053,1606618121.0,0.0699,0.06826,0.06996,0.0686,0.06932,0.0686,23160600000,0.06937,0.06937,0.06937,1606618121.0,1606618121.0,1606618121.0,,3,SUR,-1.56,
TQBR,2015-09-17,ВТБ ао,VTBR,8707,474502655.6,0.06872,0.06824,0.06987,0.06929,0.06925,0.06929,6852990000,0.06924,0.06924,0.06924,474502655.6,474502655.6,474502655.6,,3,SUR,1.01,
TQBR,2015-09-18,ВТБ ао,VTBR,23568,1362808866.0,0.07,0.06755,0.0703,0.06798,0.06868,0.06798,19826530000,0.06874,0.06874,0.06874,1362808866.0,1362808866.0,1362808866.0,,3,SUR,-1.89,
TQBR,2015-09-21,ВТБ ао,VTBR,18526,321460496.8,0.06884,0.0681,0.06891,0.0682,0.06849,0.0682,4693210000,0.06849,0.06849,0.06849,321460496.8,321460496.8,321460496.8,,3,SUR,0.32,
TQBR,2015-09-22,ВТБ ао,VTBR,12161,679231439.8,0.06827,0.0667,0.06845,0.06727,0.06745,0.06727,10070370000,0.06745,0.06745,0.06745,679231439.8,679231439.8,679231439.8,,3,SUR,-1.36,
TQBR,2015-09-23,ВТБ ао,VTBR,16753,842020842.1,0.06713,0.06626,0.06765,0.06701,0.06671,0.06701,12621780000,0.06671,0.06671,0.06671,842020842.1,842020842.1,842020842.1,,3,SUR,-0.39,
TQBR,2015-09-24,ВТБ ао,VTBR,19959,1795180312.8,0.06692,0.06581,0.0685,0.06733,0.06707,0.06733,26764240000,0.06707,0.06707,0.06707,1795180312.8,1795180312.8,1795180312.8,,3,SUR,0.48,
TQBR,2015-09-25,ВТБ ао,VTBR,19307,1008944487.6,0.06799,0.06672,0.06914,0.06747,0.06775,0.06747,14891980000,0.06775,0.06775,0.06775,1008944487.6,1008944487.6,1008944487.6,,3,SUR,0.21,
TQBR,2015-09-28,ВТБ ао,VTBR,8588,531310973.4,0.0673,0.0662,0.06745,0.06695,0.0667,0.06695,7965910000,0.0667,0.0667,0.0667,531310973.4,531310973.4,531310973.4,,3,SUR,-0.77,
TQBR,2015-09-29,ВТБ ао,VTBR,12178,654768115.4,0.06662,0.06625,0.06712,0.06695,0.06669,0.06695,9818220000,0.06669,0.06669,0.06669,654768115.4,654768115.4,654768115.4,,3,SUR,0.0,
TQBR,2015-09-30,ВТБ ао,VTBR,12380,762080390.9,0.06697,0.06692,0.06844,0.0677,0.06782,0.0677,11236950000,0.06782,0.06782,0.06782,762080390.9,762080390.9,762080390.9,,3,SUR,1.12,
TQBR,2015-10-01,ВТБ ао,VTBR,6530,298526796.0,0.0682,0.06716,0.0682,0.06767,0.06773,0.06767,4407730000,0.06773,0.06773,0.06773,298526796.0,298526796.0,298526796.0,,3,SUR,-0.04,
TQBR,2015-10-02,ВТБ ао,VTBR,7701,428145447.2,0.06767,0.06653,0.06794,0.067,0.06705,0.067,6385690000,0.06705,0.06705,0.06705,428145447.2,428145447.2,428145447.2,,3,SUR,-0.99,
TQBR,2015-10-05,ВТБ ао,VTBR,16078,1200510754.0,0.06735,0.067,0.0685,0.0681,0.06773,0.0681,17726240000,0.06773,0.06773,0.06773,1200510754.0,1200510754.0,1200510754.0,,3,SUR,1.64,
TQBR,2015-10-06,ВТБ ао,VTBR,11072,770233115.8,0.0683,0.06803,0.06932,0.06932,0.0686,0.06932,11227780000,0.0686,0.0686,0.0686,770233115.8,770233115.8,770233115.8,,3,SUR,1.79,
TQBR,2015-10-07,ВТБ ао,VTBR,30620,2448491261.2,0.06935,0.06823,0.07177,0.0714,0.06987,0.0714,35043990000,0.06987,0.06987,0.06987,2448491261.2,2448491261.2,2448491261.2,,3,SUR,3.0,
TQBR,2015-10-08,ВТБ ао,VTBR,24640,2553834260.7,0.07119,0.0705,0.07433,0.074,0.07238,0.074,35266570000,0.07242,0.07242,0.07242,2553834260.7,2553834260.7,2553834260.7,,3,SUR,3.64,
TQBR,2015-10-09,ВТБ ао,VTBR,32364,2110206740.9,0.07431,0.07345,0.0762,0.076,0.07458,0.076,28294880000,0.07458,0.07458,0.07458,2110206740.9,2110206740.9,2110206740.9,,3,SUR,2.7,
TQBR,2015-10-12,ВТБ ао,VTBR,25776,3004618180.9,0.07624,0.07558,0.07885,0.0781,0.07769,0.0781,38658440000,0.07772,0.07772,0.07772,3004618180.9,3004618180.9,3004618180.9,,3,SUR,2.76,
TQBR,2015-10-13,ВТБ ао,VTBR,16697,1275213401.7,0.07782,0.07596,0.07782,0.07735,0.07672,0.07735,16623270000,0.07671,0.07671,0.07671,1275213401.7,1275213401.7,1275213401.7,,3,SUR,-0.96,
TQBR,2015-10-14,ВТБ ао,VTBR,10840,769092494.7,0.07689,0.07615,0.07755,0.07708,0.07679,0.07708,10014540000,0.0768,0.0768,0.0768,769092494.7,769092494.7,769092494.7,,3,SUR,-0.35,
TQBR,2015-10-15,ВТБ ао,VTBR,19572,1245447323.5,0.07716,0.07716,0.079,0.0775,0.0784,0.0775,15885520000,0.0784,0.0784,0.0784,1245447323.5,1245447323.5,1245447323.5,,3,SUR,0.54,
TQBR,2015-10-16,ВТБ ао,VTBR,13069,1096858544.1,0.0775,0.07511,0.07863,0.0754,0.07713,0.0754,14220660000,0.07713,0.07713,0.07713,1096858544.1,1096858544.1,1096858544.1,,3,SUR,-2.71,
TQBR,2015-10-19,ВТБ ао,VTBR,14871,1285667162.4,0.0751,0.07404,0.07607,0.07529,0.07506,0.07529,17127000000,0.07507,0.07507,0.07507,1285667162.4,1285667162.4,1285667162.4,,3,SUR,-0.15,
TQBR,2015-10-20,ВТБ ао,VTBR,16139,1345642761.1,0.07547,0.07472,0.07595,0.07551,0.0755,0.07551,17824060000,0.0755,0.0755,0.0755,1345642761.1,1345642761.1,1345642761.1,,3,SUR,0.29,
TQBR,2015-10-21,ВТБ ао,VTBR,12089,910471234.9,0.0754,0.07382,0.07558,0.07494,0.07452,0.07494,12218570000,0.07452,0.07452,0.07452,910471234.9,910471234.9,910471234.9,,3,SUR,-0.75,
TQBR,2015-10-22,ВТБ ао,VTBR,25490,1777217666.7,0.07494,0.07443,0.07737,0.07451,0.07575,0.07451,23462480000,0.07575,0.07575,0.07575,1777217666.7,1777217666.7,1777217666.7,,3,SUR,-0.57,
TQBR,2015-10-23,ВТБ ао,VTBR,13265,1199859744.3,0.07475,0.0741,0.07586,0.07475,0.07485,0.07475,16029490000,0.07485,0.07485,0.07485,1199859744.3,1199859744.3,1199859744.3,,3,SUR,0.32,
TQBR,2015-10-26,ВТБ ао,VTBR,25983,1716501809.9,0.075,0.07086,0.0753,0.0723,0.07273,0.0723,23602000000,0.07273,0.07273,0.07273,1716501809.9,1716501809.9,1716501809.9,,3,SUR,-3.28,
TQBR,2015-10-27,ВТБ ао,VTBR,15219,1035797749.6,0.07192,0.07061,0.0735,0.0735,0.07215,0.0735,14346090000,0.0722,0.0722,0.0722,1035797749.6,1035797749.6,1035797749.6,,3,SUR,1.66,
TQBR,2015-10-28,ВТБ ао,VTBR,15215,1297170492.7,0.0735,0.07153,0.07459,0.07179,0.07277,0.07179,17824040000,0.07278,0.07278,0.07278,1297170492.7,1297170492.7,1297170492.7,,3,SUR,-2.33,
TQBR,2015-10-29,ВТБ ао,VTBR,15180,1245933124.9,0.07179,0.06982,0.07258,0.07196,0.07153,0.07196,17419380000,0.07153,0.07153,0.07153,1245933124.9,1245933124.9,1245933124.9,,3,SUR,0.24,
TQBR,2015-10-30,ВТБ ао,VTBR,9105,920911238.9,0.07181,0.0714,0.07289,0.07235,0.07217,0.07235,12760610000,0.07217,0.07217,0.07217,920911238.9,920911238.9,920911238.9,,3,SUR,0.54,
TQBR,2015-11-02,ВТБ ао,VTBR,10070,593955532.3,0.07207,0.0716,0.073,0.0725,0.07255,0.0725,8186730000,0.07255,0.07255,0.07255,593955532.3,593955532.3,593955532.3,,3,SUR,0.21,
TQBR,2015-11-03,ВТБ ао,VTBR,17885,1588842819.1,0.07293,0.072,0.07396,0.07396,0.07297,0.07396,21772840000,0.07297,0.07297,0.07297,1588842819.1,1588842819.1,1588842819.1,,3,SUR,2.01,
TQBR,2015-11-05,ВТБ ао,VTBR,22906,1492693319.4,0.0735,0.0735,0.07697,0.07615,0.07571,0.07615,19717000000,0.07571,0.07571,0.07571,1492693319.4,1492693319.4,1492693319.4,,3,SUR,2.96,
TQBR,2015-11-06,ВТБ ао,VTBR,22435,1205324698.2,0.0765,0.0749,0.07742,0.07585,0.07596,0.07585,15864750000,0.07598,0.07598,0.07598,1205324698.2,1205324698.2,1205324698.2,,3,SUR,-0.39,
TQBR,2015-11-09,ВТБ ао,VTBR,10845,520074923.6,0.07568,0.0752,0.07626,0.076,0.07566,0.076,6874410000,0.07565,0.07565,0.07565,520074923.6,520074923.6,520074923.6,,3,SUR,0.2,
TQBR,2015-11-10,ВТБ ао,VTBR,11681,874182404.4,0.07595,0.07467,0.0761,0.07576,0.0756,0.07576,11565320000,0.07559,0.07559,0.07559,874182404.4,874182404.4,874182404.4,,3,SUR,-0.32,
TQBR,2015-11-11,ВТБ ао,VTBR,10659,649137395.8,0.07575,0.07524,0.0762,0.076,0.07582,0.076,8561190000,0.07582,0.07582,0.07582,649137395.8,649137395.8,649137395.8,,3,SUR,0.32,
TQBR,2015-11-12,ВТБ ао,VTBR,7714,454070267.3,0.07567,0.07542,0.0761,0.07542,0.07546,0.07542,5998000000,0.0757,0.0757,0.0757,454070267.3,454070267.3,454070267.3,,3,SUR,-0.76,
TQBR,2015-11-13,ВТБ ао,VTBR,16406,1199688266.1,0.07518,0.07403,0.0758,0.0758,0.07511,0.0758,15971730000,0.07511,0.07511,0.07511,1199688266.1,1199688266.1,1199688266.1,,3,SUR,0.5,
TQBR,2015-11-16,ВТБ ао,VTBR,11519,648913939.2,0.0756,0.07555,0.07614,0.07588,0.07578,0.07588,8563020000,0.07578,0.07578,0.07578,648913939.2,648913939.2,648913939.2,,3,SUR,0.11,
TQBR,2015-11-17,ВТБ ао,VTBR,33724,2559162598.9,0.07603,0.07516,0.07886,0.07595,0.07676,0.07595,33335800000,0.07677,0.07677,0.07677,2559162598.9,2559162598.9,2559162598.9,,3,SUR,0.09,
TQBR,2015-11-18,ВТБ ао,VTBR,18801,1566092176.1,0.07639,0.07594,0.07768,0.0761,0.0768,0.0761,20393910000,0.07679,0.07679,0.07679,1566092176.1,1566092176.1,1566092176.1,,3,SUR,0.2,
TQBR,2015-11-19,ВТБ ао,VTBR,18197,1185963382.3,0.07729,0.07486,0.0773,0.0762,0.07602,0.0762,15603420000,0.07601,0.07601,0.07601,1185963382.3,1185963382.3,1185963382.3,,3,SUR,0.13,
TQBR,2015-11-20,ВТБ ао,VTBR,12702,814428569.7,0.076,0.07532,0.07695,0.07601,0.07632,0.07601,10671840000,0.07632,0.07632,0.07632,814428569.7,814428569.7,814428569.7,,3,SUR,-0.25,
TQBR,2015-11-23,ВТБ ао,VTBR,11739,685393698.3,0.07619,0.07514,0.07695,0.0763,0.07637,0.0763,8975110000,0.07637,0.07637,0.07637,685393698.3,685393698.3,685393698.3,,3,SUR,0.38,
TQBR,2015-11-24,ВТБ ао,VTBR,41305,2096718237.0,0.07627,0.07171,0.07677,0.07283,0.07385,0.07283,28413060000,0.07379,0.07379,0.07379,2096718237.0,2096718237.0,2096718237.0,,3,SUR,-4.55,
TQBR,2015-11-25,ВТБ ао,VTBR,12963,749862304.3,0.0731,0.07241,0.07472,0.0745,0.07353,0.0745,10194990000,0.07355,0.07355,0.07355,749862304.3,749862304.3,749862304.3,,3,SUR,2.29,
TQBR,2015-11-26,ВТБ ао,VTBR,14789,895525193.8,0.07421,0.0742,0.076,0.076,0.07526,0.076,11893000000,0.0753,0.0753,0.0753,895525193.8,895525193.8,895525193.8,,3,SUR,2.01,
TQBR,2015-11-27,ВТБ ао,VTBR,16204,972301528.6,0.0759,0.07271,0.0761,0.07271,0.07427,0.07271,13102700000,0.07421,0.07421,0.07421,972301528.6,972301528.6,972301528.6,,3,SUR,-4.33,
TQBR,2015-11-30,ВТБ ао,VTBR,17283,1290693870.2,0.0726,0.07066,0.07355,0.071,0.07211,0.071,17901100000,0.0721,0.0721,0.0721,1290693870.2,1290693870.2,1290693870.2,,3,SUR,-2.35,
TQBR,2015-12-01,ВТБ ао,VTBR,17007,898550161.1,0.07157,0.07124,0.07343,0.07328,0.07234,0.07328,12426180000,0.07231,0.07231,0.07231,898550161.1,898550161.1,898550161.1,,3,SUR,3.21,
TQBR,2015-12-02,ВТБ ао,VTBR,11763,677304254.3,0.0735,0.07149,0.07399,0.07225,0.07267,0.07225,9326310000,0.07262,0.07262,0.07262,677304254.3,677304254.3,677304254.3,,3,SUR,-1.41,
TQBR,2015-12-03,ВТБ ао,VTBR,8016,447642266.1,0.07188,0.07138,0.07255,0.0717,0.07197,0.0717,6219610000,0.07197,0.07197,0.07197,447642266.1,447642266.1,447642266.1,,3,SUR,-0.76,
TQBR,2015-12-04,ВТБ ао,VTBR,16431,1130515707.2,0.07186,0.0714,0.07333,0.0723,0.07223,0.0723,15648630000,0.07224,0.07224,0.07224,1130515707.2,1130515707.2,1130515707.2,,3,SUR,0.84,
TQBR,2015-12-07,ВТБ ао,VTBR,14888,666987411.9,0.072,0.0718,0.07271,0.07247,0.07212,0.07247,9246970000,0.07213,0.07213,0.07213,666987411.9,666987411.9,666987411.9,,3,SUR,0.24,
TQBR,2015-12-08,ВТБ ао,VTBR,12949,711638443.1,0.07225,0.07209,0.07282,0.07245,0.07237,0.07245,9832740000,0.07237,0.07237,0.07237,711638443.1,711638443.1,711638443.1,,3,SUR,-0.03,
TQBR,2015-12-09,ВТБ ао,VTBR,31462,1867694840.6,0.07258,0.07235,0.076,0.07505,0.07465,0.07505,25003200000,0.0747,0.0747,0.0747,1867694840.6,1867694840.6,1867694840.6,,3,SUR,3.59,
TQBR,2015-12-10,ВТБ ао,VTBR,22135,1310839485.0,0.07503,0.07474,0.07685,0.07575,0.07593,0.07575,17256640000,0.07596,0.07596,0.07596,1310839485.0,1310839485.0,1310839485.0,,3,SUR,0.93,
TQBR,2015-12-11,ВТБ ао,VTBR,13202,881778095.6,0.07541,0.07541,0.0767,0.0757,0.0759,0.0757,11613310000,0.07593,0.07593,0.07593,881778095.6,881778095.6,881778095.6,,3,SUR,-0.07,
TQBR,2015-12-14,ВТБ ао,VTBR,23651,1492878743.4,0.07521,0.07495,0.07595,0.07575,0.07545,0.07575,19785320000,0.07545,0.07545,0.07545,1492878743.4,1492878743.4,1492878743.4,,3,SUR,0.07,
TQBR,2015-12-15,ВТБ ао,VTBR,16413,1589135599.5,0.0759,0.0753,0.07639,0.07624,0.07587,0.07624,20950450000,0.07585,0.07585,0.07585,1589135599.5,1589135599.5,1589135599.5,,3,SUR,0.65,
TQBR,2015-12-16,ВТБ ао,VTBR,15634,1064424494.7,0.0762,0.07593,0.078,0.0775,0.07724,0.0775,13778740000,0.07725,0.07725,0.07725,1064424494.7,1064424494.7,1064424494.7,,3,SUR,1.65,
TQBR,2015-12-17,ВТБ ао,VTBR,19193,1730394029.8,0.07771,0.07771,0.0799,0.07877,0.07907,0.07877,21865770000,0.07914,0.07914,0.07914,1730394029.8,1730394029.8,1730394029.8,,3,SUR,1.64,
TQBR,2015-12-18,ВТБ ао,VTBR,18428,1266758868.4,0.0787,0.0752,0.07881,0.0752,0.07692,0.0752,16468940000,0.07692,0.07692,0.07692,1266758868.4,1266758868.4,1266758868.4,,3,SUR,-4.53,
TQBR,2015-12-21,ВТБ ао,VTBR,9677,687781569.9,0.07552,0.07552,0.07678,0.07634,0.07604,0.07634,9035640000,0.07612,0.07612,0.07612,687781569.9,687781569.9,687781569.9,,3,SUR,1.52,
TQBR,2015-12-22,ВТБ ао,VTBR,8889,547411015.7,0.07631,0.07616,0.07829,0.07742,0.07746,0.07742,7065610000,0.07748,0.07748,0.07748,547411015.7,547411015.7,547411015.7,,3,SUR,1.41,
TQBR,2015-12-23,ВТБ ао,VTBR,13081,724049554.8,0.07707,0.07707,0.07924,0.07864,0.07838,0.07864,9236430000,0.07839,0.07839,0.07839,724049554.8,724049554.8,724049554.8,,3,SUR,1.58,
TQBR,2015-12-24,ВТБ ао,VTBR,9545,466248452.1,0.07883,0.07672,0.07897,0.07701,0.07759,0.07701,6010750000,0.07757,0.07757,0.07757,466248452.1,466248452.1,466248452.1,,3,SUR,-2.07,
TQBR,2015-12-25,ВТБ ао,VTBR,15165,540602452.0,0.0773,0.07602,0.07789,0.0771,0.07669,0.0771,7049830000,0.07668,0.07668,0.07668,540602452.0,540602452.0,540602452.0,,3,SUR,0.12,
TQBR,2015-12-28,ВТБ ао,VTBR,10674,457479554.2,0.077,0.076,0.07744,0.076,0.07644,0.076,5985120000,0.07644,0.07644,0.07644,457479554.2,457479554.2,457479554.2,,3,SUR,-1.43,
TQBR,2015-12-29,ВТБ ао,VTBR,12449,1431764080.6,0.07602,0.07563,0.07847,0.0782,0.07747,0.0782,18485760000,0.07745,0.07745,0.07745,1431764080.6,1431764080.6,1431764080.6,,3,SUR,2.89,
TQBR,2015-12-30,ВТБ ао,VTBR,30711,6087497245.4,0.07835,0.07736,0.07986,0.0797,0.07922,0.0797,76858480000,0.0792,0.0792,0.0792,6087497245.4,6087497245.4,6087497245.4,,3,SUR,1.92,
TQBR,2016-01-04,ВТБ ао,VTBR,10013,561912833.8,0.07951,0.07702,0.07951,0.07719,0.07774,0.07719,7231010000,0.07771,0.07771,0.07719,561912833.8,561912833.8,561912833.8,,3,SUR,-3.15,
TQBR,2016-01-05,ВТБ ао,VTBR,22256,951809503.5,0.0768,0.075,0.07819,0.07532,0.07604,0.07532,12518090000,0.07603,0.07603,0.07532,951809503.5,951809503.5,951809503.5,,3,SUR,-2.42,
TQBR,2016-01-06,ВТБ ао,VTBR,15892,813672263.7,0.0755,0.074,0.0755,0.07517,0.07477,0.07517,10884300000,0.07476,0.07476,0.07517,813672263.7,813672263.7,813672263.7,,3,SUR,-0.2,
TQBR,2016-01-11,ВТБ ао,VTBR,17049,816301346.3,0.0738,0.072,0.0739,0.07225,0.07295,0.07225,11191900000,0.07294,0.07294,0.07225,816301346.3,816301346.3,816301346.3,,3,SUR,-3.88,
TQBR,2016-01-12,ВТБ ао,VTBR,22442,1468535362.2,0.07163,0.07061,0.07443,0.07362,0.07314,0.07362,20079840000,0.07313,0.07313,0.07362,1468535362.2,1468535362.2,1468535362.2,,3,SUR,1.9,
TQBR,2016-01-13,ВТБ ао,VTBR,25444,1192383825.4,0.07425,0.0721,0.07465,0.07225,0.07292,0.07225,16353010000,0.07292,0.07292,0.07225,1192383825.4,1192383825.4,1192383825.4,,3,SUR,-1.86,
TQBR,2016-01-14,ВТБ ао,VTBR,35246,1462301901.8,0.071,0.071,0.073,0.07186,0.0718,0.07186,20367000000,0.0718,0.0718,0.07186,1462301901.8,1462301901.8,1462301901.8,,3,SUR,-0.54,
TQBR,2016-01-15,ВТБ ао,VTBR,46975,2478050335.6,0.07139,0.069,0.07215,0.0695,0.06999,0.0695,35405950000,0.06999,0.06999,0.0695,2478050335.6,2478050335.6,2478050335.6,,3,SUR,-3.28,
TQBR,2016-01-18,ВТБ ао,VTBR,19017,1541089480.6,0.06937,0.06779,0.06997,0.0694,0.06905,0.0694,22298920000,0.06911,0.06911,0.0694,1541089480.6,1541089480.6,1541089480.6,,3,SUR,-0.14,
TQBR,2016-01-19,ВТБ ао,VTBR,29827,1990923107.2,0.07045,0.06822,0.0712,0.0694,0.06957,0.0694,28615910000,0.06957,0.06957,0.0694,1990923107.2,1990923107.2,1990923107.2,,3,SUR,0.0,
TQBR,2016-01-20,ВТБ ао,VTBR,28278,2189823072.3,0.0684,0.06634,0.06878,0.0675,0.06757,0.0675,32411150000,0.06756,0.06756,0.0675,2189823072.3,2189823072.3,2189823072.3,,3,SUR,-2.74,
TQBR,2016-01-21,ВТБ ао,VTBR,28626,1932621480.0,0.06749,0.06605,0.06829,0.06749,0.06702,0.06749,28838630000,0.06702,0.06702,0.06749,1932621480.0,1932621480.0,1932621480.0,,3,SUR,-0.01,
TQBR,2016-01-22,ВТБ ао,VTBR,38585,2986468941.8,0.0682,0.06614,0.07036,0.0696,0.06806,0.0696,43884860000,0.06805,0.06805,0.0696,2986468941.8,2986468941.8,2986468941.8,,3,SUR,3.13,
TQBR,2016-01-25,ВТБ ао,VTBR,24387,1352834033.4,0.07055,0.0678,0.0706,0.06845,0.06883,0.06845,19654040000,0.06883,0.06883,0.06845,1352834033.4,1352834033.4,1352834033.4,,3,SUR,-1.65,
TQBR,2016-01-26,ВТБ ао,VTBR,17658,804711090.0,0.06775,0.067,0.06825,0.06766,0.06772,0.06766,11883740000,0.06772,0.06772,0.06766,804711090.0,804711090.0,804711090.0,,3,SUR,-1.15,
TQBR,2016-01-27,ВТБ ао,VTBR,16736,914086806.9,0.06781,0.06763,0.06888,0.06867,0.06839,0.06867,13366390000,0.06839,0.06839,0.06867,914086806.9,914086806.9,914086806.9,,3,SUR,1.49,
TQBR,2016-01-28,ВТБ ао,VTBR,37970,2214358623.6,0.06875,0.06809,0.07164,0.0716,0.07051,0.0716,31405350000,0.07051,0.07051,0.0716,2214358623.6,2214358623.6,2214358623.6,,3,SUR,4.27,
TQBR,2016-01-29,ВТБ ао,VTBR,31734,1968629160.4,0.07186,0.07127,0.0737,0.0737,0.07258,0.0737,27124140000,0.07258,0.07258,0.0737,1968629160.4,1968629160.4,1968629160.4,,3,SUR,2.93,
TQBR,2016-02-01,ВТБ ао,VTBR,18127,1130506758.5,0.0734,0.07251,0.07485,0.0735,0.07364,0.0735,15351700000,0.07364,0.07364,0.0735,1130506758.5,1130506758.5,1130506758.5,,3,SUR,-0.27,
TQBR,2016-02-02,ВТБ ао,VTBR,22612,1124423926.7,0.07283,0.07013,0.0737,0.07074,0.07166,0.07074,15691470000,0.07166,0.07166,0.07074,1124423926.7,1124423926.7,1124423926.7,,3,SUR,-3.76,
TQBR,2016-02-03,ВТБ ао,VTBR,22117,1160297233.8,0.07013,0.06951,0.07174,0.06952,0.07066,0.06952,16421380000,0.07066,0.07066,0.06952,1160297233.8,1160297233.8,1160297233.8,,3,SUR,-1.72,
TQBR,2016-02-04,ВТБ ао,VTBR,21510,1297889491.7,0.07095,0.07052,0.07246,0.07199,0.0716,0.07199,18128180000,0.0716,0.0716,0.07199,1297889491.7,1297889491.7,1297889491.7,,3,SUR,3.55,
TQBR,2016-02-05,ВТБ ао,VTBR,15846,798494968.6,0.07178,0.0709,0.07244,0.07115,0.07158,0.07115,11155090000,0.07158,0.07158,0.07115,798494968.6,798494968.6,798494968.6,,3,SUR,-1.17,
TQBR,2016-02-08,ВТБ ао,VTBR,16791,782397692.6,0.07127,0.06952,0.07155,0.06975,0.07031,0.06975,11128100000,0.07031,0.07031,0.06975,782397692.6,782397692.6,782397692.6,,3,SUR,-1.97,
TQBR,2016-02-09,ВТБ ао,VTBR,35782,1312282766.0,0.06972,0.06833,0.07096,0.06846,0.06958,0.06846,18857840000,0.06959,0.06959,0.06846,1312282766.0,1312282766.0,1312282766.0,,3,SUR,-1.85,
TQBR,2016-02-10,ВТБ ао,VTBR,17345,851169611.9,0.06871,0.06782,0.06993,0.0694,0.06863,0.0694,12403710000,0.06862,0.06862,0.0694,851169611.9,851169611.9,851169611.9,,3,SUR,1.37,
TQBR,2016-02-11,ВТБ ао,VTBR,31469,1486425430.1,0.06895,0.06654,0.06918,0.06794,0.06761,0.06794,21985150000,0.06761,0.06761,0.06794,1486425430.1,1486425430.1,1486425430.1,,3,SUR,-2.1,
TQBR,2016-02-12,ВТБ ао,VTBR,17081,701790269.1,0.06834,0.06817,0.06948,0.0693,0.06874,0.0693,10205840000,0.06876,0.06876,0.0693,701790269.1,701790269.1,701790269.1,,3,SUR,2.0,
TQBR,2016-02-15,ВТБ ао,VTBR,18315,830144747.9,0.0704,0.06985,0.07111,0.0706,0.07049,0.0706,11776960000,0.07049,0.07049,0.0706,830144747.9,830144747.9,830144747.9,,3,SUR,1.88,
TQBR,2016-02-16,ВТБ ао,VTBR,18105,928426415.6,0.0712,0.07003,0.0717,0.07046,0.07063,0.07046,13144250000,0.07063,0.07063,0.07046,928426415.6,928426415.6,928426415.6,,3,SUR,-0.2,
TQBR,2016-02-17,ВТБ ао,VTBR,18095,945898936.1,0.07015,0.06973,0.0717,0.07132,0.07105,0.07132,13312790000,0.07105,0.07105,0.07132,945898936.1,945898936.1,945898936.1,,3,SUR,1.22,
TQBR,2016-02-18,ВТБ ао,VTBR,28680,1618748417.7,0.07171,0.07157,0.0739,0.07355,0.07301,0.07355,22172290000,0.07301,0.07301,0.07355,1618748417.7,1618748417.7,1618748417.7,,3,SUR,3.13,
TQBR,2016-02-19,ВТБ ао,VTBR,16056,964204251.3,0.07258,0.0719,0.07325,0.0727,0.07261,0.0727,13279170000,0.07261,0.07261,0.0727,964204251.3,964204251.3,964204251.3,,3,SUR,-1.16,
TQBR,2016-02-20,ВТБ ао,VTBR,7319,210336102.8,0.07261,0.07226,0.0732,0.07231,0.07264,0.07231,2895550000,0.07264,0.07264,0.07231,210336102.8,210336102.8,210336102.8,,3,SUR,-0.54,
TQBR,2016-02-22,ВТБ ао,VTBR,9661,373120158.6,0.07235,0.07222,0.07378,0.0733,0.0733,0.0733,5090520000,0.0733,0.0733,0.0733,373120158.6,373120158.6,373120158.6,,3,SUR,1.37,
TQBR,2016-02-24,ВТБ ао,VTBR,20913,947530235.8,0.07257,0.07082,0.07294,0.07175,0.0717,0.07175,13215790000,0.0717,0.0717,0.07175,947530235.8,947530235.8,947530235.8,,3,SUR,-2.11,
TQBR,2016-02-25,ВТБ ао,VTBR,19772,961776217.1,0.07198,0.07085,0.0727,0.07144,0.07189,0.07144,13379170000,0.07189,0.07189,0.07144,961776217.1,961776217.1,961776217.1,,3,SUR,-0.43,
TQBR,2016-02-26,ВТБ ао,VTBR,15935,890411509.5,0.07221,0.0717,0.07281,0.07198,0.07221,0.07198,12319030000,0.07228,0.07228,0.07198,890411509.5,890411509.5,890411509.5,,3,SUR,0.76,
TQBR,2016-02-29,ВТБ ао,VTBR,15626,899418590.7,0.07153,0.07126,0.0734,0.0734,0.07214,0.0734,12467430000,0.07214,0.07214,0.0734,899418590.7,899418590.7,899418590.7,,3,SUR,1.97,
TQBR,2016-03-01,ВТБ ао,VTBR,22642,1400027741.4,0.07348,0.0721,0.0748,0.0722,0.07348,0.0722,19052620000,0.07348,0.07348,0.0722,1400027741.4,1400027741.4,1400027741.4,,3,SUR,-1.63,
TQBR,2016-03-02,ВТБ ао,VTBR,12917,680666707.3,0.073,0.07208,0.07309,0.0725,0.07267,0.0725,9367000000,0.07267,0.07267,0.0725,680666707.3,680666707.3,680666707.3,,3,SUR,0.42,
TQBR,2016-03-03,ВТБ ао,VTBR,18256,912978357.9,0.0729,0.07222,0.0738,0.0733,0.07306,0.0733,12495610000,0.07306,0.07306,0.0733,912978357.9,912978357.9,912978357.9,,3,SUR,1.1,
TQBR,2016-03-04,ВТБ ао,VTBR,12477,774174828.4,0.07353,0.07291,0.0745,0.0745,0.07348,0.0745,10536660000,0.07347,0.07347,0.0745,774174828.4,774174828.4,774174828.4,,3,SUR,1.64,
TQBR,2016-03-07,ВТБ ао,VTBR,14797,1009661087.4,0.07458,0.07458,0.0771,0.0771,0.0761,0.0771,13267920000,0.0761,0.0761,0.0771,1009661087.4,1009661087.4,1009661087.4,,3,SUR,3.49,
TQBR,2016-03-09,ВТБ ао,VTBR,14569,820022572.6,0.07614,0.07515,0.0766,0.07563,0.07587,0.07563,10806380000,0.07588,0.07588,0.07563,820022572.6,820022572.6,820022572.6,,3,SUR,-1.91,
TQBR,2016-03-10,ВТБ ао,VTBR,16570,1091920678.9,0.07608,0.07445,0.07666,0.07618,0.07595,0.07618,14376380000,0.07595,0.07595,0.07618,1091920678.9,1091920678.9,1091920678.9,,3,SUR,0.73,
TQBR,2016-03-11,ВТБ ао,VTBR,17492,980021428.5,0.07649,0.0756,0.07678,0.0765,0.07625,0.0765,12852240000,0.07625,0.07625,0.0765,980021428.5,980021428.5,980021428.5,,3,SUR,0.42,
TQBR,2016-03-14,ВТБ ао,VTBR,14888,730327379.9,0.07698,0.0745,0.07698,0.07488,0.07516,0.07488,9717360000,0.07516,0.07516,0.07488,730327379.9,730327379.9,730327379.9,,3,SUR,-2.12,
TQBR,2016-03-15,ВТБ ао,VTBR,19215,1758657036.6,0.0751,0.07394,0.07552,0.07456,0.07487,0.07456,23488600000,0.07487,0.07487,0.07456,1758657036.6,1758657036.6,1758657036.6,,3,SUR,-0.43,
TQBR,2016-03-16,ВТБ ао,VTBR,15037,597989536.2,0.07473,0.07417,0.0759,0.0759,0.07501,0.0759,7972350000,0.07501,0.07501,0.0759,597989536.2,597989536.2,597989536.2,,3,SUR,1.8,
TQBR,2016-03-17,ВТБ ао,VTBR,22895,1501290411.3,0.07634,0.07612,0.0779,0.07719,0.07708,0.07719,19478380000,0.07707,0.07707,0.07719,1501290411.3,1501290411.3,1501290411.3,,3,SUR,1.7,
TQBR,2016-03-18,ВТБ ао,VTBR,18897,1460654909.0,0.07703,0.07654,0.07854,0.07756,0.07771,0.07756,18796920000,0.07771,0.07771,0.07756,1460654909.0,1460654909.0,1460654909.0,,3,SUR,0.48,
TQBR,2016-03-21,ВТБ ао,VTBR,20408,1073608418.6,0.07725,0.0748,0.07725,0.0753,0.07573,0.0753,14182170000,0.0757,0.0757,0.0753,1073608418.6,1073608418.6,1073608418.6,,3,SUR,-2.91,
TQBR,2016-03-22,ВТБ ао,VTBR,22620,1339788856.2,0.07535,0.07266,0.07595,0.07346,0.07396,0.07346,18122800000,0.07393,0.07393,0.07346,1339788856.2,1339788856.2,1339788856.2,,3,SUR,-2.44,
TQBR,2016-03-23,ВТБ ао,VTBR,12941,848216945.1,0.0735,0.07285,0.07445,0.07365,0.07355,0.07365,11532840000,0.07355,0.07355,0.07365,848216945.1,848216945.1,848216945.1,,3,SUR,0.26,
TQBR,2016-03-24,ВТБ ао,VTBR,10087,740470227.3,0.0733,0.07308,0.07421,0.074,0.07386,0.074,10025360000,0.07386,0.07386,0.074,740470227.3,740470227.3,740470227.3,,3,SUR,0.48,
TQBR,2016-03-25,ВТБ ао,VTBR,7853,344060746.5,0.0745,0.07359,0.0747,0.07367,0.07411,0.07367,4642210000,0.07412,0.07412,0.07367,344060746.5,344060746.5,344060746.5,,3,SUR,-0.45,
TQBR,2016-03-28,ВТБ ао,VTBR,16899,758121050.8,0.074,0.07192,0.07419,0.07254,0.07282,0.07254,10411020000,0.07282,0.07282,0.07254,758121050.8,758121050.8,758121050.8,,3,SUR,-1.53,
TQBR,2016-03-29,ВТБ ао,VTBR,12903,809909290.1,0.07246,0.07167,0.073,0.073,0.07234,0.073,11196160000,0.07234,0.07234,0.073,809909290.1,809909290.1,809909290.1,,3,SUR,0.63,
TQBR,2016-03-30,ВТБ ао,VTBR,14620,912393814.4,0.0736,0.07331,0.0747,0.0747,0.07417,0.0747,12301670000,0.07417,0.07417,0.0747,912393814.4,912393814.4,912393814.4,,3,SUR,2.33,
TQBR,2016-03-31,ВТБ ао,VTBR,39041,2214054606.6,0.07411,0.07407,0.07755,0.07668,0.07604,0.07668,29117200000,0.07604,0.07604,0.07668,2214054606.6,2214054606.6,2214054606.6,,3,SUR,2.65,
TQBR,2016-04-01,ВТБ ао,VTBR,21291,1319576386.6,0.07639,0.07352,0.07646,0.0745,0.07469,0.0745,17667680000,0.07469,0.07469,0.0745,1319576386.6,1319576386.6,1319576386.6,,3,SUR,-2.84,
TQBR,2016-04-04,ВТБ ао,VTBR,17253,921779973.6,0.074,0.07384,0.07643,0.07555,0.07534,0.07555,12234390000,0.07534,0.07534,0.07555,921779973.6,921779973.6,921779973.6,,3,SUR,1.41,
TQBR,2016-04-05,ВТБ ао,VTBR,12152,642332297.1,0.07495,0.07383,0.07549,0.07398,0.07452,0.07398,8619600000,0.07452,0.07452,0.07398,642332297.1,642332297.1,642332297.1,,3,SUR,-2.08,
TQBR,2016-04-06,ВТБ ао,VTBR,15429,725518340.5,0.07445,0.07307,0.07467,0.0739,0.07394,0.0739,9811910000,0.07394,0.07394,0.0739,725518340.5,725518340.5,725518340.5,,3,SUR,-0.11,
TQBR,2016-04-07,ВТБ ао,VTBR,12783,604865655.5,0.07447,0.0735,0.07495,0.07437,0.07416,0.07437,8155770000,0.07416,0.07416,0.07437,604865655.5,604865655.5,604865655.5,,3,SUR,0.64,
TQBR,2016-04-08,ВТБ ао,VTBR,15723,1006105288.7,0.07441,0.07411,0.07599,0.07465,0.07516,0.07465,13385940000,0.07516,0.07516,0.07465,1006105288.7,1006105288.7,1006105288.7,,3,SUR,0.38,
TQBR,2016-04-11,ВТБ ао,VTBR,20938,1051634427.8,0.07494,0.0746,0.07695,0.07694,0.07603,0.07694,13832570000,0.07603,0.07603,0.07694,1051634427.8,1051634427.8,1051634427.8,,3,SUR,3.07,
TQBR,2016-04-12,ВТБ ао,VTBR,19609,1053156783.7,0.07671,0.07505,0.0775,0.0751,0.07618,0.0751,13824920000,0.07618,0.07618,0.0751,1053156783.7,1053156783.7,1053156783.7,,3,SUR,-2.39,
TQBR,2016-04-13,ВТБ ао,VTBR,19619,1195706255.7,0.07533,0.07533,0.0774,0.0768,0.07658,0.0768,15613800000,0.07658,0.07658,0.0768,1195706255.7,1195706255.7,1195706255.7,,3,SUR,2.26,
TQBR,2016-04-14,ВТБ ао,VTBR,32967,2196151786.6,0.07666,0.0732,0.07731,0.07485,0.075,0.07485,29282320000,0.075,0.075,0.07485,2196151786.6,2196151786.6,2196151786.6,,3,SUR,-2.54,
TQBR,2016-04-15,ВТБ ао,VTBR,21138,1896364107.5,0.07489,0.07367,0.07577,0.07527,0.07479,0.07527,25356630000,0.07479,0.07479,0.07527,1896364107.5,1896364107.5,1896364107.5,,3,SUR,0.56,
TQBR,2016-04-18,ВТБ ао,VTBR,27544,1616691372.3,0.0738,0.07208,0.07447,0.0735,0.07301,0.0735,22144150000,0.07301,0.07301,0.0735,1616691372.3,1616691372.3,1616691372.3,,3,SUR,-2.35,
TQBR,2016-04-19,ВТБ ао,VTBR,28264,2069909499.9,0.0736,0.07266,0.07469,0.0734,0.07369,0.0734,28089000000,0.07369,0.07369,0.0734,2069909499.9,2069909499.9,2069909499.9,,3,SUR,-0.14,
TQBR,2016-04-20,ВТБ ао,VTBR,20132,1233767504.8,0.0732,0.07217,0.0735,0.07341,0.07283,0.07341,16940490000,0.07283,0.07283,0.07341,1233767504.8,1233767504.8,1233767504.8,,3,SUR,0.01,
TQBR,2016-04-21,ВТБ ао,VTBR,30342,1662372378.9,0.074,0.07131,0.07423,0.07164,0.07251,0.07164,22926570000,0.07251,0.07251,0.07164,1662372378.9,1662372378.9,1662372378.9,,3,SUR,-2.41,
TQBR,2016-04-22,ВТБ ао,VTBR,25079,1406896746.9,0.07174,0.07072,0.07265,0.072,0.07162,0.072,19645210000,0.07162,0.07162,0.072,1406896746.9,1406896746.9,1406896746.9,,3,SUR,0.5,
TQBR,2016-04-25,ВТБ ао,VTBR,20872,1043550244.2,0.0719,0.07093,0.07237,0.07154,0.07157,0.07154,14582640000,0.07156,0.07156,0.07154,1043550244.2,1043550244.2,1043550244.2,,3,SUR,-0.64,
TQBR,2016-04-26,ВТБ ао,VTBR,20070,1088278270.1,0.07141,0.06952,0.0719,0.0702,0.0706,0.0702,15414770000,0.0706,0.0706,0.0702,1088278270.1,1088278270.1,1088278270.1,,3,SUR,-1.87,
TQBR,2016-04-27,ВТБ ао,VTBR,18786,993511366.0,0.07088,0.07003,0.07173,0.07087,0.07062,0.07087,14069050000,0.07062,0.07062,0.07087,993511366.0,993511366.0,993511366.0,,3,SUR,0.95,
TQBR,2016-04-28,ВТБ ао,VTBR,13962,740903382.1,0.07075,0.07019,0.07145,0.07145,0.07069,0.07145,10482500000,0.07068,0.07068,0.07145,740903382.1,740903382.1,740903382.1,,3,SUR,0.82,
TQBR,2016-04-29,ВТБ ао,VTBR,23965,1367558414.4,0.07125,0.06981,0.0718,0.07005,0.07049,0.07005,19401260000,0.07049,0.07049,0.07005,1367558414.4,1367558414.4,1367558414.4,,3,SUR,-1.96,
TQBR,2016-05-04,ВТБ ао,VTBR,27848,2525568448.9,0.0694,0.06763,0.0701,0.0701,0.06884,0.0701,36691660000,0.06883,0.06883,0.0701,2525568448.9,2525568448.9,2525568448.9,,3,SUR,0.07,
TQBR,2016-05-05,ВТБ ао,VTBR,16997,1323739155.8,0.07017,0.06882,0.0702,0.0702,0.0695,0.0702,19047360000,0.0695,0.0695,0.0702,1323739155.8,1323739155.8,1323739155.8,,3,SUR,0.14,
TQBR,2016-05-06,ВТБ ао,VTBR,16787,928617541.4,0.06975,0.06851,0.06989,0.069,0.06909,0.069,13440250000,0.06909,0.06909,0.069,928617541.4,928617541.4,928617541.4,,3,SUR,-1.71,
TQBR,2016-05-10,ВТБ ао,VTBR,20901,1131870229.8,0.06855,0.06805,0.06934,0.0685,0.06839,0.0685,16551040000,0.06839,0.06839,0.0685,1131870229.8,1131870229.8,1131870229.8,,3,SUR,-0.72,
TQBR,2016-05-11,ВТБ ао,VTBR,24371,1463962285.0,0.06854,0.06837,0.06982,0.0695,0.06907,0.0695,21192590000,0.06908,0.06908,0.0695,1463962285.0,1463962285.0,1463962285.0,,3,SUR,1.46,
TQBR,2016-05-12,ВТБ ао,VTBR,19422,1034656634.5,0.0698,0.06835,0.07046,0.069,0.06951,0.069,14883520000,0.06952,0.06952,0.069,1034656634.5,1034656634.5,1034656634.5,,3,SUR,-0.72,
TQBR,2016-05-13,ВТБ ао,VTBR,20852,808567090.8,0.06888,0.06805,0.06921,0.0688,0.06858,0.0688,11790340000,0.06858,0.06858,0.0688,808567090.8,808567090.8,808567090.8,,3,SUR,-0.29,
TQBR,2016-05-16,ВТБ ао,VTBR,17777,967987332.6,0.06944,0.06901,0.07012,0.06959,0.06972,0.06959,13883110000,0.06972,0.06972,0.06959,967987332.6,967987332.6,967987332.6,,3,SUR,1.15,
TQBR,2016-05-17,ВТБ ао,VTBR,34688,1181114788.8,0.06971,0.0681,0.06999,0.0689,0.06865,0.0689,17206350000,0.06864,0.06864,0.0689,1181114788.8,1181114788.8,1181114788.8,,3,SUR,-0.99,
TQBR,2016-05-18,ВТБ ао,VTBR,11676,429374637.1,0.0686,0.06836,0.06914,0.069,0.06873,0.069,6247600000,0.06873,0.06873,0.069,429374637.1,429374637.1,429374637.1,,3,SUR,0.15,
TQBR,2016-05-19,ВТБ ао,VTBR,15775,653285047.7,0.0686,0.06815,0.06874,0.06816,0.06836,0.06816,9556220000,0.06836,0.06836,0.06816,653285047.7,653285047.7,653285047.7,,3,SUR,-1.22,
TQBR,2016-05-20,ВТБ ао,VTBR,22897,973023754.7,0.0686,0.06716,0.06864,0.0685,0.06789,0.0685,14333890000,0.06788,0.06788,0.0685,973023754.7,973023754.7,973023754.7,,3,SUR,0.5,
TQBR,2016-05-23,ВТБ ао,VTBR,12466,510884562.9,0.0682,0.0676,0.0685,0.0685,0.06814,0.0685,7498180000,0.06813,0.06813,0.0685,510884562.9,510884562.9,510884562.9,,3,SUR,0.0,
TQBR,2016-05-24,ВТБ ао,VTBR,14732,618125656.0,0.06834,0.06788,0.069,0.069,0.06839,0.069,9038980000,0.06838,0.06838,0.069,618125656.0,618125656.0,618125656.0,,3,SUR,0.73,
TQBR,2016-05-25,ВТБ ао,VTBR,18442,1089848125.6,0.06929,0.0692,0.07026,0.0699,0.06978,0.0699,15618200000,0.06978,0.06978,0.0699,1089848125.6,1089848125.6,1089848125.6,,3,SUR,1.3,
TQBR,2016-05-26,ВТБ ао,VTBR,21423,1239528213.6,0.07035,0.06905,0.07075,0.07,0.06992,0.07,17727290000,0.06992,0.06992,0.07,1239528213.6,1239528213.6,1239528213.6,,3,SUR,0.14,
TQBR,2016-05-27,ВТБ ао,VTBR,8800,560897499.2,0.06961,0.06909,0.0699,0.06922,0.06943,0.06922,8078420000,0.06943,0.06943,0.06922,560897499.2,560897499.2,560897499.2,,3,SUR,-1.11,
TQBR,2016-05-30,ВТБ ао,VTBR,9985,446996429.6,0.06942,0.0691,0.0702,0.06987,0.0696,0.06987,6422350000,0.0696,0.0696,0.06987,446996429.6,446996429.6,446996429.6,,3,SUR,0.94,
TQBR,2016-05-31,ВТБ ао,VTBR,15074,1055216497.5,0.06962,0.06778,0.0703,0.0684,0.06917,0.0684,15254310000,0.06917,0.06917,0.0684,1055216497.5,1055216497.5,1055216497.5,,3,SUR,-2.1,
TQBR,2016-06-01,ВТБ ао,VTBR,18266,863890794.8,0.06848,0.06794,0.06882,0.06832,0.06833,0.06832,12643310000,0.06833,0.06833,0.06832,863890794.8,863890794.8,863890794.8,,3,SUR,-0.12,
TQBR,2016-06-02,ВТБ ао,VTBR,11730,554349023.3,0.06854,0.06777,0.0686,0.06792,0.0681,0.06792,8139940000,0.0681,0.0681,0.06792,554349023.3,554349023.3,554349023.3,,3,SUR,-0.59,
TQBR,2016-06-03,ВТБ ао,VTBR,17718,768689476.4,0.06805,0.06792,0.06888,0.0684,0.06836,0.0684,11244810000,0.06836,0.06836,0.0684,768689476.4,768689476.4,768689476.4,,3,SUR,0.71,
TQBR,2016-06-06,ВТБ ао,VTBR,13248,643970510.3,0.0682,0.06808,0.0699,0.0695,0.06952,0.0695,9262710000,0.06952,0.06952,0.0695,643970510.3,643970510.3,643970510.3,,3,SUR,1.61,
TQBR,2016-06-07,ВТБ ао,VTBR,15254,1034024974.4,0.06932,0.0692,0.07086,0.0703,0.07022,0.0703,14724000000,0.07023,0.07023,0.0703,1034024974.4,1034024974.4,1034024974.4,,3,SUR,1.15,
TQBR,2016-06-08,ВТБ ао,VTBR,16916,1237886579.0,0.07057,0.06963,0.0721,0.072,0.07092,0.072,17454930000,0.07092,0.07092,0.072,1237886579.0,1237886579.0,1237886579.0,,3,SUR,2.42,
TQBR,2016-06-09,ВТБ ао,VTBR,27129,2024174009.2,0.07205,0.07205,0.07359,0.073,0.07282,0.073,27795360000,0.07282,0.07282,0.073,2024174009.2,2024174009.2,2024174009.2,,3,SUR,1.39,
TQBR,2016-06-10,ВТБ ао,VTBR,14920,1762463874.5,0.0726,0.07154,0.0731,0.0728,0.0726,0.0728,24280030000,0.07259,0.07259,0.0728,1762463874.5,1762463874.5,1762463874.5,,3,SUR,-0.27,
TQBR,2016-06-14,ВТБ ао,VTBR,17068,1953354733.0,0.07226,0.0705,0.07272,0.071,0.07103,0.071,27502360000,0.07102,0.07102,0.071,1953354733.0,1953354733.0,1953354733.0,,3,SUR,-2.47,
TQBR,2016-06-15,ВТБ ао,VTBR,21240,1355984134.7,0.0708,0.07005,0.07175,0.07013,0.07103,0.07013,19090140000,0.07103,0.07103,0.07013,1355984134.7,1355984134.7,1355984134.7,,3,SUR,-1.23,
TQBR,2016-06-16,ВТБ ао,VTBR,26113,1208072976.9,0.06953,0.06776,0.06999,0.0692,0.06891,0.0692,17531950000,0.06891,0.06891,0.0692,1208072976.9,1208072976.9,1208072976.9,,3,SUR,-1.33,
TQBR,2016-06-17,ВТБ ао,VTBR,12646,918854906.4,0.06957,0.06835,0.0707,0.069,0.0695,0.069,13221440000,0.0695,0.0695,0.069,918854906.4,918854906.4,918854906.4,,3,SUR,-0.29,
TQBR,2016-06-20,ВТБ ао,VTBR,9191,409444250.5,0.06962,0.06926,0.07038,0.06999,0.06984,0.06999,5862910000,0.06984,0.06984,0.06999,409444250.5,409444250.5,409444250.5,,3,SUR,1.43,
TQBR,2016-06-21,ВТБ ао,VTBR,11815,429961753.4,0.06962,0.0691,0.07045,0.07018,0.0697,0.07018,6169200000,0.06969,0.06969,0.07018,429961753.4,429961753.4,429961753.4,,3,SUR,0.27,
TQBR,2016-06-22,ВТБ ао,VTBR,14074,625031257.6,0.07018,0.0688,0.07043,0.069,0.06938,0.069,9008420000,0.06938,0.06938,0.069,625031257.6,625031257.6,625031257.6,,3,SUR,-1.68,
TQBR,2016-06-23,ВТБ ао,VTBR,9292,385222320.7,0.06935,0.06834,0.06974,0.0695,0.06908,0.0695,5576950000,0.06907,0.06907,0.0695,385222320.7,385222320.7,385222320.7,,3,SUR,0.72,
TQBR,2016-06-24,ВТБ ао,VTBR,18986,1102111814.0,0.06846,0.0665,0.06878,0.06878,0.06769,0.06878,16277460000,0.06771,0.06771,0.06878,1102111814.0,1102111814.0,1102111814.0,,3,SUR,-1.04,
TQBR,2016-06-27,ВТБ ао,VTBR,13579,588405648.4,0.06854,0.067,0.06876,0.067,0.06752,0.067,8714060000,0.06752,0.06752,0.067,588405648.4,588405648.4,588405648.4,,3,SUR,-2.59,
TQBR,2016-06-28,ВТБ ао,VTBR,18306,694321032.0,0.06746,0.06655,0.06774,0.06763,0.06708,0.06763,10351090000,0.06708,0.06708,0.06763,694321032.0,694321032.0,694321032.0,,3,SUR,0.94,
TQBR,2016-06-29,ВТБ ао,VTBR,9810,510069720.2,0.06778,0.06755,0.0687,0.0687,0.06798,0.0687,7503450000,0.06798,0.06798,0.0687,510069720.2,510069720.2,510069720.2,,3,SUR,1.58,
TQBR,2016-06-30,ВТБ ао,VTBR,11022,696416826.9,0.0688,0.06731,0.069,0.068,0.06814,0.068,10219700000,0.06814,0.06814,0.068,696416826.9,696416826.9,696416826.9,,3,SUR,-1.02,
TQBR,2016-07-01,ВТБ ао,VTBR,9802,460311121.5,0.06735,0.0671,0.06805,0.06735,0.06747,0.06735,6822230000,0.06747,0.06747,0.06735,460311121.5,460311121.5,460311121.5,,3,SUR,-0.96,
TQBR,2016-07-04,ВТБ ао,VTBR,6923,302511628.8,0.0677,0.0669,0.06788,0.06739,0.06729,0.06739,4495900000,0.06729,0.06729,0.06739,302511628.8,302511628.8,302511628.8,,3,SUR,0.06,
TQBR,2016-07-05,ВТБ ао,VTBR,7849,240519654.3,0.06722,0.0667,0.06738,0.06701,0.06695,0.06701,3592640000,0.06695,0.06695,0.06701,240519654.3,240519654.3,240519654.3,,3,SUR,-0.56,
TQBR,2016-07-06,ВТБ ао,VTBR,9145,364847342.5,0.06676,0.06654,0.0674,0.06723,0.06688,0.06723,5455290000,0.06688,0.06688,0.06723,364847342.5,364847342.5,364847342.5,,3,SUR,0.33,
TQBR,2016-07-07,ВТБ ао,VTBR,21912,1031756740.3,0.0675,0.06739,0.06937,0.06805,0.0686,0.06805,15043010000,0.06859,0.06859,0.06805,1031756740.3,1031756740.3,1031756740.3,,3,SUR,1.22,
TQBR,2016-07-08,ВТБ ао,VTBR,13500,486660009.8,0.06753,0.06751,0.0685,0.06819,0.06803,0.06819,7153310000,0.06803,0.06803,0.06819,486660009.8,486660009.8,486660009.8,,3,SUR,0.21,
TQBR,2016-07-11,ВТБ ао,VTBR,10600,463832823.7,0.0685,0.06795,0.06947,0.06889,0.06877,0.06889,6744880000,0.06877,0.06877,0.06889,463832823.7,463832823.7,463832823.7,,3,SUR,1.03,
TQBR,2016-07-12,ВТБ ао,VTBR,13365,592891482.3,0.06905,0.06881,0.06994,0.06905,0.06947,0.06905,8533980000,0.06947,0.06947,0.06905,592891482.3,592891482.3,592891482.3,,3,SUR,0.23,
TQBR,2016-07-13,ВТБ ао,VTBR,15629,824365840.1,0.06906,0.06748,0.06936,0.0675,0.06815,0.0675,12096590000,0.06815,0.06815,0.0675,824365840.1,824365840.1,824365840.1,,3,SUR,-2.24,
TQBR,2016-07-14,ВТБ ао,VTBR,11296,457236516.1,0.0679,0.06764,0.06849,0.06849,0.06805,0.06849,6719040000,0.06805,0.06805,0.06849,457236516.1,457236516.1,457236516.1,,3,SUR,1.47,
TQBR,2016-07-15,ВТБ ао,VTBR,9346,466543647.7,0.0683,0.0676,0.06857,0.06832,0.06802,0.06832,6859530000,0.06801,0.06801,0.06832,466543647.7,466543647.7,466543647.7,,3,SUR,-0.25,
TQBR,2016-07-18,ВТБ ао,VTBR,8592,490868349.9,0.06823,0.06786,0.06882,0.06875,0.06844,0.06875,7172220000,0.06844,0.06844,0.06875,490868349.9,490868349.9,490868349.9,,3,SUR,0.63,
TQBR,2016-07-19,ВТБ ао,VTBR,18198,1263455334.4,0.06853,0.0668,0.06853,0.0676,0.0674,0.0676,18747100000,0.06739,0.06739,0.0676,1263455334.4,1263455334.4,1263455334.4,,3,SUR,-1.67,
TQBR,2016-07-20,ВТБ ао,VTBR,12174,492292999.0,0.06711,0.06661,0.06767,0.0669,0.06714,0.0669,7332540000,0.06714,0.06714,0.0669,492292999.0,492292999.0,492292999.0,,3,SUR,-1.04,
TQBR,2016-07-21,ВТБ ао,VTBR,6576,270006786.2,0.06723,0.06689,0.06763,0.06759,0.06731,0.06759,4011850000,0.0673,0.0673,0.06759,270006786.2,270006786.2,270006786.2,,3,SUR,1.03,
TQBR,2016-07-22,ВТБ ао,VTBR,5268,241453072.8,0.06739,0.06711,0.06787,0.06711,0.06746,0.06711,3578750000,0.06747,0.06747,0.06711,241453072.8,241453072.8,241453072.8,,3,SUR,-0.71,
TQBR,2016-07-25,ВТБ ао,VTBR,8650,370824511.2,0.06744,0.0672,0.0682,0.06794,0.06778,0.06794,5470820000,0.06778,0.06778,0.06794,370824511.2,370824511.2,370824511.2,,3,SUR,1.24,
TQBR,2016-07-26,ВТБ ао,VTBR,9080,315627512.6,0.06788,0.06712,0.0682,0.06771,0.06767,0.06771,4664200000,0.06767,0.06767,0.06771,315627512.6,315627512.6,315627512.6,,3,SUR,-0.34,
TQBR,2016-07-27,ВТБ ао,VTBR,9472,351181414.8,0.06796,0.06775,0.06854,0.0685,0.06822,0.0685,5148180000,0.06821,0.06821,0.0685,351181414.8,351181414.8,351181414.8,,3,SUR,1.17,
TQBR,2016-07-28,ВТБ ао,VTBR,10079,344327962.0,0.06858,0.06787,0.06858,0.06818,0.06822,0.06818,5047560000,0.06822,0.06822,0.06818,344327962.0,344327962.0,344327962.0,,3,SUR,-0.47,
TQBR,2016-07-29,ВТБ ао,VTBR,10097,544538645.4,0.06825,0.06732,0.06838,0.06741,0.06774,0.06741,8039010000,0.06774,0.06774,0.06741,544538645.4,544538645.4,544538645.4,,3,SUR,-1.13,
TQBR,2016-08-01,ВТБ ао,VTBR,11561,407616342.9,0.06793,0.06655,0.06821,0.06692,0.06742,0.06692,6046190000,0.06742,0.06742,0.06692,407616342.9,407616342.9,407616342.9,,3,SUR,-0.73,
TQBR,2016-08-02,ВТБ ао,VTBR,17711,589619014.7,0.06696,0.0664,0.06739,0.06719,0.06687,0.06719,8817570000,0.06687,0.06687,0.06719,589619014.7,589619014.7,589619014.7,,3,SUR,0.4,
TQBR,2016-08-03,ВТБ ао,VTBR,9876,267484168.2,0.06719,0.0666,0.06731,0.06716,0.06693,0.06716,3996450000,0.06693,0.06693,0.06716,267484168.2,267484168.2,267484168.2,,3,SUR,-0.04,
TQBR,2016-08-04,ВТБ ао,VTBR,16343,763696924.7,0.06733,0.06705,0.0686,0.0684,0.06785,0.0684,11255140000,0.06785,0.06785,0.0684,763696924.7,763696924.7,763696924.7,,3,SUR,1.85,
TQBR,2016-08-05,ВТБ ао,VTBR,16598,863082390.8,0.06855,0.0671,0.06895,0.06762,0.06785,0.06762,12719750000,0.06785,0.06785,0.06762,863082390.8,863082390.8,863082390.8,,3,SUR,-1.14,
TQBR,2016-08-08,ВТБ ао,VTBR,7779,311530709.7,0.06785,0.0673,0.06837,0.06805,0.06792,0.06805,4586590000,0.06792,0.06792,0.06805,311530709.7,311530709.7,311530709.7,,3,SUR,0.64,
TQBR,2016-08-09,ВТБ ао,VTBR,7702,291275773.8,0.068,0.06731,0.06818,0.06765,0.06782,0.06765,4294830000,0.06782,0.06782,0.06765,291275773.8,291275773.8,291275773.8,,3,SUR,-0.59,
TQBR,2016-08-10,ВТБ ао,VTBR,21625,399898316.6,0.06793,0.06721,0.06815,0.0677,0.06764,0.0677,5912350000,0.06764,0.06764,0.0677,399898316.6,399898316.6,399898316.6,,3,SUR,0.07,
TQBR,2016-08-11,ВТБ ао,VTBR,17612,508089781.8,0.0675,0.06677,0.06782,0.06777,0.06724,0.06777,7556160000,0.06724,0.06724,0.06777,508089781.8,508089781.8,508089781.8,,3,SUR,0.1,
TQBR,2016-08-12,ВТБ ао,VTBR,11220,467716473.0,0.0679,0.06764,0.06822,0.068,0.06793,0.068,6885800000,0.06792,0.06792,0.068,467716473.0,467716473.0,467716473.0,,3,SUR,0.34,
TQBR,2016-08-15,ВТБ ао,VTBR,28793,1811012881.1,0.06819,0.0666,0.0683,0.0674,0.06709,0.0674,26996100000,0.06708,0.06708,0.0674,1811012881.1,1811012881.1,1811012881.1,,3,SUR,-0.88,
TQBR,2016-08-16,ВТБ ао,VTBR,23034,1847840359.2,0.06742,0.06622,0.06787,0.0666,0.06697,0.0666,27594630000,0.06696,0.06696,0.0666,1847840359.2,1847840359.2,1847840359.2,,3,SUR,-1.19,
TQBR,2016-08-17,ВТБ ао,VTBR,12066,720695811.8,0.06683,0.06612,0.067,0.067,0.06662,0.067,10817660000,0.06662,0.06662,0.067,720695811.8,720695811.8,720695811.8,,3,SUR,0.6,
TQBR,2016-08-18,ВТБ ао,VTBR,8313,415983338.5,0.067,0.0665,0.06718,0.067,0.06676,0.067,6230970000,0.06676,0.06676,0.067,415983338.5,415983338.5,415983338.5,,3,SUR,0.0,
TQBR,2016-08-19,ВТБ ао,VTBR,12158,1023738148.8,0.06688,0.0662,0.06717,0.067,0.06667,0.067,15355760000,0.06667,0.06667,0.067,1023738148.8,1023738148.8,1023738148.8,,3,SUR,0.0,
TQBR,2016-08-22,ВТБ ао,VTBR,8674,468038469.4,0.06673,0.06642,0.067,0.067,0.06668,0.067,7019130000,0.06668,0.06668,0.067,468038469.4,468038469.4,468038469.4,,3,SUR,0.0,
TQBR,2016-08-23,ВТБ ао,VTBR,14961,447170974.8,0.0668,0.0666,0.06756,0.06749,0.06722,0.06749,6652130000,0.06722,0.06722,0.06749,447170974.8,447170974.8,447170974.8,,3,SUR,0.73,
TQBR,2016-08-24,ВТБ ао,VTBR,9775,262178416.5,0.0673,0.06665,0.06738,0.0672,0.06697,0.0672,3914960000,0.06697,0.06697,0.0672,262178416.5,262178416.5,262178416.5,,3,SUR,-0.43,
TQBR,2016-08-25,ВТБ ао,VTBR,15874,407174680.5,0.0672,0.06675,0.0676,0.0675,0.06724,0.0675,6055410000,0.06724,0.06724,0.0675,407174680.5,407174680.5,407174680.5,,3,SUR,0.45,
TQBR,2016-08-26,ВТБ ао,VTBR,24034,702786629.4,0.06723,0.06663,0.06759,0.0671,0.06698,0.0671,10492380000,0.06698,0.06698,0.0671,702786629.4,702786629.4,702786629.4,,3,SUR,-0.59,
TQBR,2016-08-29,ВТБ ао,VTBR,18445,321075953.8,0.06672,0.06667,0.06738,0.06738,0.06698,0.06738,4793900000,0.06698,0.06698,0.06738,321075953.8,321075953.8,321075953.8,,3,SUR,0.42,
TQBR,2016-08-30,ВТБ ао,VTBR,11499,994747524.1,0.0674,0.06707,0.06837,0.0682,0.06779,0.0682,14675820000,0.06778,0.06778,0.0682,994747524.1,994747524.1,994747524.1,,3,SUR,1.22,
TQBR,2016-08-31,ВТБ ао,VTBR,15319,872388163.8,0.068,0.068,0.06869,0.06849,0.06822,0.06849,12788480000,0.06822,0.06822,0.06849,872388163.8,872388163.8,872388163.8,,3,SUR,0.43,
TQBR,2016-09-01,ВТБ ао,VTBR,17815,1177666668.8,0.0683,0.06812,0.07045,0.0702,0.06929,0.0702,16996160000,0.06929,0.06929,0.0702,1177666668.8,1177666668.8,1177666668.8,,3,SUR,2.5,
TQBR,2016-09-02,ВТБ ао,VTBR,53363,4417619257.8,0.07047,0.07014,0.07419,0.07375,0.07291,0.07375,60588340000,0.07291,0.07291,0.07375,4417619257.8,4417619257.8,4417619257.8,,3,SUR,5.06,
TQBR,2016-09-05,ВТБ ао,VTBR,27348,1579055819.8,0.07403,0.07275,0.07487,0.0739,0.07403,0.0739,21329770000,0.07403,0.07403,0.0739,1579055819.8,1579055819.8,1579055819.8,,3,SUR,0.2,
TQBR,2016-09-06,ВТБ ао,VTBR,18387,1368576436.2,0.07401,0.07292,0.07438,0.07425,0.07383,0.07425,18538280000,0.07382,0.07382,0.07425,1368576436.2,1368576436.2,1368576436.2,,3,SUR,0.47,
TQBR,2016-09-07,ВТБ ао,VTBR,25602,1735250441.3,0.07453,0.07426,0.07579,0.07545,0.07488,0.07545,23175350000,0.07487,0.07487,0.07545,1735250441.3,1735250441.3,1735250441.3,,3,SUR,1.62,
TQBR,2016-09-08,ВТБ ао,VTBR,43107,1210486254.5,0.07573,0.07523,0.07677,0.07638,0.0758,0.07638,15968890000,0.0758,0.0758,0.07638,1210486254.5,1210486254.5,1210486254.5,,3,SUR,1.23,
TQBR,2016-09-09,ВТБ ао,VTBR,44890,1538579755.1,0.07583,0.0748,0.07675,0.07675,0.0762,0.07675,20193170000,0.07619,0.07619,0.07675,1538579755.1,1538579755.1,1538579755.1,,3,SUR,0.48,
TQBR,2016-09-12,ВТБ ао,VTBR,38540,2072178024.2,0.07606,0.07429,0.07679,0.075,0.07503,0.075,27618320000,0.07503,0.07503,0.075,2072178024.2,2072178024.2,2072178024.2,,3,SUR,-2.28,
TQBR,2016-09-13,ВТБ ао,VTBR,25808,867996403.0,0.07518,0.0745,0.07559,0.07455,0.07483,0.07455,11599180000,0.07483,0.07483,0.07455,867996403.0,867996403.0,867996403.0,,3,SUR,-0.6,
TQBR,2016-09-14,ВТБ ао,VTBR,18163,910729177.1,0.07455,0.07411,0.0748,0.0745,0.07446,0.0745,12231660000,0.07446,0.07446,0.0745,910729177.1,910729177.1,910729177.1,,3,SUR,-0.07,
TQBR,2016-09-15,ВТБ ао,VTBR,23750,982267720.3,0.0745,0.07001,0.0747,0.0746,0.07409,0.0746,13258500000,0.07409,0.07409,0.0746,982267720.3,982267720.3,982267720.3,,3,SUR,0.13,
TQBR,2016-09-16,ВТБ ао,VTBR,18302,1271180159.9,0.0746,0.0745,0.0756,0.075,0.07486,0.075,16980520000,0.07486,0.07486,0.075,1271180159.9,1271180159.9,1271180159.9,,3,SUR,0.54,
TQBR,2016-09-19,ВТБ ао,VTBR,12904,641512231.5,0.075,0.0744,0.07546,0.0745,0.07492,0.0745,8563690000,0.07491,0.07491,0.0745,641512231.5,641512231.5,641512231.5,,3,SUR,-0.67,
TQBR,2016-09-20,ВТБ ао,VTBR,16376,852253720.0,0.0742,0.0729,0.0745,0.0745,0.07367,0.0745,11568480000,0.07367,0.07367,0.0745,852253720.0,852253720.0,852253720.0,,3,SUR,0.0,
TQBR,2016-09-21,ВТБ ао,VTBR,18121,624963665.1,0.07477,0.07418,0.07503,0.07471,0.07457,0.07471,8381490000,0.07456,0.07456,0.07471,624963665.1,624963665.1,624963665.1,,3,SUR,0.28,
TQBR,2016-09-22,ВТБ ао,VTBR,36421,824996066.3,0.07506,0.07432,0.07585,0.07585,0.07515,0.07585,10977750000,0.07515,0.07515,0.07585,824996066.3,824996066.3,824996066.3,,3,SUR,1.53,
TQBR,2016-09-23,ВТБ ао,VTBR,19344,639313344.1,0.07552,0.07512,0.07585,0.07529,0.07539,0.07529,8480360000,0.07539,0.07539,0.07529,639313344.1,639313344.1,639313344.1,,3,SUR,-0.74,
TQBR,2016-09-26,ВТБ ао,VTBR,28467,864346127.9,0.07484,0.07425,0.0753,0.0748,0.07482,0.0748,11551600000,0.07482,0.07482,0.0748,864346127.9,864346127.9,864346127.9,,3,SUR,-0.65,
TQBR,2016-09-27,ВТБ ао,VTBR,16651,951957106.3,0.07506,0.073,0.07514,0.073,0.07371,0.073,12918220000,0.07369,0.07369,0.073,951957106.3,951957106.3,951957106.3,,3,SUR,-2.41,
TQBR,2016-09-28,ВТБ ао,VTBR,12190,627070052.2,0.0729,0.07255,0.07345,0.07272,0.07299,0.07272,8590970000,0.07299,0.07299,0.07272,627070052.2,627070052.2,627070052.2,,3,SUR,-0.38,
TQBR,2016-09-29,ВТБ ао,VTBR,11380,521269716.8,0.0734,0.07329,0.07388,0.0733,0.07358,0.0733,7085310000,0.07357,0.07357,0.0733,521269716.8,521269716.8,521269716.8,,3,SUR,0.8,
TQBR,2016-09-30,ВТБ ао,VTBR,14912,983506065.7,0.07283,0.0714,0.07323,0.0721,0.07215,0.0721,13632500000,0.07214,0.07214,0.0721,983506065.7,983506065.7,983506065.7,,3,SUR,-1.64,
TQBR,2016-10-03,ВТБ ао,VTBR,14016,626215153.0,0.0721,0.0708,0.07214,0.07183,0.07167,0.07183,8737310000,0.07167,0.07167,0.07183,626215153.0,626215153.0,626215153.0,,3,SUR,-0.37,
TQBR,2016-10-04,ВТБ ао,VTBR,12815,303774662.9,0.07194,0.07145,0.07199,0.07145,0.07166,0.07145,4239070000,0.07166,0.07166,0.07145,303774662.9,303774662.9,303774662.9,,3,SUR,-0.53,
TQBR,2016-10-05,ВТБ ао,VTBR,18277,660964679.6,0.07148,0.07,0.07148,0.0701,0.07048,0.0701,9378380000,0.07048,0.07048,0.0701,660964679.6,660964679.6,660964679.6,,3,SUR,-1.89,
TQBR,2016-10-06,ВТБ ао,VTBR,15386,296084760.4,0.07,0.0698,0.07043,0.07015,0.07014,0.07015,4221470000,0.07014,0.07014,0.07015,296084760.4,296084760.4,296084760.4,,3,SUR,0.07,
TQBR,2016-10-07,ВТБ ао,VTBR,14688,505037885.4,0.07015,0.06959,0.071,0.07018,0.07032,0.07018,7181160000,0.07033,0.07033,0.07018,505037885.4,505037885.4,505037885.4,,3,SUR,0.04,
TQBR,2016-10-10,ВТБ ао,VTBR,18300,1107438256.9,0.07031,0.06908,0.07079,0.07076,0.06979,0.07076,15868890000,0.06979,0.06979,0.07076,1107438256.9,1107438256.9,1107438256.9,,3,SUR,0.83,
TQBR,2016-10-11,ВТБ ао,VTBR,11121,802967663.9,0.07065,0.06955,0.07093,0.0702,0.07011,0.0702,11452800000,0.07011,0.07011,0.0702,802967663.9,802967663.9,802967663.9,,3,SUR,-0.79,
TQBR,2016-10-12,ВТБ ао,VTBR,14337,664752627.1,0.0701,0.06875,0.07058,0.0691,0.06944,0.0691,9572790000,0.06944,0.06944,0.0691,664752627.1,664752627.1,664752627.1,,3,SUR,-1.57,
TQBR,2016-10-13,ВТБ ао,VTBR,9433,534362154.2,0.06853,0.06796,0.06916,0.06869,0.06848,0.06869,7803130000,0.06848,0.06848,0.06869,534362154.2,534362154.2,534362154.2,,3,SUR,-0.59,
TQBR,2016-10-14,ВТБ ао,VTBR,9879,391240208.5,0.06856,0.06755,0.0686,0.0678,0.06804,0.0678,5749800000,0.06804,0.06804,0.0678,391240208.5,391240208.5,391240208.5,,3,SUR,-1.3,
TQBR,2016-10-17,ВТБ ао,VTBR,17770,443745762.5,0.068,0.0674,0.06818,0.06756,0.06771,0.06756,6552730000,0.06772,0.06772,0.06756,443745762.5,443745762.5,443745762.5,,3,SUR,-0.35,
TQBR,2016-10-18,ВТБ ао,VTBR,14194,316302084.3,0.06794,0.06765,0.06831,0.06805,0.06794,0.06805,4656060000,0.06793,0.06793,0.06805,316302084.3,316302084.3,316302084.3,,3,SUR,0.73,
TQBR,2016-10-19,ВТБ ао,VTBR,11123,327667826.8,0.06812,0.06793,0.06891,0.0687,0.06842,0.0687,4787690000,0.06844,0.06844,0.0687,327667826.8,327667826.8,327667826.8,,3,SUR,0.96,
TQBR,2016-10-20,ВТБ ао,VTBR,15825,674640778.9,0.0688,0.06715,0.06889,0.06715,0.06774,0.06715,9959290000,0.06774,0.06774,0.06715,674640778.9,674640778.9,674640778.9,,3,SUR,-2.26,
TQBR,2016-10-21,ВТБ ао,VTBR,10138,252878140.6,0.0672,0.06683,0.06764,0.06753,0.06728,0.06753,3758730000,0.06728,0.06728,0.06753,252878140.6,252878140.6,252878140.6,,3,SUR,0.57,
TQBR,2016-10-24,ВТБ ао,VTBR,11779,507632759.8,0.06734,0.06734,0.06887,0.06879,0.06838,0.06879,7423840000,0.06838,0.06838,0.06879,507632759.8,507632759.8,507632759.8,,3,SUR,1.87,
TQBR,2016-10-25,ВТБ ао,VTBR,16296,816326934.9,0.06886,0.06792,0.06995,0.06925,0.06913,0.06925,11808110000,0.06913,0.06913,0.06925,816326934.9,816326934.9,816326934.9,,3,SUR,0.67,
TQBR,2016-10-26,ВТБ ао,VTBR,14677,521871440.4,0.06912,0.06851,0.06987,0.06915,0.06915,0.06915,7546880000,0.06915,0.06915,0.06915,521871440.4,521871440.4,521871440.4,,3,SUR,-0.14,
TQBR,2016-10-27,ВТБ ао,VTBR,10300,439757834.2,0.06915,0.06801,0.06949,0.06801,0.06873,0.06801,6398390000,0.06873,0.06873,0.06801,439757834.2,439757834.2,439757834.2,,3,SUR,-1.65,
TQBR,2016-10-28,ВТБ ао,VTBR,9003,397833664.9,0.06818,0.06775,0.06865,0.06822,0.06829,0.06822,5826070000,0.06829,0.06829,0.06822,397833664.9,397833664.9,397833664.9,,3,SUR,0.31,
TQBR,2016-10-31,ВТБ ао,VTBR,10020,445321215.7,0.06817,0.06765,0.06823,0.06775,0.0679,0.06775,6558420000,0.0679,0.0679,0.06775,445321215.7,445321215.7,445321215.7,,3,SUR,-0.69,
TQBR,2016-11-01,ВТБ ао,VTBR,9833,418359156.7,0.068,0.068,0.06907,0.06877,0.06863,0.06877,6096440000,0.06862,0.06862,0.06877,418359156.7,418359156.7,418359156.7,,3,SUR,1.51,
TQBR,2016-11-02,ВТБ ао,VTBR,11792,376816168.0,0.0683,0.0675,0.06866,0.0675,0.06798,0.0675,5542910000,0.06798,0.06798,0.0675,376816168.0,376816168.0,376816168.0,,3,SUR,-1.85,
TQBR,2016-11-03,ВТБ ао,VTBR,9141,342198802.1,0.0676,0.06715,0.06785,0.06754,0.06747,0.06754,5072000000,0.06747,0.06747,0.06754,342198802.1,342198802.1,342198802.1,,3,SUR,0.06,
TQBR,2016-11-07,ВТБ ао,VTBR,12688,449639030.7,0.06799,0.06753,0.06839,0.06753,0.0679,0.06753,6622430000,0.0679,0.0679,0.06753,449639030.7,449639030.7,449639030.7,,3,SUR,-0.01,
TQBR,2016-11-08,ВТБ ао,VTBR,7017,286495515.8,0.06777,0.06757,0.06819,0.06797,0.06792,0.06797,4218020000,0.06792,0.06792,0.06797,286495515.8,286495515.8,286495515.8,,3,SUR,0.65,
TQBR,2016-11-09,ВТБ ао,VTBR,28735,1495398207.2,0.067,0.06699,0.06973,0.0692,0.0686,0.0692,21798850000,0.0686,0.0686,0.0692,1495398207.2,1495398207.2,1495398207.2,,3,SUR,1.81,
TQBR,2016-11-10,ВТБ ао,VTBR,22924,1541730598.2,0.06931,0.06877,0.07029,0.06877,0.06955,0.06877,22167390000,0.06955,0.06955,0.06877,1541730598.2,1541730598.2,1541730598.2,,3,SUR,-0.62,
TQBR,2016-11-11,ВТБ ао,VTBR,13078,555451922.6,0.0689,0.06818,0.06908,0.06821,0.06857,0.06821,8100080000,0.06857,0.06857,0.06821,555451922.6,555451922.6,555451922.6,,3,SUR,-0.81,
TQBR,2016-11-14,ВТБ ао,VTBR,21687,1038972349.8,0.06879,0.06799,0.06997,0.06799,0.0689,0.06799,15078970000,0.0689,0.0689,0.06799,1038972349.8,1038972349.8,1038972349.8,,3,SUR,-0.32,
TQBR,2016-11-15,ВТБ ао,VTBR,16447,788916061.2,0.06832,0.06783,0.0689,0.06804,0.06837,0.06804,11539240000,0.06837,0.06837,0.06804,788916061.2,788916061.2,788916061.2,,3,SUR,0.07,
TQBR,2016-11-16,ВТБ ао,VTBR,20200,957580114.3,0.0683,0.06782,0.06899,0.06815,0.06833,0.06815,14014010000,0.06833,0.06833,0.06815,957580114.3,957580114.3,957580114.3,,3,SUR,0.16,
TQBR,2016-11-17,ВТБ ао,VTBR,12845,446126503.3,0.06815,0.06783,0.06844,0.06802,0.06806,0.06802,6555230000,0.06806,0.06806,0.06802,446126503.3,446126503.3,446126503.3,,3,SUR,-0.19,
TQBR,2016-11-18,ВТБ ао,VTBR,5509,243378102.8,0.068,0.06773,0.06822,0.06775,0.06793,0.06775,3582870000,0.06793,0.06793,0.06775,243378102.8,243378102.8,243378102.8,,3,SUR,-0.4,
TQBR,2016-11-21,ВТБ ао,VTBR,16800,675806469.5,0.06829,0.06804,0.06869,0.0685,0.06834,0.0685,9888790000,0.06834,0.06834,0.0685,675806469.5,675806469.5,675806469.5,,3,SUR,1.11,
TQBR,2016-11-22,ВТБ ао,VTBR,23192,2116117610.9,0.0688,0.0679,0.0699,0.06821,0.06882,0.06821,30748440000,0.06882,0.06882,0.06821,2116117610.9,2116117610.9,2116117610.9,,3,SUR,-0.42,
TQBR,2016-11-23,ВТБ ао,VTBR,8841,335638661.2,0.06859,0.06837,0.06885,0.06875,0.06865,0.06875,4889660000,0.06864,0.06864,0.06875,335638661.2,335638661.2,335638661.2,,3,SUR,0.79,
TQBR,2016-11-24,ВТБ ао,VTBR,16422,1083774656.6,0.06885,0.0678,0.06895,0.0683,0.0684,0.0683,15844640000,0.0684,0.0684,0.0683,1083774656.6,1083774656.6,1083774656.6,,3,SUR,-0.65,
TQBR,2016-11-25,ВТБ ао,VTBR,7054,277832791.0,0.06831,0.06809,0.06885,0.0685,0.06846,0.0685,4058150000,0.06846,0.06846,0.0685,277832791.0,277832791.0,277832791.0,,3,SUR,0.29,
TQBR,2016-11-28,ВТБ ао,VTBR,11145,529279578.3,0.06856,0.06826,0.06925,0.06875,0.06874,0.06875,7699690000,0.06874,0.06874,0.06875,529279578.3,529279578.3,529279578.3,,3,SUR,0.36,
TQBR,2016-11-29,ВТБ ао,VTBR,9651,373995519.9,0.0683,0.06822,0.06911,0.06876,0.06881,0.06876,5435490000,0.06881,0.06881,0.06876,373995519.9,373995519.9,373995519.9,,3,SUR,0.01,
TQBR,2016-11-30,ВТБ ао,VTBR,21871,1766332670.8,0.069,0.0681,0.06945,0.0694,0.06887,0.0694,25645060000,0.06888,0.06888,0.0694,1766332670.8,1766332670.8,1766332670.8,,3,SUR,0.93,
TQBR,2016-12-01,ВТБ ао,VTBR,20240,1780838283.5,0.06968,0.0682,0.06968,0.06831,0.06858,0.06831,25965620000,0.06858,0.06858,0.06831,1780838283.5,1780838283.5,1780838283.5,,3,SUR,-1.57,
TQBR,2016-12-02,ВТБ ао,VTBR,22196,1825307850.8,0.06849,0.06784,0.06919,0.06835,0.06867,0.06835,26579640000,0.06867,0.06867,0.06835,1825307850.8,1825307850.8,1825307850.8,,3,SUR,0.06,
TQBR,2016-12-05,ВТБ ао,VTBR,15360,652654133.3,0.0686,0.06836,0.06918,0.06866,0.06887,0.06866,9475540000,0.06888,0.06888,0.06866,652654133.3,652654133.3,652654133.3,,3,SUR,0.45,
TQBR,2016-12-06,ВТБ ао,VTBR,25258,2529076429.4,0.0688,0.0678,0.06908,0.068,0.06834,0.068,37006410000,0.06834,0.06834,0.068,2529076429.4,2529076429.4,2529076429.4,,3,SUR,-0.96,
TQBR,2016-12-07,ВТБ ао,VTBR,11695,533471510.3,0.06805,0.06805,0.06856,0.06815,0.06838,0.06815,7801290000,0.06838,0.06838,0.06815,533471510.3,533471510.3,533471510.3,,3,SUR,0.22,
TQBR,2016-12-08,ВТБ ао,VTBR,36502,2819323748.1,0.06844,0.0679,0.0703,0.069,0.06895,0.069,40884660000,0.06896,0.06896,0.069,2819323748.1,2819323748.1,2819323748.1,,3,SUR,1.25,
TQBR,2016-12-09,ВТБ ао,VTBR,70104,4892226648.5,0.0695,0.06921,0.07525,0.07523,0.07311,0.07523,66912850000,0.07311,0.07311,0.07523,4892226648.5,4892226648.5,4892226648.5,,3,SUR,9.03,
TQBR,2016-12-12,ВТБ ао,VTBR,44672,3474741358.9,0.07589,0.07315,0.0763,0.0734,0.07446,0.0734,46663570000,0.07446,0.07446,0.0734,3474741358.9,3474741358.9,3474741358.9,,3,SUR,-2.43,
TQBR,2016-12-13,ВТБ ао,VTBR,44348,1830330242.7,0.0736,0.07222,0.07445,0.0736,0.07349,0.0736,24904550000,0.07349,0.07349,0.0736,1830330242.7,1830330242.7,1830330242.7,,3,SUR,0.27,
TQBR,2016-12-14,ВТБ ао,VTBR,38481,1611672035.6,0.0736,0.07152,0.07435,0.07228,0.07265,0.07228,22191490000,0.07263,0.07263,0.07228,1611672035.6,1611672035.6,1611672035.6,,3,SUR,-1.79,
TQBR,2016-12-15,ВТБ ао,VTBR,37758,2639280195.4,0.0716,0.0708,0.07288,0.0723,0.07152,0.0723,36901740000,0.07152,0.07152,0.0723,2639280195.4,2639280195.4,2639280195.4,,3,SUR,0.03,
TQBR,2016-12-16,ВТБ ао,VTBR,45274,2874950308.7,0.07255,0.07151,0.07495,0.0737,0.07373,0.0737,38966070000,0.07378,0.07378,0.0737,2874950308.7,2874950308.7,2874950308.7,,3,SUR,1.94,
TQBR,2016-12-19,ВТБ ао,VTBR,18035,1376065884.8,0.07374,0.07229,0.07478,0.07255,0.07353,0.07255,18714580000,0.07353,0.07353,0.07255,1376065884.8,1376065884.8,1376065884.8,,3,SUR,-1.56,
TQBR,2016-12-20,ВТБ ао,VTBR,11951,711760217.5,0.07255,0.0719,0.07322,0.07259,0.07259,0.07259,9804820000,0.07259,0.07259,0.07259,711760217.5,711760217.5,711760217.5,,3,SUR,0.06,
TQBR,2016-12-21,ВТБ ао,VTBR,11133,784085701.0,0.0727,0.07157,0.07319,0.07175,0.07223,0.07175,10854540000,0.07224,0.07224,0.07175,784085701.0,784085701.0,784085701.0,,3,SUR,-1.16,
TQBR,2016-12-22,ВТБ ао,VTBR,12796,632806854.9,0.07186,0.0711,0.07189,0.0715,0.07142,0.0715,8861690000,0.07141,0.07141,0.0715,632806854.9,632806854.9,632806854.9,,3,SUR,-0.35,
TQBR,2016-12-23,ВТБ ао,VTBR,18287,770146886.0,0.07151,0.07115,0.07289,0.07204,0.07195,0.07204,10704010000,0.07195,0.07195,0.07204,770146886.0,770146886.0,770146886.0,,3,SUR,0.76,
TQBR,2016-12-26,ВТБ ао,VTBR,5428,285347705.5,0.07229,0.0713,0.07247,0.0713,0.07162,0.0713,3983900000,0.07163,0.07163,0.0713,285347705.5,285347705.5,285347705.5,,3,SUR,-1.03,
TQBR,2016-12-27,ВТБ ао,VTBR,9312,526287344.9,0.0715,0.0714,0.07284,0.07278,0.07229,0.07278,7278160000,0.07231,0.07231,0.07278,526287344.9,526287344.9,526287344.9,,3,SUR,2.08,
TQBR,2016-12-28,ВТБ ао,VTBR,13602,920355051.7,0.07279,0.0725,0.0737,0.07302,0.07314,0.07302,12582340000,0.07315,0.07315,0.07302,920355051.7,920355051.7,920355051.7,,3,SUR,0.33,
TQBR,2016-12-29,ВТБ ао,VTBR,20204,2230780801.4,0.0729,0.07285,0.07424,0.07399,0.0737,0.07399,30272290000,0.07369,0.07369,0.07399,2230780801.4,2230780801.4,2230780801.4,,3,SUR,1.33,
TQBR,2016-12-30,ВТБ ао,VTBR,24857,4129094237.0,0.07399,0.0729,0.075,0.074,0.0741,0.074,55746330000,0.07407,0.07407,0.074,4129094237.0,4129094237.0,4129094237.0,,3,SUR,0.01,
TQBR,2017-01-03,ВТБ ао,VTBR,47204,1328460858.9,0.0738,0.07326,0.0745,0.07401,0.07419,0.07401,17909210000,0.07418,0.07418,0.07401,1328460858.9,1328460858.9,1328460858.9,,3,SUR,0.01,
TQBR,2017-01-04,ВТБ ао,VTBR,12516,989066202.3,0.07398,0.07275,0.07433,0.07315,0.07338,0.07315,13480260000,0.07337,0.07337,0.07315,989066202.3,989066202.3,989066202.3,,3,SUR,-1.16,
TQBR,2017-01-05,ВТБ ао,VTBR,14227,1033031700.0,0.07326,0.07105,0.07332,0.07149,0.07194,0.07149,14362700000,0.07192,0.07192,0.07149,1033031700.0,1033031700.0,1033031700.0,,3,SUR,-2.27,
TQBR,2017-01-06,ВТБ ао,VTBR,12142,826832813.2,0.07155,0.0708,0.07155,0.07097,0.07117,0.07097,11619480000,0.07116,0.07116,0.07097,826832813.2,826832813.2,826832813.2,,3,SUR,-0.73,
TQBR,2017-01-09,ВТБ ао,VTBR,11323,585376820.3,0.07134,0.07033,0.07187,0.07058,0.07111,0.07058,8232030000,0.07111,0.07111,0.07058,585376820.3,585376820.3,585376820.3,,3,SUR,-0.55,
TQBR,2017-01-10,ВТБ ао,VTBR,18284,1270091258.9,0.07079,0.0704,0.0714,0.07125,0.07084,0.07125,17928930000,0.07084,0.07084,0.07125,1270091258.9,1270091258.9,1270091258.9,,3,SUR,0.95,
TQBR,2017-01-11,ВТБ ао,VTBR,21868,1265476777.0,0.07106,0.06992,0.07175,0.07021,0.07063,0.07021,17917390000,0.07063,0.07063,0.07021,1265476777.0,1265476777.0,1265476777.0,,3,SUR,-1.46,
TQBR,2017-01-12,ВТБ ао,VTBR,15211,797312142.2,0.07047,0.06931,0.07047,0.06955,0.06989,0.06955,11410060000,0.06988,0.06988,0.06955,797312142.2,797312142.2,797312142.2,,3,SUR,-0.94,
TQBR,2017-01-13,ВТБ ао,VTBR,22170,1142549012.4,0.0697,0.06841,0.06995,0.06925,0.06897,0.06925,16567840000,0.06896,0.06896,0.06925,1142549012.4,1142549012.4,1142549012.4,,3,SUR,-0.43,
TQBR,2017-01-16,ВТБ ао,VTBR,10027,553565090.4,0.0693,0.0689,0.07027,0.06941,0.06966,0.06941,7946350000,0.06966,0.06966,0.06941,553565090.4,553565090.4,553565090.4,,3,SUR,0.23,
TQBR,2017-01-17,ВТБ ао,VTBR,13416,426844941.1,0.06956,0.0691,0.06989,0.06921,0.06941,0.06921,6149710000,0.06941,0.06941,0.06921,426844941.1,426844941.1,426844941.1,,3,SUR,-0.29,
TQBR,2017-01-18,ВТБ ао,VTBR,26696,1534403350.0,0.0697,0.06837,0.06974,0.06861,0.06886,0.06861,22285370000,0.06885,0.06885,0.06861,1534403350.0,1534403350.0,1534403350.0,,3,SUR,-0.87,
TQBR,2017-01-19,ВТБ ао,VTBR,14806,850407369.2,0.06862,0.0684,0.06899,0.06869,0.06863,0.06869,12391080000,0.06863,0.06863,0.06869,850407369.2,850407369.2,850407369.2,,3,SUR,0.12,
TQBR,2017-01-20,ВТБ ао,VTBR,11146,554127071.1,0.06865,0.06806,0.06891,0.06843,0.06853,0.06843,8085880000,0.06853,0.06853,0.06843,554127071.1,554127071.1,554127071.1,,3,SUR,-0.38,
TQBR,2017-01-23,ВТБ ао,VTBR,10656,484879893.8,0.0687,0.06785,0.0687,0.06868,0.06841,0.06868,7105970000,0.06824,0.06824,0.06868,484879893.8,484879893.8,484879893.8,,3,SUR,0.37,
TQBR,2017-01-24,ВТБ ао,VTBR,11016,885402636.0,0.06868,0.06836,0.0693,0.0685,0.06873,0.0685,12882230000,0.06873,0.06873,0.0685,885402636.0,885402636.0,885402636.0,,3,SUR,-0.26,
TQBR,2017-01-25,ВТБ ао,VTBR,10941,834344195.4,0.06865,0.06827,0.0692,0.0685,0.06879,0.0685,12128170000,0.06879,0.06879,0.0685,834344195.4,834344195.4,834344195.4,,3,SUR,0.0,
TQBR,2017-01-26,ВТБ ао,VTBR,23597,1983822349.1,0.0687,0.06862,0.06995,0.06909,0.06919,0.06909,28668990000,0.0692,0.0692,0.06909,1983822349.1,1983822349.1,1983822349.1,,3,SUR,0.86,
TQBR,2017-01-27,ВТБ ао,VTBR,24908,1956321027.7,0.06937,0.06885,0.07015,0.0697,0.06955,0.0697,28131940000,0.06954,0.06954,0.0697,1956321027.7,1956321027.7,1956321027.7,,3,SUR,0.88,
TQBR,2017-01-30,ВТБ ао,VTBR,18111,1047184160.4,0.06985,0.06935,0.07075,0.0694,0.07007,0.0694,14944670000,0.07007,0.07007,0.0694,1047184160.4,1047184160.4,1047184160.4,,3,SUR,-0.43,
TQBR,2017-01-31,ВТБ ао,VTBR,13530,685541404.0,0.0693,0.06851,0.0697,0.06897,0.06894,0.06897,9945400000,0.06893,0.06893,0.06897,685541404.0,685541404.0,685541404.0,,3,SUR,-0.62,
TQBR,2017-02-01,ВТБ ао,VTBR,11227,470739069.3,0.06899,0.06882,0.06949,0.06947,0.06913,0.06947,6809580000,0.06913,0.06913,0.06947,470739069.3,470739069.3,470739069.3,,3,SUR,0.72,
TQBR,2017-02-02,ВТБ ао,VTBR,11898,502595030.8,0.06948,0.06868,0.0696,0.06909,0.06909,0.06909,7276010000,0.06908,0.06908,0.06909,502595030.8,502595030.8,502595030.8,,3,SUR,-0.55,
TQBR,2017-02-03,ВТБ ао,VTBR,9133,535748268.2,0.06904,0.06885,0.06935,0.06929,0.06916,0.06929,7746180000,0.06916,0.06916,0.06929,535748268.2,535748268.2,535748268.2,,3,SUR,0.29,
TQBR,2017-02-06,ВТБ ао,VTBR,10835,457877549.8,0.0696,0.06843,0.0696,0.06868,0.06887,0.06868,6651240000,0.06884,0.06884,0.06868,457877549.8,457877549.8,457877549.8,,3,SUR,-0.88,
TQBR,2017-02-07,ВТБ ао,VTBR,6388,286943406.2,0.06876,0.06844,0.06895,0.06879,0.06874,0.06879,4174260000,0.06874,0.06874,0.06879,286943406.2,286943406.2,286943406.2,,3,SUR,0.16,
TQBR,2017-02-08,ВТБ ао,VTBR,8438,363436674.9,0.06878,0.0683,0.06892,0.0687,0.0687,0.0687,5290270000,0.0687,0.0687,0.0687,363436674.9,363436674.9,363436674.9,,3,SUR,-0.13,
TQBR,2017-02-09,ВТБ ао,VTBR,8455,399989848.1,0.0688,0.06802,0.06892,0.0687,0.06845,0.0687,5845030000,0.06843,0.06843,0.0687,399989848.1,399989848.1,399989848.1,,3,SUR,0.0,
TQBR,2017-02-10,ВТБ ао,VTBR,5888,252421305.3,0.0687,0.06826,0.06887,0.06843,0.06848,0.06843,3687080000,0.06846,0.06846,0.06843,252421305.3,252421305.3,252421305.3,,3,SUR,-0.39,
TQBR,2017-02-13,ВТБ ао,VTBR,10389,649336053.3,0.0685,0.06765,0.06886,0.06816,0.06814,0.06816,9530000000,0.06814,0.06814,0.06816,649336053.3,649336053.3,649336053.3,,3,SUR,-0.39,
TQBR,2017-02-14,ВТБ ао,VTBR,11853,474052345.3,0.06772,0.06722,0.06825,0.06788,0.06763,0.06788,7010050000,0.06762,0.06762,0.06788,474052345.3,474052345.3,474052345.3,,3,SUR,-0.41,
TQBR,2017-02-15,ВТБ ао,VTBR,11851,621583378.8,0.06771,0.0672,0.06885,0.06777,0.06822,0.06777,9112850000,0.06821,0.06821,0.06777,621583378.8,621583378.8,621583378.8,,3,SUR,-0.16,
TQBR,2017-02-16,ВТБ ао,VTBR,7472,293588637.8,0.068,0.06759,0.06818,0.06799,0.06786,0.06799,4327210000,0.06785,0.06785,0.06799,293588637.8,293588637.8,293588637.8,,3,SUR,0.32,
TQBR,2017-02-17,ВТБ ао,VTBR,11658,766134039.4,0.06825,0.06755,0.06825,0.06793,0.068,0.06793,11266740000,0.068,0.068,0.06793,766134039.4,766134039.4,766134039.4,,3,SUR,-0.09,
TQBR,2017-02-20,ВТБ ао,VTBR,5551,290184455.2,0.0682,0.06785,0.06839,0.06799,0.06809,0.06799,4262040000,0.06809,0.06809,0.06799,290184455.2,290184455.2,290184455.2,,3,SUR,0.09,
TQBR,2017-02-21,ВТБ ао,VTBR,6905,310052026.4,0.06807,0.06736,0.0682,0.06792,0.06778,0.06792,4574330000,0.06778,0.06778,0.06792,310052026.4,310052026.4,310052026.4,,3,SUR,-0.1,
TQBR,2017-02-22,ВТБ ао,VTBR,10390,474064705.8,0.06793,0.06695,0.06793,0.06742,0.06737,0.06742,7039020000,0.06735,0.06735,0.06742,474064705.8,474064705.8,474064705.8,,3,SUR,-0.74,
TQBR,2017-02-24,ВТБ ао,VTBR,6821,249223740.4,0.06744,0.06675,0.06744,0.06715,0.06706,0.06715,3717480000,0.06704,0.06704,0.06715,249223740.4,249223740.4,249223740.4,,3,SUR,-0.4,
TQBR,2017-02-27,ВТБ ао,VTBR,13636,1048942280.4,0.06715,0.06611,0.0672,0.06675,0.06665,0.06675,15737820000,0.06665,0.06665,0.06675,1048942280.4,1048942280.4,1048942280.4,,3,SUR,-0.6,
TQBR,2017-02-28,ВТБ ао,VTBR,29211,850240533.0,0.06655,0.0655,0.06697,0.06608,0.06612,0.06608,12859530000,0.06612,0.06612,0.06608,850240533.0,850240533.0,850240533.0,,3,SUR,-1.0,
TQBR,2017-03-01,ВТБ ао,VTBR,9632,600992953.7,0.0661,0.06609,0.06725,0.06725,0.06673,0.06725,9005080000,0.06674,0.06674,0.06725,600992953.7,600992953.7,600992953.7,,3,SUR,1.77,
TQBR,2017-03-02,ВТБ ао,VTBR,15841,732059495.4,0.06711,0.06572,0.06747,0.066,0.06647,0.066,11014830000,0.06646,0.06646,0.066,732059495.4,732059495.4,732059495.4,,3,SUR,-1.86,
TQBR,2017-03-03,ВТБ ао,VTBR,17376,1053690239.2,0.06595,0.0645,0.066,0.066,0.06513,0.066,16182170000,0.06511,0.06511,0.066,1053690239.2,1053690239.2,1053690239.2,,3,SUR,0.0,
TQBR,2017-03-06,ВТБ ао,VTBR,13450,539933123.2,0.06596,0.06531,0.06629,0.066,0.06578,0.066,8208400000,0.06578,0.06578,0.066,539933123.2,539933123.2,539933123.2,,3,SUR,0.0,
TQBR,2017-03-07,ВТБ ао,VTBR,11961,1208500783.0,0.0659,0.06476,0.066,0.066,0.06564,0.066,18445620000,0.06552,0.06552,0.066,1208500783.0,1208500783.0,1208500783.0,,3,SUR,0.0,
TQBR,2017-03-09,ВТБ ао,VTBR,39734,3231987060.0,0.06536,0.0635,0.0664,0.0646,0.06438,0.0646,50222500000,0.06435,0.06435,0.0646,3231987060.0,3231987060.0,3231987060.0,,3,SUR,-2.12,
TQBR,2017-03-10,ВТБ ао,VTBR,20333,1656786498.6,0.06451,0.06416,0.0657,0.06505,0.06528,0.06505,25375650000,0.06529,0.06529,0.06505,1656786498.6,1656786498.6,1656786498.6,,3,SUR,0.7,
TQBR,2017-03-13,ВТБ ао,VTBR,14094,615076114.5,0.06505,0.06427,0.0656,0.06526,0.06496,0.06526,9468550000,0.06496,0.06496,0.06526,615076114.5,615076114.5,615076114.5,,3,SUR,0.32,
TQBR,2017-03-14,ВТБ ао,VTBR,13174,505559335.2,0.06525,0.06482,0.06555,0.06506,0.0652,0.06506,7754020000,0.0652,0.0652,0.06506,505559335.2,505559335.2,505559335.2,,3,SUR,-0.31,
TQBR,2017-03-15,ВТБ ао,VTBR,12127,415846561.3,0.0652,0.06503,0.06577,0.06514,0.06541,0.06514,6355710000,0.06543,0.06543,0.06514,415846561.3,415846561.3,415846561.3,,3,SUR,0.12,
TQBR,2017-03-16,ВТБ ао,VTBR,23246,1114855231.5,0.06577,0.06455,0.06603,0.0655,0.06511,0.0655,17124260000,0.0651,0.0651,0.0655,1114855231.5,1114855231.5,1114855231.5,,3,SUR,0.55,
TQBR,2017-03-17,ВТБ ао,VTBR,16090,851326849.8,0.06503,0.06503,0.0663,0.06625,0.0659,0.06625,12914840000,0.06592,0.06592,0.06625,851326849.8,851326849.8,851326849.8,,3,SUR,1.15,
TQBR,2017-03-20,ВТБ ао,VTBR,25801,976838299.5,0.06625,0.06605,0.06729,0.0672,0.06677,0.0672,14628740000,0.06678,0.06678,0.0672,976838299.5,976838299.5,976838299.5,,3,SUR,1.43,
TQBR,2017-03-21,ВТБ ао,VTBR,15656,585296743.3,0.0673,0.06626,0.06766,0.0668,0.06704,0.0668,8736960000,0.06699,0.06699,0.0668,585296743.3,585296743.3,585296743.3,,3,SUR,-0.6,
TQBR,2017-03-22,ВТБ ао,VTBR,12940,550160235.0,0.06629,0.06557,0.06698,0.06697,0.0662,0.06697,8311870000,0.06619,0.06619,0.06697,550160235.0,550160235.0,550160235.0,,3,SUR,0.25,
TQBR,2017-03-23,ВТБ ао,VTBR,8722,313483727.3,0.06697,0.06611,0.0673,0.06678,0.06669,0.06678,4701700000,0.06667,0.06667,0.06678,313483727.3,313483727.3,313483727.3,,3,SUR,-0.28,
TQBR,2017-03-24,ВТБ ао,VTBR,12434,419507502.0,0.06655,0.06578,0.06678,0.0664,0.06617,0.0664,6340360000,0.06616,0.06616,0.0664,419507502.0,419507502.0,419507502.0,,3,SUR,-0.57,
TQBR,2017-03-27,ВТБ ао,VTBR,14626,502666629.8,0.066,0.06485,0.06619,0.0655,0.06533,0.0655,7695330000,0.06532,0.06532,0.0655,502666629.8,502666629.8,502666629.8,,3,SUR,-1.36,
TQBR,2017-03-28,ВТБ ао,VTBR,11815,403066615.8,0.06525,0.06512,0.06589,0.06552,0.06561,0.06552,6142970000,0.06561,0.06561,0.06552,403066615.8,403066615.8,403066615.8,,3,SUR,0.03,
TQBR,2017-03-29,ВТБ ао,VTBR,7579,275887356.8,0.06563,0.0654,0.0662,0.06619,0.06582,0.06619,4191450000,0.06582,0.06582,0.06619,275887356.8,275887356.8,275887356.8,,3,SUR,1.02,
TQBR,2017-03-30,ВТБ ао,VTBR,13649,403574969.0,0.06611,0.06588,0.067,0.0668,0.06652,0.0668,6066040000,0.06653,0.06653,0.0668,403574969.0,403574969.0,403574969.0,,3,SUR,0.92,
TQBR,2017-03-31,ВТБ ао,VTBR,13582,499304492.3,0.06692,0.06582,0.06713,0.06625,0.06638,0.06625,7523340000,0.06637,0.06637,0.06625,499304492.3,499304492.3,499304492.3,,3,SUR,-0.82,
TQBR,2017-04-03,ВТБ ао,VTBR,10073,540085154.8,0.06625,0.06558,0.06686,0.06686,0.0662,0.06686,8159240000,0.06619,0.06619,0.06686,540085154.8,540085154.8,540085154.8,,3,SUR,0.92,
TQBR,2017-04-04,ВТБ ао,VTBR,8582,487693977.6,0.06666,0.06628,0.06721,0.0671,0.06679,0.0671,7304090000,0.06677,0.06677,0.0671,487693977.6,487693977.6,487693977.6,,3,SUR,0.36,
TQBR,2017-04-05,ВТБ ао,VTBR,11508,534604650.9,0.06734,0.06686,0.06784,0.0669,0.06729,0.0669,7944190000,0.0673,0.0673,0.0669,534604650.9,534604650.9,534604650.9,,3,SUR,-0.3,
TQBR,2017-04-06,ВТБ ао,VTBR,12079,570398777.0,0.06679,0.06595,0.06685,0.06615,0.06626,0.06615,8609070000,0.06626,0.06626,0.06615,570398777.0,570398777.0,570398777.0,,3,SUR,-1.12,
TQBR,2017-04-07,ВТБ ао,VTBR,11367,700653631.7,0.06579,0.06525,0.06614,0.06559,0.06569,0.06559,10666100000,0.06569,0.06569,0.06559,700653631.7,700653631.7,700653631.7,,3,SUR,-0.85,
TQBR,2017-04-10,ВТБ ао,VTBR,15234,985007117.4,0.06522,0.06356,0.0655,0.06473,0.06426,0.06473,15328230000,0.06426,0.06426,0.06473,985007117.4,985007117.4,985007117.4,,3,SUR,-1.31,
TQBR,2017-04-11,ВТБ ао,VTBR,17324,1652695863.5,0.06449,0.0638,0.065,0.0649,0.06457,0.0649,25615500000,0.06452,0.06452,0.0649,1652695863.5,1652695863.5,1652695863.5,,3,SUR,0.26,
TQBR,2017-04-12,ВТБ ао,VTBR,10327,628898145.6,0.06518,0.0633,0.06518,0.0641,0.06416,0.0641,9804850000,0.06414,0.06414,0.0641,628898145.6,628898145.6,628898145.6,,3,SUR,-1.23,
TQBR,2017-04-13,ВТБ ао,VTBR,16887,1048360024.8,0.06398,0.06287,0.06439,0.064,0.06368,0.064,16464840000,0.06367,0.06367,0.064,1048360024.8,1048360024.8,1048360024.8,,3,SUR,-0.16,
TQBR,2017-04-14,ВТБ ао,VTBR,6916,344332491.0,0.06356,0.06292,0.0641,0.06409,0.06364,0.06409,5410690000,0.06364,0.06364,0.06409,344332491.0,344332491.0,344332491.0,,3,SUR,0.14,
TQBR,2017-04-17,ВТБ ао,VTBR,5948,206209904.8,0.06376,0.06337,0.06432,0.0642,0.064,0.0642,3221780000,0.064,0.064,0.0642,206209904.8,206209904.8,206209904.8,,3,SUR,0.17,
TQBR,2017-04-18,ВТБ ао,VTBR,9672,447841370.9,0.06444,0.06325,0.06444,0.064,0.06376,0.064,7026550000,0.06374,0.06374,0.064,447841370.9,447841370.9,447841370.9,,3,SUR,-0.31,
TQBR,2017-04-19,ВТБ ао,VTBR,11997,487001559.3,0.06394,0.0635,0.064,0.064,0.06375,0.064,7640070000,0.06374,0.06374,0.064,487001559.3,487001559.3,487001559.3,,3,SUR,0.0,
TQBR,2017-04-20,ВТБ ао,VTBR,13678,754758039.9,0.06371,0.06335,0.0644,0.0644,0.06389,0.0644,11816430000,0.06387,0.06387,0.0644,754758039.9,754758039.9,754758039.9,,3,SUR,0.62,
TQBR,2017-04-21,ВТБ ао,VTBR,17359,703519503.4,0.0645,0.06415,0.06588,0.065,0.06503,0.065,10817490000,0.06504,0.06504,0.065,703519503.4,703519503.4,703519503.4,,3,SUR,0.93,
TQBR,2017-04-24,ВТБ ао,VTBR,10980,405294398.9,0.06561,0.065,0.0657,0.06515,0.06529,0.06515,6207350000,0.06529,0.06529,0.06515,405294398.9,405294398.9,405294398.9,,3,SUR,0.23,
TQBR,2017-04-25,ВТБ ао,VTBR,20181,865248473.4,0.06515,0.06502,0.0671,0.06612,0.0662,0.06612,13070070000,0.0662,0.0662,0.06612,865248473.4,865248473.4,865248473.4,,3,SUR,1.49,
TQBR,2017-04-26,ВТБ ао,VTBR,19733,984874163.2,0.06645,0.0661,0.0685,0.06843,0.06738,0.06843,14617870000,0.06737,0.06737,0.06843,984874163.2,984874163.2,984874163.2,,3,SUR,3.49,
TQBR,2017-04-27,ВТБ ао,VTBR,15201,657920061.7,0.06825,0.06664,0.0686,0.06671,0.06758,0.06671,9738740000,0.06756,0.06756,0.06671,657920061.7,657920061.7,657920061.7,,3,SUR,-2.51,
TQBR,2017-04-28,ВТБ ао,VTBR,11368,565972445.8,0.06703,0.06631,0.06775,0.06671,0.067,0.06671,8447070000,0.067,0.067,0.06671,565972445.8,565972445.8,565972445.8,,3,SUR,0.0,
TQBR,2017-05-02,ВТБ ао,VTBR,12376,403331515.5,0.06692,0.06672,0.06777,0.06737,0.06736,0.06737,5987720000,0.06736,0.06736,0.06737,403331515.5,403331515.5,403331515.5,,3,SUR,0.99,
TQBR,2017-05-03,ВТБ ао,VTBR,14646,609137733.6,0.06718,0.06608,0.0681,0.0675,0.06727,0.0675,9055010000,0.06727,0.06727,0.0675,609137733.6,609137733.6,609137733.6,,3,SUR,0.19,
TQBR,2017-05-04,ВТБ ао,VTBR,14593,629540262.2,0.0676,0.067,0.06843,0.0671,0.06758,0.0671,9315320000,0.06758,0.06758,0.0671,629540262.2,629540262.2,629540262.2,,3,SUR,-0.59,
TQBR,2017-05-05,ВТБ ао,VTBR,19917,880217246.6,0.0664,0.06539,0.06641,0.06573,0.06578,0.06573,13381820000,0.06578,0.06578,0.06573,880217246.6,880217246.6,880217246.6,,3,SUR,-2.04,
TQBR,2017-05-10,ВТБ ао,VTBR,16986,450926646.8,0.06597,0.06552,0.0669,0.0669,0.06599,0.0669,6833000000,0.06599,0.06599,0.0669,450926646.8,450926646.8,450926646.8,,3,SUR,1.78,
TQBR,2017-05-11,ВТБ ао,VTBR,10768,341775165.8,0.06677,0.06586,0.06706,0.06589,0.06641,0.06589,5146280000,0.06641,0.06641,0.06589,341775165.8,341775165.8,341775165.8,,3,SUR,-1.51,
TQBR,2017-05-12,ВТБ ао,VTBR,6428,244355369.7,0.06604,0.06545,0.06614,0.06567,0.06559,0.06567,3725700000,0.06559,0.06559,0.06567,244355369.7,244355369.7,244355369.7,,3,SUR,-0.33,
TQBR,2017-05-15,ВТБ ао,VTBR,12381,394461561.7,0.06563,0.06563,0.06748,0.0666,0.06635,0.0666,5944780000,0.06635,0.06635,0.0666,394461561.7,394461561.7,394461561.7,,3,SUR,1.42,
TQBR,2017-05-16,ВТБ ао,VTBR,20022,1369193660.3,0.0666,0.06627,0.06847,0.067,0.06764,0.067,20243180000,0.06764,0.06764,0.067,1369193660.3,1369193660.3,1369193660.3,,3,SUR,0.6,
TQBR,2017-05-17,ВТБ ао,VTBR,16045,562461592.6,0.0668,0.0661,0.067,0.0666,0.06657,0.0666,8448870000,0.06657,0.06657,0.0666,562461592.6,562461592.6,562461592.6,,3,SUR,-0.6,
TQBR,2017-05-18,ВТБ ао,VTBR,19699,748297200.7,0.06605,0.06517,0.0667,0.06554,0.06578,0.06554,11375580000,0.06578,0.06578,0.06554,748297200.7,748297200.7,748297200.7,,3,SUR,-1.59,
TQBR,2017-05-19,ВТБ ао,VTBR,23387,948385925.0,0.06565,0.0654,0.06745,0.06639,0.06666,0.06639,14226890000,0.06666,0.06666,0.06639,948385925.0,948385925.0,948385925.0,,3,SUR,1.3,
TQBR,2017-05-22,ВТБ ао,VTBR,10656,494471185.7,0.06692,0.06565,0.06692,0.06565,0.06602,0.06565,7489710000,0.06602,0.06602,0.06565,494471185.7,494471185.7,494471185.7,,3,SUR,-1.11,
TQBR,2017-05-23,ВТБ ао,VTBR,13926,443448615.4,0.06551,0.06551,0.06724,0.06721,0.06648,0.06721,6670920000,0.06647,0.06647,0.06721,443448615.4,443448615.4,443448615.4,,3,SUR,2.38,
TQBR,2017-05-24,ВТБ ао,VTBR,26506,1100748979.8,0.06721,0.06661,0.06812,0.06702,0.06741,0.06702,16327270000,0.06742,0.06742,0.06702,1100748979.8,1100748979.8,1100748979.8,,3,SUR,-0.28,
TQBR,2017-05-25,ВТБ ао,VTBR,7672,283279366.2,0.06705,0.06648,0.06745,0.06694,0.06706,0.06694,4224390000,0.06706,0.06706,0.06694,283279366.2,283279366.2,283279366.2,,3,SUR,-0.12,
TQBR,2017-05-26,ВТБ ао,VTBR,11559,403576025.5,0.067,0.06587,0.067,0.06637,0.06637,0.06637,6080640000,0.06637,0.06637,0.06637,403576025.5,403576025.5,403576025.5,,3,SUR,-0.85,
TQBR,2017-05-29,ВТБ ао,VTBR,5214,122037178.4,0.0664,0.06577,0.0665,0.066,0.06616,0.066,1844710000,0.06616,0.06616,0.066,122037178.4,122037178.4,122037178.4,,3,SUR,-0.56,
TQBR,2017-05-30,ВТБ ао,VTBR,9100,277599569.1,0.06598,0.06535,0.06615,0.06594,0.06569,0.06594,4225710000,0.06569,0.06569,0.06594,277599569.1,277599569.1,277599569.1,,3,SUR,-0.09,
TQBR,2017-05-31,ВТБ ао,VTBR,12908,523659037.9,0.06573,0.06508,0.06669,0.06615,0.06581,0.06615,7957730000,0.06581,0.06581,0.06615,523659037.9,523659037.9,523659037.9,,3,SUR,0.32,
TQBR,2017-06-01,ВТБ ао,VTBR,14772,607099783.8,0.06589,0.06423,0.06667,0.06473,0.06513,0.06473,9321710000,0.06513,0.06513,0.06473,607099783.8,607099783.8,607099783.8,,3,SUR,-2.15,
TQBR,2017-06-02,ВТБ ао,VTBR,16557,689435843.2,0.06489,0.06357,0.0652,0.0652,0.06432,0.0652,10719890000,0.06431,0.06431,0.0652,689435843.2,689435843.2,689435843.2,,3,SUR,0.73,
TQBR,2017-06-05,ВТБ ао,VTBR,7637,369980287.3,0.06521,0.0645,0.06568,0.06505,0.065,0.06505,5692130000,0.065,0.065,0.06505,369980287.3,369980287.3,369980287.3,,3,SUR,-0.23,
TQBR,2017-06-06,ВТБ ао,VTBR,7308,208387738.3,0.06481,0.06433,0.06517,0.06435,0.0646,0.06435,3225560000,0.06461,0.06461,0.06435,208387738.3,208387738.3,208387738.3,,3,SUR,-1.08,
TQBR,2017-06-07,ВТБ ао,VTBR,10284,355966721.7,0.06435,0.06411,0.0647,0.06411,0.06446,0.06411,5522070000,0.06446,0.06446,0.06411,355966721.7,355966721.7,355966721.7,,3,SUR,-0.37,
TQBR,2017-06-08,ВТБ ао,VTBR,15662,515307349.4,0.0643,0.064,0.06493,0.0645,0.06425,0.0645,8020970000,0.06425,0.06425,0.0645,515307349.4,515307349.4,515307349.4,,3,SUR,0.61,
TQBR,2017-06-09,ВТБ ао,VTBR,11787,496427647.1,0.06445,0.06424,0.06525,0.06525,0.06492,0.06525,7646790000,0.06492,0.06492,0.06525,496427647.1,496427647.1,496427647.1,,3,SUR,1.16,
TQBR,2017-06-13,ВТБ ао,VTBR,14506,428030014.8,0.06525,0.0645,0.0655,0.0645,0.0648,0.0645,6605560000,0.0648,0.0648,0.0645,428030014.8,428030014.8,428030014.8,,3,SUR,-1.15,
TQBR,2017-06-14,ВТБ ао,VTBR,16862,547131138.2,0.06457,0.06332,0.06457,0.064,0.06396,0.064,8553950000,0.06396,0.06396,0.064,547131138.2,547131138.2,547131138.2,,3,SUR,-0.78,
TQBR,2017-06-15,ВТБ ао,VTBR,42936,2766063646.4,0.0637,0.06178,0.06394,0.0639,0.06294,0.0639,43947310000,0.06294,0.06294,0.0639,2766063646.4,2766063646.4,2766063646.4,,3,SUR,-0.16,
TQBR,2017-06-16,ВТБ ао,VTBR,29187,1781414819.6,0.06383,0.0628,0.06418,0.0639,0.06354,0.0639,28031570000,0.06355,0.06355,0.0639,1781414819.6,1781414819.6,1781414819.6,,3,SUR,0.0,
TQBR,2017-06-19,ВТБ ао,VTBR,19178,627368997.9,0.06388,0.06305,0.0639,0.06322,0.06346,0.06322,9885680000,0.06346,0.06346,0.06322,627368997.9,627368997.9,627368997.9,,3,SUR,-1.06,
TQBR,2017-06-20,ВТБ ао,VTBR,21351,1280083043.9,0.06332,0.06265,0.0639,0.0639,0.06334,0.0639,20210020000,0.06334,0.06334,0.0639,1280083043.9,1280083043.9,1280083043.9,,3,SUR,1.08,
TQBR,2017-06-21,ВТБ ао,VTBR,10309,348530669.1,0.06365,0.06315,0.06389,0.06334,0.06348,0.06334,5490500000,0.06348,0.06348,0.06334,348530669.1,348530669.1,348530669.1,,3,SUR,-0.88,
TQBR,2017-06-22,ВТБ ао,VTBR,30894,1197486001.5,0.06315,0.06254,0.0641,0.0639,0.06333,0.0639,18907740000,0.06333,0.06333,0.0639,1197486001.5,1197486001.5,1197486001.5,,3,SUR,0.88,
TQBR,2017-06-23,ВТБ ао,VTBR,22728,893195091.9,0.06388,0.06318,0.06417,0.064,0.06366,0.064,14029650000,0.06366,0.06366,0.064,893195091.9,893195091.9,893195091.9,,3,SUR,0.16,
TQBR,2017-06-26,ВТБ ао,VTBR,8248,277127115.5,0.06412,0.06349,0.0645,0.06349,0.06383,0.06349,4341440000,0.06383,0.06383,0.06349,277127115.5,277127115.5,277127115.5,,3,SUR,-0.8,
TQBR,2017-06-27,ВТБ ао,VTBR,19963,823480499.0,0.06344,0.06292,0.06358,0.06338,0.06327,0.06338,13015450000,0.06327,0.06327,0.06338,823480499.0,823480499.0,823480499.0,,3,SUR,-0.17,
TQBR,2017-06-28,ВТБ ао,VTBR,15986,633198844.3,0.0631,0.06281,0.0638,0.0638,0.06336,0.0638,9994450000,0.06336,0.06336,0.0638,633198844.3,633198844.3,633198844.3,,3,SUR,0.66,
TQBR,2017-06-29,ВТБ ао,VTBR,14896,634973169.3,0.06382,0.06337,0.06403,0.0639,0.06374,0.0639,9962510000,0.06374,0.06374,0.0639,634973169.3,634973169.3,634973169.3,,3,SUR,0.16,
TQBR,2017-06-30,ВТБ ао,VTBR,14885,580306267.3,0.06371,0.06359,0.0645,0.064,0.06403,0.064,9061350000,0.06404,0.06404,0.064,580306267.3,580306267.3,580306267.3,,3,SUR,0.16,
TQBR,2017-07-03,ВТБ ао,VTBR,8600,351541300.5,0.06392,0.06387,0.06442,0.0643,0.0642,0.0643,5475580000,0.0642,0.0642,0.0643,351541300.5,351541300.5,351541300.5,,3,SUR,0.47,
TQBR,2017-07-04,ВТБ ао,VTBR,8284,308090139.0,0.06443,0.06425,0.06495,0.0644,0.06459,0.0644,4769990000,0.06459,0.06459,0.0644,308090139.0,308090139.0,308090139.0,,3,SUR,0.16,
TQBR,2017-07-05,ВТБ ао,VTBR,9775,434214604.9,0.06422,0.06386,0.06456,0.064,0.06412,0.064,6771590000,0.06412,0.06412,0.064,434214604.9,434214604.9,434214604.9,,3,SUR,-0.62,
TQBR,2017-07-06,ВТБ ао,VTBR,10340,428680392.8,0.06405,0.06336,0.06425,0.06387,0.06381,0.06387,6718440000,0.06381,0.06381,0.06387,428680392.8,428680392.8,428680392.8,,3,SUR,-0.2,
TQBR,2017-07-07,ВТБ ао,VTBR,8495,381333980.7,0.06365,0.06346,0.06415,0.06368,0.06383,0.06368,5974550000,0.06383,0.06383,0.06368,381333980.7,381333980.7,381333980.7,,3,SUR,-0.3,
TQBR,2017-07-10,ВТБ ао,VTBR,8562,359399352.0,0.0637,0.06351,0.0642,0.0638,0.06381,0.0638,5632190000,0.06381,0.06381,0.0638,359399352.0,359399352.0,359399352.0,,3,SUR,0.19,
TQBR,2017-07-11,ВТБ ао,VTBR,7891,320011735.9,0.06393,0.06317,0.06403,0.06387,0.06357,0.06387,5033990000,0.06357,0.06357,0.06387,320011735.9,320011735.9,320011735.9,,3,SUR,0.11,
TQBR,2017-07-12,ВТБ ао,VTBR,13469,675908621.3,0.06387,0.0635,0.0645,0.064,0.06396,0.064,10567520000,0.06396,0.06396,0.064,675908621.3,675908621.3,675908621.3,,3,SUR,0.2,
TQBR,2017-07-13,ВТБ ао,VTBR,6985,363853258.9,0.06395,0.0636,0.06428,0.06371,0.06387,0.06371,5697050000,0.06387,0.06387,0.06371,363853258.9,363853258.9,363853258.9,,3,SUR,-0.45,
TQBR,2017-07-14,ВТБ ао,VTBR,5369,273599307.5,0.06367,0.06367,0.06401,0.0638,0.06387,0.0638,4284020000,0.06387,0.06387,0.0638,273599307.5,273599307.5,273599307.5,,3,SUR,0.14,
TQBR,2017-07-17,ВТБ ао,VTBR,5038,274277554.3,0.06383,0.0635,0.06409,0.06387,0.06383,0.06387,4296700000,0.06383,0.06383,0.06387,274277554.3,274277554.3,274277554.3,,3,SUR,0.11,
TQBR,2017-07-18,ВТБ ао,VTBR,10674,491035928.9,0.06379,0.06303,0.06391,0.0635,0.0634,0.0635,7745060000,0.0634,0.0634,0.0635,491035928.9,491035928.9,491035928.9,,3,SUR,-0.58,
TQBR,2017-07-19,ВТБ ао,VTBR,7681,359159678.6,0.06345,0.06311,0.0641,0.0641,0.0637,0.0641,5638590000,0.0637,0.0637,0.0641,359159678.6,359159678.6,359159678.6,,3,SUR,0.94,
TQBR,2017-07-20,ВТБ ао,VTBR,20206,648664134.6,0.06414,0.06382,0.06538,0.0649,0.06477,0.0649,10014490000,0.06477,0.06477,0.0649,648664134.6,648664134.6,648664134.6,,3,SUR,1.25,
TQBR,2017-07-21,ВТБ ао,VTBR,7816,355097807.6,0.06488,0.06361,0.06506,0.06373,0.0642,0.06373,5531340000,0.0642,0.0642,0.06373,355097807.6,355097807.6,355097807.6,,3,SUR,-1.8,
TQBR,2017-07-24,ВТБ ао,VTBR,9889,488763536.2,0.0636,0.06311,0.0639,0.0635,0.06339,0.0635,7709970000,0.06339,0.06339,0.0635,488763536.2,488763536.2,488763536.2,,3,SUR,-0.36,
TQBR,2017-07-25,ВТБ ао,VTBR,14979,624176694.7,0.0635,0.06304,0.0636,0.0635,0.0633,0.0635,9865560000,0.06327,0.06327,0.0635,624176694.7,624176694.7,624176694.7,,3,SUR,0.0,
TQBR,2017-07-26,ВТБ ао,VTBR,6648,300311355.4,0.06343,0.0632,0.06374,0.0636,0.06349,0.0636,4730320000,0.06349,0.06349,0.0636,300311355.4,300311355.4,300311355.4,,3,SUR,0.16,
TQBR,2017-07-27,ВТБ ао,VTBR,19929,385022050.8,0.06377,0.06333,0.06396,0.06341,0.06365,0.06341,6048940000,0.06365,0.06365,0.06341,385022050.8,385022050.8,385022050.8,,3,SUR,-0.3,
TQBR,2017-07-28,ВТБ ао,VTBR,30729,2542400907.8,0.0634,0.06077,0.0634,0.0609,0.06137,0.0609,41407730000,0.0614,0.0614,0.0609,2542400907.8,2542400907.8,2542400907.8,,3,SUR,-3.96,
TQBR,2017-07-31,ВТБ ао,VTBR,21916,903404808.0,0.06113,0.05881,0.06115,0.05969,0.05949,0.05969,15186110000,0.05949,0.05949,0.05969,903404808.0,903404808.0,903404808.0,,3,SUR,-1.99,
TQBR,2017-08-01,ВТБ ао,VTBR,11404,505855127.6,0.0598,0.05934,0.06069,0.06005,0.0602,0.06005,8402900000,0.0602,0.0602,0.06005,505855127.6,505855127.6,505855127.6,,3,SUR,0.6,
TQBR,2017-08-02,ВТБ ао,VTBR,17192,805558558.8,0.0602,0.06,0.06215,0.06171,0.06121,0.06171,13161380000,0.06121,0.06121,0.06171,805558558.8,805558558.8,805558558.8,,3,SUR,2.76,
TQBR,2017-08-03,ВТБ ао,VTBR,10288,526462343.8,0.0617,0.06141,0.06286,0.06186,0.06211,0.06186,8476040000,0.06211,0.06211,0.06186,526462343.8,526462343.8,526462343.8,,3,SUR,0.24,
TQBR,2017-08-04,ВТБ ао,VTBR,10334,401710140.0,0.06171,0.06063,0.06183,0.06082,0.06124,0.06082,6559440000,0.06124,0.06124,0.06082,401710140.0,401710140.0,401710140.0,,3,SUR,-1.68,
TQBR,2017-08-07,ВТБ ао,VTBR,7924,319739156.7,0.06099,0.06087,0.06211,0.06211,0.06157,0.06211,5193470000,0.06157,0.06157,0.06211,319739156.7,319739156.7,319739156.7,,3,SUR,2.12,
TQBR,2017-08-08,ВТБ ао,VTBR,14955,895132330.5,0.0622,0.06202,0.06295,0.06206,0.06243,0.06206,14336060000,0.06244,0.06244,0.06206,895132330.5,895132330.5,895132330.5,,3,SUR,-0.08,
TQBR,2017-08-09,ВТБ ао,VTBR,14410,834404641.2,0.06196,0.0613,0.06278,0.06199,0.06197,0.06199,13465190000,0.06197,0.06197,0.06199,834404641.2,834404641.2,834404641.2,,3,SUR,-0.11,
TQBR,2017-08-10,ВТБ ао,VTBR,10199,461365556.2,0.06198,0.06023,0.06218,0.06068,0.06116,0.06068,7541640000,0.06118,0.06118,0.06068,461365556.2,461365556.2,461365556.2,,3,SUR,-2.11,
TQBR,2017-08-11,ВТБ ао,VTBR,12568,610768543.3,0.0604,0.0594,0.06085,0.06,0.05996,0.06,10184880000,0.05997,0.05997,0.06,610768543.3,610768543.3,610768543.3,,3,SUR,-1.12,
TQBR,2017-08-14,ВТБ ао,VTBR,6394,200379687.7,0.06025,0.06015,0.06092,0.0605,0.06061,0.0605,3306080000,0.06061,0.06061,0.0605,200379687.7,200379687.7,200379687.7,,3,SUR,0.83,
TQBR,2017-08-15,ВТБ ао,VTBR,10119,404324234.5,0.06052,0.06016,0.0613,0.06102,0.0608,0.06102,6650330000,0.0608,0.0608,0.06102,404324234.5,404324234.5,404324234.5,,3,SUR,0.86,
TQBR,2017-08-16,ВТБ ао,VTBR,9111,314647092.7,0.061,0.06009,0.0612,0.06037,0.06061,0.06037,5191230000,0.06061,0.06061,0.06037,314647092.7,314647092.7,314647092.7,,3,SUR,-1.07,
TQBR,2017-08-17,ВТБ ао,VTBR,5846,186268879.0,0.0602,0.06,0.0605,0.06,0.0602,0.06,3094130000,0.0602,0.0602,0.06,186268879.0,186268879.0,186268879.0,,3,SUR,-0.61,
TQBR,2017-08-18,ВТБ ао,VTBR,9489,384497311.6,0.0599,0.0591,0.06,0.05945,0.05958,0.05945,6453350000,0.05958,0.05958,0.05945,384497311.6,384497311.6,384497311.6,,3,SUR,-0.92,
TQBR,2017-08-21,ВТБ ао,VTBR,6889,194026410.4,0.05964,0.05923,0.05974,0.05925,0.05949,0.05925,3261780000,0.05948,0.05948,0.05925,194026410.4,194026410.4,194026410.4,,3,SUR,-0.34,
TQBR,2017-08-22,ВТБ ао,VTBR,4672,117977479.8,0.05947,0.05924,0.05955,0.0594,0.05943,0.0594,1985250000,0.05943,0.05943,0.0594,117977479.8,117977479.8,117977479.8,,3,SUR,0.25,
TQBR,2017-08-23,ВТБ ао,VTBR,11116,411452730.3,0.05942,0.059,0.06048,0.06048,0.05962,0.06048,6901450000,0.05962,0.05962,0.06048,411452730.3,411452730.3,411452730.3,,3,SUR,1.82,
TQBR,2017-08-24,ВТБ ао,VTBR,14297,363009442.7,0.06049,0.06028,0.06105,0.06092,0.0607,0.06092,5980250000,0.0607,0.0607,0.06092,363009442.7,363009442.7,363009442.7,,3,SUR,0.73,
TQBR,2017-08-25,ВТБ ао,VTBR,13866,601164906.0,0.06096,0.0599,0.06144,0.0602,0.06051,0.0602,9934910000,0.06051,0.06051,0.0602,601164906.0,601164906.0,601164906.0,,3,SUR,-1.18,
TQBR,2017-08-28,ВТБ ао,VTBR,9988,317271499.9,0.06033,0.05967,0.06033,0.06017,0.05988,0.06017,5298830000,0.05988,0.05988,0.06017,317271499.9,317271499.9,317271499.9,,3,SUR,-0.05,
TQBR,2017-08-29,ВТБ ао,VTBR,9612,405659531.2,0.05999,0.05957,0.06039,0.05999,0.05993,0.05999,6768140000,0.05994,0.05994,0.05999,405659531.2,405659531.2,405659531.2,,3,SUR,-0.3,
TQBR,2017-08-30,ВТБ ао,VTBR,46726,2203845259.8,0.06007,0.05999,0.06497,0.0648,0.06343,0.0648,34746910000,0.06343,0.06343,0.0648,2203845259.8,2203845259.8,2203845259.8,,3,SUR,8.02,
TQBR,2017-08-31,ВТБ ао,VTBR,26738,1157424783.5,0.065,0.06411,0.0653,0.06456,0.06486,0.06456,17846210000,0.06486,0.06486,0.06456,1157424783.5,1157424783.5,1157424783.5,,3,SUR,-0.37,
TQBR,2017-09-01,ВТБ ао,VTBR,43839,2018525654.4,0.0647,0.06331,0.06683,0.06345,0.06471,0.06345,31203250000,0.06469,0.06469,0.06345,2018525654.4,2018525654.4,2018525654.4,,3,SUR,-1.72,
TQBR,2017-09-04,ВТБ ао,VTBR,31698,1285396469.7,0.06302,0.06163,0.06357,0.06163,0.06217,0.06163,20675370000,0.06217,0.06217,0.06163,1285396469.7,1285396469.7,1285396469.7,,3,SUR,-2.87,
TQBR,2017-09-05,ВТБ ао,VTBR,33535,1645616209.7,0.06167,0.0597,0.06204,0.0601,0.06049,0.0601,27212370000,0.06047,0.06047,0.0601,1645616209.7,1645616209.7,1645616209.7,,3,SUR,-2.48,
TQBR,2017-09-06,ВТБ ао,VTBR,24077,908016349.0,0.06,0.0593,0.06072,0.0602,0.06016,0.0602,15069150000,0.06026,0.06026,0.0602,908016349.0,908016349.0,908016349.0,,3,SUR,0.17,
TQBR,2017-09-07,ВТБ ао,VTBR,14954,493963934.9,0.06025,0.0601,0.061,0.0601,0.0605,0.0601,8165130000,0.0605,0.0605,0.0601,493963934.9,493963934.9,493963934.9,,3,SUR,-0.17,
TQBR,2017-09-08,ВТБ ао,VTBR,23458,781735567.1,0.06022,0.0601,0.06185,0.0616,0.06032,0.0616,12827310000,0.06094,0.06094,0.0616,781735567.1,781735567.1,781735567.1,,3,SUR,2.5,
TQBR,2017-09-11,ВТБ ао,VTBR,22535,817767765.9,0.062,0.06135,0.06257,0.06211,0.06204,0.06211,13181660000,0.06204,0.06204,0.06211,817767765.9,817767765.9,817767765.9,,3,SUR,0.83,
TQBR,2017-09-12,ВТБ ао,VTBR,31455,1317565828.9,0.0622,0.06201,0.06427,0.06373,0.06353,0.06373,20743670000,0.06352,0.06352,0.06373,1317565828.9,1317565828.9,1317565828.9,,3,SUR,2.61,
TQBR,2017-09-13,ВТБ ао,VTBR,31599,1396276300.2,0.06373,0.06239,0.06484,0.06239,0.06392,0.06239,21831290000,0.06396,0.06396,0.06239,1396276300.2,1396276300.2,1396276300.2,,3,SUR,-2.1,
TQBR,2017-09-14,ВТБ ао,VTBR,14741,608772160.9,0.0626,0.0622,0.06335,0.06289,0.06276,0.06289,9699470000,0.06276,0.06276,0.06289,608772160.9,608772160.9,608772160.9,,3,SUR,0.8,
TQBR,2017-09-15,ВТБ ао,VTBR,20360,912779335.3,0.06278,0.0616,0.06379,0.0616,0.06275,0.0616,14547470000,0.06274,0.06274,0.0616,912779335.3,912779335.3,912779335.3,,3,SUR,-2.05,
TQBR,2017-09-18,ВТБ ао,VTBR,10446,359737031.1,0.06211,0.06199,0.06248,0.06227,0.06224,0.06227,5779730000,0.06224,0.06224,0.06227,359737031.1,359737031.1,359737031.1,,3,SUR,1.09,
TQBR,2017-09-19,ВТБ ао,VTBR,16874,612103989.6,0.06227,0.06137,0.06274,0.06188,0.06191,0.06188,9887480000,0.06191,0.06191,0.06188,612103989.6,612103989.6,612103989.6,,3,SUR,-0.63,
TQBR,2017-09-20,ВТБ ао,VTBR,20430,789768966.7,0.06198,0.0611,0.06199,0.0618,0.0615,0.0618,12842060000,0.0615,0.0615,0.0618,789768966.7,789768966.7,789768966.7,,3,SUR,-0.13,
TQBR,2017-09-21,ВТБ ао,VTBR,14826,687606899.1,0.06178,0.06126,0.06195,0.06163,0.06163,0.06163,11160850000,0.06161,0.06161,0.06163,687606899.1,687606899.1,687606899.1,,3,SUR,-0.28,
TQBR,2017-09-22,ВТБ ао,VTBR,12044,684235137.2,0.06156,0.06105,0.06194,0.06129,0.0614,0.06129,11143710000,0.0614,0.0614,0.06129,684235137.2,684235137.2,684235137.2,,3,SUR,-0.55,
TQBR,2017-09-25,ВТБ ао,VTBR,17359,719268677.6,0.06134,0.06119,0.06279,0.06254,0.06199,0.06254,11604850000,0.06198,0.06198,0.06254,719268677.6,719268677.6,719268677.6,,3,SUR,2.04,
TQBR,2017-09-26,ВТБ ао,VTBR,20543,812353143.2,0.06261,0.06211,0.06285,0.06233,0.06244,0.06233,13010550000,0.06244,0.06244,0.06233,812353143.2,812353143.2,812353143.2,,3,SUR,-0.34,
TQBR,2017-09-27,ВТБ ао,VTBR,12859,697567571.8,0.06233,0.06157,0.06275,0.06163,0.06189,0.06163,11268570000,0.0619,0.0619,0.06163,697567571.8,697567571.8,697567571.8,,3,SUR,-1.12,
TQBR,2017-09-28,ВТБ ао,VTBR,11216,458183313.0,0.0618,0.06165,0.06224,0.06191,0.06196,0.06191,7394570000,0.06196,0.06196,0.06191,458183313.0,458183313.0,458183313.0,,3,SUR,0.45,
TQBR,2017-09-29,ВТБ ао,VTBR,8985,258023655.0,0.06205,0.06159,0.06225,0.06159,0.06189,0.06159,4168900000,0.06189,0.06189,0.06159,258023655.0,258023655.0,258023655.0,,3,SUR,-0.52,
TQBR,2017-10-02,ВТБ ао,VTBR,10930,665842400.8,0.0617,0.06124,0.06217,0.06144,0.06162,0.06144,10804930000,0.06162,0.06162,0.06144,665842400.8,665842400.8,665842400.8,,3,SUR,-0.24,
TQBR,2017-10-03,ВТБ ао,VTBR,9662,361701197.4,0.06155,0.06141,0.062,0.06161,0.06171,0.06161,5861660000,0.06171,0.06171,0.06161,361701197.4,361701197.4,361701197.4,,3,SUR,0.28,
TQBR,2017-10-04,ВТБ ао,VTBR,8440,364969329.4,0.0612,0.0612,0.06159,0.0614,0.0614,0.0614,5944340000,0.0614,0.0614,0.0614,364969329.4,364969329.4,364969329.4,,3,SUR,-0.34,
TQBR,2017-10-05,ВТБ ао,VTBR,12727,781576543.6,0.06145,0.06071,0.06146,0.0612,0.06099,0.0612,12814350000,0.06099,0.06099,0.0612,781576543.6,781576543.6,781576543.6,,3,SUR,-0.33,
TQBR,2017-10-06,ВТБ ао,VTBR,14866,1139251611.3,0.06126,0.06126,0.0621,0.06145,0.06172,0.06145,18458440000,0.06172,0.06172,0.06145,1139251611.3,1139251611.3,1139251611.3,,3,SUR,0.41,
TQBR,2017-10-09,ВТБ ао,VTBR,9967,419815447.2,0.06159,0.06135,0.0619,0.06157,0.06162,0.06157,6813410000,0.06162,0.06162,0.06157,419815447.2,419815447.2,419815447.2,,3,SUR,0.2,
TQBR,2017-10-10,ВТБ ао,VTBR,7072,372970389.7,0.06161,0.06131,0.0618,0.06158,0.06153,0.06158,6061150000,0.06153,0.06153,0.06158,372970389.7,372970389.7,372970389.7,,3,SUR,0.02,
TQBR,2017-10-11,ВТБ ао,VTBR,13117,918204601.4,0.06169,0.06118,0.06171,0.06118,0.06139,0.06118,14957370000,0.06139,0.06139,0.06118,918204601.4,918204601.4,918204601.4,,3,SUR,-0.65,
TQBR,2017-10-12,ВТБ ао,VTBR,7540,434369394.1,0.06116,0.0611,0.06156,0.0612,0.06128,0.0612,7088630000,0.06128,0.06128,0.0612,434369394.1,434369394.1,434369394.1,,3,SUR,0.03,
TQBR,2017-10-13,ВТБ ао,VTBR,9980,373505029.6,0.06134,0.06084,0.06149,0.061,0.06112,0.061,6110830000,0.06112,0.06112,0.061,373505029.6,373505029.6,373505029.6,,3,SUR,-0.33,
TQBR,2017-10-16,ВТБ ао,VTBR,8545,386303217.1,0.06113,0.06097,0.0615,0.06115,0.06123,0.06115,6308590000,0.06123,0.06123,0.06115,386303217.1,386303217.1,386303217.1,,3,SUR,0.25,
TQBR,2017-10-17,ВТБ ао,VTBR,10062,319704831.0,0.06117,0.06029,0.06122,0.0606,0.06072,0.0606,5264980000,0.06072,0.06072,0.0606,319704831.0,319704831.0,319704831.0,,3,SUR,-0.9,
TQBR,2017-10-18,ВТБ ао,VTBR,7674,336077962.1,0.06078,0.06023,0.06105,0.06023,0.06066,0.06023,5540460000,0.06066,0.06066,0.06023,336077962.1,336077962.1,336077962.1,,3,SUR,-0.61,
TQBR,2017-10-19,ВТБ ао,VTBR,9449,445338143.0,0.06041,0.0602,0.06068,0.06021,0.06041,0.06021,7371390000,0.06041,0.06041,0.06021,445338143.0,445338143.0,445338143.0,,3,SUR,-0.03,
TQBR,2017-10-20,ВТБ ао,VTBR,7027,331326362.1,0.0604,0.06021,0.0607,0.06025,0.06039,0.06025,5486710000,0.06039,0.06039,0.06025,331326362.1,331326362.1,331326362.1,,3,SUR,0.07,
TQBR,2017-10-23,ВТБ ао,VTBR,6036,246271875.4,0.06049,0.0602,0.06069,0.06025,0.06037,0.06025,4079550000,0.06037,0.06037,0.06025,246271875.4,246271875.4,246271875.4,,3,SUR,0.0,
TQBR,2017-10-24,ВТБ ао,VTBR,10081,340257426.4,0.06025,0.06015,0.06104,0.06104,0.06058,0.06104,5616210000,0.06058,0.06058,0.06104,340257426.4,340257426.4,340257426.4,,3,SUR,1.31,
TQBR,2017-10-25,ВТБ ао,VTBR,11388,450527573.8,0.06122,0.06043,0.0614,0.06043,0.06096,0.06043,7391110000,0.06096,0.06096,0.06043,450527573.8,450527573.8,450527573.8,,3,SUR,-1.0,
TQBR,2017-10-26,ВТБ ао,VTBR,8541,315676315.7,0.06062,0.06022,0.06068,0.06022,0.06037,0.06022,5228600000,0.06037,0.06037,0.06022,315676315.7,315676315.7,315676315.7,,3,SUR,-0.35,
TQBR,2017-10-27,ВТБ ао,VTBR,26623,415242769.9,0.06045,0.06035,0.06084,0.06049,0.0606,0.06049,6850200000,0.06062,0.06062,0.06049,415242769.9,415242769.9,415242769.9,,3,SUR,0.45,
TQBR,2017-10-30,ВТБ ао,VTBR,9047,302383131.6,0.0606,0.06023,0.06069,0.06023,0.06047,0.06023,5001110000,0.06046,0.06046,0.06023,302383131.6,302383131.6,302383131.6,,3,SUR,-0.43,
TQBR,2017-10-31,ВТБ ао,VTBR,30669,394152909.0,0.06043,0.06,0.06058,0.06,0.06022,0.06,6545270000,0.06022,0.06022,0.06,394152909.0,394152909.0,394152909.0,,3,SUR,-0.38,
TQBR,2017-11-01,ВТБ ао,VTBR,15987,453197277.6,0.06021,0.05991,0.06075,0.05995,0.0602,0.05995,7530390000,0.06018,0.06018,0.05995,453197277.6,453197277.6,453197277.6,,3,SUR,-0.08,
TQBR,2017-11-02,ВТБ ао,VTBR,8749,373539775.1,0.05999,0.05935,0.06003,0.05976,0.05966,0.05976,6261530000,0.05966,0.05966,0.05976,373539775.1,373539775.1,373539775.1,,3,SUR,-0.32,
TQBR,2017-11-03,ВТБ ао,VTBR,11595,460028675.9,0.05975,0.0595,0.06037,0.0595,0.05983,0.0595,7689080000,0.05983,0.05983,0.0595,460028675.9,460028675.9,460028675.9,,3,SUR,-0.44,
TQBR,2017-11-07,ВТБ ао,VTBR,21615,1019560372.8,0.05993,0.0597,0.061,0.06075,0.06029,0.06075,16911380000,0.06029,0.06029,0.06075,1019560372.8,1019560372.8,1019560372.8,,3,SUR,2.1,
TQBR,2017-11-08,ВТБ ао,VTBR,11228,440575171.9,0.06051,0.0601,0.06089,0.0601,0.06048,0.0601,7284310000,0.06048,0.06048,0.0601,440575171.9,440575171.9,440575171.9,,3,SUR,-1.07,
TQBR,2017-11-09,ВТБ ао,VTBR,33124,1933537760.1,0.06028,0.06012,0.06241,0.06127,0.06155,0.06127,31415920000,0.06155,0.06155,0.06127,1933537760.1,1933537760.1,1933537760.1,,3,SUR,1.95,
TQBR,2017-11-10,ВТБ ао,VTBR,11628,652421824.3,0.06136,0.0601,0.06136,0.06011,0.06058,0.06011,10769150000,0.06058,0.06058,0.06011,652421824.3,652421824.3,652421824.3,,3,SUR,-1.89,
TQBR,2017-11-13,ВТБ ао,VTBR,9736,427812364.5,0.0601,0.06001,0.06072,0.06001,0.06029,0.06001,7094890000,0.0603,0.0603,0.06001,427812364.5,427812364.5,427812364.5,,3,SUR,-0.17,
TQBR,2017-11-14,ВТБ ао,VTBR,23084,1425379000.9,0.05991,0.0588,0.06016,0.0588,0.05933,0.0588,24025980000,0.05933,0.05933,0.0588,1425379000.9,1425379000.9,1425379000.9,,3,SUR,-2.02,
TQBR,2017-11-15,ВТБ ао,VTBR,33610,1679410670.9,0.05869,0.05549,0.05901,0.05549,0.05688,0.05549,29545350000,0.05684,0.05684,0.05549,1679410670.9,1679410670.9,1679410670.9,,3,SUR,-5.63,
TQBR,2017-11-16,ВТБ ао,VTBR,93282,5883167793.0,0.05539,0.0501,0.05549,0.05205,0.05175,0.05205,113671220000,0.05176,0.05176,0.05205,5883167793.0,5883167793.0,5883167793.0,,3,SUR,-6.2,
TQBR,2017-11-17,ВТБ ао,VTBR,51153,2154993426.6,0.0525,0.05211,0.0538,0.05338,0.05307,0.05338,40603970000,0.05307,0.05307,0.05338,2154993426.6,2154993426.6,2154993426.6,,3,SUR,2.56,
TQBR,2017-11-20,ВТБ ао,VTBR,27334,1318469391.9,0.05335,0.05311,0.05475,0.05398,0.05406,0.05398,24380870000,0.05408,0.05408,0.05398,1318469391.9,1318469391.9,1318469391.9,,3,SUR,1.12,
TQBR,2017-11-21,ВТБ ао,VTBR,23124,1211654163.8,0.0542,0.05266,0.0545,0.0532,0.05336,0.0532,22706150000,0.05336,0.05336,0.0532,1211654163.8,1211654163.8,1211654163.8,,3,SUR,-1.44,
TQBR,2017-11-22,ВТБ ао,VTBR,17373,680129194.8,0.05338,0.0522,0.05338,0.0529,0.05271,0.0529,12903780000,0.05271,0.05271,0.0529,680129194.8,680129194.8,680129194.8,,3,SUR,-0.56,
TQBR,2017-11-23,ВТБ ао,VTBR,12118,426776324.4,0.0527,0.05174,0.0529,0.05222,0.05241,0.05222,8143100000,0.05241,0.05241,0.05222,426776324.4,426776324.4,426776324.4,,3,SUR,-1.29,
TQBR,2017-11-24,ВТБ ао,VTBR,19679,983644300.6,0.05214,0.05214,0.0535,0.05338,0.05296,0.05338,18574440000,0.05296,0.05296,0.05338,983644300.6,983644300.6,983644300.6,,3,SUR,2.22,
TQBR,2017-11-27,ВТБ ао,VTBR,21933,405916938.0,0.05332,0.05236,0.05343,0.05267,0.05279,0.05267,7689640000,0.05279,0.05279,0.05267,405916938.0,405916938.0,405916938.0,,3,SUR,-1.33,
TQBR,2017-11-28,ВТБ ао,VTBR,18979,555001875.1,0.05266,0.05239,0.05345,0.0528,0.05279,0.0528,10514360000,0.05279,0.05279,0.0528,555001875.1,555001875.1,555001875.1,,3,SUR,0.25,
TQBR,2017-11-29,ВТБ ао,VTBR,14540,358280837.0,0.05298,0.0522,0.05298,0.0522,0.05246,0.0522,6829760000,0.05246,0.05246,0.0522,358280837.0,358280837.0,358280837.0,,3,SUR,-1.14,
TQBR,2017-11-30,ВТБ ао,VTBR,20180,985709206.9,0.05233,0.05039,0.05233,0.05078,0.05108,0.05078,19296970000,0.05108,0.05108,0.05078,985709206.9,985709206.9,985709206.9,,3,SUR,-2.72,
TQBR,2017-12-01,ВТБ ао,VTBR,35395,1300614332.9,0.05109,0.05011,0.05194,0.0516,0.05095,0.0516,25524210000,0.05096,0.05096,0.0516,1300614332.9,1300614332.9,1300614332.9,,3,SUR,1.61,
TQBR,2017-12-04,ВТБ ао,VTBR,17958,532058263.2,0.05131,0.05091,0.05162,0.051,0.05126,0.051,10376730000,0.05127,0.05127,0.051,532058263.2,532058263.2,532058263.2,,3,SUR,-1.16,
TQBR,2017-12-05,ВТБ ао,VTBR,8583,380624127.4,0.05091,0.05059,0.05131,0.05086,0.05091,0.05086,7476980000,0.05091,0.05091,0.05086,380624127.4,380624127.4,380624127.4,,3,SUR,-0.27,
TQBR,2017-12-06,ВТБ ао,VTBR,13212,417223103.7,0.05079,0.05064,0.05183,0.0515,0.05139,0.0515,8119390000,0.05139,0.05139,0.0515,417223103.7,417223103.7,417223103.7,,3,SUR,1.26,
TQBR,2017-12-07,ВТБ ао,VTBR,15316,471565530.1,0.05168,0.05088,0.05168,0.05103,0.05126,0.05103,9199410000,0.05126,0.05126,0.05103,471565530.1,471565530.1,471565530.1,,3,SUR,-0.91,
TQBR,2017-12-08,ВТБ ао,VTBR,10349,341572390.6,0.05103,0.05066,0.05147,0.05066,0.05094,0.05066,6705350000,0.05094,0.05094,0.05066,341572390.6,341572390.6,341572390.6,,3,SUR,-0.73,
TQBR,2017-12-11,ВТБ ао,VTBR,16483,761559681.3,0.05086,0.05071,0.0513,0.05122,0.05102,0.05122,14926690000,0.05102,0.05102,0.05122,761559681.3,761559681.3,761559681.3,,3,SUR,1.11,
TQBR,2017-12-12,ВТБ ао,VTBR,9362,483595797.8,0.05135,0.05084,0.0514,0.05125,0.0511,0.05125,9464440000,0.0511,0.0511,0.05125,483595797.8,483595797.8,483595797.8,,3,SUR,0.06,
TQBR,2017-12-13,ВТБ ао,VTBR,17193,1211548948.0,0.05091,0.0501,0.05125,0.0501,0.05041,0.0501,24031720000,0.05041,0.05041,0.0501,1211548948.0,1211548948.0,1211548948.0,,3,SUR,-2.24,
TQBR,2017-12-14,ВТБ ао,VTBR,54123,1716975150.5,0.05015,0.04895,0.05086,0.0504,0.04996,0.0504,34370400000,0.04996,0.04996,0.0504,1716975150.5,1716975150.5,1716975150.5,,3,SUR,0.6,
TQBR,2017-12-15,ВТБ ао,VTBR,14262,658074607.0,0.0503,0.0499,0.0505,0.05,0.05011,0.05,13132150000,0.05011,0.05011,0.05,658074607.0,658074607.0,658074607.0,,3,SUR,-0.79,
TQBR,2017-12-18,ВТБ ао,VTBR,15721,506567583.7,0.0502,0.0497,0.05049,0.04987,0.05007,0.04987,10116840000,0.05007,0.05007,0.04987,506567583.7,506567583.7,506567583.7,,3,SUR,-0.26,
TQBR,2017-12-19,ВТБ ао,VTBR,26667,990823683.9,0.04991,0.04837,0.0501,0.0484,0.04914,0.0484,20170420000,0.04912,0.04912,0.0484,990823683.9,990823683.9,990823683.9,,3,SUR,-2.95,
TQBR,2017-12-20,ВТБ ао,VTBR,52677,2628491880.7,0.04815,0.04571,0.04835,0.04591,0.04645,0.04591,56587310000,0.04645,0.04645,0.04591,2628491880.7,2628491880.7,2628491880.7,,3,SUR,-5.14,
TQBR,2017-12-21,ВТБ ао,VTBR,56157,2120145303.1,0.0458,0.04421,0.04609,0.04535,0.04496,0.04535,47160080000,0.04496,0.04496,0.04535,2120145303.1,2120145303.1,2120145303.1,,3,SUR,-1.22,
TQBR,2017-12-22,ВТБ ао,VTBR,32916,1453391876.0,0.04544,0.04509,0.0472,0.04655,0.04634,0.04655,31362250000,0.04634,0.04634,0.04655,1453391876.0,1453391876.0,1453391876.0,,3,SUR,2.65,
TQBR,2017-12-25,ВТБ ао,VTBR,8634,383724399.4,0.04689,0.0463,0.0473,0.0473,0.04691,0.0473,8181230000,0.0469,0.0469,0.0473,383724399.4,383724399.4,383724399.4,,3,SUR,1.61,
TQBR,2017-12-26,ВТБ ао,VTBR,8385,420467314.0,0.04729,0.04671,0.04738,0.04685,0.047,0.04685,8946090000,0.047,0.047,0.04685,420467314.0,420467314.0,420467314.0,,3,SUR,-0.95,
TQBR,2017-12-27,ВТБ ао,VTBR,32641,2046661551.6,0.0468,0.0465,0.04905,0.04745,0.0479,0.04745,42724620000,0.0479,0.0479,0.04745,2046661551.6,2046661551.6,2046661551.6,,3,SUR,1.28,
TQBR,2017-12-28,ВТБ ао,VTBR,16081,884723329.4,0.04751,0.04622,0.04779,0.04696,0.04679,0.04696,18909720000,0.04679,0.04679,0.04696,884723329.4,884723329.4,884723329.4,,3,SUR,-1.03,
TQBR,2017-12-29,ВТБ ао,VTBR,13301,558044512.2,0.047,0.04657,0.04772,0.04732,0.04711,0.04732,11846280000,0.04711,0.04711,0.04732,558044512.2,558044512.2,558044512.2,,3,SUR,0.77,
TQBR,2018-01-03,ВТБ ао,VTBR,17019,843220389.7,0.04733,0.04722,0.0495,0.0495,0.0486,0.0495,17351060000,0.0486,0.0486,0.0495,843220389.7,843220389.7,843220389.7,,3,SUR,4.61,
TQBR,2018-01-04,ВТБ ао,VTBR,17018,901142815.8,0.0495,0.04911,0.05027,0.05005,0.04976,0.05005,18109880000,0.04976,0.04976,0.05005,901142815.8,901142815.8,901142815.8,,3,SUR,1.11,
TQBR,2018-01-05,ВТБ ао,VTBR,13069,469158792.0,0.05028,0.04951,0.05028,0.0502,0.04989,0.0502,9403260000,0.04989,0.04989,0.0502,469158792.0,469158792.0,469158792.0,,3,SUR,0.3,
TQBR,2018-01-09,ВТБ ао,VTBR,31621,1643982953.6,0.05039,0.05032,0.05187,0.0508,0.05124,0.0508,32082650000,0.05124,0.05124,0.0508,1643982953.6,1643982953.6,1643982953.6,,3,SUR,1.2,
TQBR,2018-01-10,ВТБ ао,VTBR,19926,1206268375.5,0.051,0.0504,0.0513,0.05051,0.05088,0.05051,23707190000,0.05088,0.05088,0.05051,1206268375.5,1206268375.5,1206268375.5,,3,SUR,-0.57,
TQBR,2018-01-11,ВТБ ао,VTBR,20784,1134172517.8,0.0505,0.04971,0.0507,0.0505,0.05034,0.0505,22531410000,0.05034,0.05034,0.0505,1134172517.8,1134172517.8,1134172517.8,,3,SUR,-0.02,
TQBR,2018-01-12,ВТБ ао,VTBR,17810,826358480.2,0.0506,0.05008,0.05105,0.05096,0.05054,0.05096,16350360000,0.05054,0.05054,0.05096,826358480.2,826358480.2,826358480.2,,3,SUR,0.91,
TQBR,2018-01-15,ВТБ ао,VTBR,17957,663801621.6,0.05122,0.05081,0.05179,0.05081,0.05125,0.05081,12950920000,0.05126,0.05126,0.05081,663801621.6,663801621.6,663801621.6,,3,SUR,-0.29,
TQBR,2018-01-16,ВТБ ао,VTBR,14411,774523233.3,0.051,0.05026,0.05103,0.0509,0.05061,0.0509,15305000000,0.05061,0.05061,0.0509,774523233.3,774523233.3,774523233.3,,3,SUR,0.18,
TQBR,2018-01-17,ВТБ ао,VTBR,21625,1181635821.3,0.05061,0.05028,0.0517,0.05139,0.05095,0.05139,23192990000,0.05095,0.05095,0.05139,1181635821.3,1181635821.3,1181635821.3,,3,SUR,0.96,
TQBR,2018-01-18,ВТБ ао,VTBR,19181,1148776247.2,0.05135,0.05045,0.05175,0.0506,0.05087,0.0506,22574540000,0.05089,0.05089,0.0506,1148776247.2,1148776247.2,1148776247.2,,3,SUR,-1.54,
TQBR,2018-01-19,ВТБ ао,VTBR,21093,977781583.0,0.05089,0.0491,0.05093,0.04965,0.05004,0.04965,19538840000,0.05004,0.05004,0.04965,977781583.0,977781583.0,977781583.0,,3,SUR,-1.88,
TQBR,2018-01-22,ВТБ ао,VTBR,11724,599096714.9,0.04978,0.04961,0.05025,0.05014,0.04994,0.05014,11996060000,0.04994,0.04994,0.05014,599096714.9,599096714.9,599096714.9,,3,SUR,0.99,
TQBR,2018-01-23,ВТБ ао,VTBR,14498,717396131.3,0.05015,0.04911,0.05025,0.04978,0.04967,0.04978,14444060000,0.04967,0.04967,0.04978,717396131.3,717396131.3,717396131.3,,3,SUR,-0.72,
TQBR,2018-01-24,ВТБ ао,VTBR,21451,714582380.3,0.04962,0.04888,0.04967,0.04902,0.04913,0.04902,14545340000,0.04913,0.04913,0.04902,714582380.3,714582380.3,714582380.3,,3,SUR,-1.53,
TQBR,2018-01-25,ВТБ ао,VTBR,27142,1466938703.5,0.0491,0.04901,0.05045,0.0499,0.04983,0.0499,29437540000,0.04983,0.04983,0.0499,1466938703.5,1466938703.5,1466938703.5,,3,SUR,1.8,
TQBR,2018-01-26,ВТБ ао,VTBR,19864,819451406.9,0.04981,0.04871,0.04986,0.04935,0.04925,0.04935,16639130000,0.04925,0.04925,0.04935,819451406.9,819451406.9,819451406.9,,3,SUR,-1.1,
TQBR,2018-01-29,ВТБ ао,VTBR,14990,579307345.8,0.04919,0.04874,0.04959,0.049,0.0492,0.049,11776860000,0.04919,0.04919,0.049,579307345.8,579307345.8,579307345.8,,3,SUR,-0.71,
TQBR,2018-01-30,ВТБ ао,VTBR,16689,538931929.9,0.04891,0.04864,0.0495,0.0488,0.04918,0.0488,10959050000,0.04918,0.04918,0.0488,538931929.9,538931929.9,538931929.9,,3,SUR,-0.41,
TQBR,2018-01-31,ВТБ ао,VTBR,13198,451905143.7,0.04895,0.04865,0.0494,0.0494,0.04895,0.0494,9231420000,0.04895,0.04895,0.0494,451905143.7,451905143.7,451905143.7,,3,SUR,1.23,
TQBR,2018-02-01,ВТБ ао,VTBR,20440,1167678720.0,0.04934,0.04905,0.05009,0.04938,0.0494,0.04938,23638640000,0.0494,0.0494,0.04938,1167678720.0,1167678720.0,1167678720.0,,3,SUR,-0.04,
TQBR,2018-02-02,ВТБ ао,VTBR,50494,861633984.2,0.0494,0.04875,0.04967,0.0492,0.04912,0.0492,17542490000,0.04912,0.04912,0.0492,861633984.2,861633984.2,861633984.2,,3,SUR,-0.36,
TQBR,2018-02-05,ВТБ ао,VTBR,41809,663004416.5,0.04883,0.04853,0.04925,0.04908,0.04898,0.04908,13536350000,0.04898,0.04898,0.04908,663004416.5,663004416.5,663004416.5,,3,SUR,-0.24,
TQBR,2018-02-06,ВТБ ао,VTBR,34800,2279009328.4,0.0484,0.0468,0.04882,0.04702,0.0477,0.04702,47781510000,0.0477,0.0477,0.04702,2279009328.4,2279009328.4,2279009328.4,,3,SUR,-4.2,
TQBR,2018-02-07,ВТБ ао,VTBR,29086,683221019.4,0.04757,0.04722,0.04795,0.04761,0.04769,0.04761,14327120000,0.04769,0.04769,0.04761,683221019.4,683221019.4,683221019.4,,3,SUR,1.25,
TQBR,2018-02-08,ВТБ ао,VTBR,35203,1530580496.2,0.04763,0.04723,0.04884,0.04751,0.04787,0.04751,31974490000,0.04787,0.04787,0.04751,1530580496.2,1530580496.2,1530580496.2,,3,SUR,-0.21,
TQBR,2018-02-09,ВТБ ао,VTBR,35014,1339683828.5,0.047,0.0466,0.04749,0.04707,0.04718,0.04707,28397130000,0.04718,0.04718,0.04707,1339683828.5,1339683828.5,1339683828.5,,3,SUR,-0.93,
TQBR,2018-02-12,ВТБ ао,VTBR,20915,814559626.3,0.04754,0.04695,0.04779,0.04712,0.04732,0.04712,17212890000,0.04732,0.04732,0.04712,814559626.3,814559626.3,814559626.3,,3,SUR,0.11,
TQBR,2018-02-13,ВТБ ао,VTBR,16630,578574338.2,0.04719,0.04705,0.04775,0.04767,0.0474,0.04767,12207000000,0.0474,0.0474,0.04767,578574338.2,578574338.2,578574338.2,,3,SUR,1.17,
TQBR,2018-02-14,ВТБ ао,VTBR,24035,848079285.1,0.04771,0.04721,0.04827,0.0477,0.04766,0.0477,17793030000,0.04766,0.04766,0.0477,848079285.1,848079285.1,848079285.1,,3,SUR,0.06,
TQBR,2018-02-15,ВТБ ао,VTBR,18310,977593330.6,0.048,0.04732,0.048,0.04735,0.04762,0.04735,20529160000,0.04762,0.04762,0.04735,977593330.6,977593330.6,977593330.6,,3,SUR,-0.73,
TQBR,2018-02-16,ВТБ ао,VTBR,15687,497349240.3,0.04737,0.04736,0.0478,0.0477,0.04764,0.0477,10440810000,0.04764,0.04764,0.0477,497349240.3,497349240.3,497349240.3,,3,SUR,0.74,
TQBR,2018-02-19,ВТБ ао,VTBR,10444,301062437.1,0.04755,0.04723,0.04778,0.04745,0.04748,0.04745,6341120000,0.04748,0.04748,0.04745,301062437.1,301062437.1,301062437.1,,3,SUR,-0.52,
TQBR,2018-02-20,ВТБ ао,VTBR,9518,363181808.9,0.04746,0.04736,0.04795,0.04774,0.04764,0.04774,7623350000,0.04764,0.04764,0.04774,363181808.9,363181808.9,363181808.9,,3,SUR,0.61,
TQBR,2018-02-21,ВТБ ао,VTBR,32778,1731354966.0,0.04765,0.04761,0.04917,0.0489,0.04871,0.0489,35538170000,0.04872,0.04872,0.0489,1731354966.0,1731354966.0,1731354966.0,,3,SUR,2.43,
TQBR,2018-02-22,ВТБ ао,VTBR,75676,3646338377.7,0.04856,0.04856,0.05295,0.05175,0.05115,0.05175,71280420000,0.05115,0.05115,0.05175,3646338377.7,3646338377.7,3646338377.7,,3,SUR,5.83,
TQBR,2018-02-26,ВТБ ао,VTBR,104411,5652448296.5,0.05297,0.05255,0.05583,0.05463,0.05462,0.05463,103495950000,0.05462,0.05462,0.05463,5652448296.5,5652448296.5,5652448296.5,,3,SUR,5.57,
TQBR,2018-02-27,ВТБ ао,VTBR,49837,2334068391.4,0.05472,0.05335,0.05489,0.0538,0.05415,0.0538,43129190000,0.05412,0.05412,0.0538,2334068391.4,2334068391.4,2334068391.4,,3,SUR,-1.52,
TQBR,2018-02-28,ВТБ ао,VTBR,59660,2985402691.9,0.05361,0.05261,0.05405,0.05276,0.05337,0.05276,55940220000,0.05337,0.05337,0.05276,2985402691.9,2985402691.9,2985402691.9,,3,SUR,-1.93,
TQBR,2018-03-01,ВТБ ао,VTBR,30637,1321185833.2,0.05261,0.0523,0.05317,0.0525,0.05271,0.0525,25081050000,0.05268,0.05268,0.0525,1321185833.2,1321185833.2,1321185833.2,,3,SUR,-0.49,
TQBR,2018-03-02,ВТБ ао,VTBR,29219,1272886571.9,0.05276,0.0521,0.05399,0.05241,0.05286,0.05241,24080610000,0.05286,0.05286,0.05241,1272886571.9,1272886571.9,1272886571.9,,3,SUR,-0.17,
TQBR,2018-03-05,ВТБ ао,VTBR,19905,1054118077.2,0.0527,0.05202,0.05342,0.05246,0.05277,0.05246,19975150000,0.05277,0.05277,0.05246,1054118077.2,1054118077.2,1054118077.2,,3,SUR,0.1,
TQBR,2018-03-06,ВТБ ао,VTBR,21973,1162129206.7,0.05265,0.05253,0.05369,0.053,0.05296,0.053,21940900000,0.05297,0.05297,0.053,1162129206.7,1162129206.7,1162129206.7,,3,SUR,1.03,
TQBR,2018-03-07,ВТБ ао,VTBR,37366,2043419156.7,0.05275,0.05264,0.05478,0.0547,0.05393,0.0547,37893290000,0.05393,0.05393,0.0547,2043419156.7,2043419156.7,2043419156.7,,3,SUR,3.21,
TQBR,2018-03-09,ВТБ ао,VTBR,50628,1938585697.7,0.05454,0.05433,0.05659,0.05628,0.05581,0.05628,34734430000,0.05581,0.05581,0.05628,1938585697.7,1938585697.7,1938585697.7,,3,SUR,2.89,
TQBR,2018-03-12,ВТБ ао,VTBR,37960,1848171788.2,0.05701,0.0557,0.05764,0.05571,0.0567,0.05571,32589190000,0.05671,0.05671,0.05571,1848171788.2,1848171788.2,1848171788.2,,3,SUR,-1.01,
TQBR,2018-03-13,ВТБ ао,VTBR,36162,1589069346.8,0.05577,0.05492,0.05628,0.0558,0.05538,0.0558,28687530000,0.05539,0.05539,0.0558,1589069346.8,1589069346.8,1589069346.8,,3,SUR,0.16,
TQBR,2018-03-14,ВТБ ао,VTBR,40371,1650904060.9,0.05554,0.0535,0.05598,0.05354,0.05464,0.05354,30212110000,0.05464,0.05464,0.05354,1650904060.9,1650904060.9,1650904060.9,,3,SUR,-4.05,
TQBR,2018-03-15,ВТБ ао,VTBR,37393,1797121727.2,0.05366,0.05319,0.05423,0.05384,0.05371,0.05384,33459930000,0.05371,0.05371,0.05384,1797121727.2,1797121727.2,1797121727.2,,3,SUR,0.56,
TQBR,2018-03-16,ВТБ ао,VTBR,43135,2018640856.5,0.0538,0.05335,0.05419,0.05348,0.05372,0.05348,37576330000,0.05372,0.05372,0.05348,2018640856.5,2018640856.5,2018640856.5,,3,SUR,-0.67,
TQBR,2018-03-19,ВТБ ао,VTBR,12964,680772092.2,0.0539,0.0534,0.05414,0.0534,0.05378,0.0534,12658970000,0.05378,0.05378,0.0534,680772092.2,680772092.2,680772092.2,,3,SUR,-0.15,
TQBR,2018-03-20,ВТБ ао,VTBR,23634,1027033103.6,0.05358,0.05266,0.05396,0.0539,0.05325,0.0539,19288980000,0.05324,0.05324,0.0539,1027033103.6,1027033103.6,1027033103.6,,3,SUR,0.94,
TQBR,2018-03-21,ВТБ ао,VTBR,30551,1652182182.3,0.05405,0.05317,0.0545,0.054,0.05389,0.054,30658230000,0.05389,0.05389,0.054,1652182182.3,1652182182.3,1652182182.3,,3,SUR,0.19,
TQBR,2018-03-22,ВТБ ао,VTBR,28535,1486213401.1,0.05428,0.05331,0.05428,0.054,0.05375,0.054,27649420000,0.05375,0.05375,0.054,1486213401.1,1486213401.1,1486213401.1,,3,SUR,0.0,
TQBR,2018-03-23,ВТБ ао,VTBR,19231,927688832.2,0.0534,0.0529,0.05358,0.05328,0.05325,0.05328,17421750000,0.05325,0.05325,0.05328,927688832.2,927688832.2,927688832.2,,3,SUR,-1.33,
TQBR,2018-03-26,ВТБ ао,VTBR,44415,1725465592.2,0.05324,0.05099,0.05324,0.05099,0.05212,0.05099,33123020000,0.05209,0.05209,0.05099,1725465592.2,1725465592.2,1725465592.2,,3,SUR,-4.3,
TQBR,2018-03-27,ВТБ ао,VTBR,27380,1108335672.5,0.05137,0.05105,0.05219,0.0518,0.05163,0.0518,21467510000,0.05163,0.05163,0.0518,1108335672.5,1108335672.5,1108335672.5,,3,SUR,1.59,
TQBR,2018-03-28,ВТБ ао,VTBR,19793,859822350.8,0.05134,0.05055,0.05158,0.051,0.05115,0.051,16810600000,0.05115,0.05115,0.051,859822350.8,859822350.8,859822350.8,,3,SUR,-1.54,
TQBR,2018-03-29,ВТБ ао,VTBR,22385,1067786445.6,0.05111,0.05111,0.0521,0.05115,0.05156,0.05115,20710280000,0.05156,0.05156,0.05115,1067786445.6,1067786445.6,1067786445.6,,3,SUR,0.29,
TQBR,2018-03-30,ВТБ ао,VTBR,4198,215831555.4,0.0515,0.05122,0.05166,0.05166,0.05147,0.05166,4193540000,0.05147,0.05147,0.05166,215831555.4,215831555.4,215831555.4,,3,SUR,1.0,
TQBR,2018-04-02,ВТБ ао,VTBR,12969,646436389.7,0.0516,0.05114,0.05194,0.05114,0.05159,0.05114,12530820000,0.05159,0.05159,0.05114,646436389.7,646436389.7,646436389.7,,3,SUR,-1.01,
TQBR,2018-04-03,ВТБ ао,VTBR,37573,2217391301.1,0.05112,0.05077,0.0531,0.0523,0.05221,0.0523,42471760000,0.05221,0.05221,0.0523,2217391301.1,2217391301.1,2217391301.1,,3,SUR,2.27,
TQBR,2018-04-04,ВТБ ао,VTBR,15500,1013482575.1,0.05264,0.0521,0.05264,0.05237,0.0523,0.05237,19378720000,0.0523,0.0523,0.05237,1013482575.1,1013482575.1,1013482575.1,,3,SUR,0.13,
TQBR,2018-04-05,ВТБ ао,VTBR,79811,3608434069.1,0.05269,0.05253,0.05395,0.05395,0.05331,0.05395,67703760000,0.0533,0.0533,0.05395,3608434069.1,3608434069.1,3608434069.1,,3,SUR,3.02,
TQBR,2018-04-06,ВТБ ао,VTBR,141070,4612400257.8,0.0536,0.05359,0.05555,0.0554,0.0549,0.0554,84007570000,0.0549,0.0549,0.0554,4612400257.8,4612400257.8,4612400257.8,,3,SUR,2.69,
TQBR,2018-04-09,ВТБ ао,VTBR,124416,6017971259.3,0.0552,0.0485,0.05525,0.0504,0.05112,0.0504,117719370000,0.05112,0.05112,0.0504,6017971259.3,6017971259.3,6017971259.3,,3,SUR,-9.03,
TQBR,2018-04-10,ВТБ ао,VTBR,66334,4197720212.1,0.05,0.04922,0.05179,0.05091,0.05031,0.05091,83439090000,0.05031,0.05031,0.05091,4197720212.1,4197720212.1,4197720212.1,,3,SUR,1.01,
TQBR,2018-04-11,ВТБ ао,VTBR,39037,2177617373.3,0.05091,0.04941,0.05159,0.05047,0.05038,0.05047,43223020000,0.05038,0.05038,0.05047,2177617373.3,2177617373.3,2177617373.3,,3,SUR,-0.86,
TQBR,2018-04-12,ВТБ ао,VTBR,23212,1070779672.3,0.05092,0.05051,0.05148,0.05093,0.05098,0.05093,21003970000,0.05098,0.05098,0.05093,1070779672.3,1070779672.3,1070779672.3,,3,SUR,0.91,
TQBR,2018-04-13,ВТБ ао,VTBR,34296,1371451308.6,0.05098,0.05012,0.0515,0.05087,0.05075,0.05087,27025650000,0.05075,0.05075,0.05087,1371451308.6,1371451308.6,1371451308.6,,3,SUR,-0.12,
TQBR,2018-04-16,ВТБ ао,VTBR,30564,1445308878.8,0.05001,0.05,0.05219,0.05179,0.05114,0.05179,28261520000,0.05114,0.05114,0.05179,1445308878.8,1445308878.8,1445308878.8,,3,SUR,1.81,
TQBR,2018-04-17,ВТБ ао,VTBR,25532,1830840132.6,0.05349,0.05194,0.05354,0.05217,0.05263,0.05217,34786470000,0.05263,0.05263,0.05217,1830840132.6,1830840132.6,1830840132.6,,3,SUR,0.73,
TQBR,2018-04-18,ВТБ ао,VTBR,20038,1272450880.0,0.05244,0.0522,0.05349,0.053,0.05291,0.053,24051110000,0.05291,0.05291,0.053,1272450880.0,1272450880.0,1272450880.0,,3,SUR,1.59,
TQBR,2018-04-19,ВТБ ао,VTBR,18986,1133658406.2,0.05306,0.05197,0.0535,0.0525,0.05267,0.0525,21522020000,0.05267,0.05267,0.0525,1133658406.2,1133658406.2,1133658406.2,,3,SUR,-0.94,
TQBR,2018-04-20,ВТБ ао,VTBR,15227,833956653.6,0.05245,0.0521,0.0532,0.05289,0.05259,0.05289,15856560000,0.05259,0.05259,0.05289,833956653.6,833956653.6,833956653.6,,3,SUR,0.74,
TQBR,2018-04-23,ВТБ ао,VTBR,22921,1106620465.0,0.0527,0.05251,0.053,0.053,0.05274,0.053,20982100000,0.05274,0.05274,0.053,1106620465.0,1106620465.0,1106620465.0,,3,SUR,0.21,
TQBR,2018-04-24,ВТБ ао,VTBR,20387,1437796259.2,0.053,0.0528,0.0539,0.053,0.05333,0.053,26963840000,0.05332,0.05332,0.053,1437796259.2,1437796259.2,1437796259.2,,3,SUR,0.0,
TQBR,2018-04-25,ВТБ ао,VTBR,15044,764356700.4,0.05275,0.05228,0.0529,0.05287,0.05266,0.05287,14514260000,0.05266,0.05266,0.05287,764356700.4,764356700.4,764356700.4,,3,SUR,-0.25,
TQBR,2018-04-26,ВТБ ао,VTBR,15674,1042844855.7,0.053,0.05208,0.05335,0.0524,0.05254,0.0524,19855440000,0.05252,0.05252,0.0524,1042844855.7,1042844855.7,1042844855.7,,3,SUR,-0.89,
TQBR,2018-04-27,ВТБ ао,VTBR,12877,717970170.3,0.05255,0.05217,0.0528,0.05257,0.05251,0.05257,13673820000,0.05251,0.05251,0.05257,717970170.3,717970170.3,717970170.3,,3,SUR,0.32,
TQBR,2018-04-28,ВТБ ао,VTBR,5449,139296942.4,0.05257,0.05235,0.05272,0.0527,0.05257,0.0527,2649990000,0.05257,0.05257,0.0527,139296942.4,139296942.4,139296942.4,,3,SUR,0.25,
TQBR,2018-04-30,ВТБ ао,VTBR,13315,706893214.7,0.05272,0.05265,0.05397,0.05397,0.05315,0.05397,13301570000,0.05314,0.05314,0.05397,706893214.7,706893214.7,706893214.7,,3,SUR,2.41,
TQBR,2018-05-02,ВТБ ао,VTBR,12754,827569602.2,0.05359,0.05308,0.05414,0.0534,0.05343,0.0534,15488420000,0.05343,0.05343,0.0534,827569602.2,827569602.2,827569602.2,,3,SUR,-1.06,
TQBR,2018-05-03,ВТБ ао,VTBR,10532,614081772.2,0.05338,0.05261,0.05366,0.05261,0.05313,0.05261,11557270000,0.05313,0.05313,0.05261,614081772.2,614081772.2,614081772.2,,3,SUR,-1.48,
TQBR,2018-05-04,ВТБ ао,VTBR,9080,454929390.4,0.05297,0.05265,0.05311,0.05275,0.05281,0.05275,8613650000,0.05281,0.05281,0.05275,454929390.4,454929390.4,454929390.4,,3,SUR,0.27,
TQBR,2018-05-07,ВТБ ао,VTBR,12872,699751089.1,0.0531,0.05272,0.0533,0.05277,0.05293,0.05277,13219540000,0.05293,0.05293,0.05277,699751089.1,699751089.1,699751089.1,,3,SUR,0.04,
TQBR,2018-05-08,ВТБ ао,VTBR,20320,1071211133.5,0.05257,0.05085,0.05295,0.0527,0.0524,0.0527,20443090000,0.0524,0.0524,0.0527,1071211133.5,1071211133.5,1071211133.5,,3,SUR,-0.13,
TQBR,2018-05-10,ВТБ ао,VTBR,17016,819771938.5,0.0531,0.05224,0.05317,0.05225,0.05261,0.05225,15581900000,0.05261,0.05261,0.05225,819771938.5,819771938.5,819771938.5,,3,SUR,-0.85,
TQBR,2018-05-11,ВТБ ао,VTBR,21688,1076081837.9,0.05239,0.05204,0.0527,0.05238,0.05231,0.05238,20571320000,0.05231,0.05231,0.05238,1076081837.9,1076081837.9,1076081837.9,,3,SUR,0.25,
TQBR,2018-05-14,ВТБ ао,VTBR,17051,1030138847.5,0.05243,0.05217,0.05273,0.0525,0.05242,0.0525,19652910000,0.05242,0.05242,0.0525,1030138847.5,1030138847.5,1030138847.5,,3,SUR,0.23,
TQBR,2018-05-15,ВТБ ао,VTBR,35561,2053328944.7,0.05225,0.05111,0.05237,0.0515,0.05164,0.0515,39760920000,0.05164,0.05164,0.0515,2053328944.7,2053328944.7,2053328944.7,,3,SUR,-1.9,
TQBR,2018-05-16,ВТБ ао,VTBR,17970,1082246972.9,0.0513,0.05116,0.05164,0.05132,0.0514,0.05132,21053480000,0.0514,0.0514,0.05132,1082246972.9,1082246972.9,1082246972.9,,3,SUR,-0.35,
TQBR,2018-05-17,ВТБ ао,VTBR,23073,1773436935.1,0.05156,0.05122,0.05195,0.05122,0.0516,0.05122,34370490000,0.0516,0.0516,0.05122,1773436935.1,1773436935.1,1773436935.1,,3,SUR,-0.19,
TQBR,2018-05-18,ВТБ ао,VTBR,19974,1110300021.0,0.05147,0.051,0.05159,0.0512,0.05137,0.0512,21615830000,0.05137,0.05137,0.0512,1110300021.0,1110300021.0,1110300021.0,,3,SUR,-0.04,
TQBR,2018-05-21,ВТБ ао,VTBR,14750,900688385.5,0.05131,0.05128,0.05189,0.05156,0.05163,0.05156,17445590000,0.05163,0.05163,0.05156,900688385.5,900688385.5,900688385.5,,3,SUR,0.7,
TQBR,2018-05-22,ВТБ ао,VTBR,12534,566901274.6,0.05166,0.05132,0.05166,0.05139,0.05146,0.05139,11015980000,0.05146,0.05146,0.05139,566901274.6,566901274.6,566901274.6,,3,SUR,-0.33,
TQBR,2018-05-23,ВТБ ао,VTBR,12267,736540012.7,0.0513,0.05115,0.05166,0.05115,0.05137,0.05115,14336830000,0.05137,0.05137,0.05115,736540012.7,736540012.7,736540012.7,,3,SUR,-0.47,
TQBR,2018-05-24,ВТБ ао,VTBR,12164,779684496.9,0.0513,0.05116,0.05159,0.05121,0.05135,0.05121,15182700000,0.05135,0.05135,0.05121,779684496.9,779684496.9,779684496.9,,3,SUR,0.12,
TQBR,2018-05-25,ВТБ ао,VTBR,14283,831457676.1,0.0513,0.05077,0.05149,0.05106,0.0511,0.05106,16271680000,0.0511,0.0511,0.05106,831457676.1,831457676.1,831457676.1,,3,SUR,-0.29,
TQBR,2018-05-28,ВТБ ао,VTBR,7205,449493308.7,0.05114,0.05108,0.0515,0.05145,0.0514,0.05145,8744700000,0.0514,0.0514,0.05145,449493308.7,449493308.7,449493308.7,,3,SUR,0.76,
TQBR,2018-05-29,ВТБ ао,VTBR,16274,934422428.1,0.05132,0.05096,0.0515,0.05128,0.05121,0.05128,18245310000,0.05121,0.05121,0.05128,934422428.1,934422428.1,934422428.1,,3,SUR,-0.33,
TQBR,2018-05-30,ВТБ ао,VTBR,23467,1615706683.8,0.0513,0.05114,0.05165,0.05134,0.05137,0.05134,31451320000,0.05137,0.05137,0.05134,1615706683.8,1615706683.8,1615706683.8,,3,SUR,0.12,
TQBR,2018-05-31,ВТБ ао,VTBR,46616,6425493889.8,0.05145,0.04989,0.05162,0.04989,0.05038,0.04989,127556320000,0.05037,0.05037,0.04989,6425493889.8,6425493889.8,6425493889.8,,3,SUR,-2.82,
TQBR,2018-06-01,ВТБ ао,VTBR,70347,3765786447.8,0.04749,0.0474,0.04823,0.0474,0.04783,0.0474,78735380000,0.04783,0.04783,0.0474,3765786447.8,3765786447.8,3765786447.8,,3,SUR,-4.99,
TQBR,2018-06-04,ВТБ ао,VTBR,27534,1443000244.9,0.04764,0.04684,0.04788,0.04703,0.04733,0.04703,30486540000,0.04733,0.04733,0.04703,1443000244.9,1443000244.9,1443000244.9,,3,SUR,-0.78,
TQBR,2018-06-05,ВТБ ао,VTBR,17741,910201274.5,0.04716,0.04701,0.0476,0.04744,0.04735,0.04744,19222000000,0.04735,0.04735,0.04744,910201274.5,910201274.5,910201274.5,,3,SUR,0.87,
TQBR,2018-06-06,ВТБ ао,VTBR,16157,781067987.8,0.0474,0.04705,0.04769,0.04725,0.04735,0.04725,16496550000,0.04735,0.04735,0.04725,781067987.8,781067987.8,781067987.8,,3,SUR,-0.4,
TQBR,2018-06-07,ВТБ ао,VTBR,15445,878125467.4,0.04745,0.04681,0.04745,0.04681,0.04706,0.04681,18660120000,0.04706,0.04706,0.04681,878125467.4,878125467.4,878125467.4,,3,SUR,-0.93,
TQBR,2018-06-08,ВТБ ао,VTBR,44109,1882884199.6,0.0467,0.0453,0.04673,0.04531,0.04589,0.04531,41031590000,0.04589,0.04589,0.04531,1882884199.6,1882884199.6,1882884199.6,,3,SUR,-3.2,
TQBR,2018-06-09,ВТБ ао,VTBR,5148,176792532.0,0.04532,0.04532,0.04561,0.04552,0.04552,0.04552,3884090000,0.04552,0.04552,0.04552,176792532.0,176792532.0,176792532.0,,3,SUR,0.46,
TQBR,2018-06-11,ВТБ ао,VTBR,20417,859967843.6,0.04554,0.0445,0.04566,0.04514,0.04501,0.04514,19105330000,0.04501,0.04501,0.04514,859967843.6,859967843.6,859967843.6,,3,SUR,-0.83,
TQBR,2018-06-13,ВТБ ао,VTBR,32885,1156849685.2,0.04485,0.04463,0.04527,0.04475,0.04491,0.04475,25759980000,0.04491,0.04491,0.04475,1156849685.2,1156849685.2,1156849685.2,,3,SUR,-0.86,
TQBR,2018-06-14,ВТБ ао,VTBR,22419,773679568.9,0.04475,0.04457,0.0452,0.04465,0.04484,0.04465,17252480000,0.04484,0.04484,0.04465,773679568.9,773679568.9,773679568.9,,3,SUR,-0.22,
TQBR,2018-06-15,ВТБ ао,VTBR,21238,1056899488.2,0.04481,0.04451,0.04505,0.04451,0.0447,0.04451,23643230000,0.0447,0.0447,0.04451,1056899488.2,1056899488.2,1056899488.2,,3,SUR,-0.31,
TQBR,2018-06-18,ВТБ ао,VTBR,52559,1758870724.9,0.04451,0.04444,0.04632,0.04611,0.04568,0.04611,38501220000,0.04568,0.04568,0.04611,1758870724.9,1758870724.9,1758870724.9,,3,SUR,3.59,
TQBR,2018-06-19,ВТБ ао,VTBR,41976,1261537859.9,0.046,0.04519,0.04608,0.04519,0.04566,0.04519,27629400000,0.04566,0.04566,0.04519,1261537859.9,1261537859.9,1261537859.9,,3,SUR,-2.0,
TQBR,2018-06-20,ВТБ ао,VTBR,37605,1497538537.6,0.04554,0.04554,0.0472,0.0472,0.04661,0.0472,32127790000,0.04661,0.04661,0.0472,1497538537.6,1497538537.6,1497538537.6,,3,SUR,4.45,
TQBR,2018-06-21,ВТБ ао,VTBR,23941,1335805274.6,0.0472,0.04671,0.04778,0.04696,0.04722,0.04696,28289840000,0.04722,0.04722,0.04696,1335805274.6,1335805274.6,1335805274.6,,3,SUR,-0.51,
TQBR,2018-06-22,ВТБ ао,VTBR,14474,929390261.3,0.04729,0.04649,0.04753,0.0466,0.04695,0.0466,19795690000,0.04695,0.04695,0.0466,929390261.3,929390261.3,929390261.3,,3,SUR,-0.77,
TQBR,2018-06-25,ВТБ ао,VTBR,21964,823716107.2,0.04693,0.04656,0.04727,0.0467,0.04699,0.0467,17530440000,0.04699,0.04699,0.0467,823716107.2,823716107.2,823716107.2,,3,SUR,0.21,
TQBR,2018-06-26,ВТБ ао,VTBR,17688,630955571.8,0.04686,0.04671,0.04718,0.0469,0.04697,0.0469,13434240000,0.04697,0.04697,0.0469,630955571.8,630955571.8,630955571.8,,3,SUR,0.43,
TQBR,2018-06-27,ВТБ ао,VTBR,19500,1010513189.1,0.04704,0.04675,0.04759,0.04735,0.04729,0.04735,21367130000,0.04729,0.04729,0.04735,1010513189.1,1010513189.1,1010513189.1,,3,SUR,0.96,
TQBR,2018-06-28,ВТБ ао,VTBR,25617,1440372104.8,0.0474,0.04735,0.04867,0.04783,0.04812,0.04783,29931750000,0.04812,0.04812,0.04783,1440372104.8,1440372104.8,1440372104.8,,3,SUR,1.01,
TQBR,2018-06-29,ВТБ ао,VTBR,21171,1014733186.4,0.048,0.048,0.04889,0.04801,0.04838,0.04801,20972020000,0.04839,0.04839,0.04801,1014733186.4,1014733186.4,1014733186.4,,3,SUR,0.38,
TQBR,2018-07-02,ВТБ ао,VTBR,39952,1197604471.2,0.04792,0.04741,0.04844,0.04833,0.04801,0.04833,24943340000,0.04801,0.04801,0.04833,1197604471.2,1197604471.2,1197604471.2,,3,SUR,0.67,
TQBR,2018-07-03,ВТБ ао,VTBR,13687,638446599.8,0.04834,0.04819,0.04872,0.04838,0.04848,0.04838,13168400000,0.04848,0.04848,0.04838,638446599.8,638446599.8,638446599.8,,3,SUR,0.1,
TQBR,2018-07-04,ВТБ ао,VTBR,10510,579558206.8,0.04858,0.04826,0.0488,0.04856,0.04852,0.04856,11944910000,0.04852,0.04852,0.04856,579558206.8,579558206.8,579558206.8,,3,SUR,0.37,
TQBR,2018-07-05,ВТБ ао,VTBR,11936,607916330.0,0.0484,0.04832,0.04873,0.04866,0.04854,0.04866,12524260000,0.04854,0.04854,0.04866,607916330.0,607916330.0,607916330.0,,3,SUR,0.21,
TQBR,2018-07-06,ВТБ ао,VTBR,16033,718814302.6,0.04866,0.0484,0.0492,0.0485,0.04871,0.0485,14756910000,0.04871,0.04871,0.0485,718814302.6,718814302.6,718814302.6,,3,SUR,-0.33,
TQBR,2018-07-09,ВТБ ао,VTBR,12603,722546629.2,0.0488,0.04873,0.04939,0.04939,0.04912,0.04939,14710180000,0.04912,0.04912,0.04939,722546629.2,722546629.2,722546629.2,,3,SUR,1.84,
TQBR,2018-07-10,ВТБ ао,VTBR,10484,593036101.5,0.04943,0.04884,0.04947,0.04903,0.04918,0.04903,12058850000,0.04918,0.04918,0.04903,593036101.5,593036101.5,593036101.5,,3,SUR,-0.73,
TQBR,2018-07-11,ВТБ ао,VTBR,19183,675880384.1,0.04872,0.04838,0.04884,0.0486,0.04858,0.0486,13912910000,0.04858,0.04858,0.0486,675882859.1,675882859.1,675882859.1,,3,SUR,-0.88,
TQBR,2018-07-12,ВТБ ао,VTBR,11808,609709236.9,0.04851,0.04788,0.04884,0.04831,0.04848,0.04831,12582100000,0.04846,0.04846,0.04831,609709236.9,609709236.9,609709236.9,,3,SUR,-0.6,
TQBR,2018-07-13,ВТБ ао,VTBR,26495,1322830170.5,0.04847,0.04828,0.04975,0.04975,0.04927,0.04975,26847860000,0.04927,0.04927,0.04975,1322830170.5,1322830170.5,1322830170.5,,3,SUR,2.98,
TQBR,2018-07-16,ВТБ ао,VTBR,15504,1019811515.5,0.04975,0.04936,0.04998,0.0494,0.04975,0.0494,20497200000,0.04975,0.04975,0.0494,1019811515.5,1019811515.5,1019811515.5,,3,SUR,-0.7,
TQBR,2018-07-17,ВТБ ао,VTBR,14579,628841905.9,0.04937,0.0486,0.04945,0.04872,0.04894,0.04872,12851730000,0.04893,0.04893,0.04872,628841905.9,628841905.9,628841905.9,,3,SUR,-1.38,
TQBR,2018-07-18,ВТБ ао,VTBR,11605,427411503.7,0.04871,0.04848,0.04903,0.04853,0.0487,0.04853,8776450000,0.0487,0.0487,0.04853,427411503.7,427411503.7,427411503.7,,3,SUR,-0.39,
TQBR,2018-07-19,ВТБ ао,VTBR,18253,946276810.3,0.04863,0.04745,0.04878,0.04784,0.04806,0.04784,19691340000,0.04806,0.04806,0.04784,946276810.3,946276810.3,946276810.3,,3,SUR,-1.42,
TQBR,2018-07-20,ВТБ ао,VTBR,15454,734458245.7,0.04794,0.04737,0.04869,0.04825,0.0482,0.04825,15239130000,0.0482,0.0482,0.04825,734458245.7,734458245.7,734458245.7,,3,SUR,0.86,
TQBR,2018-07-23,ВТБ ао,VTBR,9890,360991663.6,0.04818,0.04818,0.04898,0.04824,0.04854,0.04824,7436910000,0.04854,0.04854,0.04824,360991663.6,360991663.6,360991663.6,,3,SUR,-0.02,
TQBR,2018-07-24,ВТБ ао,VTBR,9930,511805718.0,0.04847,0.04791,0.04847,0.04822,0.04813,0.04822,10632880000,0.04813,0.04813,0.04822,511805718.0,511805718.0,511805718.0,,3,SUR,-0.04,
TQBR,2018-07-25,ВТБ ао,VTBR,24539,740925031.8,0.0477,0.04716,0.04799,0.04795,0.0476,0.04795,15566050000,0.0476,0.0476,0.04795,740925031.8,740925031.8,740925031.8,,3,SUR,-0.56,
TQBR,2018-07-26,ВТБ ао,VTBR,8208,389534146.0,0.04805,0.04753,0.04823,0.04758,0.0478,0.04758,8148640000,0.0478,0.0478,0.04758,389534146.0,389534146.0,389534146.0,,3,SUR,-0.77,
TQBR,2018-07-27,ВТБ ао,VTBR,7500,328621921.0,0.0477,0.04741,0.04795,0.04782,0.04772,0.04782,6888160000,0.04771,0.04771,0.04782,328621921.0,328621921.0,328621921.0,,3,SUR,0.5,
TQBR,2018-07-30,ВТБ ао,VTBR,10456,350790192.3,0.04778,0.04753,0.04807,0.04797,0.04782,0.04797,7336410000,0.04781,0.04781,0.04797,350790192.3,350790192.3,350790192.3,,3,SUR,0.31,
TQBR,2018-07-31,ВТБ ао,VTBR,7574,446898739.8,0.04762,0.04762,0.04828,0.04828,0.04802,0.04828,9305960000,0.04802,0.04802,0.04828,446898739.8,446898739.8,446898739.8,,3,SUR,0.65,
TQBR,2018-08-01,ВТБ ао,VTBR,14483,658822702.8,0.04815,0.04807,0.04886,0.04828,0.04857,0.04828,13563150000,0.04857,0.04857,0.04828,658822702.8,658822702.8,658822702.8,,3,SUR,0.0,
TQBR,2018-08-02,ВТБ ао,VTBR,11104,444151812.7,0.04828,0.04745,0.04846,0.04758,0.048,0.04758,9252880000,0.048,0.048,0.04758,444151812.7,444151812.7,444151812.7,,3,SUR,-1.45,
TQBR,2018-08-03,ВТБ ао,VTBR,12435,481793311.9,0.04768,0.04694,0.0477,0.04735,0.0473,0.04735,10185690000,0.0473,0.0473,0.04735,481793311.9,481793311.9,481793311.9,,3,SUR,-0.48,
TQBR,2018-08-06,ВТБ ао,VTBR,13819,508711987.2,0.04741,0.04679,0.04763,0.04681,0.04716,0.04681,10786720000,0.04716,0.04716,0.04681,508711987.2,508711987.2,508711987.2,,3,SUR,-1.14,
TQBR,2018-08-07,ВТБ ао,VTBR,10306,380203426.3,0.0469,0.04656,0.04735,0.0468,0.04699,0.0468,8090770000,0.04699,0.04699,0.0468,380203426.3,380203426.3,380203426.3,,3,SUR,-0.02,
TQBR,2018-08-08,ВТБ ао,VTBR,28406,1382077879.0,0.04665,0.0453,0.04682,0.04569,0.04585,0.04569,30146560000,0.04585,0.04585,0.04569,1382077879.0,1382077879.0,1382077879.0,,3,SUR,-2.37,
TQBR,2018-08-09,ВТБ ао,VTBR,49713,2752234574.0,0.04537,0.04221,0.04537,0.04511,0.04375,0.04511,62911480000,0.04375,0.04375,0.04511,2752234574.0,2752234574.0,2752234574.0,,3,SUR,-1.27,
TQBR,2018-08-10,ВТБ ао,VTBR,26211,1282305202.9,0.04509,0.04284,0.04513,0.04337,0.04396,0.04337,29169930000,0.04396,0.04396,0.04337,1282305202.9,1282305202.9,1282305202.9,,3,SUR,-3.86,
TQBR,2018-08-13,ВТБ ао,VTBR,25255,948349255.7,0.0426,0.04251,0.04378,0.04295,0.04316,0.04295,21963280000,0.04318,0.04318,0.04295,948349255.7,948349255.7,948349255.7,,3,SUR,-0.97,
TQBR,2018-08-14,ВТБ ао,VTBR,18488,652682391.9,0.04323,0.04267,0.0437,0.04364,0.04322,0.04364,15100150000,0.04322,0.04322,0.04364,652682391.9,652682391.9,652682391.9,,3,SUR,1.61,
TQBR,2018-08-15,ВТБ ао,VTBR,24305,527045800.0,0.04341,0.04315,0.04389,0.0434,0.04345,0.0434,12130540000,0.04345,0.04345,0.0434,527045800.0,527045800.0,527045800.0,,3,SUR,-0.55,
TQBR,2018-08-16,ВТБ ао,VTBR,15100,342635334.1,0.0436,0.04348,0.04388,0.04388,0.04369,0.04388,7841670000,0.04369,0.04369,0.04388,342635334.1,342635334.1,342635334.1,,3,SUR,1.11,
TQBR,2018-08-17,ВТБ ао,VTBR,12085,367108527.7,0.04375,0.0433,0.04389,0.04371,0.0436,0.04371,8420680000,0.0436,0.0436,0.04371,367108527.7,367108527.7,367108527.7,,3,SUR,-0.39,
TQBR,2018-08-20,ВТБ ао,VTBR,9024,275576906.1,0.04381,0.04381,0.04429,0.04415,0.04405,0.04415,6255760000,0.04405,0.04405,0.04415,275576906.1,275576906.1,275576906.1,,3,SUR,1.01,
TQBR,2018-08-21,ВТБ ао,VTBR,12496,349930158.1,0.0442,0.04371,0.0444,0.04415,0.04401,0.04415,7950990000,0.04401,0.04401,0.04415,349930158.1,349930158.1,349930158.1,,3,SUR,0.0,
TQBR,2018-08-22,ВТБ ао,VTBR,31362,1005642162.2,0.04401,0.04279,0.0442,0.043,0.04337,0.043,23196160000,0.04335,0.04335,0.043,1005642162.2,1005642162.2,1005642162.2,,3,SUR,-2.6,
TQBR,2018-08-23,ВТБ ао,VTBR,43704,1406165877.8,0.0429,0.04107,0.043,0.04139,0.04221,0.04139,33316520000,0.04221,0.04221,0.04139,1406165877.8,1406165877.8,1406165877.8,,3,SUR,-3.74,
TQBR,2018-08-24,ВТБ ао,VTBR,51149,1321491930.7,0.0413,0.04018,0.04152,0.04102,0.04075,0.04102,32425410000,0.04075,0.04075,0.04102,1321491930.7,1321491930.7,1321491930.7,,3,SUR,-0.89,
TQBR,2018-08-27,ВТБ ао,VTBR,28549,576827949.4,0.04129,0.04124,0.04215,0.04215,0.0417,0.04215,13833320000,0.0417,0.0417,0.04215,576827949.4,576827949.4,576827949.4,,3,SUR,2.75,
TQBR,2018-08-28,ВТБ ао,VTBR,17689,429633513.1,0.0423,0.0415,0.0423,0.04153,0.04191,0.04153,10251730000,0.04191,0.04191,0.04153,429633513.1,429633513.1,429633513.1,,3,SUR,-1.47,
TQBR,2018-08-29,ВТБ ао,VTBR,20065,509081751.7,0.0416,0.04107,0.04199,0.04199,0.04173,0.04199,12199610000,0.04173,0.04173,0.04199,509081751.7,509081751.7,509081751.7,,3,SUR,1.11,
TQBR,2018-08-30,ВТБ ао,VTBR,18539,518458461.7,0.042,0.0411,0.04217,0.04122,0.04152,0.04122,12486160000,0.04152,0.04152,0.04122,518458461.7,518458461.7,518458461.7,,3,SUR,-1.83,
TQBR,2018-08-31,ВТБ ао,VTBR,19269,587417619.4,0.04111,0.04085,0.04155,0.0414,0.04125,0.0414,14241380000,0.04125,0.04125,0.0414,587417619.4,587417619.4,587417619.4,,3,SUR,0.44,
TQBR,2018-09-03,ВТБ ао,VTBR,10540,277383677.2,0.0413,0.04105,0.04151,0.04129,0.0413,0.04129,6716220000,0.0413,0.0413,0.04129,277383677.2,277383677.2,277383677.2,,3,SUR,-0.27,
TQBR,2018-09-04,ВТБ ао,VTBR,14551,415215805.7,0.0414,0.04086,0.04173,0.04092,0.04118,0.04092,10083340000,0.04118,0.04118,0.04092,415215805.7,415215805.7,415215805.7,,3,SUR,-0.9,
TQBR,2018-09-05,ВТБ ао,VTBR,15189,562420795.3,0.04092,0.04002,0.04111,0.04002,0.0406,0.04002,13846920000,0.04062,0.04062,0.04002,562420795.3,562420795.3,562420795.3,,3,SUR,-2.2,
TQBR,2018-09-06,ВТБ ао,VTBR,21227,794095291.7,0.04006,0.03943,0.04035,0.0395,0.03998,0.0395,19862000000,0.03998,0.03998,0.0395,794095291.7,794095291.7,794095291.7,,3,SUR,-1.3,
TQBR,2018-09-07,ВТБ ао,VTBR,16969,647097882.8,0.0396,0.03903,0.03995,0.03933,0.0395,0.03933,16381190000,0.0395,0.0395,0.03933,647097882.8,647097882.8,647097882.8,,3,SUR,-0.43,
TQBR,2018-09-10,ВТБ ао,VTBR,19988,864455381.6,0.03935,0.03842,0.03948,0.0386,0.03879,0.0386,22287820000,0.03879,0.03879,0.0386,864455381.6,864455381.6,864455381.6,,3,SUR,-1.86,
TQBR,2018-09-11,ВТБ ао,VTBR,23191,797139265.2,0.03862,0.03834,0.0391,0.039,0.03882,0.039,20535740000,0.03882,0.03882,0.039,797139265.2,797139265.2,797139265.2,,3,SUR,1.04,
TQBR,2018-09-12,ВТБ ао,VTBR,18328,693348156.1,0.0392,0.03903,0.0398,0.0396,0.03949,0.0396,17555880000,0.03949,0.03949,0.0396,693348156.1,693348156.1,693348156.1,,3,SUR,1.54,
TQBR,2018-09-13,ВТБ ао,VTBR,35620,1535223104.2,0.0397,0.03961,0.04168,0.04048,0.0408,0.04048,37625190000,0.0408,0.0408,0.04048,1535223104.2,1535223104.2,1535223104.2,,3,SUR,2.22,
TQBR,2018-09-14,ВТБ ао,VTBR,30941,1040722493.1,0.0405,0.03966,0.04098,0.04005,0.04018,0.04005,25899610000,0.04018,0.04018,0.04005,1040722493.1,1040722493.1,1040722493.1,,3,SUR,-1.06,
TQBR,2018-09-17,ВТБ ао,VTBR,12578,524203356.4,0.04005,0.03981,0.04043,0.04004,0.0401,0.04004,13071920000,0.0401,0.0401,0.04004,524203356.4,524203356.4,524203356.4,,3,SUR,-0.02,
TQBR,2018-09-18,ВТБ ао,VTBR,17413,707018391.6,0.03991,0.03991,0.0412,0.04118,0.0406,0.04118,17415010000,0.0406,0.0406,0.04118,707018391.6,707018391.6,707018391.6,,3,SUR,2.85,
TQBR,2018-09-19,ВТБ ао,VTBR,20609,812119322.6,0.04135,0.04107,0.0418,0.04128,0.04139,0.04128,19619610000,0.04139,0.04139,0.04128,812119322.6,812119322.6,812119322.6,,3,SUR,0.24,
TQBR,2018-09-20,ВТБ ао,VTBR,31535,1457468927.9,0.04138,0.0409,0.042,0.04111,0.04152,0.04111,35099600000,0.04152,0.04152,0.04111,1457468927.9,1457468927.9,1457468927.9,,3,SUR,-0.41,
TQBR,2018-09-21,ВТБ ао,VTBR,12473,746309550.7,0.04125,0.04081,0.0422,0.0422,0.04159,0.0422,17944510000,0.04159,0.04159,0.0422,746309550.7,746309550.7,746309550.7,,3,SUR,2.65,
TQBR,2018-09-24,ВТБ ао,VTBR,18273,957293311.2,0.0419,0.04156,0.04245,0.04191,0.04203,0.04191,22776370000,0.04203,0.04203,0.04191,957293311.2,957293311.2,957293311.2,,3,SUR,-0.69,
TQBR,2018-09-25,ВТБ ао,VTBR,11198,431980104.3,0.04204,0.0415,0.04225,0.0416,0.04175,0.0416,10345900000,0.04175,0.04175,0.0416,431980104.3,431980104.3,431980104.3,,3,SUR,-0.74,
TQBR,2018-09-26,ВТБ ао,VTBR,20132,732647449.8,0.0417,0.041,0.04173,0.04118,0.04141,0.04118,17694320000,0.04141,0.04141,0.04118,732647449.8,732647449.8,732647449.8,,3,SUR,-1.01,
TQBR,2018-09-27,ВТБ ао,VTBR,25379,1027151505.0,0.04118,0.04045,0.04169,0.0413,0.04112,0.0413,24976480000,0.04112,0.04112,0.0413,1027151505.0,1027151505.0,1027151505.0,,3,SUR,0.29,
TQBR,2018-09-28,ВТБ ао,VTBR,25341,925503349.6,0.0416,0.04047,0.0416,0.04076,0.04085,0.04076,22657560000,0.04085,0.04085,0.04076,925503349.6,925503349.6,925503349.6,,3,SUR,-1.31,
TQBR,2018-10-01,ВТБ ао,VTBR,14761,532285457.0,0.04092,0.04014,0.04101,0.04031,0.04059,0.04031,13112240000,0.04059,0.04059,0.04031,532285457.0,532285457.0,532285457.0,,3,SUR,-1.1,
TQBR,2018-10-02,ВТБ ао,VTBR,12264,399078644.5,0.0406,0.04012,0.04067,0.04037,0.04033,0.04037,9894130000,0.04033,0.04033,0.04037,399078644.5,399078644.5,399078644.5,,3,SUR,0.15,
TQBR,2018-10-03,ВТБ ао,VTBR,17844,674120911.2,0.04037,0.04018,0.04095,0.04071,0.04058,0.04071,16612190000,0.04058,0.04058,0.04071,674120911.2,674120911.2,674120911.2,,3,SUR,0.84,
TQBR,2018-10-04,ВТБ ао,VTBR,22493,863964994.0,0.04069,0.03963,0.04099,0.0399,0.04032,0.0399,21445400000,0.04029,0.04029,0.0399,863964994.0,863964994.0,863964994.0,,3,SUR,-1.99,
TQBR,2018-10-05,ВТБ ао,VTBR,18975,546832812.3,0.03988,0.03934,0.04,0.03958,0.03969,0.03958,13777860000,0.03969,0.03969,0.03958,546832812.3,546832812.3,546832812.3,,3,SUR,-0.8,
TQBR,2018-10-08,ВТБ ао,VTBR,22772,590820465.2,0.03961,0.03882,0.0398,0.03921,0.03924,0.03921,15056980000,0.03924,0.03924,0.03921,590820465.2,590820465.2,590820465.2,,3,SUR,-0.93,
TQBR,2018-10-09,ВТБ ао,VTBR,24890,868415068.6,0.0393,0.0384,0.03966,0.0384,0.03888,0.0384,22337310000,0.03888,0.03888,0.0384,868415068.6,868415068.6,868415068.6,,3,SUR,-2.07,
TQBR,2018-10-10,ВТБ ао,VTBR,22140,784877514.5,0.03855,0.03776,0.03866,0.03813,0.03813,0.03813,20581840000,0.03813,0.03813,0.03813,784877514.5,784877514.5,784877514.5,,3,SUR,-0.7,
TQBR,2018-10-11,ВТБ ао,VTBR,39724,1682064260.3,0.03739,0.03658,0.03786,0.0377,0.03724,0.0377,45174210000,0.03724,0.03724,0.0377,1682064260.3,1682064260.3,1682064260.3,,3,SUR,-1.13,
TQBR,2018-10-12,ВТБ ао,VTBR,22891,799773248.8,0.038,0.03737,0.0384,0.03795,0.03793,0.03795,21086340000,0.03793,0.03793,0.03795,799773248.8,799773248.8,799773248.8,,3,SUR,0.66,
TQBR,2018-10-15,ВТБ ао,VTBR,19394,617352625.3,0.03817,0.0379,0.0388,0.03849,0.03831,0.03849,16113400000,0.03831,0.03831,0.03849,617352625.3,617352625.3,617352625.3,,3,SUR,1.42,
TQBR,2018-10-16,ВТБ ао,VTBR,29056,993314298.2,0.03846,0.03761,0.03895,0.0384,0.03829,0.0384,25940890000,0.03829,0.03829,0.0384,993314298.2,993314298.2,993314298.2,,3,SUR,-0.23,
TQBR,2018-10-17,ВТБ ао,VTBR,19676,756451042.4,0.03867,0.03801,0.03887,0.03846,0.03839,0.03846,19703850000,0.03839,0.03839,0.03846,756451042.4,756451042.4,756451042.4,,3,SUR,0.16,
TQBR,2018-10-18,ВТБ ао,VTBR,15805,450109601.2,0.03838,0.03774,0.0385,0.03793,0.03807,0.03793,11823560000,0.03807,0.03807,0.03793,450109601.2,450109601.2,450109601.2,,3,SUR,-1.38,
TQBR,2018-10-19,ВТБ ао,VTBR,26390,735865102.9,0.03798,0.03685,0.03798,0.03689,0.03737,0.03689,19689400000,0.03737,0.03737,0.03689,735865102.9,735865102.9,735865102.9,,3,SUR,-2.74,
TQBR,2018-10-22,ВТБ ао,VTBR,30071,982704907.2,0.03689,0.03586,0.03703,0.03614,0.03645,0.03614,26963850000,0.03645,0.03645,0.03614,982704907.2,982704907.2,982704907.2,,3,SUR,-2.03,
TQBR,2018-10-23,ВТБ ао,VTBR,26121,887692909.7,0.03594,0.0352,0.03638,0.0362,0.03567,0.0362,24884710000,0.03567,0.03567,0.0362,887692909.7,887692909.7,887692909.7,,3,SUR,0.17,
TQBR,2018-10-24,ВТБ ао,VTBR,25587,1051173640.5,0.0363,0.03585,0.03714,0.03685,0.03652,0.03685,28780230000,0.03652,0.03652,0.03685,1051173640.5,1051173640.5,1051173640.5,,3,SUR,1.8,
TQBR,2018-10-25,ВТБ ао,VTBR,13977,406171108.6,0.03628,0.03603,0.03652,0.03635,0.03628,0.03635,11194100000,0.03628,0.03628,0.03635,406171108.6,406171108.6,406171108.6,,3,SUR,-1.36,
TQBR,2018-10-26,ВТБ ао,VTBR,17095,518120329.8,0.03611,0.03562,0.03622,0.03574,0.03584,0.03574,14458280000,0.03584,0.03584,0.03574,518120329.8,518120329.8,518120329.8,,3,SUR,-1.68,
TQBR,2018-10-29,ВТБ ао,VTBR,18203,464270031.2,0.03563,0.03563,0.0367,0.0364,0.03625,0.0364,12806770000,0.03625,0.03625,0.0364,464270031.2,464270031.2,464270031.2,,3,SUR,1.85,
TQBR,2018-10-30,ВТБ ао,VTBR,16758,426152220.5,0.03629,0.03601,0.03667,0.0366,0.03637,0.0366,11716220000,0.03637,0.03637,0.0366,426152220.5,426152220.5,426152220.5,,3,SUR,0.55,
TQBR,2018-10-31,ВТБ ао,VTBR,17565,526226195.1,0.03676,0.03658,0.03705,0.03658,0.03677,0.03658,14311030000,0.03677,0.03677,0.03658,526226195.1,526226195.1,526226195.1,,3,SUR,-0.05,
TQBR,2018-11-01,ВТБ ао,VTBR,28436,650891671.2,0.03669,0.03585,0.03669,0.0362,0.03618,0.0362,17990650000,0.03618,0.03618,0.0362,650891671.2,650891671.2,650891671.2,,3,SUR,-1.04,
TQBR,2018-11-02,ВТБ ао,VTBR,17432,414805762.3,0.036225,0.03604,0.03635,0.03613,0.03619,0.03613,11459220000,0.0362,0.0362,0.03613,414805762.3,414805762.3,414805762.3,,3,SUR,-0.19,
TQBR,2018-11-06,ВТБ ао,VTBR,18559,578134917.1,0.0362,0.03614,0.03662,0.03615,0.03634,0.03615,15910200000,0.036335,0.036335,0.03615,578134917.1,578134917.1,578134917.1,,3,SUR,0.06,
TQBR,2018-11-07,ВТБ ао,VTBR,63372,2168299055.45,0.036,0.03573,0.03819,0.03819,0.037275,0.03819,58167200000,0.037275,0.037275,0.03819,2168299055.45,2168299055.45,2168299055.45,,3,SUR,5.64,
TQBR,2018-11-08,ВТБ ао,VTBR,48756,1381254230.1,0.0383,0.037795,0.03874,0.03803,0.03833,0.03803,36034700000,0.03833,0.03833,0.03803,1381254230.1,1381254230.1,1381254230.1,,3,SUR,-0.42,
TQBR,2018-11-09,ВТБ ао,VTBR,36200,786522306.55,0.037875,0.0371,0.03808,0.03757,0.037635,0.03757,20899340000,0.037635,0.037635,0.03757,786522306.55,786522306.55,786522306.55,,3,SUR,-1.21,
TQBR,2018-11-12,ВТБ ао,VTBR,26277,752117435.35,0.0377,0.0377,0.0385,0.03818,0.03806,0.03818,19761240000,0.03806,0.03806,0.03818,752117435.35,752117435.35,752117435.35,,3,SUR,1.62,
TQBR,2018-11-13,ВТБ ао,VTBR,43923,1253798469.35,0.038005,0.037735,0.03915,0.03844,0.03867,0.03844,32421450000,0.03867,0.03867,0.03844,1253798469.35,1253798469.35,1253798469.35,,3,SUR,0.68,
TQBR,2018-11-14,ВТБ ао,VTBR,33464,672116470.65,0.0383,0.0378,0.03857,0.03815,0.038205,0.03815,17596900000,0.038195,0.038195,0.03815,672116470.65,672116470.65,672116470.65,,3,SUR,-0.75,
TQBR,2018-11-15,ВТБ ао,VTBR,45902,1281638847.45,0.038385,0.038165,0.0394,0.03928,0.03899,0.03928,32876180000,0.038985,0.038985,0.03928,1281638847.45,1281638847.45,1281638847.45,,3,SUR,2.96,
TQBR,2018-11-16,ВТБ ао,VTBR,28051,773192751.7,0.03952,0.038875,0.03956,0.03916,0.039175,0.03916,19737790000,0.039175,0.039175,0.03916,773192751.7,773192751.7,773192751.7,,3,SUR,-0.31,
TQBR,2018-11-19,ВТБ ао,VTBR,19936,492640504.15,0.03916,0.0385,0.0395,0.0388,0.03902,0.0388,12625230000,0.03902,0.03902,0.0388,492640504.15,492640504.15,492640504.15,,3,SUR,-0.92,
TQBR,2018-11-20,ВТБ ао,VTBR,26274,776279761.55,0.03872,0.037345,0.03872,0.03743,0.037855,0.03743,20507410000,0.037855,0.037855,0.03743,776279761.55,776279761.55,776279761.55,,3,SUR,-3.53,
TQBR,2018-11-21,ВТБ ао,VTBR,26421,870897748.5,0.037215,0.036865,0.03768,0.03722,0.0373,0.03722,23348180000,0.0373,0.0373,0.03722,870897748.5,870897748.5,870897748.5,,3,SUR,-0.56,
TQBR,2018-11-22,ВТБ ао,VTBR,16335,517419236.3,0.03742,0.03721,0.03777,0.0373,0.03746,0.0373,13814970000,0.037455,0.037455,0.0373,517419236.3,517419236.3,517419236.3,,3,SUR,0.21,
TQBR,2018-11-23,ВТБ ао,VTBR,17271,457511921.2,0.03721,0.036715,0.03737,0.03706,0.03703,0.03706,12355030000,0.03703,0.03703,0.03706,457511921.2,457511921.2,457511921.2,,3,SUR,-0.64,
TQBR,2018-11-26,ВТБ ао,VTBR,34615,1128055098.75,0.03702,0.03555,0.037165,0.036695,0.036325,0.036695,31053560000,0.036325,0.036325,0.036695,1128055098.75,1128055098.75,1128055098.75,,3,SUR,-0.98,
TQBR,2018-11-27,ВТБ ао,VTBR,18216,454449615.3,0.0367,0.036505,0.0372,0.03683,0.03689,0.03683,12318760000,0.03689,0.03689,0.03683,454449615.3,454449615.3,454449615.3,,3,SUR,0.37,
TQBR,2018-11-28,ВТБ ао,VTBR,17651,592234748.8,0.03696,0.036815,0.037685,0.03758,0.037265,0.03758,15893200000,0.037265,0.037265,0.03758,592234748.8,592234748.8,592234748.8,,3,SUR,2.04,
TQBR,2018-11-29,ВТБ ао,VTBR,27990,830639200.2,0.0376,0.0375,0.038335,0.03803,0.03798,0.03803,21870920000,0.03798,0.03798,0.03803,830639200.2,830639200.2,830639200.2,,3,SUR,1.2,
TQBR,2018-11-30,ВТБ ао,VTBR,17587,462521023.85,0.03776,0.037105,0.037845,0.0373,0.037395,0.0373,12367990000,0.037395,0.037395,0.0373,462521023.85,462521023.85,462521023.85,,3,SUR,-1.92,
TQBR,2018-12-03,ВТБ ао,VTBR,16369,505436614.8,0.037505,0.0375,0.03817,0.0376,0.037875,0.0376,13345570000,0.037875,0.037875,0.0376,505436614.8,505436614.8,505436614.8,,3,SUR,0.8,
TQBR,2018-12-04,ВТБ ао,VTBR,24808,697492809.7,0.03758,0.036955,0.03779,0.03699,0.03723,0.03699,18734290000,0.03723,0.03723,0.03699,697492809.7,697492809.7,697492809.7,,3,SUR,-1.62,
TQBR,2018-12-05,ВТБ ао,VTBR,30175,621984824.4,0.036755,0.03652,0.03706,0.036995,0.036845,0.036995,16880750000,0.036845,0.036845,0.036995,621984824.4,621984824.4,621984824.4,,3,SUR,0.01,
TQBR,2018-12-06,ВТБ ао,VTBR,16557,460315206.85,0.036725,0.03625,0.03684,0.03671,0.036605,0.03671,12575580000,0.036605,0.036605,0.03671,460315206.85,460315206.85,460315206.85,,3,SUR,-0.77,
TQBR,2018-12-07,ВТБ ао,VTBR,30624,625306908.1,0.036785,0.036475,0.03704,0.036555,0.0367,0.036555,17037480000,0.0367,0.0367,0.036555,625306908.1,625306908.1,625306908.1,,3,SUR,-0.42,
TQBR,2018-12-10,ВТБ ао,VTBR,12830,410783631.25,0.03639,0.0361,0.03669,0.0361,0.03634,0.0361,11303680000,0.03634,0.03634,0.0361,410783631.25,410783631.25,410783631.25,,3,SUR,-1.24,
TQBR,2018-12-11,ВТБ ао,VTBR,14650,391103935.45,0.036325,0.03594,0.036355,0.036005,0.03618,0.036005,10809270000,0.03618,0.03618,0.036005,391103935.45,391103935.45,391103935.45,,3,SUR,-0.26,
TQBR,2018-12-12,ВТБ ао,VTBR,13225,438792098.65,0.036145,0.035835,0.03625,0.03625,0.03608,0.03625,12161040000,0.03608,0.03608,0.03625,438792098.65,438792098.65,438792098.65,,3,SUR,0.68,
TQBR,2018-12-13,ВТБ ао,VTBR,10720,284864753.9,0.03624,0.03591,0.03628,0.03608,0.036095,0.03608,7906700000,0.03603,0.03603,0.03608,284864753.9,284864753.9,284864753.9,,3,SUR,-0.47,
TQBR,2018-12-14,ВТБ ао,VTBR,15611,434140079.3,0.03596,0.035555,0.03607,0.035995,0.035825,0.035995,12124480000,0.035805,0.035805,0.035995,434140079.3,434140079.3,434140079.3,,3,SUR,-0.24,
TQBR,2018-12-17,ВТБ ао,VTBR,23034,736154631.45,0.0359,0.035885,0.03695,0.03634,0.036545,0.03634,20142510000,0.036545,0.036545,0.03634,736154631.45,736154631.45,736154631.45,,3,SUR,0.96,
TQBR,2018-12-18,ВТБ ао,VTBR,20020,606025308.7,0.0361,0.03564,0.03625,0.0362,0.03603,0.0362,16843810000,0.03598,0.03598,0.0362,606025308.7,606025308.7,606025308.7,,3,SUR,-0.39,
TQBR,2018-12-19,ВТБ ао,VTBR,19494,462177380.55,0.0359,0.0357,0.03654,0.0363,0.036075,0.0363,12811780000,0.036075,0.036075,0.0363,462177380.55,462177380.55,462177380.55,,3,SUR,0.28,
TQBR,2018-12-20,ВТБ ао,VTBR,30908,834751200.25,0.036215,0.0357,0.036225,0.03587,0.035865,0.03587,23266560000,0.03588,0.03588,0.03587,834751200.25,834751200.25,834751200.25,,3,SUR,-1.18,
TQBR,2018-12-21,ВТБ ао,VTBR,15029,641703542.6,0.0358,0.035245,0.03609,0.035245,0.035605,0.035245,18021720000,0.035605,0.035605,0.035245,641703542.6,641703542.6,641703542.6,,3,SUR,-1.74,
TQBR,2018-12-24,ВТБ ао,VTBR,29167,775414051.9,0.035415,0.03462,0.03564,0.03472,0.03502,0.03472,22142880000,0.03502,0.03502,0.03472,775414051.9,775414051.9,775414051.9,,3,SUR,-1.49,
TQBR,2018-12-25,ВТБ ао,VTBR,30670,905199514.55,0.03448,0.03305,0.0345,0.034175,0.033825,0.034175,26771770000,0.03381,0.03381,0.034175,905199514.55,905199514.55,905199514.55,,3,SUR,-1.57,
TQBR,2018-12-26,ВТБ ао,VTBR,14589,613474771.35,0.034395,0.034005,0.034695,0.034455,0.034375,0.034455,17845840000,0.034375,0.034375,0.034455,613474771.35,613474771.35,613474771.35,,3,SUR,0.82,
TQBR,2018-12-27,ВТБ ао,VTBR,20527,711264329.55,0.03485,0.03405,0.034905,0.03405,0.03445,0.03405,20645200000,0.03445,0.03445,0.03405,711264329.55,711264329.55,711264329.55,,3,SUR,-1.18,
TQBR,2018-12-28,ВТБ ао,VTBR,19800,693889751.15,0.034195,0.03377,0.03443,0.03391,0.03409,0.03391,20352030000,0.034095,0.034095,0.03391,693889751.15,693889751.15,693889751.15,,3,SUR,-0.41,
TQBR,2018-12-29,ВТБ ао,VTBR,9309,200123694.2,0.034095,0.03385,0.034145,0.03385,0.034,0.03385,5885490000,0.034005,0.034005,0.03385,200123694.2,200123694.2,200123694.2,,3,SUR,-0.18,
TQBR,2019-01-03,ВТБ ао,VTBR,11971,307679094.85,0.033905,0.03366,0.03436,0.03421,0.034135,0.03421,9013110000,0.034135,0.034135,0.03421,307679094.85,307679094.85,307679094.85,,3,SUR,1.06,
TQBR,2019-01-04,ВТБ ао,VTBR,9691,296856106.25,0.03424,0.03422,0.03462,0.03462,0.03448,0.03462,8609390000,0.03448,0.03448,0.03462,296856106.25,296856106.25,296856106.25,,3,SUR,1.2,
TQBR,2019-01-08,ВТБ ао,VTBR,16129,383012779.55,0.0347,0.03447,0.034995,0.03484,0.034775,0.03484,11018110000,0.03476,0.03476,0.03484,383012779.55,383012779.55,383012779.55,,3,SUR,0.64,
TQBR,2019-01-09,ВТБ ао,VTBR,22727,429540026.75,0.035,0.034845,0.03514,0.035,0.03501,0.035,12269360000,0.03501,0.03501,0.035,429540026.75,429540026.75,429540026.75,,3,SUR,0.46,
TQBR,2019-01-10,ВТБ ао,VTBR,14075,448676794.15,0.035,0.03465,0.03506,0.035045,0.03486,0.035045,12868910000,0.034865,0.034865,0.035045,448676794.15,448676794.15,448676794.15,,3,SUR,0.13,
TQBR,2019-01-11,ВТБ ао,VTBR,15180,528556158.7,0.03512,0.03496,0.035435,0.035185,0.0352,0.035185,15016080000,0.0352,0.0352,0.035185,528556158.7,528556158.7,528556158.7,,3,SUR,0.4,
TQBR,2019-01-14,ВТБ ао,VTBR,11375,325828804.15,0.035,0.034805,0.035335,0.0353,0.035105,0.0353,9282210000,0.035105,0.035105,0.0353,325828804.15,325828804.15,325828804.15,,3,SUR,0.33,
TQBR,2019-01-15,ВТБ ао,VTBR,17761,489075094.2,0.035335,0.035315,0.0358,0.035465,0.03554,0.035465,13762220000,0.03554,0.03554,0.035465,489075094.2,489075094.2,489075094.2,,3,SUR,0.47,
TQBR,2019-01-16,ВТБ ао,VTBR,12389,310874843.5,0.0356,0.03537,0.03573,0.03565,0.035575,0.03565,8738100000,0.035575,0.035575,0.03565,310874843.5,310874843.5,310874843.5,,3,SUR,0.52,
TQBR,2019-01-17,ВТБ ао,VTBR,12132,310759846.55,0.03568,0.035555,0.03578,0.035705,0.035665,0.035705,8713650000,0.035665,0.035665,0.035705,310759846.55,310759846.55,310759846.55,,3,SUR,0.15,
TQBR,2019-01-18,ВТБ ао,VTBR,39131,1266351504.5,0.035805,0.035805,0.0371,0.0371,0.0366,0.0371,34601560000,0.0366,0.0366,0.0371,1266351504.5,1266351504.5,1266351504.5,,3,SUR,3.91,
TQBR,2019-01-21,ВТБ ао,VTBR,26071,868945871.4,0.03718,0.036805,0.03763,0.03689,0.037205,0.03689,23355290000,0.037205,0.037205,0.03689,868945871.4,868945871.4,868945871.4,,3,SUR,-0.57,
TQBR,2019-01-22,ВТБ ао,VTBR,24454,809610437.9,0.03685,0.036605,0.03732,0.0371,0.03692,0.0371,21930220000,0.03692,0.03692,0.0371,809610437.9,809610437.9,809610437.9,,3,SUR,0.57,
TQBR,2019-01-23,ВТБ ао,VTBR,26526,884602823.9,0.03714,0.03702,0.037685,0.037535,0.03741,0.037535,23644490000,0.037415,0.037415,0.037535,884602823.9,884602823.9,884602823.9,,3,SUR,1.17,
TQBR,2019-01-24,ВТБ ао,VTBR,31839,1426419576.6,0.0376,0.03674,0.03798,0.036925,0.037355,0.036925,38187530000,0.037355,0.037355,0.036925,1426419576.6,1426419576.6,1426419576.6,,3,SUR,-1.63,
TQBR,2019-01-25,ВТБ ао,VTBR,17892,618785018.6,0.03702,0.03664,0.037175,0.03696,0.036845,0.03696,16794490000,0.036845,0.036845,0.03696,618785018.6,618785018.6,618785018.6,,3,SUR,0.09,
TQBR,2019-01-28,ВТБ ао,VTBR,18130,659376972.1,0.037015,0.036715,0.037425,0.03694,0.0371,0.03694,17773950000,0.0371,0.0371,0.03694,659376972.1,659376972.1,659376972.1,,3,SUR,-0.05,
TQBR,2019-01-29,ВТБ ао,VTBR,15915,499413471.4,0.03694,0.03671,0.03747,0.03742,0.037135,0.03742,13449140000,0.037135,0.037135,0.03742,499413471.4,499413471.4,499413471.4,,3,SUR,1.3,
TQBR,2019-01-30,ВТБ ао,VTBR,14411,371644290.3,0.037385,0.0372,0.0375,0.03748,0.03737,0.03748,9944890000,0.03737,0.03737,0.03748,371644290.3,371644290.3,371644290.3,,3,SUR,0.16,
TQBR,2019-01-31,ВТБ ао,VTBR,13770,524971172.4,0.03765,0.037425,0.037895,0.03777,0.037645,0.03777,13944430000,0.037645,0.037645,0.03777,524971172.4,524971172.4,524971172.4,,3,SUR,0.77,
TQBR,2019-02-01,ВТБ ао,VTBR,18397,619128609.65,0.03761,0.037555,0.03804,0.037915,0.03782,0.037915,16370750000,0.03782,0.03782,0.037915,619128609.65,619128609.65,619128609.65,,3,SUR,0.38,
TQBR,2019-02-04,ВТБ ао,VTBR,14536,573752058.35,0.03797,0.03795,0.03842,0.038345,0.038265,0.038345,14994430000,0.038265,0.038265,0.038345,573752058.35,573752058.35,573752058.35,,3,SUR,1.13,
TQBR,2019-02-05,ВТБ ао,VTBR,13169,478009624.1,0.038445,0.038085,0.0385,0.03821,0.038315,0.03821,12475430000,0.038315,0.038315,0.03821,478009624.1,478009624.1,478009624.1,,3,SUR,-0.35,
TQBR,2019-02-06,ВТБ ао,VTBR,14732,598693561.4,0.03821,0.03761,0.03821,0.03761,0.037865,0.03761,15812430000,0.03786,0.03786,0.03761,598693561.4,598693561.4,598693561.4,,3,SUR,-1.57,
TQBR,2019-02-07,ВТБ ао,VTBR,14058,549020155.75,0.03757,0.03695,0.03757,0.03701,0.037185,0.03701,14763560000,0.03719,0.03719,0.03701,549020155.75,549020155.75,549020155.75,,3,SUR,-1.6,
TQBR,2019-02-08,ВТБ ао,VTBR,12656,451322641.5,0.03685,0.03676,0.03731,0.03713,0.037085,0.03713,12170460000,0.037085,0.037085,0.03713,451322641.5,451322641.5,451322641.5,,3,SUR,0.32,
TQBR,2019-02-11,ВТБ ао,VTBR,11771,408404706.95,0.037105,0.037105,0.037615,0.0376,0.03747,0.0376,10899170000,0.03747,0.03747,0.0376,408404706.95,408404706.95,408404706.95,,3,SUR,1.27,
TQBR,2019-02-12,ВТБ ао,VTBR,14760,514419648.85,0.037795,0.037685,0.038065,0.0379,0.037905,0.0379,13570850000,0.037905,0.037905,0.0379,514419648.85,514419648.85,514419648.85,,3,SUR,0.8,
TQBR,2019-02-13,ВТБ ао,VTBR,23406,781561664.55,0.037995,0.03693,0.038005,0.036985,0.03727,0.036985,20971120000,0.03727,0.03727,0.036985,781561664.55,781561664.55,781561664.55,,3,SUR,-2.41,
TQBR,2019-02-14,ВТБ ао,VTBR,39172,1317542711.75,0.0364,0.035615,0.036465,0.03604,0.036055,0.03604,36544690000,0.036055,0.036055,0.03604,1317542711.75,1317542711.75,1317542711.75,,3,SUR,-2.56,
TQBR,2019-02-15,ВТБ ао,VTBR,15554,536697255.0,0.036175,0.036115,0.03661,0.0366,0.036435,0.0366,14730840000,0.036435,0.036435,0.0366,536697255.0,536697255.0,536697255.0,,3,SUR,1.55,
TQBR,2019-02-18,ВТБ ао,VTBR,16413,451684486.1,0.0367,0.036065,0.0369,0.03633,0.03645,0.03633,12391770000,0.03645,0.03645,0.03633,451684486.1,451684486.1,451684486.1,,3,SUR,-0.74,
TQBR,2019-02-19,ВТБ ао,VTBR,15204,379872589.5,0.03635,0.036005,0.036695,0.036245,0.03629,0.036245,10464070000,0.036305,0.036305,0.036245,379872589.5,379872589.5,379872589.5,,3,SUR,-0.23,
TQBR,2019-02-20,ВТБ ао,VTBR,9922,264014667.0,0.036205,0.036205,0.03654,0.03642,0.03641,0.03642,7251600000,0.03641,0.03641,0.03642,264014667.0,264014667.0,264014667.0,,3,SUR,0.48,
TQBR,2019-02-21,ВТБ ао,VTBR,17713,489218445.45,0.03652,0.035815,0.03652,0.036065,0.036105,0.036065,13548950000,0.036105,0.036105,0.036065,489218445.45,489218445.45,489218445.45,,3,SUR,-0.97,
TQBR,2019-02-22,ВТБ ао,VTBR,11477,299925244.05,0.03607,0.03591,0.03628,0.03608,0.036145,0.03608,8297490000,0.036145,0.036145,0.03608,299925244.05,299925244.05,299925244.05,,3,SUR,0.04,
TQBR,2019-02-25,ВТБ ао,VTBR,12106,392802540.3,0.036225,0.03591,0.036395,0.03624,0.0362,0.03624,10851070000,0.0362,0.0362,0.03624,392802540.3,392802540.3,392802540.3,,3,SUR,0.44,
TQBR,2019-02-26,ВТБ ао,VTBR,14280,490601840.3,0.036155,0.035775,0.036265,0.0358,0.035955,0.0358,13641460000,0.035965,0.035965,0.0358,490601840.3,490601840.3,490601840.3,,3,SUR,-1.21,
TQBR,2019-02-27,ВТБ ао,VTBR,18994,589370570.35,0.03595,0.03565,0.036035,0.035955,0.03584,0.035955,16444960000,0.03584,0.03584,0.035955,589370570.35,589370570.35,589370570.35,,3,SUR,0.43,
TQBR,2019-02-28,ВТБ ао,VTBR,11818,377069624.55,0.03592,0.03576,0.036145,0.0359,0.03593,0.0359,10494720000,0.03593,0.03593,0.0359,377069624.55,377069624.55,377069624.55,,3,SUR,-0.15,
TQBR,2019-03-01,ВТБ ао,VTBR,13070,346193288.3,0.036,0.0359,0.036095,0.03603,0.035995,0.03603,9621840000,0.03598,0.03598,0.03603,346193288.3,346193288.3,346193288.3,,3,SUR,0.36,
TQBR,2019-03-04,ВТБ ао,VTBR,9430,285526440.05,0.03603,0.035875,0.036155,0.03597,0.036035,0.03597,7923610000,0.036035,0.036035,0.03597,285526440.05,285526440.05,285526440.05,,3,SUR,-0.17,
TQBR,2019-03-05,ВТБ ао,VTBR,17540,641625407.05,0.0359,0.03528,0.0359,0.0353,0.035455,0.0353,18095820000,0.035455,0.035455,0.0353,641625407.05,641625407.05,641625407.05,,3,SUR,-1.86,
TQBR,2019-03-06,ВТБ ао,VTBR,11384,375162835.45,0.0352,0.035175,0.035495,0.035495,0.03538,0.035495,10603290000,0.03538,0.03538,0.035495,375162835.45,375162835.45,375162835.45,,3,SUR,0.55,
TQBR,2019-03-07,ВТБ ао,VTBR,13079,397560364.85,0.035355,0.03511,0.035455,0.03522,0.03532,0.03522,11256550000,0.03532,0.03532,0.03522,397560364.85,397560364.85,397560364.85,,3,SUR,-0.77,
TQBR,2019-03-11,ВТБ ао,VTBR,18345,463461928.15,0.03514,0.03508,0.0355,0.03537,0.035285,0.03537,13134140000,0.035285,0.035285,0.03537,463461928.15,463461928.15,463461928.15,,3,SUR,0.43,
TQBR,2019-03-12,ВТБ ао,VTBR,14903,468180585.85,0.03545,0.03537,0.035845,0.03565,0.035635,0.03565,13138370000,0.035635,0.035635,0.03565,468180585.85,468180585.85,468180585.85,,3,SUR,0.79,
TQBR,2019-03-13,ВТБ ао,VTBR,22615,758686339.25,0.035525,0.03551,0.03655,0.03634,0.036135,0.03634,20985720000,0.036155,0.036155,0.03634,758686339.25,758686339.25,758686339.25,,3,SUR,1.94,
TQBR,2019-03-14,ВТБ ао,VTBR,24930,663189016.7,0.036335,0.03602,0.0368,0.036215,0.036395,0.036215,18215810000,0.036405,0.036405,0.036215,663189016.7,663189016.7,663189016.7,,3,SUR,-0.34,
TQBR,2019-03-15,ВТБ ао,VTBR,19215,1354643798.2,0.0363,0.03607,0.03739,0.03739,0.03686,0.03739,36753850000,0.036855,0.036855,0.03739,1354643798.2,1354643798.2,1354643798.2,,3,SUR,3.24,
TQBR,2019-03-18,ВТБ ао,VTBR,22410,948901849.05,0.03702,0.03671,0.037215,0.03692,0.0369,0.03692,25715580000,0.0369,0.0369,0.03692,948901849.05,948901849.05,948901849.05,,3,SUR,-1.26,
TQBR,2019-03-19,ВТБ ао,VTBR,12974,352452558.65,0.03697,0.03666,0.037,0.03677,0.03682,0.03677,9572490000,0.03682,0.03682,0.03677,352452558.65,352452558.65,352452558.65,,3,SUR,-0.41,
TQBR,2019-03-20,ВТБ ао,VTBR,17807,533028488.5,0.036755,0.036605,0.03685,0.03669,0.036765,0.03669,14499060000,0.036765,0.036765,0.03669,533028488.5,533028488.5,533028488.5,,3,SUR,-0.22,
TQBR,2019-03-21,ВТБ ао,VTBR,21183,724757365.3,0.036795,0.036305,0.03696,0.036515,0.036685,0.036515,19756270000,0.036685,0.036685,0.036515,724757365.3,724757365.3,724757365.3,,3,SUR,-0.48,
TQBR,2019-03-22,ВТБ ао,VTBR,16365,477510794.7,0.03655,0.03593,0.03655,0.036,0.03615,0.036,13209080000,0.03615,0.03615,0.036,477510794.7,477510794.7,477510794.7,,3,SUR,-1.41,
TQBR,2019-03-25,ВТБ ао,VTBR,19076,514141339.25,0.03585,0.03567,0.036405,0.03633,0.036175,0.03633,14212080000,0.036175,0.036175,0.03633,514141339.25,514141339.25,514141339.25,,3,SUR,0.92,
TQBR,2019-03-26,ВТБ ао,VTBR,15935,401706575.2,0.036325,0.036205,0.0365,0.03625,0.036375,0.03625,11043820000,0.036375,0.036375,0.03625,401706575.2,401706575.2,401706575.2,,3,SUR,-0.22,
TQBR,2019-03-27,ВТБ ао,VTBR,9758,255271179.3,0.0362,0.03595,0.03635,0.03595,0.036095,0.03595,7071180000,0.0361,0.0361,0.03595,255271179.3,255271179.3,255271179.3,,3,SUR,-0.83,
TQBR,2019-03-28,ВТБ ао,VTBR,6755,190842274.95,0.036005,0.03595,0.0361,0.036,0.03602,0.036,5297950000,0.03602,0.03602,0.036,190842274.95,190842274.95,190842274.95,,3,SUR,0.14,
TQBR,2019-03-29,ВТБ ао,VTBR,19413,724837562.7,0.0361,0.035555,0.03644,0.035645,0.036015,0.035645,20126600000,0.036015,0.036015,0.035645,724837562.7,724837562.7,724837562.7,,3,SUR,-0.99,
TQBR,2019-04-01,ВТБ ао,VTBR,16918,467441242.95,0.035875,0.03576,0.03625,0.036195,0.03605,0.036195,12965960000,0.03605,0.03605,0.036195,467441242.95,467441242.95,467441242.95,,3,SUR,1.54,
TQBR,2019-04-02,ВТБ ао,VTBR,11486,388679031.4,0.0362,0.03597,0.03645,0.0362,0.036175,0.0362,10745160000,0.03617,0.03617,0.0362,388679031.4,388679031.4,388679031.4,,3,SUR,0.01,
TQBR,2019-04-03,ВТБ ао,VTBR,19353,740340016.6,0.036315,0.03631,0.036665,0.03661,0.036545,0.03661,20261430000,0.03654,0.03654,0.03661,740340016.6,740340016.6,740340016.6,,3,SUR,1.13,
TQBR,2019-04-04,ВТБ ао,VTBR,8535,242420322.55,0.036555,0.03631,0.03661,0.0365,0.036465,0.0365,6648290000,0.036465,0.036465,0.0365,242420322.55,242420322.55,242420322.55,,3,SUR,-0.3,
TQBR,2019-04-05,ВТБ ао,VTBR,8614,357087300.7,0.0365,0.03613,0.03661,0.03632,0.036355,0.03632,9821600000,0.036355,0.036355,0.03632,357087300.7,357087300.7,357087300.7,,3,SUR,-0.49,
TQBR,2019-04-08,ВТБ ао,VTBR,9776,364603369.15,0.03638,0.036175,0.036555,0.0363,0.03633,0.0363,10035560000,0.03633,0.03633,0.0363,364603369.15,364603369.15,364603369.15,,3,SUR,-0.06,
TQBR,2019-04-09,ВТБ ао,VTBR,17182,664948109.8,0.03634,0.03628,0.0365,0.03628,0.036345,0.03628,18295280000,0.036345,0.036345,0.03628,664948109.8,664948109.8,664948109.8,,3,SUR,-0.06,
TQBR,2019-04-10,ВТБ ао,VTBR,45623,2351051159.7,0.03628,0.03321,0.03799,0.036885,0.036935,0.036885,63656110000,0.036935,0.036935,0.036885,2351051159.7,2351051159.7,2351051159.7,,3,SUR,1.67,
TQBR,2019-04-11,ВТБ ао,VTBR,12660,509823333.4,0.036885,0.03654,0.03711,0.036695,0.036795,0.036695,13855500000,0.036795,0.036795,0.036695,509823333.4,509823333.4,509823333.4,,3,SUR,-0.52,
TQBR,2019-04-12,ВТБ ао,VTBR,14471,464500136.15,0.03664,0.03613,0.03674,0.036255,0.036435,0.036255,12743380000,0.03645,0.03645,0.036255,464500136.15,464500136.15,464500136.15,,3,SUR,-1.2,
TQBR,2019-04-15,ВТБ ао,VTBR,12816,544395579.45,0.036425,0.035845,0.036455,0.03597,0.03609,0.03597,15083520000,0.03609,0.03609,0.03597,544395579.45,544395579.45,544395579.45,,3,SUR,-0.79,
TQBR,2019-04-16,ВТБ ао,VTBR,15135,595759919.5,0.03601,0.035675,0.03615,0.03608,0.03585,0.03608,16617900000,0.03585,0.03585,0.03608,595759919.5,595759919.5,595759919.5,,3,SUR,0.31,
TQBR,2019-04-17,ВТБ ао,VTBR,20905,385771468.5,0.036095,0.03587,0.036215,0.0359,0.035995,0.0359,10716660000,0.035995,0.035995,0.0359,385771468.5,385771468.5,385771468.5,,3,SUR,-0.5,
TQBR,2019-04-18,ВТБ ао,VTBR,9738,444428758.95,0.03587,0.0357,0.03602,0.03601,0.035845,0.03601,12399230000,0.035845,0.035845,0.03601,444428758.95,444428758.95,444428758.95,,3,SUR,0.31,
TQBR,2019-04-19,ВТБ ао,VTBR,5211,176322438.85,0.03602,0.0358,0.0361,0.03581,0.03593,0.03581,4907200000,0.03593,0.03593,0.03581,176322438.85,176322438.85,176322438.85,,3,SUR,-0.56,
TQBR,2019-04-22,ВТБ ао,VTBR,7356,236139651.55,0.035995,0.035775,0.03604,0.035785,0.035905,0.035785,6577080000,0.035905,0.035905,0.035785,236139651.55,236139651.55,236139651.55,,3,SUR,-0.07,
TQBR,2019-04-23,ВТБ ао,VTBR,23271,857746249.65,0.035875,0.035205,0.035965,0.03533,0.035575,0.03533,24110830000,0.035575,0.035575,0.03533,857746249.65,857746249.65,857746249.65,,3,SUR,-1.27,
TQBR,2019-04-24,ВТБ ао,VTBR,21425,866907193.15,0.035165,0.034855,0.03577,0.03577,0.035305,0.03577,24553760000,0.035305,0.035305,0.03577,866907193.15,866907193.15,866907193.15,,3,SUR,1.25,
TQBR,2019-04-25,ВТБ ао,VTBR,13343,478934924.15,0.0357,0.03527,0.0358,0.035375,0.035555,0.035375,13469280000,0.03556,0.03556,0.035375,478934924.15,478934924.15,478934924.15,,3,SUR,-1.1,
TQBR,2019-04-26,ВТБ ао,VTBR,11467,419596785.85,0.035375,0.0351,0.03541,0.03541,0.03524,0.03541,11906750000,0.03524,0.03524,0.03541,419596785.85,419596785.85,419596785.85,,3,SUR,0.1,
TQBR,2019-04-29,ВТБ ао,VTBR,8518,249890932.7,0.035395,0.035285,0.0357,0.03543,0.03548,0.03543,7043190000,0.03548,0.03548,0.03543,249890932.7,249890932.7,249890932.7,,3,SUR,0.06,
TQBR,2019-04-30,ВТБ ао,VTBR,11266,432589585.1,0.03565,0.03515,0.03565,0.0355,0.035365,0.0355,12231660000,0.035365,0.035365,0.0355,432589585.1,432589585.1,432589585.1,,3,SUR,0.2,
TQBR,2019-05-02,ВТБ ао,VTBR,7226,207538100.6,0.035485,0.03535,0.035775,0.03554,0.0356,0.03554,5829590000,0.0356,0.0356,0.03554,207538100.6,207538100.6,207538100.6,,3,SUR,0.11,
TQBR,2019-05-03,ВТБ ао,VTBR,9080,292712876.5,0.03565,0.035575,0.035985,0.03578,0.03578,0.03578,8180590000,0.03578,0.03578,0.03578,292712876.5,292712876.5,292712876.5,,3,SUR,0.68,
TQBR,2019-05-06,ВТБ ао,VTBR,6106,187528601.75,0.03535,0.03535,0.03576,0.03576,0.035595,0.03576,5268260000,0.035595,0.035595,0.03576,187528601.75,187528601.75,187528601.75,,3,SUR,-0.06,
TQBR,2019-05-07,ВТБ ао,VTBR,10690,322651757.45,0.03566,0.035575,0.036095,0.035575,0.03581,0.035575,9009900000,0.03581,0.03581,0.035575,322651757.45,322651757.45,322651757.45,,3,SUR,-0.52,
TQBR,2019-05-08,ВТБ ао,VTBR,6709,232275678.0,0.03563,0.03546,0.03573,0.03546,0.035605,0.03546,6523260000,0.035605,0.035605,0.03546,232275678.0,232275678.0,232275678.0,,3,SUR,-0.32,
TQBR,2019-05-10,ВТБ ао,VTBR,10573,351383820.05,0.035455,0.03507,0.03562,0.035195,0.03526,0.035195,9965060000,0.03526,0.03526,0.035195,351383820.05,351383820.05,351383820.05,,3,SUR,-0.75,
TQBR,2019-05-13,ВТБ ао,VTBR,11560,332019878.35,0.03519,0.034975,0.03539,0.034975,0.03515,0.034975,9445640000,0.03515,0.03515,0.034975,332019878.35,332019878.35,332019878.35,,3,SUR,-0.63,
TQBR,2019-05-14,ВТБ ао,VTBR,10155,362833310.85,0.03507,0.03491,0.03519,0.03493,0.035045,0.03493,10353790000,0.035045,0.035045,0.03493,362833310.85,362833310.85,362833310.85,,3,SUR,-0.13,
TQBR,2019-05-15,ВТБ ао,VTBR,15810,631465731.25,0.035,0.034815,0.03528,0.035095,0.035025,0.035095,18029810000,0.035025,0.035025,0.035095,631465731.25,631465731.25,631465731.25,,3,SUR,0.47,
TQBR,2019-05-16,ВТБ ао,VTBR,10088,306384198.45,0.035165,0.03496,0.03525,0.03496,0.03512,0.03496,8723780000,0.03512,0.03512,0.03496,306384198.45,306384198.45,306384198.45,,3,SUR,-0.38,
TQBR,2019-05-17,ВТБ ао,VTBR,9115,306367774.7,0.03502,0.034855,0.035165,0.0351,0.035005,0.0351,8751790000,0.035005,0.035005,0.0351,306367774.7,306367774.7,306367774.7,,3,SUR,0.4,
TQBR,2019-05-20,ВТБ ао,VTBR,7565,243478819.6,0.035105,0.034975,0.035165,0.03499,0.03506,0.03499,6944110000,0.035065,0.035065,0.03499,243478819.6,243478819.6,243478819.6,,3,SUR,-0.31,
TQBR,2019-05-21,ВТБ ао,VTBR,10594,303364574.75,0.034995,0.0349,0.035145,0.0349,0.034995,0.0349,8668980000,0.034995,0.034995,0.0349,303364574.75,303364574.75,303364574.75,,3,SUR,-0.26,
TQBR,2019-05-22,ВТБ ао,VTBR,12606,365286792.35,0.035,0.034835,0.03533,0.035185,0.03512,0.035185,10401610000,0.03512,0.03512,0.035185,365286792.35,365286792.35,365286792.35,,3,SUR,0.82,
TQBR,2019-05-23,ВТБ ао,VTBR,63299,3910131138.0,0.0351,0.03503,0.03885,0.03875,0.037005,0.03875,105668120000,0.037005,0.037005,0.03875,3910131138.0,3910131138.0,3910131138.0,,3,SUR,10.13,
TQBR,2019-05-24,ВТБ ао,VTBR,87066,5159750248.95,0.0391,0.03712,0.039845,0.0372,0.03833,0.0372,134615810000,0.03833,0.03833,0.0372,5159750248.95,5159750248.95,5159750248.95,,3,SUR,-4.0,
TQBR,2019-05-27,ВТБ ао,VTBR,16002,719276852.3,0.0372,0.03719,0.037945,0.03761,0.03754,0.03761,19159470000,0.03754,0.03754,0.03761,719276852.3,719276852.3,719276852.3,,3,SUR,1.1,
TQBR,2019-05-28,ВТБ ао,VTBR,24790,1469076328.25,0.03769,0.036535,0.03813,0.036535,0.03723,0.036535,39469860000,0.03722,0.03722,0.036535,1469076328.25,1469076328.25,1469076328.25,,3,SUR,-2.86,
TQBR,2019-05-29,ВТБ ао,VTBR,26463,1203662522.2,0.03663,0.03623,0.036935,0.0368,0.036595,0.0368,32890430000,0.036595,0.036595,0.0368,1203662522.2,1203662522.2,1203662522.2,,3,SUR,0.73,
TQBR,2019-05-30,ВТБ ао,VTBR,26140,1137597516.8,0.03684,0.0363,0.03718,0.0367,0.036705,0.0367,30992120000,0.036705,0.036705,0.0367,1137597516.8,1137597516.8,1137597516.8,,3,SUR,-0.27,
TQBR,2019-05-31,ВТБ ао,VTBR,15222,567618754.7,0.03642,0.036055,0.036705,0.036705,0.036395,0.036705,15595550000,0.036395,0.036395,0.036705,567618754.7,567618754.7,567618754.7,,3,SUR,0.01,
TQBR,2019-06-03,ВТБ ао,VTBR,31689,1361245136.9,0.036495,0.03625,0.037345,0.03698,0.036775,0.03698,37015240000,0.036775,0.036775,0.03698,1361245136.9,1361245136.9,1361245136.9,,3,SUR,0.75,
TQBR,2019-06-04,ВТБ ао,VTBR,21922,731500772.2,0.037,0.03684,0.03754,0.03718,0.03711,0.03718,19711250000,0.03711,0.03711,0.03718,731500772.2,731500772.2,731500772.2,,3,SUR,0.54,
TQBR,2019-06-05,ВТБ ао,VTBR,77136,3382217664.35,0.0374,0.03708,0.0392,0.0387,0.038335,0.0387,88207510000,0.038345,0.038345,0.0387,3382217664.35,3382217664.35,3382217664.35,,3,SUR,4.09,
TQBR,2019-06-06,ВТБ ао,VTBR,30850,1353366804.7,0.038705,0.038405,0.03937,0.03897,0.038865,0.03897,34815800000,0.03887,0.03887,0.03897,1353366804.7,1353366804.7,1353366804.7,,3,SUR,0.7,
TQBR,2019-06-07,ВТБ ао,VTBR,17398,641016368.5,0.039,0.0387,0.039195,0.039,0.038935,0.039,16464710000,0.038935,0.038935,0.039,641016368.5,641016368.5,641016368.5,,3,SUR,0.08,
TQBR,2019-06-10,ВТБ ао,VTBR,18550,878419712.6,0.039055,0.03902,0.03964,0.03945,0.039375,0.03945,22309060000,0.039375,0.039375,0.03945,878419712.6,878419712.6,878419712.6,,3,SUR,1.15,
TQBR,2019-06-11,ВТБ ао,VTBR,53387,3059892153.6,0.0395,0.039255,0.041145,0.04,0.04038,0.04,75776060000,0.04038,0.04038,0.04,3059892153.6,3059892153.6,3059892153.6,,3,SUR,1.39,
TQBR,2019-06-13,ВТБ ао,VTBR,24035,974371903.2,0.040015,0.039785,0.04065,0.04065,0.04024,0.04065,24213910000,0.04024,0.04024,0.04065,974371903.2,974371903.2,974371903.2,,3,SUR,1.62,
TQBR,2019-06-14,ВТБ ао,VTBR,18063,791246080.85,0.04055,0.04032,0.0409,0.04032,0.040615,0.04032,19482200000,0.040615,0.040615,0.04032,791246080.85,791246080.85,791246080.85,,3,SUR,-0.81,
TQBR,2019-06-17,ВТБ ао,VTBR,17150,751649165.7,0.04035,0.04012,0.04093,0.040485,0.04063,0.040485,18499440000,0.04063,0.04063,0.040485,751649165.7,751649165.7,751649165.7,,3,SUR,0.41,
TQBR,2019-06-18,ВТБ ао,VTBR,25632,759242895.35,0.0405,0.04003,0.040665,0.04044,0.04034,0.04044,18823990000,0.040335,0.040335,0.04044,759242895.35,759242895.35,759242895.35,,3,SUR,-0.11,
TQBR,2019-06-19,ВТБ ао,VTBR,18664,695583566.9,0.0404,0.040035,0.04066,0.04023,0.04027,0.04023,17272360000,0.04027,0.04027,0.04023,695583566.9,695583566.9,695583566.9,,3,SUR,-0.52,
TQBR,2019-06-20,ВТБ ао,VTBR,27997,1248853378.45,0.04035,0.040085,0.0406,0.040415,0.04034,0.040415,30958520000,0.04034,0.04034,0.040415,1248853378.45,1248853378.45,1248853378.45,,3,SUR,0.46,
TQBR,2019-06-21,ВТБ ао,VTBR,22276,1253171158.4,0.0395,0.039475,0.0402,0.0402,0.03984,0.0402,31454450000,0.03984,0.03984,0.0402,1253171158.4,1253171158.4,1253171158.4,,3,SUR,-0.53,
TQBR,2019-06-24,ВТБ ао,VTBR,34832,1619578634.65,0.03999,0.03985,0.041285,0.040725,0.0407,0.040725,39795090000,0.0407,0.0407,0.040725,1619578634.65,1619578634.65,1619578634.65,,3,SUR,1.31,
TQBR,2019-06-25,ВТБ ао,VTBR,15503,790454628.45,0.04069,0.0402,0.0409,0.040575,0.04053,0.040575,19502910000,0.04053,0.04053,0.040575,790454628.45,790454628.45,790454628.45,,3,SUR,-0.37,
TQBR,2019-06-26,ВТБ ао,VTBR,14879,572294930.0,0.04055,0.04025,0.040825,0.04026,0.040505,0.04026,14117000000,0.04054,0.04054,0.04026,572294930.0,572294930.0,572294930.0,,3,SUR,-0.78,
TQBR,2019-06-27,ВТБ ао,VTBR,15872,562943874.85,0.040305,0.04005,0.04046,0.04013,0.040195,0.04013,14005770000,0.040195,0.040195,0.04013,562943874.85,562943874.85,562943874.85,,3,SUR,-0.32,
TQBR,2019-06-28,ВТБ ао,VTBR,10225,412475616.7,0.04025,0.03987,0.040435,0.03988,0.04012,0.03988,10281340000,0.04012,0.04012,0.03988,412475616.7,412475616.7,412475616.7,,3,SUR,-0.62,
TQBR,2019-07-01,ВТБ ао,VTBR,16726,844071388.35,0.04019,0.039955,0.0407,0.04025,0.040405,0.04025,20891210000,0.040405,0.040405,0.04025,844071388.35,844071388.35,844071388.35,,3,SUR,0.93,
TQBR,2019-07-02,ВТБ ао,VTBR,8877,429436210.4,0.04038,0.04015,0.040535,0.0405,0.040395,0.0405,10631460000,0.040395,0.040395,0.0405,429436210.4,429436210.4,429436210.4,,3,SUR,0.62,
TQBR,2019-07-03,ВТБ ао,VTBR,10034,456040790.75,0.04032,0.040225,0.0406,0.040585,0.04047,0.040585,11268790000,0.04047,0.04047,0.040585,456040790.75,456040790.75,456040790.75,,3,SUR,0.21,
TQBR,2019-07-04,ВТБ ао,VTBR,41267,3103351666.4,0.040615,0.040525,0.042195,0.041395,0.04157,0.041395,74654900000,0.04157,0.04157,0.041395,3103351666.4,3103351666.4,3103351666.4,,3,SUR,2.0,
TQBR,2019-07-05,ВТБ ао,VTBR,19574,1671357757.7,0.041465,0.04127,0.041635,0.041355,0.0414,0.041355,40369620000,0.0414,0.0414,0.041355,1671357757.7,1671357757.7,1671357757.7,,3,SUR,-0.1,
TQBR,2019-07-08,ВТБ ао,VTBR,59140,3746778808.8,0.04125,0.040715,0.042925,0.04255,0.042415,0.04255,88335210000,0.042415,0.042415,0.04255,3746778808.8,3746778808.8,3746778808.8,,3,SUR,2.89,
TQBR,2019-07-09,ВТБ ао,VTBR,39096,2378670798.7,0.04255,0.04235,0.043345,0.04313,0.042865,0.04313,55492090000,0.042865,0.042865,0.04313,2378670798.7,2378670798.7,2378670798.7,,3,SUR,1.36,
TQBR,2019-07-10,ВТБ ао,VTBR,51527,3724542002.4,0.043295,0.043105,0.0444,0.04393,0.04398,0.04393,84692430000,0.043975,0.043975,0.04393,3724542002.4,3724542002.4,3724542002.4,,3,SUR,1.85,
TQBR,2019-07-11,ВТБ ао,VTBR,52091,3741187958.75,0.04415,0.043245,0.045,0.044,0.044235,0.044,84576050000,0.044235,0.044235,0.044,3741187958.75,3741187958.75,3741187958.75,,3,SUR,0.16,
TQBR,2019-07-12,ВТБ ао,VTBR,42387,2894670765.15,0.043805,0.04254,0.04445,0.044,0.04347,0.044,66589810000,0.04347,0.04347,0.044,2894670765.15,2894670765.15,2894670765.15,,3,SUR,0.0,
TQBR,2019-07-15,ВТБ ао,VTBR,40603,1916977003.9,0.044145,0.04364,0.04479,0.04399,0.04433,0.04399,43244330000,0.04433,0.04433,0.04399,1916977003.9,1916977003.9,1916977003.9,,3,SUR,-0.02,
TQBR,2019-07-16,ВТБ ао,VTBR,21465,1249458874.15,0.043995,0.04298,0.04404,0.04301,0.04343,0.04301,28768430000,0.04343,0.04343,0.04301,1249458874.15,1249458874.15,1249458874.15,,3,SUR,-2.23,
TQBR,2019-07-17,ВТБ ао,VTBR,28162,1365682434.25,0.043,0.04241,0.04349,0.042445,0.04299,0.042445,31768990000,0.04299,0.04299,0.042445,1365682434.25,1365682434.25,1365682434.25,,3,SUR,-1.31,
TQBR,2019-07-18,ВТБ ао,VTBR,26721,1494177931.25,0.042395,0.04201,0.042875,0.04218,0.042345,0.04218,35284090000,0.042345,0.042345,0.04218,1494177931.25,1494177931.25,1494177931.25,,3,SUR,-0.62,
TQBR,2019-07-19,ВТБ ао,VTBR,22135,823212563.75,0.04245,0.0422,0.04285,0.0424,0.042525,0.0424,19358720000,0.042525,0.042525,0.0424,823212563.75,823212563.75,823212563.75,,3,SUR,0.52,
TQBR,2019-07-22,ВТБ ао,VTBR,43873,2275454982.85,0.04255,0.04204,0.0439,0.043405,0.04322,0.043405,52647920000,0.04322,0.04322,0.043405,2275454982.85,2275454982.85,2275454982.85,,3,SUR,2.37,
TQBR,2019-07-23,ВТБ ао,VTBR,24705,1126493829.9,0.043595,0.04322,0.044,0.04323,0.04357,0.04323,25859010000,0.043565,0.043565,0.04323,1126493829.9,1126493829.9,1126493829.9,,3,SUR,-0.4,
TQBR,2019-07-24,ВТБ ао,VTBR,22459,940773509.15,0.04346,0.04262,0.04366,0.04295,0.04302,0.04295,21868240000,0.04302,0.04302,0.04295,940773509.15,940773509.15,940773509.15,,3,SUR,-0.65,
TQBR,2019-07-25,ВТБ ао,VTBR,20876,976404992.1,0.043,0.04252,0.04369,0.04315,0.043165,0.04315,22619620000,0.043165,0.043165,0.04315,976404992.1,976404992.1,976404992.1,,3,SUR,0.47,
TQBR,2019-07-26,ВТБ ао,VTBR,20359,914859130.4,0.043055,0.04255,0.04322,0.0427,0.042965,0.0427,21292670000,0.042965,0.042965,0.0427,914859130.4,914859130.4,914859130.4,,3,SUR,-1.04,
TQBR,2019-07-29,ВТБ ао,VTBR,13296,579264166.6,0.04277,0.04247,0.0431,0.04281,0.042795,0.04281,13536160000,0.042795,0.042795,0.04281,579264166.6,579264166.6,579264166.6,,3,SUR,0.26,
TQBR,2019-07-30,ВТБ ао,VTBR,11639,468295554.2,0.0429,0.042565,0.04306,0.0428,0.04281,0.0428,10939130000,0.04281,0.04281,0.0428,468295554.2,468295554.2,468295554.2,,3,SUR,-0.02,
TQBR,2019-07-31,ВТБ ао,VTBR,12370,608899214.35,0.042825,0.0425,0.04295,0.0425,0.042645,0.0425,14277630000,0.042645,0.042645,0.0425,608899214.35,608899214.35,608899214.35,,3,SUR,-0.7,
TQBR,2019-08-01,ВТБ ао,VTBR,15394,756908810.5,0.042395,0.04225,0.04278,0.042535,0.042525,0.042535,17798840000,0.042525,0.042525,0.042535,756908810.5,756908810.5,756908810.5,,3,SUR,0.08,
TQBR,2019-08-02,ВТБ ао,VTBR,31419,2611078992.65,0.041995,0.04143,0.0422,0.042015,0.04195,0.042015,62242000000,0.04195,0.04195,0.042015,2611078992.65,2611078992.65,2611078992.65,,3,SUR,-1.22,
TQBR,2019-08-05,ВТБ ао,VTBR,27322,1219139677.95,0.04194,0.0415,0.04284,0.041545,0.041995,0.041545,29032060000,0.041995,0.041995,0.041545,1219139677.95,1219139677.95,1219139677.95,,3,SUR,-1.12,
TQBR,2019-08-06,ВТБ ао,VTBR,16891,830034079.95,0.04169,0.04145,0.04191,0.0416,0.041695,0.0416,19908100000,0.041695,0.041695,0.0416,830034079.95,830034079.95,830034079.95,,3,SUR,0.13,
TQBR,2019-08-07,ВТБ ао,VTBR,29210,1407871940.6,0.041605,0.04075,0.04182,0.04085,0.04124,0.04085,34140210000,0.04124,0.04124,0.04085,1407871940.6,1407871940.6,1407871940.6,,3,SUR,-1.8,
TQBR,2019-08-08,ВТБ ао,VTBR,40975,2383515172.65,0.041085,0.040125,0.04149,0.041,0.040605,0.041,58700620000,0.040605,0.040605,0.041,2383515172.65,2383515172.65,2383515172.65,,3,SUR,0.37,
TQBR,2019-08-09,ВТБ ао,VTBR,12824,623824004.8,0.0409,0.04046,0.0409,0.0406,0.040635,0.0406,15351250000,0.040635,0.040635,0.0406,623824004.8,623824004.8,623824004.8,,3,SUR,-0.98,
TQBR,2019-08-12,ВТБ ао,VTBR,15701,577158929.55,0.04069,0.040525,0.04095,0.0406,0.040765,0.0406,14157810000,0.040765,0.040765,0.0406,577158929.55,577158929.55,577158929.55,,3,SUR,0.0,
TQBR,2019-08-13,ВТБ ао,VTBR,21161,1113425594.8,0.040605,0.039885,0.040655,0.04022,0.04016,0.04022,27723910000,0.04016,0.04016,0.04022,1113425594.8,1113425594.8,1113425594.8,,3,SUR,-0.94,
TQBR,2019-08-14,ВТБ ао,VTBR,28786,1260626276.55,0.04032,0.03892,0.040355,0.03901,0.039535,0.03901,31912630000,0.0395,0.0395,0.03901,1260626276.55,1260626276.55,1260626276.55,,3,SUR,-3.01,
TQBR,2019-08-15,ВТБ ао,VTBR,23072,1177952908.3,0.0392,0.03849,0.039365,0.03863,0.038845,0.03863,30324310000,0.038845,0.038845,0.03863,1177952908.3,1177952908.3,1177952908.3,,3,SUR,-0.97,
TQBR,2019-08-16,ВТБ ао,VTBR,20591,831113337.1,0.038815,0.0381,0.039065,0.0381,0.03846,0.0381,21608420000,0.03846,0.03846,0.0381,831113337.1,831113337.1,831113337.1,,3,SUR,-1.37,
TQBR,2019-08-19,ВТБ ао,VTBR,17700,884577963.1,0.03835,0.03814,0.038575,0.038365,0.038355,0.038365,23063280000,0.038355,0.038355,0.038365,884577963.1,884577963.1,884577963.1,,3,SUR,0.7,
TQBR,2019-08-20,ВТБ ао,VTBR,28701,1544318763.7,0.03833,0.03833,0.03952,0.03932,0.039115,0.03932,39483860000,0.039115,0.039115,0.03932,1544318763.7,1544318763.7,1544318763.7,,3,SUR,2.49,
TQBR,2019-08-21,ВТБ ао,VTBR,17397,800843364.55,0.0394,0.03914,0.039755,0.03933,0.039425,0.03933,20314050000,0.039425,0.039425,0.03933,800843364.55,800843364.55,800843364.55,,3,SUR,0.03,
TQBR,2019-08-22,ВТБ ао,VTBR,16908,679625662.35,0.03933,0.03857,0.03938,0.03857,0.03895,0.03857,17449850000,0.038945,0.038945,0.03857,679625662.35,679625662.35,679625662.35,,3,SUR,-1.93,
TQBR,2019-08-23,ВТБ ао,VTBR,22235,975307950.1,0.0386,0.037945,0.038775,0.038105,0.038305,0.038105,25460990000,0.038305,0.038305,0.038105,975307950.1,975307950.1,975307950.1,,3,SUR,-1.21,
TQBR,2019-08-26,ВТБ ао,VTBR,15989,695261164.1,0.0379,0.03777,0.038395,0.03806,0.03811,0.03806,18242990000,0.03811,0.03811,0.03806,695261164.1,695261164.1,695261164.1,,3,SUR,-0.12,
TQBR,2019-08-27,ВТБ ао,VTBR,13808,752754623.45,0.038145,0.037885,0.03838,0.03838,0.038185,0.03838,19712780000,0.038185,0.038185,0.03838,752754623.45,752754623.45,752754623.45,,3,SUR,0.84,
TQBR,2019-08-28,ВТБ ао,VTBR,27055,574930337.55,0.03844,0.038085,0.038515,0.03847,0.03831,0.03847,15007890000,0.03831,0.03831,0.03847,574930337.55,574930337.55,574930337.55,,3,SUR,0.23,
TQBR,2019-08-29,ВТБ ао,VTBR,41426,945790027.5,0.038445,0.03827,0.03898,0.03858,0.038655,0.03858,24466780000,0.038655,0.038655,0.03858,945790027.5,945790027.5,945790027.5,,3,SUR,0.29,
TQBR,2019-08-30,ВТБ ао,VTBR,15960,876304710.75,0.03853,0.038285,0.03879,0.03868,0.038565,0.03868,22723510000,0.038565,0.038565,0.03868,876304710.75,876304710.75,876304710.75,,3,SUR,0.26,
TQBR,2019-09-02,ВТБ ао,VTBR,30498,1213342050.15,0.03868,0.03861,0.03968,0.039405,0.039355,0.039405,30823490000,0.039365,0.039365,0.039405,1213342050.15,1213342050.15,1213342050.15,,3,SUR,1.87,
TQBR,2019-09-03,ВТБ ао,VTBR,18989,922614930.45,0.039445,0.03891,0.039735,0.0392,0.039285,0.0392,23483670000,0.03929,0.03929,0.0392,922614930.45,922614930.45,922614930.45,,3,SUR,-0.52,
TQBR,2019-09-04,ВТБ ао,VTBR,133502,7232407102.8,0.039405,0.039375,0.043095,0.04291,0.041885,0.04291,172677690000,0.041885,0.041885,0.04291,7232407102.8,7232407102.8,7232407102.8,,3,SUR,9.46,
TQBR,2019-09-05,ВТБ ао,VTBR,80774,4877980268.8,0.04315,0.04165,0.044,0.042005,0.04263,0.042005,114421060000,0.04263,0.04263,0.042005,4877980268.8,4877980268.8,4877980268.8,,3,SUR,-2.11,
TQBR,2019-09-06,ВТБ ао,VTBR,23674,1476264721.95,0.0421,0.04155,0.042565,0.04195,0.042115,0.04195,35052460000,0.042115,0.042115,0.04195,1476264721.95,1476264721.95,1476264721.95,,3,SUR,-0.13,
TQBR,2019-09-09,ВТБ ао,VTBR,21338,982975409.05,0.042145,0.04141,0.04233,0.0415,0.041835,0.0415,23496310000,0.041835,0.041835,0.0415,982975409.05,982975409.05,982975409.05,,3,SUR,-1.07,
TQBR,2019-09-10,ВТБ ао,VTBR,47815,2456606353.0,0.041575,0.041245,0.04283,0.04265,0.04218,0.04265,58242810000,0.04218,0.04218,0.04265,2456606353.0,2456606353.0,2456606353.0,,3,SUR,2.77,
TQBR,2019-09-11,ВТБ ао,VTBR,25420,1489384455.1,0.042795,0.04236,0.04305,0.0427,0.042725,0.0427,34861520000,0.042725,0.042725,0.0427,1489384455.1,1489384455.1,1489384455.1,,3,SUR,0.12,
TQBR,2019-09-12,ВТБ ао,VTBR,29249,1523838760.0,0.0426,0.04246,0.0433,0.042875,0.0429,0.042875,35521630000,0.0429,0.0429,0.042875,1523838760.0,1523838760.0,1523838760.0,,3,SUR,0.41,
TQBR,2019-09-13,ВТБ ао,VTBR,16648,866682584.05,0.04288,0.0423,0.043145,0.0425,0.042765,0.0425,20266140000,0.042765,0.042765,0.0425,866682584.05,866682584.05,866682584.05,,3,SUR,-0.87,
TQBR,2019-09-16,ВТБ ао,VTBR,15134,838964710.4,0.04269,0.04208,0.042785,0.04267,0.042415,0.04267,19779010000,0.042415,0.042415,0.04267,838964710.4,838964710.4,838964710.4,,3,SUR,0.4,
TQBR,2019-09-17,ВТБ ао,VTBR,19065,994547832.1,0.0426,0.04212,0.04279,0.04234,0.04242,0.04234,23440700000,0.04243,0.04243,0.04234,994547832.1,994547832.1,994547832.1,,3,SUR,-0.77,
TQBR,2019-09-18,ВТБ ао,VTBR,24822,1117789820.35,0.042335,0.04222,0.04292,0.042555,0.04258,0.042555,26237130000,0.042605,0.042605,0.042555,1117789820.35,1117789820.35,1117789820.35,,3,SUR,0.51,
TQBR,2019-09-19,ВТБ ао,VTBR,24035,819035931.5,0.04256,0.042255,0.0427,0.042455,0.042495,0.042455,19273210000,0.042495,0.042495,0.042455,819035931.5,819035931.5,819035931.5,,3,SUR,-0.23,
TQBR,2019-09-20,ВТБ ао,VTBR,14294,796959560.4,0.0424,0.04188,0.042515,0.0424,0.04217,0.0424,18899390000,0.04217,0.04217,0.0424,796959560.4,796959560.4,796959560.4,,3,SUR,-0.13,
TQBR,2019-09-23,ВТБ ао,VTBR,12000,512595353.1,0.04238,0.04188,0.04259,0.04207,0.042145,0.04207,12162500000,0.042145,0.042145,0.04207,512595353.1,512595353.1,512595353.1,,3,SUR,-0.78,
TQBR,2019-09-24,ВТБ ао,VTBR,57228,2595988453.05,0.0422,0.04207,0.0435,0.042075,0.04287,0.042075,60544100000,0.04288,0.04288,0.042075,2595988453.05,2595988453.05,2595988453.05,,3,SUR,0.01,
TQBR,2019-09-25,ВТБ ао,VTBR,20526,948386989.85,0.042,0.041515,0.042475,0.0423,0.041985,0.0423,22588880000,0.041985,0.041985,0.0423,948386989.85,948386989.85,948386989.85,,3,SUR,0.53,
TQBR,2019-09-26,ВТБ ао,VTBR,27748,1448262592.1,0.04221,0.042125,0.0432,0.04292,0.04287,0.04292,33782810000,0.04287,0.04287,0.04292,1448262592.1,1448262592.1,1448262592.1,,3,SUR,1.47,
TQBR,2019-09-27,ВТБ ао,VTBR,11918,411887147.0,0.04295,0.04263,0.04298,0.042695,0.0428,0.042695,9624050000,0.0428,0.0428,0.042695,411887147.0,411887147.0,411887147.0,,3,SUR,-0.52,
TQBR,2019-09-30,ВТБ ао,VTBR,13218,657780134.25,0.04274,0.042005,0.042765,0.042595,0.042395,0.042595,15515520000,0.042395,0.042395,0.042595,657780134.25,657780134.25,657780134.25,,3,SUR,-0.23,
TQBR,2019-10-01,ВТБ ао,VTBR,9423,397420202.9,0.042545,0.0423,0.042815,0.0423,0.042565,0.0423,9337040000,0.042565,0.042565,0.0423,397420202.9,397420202.9,397420202.9,,3,SUR,-0.69,
TQBR,2019-10-02,ВТБ ао,VTBR,24458,1070573185.05,0.0423,0.041295,0.0425,0.04131,0.041775,0.04131,25627160000,0.041775,0.041775,0.04131,1070573185.05,1070573185.05,1070573185.05,,3,SUR,-2.34,
TQBR,2019-10-03,ВТБ ао,VTBR,29881,1718612189.75,0.041315,0.040435,0.04157,0.0409,0.04092,0.0409,41995900000,0.040925,0.040925,0.0409,1718612189.75,1718612189.75,1718612189.75,,3,SUR,-0.99,
TQBR,2019-10-04,ВТБ ао,VTBR,13111,621912782.2,0.04108,0.040655,0.04129,0.04075,0.040975,0.04075,15179030000,0.04097,0.04097,0.04075,621912782.2,621912782.2,621912782.2,,3,SUR,-0.37,
TQBR,2019-10-07,ВТБ ао,VTBR,15726,701923167.95,0.04095,0.04068,0.04164,0.041465,0.04129,0.041465,17008110000,0.04127,0.04127,0.041465,701923167.95,701923167.95,701923167.95,,3,SUR,1.75,
TQBR,2019-10-08,ВТБ ао,VTBR,16956,816600875.2,0.04154,0.040655,0.04154,0.040655,0.04105,0.040655,19893050000,0.04105,0.04105,0.040655,816600875.2,816600875.2,816600875.2,,3,SUR,-1.95,
TQBR,2019-10-09,ВТБ ао,VTBR,14991,601512884.2,0.04066,0.04066,0.0413,0.0408,0.040995,0.0408,14673630000,0.040995,0.040995,0.0408,601512884.2,601512884.2,601512884.2,,3,SUR,0.36,
TQBR,2019-10-10,ВТБ ао,VTBR,11459,547360206.15,0.04081,0.040665,0.04135,0.04135,0.04105,0.04135,13333850000,0.04105,0.04105,0.04135,547360206.15,547360206.15,547360206.15,,3,SUR,1.35,
TQBR,2019-10-11,ВТБ ао,VTBR,32133,1440271601.55,0.041425,0.041395,0.042395,0.041925,0.041925,0.041925,34354720000,0.041925,0.041925,0.041925,1440271601.55,1440271601.55,1440271601.55,,3,SUR,1.39,
TQBR,2019-10-14,ВТБ ао,VTBR,15222,542015691.65,0.04194,0.041505,0.04218,0.04175,0.04179,0.04175,12970040000,0.04179,0.04179,0.04175,542015691.65,542015691.65,542015691.65,,3,SUR,-0.42,
TQBR,2019-10-15,ВТБ ао,VTBR,15042,647835681.0,0.04175,0.0413,0.041945,0.0417,0.04166,0.0417,15549760000,0.04166,0.04166,0.0417,647835681.0,647835681.0,647835681.0,,3,SUR,-0.12,
TQBR,2019-10-16,ВТБ ао,VTBR,11429,502325914.3,0.04187,0.041725,0.04216,0.04198,0.041945,0.04198,11976390000,0.041945,0.041945,0.04198,502325914.3,502325914.3,502325914.3,,3,SUR,0.67,
TQBR,2019-10-17,ВТБ ао,VTBR,9715,371762032.2,0.041975,0.041705,0.042165,0.042005,0.042,0.042005,8851320000,0.042,0.042,0.042005,371762032.2,371762032.2,371762032.2,,3,SUR,0.06,
TQBR,2019-10-18,ВТБ ао,VTBR,26945,1475651527.7,0.042,0.04188,0.0431,0.0428,0.04255,0.0428,34679150000,0.04255,0.04255,0.0428,1475651527.7,1475651527.7,1475651527.7,,3,SUR,1.89,
TQBR,2019-10-21,ВТБ ао,VTBR,41834,2146978782.35,0.04298,0.04292,0.04406,0.04364,0.043555,0.04364,49294400000,0.043555,0.043555,0.04364,2146978782.35,2146978782.35,2146978782.35,,3,SUR,1.96,
TQBR,2019-10-22,ВТБ ао,VTBR,34697,1046187041.0,0.04397,0.04332,0.04397,0.0437,0.04361,0.0437,23986860000,0.043615,0.043615,0.0437,1046187041.0,1046187041.0,1046187041.0,,3,SUR,0.14,
TQBR,2019-10-23,ВТБ ао,VTBR,64794,2276204642.55,0.043655,0.04228,0.04366,0.0432,0.04299,0.0432,52946890000,0.04299,0.04299,0.0432,2276204642.55,2276204642.55,2276204642.55,,3,SUR,-1.14,
TQBR,2019-10-24,ВТБ ао,VTBR,27739,1235118630.55,0.04319,0.04253,0.04319,0.042855,0.04285,0.042855,28824840000,0.04285,0.04285,0.042855,1235118630.55,1235118630.55,1235118630.55,,3,SUR,-0.8,
TQBR,2019-10-25,ВТБ ао,VTBR,31556,1293710319.15,0.04286,0.042375,0.0433,0.042985,0.042885,0.042985,30165350000,0.042885,0.042885,0.042985,1293710319.15,1293710319.15,1293710319.15,,3,SUR,0.3,
TQBR,2019-10-28,ВТБ ао,VTBR,19682,981549398.75,0.04308,0.042655,0.04354,0.042825,0.04308,0.042825,22783580000,0.04308,0.04308,0.042825,981549398.75,981549398.75,981549398.75,,3,SUR,-0.37,
TQBR,2019-10-29,ВТБ ао,VTBR,12267,620826108.05,0.042825,0.042595,0.04306,0.04306,0.04289,0.04306,14475340000,0.04289,0.04289,0.04306,620826108.05,620826108.05,620826108.05,,3,SUR,0.55,
TQBR,2019-10-30,ВТБ ао,VTBR,35275,1526484606.05,0.04315,0.042945,0.043875,0.0435,0.04347,0.0435,35116580000,0.04347,0.04347,0.0435,1526484606.05,1526484606.05,1526484606.05,,3,SUR,1.02,
TQBR,2019-10-31,ВТБ ао,VTBR,22900,1214096818.65,0.04359,0.0427,0.04376,0.04309,0.043275,0.04309,28055700000,0.043275,0.043275,0.04309,1214096818.65,1214096818.65,1214096818.65,,3,SUR,-0.94,
TQBR,2019-11-01,ВТБ ао,VTBR,13797,697843832.7,0.043075,0.04282,0.04333,0.043145,0.043075,0.043145,16201530000,0.043075,0.043075,0.043145,697843832.7,697843832.7,697843832.7,,3,SUR,0.13,
TQBR,2019-11-05,ВТБ ао,VTBR,22269,1341299106.4,0.0437,0.0434,0.0441,0.044025,0.04366,0.044025,30721450000,0.04366,0.04366,0.044025,1341299106.4,1341299106.4,1341299106.4,,3,SUR,2.04,
TQBR,2019-11-06,ВТБ ао,VTBR,93505,3967593737.0,0.044025,0.0438,0.04468,0.0442,0.044175,0.0442,89818010000,0.044175,0.044175,0.0442,3967593737.0,3967593737.0,3967593737.0,,3,SUR,0.4,
TQBR,2019-11-07,ВТБ ао,VTBR,35377,2254773426.2,0.044035,0.043605,0.04475,0.0443,0.044435,0.0443,50741450000,0.044435,0.044435,0.0443,2254773426.2,2254773426.2,2254773426.2,,3,SUR,0.23,
TQBR,2019-11-08,ВТБ ао,VTBR,62174,4580315432.25,0.044165,0.04381,0.04625,0.046,0.04543,0.046,100806820000,0.045435,0.045435,0.046,4580315432.25,4580315432.25,4580315432.25,,3,SUR,3.84,
TQBR,2019-11-11,ВТБ ао,VTBR,61469,4459479935.95,0.046075,0.045675,0.04734,0.04695,0.046775,0.04695,95332660000,0.04678,0.04678,0.04695,4459479935.95,4459479935.95,4459479935.95,,3,SUR,2.07,
TQBR,2019-11-12,ВТБ ао,VTBR,53948,3567623297.25,0.046995,0.046595,0.048,0.047,0.04746,0.047,75167860000,0.04746,0.04746,0.047,3567623297.25,3567623297.25,3567623297.25,,3,SUR,0.11,
TQBR,2019-11-13,ВТБ ао,VTBR,53267,3333478094.3,0.046835,0.04595,0.048,0.04733,0.04682,0.04733,71195710000,0.04682,0.04682,0.04733,3333478094.3,3333478094.3,3333478094.3,,3,SUR,0.7,
TQBR,2019-11-14,ВТБ ао,VTBR,37783,2255223568.1,0.0475,0.046465,0.04788,0.047065,0.04707,0.047065,47914520000,0.04707,0.04707,0.047065,2255223568.1,2255223568.1,2255223568.1,,3,SUR,-0.56,
TQBR,2019-11-15,ВТБ ао,VTBR,19420,1086673223.95,0.04706,0.04653,0.047145,0.04692,0.046815,0.04692,23204580000,0.04683,0.04683,0.04692,1086673223.95,1086673223.95,1086673223.95,,3,SUR,-0.31,
TQBR,2019-11-18,ВТБ ао,VTBR,19698,1152608291.4,0.046755,0.04614,0.04722,0.0462,0.046635,0.0462,24715930000,0.046635,0.046635,0.0462,1152608291.4,1152608291.4,1152608291.4,,3,SUR,-1.53,
TQBR,2019-11-19,ВТБ ао,VTBR,20673,1060893257.35,0.04626,0.0461,0.04695,0.04646,0.046495,0.04646,22817710000,0.046495,0.046495,0.04646,1060893257.35,1060893257.35,1060893257.35,,3,SUR,0.56,
TQBR,2019-11-20,ВТБ ао,VTBR,25130,1155919172.65,0.04614,0.045735,0.04645,0.046,0.046105,0.046,25076850000,0.046095,0.046095,0.046,1155919172.65,1155919172.65,1155919172.65,,3,SUR,-0.99,
TQBR,2019-11-21,ВТБ ао,VTBR,20961,985547895.9,0.0459,0.04556,0.046375,0.045995,0.046035,0.045995,21408010000,0.046035,0.046035,0.045995,985547895.9,985547895.9,985547895.9,,3,SUR,-0.01,
TQBR,2019-11-22,ВТБ ао,VTBR,14862,675940584.45,0.046035,0.04592,0.04636,0.04619,0.046145,0.04619,14648100000,0.046145,0.046145,0.04619,675940584.45,675940584.45,675940584.45,,3,SUR,0.42,
TQBR,2019-11-25,ВТБ ао,VTBR,13267,488198186.2,0.04623,0.0461,0.04659,0.04625,0.046355,0.04625,10532000000,0.046355,0.046355,0.04625,488198186.2,488198186.2,488198186.2,,3,SUR,0.13,
TQBR,2019-11-26,ВТБ ао,VTBR,20776,1006585279.8,0.0463,0.045705,0.046365,0.045875,0.04593,0.045875,21916290000,0.04593,0.04593,0.045875,1006585279.8,1006585279.8,1006585279.8,,3,SUR,-0.81,
TQBR,2019-11-27,ВТБ ао,VTBR,13634,479994594.85,0.04587,0.045755,0.046,0.0458,0.04589,0.0458,10459450000,0.04589,0.04589,0.0458,479994594.85,479994594.85,479994594.85,,3,SUR,-0.16,
TQBR,2019-11-28,ВТБ ао,VTBR,31281,827355782.5,0.04581,0.0453,0.045935,0.04543,0.04551,0.04543,18181300000,0.045505,0.045505,0.04543,827355782.5,827355782.5,827355782.5,,3,SUR,-0.81,
TQBR,2019-11-29,ВТБ ао,VTBR,28873,911498573.7,0.04536,0.04509,0.04568,0.04533,0.04532,0.04533,20112070000,0.04532,0.04532,0.04533,911498573.7,911498573.7,911498573.7,,3,SUR,-0.22,
TQBR,2019-12-02,ВТБ ао,VTBR,26511,1148902024.45,0.0455,0.044765,0.04563,0.044915,0.04519,0.044915,25424410000,0.04519,0.04519,0.044915,1148902024.45,1148902024.45,1148902024.45,,3,SUR,-0.92,
TQBR,2019-12-03,ВТБ ао,VTBR,31232,1293719363.45,0.044865,0.044015,0.044965,0.044245,0.044335,0.044245,29181220000,0.044335,0.044335,0.044245,1293719363.45,1293719363.45,1293719363.45,,3,SUR,-1.49,
TQBR,2019-12-04,ВТБ ао,VTBR,24678,915260820.2,0.04413,0.043905,0.044785,0.044595,0.044355,0.044595,20635620000,0.044355,0.044355,0.044595,915260820.2,915260820.2,915260820.2,,3,SUR,0.79,
TQBR,2019-12-05,ВТБ ао,VTBR,18809,522420053.3,0.044685,0.04427,0.044845,0.044715,0.044575,0.044715,11720720000,0.04457,0.04457,0.044715,522420053.3,522420053.3,522420053.3,,3,SUR,0.27,
TQBR,2019-12-06,ВТБ ао,VTBR,23716,763209445.3,0.044715,0.04462,0.045275,0.045275,0.044995,0.045275,16962870000,0.044995,0.044995,0.045275,763209445.3,763209445.3,763209445.3,,3,SUR,1.25,
TQBR,2019-12-09,ВТБ ао,VTBR,23434,825645262.3,0.04527,0.044815,0.04545,0.04545,0.04526,0.04545,18242500000,0.04526,0.04526,0.04545,825645262.3,825645262.3,825645262.3,,3,SUR,0.39,
TQBR,2019-12-10,ВТБ ао,VTBR,22222,813919617.2,0.04522,0.044965,0.04565,0.04517,0.04532,0.04517,17959850000,0.04532,0.04532,0.04517,813919617.2,813919617.2,813919617.2,,3,SUR,-0.62,
TQBR,2019-12-11,ВТБ ао,VTBR,17222,558513409.8,0.045185,0.0451,0.045485,0.045305,0.045295,0.045305,12330540000,0.045295,0.045295,0.045305,558513409.8,558513409.8,558513409.8,,3,SUR,0.3,
TQBR,2019-12-12,ВТБ ао,VTBR,19636,759696215.15,0.045355,0.045075,0.04545,0.045355,0.04528,0.045355,16774560000,0.04529,0.04529,0.045355,759696215.15,759696215.15,759696215.15,,3,SUR,0.11,
TQBR,2019-12-13,ВТБ ао,VTBR,40249,1997317503.55,0.045475,0.0454,0.04656,0.04635,0.046165,0.04635,43271730000,0.04616,0.04616,0.04635,1997317503.55,1997317503.55,1997317503.55,,3,SUR,2.19,
TQBR,2019-12-16,ВТБ ао,VTBR,28208,1263601190.6,0.04638,0.04635,0.046985,0.04651,0.04672,0.04651,27047280000,0.04672,0.04672,0.04651,1263601190.6,1263601190.6,1263601190.6,,3,SUR,0.35,
TQBR,2019-12-17,ВТБ ао,VTBR,21731,682533202.05,0.04662,0.04642,0.046785,0.04655,0.046575,0.04655,14654050000,0.046575,0.046575,0.04655,682533202.05,682533202.05,682533202.05,,3,SUR,0.09,
TQBR,2019-12-18,ВТБ ао,VTBR,29969,1028001319.0,0.04654,0.04619,0.047,0.04692,0.04666,0.04692,22032700000,0.04666,0.04666,0.04692,1028001319.0,1028001319.0,1028001319.0,,3,SUR,0.79,
TQBR,2019-12-19,ВТБ ао,VTBR,41583,1631039815.85,0.04684,0.046,0.047215,0.046515,0.046805,0.046515,34847580000,0.046805,0.046805,0.046515,1631039815.85,1631039815.85,1631039815.85,,3,SUR,-0.86,
TQBR,2019-12-20,ВТБ ао,VTBR,23441,799593570.75,0.04661,0.04611,0.046695,0.0463,0.04638,0.0463,17237600000,0.046385,0.046385,0.0463,799593570.75,799593570.75,799593570.75,,3,SUR,-0.46,
TQBR,2019-12-23,ВТБ ао,VTBR,14635,547040161.9,0.046305,0.046305,0.046655,0.046505,0.04648,0.046505,11769950000,0.04648,0.04648,0.046505,547040161.9,547040161.9,547040161.9,,3,SUR,0.44,
TQBR,2019-12-24,ВТБ ао,VTBR,13837,445262487.45,0.04668,0.0463,0.046705,0.04635,0.04649,0.04635,9577350000,0.04649,0.04649,0.04635,445262487.45,445262487.45,445262487.45,,3,SUR,-0.33,
TQBR,2019-12-25,ВТБ ао,VTBR,15052,573581459.75,0.0464,0.04593,0.046485,0.04598,0.04615,0.04598,12430690000,0.04614,0.04614,0.04598,573581459.75,573581459.75,573581459.75,,3,SUR,-0.8,
TQBR,2019-12-26,ВТБ ао,VTBR,13843,465472741.65,0.045995,0.04587,0.04616,0.046,0.046035,0.046,10110880000,0.046035,0.046035,0.046,465472741.65,465472741.65,465472741.65,,3,SUR,0.04,
TQBR,2019-12-27,ВТБ ао,VTBR,18294,717174639.65,0.0461,0.045755,0.04617,0.04588,0.04597,0.04588,15598600000,0.045975,0.045975,0.04588,717174639.65,717174639.65,717174639.65,,3,SUR,-0.26,
TQBR,2019-12-30,ВТБ ао,VTBR,16725,545894082.7,0.04599,0.045865,0.04619,0.0459,0.04603,0.0459,11859280000,0.04603,0.04603,0.0459,545894082.7,545894082.7,545894082.7,,3,SUR,0.04,
TQBR,2020-01-03,ВТБ ао,VTBR,14685,549559279.9,0.046145,0.045995,0.04634,0.04624,0.046145,0.04624,11909550000,0.046145,0.046145,0.04624,549559279.9,549559279.9,549559279.9,,3,SUR,0.74,
TQBR,2020-01-06,ВТБ ао,VTBR,10787,368895793.95,0.04611,0.04593,0.046195,0.04611,0.04601,0.04611,8017580000,0.04601,0.04601,0.04611,368895793.95,368895793.95,368895793.95,,3,SUR,-0.28,
TQBR,2020-01-08,ВТБ ао,VTBR,23097,1347597297.1,0.04621,0.0462,0.047,0.046525,0.04676,0.046525,28820270000,0.04676,0.04676,0.046525,1347597297.1,1347597297.1,1347597297.1,,3,SUR,0.9,
TQBR,2020-01-09,ВТБ ао,VTBR,26309,1387380128.5,0.04683,0.046575,0.0473,0.047075,0.04701,0.047075,29512690000,0.04701,0.04701,0.047075,1387380128.5,1387380128.5,1387380128.5,,3,SUR,1.18,
TQBR,2020-01-10,ВТБ ао,VTBR,24453,1422514401.85,0.04715,0.047005,0.04789,0.0476,0.047545,0.0476,29926040000,0.047535,0.047535,0.0476,1422514401.85,1422514401.85,1422514401.85,,3,SUR,1.12,
TQBR,2020-01-13,ВТБ ао,VTBR,33421,1565494120.5,0.0477,0.04761,0.04825,0.04806,0.047945,0.04806,32648660000,0.04795,0.04795,0.04806,1565494120.5,1565494120.5,1565494120.5,,3,SUR,0.97,
TQBR,2020-01-14,ВТБ ао,VTBR,35644,1891973977.5,0.04815,0.0471,0.048425,0.04726,0.047795,0.04726,39584050000,0.047795,0.047795,0.04726,1891973977.5,1891973977.5,1891973977.5,,3,SUR,-1.66,
TQBR,2020-01-15,ВТБ ао,VTBR,44177,2833190981.85,0.04722,0.0467,0.04815,0.046805,0.04735,0.046805,59834060000,0.04735,0.04735,0.046805,2833190981.85,2833190981.85,2833190981.85,,3,SUR,-0.96,
TQBR,2020-01-16,ВТБ ао,VTBR,24805,1464964639.5,0.04702,0.047,0.047825,0.047825,0.047455,0.047825,30869390000,0.047455,0.047455,0.047825,1464964639.5,1464964639.5,1464964639.5,,3,SUR,2.18,
TQBR,2020-01-17,ВТБ ао,VTBR,27245,1344876338.45,0.04781,0.0477,0.0482,0.048035,0.047955,0.048035,28034470000,0.04797,0.04797,0.048035,1344876338.45,1344876338.45,1344876338.45,,3,SUR,0.44,
TQBR,2020-01-20,ВТБ ао,VTBR,34959,2173621015.9,0.048245,0.048,0.04884,0.048015,0.04845,0.048015,44846630000,0.04847,0.04847,0.048015,2173621015.9,2173621015.9,2173621015.9,,3,SUR,-0.04,
TQBR,2020-01-21,ВТБ ао,VTBR,101453,7722363226.85,0.048015,0.047415,0.05025,0.04981,0.04931,0.04981,156573160000,0.04932,0.04932,0.04981,7722363226.85,7722363226.85,7722363226.85,,3,SUR,3.74,
TQBR,2020-01-22,ВТБ ао,VTBR,41305,2566588622.65,0.0499,0.048885,0.05025,0.04897,0.04949,0.04897,51858400000,0.04949,0.04949,0.04897,2566588622.65,2566588622.65,2566588622.65,,3,SUR,-1.69,
TQBR,2020-01-23,ВТБ ао,VTBR,30429,2110177413.3,0.048595,0.0482,0.04945,0.0485,0.04877,0.0485,43270260000,0.048765,0.048765,0.0485,2110177413.3,2110177413.3,2110177413.3,,3,SUR,-0.96,
TQBR,2020-01-24,ВТБ ао,VTBR,44481,1939133089.05,0.04877,0.048,0.049115,0.048,0.04856,0.048,39924570000,0.04857,0.04857,0.048,1939133089.05,1939133089.05,1939133089.05,,3,SUR,-1.03,
TQBR,2020-01-27,ВТБ ао,VTBR,39415,2389715407.65,0.0475,0.04625,0.04767,0.04682,0.047075,0.04682,50776730000,0.047065,0.047065,0.04682,2389715407.65,2389715407.65,2389715407.65,,3,SUR,-2.46,
TQBR,2020-01-28,ВТБ ао,VTBR,24380,1223115679.9,0.04712,0.046425,0.047295,0.0472,0.046905,0.0472,26075830000,0.046905,0.046905,0.0472,1223115679.9,1223115679.9,1223115679.9,,3,SUR,0.81,
TQBR,2020-01-29,ВТБ ао,VTBR,31392,1636135994.3,0.04735,0.047,0.04778,0.04754,0.04739,0.04754,34516560000,0.0474,0.0474,0.04754,1636135994.3,1636135994.3,1636135994.3,,3,SUR,0.72,
TQBR,2020-01-30,ВТБ ао,VTBR,19791,1064965022.25,0.047325,0.04701,0.047735,0.047045,0.047375,0.047045,22479350000,0.047375,0.047375,0.047045,1064965022.25,1064965022.25,1064965022.25,,3,SUR,-1.04,
TQBR,2020-01-31,ВТБ ао,VTBR,25477,1414196588.0,0.04741,0.0464,0.04756,0.0464,0.04695,0.0464,30120300000,0.04695,0.04695,0.0464,1414196588.0,1414196588.0,1414196588.0,,3,SUR,-1.37,
TQBR,2020-02-03,ВТБ ао,VTBR,39978,1351918069.3,0.046,0.045835,0.046565,0.04615,0.04621,0.04615,29255480000,0.04621,0.04621,0.04615,1351918069.3,1351918069.3,1351918069.3,,3,SUR,-0.54,
TQBR,2020-02-04,ВТБ ао,VTBR,58459,1811987712.65,0.04636,0.04633,0.047435,0.047255,0.046995,0.047255,38560410000,0.04699,0.04699,0.047255,1811987712.65,1811987712.65,1811987712.65,,3,SUR,2.39,
TQBR,2020-02-05,ВТБ ао,VTBR,30602,1887077447.3,0.047325,0.047025,0.048175,0.04768,0.04773,0.04768,39548110000,0.047715,0.047715,0.04768,1887077447.3,1887077447.3,1887077447.3,,3,SUR,0.9,
TQBR,2020-02-06,ВТБ ао,VTBR,21755,1460423331.05,0.048,0.04771,0.04835,0.048075,0.04798,0.048075,30435590000,0.047985,0.047985,0.048075,1460423331.05,1460423331.05,1460423331.05,,3,SUR,0.83,
TQBR,2020-02-07,ВТБ ао,VTBR,20128,841768004.35,0.04804,0.0474,0.04823,0.04809,0.04785,0.04809,17589390000,0.047855,0.047855,0.04809,841768004.35,841768004.35,841768004.35,,3,SUR,0.03,
TQBR,2020-02-10,ВТБ ао,VTBR,42171,1669281970.05,0.0482,0.0474,0.0485,0.0474,0.047815,0.0474,34916240000,0.04781,0.04781,0.0474,1669281970.05,1669281970.05,1669281970.05,,3,SUR,-1.43,
TQBR,2020-02-11,ВТБ ао,VTBR,27137,1333694144.1,0.0476,0.04742,0.04779,0.04744,0.047555,0.04744,28048400000,0.04755,0.04755,0.04744,1333694144.1,1333694144.1,1333694144.1,,3,SUR,0.08,
TQBR,2020-02-12,ВТБ ао,VTBR,18154,941176153.7,0.0475,0.04745,0.04805,0.04787,0.04781,0.04787,19686100000,0.04781,0.04781,0.04787,941176153.7,941176153.7,941176153.7,,3,SUR,0.91,
TQBR,2020-02-13,ВТБ ао,VTBR,26536,1377181143.85,0.04778,0.047585,0.04836,0.048,0.04799,0.048,28699430000,0.047985,0.047985,0.048,1377181143.85,1377181143.85,1377181143.85,,3,SUR,0.27,
TQBR,2020-02-14,ВТБ ао,VTBR,12994,558191189.6,0.048105,0.047735,0.04825,0.047885,0.04799,0.047885,11631800000,0.04799,0.04799,0.047885,558191189.6,558191189.6,558191189.6,,3,SUR,-0.24,
TQBR,2020-02-17,ВТБ ао,VTBR,11216,442462909.3,0.048095,0.04788,0.04818,0.048095,0.047985,0.048095,9212240000,0.04803,0.04803,0.048095,442462909.3,442462909.3,442462909.3,,3,SUR,0.44,
TQBR,2020-02-18,ВТБ ао,VTBR,24638,1129018837.0,0.047925,0.0472,0.047995,0.047205,0.047485,0.047205,23776690000,0.047485,0.047485,0.047205,1129018837.0,1129018837.0,1129018837.0,,3,SUR,-1.85,
TQBR,2020-02-19,ВТБ ао,VTBR,15225,655205703.45,0.04742,0.04728,0.04758,0.04747,0.047395,0.04747,13813580000,0.04743,0.04743,0.04747,655205703.45,655205703.45,655205703.45,,3,SUR,0.56,
TQBR,2020-02-20,ВТБ ао,VTBR,13134,601877594.45,0.0476,0.04751,0.047785,0.04751,0.04766,0.04751,12629910000,0.047655,0.047655,0.04751,601877594.45,601877594.45,601877594.45,,3,SUR,0.08,
TQBR,2020-02-21,ВТБ ао,VTBR,20237,948097720.45,0.047375,0.0472,0.0481,0.04796,0.047785,0.04796,19858660000,0.04774,0.04774,0.04796,948097720.45,948097720.45,948097720.45,,3,SUR,0.95,
TQBR,2020-02-25,ВТБ ао,VTBR,41659,2534910827.4,0.04737,0.04722,0.048275,0.047295,0.04768,0.047295,53161810000,0.047685,0.047685,0.047295,2534910827.4,2534910827.4,2534910827.4,,3,SUR,-1.39,
TQBR,2020-02-26,ВТБ ао,VTBR,51465,2471940020.3,0.04705,0.04652,0.04774,0.04723,0.047205,0.04723,52366390000,0.047205,0.047205,0.04723,2471940020.3,2471940020.3,2471940020.3,,3,SUR,-0.14,
TQBR,2020-02-27,ВТБ ао,VTBR,49930,2147760874.75,0.046945,0.04531,0.04713,0.04539,0.04624,0.04539,46448270000,0.04624,0.04624,0.04539,2147760874.75,2147760874.75,2147760874.75,,3,SUR,-3.9,
TQBR,2020-02-28,ВТБ ао,VTBR,72070,3862404888.0,0.0442,0.04243,0.044495,0.04333,0.04326,0.04333,89304060000,0.04325,0.04325,0.04333,3862404888.0,3862404888.0,3862404888.0,,3,SUR,-4.54,
TQBR,2020-03-02,ВТБ ао,VTBR,56119,2810055392.05,0.04417,0.042615,0.04444,0.043,0.04363,0.043,64404120000,0.04363,0.04363,0.043,2810055392.05,2810055392.05,2810055392.05,,3,SUR,-0.76,
TQBR,2020-03-03,ВТБ ао,VTBR,53156,2211367491.2,0.04373,0.042835,0.04419,0.043255,0.04354,0.043255,50770690000,0.043555,0.043555,0.043255,2211367491.2,2211367491.2,2211367491.2,,3,SUR,0.59,
TQBR,2020-03-04,ВТБ ао,VTBR,25292,1255430172.25,0.042835,0.0427,0.0438,0.043155,0.04342,0.043155,28914560000,0.04342,0.04342,0.043155,1255430172.25,1255430172.25,1255430172.25,,3,SUR,-0.23,
TQBR,2020-03-05,ВТБ ао,VTBR,39059,1100411612.9,0.043575,0.042925,0.04378,0.04307,0.043255,0.04307,25439920000,0.043255,0.043255,0.04307,1100411612.9,1100411612.9,1100411612.9,,3,SUR,-0.2,
TQBR,2020-03-06,ВТБ ао,VTBR,55051,2593763215.95,0.0426,0.040835,0.0426,0.04122,0.041445,0.04122,62608260000,0.04143,0.04143,0.04122,2593763215.95,2593763215.95,2593763215.95,,3,SUR,-4.3,
TQBR,2020-03-10,ВТБ ао,VTBR,95132,3872200100.1,0.0371,0.03478,0.0397,0.03745,0.03835,0.03745,101031410000,0.038325,0.038325,0.03745,3872200100.1,3872200100.1,3872200100.1,,3,SUR,-9.15,
TQBR,2020-03-11,ВТБ ао,VTBR,53875,2181638639.4,0.0383,0.03617,0.0383,0.036355,0.03712,0.036355,58794660000,0.037105,0.037105,0.036355,2181638639.4,2181638639.4,2181638639.4,,3,SUR,-2.92,
TQBR,2020-03-12,ВТБ ао,VTBR,119008,4854860225.95,0.034995,0.030735,0.034995,0.03112,0.03294,0.03112,147127700000,0.033,0.033,0.03112,4854860225.95,4854860225.95,4854860225.95,,3,SUR,-14.4,
TQBR,2020-03-13,ВТБ ао,VTBR,94714,4197267474.5,0.031755,0.0312,0.032995,0.031575,0.032055,0.031575,130916070000,0.03206,0.03206,0.031575,4197267474.5,4197267474.5,4197267474.5,,3,SUR,1.46,
TQBR,2020-03-16,ВТБ ао,VTBR,92228,3578250562.0,0.03033,0.028755,0.030945,0.03015,0.030105,0.03015,118854640000,0.030105,0.030105,0.03015,3578250562.0,3578250562.0,3578250562.0,,3,SUR,-4.51,
TQBR,2020-03-17,ВТБ ао,VTBR,72655,2720633058.8,0.03022,0.028905,0.03144,0.029735,0.03001,0.029735,90650580000,0.03001,0.03001,0.029735,2720633058.8,2720633058.8,2720633058.8,,3,SUR,-1.38,
TQBR,2020-03-18,ВТБ ао,VTBR,72176,2593257197.2,0.0291,0.0276,0.02939,0.02814,0.02862,0.02814,90604990000,0.02862,0.02862,0.02814,2593257197.2,2593257197.2,2593257197.2,,3,SUR,-5.36,
TQBR,2020-03-19,ВТБ ао,VTBR,94644,2981147326.5,0.0285,0.027855,0.03065,0.03057,0.029475,0.03057,101200110000,0.02946,0.02946,0.03057,2981147326.5,2981147326.5,2981147326.5,,3,SUR,8.64,
TQBR,2020-03-20,ВТБ ао,VTBR,75170,3764067957.65,0.031165,0.03109,0.033025,0.0315,0.03204,0.0315,117473160000,0.03204,0.03204,0.0315,3764067957.65,3764067957.65,3764067957.65,,3,SUR,3.04,
TQBR,2020-03-23,ВТБ ао,VTBR,61674,2511120441.25,0.03005,0.03005,0.032475,0.0316,0.031355,0.0316,80082710000,0.031355,0.031355,0.0316,2511120441.25,2511120441.25,2511120441.25,,3,SUR,0.32,
TQBR,2020-03-24,ВТБ ао,VTBR,46089,2081718721.15,0.033025,0.0324,0.033495,0.03288,0.03289,0.03288,63291310000,0.03289,0.03289,0.03288,2081718721.15,2081718721.15,2081718721.15,,3,SUR,4.05,
TQBR,2020-03-25,ВТБ ао,VTBR,95716,4416428023.25,0.0336,0.0317,0.035485,0.0328,0.03347,0.0328,131955800000,0.03347,0.03347,0.0328,4416428023.25,4416428023.25,4416428023.25,,3,SUR,-0.24,
TQBR,2020-03-26,ВТБ ао,VTBR,50063,2109544571.05,0.032695,0.0321,0.0334,0.0325,0.032595,0.0325,64717070000,0.032595,0.032595,0.0325,2109544571.05,2109544571.05,2109544571.05,,3,SUR,-0.91,
TQBR,2020-03-27,ВТБ ао,VTBR,56430,1921554769.4,0.03295,0.030855,0.03295,0.0311,0.031605,0.0311,60796540000,0.031605,0.031605,0.0311,1921554769.4,1921554769.4,1921554769.4,,3,SUR,-4.31,
TQBR,2020-03-30,ВТБ ао,VTBR,60030,2411365420.8,0.03074,0.02982,0.031795,0.03165,0.030855,0.03165,78153550000,0.030855,0.030855,0.03165,2411365420.8,2411365420.8,2411365420.8,,3,SUR,1.77,
TQBR,2020-03-31,ВТБ ао,VTBR,67460,2335547554.2,0.032345,0.031795,0.032695,0.0326,0.032275,0.0326,72341470000,0.032285,0.032285,0.0326,2335547554.2,2335547554.2,2335547554.2,,3,SUR,3.0,
TQBR,2020-04-01,ВТБ ао,VTBR,46846,1852811346.45,0.03164,0.03156,0.03238,0.03203,0.031975,0.03203,57942320000,0.031975,0.031975,0.03203,1852811346.45,1852811346.45,1852811346.45,,3,SUR,-1.75,
TQBR,2020-04-02,ВТБ ао,VTBR,58962,2690679320.3,0.03277,0.031175,0.032995,0.032175,0.03211,0.032175,83791020000,0.03211,0.03211,0.032175,2690679320.3,2690679320.3,2690679320.3,,3,SUR,0.45,
TQBR,2020-04-03,ВТБ ао,VTBR,65536,2234093300.45,0.032,0.031825,0.0326,0.03208,0.03219,0.03208,69403500000,0.03219,0.03219,0.03208,2234093300.45,2234093300.45,2234093300.45,,3,SUR,-0.3,
TQBR,2020-04-06,ВТБ ао,VTBR,64330,2816946600.7,0.0325,0.03237,0.03386,0.03367,0.03313,0.03367,85024250000,0.03313,0.03313,0.03367,2816946600.7,2816946600.7,2816946600.7,,3,SUR,4.96,
TQBR,2020-04-07,ВТБ ао,VTBR,85550,4501504719.25,0.03415,0.034025,0.0352,0.03437,0.03473,0.03437,129602330000,0.034735,0.034735,0.03437,4501504719.25,4501504719.25,4501504719.25,,3,SUR,2.08,
TQBR,2020-04-08,ВТБ ао,VTBR,47470,2177946994.85,0.03437,0.03392,0.035,0.035,0.034595,0.035,62953000000,0.034595,0.034595,0.035,2177946994.85,2177946994.85,2177946994.85,,3,SUR,1.83,
TQBR,2020-04-09,ВТБ ао,VTBR,89209,4568638059.0,0.035605,0.035375,0.03694,0.0364,0.036145,0.0364,126405020000,0.036145,0.036145,0.0364,4568638059.0,4568638059.0,4568638059.0,,3,SUR,4.0,
TQBR,2020-04-10,ВТБ ао,VTBR,44996,2300366140.85,0.0362,0.0355,0.03678,0.03659,0.036355,0.03659,63274590000,0.036355,0.036355,0.03659,2300366140.85,2300366140.85,2300366140.85,,3,SUR,0.52,
TQBR,2020-04-13,ВТБ ао,VTBR,57151,2562187731.0,0.036575,0.035815,0.037125,0.0359,0.036265,0.0359,70638440000,0.03627,0.03627,0.0359,2562187731.0,2562187731.0,2562187731.0,,3,SUR,-1.89,
TQBR,2020-04-14,ВТБ ао,VTBR,46517,2090814270.9,0.0364,0.035195,0.03645,0.035415,0.035965,0.035415,58137130000,0.035965,0.035965,0.035415,2090814270.9,2090814270.9,2090814270.9,,3,SUR,-1.35,
TQBR,2020-04-15,ВТБ ао,VTBR,81862,3058410763.35,0.03512,0.033175,0.035185,0.03324,0.03404,0.03324,89841270000,0.03404,0.03404,0.03324,3058410763.35,3058410763.35,3058410763.35,,3,SUR,-6.14,
TQBR,2020-04-16,ВТБ ао,VTBR,68750,2946299603.9,0.03349,0.0327,0.034465,0.034,0.033825,0.034,87102260000,0.033825,0.033825,0.034,2946299603.9,2946299603.9,2946299603.9,,3,SUR,2.29,
TQBR,2020-04-17,ВТБ ао,VTBR,35972,1394950592.75,0.0348,0.034,0.0348,0.0343,0.034365,0.0343,40591000000,0.034365,0.034365,0.0343,1394950592.75,1394950592.75,1394950592.75,,3,SUR,0.88,
TQBR,2020-04-20,ВТБ ао,VTBR,40357,1380480365.75,0.0339,0.0336,0.034275,0.033805,0.033945,0.033805,40668330000,0.033945,0.033945,0.033805,1380480365.75,1380480365.75,1380480365.75,,3,SUR,-1.44,
TQBR,2020-04-21,ВТБ ао,VTBR,68058,2004477263.9,0.03331,0.03264,0.03338,0.0331,0.03306,0.0331,60632240000,0.03306,0.03306,0.0331,2004477263.9,2004477263.9,2004477263.9,,3,SUR,-2.09,
TQBR,2020-04-22,ВТБ ао,VTBR,45867,1874960489.3,0.03295,0.03271,0.03417,0.034,0.033625,0.034,55754430000,0.03363,0.03363,0.034,1874960489.3,1874960489.3,1874960489.3,,3,SUR,2.72,
TQBR,2020-04-23,ВТБ ао,VTBR,42851,1491680051.2,0.03425,0.03382,0.034455,0.03427,0.034185,0.03427,43622580000,0.034195,0.034195,0.03427,1491680051.2,1491680051.2,1491680051.2,,3,SUR,0.79,
TQBR,2020-04-24,ВТБ ао,VTBR,34406,1211180904.0,0.034095,0.0336,0.03416,0.033705,0.033855,0.033705,35756070000,0.033875,0.033875,0.033705,1211180904.0,1211180904.0,1211180904.0,,3,SUR,-1.65,
TQBR,2020-04-27,ВТБ ао,VTBR,22941,776451803.6,0.0337,0.03365,0.034085,0.0339,0.03392,0.0339,22889990000,0.03392,0.03392,0.0339,776451803.6,776451803.6,776451803.6,,3,SUR,0.58,
TQBR,2020-04-28,ВТБ ао,VTBR,46982,1959524380.3,0.033875,0.033785,0.035,0.0345,0.0345,0.0345,56795800000,0.0345,0.0345,0.0345,1959524380.3,1959524380.3,1959524380.3,,3,SUR,1.77,
TQBR,2020-04-29,ВТБ ао,VTBR,34632,1360955283.75,0.03475,0.03465,0.03523,0.035195,0.03503,0.035195,38851640000,0.03503,0.03503,0.035195,1360955283.75,1360955283.75,1360955283.75,,3,SUR,2.01,
TQBR,2020-04-30,ВТБ ао,VTBR,48701,1556660860.9,0.0356,0.03476,0.035835,0.0349,0.035245,0.0349,44164690000,0.035245,0.035245,0.0349,1556660860.9,1556660860.9,1556660860.9,,3,SUR,-0.84,
TQBR,2020-05-04,ВТБ ао,VTBR,29995,1138975268.45,0.0345,0.034105,0.0351,0.03486,0.03462,0.03486,32897410000,0.03462,0.03462,0.03486,1138975268.45,1138975268.45,1138975268.45,,3,SUR,-0.11,
TQBR,2020-05-05,ВТБ ао,VTBR,25087,1060435681.5,0.035265,0.03516,0.035655,0.035475,0.03538,0.035475,29973320000,0.03538,0.03538,0.035475,1060435681.5,1060435681.5,1060435681.5,,3,SUR,1.76,
TQBR,2020-05-06,ВТБ ао,VTBR,30218,1179047699.85,0.035495,0.035305,0.035895,0.03531,0.03558,0.03531,33139220000,0.03558,0.03558,0.03531,1179047699.85,1179047699.85,1179047699.85,,3,SUR,-0.47,
TQBR,2020-05-07,ВТБ ао,VTBR,27004,958549742.35,0.03545,0.035375,0.03594,0.03553,0.035665,0.03553,26874870000,0.035665,0.035665,0.03553,958549742.35,958549742.35,958549742.35,,3,SUR,0.62,
TQBR,2020-05-08,ВТБ ао,VTBR,28556,965429749.95,0.03561,0.03505,0.035785,0.035375,0.035365,0.035375,27298050000,0.035365,0.035365,0.035375,965429749.95,965429749.95,965429749.95,,3,SUR,-0.44,
TQBR,2020-05-12,ВТБ ао,VTBR,23787,719283307.0,0.03536,0.0351,0.03551,0.035185,0.035265,0.035185,20395570000,0.035265,0.035265,0.035185,719283307.0,719283307.0,719283307.0,,3,SUR,-0.54,
TQBR,2020-05-13,ВТБ ао,VTBR,35936,1198629805.45,0.035,0.034205,0.03504,0.034205,0.034555,0.034205,34688080000,0.034555,0.034555,0.034205,1198629805.45,1198629805.45,1198629805.45,,3,SUR,-2.79,
TQBR,2020-05-14,ВТБ ао,VTBR,35250,989305185.45,0.03404,0.033915,0.0345,0.03431,0.03421,0.03431,28918490000,0.03421,0.03421,0.03431,989305185.45,989305185.45,989305185.45,,3,SUR,0.31,
TQBR,2020-05-15,ВТБ ао,VTBR,21966,748585655.7,0.03462,0.034215,0.03485,0.034215,0.034535,0.034215,21677280000,0.034535,0.034535,0.034215,748585655.7,748585655.7,748585655.7,,3,SUR,-0.28,
TQBR,2020-05-18,ВТБ ао,VTBR,23936,887758081.85,0.03462,0.0345,0.035045,0.03499,0.034765,0.03499,25536360000,0.034765,0.034765,0.03499,887758081.85,887758081.85,887758081.85,,3,SUR,2.27,
TQBR,2020-05-19,ВТБ ао,VTBR,28848,1055293149.05,0.0351,0.03467,0.03543,0.03483,0.03507,0.03483,30088980000,0.03507,0.03507,0.03483,1055293149.05,1055293149.05,1055293149.05,,3,SUR,-0.46,
TQBR,2020-05-20,ВТБ ао,VTBR,24905,976931713.45,0.034795,0.03463,0.035235,0.03521,0.035025,0.03521,27893940000,0.035025,0.035025,0.03521,976931713.45,976931713.45,976931713.45,,3,SUR,1.09,
TQBR,2020-05-21,ВТБ ао,VTBR,36113,1199523908.15,0.03526,0.034785,0.03542,0.03496,0.03508,0.03496,34193070000,0.03508,0.03508,0.03496,1199523908.15,1199523908.15,1199523908.15,,3,SUR,-0.71,
TQBR,2020-05-22,ВТБ ао,VTBR,22650,736947771.95,0.0347,0.03453,0.03488,0.03467,0.0347,0.03467,21239030000,0.0347,0.0347,0.03467,736947771.95,736947771.95,736947771.95,,3,SUR,-0.83,
TQBR,2020-05-25,ВТБ ао,VTBR,16235,417466069.55,0.034805,0.034805,0.03509,0.035005,0.034955,0.035005,11943430000,0.034955,0.034955,0.035005,417466069.55,417466069.55,417466069.55,,3,SUR,0.97,
TQBR,2020-05-26,ВТБ ао,VTBR,25631,1015103200.7,0.03518,0.03506,0.03557,0.0351,0.035375,0.0351,28693510000,0.035375,0.035375,0.0351,1015103200.7,1015103200.7,1015103200.7,,3,SUR,0.27,
TQBR,2020-05-27,ВТБ ао,VTBR,33155,1287902295.2,0.03509,0.03505,0.03565,0.03539,0.035345,0.03539,36437990000,0.035345,0.035345,0.03539,1287902295.2,1287902295.2,1287902295.2,,3,SUR,0.83,
TQBR,2020-05-28,ВТБ ао,VTBR,33705,1434052660.75,0.035595,0.03541,0.03606,0.03597,0.03574,0.03597,40127180000,0.03574,0.03574,0.03597,1434052660.75,1434052660.75,1434052660.75,,3,SUR,1.64,
TQBR,2020-05-29,ВТБ ао,VTBR,32816,1471491886.1,0.0359,0.0353,0.03631,0.03631,0.035735,0.03631,41176300000,0.035735,0.035735,0.03631,1471491886.1,1471491886.1,1471491886.1,,3,SUR,0.95,
TQBR,2020-06-01,ВТБ ао,VTBR,33083,1404515718.8,0.03642,0.03627,0.03673,0.03664,0.03649,0.03664,38481470000,0.0365,0.0365,0.03664,1404515718.8,1404515718.8,1404515718.8,,3,SUR,0.91,
TQBR,2020-06-02,ВТБ ао,VTBR,42989,1700680971.8,0.03674,0.03665,0.037175,0.037175,0.036935,0.037175,46046810000,0.036935,0.036935,0.037175,1700680971.8,1700680971.8,1700680971.8,,3,SUR,1.46,
TQBR,2020-06-03,ВТБ ао,VTBR,36692,1730421692.35,0.03726,0.03725,0.03798,0.03798,0.03765,0.03798,45953780000,0.037655,0.037655,0.03798,1730421692.35,1730421692.35,1730421692.35,,3,SUR,2.17,
TQBR,2020-06-04,ВТБ ао,VTBR,39020,1788951383.65,0.03787,0.0368,0.0379,0.03715,0.03724,0.03715,48038880000,0.03724,0.03724,0.03715,1788951383.65,1788951383.65,1788951383.65,,3,SUR,-2.19,
TQBR,2020-06-05,ВТБ ао,VTBR,28177,1178618729.5,0.03731,0.03719,0.037675,0.037595,0.037455,0.037595,31463070000,0.03746,0.03746,0.037595,1178618729.5,1178618729.5,1178618729.5,,3,SUR,1.2,
TQBR,2020-06-08,ВТБ ао,VTBR,31839,1395256551.2,0.03775,0.0374,0.037945,0.037695,0.03771,0.037695,36997900000,0.03771,0.03771,0.037695,1395256551.2,1395256551.2,1395256551.2,,3,SUR,0.27,
TQBR,2020-06-09,ВТБ ао,VTBR,31938,1043110675.85,0.0378,0.037165,0.037835,0.0377,0.03752,0.0377,27801740000,0.03752,0.03752,0.0377,1043110675.85,1043110675.85,1043110675.85,,3,SUR,0.01,
TQBR,2020-06-10,ВТБ ао,VTBR,16932,855350224.7,0.03777,0.037365,0.037815,0.03758,0.037575,0.03758,22764120000,0.037575,0.037575,0.03758,855350224.7,855350224.7,855350224.7,,3,SUR,-0.32,
TQBR,2020-06-11,ВТБ ао,VTBR,31532,1356638526.15,0.03727,0.03644,0.03728,0.036745,0.036705,0.036745,36959020000,0.036705,0.036705,0.036745,1356638526.15,1356638526.15,1356638526.15,,3,SUR,-2.22,
TQBR,2020-06-15,ВТБ ао,VTBR,26028,1052669030.45,0.03615,0.03583,0.03705,0.036845,0.03643,0.036845,28893720000,0.03643,0.03643,0.036845,1052669030.45,1052669030.45,1052669030.45,,3,SUR,0.27,
TQBR,2020-06-16,ВТБ ао,VTBR,26248,959110152.65,0.0372,0.0368,0.03743,0.03688,0.03719,0.03688,25790530000,0.03719,0.03719,0.03688,959110152.65,959110152.65,959110152.65,,3,SUR,0.09,
TQBR,2020-06-17,ВТБ ао,VTBR,69772,914193318.9,0.03692,0.03645,0.03716,0.0365,0.036765,0.0365,24866380000,0.036765,0.036765,0.0365,914193318.9,914193318.9,914193318.9,,3,SUR,-1.03,
TQBR,2020-06-18,ВТБ ао,VTBR,42985,1180310959.0,0.03643,0.03583,0.036495,0.0359,0.03613,0.0359,32679350000,0.03612,0.03612,0.0359,1180310959.0,1180310959.0,1180310959.0,,3,SUR,-1.64,
TQBR,2020-06-19,ВТБ ао,VTBR,27926,1922444938.0,0.03612,0.035255,0.03635,0.035255,0.035615,0.035255,53976150000,0.035615,0.035615,0.035255,1922444938.0,1922444938.0,1922444938.0,,3,SUR,-1.8,
TQBR,2020-06-22,ВТБ ао,VTBR,38404,1299660296.85,0.0354,0.03523,0.03575,0.035435,0.035455,0.035565,36664210000,0.035445,0.035445,0.035435,1245960174.8,1245960174.8,1245960174.8,0.0,3,SUR,0.88,
TQBR,2020-06-23,ВТБ ао,VTBR,24284,732281368.3,0.035545,0.03543,0.03588,0.03549,0.0357,0.03554,20512740000,0.03572,0.03572,0.03549,654280854.8,654280854.8,654280854.8,0.0,3,SUR,-0.07,
TQBR,2020-06-25,ВТБ ао,VTBR,34336,929924700.5,0.035105,0.034975,0.0356,0.035495,0.035285,0.0356,26359740000,0.03527,0.03527,0.035495,890885626.0,890885626.0,890885626.0,0.0,3,SUR,0.17,
TQBR,2020-06-26,ВТБ ао,VTBR,26489,686078886.95,0.03558,0.03504,0.0357,0.03518,0.035305,0.03515,19433400000,0.035315,0.035315,0.03518,637034591.4,637034591.4,637034591.4,0.0,3,SUR,-1.26,
TQBR,2020-06-29,ВТБ ао,VTBR,25420,682569632.6,0.035175,0.034845,0.03551,0.03542,0.035155,0.035485,19417280000,0.03513,0.03513,0.03542,626216653.15,626216653.15,626216653.15,0.0,3,SUR,0.95,
TQBR,2020-06-30,ВТБ ао,VTBR,23402,754505239.25,0.03542,0.03492,0.03555,0.03492,0.035165,0.03505,21458800000,0.035175,0.035175,0.03492,688454339.2,688454339.2,688454339.2,0.0,3,SUR,-1.23,
TQBR,2020-07-02,ВТБ ао,VTBR,23419,765163418.9,0.03513,0.03513,0.03558,0.035435,0.03541,0.03541,21612520000,0.03539,0.03539,0.035435,652040353.95,652040353.95,652040353.95,0.0,3,SUR,1.03,
TQBR,2020-07-03,ВТБ ао,VTBR,18874,603510182.05,0.035515,0.03538,0.035695,0.0355,0.035545,0.03567,16978650000,0.03554,0.03554,0.0355,546146833.65,546146833.65,546146833.65,0.0,3,SUR,0.73,
TQBR,2020-07-06,ВТБ ао,VTBR,26057,929183566.65,0.035975,0.0358,0.03616,0.036,0.035995,0.03608,25804320000,0.036015,0.036015,0.036,862712604.3,862712604.3,862712604.3,0.0,3,SUR,1.15,
TQBR,2020-07-07,ВТБ ао,VTBR,24592,755561756.2,0.035995,0.035655,0.036,0.035825,0.035815,0.035735,21095430000,0.035825,0.035825,0.035825,691417303.45,691417303.45,691417303.45,0.0,3,SUR,-0.96,
TQBR,2020-07-08,ВТБ ао,VTBR,29209,1014592964.55,0.035705,0.035275,0.03575,0.035375,0.035455,0.03551,28616380000,0.035455,0.035455,0.035375,977839027.4,977839027.4,977839027.4,0.0,3,SUR,-0.63,
TQBR,2020-07-09,ВТБ ао,VTBR,29770,901366630.05,0.03564,0.035,0.03564,0.035025,0.03525,0.035175,25571990000,0.035255,0.035255,0.035025,834623438.2,834623438.2,834623438.2,0.0,3,SUR,-0.94,
TQBR,2020-07-10,ВТБ ао,VTBR,21981,754910362.0,0.03494,0.03486,0.035255,0.035155,0.035095,0.035235,21517570000,0.035075,0.035075,0.035155,697066979.65,697066979.65,697066979.65,0.0,3,SUR,0.17,
TQBR,2020-07-13,ВТБ ао,VTBR,25049,765450568.4,0.03536,0.034955,0.035395,0.035195,0.035185,0.035,21755330000,0.035205,0.035205,0.035195,664309998.8,664309998.8,664309998.8,0.0,3,SUR,-0.67,
TQBR,2020-07-14,ВТБ ао,VTBR,41696,1291781690.9,0.03501,0.03418,0.035055,0.03476,0.034615,0.034915,37320990000,0.034605,0.034605,0.03476,1241925169.7,1241925169.7,1241925169.7,0.0,3,SUR,-0.24,
TQBR,2020-07-15,ВТБ ао,VTBR,26803,711928780.35,0.035,0.03474,0.035055,0.034845,0.03493,0.034995,20380650000,0.03493,0.03493,0.034845,675281646.2,675281646.2,675281646.2,0.0,3,SUR,0.23,
TQBR,2020-07-16,ВТБ ао,VTBR,19914,505393099.45,0.03476,0.034625,0.03494,0.03477,0.034745,0.03481,14545360000,0.034745,0.034745,0.03477,469940301.25,469940301.25,469940301.25,0.0,3,SUR,-0.53,
TQBR,2020-07-17,ВТБ ао,VTBR,23216,536432351.25,0.034815,0.034605,0.03488,0.03476,0.034735,0.0348,15442940000,0.034735,0.034735,0.03476,509350742.1,509350742.1,509350742.1,0.0,3,SUR,-0.03,
TQBR,2020-07-20,ВТБ ао,VTBR,81938,3887416342.8,0.0348,0.03465,0.037135,0.03681,0.036025,0.0371,107900140000,0.0359,0.0359,0.03681,3392279320.85,3392279320.85,3392279320.85,0.0,3,SUR,6.61,
TQBR,2020-07-21,ВТБ ао,VTBR,98942,5356322975.65,0.03715,0.03715,0.03872,0.03795,0.038115,0.03807,140523650000,0.038115,0.038115,0.03795,5067575368.0,5067575368.0,5067575368.0,0.0,3,SUR,2.61,
TQBR,2020-07-22,ВТБ ао,VTBR,40297,1909088797.15,0.037985,0.03752,0.03835,0.03772,0.03792,0.03789,50343730000,0.037925,0.037925,0.03772,1810933189.95,1810933189.95,1810933189.95,0.0,3,SUR,-0.47,
TQBR,2020-07-23,ВТБ ао,VTBR,33854,1433513481.1,0.038145,0.03716,0.038205,0.037635,0.037815,0.037465,37908140000,0.037905,0.037905,0.037635,1152506662.25,1152506662.25,1152506662.25,0.0,3,SUR,-1.12,
TQBR,2020-07-24,ВТБ ао,VTBR,28200,1112095431.7,0.03749,0.03712,0.038025,0.0379,0.037695,0.03795,29501100000,0.037675,0.037675,0.0379,1007549266.4,1007549266.4,1007549266.4,0.0,3,SUR,1.29,
TQBR,2020-07-27,ВТБ ао,VTBR,62435,3544192884.65,0.0381,0.038045,0.0395,0.03874,0.03912,0.03921,90604760000,0.03912,0.03912,0.03874,3350394204.75,3350394204.75,3350394204.75,0.0,3,SUR,3.32,
TQBR,2020-07-28,ВТБ ао,VTBR,29198,1255526768.3,0.0393,0.03874,0.039515,0.03883,0.038955,0.038905,32229060000,0.03896,0.03896,0.03883,1140800107.0,1140800107.0,1140800107.0,0.0,3,SUR,-0.78,
TQBR,2020-07-29,ВТБ ао,VTBR,35127,1572952452.65,0.03882,0.0385,0.039295,0.03916,0.03895,0.03924,40381380000,0.038925,0.038925,0.03916,1390744589.7,1390744589.7,1390744589.7,0.0,3,SUR,0.86,
TQBR,2020-07-30,ВТБ ао,VTBR,36792,1746401394.65,0.0385,0.03825,0.039115,0.03825,0.038595,0.03861,45253480000,0.0386,0.0386,0.03825,1536123157.9,1536123157.9,1536123157.9,0.0,3,SUR,-1.61,
TQBR,2020-07-31,ВТБ ао,VTBR,24667,1095743839.15,0.03844,0.03844,0.0389,0.03852,0.0387,0.038755,28315540000,0.038705,0.038705,0.03852,1005029130.75,1005029130.75,1005029130.75,0.0,3,SUR,0.38,
TQBR,2020-08-03,ВТБ ао,VTBR,55331,2640953027.55,0.038835,0.03876,0.040135,0.039985,0.0397,0.040125,66517620000,0.039675,0.039675,0.039985,2435919897.25,2435919897.25,2435919897.25,0.0,3,SUR,3.54,
TQBR,2020-08-04,ВТБ ао,VTBR,38133,1758379096.0,0.0402,0.03985,0.040705,0.04046,0.040235,0.040385,43705150000,0.040225,0.040225,0.04046,1660108810.5,1660108810.5,1660108810.5,0.0,3,SUR,0.65,
TQBR,2020-08-05,ВТБ ао,VTBR,146663,7253518468.7,0.04053,0.03811,0.040725,0.03849,0.03877,0.03855,187088610000,0.038775,0.038775,0.03849,7070840089.55,7070840089.55,7070840089.55,0.0,3,SUR,-4.54,
TQBR,2020-08-06,ВТБ ао,VTBR,81244,3254746312.75,0.03856,0.03743,0.03878,0.03782,0.037995,0.03783,85657880000,0.038005,0.038005,0.03782,3076694606.3,3076694606.3,3076694606.3,0.0,3,SUR,-1.87,
TQBR,2020-08-07,ВТБ ао,VTBR,81111,3715065787.1,0.03782,0.036595,0.03794,0.0366,0.03705,0.03672,100285270000,0.03706,0.03706,0.0366,3534510970.1,3534510970.1,3534510970.1,0.0,3,SUR,-2.93,
TQBR,2020-08-10,ВТБ ао,VTBR,40914,1474899305.55,0.0367,0.03651,0.03705,0.036585,0.03682,0.036755,40059580000,0.036825,0.036825,0.036585,1370582769.9,1370582769.9,1370582769.9,0.0,3,SUR,0.1,
TQBR,2020-08-11,ВТБ ао,VTBR,45446,2193169529.7,0.03665,0.036605,0.037455,0.037215,0.03714,0.03693,59060670000,0.03714,0.03714,0.037215,2005822611.95,2005822611.95,2005822611.95,0.0,3,SUR,0.48,
TQBR,2020-08-12,ВТБ ао,VTBR,38394,1495584697.95,0.03717,0.036935,0.0377,0.03756,0.037425,0.03768,39962170000,0.037405,0.037405,0.03756,1348634917.55,1348634917.55,1348634917.55,0.0,3,SUR,2.03,
TQBR,2020-08-13,ВТБ ао,VTBR,32655,1303649694.0,0.03759,0.037455,0.037985,0.037795,0.037745,0.03764,34535440000,0.03776,0.03776,0.037795,1204368858.2,1204368858.2,1204368858.2,0.0,3,SUR,-0.11,
TQBR,2020-08-14,ВТБ ао,VTBR,22747,943049561.6,0.03778,0.037275,0.037845,0.0378,0.037595,0.03772,25084530000,0.037585,0.037585,0.0378,875930886.35,875930886.35,875930886.35,0.0,3,SUR,0.21,
TQBR,2020-08-17,ВТБ ао,VTBR,32311,1360532248.65,0.03785,0.03737,0.0381,0.03763,0.03772,0.03761,36069770000,0.03773,0.03773,0.03763,1265633176.95,1265633176.95,1265633176.95,0.0,3,SUR,-0.29,
TQBR,2020-08-18,ВТБ ао,VTBR,19955,728402791.55,0.037575,0.03717,0.037735,0.03747,0.037435,0.037355,19458890000,0.037435,0.037435,0.03747,679980395.45,679980395.45,679980395.45,0.0,3,SUR,-0.68,
TQBR,2020-08-19,ВТБ ао,VTBR,18068,677661803.3,0.03732,0.037245,0.03766,0.037625,0.03751,0.037445,18066600000,0.03751,0.03751,0.037625,625958586.05,625958586.05,625958586.05,0.0,3,SUR,0.24,
TQBR,2020-08-20,ВТБ ао,VTBR,29347,1074095806.65,0.037325,0.03671,0.037345,0.036775,0.037025,0.03697,29008710000,0.037035,0.037035,0.036775,997536262.45,997536262.45,997536262.45,0.0,3,SUR,-1.27,
TQBR,2020-08-21,ВТБ ао,VTBR,38096,1265693416.4,0.03701,0.036075,0.0371,0.036275,0.03652,0.03636,34656660000,0.036545,0.036545,0.036275,1119764334.35,1119764334.35,1119764334.35,0.0,3,SUR,-1.65,
TQBR,2020-08-24,ВТБ ао,VTBR,40768,1491170718.6,0.03646,0.036005,0.03666,0.036205,0.03634,0.036315,41049570000,0.03633,0.03633,0.036205,1417109945.95,1417109945.95,1417109945.95,0.0,3,SUR,-0.12,
TQBR,2020-08-25,ВТБ ао,VTBR,45660,1303985308.35,0.03632,0.03565,0.03646,0.035665,0.03595,0.03585,36272520000,0.03596,0.03596,0.035665,1236915484.75,1236915484.75,1236915484.75,0.0,3,SUR,-1.28,
TQBR,2020-08-26,ВТБ ао,VTBR,35548,1138074254.8,0.03579,0.03536,0.03608,0.03602,0.03579,0.036065,31798930000,0.035775,0.035775,0.03602,1067760970.35,1067760970.35,1067760970.35,0.0,3,SUR,0.6,
TQBR,2020-08-27,ВТБ ао,VTBR,22454,808870492.25,0.03605,0.03595,0.03637,0.03618,0.036125,0.03609,22391500000,0.036125,0.036125,0.03618,767289333.6,767289333.6,767289333.6,0.0,3,SUR,0.07,
TQBR,2020-08-28,ВТБ ао,VTBR,18227,543452277.15,0.036155,0.0358,0.036275,0.035945,0.03594,0.03595,15121180000,0.035945,0.035945,0.035945,493969324.75,493969324.75,493969324.75,0.0,3,SUR,-0.39,
TQBR,2020-08-31,ВТБ ао,VTBR,31492,1062231833.45,0.03606,0.035055,0.036195,0.035055,0.03561,0.035375,29831200000,0.03564,0.03564,0.035055,923493542.8,923493542.8,923493542.8,0.0,3,SUR,-1.6,
TQBR,2020-09-01,ВТБ ао,VTBR,25673,879727612.35,0.035435,0.03537,0.036085,0.036085,0.035735,0.036065,24617740000,0.03572,0.03572,0.036085,827427895.05,827427895.05,827427895.05,0.0,3,SUR,1.95,
TQBR,2020-09-02,ВТБ ао,VTBR,30696,1069672816.0,0.0361,0.03516,0.03616,0.03548,0.035665,0.035555,29992580000,0.035685,0.035685,0.03548,944626765.95,944626765.95,944626765.95,0.0,3,SUR,-1.41,
TQBR,2020-09-03,ВТБ ао,VTBR,41282,1202169700.9,0.035535,0.034925,0.03562,0.035295,0.03521,0.03508,34146140000,0.03521,0.03521,0.035295,1124029740.25,1124029740.25,1124029740.25,0.0,3,SUR,-1.34,
TQBR,2020-09-04,ВТБ ао,VTBR,21258,738517413.85,0.034985,0.034805,0.0354,0.03518,0.03521,0.035335,20974240000,0.0352,0.0352,0.03518,683988873.65,683988873.65,683988873.65,0.0,3,SUR,0.73,
TQBR,2020-09-07,ВТБ ао,VTBR,18000,498809455.55,0.03525,0.035085,0.035445,0.03509,0.03524,0.03521,14155070000,0.03524,0.03524,0.03509,474630523.65,474630523.65,474630523.65,0.0,3,SUR,-0.35,
TQBR,2020-09-08,ВТБ ао,VTBR,33413,935808962.55,0.03525,0.0345,0.035285,0.034765,0.034795,0.034825,26895620000,0.034795,0.034795,0.034765,868154078.25,868154078.25,868154078.25,0.0,3,SUR,-1.09,
TQBR,2020-09-09,ВТБ ао,VTBR,18999,517167055.1,0.03483,0.03471,0.03506,0.035005,0.034925,0.03503,14808510000,0.034915,0.034915,0.035005,476356147.45,476356147.45,476356147.45,0.0,3,SUR,0.59,
TQBR,2020-09-10,ВТБ ао,VTBR,28777,865210497.35,0.03505,0.034615,0.035485,0.035325,0.035055,0.03515,24680060000,0.035045,0.035045,0.035325,787851395.6,787851395.6,787851395.6,0.0,3,SUR,0.34,
TQBR,2020-09-11,ВТБ ао,VTBR,15954,468069850.95,0.03524,0.03509,0.03544,0.03538,0.035305,0.03542,13257920000,0.035295,0.035295,0.03538,423009854.0,423009854.0,423009854.0,0.0,3,SUR,0.77,
TQBR,2020-09-14,ВТБ ао,VTBR,28165,873907135.35,0.03553,0.03548,0.035875,0.03568,0.035695,0.0358,24480920000,0.035695,0.035695,0.03568,832155787.05,832155787.05,832155787.05,0.0,3,SUR,1.07,
TQBR,2020-09-15,ВТБ ао,VTBR,29518,897742672.25,0.03583,0.035635,0.03625,0.036075,0.036005,0.036185,24933190000,0.036,0.036,0.036075,849524526.0,849524526.0,849524526.0,0.0,3,SUR,1.08,
TQBR,2020-09-16,ВТБ ао,VTBR,26445,793501236.8,0.03624,0.035685,0.036345,0.035805,0.035965,0.035795,22062020000,0.03598,0.03598,0.035805,728075118.9,728075118.9,728075118.9,0.0,3,SUR,-1.08,
TQBR,2020-09-17,ВТБ ао,VTBR,26426,870344625.65,0.03561,0.035345,0.03577,0.03565,0.03555,0.035705,24480770000,0.035545,0.035545,0.03565,830467172.3,830467172.3,830467172.3,0.0,3,SUR,-0.25,
TQBR,2020-09-18,ВТБ ао,VTBR,21595,795133630.75,0.03576,0.035255,0.0358,0.035535,0.035505,0.03549,22396030000,0.03551,0.03551,0.035535,747171077.9,747171077.9,747171077.9,0.0,3,SUR,-0.6,
TQBR,2020-09-21,ВТБ ао,VTBR,34942,944957515.75,0.035475,0.03455,0.035475,0.034805,0.03492,0.034855,27058740000,0.03493,0.03493,0.034805,871726726.5,871726726.5,871726726.5,0.0,3,SUR,-1.79,
TQBR,2020-09-22,ВТБ ао,VTBR,52142,1766978836.55,0.034835,0.0343,0.035115,0.0343,0.0346,0.034635,51071170000,0.03462,0.03462,0.0343,1584421511.55,1584421511.55,1584421511.55,0.0,3,SUR,-0.63,
TQBR,2020-09-23,ВТБ ао,VTBR,34956,946317060.65,0.0346,0.0343,0.034875,0.03434,0.034585,0.034355,27369640000,0.034595,0.034595,0.03434,853421050.55,853421050.55,853421050.55,0.0,3,SUR,-0.81,
TQBR,2020-09-24,ВТБ ао,VTBR,38999,1214334217.85,0.03414,0.03402,0.0346,0.03428,0.034225,0.034275,35481010000,0.034225,0.034225,0.03428,1142920818.55,1142920818.55,1142920818.55,0.0,3,SUR,-0.23,
TQBR,2020-09-25,ВТБ ао,VTBR,28112,639802014.65,0.03434,0.03391,0.03439,0.034125,0.0341,0.034225,18763710000,0.03409,0.03409,0.034125,590890545.0,590890545.0,590890545.0,0.0,3,SUR,-0.15,
TQBR,2020-09-28,ВТБ ао,VTBR,26270,632715935.3,0.034255,0.03417,0.03459,0.034385,0.03441,0.034495,18386560000,0.034405,0.034405,0.034385,584445338.6,584445338.6,584445338.6,0.0,3,SUR,0.79,
TQBR,2020-09-29,ВТБ ао,VTBR,37675,1152861540.2,0.0345,0.03363,0.03488,0.03467,0.0343,0.03458,33614040000,0.03428,0.03428,0.03467,1086664475.95,1086664475.95,1086664475.95,0.0,3,SUR,0.25,
TQBR,2020-09-30,ВТБ ао,VTBR,25305,670473188.45,0.034545,0.03427,0.03475,0.034465,0.03447,0.034475,19438520000,0.03449,0.03449,0.034465,613210165.75,613210165.75,613210165.75,0.0,3,SUR,-0.3,
TQBR,2020-10-01,ВТБ ао,VTBR,21895,482164010.8,0.034645,0.03415,0.034705,0.0343,0.03435,0.03425,14037380000,0.034375,0.034375,0.0343,404184928.1,404184928.1,404184928.1,0.0,3,SUR,-0.65,
TQBR,2020-10-02,ВТБ ао,VTBR,32238,665644179.05,0.03374,0.03351,0.0339,0.03373,0.03369,0.033835,19757220000,0.03368,0.03368,0.03373,627673450.2,627673450.2,627673450.2,0.0,3,SUR,-1.21,
TQBR,2020-10-05,ВТБ ао,VTBR,25470,499483503.15,0.03395,0.0336,0.03398,0.033745,0.033735,0.03375,14806130000,0.033735,0.033735,0.033745,462653737.7,462653737.7,462653737.7,0.0,3,SUR,-0.25,
TQBR,2020-10-06,ВТБ ао,VTBR,21787,482216104.45,0.033745,0.033695,0.034065,0.033985,0.033905,0.03379,14221960000,0.033905,0.033905,0.033985,396856240.4,396856240.4,396856240.4,0.0,3,SUR,0.12,
TQBR,2020-10-07,ВТБ ао,VTBR,36303,795693241.3,0.0338,0.03319,0.03395,0.03326,0.0335,0.033405,23753780000,0.03351,0.03351,0.03326,736107237.3,736107237.3,736107237.3,0.0,3,SUR,-1.14,
TQBR,2020-10-08,ВТБ ао,VTBR,25583,618626122.65,0.0334,0.033055,0.033505,0.03344,0.033325,0.033395,18563020000,0.03333,0.03333,0.03344,519408657.65,519408657.65,519408657.65,0.0,3,SUR,-0.03,
TQBR,2020-10-09,ВТБ ао,VTBR,22848,463560004.75,0.033475,0.033005,0.033475,0.03318,0.03322,0.033205,13953360000,0.033225,0.033225,0.03318,434306222.9,434306222.9,434306222.9,0.0,3,SUR,-0.57,
TQBR,2020-10-12,ВТБ ао,VTBR,30738,444534795.55,0.033195,0.033115,0.03354,0.033225,0.03329,0.03323,13353250000,0.033295,0.033295,0.033225,420092525.05,420092525.05,420092525.05,0.0,3,SUR,0.08,
TQBR,2020-10-13,ВТБ ао,VTBR,33367,403061683.7,0.03318,0.032915,0.03338,0.033035,0.033135,0.03304,12164670000,0.03315,0.03315,0.033035,354430676.4,354430676.4,354430676.4,0.0,3,SUR,-0.57,
TQBR,2020-10-14,ВТБ ао,VTBR,25772,425559690.55,0.032965,0.032805,0.033295,0.03324,0.033145,0.033225,12838710000,0.03314,0.03314,0.03324,395735891.65,395735891.65,395735891.65,0.0,3,SUR,0.56,
TQBR,2020-10-15,ВТБ ао,VTBR,41022,819064901.65,0.03312,0.032405,0.033185,0.032595,0.03272,0.032655,25034160000,0.032725,0.032725,0.032595,772341562.05,772341562.05,772341562.05,0.0,3,SUR,-1.72,
TQBR,2020-10-16,ВТБ ао,VTBR,37708,643403969.2,0.0326,0.032005,0.032675,0.032045,0.032245,0.03202,19953610000,0.032265,0.032265,0.032045,573850410.6,573850410.6,573850410.6,0.0,3,SUR,-1.94,
TQBR,2020-10-19,ВТБ ао,VTBR,44214,679118589.25,0.03212,0.031625,0.032295,0.031845,0.03192,0.031725,21276610000,0.03194,0.03194,0.031845,600835100.3,600835100.3,600835100.3,0.0,3,SUR,-0.92,
TQBR,2020-10-20,ВТБ ао,VTBR,100933,3564651813.8,0.0318,0.0315,0.03398,0.033755,0.033155,0.03389,107520980000,0.033085,0.033085,0.033755,3209445797.75,3209445797.75,3209445797.75,0.0,3,SUR,6.82,
TQBR,2020-10-21,ВТБ ао,VTBR,78771,3130467467.45,0.03396,0.033325,0.03467,0.033385,0.034055,0.0336,91922600000,0.034075,0.034075,0.033385,3018306476.65,3018306476.65,3018306476.65,0.0,3,SUR,-0.86,
TQBR,2020-10-22,ВТБ ао,VTBR,66726,2247237088.4,0.0334,0.03325,0.03478,0.034725,0.03423,0.03464,65648000000,0.034205,0.034205,0.034725,2097398757.15,2097398757.15,2097398757.15,0.0,3,SUR,3.1,
TQBR,2020-10-23,ВТБ ао,VTBR,47868,1360727445.2,0.03461,0.03427,0.035145,0.034895,0.03469,0.034785,39225860000,0.034685,0.034685,0.034895,1269492643.8,1269492643.8,1269492643.8,0.0,3,SUR,0.42,
TQBR,2020-10-26,ВТБ ао,VTBR,38983,916579869.15,0.034725,0.033885,0.03473,0.034085,0.03435,0.034115,26684250000,0.034415,0.034415,0.034085,766181404.25,766181404.25,766181404.25,0.0,3,SUR,-1.93,
TQBR,2020-10-27,ВТБ ао,VTBR,33214,802042622.55,0.03416,0.0334,0.034425,0.03353,0.033705,0.033435,23796420000,0.033725,0.033725,0.03353,724334504.7,724334504.7,724334504.7,0.0,3,SUR,-1.99,
TQBR,2020-10-28,ВТБ ао,VTBR,49402,1168649301.35,0.033435,0.0322,0.033435,0.03224,0.03267,0.032225,35777770000,0.032705,0.032705,0.03224,1045477833.6,1045477833.6,1045477833.6,0.0,3,SUR,-3.62,
TQBR,2020-10-29,ВТБ ао,VTBR,43201,1278638819.2,0.03237,0.03205,0.0331,0.0327,0.03255,0.03276,39284930000,0.032525,0.032525,0.0327,1175863991.6,1175863991.6,1175863991.6,0.0,3,SUR,1.66,
TQBR,2020-10-30,ВТБ ао,VTBR,37385,995555086.9,0.032475,0.03222,0.03322,0.032745,0.03277,0.032665,30379460000,0.032785,0.032785,0.032745,914813361.05,914813361.05,914813361.05,0.0,3,SUR,-0.29,
TQBR,2020-11-02,ВТБ ао,VTBR,41850,802454874.8,0.03263,0.0321,0.032915,0.03264,0.03261,0.032865,24608640000,0.03258,0.03258,0.03264,703923187.55,703923187.55,703923187.55,0.0,3,SUR,0.61,
TQBR,2020-11-03,ВТБ ао,VTBR,49270,1133009736.45,0.033,0.032705,0.033295,0.0328,0.032905,0.032955,34418860000,0.03292,0.03292,0.0328,1045959757.2,1045959757.2,1045959757.2,0.0,3,SUR,0.27,
TQBR,2020-11-05,ВТБ ао,VTBR,44745,1353704999.15,0.03342,0.033155,0.03379,0.03366,0.033485,0.033645,40427060000,0.03347,0.03347,0.03366,1207723745.2,1207723745.2,1207723745.2,0.0,3,SUR,2.09,
TQBR,2020-11-06,ВТБ ао,VTBR,33417,787069073.25,0.03357,0.0332,0.033725,0.03369,0.033495,0.033605,23497920000,0.033485,0.033485,0.03369,713959294.6,713959294.6,713959294.6,0.0,3,SUR,-0.12,
TQBR,2020-11-09,ВТБ ао,VTBR,64678,2227259631.9,0.0339,0.033625,0.03462,0.03445,0.03415,0.03439,65190950000,0.034145,0.034145,0.03445,2019628132.85,2019628132.85,2019628132.85,0.0,3,SUR,2.34,
TQBR,2020-11-10,ВТБ ао,VTBR,44041,1254123821.9,0.03438,0.034165,0.034835,0.03474,0.03458,0.03464,36265150000,0.034575,0.034575,0.03474,1172701636.65,1172701636.65,1172701636.65,0.0,3,SUR,0.73,
TQBR,2020-11-11,ВТБ ао,VTBR,53132,2060325108.05,0.03471,0.03412,0.03522,0.034485,0.0348,0.03414,59201710000,0.03484,0.03484,0.034485,1885476351.15,1885476351.15,1885476351.15,0.0,3,SUR,-1.44,
TQBR,2020-11-12,ВТБ ао,VTBR,94215,3855408444.6,0.034,0.03385,0.036605,0.03635,0.03551,0.035935,108567640000,0.03537,0.03537,0.03635,3127365571.0,3127365571.0,3127365571.0,0.0,3,SUR,5.26,
TQBR,2020-11-13,ВТБ ао,VTBR,85041,3921926587.35,0.03593,0.035745,0.03705,0.036725,0.03659,0.0366,107156980000,0.036595,0.036595,0.036725,3592584720.6,3592584720.6,3592584720.6,0.0,3,SUR,1.85,
TQBR,2020-11-16,ВТБ ао,VTBR,72263,3223368638.7,0.03695,0.036605,0.0373,0.0373,0.03698,0.0372,87168040000,0.036965,0.036965,0.0373,2928236644.35,2928236644.35,2928236644.35,0.0,3,SUR,1.64,
TQBR,2020-11-17,ВТБ ао,VTBR,58378,2442726499.35,0.03719,0.0359,0.037245,0.036295,0.03641,0.0362,67093790000,0.036415,0.036415,0.036295,2289216113.9,2289216113.9,2289216113.9,0.0,3,SUR,-2.69,
TQBR,2020-11-18,ВТБ ао,VTBR,41316,1556731630.65,0.03601,0.035435,0.03668,0.036315,0.0363,0.03605,42886420000,0.036305,0.036305,0.036315,1410254360.8,1410254360.8,1410254360.8,0.0,3,SUR,-0.41,
TQBR,2020-11-19,ВТБ ао,VTBR,30375,979565962.05,0.03605,0.03569,0.036265,0.03602,0.03595,0.0361,27247570000,0.035945,0.035945,0.03602,888563936.55,888563936.55,888563936.55,0.0,3,SUR,0.14,
TQBR,2020-11-20,ВТБ ао,VTBR,34238,1261359108.75,0.0361,0.03605,0.036845,0.0364,0.036575,0.036545,34485610000,0.03658,0.03658,0.0364,1193669602.05,1193669602.05,1193669602.05,0.0,3,SUR,1.23,
TQBR,2020-11-23,ВТБ ао,VTBR,36786,1166008128.0,0.03667,0.036255,0.037,0.03648,0.03666,0.03653,31805190000,0.036675,0.036675,0.03648,1075497887.5,1075497887.5,1075497887.5,0.0,3,SUR,-0.04,
TQBR,2020-11-24,ВТБ ао,VTBR,31427,1158534339.9,0.036695,0.036435,0.036995,0.03664,0.03669,0.036935,31575580000,0.036655,0.036655,0.03664,889030363.3,889030363.3,889030363.3,0.0,3,SUR,1.11,
TQBR,2020-11-25,ВТБ ао,VTBR,41858,1897712850.3,0.03694,0.036445,0.03715,0.03676,0.03681,0.03682,51552500000,0.0368,0.0368,0.03676,1521363160.7,1521363160.7,1521363160.7,0.0,3,SUR,-0.31,
TQBR,2020-11-26,ВТБ ао,VTBR,44925,2650035241.4,0.036865,0.0366,0.03744,0.0371,0.0371,0.037,71428160000,0.037105,0.037105,0.0371,2480724737.65,2480724737.65,2480724737.65,0.0,3,SUR,0.49,
TQBR,2020-11-27,ВТБ ао,VTBR,78171,4167522501.85,0.0371,0.036785,0.0382,0.037875,0.037695,0.037765,110563390000,0.037685,0.037685,0.037875,3831537834.4,3831537834.4,3831537834.4,0.0,3,SUR,2.07,
TQBR,2020-11-30,ВТБ ао,VTBR,41594,1668342028.65,0.037705,0.037005,0.03785,0.0374,0.03738,0.03721,44631670000,0.037405,0.037405,0.0374,1500699723.2,1500699723.2,1500699723.2,0.0,3,SUR,-1.47,
TQBR,2020-12-01,ВТБ ао,VTBR,30177,1122499838.35,0.037385,0.03727,0.037825,0.03759,0.037585,0.0377,29865660000,0.03758,0.03758,0.03759,1010708511.15,1010708511.15,1010708511.15,0.0,3,SUR,1.32,
TQBR,2020-12-02,ВТБ ао,VTBR,33399,1257862463.95,0.03755,0.03747,0.03805,0.03792,0.03783,0.03797,33249460000,0.0378,0.0378,0.03792,1027994118.75,1027994118.75,1027994118.75,0.0,3,SUR,0.72,
TQBR,2020-12-03,ВТБ ао,VTBR,41592,1756556529.2,0.03799,0.03734,0.03843,0.037645,0.03786,0.037755,46394130000,0.037875,0.037875,0.037645,1628347997.2,1628347997.2,1628347997.2,0.0,3,SUR,-0.57,
TQBR,2020-12-04,ВТБ ао,VTBR,30317,1515158375.7,0.03784,0.0377,0.0381,0.037925,0.03791,0.037835,39952560000,0.03793,0.03793,0.037925,1363159046.35,1363159046.35,1363159046.35,0.0,3,SUR,0.21,
TQBR,2020-12-07,ВТБ ао,VTBR,37267,976865269.35,0.0378,0.037445,0.037985,0.037645,0.037705,0.03749,25906660000,0.03774,0.03774,0.037645,820553546.7,820553546.7,820553546.7,0.0,3,SUR,-0.91,
TQBR,2020-12-08,ВТБ ао,VTBR,33748,981436821.65,0.037485,0.03705,0.0378,0.037455,0.037455,0.03748,26201790000,0.03746,0.03746,0.037455,882599490.8,882599490.8,882599490.8,0.0,3,SUR,-0.03,
TQBR,2020-12-09,ВТБ ао,VTBR,29561,1176712936.6,0.03753,0.03725,0.03794,0.03751,0.03768,0.03732,31229180000,0.037755,0.037755,0.03751,933653243.25,933653243.25,933653243.25,0.0,3,SUR,-0.43,
TQBR,2020-12-10,ВТБ ао,VTBR,34287,1810475469.6,0.037425,0.03723,0.03814,0.038075,0.037845,0.03803,47836870000,0.037825,0.037825,0.038075,1615267878.6,1615267878.6,1615267878.6,0.0,3,SUR,1.9,
TQBR,2020-12-11,ВТБ ао,VTBR,30725,1357450556.35,0.038075,0.0377,0.03823,0.03782,0.037965,0.037945,35754990000,0.037965,0.037965,0.03782,1223752466.35,1223752466.35,1223752466.35,0.0,3,SUR,-0.22,
TQBR,2020-12-14,ВТБ ао,VTBR,52417,2440398742.0,0.03815,0.0375,0.038695,0.03783,0.038245,0.03783,63805610000,0.03829,0.03829,0.03783,2204488041.65,2204488041.65,2204488041.65,0.0,3,SUR,-0.3,
TQBR,2020-12-15,ВТБ ао,VTBR,35506,1485229388.75,0.037705,0.03761,0.03804,0.03765,0.037815,0.037765,39280020000,0.03782,0.03782,0.03765,1275316325.85,1275316325.85,1275316325.85,0.0,3,SUR,-0.17,
TQBR,2020-12-16,ВТБ ао,VTBR,53942,2466347963.6,0.037825,0.0377,0.0385,0.0382,0.03823,0.038315,64512440000,0.038235,0.038235,0.0382,2340581213.55,2340581213.55,2340581213.55,0.0,3,SUR,1.46,
TQBR,2020-12-17,ВТБ ао,VTBR,46623,1863205630.85,0.03835,0.038005,0.03894,0.03823,0.03853,0.03835,48357600000,0.03855,0.03855,0.03823,1754574078.9,1754574078.9,1754574078.9,0.0,3,SUR,0.09,
TQBR,2020-12-18,ВТБ ао,VTBR,33507,1131062740.1,0.03815,0.037825,0.038365,0.03825,0.038125,0.03815,29665660000,0.03813,0.03813,0.03825,981489491.7,981489491.7,981489491.7,0.0,3,SUR,-0.52,
TQBR,2020-12-21,ВТБ ао,VTBR,53913,2176322548.35,0.03796,0.036515,0.038045,0.03709,0.03717,0.03718,58560480000,0.037165,0.037165,0.03709,2052438792.2,2052438792.2,2052438792.2,0.0,3,SUR,-2.54,
TQBR,2020-12-22,ВТБ ао,VTBR,28672,1036881843.65,0.0369,0.036755,0.03754,0.03732,0.037245,0.037205,27838570000,0.03725,0.03725,0.03732,923396878.5,923396878.5,923396878.5,0.0,3,SUR,0.07,
TQBR,2020-12-23,ВТБ ао,VTBR,31929,1254625383.3,0.037295,0.037155,0.038145,0.0381,0.03773,0.037945,33251380000,0.037695,0.037695,0.0381,1108134871.1,1108134871.1,1108134871.1,0.0,3,SUR,1.99,
TQBR,2020-12-24,ВТБ ао,VTBR,20088,676633066.3,0.03815,0.03767,0.03827,0.037825,0.037865,0.03783,17867390000,0.03787,0.03787,0.037825,645013872.85,645013872.85,645013872.85,0.0,3,SUR,-0.3,
TQBR,2020-12-25,ВТБ ао,VTBR,12859,375853818.6,0.03784,0.0378,0.038075,0.038015,0.03797,0.03795,9899430000,0.037965,0.037965,0.038015,306332722.9,306332722.9,306332722.9,0.0,3,SUR,0.32,
TQBR,2020-12-28,ВТБ ао,VTBR,19906,702235817.5,0.0383,0.0379,0.038315,0.038,0.038085,0.03801,18439690000,0.038085,0.038085,0.038,632835941.0,632835941.0,632835941.0,0.0,3,SUR,0.16,
TQBR,2020-12-29,ВТБ ао,VTBR,21446,630545923.85,0.03818,0.037465,0.03822,0.03789,0.03782,0.037755,16673280000,0.03782,0.03782,0.03789,572341346.6,572341346.6,572341346.6,0.0,3,SUR,-0.67,
TQBR,2020-12-30,ВТБ ао,VTBR,22816,673135445.6,0.03789,0.0375,0.03818,0.0377,0.037865,0.037895,17776870000,0.03784,0.03784,0.0377,462903291.3,462903291.3,462903291.3,0.0,3,SUR,0.37,
TQBR,2021-01-04,ВТБ ао,VTBR,31770,914549701.85,0.0381,0.0378,0.03852,0.03825,0.038195,0.037925,23944330000,0.03824,0.03824,0.03825,755962324.9,755962324.9,755962324.9,0.0,3,SUR,0.08,
TQBR,2021-01-05,ВТБ ао,VTBR,43392,1102082784.3,0.037925,0.037855,0.0386,0.038415,0.038275,0.038445,28792370000,0.03827,0.03827,0.038415,910367084.95,910367084.95,910367084.95,0.0,3,SUR,1.37,
TQBR,2021-01-06,ВТБ ао,VTBR,27592,976682533.55,0.03858,0.03805,0.038595,0.03853,0.03834,0.038235,25475760000,0.03833,0.03833,0.03853,817271554.9,817271554.9,817271554.9,0.0,3,SUR,-0.55,
TQBR,2021-01-08,ВТБ ао,VTBR,40441,1539974457.0,0.038515,0.038445,0.039095,0.03895,0.038835,0.03894,39651860000,0.038835,0.038835,0.03895,1433877522.35,1433877522.35,1433877522.35,0.0,3,SUR,1.84,
TQBR,2021-01-11,ВТБ ао,VTBR,63720,2378880447.55,0.038745,0.03841,0.04005,0.03951,0.03944,0.03989,60323050000,0.039405,0.039405,0.03951,2157690593.85,2157690593.85,2157690593.85,0.0,3,SUR,2.44,
TQBR,2021-01-12,ВТБ ао,VTBR,47074,2009167582.8,0.040045,0.03975,0.04055,0.04012,0.04017,0.040175,50005080000,0.04019,0.04019,0.04012,1835163856.35,1835163856.35,1835163856.35,0.0,3,SUR,0.71,
TQBR,2021-01-13,ВТБ ао,VTBR,35922,1482782022.3,0.0402,0.03951,0.04046,0.0398,0.039955,0.039735,37111550000,0.039975,0.039975,0.0398,1357921862.7,1357921862.7,1357921862.7,0.0,3,SUR,-1.1,
TQBR,2021-01-14,ВТБ ао,VTBR,30026,1058014682.9,0.03979,0.03926,0.0401,0.03982,0.03974,0.039875,26622860000,0.03972,0.03972,0.03982,953898728.3,953898728.3,953898728.3,0.0,3,SUR,0.35,
TQBR,2021-01-15,ВТБ ао,VTBR,77529,3412889454.75,0.039735,0.0392,0.04144,0.03962,0.040515,0.03956,84249390000,0.04063,0.04063,0.03962,3066585453.65,3066585453.65,3066585453.65,0.0,3,SUR,-0.79,
TQBR,2021-01-18,ВТБ ао,VTBR,46042,1531602690.3,0.039375,0.038755,0.03944,0.03903,0.039075,0.03916,39201640000,0.03907,0.03907,0.03903,1447514256.35,1447514256.35,1447514256.35,0.0,3,SUR,-1.01,
TQBR,2021-01-19,ВТБ ао,VTBR,40140,1318168459.75,0.03947,0.03855,0.039475,0.03855,0.03891,0.038645,33876040000,0.038935,0.038935,0.03855,1202200734.7,1202200734.7,1202200734.7,0.0,3,SUR,-1.32,
TQBR,2021-01-20,ВТБ ао,VTBR,27382,961073181.2,0.03868,0.0386,0.03891,0.03882,0.03876,0.03879,24794300000,0.038765,0.038765,0.03882,848860310.6,848860310.6,848860310.6,0.0,3,SUR,0.38,
TQBR,2021-01-21,ВТБ ао,VTBR,41716,1448843543.05,0.03898,0.03779,0.03899,0.0379,0.03825,0.03787,37890030000,0.038285,0.038285,0.0379,1284338748.1,1284338748.1,1284338748.1,0.0,3,SUR,-2.37,
TQBR,2021-01-22,ВТБ ао,VTBR,37378,1250229937.85,0.03765,0.03708,0.03774,0.03747,0.03738,0.03737,33448360000,0.037375,0.037375,0.03747,1143691827.2,1143691827.2,1143691827.2,0.0,3,SUR,-1.32,
TQBR,2021-01-25,ВТБ ао,VTBR,31822,974142948.3,0.0376,0.037405,0.0379,0.03759,0.037675,0.03772,25857840000,0.03768,0.03768,0.03759,893376515.05,893376515.05,893376515.05,0.0,3,SUR,0.94,
TQBR,2021-01-26,ВТБ ао,VTBR,21986,698280481.65,0.03755,0.03735,0.037825,0.03765,0.037615,0.03772,18564990000,0.037605,0.037605,0.03765,619856920.2,619856920.2,619856920.2,0.0,3,SUR,0.0,
TQBR,2021-01-27,ВТБ ао,VTBR,32460,919874911.0,0.0378,0.03702,0.037885,0.037355,0.03744,0.037065,24568050000,0.0375,0.0375,0.037355,759847755.85,759847755.85,759847755.85,0.0,3,SUR,-1.74,
TQBR,2021-01-28,ВТБ ао,VTBR,38792,1257202565.45,0.037,0.0364,0.03732,0.036955,0.03683,0.03709,34129890000,0.036815,0.036815,0.036955,1161382252.75,1161382252.75,1161382252.75,0.0,3,SUR,0.07,
TQBR,2021-01-29,ВТБ ао,VTBR,28157,817805630.7,0.036935,0.03655,0.036955,0.0367,0.036745,0.036635,22255430000,0.036765,0.036765,0.0367,707977102.75,707977102.75,707977102.75,0.0,3,SUR,-1.23,
TQBR,2021-02-01,ВТБ ао,VTBR,29407,770417822.15,0.0368,0.036635,0.037145,0.03665,0.0369,0.036945,20879260000,0.036905,0.036905,0.03665,662546825.65,662546825.65,662546825.65,0.0,3,SUR,0.85,
TQBR,2021-02-02,ВТБ ао,VTBR,31760,1041117519.75,0.0371,0.03685,0.03753,0.03732,0.037265,0.036945,27939660000,0.037295,0.037295,0.03732,876086364.7,876086364.7,876086364.7,0.0,3,SUR,0.0,
TQBR,2021-02-03,ВТБ ао,VTBR,26505,837304980.0,0.03714,0.03675,0.037375,0.03675,0.037025,0.037,22615290000,0.03704,0.03704,0.03675,722065925.05,722065925.05,722065925.05,0.0,3,SUR,0.15,
TQBR,2021-02-04,ВТБ ао,VTBR,22315,686291993.65,0.03692,0.03692,0.0374,0.037265,0.03724,0.03738,18429970000,0.03723,0.03723,0.037265,613244834.5,613244834.5,613244834.5,0.0,3,SUR,1.03,
TQBR,2021-02-05,ВТБ ао,VTBR,32514,1125067185.6,0.037455,0.037315,0.038075,0.037835,0.037765,0.037885,29792610000,0.037755,0.037755,0.037835,1048990486.2,1048990486.2,1048990486.2,0.0,3,SUR,1.35,
TQBR,2021-02-08,ВТБ ао,VTBR,28058,767367746.75,0.03802,0.03802,0.03834,0.038295,0.03817,0.038285,20104930000,0.03816,0.03816,0.038295,694863586.75,694863586.75,694863586.75,0.0,3,SUR,1.06,
TQBR,2021-02-09,ВТБ ао,VTBR,29723,954871787.6,0.0384,0.03759,0.038425,0.03771,0.03793,0.037805,25175230000,0.03794,0.03794,0.03771,892443538.5,892443538.5,892443538.5,0.0,3,SUR,-1.25,
TQBR,2021-02-10,ВТБ ао,VTBR,24898,634835427.2,0.03785,0.03728,0.03807,0.037445,0.03764,0.03737,16866700000,0.037655,0.037655,0.037445,582045835.3,582045835.3,582045835.3,0.0,3,SUR,-1.15,
TQBR,2021-02-11,ВТБ ао,VTBR,23128,458692068.5,0.0374,0.037235,0.03773,0.037665,0.03749,0.03747,12237700000,0.03748,0.03748,0.037665,404124337.55,404124337.55,404124337.55,0.0,3,SUR,0.27,
TQBR,2021-02-12,ВТБ ао,VTBR,26582,750798193.1,0.037315,0.036945,0.03769,0.03735,0.037275,0.037685,20143020000,0.037215,0.037215,0.03735,611426808.15,611426808.15,611426808.15,0.0,3,SUR,0.57,
TQBR,2021-02-15,ВТБ ао,VTBR,31302,812603874.75,0.03784,0.03775,0.038145,0.03804,0.037925,0.03808,21421400000,0.03792,0.03792,0.03804,739483541.9,739483541.9,739483541.9,0.0,3,SUR,1.05,
TQBR,2021-02-16,ВТБ ао,VTBR,25597,595782198.05,0.03815,0.0377,0.038225,0.03777,0.037875,0.03789,15731190000,0.037875,0.037875,0.03777,525393672.75,525393672.75,525393672.75,0.0,3,SUR,-0.5,
TQBR,2021-02-17,ВТБ ао,VTBR,28604,886071011.6,0.037855,0.03738,0.0383,0.03743,0.03785,0.03768,23409080000,0.037915,0.037915,0.03743,749785660.75,749785660.75,749785660.75,0.0,3,SUR,-0.55,
TQBR,2021-02-18,ВТБ ао,VTBR,40056,956090032.4,0.037735,0.036755,0.037735,0.036755,0.03718,0.03694,25715150000,0.037205,0.037205,0.036755,864407916.3,864407916.3,864407916.3,0.0,3,SUR,-1.96,
TQBR,2021-02-19,ВТБ ао,VTBR,28854,767723151.1,0.036805,0.036715,0.037465,0.03723,0.037135,0.03738,20674660000,0.037115,0.037115,0.03723,681970756.25,681970756.25,681970756.25,0.0,3,SUR,1.19,
TQBR,2021-02-20,ВТБ ао,VTBR,12813,115458940.1,0.03729,0.03715,0.03738,0.0372,0.037265,0.03731,3098180000,0.03726,0.03726,0.0372,97900060.0,97900060.0,97900060.0,0.0,3,SUR,-0.19,
TQBR,2021-02-22,ВТБ ао,VTBR,24212,385149085.0,0.037465,0.03697,0.037625,0.0372,0.037255,0.03735,10337580000,0.037235,0.037235,0.0372,331164669.15,331164669.15,331164669.15,0.0,3,SUR,0.11,
TQBR,2021-02-24,ВТБ ао,VTBR,31712,620352413.25,0.0372,0.03711,0.03758,0.03712,0.037335,0.03748,16615080000,0.037335,0.037335,0.03712,534042595.6,534042595.6,534042595.6,0.0,3,SUR,0.35,
TQBR,2021-02-25,ВТБ ао,VTBR,48095,1379203784.1,0.03755,0.037325,0.0381,0.03775,0.037835,0.037415,36458160000,0.037865,0.037865,0.03775,1227020998.05,1227020998.05,1227020998.05,0.0,3,SUR,-0.17,
TQBR,2021-02-26,ВТБ ао,VTBR,35855,1250288399.65,0.03728,0.03696,0.03772,0.03698,0.037245,0.037075,33570090000,0.037265,0.037265,0.03698,1133120377.55,1133120377.55,1133120377.55,0.0,3,SUR,-0.91,
TQBR,2021-03-01,ВТБ ао,VTBR,32514,549488887.1,0.037255,0.037215,0.03746,0.037335,0.03733,0.037385,14719430000,0.037325,0.037325,0.037335,441651379.9,441651379.9,441651379.9,0.0,3,SUR,0.84,
TQBR,2021-03-02,ВТБ ао,VTBR,31100,739432957.75,0.037295,0.037125,0.03773,0.0375,0.03747,0.037605,19735210000,0.03746,0.03746,0.0375,681775027.7,681775027.7,681775027.7,0.0,3,SUR,0.59,
TQBR,2021-03-03,ВТБ ао,VTBR,36243,968477720.8,0.03777,0.0373,0.038085,0.03746,0.037705,0.037445,25685690000,0.037725,0.037725,0.03746,882987130.75,882987130.75,882987130.75,0.0,3,SUR,-0.43,
TQBR,2021-03-04,ВТБ ао,VTBR,39986,1166908643.45,0.03748,0.03685,0.037755,0.037425,0.037385,0.036975,31210100000,0.03743,0.03743,0.037425,829719565.65,829719565.65,829719565.65,0.0,3,SUR,-1.26,
TQBR,2021-03-05,ВТБ ао,VTBR,34112,965358936.35,0.037165,0.036965,0.0376,0.03741,0.03728,0.03759,25894490000,0.03725,0.03725,0.03741,822139282.5,822139282.5,822139282.5,0.0,3,SUR,1.66,
TQBR,2021-03-09,ВТБ ао,VTBR,67597,1564733742.3,0.03764,0.037595,0.038635,0.038255,0.03825,0.038465,40891710000,0.03826,0.03826,0.038255,1482735651.7,1482735651.7,1482735651.7,0.0,3,SUR,2.33,
TQBR,2021-03-10,ВТБ ао,VTBR,45355,1017655078.95,0.0383,0.038085,0.03909,0.03819,0.03851,0.03831,26424890000,0.03853,0.03853,0.03819,958388002.0,958388002.0,958388002.0,0.0,3,SUR,-0.4,
TQBR,2021-03-11,ВТБ ао,VTBR,40946,943072376.55,0.03847,0.037815,0.038655,0.038185,0.038125,0.038265,24737460000,0.038115,0.038115,0.038185,860321635.65,860321635.65,860321635.65,0.0,3,SUR,-0.12,
TQBR,2021-03-12,ВТБ ао,VTBR,31164,489787465.6,0.03828,0.037975,0.038295,0.03821,0.03811,0.038175,12851650000,0.038105,0.038105,0.03821,443423509.5,443423509.5,443423509.5,0.0,3,SUR,-0.24,
TQBR,2021-03-15,ВТБ ао,VTBR,55907,884248367.1,0.0383,0.038205,0.0388,0.038335,0.0385,0.03857,22968780000,0.038495,0.038495,0.038335,786753377.95,786753377.95,786753377.95,0.0,3,SUR,1.03,
TQBR,2021-03-16,ВТБ ао,VTBR,41464,741630750.35,0.03849,0.0383,0.03892,0.03879,0.038615,0.038765,19205050000,0.0386,0.0386,0.03879,670913797.55,670913797.55,670913797.55,0.0,3,SUR,0.51,
TQBR,2021-03-17,ВТБ ао,VTBR,45416,1003166104.35,0.03871,0.037845,0.038825,0.0381,0.038265,0.038215,26216840000,0.03827,0.03827,0.0381,909302061.1,909302061.1,909302061.1,0.0,3,SUR,-1.42,
TQBR,2021-03-18,ВТБ ао,VTBR,49725,1000124956.25,0.03833,0.037445,0.03845,0.038185,0.03807,0.03761,26270740000,0.03816,0.03816,0.038185,787730421.7,787730421.7,787730421.7,0.0,3,SUR,-1.58,
TQBR,2021-03-19,ВТБ ао,VTBR,38011,1051531956.3,0.03765,0.03742,0.03803,0.03791,0.037835,0.03785,27791790000,0.037845,0.037845,0.03791,942110646.65,942110646.65,942110646.65,0.0,3,SUR,0.64,
TQBR,2021-03-22,ВТБ ао,VTBR,54404,1131362183.55,0.03788,0.03772,0.0386,0.03824,0.038275,0.03816,29558520000,0.038275,0.038275,0.03824,1081290632.4,1081290632.4,1081290632.4,0.0,3,SUR,0.82,
TQBR,2021-03-23,ВТБ ао,VTBR,57170,873355001.85,0.03809,0.037625,0.03829,0.037995,0.038005,0.0378,22980950000,0.03803,0.03803,0.037995,754849866.0,754849866.0,754849866.0,0.0,3,SUR,-0.94,
TQBR,2021-03-24,ВТБ ао,VTBR,43029,524531222.8,0.03799,0.037815,0.038195,0.03804,0.03801,0.037915,13796240000,0.03802,0.03802,0.03804,462769841.55,462769841.55,462769841.55,0.0,3,SUR,0.3,
TQBR,2021-03-25,ВТБ ао,VTBR,54830,526069486.3,0.03792,0.03767,0.038165,0.0378,0.03791,0.03805,13874130000,0.03791,0.03791,0.0378,481068864.5,481068864.5,481068864.5,0.0,3,SUR,0.36,
TQBR,2021-03-26,ВТБ ао,VTBR,60303,462474451.0,0.0381,0.0381,0.03846,0.038165,0.03826,0.03838,12087100000,0.03825,0.03825,0.038165,394427650.45,394427650.45,394427650.45,0.0,3,SUR,0.87,
TQBR,2021-03-29,ВТБ ао,VTBR,81036,969284230.6,0.03833,0.038135,0.0389,0.038615,0.038665,0.038785,25068860000,0.03866,0.03866,0.038615,919465767.5,919465767.5,919465767.5,0.0,3,SUR,1.06,
TQBR,2021-03-30,ВТБ ао,VTBR,76999,1429378991.5,0.03895,0.03885,0.039935,0.039845,0.039315,0.03986,36327050000,0.03927,0.03927,0.039845,1217472651.65,1217472651.65,1217472651.65,0.0,3,SUR,2.77,
TQBR,2021-03-31,ВТБ ао,VTBR,206176,7675764069.9,0.039915,0.03985,0.04289,0.04263,0.041785,0.042715,183384400000,0.041825,0.041825,0.04263,7247212900.95,7247212900.95,7247212900.95,0.0,3,SUR,7.16,
TQBR,2021-04-01,ВТБ ао,VTBR,114141,4027067778.45,0.043,0.0423,0.043635,0.04254,0.04292,0.04258,93832880000,0.042935,0.042935,0.04254,3838222860.3,3838222860.3,3838222860.3,0.0,3,SUR,-0.32,
TQBR,2021-04-02,ВТБ ао,VTBR,55735,1649323250.3,0.04281,0.04207,0.043175,0.042765,0.042655,0.042855,38690610000,0.042615,0.042615,0.042765,1534658388.95,1534658388.95,1534658388.95,0.0,3,SUR,0.65,
TQBR,2021-04-05,ВТБ ао,VTBR,102645,3135339260.0,0.04286,0.042725,0.04443,0.044245,0.04373,0.044375,71705980000,0.043665,0.043665,0.044245,2803325874.4,2803325874.4,2803325874.4,0.0,3,SUR,3.55,
TQBR,2021-04-06,ВТБ ао,VTBR,102225,4229155126.55,0.044485,0.04283,0.044935,0.04341,0.043955,0.0429,96213900000,0.04405,0.04405,0.04341,3825048719.55,3825048719.55,3825048719.55,0.0,3,SUR,-3.32,
TQBR,2021-04-07,ВТБ ао,VTBR,67915,2451176541.1,0.0429,0.042675,0.0444,0.044,0.04376,0.0441,56021740000,0.04374,0.04374,0.044,2309957318.6,2309957318.6,2309957318.6,0.0,3,SUR,2.8,
TQBR,2021-04-08,ВТБ ао,VTBR,62222,2242377307.2,0.04438,0.043865,0.04498,0.04407,0.04451,0.044055,50377450000,0.04454,0.04454,0.04407,2106300541.25,2106300541.25,2106300541.25,0.0,3,SUR,-0.1,
TQBR,2021-04-09,ВТБ ао,VTBR,42610,1340874350.3,0.04406,0.0434,0.044145,0.043675,0.043685,0.04375,30692520000,0.04369,0.04369,0.043675,1256060468.0,1256060468.0,1256060468.0,0.0,3,SUR,-0.69,
TQBR,2021-04-12,ВТБ ао,VTBR,47705,1211060413.0,0.043615,0.04335,0.0445,0.04404,0.04403,0.04402,27505520000,0.04403,0.04403,0.04404,1140413509.55,1140413509.55,1140413509.55,0.0,3,SUR,0.62,
TQBR,2021-04-13,ВТБ ао,VTBR,64859,2491209752.55,0.04427,0.044165,0.0455,0.045365,0.04495,0.04548,55400560000,0.044895,0.044895,0.045365,2086899738.2,2086899738.2,2086899738.2,0.0,3,SUR,3.32,
TQBR,2021-04-14,ВТБ ао,VTBR,92923,3875319349.95,0.04572,0.045625,0.04718,0.047,0.046545,0.04676,83229210000,0.04654,0.04654,0.047,3533044960.75,3533044960.75,3533044960.75,0.0,3,SUR,2.81,
TQBR,2021-04-15,ВТБ ао,VTBR,53865,1833631668.15,0.0459,0.045645,0.046705,0.046425,0.04628,0.046355,39619790000,0.046275,0.046275,0.046425,1716503286.6,1716503286.6,1716503286.6,0.0,3,SUR,-0.87,
TQBR,2021-04-16,ВТБ ао,VTBR,69770,2461879412.85,0.046755,0.046565,0.04754,0.04746,0.04711,0.047475,52252950000,0.047085,0.047085,0.04746,2205607080.75,2205607080.75,2205607080.75,0.0,3,SUR,2.42,
TQBR,2021-04-19,ВТБ ао,VTBR,71080,2524982507.85,0.0476,0.04635,0.0478,0.046675,0.04684,0.04642,53903270000,0.046865,0.046865,0.046675,2354472680.8,2354472680.8,2354472680.8,0.0,3,SUR,-2.22,
TQBR,2021-04-20,ВТБ ао,VTBR,134104,6479612496.7,0.046675,0.045925,0.0482,0.046305,0.047335,0.046825,136890110000,0.04738,0.04738,0.046305,6070923202.35,6070923202.35,6070923202.35,0.0,3,SUR,0.87,
TQBR,2021-04-21,ВТБ ао,VTBR,71317,3209997095.3,0.046765,0.046495,0.04795,0.047495,0.047355,0.04786,67800970000,0.047295,0.047295,0.047495,2883025944.05,2883025944.05,2883025944.05,0.0,3,SUR,2.21,
TQBR,2021-04-22,ВТБ ао,VTBR,52976,2736606379.55,0.048,0.04722,0.04827,0.04818,0.04786,0.048,57180210000,0.04785,0.04785,0.04818,2572272408.25,2572272408.25,2572272408.25,0.0,3,SUR,0.29,
TQBR,2021-04-23,ВТБ ао,VTBR,161276,9618114231.5,0.04816,0.048095,0.0515,0.0515,0.050035,0.05136,192194760000,0.04993,0.04993,0.0515,8686755068.55,8686755068.55,8686755068.55,0.0,3,SUR,7.0,
TQBR,2021-04-26,ВТБ ао,VTBR,114088,5530143987.8,0.0518,0.05041,0.05216,0.05173,0.05148,0.051315,107433310000,0.051475,0.051475,0.05173,5262169007.25,5262169007.25,5262169007.25,0.0,3,SUR,-0.09,
TQBR,2021-04-27,ВТБ ао,VTBR,55186,3058009272.65,0.051315,0.05088,0.05177,0.0513,0.051225,0.051295,59692860000,0.05122,0.05122,0.0513,2861754552.2,2861754552.2,2861754552.2,0.0,3,SUR,-0.04,
TQBR,2021-04-28,ВТБ ао,VTBR,67114,3647054899.65,0.0517,0.05014,0.05172,0.0503,0.050625,0.05033,72041480000,0.05064,0.05064,0.0503,3443379618.3,3443379618.3,3443379618.3,0.0,3,SUR,-1.88,
TQBR,2021-04-29,ВТБ ао,VTBR,75370,3340622250.35,0.05062,0.04945,0.05124,0.0499,0.050095,0.05001,66675490000,0.05011,0.05011,0.0499,3201384117.15,3201384117.15,3201384117.15,0.0,3,SUR,-0.64,
TQBR,2021-04-30,ВТБ ао,VTBR,65142,3727843057.2,0.049825,0.049555,0.05168,0.05142,0.05061,0.0516,73640960000,0.050565,0.050565,0.05142,3495858868.1,3495858868.1,3495858868.1,0.0,3,SUR,3.18,
TQBR,2021-05-04,ВТБ ао,VTBR,149053,7728791695.4,0.05189,0.05172,0.0549,0.054295,0.05353,0.054695,144393170000,0.053485,0.053485,0.054295,7374909995.4,7374909995.4,7374909995.4,0.0,3,SUR,6.0,
TQBR,2021-05-05,ВТБ ао,VTBR,91514,4150192288.6,0.05483,0.05353,0.055655,0.05418,0.05439,0.054125,76302090000,0.054405,0.054405,0.05418,4000342676.85,4000342676.85,4000342676.85,0.0,3,SUR,-1.04,
TQBR,2021-05-06,ВТБ ао,VTBR,45066,2053865525.4,0.0542,0.053565,0.054845,0.05428,0.054095,0.054285,37973130000,0.05407,0.05407,0.05428,1814685085.0,1814685085.0,1814685085.0,0.0,3,SUR,0.3,
TQBR,2021-05-07,ВТБ ао,VTBR,59370,3031816023.2,0.054495,0.05242,0.05455,0.05269,0.053255,0.052725,56926980000,0.053305,0.053305,0.05269,2789860176.15,2789860176.15,2789860176.15,0.0,3,SUR,-2.87,
TQBR,2021-05-10,ВТБ ао,VTBR,71343,3330038221.75,0.053,0.05022,0.053195,0.050845,0.051275,0.050895,64939230000,0.051305,0.051305,0.050845,2925630339.95,2925630339.95,2925630339.95,0.0,3,SUR,-3.47,
TQBR,2021-05-11,ВТБ ао,VTBR,85625,4373764469.8,0.0507,0.0495,0.05164,0.04989,0.05012,0.04958,87188320000,0.05021,0.05021,0.04989,3953317756.45,3953317756.45,3953317756.45,0.0,3,SUR,-2.58,
TQBR,2021-05-12,ВТБ ао,VTBR,93924,4195138592.8,0.04985,0.048405,0.0501,0.0487,0.049345,0.048605,85049780000,0.04937,0.04937,0.0487,3938680628.35,3938680628.35,3938680628.35,0.0,3,SUR,-1.97,
TQBR,2021-05-13,ВТБ ао,VTBR,72096,3917015345.65,0.048725,0.04857,0.05126,0.049885,0.049875,0.051055,78539940000,0.04964,0.04964,0.049885,3070548126.4,3070548126.4,3070548126.4,0.0,3,SUR,5.04,
TQBR,2021-05-14,ВТБ ао,VTBR,51207,2784527867.45,0.0513,0.0496,0.05155,0.050285,0.050335,0.050075,55320760000,0.05034,0.05034,0.050285,2610038162.95,2610038162.95,2610038162.95,0.0,3,SUR,-1.92,
TQBR,2021-05-17,ВТБ ао,VTBR,105480,5110050242.5,0.050325,0.047765,0.050335,0.0479,0.048455,0.04796,105454970000,0.048535,0.048535,0.0479,4364224416.85,4364224416.85,4364224416.85,0.0,3,SUR,-4.22,
TQBR,2021-05-18,ВТБ ао,VTBR,190644,10248373083.45,0.04815,0.0456,0.04858,0.04696,0.046805,0.04567,218991330000,0.04729,0.04729,0.04696,5993452672.5,5993452672.5,5993452672.5,0.0,3,SUR,-4.77,
TQBR,2021-05-19,ВТБ ао,VTBR,245699,15849709378.85,0.0452,0.04411,0.04742,0.0446,0.045,0.0453,347106250000,0.04569,0.04569,0.0446,15199576008.25,15199576008.25,15199576008.25,0.0,3,SUR,-0.81,
TQBR,2021-05-20,ВТБ ао,VTBR,122153,6642965877.8,0.04549,0.04477,0.04667,0.04591,0.045945,0.04632,144574730000,0.045935,0.045935,0.04591,6281148364.2,6281148364.2,6281148364.2,0.0,3,SUR,2.25,
TQBR,2021-05-21,ВТБ ао,VTBR,74231,3856620290.3,0.04644,0.04516,0.04644,0.0455,0.045685,0.045605,84414040000,0.0457,0.0457,0.0455,3427997368.6,3427997368.6,3427997368.6,0.0,3,SUR,-1.54,
TQBR,2021-05-24,ВТБ ао,VTBR,58175,2405427829.45,0.04581,0.045145,0.046075,0.04524,0.04561,0.045415,52735090000,0.04563,0.04563,0.04524,2247161101.35,2247161101.35,2247161101.35,0.0,3,SUR,-0.42,
TQBR,2021-05-25,ВТБ ао,VTBR,42924,1986310519.8,0.04545,0.04515,0.045655,0.045435,0.045405,0.04536,43748190000,0.0454,0.0454,0.045435,1865590644.15,1865590644.15,1865590644.15,0.0,3,SUR,-0.12,
TQBR,2021-05-26,ВТБ ао,VTBR,135312,8034090627.05,0.045595,0.045515,0.04777,0.047155,0.047025,0.047485,170850510000,0.047,0.047,0.047155,7457958376.55,7457958376.55,7457958376.55,0.0,3,SUR,4.68,
TQBR,2021-05-27,ВТБ ао,VTBR,146657,9142050479.55,0.04742,0.04682,0.04919,0.048865,0.048265,0.048695,189409920000,0.048245,0.048245,0.048865,8603018501.9,8603018501.9,8603018501.9,0.0,3,SUR,2.55,
TQBR,2021-05-28,ВТБ ао,VTBR,60858,2619067887.5,0.04889,0.04783,0.04909,0.04838,0.04835,0.048395,54170000000,0.048345,0.048345,0.04838,2395117480.35,2395117480.35,2395117480.35,0.0,3,SUR,-0.62,
TQBR,2021-05-31,ВТБ ао,VTBR,44469,1899605032.3,0.0484,0.0484,0.04897,0.048645,0.04873,0.04875,38982240000,0.04873,0.04873,0.048645,1767879749.45,1767879749.45,1767879749.45,0.0,3,SUR,0.73,
TQBR,2021-06-01,ВТБ ао,VTBR,93878,4992632809.05,0.0489,0.04875,0.05005,0.049245,0.049575,0.04955,100717070000,0.04958,0.04958,0.049245,4770072449.65,4770072449.65,4770072449.65,0.0,3,SUR,1.64,
TQBR,2021-06-02,ВТБ ао,VTBR,59685,2961136208.3,0.0496,0.04886,0.049945,0.04985,0.0495,0.04992,59829540000,0.04945,0.04945,0.04985,2593227226.25,2593227226.25,2593227226.25,0.0,3,SUR,0.75,
TQBR,2021-06-03,ВТБ ао,VTBR,61581,2977639544.6,0.050095,0.048915,0.050295,0.0494,0.04953,0.049385,60119670000,0.049545,0.049545,0.0494,2763387419.25,2763387419.25,2763387419.25,0.0,3,SUR,-1.07,
TQBR,2021-06-04,ВТБ ао,VTBR,66007,3824352047.4,0.049435,0.04786,0.049445,0.0487,0.0485,0.048615,78832000000,0.0485,0.0485,0.0487,3618365279.65,3618365279.65,3618365279.65,0.0,3,SUR,-1.56,
TQBR,2021-06-07,ВТБ ао,VTBR,38421,1607867872.6,0.0484,0.048305,0.04906,0.048915,0.04901,0.048795,32929330000,0.04883,0.04883,0.048915,1434231601.7,1434231601.7,1434231601.7,0.0,3,SUR,0.37,
TQBR,2021-06-08,ВТБ ао,VTBR,65213,3818549779.65,0.048605,0.04859,0.0501,0.049755,0.04959,0.05,77005920000,0.04956,0.04956,0.049755,3460372762.55,3460372762.55,3460372762.55,0.0,3,SUR,2.47,
TQBR,2021-06-09,ВТБ ао,VTBR,77094,3942199468.4,0.050065,0.050025,0.051195,0.051025,0.05074,0.051165,77691190000,0.050705,0.050705,0.051025,3572911601.8,3572911601.8,3572911601.8,0.0,3,SUR,2.33,
TQBR,2021-06-10,ВТБ ао,VTBR,54073,2592656377.25,0.0512,0.05003,0.05136,0.05021,0.05055,0.05026,51286000000,0.05059,0.05059,0.05021,2326326386.75,2326326386.75,2326326386.75,0.0,3,SUR,-1.77,
TQBR,2021-06-11,ВТБ ао,VTBR,45999,2318222535.95,0.050425,0.04994,0.05096,0.05068,0.050465,0.050405,45933680000,0.050465,0.050465,0.05068,2140477205.6,2140477205.6,2140477205.6,0.0,3,SUR,0.29,
TQBR,2021-06-14,ВТБ ао,VTBR,37199,1537333909.4,0.05049,0.0498,0.050745,0.04997,0.05016,0.049935,30648930000,0.050185,0.050185,0.04997,1342314342.55,1342314342.55,1342314342.55,0.0,3,SUR,-0.93,
TQBR,2021-06-15,ВТБ ао,VTBR,58193,2838516784.8,0.05,0.048805,0.050295,0.04919,0.049505,0.049165,57347290000,0.04953,0.04953,0.04919,2598196070.25,2598196070.25,2598196070.25,0.0,3,SUR,-1.54,
TQBR,2021-06-16,ВТБ ао,VTBR,76576,3503729000.6,0.049175,0.047895,0.04962,0.0486,0.04871,0.04838,71934460000,0.04893,0.04893,0.0486,2418040447.15,2418040447.15,2418040447.15,0.0,3,SUR,-1.6,
TQBR,2021-06-17,ВТБ ао,VTBR,74407,2930300662.15,0.048185,0.04778,0.04872,0.0487,0.048285,0.04846,60685940000,0.04827,0.04827,0.0487,2733959174.4,2733959174.4,2733959174.4,0.0,3,SUR,0.17,
TQBR,2021-06-18,ВТБ ао,VTBR,68144,3509611042.7,0.04844,0.0472,0.04848,0.04735,0.04755,0.047345,73770400000,0.04758,0.04758,0.04735,3246950960.65,3246950960.65,3246950960.65,0.0,3,SUR,-2.3,
TQBR,2021-06-21,ВТБ ао,VTBR,58065,2811766050.0,0.04719,0.0467,0.0485,0.048055,0.04766,0.048265,58898120000,0.047705,0.047705,0.048055,2604955893.4,2604955893.4,2604955893.4,0.0,3,SUR,1.94,
TQBR,2021-06-22,ВТБ ао,VTBR,38645,1880762297.45,0.048505,0.0479,0.04863,0.047905,0.04816,0.048225,39051460000,0.048165,0.048165,0.047905,1688005303.4,1688005303.4,1688005303.4,0.0,3,SUR,-0.08,
TQBR,2021-06-23,ВТБ ао,VTBR,28894,1390231461.45,0.048335,0.047935,0.04861,0.0483,0.048265,0.048225,28804040000,0.048265,0.048265,0.0483,1305884348.95,1305884348.95,1305884348.95,0.0,3,SUR,0.0,
TQBR,2021-06-24,ВТБ ао,VTBR,49666,2551546964.05,0.04839,0.04804,0.049215,0.04843,0.0487,0.0485,52390430000,0.048715,0.048715,0.04843,2423888758.55,2423888758.55,2423888758.55,0.0,3,SUR,0.57,
TQBR,2021-06-25,ВТБ ао,VTBR,26294,1061956677.4,0.04865,0.048305,0.04894,0.04853,0.048605,0.048635,21849120000,0.048605,0.048605,0.04853,952863363.15,952863363.15,952863363.15,0.0,3,SUR,0.28,
TQBR,2021-06-28,ВТБ ао,VTBR,51022,2842800382.0,0.048835,0.04633,0.049725,0.04955,0.04925,0.04961,57720800000,0.049315,0.049315,0.04955,2080535127.05,2080535127.05,2080535127.05,0.0,3,SUR,2.0,
TQBR,2021-06-29,ВТБ ао,VTBR,46117,2541964951.8,0.049505,0.04815,0.0496,0.04863,0.04872,0.04866,52177930000,0.04872,0.04872,0.04863,2427542493.95,2427542493.95,2427542493.95,0.0,3,SUR,-1.91,
TQBR,2021-06-30,ВТБ ао,VTBR,59145,3648421831.1,0.0488,0.0476,0.04898,0.0484,0.048155,0.048475,75766760000,0.04814,0.04814,0.0484,3518780835.25,3518780835.25,3518780835.25,0.0,3,SUR,-0.38,
TQBR,2021-07-01,ВТБ ао,VTBR,44226,1970532578.5,0.048565,0.04849,0.0491,0.04895,0.048845,0.048915,40345760000,0.048835,0.048835,0.04895,1835136878.45,1835136878.45,1835136878.45,0.0,3,SUR,0.91,
TQBR,2021-07-02,ВТБ ао,VTBR,25234,1069111892.0,0.0489,0.04855,0.04901,0.048745,0.048745,0.04877,21938710000,0.048735,0.048735,0.048745,975656076.1,975656076.1,975656076.1,0.0,3,SUR,-0.3,
TQBR,2021-07-05,ВТБ ао,VTBR,63280,3268434049.0,0.0489,0.04871,0.050775,0.05016,0.049875,0.050545,65528040000,0.04967,0.04967,0.05016,2460981381.7,2460981381.7,2460981381.7,0.0,3,SUR,3.64,
TQBR,2021-07-06,ВТБ ао,VTBR,56387,3093586080.4,0.05072,0.049105,0.050875,0.0493,0.04981,0.04948,62108580000,0.049875,0.049875,0.0493,2736102800.3,2736102800.3,2736102800.3,0.0,3,SUR,-2.11,
TQBR,2021-07-07,ВТБ ао,VTBR,49605,2398787534.6,0.04969,0.049065,0.04993,0.0493,0.049475,0.0494,48489490000,0.04948,0.04948,0.0493,2207458434.7,2207458434.7,2207458434.7,0.0,3,SUR,-0.16,
TQBR,2021-07-08,ВТБ ао,VTBR,42723,2208651135.05,0.0491,0.0484,0.049165,0.048415,0.0487,0.048695,45351200000,0.048705,0.048705,0.048415,1999118649.9,1999118649.9,1999118649.9,0.0,3,SUR,-1.43,
TQBR,2021-07-09,ВТБ ао,VTBR,34697,1672078669.6,0.0488,0.04842,0.049175,0.04882,0.04887,0.048995,34227330000,0.048845,0.048845,0.04882,1553557546.5,1553557546.5,1553557546.5,0.0,3,SUR,0.62,
TQBR,2021-07-12,ВТБ ао,VTBR,40046,1519851915.35,0.049175,0.048555,0.0493,0.049055,0.048915,0.04889,31075510000,0.048905,0.048905,0.049055,1377106269.9,1377106269.9,1377106269.9,0.0,3,SUR,-0.21,
TQBR,2021-07-13,ВТБ ао,VTBR,36971,1778965278.0,0.048995,0.04812,0.049055,0.04838,0.04851,0.048225,36670960000,0.04856,0.04856,0.04838,1441691157.55,1441691157.55,1441691157.55,0.0,3,SUR,-1.36,
TQBR,2021-07-14,ВТБ ао,VTBR,51522,1864525244.45,0.04706,0.04692,0.047475,0.0473,0.04731,0.04731,39409070000,0.04731,0.04731,0.0473,1757215202.2,1757215202.2,1757215202.2,0.0,3,SUR,-1.9,
TQBR,2021-07-15,ВТБ ао,VTBR,47617,1811872666.15,0.0473,0.04688,0.04785,0.0473,0.04746,0.04719,38177880000,0.047475,0.047475,0.0473,1678444705.75,1678444705.75,1678444705.75,0.0,3,SUR,-0.25,
TQBR,2021-07-16,ВТБ ао,VTBR,36670,1597211476.15,0.04719,0.04706,0.04775,0.0474,0.04742,0.04725,33683490000,0.047425,0.047425,0.0474,1454662449.3,1454662449.3,1454662449.3,0.0,3,SUR,0.13,
TQBR,2021-07-19,ВТБ ао,VTBR,53743,2932712183.75,0.0471,0.045685,0.047215,0.0458,0.046315,0.046,63337240000,0.04634,0.04634,0.0458,2699083555.25,2699083555.25,2699083555.25,0.0,3,SUR,-2.65,
TQBR,2021-07-20,ВТБ ао,VTBR,37205,1699677778.8,0.04611,0.0458,0.046525,0.046,0.04619,0.04625,36798070000,0.04619,0.04619,0.046,1529751536.6,1529751536.6,1529751536.6,0.0,3,SUR,0.54,
TQBR,2021-07-21,ВТБ ао,VTBR,28937,1146940930.55,0.04625,0.04601,0.047,0.0467,0.04641,0.04693,24714140000,0.04634,0.04634,0.0467,973707051.5,973707051.5,973707051.5,0.0,3,SUR,1.47,
TQBR,2021-07-22,ВТБ ао,VTBR,34532,1387944055.15,0.047005,0.046595,0.04741,0.04671,0.046975,0.04676,29547310000,0.04698,0.04698,0.04671,1334127501.55,1334127501.55,1334127501.55,0.0,3,SUR,-0.36,
TQBR,2021-07-23,ВТБ ао,VTBR,32675,1163916471.75,0.046905,0.04653,0.047045,0.0467,0.046795,0.046735,24867690000,0.046805,0.046805,0.0467,1100845925.9,1100845925.9,1100845925.9,0.0,3,SUR,-0.05,
TQBR,2021-07-26,ВТБ ао,VTBR,37792,1515899690.6,0.04651,0.046325,0.046785,0.046345,0.046525,0.04658,32573620000,0.04654,0.04654,0.046345,1368176501.85,1368176501.85,1368176501.85,0.0,3,SUR,-0.33,
TQBR,2021-07-27,ВТБ ао,VTBR,43533,2200690126.95,0.046475,0.046,0.046695,0.04614,0.046195,0.046235,47609430000,0.046225,0.046225,0.04614,2121501611.8,2121501611.8,2121501611.8,0.0,3,SUR,-0.74,
TQBR,2021-07-28,ВТБ ао,VTBR,51098,2940207080.0,0.04634,0.04623,0.04815,0.0479,0.047465,0.048,61946180000,0.047395,0.047395,0.0479,2573514476.7,2573514476.7,2573514476.7,0.0,3,SUR,3.82,
TQBR,2021-07-29,ВТБ ао,VTBR,48618,2846377919.85,0.04818,0.047845,0.049,0.048275,0.04839,0.04836,58818250000,0.04839,0.04839,0.048275,2712221707.15,2712221707.15,2712221707.15,0.0,3,SUR,0.75,
TQBR,2021-07-30,ВТБ ао,VTBR,68934,3779175878.05,0.04836,0.04767,0.048845,0.0487,0.04819,0.04846,78405080000,0.04817,0.04817,0.0487,3412413434.5,3412413434.5,3412413434.5,0.0,3,SUR,0.21,
TQBR,2021-08-02,ВТБ ао,VTBR,55057,2646319673.95,0.0489,0.048585,0.0494,0.049,0.0491,0.048785,53898020000,0.04913,0.04913,0.049,2369495929.3,2369495929.3,2369495929.3,0.0,3,SUR,0.67,
TQBR,2021-08-03,ВТБ ао,VTBR,39455,1649107671.85,0.048825,0.0481,0.049285,0.0486,0.048775,0.048995,33810770000,0.04877,0.04877,0.0486,1478124882.3,1478124882.3,1478124882.3,0.0,3,SUR,0.43,
TQBR,2021-08-04,ВТБ ао,VTBR,28858,1342023567.95,0.0491,0.048845,0.04918,0.0491,0.049045,0.049125,27363820000,0.049035,0.049035,0.0491,1196827156.7,1196827156.7,1196827156.7,0.0,3,SUR,0.27,
TQBR,2021-08-05,ВТБ ао,VTBR,43324,2017976083.8,0.049195,0.049,0.049995,0.04999,0.04956,0.04968,40718290000,0.04954,0.04954,0.04999,1766781882.0,1766781882.0,1766781882.0,0.0,3,SUR,1.13,
TQBR,2021-08-06,ВТБ ао,VTBR,44760,2239106824.3,0.049725,0.049365,0.050325,0.05,0.049885,0.049945,44808670000,0.049975,0.049975,0.05,2042240851.5,2042240851.5,2042240851.5,0.0,3,SUR,0.53,
TQBR,2021-08-09,ВТБ ао,VTBR,57693,3044290702.4,0.0498,0.0494,0.05145,0.05091,0.050515,0.051005,60263650000,0.05048,0.05048,0.05091,2823609875.1,2823609875.1,2823609875.1,0.0,3,SUR,2.12,
TQBR,2021-08-10,ВТБ ао,VTBR,71028,3021444977.3,0.051315,0.0511,0.052125,0.05177,0.051695,0.05185,58438970000,0.051705,0.051705,0.05177,2804621872.65,2804621872.65,2804621872.65,0.0,3,SUR,1.66,
TQBR,2021-08-11,ВТБ ао,VTBR,64859,3563310969.25,0.0519,0.051575,0.053135,0.05281,0.052625,0.05312,67710700000,0.052595,0.052595,0.05281,3281918806.6,3281918806.6,3281918806.6,0.0,3,SUR,2.45,
TQBR,2021-08-12,ВТБ ао,VTBR,60449,3113276678.2,0.05315,0.05181,0.0534,0.0521,0.05247,0.052075,59329300000,0.052495,0.052495,0.0521,2953528908.15,2953528908.15,2953528908.15,0.0,3,SUR,-1.97,
TQBR,2021-08-13,ВТБ ао,VTBR,40940,1799480462.2,0.05207,0.051295,0.05267,0.0519,0.05196,0.051445,34631080000,0.051985,0.051985,0.0519,1663942012.3,1663942012.3,1663942012.3,0.0,3,SUR,-1.21,
TQBR,2021-08-16,ВТБ ао,VTBR,37999,1608723687.35,0.051295,0.051065,0.05242,0.05238,0.051935,0.052385,30976730000,0.0519,0.0519,0.05238,1462975027.1,1462975027.1,1462975027.1,0.0,3,SUR,1.83,
TQBR,2021-08-17,ВТБ ао,VTBR,45984,2734508252.8,0.0523,0.05212,0.05309,0.05278,0.05271,0.052385,51879880000,0.05276,0.05276,0.05278,2323953752.3,2323953752.3,2323953752.3,0.0,3,SUR,0.0,
TQBR,2021-08-18,ВТБ ао,VTBR,38840,1901672213.05,0.05264,0.051135,0.052795,0.051725,0.05211,0.05119,36490990000,0.05223,0.05223,0.051725,1561134835.45,1561134835.45,1561134835.45,0.0,3,SUR,-2.28,
TQBR,2021-08-19,ВТБ ао,VTBR,66881,3340623752.8,0.051015,0.049825,0.05102,0.05039,0.050315,0.05048,66391340000,0.050315,0.050315,0.05039,3150188391.5,3150188391.5,3150188391.5,0.0,3,SUR,-1.39,
TQBR,2021-08-20,ВТБ ао,VTBR,46988,2216372271.3,0.050405,0.04958,0.0511,0.050625,0.05042,0.050685,43960290000,0.0504,0.0504,0.050625,2041839610.9,2041839610.9,2041839610.9,0.0,3,SUR,0.41,
TQBR,2021-08-23,ВТБ ао,VTBR,30885,1136798183.45,0.0513,0.050935,0.051415,0.05111,0.05118,0.0513,22210540000,0.051185,0.051185,0.05111,1033087357.7,1033087357.7,1033087357.7,0.0,3,SUR,1.21,
TQBR,2021-08-24,ВТБ ао,VTBR,41003,1779632922.95,0.051385,0.05057,0.05174,0.05086,0.051085,0.051065,34832630000,0.051095,0.051095,0.05086,1679293979.1,1679293979.1,1679293979.1,0.0,3,SUR,-0.46,
TQBR,2021-08-25,ВТБ ао,VTBR,30399,1312060684.9,0.051065,0.0504,0.05129,0.051,0.05088,0.051085,25778320000,0.05086,0.05086,0.051,1149026144.1,1149026144.1,1149026144.1,0.0,3,SUR,0.04,
TQBR,2021-08-26,ВТБ ао,VTBR,34213,1524683433.85,0.050995,0.0498,0.051085,0.050295,0.050425,0.050045,30235820000,0.050465,0.050465,0.050295,1348663166.55,1348663166.55,1348663166.55,0.0,3,SUR,-2.04,
TQBR,2021-08-27,ВТБ ао,VTBR,39996,1646892572.05,0.05027,0.0497,0.050875,0.05072,0.050265,0.050805,32760020000,0.050205,0.050205,0.05072,1447935237.9,1447935237.9,1447935237.9,0.0,3,SUR,1.52,
TQBR,2021-08-30,ВТБ ао,VTBR,52850,2638910737.4,0.05081,0.05081,0.05225,0.05195,0.05174,0.05215,51014370000,0.05171,0.05171,0.05195,2463392194.8,2463392194.8,2463392194.8,0.0,3,SUR,2.65,
TQBR,2021-08-31,ВТБ ао,VTBR,54219,3801609232.2,0.05235,0.052175,0.052995,0.052985,0.052775,0.05269,72035330000,0.05278,0.05278,0.052985,3497687217.2,3497687217.2,3497687217.2,0.0,3,SUR,1.04,
TQBR,2021-09-01,ВТБ ао,VTBR,35850,2075353378.4,0.052995,0.05241,0.053215,0.05284,0.05284,0.0532,39277270000,0.052755,0.052755,0.05284,1606876164.15,1606876164.15,1606876164.15,0.0,3,SUR,0.97,
TQBR,2021-09-02,ВТБ ао,VTBR,37921,1975785228.2,0.05333,0.05215,0.0535,0.052855,0.052875,0.052445,37365780000,0.05296,0.05296,0.052855,1626049011.2,1626049011.2,1626049011.2,0.0,3,SUR,-1.42,
TQBR,2021-09-03,ВТБ ао,VTBR,40451,2266461594.35,0.0525,0.05185,0.0529,0.05234,0.052475,0.0524,43189030000,0.05249,0.05249,0.05234,2078444582.15,2078444582.15,2078444582.15,0.0,3,SUR,-0.09,
TQBR,2021-09-06,ВТБ ао,VTBR,56897,3652830285.35,0.052625,0.0525,0.05454,0.054035,0.053765,0.05409,67941420000,0.05375,0.05375,0.054035,3435601122.95,3435601122.95,3435601122.95,0.0,3,SUR,3.23,
TQBR,2021-09-07,ВТБ ао,VTBR,47022,2946606518.7,0.05437,0.05305,0.05484,0.0536,0.053805,0.05364,54765000000,0.053815,0.053815,0.0536,2687877436.95,2687877436.95,2687877436.95,0.0,3,SUR,-0.83,
TQBR,2021-09-08,ВТБ ао,VTBR,47994,2697522070.75,0.05389,0.05292,0.0544,0.053515,0.053745,0.053785,50190650000,0.05375,0.05375,0.053515,2494490607.95,2494490607.95,2494490607.95,0.0,3,SUR,0.27,
TQBR,2021-09-09,ВТБ ао,VTBR,43052,2487700407.7,0.053745,0.052275,0.053745,0.05314,0.05298,0.05239,46956130000,0.053015,0.053015,0.05314,2186364219.55,2186364219.55,2186364219.55,0.0,3,SUR,-2.59,
TQBR,2021-09-10,ВТБ ао,VTBR,43302,1890961256.85,0.05265,0.05176,0.053225,0.052205,0.052565,0.05195,35974380000,0.05272,0.05272,0.052205,1389643732.3,1389643732.3,1389643732.3,0.0,3,SUR,-0.84,
TQBR,2021-09-13,ВТБ ао,VTBR,42797,1595780937.5,0.05226,0.0519,0.05255,0.05229,0.05222,0.05255,30557760000,0.0522,0.0522,0.05229,1421689965.8,1421689965.8,1421689965.8,0.0,3,SUR,1.15,
TQBR,2021-09-14,ВТБ ао,VTBR,61481,2347249085.25,0.052585,0.051275,0.05275,0.0515,0.051915,0.051495,45208440000,0.051975,0.051975,0.0515,2035852413.0,2035852413.0,2035852413.0,0.0,3,SUR,-2.01,
TQBR,2021-09-15,ВТБ ао,VTBR,70877,2963105845.1,0.0515,0.051125,0.052485,0.0518,0.05181,0.05212,57187640000,0.0518,0.0518,0.0518,2765622280.1,2765622280.1,2765622280.1,0.0,3,SUR,1.21,
TQBR,2021-09-16,ВТБ ао,VTBR,50431,2121370123.1,0.052055,0.05113,0.05239,0.05152,0.051545,0.051635,41156670000,0.051545,0.051545,0.05152,1940961346.85,1940961346.85,1940961346.85,0.0,3,SUR,-0.93,
TQBR,2021-09-17,ВТБ ао,VTBR,31509,1913043185.55,0.05169,0.0512,0.0519,0.0512,0.05149,0.0514,37151220000,0.05151,0.05151,0.0512,1739305474.95,1739305474.95,1739305474.95,0.0,3,SUR,-0.46,
TQBR,2021-09-20,ВТБ ао,VTBR,54381,2356121289.55,0.051,0.0494,0.05105,0.05013,0.05033,0.04998,46809920000,0.050515,0.050515,0.05013,1733207562.7,1733207562.7,1733207562.7,0.0,3,SUR,-2.76,
TQBR,2021-09-21,ВТБ ао,VTBR,50121,2130111401.55,0.0503,0.049455,0.050705,0.04962,0.050085,0.050065,42526390000,0.050135,0.050135,0.04962,1669861220.35,1669861220.35,1669861220.35,0.0,3,SUR,0.17,
TQBR,2021-09-22,ВТБ ао,VTBR,52431,2260040787.6,0.0505,0.0499,0.05115,0.05045,0.050455,0.050815,44786380000,0.05032,0.05032,0.05045,1604100023.6,1604100023.6,1604100023.6,0.0,3,SUR,1.5,
TQBR,2021-09-23,ВТБ ао,VTBR,36256,1940599270.5,0.05102,0.05015,0.051305,0.05066,0.0508,0.050795,38198850000,0.050805,0.050805,0.05066,1744800275.85,1744800275.85,1744800275.85,0.0,3,SUR,-0.04,
TQBR,2021-09-24,ВТБ ао,VTBR,27787,1273580600.75,0.05067,0.05038,0.051125,0.050995,0.050775,0.050925,25084550000,0.050725,0.050725,0.050995,1076147050.15,1076147050.15,1076147050.15,0.0,3,SUR,0.26,
TQBR,2021-09-27,ВТБ ао,VTBR,43468,2213902578.55,0.05131,0.0511,0.05235,0.051945,0.0517,0.052345,42822290000,0.051615,0.051615,0.051945,1848665645.95,1848665645.95,1848665645.95,0.0,3,SUR,2.79,
TQBR,2021-09-28,ВТБ ао,VTBR,78990,4094243730.45,0.05241,0.05055,0.05311,0.051005,0.05186,0.050855,78959040000,0.051935,0.051935,0.051005,3681823993.3,3681823993.3,3681823993.3,0.0,3,SUR,-2.85,
TQBR,2021-09-29,ВТБ ао,VTBR,35575,1822860673.0,0.0507,0.050465,0.051595,0.05083,0.0509,0.05096,35803390000,0.05091,0.05091,0.05083,1600291153.7,1600291153.7,1600291153.7,0.0,3,SUR,0.21,
TQBR,2021-09-30,ВТБ ао,VTBR,55486,3648927742.25,0.0513,0.05114,0.05222,0.051805,0.05164,0.05167,70653200000,0.05164,0.05164,0.051805,3202273529.65,3202273529.65,3202273529.65,0.0,3,SUR,1.39,
TQBR,2021-10-01,ВТБ ао,VTBR,31444,1594263977.5,0.0512,0.05083,0.0515,0.0511,0.05118,0.051485,31149940000,0.051155,0.051155,0.0511,1395111581.9,1395111581.9,1395111581.9,0.0,3,SUR,-0.36,
TQBR,2021-10-04,ВТБ ао,VTBR,54133,3342237502.8,0.05144,0.05094,0.0524,0.05128,0.05176,0.05168,64568670000,0.051775,0.051775,0.05128,3015808416.4,3015808416.4,3015808416.4,0.0,3,SUR,0.38,
TQBR,2021-10-05,ВТБ ао,VTBR,71385,4911209508.4,0.051915,0.05158,0.053995,0.053615,0.052845,0.053835,92936250000,0.05275,0.05275,0.053615,4352875347.95,4352875347.95,4352875347.95,0.0,3,SUR,4.17,
TQBR,2021-10-06,ВТБ ао,VTBR,97059,6851171879.5,0.05398,0.05271,0.0549,0.053765,0.053845,0.05416,127269990000,0.053825,0.053825,0.053765,6306455320.75,6306455320.75,6306455320.75,0.0,3,SUR,0.6,
TQBR,2021-10-07,ВТБ ао,VTBR,58662,4021611274.0,0.0545,0.05371,0.0551,0.054365,0.05431,0.05428,74049560000,0.05431,0.05431,0.054365,3803333457.1,3803333457.1,3803333457.1,0.0,3,SUR,0.22,
TQBR,2021-10-08,ВТБ ао,VTBR,39746,2864562794.95,0.05435,0.05383,0.05475,0.0545,0.05436,0.054595,52697970000,0.05434,0.05434,0.0545,2608402300.0,2608402300.0,2608402300.0,0.0,3,SUR,0.58,
TQBR,2021-10-11,ВТБ ао,VTBR,107570,6626453686.25,0.054875,0.05473,0.05654,0.05631,0.05572,0.05619,118934990000,0.055685,0.055685,0.05631,6271033395.0,6271033395.0,6271033395.0,0.0,3,SUR,2.92,
TQBR,2021-10-12,ВТБ ао,VTBR,46808,2919702497.25,0.055815,0.055205,0.05595,0.05557,0.05567,0.05539,52446470000,0.055675,0.055675,0.05557,2709310315.85,2709310315.85,2709310315.85,0.0,3,SUR,-1.42,
TQBR,2021-10-13,ВТБ ао,VTBR,67508,3236772282.45,0.0555,0.05434,0.05565,0.05455,0.05483,0.05511,59028170000,0.05483,0.05483,0.05455,2882786640.4,2882786640.4,2882786640.4,0.0,3,SUR,-0.51,
TQBR,2021-10-14,ВТБ ао,VTBR,56163,3782918206.0,0.055375,0.05456,0.056,0.054965,0.055385,0.05537,68298000000,0.055395,0.055395,0.054965,3574641412.2,3574641412.2,3574641412.2,0.0,3,SUR,0.47,
TQBR,2021-10-15,ВТБ ао,VTBR,33049,1876064408.05,0.05551,0.05495,0.055745,0.055455,0.055395,0.0556,33865940000,0.05539,0.05539,0.055455,1684092020.65,1684092020.65,1684092020.65,0.0,3,SUR,0.42,
TQBR,2021-10-18,ВТБ ао,VTBR,31252,1591110388.4,0.05559,0.05506,0.055825,0.0555,0.0554,0.055765,28718880000,0.05535,0.05535,0.0555,1353365555.55,1353365555.55,1353365555.55,0.0,3,SUR,0.3,
TQBR,2021-10-19,ВТБ ао,VTBR,75330,5795499754.1,0.05616,0.055805,0.057495,0.056895,0.05653,0.0574,102520900000,0.056475,0.056475,0.056895,5324636692.6,5324636692.6,5324636692.6,0.0,3,SUR,2.93,
TQBR,2021-10-20,ВТБ ао,VTBR,61125,3940248505.75,0.0572,0.056245,0.0575,0.0566,0.05687,0.05661,69284200000,0.056885,0.056885,0.0566,3636958786.65,3636958786.65,3636958786.65,0.0,3,SUR,-1.38,
TQBR,2021-10-21,ВТБ ао,VTBR,67068,4014427708.25,0.056105,0.05463,0.0565,0.05478,0.055425,0.05516,72413390000,0.055475,0.055475,0.05478,3637229908.1,3637229908.1,3637229908.1,0.0,3,SUR,-2.56,
TQBR,2021-10-22,ВТБ ао,VTBR,60594,3636828011.0,0.05521,0.054205,0.0559,0.054745,0.05524,0.0544,65835260000,0.055415,0.055415,0.054745,2850767634.8,2850767634.8,2850767634.8,0.0,3,SUR,-1.38,
TQBR,2021-10-25,ВТБ ао,VTBR,61549,3549596305.95,0.054795,0.053945,0.0562,0.0558,0.055265,0.05617,64228310000,0.055175,0.055175,0.0558,3112819276.6,3112819276.6,3112819276.6,0.0,3,SUR,3.25,
TQBR,2021-10-26,ВТБ ао,VTBR,50380,3180904368.45,0.05647,0.055555,0.05647,0.05575,0.055955,0.05597,56846650000,0.055965,0.055965,0.05575,2789044274.6,2789044274.6,2789044274.6,0.0,3,SUR,-0.36,
TQBR,2021-10-27,ВТБ ао,VTBR,49797,3071878022.5,0.05527,0.054925,0.056,0.055585,0.05548,0.05506,55368660000,0.0555,0.0555,0.055585,2673310870.7,2673310870.7,2673310870.7,0.0,3,SUR,-1.63,
TQBR,2021-10-28,ВТБ ао,VTBR,82524,4124895069.3,0.054945,0.05308,0.055285,0.05373,0.05389,0.053765,76534200000,0.053905,0.053905,0.05373,3899861393.75,3899861393.75,3899861393.75,0.0,3,SUR,-2.35,
TQBR,2021-10-29,ВТБ ао,VTBR,89190,4921929489.9,0.05346,0.052,0.05359,0.052895,0.052715,0.05273,93372230000,0.052695,0.052695,0.052895,4529995869.65,4529995869.65,4529995869.65,0.0,3,SUR,-1.93,
TQBR,2021-11-01,ВТБ ао,VTBR,67883,3125247382.5,0.05275,0.05232,0.05355,0.0533,0.05312,0.05354,58834370000,0.053085,0.053085,0.0533,2742477339.45,2742477339.45,2742477339.45,0.0,3,SUR,1.54,
TQBR,2021-11-02,ВТБ ао,VTBR,76788,2982471140.55,0.05363,0.05236,0.05372,0.05284,0.05298,0.05282,56291490000,0.05299,0.05299,0.05284,2840444600.75,2840444600.75,2840444600.75,0.0,3,SUR,-1.34,
TQBR,2021-11-03,ВТБ ао,VTBR,73388,2506200200.55,0.05245,0.0518,0.052985,0.05257,0.052315,0.052885,47906350000,0.05225,0.05225,0.05257,2110218592.3,2110218592.3,2110218592.3,0.0,3,SUR,0.12,
TQBR,2021-11-05,ВТБ ао,VTBR,36511,1671461324.6,0.052495,0.05214,0.05286,0.052635,0.05248,0.052815,31850440000,0.05246,0.05246,0.052635,1478198528.95,1478198528.95,1478198528.95,0.0,3,SUR,-0.13,
TQBR,2021-11-08,ВТБ ао,VTBR,62585,2479731680.35,0.0531,0.051865,0.05337,0.052555,0.05258,0.05237,47162750000,0.05259,0.05259,0.052555,2269488388.25,2269488388.25,2269488388.25,0.0,3,SUR,-0.84,
TQBR,2021-11-09,ВТБ ао,VTBR,80960,3264522754.25,0.0523,0.051,0.05237,0.05145,0.05178,0.05152,63058750000,0.0519,0.0519,0.05145,2558335506.1,2558335506.1,2558335506.1,0.0,3,SUR,-1.62,
TQBR,2021-11-10,ВТБ ао,VTBR,92457,3720917569.6,0.05138,0.05,0.051665,0.0505,0.050695,0.050025,73397730000,0.050795,0.050795,0.0505,2934421816.95,2934421816.95,2934421816.95,0.0,3,SUR,-2.9,
TQBR,2021-11-11,ВТБ ао,VTBR,76716,3778713917.55,0.050195,0.05005,0.051485,0.051065,0.05089,0.05125,74250150000,0.050845,0.050845,0.051065,3374048595.2,3374048595.2,3374048595.2,0.0,3,SUR,2.45,
TQBR,2021-11-12,ВТБ ао,VTBR,91611,4655346068.25,0.05131,0.04957,0.05154,0.05034,0.05022,0.05029,92696270000,0.050205,0.050205,0.05034,4296099459.7,4296099459.7,4296099459.7,0.0,3,SUR,-1.87,
TQBR,2021-11-15,ВТБ ао,VTBR,73750,4512739892.15,0.050305,0.05017,0.05231,0.051705,0.05144,0.05189,87731940000,0.051415,0.051415,0.051705,4164147463.85,4164147463.85,4164147463.85,0.0,3,SUR,3.18,
TQBR,2021-11-16,ВТБ ао,VTBR,49042,2666657564.2,0.05213,0.05081,0.052245,0.05094,0.051325,0.05104,51956540000,0.05138,0.05138,0.05094,2295711237.0,2295711237.0,2295711237.0,0.0,3,SUR,-1.64,
TQBR,2021-11-17,ВТБ ао,VTBR,43138,1934203691.55,0.0509,0.050885,0.05196,0.05185,0.051595,0.051565,37487760000,0.051585,0.051585,0.05185,1548000890.35,1548000890.35,1548000890.35,0.0,3,SUR,1.03,
TQBR,2021-11-18,ВТБ ао,VTBR,64472,4577417589.9,0.051535,0.05053,0.05301,0.05091,0.051785,0.05255,88387770000,0.05142,0.05142,0.05091,2411232846.9,2411232846.9,2411232846.9,0.0,3,SUR,1.91,
TQBR,2021-11-19,ВТБ ао,VTBR,97592,6537931616.5,0.053,0.050125,0.05324,0.050455,0.05127,0.050495,127522960000,0.05133,0.05133,0.050455,6007627950.8,6007627950.8,6007627950.8,0.0,3,SUR,-3.91,
TQBR,2021-11-22,ВТБ ао,VTBR,123425,5990495091.15,0.05015,0.04803,0.05036,0.049,0.04899,0.048405,122276130000,0.049035,0.049035,0.049,5370117680.15,5370117680.15,5370117680.15,0.0,3,SUR,-4.14,
TQBR,2021-11-23,ВТБ ао,VTBR,102855,5166851309.6,0.04808,0.047025,0.05,0.049125,0.049145,0.049875,105135770000,0.049085,0.049085,0.049125,4695756282.5,4695756282.5,4695756282.5,0.0,3,SUR,3.04,
TQBR,2021-11-24,ВТБ ао,VTBR,48156,2380568209.65,0.05013,0.048925,0.050365,0.049215,0.04963,0.04935,47967190000,0.04966,0.04966,0.049215,2175598273.8,2175598273.8,2175598273.8,0.0,3,SUR,-1.05,
TQBR,2021-11-25,ВТБ ао,VTBR,42468,1688420490.6,0.049555,0.04867,0.049695,0.048895,0.049075,0.04879,34404540000,0.04911,0.04911,0.048895,1506558095.1,1506558095.1,1506558095.1,0.0,3,SUR,-1.13,
TQBR,2021-11-26,ВТБ ао,VTBR,100420,4165978155.35,0.0477,0.04652,0.04799,0.047035,0.047385,0.04658,87920040000,0.04756,0.04756,0.047035,3235659589.65,3235659589.65,3235659589.65,0.0,3,SUR,-4.53,
TQBR,2021-11-29,ВТБ ао,VTBR,74876,4090176464.15,0.0476,0.046525,0.048055,0.047145,0.04734,0.047375,86409470000,0.047325,0.047325,0.047145,3760399301.9,3760399301.9,3760399301.9,0.0,3,SUR,1.71,
TQBR,2021-11-30,ВТБ ао,VTBR,74621,4062546773.9,0.04657,0.04644,0.048,0.04784,0.04724,0.047195,85998990000,0.04732,0.04732,0.04784,3139303539.35,3139303539.35,3139303539.35,0.0,3,SUR,-0.38,
TQBR,2021-12-01,ВТБ ао,VTBR,67494,3560126070.8,0.047735,0.0472,0.048595,0.0483,0.048115,0.04758,73979600000,0.04819,0.04819,0.0483,2919540046.55,2919540046.55,2919540046.55,0.0,3,SUR,0.82,
TQBR,2021-12-02,ВТБ ао,VTBR,62846,3058427096.65,0.0476,0.0476,0.04908,0.04862,0.048485,0.04893,63079060000,0.04845,0.04845,0.04862,2714755784.45,2714755784.45,2714755784.45,0.0,3,SUR,2.84,
TQBR,2021-12-03,ВТБ ао,VTBR,45918,2001294527.8,0.04926,0.04818,0.049265,0.0485,0.04878,0.04861,41028580000,0.048845,0.048845,0.0485,1680961072.3,1680961072.3,1680961072.3,0.0,3,SUR,-0.65,
TQBR,2021-12-06,ВТБ ао,VTBR,56383,2135695988.15,0.04878,0.047435,0.04922,0.047645,0.04805,0.04801,44447040000,0.048025,0.048025,0.047645,1785620506.15,1785620506.15,1785620506.15,0.0,3,SUR,-1.23,
TQBR,2021-12-07,ВТБ ао,VTBR,66719,3185765115.35,0.04801,0.0471,0.048675,0.0478,0.047855,0.04838,66569670000,0.0477,0.0477,0.0478,2360334523.05,2360334523.05,2360334523.05,0.0,3,SUR,0.77,
TQBR,2021-12-08,ВТБ ао,VTBR,70091,3070897770.55,0.0486,0.046655,0.04918,0.046655,0.04796,0.047255,63975270000,0.04804,0.04804,0.046655,2642503014.1,2642503014.1,2642503014.1,0.0,3,SUR,-2.33,
TQBR,2021-12-09,ВТБ ао,VTBR,57378,2447684957.95,0.047335,0.04647,0.047935,0.04734,0.047125,0.046915,51939810000,0.04712,0.04712,0.04734,2134448344.85,2134448344.85,2134448344.85,0.0,3,SUR,-0.72,
TQBR,2021-12-10,ВТБ ао,VTBR,77219,3393633545.15,0.04704,0.045815,0.0471,0.04604,0.046215,0.045935,73429100000,0.04622,0.04622,0.04604,3090906097.8,3090906097.8,3090906097.8,0.0,3,SUR,-2.09,
TQBR,2021-12-13,ВТБ ао,VTBR,136663,6236575630.75,0.046045,0.04247,0.046235,0.04358,0.044365,0.04293,140574070000,0.04454,0.04454,0.04358,5203275947.15,5203275947.15,5203275947.15,0.0,3,SUR,-6.54,
TQBR,2021-12-14,ВТБ ао,VTBR,138094,6599408361.9,0.04289,0.03909,0.04455,0.04399,0.04294,0.04444,153690120000,0.043565,0.043565,0.04399,4611912188.8,4611912188.8,4611912188.8,0.0,3,SUR,3.52,
TQBR,2021-12-15,ВТБ ао,VTBR,75263,2700013673.05,0.0445,0.04346,0.04488,0.043665,0.044235,0.044795,61040650000,0.044185,0.044185,0.043665,1936023000.8,1936023000.8,1936023000.8,0.0,3,SUR,0.8,
TQBR,2021-12-16,ВТБ ао,VTBR,103144,4051321227.25,0.0448,0.044795,0.04671,0.04657,0.04599,0.04624,88088510000,0.04604,0.04604,0.04657,3167895283.2,3167895283.2,3167895283.2,0.0,3,SUR,3.23,
TQBR,2021-12-17,ВТБ ао,VTBR,60428,3031551773.75,0.046005,0.045635,0.04733,0.04687,0.046595,0.046905,65058510000,0.046635,0.046635,0.04687,2469291163.25,2469291163.25,2469291163.25,0.0,3,SUR,1.44,
TQBR,2021-12-20,ВТБ ао,VTBR,65919,3037271775.65,0.046495,0.04535,0.046595,0.04616,0.045985,0.046365,66071540000,0.045905,0.045905,0.04616,2330155120.0,2330155120.0,2330155120.0,0.0,3,SUR,-1.15,
TQBR,2021-12-21,ВТБ ао,VTBR,64334,2622724621.05,0.04656,0.04606,0.047475,0.046815,0.046905,0.04734,55918320000,0.046815,0.046815,0.046815,1939276408.05,1939276408.05,1939276408.05,0.0,3,SUR,2.1,
TQBR,2021-12-22,ВТБ ао,VTBR,62297,2834375599.25,0.0473,0.04695,0.048195,0.04795,0.04759,0.047575,59557760000,0.04759,0.04759,0.04795,2213120159.85,2213120159.85,2213120159.85,0.0,3,SUR,0.5,
TQBR,2021-12-23,ВТБ ао,VTBR,44105,1794917514.8,0.047575,0.046975,0.0482,0.046975,0.047515,0.0472,37777400000,0.04752,0.04752,0.046975,1447296722.45,1447296722.45,1447296722.45,0.0,3,SUR,-0.79,
TQBR,2021-12-24,ВТБ ао,VTBR,36673,1639873763.25,0.047325,0.046205,0.047345,0.04715,0.046845,0.04709,35005460000,0.04681,0.04681,0.04715,1359537411.45,1359537411.45,1359537411.45,0.0,3,SUR,-0.23,
TQBR,2021-12-27,ВТБ ао,VTBR,52016,2245508739.1,0.047015,0.04701,0.04805,0.04791,0.04771,0.04773,47068130000,0.047725,0.047725,0.04791,1928540636.3,1928540636.3,1928540636.3,0.0,3,SUR,1.36,
TQBR,2021-12-28,ВТБ ао,VTBR,51690,2349541245.95,0.04782,0.047675,0.04845,0.048365,0.04811,0.048395,48837170000,0.0481,0.0481,0.048365,1847784050.4,1847784050.4,1847784050.4,0.0,3,SUR,1.39,
TQBR,2021-12-29,ВТБ ао,VTBR,32353,1358287594.6,0.048415,0.04776,0.04858,0.04809,0.048135,0.04843,28217600000,0.048105,0.048105,0.04809,956551791.65,956551791.65,956551791.65,0.0,3,SUR,0.07,
TQBR,2021-12-30,ВТБ ао,VTBR,37330,1481475346.5,0.048425,0.047925,0.048615,0.0483,0.04822,0.048195,30722500000,0.048185,0.048185,0.0483,1064311961.25,1064311961.25,1064311961.25,0.0,3,SUR,-0.49,
TQBR,2022-01-03,ВТБ ао,VTBR,46982,1372374273.05,0.048305,0.048305,0.049495,0.049295,0.049085,0.04945,27960480000,0.04912,0.04912,0.049295,1037229727.6,1037229727.6,1037229727.6,0.0,3,SUR,2.6,
TQBR,2022-01-04,ВТБ ао,VTBR,37325,1477383668.1,0.04945,0.04906,0.04987,0.0497,0.049575,0.0497,29800590000,0.04956,0.04956,0.0497,1056610491.65,1056610491.65,1056610491.65,0.0,3,SUR,0.51,
TQBR,2022-01-05,ВТБ ао,VTBR,57136,2315644241.15,0.0497,0.047175,0.049865,0.04892,0.04861,0.04736,47637800000,0.049235,0.049235,0.04892,1108737352.05,1108737352.05,1108737352.05,0.0,3,SUR,-4.71,
TQBR,2022-01-06,ВТБ ао,VTBR,42696,1909715393.3,0.0475,0.04705,0.0485,0.0481,0.0481,0.048445,39703020000,0.04816,0.04816,0.0481,1212756726.05,1212756726.05,1212756726.05,0.0,3,SUR,2.29,
TQBR,2022-01-07,ВТБ ао,VTBR,0,0.0,,,,0.04843,,,0,0.04816,0.0481,0.04843,1212756726.05,3965845.0,1212756726.05,0.0,3,SUR,,
TQBR,2022-01-10,ВТБ ао,VTBR,47366,1701113944.9,0.048685,0.04822,0.049265,0.04835,0.048755,0.04895,34889740000,0.048735,0.048735,0.04835,1202846495.05,1202846495.05,1202846495.05,0.0,3,SUR,1.04,
TQBR,2022-01-11,ВТБ ао,VTBR,57077,2360227827.35,0.048995,0.048675,0.0504,0.049785,0.049715,0.05026,47476640000,0.04962,0.04962,0.049785,1766553554.1,1766553554.1,1766553554.1,0.0,3,SUR,2.68,
TQBR,2022-01-12,ВТБ ао,VTBR,57237,2450230571.45,0.050205,0.049875,0.05086,0.05027,0.050315,0.05011,48695880000,0.05035,0.05035,0.05027,1700750858.8,1700750858.8,1700750858.8,0.0,3,SUR,-0.3,
TQBR,2022-01-13,ВТБ ао,VTBR,156594,8285206610.75,0.0501,0.04584,0.05024,0.0466,0.04772,0.047075,173664060000,0.047725,0.047725,0.0466,6662939159.5,6662939159.5,6662939159.5,0.0,3,SUR,-6.06,
TQBR,2022-01-14,ВТБ ао,VTBR,206239,8951158620.75,0.047375,0.04384,0.04799,0.045325,0.045895,0.04641,195068910000,0.045735,0.045735,0.045325,7548403079.65,7548403079.65,7548403079.65,0.0,3,SUR,-1.41,
TQBR,2022-01-17,ВТБ ао,VTBR,99378,4881425694.5,0.0465,0.04486,0.046825,0.04648,0.045895,0.0465,106319310000,0.04582,0.04582,0.04648,3420147143.6,3420147143.6,3420147143.6,0.0,3,SUR,0.19,
TQBR,2022-01-18,ВТБ ао,VTBR,136828,7012527372.45,0.046535,0.04307,0.046695,0.04499,0.044615,0.043635,157239850000,0.04462,0.04462,0.04499,5399178945.2,5399178945.2,5399178945.2,0.0,3,SUR,-6.16,
TQBR,2022-01-19,ВТБ ао,VTBR,132281,6676468104.85,0.043045,0.041125,0.0465,0.04494,0.04452,0.045275,149973430000,0.04517,0.04517,0.04494,4910083582.0,4910083582.0,4910083582.0,0.0,3,SUR,3.76,
TQBR,2022-01-20,ВТБ ао,VTBR,90310,4710277257.95,0.045015,0.044805,0.04682,0.046255,0.04589,0.045415,102645960000,0.045865,0.045865,0.046255,3471934670.15,3471934670.15,3471934670.15,0.0,3,SUR,0.31,
TQBR,2022-01-21,ВТБ ао,VTBR,83374,3623022517.5,0.0451,0.04376,0.04625,0.044495,0.04494,0.043935,80614890000,0.045165,0.045165,0.044495,2394884749.75,2394884749.75,2394884749.75,0.0,3,SUR,-3.26,
TQBR,2022-01-24,ВТБ ао,VTBR,197194,8968965021.95,0.044395,0.03955,0.044485,0.041,0.041285,0.04118,217314170000,0.04126,0.04126,0.041,7542180005.0,7542180005.0,7542180005.0,0.0,3,SUR,-6.27,
TQBR,2022-01-25,ВТБ ао,VTBR,116473,5780446089.15,0.040995,0.0406,0.0427,0.041075,0.041535,0.042535,139125830000,0.041435,0.041435,0.041075,3830031021.15,3830031021.15,3830031021.15,0.0,3,SUR,3.29,
TQBR,2022-01-26,ВТБ ао,VTBR,139397,7246332663.55,0.04254,0.04055,0.042775,0.041655,0.04153,0.04129,174310560000,0.04154,0.04154,0.041655,6085083304.2,6085083304.2,6085083304.2,0.0,3,SUR,-2.93,
TQBR,2022-01-27,ВТБ ао,VTBR,121188,6431009347.7,0.0408,0.040665,0.04412,0.042845,0.0428,0.0431,150261730000,0.042925,0.042925,0.042845,5225576627.65,5225576627.65,5225576627.65,0.0,3,SUR,4.38,
TQBR,2022-01-28,ВТБ ао,VTBR,86029,3274718477.35,0.0433,0.042645,0.044255,0.043545,0.0435,0.043395,75282580000,0.043395,0.043395,0.043545,2173146538.95,2173146538.95,2173146538.95,0.0,3,SUR,0.68,
TQBR,2022-01-31,ВТБ ао,VTBR,98804,4135855666.6,0.04346,0.043,0.0444,0.04326,0.04365,0.04378,94754810000,0.04364,0.04364,0.04326,3196410342.45,3196410342.45,3196410342.45,0.0,3,SUR,0.89,
TQBR,2022-02-01,ВТБ ао,VTBR,106462,4082435479.0,0.0438,0.042215,0.044095,0.04271,0.042995,0.042695,94957500000,0.042975,0.042975,0.04271,2894312677.25,2894312677.25,2894312677.25,0.0,3,SUR,-2.48,
TQBR,2022-02-02,ВТБ ао,VTBR,70310,2857300119.65,0.04292,0.04188,0.043225,0.042115,0.042615,0.0424,67052680000,0.042605,0.042605,0.042115,2234654441.2,2234654441.2,2234654441.2,0.0,3,SUR,-0.69,
TQBR,2022-02-03,ВТБ ао,VTBR,76199,2812939719.6,0.04204,0.0408,0.042345,0.04142,0.041465,0.041245,67852200000,0.041375,0.041375,0.04142,2139504198.25,2139504198.25,2139504198.25,0.0,3,SUR,-2.72,
TQBR,2022-02-04,ВТБ ао,VTBR,72360,2764284292.6,0.0416,0.040725,0.042125,0.04091,0.041375,0.04125,66810070000,0.041375,0.041375,0.04091,2148090742.3,2148090742.3,2148090742.3,0.0,3,SUR,0.01,
TQBR,2022-02-07,ВТБ ао,VTBR,59986,2097808513.5,0.0412,0.040575,0.04164,0.040915,0.040975,0.0411,51195960000,0.04094,0.04094,0.040915,1686905723.2,1686905723.2,1686905723.2,0.0,3,SUR,-0.36,
TQBR,2022-02-08,ВТБ ао,VTBR,70666,4061823936.5,0.0411,0.040885,0.04223,0.041695,0.0417,0.042205,97408520000,0.04169,0.04169,0.041695,3247348708.3,3247348708.3,3247348708.3,0.0,3,SUR,2.69,
TQBR,2022-02-09,ВТБ ао,VTBR,83686,5082711835.7,0.042335,0.042055,0.043,0.043,0.04255,0.04274,119449850000,0.042505,0.042505,0.043,3901771950.15,3901771950.15,3901771950.15,0.0,3,SUR,1.27,
TQBR,2022-02-10,ВТБ ао,VTBR,82928,4394271318.55,0.04274,0.04165,0.0429,0.0422,0.042115,0.0419,104296570000,0.042075,0.042075,0.0422,3347254321.25,3347254321.25,3347254321.25,0.0,3,SUR,-1.97,
TQBR,2022-02-11,ВТБ ао,VTBR,106301,4198111960.9,0.0417,0.0401,0.04205,0.04108,0.041065,0.0405,102231000000,0.041225,0.041225,0.04108,2497928277.9,2497928277.9,2497928277.9,0.0,3,SUR,-3.34,
TQBR,2022-02-14,ВТБ ао,VTBR,146151,5740030529.3,0.040005,0.038635,0.04055,0.04004,0.039785,0.040285,144240050000,0.03983,0.03983,0.04004,3852528873.05,3852528873.05,3852528873.05,0.0,3,SUR,-0.53,
TQBR,2022-02-15,ВТБ ао,VTBR,97290,4028190410.1,0.04033,0.04033,0.041895,0.041305,0.041315,0.041885,97504270000,0.04136,0.04136,0.041305,2924218448.3,2924218448.3,2924218448.3,0.0,3,SUR,3.97,
TQBR,2022-02-16,ВТБ ао,VTBR,101957,5168897703.5,0.042035,0.042,0.04338,0.042695,0.04266,0.042925,121166540000,0.042665,0.042665,0.042695,3482168582.1,3482168582.1,3482168582.1,0.0,3,SUR,2.48,
TQBR,2022-02-17,ВТБ ао,VTBR,102729,4811097544.2,0.0429,0.04086,0.04295,0.04139,0.04154,0.041185,115812590000,0.04144,0.04144,0.04139,3628814631.5,3628814631.5,3628814631.5,0.0,3,SUR,-4.05,
TQBR,2022-02-18,ВТБ ао,VTBR,150010,5444176174.65,0.041345,0.03882,0.04188,0.039575,0.04007,0.03929,135861470000,0.040175,0.040175,0.039575,3947541465.35,3947541465.35,3947541465.35,0.0,3,SUR,-4.6,
TQBR,2022-02-21,ВТБ ао,VTBR,435775,16468745452.3,0.03915,0.0292,0.0402,0.0325,0.034845,0.03212,472628730000,0.035645,0.035645,0.0325,10406544480.95,10406544480.95,10406544480.95,0.0,3,SUR,-18.25,
TQBR,2022-02-22,ВТБ ао,VTBR,370339,13431505393.95,0.031975,0.02896,0.03458,0.033965,0.03215,0.034215,417837380000,0.031995,0.031995,0.033965,9300209329.4,9300209329.4,9300209329.4,0.0,3,SUR,6.52,
TQBR,2022-02-23,ВТБ ао,VTBR,0,0.0,,,,0.0339,,,0,0.031995,0.033965,0.0339,9300209329.4,668770.85,9300209329.4,0.0,3,SUR,,
TQBR,2022-02-24,ВТБ ао,VTBR,407693,8851097507.95,0.03051,0.01639,0.03051,0.0197,0.02078,0.0201,425751480000,0.02049,0.02049,0.0197,5861848094.9,5861848094.9,5861848094.9,0.0,3,SUR,-41.25,
TQBR,2022-02-25,ВТБ ао,VTBR,225328,4460680826.2,0.0202,0.01825,0.022695,0.01973,0.0202,0.02011,220823080000,0.020205,0.020205,0.01973,3979981982.15,3979981982.15,3979981982.15,0.0,3,SUR,0.05,
TQBR,2022-02-28,ВТБ ао,VTBR,0,0.0,,,,0.02011,,,0,0.020205,0.01973,0.02011,3979981982.15,501339.3,3979981982.15,0.0,3,SUR,,
TQBR,2022-03-01,ВТБ ао,VTBR,0,0.0,,,,0.02011,,,0,0.020205,0.01973,0.02011,3979981982.15,501339.3,3979981982.15,0.0,3,SUR,,
TQBR,2022-03-02,ВТБ ао,VTBR,0,0.0,,,,0.02011,,,0,0.020375,0.01973,0.02011,9841830077.05,501339.3,9841830077.05,0.0,3,SUR,,
TQBR,2022-03-03,ВТБ ао,VTBR,0,0.0,,,,0.02011,,,0,0.020205,0.01973,0.02011,3979981982.15,501339.3,3979981982.15,0.0,3,SUR,,
TQBR,2022-03-04,ВТБ ао,VTBR,0,0.0,,,,0.02011,,,0,0.02773,0.01973,0.02011,29548583887.0,501339.3,29548583887.0,0.0,3,SUR,,
TQBR,2022-03-09,ВТБ ао,VTBR,0,0.0,,,,0.02011,,,0,0.02474,0.01973,0.02011,19142039406.45,501339.3,19142039406.45,0.0,3,SUR,,
TQBR,2022-03-10,ВТБ ао,VTBR,0,0.0,,,,0.02011,,,0,0.020375,0.01973,0.02011,9841830077.05,501339.3,9841830077.05,0.0,3,SUR,,
TQBR,2022-03-11,ВТБ ао,VTBR,0,0.0,,,,0.02011,,,0,0.020375,0.01973,0.02011,9841830077.05,501339.3,9841830077.05,0.0,3,SUR,,
TQBR,2022-03-14,ВТБ ао,VTBR,0,0.0,,,,0.02011,,,0,0.020205,0.01973,0.02011,3979981982.15,501339.3,3979981982.15,0.0,3,SUR,,
TQBR,2022-03-15,ВТБ ао,VTBR,0,0.0,,,,0.02011,,,0,,0.01973,0.02011,0.0,501339.3,0.0,0.0,3,SUR,,
TQBR,2022-03-16,ВТБ ао,VTBR,0,0.0,,,,0.02011,,,0,,0.01973,0.02011,0.0,501339.3,0.0,0.0,3,SUR,,
TQBR,2022-03-17,ВТБ ао,VTBR,0,0.0,,,,0.02011,,,0,,0.01973,0.02011,0.0,501339.3,0.0,0.0,3,SUR,,
TQBR,2022-03-18,ВТБ ао,VTBR,0,0.0,,,,0.02011,,,0,,0.01973,0.02011,0.0,501339.3,0.0,0.0,3,SUR,,
TQBR,2022-03-21,ВТБ ао,VTBR,0,0.0,,,,0.02011,,,0,,0.01973,0.02011,0.0,501339.3,0.0,0.0,3,SUR,,
TQBR,2022-03-22,ВТБ ао,VTBR,0,0.0,,,,0.02011,,,0,,0.01973,0.02011,0.0,501339.3,0.0,0.0,3,SUR,,
TQBR,2022-03-23,ВТБ ао,VTBR,0,0.0,,,,0.02011,,,0,,0.01973,0.02011,0.0,501339.3,0.0,0.0,3,SUR,,
TQBR,2022-03-24,ВТБ ао,VTBR,172203,2566984808.15,0.0181,0.015995,0.02177,0.019,0.01969,0.019,130386410000,0.01969,0.01969,0.019,2566984808.15,2566984808.15,2566984808.15,0.0,3,SUR,-5.52,
TQBR,2022-03-25,ВТБ ао,VTBR,94185,1274888326.0,0.0197,0.0171,0.019805,0.0175,0.01785,0.0175,71412430000,0.01785,0.01785,0.0175,1274888326.0,1274888326.0,1274888326.0,0.0,3,SUR,-7.89,
TQBR,2022-03-28,ВТБ ао,VTBR,59120,643399217.3,0.017545,0.0165,0.017695,0.01685,0.01694,0.01685,37982400000,0.01694,0.01694,0.01685,643399217.3,643399217.3,643399217.3,0.0,3,SUR,-3.71,
TQBR,2022-03-29,ВТБ ао,VTBR,77763,1013898420.6,0.01687,0.01622,0.017945,0.0165,0.017195,0.0165,58962780000,0.017195,0.017195,0.0165,1013898420.6,1013898420.6,1013898420.6,0.0,3,SUR,-2.08,
TQBR,2022-03-30,ВТБ ао,VTBR,46200,701185084.55,0.01755,0.016945,0.01755,0.017155,0.01718,0.017155,40808550000,0.01718,0.01718,0.017155,701185084.55,701185084.55,701185084.55,0.0,3,SUR,3.97,
TQBR,2022-03-31,ВТБ ао,VTBR,161264,3452642015.95,0.017355,0.017355,0.01992,0.0198,0.01884,0.0198,183259810000,0.01884,0.01884,0.0198,3452642015.95,3452642015.95,3452642015.95,0.0,3,SUR,15.42,
TQBR,2022-04-01,ВТБ ао,VTBR,193230,5285379874.2,0.0205,0.019895,0.023845,0.0225,0.021755,0.0225,242805450000,0.02177,0.02177,0.0225,5285379874.2,5285379874.2,5285379874.2,0.0,3,SUR,13.64,
TQBR,2022-04-04,ВТБ ао,VTBR,224948,7255903812.5,0.02302,0.0225,0.02515,0.0251,0.024135,0.0251,300618160000,0.024135,0.024135,0.0251,7255903812.5,7255903812.5,7255903812.5,0.0,3,SUR,11.56,
TQBR,2022-04-05,ВТБ ао,VTBR,266522,8714063569.65,0.0258,0.0218,0.02636,0.02308,0.0241,0.02308,361545810000,0.0241,0.0241,0.02308,8714063569.65,8714063569.65,8714063569.65,0.0,3,SUR,-8.05,
TQBR,2022-04-06,ВТБ ао,VTBR,114311,3347243425.25,0.02202,0.02122,0.0235,0.02195,0.022445,0.02195,149123410000,0.022445,0.022445,0.02195,3347243425.25,3347243425.25,3347243425.25,0.0,3,SUR,-4.9,
TQBR,2022-04-07,ВТБ ао,VTBR,69497,1835890598.2,0.02198,0.02198,0.023115,0.02281,0.02268,0.02281,80947840000,0.02268,0.02268,0.02281,1835890598.2,1835890598.2,1835890598.2,0.0,3,SUR,3.92,
TQBR,2022-04-08,ВТБ ао,VTBR,53724,1245838263.55,0.023095,0.022005,0.02328,0.02236,0.02249,0.02236,55374580000,0.0225,0.0225,0.02236,1245838263.55,1245838263.55,1245838263.55,0.0,3,SUR,-1.97,
TQBR,2022-04-11,ВТБ ао,VTBR,58000,1300244778.65,0.022,0.0214,0.02263,0.0215,0.022045,0.0215,58984520000,0.022045,0.022045,0.0215,1300244778.65,1300244778.65,1300244778.65,0.0,3,SUR,-3.85,
TQBR,2022-04-12,ВТБ ао,VTBR,71198,1512192790.05,0.0217,0.02015,0.0217,0.02111,0.02082,0.02111,72635470000,0.02082,0.02082,0.02111,1512192790.05,1512192790.05,1512192790.05,0.0,3,SUR,-1.81,
TQBR,2022-04-13,ВТБ ао,VTBR,37338,779735402.75,0.021445,0.02083,0.021615,0.021135,0.02116,0.021135,36850630000,0.02116,0.02116,0.021135,779735402.75,779735402.75,779735402.75,0.0,3,SUR,0.12,
TQBR,2022-04-14,ВТБ ао,VTBR,50100,901768912.9,0.021225,0.019905,0.0213,0.019935,0.02046,0.019935,44074690000,0.02046,0.02046,0.019935,901768912.9,901768912.9,901768912.9,0.0,3,SUR,-5.68,
TQBR,2022-04-15,ВТБ ао,VTBR,60887,1262316812.3,0.01991,0.019105,0.02062,0.020125,0.019955,0.020125,63263340000,0.019955,0.019955,0.020125,1262316812.3,1262316812.3,1262316812.3,0.0,3,SUR,0.95,
TQBR,2022-04-18,ВТБ ао,VTBR,51275,852031778.9,0.020275,0.01902,0.0205,0.019025,0.01965,0.019025,43354960000,0.01965,0.01965,0.019025,852031778.9,852031778.9,852031778.9,0.0,3,SUR,-5.47,
TQBR,2022-04-19,ВТБ ао,VTBR,64875,1166044875.75,0.019,0.01786,0.019,0.018695,0.018415,0.018695,63315550000,0.018415,0.018415,0.018695,1166044875.75,1166044875.75,1166044875.75,0.0,3,SUR,-1.73,
TQBR,2022-04-20,ВТБ ао,VTBR,51347,1142401210.1,0.0188,0.018225,0.019355,0.019295,0.01896,0.019295,60249050000,0.01896,0.01896,0.019295,1142401210.1,1142401210.1,1142401210.1,0.0,3,SUR,3.21,
TQBR,2022-04-21,ВТБ ао,VTBR,31351,561985431.9,0.01923,0.018715,0.01928,0.01898,0.019005,0.01898,29570020000,0.019005,0.019005,0.01898,561985431.9,561985431.9,561985431.9,0.0,3,SUR,-1.63,
TQBR,2022-04-22,ВТБ ао,VTBR,35216,610214412.45,0.0188,0.01868,0.0196,0.01881,0.019075,0.01881,31992480000,0.019075,0.019075,0.01881,610214412.45,610214412.45,610214412.45,0.0,3,SUR,-0.9,
TQBR,2022-04-25,ВТБ ао,VTBR,38917,561860862.85,0.0186,0.01803,0.0187,0.018155,0.018275,0.018155,30746060000,0.018275,0.018275,0.018155,561860862.85,561860862.85,561860862.85,0.0,3,SUR,-3.48,
TQBR,2022-04-26,ВТБ ао,VTBR,48504,1115340132.3,0.01825,0.01812,0.019565,0.019125,0.01887,0.019125,59101750000,0.01887,0.01887,0.019125,1115340132.3,1115340132.3,1115340132.3,0.0,3,SUR,5.34,
TQBR,2022-04-27,ВТБ ао,VTBR,50719,1535096108.6,0.019195,0.0189,0.0201,0.0199,0.01971,0.0199,77884190000,0.01971,0.01971,0.0199,1535096108.6,1535096108.6,1535096108.6,0.0,3,SUR,4.05,
TQBR,2022-04-28,ВТБ ао,VTBR,57290,1411154271.45,0.0201,0.01903,0.020395,0.019115,0.019835,0.019115,71145610000,0.019835,0.019835,0.019115,1411154271.45,1411154271.45,1411154271.45,0.0,3,SUR,-3.94,
TQBR,2022-04-29,ВТБ ао,VTBR,73181,2044059244.0,0.0195,0.01928,0.02039,0.020095,0.019935,0.020095,102541110000,0.019935,0.019935,0.020095,2044059244.0,2044059244.0,2044059244.0,0.0,3,SUR,5.13,
TQBR,2022-05-04,ВТБ ао,VTBR,40368,831465182.1,0.020085,0.01952,0.020495,0.01959,0.019885,0.01959,41816660000,0.019885,0.019885,0.01959,831465182.1,831465182.1,831465182.1,0.0,3,SUR,-2.51,
TQBR,2022-05-05,ВТБ ао,VTBR,23407,388454506.95,0.019775,0.0196,0.019915,0.019795,0.01976,0.019795,19657730000,0.01976,0.01976,0.019795,388454506.95,388454506.95,388454506.95,0.0,3,SUR,1.05,
TQBR,2022-05-06,ВТБ ао,VTBR,26517,417619944.65,0.01975,0.019245,0.01975,0.01948,0.019435,0.01948,21489100000,0.019435,0.019435,0.01948,417619944.65,417619944.65,417619944.65,0.0,3,SUR,-1.59,
TQBR,2022-05-11,ВТБ ао,VTBR,29853,473043285.75,0.019445,0.019175,0.01975,0.019305,0.019445,0.019305,24327270000,0.019445,0.019445,0.019305,473043285.75,473043285.75,473043285.75,0.0,3,SUR,-0.9,
TQBR,2022-05-12,ВТБ ао,VTBR,32794,507052251.2,0.0193,0.018345,0.019375,0.018555,0.018905,0.018555,26819880000,0.018905,0.018905,0.018555,507052251.2,507052251.2,507052251.2,0.0,3,SUR,-3.89,
TQBR,2022-05-13,ВТБ ао,VTBR,21886,284073291.45,0.01885,0.01846,0.018895,0.01865,0.018695,0.01865,15195650000,0.018695,0.018695,0.01865,284073291.45,284073291.45,284073291.45,0.0,3,SUR,0.51,
TQBR,2022-05-16,ВТБ ао,VTBR,23613,382082651.55,0.01885,0.01865,0.019145,0.01898,0.018955,0.01898,20155060000,0.018955,0.018955,0.01898,382082651.55,382082651.55,382082651.55,0.0,3,SUR,1.77,
TQBR,2022-05-17,ВТБ ао,VTBR,24000,518123398.55,0.01918,0.01901,0.01948,0.01933,0.01929,0.01933,26857050000,0.01929,0.01929,0.01933,518123398.55,518123398.55,518123398.55,0.0,3,SUR,1.84,
TQBR,2022-05-18,ВТБ ао,VTBR,34053,734955943.0,0.019445,0.0192,0.01992,0.0192,0.019585,0.0192,37523870000,0.019585,0.019585,0.0192,734955943.0,734955943.0,734955943.0,0.0,3,SUR,-0.67,
TQBR,2022-05-19,ВТБ ао,VTBR,21920,376975225.65,0.0192,0.01891,0.01938,0.01917,0.01917,0.01917,19665300000,0.01917,0.01917,0.01917,376975225.65,376975225.65,376975225.65,0.0,3,SUR,-0.16,
TQBR,2022-05-20,ВТБ ао,VTBR,26818,393890049.15,0.019295,0.018725,0.01939,0.018875,0.01897,0.018875,20766170000,0.01897,0.01897,0.018875,393890049.15,393890049.15,393890049.15,0.0,3,SUR,-1.54,
TQBR,2022-05-23,ВТБ ао,VTBR,25457,351675698.35,0.018975,0.018505,0.019085,0.01857,0.01876,0.01857,18746790000,0.01876,0.01876,0.01857,351675698.35,351675698.35,351675698.35,0.0,3,SUR,-1.62,
TQBR,2022-05-24,ВТБ ао,VTBR,29449,498148153.85,0.018525,0.0181,0.01888,0.018705,0.01852,0.018705,26898460000,0.01852,0.01852,0.018705,498148153.85,498148153.85,498148153.85,0.0,3,SUR,0.73,
TQBR,2022-05-25,ВТБ ао,VTBR,22899,390522056.65,0.0188,0.0185,0.01894,0.01881,0.018725,0.01881,20856780000,0.018725,0.018725,0.01881,390522056.65,390522056.65,390522056.65,0.0,3,SUR,0.56,
TQBR,2022-05-26,ВТБ ао,VTBR,31285,617862363.25,0.01887,0.018635,0.01908,0.0188,0.01883,0.0188,32812530000,0.01883,0.01883,0.0188,617862363.25,617862363.25,617862363.25,0.0,3,SUR,-0.05,
TQBR,2022-05-27,ВТБ ао,VTBR,24479,354192357.2,0.01888,0.01855,0.01888,0.0186,0.01864,0.0186,19001020000,0.01864,0.01864,0.0186,354192357.2,354192357.2,354192357.2,0.0,3,SUR,-1.06,
TQBR,2022-05-30,ВТБ ао,VTBR,29757,470738310.15,0.018695,0.018265,0.01876,0.0183,0.018435,0.0183,25536330000,0.018435,0.018435,0.0183,470738310.15,470738310.15,470738310.15,0.0,3,SUR,-1.61,
TQBR,2022-05-31,ВТБ ао,VTBR,21862,272639363.75,0.018245,0.018105,0.01839,0.01831,0.018205,0.01831,14975090000,0.018205,0.018205,0.01831,272639363.75,272639363.75,272639363.75,0.0,3,SUR,0.05,
TQBR,2022-06-01,ВТБ ао,VTBR,26009,454319066.65,0.01824,0.0181,0.01859,0.018495,0.018445,0.018495,24634200000,0.018445,0.018445,0.018495,454319066.65,454319066.65,454319066.65,0.0,3,SUR,1.01,
TQBR,2022-06-02,ВТБ ао,VTBR,35914,548315461.65,0.018435,0.017915,0.0185,0.017935,0.018115,0.017935,30268790000,0.018115,0.018115,0.017935,548315461.65,548315461.65,548315461.65,0.0,3,SUR,-3.03,
TQBR,2022-06-03,ВТБ ао,VTBR,34769,533082195.7,0.017935,0.017425,0.018095,0.01755,0.01764,0.01755,30221140000,0.01764,0.01764,0.01755,533082195.7,533082195.7,533082195.7,0.0,3,SUR,-2.15,
TQBR,2022-06-06,ВТБ ао,VTBR,26779,356095790.7,0.01756,0.0172,0.01768,0.017415,0.017385,0.017415,20480150000,0.017385,0.017385,0.017415,356095790.7,356095790.7,356095790.7,0.0,3,SUR,-0.77,
TQBR,2022-06-07,ВТБ ао,VTBR,29403,449565315.65,0.017415,0.016955,0.01742,0.01721,0.017155,0.01721,26208780000,0.017155,0.017155,0.01721,449565315.65,449565315.65,449565315.65,0.0,3,SUR,-1.18,
TQBR,2022-06-08,ВТБ ао,VTBR,27051,463987497.15,0.017265,0.017125,0.017695,0.01734,0.017425,0.01734,26625180000,0.017425,0.017425,0.01734,463987497.15,463987497.15,463987497.15,0.0,3,SUR,0.76,
TQBR,2022-06-09,ВТБ ао,VTBR,22940,278408104.1,0.017395,0.016975,0.017415,0.01703,0.01711,0.01703,16270650000,0.01711,0.01711,0.01703,278408104.1,278408104.1,278408104.1,0.0,3,SUR,-1.79,
TQBR,2022-06-10,ВТБ ао,VTBR,24608,273061440.3,0.01703,0.01695,0.01719,0.017,0.01704,0.017,16023640000,0.01704,0.01704,0.017,273061440.3,273061440.3,273061440.3,0.0,3,SUR,-0.18,
TQBR,2022-06-14,ВТБ ао,VTBR,35354,563249111.2,0.01699,0.01675,0.01765,0.017495,0.01732,0.017495,32523270000,0.01732,0.01732,0.017495,563249111.2,563249111.2,563249111.2,0.0,3,SUR,2.91,
TQBR,2022-06-15,ВТБ ао,VTBR,34822,636301070.4,0.01752,0.01752,0.01797,0.0176,0.01777,0.0176,35810820000,0.01777,0.01777,0.0176,636301070.4,636301070.4,636301070.4,0.0,3,SUR,0.6,
TQBR,2022-06-16,ВТБ ао,VTBR,30991,555869032.6,0.017685,0.0175,0.017835,0.017795,0.017685,0.017795,31430570000,0.017685,0.017685,0.017795,555869032.6,555869032.6,555869032.6,0.0,3,SUR,1.11,
TQBR,2022-06-17,ВТБ ао,VTBR,31168,703597833.0,0.0178,0.017715,0.01821,0.0179,0.01799,0.0179,39109430000,0.01799,0.01799,0.0179,703597833.0,703597833.0,703597833.0,0.0,3,SUR,0.59,
TQBR,2022-06-20,ВТБ ао,VTBR,42410,884441606.55,0.018045,0.018,0.018855,0.01874,0.018365,0.01874,48161610000,0.018365,0.018365,0.01874,884441606.55,884441606.55,884441606.55,0.0,3,SUR,4.69,
TQBR,2022-06-21,ВТБ ао,VTBR,36541,872035607.55,0.0189,0.0182,0.01897,0.018205,0.018485,0.018205,47154370000,0.018495,0.018495,0.018205,872035607.55,872035607.55,872035607.55,0.0,3,SUR,-2.85,
TQBR,2022-06-22,ВТБ ао,VTBR,31195,713261915.65,0.018095,0.01781,0.01851,0.01851,0.018125,0.01851,39353840000,0.018125,0.018125,0.01851,713261915.65,713261915.65,713261915.65,0.0,3,SUR,1.68,
TQBR,2022-06-23,ВТБ ао,VTBR,35706,966226199.3,0.01848,0.018275,0.01897,0.018585,0.01868,0.018585,51718500000,0.01868,0.01868,0.018585,966226199.3,966226199.3,966226199.3,0.0,3,SUR,0.41,
TQBR,2022-06-24,ВТБ ао,VTBR,25234,492904062.25,0.018715,0.018325,0.018785,0.0186,0.01854,0.0186,26584940000,0.01854,0.01854,0.0186,492904062.25,492904062.25,492904062.25,0.0,3,SUR,0.08,
TQBR,2022-06-27,ВТБ ао,VTBR,39483,909133627.8,0.01859,0.01855,0.01917,0.0191,0.01898,0.0191,47904940000,0.01898,0.01898,0.0191,909133627.8,909133627.8,909133627.8,0.0,3,SUR,2.69,
TQBR,2022-06-28,ВТБ ао,VTBR,42067,1035744290.35,0.01918,0.01882,0.01953,0.0193,0.0192,0.0193,53939280000,0.0192,0.0192,0.0193,1035744290.35,1035744290.35,1035744290.35,0.0,3,SUR,1.05,
TQBR,2022-06-29,ВТБ ао,VTBR,35632,683188022.7,0.019345,0.018585,0.019345,0.018705,0.01893,0.018705,36092380000,0.01893,0.01893,0.018705,683188022.7,683188022.7,683188022.7,0.0,3,SUR,-3.08,
TQBR,2022-06-30,ВТБ ао,VTBR,52309,1048966525.05,0.0187,0.0176,0.01895,0.01778,0.01818,0.01778,57706770000,0.01818,0.01818,0.01778,1048966525.05,1048966525.05,1048966525.05,0.0,3,SUR,-4.95,
TQBR,2022-07-01,ВТБ ао,VTBR,36350,600561598.0,0.0177,0.017315,0.01825,0.017505,0.01793,0.017505,33495700000,0.01793,0.01793,0.017505,600561598.0,600561598.0,600561598.0,0.0,3,SUR,-1.55,
TQBR,2022-07-04,ВТБ ао,VTBR,45281,752458841.45,0.01776,0.01776,0.01855,0.01855,0.01815,0.01855,41462620000,0.01815,0.01815,0.01855,752458841.45,752458841.45,752458841.45,0.0,3,SUR,5.97,
TQBR,2022-07-05,ВТБ ао,VTBR,55855,1160924358.3,0.018555,0.018495,0.0191,0.018785,0.018795,0.018785,61765120000,0.018795,0.018795,0.018785,1160924358.3,1160924358.3,1160924358.3,0.0,3,SUR,1.27,
TQBR,2022-07-06,ВТБ ао,VTBR,32544,596895707.5,0.01861,0.018585,0.0191,0.01872,0.018875,0.01872,31627190000,0.018875,0.018875,0.01872,596895707.5,596895707.5,596895707.5,0.0,3,SUR,-0.35,
TQBR,2022-07-07,ВТБ ао,VTBR,23409,426306137.0,0.0188,0.0185,0.01888,0.018735,0.018695,0.018735,22802910000,0.018695,0.018695,0.018735,426306137.0,426306137.0,426306137.0,0.0,3,SUR,0.08,
TQBR,2022-07-08,ВТБ ао,VTBR,23154,348685188.05,0.01885,0.01862,0.01894,0.01883,0.01878,0.01883,18567480000,0.01878,0.01878,0.01883,348685188.05,348685188.05,348685188.05,0.0,3,SUR,0.51,
TQBR,2022-07-11,ВТБ ао,VTBR,29516,436442970.0,0.01865,0.01827,0.01887,0.018325,0.01852,0.018325,23565200000,0.01852,0.01852,0.018325,436442970.0,436442970.0,436442970.0,0.0,3,SUR,-2.68,
TQBR,2022-07-12,ВТБ ао,VTBR,31066,561454551.8,0.01836,0.01805,0.018475,0.018165,0.018265,0.018165,30737190000,0.018265,0.018265,0.018165,561454551.8,561454551.8,561454551.8,0.0,3,SUR,-0.87,
TQBR,2022-07-13,ВТБ ао,VTBR,29436,435634264.1,0.01833,0.01777,0.01843,0.017885,0.01802,0.017885,24178060000,0.01802,0.01802,0.017885,435634264.1,435634264.1,435634264.1,0.0,3,SUR,-1.54,
TQBR,2022-07-14,ВТБ ао,VTBR,32125,405086050.3,0.0179,0.017735,0.0182,0.01775,0.01797,0.01775,22543310000,0.01797,0.01797,0.01775,405086050.3,405086050.3,405086050.3,0.0,3,SUR,-0.75,
TQBR,2022-07-15,ВТБ ао,VTBR,24220,416868950.15,0.017865,0.01768,0.018065,0.017985,0.01788,0.017985,23313250000,0.01788,0.01788,0.017985,416868950.15,416868950.15,416868950.15,0.0,3,SUR,1.32,
TQBR,2022-07-18,ВТБ ао,VTBR,25448,359738488.45,0.018065,0.017875,0.018235,0.01808,0.01805,0.01808,19932630000,0.01805,0.01805,0.01808,359738488.45,359738488.45,359738488.45,0.0,3,SUR,0.53,
TQBR,2022-07-19,ВТБ ао,VTBR,32652,554022486.75,0.01809,0.01783,0.018415,0.018405,0.018175,0.018405,30482030000,0.018175,0.018175,0.018405,554022486.75,554022486.75,554022486.75,0.0,3,SUR,1.8,
TQBR,2022-07-20,ВТБ ао,VTBR,30354,591547455.5,0.01852,0.018205,0.018745,0.01823,0.018465,0.01823,32032280000,0.018465,0.018465,0.01823,591547455.5,591547455.5,591547455.5,0.0,3,SUR,-0.95,
TQBR,2022-07-21,ВТБ ао,VTBR,23933,447800834.4,0.01823,0.017875,0.018315,0.01818,0.018125,0.01818,24706290000,0.018125,0.018125,0.01818,447800834.4,447800834.4,447800834.4,0.0,3,SUR,-0.27,
TQBR,2022-07-22,ВТБ ао,VTBR,24835,435089843.35,0.01817,0.018135,0.018565,0.01839,0.018395,0.01839,23651040000,0.018395,0.018395,0.01839,435089843.35,435089843.35,435089843.35,0.0,3,SUR,1.16,
TQBR,2022-07-25,ВТБ ао,VTBR,27761,401395590.9,0.01835,0.01827,0.018675,0.01851,0.018495,0.01851,21705100000,0.018495,0.018495,0.01851,401395590.9,401395590.9,401395590.9,0.0,3,SUR,0.65,
TQBR,2022-07-26,ВТБ ао,VTBR,26374,413284143.65,0.01857,0.01851,0.01877,0.01863,0.018635,0.01863,22175340000,0.018635,0.018635,0.01863,413284143.65,413284143.65,413284143.65,0.0,3,SUR,0.65,
TQBR,2022-07-27,ВТБ ао,VTBR,31330,496772393.55,0.01863,0.0184,0.01885,0.01845,0.01865,0.01845,26637330000,0.01865,0.01865,0.01845,496772393.55,496772393.55,496772393.55,0.0,3,SUR,-0.97,
TQBR,2022-07-28,ВТБ ао,VTBR,22081,295530543.55,0.01859,0.018275,0.018635,0.0185,0.01844,0.0185,16027750000,0.01844,0.01844,0.0185,295530543.55,295530543.55,295530543.55,0.0,3,SUR,0.27,
TQBR,2022-07-29,ВТБ ао,VTBR,22263,304116090.1,0.01855,0.01835,0.0186,0.018585,0.018495,0.018585,16443340000,0.018495,0.018495,0.018585,304116090.1,304116090.1,304116090.1,0.0,3,SUR,0.46,
TQBR,2022-08-01,ВТБ ао,VTBR,26813,366232435.95,0.018595,0.018155,0.018615,0.018155,0.01834,0.018155,19968420000,0.01834,0.01834,0.018155,366232435.95,366232435.95,366232435.95,0.0,3,SUR,-2.31,
TQBR,2022-08-02,ВТБ ао,VTBR,26393,380060608.8,0.01815,0.017985,0.01827,0.01801,0.018095,0.01801,21005520000,0.018095,0.018095,0.01801,380060608.8,380060608.8,380060608.8,0.0,3,SUR,-0.8,
TQBR,2022-08-03,ВТБ ао,VTBR,26153,355441520.25,0.018035,0.0178,0.01815,0.0178,0.017975,0.0178,19773650000,0.017975,0.017975,0.0178,355441520.25,355441520.25,355441520.25,0.0,3,SUR,-1.17,
TQBR,2022-08-04,ВТБ ао,VTBR,22144,282028416.5,0.017885,0.017805,0.018085,0.017945,0.017975,0.017945,15688910000,0.017975,0.017975,0.017945,282028416.5,282028416.5,282028416.5,0.0,3,SUR,0.81,
TQBR,2022-08-05,ВТБ ао,VTBR,33758,448039155.45,0.018015,0.017455,0.018025,0.01762,0.017685,0.01762,25334270000,0.017685,0.017685,0.01762,448039155.45,448039155.45,448039155.45,0.0,3,SUR,-1.81,
TQBR,2022-08-08,ВТБ ао,VTBR,29478,423983846.9,0.01785,0.017655,0.017995,0.017655,0.017835,0.017655,23769680000,0.017835,0.017835,0.017655,423983846.9,423983846.9,423983846.9,0.0,3,SUR,0.2,
TQBR,2022-08-09,ВТБ ао,VTBR,23569,323829543.7,0.01771,0.017535,0.017935,0.01792,0.017725,0.01792,18270560000,0.017725,0.017725,0.01792,323829543.7,323829543.7,323829543.7,0.0,3,SUR,1.5,
TQBR,2022-08-10,ВТБ ао,VTBR,20731,336787408.3,0.017875,0.017785,0.018125,0.01807,0.01798,0.01807,18732570000,0.01798,0.01798,0.01807,336787408.3,336787408.3,336787408.3,0.0,3,SUR,0.84,
TQBR,2022-08-11,ВТБ ао,VTBR,23326,338269889.0,0.0181,0.017755,0.01817,0.01785,0.017955,0.01785,18839050000,0.017955,0.017955,0.01785,338269889.0,338269889.0,338269889.0,0.0,3,SUR,-1.22,
TQBR,2022-08-12,ВТБ ао,VTBR,20386,264434826.4,0.01785,0.01768,0.018,0.017955,0.01788,0.017955,14787610000,0.01788,0.01788,0.017955,264434826.4,264434826.4,264434826.4,0.0,3,SUR,0.59,
TQBR,2022-08-15,ВТБ ао,VTBR,22387,318864680.9,0.01792,0.01779,0.018085,0.018,0.01793,0.018,17785520000,0.01793,0.01793,0.018,318864680.9,318864680.9,318864680.9,0.0,3,SUR,0.25,
TQBR,2022-08-16,ВТБ ао,VTBR,23772,323978962.45,0.01807,0.017915,0.01813,0.018065,0.01805,0.018065,17947720000,0.01805,0.01805,0.018065,323978962.45,323978962.45,323978962.45,0.0,3,SUR,0.36,
TQBR,2022-08-17,ВТБ ао,VTBR,41524,753412196.6,0.018105,0.018105,0.0185,0.01818,0.018315,0.01818,41140760000,0.018315,0.018315,0.01818,753412196.6,753412196.6,753412196.6,0.0,3,SUR,0.64,
TQBR,2022-08-18,ВТБ ао,VTBR,16570,282092257.75,0.01819,0.01802,0.0183,0.01814,0.01818,0.01814,15518100000,0.01818,0.01818,0.01814,282092257.75,282092257.75,282092257.75,0.0,3,SUR,-0.22,
TQBR,2022-08-19,ВТБ ао,VTBR,20321,306455047.95,0.01819,0.017915,0.01819,0.018,0.01802,0.018,17007850000,0.01802,0.01802,0.018,306455047.95,306455047.95,306455047.95,0.0,3,SUR,-0.77,
TQBR,2022-08-22,ВТБ ао,VTBR,20203,297223652.0,0.017975,0.017875,0.01811,0.01804,0.018035,0.01804,16478320000,0.018035,0.018035,0.01804,297223652.0,297223652.0,297223652.0,0.0,3,SUR,0.22,
TQBR,2022-08-23,ВТБ ао,VTBR,22967,412706022.3,0.018005,0.018005,0.018365,0.01833,0.018245,0.01833,22618070000,0.018245,0.018245,0.01833,412706022.3,412706022.3,412706022.3,0.0,3,SUR,1.61,
TQBR,2022-08-24,ВТБ ао,VTBR,18624,314508424.85,0.018385,0.01815,0.01844,0.018275,0.018265,0.018275,17220450000,0.018265,0.018265,0.018275,314508424.85,314508424.85,314508424.85,0.0,3,SUR,-0.3,
TQBR,2022-08-25,ВТБ ао,VTBR,21253,289495124.5,0.01828,0.0181,0.0184,0.018145,0.018255,0.018145,15858930000,0.018255,0.018255,0.018145,289495124.5,289495124.5,289495124.5,0.0,3,SUR,-0.71,
TQBR,2022-08-26,ВТБ ао,VTBR,15300,197867007.7,0.018105,0.0181,0.018295,0.01824,0.01821,0.01824,10865740000,0.01821,0.01821,0.01824,197867007.7,197867007.7,197867007.7,0.0,3,SUR,0.52,
TQBR,2022-08-29,ВТБ ао,VTBR,27824,496685676.9,0.01824,0.01818,0.01869,0.01865,0.018415,0.01865,26975340000,0.018415,0.018415,0.01865,496685676.9,496685676.9,496685676.9,0.0,3,SUR,2.25,
TQBR,2022-08-30,ВТБ ао,VTBR,39200,940505596.45,0.01875,0.01856,0.01898,0.018795,0.01879,0.018795,50050500000,0.01879,0.01879,0.018795,940505596.45,940505596.45,940505596.45,0.0,3,SUR,0.78,
TQBR,2022-08-31,ВТБ ао,VTBR,63358,1485762280.55,0.019145,0.018925,0.01957,0.019345,0.01923,0.019345,77254320000,0.01923,0.01923,0.019345,1485762280.55,1485762280.55,1485762280.55,0.0,3,SUR,2.93,
TQBR,2022-09-01,ВТБ ао,VTBR,43460,939190473.35,0.019345,0.019125,0.019685,0.01953,0.019395,0.01953,48425110000,0.019395,0.019395,0.01953,939190473.35,939190473.35,939190473.35,0.0,3,SUR,0.96,
TQBR,2022-09-02,ВТБ ао,VTBR,92975,1570873173.25,0.01965,0.0195,0.02018,0.02009,0.01993,0.02009,78824930000,0.01993,0.01993,0.02009,1570873173.25,1570873173.25,1570873173.25,0.0,3,SUR,2.87,
TQBR,2022-09-05,ВТБ ао,VTBR,67611,1465194444.45,0.0202,0.01976,0.02069,0.02067,0.020185,0.02067,72588640000,0.020185,0.020185,0.02067,1465194444.45,1465194444.45,1465194444.45,0.0,3,SUR,2.89,
TQBR,2022-09-06,ВТБ ао,VTBR,74407,2007675760.65,0.02054,0.019505,0.0208,0.01991,0.020115,0.01991,99815170000,0.020115,0.020115,0.01991,2007675760.65,2007675760.65,2007675760.65,0.0,3,SUR,-3.68,
TQBR,2022-09-07,ВТБ ао,VTBR,53227,1157352320.1,0.01991,0.0197,0.02046,0.01988,0.02009,0.01988,57602340000,0.02009,0.02009,0.01988,1157352320.1,1157352320.1,1157352320.1,0.0,3,SUR,-0.15,
TQBR,2022-09-08,ВТБ ао,VTBR,41263,952151288.85,0.01989,0.0196,0.0201,0.01965,0.01983,0.01965,48011240000,0.01983,0.01983,0.01965,952151288.85,952151288.85,952151288.85,0.0,3,SUR,-1.16,
TQBR,2022-09-09,ВТБ ао,VTBR,30158,597247062.85,0.01982,0.01966,0.01995,0.01986,0.01979,0.01986,30176260000,0.01979,0.01979,0.01986,597247062.85,597247062.85,597247062.85,0.0,3,SUR,1.07,
TQBR,2022-09-12,ВТБ ао,VTBR,53118,980844508.3,0.019755,0.01963,0.02028,0.02007,0.0201,0.02013,48800820000,0.0201,0.0201,0.02007,942604850.55,942604850.55,942604850.55,0.0,3,SUR,1.36,
TQBR,2022-09-13,ВТБ ао,VTBR,42388,929033676.85,0.020235,0.01991,0.020385,0.02,0.02013,0.019945,46147680000,0.02014,0.02014,0.02,874240559.8,874240559.8,874240559.8,0.0,3,SUR,-0.92,
TQBR,2022-09-14,ВТБ ао,VTBR,39562,883483938.8,0.0199,0.01965,0.020105,0.02002,0.019855,0.020045,44495730000,0.01984,0.01984,0.02002,791412766.45,791412766.45,791412766.45,0.0,3,SUR,0.5,
TQBR,2022-09-15,ВТБ ао,VTBR,38508,644060101.55,0.02003,0.01989,0.02015,0.020015,0.02002,0.020035,32174240000,0.020015,0.020015,0.020015,609444965.15,609444965.15,609444965.15,0.0,3,SUR,-0.05,
TQBR,2022-09-16,ВТБ ао,VTBR,42089,764300616.5,0.02,0.01982,0.020195,0.01994,0.020005,0.01994,38209990000,0.020005,0.020005,0.01994,726231368.4,726231368.4,726231368.4,0.0,3,SUR,-0.47,
TQBR,2022-09-19,ВТБ ао,VTBR,30192,485937481.4,0.0199,0.019835,0.02007,0.01989,0.019935,0.019875,24377640000,0.019935,0.019935,0.01989,458680212.95,458680212.95,458680212.95,0.0,3,SUR,-0.33,
TQBR,2022-09-20,ВТБ ао,VTBR,124973,2489593086.1,0.019875,0.01795,0.01997,0.018255,0.018915,0.01845,131611280000,0.019025,0.019025,0.018255,2106380658.05,2106380658.05,2106380658.05,0.0,3,SUR,-7.17,
TQBR,2022-09-21,ВТБ ао,VTBR,82996,1725143961.3,0.017,0.016805,0.0183,0.0173,0.01767,0.01743,97619590000,0.01769,0.01769,0.0173,1619053577.7,1619053577.7,1619053577.7,0.0,3,SUR,-5.53,
TQBR,2022-09-22,ВТБ ао,VTBR,57264,1038741876.55,0.01746,0.017435,0.01831,0.0179,0.01793,0.01795,57933190000,0.01793,0.01793,0.0179,976849385.75,976849385.75,976849385.75,0.0,3,SUR,2.98,
TQBR,2022-09-23,ВТБ ао,VTBR,58623,1053417022.0,0.0179,0.01685,0.01797,0.017,0.017225,0.017015,61153970000,0.01725,0.01725,0.017,970114052.5,970114052.5,970114052.5,0.0,3,SUR,-5.21,
TQBR,2022-09-26,ВТБ ао,VTBR,113373,2088543855.5,0.0165,0.01519,0.016775,0.01533,0.01591,0.015375,131286950000,0.015955,0.015955,0.01533,1876318528.35,1876318528.35,1876318528.35,0.0,3,SUR,-9.64,
TQBR,2022-09-27,ВТБ ао,VTBR,57763,1183388619.55,0.015795,0.015395,0.01614,0.015705,0.01576,0.015865,75089350000,0.015765,0.015765,0.015705,1058827672.5,1058827672.5,1058827672.5,0.0,3,SUR,3.19,
TQBR,2022-09-28,ВТБ ао,VTBR,52636,976342596.75,0.0158,0.01506,0.01615,0.015385,0.015605,0.015515,62557770000,0.015615,0.015615,0.015385,914304164.0,914304164.0,914304164.0,0.0,3,SUR,-2.21,
TQBR,2022-09-29,ВТБ ао,VTBR,59193,1106160367.5,0.015585,0.014505,0.01568,0.014955,0.014975,0.01497,73861410000,0.01497,0.01497,0.014955,995149960.95,995149960.95,995149960.95,0.0,3,SUR,-3.51,
TQBR,2022-09-30,ВТБ ао,VTBR,79596,1902285775.2,0.015055,0.014225,0.015175,0.01478,0.01474,0.01493,129066780000,0.01473,0.01473,0.01478,1794583106.65,1794583106.65,1794583106.65,0.0,3,SUR,-0.27,
TQBR,2022-10-03,ВТБ ао,VTBR,59704,1147665619.4,0.01504,0.01481,0.01584,0.015665,0.01538,0.015725,74617600000,0.015345,0.015345,0.015665,1039188907.15,1039188907.15,1039188907.15,0.0,3,SUR,5.32,
TQBR,2022-10-04,ВТБ ао,VTBR,48232,1110443376.5,0.015885,0.01501,0.01591,0.01531,0.015405,0.0153,72075030000,0.015415,0.015415,0.01531,1048460464.45,1048460464.45,1048460464.45,0.0,3,SUR,-2.7,
TQBR,2022-10-05,ВТБ ао,VTBR,43487,795345270.6,0.01528,0.014655,0.015295,0.01512,0.015,0.0152,53028510000,0.014985,0.014985,0.01512,739672177.4,739672177.4,739672177.4,0.0,3,SUR,-0.65,
TQBR,2022-10-06,ВТБ ао,VTBR,28547,466687315.7,0.015275,0.01504,0.015475,0.015175,0.01524,0.01514,30618670000,0.01525,0.01525,0.015175,434215188.85,434215188.85,434215188.85,0.0,3,SUR,-0.39,
TQBR,2022-10-07,ВТБ ао,VTBR,46488,634793094.8,0.0151,0.0144,0.01511,0.014655,0.01479,0.014425,42921860000,0.01486,0.01486,0.014655,472802404.1,472802404.1,472802404.1,0.0,3,SUR,-4.72,
TQBR,2022-10-10,ВТБ ао,VTBR,54053,839433175.6,0.014025,0.01388,0.01506,0.01495,0.01469,0.01492,57152160000,0.014665,0.014665,0.01495,770225976.95,770225976.95,770225976.95,0.0,3,SUR,3.43,
TQBR,2022-10-11,ВТБ ао,VTBR,34573,620320616.35,0.015,0.014745,0.015355,0.01517,0.0151,0.015225,41081160000,0.01509,0.01509,0.01517,565913866.0,565913866.0,565913866.0,0.0,3,SUR,2.04,
TQBR,2022-10-12,ВТБ ао,VTBR,25713,422900621.85,0.015245,0.015065,0.01539,0.01517,0.015225,0.01523,27777060000,0.015225,0.015225,0.01517,382143239.75,382143239.75,382143239.75,0.0,3,SUR,0.03,
TQBR,2022-10-13,ВТБ ао,VTBR,25458,418856400.2,0.015285,0.015085,0.0155,0.01528,0.0153,0.015275,27375990000,0.0153,0.0153,0.01528,399497435.8,399497435.8,399497435.8,0.0,3,SUR,0.3,
TQBR,2022-10-14,ВТБ ао,VTBR,34029,646882340.3,0.0154,0.01485,0.0154,0.01512,0.01511,0.0152,42807260000,0.01511,0.01511,0.01512,594118345.9,594118345.9,594118345.9,0.0,3,SUR,-0.49,
TQBR,2022-10-17,ВТБ ао,VTBR,38782,707693519.9,0.01521,0.01516,0.015895,0.015705,0.015535,0.015795,45555320000,0.015505,0.015505,0.015705,632171150.45,632171150.45,632171150.45,0.0,3,SUR,3.91,
TQBR,2022-10-18,ВТБ ао,VTBR,60827,1239663211.55,0.015875,0.01561,0.016385,0.01621,0.016065,0.01573,77165600000,0.016095,0.016095,0.01621,1007501076.6,1007501076.6,1007501076.6,0.0,3,SUR,-0.41,
TQBR,2022-10-19,ВТБ ао,VTBR,46797,1123728606.75,0.01573,0.015525,0.01595,0.01563,0.0157,0.015835,71584820000,0.015685,0.015685,0.01563,971675383.95,971675383.95,971675383.95,0.0,3,SUR,0.67,
TQBR,2022-10-20,ВТБ ао,VTBR,41928,958779958.95,0.0159,0.015785,0.016285,0.016015,0.016045,0.01606,59748230000,0.016055,0.016055,0.016015,869507947.7,869507947.7,869507947.7,0.0,3,SUR,1.42,
TQBR,2022-10-21,ВТБ ао,VTBR,29314,688011379.85,0.016065,0.01581,0.016265,0.0161,0.016055,0.01618,42857760000,0.016015,0.016015,0.0161,510665737.8,510665737.8,510665737.8,0.0,3,SUR,0.75,
TQBR,2022-10-24,ВТБ ао,VTBR,37286,742169682.65,0.01625,0.01588,0.01643,0.01613,0.016165,0.01608,45914800000,0.016165,0.016165,0.01613,698219183.5,698219183.5,698219183.5,0.0,3,SUR,-0.62,
TQBR,2022-10-25,ВТБ ао,VTBR,55862,1050558483.2,0.016055,0.016025,0.01676,0.01666,0.01644,0.01655,63899670000,0.01642,0.01642,0.01666,920130008.55,920130008.55,920130008.55,0.0,3,SUR,2.92,
TQBR,2022-10-26,ВТБ ао,VTBR,44612,857945674.3,0.016555,0.01643,0.01694,0.01672,0.016695,0.016755,51385960000,0.01669,0.01669,0.01672,787449353.0,787449353.0,787449353.0,0.0,3,SUR,1.24,
TQBR,2022-10-27,ВТБ ао,VTBR,47926,837298062.1,0.01679,0.01661,0.016995,0.016825,0.016845,0.016835,49704700000,0.016845,0.016845,0.016825,753182653.25,753182653.25,753182653.25,0.0,3,SUR,0.48,
TQBR,2022-10-28,ВТБ ао,VTBR,39829,756700775.15,0.016785,0.0165,0.017,0.01692,0.01678,0.016915,45094060000,0.01676,0.01676,0.01692,663223436.05,663223436.05,663223436.05,0.0,3,SUR,0.48,
TQBR,2022-10-31,ВТБ ао,VTBR,30362,568476369.85,0.016915,0.01676,0.017145,0.016845,0.01692,0.01684,33601460000,0.016925,0.016925,0.016845,527940618.4,527940618.4,527940618.4,0.0,3,SUR,-0.44,
TQBR,2022-11-01,ВТБ ао,VTBR,28374,403778836.7,0.016915,0.01678,0.01699,0.01694,0.016885,0.016845,23911860000,0.01689,0.01689,0.01694,363379535.0,363379535.0,363379535.0,0.0,3,SUR,0.03,
TQBR,2022-11-02,ВТБ ао,VTBR,30157,544123522.05,0.01685,0.016225,0.01688,0.0167,0.016655,0.0164,32668910000,0.016725,0.016725,0.0167,358837708.95,358837708.95,358837708.95,0.0,3,SUR,-2.64,
TQBR,2022-11-03,ВТБ ао,VTBR,29491,463182738.85,0.0164,0.01611,0.01649,0.01644,0.01633,0.0164,28359950000,0.016325,0.016325,0.01644,423158424.2,423158424.2,423158424.2,0.0,3,SUR,0.0,
TQBR,2022-11-07,ВТБ ао,VTBR,36610,799019074.2,0.016585,0.016485,0.016885,0.01678,0.01673,0.01686,47761910000,0.01672,0.01672,0.01678,724091504.95,724091504.95,724091504.95,0.0,3,SUR,2.8,
TQBR,2022-11-08,ВТБ ао,VTBR,44697,1198208720.05,0.0169,0.0167,0.017425,0.01735,0.01714,0.01725,69906900000,0.01711,0.01711,0.01735,999724829.05,999724829.05,999724829.05,0.0,3,SUR,2.31,
TQBR,2022-11-09,ВТБ ао,VTBR,41990,1058299023.75,0.0172,0.01652,0.017405,0.01667,0.016935,0.01659,62500760000,0.01701,0.01701,0.01667,836378354.55,836378354.55,836378354.55,0.0,3,SUR,-3.83,
TQBR,2022-11-10,ВТБ ао,VTBR,55522,1554731943.55,0.016735,0.016655,0.01736,0.017165,0.01711,0.01729,90875410000,0.017095,0.017095,0.017165,1413697485.2,1413697485.2,1413697485.2,0.0,3,SUR,4.22,
TQBR,2022-11-11,ВТБ ао,VTBR,37922,817665113.2,0.017335,0.01698,0.017395,0.017145,0.017185,0.01716,47581650000,0.01719,0.01719,0.017145,755083533.6,755083533.6,755083533.6,0.0,3,SUR,-0.75,
TQBR,2022-11-14,ВТБ ао,VTBR,55025,978099208.9,0.017225,0.01707,0.01771,0.017475,0.017465,0.017425,56006780000,0.017465,0.017465,0.017475,898391741.1,898391741.1,898391741.1,0.0,3,SUR,1.54,
TQBR,2022-11-15,ВТБ ао,VTBR,54799,1334550350.65,0.01746,0.016315,0.017655,0.0172,0.017045,0.016805,78295580000,0.01731,0.01731,0.0172,730481353.35,730481353.35,730481353.35,0.0,3,SUR,-3.56,
TQBR,2022-11-16,ВТБ ао,VTBR,25624,596658334.35,0.01695,0.01691,0.0172,0.017165,0.01709,0.01708,34916710000,0.01709,0.01709,0.017165,533357663.0,533357663.0,533357663.0,0.0,3,SUR,1.64,
TQBR,2022-11-17,ВТБ ао,VTBR,24330,540867097.45,0.017125,0.01696,0.01731,0.017065,0.017125,0.017115,31583680000,0.01713,0.01713,0.017065,493941181.35,493941181.35,493941181.35,0.0,3,SUR,0.2,
TQBR,2022-11-18,ВТБ ао,VTBR,21587,406208211.65,0.01714,0.01692,0.017185,0.01705,0.017015,0.017035,23876860000,0.01701,0.01701,0.01705,345413004.2,345413004.2,345413004.2,0.0,3,SUR,-0.47,
TQBR,2022-11-21,ВТБ ао,VTBR,25880,530689458.5,0.017065,0.0167,0.017065,0.016815,0.01684,0.01688,31512770000,0.01684,0.01684,0.016815,463354852.65,463354852.65,463354852.65,0.0,3,SUR,-0.91,
TQBR,2022-11-22,ВТБ ао,VTBR,18857,390223173.85,0.01681,0.016795,0.01703,0.01694,0.016935,0.01699,23044230000,0.01693,0.01693,0.01694,340549828.75,340549828.75,340549828.75,0.0,3,SUR,0.65,
TQBR,2022-11-23,ВТБ ао,VTBR,20999,397984693.0,0.017,0.0169,0.01719,0.017075,0.017065,0.01706,23320040000,0.01707,0.01707,0.017075,349395721.55,349395721.55,349395721.55,0.0,3,SUR,0.41,
TQBR,2022-11-24,ВТБ ао,VTBR,18974,368392701.95,0.0171,0.016985,0.017215,0.01709,0.017095,0.017035,21549630000,0.0171,0.0171,0.01709,328079151.45,328079151.45,328079151.45,0.0,3,SUR,-0.15,
TQBR,2022-11-25,ВТБ ао,VTBR,15641,239052785.65,0.01701,0.016945,0.01709,0.016985,0.01702,0.01698,14044570000,0.01703,0.01703,0.016985,197468615.05,197468615.05,197468615.05,0.0,3,SUR,-0.32,
TQBR,2022-11-28,ВТБ ао,VTBR,23440,363853586.15,0.016865,0.01677,0.016945,0.01685,0.01683,0.01685,21612920000,0.016835,0.016835,0.01685,333951539.05,333951539.05,333951539.05,0.0,3,SUR,-0.77,
TQBR,2022-11-29,ВТБ ао,VTBR,14286,220332633.4,0.01691,0.016835,0.01695,0.01694,0.0169,0.016915,13036460000,0.0169,0.0169,0.01694,197034898.25,197034898.25,197034898.25,0.0,3,SUR,0.39,
TQBR,2022-11-30,ВТБ ао,VTBR,12860,178831079.55,0.016975,0.016815,0.016975,0.016835,0.01688,0.01694,10595530000,0.01687,0.01687,0.016835,138123514.3,138123514.3,138123514.3,0.0,3,SUR,0.15,
TQBR,2022-12-01,ВТБ ао,VTBR,17434,267957659.1,0.01699,0.01683,0.01705,0.01689,0.016915,0.016935,15840890000,0.016925,0.016925,0.01689,220684498.2,220684498.2,220684498.2,0.0,3,SUR,-0.03,
TQBR,2022-12-02,ВТБ ао,VTBR,14994,244711625.55,0.016915,0.01679,0.016915,0.016845,0.01683,0.01683,14539920000,0.016825,0.016825,0.016845,208031932.65,208031932.65,208031932.65,0.0,3,SUR,-0.62,
TQBR,2022-12-05,ВТБ ао,VTBR,31827,834340566.7,0.01684,0.016785,0.017255,0.017255,0.017085,0.01698,48828260000,0.017085,0.017085,0.017255,667791914.6,667791914.6,667791914.6,0.0,3,SUR,0.89,
TQBR,2022-12-06,ВТБ ао,VTBR,41483,1137829544.7,0.017065,0.0157,0.017125,0.01704,0.01675,0.01671,67929000000,0.01696,0.01696,0.01704,400659372.5,400659372.5,400659372.5,0.0,3,SUR,-1.59,
TQBR,2022-12-07,ВТБ ао,VTBR,48154,1532892481.1,0.016575,0.01631,0.016965,0.016915,0.016575,0.0168,92482960000,0.016555,0.016555,0.016915,1417956062.1,1417956062.1,1417956062.1,0.0,3,SUR,0.54,
TQBR,2022-12-08,ВТБ ао,VTBR,21321,422011753.3,0.016885,0.01663,0.016945,0.0168,0.01673,0.01671,25221280000,0.016735,0.016735,0.0168,378076818.5,378076818.5,378076818.5,0.0,3,SUR,-0.54,
TQBR,2022-12-09,ВТБ ао,VTBR,17722,321250559.75,0.01671,0.016615,0.016845,0.01678,0.01673,0.016715,19199450000,0.016735,0.016735,0.01678,259536841.3,259536841.3,259536841.3,0.0,3,SUR,0.03,
TQBR,2022-12-12,ВТБ ао,VTBR,18918,275150259.45,0.016715,0.01661,0.01678,0.016695,0.016685,0.01669,16489960000,0.016685,0.016685,0.016695,246245818.85,246245818.85,246245818.85,0.0,3,SUR,-0.15,
TQBR,2022-12-13,ВТБ ао,VTBR,17966,285137756.9,0.016755,0.016585,0.016755,0.01672,0.01665,0.01663,17126460000,0.01665,0.01665,0.01672,238709645.15,238709645.15,238709645.15,0.0,3,SUR,-0.36,
TQBR,2022-12-14,ВТБ ао,VTBR,27032,422336834.25,0.01663,0.01632,0.016645,0.01647,0.016475,0.016415,25635080000,0.01648,0.01648,0.01647,372991936.2,372991936.2,372991936.2,0.0,3,SUR,-1.29,
TQBR,2022-12-15,ВТБ ао,VTBR,35097,591998956.35,0.016345,0.016045,0.01642,0.016235,0.01621,0.016125,36519070000,0.016215,0.016215,0.016235,530969983.85,530969983.85,530969983.85,0.0,3,SUR,-1.77,
TQBR,2022-12-16,ВТБ ао,VTBR,20741,277828919.55,0.016105,0.01608,0.01629,0.016145,0.01618,0.01618,17172300000,0.01618,0.01618,0.016145,248575312.45,248575312.45,248575312.45,0.0,3,SUR,0.34,
TQBR,2022-12-19,ВТБ ао,VTBR,24873,391461964.05,0.01613,0.01601,0.01624,0.016135,0.01611,0.01603,24301520000,0.01611,0.01611,0.016135,346266299.3,346266299.3,346266299.3,0.0,3,SUR,-0.93,
TQBR,2022-12-20,ВТБ ао,VTBR,29199,558741211.3,0.016,0.01588,0.01649,0.01629,0.01617,0.016425,34557050000,0.01615,0.01615,0.01629,494201777.25,494201777.25,494201777.25,0.0,3,SUR,2.46,
TQBR,2022-12-21,ВТБ ао,VTBR,26707,357244441.15,0.016485,0.01621,0.016535,0.016445,0.01638,0.01638,21811800000,0.016375,0.016375,0.016445,313828697.05,313828697.05,313828697.05,0.0,3,SUR,-0.27,
TQBR,2022-12-22,ВТБ ао,VTBR,61638,1544242070.45,0.01643,0.01632,0.01718,0.01689,0.016845,0.017045,91673740000,0.01683,0.01683,0.01689,1320368322.05,1320368322.05,1320368322.05,0.0,3,SUR,4.06,
TQBR,2022-12-23,ВТБ ао,VTBR,27282,690870920.05,0.017045,0.0169,0.01715,0.016955,0.017,0.01693,40642620000,0.017005,0.017005,0.016955,646030560.6,646030560.6,646030560.6,0.0,3,SUR,-0.67,
TQBR,2022-12-26,ВТБ ао,VTBR,30959,686501894.85,0.017005,0.016955,0.0172,0.017145,0.01709,0.017105,40172900000,0.017085,0.017085,0.017145,614483601.25,614483601.25,614483601.25,0.0,3,SUR,1.03,
TQBR,2022-12-27,ВТБ ао,VTBR,29544,763864072.8,0.01718,0.01694,0.017335,0.017035,0.01708,0.017,44723620000,0.01709,0.01709,0.017035,697720991.55,697720991.55,697720991.55,0.0,3,SUR,-0.61,
TQBR,2022-12-28,ВТБ ао,VTBR,80390,2449268698.6,0.016995,0.01622,0.017045,0.0165,0.01654,0.016475,148064800000,0.016585,0.016585,0.0165,1519423178.55,1519423178.55,1519423178.55,0.0,3,SUR,-3.09,
TQBR,2022-12-29,ВТБ ао,VTBR,28484,639657971.85,0.0165,0.016365,0.01667,0.01658,0.016565,0.01661,38612470000,0.01656,0.01656,0.01658,571840501.15,571840501.15,571840501.15,0.0,3,SUR,0.82,
TQBR,2022-12-30,ВТБ ао,VTBR,31630,844293910.9,0.016655,0.01635,0.01672,0.01665,0.01654,0.01639,51044760000,0.016615,0.016615,0.01665,429935660.25,429935660.25,429935660.25,0.0,3,SUR,-1.32,
TQBR,2023-01-03,ВТБ ао,VTBR,23112,351388902.55,0.016355,0.016345,0.0165,0.01645,0.01643,0.016445,21387320000,0.01643,0.01643,0.01645,311127988.7,311127988.7,311127988.7,0.0,3,SUR,0.34,
TQBR,2023-01-04,ВТБ ао,VTBR,20041,210058797.9,0.01644,0.01638,0.016525,0.016475,0.016435,0.01643,12781350000,0.016435,0.016435,0.016475,179256768.8,179256768.8,179256768.8,0.0,3,SUR,-0.09,
TQBR,2023-01-05,ВТБ ао,VTBR,20510,253557995.15,0.016495,0.016235,0.016495,0.01635,0.01635,0.01632,15506460000,0.016385,0.016385,0.01635,152849551.85,152849551.85,152849551.85,0.0,3,SUR,-0.67,
TQBR,2023-01-06,ВТБ ао,VTBR,22916,261429957.7,0.016355,0.01617,0.016355,0.016205,0.01623,0.016205,16107440000,0.01623,0.01623,0.016205,221060671.9,221060671.9,221060671.9,0.0,3,SUR,-0.7,
TQBR,2023-01-09,ВТБ ао,VTBR,30218,648716246.65,0.01627,0.01623,0.016535,0.016315,0.0164,0.01646,39558910000,0.016395,0.016395,0.016315,547253971.3,547253971.3,547253971.3,0.0,3,SUR,1.57,
TQBR,2023-01-10,ВТБ ао,VTBR,20150,283545336.3,0.0164,0.0163,0.01644,0.01636,0.016365,0.016365,17326130000,0.016365,0.016365,0.01636,233977286.15,233977286.15,233977286.15,0.0,3,SUR,-0.58,
TQBR,2023-01-11,ВТБ ао,VTBR,43571,876527831.25,0.016325,0.01632,0.01676,0.016695,0.016595,0.01668,52826330000,0.016575,0.016575,0.016695,732349342.7,732349342.7,732349342.7,0.0,3,SUR,1.92,
TQBR,2023-01-12,ВТБ ао,VTBR,26087,512126532.85,0.016775,0.01652,0.01678,0.01654,0.0166,0.016585,30846440000,0.016605,0.016605,0.01654,465491046.7,465491046.7,465491046.7,0.0,3,SUR,-0.57,
TQBR,2023-01-13,ВТБ ао,VTBR,30160,684903583.2,0.016575,0.016465,0.01682,0.01669,0.016655,0.016645,41121110000,0.01666,0.01666,0.01669,603538267.8,603538267.8,603538267.8,0.0,3,SUR,0.36,
TQBR,2023-01-16,ВТБ ао,VTBR,56820,1011482981.9,0.01672,0.016715,0.017145,0.0171,0.016945,0.01713,59690630000,0.01692,0.01692,,875250791.65,875250791.65,,0.0,3,SUR,2.91,
TQBR,2023-01-17,ВТБ ао,VTBR,41224,870759312.7,0.01715,0.0167,0.01717,0.016895,0.016935,0.01671,51411590000,0.016985,0.016985,,647365738.3,647365738.3,,0.0,3,SUR,-2.45,
TQBR,2023-01-18,ВТБ ао,VTBR,26980,533359646.1,0.01672,0.016655,0.01696,0.016795,0.01683,0.01673,31694090000,0.01684,0.01684,,437581376.6,437581376.6,,0.0,3,SUR,0.12,
TQBR,2023-01-19,ВТБ ао,VTBR,33901,674072997.85,0.01671,0.016505,0.01682,0.016585,0.016605,0.01665,40591550000,0.016605,0.016605,,544885303.85,544885303.85,,0.0,3,SUR,-0.48,
TQBR,2023-01-20,ВТБ ао,VTBR,20465,331196677.1,0.01669,0.016525,0.016735,0.016625,0.016625,0.016715,19920510000,0.016615,0.016615,,278305384.65,278305384.65,,0.0,3,SUR,0.39,
TQBR,2023-01-23,ВТБ ао,VTBR,25520,468766578.45,0.01677,0.0167,0.01688,0.016825,0.016815,0.01682,27879310000,0.016815,0.016815,,397973087.85,397973087.85,,0.0,3,SUR,0.63,
TQBR,2023-01-24,ВТБ ао,VTBR,28818,460749895.9,0.016845,0.01658,0.0169,0.016655,0.016745,0.01659,27517030000,0.016775,0.016775,,373923461.1,373923461.1,,0.0,3,SUR,-1.37,
TQBR,2023-01-25,ВТБ ао,VTBR,40448,743868534.25,0.0166,0.01633,0.01675,0.01656,0.0165,0.01663,45084280000,0.01649,0.01649,,691424749.15,691424749.15,,0.0,3,SUR,0.24,
TQBR,2023-01-26,ВТБ ао,VTBR,23376,313296061.45,0.016665,0.016555,0.016735,0.0166,0.016635,0.0166,18835500000,0.01664,0.01664,,270055813.35,270055813.35,,0.0,3,SUR,-0.18,
TQBR,2023-01-27,ВТБ ао,VTBR,20241,361863106.55,0.016555,0.016545,0.016685,0.01661,0.0166,0.016585,21798590000,0.0166,0.0166,,282580594.5,282580594.5,,0.0,3,SUR,-0.09,
TQBR,2023-01-30,ВТБ ао,VTBR,50555,1247138308.65,0.01655,0.01647,0.017025,0.016865,0.01675,0.016795,74454490000,0.01674,0.01674,,1100965741.05,1100965741.05,,0.0,3,SUR,1.27,
TQBR,2023-01-31,ВТБ ао,VTBR,29416,658087419.25,0.01687,0.01679,0.01698,0.016935,0.016895,0.01695,38953660000,0.016885,0.016885,,497565801.2,497565801.2,,0.0,3,SUR,0.92,
TQBR,2023-02-01,ВТБ ао,VTBR,61266,1538083961.25,0.01695,0.0169,0.017395,0.01709,0.017165,0.017115,89606360000,0.01717,0.01717,,1195228517.85,1195228517.85,,0.0,3,SUR,0.97,
TQBR,2023-02-02,ВТБ ао,VTBR,42333,904928748.05,0.017195,0.016805,0.01725,0.017075,0.017075,0.017025,52995290000,0.01708,0.01708,,828222836.0,828222836.0,,0.0,3,SUR,-0.53,
TQBR,2023-02-03,ВТБ ао,VTBR,32818,791874140.6,0.017,0.01664,0.017065,0.01695,0.01688,0.016915,46911780000,0.016875,0.016875,,723942204.25,723942204.25,,0.0,3,SUR,-0.65,
TQBR,2023-02-06,ВТБ ао,VTBR,33799,840645058.45,0.016915,0.01686,0.01716,0.01713,0.01706,0.01713,49279660000,0.017055,0.017055,,747342294.05,747342294.05,,0.0,3,SUR,1.27,
TQBR,2023-02-07,ВТБ ао,VTBR,53776,1560004849.2,0.01702,0.01688,0.01735,0.01701,0.017125,0.0171,91083520000,0.01713,0.01713,,1475894079.9,1475894079.9,,0.0,3,SUR,-0.18,
TQBR,2023-02-08,ВТБ ао,VTBR,39293,817800299.8,0.01712,0.016955,0.01728,0.017005,0.017115,0.01702,47785530000,0.017125,0.017125,,735175782.05,735175782.05,,0.0,3,SUR,-0.47,
TQBR,2023-02-09,ВТБ ао,VTBR,29604,507918705.55,0.01703,0.0169,0.01708,0.01704,0.016995,0.016995,29883080000,0.016995,0.016995,,448243542.25,448243542.25,,0.0,3,SUR,-0.15,
TQBR,2023-02-10,ВТБ ао,VTBR,20561,300727972.65,0.017015,0.016905,0.017015,0.016905,0.01696,0.016945,17729810000,0.016965,0.016965,,249620158.95,249620158.95,,0.0,3,SUR,-0.29,
TQBR,2023-02-13,ВТБ ао,VTBR,30466,389429951.45,0.01696,0.016775,0.017025,0.016895,0.016905,0.01683,23037000000,0.01691,0.01691,,338635905.95,338635905.95,,0.0,3,SUR,-0.68,
TQBR,2023-02-14,ВТБ ао,VTBR,44129,684713430.95,0.01683,0.0164,0.01685,0.016705,0.016655,0.01684,41106970000,0.016645,0.016645,,599267727.2,599267727.2,,0.0,3,SUR,0.06,
TQBR,2023-02-15,ВТБ ао,VTBR,60743,1091167994.05,0.016635,0.01593,0.016685,0.01623,0.016325,0.01604,66842640000,0.016485,0.016485,,552732231.55,552732231.55,,0.0,3,SUR,-4.75,
TQBR,2023-02-16,ВТБ ао,VTBR,52168,918127781.15,0.016195,0.01581,0.016355,0.01581,0.016075,0.016,57120540000,0.0161,0.0161,,763115745.0,763115745.0,,0.0,3,SUR,-0.25,
TQBR,2023-02-17,ВТБ ао,VTBR,31882,508344542.0,0.015995,0.015855,0.016125,0.015965,0.01602,0.015985,31729180000,0.016025,0.016025,,437061130.05,437061130.05,,0.0,3,SUR,-0.09,
TQBR,2023-02-20,ВТБ ао,VTBR,35412,619781584.7,0.016045,0.015905,0.016335,0.01625,0.01611,0.016215,38471580000,0.016095,0.016095,,548866672.3,548866672.3,,0.0,3,SUR,1.44,
TQBR,2023-02-21,ВТБ ао,VTBR,39896,866545042.2,0.01622,0.01622,0.016665,0.0164,0.016435,0.0164,52725820000,0.01644,0.01644,,815949469.1,815949469.1,,0.0,3,SUR,1.14,
TQBR,2023-02-22,ВТБ ао,VTBR,19982,215049401.65,0.0164,0.016295,0.016445,0.016355,0.01636,0.01634,13144380000,0.01636,0.01636,,179474442.65,179474442.65,,0.0,3,SUR,-0.37,
TQBR,2023-02-24,ВТБ ао,VTBR,23570,386797138.3,0.01635,0.016095,0.01644,0.016195,0.01624,0.016205,23815610000,0.01625,0.01625,,330898906.7,330898906.7,,0.0,3,SUR,-0.83,
TQBR,2023-02-27,ВТБ ао,VTBR,37483,558528306.8,0.01615,0.016125,0.016585,0.016465,0.01639,0.016415,34081850000,0.01638,0.01638,,488606915.65,488606915.65,,0.0,3,SUR,1.3,
TQBR,2023-02-28,ВТБ ао,VTBR,31323,509246248.1,0.016415,0.01634,0.016615,0.016465,0.016465,0.01646,30927870000,0.016465,0.016465,,464269970.05,464269970.05,,0.0,3,SUR,0.27,
TQBR,2023-03-01,ВТБ ао,VTBR,32510,659963795.8,0.016505,0.01646,0.01669,0.016645,0.016595,0.01665,39766570000,0.01659,0.01659,,575292041.5,575292041.5,,0.0,3,SUR,1.15,
TQBR,2023-03-02,ВТБ ао,VTBR,42023,659927367.3,0.016645,0.016235,0.016725,0.0164,0.01645,0.016405,40114090000,0.016455,0.016455,,625535303.3,625535303.3,,0.0,3,SUR,-1.47,
TQBR,2023-03-03,ВТБ ао,VTBR,29181,368089873.2,0.016435,0.016385,0.0166,0.01651,0.01653,0.016585,22269580000,0.01652,0.01652,,297708391.9,297708391.9,,0.0,3,SUR,1.1,
TQBR,2023-03-06,ВТБ ао,VTBR,41795,518940685.5,0.01665,0.01663,0.01681,0.01679,0.016745,0.01677,30988050000,0.016745,0.016745,,460828588.6,460828588.6,,0.0,3,SUR,1.12,
TQBR,2023-03-07,ВТБ ао,VTBR,27243,411672408.1,0.01681,0.016675,0.016865,0.01676,0.016775,0.016765,24540500000,0.016785,0.016785,,330658055.55,330658055.55,,0.0,3,SUR,-0.03,
TQBR,2023-03-09,ВТБ ао,VTBR,28522,356226528.25,0.016785,0.016655,0.016835,0.016745,0.01672,0.01668,21302840000,0.016725,0.016725,,304219592.8,304219592.8,,0.0,3,SUR,-0.51,
TQBR,2023-03-10,ВТБ ао,VTBR,33636,547905610.8,0.016625,0.016405,0.01663,0.016585,0.01654,0.01649,33128700000,0.01655,0.01655,,439489697.2,439489697.2,,0.0,3,SUR,-1.14,
TQBR,2023-03-13,ВТБ ао,VTBR,34321,537484088.3,0.01655,0.01634,0.016675,0.016495,0.0165,0.016455,32572820000,0.016505,0.016505,,487313030.4,487313030.4,,0.0,3,SUR,-0.21,
TQBR,2023-03-14,ВТБ ао,VTBR,26582,414302745.5,0.016495,0.016395,0.016645,0.01661,0.016555,0.01655,25027810000,0.01656,0.01656,,324860670.05,324860670.05,,0.0,3,SUR,0.58,
TQBR,2023-03-15,ВТБ ао,VTBR,32494,597159991.5,0.01658,0.016355,0.016675,0.016415,0.01649,0.01646,36207950000,0.0165,0.0165,,525902402.1,525902402.1,,0.0,3,SUR,-0.54,
TQBR,2023-03-16,ВТБ ао,VTBR,26942,372260987.1,0.01644,0.01629,0.016505,0.016355,0.016395,0.016425,22706260000,0.016395,0.016395,,338436319.05,338436319.05,,0.0,3,SUR,-0.21,
TQBR,2023-03-17,ВТБ ао,VTBR,52104,1196598475.15,0.016495,0.01645,0.0168,0.016685,0.01662,0.01669,71995700000,0.016615,0.016615,,1054437471.95,1054437471.95,,0.0,3,SUR,1.61,
TQBR,2023-03-20,ВТБ ао,VTBR,293217,12401195481.6,0.017305,0.01718,0.01919,0.019125,0.018405,0.018995,673816380000,0.018265,0.018265,,9840168466.05,9840168466.05,,0.0,3,SUR,13.81,
TQBR,2023-03-21,ВТБ ао,VTBR,191387,7504173213.95,0.018995,0.018035,0.019345,0.018265,0.018635,0.018275,402645950000,0.01869,0.01869,,6609733200.9,6609733200.9,,0.0,3,SUR,-3.79,
TQBR,2023-03-22,ВТБ ао,VTBR,55829,1858159919.3,0.01825,0.018135,0.0186,0.01844,0.018415,0.018405,100895830000,0.01841,0.01841,,1659780127.45,1659780127.45,,0.0,3,SUR,0.71,
TQBR,2023-03-23,ВТБ ао,VTBR,41311,1176745295.15,0.0184,0.01805,0.018555,0.01821,0.01828,0.018155,64371940000,0.018295,0.018295,,1035550144.75,1035550144.75,,0.0,3,SUR,-1.36,
TQBR,2023-03-24,ВТБ ао,VTBR,81035,2270006188.8,0.01821,0.017725,0.01824,0.017895,0.017955,0.0179,126451050000,0.01797,0.01797,,1805665272.15,1805665272.15,,0.0,3,SUR,-1.4,
TQBR,2023-03-27,ВТБ ао,VTBR,64310,1649296865.8,0.017985,0.017915,0.018475,0.018295,0.01822,0.01834,90530560000,0.01818,0.01818,,1337206822.45,1337206822.45,,0.0,3,SUR,2.46,
TQBR,2023-03-28,ВТБ ао,VTBR,37193,930450843.0,0.01838,0.018085,0.01852,0.01828,0.01825,0.0183,50979060000,0.018245,0.018245,,825170281.75,825170281.75,,0.0,3,SUR,-0.22,
TQBR,2023-03-29,ВТБ ао,VTBR,44099,996887031.4,0.018385,0.018175,0.018465,0.018395,0.018345,0.01834,54341980000,0.01834,0.01834,,889711219.7,889711219.7,,0.0,3,SUR,0.22,
TQBR,2023-03-30,ВТБ ао,VTBR,31498,620318170.5,0.01834,0.01825,0.018445,0.01836,0.01836,0.01836,33790680000,0.018355,0.018355,,538475222.15,538475222.15,,0.0,3,SUR,0.11,
TQBR,2023-03-31,ВТБ ао,VTBR,42585,1236854043.55,0.0184,0.017865,0.01842,0.018085,0.018085,0.01814,68399730000,0.01808,0.01808,,1092816189.2,1092816189.2,,0.0,3,SUR,-1.2,
TQBR,2023-04-03,ВТБ ао,VTBR,210504,7758018479.9,0.018185,0.01803,0.02003,0.019795,0.019305,0.01991,401936830000,0.019185,0.019185,,6382853901.0,6382853901.0,,0.0,3,SUR,9.76,
TQBR,2023-04-04,ВТБ ао,VTBR,201941,9897462770.15,0.02,0.019795,0.02092,0.02,0.020395,0.02037,485235360000,0.020415,0.020415,,9005526379.2,9005526379.2,,0.0,3,SUR,2.31,
TQBR,2023-04-05,ВТБ ао,VTBR,231298,10488514590.2,0.020405,0.01871,0.020425,0.01909,0.01922,0.018895,545679830000,0.01924,0.01924,,9879778298.5,9879778298.5,,0.0,3,SUR,-7.24,
TQBR,2023-04-06,ВТБ ао,VTBR,90602,2760251050.25,0.01885,0.01861,0.019175,0.018755,0.01888,0.01877,146200110000,0.018885,0.018885,,2459275584.8,2459275584.8,,0.0,3,SUR,-0.66,
TQBR,2023-04-07,ВТБ ао,VTBR,43791,1110249188.05,0.0188,0.01868,0.01889,0.018765,0.01879,0.01883,59084420000,0.018785,0.018785,,890255019.6,890255019.6,,0.0,3,SUR,0.32,
TQBR,2023-04-10,ВТБ ао,VTBR,53571,1678557726.5,0.018965,0.01885,0.019075,0.018975,0.01898,0.01904,88429850000,0.018975,0.018975,,1419236508.95,1419236508.95,,0.0,3,SUR,1.12,
TQBR,2023-04-11,ВТБ ао,VTBR,81430,2620963948.35,0.01909,0.018345,0.01914,0.01861,0.0188,0.01858,139411100000,0.01883,0.01883,,2233511436.05,2233511436.05,,0.0,3,SUR,-2.42,
TQBR,2023-04-12,ВТБ ао,VTBR,41933,1119027190.0,0.01861,0.01847,0.0188,0.01865,0.01865,0.018655,59996750000,0.01865,0.01865,,1039780587.55,1039780587.55,,0.0,3,SUR,0.4,
TQBR,2023-04-13,ВТБ ао,VTBR,30609,992473912.55,0.018705,0.018485,0.018825,0.01864,0.018605,0.01864,53348300000,0.018605,0.018605,,851318526.15,851318526.15,,0.0,3,SUR,-0.08,
TQBR,2023-04-14,ВТБ ао,VTBR,26895,796613738.95,0.018625,0.018405,0.01874,0.018695,0.0186,0.018695,42830640000,0.01858,0.01858,,662757018.2,662757018.2,,0.0,3,SUR,0.3,
TQBR,2023-04-17,ВТБ ао,VTBR,90956,3714547156.35,0.01882,0.01874,0.01945,0.01938,0.01926,0.01931,192874350000,0.019255,0.019255,,3435362510.75,3435362510.75,,0.0,3,SUR,3.29,
TQBR,2023-04-18,ВТБ ао,VTBR,47515,1878729457.75,0.019315,0.01908,0.019455,0.01938,0.019285,0.01941,97408530000,0.01927,0.01927,,1568432596.05,1568432596.05,,0.0,3,SUR,0.52,
TQBR,2023-04-19,ВТБ ао,VTBR,94515,4273885932.15,0.01952,0.01885,0.019875,0.01957,0.01953,0.019315,218843130000,0.019545,0.019545,,3854825968.1,3854825968.1,,0.0,3,SUR,-0.49,
TQBR,2023-04-20,ВТБ ао,VTBR,107261,4977614552.8,0.01942,0.019305,0.020365,0.02002,0.019835,0.02003,250942300000,0.01982,0.01982,,4561698329.3,4561698329.3,,0.0,3,SUR,3.7,
TQBR,2023-04-21,ВТБ ао,VTBR,51483,2083710434.55,0.020045,0.01986,0.02031,0.020115,0.0201,0.020195,103669270000,0.020095,0.020095,,1846876870.8,1846876870.8,,0.0,3,SUR,0.82,
TQBR,2023-04-24,ВТБ ао,VTBR,80650,3399683650.9,0.020115,0.01991,0.02064,0.020155,0.020275,0.02001,167693220000,0.02033,0.02033,,2799436525.9,2799436525.9,,0.0,3,SUR,-0.92,
TQBR,2023-04-25,ВТБ ао,VTBR,60405,2740228714.2,0.020065,0.019605,0.02018,0.01987,0.01991,0.019765,137647520000,0.019915,0.019915,,2574758534.5,2574758534.5,,0.0,3,SUR,-1.22,
TQBR,2023-04-26,ВТБ ао,VTBR,120513,6636578410.4,0.01982,0.01978,0.020885,0.0207,0.020505,0.02074,323628380000,0.020465,0.020465,,5593588281.3,5593588281.3,,0.0,3,SUR,4.93,
TQBR,2023-04-27,ВТБ ао,VTBR,271430,15347549575.15,0.02085,0.020815,0.02279,0.021995,0.021825,0.022465,703268100000,0.021575,0.021575,,10800537981.5,10800537981.5,,0.0,3,SUR,8.32,
TQBR,2023-04-28,ВТБ ао,VTBR,168063,10437055476.3,0.0225,0.02175,0.02295,0.02237,0.02226,0.02222,468890990000,0.02226,0.02226,,9604641497.75,9604641497.75,,0.0,3,SUR,-1.09,
TQBR,2023-05-02,ВТБ ао,VTBR,130051,8174367794.3,0.0223,0.021095,0.022875,0.02163,0.02207,0.02188,370359620000,0.022105,0.022105,,7321040043.25,7321040043.25,,0.0,3,SUR,-1.53,
TQBR,2023-05-03,ВТБ ао,VTBR,103749,6292012056.45,0.021865,0.0208,0.021865,0.021015,0.021325,0.020955,295049720000,0.021455,0.021455,,4609992601.85,4609992601.85,,0.0,3,SUR,-4.23,
TQBR,2023-05-04,ВТБ ао,VTBR,75652,4140527876.9,0.0211,0.020605,0.02135,0.020775,0.020965,0.021095,197494540000,0.020965,0.020965,,3670525395.05,3670525395.05,,0.0,3,SUR,0.67,
TQBR,2023-05-05,ВТБ ао,VTBR,88458,5085242355.3,0.02113,0.0209,0.021795,0.021165,0.02137,0.02106,237975820000,0.021415,0.021415,,4354221819.5,4354221819.5,,0.0,3,SUR,-0.17,
TQBR,2023-05-08,ВТБ ао,VTBR,39379,2077322246.05,0.021195,0.020675,0.021315,0.0208,0.020905,0.02069,99369090000,0.02093,0.02093,,1787132604.25,1787132604.25,,0.0,3,SUR,-1.76,
TQBR,2023-05-10,ВТБ ао,VTBR,106011,6180518791.75,0.02076,0.02075,0.02218,0.02169,0.021545,0.0221,286899450000,0.021415,0.021415,,4713461530.4,4713461530.4,,0.0,3,SUR,6.81,
TQBR,2023-05-11,ВТБ ао,VTBR,123498,6882076301.35,0.0221,0.02122,0.022455,0.021915,0.02191,0.021665,314130370000,0.022075,0.022075,,4536966666.1,4536966666.1,,0.0,3,SUR,-1.97,
TQBR,2023-05-12,ВТБ ао,VTBR,51065,2935326546.75,0.021605,0.02141,0.02192,0.02171,0.02163,0.02171,135717700000,0.021635,0.021635,,2365034086.4,2365034086.4,,0.0,3,SUR,0.21,
TQBR,2023-05-15,ВТБ ао,VTBR,55723,3041968982.4,0.022,0.02181,0.02249,0.02202,0.02211,0.02248,137572710000,0.02203,0.02203,,1928122224.6,1928122224.6,,0.0,3,SUR,3.55,
TQBR,2023-05-16,ВТБ ао,VTBR,58448,3073768117.95,0.02254,0.02201,0.02269,0.02218,0.022285,0.02233,137915570000,0.02228,0.02228,,2718064820.7,2718064820.7,,0.0,3,SUR,-0.67,
TQBR,2023-05-17,ВТБ ао,VTBR,161259,10003399796.85,0.02237,0.022115,0.023485,0.023235,0.022945,0.023345,435976470000,0.02291,0.02291,,8984420464.5,8984420464.5,,0.0,3,SUR,4.55,
TQBR,2023-05-18,ВТБ ао,VTBR,174446,11767610071.15,0.02345,0.02281,0.024145,0.023255,0.023485,0.02321,501095260000,0.023495,0.023495,,11279128603.85,11279128603.85,,0.0,3,SUR,-0.58,
TQBR,2023-05-19,ВТБ ао,VTBR,81624,5147290255.0,0.023035,0.02281,0.02364,0.023335,0.02322,0.02313,221654100000,0.02324,0.02324,,4399829590.85,4399829590.85,,0.0,3,SUR,-0.34,
TQBR,2023-05-22,ВТБ ао,VTBR,74649,3945170071.9,0.023395,0.02261,0.02348,0.02285,0.023015,0.022885,171407150000,0.023035,0.023035,,3433405301.45,3433405301.45,,0.0,3,SUR,-1.06,
TQBR,2023-05-23,ВТБ ао,VTBR,119473,7061213598.0,0.02315,0.0228,0.0238,0.023635,0.02328,0.02366,303318930000,0.02318,0.02318,,5514572547.35,5514572547.35,,0.0,3,SUR,3.39,
TQBR,2023-05-24,ВТБ ао,VTBR,108589,6921526385.4,0.0238,0.02329,0.02407,0.023675,0.02367,0.023625,292403010000,0.023685,0.023685,,5874763556.9,5874763556.9,,0.0,3,SUR,-0.15,
TQBR,2023-05-25,ВТБ ао,VTBR,111057,5916139100.75,0.0236,0.02288,0.02375,0.023135,0.0232,0.02322,254984630000,0.023205,0.023205,,5416737799.55,5416737799.55,,0.0,3,SUR,-1.71,
TQBR,2023-05-26,ВТБ ао,VTBR,84877,5159064104.7,0.023115,0.02288,0.02364,0.023235,0.02324,0.02325,221968570000,0.02324,0.02324,,4713697341.5,4713697341.5,,0.0,3,SUR,0.13,
TQBR,2023-05-29,ВТБ ао,VTBR,92431,5107964844.6,0.02349,0.022925,0.02359,0.0233,0.023245,0.023205,219766510000,0.023245,0.023245,,4655105898.1,4655105898.1,,0.0,3,SUR,-0.19,
TQBR,2023-05-30,ВТБ ао,VTBR,97039,5304691550.15,0.02285,0.02228,0.023195,0.022615,0.022795,0.022485,232708260000,0.02282,0.02282,,4728385593.05,4728385593.05,,0.0,3,SUR,-3.1,
TQBR,2023-05-31,ВТБ ао,VTBR,72274,3923941267.75,0.02236,0.021955,0.022475,0.022395,0.022225,0.0222,176541100000,0.022215,0.022215,,3547436819.6,3547436819.6,,0.0,3,SUR,-1.27,
TQBR,2023-06-01,ВТБ ао,VTBR,98917,4240309016.95,0.02225,0.021265,0.02236,0.02177,0.0218,0.021425,194516060000,0.021965,0.021965,,2858126361.3,2858126361.3,,0.0,3,SUR,-3.49,
TQBR,2023-06-02,ВТБ ао,VTBR,241977,13564847319.0,0.0205,0.02023,0.02275,0.02258,0.0218,0.02263,622221870000,0.021725,0.021725,,12270044903.35,12270044903.35,,0.0,3,SUR,5.62,
TQBR,2023-06-05,ВТБ ао,VTBR,117580,6675100646.1,0.0227,0.0217,0.02303,0.02204,0.022285,0.021905,299508140000,0.02235,0.02235,,5780206160.35,5780206160.35,,0.0,3,SUR,-3.2,
TQBR,2023-06-06,ВТБ ао,VTBR,113527,4727103562.7,0.02183,0.02146,0.022625,0.022355,0.022065,0.022335,214238630000,0.022035,0.022035,,4209234236.6,4209234236.6,,0.0,3,SUR,1.96,
TQBR,2023-06-07,ВТБ ао,VTBR,148644,8252130859.65,0.02234,0.02232,0.023245,0.022825,0.02288,0.02296,360657810000,0.02288,0.02288,,7602736947.9,7602736947.9,,0.0,3,SUR,2.8,
TQBR,2023-06-08,ВТБ ао,VTBR,69971,3885256336.2,0.022915,0.022675,0.02317,0.022825,0.022895,0.02275,169705790000,0.0229,0.0229,,3536692224.7,3536692224.7,,0.0,3,SUR,-0.91,
TQBR,2023-06-09,ВТБ ао,VTBR,49007,2713137677.8,0.022825,0.02265,0.023075,0.022765,0.022865,0.022785,118662100000,0.02288,0.02288,,2320885431.45,2320885431.45,,0.0,3,SUR,0.15,
TQBR,2023-06-13,ВТБ ао,VTBR,78853,4238580101.85,0.02301,0.022815,0.02333,0.02299,0.02303,0.02302,184036000000,0.023035,0.023035,,3900951756.2,3900951756.2,,0.0,3,SUR,1.03,
TQBR,2023-06-14,ВТБ ао,VTBR,50611,2422696851.6,0.02312,0.02292,0.02323,0.022985,0.023075,0.02305,104983450000,0.023085,0.023085,,2091529925.55,2091529925.55,,0.0,3,SUR,0.13,
TQBR,2023-06-15,ВТБ ао,VTBR,59546,2499942462.55,0.023035,0.02276,0.0231,0.02305,0.022965,0.02305,108853080000,0.022955,0.022955,,2146455518.05,2146455518.05,,0.0,3,SUR,0.0,
TQBR,2023-06-16,ВТБ ао,VTBR,63746,2542527526.75,0.02306,0.022685,0.023165,0.023,0.02294,0.022975,110827410000,0.022925,0.022925,,2095336655.75,2095336655.75,,0.0,3,SUR,-0.33,
TQBR,2023-06-19,ВТБ ао,VTBR,43469,2006428227.1,0.022925,0.02278,0.02306,0.022885,0.02293,0.022885,87493720000,0.02294,0.02294,,1787188582.25,1787188582.25,,0.0,3,SUR,-0.39,
TQBR,2023-06-20,ВТБ ао,VTBR,54139,2607791354.9,0.022815,0.022365,0.0229,0.02265,0.02271,0.022695,114837810000,0.02271,0.02271,,2462528741.4,2462528741.4,,0.0,3,SUR,-0.83,
TQBR,2023-06-21,ВТБ ао,VTBR,50279,2062880727.9,0.022695,0.022525,0.023,0.022835,0.02278,0.022775,90555920000,0.02278,0.02278,,1919276161.25,1919276161.25,,0.0,3,SUR,0.35,
TQBR,2023-06-22,ВТБ ао,VTBR,69127,2757287583.75,0.022705,0.0209,0.022815,0.02262,0.022415,0.02233,123013090000,0.02269,0.02269,,876401261.1,876401261.1,,0.0,3,SUR,-1.95,
TQBR,2023-06-23,ВТБ ао,VTBR,101727,4629751828.0,0.0222,0.0216,0.022525,0.0223,0.0221,0.022,209502100000,0.02219,0.02219,,2879022272.4,2879022272.4,,0.0,3,SUR,-1.48,
TQBR,2023-06-26,ВТБ ао,VTBR,96206,4176023493.35,0.022275,0.021425,0.02235,0.0219,0.021925,0.02188,190469340000,0.02207,0.02207,,2383184704.1,2383184704.1,,0.0,3,SUR,-0.55,
TQBR,2023-06-27,ВТБ ао,VTBR,60458,2817562287.05,0.021935,0.02161,0.022155,0.021835,0.021885,0.02181,128744440000,0.02193,0.02193,,2079853724.4,2079853724.4,,0.0,3,SUR,-0.32,
TQBR,2023-06-28,ВТБ ао,VTBR,52604,1682233720.5,0.021845,0.0216,0.02195,0.021755,0.021755,0.021675,77328860000,0.02177,0.02177,,1361170672.9,1361170672.9,,0.0,3,SUR,-0.62,
TQBR,2023-06-29,ВТБ ао,VTBR,48328,2096990659.05,0.02165,0.02155,0.02195,0.021805,0.021795,0.021805,96213400000,0.021795,0.021795,,1841465025.6,1841465025.6,,0.0,3,SUR,0.6,
TQBR,2023-06-30,ВТБ ао,VTBR,31723,1105446503.6,0.02181,0.021645,0.021935,0.02174,0.021735,0.021685,50854820000,0.02175,0.02175,,900706800.3,900706800.3,,0.0,3,SUR,-0.55,
TQBR,2023-07-03,ВТБ ао,VTBR,62919,2487301849.4,0.021795,0.021675,0.02209,0.02192,0.021945,0.02209,113339920000,0.021935,0.021935,,2200159900.25,2200159900.25,,0.0,3,SUR,1.87,
TQBR,2023-07-04,ВТБ ао,VTBR,101953,4874482518.8,0.02214,0.02207,0.022695,0.022695,0.022405,0.02243,217582380000,0.022375,0.022375,,3935930974.55,3935930974.55,,0.0,3,SUR,1.54,
TQBR,2023-07-05,ВТБ ао,VTBR,47663,2221725026.55,0.022525,0.022205,0.022665,0.02238,0.022435,0.02244,99031940000,0.022455,0.022455,,1828823376.65,1828823376.65,,0.0,3,SUR,0.04,
TQBR,2023-07-06,ВТБ ао,VTBR,51111,2194850649.5,0.02245,0.022295,0.022555,0.022395,0.022435,0.022415,97839470000,0.022435,0.022435,,1983933635.1,1983933635.1,,0.0,3,SUR,-0.11,
TQBR,2023-07-07,ВТБ ао,VTBR,41578,1894538892.4,0.022445,0.022025,0.02251,0.022275,0.022315,0.022485,84905710000,0.022275,0.022275,,1321559900.65,1321559900.65,,0.0,3,SUR,0.31,
TQBR,2023-07-10,ВТБ ао,VTBR,73359,3196026619.9,0.02268,0.02262,0.023025,0.022865,0.022835,0.02301,139973490000,0.022805,0.022805,,2421670599.2,2421670599.2,,0.0,3,SUR,2.33,
TQBR,2023-07-11,ВТБ ао,VTBR,125051,5989254146.6,0.02302,0.02285,0.02345,0.023205,0.02319,0.02336,258294440000,0.023175,0.023175,,5543322717.35,5543322717.35,,0.0,3,SUR,1.52,
TQBR,2023-07-12,ВТБ ао,VTBR,87288,3516381652.1,0.023435,0.02302,0.023485,0.023185,0.023235,0.0232,151323980000,0.023255,0.023255,,3001954281.0,3001954281.0,,0.0,3,SUR,-0.68,
TQBR,2023-07-13,ВТБ ао,VTBR,55174,2227901536.5,0.02323,0.0229,0.02335,0.023015,0.023075,0.023075,96551450000,0.023075,0.023075,,2070725864.4,2070725864.4,,0.0,3,SUR,-0.54,
TQBR,2023-07-14,ВТБ ао,VTBR,46686,1996762371.8,0.023065,0.02294,0.02337,0.023265,0.02316,0.023275,86207880000,0.023085,0.023085,,1187739407.2,1187739407.2,,0.0,3,SUR,0.87,
TQBR,2023-07-17,ВТБ ао,VTBR,51762,1991508189.6,0.023055,0.022915,0.023345,0.023255,0.02323,0.02323,85729720000,0.02323,0.02323,,1731735079.6,1731735079.6,,0.0,3,SUR,-0.19,
TQBR,2023-07-18,ВТБ ао,VTBR,80675,3716875852.25,0.02327,0.02322,0.023675,0.023455,0.02345,0.02354,158511580000,0.02343,0.02343,,3049549699.4,3049549699.4,,0.0,3,SUR,1.33,
TQBR,2023-07-19,ВТБ ао,VTBR,47244,1965336814.75,0.02361,0.02328,0.023635,0.02346,0.02346,0.02335,83774130000,0.023485,0.023485,,1536250530.25,1536250530.25,,0.0,3,SUR,-0.81,
TQBR,2023-07-20,ВТБ ао,VTBR,71043,3122749522.2,0.0234,0.02271,0.02341,0.023,0.02302,0.02276,135665750000,0.023065,0.023065,,2381016343.5,2381016343.5,,0.0,3,SUR,-2.53,
TQBR,2023-07-21,ВТБ ао,VTBR,49977,1873640799.65,0.0228,0.02276,0.023115,0.02292,0.022955,0.023035,81620190000,0.02295,0.02295,,1683885108.0,1683885108.0,,0.0,3,SUR,1.21,
TQBR,2023-07-24,ВТБ ао,VTBR,43698,1346758998.3,0.02312,0.023015,0.02329,0.02322,0.023175,0.023225,58112240000,0.02316,0.02316,,1100748900.9,1100748900.9,,0.0,3,SUR,0.82,
TQBR,2023-07-25,ВТБ ао,VTBR,40663,1462202989.95,0.02329,0.02318,0.02341,0.02341,0.023295,0.02331,62771810000,0.02329,0.02329,,1295927615.45,1295927615.45,,0.0,3,SUR,0.37,
TQBR,2023-07-26,ВТБ ао,VTBR,50593,2134173399.1,0.02331,0.02321,0.02356,0.0233,0.023385,0.02349,91254990000,0.023355,0.023355,,1519747193.55,1519747193.55,,0.0,3,SUR,0.77,
TQBR,2023-07-27,ВТБ ао,VTBR,234894,12629467976.4,0.023555,0.023545,0.0253,0.025005,0.02455,0.0251,514402230000,0.02445,0.02445,,10527543188.85,10527543188.85,,0.0,3,SUR,6.85,
TQBR,2023-07-28,ВТБ ао,VTBR,108138,5678731435.1,0.025125,0.024635,0.025285,0.02509,0.02494,0.02508,227682280000,0.0249,0.0249,,4674371880.1,4674371880.1,,0.0,3,SUR,-0.08,
TQBR,2023-07-31,ВТБ ао,VTBR,131889,6546090798.1,0.02535,0.02524,0.02595,0.02584,0.02571,0.025815,254625420000,0.0257,0.0257,,5913085926.95,5913085926.95,,0.0,3,SUR,2.93,
TQBR,2023-08-01,ВТБ ао,VTBR,97783,5031957964.05,0.0259,0.025415,0.026,0.0256,0.025735,0.02563,195545800000,0.02574,0.02574,,4667311002.1,4667311002.1,,0.0,3,SUR,-0.72,
TQBR,2023-08-02,ВТБ ао,VTBR,60040,2508929958.75,0.02563,0.02534,0.025685,0.02561,0.0255,0.0256,98384100000,0.02549,0.02549,,2222071078.65,2222071078.65,,0.0,3,SUR,-0.12,
TQBR,2023-08-03,ВТБ ао,VTBR,209992,11351785596.4,0.02555,0.025415,0.02731,0.02692,0.026685,0.02707,425427190000,0.02663,0.02663,,10058590070.05,10058590070.05,,0.0,3,SUR,5.74,
TQBR,2023-08-04,ВТБ ао,VTBR,172334,10533087270.5,0.0271,0.02594,0.02755,0.02624,0.02684,0.026525,392415670000,0.02693,0.02693,,9015176490.6,9015176490.6,,0.0,3,SUR,-2.01,
TQBR,2023-08-07,ВТБ ао,VTBR,117066,5431305900.1,0.02662,0.02563,0.02704,0.026005,0.026485,0.026075,205075020000,0.02667,0.02667,,4081844454.65,4081844454.65,,0.0,3,SUR,-1.7,
TQBR,2023-08-08,ВТБ ао,VTBR,102129,5785700759.65,0.02601,0.0254,0.02666,0.02627,0.02607,0.02666,221939250000,0.026025,0.026025,,5248882764.0,5248882764.0,,0.0,3,SUR,2.24,
TQBR,2023-08-09,ВТБ ао,VTBR,64826,3227335659.2,0.026705,0.02624,0.026965,0.026465,0.02659,0.026545,121364110000,0.0266,0.0266,,2963538570.3,2963538570.3,,0.0,3,SUR,-0.43,
TQBR,2023-08-10,ВТБ ао,VTBR,295861,18133724316.5,0.02672,0.026525,0.0288,0.028435,0.02791,0.02855,649697540000,0.02778,0.02778,,14689926450.05,14689926450.05,,0.0,3,SUR,7.55,
TQBR,2023-08-11,ВТБ ао,VTBR,113232,7039801886.15,0.02854,0.02808,0.02882,0.0283,0.028355,0.0283,248281190000,0.02836,0.02836,,6508639298.4,6508639298.4,,0.0,3,SUR,-0.88,
TQBR,2023-08-14,ВТБ ао,VTBR,147997,8508148291.4,0.028675,0.02727,0.02879,0.0277,0.028055,0.02746,303299500000,0.028195,0.028195,,6711942244.05,6711942244.05,,0.0,3,SUR,-2.97,
TQBR,2023-08-15,ВТБ ао,VTBR,91578,5325058239.9,0.0272,0.027055,0.02799,0.0276,0.02764,0.027195,192669990000,0.02768,0.02768,,4571302391.35,4571302391.35,,0.0,3,SUR,-0.97,
TQBR,2023-08-16,ВТБ ао,VTBR,115843,5954005546.4,0.027335,0.026255,0.027405,0.02664,0.026745,0.026775,222547540000,0.02675,0.02675,,5459316559.3,5459316559.3,,0.0,3,SUR,-1.54,
TQBR,2023-08-17,ВТБ ао,VTBR,139984,5575838260.2,0.02701,0.026555,0.02808,0.0268,0.02721,0.027845,204891540000,0.0269,0.0269,,2867839921.35,2867839921.35,,0.0,3,SUR,4.0,
TQBR,2023-08-18,ВТБ ао,VTBR,98854,5494982085.05,0.02799,0.027605,0.02832,0.028,0.027955,0.02796,196579970000,0.027945,0.027945,,4809658479.7,4809658479.7,,0.0,3,SUR,0.41,
TQBR,2023-08-21,ВТБ ао,VTBR,60868,2906776312.25,0.02813,0.027715,0.02824,0.027805,0.027955,0.02787,103987910000,0.027965,0.027965,,2626922538.6,2626922538.6,,0.0,3,SUR,-0.32,
TQBR,2023-08-22,ВТБ ао,VTBR,56182,2709701578.55,0.02785,0.027505,0.0279,0.02756,0.027685,0.027735,97875470000,0.027685,0.027685,,2375066896.45,2375066896.45,,0.0,3,SUR,-0.48,
TQBR,2023-08-23,ВТБ ао,VTBR,95097,4387752028.55,0.027815,0.02677,0.027815,0.02756,0.0273,0.02702,160730700000,0.027405,0.027405,,2652989355.1,2652989355.1,,0.0,3,SUR,-2.58,
TQBR,2023-08-24,ВТБ ао,VTBR,68635,2769449362.25,0.0272,0.026905,0.02765,0.027405,0.027305,0.027625,101410180000,0.02725,0.02725,,2228014403.75,2228014403.75,,0.0,3,SUR,2.24,
TQBR,2023-08-25,ВТБ ао,VTBR,63622,3136959619.8,0.027615,0.0275,0.028045,0.02792,0.02782,0.027855,112752270000,0.02781,0.02781,,2724258189.7,2724258189.7,,0.0,3,SUR,0.83,
TQBR,2023-08-28,ВТБ ао,VTBR,80049,3909257550.25,0.027965,0.02795,0.0285,0.02847,0.02823,0.028435,138460850000,0.02821,0.02821,,3483231649.95,3483231649.95,,0.0,3,SUR,2.08,
TQBR,2023-08-29,ВТБ ао,VTBR,87315,3552215301.35,0.028435,0.02805,0.02864,0.02826,0.028355,0.02824,125280620000,0.02836,0.02836,,3246518788.9,3246518788.9,,0.0,3,SUR,-0.69,
TQBR,2023-08-30,ВТБ ао,VTBR,55342,2413618419.2,0.028375,0.02785,0.028375,0.028105,0.028105,0.0281,85880150000,0.028105,0.028105,,2246222584.95,2246222584.95,,0.0,3,SUR,-0.5,
TQBR,2023-08-31,ВТБ ао,VTBR,128854,7613687845.3,0.028185,0.02815,0.029175,0.028735,0.028805,0.028825,264299810000,0.028805,0.028805,,6856909906.4,6856909906.4,,0.0,3,SUR,2.58,
TQBR,2023-09-01,ВТБ ао,VTBR,50499,2508006412.85,0.02881,0.028575,0.02899,0.028905,0.028775,0.02879,87166090000,0.028765,0.028765,,2163938442.6,2163938442.6,,0.0,3,SUR,-0.12,
TQBR,2023-09-04,ВТБ ао,VTBR,84337,4035096545.5,0.028995,0.02889,0.029385,0.02932,0.02915,0.029295,138413570000,0.02914,0.02914,,3658523024.05,3658523024.05,,0.0,3,SUR,1.75,
TQBR,2023-09-05,ВТБ ао,VTBR,79075,4365688474.3,0.02928,0.0287,0.029315,0.029095,0.02899,0.028995,150586110000,0.02899,0.02899,,3873129295.0,3873129295.0,,0.0,3,SUR,-1.02,
TQBR,2023-09-06,ВТБ ао,VTBR,57059,2831076192.45,0.028995,0.028315,0.028995,0.02857,0.02864,0.028515,98856220000,0.02865,0.02865,,2505843711.65,2505843711.65,,0.0,3,SUR,-1.66,
TQBR,2023-09-07,ВТБ ао,VTBR,117821,6460995135.2,0.0285,0.027075,0.028715,0.02733,0.027915,0.027545,231468320000,0.02798,0.02798,,5396482881.9,5396482881.9,,0.0,3,SUR,-3.4,
TQBR,2023-09-08,ВТБ ао,VTBR,98590,4425432189.3,0.02767,0.026735,0.02774,0.027165,0.0272,0.02719,162716390000,0.027195,0.027195,,4138630030.1,4138630030.1,,0.0,3,SUR,-1.29,
TQBR,2023-09-11,ВТБ ао,VTBR,102150,4603240750.35,0.02705,0.02652,0.027545,0.026735,0.02689,0.026665,171199450000,0.026905,0.026905,,4128538401.65,4128538401.65,,0.0,3,SUR,-1.93,
TQBR,2023-09-12,ВТБ ао,VTBR,77230,3569190941.4,0.02693,0.0267,0.02742,0.0272,0.02715,0.027355,131456480000,0.027135,0.027135,,3144574569.6,3144574569.6,,0.0,3,SUR,2.59,
TQBR,2023-09-13,ВТБ ао,VTBR,69981,2933635646.1,0.0274,0.026555,0.027575,0.0268,0.027075,0.02667,108351140000,0.027145,0.027145,,2464535928.65,2464535928.65,,0.0,3,SUR,-2.5,
TQBR,2023-09-14,ВТБ ао,VTBR,91148,4281722907.3,0.026705,0.025925,0.02682,0.02675,0.026395,0.026605,162235590000,0.026365,0.026365,,3902322735.45,3902322735.45,,0.0,3,SUR,-0.24,
TQBR,2023-09-15,ВТБ ао,VTBR,66829,3008098587.45,0.026665,0.02649,0.02718,0.027015,0.0269,0.027085,111822750000,0.026885,0.026885,,2695137267.15,2695137267.15,,0.0,3,SUR,1.8,
TQBR,2023-09-18,ВТБ ао,VTBR,58472,2588042760.6,0.027245,0.02667,0.027375,0.02697,0.02701,0.02687,95815130000,0.02702,0.02702,,2379236745.3,2379236745.3,,0.0,3,SUR,-0.79,
TQBR,2023-09-19,ВТБ ао,VTBR,117844,5325106819.75,0.02687,0.02563,0.02687,0.026195,0.02618,0.02567,203414590000,0.02623,0.02623,,4495158288.1,4495158288.1,,0.0,3,SUR,-4.47,
TQBR,2023-09-20,ВТБ ао,VTBR,112309,5898938039.1,0.02562,0.024905,0.026,0.02561,0.025485,0.02554,231455670000,0.025475,0.025475,,5437503635.3,5437503635.3,,0.0,3,SUR,-0.51,
TQBR,2023-09-21,ВТБ ао,VTBR,96913,4154300955.85,0.02549,0.024515,0.02567,0.024935,0.025035,0.0246,165963860000,0.025105,0.025105,,3353019699.0,3353019699.0,,0.0,3,SUR,-3.68,
TQBR,2023-09-22,ВТБ ао,VTBR,70870,3662959480.7,0.02471,0.02448,0.02525,0.02507,0.024905,0.025125,147068200000,0.024885,0.024885,,3258698437.5,3258698437.5,,0.0,3,SUR,2.13,
TQBR,2023-09-25,ВТБ ао,VTBR,59474,2121058381.75,0.0252,0.024855,0.02535,0.0251,0.025095,0.02512,84521590000,0.025095,0.025095,,1948833756.15,1948833756.15,,0.0,3,SUR,-0.02,
TQBR,2023-09-26,ВТБ ао,VTBR,67367,3330933454.4,0.025065,0.02468,0.025715,0.025615,0.025205,0.0255,132158130000,0.02514,0.02514,,2849630881.4,2849630881.4,,0.0,3,SUR,1.51,
TQBR,2023-09-27,ВТБ ао,VTBR,55278,2374993372.3,0.0256,0.02534,0.025885,0.025525,0.02564,0.025615,92623270000,0.02565,0.02565,,2142594939.9,2142594939.9,,0.0,3,SUR,0.45,
TQBR,2023-09-28,ВТБ ао,VTBR,71238,2681841949.5,0.02562,0.02544,0.025985,0.025845,0.02573,0.025805,104239250000,0.02572,0.02572,,2389713184.0,2389713184.0,,0.0,3,SUR,0.74,
TQBR,2023-09-29,ВТБ ао,VTBR,78423,2487369889.25,0.025905,0.02555,0.0261,0.025665,0.025835,0.0257,96276770000,0.025845,0.025845,,2299779746.65,2299779746.65,,0.0,3,SUR,-0.41,
TQBR,2023-10-02,ВТБ ао,VTBR,60434,2243610074.1,0.02575,0.0252,0.02587,0.02535,0.02551,0.02531,87956350000,0.025535,0.025535,,2006122785.45,2006122785.45,,0.0,3,SUR,-1.52,
TQBR,2023-10-03,ВТБ ао,VTBR,50383,2289806603.55,0.02526,0.024895,0.02538,0.02529,0.025135,0.02519,91104920000,0.025125,0.025125,,2147255331.65,2147255331.65,,0.0,3,SUR,-0.47,
TQBR,2023-10-04,ВТБ ао,VTBR,46508,1841293547.6,0.02511,0.0248,0.02538,0.02504,0.02505,0.02489,73510180000,0.025065,0.025065,,1622951849.65,1622951849.65,,0.0,3,SUR,-1.19,
TQBR,2023-10-05,ВТБ ао,VTBR,57090,1877341655.95,0.02488,0.02463,0.025025,0.02479,0.024805,0.024795,75681230000,0.024815,0.024815,,1716794181.8,1716794181.8,,0.0,3,SUR,-0.38,
TQBR,2023-10-06,ВТБ ао,VTBR,44024,1956274748.85,0.02498,0.02464,0.02517,0.024865,0.02488,0.02515,78629930000,0.02477,0.02477,,1212661873.2,1212661873.2,,0.0,3,SUR,1.43,
TQBR,2023-10-09,ВТБ ао,VTBR,103549,3437478921.0,0.02537,0.025235,0.025585,0.025335,0.025425,0.02547,135209930000,0.025425,0.025425,,3184582427.8,3184582427.8,,0.0,3,SUR,1.27,
TQBR,2023-10-10,ВТБ ао,VTBR,54372,1580844170.7,0.02545,0.02525,0.025525,0.025355,0.02537,0.02534,62311940000,0.025375,0.025375,,1380243184.6,1380243184.6,,0.0,3,SUR,-0.51,
TQBR,2023-10-11,ВТБ ао,VTBR,69049,2207943435.8,0.0254,0.02474,0.02547,0.025385,0.025225,0.024845,87528150000,0.025375,0.025375,,1217570792.6,1217570792.6,,0.0,3,SUR,-1.95,
TQBR,2023-10-12,ВТБ ао,VTBR,45142,1576299586.9,0.024845,0.02475,0.025195,0.02513,0.02502,0.025175,63007420000,0.025005,0.025005,,1369187776.6,1369187776.6,,0.0,3,SUR,1.33,
TQBR,2023-10-13,ВТБ ао,VTBR,57137,2070230478.7,0.025105,0.02504,0.02564,0.025375,0.02533,0.02538,81731370000,0.025325,0.025325,,1890090396.25,1890090396.25,,0.0,3,SUR,0.81,
TQBR,2023-10-16,ВТБ ао,VTBR,88144,3105797439.2,0.02549,0.02544,0.02614,0.02602,0.02578,0.02598,120480210000,0.025725,0.025725,,2520561972.25,2520561972.25,,0.0,3,SUR,2.36,
TQBR,2023-10-17,ВТБ ао,VTBR,82859,3672432795.0,0.02597,0.02585,0.026475,0.026445,0.02627,0.026195,139787150000,0.026265,0.026265,,3181726783.4,3181726783.4,,0.0,3,SUR,0.83,
TQBR,2023-10-18,ВТБ ао,VTBR,52409,2383121770.65,0.026255,0.02576,0.026395,0.02614,0.0261,0.02612,91303270000,0.0261,0.0261,,2196175702.1,2196175702.1,,0.0,3,SUR,-0.29,
TQBR,2023-10-19,ВТБ ао,VTBR,73376,1791002747.2,0.02605,0.025865,0.02639,0.02622,0.02615,0.02617,68493140000,0.026145,0.026145,,1622298449.35,1622298449.35,,0.0,3,SUR,0.19,
TQBR,2023-10-20,ВТБ ао,VTBR,56044,2291369873.8,0.026225,0.02573,0.026225,0.026095,0.02594,0.025995,88342450000,0.02593,0.02593,,2028892690.35,2028892690.35,,0.0,3,SUR,-0.67,
TQBR,2023-10-23,ВТБ ао,VTBR,53674,1663168235.5,0.02606,0.025965,0.0263,0.02616,0.02615,0.02611,63592440000,0.026155,0.026155,,1516803169.55,1516803169.55,,0.0,3,SUR,0.44,
TQBR,2023-10-24,ВТБ ао,VTBR,84532,2855281388.7,0.026095,0.025985,0.026765,0.026465,0.026465,0.026615,107873830000,0.026465,0.026465,,2505532597.1,2505532597.1,,0.0,3,SUR,1.93,
TQBR,2023-10-25,ВТБ ао,VTBR,66225,2523553665.25,0.02661,0.0263,0.02687,0.02653,0.0266,0.026395,94874290000,0.02662,0.02662,,2234208695.8,2234208695.8,,0.0,3,SUR,-0.83,
TQBR,2023-10-26,ВТБ ао,VTBR,88859,4123060986.7,0.026475,0.0255,0.02654,0.02565,0.02595,0.02555,158898870000,0.02598,0.02598,,3767908012.85,3767908012.85,,0.0,3,SUR,-3.2,
TQBR,2023-10-27,ВТБ ао,VTBR,103347,3549245238.6,0.02563,0.02495,0.0257,0.025325,0.02533,0.02533,140133650000,0.025325,0.025325,,3320575959.35,3320575959.35,,0.0,3,SUR,-0.86,
TQBR,2023-10-30,ВТБ ао,VTBR,47751,1327604569.35,0.02528,0.025095,0.02549,0.02515,0.025285,0.02516,52501880000,0.0253,0.0253,,1221741187.9,1221741187.9,,0.0,3,SUR,-0.67,
TQBR,2023-10-31,ВТБ ао,VTBR,49487,2000483920.85,0.0251,0.0249,0.02541,0.02535,0.02515,0.025315,79536410000,0.025135,0.025135,,1799342329.6,1799342329.6,,0.0,3,SUR,0.62,
TQBR,2023-11-01,ВТБ ао,VTBR,42637,1802836408.8,0.025345,0.02512,0.025545,0.02522,0.02535,0.0252,71111550000,0.025385,0.025385,,1518431932.95,1518431932.95,,0.0,3,SUR,-0.45,
TQBR,2023-11-02,ВТБ ао,VTBR,42595,1626005109.05,0.02526,0.02492,0.025335,0.02509,0.02514,0.025055,64684470000,0.02518,0.02518,,1191525259.3,1191525259.3,,0.0,3,SUR,-0.58,
TQBR,2023-11-03,ВТБ ао,VTBR,53307,1619594262.85,0.025055,0.024695,0.02512,0.02498,0.024875,0.0249,65115380000,0.024865,0.024865,,1415449067.5,1415449067.5,,0.0,3,SUR,-0.62,
TQBR,2023-11-06,ВТБ ао,VTBR,32316,1008174906.8,0.024935,0.024905,0.02537,0.02515,0.02514,0.025365,40091670000,0.02506,0.02506,,619450132.8,619450132.8,,0.0,3,SUR,1.87,
TQBR,2023-11-07,ВТБ ао,VTBR,41002,1658510110.2,0.025355,0.025105,0.025545,0.02524,0.02528,0.02517,65604210000,0.025295,0.025295,,1465074568.95,1465074568.95,,0.0,3,SUR,-0.77,
TQBR,2023-11-08,ВТБ ао,VTBR,85010,1586075236.4,0.02518,0.025055,0.025445,0.02524,0.02526,0.025215,62788560000,0.02526,0.02526,,1444169478.85,1444169478.85,,0.0,3,SUR,0.18,
TQBR,2023-11-09,ВТБ ао,VTBR,46380,1307551263.2,0.025215,0.02494,0.025265,0.025095,0.025065,0.025005,52172840000,0.02507,0.02507,,1141333373.7,1141333373.7,,0.0,3,SUR,-0.83,
TQBR,2023-11-10,ВТБ ао,VTBR,36612,1391409831.5,0.02509,0.024845,0.025145,0.02502,0.02501,0.024905,55638390000,0.02502,0.02502,,1062302987.55,1062302987.55,,0.0,3,SUR,-0.4,
TQBR,2023-11-13,ВТБ ао,VTBR,55876,1349446390.7,0.02491,0.024705,0.025,0.024955,0.024865,0.024775,54271410000,0.02488,0.02488,,1112721773.85,1112721773.85,,0.0,3,SUR,-0.52,
TQBR,2023-11-14,ВТБ ао,VTBR,99878,3005025913.75,0.0247,0.02401,0.0247,0.02415,0.024295,0.024105,123682620000,0.024315,0.024315,,2619020830.4,2619020830.4,,0.0,3,SUR,-2.7,
TQBR,2023-11-15,ВТБ ао,VTBR,52484,2059524125.15,0.02409,0.024055,0.024625,0.024405,0.024335,0.024435,84636010000,0.024325,0.024325,,1860186898.2,1860186898.2,,0.0,3,SUR,1.37,
TQBR,2023-11-16,ВТБ ао,VTBR,34751,1044807660.0,0.02445,0.0241,0.024575,0.02428,0.024335,0.02415,42933720000,0.02438,0.02438,,825451309.2,825451309.2,,0.0,3,SUR,-1.17,
TQBR,2023-11-17,ВТБ ао,VTBR,40118,1440005078.55,0.024145,0.02394,0.02444,0.02438,0.02419,0.024385,59523010000,0.024175,0.024175,,1314241242.8,1314241242.8,,0.0,3,SUR,0.97,
TQBR,2023-11-20,ВТБ ао,VTBR,32786,1040220895.65,0.02445,0.02422,0.024595,0.024275,0.02439,0.024415,42648690000,0.024405,0.024405,,876135073.55,876135073.55,,0.0,3,SUR,0.12,
TQBR,2023-11-21,ВТБ ао,VTBR,31511,833790597.65,0.02434,0.024255,0.02455,0.024535,0.02439,0.02448,34186540000,0.024375,0.024375,,723589530.65,723589530.65,,0.0,3,SUR,0.27,
TQBR,2023-11-22,ВТБ ао,VTBR,51433,2358445594.95,0.0245,0.024485,0.0252,0.02494,0.024905,0.0252,94697980000,0.02489,0.02489,,2100028271.65,2100028271.65,,0.0,3,SUR,2.94,
TQBR,2023-11-23,ВТБ ао,VTBR,35560,1402971493.55,0.0252,0.02486,0.0253,0.02495,0.025045,0.02491,56023260000,0.02506,0.02506,,1228907581.9,1228907581.9,,0.0,3,SUR,-1.15,
TQBR,2023-11-24,ВТБ ао,VTBR,41031,1527687683.0,0.02493,0.02471,0.02516,0.02488,0.024935,0.024845,61265260000,0.024945,0.024945,,1407499134.95,1407499134.95,,0.0,3,SUR,-0.26,
TQBR,2023-11-27,ВТБ ао,VTBR,45740,1704838730.7,0.024885,0.02425,0.024995,0.0244,0.02461,0.0243,69274040000,0.02467,0.02467,,1383817481.2,1383817481.2,,0.0,3,SUR,-2.19,
TQBR,2023-11-28,ВТБ ао,VTBR,47594,1812443926.5,0.024425,0.02378,0.02443,0.024185,0.02402,0.02413,75448550000,0.024005,0.024005,,1643682291.7,1643682291.7,,0.0,3,SUR,-0.7,
TQBR,2023-11-29,ВТБ ао,VTBR,35021,1052015303.55,0.02416,0.02386,0.024295,0.023915,0.02401,0.0239,43817200000,0.024025,0.024025,,895820333.35,895820333.35,,0.0,3,SUR,-0.95,
TQBR,2023-11-30,ВТБ ао,VTBR,51982,1729579065.65,0.02387,0.0235,0.02395,0.0237,0.023715,0.023885,72939750000,0.02369,0.02369,,1385076061.9,1385076061.9,,0.0,3,SUR,-0.06,
TQBR,2023-12-01,ВТБ ао,VTBR,39077,1446224853.55,0.02388,0.02352,0.024125,0.02375,0.0238,0.02361,60771530000,0.02384,0.02384,,1149035626.0,1149035626.0,,0.0,3,SUR,-1.15,
TQBR,2023-12-04,ВТБ ао,VTBR,67194,2560677238.7,0.023595,0.02247,0.023595,0.023155,0.02311,0.022545,110798930000,0.02327,0.02327,,1740719003.0,1740719003.0,,0.0,3,SUR,-4.51,
TQBR,2023-12-05,ВТБ ао,VTBR,52684,2239392248.85,0.02266,0.02233,0.0229,0.02274,0.02266,0.022885,98819340000,0.022635,0.022635,,1948245789.65,1948245789.65,,0.0,3,SUR,1.51,
TQBR,2023-12-06,ВТБ ао,VTBR,69431,2878086976.2,0.02288,0.021945,0.022965,0.022085,0.022305,0.02207,129074380000,0.02233,0.02233,,2498793249.2,2498793249.2,,0.0,3,SUR,-3.56,
TQBR,2023-12-07,ВТБ ао,VTBR,56086,3332433622.1,0.02215,0.022025,0.022865,0.02256,0.022405,0.02246,148699410000,0.022405,0.022405,,3013991424.0,3013991424.0,,0.0,3,SUR,1.77,
TQBR,2023-12-08,ВТБ ао,VTBR,39329,1451980452.35,0.0225,0.022125,0.02264,0.02226,0.022365,0.02233,64922050000,0.02238,0.02238,,1298429014.25,1298429014.25,,0.0,3,SUR,-0.58,
TQBR,2023-12-11,ВТБ ао,VTBR,52475,2349349545.9,0.022365,0.02196,0.022595,0.022155,0.02229,0.022045,105395810000,0.022335,0.022335,,1950573935.85,1950573935.85,,0.0,3,SUR,-1.28,
TQBR,2023-12-12,ВТБ ао,VTBR,60829,3174929072.25,0.02205,0.02205,0.022895,0.02216,0.022475,0.02235,141251240000,0.02251,0.02251,,2733339684.95,2733339684.95,,0.0,3,SUR,1.38,
TQBR,2023-12-13,ВТБ ао,VTBR,39589,1701679581.55,0.02227,0.02217,0.022785,0.02252,0.022545,0.022785,75477780000,0.02252,0.02252,,1411631857.05,1411631857.05,,0.0,3,SUR,1.95,
TQBR,2023-12-14,ВТБ ао,VTBR,63467,2129580425.6,0.02288,0.022405,0.02315,0.022795,0.022835,0.0226,93263860000,0.022885,0.022885,,1742492004.35,1742492004.35,,0.0,3,SUR,-0.81,
TQBR,2023-12-15,ВТБ ао,VTBR,65473,3004327758.7,0.02258,0.022485,0.02362,0.023315,0.02315,0.023485,129754540000,0.023115,0.023115,,2691909191.35,2691909191.35,,0.0,3,SUR,3.92,
TQBR,2023-12-18,ВТБ ао,VTBR,67606,2402246428.3,0.02358,0.023305,0.02393,0.02339,0.02364,0.02346,101620620000,0.023685,0.023685,,1932741993.35,1932741993.35,,0.0,3,SUR,-0.11,
TQBR,2023-12-19,ВТБ ао,VTBR,57883,1760250681.9,0.02324,0.02307,0.02357,0.02334,0.023305,0.02355,75533400000,0.023255,0.023255,,1268754845.1,1268754845.1,,0.0,3,SUR,0.38,
TQBR,2023-12-20,ВТБ ао,VTBR,37177,1268005444.95,0.02355,0.02325,0.023675,0.02347,0.023455,0.023305,54064580000,0.023475,0.023475,,1076033788.45,1076033788.45,,0.0,3,SUR,-1.04,
TQBR,2023-12-21,ВТБ ао,VTBR,53443,2225134473.5,0.0233,0.02275,0.02345,0.02303,0.02306,0.022935,96490640000,0.023065,0.023065,,2083841132.6,2083841132.6,,0.0,3,SUR,-1.59,
TQBR,2023-12-22,ВТБ ао,VTBR,51522,2330356746.85,0.022985,0.022815,0.023305,0.022935,0.023055,0.022975,101076090000,0.02308,0.02308,,1964609680.85,1964609680.85,,0.0,3,SUR,0.17,
TQBR,2023-12-25,ВТБ ао,VTBR,53949,1427934568.4,0.02305,0.022795,0.02323,0.023045,0.022995,0.023195,62096410000,0.02297,0.02297,,1158208686.5,1158208686.5,,0.0,3,SUR,0.96,
TQBR,2023-12-26,ВТБ ао,VTBR,36952,1449800104.3,0.02314,0.022965,0.023265,0.02311,0.02311,0.02316,62728940000,0.023105,0.023105,,1277717212.8,1277717212.8,,0.0,3,SUR,-0.15,
TQBR,2023-12-27,ВТБ ао,VTBR,38037,1370820897.45,0.02319,0.02282,0.023195,0.022925,0.023005,0.022875,59591860000,0.023015,0.023015,,1221368014.05,1221368014.05,,0.0,3,SUR,-1.23,
TQBR,2023-12-28,ВТБ ао,VTBR,35558,1190856857.8,0.022955,0.022645,0.02299,0.02277,0.02278,0.022695,52271220000,0.02277,0.02277,,862952280.0,862952280.0,,0.0,3,SUR,-0.79,
TQBR,2023-12-29,ВТБ ао,VTBR,34349,1253676505.25,0.02273,0.02265,0.02305,0.022775,0.022845,0.02268,54877170000,0.022865,0.022865,,1048091684.4,1048091684.4,,0.0,3,SUR,-0.07,
TQBR,2024-01-03,ВТБ ао,VTBR,34115,829598515.0,0.022715,0.02271,0.02304,0.022985,0.02291,0.023025,36210160000,0.022895,0.022895,,667241163.1,667241163.1,,0.0,3,SUR,1.52,
TQBR,2024-01-04,ВТБ ао,VTBR,25018,689707467.55,0.023025,0.02297,0.023195,0.023115,0.023095,0.02311,29864140000,0.023095,0.023095,,625559230.6,625559230.6,,0.0,3,SUR,0.37,
TQBR,2024-01-05,ВТБ ао,VTBR,100586,3608846863.15,0.0231,0.02308,0.024055,0.02384,0.023705,0.024,152250320000,0.02367,0.02367,,3100075761.3,3100075761.3,,0.0,3,SUR,3.85,
TQBR,2024-01-08,ВТБ ао,VTBR,96383,4398224643.65,0.02405,0.024015,0.0249,0.02463,0.02453,0.024855,179298410000,0.024455,0.024455,,3374900398.1,3374900398.1,,0.0,3,SUR,3.56,
TQBR,2024-01-09,ВТБ ао,VTBR,52407,2171111269.8,0.024915,0.02447,0.02494,0.02458,0.02467,0.0247,88003570000,0.024675,0.024675,,1948651251.55,1948651251.55,,0.0,3,SUR,-0.62,
TQBR,2024-01-10,ВТБ ао,VTBR,46436,1721813372.15,0.0247,0.024235,0.02485,0.024565,0.024555,0.024435,70118070000,0.024585,0.024585,,1414906104.7,1414906104.7,,0.0,3,SUR,-1.07,
TQBR,2024-01-11,ВТБ ао,VTBR,83372,4672099800.55,0.0245,0.024275,0.025335,0.02526,0.025045,0.02519,186561810000,0.02502,0.02502,,4135814275.3,4135814275.3,,0.0,3,SUR,3.09,
TQBR,2024-01-12,ВТБ ао,VTBR,43926,1612345242.65,0.02526,0.02492,0.02535,0.02499,0.025105,0.025025,64229710000,0.02512,0.02512,,1372728980.0,1372728980.0,,0.0,3,SUR,-0.66,
TQBR,2024-01-15,ВТБ ао,VTBR,46639,1575041268.65,0.025055,0.02472,0.025195,0.02481,0.024975,0.02486,63066930000,0.02499,0.02499,,1423975400.45,1423975400.45,,0.0,3,SUR,-0.66,
TQBR,2024-01-16,ВТБ ао,VTBR,43385,1862111421.9,0.02487,0.024535,0.02517,0.02499,0.024895,0.024985,74801180000,0.024885,0.024885,,1702182065.4,1702182065.4,,0.0,3,SUR,0.5,
TQBR,2024-01-17,ВТБ ао,VTBR,44045,2245921927.65,0.02504,0.02494,0.02534,0.02504,0.025115,0.024995,89421770000,0.025125,0.025125,,2090905392.75,2090905392.75,,0.0,3,SUR,0.04,
TQBR,2024-01-18,ВТБ ао,VTBR,45002,1919055958.65,0.025,0.024485,0.025075,0.0247,0.02479,0.024515,77415460000,0.02483,0.02483,,1577295183.7,1577295183.7,,0.0,3,SUR,-1.92,
TQBR,2024-01-19,ВТБ ао,VTBR,40851,1750884472.05,0.024565,0.024405,0.02484,0.02458,0.02462,0.02455,71118740000,0.024625,0.024625,,1520277757.7,1520277757.7,,0.0,3,SUR,0.14,
TQBR,2024-01-22,ВТБ ао,VTBR,34159,1186285811.5,0.0246,0.024425,0.024985,0.024705,0.02464,0.024835,48144060000,0.02461,0.02461,,950175876.4,950175876.4,,0.0,3,SUR,1.16,
TQBR,2024-01-23,ВТБ ао,VTBR,35950,1252620564.1,0.024875,0.024525,0.02495,0.02463,0.02468,0.024595,50751410000,0.024695,0.024695,,1117029333.95,1117029333.95,,0.0,3,SUR,-0.97,
TQBR,2024-01-24,ВТБ ао,VTBR,58511,2600660418.9,0.02462,0.02402,0.024795,0.024165,0.02433,0.02417,106900820000,0.02434,0.02434,,2409922298.35,2409922298.35,,0.0,3,SUR,-1.73,
TQBR,2024-01-25,ВТБ ао,VTBR,44872,1557175141.4,0.0242,0.024035,0.02446,0.024265,0.02425,0.024395,64208690000,0.02424,0.02424,,1369167277.25,1369167277.25,,0.0,3,SUR,0.93,
TQBR,2024-01-26,ВТБ ао,VTBR,46747,1293221518.35,0.024395,0.024115,0.02458,0.024235,0.024315,0.02415,53177610000,0.024345,0.024345,,1108762470.55,1108762470.55,,0.0,3,SUR,-1.0,
TQBR,2024-01-29,ВТБ ао,VTBR,39847,1058522836.75,0.024185,0.024175,0.024455,0.02432,0.024315,0.024365,43521480000,0.02432,0.02432,,888050266.85,888050266.85,,0.0,3,SUR,0.89,
TQBR,2024-01-30,ВТБ ао,VTBR,54879,2094176466.65,0.0244,0.024385,0.024785,0.0245,0.024575,0.024525,85213070000,0.02458,0.02458,,1977503168.35,1977503168.35,,0.0,3,SUR,0.66,
TQBR,2024-01-31,ВТБ ао,VTBR,40912,1451279186.75,0.02459,0.02441,0.02469,0.024435,0.02455,0.024575,59112840000,0.02456,0.02456,,1160504246.1,1160504246.1,,0.0,3,SUR,0.2,
TQBR,2024-02-01,ВТБ ао,VTBR,40125,1686048350.5,0.02466,0.0245,0.02485,0.02465,0.02467,0.024625,68349610000,0.02467,0.02467,,1535053479.75,1535053479.75,,0.0,3,SUR,0.2,
TQBR,2024-02-02,ВТБ ао,VTBR,34858,1092546165.75,0.024625,0.02434,0.02464,0.02445,0.024465,0.02444,44656830000,0.024465,0.024465,,954306616.8,954306616.8,,0.0,3,SUR,-0.75,
TQBR,2024-02-05,ВТБ ао,VTBR,40207,1178868113.85,0.02444,0.024335,0.024635,0.024335,0.024495,0.024455,48126380000,0.02451,0.02451,,1023330984.75,1023330984.75,,0.0,3,SUR,0.06,
TQBR,2024-02-06,ВТБ ао,VTBR,32936,1210183150.65,0.024465,0.024205,0.02454,0.02438,0.02435,0.02438,49698230000,0.02435,0.02435,,1044875633.75,1044875633.75,,0.0,3,SUR,-0.31,
TQBR,2024-02-07,ВТБ ао,VTBR,63497,2925535637.2,0.0244,0.02436,0.02478,0.024525,0.024605,0.02469,118896510000,0.024605,0.024605,,2649752541.7,2649752541.7,,0.0,3,SUR,1.27,
TQBR,2024-02-08,ВТБ ао,VTBR,69434,3510477242.15,0.02472,0.02423,0.02499,0.02435,0.0246,0.02426,142694950000,0.024655,0.024655,,2963196132.95,2963196132.95,,0.0,3,SUR,-1.74,
TQBR,2024-02-09,ВТБ ао,VTBR,57090,1455803103.95,0.024275,0.02408,0.024495,0.02439,0.02431,0.02433,59885640000,0.0243,0.0243,,1294316918.05,1294316918.05,,0.0,3,SUR,0.29,
TQBR,2024-02-12,ВТБ ао,VTBR,42742,1331818947.85,0.024435,0.02438,0.02458,0.024555,0.024485,0.024465,54391690000,0.024485,0.024485,,1149473871.15,1149473871.15,,0.0,3,SUR,0.55,
TQBR,2024-02-13,ВТБ ао,VTBR,73445,1978566294.3,0.024535,0.0242,0.02469,0.02438,0.024445,0.024395,80941840000,0.024455,0.024455,,1756882252.7,1756882252.7,,0.0,3,SUR,-0.29,
TQBR,2024-02-14,ВТБ ао,VTBR,57092,2815977931.35,0.02446,0.02435,0.02461,0.0245,0.024485,0.0245,115008520000,0.02449,0.02449,,2577362137.8,2577362137.8,,0.0,3,SUR,0.43,
TQBR,2024-02-15,ВТБ ао,VTBR,61083,1889813200.95,0.02451,0.02426,0.024545,0.024395,0.02438,0.024385,77521350000,0.02438,0.02438,,1475805028.95,1475805028.95,,0.0,3,SUR,-0.47,
TQBR,2024-02-16,ВТБ ао,VTBR,116472,5153509058.4,0.024415,0.024055,0.02481,0.024225,0.02445,0.02425,210783070000,0.02446,0.02446,,4820895827.1,4820895827.1,,0.0,3,SUR,-0.55,
TQBR,2024-02-19,ВТБ ао,VTBR,144121,7306307952.15,0.02436,0.024245,0.02505,0.02493,0.024735,0.02494,295361530000,0.0247,0.0247,,6241524375.1,6241524375.1,,0.0,3,SUR,2.85,
TQBR,2024-02-20,ВТБ ао,VTBR,271771,11129669422.5,0.024975,0.02329,0.024975,0.02424,0.024115,0.023575,461548220000,0.024395,0.024395,,7015588167.05,7015588167.05,,0.0,3,SUR,-5.47,
TQBR,2024-02-21,ВТБ ао,VTBR,133702,7476202586.0,0.0236,0.02279,0.02385,0.02302,0.023345,0.0231,320266570000,0.023365,0.023365,,6823072469.85,6823072469.85,,0.0,3,SUR,-2.01,
TQBR,2024-02-22,ВТБ ао,VTBR,71890,3403274341.6,0.023135,0.022905,0.023555,0.02312,0.023265,0.02319,146267900000,0.02333,0.02333,,2583247566.35,2583247566.35,,0.0,3,SUR,0.39,
TQBR,2024-02-26,ВТБ ао,VTBR,65729,2795735532.75,0.02385,0.023425,0.02385,0.02352,0.023625,0.0236,118346630000,0.02363,0.02363,,2545950041.0,2545950041.0,,0.0,3,SUR,1.77,
TQBR,2024-02-27,ВТБ ао,VTBR,52769,1947994010.85,0.02361,0.023255,0.023685,0.023255,0.023445,0.023385,83096510000,0.02346,0.02346,,1658112247.0,1658112247.0,,0.0,3,SUR,-0.91,
TQBR,2024-02-28,ВТБ ао,VTBR,47193,1668037259.75,0.0234,0.023175,0.023555,0.023345,0.023385,0.02331,71330480000,0.023405,0.023405,,1393252978.3,1393252978.3,,0.0,3,SUR,-0.32,
TQBR,2024-02-29,ВТБ ао,VTBR,53316,2240049111.8,0.023325,0.02317,0.02357,0.0234,0.02338,0.023425,95813610000,0.02338,0.02338,,2074828156.2,2074828156.2,,0.0,3,SUR,0.49,
TQBR,2024-03-01,ВТБ ао,VTBR,107629,5384012512.55,0.02343,0.02336,0.02399,0.02361,0.023745,0.023655,226717350000,0.02376,0.02376,,4907271414.8,4907271414.8,,0.0,3,SUR,0.98,
TQBR,2024-03-04,ВТБ ао,VTBR,56737,1872747590.45,0.02379,0.023665,0.02387,0.02376,0.023765,0.02378,78796360000,0.02377,0.02377,,1667751482.45,1667751482.45,,0.0,3,SUR,0.53,
TQBR,2024-03-05,ВТБ ао,VTBR,48677,1813916016.4,0.02381,0.023455,0.02383,0.02355,0.023615,0.023505,76806770000,0.023635,0.023635,,1486729552.45,1486729552.45,,0.0,3,SUR,-1.16,
TQBR,2024-03-06,ВТБ ао,VTBR,39562,1436972780.65,0.02353,0.0234,0.02367,0.02351,0.02355,0.02344,61023230000,0.023565,0.023565,,1205191971.2,1205191971.2,,0.0,3,SUR,-0.28,
TQBR,2024-03-07,ВТБ ао,VTBR,42446,1486629181.55,0.023495,0.0232,0.02357,0.023345,0.023365,0.02331,63632030000,0.023415,0.023415,,971022554.6,971022554.6,,0.0,3,SUR,-0.55,
TQBR,2024-03-11,ВТБ ао,VTBR,47084,1380500813.65,0.023405,0.023205,0.0235,0.023285,0.023335,0.02333,59157950000,0.02334,0.02334,,1223539516.85,1223539516.85,,0.0,3,SUR,0.09,
TQBR,2024-03-12,ВТБ ао,VTBR,41868,1440336725.8,0.02334,0.023065,0.0234,0.023285,0.023245,0.023395,61963820000,0.02323,0.02323,,1205735736.45,1205735736.45,,0.0,3,SUR,0.28,
TQBR,2024-03-13,ВТБ ао,VTBR,40349,1373027714.4,0.0234,0.02328,0.023525,0.023375,0.023415,0.023385,58639050000,0.02342,0.02342,,1226985627.2,1226985627.2,,0.0,3,SUR,-0.04,
TQBR,2024-03-14,ВТБ ао,VTBR,49020,1547607251.55,0.023375,0.02301,0.02343,0.02307,0.023175,0.02309,66786660000,0.02318,0.02318,,1374134975.9,1374134975.9,,0.0,3,SUR,-1.26,
TQBR,2024-03-15,ВТБ ао,VTBR,56933,1281077977.55,0.023045,0.023045,0.02326,0.02316,0.02318,0.023195,55263590000,0.023185,0.023185,,1085107178.2,1085107178.2,,0.0,3,SUR,0.45,
TQBR,2024-03-18,ВТБ ао,VTBR,68690,2082644812.7,0.02321,0.022855,0.023365,0.022855,0.023065,0.02287,90294130000,0.02311,0.02311,,1647869531.4,1647869531.4,,0.0,3,SUR,-1.4,
TQBR,2024-03-19,ВТБ ао,VTBR,114617,4092894008.0,0.022875,0.0222,0.022985,0.02241,0.02262,0.022365,180951130000,0.022695,0.022695,,3157031784.2,3157031784.2,,0.0,3,SUR,-2.21,
TQBR,2024-03-20,ВТБ ао,VTBR,66247,2304262642.75,0.02242,0.02213,0.022525,0.022335,0.02234,0.02247,103122460000,0.02234,0.02234,,2011332817.55,2011332817.55,,0.0,3,SUR,0.47,
TQBR,2024-03-21,ВТБ ао,VTBR,48407,1968496428.9,0.0225,0.022275,0.02269,0.02249,0.022495,0.022475,87498170000,0.0225,0.0225,,1768462780.2,1768462780.2,,0.0,3,SUR,0.02,
TQBR,2024-03-22,ВТБ ао,VTBR,66264,2813503561.1,0.02248,0.02195,0.022645,0.02238,0.022285,0.0223,126249960000,0.022435,0.022435,,1469652207.45,1469652207.45,,0.0,3,SUR,-0.78,
TQBR,2024-03-25,ВТБ ао,VTBR,49169,1776581838.95,0.0223,0.02216,0.02269,0.02252,0.022385,0.02264,79367550000,0.022335,0.022335,,1398466891.9,1398466891.9,,0.0,3,SUR,1.52,
TQBR,2024-03-26,ВТБ ао,VTBR,31300,1111434132.2,0.022685,0.022505,0.02274,0.02254,0.0226,0.022575,49179190000,0.0226,0.0226,,1008243620.55,1008243620.55,,0.0,3,SUR,-0.29,
TQBR,2024-03-27,ВТБ ао,VTBR,40561,1438376610.9,0.02254,0.02239,0.022675,0.02267,0.02255,0.022595,63780330000,0.022545,0.022545,,1140104486.85,1140104486.85,,0.0,3,SUR,0.09,
TQBR,2024-03-28,ВТБ ао,VTBR,42091,1218112693.9,0.022665,0.02252,0.02276,0.022535,0.02264,0.02258,53805310000,0.02265,0.02265,,1048023363.65,1048023363.65,,0.0,3,SUR,-0.07,
TQBR,2024-03-29,ВТБ ао,VTBR,59898,1866723653.15,0.022635,0.02255,0.02301,0.0226,0.02273,0.022925,82120300000,0.022615,0.022615,,913559584.45,913559584.45,,0.0,3,SUR,1.53,
TQBR,2024-04-01,ВТБ ао,VTBR,65197,2652399162.4,0.0231,0.022945,0.02334,0.023135,0.023135,0.023295,114654010000,0.02309,0.02309,,1978572538.2,1978572538.2,,0.0,3,SUR,1.61,
TQBR,2024-04-02,ВТБ ао,VTBR,74344,4097497046.9,0.023305,0.023035,0.023815,0.023245,0.023445,0.02363,174773110000,0.02318,0.02318,,1367842801.25,1367842801.25,,0.0,3,SUR,1.44,
TQBR,2024-04-03,ВТБ ао,VTBR,93613,4539257860.75,0.023635,0.02346,0.023995,0.02386,0.02377,0.02367,190972940000,0.02375,0.02375,,3524490124.2,3524490124.2,,0.0,3,SUR,0.17,
TQBR,2024-04-04,ВТБ ао,VTBR,117988,5255401167.1,0.023715,0.023605,0.02435,0.02408,0.024,0.02394,218995360000,0.023985,0.023985,,4253294936.1,4253294936.1,,0.0,3,SUR,1.14,
TQBR,2024-04-05,ВТБ ао,VTBR,62355,2235372143.15,0.02397,0.02379,0.02412,0.023905,0.023955,0.023875,93323900000,0.02396,0.02396,,1961569488.7,1961569488.7,,0.0,3,SUR,-0.27,
TQBR,2024-04-08,ВТБ ао,VTBR,59989,2229895018.85,0.02384,0.02384,0.024195,0.023955,0.024055,0.024025,92697120000,0.02406,0.02406,,1941949373.05,1941949373.05,,0.0,3,SUR,0.63,
TQBR,2024-04-09,ВТБ ао,VTBR,56811,2697860371.1,0.024125,0.02353,0.024125,0.02368,0.02378,0.023665,113461490000,0.02379,0.02379,,2395138389.6,2395138389.6,,0.0,3,SUR,-1.5,
TQBR,2024-04-10,ВТБ ао,VTBR,52688,1955516219.05,0.02368,0.02341,0.02381,0.023715,0.023635,0.02374,82741090000,0.02362,0.02362,,1712730782.8,1712730782.8,,0.0,3,SUR,0.32,
TQBR,2024-04-11,ВТБ ао,VTBR,40285,1447199866.25,0.0238,0.023575,0.02385,0.023715,0.02371,0.023685,61039820000,0.02371,0.02371,,1282977332.15,1282977332.15,,0.0,3,SUR,-0.23,
TQBR,2024-04-12,ВТБ ао,VTBR,54663,2470321498.0,0.023715,0.023665,0.024165,0.02399,0.02393,0.02386,103230780000,0.023945,0.023945,,1969687648.5,1969687648.5,,0.0,3,SUR,0.74,
TQBR,2024-04-15,ВТБ ао,VTBR,55776,2107660284.9,0.023955,0.02364,0.024075,0.0237,0.02381,0.023735,88521310000,0.023825,0.023825,,1800752823.55,1800752823.55,,0.0,3,SUR,-0.52,
TQBR,2024-04-16,ВТБ ао,VTBR,72630,1796700221.55,0.02374,0.023565,0.02392,0.023655,0.02372,0.023715,75739620000,0.02372,0.02372,,1434641284.1,1434641284.1,,0.0,3,SUR,-0.08,
TQBR,2024-04-17,ВТБ ао,VTBR,43416,1470025280.35,0.023795,0.02352,0.02383,0.023815,0.023695,0.02372,62036080000,0.02369,0.02369,,1326945193.5,1326945193.5,,0.0,3,SUR,0.02,
TQBR,2024-04-18,ВТБ ао,VTBR,33377,1199883020.6,0.02377,0.02372,0.023905,0.02382,0.02382,0.023825,50371790000,0.02382,0.02382,,1058615428.85,1058615428.85,,0.0,3,SUR,0.44,
TQBR,2024-04-19,ВТБ ао,VTBR,44511,1823831099.35,0.023825,0.023805,0.024035,0.023955,0.023955,0.023895,76133160000,0.023965,0.023965,,1558266409.25,1558266409.25,,0.0,3,SUR,0.29,
TQBR,2024-04-22,ВТБ ао,VTBR,53909,2188598984.1,0.023925,0.02382,0.0241,0.023985,0.02399,0.024095,91238080000,0.023975,0.023975,,1670371077.2,1670371077.2,,0.0,3,SUR,0.84,
TQBR,2024-04-23,ВТБ ао,VTBR,79902,3498599829.45,0.02411,0.02356,0.024285,0.02365,0.02392,0.023675,146254700000,0.024005,0.024005,,2667376779.0,2667376779.0,,0.0,3,SUR,-1.74,
TQBR,2024-04-24,ВТБ ао,VTBR,70664,2978743987.4,0.0237,0.02315,0.023795,0.023235,0.023505,0.023395,126732160000,0.023535,0.023535,,2448535652.8,2448535652.8,,0.0,3,SUR,-1.18,
TQBR,2024-04-25,ВТБ ао,VTBR,56807,2600037936.25,0.023375,0.023325,0.02386,0.02367,0.02362,0.02361,110082120000,0.023625,0.023625,,2124199149.25,2124199149.25,,0.0,3,SUR,0.92,
TQBR,2024-04-26,ВТБ ао,VTBR,53542,1698085417.15,0.02372,0.023455,0.02382,0.023575,0.02364,0.02353,71835210000,0.023655,0.023655,,1457979538.55,1457979538.55,,0.0,3,SUR,-0.34,
TQBR,2024-04-27,ВТБ ао,VTBR,53261,2863472860.05,0.02352,0.022915,0.02363,0.023255,0.02329,0.023305,122969420000,0.02328,0.02328,,2544060105.35,2544060105.35,,0.0,3,SUR,-0.96,
TQBR,2024-04-29,ВТБ ао,VTBR,42739,1352340388.05,0.02331,0.023235,0.023695,0.023335,0.02345,0.023495,57663940000,0.02331,0.02331,,490868600.35,490868600.35,,0.0,3,SUR,0.82,
TQBR,2024-04-30,ВТБ ао,VTBR,22302,654910550.7,0.023485,0.02333,0.02359,0.02333,0.02343,0.023365,27953080000,0.023445,0.023445,,458710391.2,458710391.2,,0.0,3,SUR,-0.55,
TQBR,2024-05-02,ВТБ ао,VTBR,35188,1051229312.5,0.02341,0.02316,0.02348,0.023175,0.02327,0.023225,45178390000,0.023275,0.023275,,906317256.1,906317256.1,,0.0,3,SUR,-0.6,
TQBR,2024-05-03,ВТБ ао,VTBR,41004,1254569277.45,0.023225,0.02297,0.02325,0.02313,0.023115,0.022995,54269470000,0.02315,0.02315,,849544546.0,849544546.0,,0.0,3,SUR,-0.99,
TQBR,2024-05-06,ВТБ ао,VTBR,44016,1289587846.05,0.02301,0.022835,0.023085,0.023045,0.02297,0.023,56141390000,0.02297,0.02297,,1104510872.3,1104510872.3,,0.0,3,SUR,0.02,
TQBR,2024-05-07,ВТБ ао,VTBR,38847,946530982.55,0.023,0.02294,0.023135,0.023015,0.023035,0.02304,41089550000,0.02305,0.02305,,706323546.9,706323546.9,,0.0,3,SUR,0.17,
TQBR,2024-05-08,ВТБ ао,VTBR,26420,710396997.05,0.023125,0.02303,0.023175,0.02309,0.0231,0.023045,30755750000,0.023105,0.023105,,618264346.7,618264346.7,,0.0,3,SUR,0.02,
TQBR,2024-05-10,ВТБ ао,VTBR,19490,499226486.05,0.02309,0.02306,0.023185,0.023185,0.02312,0.02308,21590670000,0.023125,0.023125,,354313657.7,354313657.7,,0.0,3,SUR,0.15,
TQBR,2024-05-13,ВТБ ао,VTBR,41524,1587573296.5,0.02311,0.022965,0.023315,0.023085,0.02313,0.0231,68631910000,0.023135,0.023135,,1457179896.4,1457179896.4,,0.0,3,SUR,0.09,
TQBR,2024-05-14,ВТБ ао,VTBR,43185,1110038355.65,0.02311,0.02288,0.02314,0.023035,0.023005,0.02306,48257220000,0.023,0.023,,951765868.35,951765868.35,,0.0,3,SUR,-0.17,
TQBR,2024-05-15,ВТБ ао,VTBR,39951,1482666377.75,0.023065,0.02302,0.02326,0.0231,0.023155,0.023205,64032590000,0.02315,0.02315,,1280052415.45,1280052415.45,,0.0,3,SUR,0.63,
TQBR,2024-05-16,ВТБ ао,VTBR,39112,1650696912.35,0.02328,0.023175,0.023395,0.023305,0.023295,0.02319,70858380000,0.0233,0.0233,,1416371310.15,1416371310.15,,0.0,3,SUR,-0.06,
TQBR,2024-05-17,ВТБ ао,VTBR,30655,1116822998.8,0.023245,0.02302,0.02327,0.02308,0.02312,0.023075,48306970000,0.023125,0.023125,,978048853.05,978048853.05,,0.0,3,SUR,-0.5,
TQBR,2024-05-20,ВТБ ао,VTBR,62360,2202697756.35,0.023175,0.02247,0.023175,0.0227,0.02278,0.022575,96688120000,0.02288,0.02288,,1484778004.9,1484778004.9,,0.0,3,SUR,-2.17,
TQBR,2024-05-21,ВТБ ао,VTBR,58000,1741412867.8,0.022575,0.022215,0.0227,0.022405,0.02242,0.02249,77674730000,0.022415,0.022415,,1566768941.4,1566768941.4,,0.0,3,SUR,-0.38,
TQBR,2024-05-22,ВТБ ао,VTBR,27848,823040501.1,0.02249,0.0224,0.022645,0.02253,0.022535,0.0225,36524430000,0.022535,0.022535,,729289925.45,729289925.45,,0.0,3,SUR,0.04,
TQBR,2024-05-23,ВТБ ао,VTBR,35417,1328054220.65,0.02245,0.022275,0.022725,0.02259,0.0225,0.02252,59019030000,0.02249,0.02249,,1095416648.6,1095416648.6,,0.0,3,SUR,0.09,
TQBR,2024-05-24,ВТБ ао,VTBR,85742,5194920412.05,0.02252,0.022,0.02328,0.022095,0.02259,0.02201,229955770000,0.022645,0.022645,,4722110540.55,4722110540.55,,0.0,3,SUR,-2.26,
TQBR,2024-05-27,ВТБ ао,VTBR,147556,8485106302.95,0.02215,0.02044,0.022475,0.02053,0.021385,0.02102,396770460000,0.02155,0.02155,,6496943252.75,6496943252.75,,0.0,3,SUR,-4.5,
TQBR,2024-05-28,ВТБ ао,VTBR,87252,4266775139.8,0.02111,0.020545,0.02137,0.02068,0.02104,0.020855,202783360000,0.0211,0.0211,,3627595894.2,3627595894.2,,0.0,3,SUR,-0.78,
TQBR,2024-05-29,ВТБ ао,VTBR,51542,2130117292.05,0.02092,0.02055,0.021085,0.02086,0.02082,0.02101,102303560000,0.0208,0.0208,,1750773256.5,1750773256.5,,0.0,3,SUR,0.74,
TQBR,2024-05-30,ВТБ ао,VTBR,85065,3929645613.3,0.02105,0.020135,0.02111,0.0204,0.0205,0.02021,191711860000,0.02056,0.02056,,3081866530.1,3081866530.1,,0.0,3,SUR,-3.81,
TQBR,2024-05-31,ВТБ ао,VTBR,91494,4679269702.95,0.02021,0.0195,0.020345,0.019905,0.019965,0.019765,234379330000,0.020105,0.020105,,2869394498.3,2869394498.3,,0.0,3,SUR,-2.2,
TQBR,2024-06-03,ВТБ ао,VTBR,121211,4598238919.4,0.01993,0.018865,0.02005,0.019405,0.01946,0.019885,236266840000,0.01941,0.01941,,3907725408.1,3907725408.1,,0.0,3,SUR,0.61,
TQBR,2024-06-04,ВТБ ао,VTBR,79143,4028341850.15,0.019835,0.019665,0.020375,0.020035,0.020065,0.02037,200770900000,0.02003,0.02003,,3446209599.3,3446209599.3,,0.0,3,SUR,2.44,
TQBR,2024-06-05,ВТБ ао,VTBR,75374,3837538705.0,0.02045,0.01993,0.020685,0.020125,0.02038,0.02007,188309720000,0.02042,0.02042,,3390189603.1,3390189603.1,,0.0,3,SUR,-1.47,
TQBR,2024-06-06,ВТБ ао,VTBR,40560,1434092531.75,0.02003,0.0199,0.02022,0.02008,0.02007,0.02003,71451140000,0.020075,0.020075,,1247861051.55,1247861051.55,,0.0,3,SUR,-0.2,
TQBR,2024-06-07,ВТБ ао,VTBR,68309,3311691139.5,0.020125,0.02008,0.02075,0.02035,0.020395,0.0204,162266660000,0.020415,0.020415,,3011500576.65,3011500576.65,,0.0,3,SUR,1.85,
TQBR,2024-06-10,ВТБ ао,VTBR,86360,3504782018.05,0.02063,0.02007,0.02082,0.02024,0.020515,0.02034,170903380000,0.02057,0.02057,,2831363845.6,2831363845.6,,0.0,3,SUR,-0.29,
TQBR,2024-06-11,ВТБ ао,VTBR,92311,3683219177.5,0.02028,0.0195,0.02036,0.01974,0.019885,0.01982,185382120000,0.019875,0.019875,,3296659165.35,3296659165.35,,0.0,3,SUR,-2.56,
TQBR,2024-06-13,ВТБ ао,VTBR,76996,2912581949.75,0.018895,0.018635,0.0202,0.02009,0.019675,0.020165,147968770000,0.019645,0.019645,,2644498691.65,2644498691.65,,0.0,3,SUR,1.74,
TQBR,2024-06-14,ВТБ ао,VTBR,53546,1711014225.15,0.0202,0.019905,0.02034,0.020255,0.02015,0.02012,84917750000,0.020145,0.020145,,1429447005.35,1429447005.35,,0.0,3,SUR,-0.22,
TQBR,2024-06-17,ВТБ ао,VTBR,75287,2641246753.95,0.020235,0.020075,0.020615,0.02029,0.02039,0.020395,129540690000,0.0204,0.0204,,2372568938.2,2372568938.2,,0.0,3,SUR,1.37,
TQBR,2024-06-18,ВТБ ао,VTBR,69313,2765536755.9,0.0204,0.019585,0.020535,0.019805,0.019995,0.019875,138296810000,0.020045,0.020045,,2298626470.55,2298626470.55,,0.0,3,SUR,-2.55,
TQBR,2024-06-19,ВТБ ао,VTBR,96040,3225429601.1,0.019865,0.018955,0.01991,0.0191,0.01938,0.019245,166435080000,0.01941,0.01941,,2773937610.35,2773937610.35,,0.0,3,SUR,-3.17,
TQBR,2024-06-20,ВТБ ао,VTBR,93429,3307783784.05,0.0193,0.018825,0.01973,0.019695,0.019335,0.019585,171083410000,0.019305,0.019305,,3015144942.3,3015144942.3,,0.0,3,SUR,1.77,
TQBR,2024-06-21,ВТБ ао,VTBR,32871,1295691296.95,0.019625,0.01934,0.019815,0.0195,0.01957,0.01946,66200500000,0.01958,0.01958,,1155065531.35,1155065531.35,,0.0,3,SUR,-0.64,
TQBR,2024-06-24,ВТБ ао,VTBR,48278,1556442871.8,0.019445,0.0193,0.01979,0.019565,0.019575,0.019545,79512760000,0.019575,0.019575,,1320452801.4,1320452801.4,,0.0,3,SUR,0.44,
TQBR,2024-06-25,ВТБ ао,VTBR,72803,3382180196.35,0.01962,0.019415,0.02048,0.02032,0.02009,0.02047,168292330000,0.02001,0.02001,,2614956425.75,2614956425.75,,0.0,3,SUR,4.73,
TQBR,2024-06-26,ВТБ ао,VTBR,154310,8882644907.45,0.02052,0.02043,0.021735,0.02165,0.02122,0.02165,418582100000,0.02114,0.02114,,7257394246.55,7257394246.55,,0.0,3,SUR,5.76,
TQBR,2024-06-27,ВТБ ао,VTBR,105745,6129886303.7,0.02172,0.021075,0.02176,0.021385,0.02138,0.02126,286744260000,0.02139,0.02139,,5590027745.65,5590027745.65,,0.0,3,SUR,-1.8,
TQBR,2024-06-28,ВТБ ао,VTBR,73215,3813495780.25,0.02125,0.021055,0.02168,0.021125,0.02136,0.02114,178574210000,0.02139,0.02139,,3273605383.45,3273605383.45,,0.0,3,SUR,-0.56,
TQBR,2024-07-01,ВТБ ао,VTBR,61705,3651855227.85,0.021165,0.020725,0.021395,0.021155,0.02108,0.02131,173274700000,0.021035,0.021035,,3100760439.6,3100760439.6,,0.0,3,SUR,0.8,
TQBR,2024-07-02,ВТБ ао,VTBR,34314,1191363869.75,0.02132,0.021,0.021365,0.021055,0.02118,0.02101,56250780000,0.0212,0.0212,,1005230596.3,1005230596.3,,0.0,3,SUR,-1.41,
TQBR,2024-07-03,ВТБ ао,VTBR,57891,2457314665.8,0.021,0.02026,0.021185,0.02058,0.02074,0.020365,118577570000,0.020795,0.020795,,2004479662.85,2004479662.85,,0.0,3,SUR,-3.07,
TQBR,2024-07-04,ВТБ ао,VTBR,66596,3006586422.85,0.02037,0.020255,0.02095,0.02049,0.02067,0.020505,145494940000,0.02068,0.02068,,2759427201.95,2759427201.95,,0.0,3,SUR,0.69,
TQBR,2024-07-05,ВТБ ао,VTBR,52451,1906768102.6,0.02059,0.02012,0.02079,0.020305,0.020385,0.02027,93540060000,0.0204,0.0204,,1681491031.75,1681491031.75,,0.0,3,SUR,-1.15,
TQBR,2024-07-08,ВТБ ао,VTBR,50886,1758643680.55,0.0203,0.01976,0.02057,0.019905,0.02009,0.01993,87537340000,0.020115,0.020115,,1463371528.95,1463371528.95,,0.0,3,SUR,-1.68,
TQBR,2024-07-09,ВТБ ао,VTBR,0,0.0,,,,0.01992,0.01994,,0,0.020115,0.019905,,1463371528.95,523899.6,,0.0,3,SUR,,
TQBR,2024-07-10,ВТБ ао,VTBR,0,0.0,,,,0.01992,0.01993,,0,0.020115,0.019905,,1463371528.95,523899.6,,0.0,3,SUR,,
TQBR,2024-07-11,ВТБ ао,VTBR,0,0.0,,,,0.01992,,,0,0.020265,0.019905,,3144862560.7,523899.6,,0.0,3,SUR,,
TQBR,2024-07-12,ВТБ ао,VTBR,0,0.0,,,,0.01992,,,0,0.020115,0.019905,,1463371528.95,523899.6,,0.0,3,SUR,,
TQBR,2024-07-15,ВТБ ао,VTBR,253999,9231144176.78,100.0,91.65,100.05,92.65,94.21,92.95,97984027,94.29,94.29,,8158949091.59,8158949091.59,,0.0,3,SUR,-6.72,
TQBR,2024-07-16,ВТБ ао,VTBR,124095,4643412469.06,92.93,91.8,95.4,94.6,93.71,95.32,49545775,93.39,93.39,,3666640433.83,3666640433.83,,0.0,3,SUR,2.55,
TQBR,2024-07-17,ВТБ ао,VTBR,77728,3172871269.89,95.6,93.1,96.69,93.61,94.77,93.72,33479366,94.92,94.92,,2777289108.21,2777289108.21,,0.0,3,SUR,-1.68,
TQBR,2024-07-18,ВТБ ао,VTBR,84430,2586669295.97,93.59,92.8,96.15,95.95,94.53,95.89,27363977,94.3,94.3,,2178525165.31,2178525165.31,,0.0,3,SUR,2.32,
TQBR,2024-07-19,ВТБ ао,VTBR,56741,2421389419.28,95.89,95.0,97.66,96.53,96.4,96.33,25117590,96.41,96.41,,2215203667.17,2215203667.17,,0.0,3,SUR,0.46,
TQBR,2024-07-22,ВТБ ао,VTBR,75225,2622815167.7,96.98,96.38,100.23,98.22,98.12,99.75,26731660,97.35,97.35,,1650216283.28,1650216283.28,,0.0,3,SUR,3.55,
TQBR,2024-07-23,ВТБ ао,VTBR,84007,3507821464.58,99.5,98.67,101.55,100.63,100.46,100.75,34916676,100.42,100.42,,3243938960.97,3243938960.97,,0.0,3,SUR,1.0,
TQBR,2024-07-24,ВТБ ао,VTBR,63301,1699868029.82,101.15,99.81,101.8,100.51,100.74,99.9,16873670,100.91,100.91,,1342899894.93,1342899894.93,,0.0,3,SUR,-0.84,
TQBR,2024-07-25,ВТБ ао,VTBR,52776,1740551571.75,99.7,97.82,99.89,99.7,98.81,99.2,17614359,98.76,98.76,,1579896878.02,1579896878.02,,0.0,3,SUR,-0.7,
TQBR,2024-07-26,ВТБ ао,VTBR,142321,4056099521.75,99.0,95.5,101.15,96.81,98.06,96.73,41361366,98.19,98.19,,3701656299.23,3701656299.23,,0.0,3,SUR,-2.49,
TQBR,2024-07-29,ВТБ ао,VTBR,82061,2705339753.06,96.56,93.01,96.56,93.66,94.38,93.4,28664465,94.55,94.55,,2253299164.77,2253299164.77,,0.0,3,SUR,-3.44,
TQBR,2024-07-30,ВТБ ао,VTBR,146498,7131384261.81,92.97,92.6,99.86,99.24,97.45,99.09,73201724,96.94,96.94,,5563241474.8,5563241474.8,,0.0,3,SUR,6.09,
TQBR,2024-07-31,ВТБ ао,VTBR,125131,5733984793.42,99.2,97.1,99.99,97.57,98.23,97.82,58370837,98.25,98.25,,5236305091.44,5236305091.44,,0.0,3,SUR,-1.28,
TQBR,2024-08-01,ВТБ ао,VTBR,85825,3463127848.56,97.63,97.56,99.8,98.28,98.69,98.13,35091806,98.78,98.78,,2878487812.55,2878487812.55,,0.0,3,SUR,0.32,
TQBR,2024-08-02,ВТБ ао,VTBR,65749,2671333956.56,98.06,96.7,98.81,97.83,97.71,97.69,27340356,97.72,97.72,,2412170496.7,2412170496.7,,0.0,3,SUR,-0.45,
TQBR,2024-08-05,ВТБ ао,VTBR,129775,4536943788.78,96.05,94.44,97.2,95.47,95.62,95.36,47447995,95.63,95.63,,3689608377.99,3689608377.99,,0.0,3,SUR,-2.39,
TQBR,2024-08-06,ВТБ ао,VTBR,77893,2745864413.69,96.4,95.39,97.55,95.94,96.45,96.21,28468044,96.49,96.49,,2490184496.34,2490184496.34,,0.0,3,SUR,0.89,
TQBR,2024-08-07,ВТБ ао,VTBR,126661,4332545845.01,96.5,95.1,99.0,98.56,97.31,98.35,44522199,97.14,97.14,,3643354529.48,3643354529.48,,0.0,3,SUR,2.22,
TQBR,2024-08-08,ВТБ ао,VTBR,71025,2538076069.96,98.36,96.06,99.21,97.38,97.7,96.85,25976954,98.05,98.05,,1905511936.99,1905511936.99,,0.0,3,SUR,-1.53,
TQBR,2024-08-09,ВТБ ао,VTBR,52103,1540884782.25,96.55,96.32,97.92,97.06,97.13,97.09,15863793,97.19,97.19,,1323660108.27,1323660108.27,,0.0,3,SUR,0.25,
TQBR,2024-08-12,ВТБ ао,VTBR,69608,2569197132.99,96.99,96.41,98.49,97.71,97.65,98.03,26317982,97.59,97.59,,2338039327.28,2338039327.28,,0.0,3,SUR,0.97,
TQBR,2024-08-13,ВТБ ао,VTBR,106471,3756550433.92,98.4,98.16,100.83,100.38,99.75,100.69,37675640,99.64,99.64,,3429845561.3,3429845561.3,,0.0,3,SUR,2.71,
TQBR,2024-08-14,ВТБ ао,VTBR,121048,4263065472.7,100.75,99.37,102.0,99.96,100.8,99.81,42292473,100.94,100.94,,3802725840.0,3802725840.0,,0.0,3,SUR,-0.87,
TQBR,2024-08-15,ВТБ ао,VTBR,62335,1974530051.98,99.81,98.69,100.69,99.23,99.6,99.28,19823868,99.63,99.63,,1800982175.36,1800982175.36,,0.0,3,SUR,-0.53,
TQBR,2024-08-16,ВТБ ао,VTBR,59458,2176035316.06,99.28,97.76,99.67,98.98,98.77,97.85,22038938,98.93,98.93,,1426671518.47,1426671518.47,,0.0,3,SUR,-1.44,
TQBR,2024-08-19,ВТБ ао,VTBR,78018,2796774324.22,98.26,97.18,99.0,98.0,98.13,98.78,28501402,98.15,98.15,,2345717896.55,2345717896.55,,0.0,3,SUR,0.95,
TQBR,2024-08-20,ВТБ ао,VTBR,107013,3234572657.34,98.92,98.43,100.49,99.03,99.53,99.47,32499931,99.59,99.59,,2815337407.32,2815337407.32,,0.0,3,SUR,0.7,
TQBR,2024-08-21,ВТБ ао,VTBR,57118,2470268210.13,99.79,98.85,100.34,99.6,99.7,100.19,24777709,99.67,99.67,,2126583792.07,2126583792.07,,0.0,3,SUR,0.72,
TQBR,2024-08-22,ВТБ ао,VTBR,220788,4601992565.32,100.44,94.61,100.67,97.68,98.19,96.64,46867989,99.0,99.0,,3077863371.07,3077863371.07,,0.0,3,SUR,-3.54,
TQBR,2024-08-23,ВТБ ао,VTBR,158078,4352410309.82,96.62,94.03,97.73,94.59,96.15,96.47,45268851,96.41,96.41,,3426221435.05,3426221435.05,,0.0,3,SUR,-0.18,
TQBR,2024-08-26,ВТБ ао,VTBR,83827,2768641055.25,98.36,97.29,99.3,98.36,98.36,99.09,28149127,98.3,98.3,,2521188540.13,2521188540.13,,0.0,3,SUR,2.72,
TQBR,2024-08-27,ВТБ ао,VTBR,164476,2331013435.72,99.35,96.57,99.83,97.3,98.25,96.88,23726200,98.49,98.49,,1962527661.87,1962527661.87,,0.0,3,SUR,-2.23,
TQBR,2024-08-28,ВТБ ао,VTBR,85324,2249356505.64,97.07,95.0,97.32,96.58,96.3,97.02,23356646,96.23,96.23,,1995759863.59,1995759863.59,,0.0,3,SUR,0.14,
TQBR,2024-08-29,ВТБ ао,VTBR,80707,1882619010.12,97.03,95.35,97.6,95.65,96.29,96.02,19550565,96.34,96.34,,1561578913.21,1561578913.21,,0.0,3,SUR,-1.03,
TQBR,2024-08-30,ВТБ ао,VTBR,156360,3900901447.63,96.06,91.0,96.32,92.61,93.29,91.48,41814880,93.74,93.74,,2990789552.84,2990789552.84,,0.0,3,SUR,-4.73,
TQBR,2024-09-02,ВТБ ао,VTBR,158407,5514910782.36,90.96,85.2,91.06,86.59,87.94,86.1,62710686,88.56,88.56,,4285806832.98,4285806832.98,,0.0,3,SUR,-5.88,
TQBR,2024-09-03,ВТБ ао,VTBR,146707,4721901380.14,86.47,84.14,89.06,84.74,86.64,86.23,54502607,86.78,86.78,,4176583620.7,4176583620.7,,0.0,3,SUR,0.15,
TQBR,2024-09-04,ВТБ ао,VTBR,90901,3014753438.19,86.41,85.83,89.38,88.34,87.78,89.03,34345870,87.44,87.44,,2239303822.05,2239303822.05,,0.0,3,SUR,3.25,
TQBR,2024-09-05,ВТБ ао,VTBR,117409,3188132043.19,89.04,86.79,90.08,87.26,88.69,87.2,35947788,88.93,88.93,,2732211653.96,2732211653.96,,0.0,3,SUR,-2.06,
TQBR,2024-09-06,ВТБ ао,VTBR,65279,1940287777.32,87.3,86.5,88.15,86.84,87.18,87.3,22257375,87.18,87.18,,1734888552.15,1734888552.15,,0.0,3,SUR,0.11,
TQBR,2024-09-09,ВТБ ао,VTBR,102985,2755937870.45,87.63,87.56,91.0,89.74,89.11,90.9,30926870,88.7,88.7,,2082546067.31,2082546067.31,,0.0,3,SUR,4.12,
TQBR,2024-09-10,ВТБ ао,VTBR,81412,2566723030.62,91.43,88.12,91.5,88.7,89.74,88.89,28602879,89.96,89.96,,2170244023.57,2170244023.57,,0.0,3,SUR,-2.21,
TQBR,2024-09-11,ВТБ ао,VTBR,60964,1944940036.03,88.7,86.84,89.48,88.77,88.19,87.2,22052986,88.48,88.48,,1362323517.48,1362323517.48,,0.0,3,SUR,-1.9,
TQBR,2024-09-12,ВТБ ао,VTBR,88285,2517923394.59,87.18,85.22,87.5,85.78,86.03,86.2,29269486,86.03,86.03,,2286016073.05,2286016073.05,,0.0,3,SUR,-1.15,
TQBR,2024-09-13,ВТБ ао,VTBR,134597,4226755608.32,85.75,83.81,87.42,87.07,85.86,87.14,49230480,85.77,85.77,,3917315840.87,3917315840.87,,0.0,3,SUR,1.09,
TQBR,2024-09-16,ВТБ ао,VTBR,96381,2632045880.84,87.7,87.33,89.75,88.49,88.54,88.62,29728847,88.54,88.54,,2261045361.32,2261045361.32,,0.0,3,SUR,1.7,
TQBR,2024-09-17,ВТБ ао,VTBR,57065,1826935002.35,88.67,87.81,90.39,89.27,88.92,90.1,20545189,88.72,88.72,,1439407224.76,1439407224.76,,0.0,3,SUR,1.67,
TQBR,2024-09-18,ВТБ ао,VTBR,64413,2154574653.7,90.1,87.33,90.95,89.02,89.56,87.93,24057838,89.79,89.79,,1757794546.77,1757794546.77,,0.0,3,SUR,-2.41,
TQBR,2024-09-19,ВТБ ао,VTBR,75520,1795057571.5,88.06,87.61,89.36,88.25,88.51,88.53,20280841,88.51,88.51,,1674037328.0,1674037328.0,,0.0,3,SUR,0.68,
TQBR,2024-09-20,ВТБ ао,VTBR,71713,1803224390.62,88.51,88.42,89.9,88.97,89.16,89.35,20224843,89.15,89.15,,1580671261.0,1580671261.0,,0.0,3,SUR,0.93,
TQBR,2024-09-23,ВТБ ао,VTBR,110436,3283218564.34,89.7,89.56,92.37,91.36,90.92,91.96,36112072,90.81,90.81,,2899343606.55,2899343606.55,,0.0,3,SUR,2.92,
TQBR,2024-09-24,ВТБ ао,VTBR,90116,3362836623.77,92.2,90.81,93.95,91.23,91.9,92.65,36591103,91.51,91.51,,2279603754.13,2279603754.13,,0.0,3,SUR,0.75,
TQBR,2024-09-25,ВТБ ао,VTBR,120958,4401511393.1,92.76,90.31,94.6,90.98,92.6,90.83,47531119,92.9,92.9,,3752863907.41,3752863907.41,,0.0,3,SUR,-1.96,
TQBR,2024-09-26,ВТБ ао,VTBR,56055,2159972084.19,90.8,89.82,91.84,90.43,90.59,90.76,23843726,90.59,90.59,,2000613007.55,2000613007.55,,0.0,3,SUR,-0.08,
TQBR,2024-09-27,ВТБ ао,VTBR,54999,1741990037.23,90.94,90.31,91.5,90.82,90.9,90.57,19163617,90.92,90.92,,1545919536.45,1545919536.45,,0.0,3,SUR,-0.21,
TQBR,2024-09-30,ВТБ ао,VTBR,89549,2234031396.88,90.75,88.92,91.42,90.23,90.32,89.03,24733831,90.51,90.51,,1837299802.35,1837299802.35,,0.0,3,SUR,-1.7,
TQBR,2024-10-01,ВТБ ао,VTBR,93452,3328573626.32,89.05,86.37,89.08,87.29,87.57,87.52,38010697,87.59,87.59,,3045989185.33,3045989185.33,,0.0,3,SUR,-1.7,
TQBR,2024-10-02,ВТБ ао,VTBR,71984,2180814649.97,87.7,85.0,88.12,85.63,86.56,86.16,25194369,86.87,86.87,,1630365203.38,1630365203.38,,0.0,3,SUR,-1.55,
TQBR,2024-10-03,ВТБ ао,VTBR,73258,2765774572.34,85.9,84.69,87.49,86.44,86.25,87.23,32068134,86.15,86.15,,2453849582.49,2453849582.49,,0.0,3,SUR,1.24,
TQBR,2024-10-04,ВТБ ао,VTBR,46497,1373108218.03,87.35,86.22,87.71,86.81,86.94,86.63,15793558,86.97,86.97,,1246252965.16,1246252965.16,,0.0,3,SUR,-0.69,
TQBR,2024-10-07,ВТБ ао,VTBR,62499,1489515271.41,86.8,85.37,87.1,86.08,86.02,86.43,17315416,86.0,86.0,,1307987517.44,1307987517.44,,0.0,3,SUR,-0.23,
TQBR,2024-10-08,ВТБ ао,VTBR,46607,1205015482.51,86.25,85.37,86.48,85.74,85.79,85.85,14046334,85.81,85.81,,1038542296.44,1038542296.44,,0.0,3,SUR,-0.67,
TQBR,2024-10-09,ВТБ ао,VTBR,80769,3337770644.93,85.71,85.13,89.9,85.43,86.87,89.79,38423173,85.66,85.66,,1452638125.98,1452638125.98,,0.0,3,SUR,4.59,
TQBR,2024-10-10,ВТБ ао,VTBR,126796,5587584824.76,89.47,85.9,89.66,86.15,87.19,86.16,64088299,87.25,87.25,,5172406607.89,5172406607.89,,0.0,3,SUR,-4.04,
TQBR,2024-10-11,ВТБ ао,VTBR,51373,1474661084.92,86.18,85.2,86.31,85.95,85.78,85.61,17191954,85.77,85.77,,1255341236.69,1255341236.69,,0.0,3,SUR,-0.64,
TQBR,2024-10-14,ВТБ ао,VTBR,105737,2758107406.45,85.58,84.6,86.99,86.5,85.77,86.7,32158482,85.69,85.69,,2485513433.58,2485513433.58,,0.0,3,SUR,1.27,
TQBR,2024-10-15,ВТБ ао,VTBR,48991,1546621572.17,86.49,86.21,87.17,86.94,86.76,86.67,17827200,86.75,86.75,,1358744452.28,1358744452.28,,0.0,3,SUR,-0.03,
TQBR,2024-10-16,ВТБ ао,VTBR,55727,2041287128.8,86.8,85.0,87.62,85.7,86.57,85.82,23580144,86.7,86.7,,1742849697.27,1742849697.27,,0.0,3,SUR,-0.98,
TQBR,2024-10-17,ВТБ ао,VTBR,47034,1284131430.34,85.78,84.8,86.07,85.17,85.37,85.09,15042763,85.51,85.51,,912464491.76,912464491.76,,0.0,3,SUR,-0.85,
TQBR,2024-10-18,ВТБ ао,VTBR,85106,2323678690.77,84.81,84.01,85.4,84.63,84.6,84.84,27465894,84.58,84.58,,2105221148.09,2105221148.09,,0.0,3,SUR,-0.29,
TQBR,2024-10-21,ВТБ ао,VTBR,50864,1039564991.49,84.98,84.42,85.21,84.74,84.83,84.71,12254782,84.84,84.84,,973212223.61,973212223.61,,0.0,3,SUR,-0.15,
TQBR,2024-10-22,ВТБ ао,VTBR,69319,1416430990.18,84.65,83.45,85.1,83.94,84.23,83.58,16817118,84.33,84.33,,1176871168.72,1176871168.72,,0.0,3,SUR,-1.33,
TQBR,2024-10-23,ВТБ ао,VTBR,115616,3281632138.71,83.41,81.84,84.98,84.21,83.29,82.22,39400102,83.49,83.49,,2470895812.95,2470895812.95,,0.0,3,SUR,-1.63,
TQBR,2024-10-24,ВТБ ао,VTBR,79814,1728228329.69,82.4,81.2,82.9,82.26,82.12,82.64,21044752,82.09,82.09,,1542362520.68,1542362520.68,,0.0,3,SUR,0.51,
TQBR,2024-10-25,ВТБ ао,VTBR,205916,3681578346.11,82.66,79.67,83.3,79.96,81.24,79.89,45319475,81.4,81.4,,3266737332.19,3266737332.19,,0.0,3,SUR,-3.33,
TQBR,2024-10-28,ВТБ ао,VTBR,141947,3993908248.01,79.15,75.16,80.19,76.68,77.99,76.2,51210979,78.64,78.64,,3052054266.29,3052054266.29,,0.0,3,SUR,-4.62,
TQBR,2024-10-29,ВТБ ао,VTBR,88263,2556315810.17,76.33,74.9,78.08,76.95,76.54,77.45,33398253,76.33,76.33,,2132756051.88,2132756051.88,,0.0,3,SUR,1.64,
TQBR,2024-10-30,ВТБ ао,VTBR,73516,2141854946.01,77.56,76.0,78.42,77.87,77.44,76.19,27658778,77.67,77.67,,1546036450.19,1546036450.19,,0.0,3,SUR,-1.63,
TQBR,2024-10-31,ВТБ ао,VTBR,70996,2005659632.56,75.91,74.73,76.47,75.14,75.53,75.25,26553420,75.63,75.63,,1670535128.32,1670535128.32,,0.0,3,SUR,-1.23,
TQBR,2024-11-01,ВТБ ао,VTBR,64896,1611569092.12,75.25,74.53,76.85,76.24,75.69,76.62,21291035,75.51,75.51,,1328662581.69,1328662581.69,,0.0,3,SUR,1.82,
TQBR,2024-11-02,ВТБ ао,VTBR,35801,759160490.45,76.62,76.42,77.44,76.82,76.89,77.12,9872711,76.88,76.88,,639456704.66,639456704.66,,0.0,3,SUR,0.65,
TQBR,2024-11-05,ВТБ ао,VTBR,77258,1217856343.32,77.69,76.86,78.2,77.24,77.52,77.38,15716693,77.51,77.51,,1048912028.88,1048912028.88,,0.0,3,SUR,0.34,
TQBR,2024-11-06,ВТБ ао,VTBR,94088,3097160838.6,78.66,77.66,79.9,78.1,78.77,78.32,39313061,78.82,78.82,,2889084784.76,2889084784.76,,0.0,3,SUR,1.21,
TQBR,2024-11-07,ВТБ ао,VTBR,95847,3288853055.14,78.29,76.53,79.31,77.56,77.69,79.1,42338206,77.26,77.26,,1929141616.2,1929141616.2,,0.0,3,SUR,1.0,
TQBR,2024-11-08,ВТБ ао,VTBR,103460,3535519954.44,79.5,77.85,80.43,78.98,79.18,80.2,44654022,78.81,78.81,,2298721977.51,2298721977.51,,0.0,3,SUR,1.39,
TQBR,2024-11-11,ВТБ ао,VTBR,106679,3869620874.51,81.1,80.5,82.16,81.84,81.31,81.58,47585502,81.3,81.3,,3578386806.43,3578386806.43,,0.0,3,SUR,1.72,
TQBR,2024-11-12,ВТБ ао,VTBR,61984,1753491419.26,81.5,80.2,81.78,81.43,80.96,80.68,21662500,80.97,80.97,,1509555166.53,1509555166.53,,0.0,3,SUR,-1.1,
TQBR,2024-11-13,ВТБ ао,VTBR,86397,1862626922.73,80.64,79.33,81.4,80.73,80.49,79.41,23142380,80.66,80.66,,1383678810.28,1383678810.28,,0.0,3,SUR,-1.57,
TQBR,2024-11-14,ВТБ ао,VTBR,59516,1641823902.4,79.5,78.83,80.16,79.07,79.42,79.19,20672317,79.46,79.46,,1372195135.39,1372195135.39,,0.0,3,SUR,-0.28,
TQBR,2024-11-15,ВТБ ао,VTBR,55998,1320391899.69,79.1,78.88,80.61,80.01,79.84,80.59,16537426,79.68,79.68,,920683223.36,920683223.36,,0.0,3,SUR,1.77,
TQBR,2024-11-18,ВТБ ао,VTBR,102023,1497285796.13,79.0,78.2,79.84,79.48,79.19,78.95,18906357,79.18,79.18,,1243075423.13,1243075423.13,,0.0,3,SUR,-2.03,
TQBR,2024-11-19,ВТБ ао,VTBR,75340,2022433713.45,78.96,76.57,79.47,77.05,77.94,77.06,25948089,78.02,78.02,,1756195985.25,1756195985.25,,0.0,3,SUR,-2.39,
TQBR,2024-11-20,ВТБ ао,VTBR,80549,1779631393.65,77.1,75.03,77.88,75.57,76.47,75.64,23271744,76.91,76.91,,1259023649.3,1259023649.3,,0.0,3,SUR,-1.84,
TQBR,2024-11-21,ВТБ ао,VTBR,98632,2536637338.39,75.77,74.03,76.3,74.24,75.11,76.3,33771142,75.09,75.09,,1834369753.43,1834369753.43,,0.0,3,SUR,0.87,
TQBR,2024-11-22,ВТБ ао,VTBR,78549,1698352023.11,76.49,73.78,76.58,74.32,74.84,74.05,22691723,74.91,74.91,,1423432515.84,1423432515.84,,0.0,3,SUR,-2.95,
TQBR,2024-11-25,ВТБ ао,VTBR,130488,4277014585.15,74.15,69.83,74.36,71.49,71.69,70.11,59661785,72.2,72.2,,3066676200.14,3066676200.14,,0.0,3,SUR,-5.32,
TQBR,2024-11-26,ВТБ ао,VTBR,195917,6671398087.09,70.31,67.75,72.48,68.29,69.84,68.23,95529679,70.03,70.03,,5971459913.31,5971459913.31,,0.0,3,SUR,-2.68,
TQBR,2024-11-27,ВТБ ао,VTBR,143272,4619846404.31,68.49,65.67,70.07,68.76,67.86,70.02,68078498,67.5,67.5,,3771770392.56,3771770392.56,,0.0,3,SUR,2.62,
TQBR,2024-11-28,ВТБ ао,VTBR,112539,2940128240.4,70.21,67.69,70.69,69.6,69.4,69.28,42364945,69.38,69.38,,2539163159.3,2539163159.3,,0.0,3,SUR,-1.06,
TQBR,2024-11-29,ВТБ ао,VTBR,105522,2210972899.69,69.53,68.8,70.48,69.8,69.68,69.5,31730166,69.68,69.68,,1978348063.11,1978348063.11,,0.0,3,SUR,0.32,
TQBR,2024-12-02,ВТБ ао,VTBR,118902,1996440595.84,69.0,68.85,70.17,69.55,69.46,69.27,28741858,69.47,69.47,,1845416987.69,1845416987.69,,0.0,3,SUR,-0.33,
TQBR,2024-12-03,ВТБ ао,VTBR,72352,1688445575.31,69.27,67.0,69.34,67.51,68.07,67.28,24805958,68.18,68.18,,1438698960.14,1438698960.14,,0.0,3,SUR,-2.87,
TQBR,2024-12-04,ВТБ ао,VTBR,139612,4424664107.95,67.32,65.02,69.07,67.15,67.09,65.38,65948082,68.19,68.19,,2449606579.92,2449606579.92,,0.0,3,SUR,-2.82,
TQBR,2024-12-05,ВТБ ао,VTBR,114137,3625958905.73,65.35,64.3,67.21,66.49,65.56,66.95,55308081,65.41,65.41,,3252875595.04,3252875595.04,,0.0,3,SUR,2.4,
TQBR,2024-12-06,ВТБ ао,VTBR,78740,2115074413.85,67.0,66.01,68.17,67.5,67.18,67.52,31484825,67.14,67.14,,1942335295.14,1942335295.14,,0.0,3,SUR,0.85,
TQBR,2024-12-09,ВТБ ао,VTBR,105709,1284558288.62,67.94,67.54,68.8,68.42,68.42,68.1,18835357,68.18,68.18,,1160733408.4,1160733408.4,,0.0,3,SUR,0.86,
TQBR,2024-12-10,ВТБ ао,VTBR,73966,1458438120.61,68.19,66.68,68.22,67.0,67.25,66.94,21687902,67.27,67.27,,1316876934.25,1316876934.25,,0.0,3,SUR,-1.7,
TQBR,2024-12-11,ВТБ ао,VTBR,66404,1222081073.54,66.94,66.49,67.85,66.96,67.22,67.81,18179072,67.17,67.17,,959225768.08,959225768.08,,0.0,3,SUR,1.3,
TQBR,2024-12-12,ВТБ ао,VTBR,68690,1663996581.92,68.0,66.5,68.66,66.72,67.59,66.57,24618039,67.72,67.72,,1423645702.78,1423645702.78,,0.0,3,SUR,-1.83,
TQBR,2024-12-13,ВТБ ао,VTBR,54214,1252997497.59,66.45,65.73,67.0,66.75,66.41,66.38,18868781,66.4,66.4,,1150520108.82,1150520108.82,,0.0,3,SUR,-0.29,
TQBR,2024-12-16,ВТБ ао,VTBR,86578,1708114824.22,66.12,63.8,66.31,64.27,64.88,64.25,26327675,65.03,65.03,,1343733783.29,1343733783.29,,0.0,3,SUR,-3.21,
TQBR,2024-12-17,ВТБ ао,VTBR,61100,1042887482.09,64.22,63.67,64.79,63.82,64.19,64.21,16247676,64.2,64.2,,881395155.96,881395155.96,,0.0,3,SUR,-0.06,
TQBR,2024-12-18,ВТБ ао,VTBR,61695,1275412869.77,64.27,63.62,65.41,64.49,64.39,65.23,19808191,64.1,64.1,,835665774.82,835665774.82,,0.0,3,SUR,1.59,
TQBR,2024-12-19,ВТБ ао,VTBR,71381,1923253750.71,65.45,64.85,66.27,66.04,65.63,65.95,29301766,65.6,65.6,,1727001896.69,1727001896.69,,0.0,3,SUR,1.1,
TQBR,2024-12-20,ВТБ ао,VTBR,158651,4313427104.98,65.82,65.8,73.27,73.04,70.49,72.88,61175664,70.28,70.28,,3892283236.91,3892283236.91,,0.0,3,SUR,10.51,
TQBR,2024-12-23,ВТБ ао,VTBR,116129,2719822658.9,73.68,72.98,74.8,73.6,73.88,74.19,36815537,73.87,73.87,,2455120932.17,2455120932.17,,0.0,3,SUR,1.8,
TQBR,2024-12-24,ВТБ ао,VTBR,88027,2456289372.45,74.25,72.6,74.75,74.07,73.73,73.89,33315172,73.72,73.72,,2324916628.37,2324916628.37,,0.0,3,SUR,-0.4,
TQBR,2024-12-25,ВТБ ао,VTBR,158740,4045999589.98,73.73,73.03,76.85,75.81,74.19,76.53,53776399,75.07,75.07,,3486303186.43,3486303186.43,,0.0,3,SUR,3.57,
TQBR,2024-12-26,ВТБ ао,VTBR,175585,3181527431.96,76.61,75.65,77.67,76.99,76.7,75.74,41480719,76.78,76.78,,2600430514.34,2600430514.34,,0.0,3,SUR,-1.03,
TQBR,2024-12-27,ВТБ ао,VTBR,61216,1748147755.08,75.97,75.52,76.99,76.19,76.39,76.49,22885289,76.38,76.38,,1583888855.83,1583888855.83,,0.0,3,SUR,0.99,
TQBR,2024-12-28,ВТБ ао,VTBR,63524,1965615188.6,76.7,76.59,78.48,77.55,77.82,78.09,25257477,77.81,77.81,,1685076973.64,1685076973.64,,0.0,3,SUR,2.09,
TQBR,2024-12-30,ВТБ ао,VTBR,72544,1749330631.8,78.99,78.05,80.41,79.71,79.49,80.03,22006468,79.34,79.34,,1302274855.19,1302274855.19,,0.0,3,SUR,2.48,
TQBR,2025-01-03,ВТБ ао,VTBR,55685,1582542966.55,80.51,77.5,80.63,78.19,78.45,77.78,20172875,78.49,78.49,,1452290215.45,1452290215.45,,0.0,3,SUR,-2.81,
TQBR,2025-01-06,ВТБ ао,VTBR,128705,841574635.63,77.35,76.48,78.0,77.73,77.35,77.97,10880044,77.3,77.3,,739096461.37,739096461.37,,0.0,3,SUR,0.24,
TQBR,2025-01-08,ВТБ ао,VTBR,123367,798488641.75,78.04,77.9,79.2,78.9,78.65,78.64,10152728,78.63,78.63,,700880882.83,700880882.83,,0.0,3,SUR,0.86,
TQBR,2025-01-09,ВТБ ао,VTBR,63336,1616392632.27,78.64,76.0,79.15,76.2,77.01,76.04,20988164,77.15,77.15,,1398000094.51,1398000094.51,,0.0,3,SUR,-3.31,
TQBR,2025-01-10,ВТБ ао,VTBR,85557,2911159958.45,76.39,75.54,79.5,79.01,77.67,79.28,37480644,77.44,77.44,,2511462918.0,2511462918.0,,0.0,3,SUR,4.26,
TQBR,2025-01-13,ВТБ ао,VTBR,101980,2625890489.24,79.86,78.96,80.96,80.45,80.08,79.36,32791193,80.18,80.18,,2162502681.48,2162502681.48,,0.0,3,SUR,0.1,
TQBR,2025-01-14,ВТБ ао,VTBR,84511,2922450974.52,79.5,78.51,82.45,80.81,80.81,81.27,36166249,80.82,80.82,,2457491541.73,2457491541.73,,0.0,3,SUR,2.41,
TQBR,2025-01-15,ВТБ ао,VTBR,83704,2916678507.61,81.28,80.05,83.25,81.1,81.73,82.5,35684641,80.89,80.89,,1380486449.14,1380486449.14,,0.0,3,SUR,1.51,
TQBR,2025-01-16,ВТБ ао,VTBR,110421,4639815304.14,82.8,81.5,85.21,84.72,83.78,84.56,55379727,83.66,83.66,,4109077479.07,4109077479.07,,0.0,3,SUR,2.5,
TQBR,2025-01-17,ВТБ ао,VTBR,122078,4631871684.53,84.5,84.3,87.26,86.74,86.33,87.0,53652615,86.23,86.23,,4028887685.84,4028887685.84,,0.0,3,SUR,2.89,
TQBR,2025-01-20,ВТБ ао,VTBR,113980,3606149597.46,88.5,85.36,88.75,87.09,87.2,86.17,41355718,87.43,87.43,,2883890587.84,2883890587.84,,0.0,3,SUR,-0.95,
TQBR,2025-01-21,ВТБ ао,VTBR,66931,2085685330.32,86.16,85.45,87.69,87.18,86.44,87.69,24127482,86.22,86.22,,1657963743.96,1657963743.96,,0.0,3,SUR,1.76,
TQBR,2025-01-22,ВТБ ао,VTBR,78641,2583476774.94,87.82,85.65,88.25,87.87,87.16,86.01,29640595,87.64,87.64,,1439444166.58,1439444166.58,,0.0,3,SUR,-1.92,
TQBR,2025-01-23,ВТБ ао,VTBR,70941,1982792365.62,86.0,85.59,87.94,86.89,86.52,87.8,22917147,86.33,86.33,,1364993146.81,1364993146.81,,0.0,3,SUR,2.08,
TQBR,2025-01-24,ВТБ ао,VTBR,84375,2493761880.54,88.25,86.49,88.66,87.15,87.74,87.54,28423166,87.8,87.8,,2188749305.88,2188749305.88,,0.0,3,SUR,-0.3,
TQBR,2025-01-27,ВТБ ао,VTBR,121489,3364390795.03,87.28,83.4,87.48,84.44,85.24,83.72,39470799,85.35,85.35,,2699441689.45,2699441689.45,,0.0,3,SUR,-4.36,
TQBR,2025-01-28,ВТБ ао,VTBR,105156,2874505884.37,83.48,82.32,84.88,84.2,83.78,84.66,34310455,83.71,83.71,,2193944353.17,2193944353.17,,0.0,3,SUR,1.12,
TQBR,2025-01-29,ВТБ ао,VTBR,64450,2163773140.87,84.55,83.53,85.2,84.11,84.17,83.95,25708214,84.13,84.13,,1696788529.2,1696788529.2,,0.0,3,SUR,-0.84,
TQBR,2025-01-30,ВТБ ао,VTBR,77892,2247317578.71,84.0,82.77,84.4,83.76,83.66,83.85,26863409,83.64,83.64,,1963520443.84,1963520443.84,,0.0,3,SUR,-0.12,
TQBR,2025-01-31,ВТБ ао,VTBR,138559,6467359034.83,84.0,83.33,86.49,84.2,85.04,83.89,76054183,85.16,85.16,,5667902555.09,5667902555.09,,0.0,3,SUR,0.05,
TQBR,2025-02-03,ВТБ ао,VTBR,114603,3303608749.17,84.0,81.3,84.45,81.5,82.46,81.96,40062337,82.32,82.32,,2408455023.68,2408455023.68,,0.0,3,SUR,-2.3,
TQBR,2025-02-04,ВТБ ао,VTBR,90481,2613220258.52,82.0,79.96,82.42,80.77,80.97,80.35,32273051,81.03,81.03,,2130374512.53,2130374512.53,,0.0,3,SUR,-1.96,
TQBR,2025-02-05,ВТБ ао,VTBR,85308,2986724204.35,80.35,79.05,82.88,81.2,80.95,82.09,36894812,80.26,80.26,,1846866663.66,1846866663.66,,0.0,3,SUR,2.17,
TQBR,2025-02-06,ВТБ ао,VTBR,78775,2417580821.76,82.79,81.45,83.41,82.31,82.48,82.4,29310583,82.49,82.49,,1993153844.01,1993153844.01,,0.0,3,SUR,0.38,
TQBR,2025-02-07,ВТБ ао,VTBR,77221,2548747644.74,82.3,80.74,82.97,81.66,81.66,81.19,31211060,81.65,81.65,,2225989653.7,2225989653.7,,0.0,3,SUR,-1.47,
TQBR,2025-02-10,ВТБ ао,VTBR,111016,3440285771.25,81.8,79.7,82.72,81.5,81.42,80.0,42254099,81.7,81.7,,1960468231.94,1960468231.94,,0.0,3,SUR,-1.47,
