BOARDID,TRADEDATE,SHORTNAME,SECID,NUMTRADES,VALUE,OPEN,LOW,HIGH,LEGALCLOSEPRICE,WAPRICE,CLOSE,VOLUME,MARKETPRICE2,MARKETPRICE3,ADMITTEDQUOTE,MP2VALTRD,MARKETPRICE3TRADESVALUE,ADMITTEDVALUE,WAVAL,TRADINGSESSION,CURRENCYID,TRENDCLSPR,TRADE_SESSION_DATE
TQBR,2014-06-09,Роснефть,ROSN,13527,1527091805.5,238.08,237.02,241.79,240.36,239.6,240.36,6373420,239.6,239.6,239.6,1526694211.9,1526694211.9,1526694211.9,,3,SUR,1.42,
TQBR,2014-06-10,Роснефть,ROSN,14123,1218261292.1,246.48,239.65,246.48,242.8,241.59,242.8,5042580,241.59,241.59,241.59,1218177488.9,1218177488.9,1218177488.9,,3,SUR,1.02,
TQBR,2014-06-11,Роснефть,ROSN,24571,3186089308.7,242.41,242.12,249.66,249.66,245.85,249.66,12959310,245.85,245.85,245.85,3185686908.1,3185686908.1,3185686908.1,,3,SUR,2.83,
TQBR,2014-06-16,Роснефть,ROSN,36954,4816128648.3,249.01,245.67,254.87,253.3,251.17,253.3,19174760,251.17,251.17,251.17,4815351737.1,4815351737.1,4815351737.1,,3,SUR,1.46,
TQBR,2014-06-17,Роснефть,ROSN,17967,1894839765.8,253.25,250.1,257.3,251.59,252.5,251.59,7504200,252.5,252.5,252.5,1894829635.8,1894829635.8,1894829635.8,,3,SUR,-0.68,
TQBR,2014-06-18,Роснефть,ROSN,14877,1981627195.7,251.52,249.23,252.58,250.87,251.13,250.87,7890720,251.13,251.13,251.13,1981546709.3,1981546709.3,1981546709.3,,3,SUR,-0.29,
TQBR,2014-06-19,Роснефть,ROSN,17593,2252794986.9,253.0,249.24,254.23,249.89,251.33,249.89,8963490,251.33,251.33,251.33,2251929726.9,2251929726.9,2251929726.9,,3,SUR,-0.39,
TQBR,2014-06-20,Роснефть,ROSN,16511,1737154909.4,250.65,248.07,251.84,250.11,250.13,250.11,6944910,250.13,250.13,250.13,1736392933.4,1736392933.4,1736392933.4,,3,SUR,0.09,
TQBR,2014-06-23,Роснефть,ROSN,12614,1241818037.0,250.28,250.0,253.3,252.3,251.22,252.3,4943100,251.22,251.22,251.22,1241800517.4,1241800517.4,1241800517.4,,3,SUR,0.88,
TQBR,2014-06-24,Роснефть,ROSN,18260,1760223249.2,253.05,252.7,258.3,257.81,255.12,257.81,6899670,255.12,255.12,255.12,1760210596.7,1760210596.7,1760210596.7,,3,SUR,2.18,
TQBR,2014-06-25,Роснефть,ROSN,15939,1704498342.3,256.36,248.74,257.69,250.0,252.27,250.0,6756610,252.27,252.27,252.27,1703898459.9,1703898459.9,1703898459.9,,3,SUR,-3.03,
TQBR,2014-06-26,Роснефть,ROSN,15468,1160369058.2,251.25,248.5,252.44,249.24,249.64,249.24,4648100,249.64,249.64,249.64,1159341445.7,1159341445.7,1159341445.7,,3,SUR,-0.3,
TQBR,2014-06-27,Роснефть,ROSN,13590,1187030794.5,249.9,247.11,251.24,249.49,249.15,249.49,4764260,249.15,249.15,249.15,1186805884.5,1186805884.5,1186805884.5,,3,SUR,0.1,
TQBR,2014-06-30,Роснефть,ROSN,10021,938639221.5,249.67,246.35,250.11,249.3,248.17,249.3,3782240,248.17,248.17,248.17,936107567.7,936107567.7,936107567.7,,3,SUR,-0.08,
TQBR,2014-07-01,Роснефть,ROSN,7907,599576905.2,248.95,247.17,250.35,250.16,248.7,250.16,2410840,248.7,248.7,248.7,599544541.7,599544541.7,599544541.7,,3,SUR,0.34,
TQBR,2014-07-02,Роснефть,ROSN,14884,1527793285.7,250.52,249.72,255.29,255.19,253.38,255.19,6029760,253.38,253.38,253.38,1527292245.7,1527292245.7,1527292245.7,,3,SUR,2.01,
TQBR,2014-07-03,Роснефть,ROSN,12770,1294388349.6,255.1,255.1,258.55,257.7,257.35,257.7,5029670,257.35,257.35,257.35,1294033760.6,1294033760.6,1294033760.6,,3,SUR,0.98,
TQBR,2014-07-04,Роснефть,ROSN,16532,1397605050.8,256.85,253.9,259.0,253.9,257.24,253.9,5432990,257.24,257.24,257.24,1395652990.8,1395652990.8,1395652990.8,,3,SUR,-1.47,
TQBR,2014-07-07,Роснефть,ROSN,18596,1541986718.8,244.0,241.12,248.99,248.99,246.11,248.99,6265420,246.15,246.15,246.15,1514875878.8,1514875878.8,1514875878.8,,3,SUR,-1.93,
TQBR,2014-07-08,Роснефть,ROSN,25917,1764645429.1,248.9,248.64,254.5,249.99,252.08,249.99,7000330,252.08,252.08,252.08,1764413952.1,1764413952.1,1764413952.1,,3,SUR,0.4,
TQBR,2014-07-09,Роснефть,ROSN,14531,1109364353.1,249.0,245.32,249.9,247.95,247.3,247.95,4485820,247.3,247.3,247.3,1108472933.1,1108472933.1,1108472933.1,,3,SUR,-0.82,
TQBR,2014-07-10,Роснефть,ROSN,20833,1857826822.0,248.1,242.2,249.72,244.95,246.65,244.95,7532330,246.65,246.65,246.65,1857772240.0,1857772240.0,1857772240.0,,3,SUR,-1.21,
TQBR,2014-07-11,Роснефть,ROSN,16240,1004927065.3,245.9,242.61,246.65,246.01,244.58,246.01,4108780,244.58,244.58,244.58,1004678706.3,1004678706.3,1004678706.3,,3,SUR,0.43,
TQBR,2014-07-14,Роснефть,ROSN,12097,809120218.5,246.48,241.57,247.88,242.0,244.36,242.0,3311240,244.35,244.35,244.35,808533596.1,808533596.1,808533596.1,,3,SUR,-1.63,
TQBR,2014-07-15,Роснефть,ROSN,16589,1298680043.4,242.58,240.5,244.44,241.92,242.45,241.92,5356490,242.45,242.45,242.45,1298595140.4,1298595140.4,1298595140.4,,3,SUR,-0.03,
TQBR,2014-07-16,Роснефть,ROSN,15378,995579072.6,241.9,240.73,245.3,244.18,243.49,244.18,4088830,243.49,243.49,243.49,995571815.6,995571815.6,995571815.6,,3,SUR,0.93,
TQBR,2014-07-17,Роснефть,ROSN,22217,2495410144.9,237.0,229.02,237.0,233.7,233.02,233.7,10709070,233.0,233.0,233.0,2483946454.9,2483946454.9,2483946454.9,,3,SUR,-4.29,
TQBR,2014-07-18,Роснефть,ROSN,20244,1815764154.5,229.02,229.02,232.18,231.75,230.88,231.75,7864560,230.88,230.88,230.88,1811433386.3,1811433386.3,1811433386.3,,3,SUR,-0.83,
TQBR,2014-07-21,Роснефть,ROSN,17160,1249456508.4,220.83,220.83,231.48,225.91,228.07,225.91,5478310,228.07,228.07,228.07,1249346093.4,1249346093.4,1249346093.4,,3,SUR,-2.52,
TQBR,2014-07-22,Роснефть,ROSN,16988,1675418130.4,227.76,226.23,229.5,226.76,228.13,226.76,7344200,228.13,228.13,228.13,1675094711.2,1675094711.2,1675094711.2,,3,SUR,0.38,
TQBR,2014-07-23,Роснефть,ROSN,17962,1398268651.1,229.52,220.11,229.52,221.8,224.0,221.8,6242370,223.99,223.99,223.99,1395812787.1,1395812787.1,1395812787.1,,3,SUR,-2.19,
TQBR,2014-07-24,Роснефть,ROSN,14967,1261622953.6,222.0,220.21,222.45,222.45,221.41,222.45,5698180,221.41,221.41,221.41,1260930313.6,1260930313.6,1260930313.6,,3,SUR,0.29,
TQBR,2014-07-25,Роснефть,ROSN,20069,1813901490.5,222.38,219.65,223.99,220.84,221.29,220.84,8196760,221.29,221.29,221.29,1813790300.5,1813790300.5,1813790300.5,,3,SUR,-0.72,
TQBR,2014-07-28,Роснефть,ROSN,21050,1915989078.9,220.61,214.39,220.97,218.21,217.41,218.21,8812750,217.4,217.4,217.4,1910793713.4,1910793713.4,1910793713.4,,3,SUR,-1.19,
TQBR,2014-07-29,Роснефть,ROSN,16266,1497060665.6,218.7,217.06,221.44,220.3,219.99,220.3,6805200,219.99,219.99,219.99,1496977559.6,1496977559.6,1496977559.6,,3,SUR,0.96,
TQBR,2014-07-30,Роснефть,ROSN,19368,2109895425.8,218.95,217.01,226.87,224.0,224.46,224.0,9399760,224.46,224.46,224.46,2109545105.8,2109545105.8,2109545105.8,,3,SUR,1.68,
TQBR,2014-07-31,Роснефть,ROSN,12964,1264003550.8,224.99,222.12,226.72,223.0,224.1,223.0,5640440,224.1,224.1,224.1,1263834808.3,1263834808.3,1263834808.3,,3,SUR,-0.45,
TQBR,2014-08-01,Роснефть,ROSN,19192,1275230536.4,222.09,219.42,224.0,221.79,220.56,221.79,5781690,220.56,220.56,220.56,1275179455.7,1275179455.7,1275179455.7,,3,SUR,-0.54,
TQBR,2014-08-04,Роснефть,ROSN,11543,861924552.7,221.33,219.0,223.38,219.9,220.5,219.9,3908940,220.5,220.5,220.5,861504025.7,861504025.7,861504025.7,,3,SUR,-0.85,
TQBR,2014-08-05,Роснефть,ROSN,12402,792490929.6,221.01,219.08,221.78,220.0,219.88,220.0,3604190,219.88,219.88,219.88,792212457.0,792212457.0,792212457.0,,3,SUR,0.05,
TQBR,2014-08-06,Роснефть,ROSN,16495,1258899024.2,219.9,218.55,223.76,219.55,220.41,219.55,5711540,220.41,220.41,220.41,1258844049.2,1258844049.2,1258844049.2,,3,SUR,-0.2,
TQBR,2014-08-07,Роснефть,ROSN,23086,1682022937.6,218.79,218.68,222.99,221.0,220.5,221.0,7628050,220.51,220.51,220.51,1681559102.8,1681559102.8,1681559102.8,,3,SUR,0.66,
TQBR,2014-08-08,Роснефть,ROSN,13423,842423588.9,221.33,219.51,222.55,219.54,221.07,219.54,3810580,221.07,221.07,221.07,841843704.3,841843704.3,841843704.3,,3,SUR,-0.66,
TQBR,2014-08-11,Роснефть,ROSN,12626,992388795.0,224.9,221.21,225.64,221.38,222.82,221.38,4453750,222.8,222.8,222.8,981143795.0,981143795.0,981143795.0,,3,SUR,0.84,
TQBR,2014-08-12,Роснефть,ROSN,11497,773399821.9,221.71,219.75,223.2,221.65,221.64,221.65,3489390,221.64,221.64,221.64,773178111.9,773178111.9,773178111.9,,3,SUR,0.12,
TQBR,2014-08-13,Роснефть,ROSN,19163,1533330352.6,221.45,221.45,227.33,225.99,225.07,225.99,6812810,225.07,225.07,225.07,1533274990.1,1533274990.1,1533274990.1,,3,SUR,1.96,
TQBR,2014-08-14,Роснефть,ROSN,14957,1057722611.9,229.26,224.57,229.26,226.3,226.33,226.3,4673440,226.32,226.32,226.32,1056812449.7,1056812449.7,1056812449.7,,3,SUR,0.14,
TQBR,2014-08-15,Роснефть,ROSN,9413,797566423.8,226.0,224.65,226.91,225.0,225.85,225.0,3531470,225.85,225.85,225.85,797134763.8,797134763.8,797134763.8,,3,SUR,-0.57,
TQBR,2014-08-18,Роснефть,ROSN,7360,517643373.6,225.0,223.66,226.64,224.68,225.01,224.68,2300560,225.01,225.01,225.01,517247373.6,517247373.6,517247373.6,,3,SUR,-0.14,
TQBR,2014-08-19,Роснефть,ROSN,10500,1211268811.8,224.87,224.87,227.71,227.4,226.99,227.4,5336200,226.99,226.99,226.99,1211248573.5,1211248573.5,1211248573.5,,3,SUR,1.21,
TQBR,2014-08-20,Роснефть,ROSN,11822,1987038874.2,227.71,226.83,231.8,231.54,230.15,231.54,8633490,230.15,230.15,230.15,1986991055.1,1986991055.1,1986991055.1,,3,SUR,1.82,
TQBR,2014-08-21,Роснефть,ROSN,11106,875872066.4,231.1,231.1,234.7,233.0,232.78,233.0,3762610,232.78,232.78,232.78,875638655.4,875638655.4,875638655.4,,3,SUR,0.63,
TQBR,2014-08-22,Роснефть,ROSN,11630,916359032.7,234.0,228.0,234.0,230.03,229.43,230.03,3994060,229.43,229.43,229.43,916082912.7,916082912.7,916082912.7,,3,SUR,-1.27,
TQBR,2014-08-25,Роснефть,ROSN,8063,457669350.1,230.22,229.36,232.2,231.69,231.4,231.69,1977830,231.4,231.4,231.4,457457547.7,457457547.7,457457547.7,,3,SUR,0.72,
TQBR,2014-08-26,Роснефть,ROSN,6589,449364041.8,232.0,229.22,232.65,229.22,230.72,229.22,1947630,230.72,230.72,230.72,449345481.8,449345481.8,449345481.8,,3,SUR,-1.07,
TQBR,2014-08-27,Роснефть,ROSN,9104,833418768.6,230.1,229.73,233.0,231.69,231.48,231.69,3600420,231.48,231.48,231.48,833358942.6,833358942.6,833358942.6,,3,SUR,1.08,
TQBR,2014-08-28,Роснефть,ROSN,14235,1219202867.9,231.69,226.06,232.0,228.99,228.39,228.99,5338320,228.39,228.39,228.39,1218885452.6,1218885452.6,1218885452.6,,3,SUR,-1.17,
TQBR,2014-08-29,Роснефть,ROSN,9607,737147234.3,228.53,226.0,231.44,226.0,228.6,226.0,3224570,228.6,228.6,228.6,736859286.5,736859286.5,736859286.5,,3,SUR,-1.31,
TQBR,2014-09-01,Роснефть,ROSN,18534,1078352153.5,226.25,226.25,232.0,229.0,228.99,229.0,4709250,228.99,228.99,228.99,1077831778.5,1077831778.5,1077831778.5,,3,SUR,1.33,
TQBR,2014-09-02,Роснефть,ROSN,9067,662097478.2,229.55,227.94,231.0,230.5,229.52,230.5,2884730,229.52,229.52,229.52,662079114.2,662079114.2,662079114.2,,3,SUR,0.66,
TQBR,2014-09-03,Роснефть,ROSN,22761,2098612685.7,230.5,229.92,236.9,236.13,234.07,236.13,8965910,234.07,234.07,234.07,2098548145.7,2098548145.7,2098548145.7,,3,SUR,2.44,
TQBR,2014-09-04,Роснефть,ROSN,9847,864250103.6,235.99,233.13,237.97,236.54,235.46,236.54,3670470,235.46,235.46,235.46,863636529.6,863636529.6,863636529.6,,3,SUR,0.17,
TQBR,2014-09-05,Роснефть,ROSN,13801,1148686474.3,234.95,234.51,239.09,238.0,237.18,238.0,4843110,237.18,237.18,237.18,1147913488.8,1147913488.8,1147913488.8,,3,SUR,0.62,
TQBR,2014-09-08,Роснефть,ROSN,14012,1133652180.5,236.4,232.23,238.85,234.02,235.09,234.02,4822180,235.09,235.09,235.09,1132744404.5,1132744404.5,1132744404.5,,3,SUR,-1.67,
TQBR,2014-09-09,Роснефть,ROSN,8460,590164643.2,234.01,233.92,235.92,234.55,234.99,234.55,2511410,234.99,234.99,234.99,589673222.2,589673222.2,589673222.2,,3,SUR,0.23,
TQBR,2014-09-10,Роснефть,ROSN,7529,478933779.4,234.49,232.71,236.0,234.9,234.62,234.9,2041280,234.62,234.62,234.62,478673495.5,478673495.5,478673495.5,,3,SUR,0.15,
TQBR,2014-09-11,Роснефть,ROSN,14503,875781058.8,234.79,230.01,236.35,230.01,232.78,230.01,3762330,232.77,232.77,232.77,873799431.2,873799431.2,873799431.2,,3,SUR,-2.08,
TQBR,2014-09-12,Роснефть,ROSN,15986,968378936.0,230.0,228.51,234.2,233.2,232.88,233.2,4158350,232.88,232.88,232.88,968112136.0,968112136.0,968112136.0,,3,SUR,1.39,
TQBR,2014-09-15,Роснефть,ROSN,18856,1376573229.7,233.0,231.21,234.02,232.19,232.34,232.19,5924820,232.34,232.34,232.34,1376438089.7,1376438089.7,1376438089.7,,3,SUR,-0.43,
TQBR,2014-09-16,Роснефть,ROSN,20432,1434909244.2,234.67,232.48,241.62,240.5,237.22,240.5,6048810,237.22,237.22,237.22,1434906897.5,1434906897.5,1434906897.5,,3,SUR,3.58,
TQBR,2014-09-17,Роснефть,ROSN,13706,1124913853.1,239.95,234.8,240.5,237.34,237.18,237.34,4742790,237.18,237.18,237.18,1123203009.6,1123203009.6,1123203009.6,,3,SUR,-1.31,
TQBR,2014-09-18,Роснефть,ROSN,9297,734941551.4,237.59,236.0,241.0,238.76,239.02,238.76,3074850,239.02,239.02,239.02,734934423.7,734934423.7,734934423.7,,3,SUR,0.6,
TQBR,2014-09-19,Роснефть,ROSN,17888,1305322942.0,239.0,231.72,239.0,233.5,235.27,233.5,5548090,235.27,235.27,235.27,1305258412.0,1305258412.0,1305258412.0,,3,SUR,-2.2,
TQBR,2014-09-22,Роснефть,ROSN,10931,765366062.9,234.38,230.0,234.52,230.0,232.02,230.0,3298760,232.01,232.01,232.01,764522294.9,764522294.9,764522294.9,,3,SUR,-1.5,
TQBR,2014-09-23,Роснефть,ROSN,11195,766140081.2,230.55,230.04,233.0,232.79,231.85,232.79,3304420,231.85,231.85,231.85,766103193.2,766103193.2,766103193.2,,3,SUR,1.21,
TQBR,2014-09-24,Роснефть,ROSN,9987,730379724.7,233.46,231.83,234.31,232.36,232.93,232.36,3135650,232.93,232.93,232.93,730260660.1,730260660.1,730260660.1,,3,SUR,-0.18,
TQBR,2014-09-25,Роснефть,ROSN,10158,649667177.9,233.0,230.79,234.53,231.2,232.57,231.2,2793420,232.57,232.57,232.57,649093997.9,649093997.9,649093997.9,,3,SUR,-0.5,
TQBR,2014-09-26,Роснефть,ROSN,11651,1069034412.2,231.5,228.93,233.44,232.39,231.43,232.39,4619220,231.43,231.43,231.43,1066485597.2,1066485597.2,1066485597.2,,3,SUR,0.51,
TQBR,2014-09-29,Роснефть,ROSN,15086,1306160973.3,233.77,228.74,236.02,229.0,231.94,229.0,5631560,231.94,231.94,231.94,1305550833.6,1305550833.6,1305550833.6,,3,SUR,-1.46,
TQBR,2014-09-30,Роснефть,ROSN,12865,855589266.1,229.36,228.5,233.7,232.0,231.36,232.0,3698040,231.36,231.36,231.36,855442475.7,855442475.7,855442475.7,,3,SUR,1.31,
TQBR,2014-10-01,Роснефть,ROSN,8521,620872048.7,231.61,230.0,233.13,230.0,231.71,230.0,2679530,231.71,231.71,231.71,620716870.0,620716870.0,620716870.0,,3,SUR,-0.86,
TQBR,2014-10-02,Роснефть,ROSN,12445,806294950.7,229.08,225.79,230.57,226.37,227.91,226.37,3537850,227.91,227.91,227.91,806065870.7,806065870.7,806065870.7,,3,SUR,-1.58,
TQBR,2014-10-03,Роснефть,ROSN,10117,603891840.9,228.64,226.98,230.3,227.73,228.42,227.73,2643740,228.42,228.42,228.42,603798098.5,603798098.5,603798098.5,,3,SUR,0.6,
TQBR,2014-10-06,Роснефть,ROSN,10672,805709235.5,229.37,229.37,233.47,232.07,231.82,232.07,3475620,231.82,231.82,231.82,805617487.5,805617487.5,805617487.5,,3,SUR,1.91,
TQBR,2014-10-07,Роснефть,ROSN,7516,519743054.1,232.11,229.65,232.94,231.3,231.37,231.3,2246410,231.37,231.37,231.37,519708237.6,519708237.6,519708237.6,,3,SUR,-0.33,
TQBR,2014-10-08,Роснефть,ROSN,11218,1120319009.1,230.5,227.5,232.75,227.5,229.98,227.5,4871320,229.98,229.98,229.98,1118470399.1,1118470399.1,1118470399.1,,3,SUR,-1.64,
TQBR,2014-10-09,Роснефть,ROSN,11775,790441425.4,230.01,227.05,231.25,228.47,229.26,228.47,3447860,229.25,229.25,229.25,788428837.9,788428837.9,788428837.9,,3,SUR,0.43,
TQBR,2014-10-10,Роснефть,ROSN,15861,1251174119.1,226.0,221.85,227.18,222.3,224.19,222.3,5580800,224.19,224.19,224.19,1250383119.1,1250383119.1,1250383119.1,,3,SUR,-2.7,
TQBR,2014-10-13,Роснефть,ROSN,10712,656743370.5,221.99,221.4,227.79,225.53,225.6,225.53,2911110,225.6,225.6,225.6,656587977.5,656587977.5,656587977.5,,3,SUR,1.45,
TQBR,2014-10-14,Роснефть,ROSN,15587,1128473305.9,225.5,225.0,233.47,230.3,230.46,230.3,4896610,230.46,230.46,230.46,1128468795.9,1128468795.9,1128468795.9,,3,SUR,2.12,
TQBR,2014-10-15,Роснефть,ROSN,11626,710522777.3,229.95,225.64,230.21,226.61,228.0,226.61,3116270,228.0,228.0,228.0,710371010.3,710371010.3,710371010.3,,3,SUR,-1.6,
TQBR,2014-10-16,Роснефть,ROSN,15720,1019578896.5,227.07,223.0,229.93,224.15,225.94,224.15,4512650,225.94,225.94,225.94,1019474444.3,1019474444.3,1019474444.3,,3,SUR,-1.09,
TQBR,2014-10-17,Роснефть,ROSN,12339,788420530.2,225.94,225.1,230.1,228.69,228.02,228.69,3457610,228.03,228.03,228.03,787918943.4,787918943.4,787918943.4,,3,SUR,2.03,
TQBR,2014-10-20,Роснефть,ROSN,11295,804276478.8,229.24,225.55,230.75,227.2,227.33,227.2,3537880,227.33,227.33,227.33,804274186.4,804274186.4,804274186.4,,3,SUR,-0.65,
TQBR,2014-10-21,Роснефть,ROSN,11638,525880896.9,227.01,225.0,229.45,228.24,227.63,228.24,2310250,227.63,227.63,227.63,525787822.8,525787822.8,525787822.8,,3,SUR,0.46,
TQBR,2014-10-22,Роснефть,ROSN,10026,658503058.3,229.39,224.71,229.39,225.4,226.3,225.4,2909900,226.3,226.3,226.3,658397538.9,658397538.9,658397538.9,,3,SUR,-1.24,
TQBR,2014-10-23,Роснефть,ROSN,14104,1110309184.0,224.8,222.25,225.72,224.2,224.02,224.2,4956200,224.02,224.02,224.02,1110264224.0,1110264224.0,1110264224.0,,3,SUR,-0.53,
TQBR,2014-10-24,Роснефть,ROSN,8778,558442451.2,224.45,222.5,226.0,225.88,224.0,225.88,2493030,224.0,224.0,224.0,558316759.2,558316759.2,558316759.2,,3,SUR,0.75,
TQBR,2014-10-27,Роснефть,ROSN,12270,742639970.4,227.76,225.65,229.28,227.9,227.78,227.9,3260300,227.78,227.78,227.78,742148008.8,742148008.8,742148008.8,,3,SUR,0.89,
TQBR,2014-10-28,Роснефть,ROSN,11660,722263753.7,228.53,227.49,231.5,229.6,229.91,229.6,3141570,229.91,229.91,229.91,722007800.1,722007800.1,722007800.1,,3,SUR,0.75,
TQBR,2014-10-29,Роснефть,ROSN,14617,1023671658.8,230.35,228.21,233.45,233.45,231.42,233.45,4423520,231.42,231.42,231.42,1023671658.8,1023671658.8,1023671658.8,,3,SUR,1.68,
TQBR,2014-10-30,Роснефть,ROSN,20595,1449903054.1,232.41,230.51,236.2,235.96,234.02,235.96,6195750,234.02,234.02,234.02,1449779876.8,1449779876.8,1449779876.8,,3,SUR,1.08,
TQBR,2014-10-31,Роснефть,ROSN,16524,1187634638.4,236.43,234.71,239.9,239.9,237.88,239.9,4992590,237.88,237.88,237.88,1186554153.3,1186554153.3,1186554153.3,,3,SUR,1.67,
TQBR,2014-11-03,Роснефть,ROSN,5665,363858190.8,240.06,237.38,240.9,240.3,239.75,240.3,1517640,239.75,239.75,239.75,362244987.6,362244987.6,362244987.6,,3,SUR,0.17,
TQBR,2014-11-05,Роснефть,ROSN,15888,1328091210.0,239.23,234.52,239.88,239.88,237.09,239.88,5601670,237.09,237.09,237.09,1328002694.9,1328002694.9,1328002694.9,,3,SUR,-0.17,
TQBR,2014-11-06,Роснефть,ROSN,16161,1143138352.2,239.75,238.5,243.95,239.21,241.35,239.21,4736410,241.35,241.35,241.35,1142896204.7,1142896204.7,1142896204.7,,3,SUR,-0.28,
TQBR,2014-11-07,Роснефть,ROSN,28249,2034395169.5,240.4,237.0,243.92,239.02,240.38,239.02,8463260,240.38,240.38,240.38,2034250929.5,2034250929.5,2034250929.5,,3,SUR,-0.08,
TQBR,2014-11-10,Роснефть,ROSN,13545,860010988.8,240.87,239.01,243.04,239.86,240.85,239.86,3570780,240.85,240.85,240.85,859806249.3,859806249.3,859806249.3,,3,SUR,0.35,
TQBR,2014-11-11,Роснефть,ROSN,11803,1085321577.0,239.54,238.85,242.37,239.34,240.75,239.34,4508050,240.75,240.75,240.75,1084818543.0,1084818543.0,1084818543.0,,3,SUR,-0.22,
TQBR,2014-11-12,Роснефть,ROSN,10878,992471420.5,239.5,236.0,240.34,237.23,237.65,237.23,4176190,237.65,237.65,237.65,992469025.5,992469025.5,992469025.5,,3,SUR,-0.88,
TQBR,2014-11-13,Роснефть,ROSN,12722,1181746623.9,236.65,231.5,238.6,231.5,234.1,231.5,5047940,234.1,234.1,234.1,1180960945.9,1180960945.9,1180960945.9,,3,SUR,-2.42,
TQBR,2014-11-14,Роснефть,ROSN,11801,970561154.5,231.5,230.13,235.4,233.79,233.08,233.79,4164080,233.08,233.08,233.08,970343544.5,970343544.5,970343544.5,,3,SUR,0.99,
TQBR,2014-11-17,Роснефть,ROSN,7153,419490907.8,233.04,232.35,235.05,233.97,234.11,233.97,1791880,234.11,234.11,234.11,419446630.2,419446630.2,419446630.2,,3,SUR,0.08,
TQBR,2014-11-18,Роснефть,ROSN,14493,1139530048.9,234.95,233.5,235.98,235.7,234.94,235.7,4850340,234.94,234.94,234.94,1139499505.4,1139499505.4,1139499505.4,,3,SUR,0.74,
TQBR,2014-11-19,Роснефть,ROSN,8779,734759613.6,235.65,234.4,235.99,235.0,235.16,235.0,3124540,235.16,235.16,235.16,734719553.1,734719553.1,734719553.1,,3,SUR,-0.3,
TQBR,2014-11-20,Роснефть,ROSN,11610,1085489926.7,235.0,234.03,237.0,235.8,235.55,235.8,4608280,235.55,235.55,235.55,1085019926.7,1085019926.7,1085019926.7,,3,SUR,0.34,
TQBR,2014-11-21,Роснефть,ROSN,16979,1869347928.8,236.5,235.07,241.59,240.4,238.33,240.4,7843450,238.33,238.33,238.33,1869042843.8,1869042843.8,1869042843.8,,3,SUR,1.95,
TQBR,2014-11-24,Роснефть,ROSN,10135,753632468.0,241.06,236.49,241.49,237.62,238.62,237.62,3158270,238.62,238.62,238.62,753516759.2,753516759.2,753516759.2,,3,SUR,-1.16,
TQBR,2014-11-25,Роснефть,ROSN,6352,575724301.6,239.0,235.02,239.0,237.01,236.79,237.01,2431410,236.79,236.79,236.79,575456621.6,575456621.6,575456621.6,,3,SUR,-0.26,
TQBR,2014-11-26,Роснефть,ROSN,11112,999011873.5,236.4,234.33,238.58,238.0,236.59,238.0,4222580,236.59,236.59,236.59,998579261.5,998579261.5,998579261.5,,3,SUR,0.42,
TQBR,2014-11-27,Роснефть,ROSN,12723,948257570.9,237.62,232.45,239.1,233.66,235.87,233.66,4020190,235.87,235.87,235.87,948162522.9,948162522.9,948162522.9,,3,SUR,-1.82,
TQBR,2014-11-28,Роснефть,ROSN,15030,1189424524.5,232.87,228.92,234.86,233.74,231.96,233.74,5127800,231.96,231.96,231.96,1189394251.4,1189394251.4,1189394251.4,,3,SUR,0.03,
TQBR,2014-12-01,Роснефть,ROSN,25851,2431614551.5,232.0,231.05,239.5,233.5,235.7,233.5,10316100,235.7,235.7,235.7,2428431511.5,2428431511.5,2428431511.5,,3,SUR,-0.1,
TQBR,2014-12-02,Роснефть,ROSN,16763,1498134010.5,234.9,230.3,235.0,232.75,232.65,232.75,6439860,232.65,232.65,232.65,1497311860.5,1497311860.5,1497311860.5,,3,SUR,-0.32,
TQBR,2014-12-03,Роснефть,ROSN,21046,2050308842.5,233.0,227.5,235.45,230.45,230.6,230.45,8890610,230.6,230.6,230.6,2050217972.5,2050217972.5,2050217972.5,,3,SUR,-0.99,
TQBR,2014-12-04,Роснефть,ROSN,14714,1469282916.0,231.0,228.3,232.75,228.3,230.65,228.3,6370370,230.65,230.65,230.65,1469095806.0,1469095806.0,1469095806.0,,3,SUR,-0.93,
TQBR,2014-12-05,Роснефть,ROSN,15425,1081539993.0,228.8,221.7,229.0,221.95,225.0,221.95,4806410,225.0,225.0,225.0,1080807833.0,1080807833.0,1080807833.0,,3,SUR,-2.78,
TQBR,2014-12-08,Роснефть,ROSN,16835,1646925676.0,222.0,210.65,226.2,212.2,217.2,212.2,7582440,217.2,217.2,217.2,1646763616.0,1646763616.0,1646763616.0,,3,SUR,-4.39,
TQBR,2014-12-09,Роснефть,ROSN,15108,1525899482.0,211.7,205.5,217.9,213.35,211.95,213.35,7199030,211.95,211.95,211.95,1525855025.0,1525855025.0,1525855025.0,,3,SUR,0.54,
TQBR,2014-12-10,Роснефть,ROSN,10522,991886227.0,220.15,212.15,220.15,213.5,215.1,213.5,4611170,215.1,215.1,215.1,991776152.0,991776152.0,991776152.0,,3,SUR,0.07,
TQBR,2014-12-11,Роснефть,ROSN,15298,1533563434.5,213.9,204.3,215.35,208.0,210.0,208.0,7303450,210.0,210.0,210.0,1533266113.5,1533266113.5,1533266113.5,,3,SUR,-2.58,
TQBR,2014-12-12,Роснефть,ROSN,18157,1497585461.5,207.0,200.0,215.45,210.75,210.95,210.75,7098610,210.95,210.95,210.95,1497070031.5,1497070031.5,1497070031.5,,3,SUR,1.32,
TQBR,2014-12-15,Роснефть,ROSN,21625,1825675839.0,211.35,201.3,213.1,201.5,207.85,201.5,8782990,207.85,207.85,207.85,1825483510.5,1825483510.5,1825483510.5,,3,SUR,-4.39,
TQBR,2014-12-16,Роснефть,ROSN,31427,2397493176.0,201.5,183.95,205.0,200.65,196.55,200.65,12196960,196.55,196.55,196.55,2396163276.0,2396163276.0,2396163276.0,,3,SUR,-0.42,
TQBR,2014-12-17,Роснефть,ROSN,32968,2128436529.5,200.75,190.1,206.5,194.65,197.9,194.65,10755000,197.9,197.9,197.9,2128010939.5,2128010939.5,2128010939.5,,3,SUR,-2.99,
TQBR,2014-12-18,Роснефть,ROSN,34250,2740513560.5,200.05,196.3,212.0,196.9,203.75,196.9,13451330,203.75,203.75,203.75,2739231240.0,2739231240.0,2739231240.0,,3,SUR,1.16,
TQBR,2014-12-19,Роснефть,ROSN,22212,1496408467.0,197.95,187.4,201.35,194.15,194.0,194.15,7712830,194.0,194.0,194.0,1496016526.0,1496016526.0,1496016526.0,,3,SUR,-1.4,
TQBR,2014-12-22,Роснефть,ROSN,23577,1890466554.5,196.05,194.0,208.95,198.9,201.85,198.9,9365290,201.85,201.85,201.85,1890235215.5,1890235215.5,1890235215.5,,3,SUR,2.45,
TQBR,2014-12-23,Роснефть,ROSN,14789,918157506.0,200.0,195.5,203.95,196.65,199.9,196.65,4593370,199.9,199.9,199.9,917573506.0,917573506.0,917573506.0,,3,SUR,-1.13,
TQBR,2014-12-24,Роснефть,ROSN,12833,688194556.5,195.5,193.2,199.0,193.2,196.35,193.2,3504880,196.35,196.35,196.35,687449701.5,687449701.5,687449701.5,,3,SUR,-1.75,
TQBR,2014-12-25,Роснефть,ROSN,6873,333002334.5,193.2,192.0,196.25,195.0,194.35,195.0,1713440,194.35,194.35,194.35,332615934.5,332615934.5,332615934.5,,3,SUR,0.93,
TQBR,2014-12-26,Роснефть,ROSN,6804,395654402.0,195.45,194.7,198.55,196.75,197.1,196.75,2007450,197.1,197.1,197.1,395648538.5,395648538.5,395648538.5,,3,SUR,0.9,
TQBR,2014-12-29,Роснефть,ROSN,14225,1057035708.5,197.05,195.15,206.5,201.8,203.05,201.8,5206380,203.05,203.05,203.05,1057035708.5,1057035708.5,1057035708.5,,3,SUR,2.57,
TQBR,2014-12-30,Роснефть,ROSN,10850,687278012.0,200.05,192.3,201.35,195.8,195.45,195.8,3516390,195.45,195.45,195.45,684803393.5,684803393.5,684803393.5,,3,SUR,-2.97,
TQBR,2015-01-05,Роснефть,ROSN,9682,600874716.0,193.25,192.0,200.0,196.75,196.75,196.75,3054380,196.75,196.75,196.75,600805146.0,600805146.0,600805146.0,,3,SUR,0.49,
TQBR,2015-01-06,Роснефть,ROSN,9291,666683974.0,195.65,195.3,203.0,200.3,198.95,200.3,3351110,198.95,198.95,198.95,666155719.0,666155719.0,666155719.0,,3,SUR,1.8,
TQBR,2015-01-08,Роснефть,ROSN,17590,1255250221.5,202.15,201.05,215.3,214.95,210.4,214.95,5965920,210.4,210.4,210.4,1252965926.5,1252965926.5,1252965926.5,,3,SUR,7.31,
TQBR,2015-01-09,Роснефть,ROSN,15578,912417758.5,215.0,204.2,216.95,206.6,208.6,206.6,4373540,208.6,208.6,208.6,910420408.5,910420408.5,910420408.5,,3,SUR,-3.88,
TQBR,2015-01-12,Роснефть,ROSN,10825,645451422.5,205.5,201.95,209.7,204.0,205.4,204.0,3142690,205.4,205.4,205.4,645044532.5,645044532.5,645044532.5,,3,SUR,-1.26,
TQBR,2015-01-13,Роснефть,ROSN,11964,640787385.5,204.0,201.05,208.75,204.9,205.45,204.9,3118610,205.45,205.45,205.45,640685385.5,640685385.5,640685385.5,,3,SUR,0.44,
TQBR,2015-01-14,Роснефть,ROSN,10639,656074290.5,204.9,204.3,210.9,209.5,208.55,209.5,3145770,208.55,208.55,208.55,655152240.5,655152240.5,655152240.5,,3,SUR,2.24,
TQBR,2015-01-15,Роснефть,ROSN,21340,2014582252.5,211.8,211.3,224.3,219.9,219.45,219.9,9179770,219.45,219.45,219.45,2013544432.5,2013544432.5,2013544432.5,,3,SUR,4.96,
TQBR,2015-01-16,Роснефть,ROSN,12890,1285093079.5,219.9,216.75,226.7,226.0,223.0,226.0,5762150,223.0,223.0,223.0,1284620294.5,1284620294.5,1284620294.5,,3,SUR,2.77,
TQBR,2015-01-19,Роснефть,ROSN,23353,2117056792.5,226.05,223.9,237.35,225.3,231.65,225.3,9138130,231.7,231.7,231.7,2115038166.0,2115038166.0,2115038166.0,,3,SUR,-0.31,
TQBR,2015-01-20,Роснефть,ROSN,22480,1857807968.0,226.5,222.4,232.2,227.0,227.25,227.0,8175330,227.25,227.25,227.25,1857579203.0,1857579203.0,1857579203.0,,3,SUR,0.75,
TQBR,2015-01-21,Роснефть,ROSN,15177,1367759944.5,227.55,226.05,234.8,234.6,230.7,234.6,5929330,230.7,230.7,230.7,1363156608.0,1363156608.0,1363156608.0,,3,SUR,3.35,
TQBR,2015-01-22,Роснефть,ROSN,22811,2262208337.0,234.8,234.05,244.6,241.8,240.85,241.8,9392470,240.85,240.85,240.85,2259134805.0,2259134805.0,2259134805.0,,3,SUR,3.07,
TQBR,2015-01-23,Роснефть,ROSN,17145,1839899882.0,242.0,241.55,247.75,243.9,244.75,243.9,7516960,244.75,244.75,244.75,1837673482.0,1837673482.0,1837673482.0,,3,SUR,0.87,
TQBR,2015-01-26,Роснефть,ROSN,12839,957203370.5,243.0,234.7,243.0,237.25,237.75,237.25,4026100,237.75,237.75,237.75,956520540.5,956520540.5,956520540.5,,3,SUR,-2.73,
TQBR,2015-01-27,Роснефть,ROSN,17701,1567260123.0,234.7,233.0,245.0,239.0,240.5,239.0,6517270,240.5,240.5,240.5,1566333058.0,1566333058.0,1566333058.0,,3,SUR,0.74,
TQBR,2015-01-28,Роснефть,ROSN,17335,1636277257.5,240.2,230.25,241.3,231.5,237.25,231.5,6896170,237.25,237.25,237.25,1635273221.5,1635273221.5,1635273221.5,,3,SUR,-3.14,
TQBR,2015-01-29,Роснефть,ROSN,13437,962975317.0,231.45,226.55,236.0,226.55,230.95,226.55,4169590,230.95,230.95,230.95,962808673.0,962808673.0,962808673.0,,3,SUR,-2.14,
TQBR,2015-01-30,Роснефть,ROSN,16860,1547684987.5,228.8,225.0,232.3,229.35,228.8,229.35,6764140,228.8,228.8,228.8,1547424155.5,1547424155.5,1547424155.5,,3,SUR,1.24,
TQBR,2015-02-02,Роснефть,ROSN,19187,1773316893.5,231.65,224.5,234.35,230.55,230.3,230.55,7699860,230.3,230.3,230.3,1772760933.5,1772760933.5,1772760933.5,,3,SUR,0.52,
TQBR,2015-02-03,Роснефть,ROSN,33215,3305269213.5,231.7,231.15,241.7,238.35,237.85,238.35,13897040,237.85,237.85,237.85,3305065317.5,3305065317.5,3305065317.5,,3,SUR,3.38,
TQBR,2015-02-04,Роснефть,ROSN,27155,1810400998.0,239.95,237.7,242.8,239.0,240.5,239.0,7528100,240.5,240.5,240.5,1807092087.5,1807092087.5,1807092087.5,,3,SUR,0.27,
TQBR,2015-02-05,Роснефть,ROSN,24524,2222645414.0,237.35,235.25,251.6,251.0,244.7,251.0,9082730,244.7,244.7,244.7,2221541736.5,2221541736.5,2221541736.5,,3,SUR,5.02,
TQBR,2015-02-06,Роснефть,ROSN,24300,3221013093.5,251.1,250.5,261.0,261.0,256.05,261.0,12580320,256.05,256.05,256.05,3215498937.5,3215498937.5,3215498937.5,,3,SUR,3.98,
TQBR,2015-02-09,Роснефть,ROSN,21975,2238774942.5,260.9,256.25,269.8,257.0,264.95,257.0,8449530,264.95,264.95,264.95,2237890491.5,2237890491.5,2237890491.5,,3,SUR,-1.53,
TQBR,2015-02-10,Роснефть,ROSN,17037,1383300062.5,255.3,253.0,264.35,257.05,260.45,257.05,5311240,260.45,260.45,260.45,1382531609.5,1382531609.5,1382531609.5,,3,SUR,0.02,
TQBR,2015-02-11,Роснефть,ROSN,27970,2299165771.5,260.05,260.0,272.75,265.35,267.55,265.35,8593430,267.55,267.55,267.55,2297134781.0,2297134781.0,2297134781.0,,3,SUR,3.23,
TQBR,2015-02-12,Роснефть,ROSN,33222,3515026891.5,265.5,264.05,282.9,274.05,273.8,274.05,12838040,273.8,273.8,273.8,3507043306.5,3507043306.5,3507043306.5,,3,SUR,3.28,
TQBR,2015-02-13,Роснефть,ROSN,23532,2835221391.0,278.05,277.7,290.75,290.2,285.75,290.2,9921190,285.8,285.8,285.8,2833989629.5,2833989629.5,2833989629.5,,3,SUR,5.89,
TQBR,2015-02-16,Роснефть,ROSN,22620,2292246545.5,291.0,275.1,294.2,279.7,281.3,279.7,8148830,281.3,281.3,281.3,2290197905.5,2290197905.5,2290197905.5,,3,SUR,-3.62,
TQBR,2015-02-17,Роснефть,ROSN,25958,2493685693.0,278.9,271.15,289.85,275.95,280.8,275.95,8881110,280.8,280.8,280.8,2492201945.0,2492201945.0,2492201945.0,,3,SUR,-1.34,
TQBR,2015-02-18,Роснефть,ROSN,16839,1463151248.0,278.05,276.05,283.4,281.45,280.2,281.45,5222100,280.2,280.2,280.2,1461646997.5,1461646997.5,1461646997.5,,3,SUR,1.99,
TQBR,2015-02-19,Роснефть,ROSN,19104,1880444255.0,279.75,266.5,281.0,275.75,273.15,275.75,6884540,273.15,273.15,273.15,1880186885.0,1880186885.0,1880186885.0,,3,SUR,-2.03,
TQBR,2015-02-20,Роснефть,ROSN,14014,1179823828.5,276.1,271.1,278.0,274.0,273.95,274.0,4306720,273.95,273.95,273.95,1174619343.5,1174619343.5,1174619343.5,,3,SUR,-0.63,
TQBR,2015-02-24,Роснефть,ROSN,11806,949589348.0,268.75,266.3,271.5,268.65,268.95,268.65,3530670,268.95,268.95,268.95,945025973.0,945025973.0,945025973.0,,3,SUR,-1.95,
TQBR,2015-02-25,Роснефть,ROSN,14627,1161978450.5,268.95,260.1,269.4,263.45,263.55,263.45,4408940,263.55,263.55,263.55,1161505098.5,1161505098.5,1161505098.5,,3,SUR,-1.94,
TQBR,2015-02-26,Роснефть,ROSN,14925,1498017335.5,265.05,261.0,269.25,263.85,265.2,263.85,5649110,265.2,265.2,265.2,1494592889.5,1494592889.5,1494592889.5,,3,SUR,0.15,
TQBR,2015-02-27,Роснефть,ROSN,12347,898602542.5,263.95,261.25,267.0,265.85,264.15,265.85,3401710,264.15,264.15,264.15,897512429.0,897512429.0,897512429.0,,3,SUR,0.76,
TQBR,2015-03-02,Роснефть,ROSN,14328,1162559298.0,267.0,266.85,274.05,269.7,270.6,269.7,4296220,270.6,270.6,270.6,1160343198.0,1160343198.0,1160343198.0,,3,SUR,1.45,
TQBR,2015-03-03,Роснефть,ROSN,20210,1656970796.5,269.7,264.0,277.7,277.0,273.15,277.0,6066710,273.15,273.15,273.15,1656873704.5,1656873704.5,1656873704.5,,3,SUR,2.71,
TQBR,2015-03-04,Роснефть,ROSN,18971,1814516453.0,276.3,263.25,279.9,264.95,272.0,264.95,6671450,272.0,272.0,272.0,1813035485.0,1813035485.0,1813035485.0,,3,SUR,-4.35,
TQBR,2015-03-05,Роснефть,ROSN,19238,1773224685.5,265.25,262.35,275.0,269.6,269.35,269.6,6583610,269.35,269.35,269.35,1771394460.5,1771394460.5,1771394460.5,,3,SUR,1.76,
TQBR,2015-03-06,Роснефть,ROSN,12661,965098449.0,269.7,263.2,270.6,263.5,265.65,263.5,3632710,265.65,265.65,265.65,964467351.0,964467351.0,964467351.0,,3,SUR,-2.26,
TQBR,2015-03-10,Роснефть,ROSN,16079,1329450724.0,261.55,251.0,263.95,253.0,256.75,253.0,5178290,256.75,256.75,256.75,1327062772.5,1327062772.5,1327062772.5,,3,SUR,-3.98,
TQBR,2015-03-11,Роснефть,ROSN,13644,1077488079.5,251.85,250.1,256.05,251.45,253.35,251.45,4252680,253.35,253.35,253.35,1076233866.5,1076233866.5,1076233866.5,,3,SUR,-0.61,
TQBR,2015-03-12,Роснефть,ROSN,13910,1043021368.5,253.45,245.3,253.6,247.7,248.85,247.7,4191370,248.85,248.85,248.85,1042268622.0,1042268622.0,1042268622.0,,3,SUR,-1.49,
TQBR,2015-03-13,Роснефть,ROSN,12491,978548997.0,247.3,240.0,249.0,241.3,244.05,241.3,4009410,244.05,244.05,244.05,978482226.0,978482226.0,978482226.0,,3,SUR,-2.58,
TQBR,2015-03-16,Роснефть,ROSN,17735,1246884207.0,240.0,236.7,242.8,236.7,240.3,236.7,5188720,240.3,240.3,240.3,1246507407.0,1246507407.0,1246507407.0,,3,SUR,-1.91,
TQBR,2015-03-17,Роснефть,ROSN,12829,821085246.0,238.05,235.55,241.75,237.0,239.0,237.0,3435230,239.0,239.0,239.0,820678180.5,820678180.5,820678180.5,,3,SUR,0.13,
TQBR,2015-03-18,Роснефть,ROSN,14794,1308484182.5,239.95,237.0,244.45,243.4,241.8,243.4,5411790,241.8,241.8,241.8,1308217838.0,1308217838.0,1308217838.0,,3,SUR,2.7,
TQBR,2015-03-19,Роснефть,ROSN,15728,1334585899.0,246.0,236.35,248.3,237.05,242.75,237.05,5498320,242.7,242.7,242.7,1333060699.0,1333060699.0,1333060699.0,,3,SUR,-2.61,
TQBR,2015-03-20,Роснефть,ROSN,20359,1556151751.0,237.15,234.6,245.0,239.3,239.4,239.3,6500810,239.4,239.4,239.4,1556009461.0,1556009461.0,1556009461.0,,3,SUR,0.95,
TQBR,2015-03-23,Роснефть,ROSN,23563,1557408529.5,241.85,237.1,246.55,239.95,241.2,239.95,6456660,241.2,241.2,241.2,1556869204.0,1556869204.0,1556869204.0,,3,SUR,0.27,
TQBR,2015-03-24,Роснефть,ROSN,14604,855570628.5,239.1,236.8,244.5,244.0,241.55,244.0,3541850,241.55,241.55,241.55,855541936.5,855541936.5,855541936.5,,3,SUR,1.69,
TQBR,2015-03-25,Роснефть,ROSN,15856,1034715374.5,243.8,237.5,245.35,242.7,241.85,242.7,4278310,241.85,241.85,241.85,1033971784.5,1033971784.5,1033971784.5,,3,SUR,-0.53,
TQBR,2015-03-26,Роснефть,ROSN,24629,1909229816.0,245.0,237.1,247.7,237.1,242.75,237.1,7864570,242.75,242.75,242.75,1906571566.0,1906571566.0,1906571566.0,,3,SUR,-2.31,
TQBR,2015-03-27,Роснефть,ROSN,11664,791921973.0,236.6,236.0,240.0,237.25,238.15,237.25,3325490,238.15,238.15,238.15,791865189.0,791865189.0,791865189.0,,3,SUR,0.06,
TQBR,2015-03-30,Роснефть,ROSN,15292,1077301549.5,237.25,237.25,247.7,247.5,244.05,247.5,4414590,244.05,244.05,244.05,1077182924.5,1077182924.5,1077182924.5,,3,SUR,4.32,
TQBR,2015-03-31,Роснефть,ROSN,19435,1544288223.5,247.4,244.6,253.3,252.15,249.15,252.15,6197620,249.15,249.15,249.15,1544280801.5,1544280801.5,1544280801.5,,3,SUR,1.88,
TQBR,2015-04-01,Роснефть,ROSN,19639,1692499185.0,252.2,250.4,261.85,261.35,257.5,261.35,6572570,257.55,257.55,257.55,1686675887.0,1686675887.0,1686675887.0,,3,SUR,3.65,
TQBR,2015-04-02,Роснефть,ROSN,15621,1108673056.0,260.5,260.2,264.3,262.55,262.4,262.55,4225370,262.4,262.4,262.4,1108180711.0,1108180711.0,1108180711.0,,3,SUR,0.46,
TQBR,2015-04-03,Роснефть,ROSN,7507,518518471.0,262.55,260.75,264.85,263.7,262.95,263.7,1972090,262.95,262.95,262.95,518366192.0,518366192.0,518366192.0,,3,SUR,0.44,
TQBR,2015-04-06,Роснефть,ROSN,9149,585645852.5,263.3,263.3,267.0,266.15,265.7,266.15,2204060,265.7,265.7,265.7,585340424.5,585340424.5,585340424.5,,3,SUR,0.93,
TQBR,2015-04-07,Роснефть,ROSN,14437,1101766381.5,266.05,263.15,270.9,264.1,266.2,264.1,4138610,266.2,266.2,266.2,1101359325.0,1101359325.0,1101359325.0,,3,SUR,-0.77,
TQBR,2015-04-08,Роснефть,ROSN,16444,1243600898.0,263.65,257.5,263.9,263.7,260.85,263.7,4767060,260.85,260.85,260.85,1243173785.0,1243173785.0,1243173785.0,,3,SUR,-0.15,
TQBR,2015-04-09,Роснефть,ROSN,19193,1535512028.0,262.0,254.25,262.45,258.55,257.6,258.55,5960370,257.6,257.6,257.6,1535134748.0,1535134748.0,1535134748.0,,3,SUR,-1.95,
TQBR,2015-04-10,Роснефть,ROSN,18232,1544711426.5,258.75,252.8,263.2,256.95,257.7,256.95,5994040,257.7,257.7,257.7,1542755276.5,1542755276.5,1542755276.5,,3,SUR,-0.62,
TQBR,2015-04-13,Роснефть,ROSN,16733,1202133644.0,257.65,255.4,261.5,255.5,258.95,255.5,4642090,258.95,258.95,258.95,1201484366.0,1201484366.0,1201484366.0,,3,SUR,-0.56,
TQBR,2015-04-14,Роснефть,ROSN,16342,1269068095.5,256.0,248.2,256.0,249.5,251.85,249.5,5039040,251.85,251.85,251.85,1269034815.5,1269034815.5,1269034815.5,,3,SUR,-2.35,
TQBR,2015-04-15,Роснефть,ROSN,12951,1122085785.5,249.4,246.55,255.7,254.4,251.25,254.4,4465830,251.25,251.25,251.25,1121499695.5,1121499695.5,1121499695.5,,3,SUR,1.96,
TQBR,2015-04-16,Роснефть,ROSN,15708,1183308282.0,253.75,253.05,259.95,259.25,256.95,259.25,4604890,257.0,257.0,257.0,1178629132.0,1178629132.0,1178629132.0,,3,SUR,1.91,
TQBR,2015-04-17,Роснефть,ROSN,17624,1205012450.0,259.65,252.55,260.7,256.0,257.15,256.0,4685980,257.15,257.15,257.15,1204989081.5,1204989081.5,1204989081.5,,3,SUR,-1.25,
TQBR,2015-04-20,Роснефть,ROSN,16783,1251738286.5,257.2,255.0,263.9,260.5,259.5,260.5,4823400,259.5,259.5,259.5,1251738286.5,1251738286.5,1251738286.5,,3,SUR,1.76,
TQBR,2015-04-21,Роснефть,ROSN,10726,1375062095.5,260.9,258.15,263.2,259.7,260.3,259.7,5282180,260.3,260.3,260.3,1374952517.5,1374952517.5,1374952517.5,,3,SUR,-0.31,
TQBR,2015-04-22,Роснефть,ROSN,14376,1066994480.0,259.75,250.7,261.0,252.4,255.1,252.4,4182430,255.1,255.1,255.1,1066215230.0,1066215230.0,1066215230.0,,3,SUR,-2.81,
TQBR,2015-04-23,Роснефть,ROSN,16936,1084766764.0,251.0,247.05,253.0,249.1,250.0,249.1,4338980,250.0,250.0,250.0,1081900344.0,1081900344.0,1081900344.0,,3,SUR,-1.31,
TQBR,2015-04-24,Роснефть,ROSN,16584,1356503391.0,250.5,248.6,260.35,258.2,256.35,258.2,5291700,256.35,256.35,256.35,1356125136.0,1356125136.0,1356125136.0,,3,SUR,3.65,
TQBR,2015-04-27,Роснефть,ROSN,7452,601513935.5,258.45,256.0,260.3,256.0,258.2,256.0,2329850,258.2,258.2,258.2,601506182.0,601506182.0,601506182.0,,3,SUR,-0.85,
TQBR,2015-04-28,Роснефть,ROSN,8476,577549285.5,255.4,253.75,257.8,256.55,255.45,256.55,2260910,255.45,255.45,255.45,577265791.5,577265791.5,577265791.5,,3,SUR,0.21,
TQBR,2015-04-29,Роснефть,ROSN,8700,838812907.0,253.95,253.95,260.7,255.0,257.75,255.0,3254100,257.75,257.75,257.75,838810367.5,838810367.5,838810367.5,,3,SUR,-0.6,
TQBR,2015-04-30,Роснефть,ROSN,12152,822874150.5,255.1,253.5,257.05,256.5,255.3,256.5,3223340,255.3,255.3,255.3,822619050.5,822619050.5,822619050.5,,3,SUR,0.59,
TQBR,2015-05-05,Роснефть,ROSN,13956,1139328899.5,257.5,255.05,263.55,261.5,260.3,261.5,4377330,260.3,260.3,260.3,1138862824.5,1138862824.5,1138862824.5,,3,SUR,1.95,
TQBR,2015-05-06,Роснефть,ROSN,14285,968958311.5,260.8,256.0,261.95,259.9,259.0,259.9,3741040,259.0,259.0,259.0,968045511.5,968045511.5,968045511.5,,3,SUR,-0.61,
TQBR,2015-05-07,Роснефть,ROSN,14731,1037104430.5,258.8,251.4,259.0,255.25,254.25,255.25,4079230,254.25,254.25,254.25,1036995734.5,1036995734.5,1036995734.5,,3,SUR,-1.79,
TQBR,2015-05-08,Роснефть,ROSN,9328,732602461.0,255.25,254.0,260.0,259.45,257.7,259.45,2842770,257.7,257.7,257.7,732288503.5,732288503.5,732288503.5,,3,SUR,1.65,
TQBR,2015-05-12,Роснефть,ROSN,9457,746597327.5,259.0,254.8,260.45,258.35,257.1,258.35,2903800,257.1,257.1,257.1,746462647.5,746462647.5,746462647.5,,3,SUR,-0.42,
TQBR,2015-05-13,Роснефть,ROSN,10586,773746240.0,258.5,251.9,259.0,252.45,255.05,252.45,3033410,255.05,255.05,255.05,773342980.0,773342980.0,773342980.0,,3,SUR,-2.28,
TQBR,2015-05-14,Роснефть,ROSN,7231,533864434.5,252.45,252.45,256.9,255.7,255.25,255.7,2091640,255.25,255.25,255.25,533581690.5,533581690.5,533581690.5,,3,SUR,1.29,
TQBR,2015-05-15,Роснефть,ROSN,10682,747975010.5,257.05,254.9,259.8,257.45,257.5,257.45,2904580,257.5,257.5,257.5,747717960.5,747717960.5,747717960.5,,3,SUR,0.68,
TQBR,2015-05-18,Роснефть,ROSN,5738,359589371.5,257.55,256.0,259.3,256.1,257.6,256.1,1396020,257.6,257.6,257.6,359318944.0,359318944.0,359318944.0,,3,SUR,-0.52,
TQBR,2015-05-19,Роснефть,ROSN,11967,760926361.0,256.0,250.25,256.35,252.25,252.75,252.25,3010350,252.75,252.75,252.75,760388761.0,760388761.0,760388761.0,,3,SUR,-1.5,
TQBR,2015-05-20,Роснефть,ROSN,7143,486165086.5,251.95,245.15,253.3,245.9,248.2,245.9,1958940,248.2,248.2,248.2,486132333.0,486132333.0,486132333.0,,3,SUR,-2.52,
TQBR,2015-05-21,Роснефть,ROSN,10159,1044845303.0,246.15,241.7,248.4,245.65,245.05,245.65,4263730,245.05,245.05,245.05,1044842841.5,1044842841.5,1044842841.5,,3,SUR,-0.1,
TQBR,2015-05-22,Роснефть,ROSN,8683,612483413.5,245.35,245.0,251.2,249.9,248.5,249.9,2464950,248.5,248.5,248.5,612449064.5,612449064.5,612449064.5,,3,SUR,1.73,
TQBR,2015-05-25,Роснефть,ROSN,8457,626148463.5,249.9,242.1,249.9,244.6,244.1,244.6,2564950,244.1,244.1,244.1,626133469.5,626133469.5,626133469.5,,3,SUR,-2.12,
TQBR,2015-05-26,Роснефть,ROSN,6569,487064535.0,248.2,242.9,248.2,245.15,244.55,245.15,1991860,244.5,244.5,244.5,484582535.0,484582535.0,484582535.0,,3,SUR,0.22,
TQBR,2015-05-27,Роснефть,ROSN,12932,708224634.5,245.0,242.95,249.5,247.5,246.8,247.5,2869730,246.8,246.8,246.8,708148684.5,708148684.5,708148684.5,,3,SUR,0.96,
TQBR,2015-05-28,Роснефть,ROSN,8043,573058153.0,247.55,245.8,250.7,245.8,247.95,245.8,2311050,247.95,247.95,247.95,572964084.0,572964084.0,572964084.0,,3,SUR,-0.69,
TQBR,2015-05-29,Роснефть,ROSN,20826,1532490301.5,246.55,234.0,248.85,234.0,242.3,234.0,6325250,242.3,242.3,242.3,1532485370.5,1532485370.5,1532485370.5,,3,SUR,-4.8,
TQBR,2015-06-01,Роснефть,ROSN,11581,837117288.0,236.4,235.55,241.4,236.0,238.4,236.0,3511620,238.4,238.4,238.4,837117288.0,837117288.0,837117288.0,,3,SUR,0.85,
TQBR,2015-06-02,Роснефть,ROSN,14772,990597800.0,235.5,233.5,239.45,237.5,236.3,237.5,4192210,236.3,236.3,236.3,990597800.0,990597800.0,990597800.0,,3,SUR,0.64,
TQBR,2015-06-03,Роснефть,ROSN,14636,1018418954.0,238.9,230.8,239.5,233.1,235.65,233.1,4321560,235.65,235.65,235.65,1018418954.0,1018418954.0,1018418954.0,,3,SUR,-1.85,
TQBR,2015-06-04,Роснефть,ROSN,12148,591060505.0,233.5,233.5,237.25,236.25,235.55,236.25,2509540,235.55,235.55,235.55,591060505.0,591060505.0,591060505.0,,3,SUR,1.35,
TQBR,2015-06-05,Роснефть,ROSN,13892,654328496.0,236.1,234.7,238.3,236.75,236.6,236.75,2765820,236.6,236.6,236.6,654328496.0,654328496.0,654328496.0,,3,SUR,0.21,
TQBR,2015-06-08,Роснефть,ROSN,18081,1072224437.0,237.55,235.8,244.3,239.6,240.95,239.6,4449930,240.95,240.95,240.95,1072224437.0,1072224437.0,1072224437.0,,3,SUR,1.2,
TQBR,2015-06-09,Роснефть,ROSN,21375,1012259248.0,239.5,238.25,245.5,245.0,242.05,245.0,4181600,242.05,242.05,242.05,1012259248.0,1012259248.0,1012259248.0,,3,SUR,2.25,
TQBR,2015-06-10,Роснефть,ROSN,14329,789199734.5,246.0,242.15,246.3,246.0,244.2,246.0,3231560,244.2,244.2,244.2,789199734.5,789199734.5,789199734.5,,3,SUR,0.41,
TQBR,2015-06-11,Роснефть,ROSN,13511,1115922231.0,245.9,244.05,249.35,245.2,246.6,245.2,4525630,246.6,246.6,246.6,1115922231.0,1115922231.0,1115922231.0,,3,SUR,-0.33,
TQBR,2015-06-15,Роснефть,ROSN,23100,1440461054.5,245.2,237.35,245.55,243.4,240.6,243.4,5987390,240.6,240.6,240.6,1440461054.5,1440461054.5,1440461054.5,,3,SUR,-0.73,
TQBR,2015-06-16,Роснефть,ROSN,12129,732092510.0,243.25,243.25,246.3,245.7,244.8,245.7,2990750,244.8,244.8,244.8,732092510.0,732092510.0,732092510.0,,3,SUR,0.94,
TQBR,2015-06-17,Роснефть,ROSN,9808,645318842.0,245.7,242.85,247.3,245.9,245.65,245.9,2626970,245.65,245.65,245.65,645318842.0,645318842.0,645318842.0,,3,SUR,0.08,
TQBR,2015-06-18,Роснефть,ROSN,13073,878086493.5,245.65,244.8,249.75,245.0,247.45,245.0,3548700,247.45,247.45,247.45,878086493.5,878086493.5,878086493.5,,3,SUR,-0.37,
TQBR,2015-06-19,Роснефть,ROSN,11136,1059374768.5,245.0,244.05,250.0,250.0,247.2,250.0,4285600,247.2,247.2,247.2,1059374768.5,1059374768.5,1059374768.5,,3,SUR,2.04,
TQBR,2015-06-22,Роснефть,ROSN,13049,999149689.5,250.0,249.15,254.35,251.6,252.05,251.6,3964370,252.05,252.05,252.05,999149689.5,999149689.5,999149689.5,,3,SUR,0.64,
TQBR,2015-06-23,Роснефть,ROSN,9320,598532268.5,252.5,248.55,252.5,250.0,250.05,250.0,2393450,250.05,250.05,250.05,598532268.5,598532268.5,598532268.5,,3,SUR,-0.64,
TQBR,2015-06-24,Роснефть,ROSN,7805,630004961.5,250.45,246.0,250.45,246.05,247.65,246.05,2543740,247.65,247.65,247.65,630004961.5,630004961.5,630004961.5,,3,SUR,-1.58,
TQBR,2015-06-25,Роснефть,ROSN,15337,1825536110.5,246.15,238.2,247.3,238.55,241.75,238.55,7550970,241.75,241.75,241.75,1825536110.5,1825536110.5,1825536110.5,,3,SUR,-3.05,
TQBR,2015-06-26,Роснефть,ROSN,24190,2538030850.5,234.95,228.75,235.0,229.9,231.2,229.9,10976610,231.2,231.2,231.2,2538030850.5,2538030850.5,2538030850.5,,3,SUR,-3.63,
TQBR,2015-06-29,Роснефть,ROSN,9131,753912767.5,228.9,226.0,230.0,229.65,227.85,229.65,3308580,227.85,227.85,227.85,753912767.5,753912767.5,753912767.5,,3,SUR,-0.11,
TQBR,2015-06-30,Роснефть,ROSN,9795,978307953.0,229.5,227.2,232.0,232.0,230.2,232.0,4250100,230.2,230.2,230.2,978307953.0,978307953.0,978307953.0,,3,SUR,1.02,
TQBR,2015-07-01,Роснефть,ROSN,5520,491810651.0,232.0,231.2,233.5,232.0,232.4,232.0,2116110,232.4,232.4,232.4,491810651.0,491810651.0,491810651.0,,3,SUR,0.0,
TQBR,2015-07-02,Роснефть,ROSN,5429,331693427.0,232.0,230.35,232.7,231.2,231.6,231.2,1432310,231.6,231.6,231.6,331693427.0,331693427.0,331693427.0,,3,SUR,-0.34,
TQBR,2015-07-03,Роснефть,ROSN,6503,463353172.5,231.1,228.15,231.7,228.4,229.3,228.4,2020870,229.3,229.3,229.3,463353172.5,463353172.5,463353172.5,,3,SUR,-1.21,
TQBR,2015-07-06,Роснефть,ROSN,11581,949788152.5,226.3,222.15,228.6,222.8,224.75,222.8,4226230,224.75,224.75,224.75,949788152.5,949788152.5,949788152.5,,3,SUR,-2.45,
TQBR,2015-07-07,Роснефть,ROSN,13280,1214926601.5,223.0,219.0,223.9,220.5,220.85,220.5,5501670,220.85,220.85,220.85,1214926601.5,1214926601.5,1214926601.5,,3,SUR,-1.03,
TQBR,2015-07-08,Роснефть,ROSN,17193,1233583462.0,220.1,214.8,220.9,219.0,217.4,219.0,5673990,217.4,217.4,217.4,1233583462.0,1233583462.0,1233583462.0,,3,SUR,-0.68,
TQBR,2015-07-09,Роснефть,ROSN,11241,1269060147.5,220.0,219.4,225.0,223.6,222.85,223.6,5694430,222.85,222.85,222.85,1269060147.5,1269060147.5,1269060147.5,,3,SUR,2.1,
TQBR,2015-07-10,Роснефть,ROSN,11876,909809552.5,225.6,224.5,228.0,227.0,226.25,227.0,4021380,226.25,226.25,226.25,909809552.5,909809552.5,909809552.5,,3,SUR,1.52,
TQBR,2015-07-13,Роснефть,ROSN,15193,963648773.5,226.6,225.05,231.55,231.5,228.6,231.5,4215210,228.6,228.6,228.6,963648773.5,963648773.5,963648773.5,,3,SUR,1.98,
TQBR,2015-07-14,Роснефть,ROSN,20992,1419886821.0,231.05,223.1,232.15,228.8,227.05,228.8,6253990,227.05,227.05,227.05,1419886821.0,1419886821.0,1419886821.0,,3,SUR,-1.17,
TQBR,2015-07-15,Роснефть,ROSN,12650,955206991.5,228.95,228.15,232.45,230.5,230.2,230.5,4149190,230.2,230.2,230.2,955206991.5,955206991.5,955206991.5,,3,SUR,0.74,
TQBR,2015-07-16,Роснефть,ROSN,19145,867114992.0,230.0,229.25,234.5,233.9,231.8,233.9,3740940,231.8,231.8,231.8,867114992.0,867114992.0,867114992.0,,3,SUR,1.48,
TQBR,2015-07-17,Роснефть,ROSN,7445,542618881.0,234.65,231.5,234.65,232.0,233.05,232.0,2328100,233.05,233.05,233.05,542618881.0,542618881.0,542618881.0,,3,SUR,-0.81,
TQBR,2015-07-20,Роснефть,ROSN,9691,721904419.5,232.0,227.2,233.5,227.2,229.6,227.2,3144080,229.6,229.6,229.6,721904419.5,721904419.5,721904419.5,,3,SUR,-2.07,
TQBR,2015-07-21,Роснефть,ROSN,15525,1236983787.0,227.2,222.55,228.65,227.05,225.45,227.05,5486910,225.45,225.45,225.45,1236983787.0,1236983787.0,1236983787.0,,3,SUR,-0.07,
TQBR,2015-07-22,Роснефть,ROSN,11506,728066241.0,226.55,223.75,226.95,226.95,225.45,226.95,3229380,225.45,225.45,225.45,728066241.0,728066241.0,728066241.0,,3,SUR,-0.04,
TQBR,2015-07-23,Роснефть,ROSN,11985,895907673.0,226.6,222.8,226.6,223.2,223.9,223.2,4001320,223.9,223.9,223.9,895907673.0,895907673.0,895907673.0,,3,SUR,-1.65,
TQBR,2015-07-24,Роснефть,ROSN,12970,936961569.5,223.0,220.3,226.0,220.6,223.25,220.6,4197080,223.25,223.25,223.25,936961569.5,936961569.5,936961569.5,,3,SUR,-1.16,
TQBR,2015-07-27,Роснефть,ROSN,14695,971778067.0,220.45,217.05,222.9,220.5,219.5,220.5,4427340,219.5,219.5,219.5,971778067.0,971778067.0,971778067.0,,3,SUR,-0.05,
TQBR,2015-07-28,Роснефть,ROSN,17206,1426478116.5,220.9,218.9,226.65,222.9,223.9,222.9,6371160,223.9,223.9,223.9,1426478116.5,1426478116.5,1426478116.5,,3,SUR,1.09,
TQBR,2015-07-29,Роснефть,ROSN,13672,1184668230.0,223.55,223.0,229.5,229.0,226.85,229.0,5222810,226.85,226.85,226.85,1184668230.0,1184668230.0,1184668230.0,,3,SUR,2.74,
TQBR,2015-07-30,Роснефть,ROSN,12373,765072930.5,229.5,228.75,232.4,230.1,230.95,230.1,3312550,230.95,230.95,230.95,765072930.5,765072930.5,765072930.5,,3,SUR,0.48,
TQBR,2015-07-31,Роснефть,ROSN,18038,1520385881.5,229.0,228.3,236.75,236.7,232.85,236.7,6529700,232.85,232.85,232.85,1520385881.5,1520385881.5,1520385881.5,,3,SUR,2.87,
TQBR,2015-08-03,Роснефть,ROSN,12430,916608821.5,236.0,231.25,236.25,233.05,233.25,233.05,3930070,233.25,233.25,233.25,916608821.5,916608821.5,916608821.5,,3,SUR,-1.54,
TQBR,2015-08-04,Роснефть,ROSN,10083,874808080.0,231.5,231.5,235.5,233.05,233.45,233.05,3746950,233.45,233.45,233.45,874808080.0,874808080.0,874808080.0,,3,SUR,0.0,
TQBR,2015-08-05,Роснефть,ROSN,8706,736012104.0,234.7,232.4,237.0,236.15,235.05,236.15,3131330,235.05,235.05,235.05,736012104.0,736012104.0,736012104.0,,3,SUR,1.33,
TQBR,2015-08-06,Роснефть,ROSN,12390,901777721.5,233.85,232.25,235.85,233.65,234.1,233.65,3852140,234.1,234.1,234.1,901777721.5,901777721.5,901777721.5,,3,SUR,-1.06,
TQBR,2015-08-07,Роснефть,ROSN,8152,697508878.5,233.65,233.65,237.3,235.55,235.65,235.55,2956580,235.9,235.9,235.9,697508878.5,697508878.5,697508878.5,,3,SUR,0.81,
TQBR,2015-08-10,Роснефть,ROSN,7483,699719623.5,234.55,233.55,237.95,236.85,236.15,236.85,2963420,236.1,236.1,236.1,699719623.5,699719623.5,699719623.5,,3,SUR,0.55,
TQBR,2015-08-11,Роснефть,ROSN,13146,980657545.5,236.85,235.2,242.6,235.5,239.25,235.5,4098090,239.3,239.3,239.3,980657545.5,980657545.5,980657545.5,,3,SUR,-0.57,
TQBR,2015-08-12,Роснефть,ROSN,9351,861600548.0,235.5,233.9,240.0,240.0,237.4,240.0,3629660,237.4,237.4,237.4,861600548.0,861600548.0,861600548.0,,3,SUR,1.91,
TQBR,2015-08-13,Роснефть,ROSN,15727,1542334400.5,240.05,240.05,246.75,243.9,244.1,243.9,6318340,244.1,244.1,244.1,1542334400.5,1542334400.5,1542334400.5,,3,SUR,1.63,
TQBR,2015-08-14,Роснефть,ROSN,11045,998305352.5,244.2,243.25,248.4,246.6,246.45,246.6,4050080,246.5,246.5,246.5,998305352.5,998305352.5,998305352.5,,3,SUR,1.11,
TQBR,2015-08-17,Роснефть,ROSN,7831,859503574.0,246.6,244.0,246.65,245.15,245.15,245.15,3506100,245.15,245.15,245.15,859503574.0,859503574.0,859503574.0,,3,SUR,-0.59,
TQBR,2015-08-18,Роснефть,ROSN,7042,510084183.0,244.45,242.55,244.95,243.25,243.75,243.25,2093090,243.7,243.7,243.7,510084183.0,510084183.0,510084183.0,,3,SUR,-0.78,
TQBR,2015-08-19,Роснефть,ROSN,10845,827312176.0,243.35,238.7,245.0,241.05,242.4,241.05,3413300,242.4,242.4,242.4,827312176.0,827312176.0,827312176.0,,3,SUR,-0.9,
TQBR,2015-08-20,Роснефть,ROSN,12756,968518716.0,240.2,237.6,242.4,240.7,240.55,240.7,4026120,240.55,240.55,240.55,968518716.0,968518716.0,968518716.0,,3,SUR,-0.15,
TQBR,2015-08-21,Роснефть,ROSN,15517,1007147157.5,238.7,234.25,241.05,235.25,237.2,235.25,4245490,237.25,237.25,237.25,1007147157.5,1007147157.5,1007147157.5,,3,SUR,-2.26,
TQBR,2015-08-24,Роснефть,ROSN,26838,1998079115.5,231.4,224.1,234.1,227.25,228.55,227.25,8742420,228.55,228.55,228.55,1998079115.5,1998079115.5,1998079115.5,,3,SUR,-3.4,
TQBR,2015-08-25,Роснефть,ROSN,16318,1277883558.0,228.0,228.0,236.9,235.4,233.4,235.4,5475020,233.4,233.4,233.4,1277883558.0,1277883558.0,1277883558.0,,3,SUR,3.59,
TQBR,2015-08-26,Роснефть,ROSN,17107,1210371595.5,235.0,231.55,240.0,240.0,237.2,240.0,5102530,237.2,237.2,237.2,1210371595.5,1210371595.5,1210371595.5,,3,SUR,1.95,
TQBR,2015-08-27,Роснефть,ROSN,19838,1494926668.0,240.5,239.5,246.45,245.5,243.15,245.5,6148860,243.1,243.1,243.1,1494926668.0,1494926668.0,1494926668.0,,3,SUR,2.29,
TQBR,2015-08-28,Роснефть,ROSN,21078,1940060682.0,247.0,240.2,248.15,246.35,244.45,246.35,7937020,244.45,244.45,244.45,1940060682.0,1940060682.0,1940060682.0,,3,SUR,0.35,
TQBR,2015-08-31,Роснефть,ROSN,11132,1267422449.0,245.45,240.65,247.0,245.1,243.85,245.1,5196980,243.9,243.9,243.9,1267422449.0,1267422449.0,1267422449.0,,3,SUR,-0.51,
TQBR,2015-09-01,Роснефть,ROSN,15056,1403037989.0,245.3,242.6,247.5,242.7,245.2,242.7,5721870,245.2,245.2,245.2,1403037989.0,1403037989.0,1403037989.0,,3,SUR,-0.98,
TQBR,2015-09-02,Роснефть,ROSN,19596,1803859319.5,242.5,242.1,251.45,249.0,247.5,249.0,7289390,247.45,247.45,247.45,1803859319.5,1803859319.5,1803859319.5,,3,SUR,2.6,
TQBR,2015-09-03,Роснефть,ROSN,19812,1841065551.5,250.4,246.3,252.2,249.15,249.05,249.15,7392650,249.05,249.05,249.05,1841065551.5,1841065551.5,1841065551.5,,3,SUR,0.06,
TQBR,2015-09-04,Роснефть,ROSN,10191,801972258.5,249.0,244.35,249.85,244.35,246.75,244.35,3249690,246.8,246.8,246.8,801972258.5,801972258.5,801972258.5,,3,SUR,-1.93,
TQBR,2015-09-07,Роснефть,ROSN,9907,863089391.0,244.3,244.3,247.8,246.4,246.05,246.4,3507630,246.05,246.05,246.05,863089391.0,863089391.0,863089391.0,,3,SUR,0.84,
TQBR,2015-09-08,Роснефть,ROSN,10350,843995279.0,247.0,246.8,251.25,248.05,249.3,248.05,3385360,249.3,249.3,249.3,843995279.0,843995279.0,843995279.0,,3,SUR,0.67,
TQBR,2015-09-09,Роснефть,ROSN,9763,881734619.0,249.2,249.2,251.75,249.5,250.45,249.5,3520840,250.45,250.45,250.45,881734619.0,881734619.0,881734619.0,,3,SUR,0.58,
TQBR,2015-09-10,Роснефть,ROSN,13496,1207410585.5,248.2,244.05,248.7,247.2,246.25,247.2,4903090,246.25,246.25,246.25,1207410585.5,1207410585.5,1207410585.5,,3,SUR,-0.92,
TQBR,2015-09-11,Роснефть,ROSN,6675,607191148.5,246.4,244.7,247.95,245.9,246.0,245.9,2468180,246.0,246.0,246.0,607191148.5,607191148.5,607191148.5,,3,SUR,-0.53,
TQBR,2015-09-14,Роснефть,ROSN,9280,667900287.0,245.55,244.55,248.55,246.0,247.1,246.0,2703090,247.1,247.1,247.1,667900287.0,667900287.0,667900287.0,,3,SUR,0.04,
TQBR,2015-09-15,Роснефть,ROSN,5771,546896612.0,246.3,245.0,247.25,246.0,246.25,246.0,2221010,246.25,246.25,246.25,546896612.0,546896612.0,546896612.0,,3,SUR,0.0,
TQBR,2015-09-16,Роснефть,ROSN,10099,827870413.0,246.6,245.45,251.55,251.5,248.95,251.5,3326040,248.9,248.9,248.9,827870413.0,827870413.0,827870413.0,,3,SUR,2.24,
TQBR,2015-09-17,Роснефть,ROSN,14603,1443937824.0,250.5,248.5,255.9,252.85,251.95,252.85,5726920,252.15,252.15,252.15,1443937824.0,1443937824.0,1443937824.0,,3,SUR,0.54,
TQBR,2015-09-18,Роснефть,ROSN,19860,2333763384.0,254.0,253.25,261.1,256.0,257.45,256.0,9065680,257.45,257.45,257.45,2333763384.0,2333763384.0,2333763384.0,,3,SUR,1.25,
TQBR,2015-09-21,Роснефть,ROSN,14792,1631554788.0,256.8,248.7,258.1,249.1,252.6,249.1,6459780,252.55,252.55,252.55,1631554788.0,1631554788.0,1631554788.0,,3,SUR,-2.7,
TQBR,2015-09-22,Роснефть,ROSN,22281,1857496358.0,249.25,243.5,252.3,244.8,247.55,244.8,7504200,247.55,247.55,247.55,1857496358.0,1857496358.0,1857496358.0,,3,SUR,-1.73,
TQBR,2015-09-23,Роснефть,ROSN,24770,1822678081.5,244.05,236.25,245.8,237.0,240.55,237.0,7577400,240.55,240.55,240.55,1822678081.5,1822678081.5,1822678081.5,,3,SUR,-3.19,
TQBR,2015-09-24,Роснефть,ROSN,14034,1073899763.5,236.55,232.7,237.9,237.25,235.7,237.25,4556320,235.7,235.7,235.7,1073899763.5,1073899763.5,1073899763.5,,3,SUR,0.11,
TQBR,2015-09-25,Роснефть,ROSN,11994,932162168.5,239.0,238.25,243.65,238.4,240.85,238.4,3870320,240.85,240.85,240.85,932162168.5,932162168.5,932162168.5,,3,SUR,0.48,
TQBR,2015-09-28,Роснефть,ROSN,10856,816732845.5,239.0,235.0,241.25,236.65,238.45,236.65,3425380,238.45,238.45,238.45,816732845.5,816732845.5,816732845.5,,3,SUR,-0.73,
TQBR,2015-09-29,Роснефть,ROSN,9186,781604538.5,234.5,233.35,240.0,239.7,237.3,239.7,3294170,237.25,237.25,237.25,781604538.5,781604538.5,781604538.5,,3,SUR,1.29,
TQBR,2015-09-30,Роснефть,ROSN,15613,1407059230.5,240.0,239.5,246.2,242.95,243.4,242.95,5780490,243.4,243.4,243.4,1407059230.5,1407059230.5,1407059230.5,,3,SUR,1.36,
TQBR,2015-10-01,Роснефть,ROSN,12305,1112416534.5,243.45,236.6,244.35,237.9,240.6,237.9,4623400,240.6,240.6,240.6,1112416534.5,1112416534.5,1112416534.5,,3,SUR,-2.08,
TQBR,2015-10-02,Роснефть,ROSN,10444,789165905.5,237.75,233.1,239.05,234.6,235.4,234.6,3352470,235.4,235.4,235.4,789165905.5,789165905.5,789165905.5,,3,SUR,-1.39,
TQBR,2015-10-05,Роснефть,ROSN,13792,1064953266.5,236.35,236.15,245.0,244.0,241.65,244.0,4407410,241.65,241.65,241.65,1064953266.5,1064953266.5,1064953266.5,,3,SUR,4.01,
TQBR,2015-10-06,Роснефть,ROSN,15298,1107927150.5,245.1,242.6,248.85,248.5,246.15,248.5,4500950,246.15,246.15,246.15,1107927150.5,1107927150.5,1107927150.5,,3,SUR,1.84,
TQBR,2015-10-07,Роснефть,ROSN,14321,1142093121.0,249.0,247.0,252.0,251.15,249.75,251.15,4572590,249.75,249.75,249.75,1142093121.0,1142093121.0,1142093121.0,,3,SUR,1.07,
TQBR,2015-10-08,Роснефть,ROSN,12868,976764504.0,250.0,249.15,253.3,253.0,251.4,253.0,3885450,251.4,251.4,251.4,976764504.0,976764504.0,976764504.0,,3,SUR,0.74,
TQBR,2015-10-09,Роснефть,ROSN,24233,2773046803.0,254.5,253.0,268.0,267.0,262.4,267.0,10567470,262.4,262.4,262.4,2773046803.0,2773046803.0,2773046803.0,,3,SUR,5.53,
TQBR,2015-10-12,Роснефть,ROSN,16067,1790288874.0,266.2,259.6,270.25,263.0,265.4,263.0,6745390,265.4,265.4,265.4,1790288874.0,1790288874.0,1790288874.0,,3,SUR,-1.5,
TQBR,2015-10-13,Роснефть,ROSN,9686,982423915.0,260.5,257.55,262.6,262.5,260.5,262.5,3771760,260.45,260.45,260.45,982423915.0,982423915.0,982423915.0,,3,SUR,-0.19,
TQBR,2015-10-14,Роснефть,ROSN,9283,798584314.5,260.9,259.05,263.55,260.85,261.05,260.85,3059160,261.05,261.05,261.05,798584314.5,798584314.5,798584314.5,,3,SUR,-0.63,
TQBR,2015-10-15,Роснефть,ROSN,14893,1269517917.5,261.35,257.85,265.45,258.4,261.0,258.4,4864000,261.0,261.0,261.0,1269517917.5,1269517917.5,1269517917.5,,3,SUR,-0.94,
TQBR,2015-10-16,Роснефть,ROSN,16849,1816142807.5,260.65,252.05,261.85,253.4,254.95,253.4,7123220,254.95,254.95,254.95,1816142807.5,1816142807.5,1816142807.5,,3,SUR,-1.93,
TQBR,2015-10-19,Роснефть,ROSN,13819,1133827426.5,253.0,247.05,253.45,251.5,249.8,251.5,4538870,249.8,249.8,249.8,1133827426.5,1133827426.5,1133827426.5,,3,SUR,-0.75,
TQBR,2015-10-20,Роснефть,ROSN,12583,1154088704.5,251.6,245.5,252.0,250.75,249.0,250.75,4634800,249.0,249.0,249.0,1154088704.5,1154088704.5,1154088704.5,,3,SUR,-0.3,
TQBR,2015-10-21,Роснефть,ROSN,11688,1019118671.0,251.45,248.9,253.45,251.8,251.15,251.8,4057880,251.15,251.15,251.15,1019118671.0,1019118671.0,1019118671.0,,3,SUR,0.42,
TQBR,2015-10-22,Роснефть,ROSN,11092,760086029.0,252.05,250.15,255.2,253.4,253.35,253.4,3000370,253.35,253.35,253.35,760086029.0,760086029.0,760086029.0,,3,SUR,0.64,
TQBR,2015-10-23,Роснефть,ROSN,12954,1185854288.0,254.85,251.6,257.5,253.5,254.3,253.5,4663530,254.3,254.3,254.3,1185854288.0,1185854288.0,1185854288.0,,3,SUR,0.04,
TQBR,2015-10-26,Роснефть,ROSN,12111,868719246.0,253.5,249.2,253.75,250.5,251.25,250.5,3457810,251.25,251.25,251.25,868719246.0,868719246.0,868719246.0,,3,SUR,-1.18,
TQBR,2015-10-27,Роснефть,ROSN,15542,1282888481.5,250.1,245.0,251.5,251.5,247.15,251.5,5190890,247.15,247.15,247.15,1282888481.5,1282888481.5,1282888481.5,,3,SUR,0.4,
TQBR,2015-10-28,Роснефть,ROSN,8900,887043627.0,251.5,249.2,254.15,253.8,251.3,253.8,3529900,251.3,251.3,251.3,887043627.0,887043627.0,887043627.0,,3,SUR,0.91,
TQBR,2015-10-29,Роснефть,ROSN,15043,1391194620.5,254.25,253.25,256.45,255.45,254.65,255.45,5463530,254.65,254.65,254.65,1391194620.5,1391194620.5,1391194620.5,,3,SUR,0.65,
TQBR,2015-10-30,Роснефть,ROSN,10275,1007566160.0,254.9,252.65,260.0,258.1,257.15,258.1,3918570,257.15,257.15,257.15,1007566160.0,1007566160.0,1007566160.0,,3,SUR,1.04,
TQBR,2015-11-02,Роснефть,ROSN,8642,610802446.0,258.0,257.0,262.25,262.2,260.15,262.2,2347820,260.15,260.15,260.15,610802446.0,610802446.0,610802446.0,,3,SUR,1.59,
TQBR,2015-11-03,Роснефть,ROSN,14987,1672640721.5,262.45,260.9,271.85,270.65,267.9,270.65,6244520,267.85,267.85,267.85,1672640721.5,1672640721.5,1672640721.5,,3,SUR,3.22,
TQBR,2015-11-05,Роснефть,ROSN,17504,1597361031.0,270.0,268.05,275.75,270.0,272.05,270.0,5870920,272.1,272.1,272.1,1597361031.0,1597361031.0,1597361031.0,,3,SUR,-0.24,
TQBR,2015-11-06,Роснефть,ROSN,10286,879459797.0,269.4,264.0,270.7,264.75,267.5,264.75,3288050,267.45,267.45,267.45,879459797.0,879459797.0,879459797.0,,3,SUR,-1.94,
TQBR,2015-11-09,Роснефть,ROSN,9063,772546100.0,265.0,260.9,268.05,262.4,264.7,262.4,2918290,264.75,264.75,264.75,772546100.0,772546100.0,772546100.0,,3,SUR,-0.89,
TQBR,2015-11-10,Роснефть,ROSN,12738,934681350.0,262.4,256.3,262.4,257.55,258.45,257.55,3616760,258.45,258.45,258.45,934681350.0,934681350.0,934681350.0,,3,SUR,-1.85,
TQBR,2015-11-11,Роснефть,ROSN,12597,1376211554.0,257.4,255.6,267.65,266.0,262.05,266.0,5251130,262.1,262.1,262.1,1376211554.0,1376211554.0,1376211554.0,,3,SUR,3.28,
TQBR,2015-11-12,Роснефть,ROSN,10605,1143639919.0,265.0,262.75,266.85,263.05,264.85,263.05,4318160,264.85,264.85,264.85,1143639919.0,1143639919.0,1143639919.0,,3,SUR,-1.11,
TQBR,2015-11-13,Роснефть,ROSN,13853,1224109356.0,262.15,259.65,266.0,260.7,262.3,260.7,4666380,262.35,262.35,262.35,1224109356.0,1224109356.0,1224109356.0,,3,SUR,-0.89,
TQBR,2015-11-16,Роснефть,ROSN,11239,992119065.0,260.45,260.45,266.5,263.5,264.2,263.5,3754560,264.25,264.25,264.25,992119065.0,992119065.0,992119065.0,,3,SUR,1.07,
TQBR,2015-11-17,Роснефть,ROSN,16766,1856043951.0,266.5,264.75,274.85,271.5,271.05,271.5,6846650,271.1,271.1,271.1,1856043951.0,1856043951.0,1856043951.0,,3,SUR,3.04,
TQBR,2015-11-18,Роснефть,ROSN,12739,1233655217.5,272.6,269.45,279.5,278.2,275.8,278.2,4472360,275.85,275.85,275.85,1233655217.5,1233655217.5,1233655217.5,,3,SUR,2.47,
TQBR,2015-11-19,Роснефть,ROSN,17338,1509090728.5,279.35,270.3,282.1,271.5,276.75,271.5,5452010,276.8,276.8,276.8,1509090728.5,1509090728.5,1509090728.5,,3,SUR,-2.41,
TQBR,2015-11-20,Роснефть,ROSN,16631,1592251892.0,271.5,264.35,273.0,272.9,268.8,272.9,5924910,268.75,268.75,268.75,1592251892.0,1592251892.0,1592251892.0,,3,SUR,0.52,
TQBR,2015-11-23,Роснефть,ROSN,19049,1642841771.0,269.35,268.0,279.25,274.8,273.5,274.8,6006620,273.5,273.5,273.5,1642841771.0,1642841771.0,1642841771.0,,3,SUR,0.7,
TQBR,2015-11-24,Роснефть,ROSN,16793,1427956737.0,274.8,265.3,275.95,265.75,269.2,265.75,5304870,269.2,269.2,269.2,1427956737.0,1427956737.0,1427956737.0,,3,SUR,-3.29,
TQBR,2015-11-25,Роснефть,ROSN,13353,1491052618.0,267.0,266.15,274.4,271.55,270.7,271.55,5512690,270.5,270.5,270.5,1491052618.0,1491052618.0,1491052618.0,,3,SUR,2.18,
TQBR,2015-11-26,Роснефть,ROSN,12399,1241096390.0,272.3,269.2,274.9,270.85,272.55,270.85,4553620,272.55,272.55,272.55,1241096390.0,1241096390.0,1241096390.0,,3,SUR,-0.26,
TQBR,2015-11-27,Роснефть,ROSN,11596,1001639966.5,269.55,266.0,270.85,268.2,269.55,268.2,3736060,268.1,268.1,268.1,1001639966.5,1001639966.5,1001639966.5,,3,SUR,-0.98,
TQBR,2015-11-30,Роснефть,ROSN,12013,1183136737.0,267.05,265.0,270.85,265.0,269.15,265.0,4411430,268.2,268.2,268.2,1183136737.0,1183136737.0,1183136737.0,,3,SUR,-1.19,
TQBR,2015-12-01,Роснефть,ROSN,15524,1256952690.0,266.15,261.85,268.1,264.7,265.1,264.7,4741450,265.1,265.1,265.1,1256952690.0,1256952690.0,1256952690.0,,3,SUR,-0.11,
TQBR,2015-12-02,Роснефть,ROSN,16622,1650192927.5,264.7,256.0,265.75,258.5,260.0,258.5,6347670,259.95,259.95,259.95,1650192927.5,1650192927.5,1650192927.5,,3,SUR,-2.34,
TQBR,2015-12-03,Роснефть,ROSN,12921,1341667269.5,258.0,254.25,259.9,257.6,257.45,257.6,5212680,257.4,257.4,257.4,1341667269.5,1341667269.5,1341667269.5,,3,SUR,-0.35,
TQBR,2015-12-04,Роснефть,ROSN,16849,1420159921.0,258.95,248.05,260.5,251.45,253.9,251.45,5593830,253.9,253.9,253.9,1420159921.0,1420159921.0,1420159921.0,,3,SUR,-2.39,
TQBR,2015-12-07,Роснефть,ROSN,20533,1480488454.5,252.0,243.5,253.75,244.0,247.7,244.0,5977230,247.7,247.7,247.7,1480488454.5,1480488454.5,1480488454.5,,3,SUR,-2.96,
TQBR,2015-12-08,Роснефть,ROSN,16174,1294345789.5,243.35,241.05,247.35,244.65,243.9,244.65,5306830,243.9,243.9,243.9,1294345789.5,1294345789.5,1294345789.5,,3,SUR,0.27,
TQBR,2015-12-09,Роснефть,ROSN,12068,995891639.0,245.45,245.3,249.85,247.7,247.75,247.7,4019270,247.8,247.8,247.8,995891639.0,995891639.0,995891639.0,,3,SUR,1.25,
TQBR,2015-12-10,Роснефть,ROSN,12312,1022943999.0,248.0,245.2,251.2,249.0,248.85,249.0,4110100,248.9,248.9,248.9,1022943999.0,1022943999.0,1022943999.0,,3,SUR,0.52,
TQBR,2015-12-11,Роснефть,ROSN,7752,558349144.0,247.9,243.65,248.75,244.85,246.4,244.85,2266110,246.4,246.4,246.4,558349144.0,558349144.0,558349144.0,,3,SUR,-1.67,
TQBR,2015-12-14,Роснефть,ROSN,12753,1112235351.0,242.55,241.25,246.95,244.9,243.9,244.9,4561270,243.85,243.85,243.85,1112235351.0,1112235351.0,1112235351.0,,3,SUR,0.02,
TQBR,2015-12-15,Роснефть,ROSN,17600,1636814803.5,246.45,244.85,252.65,249.7,250.1,249.7,6544730,250.1,250.1,250.1,1636814803.5,1636814803.5,1636814803.5,,3,SUR,1.96,
TQBR,2015-12-16,Роснефть,ROSN,7019,632398731.5,251.2,249.0,252.55,250.1,250.85,250.1,2520830,250.85,250.85,250.85,632398731.5,632398731.5,632398731.5,,3,SUR,0.16,
TQBR,2015-12-17,Роснефть,ROSN,27230,2344475119.5,251.9,251.75,260.95,258.7,257.65,258.7,9098860,257.65,257.65,257.65,2344475119.5,2344475119.5,2344475119.5,,3,SUR,3.44,
TQBR,2015-12-18,Роснефть,ROSN,19568,1631844069.5,258.3,249.1,260.0,250.75,253.9,250.75,6427360,253.9,253.9,253.9,1631844069.5,1631844069.5,1631844069.5,,3,SUR,-3.07,
TQBR,2015-12-21,Роснефть,ROSN,13617,1008081276.5,250.05,244.65,253.15,245.6,248.85,245.6,4050790,248.85,248.85,248.85,1008081276.5,1008081276.5,1008081276.5,,3,SUR,-2.05,
TQBR,2015-12-22,Роснефть,ROSN,10330,817691754.5,247.0,244.2,249.35,248.2,247.0,248.2,3310390,247.0,247.0,247.0,817691754.5,817691754.5,817691754.5,,3,SUR,1.06,
TQBR,2015-12-23,Роснефть,ROSN,8340,748118963.0,249.5,249.25,254.7,253.65,252.0,253.65,2968940,252.0,252.0,252.0,748118963.0,748118963.0,748118963.0,,3,SUR,2.2,
TQBR,2015-12-24,Роснефть,ROSN,10576,691200897.0,254.8,251.5,255.5,251.6,253.75,251.6,2723690,253.75,253.75,253.75,691200897.0,691200897.0,691200897.0,,3,SUR,-0.81,
TQBR,2015-12-25,Роснефть,ROSN,22345,935231021.0,252.0,243.65,252.65,245.8,246.65,245.8,3792130,246.6,246.6,246.6,935231021.0,935231021.0,935231021.0,,3,SUR,-2.31,
TQBR,2015-12-28,Роснефть,ROSN,7230,461194357.5,246.0,244.7,247.55,246.0,246.3,246.0,1872320,246.3,246.3,246.3,461194357.5,461194357.5,461194357.5,,3,SUR,0.08,
TQBR,2015-12-29,Роснефть,ROSN,15322,1183999034.5,246.9,245.05,255.0,255.0,251.55,255.0,4706170,251.6,251.6,251.6,1183999034.5,1183999034.5,1183999034.5,,3,SUR,3.66,
TQBR,2015-12-30,Роснефть,ROSN,16269,1028709731.5,254.8,253.25,259.25,253.25,256.05,253.25,4016300,256.15,256.15,256.15,1028709731.5,1028709731.5,1028709731.5,,3,SUR,-0.69,
TQBR,2016-01-04,Роснефть,ROSN,8066,624551248.5,254.9,250.35,254.9,251.0,252.45,251.0,2474320,252.4,252.4,251.0,624551248.5,624551248.5,624551248.5,,3,SUR,-0.89,
TQBR,2016-01-05,Роснефть,ROSN,8409,613996166.5,251.7,248.75,253.8,253.2,251.1,253.2,2445540,251.05,251.05,253.2,613996166.5,613996166.5,613996166.5,,3,SUR,0.88,
TQBR,2016-01-06,Роснефть,ROSN,6023,496069653.5,253.0,250.25,255.0,252.4,252.4,252.4,1965570,252.4,252.4,252.4,496069653.5,496069653.5,496069653.5,,3,SUR,-0.32,
TQBR,2016-01-11,Роснефть,ROSN,22355,1900907497.5,245.0,239.15,246.75,241.05,242.25,241.05,7847320,242.25,242.25,241.05,1900907497.5,1900907497.5,1900907497.5,,3,SUR,-4.5,
TQBR,2016-01-12,Роснефть,ROSN,16322,1145914904.0,233.5,233.5,243.4,239.9,240.3,239.9,4769940,240.25,240.25,239.9,1145914904.0,1145914904.0,1145914904.0,,3,SUR,-0.48,
TQBR,2016-01-13,Роснефть,ROSN,14216,957541109.0,240.95,238.3,243.5,239.6,240.8,239.6,3976580,240.8,240.8,239.6,957541109.0,957541109.0,957541109.0,,3,SUR,-0.13,
TQBR,2016-01-14,Роснефть,ROSN,14757,951707499.0,238.0,234.3,239.85,237.65,236.5,237.65,4023560,236.55,236.55,237.65,951707499.0,951707499.0,951707499.0,,3,SUR,-0.81,
TQBR,2016-01-15,Роснефть,ROSN,26262,1692727157.5,236.7,229.5,240.0,232.1,233.8,232.1,7239990,233.8,233.8,232.1,1692727157.5,1692727157.5,1692727157.5,,3,SUR,-2.34,
TQBR,2016-01-18,Роснефть,ROSN,13046,1021441895.5,229.0,229.0,234.9,232.0,232.35,232.0,4395950,232.35,232.35,232.0,1021441895.5,1021441895.5,1021441895.5,,3,SUR,-0.04,
TQBR,2016-01-19,Роснефть,ROSN,15047,1095094661.5,233.85,233.85,239.05,236.05,237.05,236.05,4619410,237.05,237.05,236.05,1095094661.5,1095094661.5,1095094661.5,,3,SUR,1.75,
TQBR,2016-01-20,Роснефть,ROSN,17762,1403230954.5,234.0,228.3,234.35,231.9,230.6,231.9,6084730,230.6,230.6,231.9,1403230954.5,1403230954.5,1403230954.5,,3,SUR,-1.76,
TQBR,2016-01-21,Роснефть,ROSN,18452,1198633900.0,232.0,231.75,238.8,237.5,235.8,237.5,5082940,235.8,235.8,237.5,1198633900.0,1198633900.0,1198633900.0,,3,SUR,2.41,
TQBR,2016-01-22,Роснефть,ROSN,29411,2497751830.0,241.0,239.7,252.4,250.4,245.95,250.4,10156640,245.9,245.9,250.4,2497751830.0,2497751830.0,2497751830.0,,3,SUR,5.43,
TQBR,2016-01-25,Роснефть,ROSN,16716,1689819867.0,251.4,246.25,255.2,255.0,250.05,255.0,6757840,250.05,250.05,255.0,1689819867.0,1689819867.0,1689819867.0,,3,SUR,1.84,
TQBR,2016-01-26,Роснефть,ROSN,18570,1881141191.5,251.85,251.65,256.9,255.9,254.8,255.9,7383300,254.8,254.8,255.9,1881141191.5,1881141191.5,1881141191.5,,3,SUR,0.35,
TQBR,2016-01-27,Роснефть,ROSN,19634,1628538556.5,255.5,254.6,264.4,264.4,260.1,264.4,6260840,260.1,260.1,264.4,1628538556.5,1628538556.5,1628538556.5,,3,SUR,3.32,
TQBR,2016-01-28,Роснефть,ROSN,18311,2116625588.0,263.7,263.6,268.9,267.35,266.25,267.35,7949340,266.25,266.25,267.35,2116625588.0,2116625588.0,2116625588.0,,3,SUR,1.12,
TQBR,2016-01-29,Роснефть,ROSN,21611,2168505065.5,268.5,263.35,272.45,272.45,268.3,272.45,8082170,268.3,268.3,272.45,2168505065.5,2168505065.5,2168505065.5,,3,SUR,1.91,
TQBR,2016-02-01,Роснефть,ROSN,11989,1168886792.0,272.45,266.4,272.45,269.8,268.85,269.8,4348120,268.85,268.85,269.8,1168886792.0,1168886792.0,1168886792.0,,3,SUR,-0.97,
TQBR,2016-02-02,Роснефть,ROSN,15926,1397675304.5,268.7,267.75,274.2,271.8,271.45,271.8,5149330,271.45,271.45,271.8,1397675304.5,1397675304.5,1397675304.5,,3,SUR,0.74,
TQBR,2016-02-03,Роснефть,ROSN,15431,1193714515.0,270.0,268.2,275.95,273.1,272.55,273.1,4379490,272.55,272.55,273.1,1193714515.0,1193714515.0,1193714515.0,,3,SUR,0.48,
TQBR,2016-02-04,Роснефть,ROSN,22331,1699118731.5,278.8,276.75,284.85,283.0,279.65,283.0,6076240,279.65,279.65,283.0,1699118731.5,1699118731.5,1699118731.5,,3,SUR,3.63,
TQBR,2016-02-05,Роснефть,ROSN,23502,1942023421.0,281.15,279.05,286.5,281.55,283.15,281.55,6858910,283.15,283.15,281.55,1942023421.0,1942023421.0,1942023421.0,,3,SUR,-0.51,
TQBR,2016-02-08,Роснефть,ROSN,24475,1761634793.5,281.55,273.3,282.2,276.05,277.6,276.05,6345260,277.65,277.65,276.05,1761634793.5,1761634793.5,1761634793.5,,3,SUR,-1.95,
TQBR,2016-02-09,Роснефть,ROSN,27580,2194908540.0,272.05,265.45,276.35,268.6,270.0,268.6,8128800,270.0,270.0,268.6,2194908540.0,2194908540.0,2194908540.0,,3,SUR,-2.7,
TQBR,2016-02-10,Роснефть,ROSN,23948,1546216375.5,265.2,262.3,269.0,265.5,265.6,265.5,5822060,265.6,265.6,265.5,1546216375.5,1546216375.5,1546216375.5,,3,SUR,-1.15,
TQBR,2016-02-11,Роснефть,ROSN,16737,1128350447.0,264.15,259.7,266.4,264.85,263.0,264.85,4290310,263.0,263.0,264.85,1128350447.0,1128350447.0,1128350447.0,,3,SUR,-0.24,
TQBR,2016-02-12,Роснефть,ROSN,17763,1033898203.5,267.4,266.55,271.65,270.7,269.85,270.7,3831370,269.85,269.85,270.7,1033898203.5,1033898203.5,1033898203.5,,3,SUR,2.21,
TQBR,2016-02-15,Роснефть,ROSN,12731,778899703.0,273.25,269.6,273.8,271.0,271.3,271.0,2871170,271.3,271.3,271.0,778899703.0,778899703.0,778899703.0,,3,SUR,0.11,
TQBR,2016-02-16,Роснефть,ROSN,24382,1904684328.0,272.45,271.3,279.65,277.4,277.1,277.4,6873130,277.1,277.1,277.4,1904684328.0,1904684328.0,1904684328.0,,3,SUR,2.36,
TQBR,2016-02-17,Роснефть,ROSN,12953,788090045.5,277.2,276.05,280.95,279.9,278.95,279.9,2825270,278.95,278.95,279.9,788090045.5,788090045.5,788090045.5,,3,SUR,0.9,
TQBR,2016-02-18,Роснефть,ROSN,14807,1412352645.0,281.8,279.4,283.85,283.35,282.25,283.35,5004290,282.25,282.25,283.35,1412352645.0,1412352645.0,1412352645.0,,3,SUR,1.23,
TQBR,2016-02-19,Роснефть,ROSN,15921,926740513.0,280.25,275.3,281.05,278.4,277.9,278.4,3335030,277.9,277.9,278.4,926740513.0,926740513.0,926740513.0,,3,SUR,-1.75,
TQBR,2016-02-20,Роснефть,ROSN,3193,148899358.0,279.95,276.65,279.95,276.95,277.9,276.95,535780,277.9,277.9,276.95,148899358.0,148899358.0,148899358.0,,3,SUR,-0.52,
TQBR,2016-02-22,Роснефть,ROSN,17657,1180529027.0,277.8,277.5,286.2,285.0,283.25,285.0,4167730,283.25,283.25,285.0,1180529027.0,1180529027.0,1180529027.0,,3,SUR,2.91,
TQBR,2016-02-24,Роснефть,ROSN,15673,1054800548.0,281.85,279.15,283.8,281.7,281.55,281.7,3746710,281.55,281.55,281.7,1054800548.0,1054800548.0,1054800548.0,,3,SUR,-1.16,
TQBR,2016-02-25,Роснефть,ROSN,17737,1120264818.0,283.7,277.15,284.6,279.5,281.1,279.5,3984930,281.15,281.15,279.5,1120264818.0,1120264818.0,1120264818.0,,3,SUR,-0.78,
TQBR,2016-02-26,Роснефть,ROSN,14165,1529897245.0,281.8,281.6,284.9,283.3,283.5,283.3,5395990,283.5,283.5,283.3,1529897245.0,1529897245.0,1529897245.0,,3,SUR,1.36,
TQBR,2016-02-29,Роснефть,ROSN,18530,2022684535.0,282.2,279.7,287.6,287.6,285.05,287.6,7096780,285.0,285.0,287.6,2022684535.0,2022684535.0,2022684535.0,,3,SUR,1.52,
TQBR,2016-03-01,Роснефть,ROSN,11394,1217446701.0,287.0,286.0,290.5,289.9,288.8,289.9,4215860,288.8,288.8,289.9,1217446701.0,1217446701.0,1217446701.0,,3,SUR,0.8,
TQBR,2016-03-02,Роснефть,ROSN,10406,896052789.0,290.8,285.1,291.7,287.0,287.35,287.0,3118620,287.3,287.3,287.0,896052789.0,896052789.0,896052789.0,,3,SUR,-1.0,
TQBR,2016-03-03,Роснефть,ROSN,17983,1479546367.5,287.95,287.15,295.0,294.25,291.85,294.25,5069970,291.85,291.85,294.25,1479546367.5,1479546367.5,1479546367.5,,3,SUR,2.53,
TQBR,2016-03-04,Роснефть,ROSN,22653,2065601834.0,294.6,292.65,302.25,302.25,298.15,302.25,6927920,298.15,298.15,302.25,2065601834.0,2065601834.0,2065601834.0,,3,SUR,2.72,
TQBR,2016-03-07,Роснефть,ROSN,11911,1165216750.0,304.0,297.65,304.4,301.0,300.85,301.0,3873330,300.85,300.85,301.0,1165216750.0,1165216750.0,1165216750.0,,3,SUR,-0.41,
TQBR,2016-03-09,Роснефть,ROSN,17969,1813720484.0,298.0,295.15,301.8,296.0,298.4,296.0,6077890,298.4,298.4,296.0,1813720484.0,1813720484.0,1813720484.0,,3,SUR,-1.66,
TQBR,2016-03-10,Роснефть,ROSN,15531,1889656700.0,296.6,294.6,302.15,301.55,299.3,301.55,6313560,299.3,299.3,301.55,1889656700.0,1889656700.0,1889656700.0,,3,SUR,1.88,
TQBR,2016-03-11,Роснефть,ROSN,20777,2325495364.0,302.3,299.0,304.25,301.6,302.0,301.6,7701140,301.95,301.95,301.6,2325495364.0,2325495364.0,2325495364.0,,3,SUR,0.02,
TQBR,2016-03-14,Роснефть,ROSN,10338,1191550969.5,301.1,298.65,301.6,301.05,300.3,301.05,3967690,300.3,300.3,301.05,1191550969.5,1191550969.5,1191550969.5,,3,SUR,-0.18,
TQBR,2016-03-15,Роснефть,ROSN,14366,2003950880.0,302.25,298.6,303.6,300.6,300.35,300.6,6672450,300.35,300.35,300.6,2003950880.0,2003950880.0,2003950880.0,,3,SUR,-0.15,
TQBR,2016-03-16,Роснефть,ROSN,10918,1230615558.5,300.75,297.55,301.45,301.25,299.5,301.25,4109180,299.5,299.5,301.25,1230615558.5,1230615558.5,1230615558.5,,3,SUR,0.22,
TQBR,2016-03-17,Роснефть,ROSN,21738,2682704521.5,301.95,300.5,309.85,309.4,304.35,309.4,8815620,304.3,304.3,309.4,2682704521.5,2682704521.5,2682704521.5,,3,SUR,2.71,
TQBR,2016-03-18,Роснефть,ROSN,22883,2975692994.0,309.4,306.45,320.0,315.55,314.9,315.55,9449660,314.9,314.9,315.55,2975692994.0,2975692994.0,2975692994.0,,3,SUR,1.99,
TQBR,2016-03-21,Роснефть,ROSN,12664,1249375419.0,314.05,310.1,314.9,313.0,312.6,313.0,3996540,312.6,312.6,313.0,1249375419.0,1249375419.0,1249375419.0,,3,SUR,-0.81,
TQBR,2016-03-22,Роснефть,ROSN,20359,2437352317.0,313.7,312.4,322.75,318.05,317.4,318.05,7679030,317.4,317.4,318.05,2437352317.0,2437352317.0,2437352317.0,,3,SUR,1.61,
TQBR,2016-03-23,Роснефть,ROSN,18438,2123472695.5,317.9,307.35,317.95,309.2,311.35,309.2,6819800,311.35,311.35,309.2,2123472695.5,2123472695.5,2123472695.5,,3,SUR,-2.78,
TQBR,2016-03-24,Роснефть,ROSN,13870,1582865623.0,307.0,302.35,308.8,304.8,304.3,304.8,5202080,304.3,304.3,304.8,1582865623.0,1582865623.0,1582865623.0,,3,SUR,-1.42,
TQBR,2016-03-25,Роснефть,ROSN,5966,575925404.0,306.4,303.75,307.45,304.5,305.65,304.5,1884270,305.65,305.65,304.5,575925404.0,575925404.0,575925404.0,,3,SUR,-0.1,
TQBR,2016-03-28,Роснефть,ROSN,7733,709428908.0,306.35,300.65,308.1,302.5,303.0,302.5,2341330,303.0,303.0,302.5,709428908.0,709428908.0,709428908.0,,3,SUR,-0.66,
TQBR,2016-03-29,Роснефть,ROSN,21722,2199774304.5,302.75,293.25,302.75,296.4,296.4,296.4,7421750,296.4,296.4,296.4,2199774304.5,2199774304.5,2199774304.5,,3,SUR,-2.02,
TQBR,2016-03-30,Роснефть,ROSN,16149,1698014005.5,298.7,297.05,307.95,307.8,302.9,307.8,5604760,302.95,302.95,307.8,1698014005.5,1698014005.5,1698014005.5,,3,SUR,3.85,
TQBR,2016-03-31,Роснефть,ROSN,14568,1911788411.5,305.9,302.55,307.5,305.2,305.1,305.2,6266020,305.1,305.1,305.2,1911788411.5,1911788411.5,1911788411.5,,3,SUR,-0.84,
TQBR,2016-04-01,Роснефть,ROSN,15360,1445655205.0,302.75,297.2,304.95,301.8,300.2,301.8,4815800,300.2,300.2,301.8,1445655205.0,1445655205.0,1445655205.0,,3,SUR,-1.11,
TQBR,2016-04-04,Роснефть,ROSN,18939,2033517386.0,301.0,299.85,310.0,309.5,305.8,309.5,6649710,305.8,305.8,309.5,2033517386.0,2033517386.0,2033517386.0,,3,SUR,2.55,
TQBR,2016-04-05,Роснефть,ROSN,8523,874187695.5,306.8,305.0,308.35,306.2,305.95,306.2,2857090,305.95,305.95,306.2,874187695.5,874187695.5,874187695.5,,3,SUR,-1.07,
TQBR,2016-04-06,Роснефть,ROSN,11012,1187788797.5,308.0,306.25,311.5,309.05,309.25,309.05,3841040,309.25,309.25,309.05,1187788797.5,1187788797.5,1187788797.5,,3,SUR,0.93,
TQBR,2016-04-07,Роснефть,ROSN,12214,1343773178.5,310.65,303.9,312.9,306.8,307.65,306.8,4368140,307.65,307.65,306.8,1343773178.5,1343773178.5,1343773178.5,,3,SUR,-0.73,
TQBR,2016-04-08,Роснефть,ROSN,15094,1767455702.0,306.8,306.0,316.5,316.5,312.05,316.5,5664610,312.0,312.0,316.5,1767455702.0,1767455702.0,1767455702.0,,3,SUR,3.16,
TQBR,2016-04-11,Роснефть,ROSN,21695,2593027500.5,316.55,314.2,329.2,325.0,323.8,325.0,8006670,323.85,323.85,325.0,2593027500.5,2593027500.5,2593027500.5,,3,SUR,2.69,
TQBR,2016-04-12,Роснефть,ROSN,17315,1839772165.5,325.0,317.45,325.95,320.0,320.4,320.0,5742140,320.4,320.4,320.0,1839772165.5,1839772165.5,1839772165.5,,3,SUR,-1.54,
TQBR,2016-04-13,Роснефть,ROSN,15143,1546222990.5,321.2,319.1,326.9,322.3,322.95,322.3,4787710,322.95,322.95,322.3,1546222990.5,1546222990.5,1546222990.5,,3,SUR,0.72,
TQBR,2016-04-14,Роснефть,ROSN,19181,2104309536.5,321.0,310.1,325.15,313.6,317.55,313.6,6626790,317.55,317.55,313.6,2104309536.5,2104309536.5,2104309536.5,,3,SUR,-2.7,
TQBR,2016-04-15,Роснефть,ROSN,17016,1683736835.0,314.8,306.6,314.8,309.75,308.95,309.75,5450680,308.9,308.9,309.75,1683736835.0,1683736835.0,1683736835.0,,3,SUR,-1.23,
TQBR,2016-04-18,Роснефть,ROSN,23007,2264259432.0,303.55,300.35,308.0,303.9,303.4,303.9,7462710,303.4,303.4,303.9,2264259432.0,2264259432.0,2264259432.0,,3,SUR,-1.89,
TQBR,2016-04-19,Роснефть,ROSN,20755,2859353752.5,305.95,304.7,314.6,311.75,309.4,311.75,9241420,309.4,309.4,311.75,2859353752.5,2859353752.5,2859353752.5,,3,SUR,2.58,
TQBR,2016-04-20,Роснефть,ROSN,27423,3293039550.5,309.85,306.4,323.55,322.05,317.85,322.05,10354660,318.0,318.0,322.05,3293039550.5,3293039550.5,3293039550.5,,3,SUR,3.3,
TQBR,2016-04-21,Роснефть,ROSN,21646,2448158023.0,325.0,317.75,325.3,323.0,321.55,323.0,7613500,321.55,321.55,323.0,2448158023.0,2448158023.0,2448158023.0,,3,SUR,0.29,
TQBR,2016-04-22,Роснефть,ROSN,13332,1304507096.0,322.8,319.35,324.85,322.1,322.2,322.1,4048490,322.2,322.2,322.1,1304507096.0,1304507096.0,1304507096.0,,3,SUR,-0.28,
TQBR,2016-04-25,Роснефть,ROSN,17474,1707004722.5,321.75,320.55,328.95,326.9,325.3,326.9,5247270,325.3,325.3,326.9,1707004722.5,1707004722.5,1707004722.5,,3,SUR,1.49,
TQBR,2016-04-26,Роснефть,ROSN,19211,1799635817.0,326.9,326.0,332.9,331.85,330.4,331.85,5445010,330.5,330.5,331.85,1799635817.0,1799635817.0,1799635817.0,,3,SUR,1.51,
TQBR,2016-04-27,Роснефть,ROSN,23288,2663835567.5,333.0,331.3,339.4,334.95,335.0,334.95,7951530,335.0,335.0,334.95,2663835567.5,2663835567.5,2663835567.5,,3,SUR,0.93,
TQBR,2016-04-28,Роснефть,ROSN,16393,1640180029.5,334.0,333.2,341.75,341.75,337.55,341.75,4858460,337.6,337.6,341.75,1640180029.5,1640180029.5,1640180029.5,,3,SUR,2.03,
TQBR,2016-04-29,Роснефть,ROSN,27454,3211056033.5,340.65,338.5,351.75,351.0,348.0,351.0,9225750,348.05,348.05,351.0,3211056033.5,3211056033.5,3211056033.5,,3,SUR,2.71,
TQBR,2016-05-04,Роснефть,ROSN,21984,2490287937.5,347.0,341.0,356.95,346.0,348.0,346.0,7155640,348.0,348.0,346.0,2490287937.5,2490287937.5,2490287937.5,,3,SUR,-1.42,
TQBR,2016-05-05,Роснефть,ROSN,16824,1808143928.5,346.85,335.65,346.85,336.5,338.75,336.5,5338690,338.7,338.7,336.5,1808143928.5,1808143928.5,1808143928.5,,3,SUR,-2.75,
TQBR,2016-05-06,Роснефть,ROSN,18105,1706020928.0,335.0,326.3,337.15,329.0,329.85,329.0,5172790,329.8,329.8,329.0,1706020928.0,1706020928.0,1706020928.0,,3,SUR,-2.23,
TQBR,2016-05-10,Роснефть,ROSN,16247,1378668523.0,327.6,319.55,328.9,323.5,323.2,323.5,4265620,323.2,323.2,323.5,1378668523.0,1378668523.0,1378668523.0,,3,SUR,-1.67,
TQBR,2016-05-11,Роснефть,ROSN,12860,1369952308.5,326.55,323.55,329.6,324.6,326.95,324.6,4189860,326.95,326.95,324.6,1369952308.5,1369952308.5,1369952308.5,,3,SUR,0.34,
TQBR,2016-05-12,Роснефть,ROSN,14112,1315825866.0,326.55,318.45,326.85,319.0,322.65,319.0,4077970,322.65,322.65,319.0,1315825866.0,1315825866.0,1315825866.0,,3,SUR,-1.73,
TQBR,2016-05-13,Роснефть,ROSN,18884,1429758415.5,320.5,313.0,323.2,322.65,317.85,322.65,4498650,317.8,317.8,322.65,1429758415.5,1429758415.5,1429758415.5,,3,SUR,1.14,
TQBR,2016-05-16,Роснефть,ROSN,13130,1468699826.0,323.9,321.25,327.0,322.6,324.75,322.6,4522980,324.7,324.7,322.6,1468699826.0,1468699826.0,1468699826.0,,3,SUR,-0.02,
TQBR,2016-05-17,Роснефть,ROSN,15586,1253788214.5,323.9,314.15,323.95,322.1,318.3,322.1,3938910,318.3,318.3,322.1,1253788214.5,1253788214.5,1253788214.5,,3,SUR,-0.15,
TQBR,2016-05-18,Роснефть,ROSN,13111,1206983674.0,320.2,320.0,329.5,329.5,325.7,329.5,3705610,325.7,325.7,329.5,1206983674.0,1206983674.0,1206983674.0,,3,SUR,2.3,
TQBR,2016-05-19,Роснефть,ROSN,14176,1407261762.5,325.95,324.6,332.8,330.0,328.1,330.0,4289330,328.1,328.1,330.0,1407261762.5,1407261762.5,1407261762.5,,3,SUR,0.15,
TQBR,2016-05-20,Роснефть,ROSN,11592,1478989928.0,333.0,322.85,333.85,324.65,327.0,324.65,4523110,327.0,327.0,324.65,1478989928.0,1478989928.0,1478989928.0,,3,SUR,-1.62,
TQBR,2016-05-23,Роснефть,ROSN,19856,2018858459.0,323.05,311.55,324.0,313.1,316.05,313.1,6387550,316.05,316.05,313.1,2018858459.0,2018858459.0,2018858459.0,,3,SUR,-3.56,
TQBR,2016-05-24,Роснефть,ROSN,8665,770964770.5,313.1,312.1,318.65,317.0,315.8,317.0,2441290,315.8,315.8,317.0,770964770.5,770964770.5,770964770.5,,3,SUR,1.25,
TQBR,2016-05-25,Роснефть,ROSN,10141,1200747457.5,319.55,317.55,323.45,318.0,320.8,318.0,3743040,320.8,320.8,318.0,1200747457.5,1200747457.5,1200747457.5,,3,SUR,0.32,
TQBR,2016-05-26,Роснефть,ROSN,13752,1858932015.5,322.0,318.55,327.0,320.15,323.4,320.15,5748310,323.4,323.4,320.15,1858932015.5,1858932015.5,1858932015.5,,3,SUR,0.68,
TQBR,2016-05-27,Роснефть,ROSN,11652,1329629320.5,321.4,314.9,323.35,320.6,318.5,320.6,4174710,318.5,318.5,320.6,1329629320.5,1329629320.5,1329629320.5,,3,SUR,0.14,
TQBR,2016-05-30,Роснефть,ROSN,7307,466269584.5,320.55,318.0,324.6,322.0,321.0,322.0,1452540,321.0,321.0,322.0,466269584.5,466269584.5,466269584.5,,3,SUR,0.44,
TQBR,2016-05-31,Роснефть,ROSN,11560,1059338378.0,322.5,315.85,323.15,316.0,319.05,316.0,3320090,319.05,319.05,316.0,1059338378.0,1059338378.0,1059338378.0,,3,SUR,-1.86,
TQBR,2016-06-01,Роснефть,ROSN,23387,1431649386.0,316.0,309.5,316.65,313.0,312.65,313.0,4579460,312.6,312.6,313.0,1431649386.0,1431649386.0,1431649386.0,,3,SUR,-0.95,
TQBR,2016-06-02,Роснефть,ROSN,12833,1190009067.5,312.9,309.75,316.5,311.35,312.9,311.35,3804780,312.75,312.75,311.35,1190009067.5,1190009067.5,1190009067.5,,3,SUR,-0.53,
TQBR,2016-06-03,Роснефть,ROSN,11435,1173125812.5,313.85,312.0,319.0,314.75,315.4,314.75,3719530,315.4,315.4,314.75,1173125812.5,1173125812.5,1173125812.5,,3,SUR,1.09,
TQBR,2016-06-06,Роснефть,ROSN,13899,1252314154.0,314.75,314.75,324.95,323.85,321.85,323.85,3891500,321.8,321.8,323.85,1252314154.0,1252314154.0,1252314154.0,,3,SUR,2.89,
TQBR,2016-06-07,Роснефть,ROSN,16937,2169942146.5,325.0,321.55,329.9,328.85,326.5,328.85,6646520,326.5,326.5,328.85,2169942146.5,2169942146.5,2169942146.5,,3,SUR,1.54,
TQBR,2016-06-08,Роснефть,ROSN,22864,2436406066.5,328.0,327.15,342.95,342.5,337.7,342.5,7215110,337.7,337.7,342.5,2436406066.5,2436406066.5,2436406066.5,,3,SUR,4.15,
TQBR,2016-06-09,Роснефть,ROSN,13454,1605041732.5,343.0,338.5,344.95,343.5,342.35,343.5,4688490,342.35,342.35,343.5,1605041732.5,1605041732.5,1605041732.5,,3,SUR,0.29,
TQBR,2016-06-10,Роснефть,ROSN,12535,1062198372.5,342.9,337.0,343.0,337.85,339.15,337.85,3131760,339.15,339.15,337.85,1062198372.5,1062198372.5,1062198372.5,,3,SUR,-1.64,
TQBR,2016-06-14,Роснефть,ROSN,16893,1962855824.0,335.3,323.4,337.0,324.8,327.7,324.8,5989310,327.75,327.75,324.8,1962855824.0,1962855824.0,1962855824.0,,3,SUR,-3.86,
TQBR,2016-06-15,Роснефть,ROSN,18561,1741784997.5,325.0,320.3,327.75,322.85,323.7,322.85,5381970,323.65,323.65,322.85,1741784997.5,1741784997.5,1741784997.5,,3,SUR,-0.6,
TQBR,2016-06-16,Роснефть,ROSN,18716,1423809451.0,320.5,311.7,322.0,316.3,314.95,316.3,4521050,314.95,314.95,316.3,1423809451.0,1423809451.0,1423809451.0,,3,SUR,-2.03,
TQBR,2016-06-17,Роснефть,ROSN,15030,1383514158.0,319.25,316.75,323.45,320.65,320.55,320.65,4315850,320.55,320.55,320.65,1383514158.0,1383514158.0,1383514158.0,,3,SUR,1.38,
TQBR,2016-06-20,Роснефть,ROSN,17035,1580910198.5,325.5,324.0,336.0,336.0,331.8,336.0,4765080,331.75,331.75,336.0,1580910198.5,1580910198.5,1580910198.5,,3,SUR,4.79,
TQBR,2016-06-21,Роснефть,ROSN,21497,2053217808.0,336.0,334.2,342.0,340.95,338.1,340.95,6073450,338.05,338.05,340.95,2053217808.0,2053217808.0,2053217808.0,,3,SUR,1.47,
TQBR,2016-06-22,Роснефть,ROSN,11981,1231152835.5,344.95,337.0,345.85,337.75,339.9,337.75,3622130,339.9,339.9,337.75,1231152835.5,1231152835.5,1231152835.5,,3,SUR,-0.94,
TQBR,2016-06-23,Роснефть,ROSN,13447,1639651779.0,336.55,334.6,348.0,348.0,341.25,348.0,4804930,341.25,341.25,348.0,1639651779.0,1639651779.0,1639651779.0,,3,SUR,3.03,
TQBR,2016-06-24,Роснефть,ROSN,19346,2472878675.0,329.9,326.3,336.0,333.65,330.8,333.65,7476870,330.75,330.75,333.65,2472878675.0,2472878675.0,2472878675.0,,3,SUR,-4.12,
TQBR,2016-06-27,Роснефть,ROSN,16610,1849220971.0,333.65,325.75,335.6,328.05,329.4,328.05,5613210,329.45,329.45,328.05,1849220971.0,1849220971.0,1849220971.0,,3,SUR,-1.68,
TQBR,2016-06-28,Роснефть,ROSN,14422,1404030803.5,331.4,324.0,333.95,327.0,327.65,327.0,4284980,327.65,327.65,327.0,1404030803.5,1404030803.5,1404030803.5,,3,SUR,-0.32,
TQBR,2016-06-29,Роснефть,ROSN,12038,1158499401.0,327.95,324.35,332.8,331.5,328.75,331.5,3524040,328.75,328.75,331.5,1158499401.0,1158499401.0,1158499401.0,,3,SUR,1.38,
TQBR,2016-06-30,Роснефть,ROSN,10728,1315129109.0,330.0,327.45,331.45,330.0,329.1,330.0,3996160,329.1,329.1,330.0,1315129109.0,1315129109.0,1315129109.0,,3,SUR,-0.45,
TQBR,2016-07-01,Роснефть,ROSN,11017,880953115.5,330.0,327.5,335.5,332.45,332.3,332.45,2651190,332.3,332.3,332.45,880953115.5,880953115.5,880953115.5,,3,SUR,0.74,
TQBR,2016-07-04,Роснефть,ROSN,8853,636639582.5,334.9,330.1,336.0,331.2,332.45,331.2,1914820,332.5,332.5,331.2,636639582.5,636639582.5,636639582.5,,3,SUR,-0.38,
TQBR,2016-07-05,Роснефть,ROSN,8487,1152954892.5,329.7,327.7,330.5,329.4,329.25,329.4,3501570,329.25,329.25,329.4,1152954892.5,1152954892.5,1152954892.5,,3,SUR,-0.54,
TQBR,2016-07-06,Роснефть,ROSN,14736,1264611849.5,328.0,318.5,329.9,320.5,323.1,320.5,3914200,323.1,323.1,320.5,1264611849.5,1264611849.5,1264611849.5,,3,SUR,-2.7,
TQBR,2016-07-07,Роснефть,ROSN,11121,968934975.0,323.15,320.8,327.35,320.9,324.55,320.9,2985350,324.55,324.55,320.9,968934975.0,968934975.0,968934975.0,,3,SUR,0.12,
TQBR,2016-07-08,Роснефть,ROSN,12926,1305041593.0,318.0,316.55,326.4,325.0,321.35,325.0,4061060,321.35,321.35,325.0,1305041593.0,1305041593.0,1305041593.0,,3,SUR,1.28,
TQBR,2016-07-11,Роснефть,ROSN,9357,792102829.5,325.6,324.45,329.0,328.35,327.05,328.35,2421870,327.05,327.05,328.35,792102829.5,792102829.5,792102829.5,,3,SUR,1.03,
TQBR,2016-07-12,Роснефть,ROSN,19004,1527976647.0,328.5,327.0,340.35,339.4,334.95,339.4,4561680,334.95,334.95,339.4,1527976647.0,1527976647.0,1527976647.0,,3,SUR,3.37,
TQBR,2016-07-13,Роснефть,ROSN,12667,1002062371.0,339.4,334.7,341.55,336.5,337.7,336.5,2967640,337.65,337.65,336.5,1002062371.0,1002062371.0,1002062371.0,,3,SUR,-0.85,
TQBR,2016-07-14,Роснефть,ROSN,10466,1120787620.5,336.0,330.65,337.9,336.5,333.35,336.5,3362330,333.35,333.35,336.5,1120787620.5,1120787620.5,1120787620.5,,3,SUR,0.0,
TQBR,2016-07-15,Роснефть,ROSN,8419,762208562.5,335.9,332.3,336.35,335.0,334.35,335.0,2279620,334.35,334.35,335.0,762208562.5,762208562.5,762208562.5,,3,SUR,-0.45,
TQBR,2016-07-18,Роснефть,ROSN,8588,791839394.0,335.0,327.85,335.6,333.7,331.85,333.7,2386310,331.85,331.85,333.7,791839394.0,791839394.0,791839394.0,,3,SUR,-0.39,
TQBR,2016-07-19,Роснефть,ROSN,10566,921574368.5,332.7,327.05,334.95,329.5,330.35,329.5,2789850,330.35,330.35,329.5,921574368.5,921574368.5,921574368.5,,3,SUR,-1.26,
TQBR,2016-07-20,Роснефть,ROSN,8960,889256482.5,329.5,325.05,331.85,329.05,328.0,329.05,2711310,328.0,328.0,329.05,889256482.5,889256482.5,889256482.5,,3,SUR,-0.14,
TQBR,2016-07-21,Роснефть,ROSN,6307,557438235.0,330.4,328.95,334.4,334.3,332.05,334.3,1678890,332.05,332.05,334.3,557438235.0,557438235.0,557438235.0,,3,SUR,1.6,
TQBR,2016-07-22,Роснефть,ROSN,7633,522308857.0,332.35,331.6,335.65,334.3,334.2,334.3,1562910,334.2,334.2,334.3,522308857.0,522308857.0,522308857.0,,3,SUR,0.0,
TQBR,2016-07-25,Роснефть,ROSN,6196,418821332.5,334.6,332.0,335.5,334.0,333.75,334.0,1254970,333.75,333.75,334.0,418821332.5,418821332.5,418821332.5,,3,SUR,-0.09,
TQBR,2016-07-26,Роснефть,ROSN,12699,784582899.0,333.5,327.5,334.45,330.0,330.05,330.0,2377280,330.05,330.05,330.0,784582899.0,784582899.0,784582899.0,,3,SUR,-1.2,
TQBR,2016-07-27,Роснефть,ROSN,9770,758889889.5,329.0,325.5,330.95,329.9,328.15,329.9,2312600,328.15,328.15,329.9,758889889.5,758889889.5,758889889.5,,3,SUR,-0.03,
TQBR,2016-07-28,Роснефть,ROSN,10395,791760247.0,329.0,327.15,335.75,334.0,332.05,334.0,2384650,332.0,332.0,334.0,791760247.0,791760247.0,791760247.0,,3,SUR,1.24,
TQBR,2016-07-29,Роснефть,ROSN,15214,1181589287.5,333.1,323.2,334.0,325.5,327.1,325.5,3612100,327.1,327.1,325.5,1181589287.5,1181589287.5,1181589287.5,,3,SUR,-2.54,
TQBR,2016-08-01,Роснефть,ROSN,8060,576394518.5,326.5,323.6,329.25,325.6,326.45,325.6,1765600,326.45,326.45,325.6,576394518.5,576394518.5,576394518.5,,3,SUR,0.03,
TQBR,2016-08-02,Роснефть,ROSN,11786,757235121.0,324.0,316.15,324.9,317.35,320.0,317.35,2366480,320.0,320.0,317.35,757235121.0,757235121.0,757235121.0,,3,SUR,-2.53,
TQBR,2016-08-03,Роснефть,ROSN,12205,1116179979.5,316.8,316.8,324.0,323.25,320.15,323.25,3486470,320.15,320.15,323.25,1116179979.5,1116179979.5,1116179979.5,,3,SUR,1.86,
TQBR,2016-08-04,Роснефть,ROSN,10893,968716925.0,324.3,323.6,329.3,329.0,326.6,329.0,2966280,326.6,326.6,329.0,968716925.0,968716925.0,968716925.0,,3,SUR,1.78,
TQBR,2016-08-05,Роснефть,ROSN,8079,610635600.5,329.1,325.5,330.55,329.9,327.9,329.9,1862230,327.9,327.9,329.9,610635600.5,610635600.5,610635600.5,,3,SUR,0.27,
TQBR,2016-08-08,Роснефть,ROSN,6477,498536936.5,330.2,328.75,332.8,329.0,330.95,329.0,1506100,331.0,331.0,329.0,498536936.5,498536936.5,498536936.5,,3,SUR,-0.27,
TQBR,2016-08-09,Роснефть,ROSN,6746,593370624.0,329.1,327.15,331.25,329.9,328.9,329.9,1804110,328.9,328.9,329.9,593370624.0,593370624.0,593370624.0,,3,SUR,0.27,
TQBR,2016-08-10,Роснефть,ROSN,7480,670245644.5,328.0,323.6,328.4,326.6,326.1,326.6,2055220,326.1,326.1,326.6,670245644.5,670245644.5,670245644.5,,3,SUR,-1.0,
TQBR,2016-08-11,Роснефть,ROSN,8458,686010916.0,324.55,321.1,326.6,325.05,323.6,325.05,2119910,323.6,323.6,325.05,686010916.0,686010916.0,686010916.0,,3,SUR,-0.47,
TQBR,2016-08-12,Роснефть,ROSN,7861,691645201.5,326.0,326.0,331.4,330.85,329.2,330.85,2101090,329.2,329.2,330.85,691645201.5,691645201.5,691645201.5,,3,SUR,1.78,
TQBR,2016-08-15,Роснефть,ROSN,16002,1703462180.5,330.3,329.8,340.0,339.0,336.3,339.0,5065590,336.3,336.3,339.0,1703462180.5,1703462180.5,1703462180.5,,3,SUR,2.46,
TQBR,2016-08-16,Роснефть,ROSN,10331,1365867138.0,338.9,337.45,343.9,343.5,341.6,343.5,3998300,341.6,341.6,343.5,1365867138.0,1365867138.0,1365867138.0,,3,SUR,1.33,
TQBR,2016-08-17,Роснефть,ROSN,9094,972776231.5,342.5,339.1,345.9,345.55,342.85,345.55,2837380,342.85,342.85,345.55,972776231.5,972776231.5,972776231.5,,3,SUR,0.6,
TQBR,2016-08-18,Роснефть,ROSN,10634,1283678747.5,346.2,344.0,352.3,351.85,348.25,351.85,3686160,348.25,348.25,351.85,1283678747.5,1283678747.5,1283678747.5,,3,SUR,1.82,
TQBR,2016-08-19,Роснефть,ROSN,10407,1253242607.5,352.7,349.0,353.55,349.05,350.95,349.05,3571090,350.95,350.95,349.05,1253242607.5,1253242607.5,1253242607.5,,3,SUR,-0.8,
TQBR,2016-08-22,Роснефть,ROSN,8670,991147349.5,348.0,345.5,352.0,351.75,348.05,351.75,2847710,348.05,348.05,351.75,991147349.5,991147349.5,991147349.5,,3,SUR,0.77,
TQBR,2016-08-23,Роснефть,ROSN,7112,706324658.0,351.8,348.6,352.0,351.0,350.5,351.0,2015120,350.5,350.5,351.0,706324658.0,706324658.0,706324658.0,,3,SUR,-0.21,
TQBR,2016-08-24,Роснефть,ROSN,4525,432166046.0,349.5,346.85,350.5,350.2,348.45,350.2,1240280,348.45,348.45,350.2,432166046.0,432166046.0,432166046.0,,3,SUR,-0.23,
TQBR,2016-08-25,Роснефть,ROSN,9231,908853817.0,350.0,345.0,350.25,348.2,347.05,348.2,2618790,347.05,347.05,348.2,908853817.0,908853817.0,908853817.0,,3,SUR,-0.57,
TQBR,2016-08-26,Роснефть,ROSN,7839,788138629.0,348.4,345.55,352.25,350.55,348.55,350.55,2261380,348.5,348.5,350.55,788138629.0,788138629.0,788138629.0,,3,SUR,0.67,
TQBR,2016-08-29,Роснефть,ROSN,5311,372007764.5,348.4,346.0,351.0,350.6,348.05,350.6,1068890,348.05,348.05,350.6,372007764.5,372007764.5,372007764.5,,3,SUR,0.01,
TQBR,2016-08-30,Роснефть,ROSN,5639,475189646.0,350.5,347.6,352.5,348.0,350.15,348.0,1356910,350.2,350.2,348.0,475189646.0,475189646.0,475189646.0,,3,SUR,-0.74,
TQBR,2016-08-31,Роснефть,ROSN,12402,935425928.0,347.6,341.55,348.5,344.7,344.35,344.7,2719050,344.05,344.05,344.7,935425928.0,935425928.0,935425928.0,,3,SUR,-0.95,
TQBR,2016-09-01,Роснефть,ROSN,10432,1049455087.5,344.85,338.5,344.85,341.3,340.4,341.3,3083320,340.35,340.35,341.3,1049455087.5,1049455087.5,1049455087.5,,3,SUR,-0.99,
TQBR,2016-09-02,Роснефть,ROSN,14367,1738648815.0,341.9,340.6,351.45,349.9,347.95,349.9,4996840,347.95,347.95,349.9,1738648815.0,1738648815.0,1738648815.0,,3,SUR,2.52,
TQBR,2016-09-05,Роснефть,ROSN,12300,1467687730.5,352.0,350.0,357.8,353.6,353.7,353.6,4149430,353.7,353.7,353.6,1467687730.5,1467687730.5,1467687730.5,,3,SUR,1.06,
TQBR,2016-09-06,Роснефть,ROSN,9112,1027473141.0,354.15,351.65,358.3,358.0,355.7,358.0,2888460,355.7,355.7,358.0,1027473141.0,1027473141.0,1027473141.0,,3,SUR,1.24,
TQBR,2016-09-07,Роснефть,ROSN,10818,1288191574.5,357.6,357.6,364.55,364.0,362.4,364.0,3554500,362.4,362.4,364.0,1288191574.5,1288191574.5,1288191574.5,,3,SUR,1.68,
TQBR,2016-09-08,Роснефть,ROSN,8207,1221629453.5,365.95,361.45,366.6,364.75,363.75,364.75,3358020,363.8,363.8,364.75,1221629453.5,1221629453.5,1221629453.5,,3,SUR,0.21,
TQBR,2016-09-09,Роснефть,ROSN,6828,954887524.5,363.0,360.05,364.35,362.4,362.4,362.4,2635070,362.4,362.4,362.4,954887524.5,954887524.5,954887524.5,,3,SUR,-0.64,
TQBR,2016-09-12,Роснефть,ROSN,9904,1359901936.0,358.45,358.45,369.3,367.0,363.25,367.0,3743280,363.3,363.3,367.0,1359901936.0,1359901936.0,1359901936.0,,3,SUR,1.27,
TQBR,2016-09-13,Роснефть,ROSN,8919,1264605647.0,366.65,362.75,370.25,363.9,365.4,363.9,3460400,365.45,365.45,363.9,1264605647.0,1264605647.0,1264605647.0,,3,SUR,-0.84,
TQBR,2016-09-14,Роснефть,ROSN,9106,1223598813.0,365.5,362.45,367.8,367.15,365.8,367.15,3345070,365.8,365.8,367.15,1223598813.0,1223598813.0,1223598813.0,,3,SUR,0.89,
TQBR,2016-09-15,Роснефть,ROSN,12855,1716623507.5,366.15,363.5,370.8,367.9,366.8,367.9,4679980,366.8,366.8,367.9,1716623507.5,1716623507.5,1716623507.5,,3,SUR,0.2,
TQBR,2016-09-16,Роснефть,ROSN,11306,1640667453.5,368.55,358.95,368.7,360.85,363.1,360.85,4518470,363.1,363.1,360.85,1640667453.5,1640667453.5,1640667453.5,,3,SUR,-1.92,
TQBR,2016-09-19,Роснефть,ROSN,10719,1151413132.5,361.45,355.05,363.7,361.2,359.5,361.2,3202910,359.5,359.5,361.2,1151413132.5,1151413132.5,1151413132.5,,3,SUR,0.1,
TQBR,2016-09-20,Роснефть,ROSN,8114,895859703.5,360.5,354.0,360.65,358.8,356.65,358.8,2511930,356.65,356.65,358.8,895859703.5,895859703.5,895859703.5,,3,SUR,-0.66,
TQBR,2016-09-21,Роснефть,ROSN,6255,823241554.5,359.5,355.1,362.15,360.0,358.1,360.0,2298880,358.1,358.1,360.0,823241554.5,823241554.5,823241554.5,,3,SUR,0.33,
TQBR,2016-09-22,Роснефть,ROSN,11396,1165910957.0,361.1,357.05,362.4,360.45,359.55,360.45,3242450,359.6,359.6,360.45,1165910957.0,1165910957.0,1165910957.0,,3,SUR,0.12,
TQBR,2016-09-23,Роснефть,ROSN,8732,1131137071.5,359.45,353.05,360.05,356.05,355.5,356.05,3181650,355.5,355.5,356.05,1131137071.5,1131137071.5,1131137071.5,,3,SUR,-1.22,
TQBR,2016-09-26,Роснефть,ROSN,7377,726233251.5,355.55,348.6,355.6,350.35,351.3,350.35,2067220,351.3,351.3,350.35,726233251.5,726233251.5,726233251.5,,3,SUR,-1.6,
TQBR,2016-09-27,Роснефть,ROSN,20382,2135687711.5,350.7,339.3,350.75,341.0,343.05,341.0,6224820,343.1,343.1,341.0,2135687711.5,2135687711.5,2135687711.5,,3,SUR,-2.67,
TQBR,2016-09-28,Роснефть,ROSN,10655,1327184402.0,340.0,337.75,345.85,341.3,341.8,341.3,3883880,341.7,341.7,341.3,1327184402.0,1327184402.0,1327184402.0,,3,SUR,0.09,
TQBR,2016-09-29,Роснефть,ROSN,9801,1032525221.0,347.0,346.25,351.1,349.2,349.4,349.2,2954970,349.4,349.4,349.2,1032525221.0,1032525221.0,1032525221.0,,3,SUR,2.31,
TQBR,2016-09-30,Роснефть,ROSN,10731,1312160264.0,346.7,342.8,352.35,342.8,347.0,342.8,3781200,347.0,347.0,342.8,1312160264.0,1312160264.0,1312160264.0,,3,SUR,-1.83,
TQBR,2016-10-03,Роснефть,ROSN,10924,1267489271.5,345.0,344.15,352.7,346.0,348.3,346.0,3639160,348.3,348.3,346.0,1267489271.5,1267489271.5,1267489271.5,,3,SUR,0.93,
TQBR,2016-10-04,Роснефть,ROSN,8522,941506182.5,346.25,342.9,349.3,346.6,345.95,346.6,2721510,345.95,345.95,346.6,941506182.5,941506182.5,941506182.5,,3,SUR,0.17,
TQBR,2016-10-05,Роснефть,ROSN,17396,2297825151.0,346.5,336.55,347.15,341.7,340.6,341.7,6746490,340.6,340.6,341.7,2297825151.0,2297825151.0,2297825151.0,,3,SUR,-1.41,
TQBR,2016-10-06,Роснефть,ROSN,8201,978474939.0,341.0,337.05,344.0,343.4,340.85,343.4,2870670,340.85,340.85,343.4,978474939.0,978474939.0,978474939.0,,3,SUR,0.5,
TQBR,2016-10-07,Роснефть,ROSN,8330,969005213.5,341.4,339.0,345.05,341.5,340.85,341.5,2842740,340.85,340.85,341.5,969005213.5,969005213.5,969005213.5,,3,SUR,-0.55,
TQBR,2016-10-10,Роснефть,ROSN,17649,2389564681.5,341.9,339.75,361.3,361.0,353.2,361.0,6765250,353.2,353.2,361.0,2389564681.5,2389564681.5,2389564681.5,,3,SUR,5.71,
TQBR,2016-10-11,Роснефть,ROSN,14326,2193517131.0,362.0,359.25,367.5,362.05,362.8,362.05,6045780,362.8,362.8,362.05,2193517131.0,2193517131.0,2193517131.0,,3,SUR,0.29,
TQBR,2016-10-12,Роснефть,ROSN,11540,1511517290.0,362.0,360.25,366.9,363.15,364.35,363.15,4148590,364.35,364.35,363.15,1511517290.0,1511517290.0,1511517290.0,,3,SUR,0.3,
TQBR,2016-10-13,Роснефть,ROSN,9234,1337594855.0,362.35,358.0,365.7,359.4,360.7,359.4,3708120,360.7,360.7,359.4,1337594855.0,1337594855.0,1337594855.0,,3,SUR,-1.03,
TQBR,2016-10-14,Роснефть,ROSN,13862,1483564857.0,360.0,349.3,361.45,353.85,353.9,353.85,4191840,353.9,353.9,353.85,1483564857.0,1483564857.0,1483564857.0,,3,SUR,-1.54,
TQBR,2016-10-17,Роснефть,ROSN,14939,1592161616.0,351.0,345.2,353.95,348.0,348.0,348.0,4576530,347.9,347.9,348.0,1592161616.0,1592161616.0,1592161616.0,,3,SUR,-1.65,
TQBR,2016-10-18,Роснефть,ROSN,9475,1077217564.0,350.6,344.2,350.6,345.75,347.05,345.75,3103900,347.05,347.05,345.75,1077217564.0,1077217564.0,1077217564.0,,3,SUR,-0.65,
TQBR,2016-10-19,Роснефть,ROSN,7133,586857369.5,347.75,343.6,347.75,345.1,345.35,345.1,1699300,345.35,345.35,345.1,586857369.5,586857369.5,586857369.5,,3,SUR,-0.19,
TQBR,2016-10-20,Роснефть,ROSN,5472,628063859.5,345.5,342.05,345.5,342.8,343.4,342.8,1828730,343.45,343.45,342.8,628063859.5,628063859.5,628063859.5,,3,SUR,-0.67,
TQBR,2016-10-21,Роснефть,ROSN,5342,592003881.0,343.7,341.6,345.15,344.3,343.4,344.3,1723910,343.4,343.4,344.3,592003881.0,592003881.0,592003881.0,,3,SUR,0.44,
TQBR,2016-10-24,Роснефть,ROSN,8072,902971935.5,345.3,344.3,348.9,347.75,347.2,347.75,2600930,347.15,347.15,347.75,902971935.5,902971935.5,902971935.5,,3,SUR,1.0,
TQBR,2016-10-25,Роснефть,ROSN,8821,779025513.5,347.75,345.25,351.0,348.7,348.55,348.7,2235050,348.55,348.55,348.7,779025513.5,779025513.5,779025513.5,,3,SUR,0.27,
TQBR,2016-10-26,Роснефть,ROSN,6994,633419327.0,348.65,345.0,348.85,347.6,346.75,347.6,1826580,346.8,346.8,347.6,633419327.0,633419327.0,633419327.0,,3,SUR,-0.32,
TQBR,2016-10-27,Роснефть,ROSN,8877,822742332.0,347.0,342.15,348.35,346.7,345.4,346.7,2381850,345.4,345.4,346.7,822742332.0,822742332.0,822742332.0,,3,SUR,-0.26,
TQBR,2016-10-28,Роснефть,ROSN,6127,535555682.5,346.7,346.3,351.0,349.9,349.15,349.9,1533920,349.15,349.15,349.9,535555682.5,535555682.5,535555682.5,,3,SUR,0.92,
TQBR,2016-10-31,Роснефть,ROSN,7119,650356556.0,349.7,345.35,350.05,347.65,347.35,347.65,1872470,347.35,347.35,347.65,650356556.0,650356556.0,650356556.0,,3,SUR,-0.64,
TQBR,2016-11-01,Роснефть,ROSN,7864,931950738.0,348.25,347.7,355.7,354.8,351.75,354.8,2649730,351.7,351.7,354.8,931950738.0,931950738.0,931950738.0,,3,SUR,2.06,
TQBR,2016-11-02,Роснефть,ROSN,12955,1595480506.5,355.0,347.05,360.45,348.15,355.1,348.15,4492810,355.1,355.1,348.15,1595480506.5,1595480506.5,1595480506.5,,3,SUR,-1.87,
TQBR,2016-11-03,Роснефть,ROSN,9570,1114822578.5,350.3,341.3,350.3,342.0,344.45,342.0,3236300,344.45,344.45,342.0,1114822578.5,1114822578.5,1114822578.5,,3,SUR,-1.77,
TQBR,2016-11-07,Роснефть,ROSN,11548,1044574562.0,343.6,340.2,345.5,341.0,342.4,341.0,3050930,342.4,342.4,341.0,1044574562.0,1044574562.0,1044574562.0,,3,SUR,-0.29,
TQBR,2016-11-08,Роснефть,ROSN,7237,621552200.5,341.15,339.2,344.6,340.5,341.75,340.5,1818680,341.75,341.75,340.5,621552200.5,621552200.5,621552200.5,,3,SUR,-0.15,
TQBR,2016-11-09,Роснефть,ROSN,13729,1266509310.0,336.05,336.05,348.5,347.6,344.45,347.6,3676690,344.45,344.45,347.6,1266509310.0,1266509310.0,1266509310.0,,3,SUR,2.09,
TQBR,2016-11-10,Роснефть,ROSN,15741,1907300298.0,348.8,346.0,358.0,351.05,353.95,351.05,5388640,353.95,353.95,351.05,1907300298.0,1907300298.0,1907300298.0,,3,SUR,0.99,
TQBR,2016-11-11,Роснефть,ROSN,10169,1083580341.0,351.05,342.1,353.05,342.1,347.1,342.1,3120980,347.2,347.2,342.1,1083580341.0,1083580341.0,1083580341.0,,3,SUR,-2.55,
TQBR,2016-11-14,Роснефть,ROSN,10765,1049862101.5,343.5,337.0,345.6,337.7,339.65,337.7,3090840,339.65,339.65,337.7,1049862101.5,1049862101.5,1049862101.5,,3,SUR,-1.29,
TQBR,2016-11-15,Роснефть,ROSN,14845,1505931935.0,337.0,333.1,342.3,338.0,338.05,338.0,4454260,338.1,338.1,338.0,1505931935.0,1505931935.0,1505931935.0,,3,SUR,0.09,
TQBR,2016-11-16,Роснефть,ROSN,22807,1712871231.5,341.45,338.05,345.6,339.25,342.25,339.25,5004850,342.25,342.25,339.25,1712871231.5,1712871231.5,1712871231.5,,3,SUR,0.37,
TQBR,2016-11-17,Роснефть,ROSN,11557,1251873274.0,339.0,336.85,342.9,338.15,339.95,338.15,3682480,339.95,339.95,338.15,1251873274.0,1251873274.0,1251873274.0,,3,SUR,-0.32,
TQBR,2016-11-18,Роснефть,ROSN,9412,908872227.5,338.05,336.75,340.8,337.0,338.05,337.0,2688040,338.1,338.1,337.0,908872227.5,908872227.5,908872227.5,,3,SUR,-0.34,
TQBR,2016-11-21,Роснефть,ROSN,11577,1217719258.0,339.0,338.45,343.9,340.55,340.8,340.55,3572860,340.8,340.8,340.55,1217719258.0,1217719258.0,1217719258.0,,3,SUR,1.05,
TQBR,2016-11-22,Роснефть,ROSN,7374,755724539.5,341.65,340.65,343.4,341.8,342.05,341.8,2209350,342.05,342.05,341.8,755724539.5,755724539.5,755724539.5,,3,SUR,0.37,
TQBR,2016-11-23,Роснефть,ROSN,9219,1109429436.0,341.05,341.05,347.45,347.45,345.6,347.45,3210400,345.55,345.55,347.45,1109429436.0,1109429436.0,1109429436.0,,3,SUR,1.65,
TQBR,2016-11-24,Роснефть,ROSN,7552,802638883.5,347.15,345.35,349.9,346.55,347.8,346.55,2307630,347.8,347.8,346.55,802638883.5,802638883.5,802638883.5,,3,SUR,-0.26,
TQBR,2016-11-25,Роснефть,ROSN,7500,744065795.0,345.5,340.3,346.45,341.5,342.95,341.5,2169430,343.0,343.0,341.5,744065795.0,744065795.0,744065795.0,,3,SUR,-1.46,
TQBR,2016-11-28,Роснефть,ROSN,13818,1526874517.0,340.55,334.5,342.15,336.6,336.5,336.6,4537790,336.5,336.5,336.6,1526874517.0,1526874517.0,1526874517.0,,3,SUR,-1.43,
TQBR,2016-11-29,Роснефть,ROSN,8258,860742398.5,337.55,335.15,339.2,336.75,336.7,336.75,2556460,336.7,336.7,336.75,860742398.5,860742398.5,860742398.5,,3,SUR,0.04,
TQBR,2016-11-30,Роснефть,ROSN,21233,2446824302.5,337.6,336.15,344.85,340.2,341.1,340.2,7174340,341.05,341.05,340.2,2446824302.5,2446824302.5,2446824302.5,,3,SUR,1.02,
TQBR,2016-12-01,Роснефть,ROSN,13622,2058567987.5,344.2,338.35,345.35,338.5,342.35,338.5,6013090,342.35,342.35,338.5,2058567987.5,2058567987.5,2058567987.5,,3,SUR,-0.5,
TQBR,2016-12-02,Роснефть,ROSN,11350,1485872585.0,338.65,336.25,342.4,340.0,339.7,340.0,4374070,339.7,339.7,340.0,1485872585.0,1485872585.0,1485872585.0,,3,SUR,0.44,
TQBR,2016-12-05,Роснефть,ROSN,20292,2581516600.5,339.95,339.75,353.0,351.5,348.55,351.5,7400880,348.8,348.8,351.5,2581516600.5,2581516600.5,2581516600.5,,3,SUR,3.38,
TQBR,2016-12-06,Роснефть,ROSN,16563,3614891407.5,352.75,349.5,358.0,352.65,354.7,352.65,10190360,354.75,354.75,352.65,3614891407.5,3614891407.5,3614891407.5,,3,SUR,0.33,
TQBR,2016-12-07,Роснефть,ROSN,13949,1550590384.0,352.0,349.3,356.85,356.25,353.8,356.25,4382830,353.8,353.8,356.25,1550590384.0,1550590384.0,1550590384.0,,3,SUR,1.02,
TQBR,2016-12-08,Роснефть,ROSN,45227,9745410211.0,373.75,366.7,380.95,375.85,375.8,375.85,25930980,375.8,375.8,375.85,9745410211.0,9745410211.0,9745410211.0,,3,SUR,5.5,
TQBR,2016-12-09,Роснефть,ROSN,15002,2713237786.5,376.8,368.25,379.2,370.8,372.6,370.8,7281500,372.6,372.6,370.8,2713237786.5,2713237786.5,2713237786.5,,3,SUR,-1.34,
TQBR,2016-12-12,Роснефть,ROSN,26551,4396819877.0,376.6,372.3,388.15,388.15,378.9,388.15,11604460,378.9,378.9,388.15,4396819877.0,4396819877.0,4396819877.0,,3,SUR,4.68,
TQBR,2016-12-13,Роснефть,ROSN,22173,3511391996.0,386.9,383.5,399.0,397.8,390.9,397.8,8982840,390.9,390.9,397.8,3511391996.0,3511391996.0,3511391996.0,,3,SUR,2.49,
TQBR,2016-12-14,Роснефть,ROSN,16502,2726371924.5,397.85,396.65,403.7,403.05,400.45,403.05,6808130,400.45,400.45,403.05,2726371924.5,2726371924.5,2726371924.5,,3,SUR,1.32,
TQBR,2016-12-15,Роснефть,ROSN,21160,3636671980.0,402.6,393.0,403.0,400.45,397.25,400.45,9154660,397.25,397.25,400.45,3636671980.0,3636671980.0,3636671980.0,,3,SUR,-0.65,
TQBR,2016-12-16,Роснефть,ROSN,18906,2767091225.0,400.0,400.0,414.75,410.5,407.7,410.5,6786460,407.75,407.75,410.5,2767091225.0,2767091225.0,2767091225.0,,3,SUR,2.51,
TQBR,2016-12-19,Роснефть,ROSN,11653,1359602345.0,409.25,401.15,414.9,402.6,406.35,402.6,3345780,406.35,406.35,402.6,1359602345.0,1359602345.0,1359602345.0,,3,SUR,-1.92,
TQBR,2016-12-20,Роснефть,ROSN,10265,1265186245.0,402.0,396.2,405.4,400.15,400.3,400.15,3160750,400.3,400.3,400.15,1265186245.0,1265186245.0,1265186245.0,,3,SUR,-0.61,
TQBR,2016-12-21,Роснефть,ROSN,9053,1172972642.5,402.0,398.0,405.35,399.65,400.55,399.65,2928440,400.55,400.55,399.65,1172972642.5,1172972642.5,1172972642.5,,3,SUR,-0.12,
TQBR,2016-12-22,Роснефть,ROSN,12217,1574697590.5,399.05,390.85,399.1,391.6,394.15,391.6,3995740,394.1,394.1,391.6,1574697590.5,1574697590.5,1574697590.5,,3,SUR,-2.01,
TQBR,2016-12-23,Роснефть,ROSN,12507,1456721854.5,391.0,379.0,394.0,382.85,384.7,382.85,3786880,384.7,384.7,382.85,1456721854.5,1456721854.5,1456721854.5,,3,SUR,-2.23,
TQBR,2016-12-26,Роснефть,ROSN,6591,631747726.5,385.0,382.1,391.95,388.65,387.25,388.65,1631410,387.25,387.25,388.65,631747726.5,631747726.5,631747726.5,,3,SUR,1.51,
TQBR,2016-12-27,Роснефть,ROSN,5594,785859444.5,388.65,388.65,398.0,398.0,393.55,398.0,1996810,393.55,393.55,398.0,785859444.5,785859444.5,785859444.5,,3,SUR,2.41,
TQBR,2016-12-28,Роснефть,ROSN,9748,1262496051.5,398.5,395.45,403.9,398.2,399.5,398.2,3160080,399.5,399.5,398.2,1262496051.5,1262496051.5,1262496051.5,,3,SUR,0.05,
TQBR,2016-12-29,Роснефть,ROSN,9990,1076854653.0,397.5,393.55,400.0,398.8,397.1,398.8,2711890,397.1,397.1,398.8,1076854653.0,1076854653.0,1076854653.0,,3,SUR,0.15,
TQBR,2016-12-30,Роснефть,ROSN,5559,786935664.0,399.0,396.0,403.0,402.8,400.1,402.8,1966910,400.1,400.1,402.8,786935664.0,786935664.0,786935664.0,,3,SUR,1.0,
TQBR,2017-01-03,Роснефть,ROSN,16039,2474343597.0,405.0,403.6,425.7,419.5,419.65,419.5,5896360,419.65,419.65,419.5,2474343597.0,2474343597.0,2474343597.0,,3,SUR,4.15,
TQBR,2017-01-04,Роснефть,ROSN,12917,1706317070.0,419.0,403.7,420.0,406.4,409.95,406.4,4162160,409.95,409.95,406.4,1706317070.0,1706317070.0,1706317070.0,,3,SUR,-3.12,
TQBR,2017-01-05,Роснефть,ROSN,15614,1939821568.0,407.5,396.6,411.5,399.0,401.85,399.0,4827200,401.85,401.85,399.0,1939821568.0,1939821568.0,1939821568.0,,3,SUR,-1.82,
TQBR,2017-01-06,Роснефть,ROSN,11426,1440909199.5,399.0,390.15,399.75,392.5,393.7,392.5,3659820,393.7,393.7,392.5,1440909199.5,1440909199.5,1440909199.5,,3,SUR,-1.63,
TQBR,2017-01-09,Роснефть,ROSN,13095,1757870616.0,393.05,390.25,395.95,394.0,392.45,394.0,4478920,392.5,392.5,394.0,1757870616.0,1757870616.0,1757870616.0,,3,SUR,0.38,
TQBR,2017-01-10,Роснефть,ROSN,13201,1495087607.5,392.1,392.1,405.75,404.4,400.25,404.4,3735360,400.25,400.25,404.4,1495087607.5,1495087607.5,1495087607.5,,3,SUR,2.64,
TQBR,2017-01-11,Роснефть,ROSN,14369,2481007159.0,402.65,392.0,404.45,397.5,397.9,397.5,6234340,397.95,397.95,397.5,2481007159.0,2481007159.0,2481007159.0,,3,SUR,-1.71,
TQBR,2017-01-12,Роснефть,ROSN,12043,1987298789.0,400.45,390.45,400.65,390.95,392.9,390.95,5057270,392.95,392.95,390.95,1987298789.0,1987298789.0,1987298789.0,,3,SUR,-1.65,
TQBR,2017-01-13,Роснефть,ROSN,17082,2067159714.5,392.0,383.1,394.95,388.0,388.15,388.0,5325430,388.15,388.15,388.0,2067159714.5,2067159714.5,2067159714.5,,3,SUR,-0.75,
TQBR,2017-01-16,Роснефть,ROSN,10039,1132447617.0,388.0,382.0,395.5,392.2,391.25,392.2,2894390,391.25,391.25,392.2,1132447617.0,1132447617.0,1132447617.0,,3,SUR,1.08,
TQBR,2017-01-17,Роснефть,ROSN,9733,1453671870.5,393.4,385.85,394.4,391.7,389.5,391.7,3732920,389.4,389.4,391.7,1453671870.5,1453671870.5,1453671870.5,,3,SUR,-0.13,
TQBR,2017-01-18,Роснефть,ROSN,9421,1688401330.0,392.0,385.65,394.9,387.0,388.65,387.0,4342920,388.75,388.75,387.0,1688401330.0,1688401330.0,1688401330.0,,3,SUR,-1.2,
TQBR,2017-01-19,Роснефть,ROSN,17197,2165963526.5,388.0,374.1,389.25,380.75,379.5,380.75,5709260,379.4,379.4,380.75,2165963526.5,2165963526.5,2165963526.5,,3,SUR,-1.61,
TQBR,2017-01-20,Роснефть,ROSN,13157,1624409907.5,380.55,374.1,390.75,387.5,383.4,387.5,4238610,383.25,383.25,387.5,1624409907.5,1624409907.5,1624409907.5,,3,SUR,1.77,
TQBR,2017-01-23,Роснефть,ROSN,10535,1373274757.5,387.95,381.85,392.0,390.2,387.8,390.2,3541010,387.8,387.8,390.2,1373274757.5,1373274757.5,1373274757.5,,3,SUR,0.7,
TQBR,2017-01-24,Роснефть,ROSN,8835,1179634913.0,391.65,386.25,392.65,388.15,389.2,388.15,3030870,389.2,389.2,388.15,1179634913.0,1179634913.0,1179634913.0,,3,SUR,-0.53,
TQBR,2017-01-25,Роснефть,ROSN,12328,1626481297.5,389.5,381.0,390.55,383.7,383.95,383.7,4236230,383.95,383.95,383.7,1626481297.5,1626481297.5,1626481297.5,,3,SUR,-1.15,
TQBR,2017-01-26,Роснефть,ROSN,16903,1984102317.5,384.0,384.0,391.7,389.0,388.7,389.0,5104430,388.7,388.7,389.0,1984102317.5,1984102317.5,1984102317.5,,3,SUR,1.38,
TQBR,2017-01-27,Роснефть,ROSN,23004,3517595406.5,389.0,387.75,402.0,402.0,396.0,402.0,8883070,396.0,396.0,402.0,3517595406.5,3517595406.5,3517595406.5,,3,SUR,3.34,
TQBR,2017-01-30,Роснефть,ROSN,9051,948619370.5,403.0,395.05,403.0,399.0,398.1,399.0,2382850,398.1,398.1,399.0,948619370.5,948619370.5,948619370.5,,3,SUR,-0.75,
TQBR,2017-01-31,Роснефть,ROSN,9467,1366513658.5,398.0,396.6,401.45,400.6,399.1,400.6,3424030,399.1,399.1,400.6,1366513658.5,1366513658.5,1366513658.5,,3,SUR,0.4,
TQBR,2017-02-01,Роснефть,ROSN,8938,1468077309.0,400.6,397.6,401.5,401.5,399.4,401.5,3676070,399.35,399.35,401.5,1468077309.0,1468077309.0,1468077309.0,,3,SUR,0.22,
TQBR,2017-02-02,Роснефть,ROSN,13760,2080295105.0,401.75,396.6,404.85,397.3,399.85,397.3,5201720,399.9,399.9,397.3,2080295105.0,2080295105.0,2080295105.0,,3,SUR,-1.05,
TQBR,2017-02-03,Роснефть,ROSN,6288,875991210.0,398.25,396.5,400.0,397.85,397.8,397.85,2202140,397.8,397.8,397.85,875991210.0,875991210.0,875991210.0,,3,SUR,0.14,
TQBR,2017-02-06,Роснефть,ROSN,10873,1342964386.0,399.95,390.85,400.5,394.0,394.6,394.0,3404130,394.5,394.5,394.0,1342964386.0,1342964386.0,1342964386.0,,3,SUR,-0.97,
TQBR,2017-02-07,Роснефть,ROSN,9235,1220363550.5,394.0,386.65,394.6,389.7,389.2,389.7,3135520,389.2,389.2,389.7,1220363550.5,1220363550.5,1220363550.5,,3,SUR,-1.09,
TQBR,2017-02-08,Роснефть,ROSN,22862,2570398133.0,387.95,375.3,389.6,378.05,379.5,378.05,6771980,379.55,379.55,378.05,2570398133.0,2570398133.0,2570398133.0,,3,SUR,-2.99,
TQBR,2017-02-09,Роснефть,ROSN,11821,1164113940.5,378.1,375.0,380.3,379.8,377.7,379.8,3082060,377.7,377.7,379.8,1164113940.5,1164113940.5,1164113940.5,,3,SUR,0.46,
TQBR,2017-02-10,Роснефть,ROSN,10151,1392052560.5,380.5,376.05,383.5,377.6,379.45,377.6,3668820,379.45,379.45,377.6,1392052560.5,1392052560.5,1392052560.5,,3,SUR,-0.58,
TQBR,2017-02-13,Роснефть,ROSN,9025,1684300174.0,377.0,376.25,382.3,379.0,379.2,379.0,4441580,379.2,379.2,379.0,1684300174.0,1684300174.0,1684300174.0,,3,SUR,0.37,
TQBR,2017-02-14,Роснефть,ROSN,16590,2050812154.0,378.0,367.85,380.25,369.85,372.35,369.85,5507680,372.35,372.35,369.85,2050812154.0,2050812154.0,2050812154.0,,3,SUR,-2.41,
TQBR,2017-02-15,Роснефть,ROSN,20188,2860087421.5,368.6,360.0,370.9,360.0,366.05,360.0,7813980,366.0,366.0,360.0,2860087421.5,2860087421.5,2860087421.5,,3,SUR,-2.66,
TQBR,2017-02-16,Роснефть,ROSN,14007,1751813460.5,360.1,356.45,363.65,362.0,360.1,362.0,4864620,360.1,360.1,362.0,1751813460.5,1751813460.5,1751813460.5,,3,SUR,0.56,
TQBR,2017-02-17,Роснефть,ROSN,18902,2040149561.0,362.5,352.75,364.65,354.0,356.6,354.0,5721230,356.6,356.6,354.0,2040149561.0,2040149561.0,2040149561.0,,3,SUR,-2.21,
TQBR,2017-02-20,Роснефть,ROSN,20683,2026806688.0,356.3,346.8,356.75,349.0,350.5,349.0,5782220,350.5,350.5,349.0,2026806688.0,2026806688.0,2026806688.0,,3,SUR,-1.41,
TQBR,2017-02-21,Роснефть,ROSN,15853,2033314782.5,349.9,347.1,356.5,354.0,351.8,354.0,5779640,351.8,351.8,354.0,2033314782.5,2033314782.5,2033314782.5,,3,SUR,1.43,
TQBR,2017-02-22,Роснефть,ROSN,12870,1755681889.5,355.05,345.55,356.7,347.0,350.5,347.0,5008940,350.5,350.5,347.0,1755681889.5,1755681889.5,1755681889.5,,3,SUR,-1.98,
TQBR,2017-02-24,Роснефть,ROSN,10395,1157598786.0,348.2,340.3,349.45,343.0,343.5,343.0,3370080,343.5,343.5,343.0,1157598786.0,1157598786.0,1157598786.0,,3,SUR,-1.15,
TQBR,2017-02-27,Роснефть,ROSN,23581,2830161577.0,345.0,330.4,345.0,331.05,335.7,331.05,8431200,335.7,335.7,331.05,2830161577.0,2830161577.0,2830161577.0,,3,SUR,-3.48,
TQBR,2017-02-28,Роснефть,ROSN,15495,1957893690.0,331.0,326.9,334.0,331.1,330.55,331.1,5923060,330.55,330.55,331.1,1957893690.0,1957893690.0,1957893690.0,,3,SUR,0.02,
TQBR,2017-03-01,Роснефть,ROSN,15431,2038078879.0,331.1,331.05,344.3,341.8,338.8,341.8,6015480,338.8,338.8,341.8,2038078879.0,2038078879.0,2038078879.0,,3,SUR,3.23,
TQBR,2017-03-02,Роснефть,ROSN,15893,2149157208.5,342.95,336.6,346.45,336.6,341.85,336.6,6287720,341.8,341.8,336.6,2149157208.5,2149157208.5,2149157208.5,,3,SUR,-1.52,
TQBR,2017-03-03,Роснефть,ROSN,9649,1235617716.0,336.0,333.1,342.0,336.5,336.7,336.5,3669640,336.7,336.7,336.5,1235617716.0,1235617716.0,1235617716.0,,3,SUR,-0.03,
TQBR,2017-03-06,Роснефть,ROSN,11954,1370037334.0,336.0,332.0,341.4,332.0,335.4,332.0,4084910,335.4,335.4,332.0,1370037334.0,1370037334.0,1370037334.0,,3,SUR,-1.34,
TQBR,2017-03-07,Роснефть,ROSN,16778,1925628148.5,332.8,323.75,334.65,329.1,328.5,329.1,5861710,328.5,328.5,329.1,1925628148.5,1925628148.5,1925628148.5,,3,SUR,-0.87,
TQBR,2017-03-09,Роснефть,ROSN,20178,2477700358.0,324.85,315.5,328.1,318.85,320.85,318.85,7722560,320.85,320.85,318.85,2477700358.0,2477700358.0,2477700358.0,,3,SUR,-3.11,
TQBR,2017-03-10,Роснефть,ROSN,16200,2141302099.0,319.45,312.35,322.55,315.0,316.55,315.0,6764560,316.55,316.55,315.0,2141302099.0,2141302099.0,2141302099.0,,3,SUR,-1.21,
TQBR,2017-03-13,Роснефть,ROSN,10707,1250696634.5,312.85,312.85,321.5,318.25,318.1,318.25,3931630,318.1,318.1,318.25,1250696634.5,1250696634.5,1250696634.5,,3,SUR,1.03,
TQBR,2017-03-14,Роснефть,ROSN,15500,1728578366.5,318.5,312.0,322.4,315.4,316.8,315.4,5456490,316.8,316.8,315.4,1728578366.5,1728578366.5,1728578366.5,,3,SUR,-0.9,
TQBR,2017-03-15,Роснефть,ROSN,12284,1442225356.0,316.8,313.5,320.05,314.7,316.55,314.7,4555720,316.55,316.55,314.7,1442225356.0,1442225356.0,1442225356.0,,3,SUR,-0.22,
TQBR,2017-03-16,Роснефть,ROSN,21671,2819680854.0,318.75,312.9,319.75,313.95,316.05,313.95,8922030,316.05,316.05,313.95,2819680854.0,2819680854.0,2819680854.0,,3,SUR,-0.24,
TQBR,2017-03-17,Роснефть,ROSN,19128,2553067969.5,313.95,313.0,320.2,314.45,315.85,314.45,8083440,315.85,315.85,314.45,2553067969.5,2553067969.5,2553067969.5,,3,SUR,0.16,
TQBR,2017-03-20,Роснефть,ROSN,17813,1765150090.5,315.4,309.3,317.0,311.15,312.25,311.15,5653340,312.25,312.25,311.15,1765150090.5,1765150090.5,1765150090.5,,3,SUR,-1.05,
TQBR,2017-03-21,Роснефть,ROSN,33454,3727344075.0,312.1,311.55,325.65,316.0,319.35,316.0,11681080,319.1,319.1,316.0,3727344075.0,3727344075.0,3727344075.0,,3,SUR,1.56,
TQBR,2017-03-22,Роснефть,ROSN,18675,2409035990.0,313.75,312.85,320.45,320.35,316.9,320.35,7601370,316.9,316.9,320.35,2409035990.0,2409035990.0,2409035990.0,,3,SUR,1.38,
TQBR,2017-03-23,Роснефть,ROSN,14138,1598031825.0,321.05,316.5,324.5,317.95,319.75,317.95,4999930,319.6,319.6,317.95,1598031825.0,1598031825.0,1598031825.0,,3,SUR,-0.75,
TQBR,2017-03-24,Роснефть,ROSN,10734,1125196886.0,318.0,314.6,319.8,315.65,316.9,315.65,3550490,316.9,316.9,315.65,1125196886.0,1125196886.0,1125196886.0,,3,SUR,-0.72,
TQBR,2017-03-27,Роснефть,ROSN,14782,1757118903.5,315.0,306.75,315.0,309.8,310.25,309.8,5663710,310.25,310.25,309.8,1757118903.5,1757118903.5,1757118903.5,,3,SUR,-1.85,
TQBR,2017-03-28,Роснефть,ROSN,10943,1280003597.5,311.5,308.45,315.4,314.6,312.5,314.6,4096250,312.5,312.5,314.6,1280003597.5,1280003597.5,1280003597.5,,3,SUR,1.55,
TQBR,2017-03-29,Роснефть,ROSN,17492,1819562260.5,315.55,314.1,322.2,322.2,318.55,322.2,5712250,318.55,318.55,322.2,1819562260.5,1819562260.5,1819562260.5,,3,SUR,2.42,
TQBR,2017-03-30,Роснефть,ROSN,19726,2452538022.5,322.0,321.55,329.0,328.7,326.4,328.7,7520120,326.15,326.15,328.7,2452538022.5,2452538022.5,2452538022.5,,3,SUR,2.02,
TQBR,2017-03-31,Роснефть,ROSN,12524,1441869972.5,327.2,323.1,328.9,323.5,324.5,323.5,4443250,324.5,324.5,323.5,1441869972.5,1441869972.5,1441869972.5,,3,SUR,-1.58,
TQBR,2017-04-03,Роснефть,ROSN,13428,1436151959.5,326.1,323.6,330.85,328.4,327.0,328.4,4376940,328.1,328.1,328.4,1436151959.5,1436151959.5,1436151959.5,,3,SUR,1.51,
TQBR,2017-04-04,Роснефть,ROSN,10053,1349966879.0,327.2,325.4,331.8,331.7,328.8,331.7,4104500,328.9,328.9,331.7,1349966879.0,1349966879.0,1349966879.0,,3,SUR,1.0,
TQBR,2017-04-05,Роснефть,ROSN,16213,1950822059.5,332.45,332.25,339.45,338.2,336.9,338.2,5789590,336.95,336.95,338.2,1950822059.5,1950822059.5,1950822059.5,,3,SUR,1.96,
TQBR,2017-04-06,Роснефть,ROSN,8986,1104906972.5,337.1,335.6,339.7,337.95,337.55,337.95,3272970,337.6,337.6,337.95,1104906972.5,1104906972.5,1104906972.5,,3,SUR,-0.07,
TQBR,2017-04-07,Роснефть,ROSN,18679,1995672708.5,336.85,330.0,337.4,335.95,332.95,335.95,5993680,332.95,332.95,335.95,1995672708.5,1995672708.5,1995672708.5,,3,SUR,-0.59,
TQBR,2017-04-10,Роснефть,ROSN,22291,2604482781.0,334.5,320.05,335.45,327.2,325.7,327.2,7996420,325.7,325.7,327.2,2604482781.0,2604482781.0,2604482781.0,,3,SUR,-2.6,
TQBR,2017-04-11,Роснефть,ROSN,13478,1578323545.0,326.0,325.85,334.15,330.5,330.5,330.5,4775500,330.5,330.5,330.5,1578323545.0,1578323545.0,1578323545.0,,3,SUR,1.01,
TQBR,2017-04-12,Роснефть,ROSN,11910,1355368714.5,331.3,325.0,333.95,325.1,329.1,325.1,4118590,329.1,329.1,325.1,1355368714.5,1355368714.5,1355368714.5,,3,SUR,-1.63,
TQBR,2017-04-13,Роснефть,ROSN,15107,1807889291.5,326.8,319.7,327.25,321.9,322.5,321.9,5606260,322.5,322.5,321.9,1807889291.5,1807889291.5,1807889291.5,,3,SUR,-0.98,
TQBR,2017-04-14,Роснефть,ROSN,5712,510663540.0,320.1,315.1,321.0,315.75,317.95,315.75,1606170,317.95,317.95,315.75,510663540.0,510663540.0,510663540.0,,3,SUR,-1.91,
TQBR,2017-04-17,Роснефть,ROSN,7655,799016514.0,315.0,314.6,324.25,323.25,321.0,323.25,2489170,321.0,321.0,323.25,799016514.0,799016514.0,799016514.0,,3,SUR,2.38,
TQBR,2017-04-18,Роснефть,ROSN,10657,1106372129.0,325.0,316.45,325.5,318.4,319.55,318.4,3462440,319.55,319.55,318.4,1106372129.0,1106372129.0,1106372129.0,,3,SUR,-1.5,
TQBR,2017-04-19,Роснефть,ROSN,13768,1458445293.5,318.4,315.0,322.5,315.05,318.2,315.05,4582060,318.3,318.3,315.05,1458445293.5,1458445293.5,1458445293.5,,3,SUR,-1.05,
TQBR,2017-04-20,Роснефть,ROSN,11645,1126631375.0,313.55,311.75,317.05,316.6,314.3,316.6,3584270,314.35,314.35,316.6,1126631375.0,1126631375.0,1126631375.0,,3,SUR,0.49,
TQBR,2017-04-21,Роснефть,ROSN,12351,1088865159.0,317.0,315.0,321.45,317.4,318.65,317.4,3417120,318.65,318.65,317.4,1088865159.0,1088865159.0,1088865159.0,,3,SUR,0.25,
TQBR,2017-04-24,Роснефть,ROSN,12781,1280314965.5,319.35,317.7,323.75,320.3,320.75,320.3,3991870,320.75,320.75,320.3,1280314965.5,1280314965.5,1280314965.5,,3,SUR,0.91,
TQBR,2017-04-25,Роснефть,ROSN,10876,1004528302.5,321.4,317.35,321.95,320.15,319.9,320.15,3139970,319.9,319.9,320.15,1004528302.5,1004528302.5,1004528302.5,,3,SUR,-0.05,
TQBR,2017-04-26,Роснефть,ROSN,13394,1436046634.0,321.9,320.0,328.2,326.05,324.1,326.05,4430940,324.1,324.1,326.05,1436046634.0,1436046634.0,1436046634.0,,3,SUR,1.84,
TQBR,2017-04-27,Роснефть,ROSN,12579,1402762989.5,326.0,318.0,326.4,318.35,321.05,318.35,4368060,321.15,321.15,318.35,1402762989.5,1402762989.5,1402762989.5,,3,SUR,-2.36,
TQBR,2017-04-28,Роснефть,ROSN,10782,1239197027.5,321.0,316.0,322.75,317.25,319.3,317.25,3880800,319.3,319.3,317.25,1239197027.5,1239197027.5,1239197027.5,,3,SUR,-0.35,
TQBR,2017-05-02,Роснефть,ROSN,15333,1373069385.0,317.7,316.0,320.75,316.0,318.6,316.0,4311190,318.5,318.5,316.0,1373069385.0,1373069385.0,1373069385.0,,3,SUR,-0.39,
TQBR,2017-05-03,Роснефть,ROSN,13218,1392011711.5,316.55,310.55,317.25,311.65,313.1,311.65,4445520,313.15,313.15,311.65,1392011711.5,1392011711.5,1392011711.5,,3,SUR,-1.38,
TQBR,2017-05-04,Роснефть,ROSN,11247,1186395419.0,311.1,309.3,315.0,310.0,311.85,310.0,3802280,312.0,312.0,310.0,1186395419.0,1186395419.0,1186395419.0,,3,SUR,-0.53,
TQBR,2017-05-05,Роснефть,ROSN,9999,942092848.0,306.3,306.3,312.95,312.45,310.25,312.45,3036490,310.25,310.25,312.45,942092848.0,942092848.0,942092848.0,,3,SUR,0.79,
TQBR,2017-05-10,Роснефть,ROSN,13980,1289265139.0,314.5,309.6,315.05,315.05,311.85,315.05,4133940,311.85,311.85,315.05,1289265139.0,1289265139.0,1289265139.0,,3,SUR,0.83,
TQBR,2017-05-11,Роснефть,ROSN,10541,1078612614.0,315.5,310.55,318.4,312.35,314.25,312.35,3432340,314.25,314.25,312.35,1078612614.0,1078612614.0,1078612614.0,,3,SUR,-0.86,
TQBR,2017-05-12,Роснефть,ROSN,9490,892835450.0,312.3,307.2,312.7,307.5,308.9,307.5,2890150,308.9,308.9,307.5,892835450.0,892835450.0,892835450.0,,3,SUR,-1.55,
TQBR,2017-05-15,Роснефть,ROSN,13355,1279129272.5,309.85,309.25,316.5,314.15,313.7,314.15,4077780,313.7,313.7,314.15,1279129272.5,1279129272.5,1279129272.5,,3,SUR,2.16,
TQBR,2017-05-16,Роснефть,ROSN,10659,940521462.5,312.9,310.55,315.45,312.9,313.2,312.9,3002720,313.2,313.2,312.9,940521462.5,940521462.5,940521462.5,,3,SUR,-0.4,
TQBR,2017-05-17,Роснефть,ROSN,8259,802357268.0,311.9,309.55,313.95,311.55,311.5,311.55,2575590,311.5,311.5,311.55,802357268.0,802357268.0,802357268.0,,3,SUR,-0.43,
TQBR,2017-05-18,Роснефть,ROSN,19430,1914985415.0,311.0,303.1,312.5,305.0,306.9,305.0,6241390,306.8,306.8,305.0,1914985415.0,1914985415.0,1914985415.0,,3,SUR,-2.1,
TQBR,2017-05-19,Роснефть,ROSN,11767,1216428711.0,307.2,303.55,309.5,306.1,307.3,306.1,3958170,307.3,307.3,306.1,1216428711.0,1216428711.0,1216428711.0,,3,SUR,0.36,
TQBR,2017-05-22,Роснефть,ROSN,9660,828650114.0,307.0,305.0,309.0,307.3,307.3,307.3,2696520,307.3,307.3,307.3,828650114.0,828650114.0,828650114.0,,3,SUR,0.39,
TQBR,2017-05-23,Роснефть,ROSN,11016,995693722.5,307.3,305.25,312.5,312.4,308.4,312.4,3228830,308.4,308.4,312.4,995693722.5,995693722.5,995693722.5,,3,SUR,1.66,
TQBR,2017-05-24,Роснефть,ROSN,16043,2110319206.5,312.55,305.15,313.85,307.0,307.9,307.0,6854440,307.9,307.9,307.0,2110319206.5,2110319206.5,2110319206.5,,3,SUR,-1.73,
TQBR,2017-05-25,Роснефть,ROSN,13200,1505491309.5,307.75,304.25,309.0,306.4,306.2,306.4,4916520,306.2,306.2,306.4,1505491309.5,1505491309.5,1505491309.5,,3,SUR,-0.2,
TQBR,2017-05-26,Роснефть,ROSN,18873,2222740145.0,305.1,300.85,305.65,304.0,303.1,304.0,7332890,303.1,303.1,304.0,2222740145.0,2222740145.0,2222740145.0,,3,SUR,-0.78,
TQBR,2017-05-29,Роснефть,ROSN,6638,999539582.0,302.6,302.6,307.5,307.25,306.2,307.25,3264510,306.2,306.2,307.25,999539582.0,999539582.0,999539582.0,,3,SUR,1.07,
TQBR,2017-05-30,Роснефть,ROSN,13021,1724921988.0,307.25,305.0,309.8,305.0,307.3,305.0,5612890,307.3,307.3,305.0,1724921988.0,1724921988.0,1724921988.0,,3,SUR,-0.73,
TQBR,2017-05-31,Роснефть,ROSN,18237,2114191850.0,304.9,300.0,306.2,301.55,302.3,301.55,6993020,302.35,302.35,301.55,2114191850.0,2114191850.0,2114191850.0,,3,SUR,-1.13,
TQBR,2017-06-01,Роснефть,ROSN,22075,2895539102.0,301.75,298.6,304.75,301.45,301.0,301.45,9619170,301.0,301.0,301.45,2895539102.0,2895539102.0,2895539102.0,,3,SUR,-0.03,
TQBR,2017-06-02,Роснефть,ROSN,18025,1886561126.5,300.95,296.8,301.95,301.0,299.15,301.0,6306270,299.15,299.15,301.0,1886561126.5,1886561126.5,1886561126.5,,3,SUR,-0.15,
TQBR,2017-06-05,Роснефть,ROSN,19641,1495817810.5,301.95,300.25,305.0,305.0,302.55,305.0,4943300,302.6,302.6,305.0,1495817810.5,1495817810.5,1495817810.5,,3,SUR,1.33,
TQBR,2017-06-06,Роснефть,ROSN,8638,814866690.5,304.3,300.5,305.75,302.55,302.15,302.55,2696890,302.15,302.15,302.55,814866690.5,814866690.5,814866690.5,,3,SUR,-0.8,
TQBR,2017-06-07,Роснефть,ROSN,14403,2055739830.5,302.95,302.5,310.8,308.0,308.1,308.0,6672740,308.1,308.1,308.0,2055739830.5,2055739830.5,2055739830.5,,3,SUR,1.8,
TQBR,2017-06-08,Роснефть,ROSN,14900,1790884899.0,307.5,300.85,308.9,307.5,305.15,307.5,5870460,305.05,305.05,307.5,1790884899.0,1790884899.0,1790884899.0,,3,SUR,-0.16,
TQBR,2017-06-09,Роснефть,ROSN,9884,1142251609.0,306.3,302.5,307.4,306.0,305.45,306.0,3739320,305.45,305.45,306.0,1142251609.0,1142251609.0,1142251609.0,,3,SUR,-0.49,
TQBR,2017-06-13,Роснефть,ROSN,16202,1675580448.0,305.35,303.3,312.25,312.15,309.35,312.15,5416860,309.35,309.35,312.15,1675580448.0,1675580448.0,1675580448.0,,3,SUR,2.01,
TQBR,2017-06-14,Роснефть,ROSN,24258,2452143135.5,310.4,304.1,314.75,304.3,308.35,304.3,7952090,308.35,308.35,304.3,2452143135.5,2452143135.5,2452143135.5,,3,SUR,-2.51,
TQBR,2017-06-15,Роснефть,ROSN,35904,4528874835.0,303.35,291.0,304.8,301.6,297.1,301.6,15243460,297.1,297.1,301.6,4528874835.0,4528874835.0,4528874835.0,,3,SUR,-0.89,
TQBR,2017-06-16,Роснефть,ROSN,17348,1845842620.5,302.0,300.95,308.8,306.5,305.0,306.5,6051460,305.0,305.0,306.5,1845842620.5,1845842620.5,1845842620.5,,3,SUR,1.62,
TQBR,2017-06-19,Роснефть,ROSN,11596,1176898805.5,307.15,305.9,312.0,311.0,309.8,311.0,3798810,309.8,309.8,311.0,1176898805.5,1176898805.5,1176898805.5,,3,SUR,1.47,
TQBR,2017-06-20,Роснефть,ROSN,16334,1997997638.5,311.15,308.6,316.0,316.0,312.5,316.0,6394040,312.5,312.5,316.0,1997997638.5,1997997638.5,1997997638.5,,3,SUR,1.61,
TQBR,2017-06-21,Роснефть,ROSN,19896,2378912285.0,316.85,315.6,321.0,318.4,318.35,318.4,7472980,318.35,318.35,318.4,2378912285.0,2378912285.0,2378912285.0,,3,SUR,0.76,
TQBR,2017-06-22,Роснефть,ROSN,17256,1852064390.0,317.55,312.7,319.55,319.0,316.5,319.0,5850880,316.55,316.55,319.0,1852064390.0,1852064390.0,1852064390.0,,3,SUR,0.19,
TQBR,2017-06-23,Роснефть,ROSN,9779,1165930279.0,317.75,317.5,322.7,322.0,320.75,322.0,3634730,320.75,320.75,322.0,1165930279.0,1165930279.0,1165930279.0,,3,SUR,0.94,
TQBR,2017-06-26,Роснефть,ROSN,8707,942538637.5,322.5,317.15,323.6,321.0,319.75,321.0,2947570,319.75,319.75,321.0,942538637.5,942538637.5,942538637.5,,3,SUR,-0.31,
TQBR,2017-06-27,Роснефть,ROSN,12013,1629772380.5,320.4,317.25,328.1,327.3,322.85,327.3,5048020,322.85,322.85,327.3,1629772380.5,1629772380.5,1629772380.5,,3,SUR,1.96,
TQBR,2017-06-28,Роснефть,ROSN,11413,1315685962.0,326.0,324.05,333.3,332.4,329.65,332.4,3991040,329.65,329.65,332.4,1315685962.0,1315685962.0,1315685962.0,,3,SUR,1.56,
TQBR,2017-06-29,Роснефть,ROSN,13117,1780087005.5,332.55,332.0,338.0,333.0,335.25,333.0,5309580,335.25,335.25,333.0,1780087005.5,1780087005.5,1780087005.5,,3,SUR,0.18,
TQBR,2017-06-30,Роснефть,ROSN,12525,1450707713.0,327.3,323.0,333.65,323.0,327.7,323.0,4422590,328.0,328.0,323.0,1450707713.0,1450707713.0,1450707713.0,,3,SUR,-3.0,
TQBR,2017-07-03,Роснефть,ROSN,15584,1443910165.5,325.65,323.0,330.8,329.4,327.85,329.4,4404330,327.85,327.85,329.4,1443910165.5,1443910165.5,1443910165.5,,3,SUR,1.98,
TQBR,2017-07-04,Роснефть,ROSN,8731,1007401167.0,330.5,328.1,332.75,332.4,330.5,332.4,3047970,330.5,330.5,332.4,1007401167.0,1007401167.0,1007401167.0,,3,SUR,0.91,
TQBR,2017-07-05,Роснефть,ROSN,10327,1326784254.5,331.95,326.7,333.55,327.2,330.55,327.2,4013900,330.55,330.55,327.2,1326784254.5,1326784254.5,1326784254.5,,3,SUR,-1.56,
TQBR,2017-07-06,Роснефть,ROSN,18182,1794401867.0,327.8,320.55,330.4,324.5,324.8,324.5,5524980,324.8,324.8,324.5,1794401867.0,1794401867.0,1794401867.0,,3,SUR,-0.83,
TQBR,2017-07-07,Роснефть,ROSN,15246,1404978544.5,322.05,317.5,323.9,317.8,319.0,317.8,4404440,319.0,319.0,317.8,1404978544.5,1404978544.5,1404978544.5,,3,SUR,-2.06,
TQBR,2017-07-10,Роснефть,ROSN,9084,759941218.0,316.2,315.95,321.05,320.5,318.5,320.5,2385910,318.5,318.5,320.5,759941218.0,759941218.0,759941218.0,,3,SUR,0.85,
TQBR,2017-07-11,Роснефть,ROSN,8483,813439754.0,320.9,316.65,323.0,319.6,319.05,319.6,2549100,319.1,319.1,319.6,813439754.0,813439754.0,813439754.0,,3,SUR,-0.28,
TQBR,2017-07-12,Роснефть,ROSN,24056,2428111760.0,321.0,319.05,325.65,320.55,322.2,320.55,7535710,322.2,322.2,320.55,2428111760.0,2428111760.0,2428111760.0,,3,SUR,0.3,
TQBR,2017-07-13,Роснефть,ROSN,7007,871617550.0,321.0,316.75,321.55,318.0,318.7,318.0,2734760,318.7,318.7,318.0,871617550.0,871617550.0,871617550.0,,3,SUR,-0.8,
TQBR,2017-07-14,Роснефть,ROSN,9694,1097277610.0,318.0,316.6,319.55,318.0,318.4,318.0,3446200,318.4,318.4,318.0,1097277610.0,1097277610.0,1097277610.0,,3,SUR,0.0,
TQBR,2017-07-17,Роснефть,ROSN,13336,1939588227.0,319.0,310.75,319.85,315.9,315.0,315.9,6157270,315.0,315.0,315.9,1939588227.0,1939588227.0,1939588227.0,,3,SUR,-0.66,
TQBR,2017-07-18,Роснефть,ROSN,10293,1388166557.0,315.15,312.75,317.7,315.1,315.3,315.1,4402740,315.3,315.3,315.1,1388166557.0,1388166557.0,1388166557.0,,3,SUR,-0.25,
TQBR,2017-07-19,Роснефть,ROSN,7653,839845251.0,314.75,313.8,318.5,318.5,316.4,318.5,2654440,316.4,316.4,318.5,839845251.0,839845251.0,839845251.0,,3,SUR,1.08,
TQBR,2017-07-20,Роснефть,ROSN,12143,1117478344.0,319.0,317.0,322.5,317.85,320.05,317.85,3491430,320.05,320.05,317.85,1117478344.0,1117478344.0,1117478344.0,,3,SUR,-0.2,
TQBR,2017-07-21,Роснефть,ROSN,7327,664862955.5,317.0,314.05,318.25,317.4,316.6,317.4,2100160,316.6,316.6,317.4,664862955.5,664862955.5,664862955.5,,3,SUR,-0.14,
TQBR,2017-07-24,Роснефть,ROSN,10206,833343186.0,317.25,311.4,317.4,313.3,314.25,313.3,2651670,314.25,314.25,313.3,833343186.0,833343186.0,833343186.0,,3,SUR,-1.29,
TQBR,2017-07-25,Роснефть,ROSN,8415,731210519.0,313.75,312.15,315.6,314.15,313.85,314.15,2329790,313.85,313.85,314.15,731210519.0,731210519.0,731210519.0,,3,SUR,0.27,
TQBR,2017-07-26,Роснефть,ROSN,15916,1320951668.5,315.65,309.95,318.0,310.0,312.35,310.0,4228930,312.35,312.35,310.0,1320951668.5,1320951668.5,1320951668.5,,3,SUR,-1.32,
TQBR,2017-07-27,Роснефть,ROSN,7167,571160311.0,311.2,309.5,312.5,310.0,311.05,310.0,1836350,311.05,311.05,310.0,571160311.0,571160311.0,571160311.0,,3,SUR,0.0,
TQBR,2017-07-28,Роснефть,ROSN,10876,933592783.5,309.9,303.35,310.0,305.9,305.65,305.9,3048510,306.25,306.25,305.9,933592783.5,933592783.5,933592783.5,,3,SUR,-1.32,
TQBR,2017-07-31,Роснефть,ROSN,10471,767394592.0,307.45,304.95,312.0,311.3,308.75,311.3,2485580,308.75,308.75,311.3,767394592.0,767394592.0,767394592.0,,3,SUR,1.77,
TQBR,2017-08-01,Роснефть,ROSN,12436,1199558238.0,312.1,312.05,319.95,316.1,316.85,316.1,3785590,316.85,316.85,316.1,1199558238.0,1199558238.0,1199558238.0,,3,SUR,1.54,
TQBR,2017-08-02,Роснефть,ROSN,17990,2783382964.0,316.55,314.6,322.3,322.0,318.1,322.0,8750600,318.1,318.1,322.0,2783382964.0,2783382964.0,2783382964.0,,3,SUR,1.87,
TQBR,2017-08-03,Роснефть,ROSN,14144,1052731140.0,321.5,316.25,323.85,317.0,320.15,317.0,3288190,320.15,320.15,317.0,1052731140.0,1052731140.0,1052731140.0,,3,SUR,-1.55,
TQBR,2017-08-04,Роснефть,ROSN,21521,1709081745.0,317.0,314.35,322.55,316.0,317.65,316.0,5379970,317.65,317.65,316.0,1709081745.0,1709081745.0,1709081745.0,,3,SUR,-0.32,
TQBR,2017-08-07,Роснефть,ROSN,10501,929144588.0,317.55,314.85,318.35,316.25,316.4,316.25,2936760,316.4,316.4,316.25,929144588.0,929144588.0,929144588.0,,3,SUR,0.08,
TQBR,2017-08-08,Роснефть,ROSN,10164,778314603.0,316.3,313.65,317.15,315.0,315.25,315.0,2468690,315.25,315.25,315.0,778314603.0,778314603.0,778314603.0,,3,SUR,-0.4,
TQBR,2017-08-09,Роснефть,ROSN,15764,1097040167.5,314.4,309.15,315.3,309.25,311.15,309.25,3525810,311.15,311.15,309.25,1097040167.5,1097040167.5,1097040167.5,,3,SUR,-1.83,
TQBR,2017-08-10,Роснефть,ROSN,14027,1341003048.5,310.5,304.8,311.4,305.0,307.4,305.0,4361940,307.45,307.45,305.0,1341003048.5,1341003048.5,1341003048.5,,3,SUR,-1.37,
TQBR,2017-08-11,Роснефть,ROSN,14471,1246408964.0,303.45,301.55,305.35,303.95,303.1,303.95,4112140,303.1,303.1,303.95,1246408964.0,1246408964.0,1246408964.0,,3,SUR,-0.34,
TQBR,2017-08-14,Роснефть,ROSN,7801,523587792.0,305.35,303.6,306.7,305.0,305.2,305.0,1715580,305.2,305.2,305.0,523587792.0,523587792.0,523587792.0,,3,SUR,0.35,
TQBR,2017-08-15,Роснефть,ROSN,5761,507061599.0,305.0,302.0,306.05,304.9,303.95,304.9,1668360,303.95,303.95,304.9,507061599.0,507061599.0,507061599.0,,3,SUR,-0.03,
TQBR,2017-08-16,Роснефть,ROSN,9298,577386693.0,305.65,300.85,306.8,302.05,303.85,302.05,1900130,303.85,303.85,302.05,577386693.0,577386693.0,577386693.0,,3,SUR,-0.93,
TQBR,2017-08-17,Роснефть,ROSN,14518,1586736392.5,301.65,300.45,308.05,301.75,303.65,301.75,5225750,303.65,303.65,301.75,1586736392.5,1586736392.5,1586736392.5,,3,SUR,-0.1,
TQBR,2017-08-18,Роснефть,ROSN,8767,739164558.5,300.95,299.0,302.6,300.05,300.8,300.05,2457180,300.8,300.8,300.05,739164558.5,739164558.5,739164558.5,,3,SUR,-0.56,
TQBR,2017-08-21,Роснефть,ROSN,10163,626099343.0,301.3,299.05,302.0,301.1,300.5,301.1,2083520,300.5,300.5,301.1,626099343.0,626099343.0,626099343.0,,3,SUR,0.35,
TQBR,2017-08-22,Роснефть,ROSN,14350,700765738.0,301.5,300.25,303.6,300.95,301.8,300.95,2321990,301.8,301.8,300.95,700765738.0,700765738.0,700765738.0,,3,SUR,-0.05,
TQBR,2017-08-23,Роснефть,ROSN,12838,885139128.0,300.9,297.9,303.75,303.2,300.6,303.2,2944650,300.6,300.6,303.2,885139128.0,885139128.0,885139128.0,,3,SUR,0.75,
TQBR,2017-08-24,Роснефть,ROSN,7087,592174781.0,303.1,299.55,304.3,301.0,301.8,301.0,1962230,301.8,301.8,301.0,592174781.0,592174781.0,592174781.0,,3,SUR,-0.73,
TQBR,2017-08-25,Роснефть,ROSN,7369,617276748.5,301.2,300.55,303.25,301.5,301.65,301.5,2046400,301.65,301.65,301.5,617276748.5,617276748.5,617276748.5,,3,SUR,0.17,
TQBR,2017-08-28,Роснефть,ROSN,6552,414352724.0,301.55,299.45,301.75,300.95,300.3,300.95,1379370,300.4,300.4,300.95,414352724.0,414352724.0,414352724.0,,3,SUR,-0.18,
TQBR,2017-08-29,Роснефть,ROSN,7601,649160512.0,301.0,298.15,301.0,301.0,299.3,301.0,2169050,299.3,299.3,301.0,649160512.0,649160512.0,649160512.0,,3,SUR,0.02,
TQBR,2017-08-30,Роснефть,ROSN,13162,1395445348.5,301.0,300.4,307.4,307.0,303.85,307.0,4593300,303.8,303.8,307.0,1395445348.5,1395445348.5,1395445348.5,,3,SUR,1.99,
TQBR,2017-08-31,Роснефть,ROSN,14589,1360595430.5,306.5,303.5,310.2,304.0,307.25,304.0,4428040,307.25,307.25,304.0,1360595430.5,1360595430.5,1360595430.5,,3,SUR,-0.98,
TQBR,2017-09-01,Роснефть,ROSN,9606,757979103.5,304.55,302.55,307.45,304.1,305.25,304.1,2483240,305.25,305.25,304.1,757979103.5,757979103.5,757979103.5,,3,SUR,0.03,
TQBR,2017-09-04,Роснефть,ROSN,8564,702383022.0,303.25,301.35,304.85,302.6,303.15,302.6,2316780,303.15,303.15,302.6,702383022.0,702383022.0,702383022.0,,3,SUR,-0.49,
TQBR,2017-09-05,Роснефть,ROSN,9553,995005812.5,304.0,299.65,305.2,302.85,301.75,302.85,3297490,301.75,301.75,302.85,995005812.5,995005812.5,995005812.5,,3,SUR,0.08,
TQBR,2017-09-06,Роснефть,ROSN,8554,799937628.0,301.8,300.25,303.1,303.0,301.55,303.0,2652900,301.55,301.55,303.0,799937628.0,799937628.0,799937628.0,,3,SUR,0.05,
TQBR,2017-09-07,Роснефть,ROSN,13442,1177815978.0,303.1,302.8,307.95,306.0,305.15,306.0,3859520,305.15,305.15,306.0,1177815978.0,1177815978.0,1177815978.0,,3,SUR,0.99,
TQBR,2017-09-08,Роснефть,ROSN,28670,3368910988.0,306.2,306.2,317.75,314.95,313.85,314.95,10731230,313.95,313.95,314.95,3368910988.0,3368910988.0,3368910988.0,,3,SUR,2.92,
TQBR,2017-09-11,Роснефть,ROSN,15879,1809958577.0,317.0,313.7,317.55,314.2,315.8,314.2,5731390,315.8,315.8,314.2,1809958577.0,1809958577.0,1809958577.0,,3,SUR,-0.24,
TQBR,2017-09-12,Роснефть,ROSN,18376,1768401587.0,314.7,310.5,315.6,314.6,312.95,314.6,5651020,312.95,312.95,314.6,1768401587.0,1768401587.0,1768401587.0,,3,SUR,0.13,
TQBR,2017-09-13,Роснефть,ROSN,27190,2698681486.5,315.0,314.15,319.9,314.75,317.5,314.75,8499780,317.5,317.5,314.75,2698681486.5,2698681486.5,2698681486.5,,3,SUR,0.05,
TQBR,2017-09-14,Роснефть,ROSN,21173,2365563111.5,314.1,314.0,320.7,319.3,317.5,319.3,7450650,317.5,317.5,319.3,2365563111.5,2365563111.5,2365563111.5,,3,SUR,1.45,
TQBR,2017-09-15,Роснефть,ROSN,12287,1203679070.5,319.3,317.5,321.6,319.7,319.2,319.7,3770680,319.2,319.2,319.7,1203679070.5,1203679070.5,1203679070.5,,3,SUR,0.13,
TQBR,2017-09-18,Роснефть,ROSN,11545,1214425007.5,320.0,315.45,321.15,318.0,318.05,318.0,3818520,318.05,318.05,318.0,1214425007.5,1214425007.5,1214425007.5,,3,SUR,-0.53,
TQBR,2017-09-19,Роснефть,ROSN,9707,1035454759.5,317.85,312.45,318.0,313.0,314.35,313.0,3293740,314.35,314.35,313.0,1035454759.5,1035454759.5,1035454759.5,,3,SUR,-1.57,
TQBR,2017-09-20,Роснефть,ROSN,10435,1000120294.5,313.05,311.3,315.35,315.0,313.65,315.0,3188820,313.65,313.65,315.0,1000120294.5,1000120294.5,1000120294.5,,3,SUR,0.64,
TQBR,2017-09-21,Роснефть,ROSN,10945,1506061735.5,314.5,314.5,319.4,316.7,317.25,316.7,4747290,317.25,317.25,316.7,1506061735.5,1506061735.5,1506061735.5,,3,SUR,0.54,
TQBR,2017-09-22,Роснефть,ROSN,8545,754973059.5,316.65,314.3,318.0,316.7,316.0,316.7,2388990,316.0,316.0,316.7,754973059.5,754973059.5,754973059.5,,3,SUR,0.0,
TQBR,2017-09-25,Роснефть,ROSN,14549,1576646418.0,316.55,315.25,322.3,321.55,319.1,321.55,4940830,319.1,319.1,321.55,1576646418.0,1576646418.0,1576646418.0,,3,SUR,1.53,
TQBR,2017-09-26,Роснефть,ROSN,16118,2263431540.0,322.4,322.4,327.25,323.45,325.3,323.45,6957890,325.3,325.3,323.45,2263431540.0,2263431540.0,2263431540.0,,3,SUR,0.59,
TQBR,2017-09-27,Роснефть,ROSN,9149,1724758189.0,323.05,321.65,325.75,324.5,324.65,324.5,5311240,324.75,324.75,324.5,1724758189.0,1724758189.0,1724758189.0,,3,SUR,0.32,
TQBR,2017-09-28,Роснефть,ROSN,7474,900154142.5,324.85,321.6,325.75,321.9,324.55,321.9,2773590,324.55,324.55,321.9,900154142.5,900154142.5,900154142.5,,3,SUR,-0.8,
TQBR,2017-09-29,Роснефть,ROSN,10527,1164217671.0,321.9,318.95,323.35,318.95,320.6,318.95,3628430,320.85,320.85,318.95,1164217671.0,1164217671.0,1164217671.0,,3,SUR,-0.92,
TQBR,2017-10-02,Роснефть,ROSN,10371,1085402450.5,319.15,314.1,321.0,315.0,316.75,315.0,3426860,316.75,316.75,315.0,1085402450.5,1085402450.5,1085402450.5,,3,SUR,-1.24,
TQBR,2017-10-03,Роснефть,ROSN,7739,835045850.0,316.45,314.8,317.0,316.15,316.0,316.15,2642650,316.0,316.0,316.15,835045850.0,835045850.0,835045850.0,,3,SUR,0.37,
TQBR,2017-10-04,Роснефть,ROSN,8192,927730140.0,316.45,315.5,318.8,318.3,317.35,318.3,2923420,317.35,317.35,318.3,927730140.0,927730140.0,927730140.0,,3,SUR,0.68,
TQBR,2017-10-05,Роснефть,ROSN,9152,985034335.0,318.8,316.3,319.95,319.95,318.45,319.95,3093370,318.45,318.45,319.95,985034335.0,985034335.0,985034335.0,,3,SUR,0.52,
TQBR,2017-10-06,Роснефть,ROSN,7074,873423802.5,320.0,319.15,321.45,320.6,320.35,320.6,2726420,320.35,320.35,320.6,873423802.5,873423802.5,873423802.5,,3,SUR,0.2,
TQBR,2017-10-09,Роснефть,ROSN,8999,1209212870.5,318.2,318.0,320.4,319.1,319.55,319.1,3784010,319.55,319.55,319.1,1209212870.5,1209212870.5,1209212870.5,,3,SUR,-0.47,
TQBR,2017-10-10,Роснефть,ROSN,5818,470504787.0,319.05,317.25,320.1,319.3,318.6,319.3,1476770,318.6,318.6,319.3,470504787.0,470504787.0,470504787.0,,3,SUR,0.06,
TQBR,2017-10-11,Роснефть,ROSN,7526,972872468.5,318.45,318.45,322.6,320.5,321.25,320.5,3028370,321.25,321.25,320.5,972872468.5,972872468.5,972872468.5,,3,SUR,0.38,
TQBR,2017-10-12,Роснефть,ROSN,5872,594009439.5,321.5,317.85,321.6,319.15,319.4,319.15,1859830,319.4,319.4,319.15,594009439.5,594009439.5,594009439.5,,3,SUR,-0.42,
TQBR,2017-10-13,Роснефть,ROSN,5931,709848158.0,319.5,318.1,321.5,320.0,320.05,320.0,2218040,320.05,320.05,320.0,709848158.0,709848158.0,709848158.0,,3,SUR,0.27,
TQBR,2017-10-16,Роснефть,ROSN,7244,831654886.5,320.3,319.6,324.85,324.85,322.1,324.85,2582870,322.0,322.0,324.85,831654886.5,831654886.5,831654886.5,,3,SUR,1.52,
TQBR,2017-10-17,Роснефть,ROSN,13989,2709306905.5,324.7,323.0,330.15,328.0,328.25,328.0,8254240,328.25,328.25,328.0,2709306905.5,2709306905.5,2709306905.5,,3,SUR,0.97,
TQBR,2017-10-18,Роснефть,ROSN,7577,768451482.0,327.85,325.5,328.4,326.1,327.0,326.1,2350090,327.0,327.0,326.1,768451482.0,768451482.0,768451482.0,,3,SUR,-0.58,
TQBR,2017-10-19,Роснефть,ROSN,9471,964895778.5,326.0,320.1,327.0,321.55,322.55,321.55,2991540,322.55,322.55,321.55,964895778.5,964895778.5,964895778.5,,3,SUR,-1.4,
TQBR,2017-10-20,Роснефть,ROSN,6157,580118172.0,321.85,319.0,322.8,321.8,321.05,321.8,1807060,321.05,321.05,321.8,580118172.0,580118172.0,580118172.0,,3,SUR,0.08,
TQBR,2017-10-23,Роснефть,ROSN,8615,766070851.0,321.95,316.15,323.55,316.5,318.55,316.5,2402820,318.8,318.8,316.5,766070851.0,766070851.0,766070851.0,,3,SUR,-1.65,
TQBR,2017-10-24,Роснефть,ROSN,6745,622568242.5,316.0,315.15,320.0,316.8,317.8,316.8,1959070,317.8,317.8,316.8,622568242.5,622568242.5,622568242.5,,3,SUR,0.09,
TQBR,2017-10-25,Роснефть,ROSN,9820,814370033.5,318.6,312.55,318.85,312.7,315.35,312.7,2582590,315.35,315.35,312.7,814370033.5,814370033.5,814370033.5,,3,SUR,-1.29,
TQBR,2017-10-26,Роснефть,ROSN,9984,744701190.0,313.05,310.15,314.25,311.15,311.3,311.15,2391880,311.35,311.35,311.15,744701190.0,744701190.0,744701190.0,,3,SUR,-0.5,
TQBR,2017-10-27,Роснефть,ROSN,11733,1343419236.0,311.7,311.7,322.0,322.0,317.45,322.0,4231660,317.45,317.45,322.0,1343419236.0,1343419236.0,1343419236.0,,3,SUR,3.49,
TQBR,2017-10-30,Роснефть,ROSN,8147,909112968.0,323.6,319.5,323.7,321.0,321.95,321.0,2823940,321.95,321.95,321.0,909112968.0,909112968.0,909112968.0,,3,SUR,-0.31,
TQBR,2017-10-31,Роснефть,ROSN,6888,719685138.0,321.0,318.7,323.55,318.7,321.1,318.7,2241020,321.15,321.15,318.7,719685138.0,719685138.0,719685138.0,,3,SUR,-0.72,
TQBR,2017-11-01,Роснефть,ROSN,11130,1106874622.5,320.2,319.1,324.75,323.1,322.35,323.1,3433800,322.35,322.35,323.1,1106874622.5,1106874622.5,1106874622.5,,3,SUR,1.38,
TQBR,2017-11-02,Роснефть,ROSN,8290,761458472.5,323.2,317.1,323.2,318.5,319.15,318.5,2385820,319.15,319.15,318.5,761458472.5,761458472.5,761458472.5,,3,SUR,-1.42,
TQBR,2017-11-03,Роснефть,ROSN,7617,1074886032.0,319.2,317.5,323.5,317.8,320.6,317.8,3352570,320.6,320.6,317.8,1074886032.0,1074886032.0,1074886032.0,,3,SUR,-0.22,
TQBR,2017-11-07,Роснефть,ROSN,18822,2959368364.0,323.9,322.5,331.4,329.95,327.7,329.95,9030110,327.7,327.7,329.95,2959368364.0,2959368364.0,2959368364.0,,3,SUR,3.82,
TQBR,2017-11-08,Роснефть,ROSN,16051,2334069065.0,329.0,327.65,334.5,333.05,332.5,333.05,7019390,332.5,332.5,333.05,2334069065.0,2334069065.0,2334069065.0,,3,SUR,0.94,
TQBR,2017-11-09,Роснефть,ROSN,15334,2869285096.0,333.0,330.5,336.9,336.9,334.2,336.9,8585920,334.2,334.2,336.9,2869285096.0,2869285096.0,2869285096.0,,3,SUR,1.16,
TQBR,2017-11-10,Роснефть,ROSN,14270,1897095435.0,336.6,329.05,336.7,329.35,332.5,329.35,5706040,332.45,332.45,329.35,1897095435.0,1897095435.0,1897095435.0,,3,SUR,-2.24,
TQBR,2017-11-13,Роснефть,ROSN,7736,796270141.0,331.4,325.0,331.55,325.0,328.35,325.0,2424920,328.35,328.35,325.0,796270141.0,796270141.0,796270141.0,,3,SUR,-1.32,
TQBR,2017-11-14,Роснефть,ROSN,23015,2856548181.0,324.55,309.5,327.0,314.3,316.05,314.3,9040100,316.0,316.0,314.3,2856548181.0,2856548181.0,2856548181.0,,3,SUR,-3.29,
TQBR,2017-11-15,Роснефть,ROSN,19643,2026989535.0,313.75,301.3,314.1,302.2,305.95,302.2,6625710,305.95,305.95,302.2,2026989535.0,2026989535.0,2026989535.0,,3,SUR,-3.85,
TQBR,2017-11-16,Роснефть,ROSN,17643,1635494347.0,302.6,298.65,307.25,303.5,302.9,303.5,5397380,303.0,303.0,303.5,1635494347.0,1635494347.0,1635494347.0,,3,SUR,0.43,
TQBR,2017-11-17,Роснефть,ROSN,15099,1576402678.5,303.55,300.7,306.85,300.7,303.85,300.7,5188060,303.85,303.85,300.7,1576402678.5,1576402678.5,1576402678.5,,3,SUR,-0.92,
TQBR,2017-11-20,Роснефть,ROSN,10963,942782311.0,301.8,299.5,305.55,300.05,302.0,300.05,3121780,302.0,302.0,300.05,942782311.0,942782311.0,942782311.0,,3,SUR,-0.22,
TQBR,2017-11-21,Роснефть,ROSN,13930,1567240437.0,301.3,297.25,303.9,299.8,300.25,299.8,5219820,300.25,300.25,299.8,1567240437.0,1567240437.0,1567240437.0,,3,SUR,-0.08,
TQBR,2017-11-22,Роснефть,ROSN,9953,1002394926.5,300.8,299.55,302.45,302.0,301.0,302.0,3330020,301.0,301.0,302.0,1002394926.5,1002394926.5,1002394926.5,,3,SUR,0.73,
TQBR,2017-11-23,Роснефть,ROSN,8222,800137141.5,302.5,300.5,304.25,302.3,302.85,302.3,2641850,302.85,302.85,302.3,800137141.5,800137141.5,800137141.5,,3,SUR,0.1,
TQBR,2017-11-24,Роснефть,ROSN,7885,903188823.5,302.05,301.75,304.7,303.8,303.8,303.8,2973750,303.7,303.7,303.8,903188823.5,903188823.5,903188823.5,,3,SUR,0.5,
TQBR,2017-11-27,Роснефть,ROSN,12964,889592358.0,303.8,297.6,304.2,299.9,300.25,299.9,2962940,300.25,300.25,299.9,889592358.0,889592358.0,889592358.0,,3,SUR,-1.28,
TQBR,2017-11-28,Роснефть,ROSN,8342,856673134.5,299.9,298.5,301.9,301.3,300.05,301.3,2855340,300.0,300.0,301.3,856673134.5,856673134.5,856673134.5,,3,SUR,0.47,
TQBR,2017-11-29,Роснефть,ROSN,18199,1569622572.0,301.5,293.4,302.95,294.45,298.0,294.45,5270020,297.85,297.85,294.45,1569622572.0,1569622572.0,1569622572.0,,3,SUR,-2.27,
TQBR,2017-11-30,Роснефть,ROSN,17671,1763920255.5,294.45,287.0,294.5,293.6,291.15,293.6,6058570,291.15,291.15,293.6,1763920255.5,1763920255.5,1763920255.5,,3,SUR,-0.29,
TQBR,2017-12-01,Роснефть,ROSN,10379,943535646.5,293.5,287.1,293.5,292.0,290.4,292.0,3249020,290.4,290.4,292.0,943535646.5,943535646.5,943535646.5,,3,SUR,-0.54,
TQBR,2017-12-04,Роснефть,ROSN,9960,924869636.5,291.0,286.0,292.75,292.7,290.15,292.7,3187400,290.15,290.15,292.7,924869636.5,924869636.5,924869636.5,,3,SUR,0.24,
TQBR,2017-12-05,Роснефть,ROSN,9374,852953404.5,292.1,287.65,293.9,293.4,290.9,293.4,2931980,290.9,290.9,293.4,852953404.5,852953404.5,852953404.5,,3,SUR,0.24,
TQBR,2017-12-06,Роснефть,ROSN,6911,742611909.0,292.8,289.65,292.95,292.4,291.15,292.4,2550730,291.15,291.15,292.4,742611909.0,742611909.0,742611909.0,,3,SUR,-0.34,
TQBR,2017-12-07,Роснефть,ROSN,11277,932259171.0,291.75,289.25,294.3,292.5,291.9,292.5,3193610,291.9,291.9,292.5,932259171.0,932259171.0,932259171.0,,3,SUR,0.03,
TQBR,2017-12-08,Роснефть,ROSN,6143,725533585.5,292.6,291.15,294.85,293.75,292.75,293.75,2478150,292.75,292.75,293.75,725533585.5,725533585.5,725533585.5,,3,SUR,0.43,
TQBR,2017-12-11,Роснефть,ROSN,11175,1387939975.0,294.2,294.05,299.7,297.55,296.8,297.55,4676090,296.8,296.8,297.55,1387939975.0,1387939975.0,1387939975.0,,3,SUR,1.29,
TQBR,2017-12-12,Роснефть,ROSN,10969,1323474293.5,298.3,296.45,303.2,303.1,300.75,303.1,4400320,300.75,300.75,303.1,1323474293.5,1323474293.5,1323474293.5,,3,SUR,1.87,
TQBR,2017-12-13,Роснефть,ROSN,10493,1197958540.0,303.0,295.0,304.55,298.85,299.15,298.85,4004260,299.15,299.15,298.85,1197958540.0,1197958540.0,1197958540.0,,3,SUR,-1.4,
TQBR,2017-12-14,Роснефть,ROSN,8120,938925723.0,298.85,294.25,300.7,300.7,297.35,300.7,3157940,297.3,297.3,300.7,938925723.0,938925723.0,938925723.0,,3,SUR,0.62,
TQBR,2017-12-15,Роснефть,ROSN,7301,829278577.5,300.0,296.4,301.5,299.65,298.8,299.65,2775440,298.8,298.8,299.65,829278577.5,829278577.5,829278577.5,,3,SUR,-0.35,
TQBR,2017-12-18,Роснефть,ROSN,10442,1045525192.0,299.55,296.15,303.65,296.5,299.7,296.5,3488280,299.75,299.75,296.5,1045525192.0,1045525192.0,1045525192.0,,3,SUR,-1.05,
TQBR,2017-12-19,Роснефть,ROSN,8914,847021510.0,296.5,292.45,297.65,293.65,294.7,293.65,2874270,294.7,294.7,293.65,847021510.0,847021510.0,847021510.0,,3,SUR,-0.96,
TQBR,2017-12-20,Роснефть,ROSN,11628,1197009293.5,294.85,290.25,295.35,293.3,292.75,293.3,4089810,292.7,292.7,293.3,1197009293.5,1197009293.5,1197009293.5,,3,SUR,-0.12,
TQBR,2017-12-21,Роснефть,ROSN,9864,1362366385.5,293.55,291.2,294.85,293.8,293.2,293.8,4647220,293.15,293.15,293.8,1362366385.5,1362366385.5,1362366385.5,,3,SUR,0.17,
TQBR,2017-12-22,Роснефть,ROSN,4504,526587922.5,294.6,292.8,295.3,293.75,293.95,293.75,1791540,293.95,293.95,293.75,526587922.5,526587922.5,526587922.5,,3,SUR,-0.02,
TQBR,2017-12-25,Роснефть,ROSN,6679,567435486.5,294.2,294.2,298.8,298.0,296.25,298.0,1915380,296.25,296.25,298.0,567435486.5,567435486.5,567435486.5,,3,SUR,1.45,
TQBR,2017-12-26,Роснефть,ROSN,4484,404206831.5,299.4,294.55,299.4,296.55,296.7,296.55,1362310,296.7,296.7,296.55,404206831.5,404206831.5,404206831.5,,3,SUR,-0.49,
TQBR,2017-12-27,Роснефть,ROSN,5889,861933154.5,296.6,293.35,297.95,295.45,295.9,295.45,2913300,295.85,295.85,295.45,861933154.5,861933154.5,861933154.5,,3,SUR,-0.37,
TQBR,2017-12-28,Роснефть,ROSN,8342,863744426.5,294.95,288.55,295.45,289.85,291.25,289.85,2965520,291.25,291.25,289.85,863744426.5,863744426.5,863744426.5,,3,SUR,-1.9,
TQBR,2017-12-29,Роснефть,ROSN,6132,481797212.0,289.9,287.0,292.5,291.5,289.85,291.5,1662220,289.85,289.85,291.5,481797212.0,481797212.0,481797212.0,,3,SUR,0.57,
TQBR,2018-01-03,Роснефть,ROSN,6628,659478288.5,292.25,292.15,297.95,297.95,295.45,297.95,2232020,295.45,295.45,297.95,659478288.5,659478288.5,659478288.5,,3,SUR,2.21,
TQBR,2018-01-04,Роснефть,ROSN,14590,1754454825.5,298.95,297.6,308.25,307.0,304.5,307.0,5762200,304.5,304.5,307.0,1754454825.5,1754454825.5,1754454825.5,,3,SUR,3.04,
TQBR,2018-01-05,Роснефть,ROSN,12349,1312501149.5,307.0,304.65,313.65,311.95,309.75,311.95,4237350,309.75,309.75,311.95,1312501149.5,1312501149.5,1312501149.5,,3,SUR,1.61,
TQBR,2018-01-09,Роснефть,ROSN,13079,1438608352.5,312.6,311.15,316.25,315.1,314.3,315.1,4577460,314.3,314.3,315.1,1438608352.5,1438608352.5,1438608352.5,,3,SUR,1.01,
TQBR,2018-01-10,Роснефть,ROSN,12936,1758738175.0,316.1,312.0,319.85,317.75,316.1,317.75,5564030,316.1,316.1,317.75,1758738175.0,1758738175.0,1758738175.0,,3,SUR,0.84,
TQBR,2018-01-11,Роснефть,ROSN,12654,1478466012.5,317.75,316.05,325.0,325.0,322.35,325.0,4586170,322.35,322.35,325.0,1478466012.5,1478466012.5,1478466012.5,,3,SUR,2.28,
TQBR,2018-01-12,Роснефть,ROSN,15230,1765886632.5,325.5,318.55,326.95,324.35,321.6,324.35,5490740,321.6,321.6,324.35,1765886632.5,1765886632.5,1765886632.5,,3,SUR,-0.2,
TQBR,2018-01-15,Роснефть,ROSN,10254,1131090937.5,325.0,318.75,326.7,319.95,321.4,319.95,3518870,321.45,321.45,319.95,1131090937.5,1131090937.5,1131090937.5,,3,SUR,-1.36,
TQBR,2018-01-16,Роснефть,ROSN,14940,1465372481.5,320.0,314.0,321.45,317.5,317.15,317.5,4620330,317.15,317.15,317.5,1465372481.5,1465372481.5,1465372481.5,,3,SUR,-0.77,
TQBR,2018-01-17,Роснефть,ROSN,16984,1962708080.5,316.0,312.95,326.5,326.5,320.4,326.5,6126070,320.4,320.4,326.5,1962708080.5,1962708080.5,1962708080.5,,3,SUR,2.83,
TQBR,2018-01-18,Роснефть,ROSN,19917,3618926830.5,326.9,325.05,333.35,333.1,331.0,333.1,10934640,330.95,330.95,333.1,3618926830.5,3618926830.5,3618926830.5,,3,SUR,2.02,
TQBR,2018-01-19,Роснефть,ROSN,10572,1391488047.5,332.8,326.65,332.95,328.0,329.4,328.0,4224540,329.4,329.4,328.0,1391488047.5,1391488047.5,1391488047.5,,3,SUR,-1.53,
TQBR,2018-01-22,Роснефть,ROSN,10921,1500552935.5,326.0,324.4,332.95,332.95,330.6,332.95,4538960,330.6,330.6,332.95,1500552935.5,1500552935.5,1500552935.5,,3,SUR,1.51,
TQBR,2018-01-23,Роснефть,ROSN,12348,1888415389.0,333.55,329.2,336.4,335.0,333.35,335.0,5666010,333.3,333.3,335.0,1888415389.0,1888415389.0,1888415389.0,,3,SUR,0.62,
TQBR,2018-01-24,Роснефть,ROSN,26843,3273687495.0,334.95,331.6,345.85,344.5,340.55,344.5,9614780,340.5,340.5,344.5,3273687495.0,3273687495.0,3273687495.0,,3,SUR,2.84,
TQBR,2018-01-25,Роснефть,ROSN,36306,5547899104.5,347.9,343.5,359.3,351.5,352.45,351.5,15740420,352.45,352.45,351.5,5547899104.5,5547899104.5,5547899104.5,,3,SUR,2.03,
TQBR,2018-01-26,Роснефть,ROSN,15778,2068694425.5,350.0,346.3,356.85,351.8,352.45,351.8,5869690,352.45,352.45,351.8,2068694425.5,2068694425.5,2068694425.5,,3,SUR,0.09,
TQBR,2018-01-29,Роснефть,ROSN,13387,1828885383.0,352.5,346.35,356.8,346.35,351.1,346.35,5209810,351.05,351.05,346.35,1828885383.0,1828885383.0,1828885383.0,,3,SUR,-1.55,
TQBR,2018-01-30,Роснефть,ROSN,17808,2195440324.0,344.0,341.5,352.85,342.1,347.4,342.1,6319350,347.4,347.4,342.1,2195440324.0,2195440324.0,2195440324.0,,3,SUR,-1.23,
TQBR,2018-01-31,Роснефть,ROSN,14475,1947913569.0,341.8,338.5,347.45,343.2,343.7,343.2,5669980,343.55,343.55,343.2,1947913569.0,1947913569.0,1947913569.0,,3,SUR,0.32,
TQBR,2018-02-01,Роснефть,ROSN,11543,1864384121.5,345.0,344.55,353.0,344.95,348.15,344.95,5355280,348.15,348.15,344.95,1864384121.5,1864384121.5,1864384121.5,,3,SUR,0.51,
TQBR,2018-02-02,Роснефть,ROSN,11203,1717587435.5,346.5,337.25,349.0,339.9,343.5,339.9,5000440,343.5,343.5,339.9,1717587435.5,1717587435.5,1717587435.5,,3,SUR,-1.46,
TQBR,2018-02-05,Роснефть,ROSN,15704,1823678756.0,335.55,332.0,340.45,338.3,336.85,338.3,5413920,336.85,336.85,338.3,1823678756.0,1823678756.0,1823678756.0,,3,SUR,-0.47,
TQBR,2018-02-06,Роснефть,ROSN,16143,2068019720.5,332.05,328.35,337.25,330.0,332.5,330.0,6219130,332.55,332.55,330.0,2068019720.5,2068019720.5,2068019720.5,,3,SUR,-2.45,
TQBR,2018-02-07,Роснефть,ROSN,17140,1775430479.5,332.4,332.4,338.3,336.0,334.8,336.0,5303310,334.8,334.8,336.0,1775430479.5,1775430479.5,1775430479.5,,3,SUR,1.82,
TQBR,2018-02-08,Роснефть,ROSN,12522,1629341215.0,333.05,326.6,335.4,326.65,329.7,326.65,4941760,329.7,329.7,326.65,1629341215.0,1629341215.0,1629341215.0,,3,SUR,-2.78,
TQBR,2018-02-09,Роснефть,ROSN,15310,2083522445.5,323.0,320.35,329.5,324.55,324.05,324.55,6429030,324.1,324.1,324.55,2083522445.5,2083522445.5,2083522445.5,,3,SUR,-0.64,
TQBR,2018-02-12,Роснефть,ROSN,15902,2105242374.0,328.2,324.7,332.65,325.3,329.3,325.3,6393160,329.3,329.3,325.3,2105242374.0,2105242374.0,2105242374.0,,3,SUR,0.23,
TQBR,2018-02-13,Роснефть,ROSN,10503,1159348706.5,325.95,323.5,328.05,325.4,325.25,325.4,3564370,325.25,325.25,325.4,1159348706.5,1159348706.5,1159348706.5,,3,SUR,0.03,
TQBR,2018-02-14,Роснефть,ROSN,8877,1230823911.5,326.55,322.75,326.95,326.0,324.6,326.0,3791640,324.6,324.6,326.0,1230823911.5,1230823911.5,1230823911.5,,3,SUR,0.18,
TQBR,2018-02-15,Роснефть,ROSN,13916,1982195201.5,328.5,324.3,333.8,324.3,329.3,324.3,6019180,329.3,329.3,324.3,1982195201.5,1982195201.5,1982195201.5,,3,SUR,-0.52,
TQBR,2018-02-16,Роснефть,ROSN,9117,1210230322.5,326.95,323.1,328.25,324.2,326.35,324.2,3708170,326.35,326.35,324.2,1210230322.5,1210230322.5,1210230322.5,,3,SUR,-0.03,
TQBR,2018-02-19,Роснефть,ROSN,5575,554679810.5,325.7,322.05,327.8,324.0,324.15,324.0,1711150,324.15,324.15,324.0,554679810.5,554679810.5,554679810.5,,3,SUR,-0.06,
TQBR,2018-02-20,Роснефть,ROSN,5917,672002956.5,323.9,320.55,325.35,322.0,322.8,322.0,2081750,322.8,322.8,322.0,672002956.5,672002956.5,672002956.5,,3,SUR,-0.62,
TQBR,2018-02-21,Роснефть,ROSN,12617,1509059204.5,321.9,319.5,333.5,333.5,325.05,333.5,4642740,325.05,325.05,333.5,1509059204.5,1509059204.5,1509059204.5,,3,SUR,3.57,
TQBR,2018-02-22,Роснефть,ROSN,14688,1486229375.5,331.05,329.05,338.0,337.3,335.4,337.3,4431330,335.4,335.4,337.3,1486229375.5,1486229375.5,1486229375.5,,3,SUR,1.14,
TQBR,2018-02-26,Роснефть,ROSN,11690,1574342223.5,341.85,340.6,345.85,341.8,342.95,341.8,4590400,342.95,342.95,341.8,1574342223.5,1574342223.5,1574342223.5,,3,SUR,1.33,
TQBR,2018-02-27,Роснефть,ROSN,8782,839997002.5,342.5,336.65,343.2,337.5,339.1,337.5,2477180,339.1,339.1,337.5,839997002.5,839997002.5,839997002.5,,3,SUR,-1.26,
TQBR,2018-02-28,Роснефть,ROSN,8546,967297803.0,333.5,329.15,335.7,330.5,332.3,330.5,2911040,332.3,332.3,330.5,967297803.0,967297803.0,967297803.0,,3,SUR,-2.07,
TQBR,2018-03-01,Роснефть,ROSN,13091,1291412406.5,327.0,322.1,327.85,323.5,324.6,323.5,3978300,324.6,324.6,323.5,1291412406.5,1291412406.5,1291412406.5,,3,SUR,-2.12,
TQBR,2018-03-02,Роснефть,ROSN,21970,1991145346.5,322.9,314.6,324.8,319.5,318.15,319.5,6258450,318.15,318.15,319.5,1991145346.5,1991145346.5,1991145346.5,,3,SUR,-1.24,
TQBR,2018-03-05,Роснефть,ROSN,10078,1107978647.0,321.6,319.3,324.45,320.5,321.25,320.5,3448770,321.25,321.25,320.5,1107978647.0,1107978647.0,1107978647.0,,3,SUR,0.31,
TQBR,2018-03-06,Роснефть,ROSN,11052,1277309482.5,322.1,318.05,324.95,318.7,321.75,318.7,3972670,321.5,321.5,318.7,1277309482.5,1277309482.5,1277309482.5,,3,SUR,-0.56,
TQBR,2018-03-07,Роснефть,ROSN,11125,917217443.5,317.25,312.2,317.4,315.0,314.8,315.0,2913810,314.8,314.8,315.0,917217443.5,917217443.5,917217443.5,,3,SUR,-1.16,
TQBR,2018-03-09,Роснефть,ROSN,13989,932865627.5,314.95,312.25,316.45,313.25,313.55,313.25,2974960,313.55,313.55,313.25,932865627.5,932865627.5,932865627.5,,3,SUR,-0.56,
TQBR,2018-03-12,Роснефть,ROSN,19792,2139314675.0,314.55,313.1,319.55,314.7,316.05,314.7,6769100,316.05,316.05,314.7,2139314675.0,2139314675.0,2139314675.0,,3,SUR,0.46,
TQBR,2018-03-13,Роснефть,ROSN,12685,1425245343.0,314.0,312.0,315.35,312.0,313.45,312.0,4546780,313.45,313.45,312.0,1425245343.0,1425245343.0,1425245343.0,,3,SUR,-0.86,
TQBR,2018-03-14,Роснефть,ROSN,15021,1509387069.5,311.0,307.55,311.5,310.35,309.7,310.35,4873470,309.7,309.7,310.35,1509387069.5,1509387069.5,1509387069.5,,3,SUR,-0.53,
TQBR,2018-03-15,Роснефть,ROSN,18251,2083162174.5,310.0,305.55,316.0,314.2,311.35,314.2,6690690,311.35,311.35,314.2,2083162174.5,2083162174.5,2083162174.5,,3,SUR,1.24,
TQBR,2018-03-16,Роснефть,ROSN,14996,2169144935.5,315.85,311.5,319.45,319.3,316.7,319.3,6848630,316.75,316.75,319.3,2169144935.5,2169144935.5,2169144935.5,,3,SUR,1.62,
TQBR,2018-03-19,Роснефть,ROSN,19833,2665744681.0,321.8,316.0,324.6,316.0,320.1,316.0,8328140,320.1,320.1,316.0,2665744681.0,2665744681.0,2665744681.0,,3,SUR,-1.03,
TQBR,2018-03-20,Роснефть,ROSN,12569,1776763376.0,317.0,312.6,319.25,317.55,316.0,317.55,5622870,316.0,316.0,317.55,1776763376.0,1776763376.0,1776763376.0,,3,SUR,0.49,
TQBR,2018-03-21,Роснефть,ROSN,14123,1586793086.5,317.65,316.0,321.5,317.5,318.65,317.5,4980520,318.6,318.6,317.5,1586793086.5,1586793086.5,1586793086.5,,3,SUR,-0.02,
TQBR,2018-03-22,Роснефть,ROSN,9777,1029276054.5,318.6,315.0,319.75,316.15,316.95,316.15,3247090,317.0,317.0,316.15,1029276054.5,1029276054.5,1029276054.5,,3,SUR,-0.43,
TQBR,2018-03-23,Роснефть,ROSN,13832,1156373386.5,315.35,311.25,315.35,314.5,313.5,314.5,3689250,313.45,313.45,314.5,1156373386.5,1156373386.5,1156373386.5,,3,SUR,-0.52,
TQBR,2018-03-26,Роснефть,ROSN,10338,1063365666.5,313.8,308.05,314.45,308.05,311.8,308.05,3410780,311.75,311.75,308.05,1063365666.5,1063365666.5,1063365666.5,,3,SUR,-2.05,
TQBR,2018-03-27,Роснефть,ROSN,7366,843332647.5,310.05,308.15,311.25,309.65,309.65,309.65,2724110,309.6,309.6,309.65,843332647.5,843332647.5,843332647.5,,3,SUR,0.52,
TQBR,2018-03-28,Роснефть,ROSN,10253,900761711.5,308.25,305.0,310.85,308.8,307.5,308.8,2930120,307.4,307.4,308.8,900761711.5,900761711.5,900761711.5,,3,SUR,-0.27,
TQBR,2018-03-29,Роснефть,ROSN,11556,1210030366.5,310.05,309.7,317.5,316.35,314.45,316.35,3848480,314.4,314.4,316.35,1210030366.5,1210030366.5,1210030366.5,,3,SUR,2.44,
TQBR,2018-03-30,Роснефть,ROSN,5257,386021038.5,317.5,313.2,318.1,313.9,315.45,313.9,1223700,315.45,315.45,313.9,386021038.5,386021038.5,386021038.5,,3,SUR,-0.77,
TQBR,2018-04-02,Роснефть,ROSN,9595,767936181.0,314.5,309.05,316.85,309.05,313.15,309.05,2452220,313.15,313.15,309.05,767936181.0,767936181.0,767936181.0,,3,SUR,-1.55,
TQBR,2018-04-03,Роснефть,ROSN,14736,1392412618.0,309.05,309.05,313.85,313.25,312.05,313.25,4461740,312.1,312.1,313.25,1392412618.0,1392412618.0,1392412618.0,,3,SUR,1.36,
TQBR,2018-04-04,Роснефть,ROSN,22048,2508436626.5,313.5,313.3,319.95,319.6,316.8,319.6,7918150,316.8,316.8,319.6,2508436626.5,2508436626.5,2508436626.5,,3,SUR,2.03,
TQBR,2018-04-05,Роснефть,ROSN,20685,2604436048.5,321.0,320.1,325.95,322.65,323.4,322.65,8052760,323.4,323.4,322.65,2604436048.5,2604436048.5,2604436048.5,,3,SUR,0.95,
TQBR,2018-04-06,Роснефть,ROSN,12023,1159134170.0,321.9,318.05,322.3,319.6,320.05,319.6,3621820,320.05,320.05,319.6,1159134170.0,1159134170.0,1159134170.0,,3,SUR,-0.95,
TQBR,2018-04-09,Роснефть,ROSN,53342,6739009201.0,318.1,281.65,318.85,299.5,300.55,299.5,22425040,300.5,300.5,299.5,6739009201.0,6739009201.0,6739009201.0,,3,SUR,-6.29,
TQBR,2018-04-10,Роснефть,ROSN,32388,3993296612.0,299.0,296.4,313.95,309.0,305.95,309.0,13051680,305.95,305.95,309.0,3993296612.0,3993296612.0,3993296612.0,,3,SUR,3.17,
TQBR,2018-04-11,Роснефть,ROSN,41803,5401133167.5,309.0,306.9,324.0,324.0,319.2,324.0,16920630,319.2,319.2,324.0,5401133167.5,5401133167.5,5401133167.5,,3,SUR,4.85,
TQBR,2018-04-12,Роснефть,ROSN,51987,6029015188.5,324.95,316.2,333.0,333.0,323.5,333.0,18639000,323.45,323.45,333.0,6029015188.5,6029015188.5,6029015188.5,,3,SUR,2.78,
TQBR,2018-04-13,Роснефть,ROSN,30421,2729067982.0,331.3,319.8,331.75,323.0,324.3,323.0,8414940,324.3,324.3,323.0,2729067982.0,2729067982.0,2729067982.0,,3,SUR,-3.0,
TQBR,2018-04-16,Роснефть,ROSN,13718,1135717283.5,317.0,315.1,324.5,319.0,320.35,319.0,3545420,320.35,320.35,319.0,1135717283.5,1135717283.5,1135717283.5,,3,SUR,-1.24,
TQBR,2018-04-17,Роснефть,ROSN,21206,2293396002.5,324.0,320.05,329.5,329.5,325.25,329.5,7051100,325.25,325.25,329.5,2293396002.5,2293396002.5,2293396002.5,,3,SUR,3.29,
TQBR,2018-04-18,Роснефть,ROSN,28038,2762272442.5,329.3,326.0,337.85,333.1,333.2,333.1,8288320,333.25,333.25,333.1,2762272442.5,2762272442.5,2762272442.5,,3,SUR,1.09,
TQBR,2018-04-19,Роснефть,ROSN,22081,2210582349.0,335.25,333.0,339.0,337.3,336.4,337.3,6569130,336.5,336.5,337.3,2210582349.0,2210582349.0,2210582349.0,,3,SUR,1.26,
TQBR,2018-04-20,Роснефть,ROSN,16983,2383424217.0,336.5,334.1,342.45,338.95,338.85,338.95,7033820,338.85,338.85,338.95,2383424217.0,2383424217.0,2383424217.0,,3,SUR,0.49,
TQBR,2018-04-23,Роснефть,ROSN,28447,2992291660.0,339.95,336.1,351.0,351.0,344.9,351.0,8675780,344.9,344.9,351.0,2992291660.0,2992291660.0,2992291660.0,,3,SUR,3.56,
TQBR,2018-04-24,Роснефть,ROSN,24931,3218187107.5,352.9,347.8,362.5,352.25,353.3,352.25,9104490,353.45,353.45,352.25,3218187107.5,3218187107.5,3218187107.5,,3,SUR,0.36,
TQBR,2018-04-25,Роснефть,ROSN,26954,4320789270.5,349.7,348.05,370.0,370.0,357.55,370.0,12084360,357.55,357.55,370.0,4320789270.5,4320789270.5,4320789270.5,,3,SUR,5.04,
TQBR,2018-04-26,Роснефть,ROSN,34304,5176494532.5,368.1,364.0,376.0,375.0,372.0,375.0,13914390,372.0,372.0,375.0,5176494532.5,5176494532.5,5176494532.5,,3,SUR,1.35,
TQBR,2018-04-27,Роснефть,ROSN,22488,4064325421.5,375.0,373.5,380.65,380.0,377.4,380.0,10768550,377.45,377.45,380.0,4064325421.5,4064325421.5,4064325421.5,,3,SUR,1.33,
TQBR,2018-04-28,Роснефть,ROSN,5989,508234430.0,379.5,376.0,381.15,381.0,378.4,381.0,1342710,378.5,378.5,381.0,508234430.0,508234430.0,508234430.0,,3,SUR,0.26,
TQBR,2018-04-30,Роснефть,ROSN,11025,1414714810.5,381.05,379.15,388.25,383.0,383.65,383.0,3687340,383.65,383.65,383.0,1414714810.5,1414714810.5,1414714810.5,,3,SUR,0.52,
TQBR,2018-05-02,Роснефть,ROSN,33015,5384599804.0,390.0,389.3,408.05,401.05,403.6,401.05,13341560,403.6,403.6,401.05,5384599804.0,5384599804.0,5384599804.0,,3,SUR,4.71,
TQBR,2018-05-03,Роснефть,ROSN,27890,3794389488.0,400.05,386.1,400.9,387.15,392.5,387.15,9673410,392.25,392.25,387.15,3794389488.0,3794389488.0,3794389488.0,,3,SUR,-3.47,
TQBR,2018-05-04,Роснефть,ROSN,15652,1922171985.5,388.0,385.05,394.95,386.75,389.5,386.75,4935000,389.5,389.5,386.75,1922171985.5,1922171985.5,1922171985.5,,3,SUR,-0.1,
TQBR,2018-05-07,Роснефть,ROSN,22433,2236246908.5,390.0,387.5,398.95,388.25,392.45,388.25,5697830,392.45,392.45,388.25,2236246908.5,2236246908.5,2236246908.5,,3,SUR,0.39,
TQBR,2018-05-08,Роснефть,ROSN,18059,2266269702.5,388.35,385.8,394.55,393.05,390.85,393.05,5798310,390.85,390.85,393.05,2266269702.5,2266269702.5,2266269702.5,,3,SUR,1.24,
TQBR,2018-05-10,Роснефть,ROSN,13416,1499848408.5,400.0,393.2,400.0,395.7,396.35,395.7,3784410,396.3,396.3,395.7,1499848408.5,1499848408.5,1499848408.5,,3,SUR,0.67,
TQBR,2018-05-11,Роснефть,ROSN,16998,2418953331.5,393.2,392.45,403.75,401.45,398.9,401.45,6064050,398.9,398.9,401.45,2418953331.5,2418953331.5,2418953331.5,,3,SUR,1.45,
TQBR,2018-05-14,Роснефть,ROSN,12392,1196855265.0,402.0,397.45,404.5,403.55,401.0,403.55,2984860,401.0,401.0,403.55,1196855265.0,1196855265.0,1196855265.0,,3,SUR,0.52,
TQBR,2018-05-15,Роснефть,ROSN,19213,1865661785.5,402.0,392.0,402.0,394.85,396.95,394.85,4699950,396.95,396.95,394.85,1865661785.5,1865661785.5,1865661785.5,,3,SUR,-2.16,
TQBR,2018-05-16,Роснефть,ROSN,15813,1600071839.5,395.5,388.65,398.0,389.8,394.0,389.8,4060930,394.0,394.0,389.8,1600071839.5,1600071839.5,1600071839.5,,3,SUR,-1.28,
TQBR,2018-05-17,Роснефть,ROSN,16312,1628011059.0,391.95,381.85,392.05,381.85,386.85,381.85,4209030,386.8,386.8,381.85,1628011059.0,1628011059.0,1628011059.0,,3,SUR,-2.04,
TQBR,2018-05-18,Роснефть,ROSN,13994,1246320755.5,382.0,380.1,389.7,387.0,385.0,387.0,3237250,385.0,385.0,387.0,1246320755.5,1246320755.5,1246320755.5,,3,SUR,1.35,
TQBR,2018-05-21,Роснефть,ROSN,12794,921205228.5,387.95,385.45,391.55,386.9,389.05,386.9,2367900,389.05,389.05,386.9,921205228.5,921205228.5,921205228.5,,3,SUR,-0.03,
TQBR,2018-05-22,Роснефть,ROSN,10311,936520191.5,387.5,381.5,388.35,385.55,385.1,385.55,2431880,385.1,385.1,385.55,936520191.5,936520191.5,936520191.5,,3,SUR,-0.35,
TQBR,2018-05-23,Роснефть,ROSN,14275,1559457325.0,384.65,376.05,384.7,377.7,379.3,377.7,4111650,379.3,379.3,377.7,1559457325.0,1559457325.0,1559457325.0,,3,SUR,-2.04,
TQBR,2018-05-24,Роснефть,ROSN,13751,1621748293.5,379.2,374.25,381.5,378.0,376.9,378.0,4302720,376.9,376.9,378.0,1621748293.5,1621748293.5,1621748293.5,,3,SUR,0.08,
TQBR,2018-05-25,Роснефть,ROSN,9548,1054133791.5,378.2,374.7,379.45,378.3,377.4,378.3,2793010,377.4,377.4,378.3,1054133791.5,1054133791.5,1054133791.5,,3,SUR,0.08,
TQBR,2018-05-28,Роснефть,ROSN,7802,587370572.5,376.6,374.25,379.65,379.55,376.85,379.55,1558470,376.9,376.9,379.55,587370572.5,587370572.5,587370572.5,,3,SUR,0.33,
TQBR,2018-05-29,Роснефть,ROSN,11856,1325112234.5,378.85,376.55,383.5,383.0,380.0,383.0,3487340,380.0,380.0,383.0,1325112234.5,1325112234.5,1325112234.5,,3,SUR,0.91,
TQBR,2018-05-30,Роснефть,ROSN,8560,983463662.5,382.5,379.0,383.8,381.05,381.9,381.05,2575260,381.9,381.9,381.05,983463662.5,983463662.5,983463662.5,,3,SUR,-0.51,
TQBR,2018-05-31,Роснефть,ROSN,8138,1505076193.5,381.5,381.1,386.0,385.3,384.7,385.3,3912500,384.7,384.7,385.3,1505076193.5,1505076193.5,1505076193.5,,3,SUR,1.12,
TQBR,2018-06-01,Роснефть,ROSN,7043,755450555.0,384.2,381.65,386.75,382.55,384.55,382.55,1964460,384.55,384.55,382.55,755450555.0,755450555.0,755450555.0,,3,SUR,-0.71,
TQBR,2018-06-04,Роснефть,ROSN,6296,513509878.5,383.5,382.85,387.75,384.9,384.55,384.9,1335330,384.55,384.55,384.9,513509878.5,513509878.5,513509878.5,,3,SUR,0.61,
TQBR,2018-06-05,Роснефть,ROSN,29058,8461667321.5,383.25,371.4,386.35,381.95,378.35,381.95,22365300,378.35,378.35,381.95,8461667321.5,8461667321.5,8461667321.5,,3,SUR,-0.77,
TQBR,2018-06-06,Роснефть,ROSN,9043,887082365.5,382.7,377.1,382.75,380.8,379.6,380.8,2338250,379.4,379.4,380.8,887082365.5,887082365.5,887082365.5,,3,SUR,-0.3,
TQBR,2018-06-07,Роснефть,ROSN,8713,850045185.0,382.0,380.05,384.0,380.05,381.5,380.05,2228290,381.5,381.5,380.05,850045185.0,850045185.0,850045185.0,,3,SUR,-0.2,
TQBR,2018-06-08,Роснефть,ROSN,15427,1822522768.5,380.5,378.45,383.75,381.0,381.15,381.0,4781700,381.15,381.15,381.0,1822522768.5,1822522768.5,1822522768.5,,3,SUR,0.25,
TQBR,2018-06-09,Роснефть,ROSN,1162,88569103.5,381.7,381.05,382.95,382.15,382.4,382.15,231600,382.4,382.4,382.15,88569103.5,88569103.5,88569103.5,,3,SUR,0.3,
TQBR,2018-06-11,Роснефть,ROSN,6614,659665754.5,382.8,378.85,386.5,384.55,382.4,384.55,1725040,382.4,382.4,384.55,659665754.5,659665754.5,659665754.5,,3,SUR,0.63,
TQBR,2018-06-13,Роснефть,ROSN,9273,951463745.5,385.4,381.2,386.9,382.0,383.0,382.0,2484080,383.0,383.0,382.0,951463745.5,951463745.5,951463745.5,,3,SUR,-0.66,
TQBR,2018-06-14,Роснефть,ROSN,8962,1066509249.0,383.8,377.3,383.8,381.7,379.6,381.7,2809730,379.6,379.6,381.7,1066509249.0,1066509249.0,1066509249.0,,3,SUR,-0.08,
TQBR,2018-06-15,Роснефть,ROSN,12050,1769894024.5,381.45,379.0,384.5,383.25,382.0,383.25,4633410,382.0,382.0,383.25,1769894024.5,1769894024.5,1769894024.5,,3,SUR,0.41,
TQBR,2018-06-18,Роснефть,ROSN,13461,1562344058.5,381.85,379.4,389.5,387.0,384.65,387.0,4061820,384.65,384.65,387.0,1562344058.5,1562344058.5,1562344058.5,,3,SUR,0.98,
TQBR,2018-06-19,Роснефть,ROSN,19706,2028906755.5,386.5,383.25,393.6,392.35,388.15,392.35,5227340,388.15,388.15,392.35,2028906755.5,2028906755.5,2028906755.5,,3,SUR,1.38,
TQBR,2018-06-20,Роснефть,ROSN,12683,1551472018.5,393.1,387.7,395.9,390.2,391.2,390.2,3966110,391.2,391.2,390.2,1551472018.5,1551472018.5,1551472018.5,,3,SUR,-0.55,
TQBR,2018-06-21,Роснефть,ROSN,14778,1611362825.5,390.0,387.05,395.15,392.75,392.4,392.75,4106180,392.4,392.4,392.75,1611362825.5,1611362825.5,1611362825.5,,3,SUR,0.65,
TQBR,2018-06-22,Роснефть,ROSN,9092,1257391932.5,393.5,388.45,395.4,390.8,391.4,390.8,3212620,391.4,391.4,390.8,1257391932.5,1257391932.5,1257391932.5,,3,SUR,-0.5,
TQBR,2018-06-25,Роснефть,ROSN,8667,1069097009.0,390.0,388.7,399.65,393.95,394.85,393.95,2707500,394.85,394.85,393.95,1069097009.0,1069097009.0,1069097009.0,,3,SUR,0.81,
TQBR,2018-06-26,Роснефть,ROSN,8609,1104661824.5,395.0,388.7,397.35,389.3,391.0,389.3,2825190,391.0,391.0,389.3,1104661824.5,1104661824.5,1104661824.5,,3,SUR,-1.18,
TQBR,2018-06-27,Роснефть,ROSN,8955,1194988852.5,390.25,387.7,396.5,394.6,392.2,394.6,3046940,392.2,392.2,394.6,1194988852.5,1194988852.5,1194988852.5,,3,SUR,1.36,
TQBR,2018-06-28,Роснефть,ROSN,12839,1442180206.0,395.0,394.0,399.85,396.5,396.15,396.5,3639810,396.2,396.2,396.5,1442180206.0,1442180206.0,1442180206.0,,3,SUR,0.48,
TQBR,2018-06-29,Роснефть,ROSN,9033,1095917216.0,391.1,391.05,396.2,396.15,393.75,396.15,2783110,393.75,393.75,396.15,1095917216.0,1095917216.0,1095917216.0,,3,SUR,-0.09,
TQBR,2018-07-02,Роснефть,ROSN,11009,1059529489.5,394.5,392.5,398.8,394.7,395.8,394.7,2677000,395.8,395.8,394.7,1059529489.5,1059529489.5,1059529489.5,,3,SUR,-0.37,
TQBR,2018-07-03,Роснефть,ROSN,9794,938940005.0,393.95,388.35,394.7,389.95,390.45,389.95,2404620,390.45,390.45,389.95,938940005.0,938940005.0,938940005.0,,3,SUR,-1.2,
TQBR,2018-07-04,Роснефть,ROSN,5774,677779451.0,391.0,388.35,393.75,393.25,390.55,393.25,1735390,390.55,390.55,393.25,677779451.0,677779451.0,677779451.0,,3,SUR,0.85,
TQBR,2018-07-05,Роснефть,ROSN,15143,1550115682.5,392.9,391.95,406.05,406.05,400.55,406.05,3870030,400.55,400.55,406.05,1550115682.5,1550115682.5,1550115682.5,,3,SUR,3.25,
TQBR,2018-07-06,Роснефть,ROSN,11019,934725152.5,405.05,398.8,405.05,403.4,402.05,403.4,2324820,402.05,402.05,403.4,934725152.5,934725152.5,934725152.5,,3,SUR,-0.65,
TQBR,2018-07-09,Роснефть,ROSN,10303,1039245742.0,402.4,402.4,410.45,408.15,408.2,408.15,2545920,408.2,408.2,408.15,1039245742.0,1039245742.0,1039245742.0,,3,SUR,1.18,
TQBR,2018-07-10,Роснефть,ROSN,20104,2434757045.0,410.8,407.25,419.0,413.2,414.35,413.2,5875760,414.35,414.35,413.2,2434757045.0,2434757045.0,2434757045.0,,3,SUR,1.24,
TQBR,2018-07-11,Роснефть,ROSN,14038,1620445508.0,412.0,407.15,414.15,409.85,409.65,409.85,3955770,409.65,409.65,409.85,1620466393.0,1620466393.0,1620466393.0,,3,SUR,-0.81,
TQBR,2018-07-12,Роснефть,ROSN,13973,1448936721.5,407.0,399.6,408.45,406.45,403.75,406.45,3588540,403.75,403.75,406.45,1448936721.5,1448936721.5,1448936721.5,,3,SUR,-0.83,
TQBR,2018-07-13,Роснефть,ROSN,10682,1046656820.0,407.0,403.45,412.0,406.9,406.55,406.9,2574640,406.55,406.55,406.9,1046656820.0,1046656820.0,1046656820.0,,3,SUR,0.11,
TQBR,2018-07-16,Роснефть,ROSN,11060,1188556427.5,406.8,404.0,411.9,407.3,408.15,407.3,2911940,408.15,408.15,407.3,1188556427.5,1188556427.5,1188556427.5,,3,SUR,0.1,
TQBR,2018-07-17,Роснефть,ROSN,8958,1086626931.5,406.5,398.15,406.5,399.5,400.6,399.5,2712430,400.6,400.6,399.5,1086626931.5,1086626931.5,1086626931.5,,3,SUR,-1.92,
TQBR,2018-07-18,Роснефть,ROSN,10205,1137443496.5,400.95,396.7,402.2,400.9,399.6,400.9,2846350,399.6,399.6,400.9,1137443496.5,1137443496.5,1137443496.5,,3,SUR,0.35,
TQBR,2018-07-19,Роснефть,ROSN,5809,569305207.0,401.1,397.2,403.3,400.5,399.55,400.5,1424950,399.55,399.55,400.5,569305207.0,569305207.0,569305207.0,,3,SUR,-0.1,
TQBR,2018-07-20,Роснефть,ROSN,8593,1075308710.0,401.55,391.1,401.55,393.25,394.5,393.25,2726380,394.4,394.4,393.25,1075308710.0,1075308710.0,1075308710.0,,3,SUR,-1.81,
TQBR,2018-07-23,Роснефть,ROSN,5764,547349486.0,394.25,391.4,396.35,394.5,393.6,394.5,1390630,393.6,393.6,394.5,547349486.0,547349486.0,547349486.0,,3,SUR,0.32,
TQBR,2018-07-24,Роснефть,ROSN,4922,516982019.0,394.7,390.35,395.1,394.9,392.6,394.9,1316730,392.65,392.65,394.9,516982019.0,516982019.0,516982019.0,,3,SUR,0.1,
TQBR,2018-07-25,Роснефть,ROSN,6544,703803242.5,392.5,390.85,396.55,395.8,393.6,395.8,1788150,393.6,393.6,395.8,703803242.5,703803242.5,703803242.5,,3,SUR,0.23,
TQBR,2018-07-26,Роснефть,ROSN,6097,651679975.0,396.0,393.85,400.0,397.35,397.65,397.35,1638900,397.65,397.65,397.35,651679975.0,651679975.0,651679975.0,,3,SUR,0.39,
TQBR,2018-07-27,Роснефть,ROSN,7585,931958140.5,397.35,397.35,404.4,403.5,401.95,403.5,2318520,401.95,401.95,403.5,931958140.5,931958140.5,931958140.5,,3,SUR,1.55,
TQBR,2018-07-30,Роснефть,ROSN,6713,663154636.0,400.3,399.0,407.0,406.45,403.9,406.45,1641700,403.95,403.95,406.45,663154636.0,663154636.0,663154636.0,,3,SUR,0.73,
TQBR,2018-07-31,Роснефть,ROSN,14859,1865529958.0,407.0,405.6,419.0,419.0,414.15,419.0,4504090,414.2,414.2,419.0,1865529958.0,1865529958.0,1865529958.0,,3,SUR,3.09,
TQBR,2018-08-01,Роснефть,ROSN,10529,1257491205.0,418.95,412.1,419.8,416.6,415.95,416.6,3024390,415.8,415.8,416.6,1257491205.0,1257491205.0,1257491205.0,,3,SUR,-0.57,
TQBR,2018-08-02,Роснефть,ROSN,8732,994423065.0,416.95,413.65,419.45,416.8,416.4,416.8,2388420,416.35,416.35,416.8,994423065.0,994423065.0,994423065.0,,3,SUR,0.05,
TQBR,2018-08-03,Роснефть,ROSN,9744,1162814187.0,416.7,407.2,416.7,411.25,410.6,411.25,2831870,410.6,410.6,411.25,1162814187.0,1162814187.0,1162814187.0,,3,SUR,-1.33,
TQBR,2018-08-06,Роснефть,ROSN,18305,1991611917.5,412.55,412.5,422.6,419.35,418.5,419.35,4759030,418.5,418.5,419.35,1991611917.5,1991611917.5,1991611917.5,,3,SUR,1.97,
TQBR,2018-08-07,Роснефть,ROSN,27646,4249014061.5,420.95,420.6,432.45,427.9,427.1,427.9,9945010,427.25,427.25,427.9,4249014061.5,4249014061.5,4249014061.5,,3,SUR,2.04,
TQBR,2018-08-08,Роснефть,ROSN,15399,1755718688.5,427.0,418.8,430.0,429.0,424.95,429.0,4131460,424.95,424.95,429.0,1755718688.5,1755718688.5,1755718688.5,,3,SUR,0.26,
TQBR,2018-08-09,Роснефть,ROSN,11577,1384254323.5,427.5,424.3,432.3,432.3,428.4,432.3,3231570,428.35,428.35,432.3,1384254323.5,1384254323.5,1384254323.5,,3,SUR,0.77,
TQBR,2018-08-10,Роснефть,ROSN,16633,1790423218.5,429.2,429.2,441.15,433.25,435.2,433.25,4115890,435.0,435.0,433.25,1790423218.5,1790423218.5,1790423218.5,,3,SUR,0.22,
TQBR,2018-08-13,Роснефть,ROSN,12879,1605709015.5,430.3,429.0,439.95,437.2,435.85,437.2,3684080,435.85,435.85,437.2,1605709015.5,1605709015.5,1605709015.5,,3,SUR,0.91,
TQBR,2018-08-14,Роснефть,ROSN,10488,1137791952.5,439.75,430.0,442.0,431.3,434.1,431.3,2621040,434.1,434.1,431.3,1137791952.5,1137791952.5,1137791952.5,,3,SUR,-1.35,
TQBR,2018-08-15,Роснефть,ROSN,12088,1638400990.0,430.0,425.05,433.25,428.55,428.55,428.55,3823470,428.5,428.5,428.55,1638400990.0,1638400990.0,1638400990.0,,3,SUR,-0.64,
TQBR,2018-08-16,Роснефть,ROSN,9165,1130127761.5,428.55,422.1,430.0,422.3,425.1,422.3,2658400,425.1,425.1,422.3,1130127761.5,1130127761.5,1130127761.5,,3,SUR,-1.46,
TQBR,2018-08-17,Роснефть,ROSN,8092,902599518.0,423.0,421.0,427.85,425.8,424.85,425.8,2124680,424.8,424.8,425.8,902599518.0,902599518.0,902599518.0,,3,SUR,0.83,
TQBR,2018-08-20,Роснефть,ROSN,5329,474889478.5,418.05,418.05,429.9,427.0,426.8,427.0,1112730,426.8,426.8,427.0,474889478.5,474889478.5,474889478.5,,3,SUR,0.28,
TQBR,2018-08-21,Роснефть,ROSN,9299,1033215325.0,429.0,425.85,434.0,434.0,429.25,434.0,2407720,429.15,429.15,434.0,1033215325.0,1033215325.0,1033215325.0,,3,SUR,1.64,
TQBR,2018-08-22,Роснефть,ROSN,10332,1043500079.0,434.5,432.4,440.0,437.3,435.85,437.3,2394360,435.8,435.8,437.3,1043500079.0,1043500079.0,1043500079.0,,3,SUR,0.76,
TQBR,2018-08-23,Роснефть,ROSN,12062,1054830513.0,437.8,426.25,441.25,430.0,434.8,430.0,2426110,434.8,434.8,430.0,1054830513.0,1054830513.0,1054830513.0,,3,SUR,-1.67,
TQBR,2018-08-24,Роснефть,ROSN,11051,1211669803.0,432.0,425.0,432.0,428.1,428.7,428.1,2826300,428.7,428.7,428.1,1211669803.0,1211669803.0,1211669803.0,,3,SUR,-0.44,
TQBR,2018-08-27,Роснефть,ROSN,7553,728379125.5,429.25,426.5,434.75,434.75,431.15,434.75,1689290,431.15,431.15,434.75,728379125.5,728379125.5,728379125.5,,3,SUR,1.55,
TQBR,2018-08-28,Роснефть,ROSN,8517,988822344.0,435.0,432.15,437.95,436.0,435.25,436.0,2271780,435.25,435.25,436.0,988822344.0,988822344.0,988822344.0,,3,SUR,0.29,
TQBR,2018-08-29,Роснефть,ROSN,9612,1179536326.0,436.2,435.35,444.95,440.5,441.55,440.5,2671530,441.5,441.5,440.5,1179536326.0,1179536326.0,1179536326.0,,3,SUR,1.03,
TQBR,2018-08-30,Роснефть,ROSN,10691,1119385014.0,444.3,435.0,444.3,437.0,437.8,437.0,2556860,437.8,437.8,437.0,1119385014.0,1119385014.0,1119385014.0,,3,SUR,-0.79,
TQBR,2018-08-31,Роснефть,ROSN,10175,1125800220.0,435.0,430.95,438.25,435.7,434.7,435.7,2589720,434.7,434.7,435.7,1125800220.0,1125800220.0,1125800220.0,,3,SUR,-0.3,
TQBR,2018-09-03,Роснефть,ROSN,5140,515200793.0,435.7,432.4,439.7,438.75,437.0,438.75,1178880,437.05,437.05,438.75,515200793.0,515200793.0,515200793.0,,3,SUR,0.7,
TQBR,2018-09-04,Роснефть,ROSN,7806,710864190.0,439.0,436.85,444.85,439.35,440.3,439.35,1614480,440.3,440.3,439.35,710864190.0,710864190.0,710864190.0,,3,SUR,0.14,
TQBR,2018-09-05,Роснефть,ROSN,6731,795685041.5,438.15,434.45,440.5,434.5,437.1,434.5,1820600,437.05,437.05,434.5,795685041.5,795685041.5,795685041.5,,3,SUR,-1.1,
TQBR,2018-09-06,Роснефть,ROSN,7059,734056082.5,435.5,433.2,439.0,436.05,436.15,436.05,1683090,436.15,436.15,436.05,734056082.5,734056082.5,734056082.5,,3,SUR,0.36,
TQBR,2018-09-07,Роснефть,ROSN,9884,712538724.5,435.1,432.4,441.55,439.55,437.35,439.55,1629820,437.2,437.2,439.55,712538724.5,712538724.5,712538724.5,,3,SUR,0.8,
TQBR,2018-09-10,Роснефть,ROSN,8934,944169236.5,438.95,438.95,449.45,449.45,444.75,449.45,2122830,444.75,444.75,449.45,944169236.5,944169236.5,944169236.5,,3,SUR,2.25,
TQBR,2018-09-11,Роснефть,ROSN,8583,1047774552.0,450.0,446.0,451.35,448.8,448.2,448.8,2337800,448.2,448.2,448.8,1047774552.0,1047774552.0,1047774552.0,,3,SUR,-0.14,
TQBR,2018-09-12,Роснефть,ROSN,15561,1732535821.5,449.5,441.15,453.35,444.9,446.85,444.9,3877350,446.85,446.85,444.9,1732535821.5,1732535821.5,1732535821.5,,3,SUR,-0.87,
TQBR,2018-09-13,Роснефть,ROSN,7977,845808652.5,445.45,438.5,445.85,442.4,442.55,442.4,1911460,442.5,442.5,442.4,845808652.5,845808652.5,845808652.5,,3,SUR,-0.56,
TQBR,2018-09-14,Роснефть,ROSN,8519,935396137.5,441.25,437.85,443.7,441.35,441.1,441.35,2120550,441.1,441.1,441.35,935396137.5,935396137.5,935396137.5,,3,SUR,-0.24,
TQBR,2018-09-17,Роснефть,ROSN,8196,973514730.5,442.7,437.55,445.0,441.3,441.6,441.3,2204430,441.6,441.6,441.3,973514730.5,973514730.5,973514730.5,,3,SUR,-0.01,
TQBR,2018-09-18,Роснефть,ROSN,9977,1092253859.0,440.85,435.75,442.0,440.4,438.9,440.4,2488300,438.95,438.95,440.4,1092253859.0,1092253859.0,1092253859.0,,3,SUR,-0.2,
TQBR,2018-09-19,Роснефть,ROSN,9411,1023158902.0,440.85,436.8,442.75,437.85,439.45,437.85,2328070,439.5,439.5,437.85,1023158902.0,1023158902.0,1023158902.0,,3,SUR,-0.58,
TQBR,2018-09-20,Роснефть,ROSN,15139,2633322282.5,438.3,438.0,444.85,438.7,442.4,438.7,5952670,442.4,442.4,438.7,2633322282.5,2633322282.5,2633322282.5,,3,SUR,0.19,
TQBR,2018-09-21,Роснефть,ROSN,9579,1936613142.5,439.75,434.45,443.9,440.4,439.8,440.4,4403540,439.8,439.8,440.4,1936613142.5,1936613142.5,1936613142.5,,3,SUR,0.39,
TQBR,2018-09-24,Роснефть,ROSN,10623,1421195465.5,442.05,440.45,449.4,447.05,444.9,447.05,3194840,444.85,444.85,447.05,1421195465.5,1421195465.5,1421195465.5,,3,SUR,1.51,
TQBR,2018-09-25,Роснефть,ROSN,14497,1829250337.0,449.9,446.55,460.35,460.0,454.9,460.0,4021640,454.85,454.85,460.0,1829250337.0,1829250337.0,1829250337.0,,3,SUR,2.9,
TQBR,2018-09-26,Роснефть,ROSN,11470,1863140455.0,460.0,454.7,464.5,458.5,458.05,458.5,4067720,458.05,458.05,458.5,1863140455.0,1863140455.0,1863140455.0,,3,SUR,-0.33,
TQBR,2018-09-27,Роснефть,ROSN,17010,2692720832.5,458.0,456.7,478.0,478.0,469.8,478.0,5731410,469.8,469.8,478.0,2692720832.5,2692720832.5,2692720832.5,,3,SUR,4.25,
TQBR,2018-09-28,Роснефть,ROSN,24643,4160013413.0,478.95,476.45,495.0,493.0,488.2,493.0,8520850,488.2,488.2,493.0,4160013413.0,4160013413.0,4160013413.0,,3,SUR,3.14,
TQBR,2018-10-01,Роснефть,ROSN,14304,1852035634.0,496.0,487.8,499.0,494.05,493.15,494.05,3755170,493.2,493.2,494.05,1852035634.0,1852035634.0,1852035634.0,,3,SUR,0.21,
TQBR,2018-10-02,Роснефть,ROSN,11100,1380910278.0,497.0,489.0,498.8,491.4,492.6,491.4,2803520,492.55,492.55,491.4,1380910278.0,1380910278.0,1380910278.0,,3,SUR,-0.54,
TQBR,2018-10-03,Роснефть,ROSN,21059,3093582134.5,492.1,491.5,512.25,512.0,504.35,512.0,6132650,504.45,504.45,512.0,3093582134.5,3093582134.5,3093582134.5,,3,SUR,4.19,
TQBR,2018-10-04,Роснефть,ROSN,24507,3717544654.5,512.0,500.85,522.8,508.2,509.85,508.2,7284010,510.35,510.35,508.2,3717544654.5,3717544654.5,3717544654.5,,3,SUR,-0.74,
TQBR,2018-10-05,Роснефть,ROSN,15247,2424285762.0,506.0,498.35,516.0,503.0,502.25,503.0,4826790,502.25,502.25,503.0,2424285762.0,2424285762.0,2424285762.0,,3,SUR,-1.02,
TQBR,2018-10-08,Роснефть,ROSN,17389,2426103681.0,490.45,478.05,492.45,479.45,483.2,479.45,5023270,482.95,482.95,479.45,2426103681.0,2426103681.0,2426103681.0,,3,SUR,-4.68,
TQBR,2018-10-09,Роснефть,ROSN,12346,1990172001.5,481.75,473.1,483.7,473.1,479.3,473.1,4152170,479.3,479.3,473.1,1990172001.5,1990172001.5,1990172001.5,,3,SUR,-1.32,
TQBR,2018-10-10,Роснефть,ROSN,14264,2271200268.5,473.3,466.7,475.8,468.75,470.9,468.75,4822860,470.9,470.9,468.75,2271200268.5,2271200268.5,2271200268.5,,3,SUR,-0.92,
TQBR,2018-10-11,Роснефть,ROSN,16586,2051548675.0,462.0,458.15,467.05,462.55,461.8,462.55,4442520,461.8,461.8,462.55,2051548675.0,2051548675.0,2051548675.0,,3,SUR,-1.32,
TQBR,2018-10-12,Роснефть,ROSN,10974,1298341373.0,464.6,463.65,468.75,465.1,466.5,465.1,2783170,466.5,466.5,465.1,1298341373.0,1298341373.0,1298341373.0,,3,SUR,0.55,
TQBR,2018-10-15,Роснефть,ROSN,7337,838004522.5,468.25,460.2,469.25,462.05,463.9,462.05,1806370,463.9,463.9,462.05,838004522.5,838004522.5,838004522.5,,3,SUR,-0.66,
TQBR,2018-10-16,Роснефть,ROSN,8398,1269371740.0,462.5,462.0,472.0,468.7,467.8,468.7,2713340,467.85,467.85,468.7,1269371740.0,1269371740.0,1269371740.0,,3,SUR,1.44,
TQBR,2018-10-17,Роснефть,ROSN,10176,1837617338.5,470.15,466.0,472.9,467.85,468.6,467.85,3921870,468.55,468.55,467.85,1837617338.5,1837617338.5,1837617338.5,,3,SUR,-0.18,
TQBR,2018-10-18,Роснефть,ROSN,8162,943883456.0,467.3,462.65,469.5,466.6,465.2,466.6,2028930,465.2,465.2,466.6,943883456.0,943883456.0,943883456.0,,3,SUR,-0.27,
TQBR,2018-10-19,Роснефть,ROSN,11365,1291335673.0,465.1,464.6,474.3,467.0,469.45,467.0,2750830,469.45,469.45,467.0,1291335673.0,1291335673.0,1291335673.0,,3,SUR,0.09,
TQBR,2018-10-22,Роснефть,ROSN,8135,1200836484.5,468.95,463.6,473.65,465.3,466.3,465.3,2575220,466.3,466.3,465.3,1200836484.5,1200836484.5,1200836484.5,,3,SUR,-0.36,
TQBR,2018-10-23,Роснефть,ROSN,14452,1988605182.0,464.0,450.3,464.9,455.0,455.7,455.0,4363010,455.8,455.8,455.0,1988605182.0,1988605182.0,1988605182.0,,3,SUR,-2.21,
TQBR,2018-10-24,Роснефть,ROSN,12830,1449063174.5,456.0,455.25,468.1,463.5,462.3,463.5,3134510,462.3,462.3,463.5,1449063174.5,1449063174.5,1449063174.5,,3,SUR,1.87,
TQBR,2018-10-25,Роснефть,ROSN,14059,1419584760.0,461.95,453.5,463.0,458.4,458.7,458.4,3094960,458.7,458.7,458.4,1419584760.0,1419584760.0,1419584760.0,,3,SUR,-1.1,
TQBR,2018-10-26,Роснефть,ROSN,11322,1306051742.5,458.4,448.9,458.65,453.3,452.55,453.3,2886060,452.55,452.55,453.3,1306051742.5,1306051742.5,1306051742.5,,3,SUR,-1.11,
TQBR,2018-10-29,Роснефть,ROSN,7489,801098057.0,454.05,453.05,459.95,458.5,457.15,458.5,1752560,457.1,457.1,458.5,801098057.0,801098057.0,801098057.0,,3,SUR,1.15,
TQBR,2018-10-30,Роснефть,ROSN,10682,1055634573.0,457.9,443.05,461.7,453.7,456.4,453.7,2312890,456.4,456.4,453.7,1055634573.0,1055634573.0,1055634573.0,,3,SUR,-1.05,
TQBR,2018-10-31,Роснефть,ROSN,12667,2010820665.0,457.0,456.2,467.0,460.45,462.45,460.45,4348090,462.45,462.45,460.45,2010820665.0,2010820665.0,2010820665.0,,3,SUR,1.49,
TQBR,2018-11-01,Роснефть,ROSN,14710,1468223351.5,459.8,455.5,463.95,460.0,458.5,460.0,3202360,458.5,458.5,460.0,1468223351.5,1468223351.5,1468223351.5,,3,SUR,-0.1,
TQBR,2018-11-02,Роснефть,ROSN,10721,1481337169.0,460.55,456.75,462.25,459.6,459.7,459.6,3222640,459.65,459.65,459.6,1481337169.0,1481337169.0,1481337169.0,,3,SUR,-0.09,
TQBR,2018-11-06,Роснефть,ROSN,20120,3030126514.0,462.1,461.7,484.35,482.45,475.65,482.45,6370460,475.65,475.65,482.45,3030126514.0,3030126514.0,3030126514.0,,3,SUR,4.97,
TQBR,2018-11-07,Роснефть,ROSN,12993,1503794864.0,482.75,478.7,487.85,484.1,483.25,484.1,3112250,483.2,483.2,484.1,1503794864.0,1503794864.0,1503794864.0,,3,SUR,0.34,
TQBR,2018-11-08,Роснефть,ROSN,13396,1681084421.0,484.0,473.4,485.0,475.0,477.15,475.0,3523150,477.15,477.15,475.0,1681084421.0,1681084421.0,1681084421.0,,3,SUR,-1.88,
TQBR,2018-11-09,Роснефть,ROSN,21890,1993160721.5,471.05,465.0,474.25,468.6,468.65,468.6,4253200,468.65,468.65,468.6,1993160721.5,1993160721.5,1993160721.5,,3,SUR,-1.35,
TQBR,2018-11-12,Роснефть,ROSN,9573,1136715299.5,473.0,462.5,475.6,463.5,469.0,463.5,2423720,469.0,469.0,463.5,1136715299.5,1136715299.5,1136715299.5,,3,SUR,-1.09,
TQBR,2018-11-13,Роснефть,ROSN,25806,3602846308.0,461.7,443.6,462.7,443.6,450.75,443.6,7991810,450.8,450.8,443.6,3602846308.0,3602846308.0,3602846308.0,,3,SUR,-4.29,
TQBR,2018-11-14,Роснефть,ROSN,36759,4919867477.5,439.85,425.5,441.6,427.15,429.45,427.15,11455890,429.45,429.45,427.15,4919867477.5,4919867477.5,4919867477.5,,3,SUR,-3.71,
TQBR,2018-11-15,Роснефть,ROSN,18639,2326433594.5,429.05,421.85,430.7,424.25,427.1,424.25,5447170,427.1,427.1,424.25,2326433594.5,2326433594.5,2326433594.5,,3,SUR,-0.68,
TQBR,2018-11-16,Роснефть,ROSN,17947,2184509048.0,426.25,420.5,428.65,420.85,425.25,420.85,5137480,425.2,425.2,420.85,2184509048.0,2184509048.0,2184509048.0,,3,SUR,-0.8,
TQBR,2018-11-19,Роснефть,ROSN,14290,1939190971.0,422.15,421.2,425.85,424.1,423.7,424.1,4576970,423.7,423.7,424.1,1939190971.0,1939190971.0,1939190971.0,,3,SUR,0.77,
TQBR,2018-11-20,Роснефть,ROSN,23967,3295916292.5,423.35,412.25,423.45,413.55,414.75,413.55,7946890,414.75,414.75,413.55,3295916292.5,3295916292.5,3295916292.5,,3,SUR,-2.49,
TQBR,2018-11-21,Роснефть,ROSN,14045,1860184327.5,410.65,409.0,416.0,411.85,412.95,411.85,4504550,412.95,412.95,411.85,1860184327.5,1860184327.5,1860184327.5,,3,SUR,-0.41,
TQBR,2018-11-22,Роснефть,ROSN,9047,1048366611.0,411.8,408.1,414.25,411.1,410.8,411.1,2552040,410.8,410.8,411.1,1048366611.0,1048366611.0,1048366611.0,,3,SUR,-0.18,
TQBR,2018-11-23,Роснефть,ROSN,19966,3049211659.5,408.95,401.25,410.75,405.2,405.8,405.2,7514900,405.75,405.75,405.2,3049211659.5,3049211659.5,3049211659.5,,3,SUR,-1.44,
TQBR,2018-11-26,Роснефть,ROSN,25639,3008285046.0,405.8,397.25,415.15,407.0,405.45,407.0,7420020,405.45,405.45,407.0,3008285046.0,3008285046.0,3008285046.0,,3,SUR,0.44,
TQBR,2018-11-27,Роснефть,ROSN,15846,1514362950.0,408.7,408.0,420.1,419.8,414.4,419.8,3654450,414.4,414.4,419.8,1514362950.0,1514362950.0,1514362950.0,,3,SUR,3.14,
TQBR,2018-11-28,Роснефть,ROSN,14983,1752141065.0,418.8,418.7,425.85,421.45,422.6,421.45,4146310,422.6,422.6,421.45,1752141065.0,1752141065.0,1752141065.0,,3,SUR,0.39,
TQBR,2018-11-29,Роснефть,ROSN,17922,2236467862.5,419.55,412.5,424.6,417.0,417.95,417.0,5351360,417.95,417.95,417.0,2236467862.5,2236467862.5,2236467862.5,,3,SUR,-1.06,
TQBR,2018-11-30,Роснефть,ROSN,12916,1423683238.0,416.95,414.4,424.4,423.1,420.35,423.1,3386930,420.35,420.35,423.1,1423683238.0,1423683238.0,1423683238.0,,3,SUR,1.46,
TQBR,2018-12-03,Роснефть,ROSN,22231,2906997200.0,436.2,429.25,439.9,434.0,434.05,434.0,6694560,434.25,434.25,434.0,2906997200.0,2906997200.0,2906997200.0,,3,SUR,2.58,
TQBR,2018-12-04,Роснефть,ROSN,11009,1347703047.5,434.0,433.25,440.55,439.0,437.1,439.0,3083270,437.1,437.1,439.0,1347703047.5,1347703047.5,1347703047.5,,3,SUR,1.15,
TQBR,2018-12-05,Роснефть,ROSN,10363,1104328595.5,434.95,430.0,439.0,439.0,436.0,439.0,2532770,436.0,436.0,439.0,1104328595.5,1104328595.5,1104328595.5,,3,SUR,0.0,
TQBR,2018-12-06,Роснефть,ROSN,17570,1866355521.0,436.0,422.55,438.4,430.0,429.05,430.0,4348890,429.15,429.15,430.0,1866355521.0,1866355521.0,1866355521.0,,3,SUR,-2.05,
TQBR,2018-12-07,Роснефть,ROSN,17436,2244118606.5,429.4,429.15,442.05,439.0,436.65,439.0,5140220,436.6,436.6,439.0,2244118606.5,2244118606.5,2244118606.5,,3,SUR,2.09,
TQBR,2018-12-10,Роснефть,ROSN,15780,1732327348.5,437.0,424.3,441.0,428.5,431.05,428.5,4018620,431.1,431.1,428.5,1732327348.5,1732327348.5,1732327348.5,,3,SUR,-2.39,
TQBR,2018-12-11,Роснефть,ROSN,13378,1563420415.5,428.5,421.5,429.5,425.55,424.8,425.55,3679440,424.9,424.9,425.55,1563420415.5,1563420415.5,1563420415.5,,3,SUR,-0.69,
TQBR,2018-12-12,Роснефть,ROSN,13341,1921219251.5,426.05,419.15,428.05,422.0,422.15,422.0,4551590,422.1,422.1,422.0,1921219251.5,1921219251.5,1921219251.5,,3,SUR,-0.83,
TQBR,2018-12-13,Роснефть,ROSN,13951,2031760745.5,423.0,414.0,423.0,415.75,418.45,415.75,4855500,418.45,418.45,415.75,2031760745.5,2031760745.5,2031760745.5,,3,SUR,-1.48,
TQBR,2018-12-14,Роснефть,ROSN,9696,1354277090.0,415.1,414.35,422.3,418.0,418.0,418.0,3239920,418.0,418.0,418.0,1354277090.0,1354277090.0,1354277090.0,,3,SUR,0.54,
TQBR,2018-12-17,Роснефть,ROSN,9317,1047304678.5,417.9,414.0,421.5,416.0,415.95,416.0,2517430,416.0,416.0,416.0,1047304678.5,1047304678.5,1047304678.5,,3,SUR,-0.48,
TQBR,2018-12-18,Роснефть,ROSN,15055,2240737400.0,413.0,407.15,414.85,412.15,410.15,412.15,5463430,410.15,410.15,412.15,2240737400.0,2240737400.0,2240737400.0,,3,SUR,-0.93,
TQBR,2018-12-19,Роснефть,ROSN,12067,1644027336.5,407.0,406.5,418.2,418.2,412.25,418.2,3986040,412.45,412.45,418.2,1644027336.5,1644027336.5,1644027336.5,,3,SUR,1.47,
TQBR,2018-12-20,Роснефть,ROSN,13426,1386901514.0,414.0,410.1,416.8,415.6,414.0,415.6,3349850,414.0,414.0,415.6,1386901514.0,1386901514.0,1386901514.0,,3,SUR,-0.62,
TQBR,2018-12-21,Роснефть,ROSN,8569,1534331075.5,412.9,405.05,416.3,415.0,414.75,415.0,3699200,414.75,414.75,415.0,1534331075.5,1534331075.5,1534331075.5,,3,SUR,-0.14,
TQBR,2018-12-24,Роснефть,ROSN,5757,618018889.5,414.9,412.45,419.2,414.0,415.4,414.0,1487750,415.4,415.4,414.0,618018889.5,618018889.5,618018889.5,,3,SUR,-0.24,
TQBR,2018-12-25,Роснефть,ROSN,9684,756930935.0,411.0,401.85,411.3,409.0,407.4,409.0,1858760,407.2,407.2,409.0,756930935.0,756930935.0,756930935.0,,3,SUR,-1.21,
TQBR,2018-12-26,Роснефть,ROSN,4810,435435709.0,409.1,409.1,414.5,414.5,412.3,414.5,1056080,412.3,412.3,414.5,435435709.0,435435709.0,435435709.0,,3,SUR,1.34,
TQBR,2018-12-27,Роснефть,ROSN,10995,2718511137.5,420.0,416.35,421.35,420.5,419.55,420.5,6479390,419.55,419.55,420.5,2718511137.5,2718511137.5,2718511137.5,,3,SUR,1.45,
TQBR,2018-12-28,Роснефть,ROSN,8624,1111990616.5,423.0,421.7,428.25,425.95,426.15,425.95,2609310,426.15,426.15,425.95,1111990616.5,1111990616.5,1111990616.5,,3,SUR,1.3,
TQBR,2018-12-29,Роснефть,ROSN,5977,402684021.0,426.7,421.4,432.5,432.5,428.15,432.5,940940,427.95,427.95,432.5,402684021.0,402684021.0,402684021.0,,3,SUR,1.54,
TQBR,2019-01-03,Роснефть,ROSN,5420,652509993.5,429.15,422.4,429.8,425.85,426.95,425.85,1528310,426.95,426.95,425.85,652509993.5,652509993.5,652509993.5,,3,SUR,-1.54,
TQBR,2019-01-04,Роснефть,ROSN,6165,702937677.0,427.1,426.2,439.0,430.4,429.75,430.4,1635750,429.75,429.75,430.4,702937677.0,702937677.0,702937677.0,,3,SUR,1.07,
TQBR,2019-01-08,Роснефть,ROSN,8437,867731354.5,427.0,420.65,427.0,423.6,422.85,423.6,2052160,422.85,422.85,423.6,867731354.5,867731354.5,867731354.5,,3,SUR,-1.58,
TQBR,2019-01-09,Роснефть,ROSN,9253,1031882301.5,425.0,425.0,428.9,427.7,427.6,427.7,2413050,427.65,427.65,427.7,1031882301.5,1031882301.5,1031882301.5,,3,SUR,0.97,
TQBR,2019-01-10,Роснефть,ROSN,11679,1069755342.5,427.75,424.0,433.0,432.1,429.0,432.1,2493560,429.0,429.0,432.1,1069755342.5,1069755342.5,1069755342.5,,3,SUR,1.03,
TQBR,2019-01-11,Роснефть,ROSN,11177,1231375648.5,432.0,430.2,435.3,434.6,433.75,434.6,2839110,433.7,433.7,434.6,1231375648.5,1231375648.5,1231375648.5,,3,SUR,0.58,
TQBR,2019-01-14,Роснефть,ROSN,12455,1007263070.5,434.05,424.85,434.05,427.9,427.0,427.9,2358220,427.15,427.15,427.9,1007263070.5,1007263070.5,1007263070.5,,3,SUR,-1.54,
TQBR,2019-01-15,Роснефть,ROSN,11033,1219706067.5,428.6,421.3,431.35,424.35,425.9,424.35,2863880,425.9,425.9,424.35,1219706067.5,1219706067.5,1219706067.5,,3,SUR,-0.83,
TQBR,2019-01-16,Роснефть,ROSN,10324,1305901812.5,424.45,420.0,426.9,421.0,422.4,421.0,3091660,422.4,422.4,421.0,1305901812.5,1305901812.5,1305901812.5,,3,SUR,-0.79,
TQBR,2019-01-17,Роснефть,ROSN,13139,1447886673.0,422.0,414.2,422.45,415.9,417.4,415.9,3468970,417.4,417.4,415.9,1447886673.0,1447886673.0,1447886673.0,,3,SUR,-1.21,
TQBR,2019-01-18,Роснефть,ROSN,14319,1890837244.0,419.05,416.35,421.95,419.7,419.3,419.7,4510760,419.2,419.2,419.7,1890837244.0,1890837244.0,1890837244.0,,3,SUR,0.91,
TQBR,2019-01-21,Роснефть,ROSN,9485,1103843528.0,421.1,418.95,424.8,422.3,422.5,422.3,2613040,422.45,422.45,422.3,1103843528.0,1103843528.0,1103843528.0,,3,SUR,0.62,
TQBR,2019-01-22,Роснефть,ROSN,15546,1888508343.0,419.8,413.0,421.05,416.9,416.25,416.9,4536990,416.25,416.25,416.9,1888508343.0,1888508343.0,1888508343.0,,3,SUR,-1.28,
TQBR,2019-01-23,Роснефть,ROSN,10226,1267448211.5,417.0,416.2,421.25,419.9,419.4,419.9,3021470,419.5,419.5,419.9,1267448211.5,1267448211.5,1267448211.5,,3,SUR,0.72,
TQBR,2019-01-24,Роснефть,ROSN,32752,4318265914.5,417.8,405.6,417.8,408.5,409.8,408.5,10537210,409.8,409.8,408.5,4318265914.5,4318265914.5,4318265914.5,,3,SUR,-2.71,
TQBR,2019-01-25,Роснефть,ROSN,16119,2048626351.5,408.3,404.6,414.3,414.0,410.85,414.0,4986550,410.85,410.85,414.0,2048626351.5,2048626351.5,2048626351.5,,3,SUR,1.35,
TQBR,2019-01-28,Роснефть,ROSN,10067,1364573732.5,412.8,408.85,412.9,411.2,410.7,411.2,3322570,410.7,410.7,411.2,1364573732.5,1364573732.5,1364573732.5,,3,SUR,-0.68,
TQBR,2019-01-29,Роснефть,ROSN,13691,1806290441.0,410.0,406.3,413.65,412.9,409.45,412.9,4411530,409.45,409.45,412.9,1806290441.0,1806290441.0,1806290441.0,,3,SUR,0.41,
TQBR,2019-01-30,Роснефть,ROSN,10789,1469049439.0,412.85,411.15,417.15,415.8,414.9,415.8,3540780,414.9,414.9,415.8,1469049439.0,1469049439.0,1469049439.0,,3,SUR,0.7,
TQBR,2019-01-31,Роснефть,ROSN,11100,1421185876.5,417.5,411.25,418.6,411.25,414.55,411.25,3428170,414.55,414.55,411.25,1421185876.5,1421185876.5,1421185876.5,,3,SUR,-1.09,
TQBR,2019-02-01,Роснефть,ROSN,11100,1241810743.5,410.55,407.0,414.85,411.95,412.4,411.95,3011440,412.35,412.35,411.95,1241810743.5,1241810743.5,1241810743.5,,3,SUR,0.17,
TQBR,2019-02-04,Роснефть,ROSN,8934,1390139085.5,412.95,411.0,414.4,411.0,411.85,411.0,3375440,411.85,411.85,411.0,1390139085.5,1390139085.5,1390139085.5,,3,SUR,-0.23,
TQBR,2019-02-05,Роснефть,ROSN,34660,4431344060.5,411.95,409.7,429.75,428.5,424.25,428.5,10446570,424.2,424.2,428.5,4431344060.5,4431344060.5,4431344060.5,,3,SUR,4.26,
TQBR,2019-02-06,Роснефть,ROSN,13892,1815376184.0,429.45,421.1,429.45,421.55,423.7,421.55,4283520,423.8,423.8,421.55,1815376184.0,1815376184.0,1815376184.0,,3,SUR,-1.62,
TQBR,2019-02-07,Роснефть,ROSN,14651,1445687780.5,420.1,411.45,423.9,411.55,416.2,411.55,3473380,416.2,416.2,411.55,1445687780.5,1445687780.5,1445687780.5,,3,SUR,-2.37,
TQBR,2019-02-08,Роснефть,ROSN,9669,965623050.5,410.95,408.5,414.75,411.6,412.25,411.6,2342100,412.3,412.3,411.6,965623050.5,965623050.5,965623050.5,,3,SUR,0.01,
TQBR,2019-02-11,Роснефть,ROSN,12765,1439030880.0,412.0,410.5,418.75,410.5,414.55,410.5,3471100,414.55,414.55,410.5,1439030880.0,1439030880.0,1439030880.0,,3,SUR,-0.27,
TQBR,2019-02-12,Роснефть,ROSN,11996,1631989666.5,410.5,410.2,417.95,414.5,414.85,414.5,3933830,414.85,414.85,414.5,1631989666.5,1631989666.5,1631989666.5,,3,SUR,0.97,
TQBR,2019-02-13,Роснефть,ROSN,26327,2934982122.0,414.95,401.5,416.15,401.6,406.5,401.6,7221730,406.4,406.4,401.6,2934982122.0,2934982122.0,2934982122.0,,3,SUR,-3.11,
TQBR,2019-02-14,Роснефть,ROSN,27324,3228836718.0,394.65,390.75,399.6,394.85,395.3,394.85,8167130,395.35,395.35,394.85,3228836718.0,3228836718.0,3228836718.0,,3,SUR,-1.68,
TQBR,2019-02-15,Роснефть,ROSN,16821,1859328285.0,397.0,397.0,405.35,403.5,400.7,403.5,4641740,400.55,400.55,403.5,1859328285.0,1859328285.0,1859328285.0,,3,SUR,2.19,
TQBR,2019-02-18,Роснефть,ROSN,12593,1415644418.5,403.55,398.7,407.75,405.0,403.3,405.0,3510240,403.3,403.3,405.0,1415644418.5,1415644418.5,1415644418.5,,3,SUR,0.37,
TQBR,2019-02-19,Роснефть,ROSN,10933,1360706499.0,404.8,399.8,408.35,402.95,403.7,402.95,3370750,403.7,403.7,402.95,1360706499.0,1360706499.0,1360706499.0,,3,SUR,-0.51,
TQBR,2019-02-20,Роснефть,ROSN,9651,1118766578.5,403.15,400.15,405.0,402.9,402.65,402.9,2778420,402.65,402.65,402.9,1118766578.5,1118766578.5,1118766578.5,,3,SUR,-0.01,
TQBR,2019-02-21,Роснефть,ROSN,11993,1280398771.0,403.3,395.0,404.8,396.45,399.25,396.45,3206940,399.25,399.25,396.45,1280398771.0,1280398771.0,1280398771.0,,3,SUR,-1.6,
TQBR,2019-02-22,Роснефть,ROSN,10153,1137667678.5,396.45,394.4,402.5,401.5,400.25,401.5,2842690,400.2,400.2,401.5,1137667678.5,1137667678.5,1137667678.5,,3,SUR,1.27,
TQBR,2019-02-25,Роснефть,ROSN,12607,1502865192.0,400.45,395.15,404.15,396.5,398.8,396.5,3768150,398.85,398.85,396.5,1502865192.0,1502865192.0,1502865192.0,,3,SUR,-1.25,
TQBR,2019-02-26,Роснефть,ROSN,10152,1228817989.5,394.95,392.7,399.4,399.0,396.7,399.0,3097610,396.7,396.7,399.0,1228817989.5,1228817989.5,1228817989.5,,3,SUR,0.63,
TQBR,2019-02-27,Роснефть,ROSN,12007,1415023408.0,400.0,397.65,401.0,400.4,399.25,400.4,3544000,399.25,399.25,400.4,1415023408.0,1415023408.0,1415023408.0,,3,SUR,0.35,
TQBR,2019-02-28,Роснефть,ROSN,7850,914189804.0,398.85,395.5,400.95,398.8,397.5,398.8,2299210,397.6,397.6,398.8,914189804.0,914189804.0,914189804.0,,3,SUR,-0.4,
TQBR,2019-03-01,Роснефть,ROSN,7699,718039063.5,399.9,396.0,400.95,398.25,397.65,398.25,1805370,397.7,397.7,398.25,718039063.5,718039063.5,718039063.5,,3,SUR,-0.14,
TQBR,2019-03-04,Роснефть,ROSN,7177,629820367.5,399.4,396.95,400.5,398.05,398.85,398.05,1579050,398.85,398.85,398.05,629820367.5,629820367.5,629820367.5,,3,SUR,-0.05,
TQBR,2019-03-05,Роснефть,ROSN,6747,742216720.0,397.0,395.9,399.55,395.9,397.5,395.9,1867250,397.5,397.5,395.9,742216720.0,742216720.0,742216720.0,,3,SUR,-0.54,
TQBR,2019-03-06,Роснефть,ROSN,9798,1078004667.5,397.15,394.55,403.0,402.3,399.2,402.3,2700450,399.2,399.2,402.3,1078004667.5,1078004667.5,1078004667.5,,3,SUR,1.62,
TQBR,2019-03-07,Роснефть,ROSN,8099,942794534.5,402.0,398.7,402.85,402.0,401.0,402.0,2350970,401.0,401.0,402.0,942794534.5,942794534.5,942794534.5,,3,SUR,-0.07,
TQBR,2019-03-11,Роснефть,ROSN,6935,747526984.0,401.9,397.55,401.95,399.75,399.65,399.75,1870450,399.65,399.65,399.75,747526984.0,747526984.0,747526984.0,,3,SUR,-0.56,
TQBR,2019-03-12,Роснефть,ROSN,11083,1304269420.0,400.0,395.0,400.35,397.5,397.45,397.5,3280860,397.55,397.55,397.5,1304269420.0,1304269420.0,1304269420.0,,3,SUR,-0.56,
TQBR,2019-03-13,Роснефть,ROSN,10215,1015053900.0,397.5,395.6,400.1,400.0,398.2,400.0,2548640,398.25,398.25,400.0,1015053900.0,1015053900.0,1015053900.0,,3,SUR,0.63,
TQBR,2019-03-14,Роснефть,ROSN,15509,2085067885.5,400.3,398.3,407.8,398.3,402.15,398.3,5183580,402.25,402.25,398.3,2085067885.5,2085067885.5,2085067885.5,,3,SUR,-0.42,
TQBR,2019-03-15,Роснефть,ROSN,8138,1437994033.5,401.0,397.4,402.5,401.25,400.0,401.25,3595160,400.0,400.0,401.25,1437994033.5,1437994033.5,1437994033.5,,3,SUR,0.74,
TQBR,2019-03-18,Роснефть,ROSN,10782,1063967488.0,399.7,396.2,399.7,399.0,398.0,399.0,2672370,398.15,398.15,399.0,1063967488.0,1063967488.0,1063967488.0,,3,SUR,-0.56,
TQBR,2019-03-19,Роснефть,ROSN,7233,767532026.0,399.0,396.8,399.85,399.0,398.05,399.0,1928620,397.95,397.95,399.0,767532026.0,767532026.0,767532026.0,,3,SUR,0.0,
TQBR,2019-03-20,Роснефть,ROSN,14182,1631902921.0,399.45,396.8,408.5,408.5,402.85,408.5,4050750,402.85,402.85,408.5,1631902921.0,1631902921.0,1631902921.0,,3,SUR,2.38,
TQBR,2019-03-21,Роснефть,ROSN,16680,2148463328.0,408.0,405.65,410.45,409.5,408.3,409.5,5261910,408.3,408.3,409.5,2148463328.0,2148463328.0,2148463328.0,,3,SUR,0.24,
TQBR,2019-03-22,Роснефть,ROSN,8581,990611146.0,409.9,405.7,410.7,408.4,407.5,408.4,2430970,407.5,407.5,408.4,990611146.0,990611146.0,990611146.0,,3,SUR,-0.27,
TQBR,2019-03-25,Роснефть,ROSN,10334,1332120280.5,405.95,400.0,405.95,404.25,402.7,404.25,3308140,402.7,402.7,404.25,1332120280.5,1332120280.5,1332120280.5,,3,SUR,-1.02,
TQBR,2019-03-26,Роснефть,ROSN,6580,819723112.5,404.0,402.15,409.7,405.2,407.2,405.2,2012970,407.2,407.2,405.2,819723112.5,819723112.5,819723112.5,,3,SUR,0.24,
TQBR,2019-03-27,Роснефть,ROSN,8585,1115904101.0,405.55,402.55,408.0,404.35,405.2,404.35,2753970,405.2,405.2,404.35,1115904101.0,1115904101.0,1115904101.0,,3,SUR,-0.21,
TQBR,2019-03-28,Роснефть,ROSN,6787,750914949.0,404.55,404.0,409.3,407.5,407.1,407.5,1844000,407.2,407.2,407.5,750914949.0,750914949.0,750914949.0,,3,SUR,0.78,
TQBR,2019-03-29,Роснефть,ROSN,12314,1906659780.5,407.75,406.05,412.9,412.0,409.7,412.0,4653870,409.7,409.7,412.0,1906659780.5,1906659780.5,1906659780.5,,3,SUR,1.1,
TQBR,2019-04-01,Роснефть,ROSN,16156,2106223586.0,413.0,411.9,421.25,419.7,418.35,419.7,5034740,418.35,418.35,419.7,2106223586.0,2106223586.0,2106223586.0,,3,SUR,1.87,
TQBR,2019-04-02,Роснефть,ROSN,8680,1034190348.5,420.0,416.6,423.2,418.0,419.5,418.0,2465170,419.5,419.5,418.0,1034190348.5,1034190348.5,1034190348.5,,3,SUR,-0.41,
TQBR,2019-04-03,Роснефть,ROSN,7103,934325452.5,419.5,417.3,421.7,417.95,419.45,417.95,2227390,419.45,419.45,417.95,934325452.5,934325452.5,934325452.5,,3,SUR,-0.01,
TQBR,2019-04-04,Роснефть,ROSN,8265,1114343309.5,418.1,416.95,423.75,422.45,421.4,422.45,2644330,421.4,421.4,422.45,1114343309.5,1114343309.5,1114343309.5,,3,SUR,1.08,
TQBR,2019-04-05,Роснефть,ROSN,8674,1074991608.5,422.85,421.1,425.75,421.5,423.6,421.5,2538520,423.45,423.45,421.5,1074991608.5,1074991608.5,1074991608.5,,3,SUR,-0.22,
TQBR,2019-04-08,Роснефть,ROSN,8774,1241552478.5,423.0,418.2,425.4,420.9,421.35,420.9,2946680,421.35,421.35,420.9,1241552478.5,1241552478.5,1241552478.5,,3,SUR,-0.14,
TQBR,2019-04-09,Роснефть,ROSN,13870,1787791141.5,422.0,413.6,423.85,415.9,417.25,415.9,4284580,417.25,417.25,415.9,1787791141.5,1787791141.5,1787791141.5,,3,SUR,-1.19,
TQBR,2019-04-10,Роснефть,ROSN,11402,1358828024.5,415.05,413.85,425.5,425.5,421.05,425.5,3227420,421.05,421.05,425.5,1358828024.5,1358828024.5,1358828024.5,,3,SUR,2.31,
TQBR,2019-04-11,Роснефть,ROSN,18110,2581320959.0,425.5,424.0,436.25,431.0,431.45,431.0,5982950,431.45,431.45,431.0,2581320959.0,2581320959.0,2581320959.0,,3,SUR,1.29,
TQBR,2019-04-12,Роснефть,ROSN,12424,1632073850.5,433.0,430.0,437.25,432.5,433.7,432.5,3762950,433.7,433.7,432.5,1632073850.5,1632073850.5,1632073850.5,,3,SUR,0.35,
TQBR,2019-04-15,Роснефть,ROSN,9304,1233847246.0,432.0,426.4,434.9,428.9,430.95,428.9,2863880,430.85,430.85,428.9,1233847246.0,1233847246.0,1233847246.0,,3,SUR,-0.83,
TQBR,2019-04-16,Роснефть,ROSN,15253,2240575849.0,430.0,428.55,436.7,435.15,433.0,435.15,5174360,433.0,433.0,435.15,2240575849.0,2240575849.0,2240575849.0,,3,SUR,1.46,
TQBR,2019-04-17,Роснефть,ROSN,11420,1563792082.5,437.4,435.75,441.0,436.5,438.55,436.5,3565870,438.55,438.55,436.5,1563792082.5,1563792082.5,1563792082.5,,3,SUR,0.31,
TQBR,2019-04-18,Роснефть,ROSN,8198,1034831825.5,435.65,432.55,437.75,435.65,434.8,435.65,2379960,434.8,434.8,435.65,1034831825.5,1034831825.5,1034831825.5,,3,SUR,-0.19,
TQBR,2019-04-19,Роснефть,ROSN,4755,504552744.5,437.0,431.1,437.0,432.0,433.05,432.0,1165030,433.1,433.1,432.0,504552744.5,504552744.5,504552744.5,,3,SUR,-0.84,
TQBR,2019-04-22,Роснефть,ROSN,8240,1047627081.5,434.75,432.95,440.95,439.6,438.5,439.6,2388950,438.55,438.55,439.6,1047627081.5,1047627081.5,1047627081.5,,3,SUR,1.76,
TQBR,2019-04-23,Роснефть,ROSN,17434,2620658837.0,440.95,437.7,449.0,441.0,443.4,441.0,5910290,443.4,443.4,441.0,2620658837.0,2620658837.0,2620658837.0,,3,SUR,0.32,
TQBR,2019-04-24,Роснефть,ROSN,9682,1445691242.0,442.0,436.7,442.0,441.3,438.9,441.3,3294060,438.9,438.9,441.3,1445691242.0,1445691242.0,1445691242.0,,3,SUR,0.07,
TQBR,2019-04-25,Роснефть,ROSN,11748,1571165527.0,441.0,432.95,441.2,436.0,437.3,436.0,3592700,437.3,437.3,436.0,1571165527.0,1571165527.0,1571165527.0,,3,SUR,-1.2,
TQBR,2019-04-26,Роснефть,ROSN,10369,1596853936.5,435.1,428.05,435.35,434.45,431.85,434.45,3697730,431.85,431.85,434.45,1596853936.5,1596853936.5,1596853936.5,,3,SUR,-0.36,
TQBR,2019-04-29,Роснефть,ROSN,5658,689122789.5,433.0,429.5,435.75,433.7,432.1,433.7,1594870,432.1,432.1,433.7,689122789.5,689122789.5,689122789.5,,3,SUR,-0.17,
TQBR,2019-04-30,Роснефть,ROSN,10179,1534610879.0,433.95,426.8,434.4,428.8,429.05,428.8,3576650,429.05,429.05,428.8,1534610879.0,1534610879.0,1534610879.0,,3,SUR,-1.13,
TQBR,2019-05-02,Роснефть,ROSN,9110,1270408116.0,427.75,421.8,427.8,423.25,423.5,423.25,2999910,423.5,423.5,423.25,1270408116.0,1270408116.0,1270408116.0,,3,SUR,-1.29,
TQBR,2019-05-03,Роснефть,ROSN,6929,684621969.0,425.15,421.8,427.6,423.55,424.2,423.55,1613880,424.2,424.2,423.55,684621969.0,684621969.0,684621969.0,,3,SUR,0.07,
TQBR,2019-05-06,Роснефть,ROSN,5940,607064724.0,421.2,418.0,425.4,425.0,421.2,425.0,1441260,421.2,421.2,425.0,607064724.0,607064724.0,607064724.0,,3,SUR,0.34,
TQBR,2019-05-07,Роснефть,ROSN,9444,1210013401.0,426.75,416.9,427.25,422.0,421.2,422.0,2872860,421.2,421.2,422.0,1210013401.0,1210013401.0,1210013401.0,,3,SUR,-0.71,
TQBR,2019-05-08,Роснефть,ROSN,7487,946574398.0,421.5,418.05,423.8,420.4,421.2,420.4,2247390,421.2,421.2,420.4,946574398.0,946574398.0,946574398.0,,3,SUR,-0.38,
TQBR,2019-05-10,Роснефть,ROSN,7923,903160177.0,420.0,413.55,423.15,413.75,415.85,413.75,2171810,415.85,415.85,413.75,903160177.0,903160177.0,903160177.0,,3,SUR,-1.58,
TQBR,2019-05-13,Роснефть,ROSN,12233,1617973812.5,415.0,414.25,423.05,417.2,419.75,417.2,3855490,419.65,419.65,417.2,1617973812.5,1617973812.5,1617973812.5,,3,SUR,0.83,
TQBR,2019-05-14,Роснефть,ROSN,9322,1347630168.0,420.0,419.55,422.8,420.95,420.85,420.95,3202400,420.8,420.8,420.95,1347630168.0,1347630168.0,1347630168.0,,3,SUR,0.9,
TQBR,2019-05-15,Роснефть,ROSN,11894,1590223044.0,421.85,413.1,421.85,413.7,415.5,413.7,3827440,415.5,415.5,413.7,1590223044.0,1590223044.0,1590223044.0,,3,SUR,-1.72,
TQBR,2019-05-16,Роснефть,ROSN,10208,1552668218.0,413.7,410.6,415.4,412.0,413.25,412.0,3757280,413.25,413.25,412.0,1552668218.0,1552668218.0,1552668218.0,,3,SUR,-0.41,
TQBR,2019-05-17,Роснефть,ROSN,7431,1002755092.5,411.0,410.6,415.6,413.0,413.7,413.0,2424170,413.65,413.65,413.0,1002755092.5,1002755092.5,1002755092.5,,3,SUR,0.24,
TQBR,2019-05-20,Роснефть,ROSN,7401,933717563.5,414.4,408.1,415.45,408.2,410.95,408.2,2272060,410.95,410.95,408.2,933717563.5,933717563.5,933717563.5,,3,SUR,-1.16,
TQBR,2019-05-21,Роснефть,ROSN,11767,1636799412.0,409.35,408.0,420.0,415.95,416.15,415.95,3933530,416.1,416.1,415.95,1636799412.0,1636799412.0,1636799412.0,,3,SUR,1.9,
TQBR,2019-05-22,Роснефть,ROSN,9410,1293369223.5,416.5,413.6,420.35,414.0,416.8,414.0,3103260,416.8,416.8,414.0,1293369223.5,1293369223.5,1293369223.5,,3,SUR,-0.47,
TQBR,2019-05-23,Роснефть,ROSN,11716,1610054207.5,413.65,411.8,420.0,417.05,416.15,417.05,3869040,416.15,416.15,417.05,1610054207.5,1610054207.5,1610054207.5,,3,SUR,0.74,
TQBR,2019-05-24,Роснефть,ROSN,10627,1435419692.5,418.1,417.3,427.85,423.0,424.15,423.0,3384130,424.15,424.15,423.0,1435419692.5,1435419692.5,1435419692.5,,3,SUR,1.43,
TQBR,2019-05-27,Роснефть,ROSN,3246,314548185.5,422.0,422.0,426.55,425.4,424.6,425.4,740780,424.6,424.6,425.4,314548185.5,314548185.5,314548185.5,,3,SUR,0.57,
TQBR,2019-05-28,Роснефть,ROSN,15767,3262493262.0,423.9,423.9,435.75,431.8,431.7,431.8,7557090,431.7,431.7,431.8,3262493262.0,3262493262.0,3262493262.0,,3,SUR,1.5,
TQBR,2019-05-29,Роснефть,ROSN,12242,2065576825.0,429.0,426.8,437.0,437.0,433.85,437.0,4761820,433.8,433.8,437.0,2065576825.0,2065576825.0,2065576825.0,,3,SUR,1.2,
TQBR,2019-05-30,Роснефть,ROSN,10102,1510365653.0,440.0,437.0,440.95,439.0,439.05,439.0,3440340,439.0,439.0,439.0,1510365653.0,1510365653.0,1510365653.0,,3,SUR,0.46,
TQBR,2019-05-31,Роснефть,ROSN,12552,1888973732.5,436.5,428.3,438.1,433.0,431.9,433.0,4372670,432.0,432.0,433.0,1888973732.5,1888973732.5,1888973732.5,,3,SUR,-1.37,
TQBR,2019-06-03,Роснефть,ROSN,14351,2603277676.0,428.0,424.35,438.9,438.9,430.8,438.9,6040470,430.95,430.95,438.9,2603277676.0,2603277676.0,2603277676.0,,3,SUR,1.36,
TQBR,2019-06-04,Роснефть,ROSN,16144,2636105464.5,438.3,433.5,445.05,435.0,438.35,435.0,6013530,438.35,438.35,435.0,2636105464.5,2636105464.5,2636105464.5,,3,SUR,-0.89,
TQBR,2019-06-05,Роснефть,ROSN,10113,1240222487.5,436.0,425.65,436.0,426.2,429.25,426.2,2888490,429.35,429.35,426.2,1240222487.5,1240222487.5,1240222487.5,,3,SUR,-2.02,
TQBR,2019-06-06,Роснефть,ROSN,14341,1863959963.5,427.0,419.6,428.4,422.9,423.25,422.9,4404110,423.25,423.25,422.9,1863959963.5,1863959963.5,1863959963.5,,3,SUR,-0.77,
TQBR,2019-06-07,Роснефть,ROSN,16550,2201898610.0,425.4,419.3,426.55,419.55,422.3,419.55,5214090,422.3,422.3,419.55,2201898610.0,2201898610.0,2201898610.0,,3,SUR,-0.79,
TQBR,2019-06-10,Роснефть,ROSN,9777,1105563373.0,421.7,420.1,424.25,422.0,421.75,422.0,2621260,421.75,421.75,422.0,1105563373.0,1105563373.0,1105563373.0,,3,SUR,0.58,
TQBR,2019-06-11,Роснефть,ROSN,11233,1624073385.5,421.95,420.75,425.5,422.9,422.65,422.9,3842630,422.65,422.65,422.9,1624073385.5,1624073385.5,1624073385.5,,3,SUR,0.21,
TQBR,2019-06-13,Роснефть,ROSN,14332,2093126776.5,421.35,420.15,425.6,422.0,422.85,422.0,4950130,422.85,422.85,422.0,2093126776.5,2093126776.5,2093126776.5,,3,SUR,-0.21,
TQBR,2019-06-14,Роснефть,ROSN,24792,2824844779.5,414.8,408.0,416.65,408.0,412.5,408.0,6848050,412.5,412.5,408.0,2824844779.5,2824844779.5,2824844779.5,,3,SUR,-3.32,
TQBR,2019-06-17,Роснефть,ROSN,18098,2142188590.5,409.55,407.8,415.0,408.1,410.6,408.1,5217150,410.6,410.6,408.1,2142188590.5,2142188590.5,2142188590.5,,3,SUR,0.02,
TQBR,2019-06-18,Роснефть,ROSN,15120,1889795086.5,408.5,407.1,411.7,411.7,409.4,411.7,4615800,409.4,409.4,411.7,1889795086.5,1889795086.5,1889795086.5,,3,SUR,0.88,
TQBR,2019-06-19,Роснефть,ROSN,13248,1430493800.0,411.95,408.0,412.75,409.25,409.7,409.25,3491600,409.7,409.7,409.25,1430493800.0,1430493800.0,1430493800.0,,3,SUR,-0.6,
TQBR,2019-06-20,Роснефть,ROSN,26012,3715800292.0,411.1,409.45,419.75,419.75,415.0,419.75,8955030,414.95,414.95,419.75,3715800292.0,3715800292.0,3715800292.0,,3,SUR,2.57,
TQBR,2019-06-21,Роснефть,ROSN,11357,2203138931.0,419.2,414.55,420.0,419.1,417.9,419.1,5271740,417.9,417.9,419.1,2203138931.0,2203138931.0,2203138931.0,,3,SUR,-0.15,
TQBR,2019-06-24,Роснефть,ROSN,8329,1243085906.0,419.0,415.5,420.75,416.45,417.45,416.45,2977930,417.45,417.45,416.45,1243085906.0,1243085906.0,1243085906.0,,3,SUR,-0.63,
TQBR,2019-06-25,Роснефть,ROSN,8528,1074716857.0,415.0,410.4,415.6,412.15,412.35,412.15,2606180,412.35,412.35,412.15,1074716857.0,1074716857.0,1074716857.0,,3,SUR,-1.03,
TQBR,2019-06-26,Роснефть,ROSN,11112,1512399272.5,413.1,412.55,417.8,415.9,415.7,415.9,3638530,415.65,415.65,415.9,1512399272.5,1512399272.5,1512399272.5,,3,SUR,0.91,
TQBR,2019-06-27,Роснефть,ROSN,9368,1107879042.5,417.05,412.75,418.4,415.1,415.4,415.1,2667080,415.4,415.4,415.1,1107879042.5,1107879042.5,1107879042.5,,3,SUR,-0.19,
TQBR,2019-06-28,Роснефть,ROSN,7163,802280966.5,415.0,412.6,415.5,414.5,413.8,414.5,1938710,413.8,413.8,414.5,802280966.5,802280966.5,802280966.5,,3,SUR,-0.14,
TQBR,2019-07-01,Роснефть,ROSN,12559,1718085773.0,417.5,416.3,422.8,417.8,419.8,417.8,4092820,419.8,419.8,417.8,1718085773.0,1718085773.0,1718085773.0,,3,SUR,0.8,
TQBR,2019-07-02,Роснефть,ROSN,7069,875376875.5,417.85,415.1,420.15,417.0,417.1,417.0,2098800,417.1,417.1,417.0,875376875.5,875376875.5,875376875.5,,3,SUR,-0.19,
TQBR,2019-07-03,Роснефть,ROSN,8958,1133698909.5,416.9,414.75,422.2,420.0,419.6,420.0,2701800,419.6,419.6,420.0,1133698909.5,1133698909.5,1133698909.5,,3,SUR,0.72,
TQBR,2019-07-04,Роснефть,ROSN,5849,734135802.0,421.8,417.85,422.85,422.55,421.45,422.55,1742000,421.45,421.45,422.55,734135802.0,734135802.0,734135802.0,,3,SUR,0.61,
TQBR,2019-07-05,Роснефть,ROSN,10275,1434613085.5,422.9,416.3,424.55,418.65,419.75,418.65,3418740,419.65,419.65,418.65,1434613085.5,1434613085.5,1434613085.5,,3,SUR,-0.92,
TQBR,2019-07-08,Роснефть,ROSN,8661,1140143276.0,417.95,417.2,421.9,419.25,420.1,419.25,2714100,420.1,420.1,419.25,1140143276.0,1140143276.0,1140143276.0,,3,SUR,0.14,
TQBR,2019-07-09,Роснефть,ROSN,7422,934571941.5,419.1,419.1,424.5,420.95,422.1,420.95,2214720,422.0,422.0,420.95,934571941.5,934571941.5,934571941.5,,3,SUR,0.41,
TQBR,2019-07-10,Роснефть,ROSN,9743,1405124314.5,421.75,419.2,425.9,423.25,423.4,423.25,3318820,423.4,423.4,423.25,1405124314.5,1405124314.5,1405124314.5,,3,SUR,0.55,
TQBR,2019-07-11,Роснефть,ROSN,8294,1256210996.5,425.1,417.3,425.1,418.4,420.25,418.4,2989220,420.25,420.25,418.4,1256210996.5,1256210996.5,1256210996.5,,3,SUR,-1.15,
TQBR,2019-07-12,Роснефть,ROSN,6416,839030685.5,418.4,415.05,421.3,419.25,418.75,419.25,2003650,418.75,418.75,419.25,839030685.5,839030685.5,839030685.5,,3,SUR,0.2,
TQBR,2019-07-15,Роснефть,ROSN,4913,539566072.5,421.3,418.2,422.3,418.4,419.75,418.4,1285620,419.7,419.7,418.4,539566072.5,539566072.5,539566072.5,,3,SUR,-0.2,
TQBR,2019-07-16,Роснефть,ROSN,4297,494026199.0,417.9,417.85,420.8,420.4,419.75,420.4,1176960,419.75,419.75,420.4,494026199.0,494026199.0,494026199.0,,3,SUR,0.48,
TQBR,2019-07-17,Роснефть,ROSN,6623,1006034768.0,418.55,416.5,421.1,421.1,419.55,421.1,2398020,419.55,419.55,421.1,1006034768.0,1006034768.0,1006034768.0,,3,SUR,0.17,
TQBR,2019-07-18,Роснефть,ROSN,5656,796956110.5,420.35,416.7,421.25,417.0,418.35,417.0,1905000,418.35,418.35,417.0,796956110.5,796956110.5,796956110.5,,3,SUR,-0.97,
TQBR,2019-07-19,Роснефть,ROSN,4207,494271581.5,418.75,418.1,420.65,420.45,419.8,420.45,1177370,419.8,419.8,420.45,494271581.5,494271581.5,494271581.5,,3,SUR,0.83,
TQBR,2019-07-22,Роснефть,ROSN,4836,675343014.0,416.0,415.25,423.95,420.45,421.85,420.45,1600980,421.85,421.85,420.45,675343014.0,675343014.0,675343014.0,,3,SUR,0.0,
TQBR,2019-07-23,Роснефть,ROSN,11115,1551444159.5,420.75,420.6,431.15,428.0,428.25,428.0,3622760,428.25,428.25,428.0,1551444159.5,1551444159.5,1551444159.5,,3,SUR,1.8,
TQBR,2019-07-24,Роснефть,ROSN,5191,690379492.0,428.6,426.1,429.85,427.6,427.75,427.6,1613330,427.9,427.9,427.6,690379492.0,690379492.0,690379492.0,,3,SUR,-0.09,
TQBR,2019-07-25,Роснефть,ROSN,6449,931314992.5,428.45,425.6,429.45,428.95,427.65,428.95,2177790,427.65,427.65,428.95,931314992.5,931314992.5,931314992.5,,3,SUR,0.32,
TQBR,2019-07-26,Роснефть,ROSN,8961,991038159.5,428.95,423.5,429.85,423.5,427.35,423.5,2319080,427.35,427.35,423.5,991038159.5,991038159.5,991038159.5,,3,SUR,-1.27,
TQBR,2019-07-29,Роснефть,ROSN,5427,584658781.5,424.1,420.05,425.5,421.9,422.35,421.9,1384360,422.35,422.35,421.9,584658781.5,584658781.5,584658781.5,,3,SUR,-0.38,
TQBR,2019-07-30,Роснефть,ROSN,6057,471156353.0,422.8,418.15,423.1,420.45,420.5,420.45,1120510,420.5,420.5,420.45,471156353.0,471156353.0,471156353.0,,3,SUR,-0.34,
TQBR,2019-07-31,Роснефть,ROSN,5682,698305051.0,420.5,418.7,422.7,421.95,421.25,421.95,1657620,421.25,421.25,421.95,698305051.0,698305051.0,698305051.0,,3,SUR,0.36,
TQBR,2019-08-01,Роснефть,ROSN,7546,659688041.0,419.5,417.2,421.1,419.4,418.5,419.4,1575940,418.6,418.6,419.4,659688041.0,659688041.0,659688041.0,,3,SUR,-0.6,
TQBR,2019-08-02,Роснефть,ROSN,17751,2059995752.5,416.9,411.75,418.0,411.75,414.3,411.75,4972330,414.3,414.3,411.75,2059995752.5,2059995752.5,2059995752.5,,3,SUR,-1.82,
TQBR,2019-08-05,Роснефть,ROSN,21072,1901589199.5,411.5,405.7,413.85,406.3,408.65,406.3,4653170,408.65,408.65,406.3,1901589199.5,1901589199.5,1901589199.5,,3,SUR,-1.32,
TQBR,2019-08-06,Роснефть,ROSN,15761,1650015535.0,407.05,406.55,412.35,412.0,409.75,412.0,4026310,409.8,409.8,412.0,1650015535.0,1650015535.0,1650015535.0,,3,SUR,1.4,
TQBR,2019-08-07,Роснефть,ROSN,18008,1994090747.0,411.05,405.35,411.45,406.55,408.2,406.55,4885090,408.2,408.2,406.55,1994090747.0,1994090747.0,1994090747.0,,3,SUR,-1.32,
TQBR,2019-08-08,Роснефть,ROSN,10744,1097601989.0,408.1,406.6,409.6,406.6,408.4,406.6,2687430,408.4,408.4,406.6,1097601989.0,1097601989.0,1097601989.0,,3,SUR,0.01,
TQBR,2019-08-09,Роснефть,ROSN,11170,1018305140.0,407.5,404.3,407.95,404.6,405.8,404.6,2509270,405.8,405.8,404.6,1018305140.0,1018305140.0,1018305140.0,,3,SUR,-0.49,
TQBR,2019-08-12,Роснефть,ROSN,11885,1430304809.5,405.0,401.4,407.3,402.4,403.75,402.4,3542730,403.75,403.75,402.4,1430304809.5,1430304809.5,1430304809.5,,3,SUR,-0.54,
TQBR,2019-08-13,Роснефть,ROSN,12287,1489465214.0,402.4,400.7,408.45,405.3,405.0,405.3,3677470,405.0,405.0,405.3,1489465214.0,1489465214.0,1489465214.0,,3,SUR,0.72,
TQBR,2019-08-14,Роснефть,ROSN,16193,2134633414.5,406.0,397.7,407.0,400.15,402.0,400.15,5310260,402.0,402.0,400.15,2134633414.5,2134633414.5,2134633414.5,,3,SUR,-1.27,
TQBR,2019-08-15,Роснефть,ROSN,12854,1315046112.5,402.2,400.05,405.2,404.25,403.05,404.25,3263050,403.0,403.0,404.25,1315046112.5,1315046112.5,1315046112.5,,3,SUR,1.02,
TQBR,2019-08-16,Роснефть,ROSN,9348,1029617429.0,405.55,404.0,406.8,404.75,405.6,404.75,2538360,405.6,405.6,404.75,1029617429.0,1029617429.0,1029617429.0,,3,SUR,0.12,
TQBR,2019-08-19,Роснефть,ROSN,12367,1752286868.5,406.45,402.3,407.85,404.0,404.35,404.0,4333690,404.35,404.35,404.0,1752286868.5,1752286868.5,1752286868.5,,3,SUR,-0.19,
TQBR,2019-08-20,Роснефть,ROSN,14499,1824747787.0,405.45,404.75,409.95,407.9,406.95,407.9,4483930,406.95,406.95,407.9,1824747787.0,1824747787.0,1824747787.0,,3,SUR,0.97,
TQBR,2019-08-21,Роснефть,ROSN,18642,2145469468.0,416.95,410.0,416.95,410.4,412.65,410.4,5199950,412.6,412.6,410.4,2145469468.0,2145469468.0,2145469468.0,,3,SUR,0.61,
TQBR,2019-08-22,Роснефть,ROSN,15765,1308619451.0,410.4,406.0,411.65,406.0,408.1,406.0,3206680,408.1,408.1,406.0,1308619451.0,1308619451.0,1308619451.0,,3,SUR,-1.07,
TQBR,2019-08-23,Роснефть,ROSN,12432,1288510314.0,407.3,404.4,408.35,405.6,406.4,405.6,3170390,406.4,406.4,405.6,1288510314.0,1288510314.0,1288510314.0,,3,SUR,-0.1,
TQBR,2019-08-26,Роснефть,ROSN,6612,686475199.5,403.0,402.95,406.95,405.7,405.7,405.7,1692070,405.7,405.7,405.7,686475199.5,686475199.5,686475199.5,,3,SUR,0.02,
TQBR,2019-08-27,Роснефть,ROSN,11450,1968536483.0,406.5,403.1,406.5,406.5,405.55,406.5,4854590,405.5,405.5,406.5,1968536483.0,1968536483.0,1968536483.0,,3,SUR,0.2,
TQBR,2019-08-28,Роснефть,ROSN,14718,1510017433.5,406.45,403.8,406.8,404.8,405.0,404.8,3728780,404.95,404.95,404.8,1510017433.5,1510017433.5,1510017433.5,,3,SUR,-0.42,
TQBR,2019-08-29,Роснефть,ROSN,10825,1350553234.0,405.0,404.8,408.0,406.25,406.2,406.25,3324820,406.2,406.2,406.25,1350553234.0,1350553234.0,1350553234.0,,3,SUR,0.36,
TQBR,2019-08-30,Роснефть,ROSN,11866,1401613420.5,406.45,405.7,409.35,406.95,407.2,406.95,3442290,407.15,407.15,406.95,1401613420.5,1401613420.5,1401613420.5,,3,SUR,0.17,
TQBR,2019-09-02,Роснефть,ROSN,16615,2126711569.5,407.0,406.0,413.2,412.0,409.95,412.0,5187190,410.0,410.0,412.0,2126711569.5,2126711569.5,2126711569.5,,3,SUR,1.24,
TQBR,2019-09-03,Роснефть,ROSN,13415,1494309267.5,411.85,406.95,412.0,410.4,409.35,410.4,3651670,409.2,409.2,410.4,1494309267.5,1494309267.5,1494309267.5,,3,SUR,-0.39,
TQBR,2019-09-04,Роснефть,ROSN,14372,1692162195.5,411.5,411.35,415.9,414.65,414.05,414.65,4088810,413.85,413.85,414.65,1692162195.5,1692162195.5,1692162195.5,,3,SUR,1.04,
TQBR,2019-09-05,Роснефть,ROSN,17093,2036330765.0,416.5,414.65,420.55,418.3,418.35,418.3,4868480,418.25,418.25,418.3,2036330765.0,2036330765.0,2036330765.0,,3,SUR,0.88,
TQBR,2019-09-06,Роснефть,ROSN,14002,1584955085.0,418.05,415.9,422.9,422.9,419.8,422.9,3775590,419.8,419.8,422.9,1584955085.0,1584955085.0,1584955085.0,,3,SUR,1.1,
TQBR,2019-09-09,Роснефть,ROSN,8666,1023178202.0,424.0,420.7,424.45,423.9,422.6,423.9,2421150,422.6,422.6,423.9,1023178202.0,1023178202.0,1023178202.0,,3,SUR,0.24,
TQBR,2019-09-10,Роснефть,ROSN,15989,1881392382.0,423.8,416.15,423.85,418.0,418.95,418.0,4492560,418.8,418.8,418.0,1881392382.0,1881392382.0,1881392382.0,,3,SUR,-1.39,
TQBR,2019-09-11,Роснефть,ROSN,13369,1482978572.0,417.1,413.65,419.45,416.1,417.05,416.1,3555070,417.15,417.15,416.1,1482978572.0,1482978572.0,1482978572.0,,3,SUR,-0.45,
TQBR,2019-09-12,Роснефть,ROSN,20373,2282896565.0,416.15,409.4,417.3,412.05,413.15,412.05,5524440,413.25,413.25,412.05,2282896565.0,2282896565.0,2282896565.0,,3,SUR,-0.97,
TQBR,2019-09-13,Роснефть,ROSN,9555,998989837.0,412.0,408.85,412.8,410.05,410.25,410.05,2434620,410.35,410.35,410.05,998989837.0,998989837.0,998989837.0,,3,SUR,-0.49,
TQBR,2019-09-16,Роснефть,ROSN,43186,7471738463.5,418.5,415.05,431.3,429.7,425.15,429.7,17572690,425.2,425.2,429.7,7471738463.5,7471738463.5,7471738463.5,,3,SUR,4.79,
TQBR,2019-09-17,Роснефть,ROSN,40700,6739588017.0,431.85,424.0,440.9,428.1,432.55,428.1,15588740,432.35,432.35,428.1,6739588017.0,6739588017.0,6739588017.0,,3,SUR,-0.37,
TQBR,2019-09-18,Роснефть,ROSN,12978,1879383229.5,428.5,423.5,429.7,426.0,426.0,426.0,4412450,425.95,425.95,426.0,1879383229.5,1879383229.5,1879383229.5,,3,SUR,-0.49,
TQBR,2019-09-19,Роснефть,ROSN,17203,2041147595.5,425.0,424.55,428.8,427.0,426.7,427.0,4783790,426.7,426.7,427.0,2041147595.5,2041147595.5,2041147595.5,,3,SUR,0.23,
TQBR,2019-09-20,Роснефть,ROSN,5729,1311659269.5,426.8,425.05,428.3,428.3,427.2,428.3,3070370,427.2,427.2,428.3,1311659269.5,1311659269.5,1311659269.5,,3,SUR,0.3,
TQBR,2019-09-23,Роснефть,ROSN,18857,2085533601.0,428.3,423.7,430.0,428.75,426.5,428.75,4889900,426.5,426.5,428.75,2085533601.0,2085533601.0,2085533601.0,,3,SUR,0.11,
TQBR,2019-09-24,Роснефть,ROSN,15482,1737231308.5,431.05,423.6,431.5,425.5,426.35,425.5,4074760,426.35,426.35,425.5,1737231308.5,1737231308.5,1737231308.5,,3,SUR,-0.76,
TQBR,2019-09-25,Роснефть,ROSN,11347,1631333551.0,424.4,421.85,424.65,424.5,423.25,424.5,3854470,423.25,423.25,424.5,1631333551.0,1631333551.0,1631333551.0,,3,SUR,-0.24,
TQBR,2019-09-26,Роснефть,ROSN,7568,896768928.5,424.55,422.05,425.95,422.55,423.85,422.55,2115790,423.85,423.85,422.55,896768928.5,896768928.5,896768928.5,,3,SUR,-0.46,
TQBR,2019-09-27,Роснефть,ROSN,5221,733054281.0,422.5,422.2,424.75,422.5,423.2,422.5,1732210,423.2,423.2,422.5,733054281.0,733054281.0,733054281.0,,3,SUR,-0.01,
TQBR,2019-09-30,Роснефть,ROSN,6977,982098165.5,422.2,419.3,422.5,419.3,420.7,419.3,2334340,420.7,420.7,419.3,982098165.5,982098165.5,982098165.5,,3,SUR,-0.76,
TQBR,2019-10-01,Роснефть,ROSN,6796,1026716539.5,420.35,419.9,423.25,420.65,421.65,420.65,2434990,421.65,421.65,420.65,1026716539.5,1026716539.5,1026716539.5,,3,SUR,0.32,
TQBR,2019-10-02,Роснефть,ROSN,9008,1432681578.0,420.65,415.8,422.25,417.55,418.45,417.55,3423590,418.45,418.45,417.55,1432681578.0,1432681578.0,1432681578.0,,3,SUR,-0.74,
TQBR,2019-10-03,Роснефть,ROSN,10453,1571771389.0,416.75,410.7,417.8,413.1,413.45,413.1,3801380,413.45,413.45,413.1,1571771389.0,1571771389.0,1571771389.0,,3,SUR,-1.07,
TQBR,2019-10-04,Роснефть,ROSN,9969,1214009184.5,415.3,413.1,419.2,415.0,416.55,415.0,2914480,416.55,416.55,415.0,1214009184.5,1214009184.5,1214009184.5,,3,SUR,0.46,
TQBR,2019-10-07,Роснефть,ROSN,11394,1440808832.0,416.7,414.55,422.9,418.5,419.8,418.5,3432460,419.75,419.75,418.5,1440808832.0,1440808832.0,1440808832.0,,3,SUR,0.84,
TQBR,2019-10-08,Роснефть,ROSN,7834,1109370436.0,418.85,418.6,421.9,419.5,420.0,419.5,2641420,420.0,420.0,419.5,1109370436.0,1109370436.0,1109370436.0,,3,SUR,0.24,
TQBR,2019-10-09,Роснефть,ROSN,9037,1178734038.5,420.35,419.3,422.0,421.15,420.65,421.15,2802010,420.65,420.65,421.15,1178734038.5,1178734038.5,1178734038.5,,3,SUR,0.39,
TQBR,2019-10-10,Роснефть,ROSN,16509,2079268520.0,409.95,407.05,411.6,409.0,408.65,409.0,5087850,408.65,408.65,409.0,2079268520.0,2079268520.0,2079268520.0,,3,SUR,-2.88,
TQBR,2019-10-11,Роснефть,ROSN,9741,1473447779.5,410.75,409.6,412.7,411.65,411.2,411.65,3582330,411.3,411.3,411.65,1473447779.5,1473447779.5,1473447779.5,,3,SUR,0.65,
TQBR,2019-10-14,Роснефть,ROSN,7073,808514031.0,411.65,410.25,414.0,413.4,412.7,413.4,1960300,412.45,412.45,413.4,808514031.0,808514031.0,808514031.0,,3,SUR,0.43,
TQBR,2019-10-15,Роснефть,ROSN,6148,835288811.0,412.45,411.1,413.6,411.65,412.5,411.65,2025340,412.4,412.4,411.65,835288811.0,835288811.0,835288811.0,,3,SUR,-0.42,
TQBR,2019-10-16,Роснефть,ROSN,11103,1277534548.5,413.0,410.3,415.5,414.95,412.95,414.95,3092880,413.05,413.05,414.95,1277534548.5,1277534548.5,1277534548.5,,3,SUR,0.8,
TQBR,2019-10-17,Роснефть,ROSN,9835,1230110601.5,414.9,413.2,418.6,417.65,416.85,417.65,2951090,416.85,416.85,417.65,1230110601.5,1230110601.5,1230110601.5,,3,SUR,0.65,
TQBR,2019-10-18,Роснефть,ROSN,5921,727648760.5,417.65,414.15,417.7,415.0,415.45,415.0,1751370,415.45,415.45,415.0,727648760.5,727648760.5,727648760.5,,3,SUR,-0.63,
TQBR,2019-10-21,Роснефть,ROSN,8310,1074567032.5,415.0,411.5,415.5,413.75,412.75,413.75,2603480,412.75,412.75,413.75,1074567032.5,1074567032.5,1074567032.5,,3,SUR,-0.3,
TQBR,2019-10-22,Роснефть,ROSN,9804,1440429558.0,413.45,412.55,417.4,417.4,414.35,417.4,3475400,414.45,414.45,417.4,1440429558.0,1440429558.0,1440429558.0,,3,SUR,0.88,
TQBR,2019-10-23,Роснефть,ROSN,10966,1721679188.5,415.9,415.2,420.75,420.0,419.05,420.0,4108860,419.0,419.0,420.0,1721679188.5,1721679188.5,1721679188.5,,3,SUR,0.62,
TQBR,2019-10-24,Роснефть,ROSN,10199,1683861964.0,420.0,419.3,422.5,420.5,421.15,420.5,3998420,421.15,421.15,420.5,1683861964.0,1683861964.0,1683861964.0,,3,SUR,0.12,
TQBR,2019-10-25,Роснефть,ROSN,11401,1038211612.0,421.0,417.7,422.35,421.35,419.8,421.35,2473210,419.8,419.8,421.35,1038211612.0,1038211612.0,1038211612.0,,3,SUR,0.2,
TQBR,2019-10-28,Роснефть,ROSN,8267,895669799.5,422.2,420.0,424.3,421.4,422.0,421.4,2122390,422.0,422.0,421.4,895669799.5,895669799.5,895669799.5,,3,SUR,0.01,
TQBR,2019-10-29,Роснефть,ROSN,16803,2443902691.0,421.4,419.1,430.45,429.2,427.65,429.2,5713870,427.7,427.7,429.2,2443902691.0,2443902691.0,2443902691.0,,3,SUR,1.85,
TQBR,2019-10-30,Роснефть,ROSN,13168,1992369515.0,428.75,425.7,433.5,432.65,430.85,432.65,4624480,430.85,430.85,432.65,1992369515.0,1992369515.0,1992369515.0,,3,SUR,0.8,
TQBR,2019-10-31,Роснефть,ROSN,13041,1497169355.0,432.5,426.0,435.5,426.0,430.55,426.0,3477500,430.55,430.55,426.0,1497169355.0,1497169355.0,1497169355.0,,3,SUR,-1.54,
TQBR,2019-11-01,Роснефть,ROSN,15662,2161136452.0,426.5,424.0,435.4,434.4,431.9,434.4,5003510,431.9,431.9,434.4,2161136452.0,2161136452.0,2161136452.0,,3,SUR,1.97,
TQBR,2019-11-05,Роснефть,ROSN,27607,3885699538.0,437.8,434.45,453.45,451.4,447.8,451.4,8677320,447.8,447.8,451.4,3885699538.0,3885699538.0,3885699538.0,,3,SUR,3.91,
TQBR,2019-11-06,Роснефть,ROSN,25188,4071180252.5,452.05,443.35,454.5,454.5,450.25,454.5,9041070,450.3,450.3,454.5,4071180252.5,4071180252.5,4071180252.5,,3,SUR,0.69,
TQBR,2019-11-07,Роснефть,ROSN,20289,2736193376.0,452.0,450.45,464.7,463.5,459.35,463.5,5957260,459.3,459.3,463.5,2736193376.0,2736193376.0,2736193376.0,,3,SUR,1.98,
TQBR,2019-11-08,Роснефть,ROSN,15253,1907612063.0,462.0,453.65,462.85,454.25,457.3,454.25,4171670,457.3,457.3,454.25,1907612063.0,1907612063.0,1907612063.0,,3,SUR,-2.0,
TQBR,2019-11-11,Роснефть,ROSN,13993,1450627068.0,453.05,446.4,453.85,453.0,450.45,453.0,3220850,450.4,450.4,453.0,1450627068.0,1450627068.0,1450627068.0,,3,SUR,-0.28,
TQBR,2019-11-12,Роснефть,ROSN,26058,3348375797.5,454.0,453.2,468.3,461.05,462.3,461.05,7240110,462.5,462.5,461.05,3348375797.5,3348375797.5,3348375797.5,,3,SUR,1.78,
TQBR,2019-11-13,Роснефть,ROSN,12353,1628848098.5,458.1,455.1,461.45,459.5,458.25,459.5,3554510,458.25,458.25,459.5,1628848098.5,1628848098.5,1628848098.5,,3,SUR,-0.34,
TQBR,2019-11-14,Роснефть,ROSN,16516,2043105978.0,459.2,451.7,460.2,457.3,456.3,457.3,4477310,456.3,456.3,457.3,2043105978.0,2043105978.0,2043105978.0,,3,SUR,-0.48,
TQBR,2019-11-15,Роснефть,ROSN,13731,1372045861.0,457.3,453.7,460.7,458.0,456.85,458.0,3003220,456.85,456.85,458.0,1372045861.0,1372045861.0,1372045861.0,,3,SUR,0.15,
TQBR,2019-11-18,Роснефть,ROSN,12423,1381700324.5,459.6,450.1,461.5,451.0,455.65,451.0,3032390,455.65,455.65,451.0,1381700324.5,1381700324.5,1381700324.5,,3,SUR,-1.53,
TQBR,2019-11-19,Роснефть,ROSN,9691,1195670661.0,451.25,448.5,455.0,452.55,452.15,452.55,2644550,452.15,452.15,452.55,1195670661.0,1195670661.0,1195670661.0,,3,SUR,0.34,
TQBR,2019-11-20,Роснефть,ROSN,18110,1981155703.0,450.9,441.65,452.5,450.35,446.75,450.35,4434830,446.75,446.75,450.35,1981155703.0,1981155703.0,1981155703.0,,3,SUR,-0.49,
TQBR,2019-11-21,Роснефть,ROSN,8740,879092421.5,449.8,445.75,454.0,452.85,450.2,452.85,1952620,450.2,450.2,452.85,879092421.5,879092421.5,879092421.5,,3,SUR,0.56,
TQBR,2019-11-22,Роснефть,ROSN,8910,1152023078.0,452.2,450.8,457.4,453.0,453.9,453.0,2537450,454.0,454.0,453.0,1152023078.0,1152023078.0,1152023078.0,,3,SUR,0.03,
TQBR,2019-11-25,Роснефть,ROSN,6770,794452798.0,455.0,453.0,456.5,455.0,454.3,455.0,1748740,454.3,454.3,455.0,794452798.0,794452798.0,794452798.0,,3,SUR,0.44,
TQBR,2019-11-26,Роснефть,ROSN,13508,2824011008.0,455.6,445.1,456.35,453.0,451.35,453.0,6255680,451.45,451.45,453.0,2824011008.0,2824011008.0,2824011008.0,,3,SUR,-0.44,
TQBR,2019-11-27,Роснефть,ROSN,12698,1621126823.0,452.0,445.1,452.85,445.9,449.8,445.9,3604600,449.75,449.75,445.9,1621126823.0,1621126823.0,1621126823.0,,3,SUR,-1.57,
TQBR,2019-11-28,Роснефть,ROSN,8921,988579973.0,445.45,442.5,447.2,445.5,444.3,445.5,2224970,444.3,444.3,445.5,988579973.0,988579973.0,988579973.0,,3,SUR,-0.09,
TQBR,2019-11-29,Роснефть,ROSN,9401,1283955637.0,444.6,440.3,444.6,441.0,441.6,441.0,2907480,441.6,441.6,441.0,1283955637.0,1283955637.0,1283955637.0,,3,SUR,-1.01,
TQBR,2019-12-02,Роснефть,ROSN,12672,1429061227.5,443.4,435.4,443.95,435.45,440.6,435.45,3243280,440.6,440.6,435.45,1429061227.5,1429061227.5,1429061227.5,,3,SUR,-1.26,
TQBR,2019-12-03,Роснефть,ROSN,11679,1242531180.0,434.2,432.5,439.55,433.0,435.95,433.0,2850050,435.95,435.95,433.0,1242531180.0,1242531180.0,1242531180.0,,3,SUR,-0.56,
TQBR,2019-12-04,Роснефть,ROSN,13630,1554496381.0,433.4,427.6,444.15,442.15,437.45,442.15,3553690,437.45,437.45,442.15,1554496381.0,1554496381.0,1554496381.0,,3,SUR,2.11,
TQBR,2019-12-05,Роснефть,ROSN,11515,1286659091.5,441.0,435.25,443.75,438.4,438.75,438.4,2932430,438.75,438.75,438.4,1286659091.5,1286659091.5,1286659091.5,,3,SUR,-0.85,
TQBR,2019-12-06,Роснефть,ROSN,10695,1260305989.5,438.4,436.6,448.35,446.0,443.05,446.0,2845350,442.95,442.95,446.0,1260305989.5,1260305989.5,1260305989.5,,3,SUR,1.73,
TQBR,2019-12-09,Роснефть,ROSN,9626,898473482.0,448.0,445.2,450.5,449.0,447.85,449.0,2006130,447.85,447.85,449.0,898473482.0,898473482.0,898473482.0,,3,SUR,0.67,
TQBR,2019-12-10,Роснефть,ROSN,10665,1164597718.5,448.8,445.5,451.9,448.85,449.1,448.85,2593230,449.1,449.1,448.85,1164597718.5,1164597718.5,1164597718.5,,3,SUR,-0.03,
TQBR,2019-12-11,Роснефть,ROSN,12707,1784094712.0,449.45,448.75,455.85,451.7,453.15,451.7,3936930,453.15,453.15,451.7,1784094712.0,1784094712.0,1784094712.0,,3,SUR,0.63,
TQBR,2019-12-12,Роснефть,ROSN,18268,2506498626.5,453.3,451.6,458.75,452.8,455.0,452.8,5508850,455.0,455.0,452.8,2506498626.5,2506498626.5,2506498626.5,,3,SUR,0.24,
TQBR,2019-12-13,Роснефть,ROSN,12528,2076934065.0,456.15,450.25,457.35,451.1,452.8,451.1,4586410,452.85,452.85,451.1,2076934065.0,2076934065.0,2076934065.0,,3,SUR,-0.38,
TQBR,2019-12-16,Роснефть,ROSN,11461,1617101006.5,450.8,448.0,452.65,448.45,449.55,448.45,3597230,449.55,449.55,448.45,1617101006.5,1617101006.5,1617101006.5,,3,SUR,-0.59,
TQBR,2019-12-17,Роснефть,ROSN,14971,2360873739.5,449.95,449.2,455.0,454.05,452.7,454.05,5215360,452.7,452.7,454.05,2360873739.5,2360873739.5,2360873739.5,,3,SUR,1.25,
TQBR,2019-12-18,Роснефть,ROSN,13366,1993583915.5,453.0,451.55,456.45,454.45,454.2,454.45,4389380,454.2,454.2,454.45,1993583915.5,1993583915.5,1993583915.5,,3,SUR,0.09,
TQBR,2019-12-19,Роснефть,ROSN,21524,2309586240.0,454.5,449.0,456.85,451.75,453.25,451.75,5095820,453.25,453.25,451.75,2309586240.0,2309586240.0,2309586240.0,,3,SUR,-0.59,
TQBR,2019-12-20,Роснефть,ROSN,15386,2358602368.0,452.45,446.5,453.2,451.75,449.65,451.75,5244610,449.7,449.7,451.75,2358602368.0,2358602368.0,2358602368.0,,3,SUR,0.0,
TQBR,2019-12-23,Роснефть,ROSN,7735,1353400067.0,451.7,449.0,454.1,451.0,451.25,451.0,2999470,451.2,451.2,451.0,1353400067.0,1353400067.0,1353400067.0,,3,SUR,-0.17,
TQBR,2019-12-24,Роснефть,ROSN,4834,711599285.5,451.0,450.5,453.2,451.4,452.1,451.4,1574240,452.05,452.05,451.4,711599285.5,711599285.5,711599285.5,,3,SUR,0.09,
TQBR,2019-12-25,Роснефть,ROSN,5065,749381988.0,452.0,451.9,455.3,454.0,454.45,454.0,1649040,454.45,454.45,454.0,749381988.0,749381988.0,749381988.0,,3,SUR,0.58,
TQBR,2019-12-26,Роснефть,ROSN,4946,812232997.0,455.7,452.5,455.75,452.5,454.8,452.5,1786410,454.65,454.65,452.5,812232997.0,812232997.0,812232997.0,,3,SUR,-0.33,
TQBR,2019-12-27,Роснефть,ROSN,7096,1265550418.5,453.5,453.2,455.4,453.5,454.6,453.5,2784150,454.55,454.55,453.5,1265550418.5,1265550418.5,1265550418.5,,3,SUR,0.22,
TQBR,2019-12-30,Роснефть,ROSN,9342,1466814847.0,453.4,449.5,453.95,449.7,450.65,449.7,3255130,450.6,450.6,449.7,1466814847.0,1466814847.0,1466814847.0,,3,SUR,-0.84,
TQBR,2020-01-03,Роснефть,ROSN,14241,1997778195.5,453.75,453.35,458.65,456.9,456.45,456.9,4376800,456.45,456.45,456.9,1997778195.5,1997778195.5,1997778195.5,,3,SUR,1.6,
TQBR,2020-01-06,Роснефть,ROSN,14579,3115846463.5,459.0,453.4,460.4,455.6,456.25,455.6,6828930,456.25,456.25,455.6,3115846463.5,3115846463.5,3115846463.5,,3,SUR,-0.28,
TQBR,2020-01-08,Роснефть,ROSN,22649,4214559913.0,456.0,451.45,462.7,452.0,455.55,452.0,9251220,455.55,455.55,452.0,4214559913.0,4214559913.0,4214559913.0,,3,SUR,-0.79,
TQBR,2020-01-09,Роснефть,ROSN,13315,2276596930.0,452.4,450.7,460.95,460.2,457.0,460.2,4982540,456.9,456.9,460.2,2276596930.0,2276596930.0,2276596930.0,,3,SUR,1.81,
TQBR,2020-01-10,Роснефть,ROSN,21933,3142722465.0,459.9,456.85,475.65,473.5,469.45,473.5,6695940,469.35,469.35,473.5,3142722465.0,3142722465.0,3142722465.0,,3,SUR,2.89,
TQBR,2020-01-13,Роснефть,ROSN,16822,2304636783.0,476.65,472.15,482.25,481.15,478.9,481.15,4812230,478.9,478.9,481.15,2304636783.0,2304636783.0,2304636783.0,,3,SUR,1.62,
TQBR,2020-01-14,Роснефть,ROSN,19928,3141141126.0,481.15,472.7,486.45,475.5,479.25,475.5,6553240,479.35,479.35,475.5,3141141126.0,3141141126.0,3141141126.0,,3,SUR,-1.17,
TQBR,2020-01-15,Роснефть,ROSN,16760,2178314028.0,474.7,469.95,482.1,474.5,474.0,474.5,4595510,474.0,474.0,474.5,2178314028.0,2178314028.0,2178314028.0,,3,SUR,-0.21,
TQBR,2020-01-16,Роснефть,ROSN,11988,1979105054.5,477.95,476.7,481.5,480.95,479.8,480.95,4124610,479.85,479.85,480.95,1979105054.5,1979105054.5,1979105054.5,,3,SUR,1.36,
TQBR,2020-01-17,Роснефть,ROSN,10891,2166876313.0,482.45,481.25,487.2,485.15,485.2,485.15,4466590,485.15,485.15,485.15,2166876313.0,2166876313.0,2166876313.0,,3,SUR,0.87,
TQBR,2020-01-20,Роснефть,ROSN,9445,1522724938.5,488.0,484.65,489.9,484.85,486.4,484.85,3130680,486.4,486.4,484.85,1522724938.5,1522724938.5,1522724938.5,,3,SUR,-0.06,
TQBR,2020-01-21,Роснефть,ROSN,9316,1418459421.0,482.55,479.0,486.85,486.15,483.65,486.15,2932730,483.65,483.65,486.15,1418459421.0,1418459421.0,1418459421.0,,3,SUR,0.27,
TQBR,2020-01-22,Роснефть,ROSN,19887,5633413933.5,486.25,476.05,488.55,478.15,480.35,478.15,11724320,480.5,480.5,478.15,5633413933.5,5633413933.5,5633413933.5,,3,SUR,-1.65,
TQBR,2020-01-23,Роснефть,ROSN,11467,1989095519.0,475.0,470.6,479.7,473.1,475.25,473.1,4185540,475.25,475.25,473.1,1989095519.0,1989095519.0,1989095519.0,,3,SUR,-1.06,
TQBR,2020-01-24,Роснефть,ROSN,8930,1570944250.5,475.05,473.5,478.4,474.0,475.95,474.0,3300950,475.9,475.9,474.0,1570944250.5,1570944250.5,1570944250.5,,3,SUR,0.19,
TQBR,2020-01-27,Роснефть,ROSN,17632,2669041890.5,469.05,465.8,473.8,468.3,469.45,468.3,5684600,469.5,469.5,468.3,2669041890.5,2669041890.5,2669041890.5,,3,SUR,-1.2,
TQBR,2020-01-28,Роснефть,ROSN,14463,2782447941.0,472.1,468.2,477.7,477.7,472.8,477.7,5883840,472.9,472.9,477.7,2782447941.0,2782447941.0,2782447941.0,,3,SUR,2.01,
TQBR,2020-01-29,Роснефть,ROSN,14621,3028368419.0,480.5,475.6,482.0,481.7,479.75,481.7,6309330,480.0,480.0,481.7,3028368419.0,3028368419.0,3028368419.0,,3,SUR,0.84,
TQBR,2020-01-30,Роснефть,ROSN,23766,7026156783.5,480.95,477.8,483.3,481.2,481.25,481.2,14599820,481.25,481.25,481.2,7026156783.5,7026156783.5,7026156783.5,,3,SUR,-0.1,
TQBR,2020-01-31,Роснефть,ROSN,14115,4134691010.5,485.0,478.75,486.0,480.5,480.7,480.5,8601590,480.7,480.7,480.5,4134691010.5,4134691010.5,4134691010.5,,3,SUR,-0.15,
TQBR,2020-02-03,Роснефть,ROSN,14917,2252082888.5,478.7,476.6,481.45,479.95,479.9,479.95,4692830,479.9,479.9,479.95,2252082888.5,2252082888.5,2252082888.5,,3,SUR,-0.11,
TQBR,2020-02-04,Роснефть,ROSN,37413,4220825006.5,481.0,478.35,483.0,480.0,480.45,480.0,8782880,480.55,480.55,480.0,4220825006.5,4220825006.5,4220825006.5,,3,SUR,0.01,
TQBR,2020-02-05,Роснефть,ROSN,16489,2714729822.5,481.0,474.4,481.5,477.0,479.65,477.0,5659990,479.65,479.65,477.0,2714729822.5,2714729822.5,2714729822.5,,3,SUR,-0.63,
TQBR,2020-02-06,Роснефть,ROSN,13432,2268938918.0,478.5,471.0,480.5,475.6,476.75,475.6,4759310,476.75,476.75,475.6,2268938918.0,2268938918.0,2268938918.0,,3,SUR,-0.29,
TQBR,2020-02-07,Роснефть,ROSN,51675,7657575140.0,475.5,450.55,476.75,463.6,458.9,463.6,16679550,459.1,459.1,463.6,7657575140.0,7657575140.0,7657575140.0,,3,SUR,-2.52,
TQBR,2020-02-10,Роснефть,ROSN,32387,4043327857.5,463.6,447.8,463.85,450.0,453.4,450.0,8918200,453.4,453.4,450.0,4043327857.5,4043327857.5,4043327857.5,,3,SUR,-2.93,
TQBR,2020-02-11,Роснефть,ROSN,23221,3553981013.5,454.85,448.25,456.7,454.3,452.8,454.3,7847480,452.9,452.9,454.3,3553981013.5,3553981013.5,3553981013.5,,3,SUR,0.96,
TQBR,2020-02-12,Роснефть,ROSN,22400,3417182108.5,456.7,455.5,465.8,465.8,460.9,465.8,7411680,461.05,461.05,465.8,3417182108.5,3417182108.5,3417182108.5,,3,SUR,2.53,
TQBR,2020-02-13,Роснефть,ROSN,13401,2399932765.5,463.2,458.55,465.5,463.0,461.4,463.0,5200420,461.5,461.5,463.0,2399932765.5,2399932765.5,2399932765.5,,3,SUR,-0.6,
TQBR,2020-02-14,Роснефть,ROSN,14559,2271581284.5,463.0,456.25,464.4,460.5,461.0,460.5,4928520,460.9,460.9,460.5,2271581284.5,2271581284.5,2271581284.5,,3,SUR,-0.54,
TQBR,2020-02-17,Роснефть,ROSN,8219,1322870363.5,461.0,459.7,464.7,464.7,462.15,464.7,2862290,462.15,462.15,464.7,1322870363.5,1322870363.5,1322870363.5,,3,SUR,0.91,
TQBR,2020-02-18,Роснефть,ROSN,30392,5686889278.5,462.7,440.7,466.0,452.2,456.65,452.2,12455090,456.6,456.6,452.2,5686889278.5,5686889278.5,5686889278.5,,3,SUR,-2.69,
TQBR,2020-02-19,Роснефть,ROSN,30724,4937239073.0,455.25,455.25,469.0,465.65,462.8,465.65,10662570,463.05,463.05,465.65,4937239073.0,4937239073.0,4937239073.0,,3,SUR,2.97,
TQBR,2020-02-20,Роснефть,ROSN,25538,4261599548.5,468.0,465.6,476.95,470.4,471.8,470.4,9033880,471.75,471.75,470.4,4261599548.5,4261599548.5,4261599548.5,,3,SUR,1.02,
TQBR,2020-02-21,Роснефть,ROSN,16183,2788914595.0,468.1,461.65,469.0,461.75,464.4,461.75,6005410,464.4,464.4,461.75,2788914595.0,2788914595.0,2788914595.0,,3,SUR,-1.84,
TQBR,2020-02-25,Роснефть,ROSN,25264,3336020252.0,455.05,442.7,458.75,443.85,450.75,443.85,7406410,450.4,450.4,443.85,3336020252.0,3336020252.0,3336020252.0,,3,SUR,-3.88,
TQBR,2020-02-26,Роснефть,ROSN,32130,4263613430.5,441.75,431.5,444.6,443.7,439.4,443.7,9702670,439.45,439.45,443.7,4263613430.5,4263613430.5,4263613430.5,,3,SUR,-0.03,
TQBR,2020-02-27,Роснефть,ROSN,28344,4167395954.0,437.0,420.95,440.0,422.05,429.75,422.05,9695140,429.85,429.85,422.05,4167395954.0,4167395954.0,4167395954.0,,3,SUR,-4.88,
TQBR,2020-02-28,Роснефть,ROSN,43568,7668386717.0,416.0,398.15,417.0,403.4,405.55,403.4,18913810,405.45,405.45,403.4,7668386717.0,7668386717.0,7668386717.0,,3,SUR,-4.42,
TQBR,2020-03-02,Роснефть,ROSN,47740,4766709746.0,411.0,389.5,415.4,394.5,401.6,394.5,11867380,401.65,401.65,394.5,4766709746.0,4766709746.0,4766709746.0,,3,SUR,-2.21,
TQBR,2020-03-03,Роснефть,ROSN,32902,4525891345.0,406.95,400.5,411.95,406.0,406.95,406.0,11121190,406.95,406.95,406.0,4525891345.0,4525891345.0,4525891345.0,,3,SUR,2.92,
TQBR,2020-03-04,Роснефть,ROSN,28675,3742158537.0,403.0,399.2,416.55,415.95,411.6,415.95,9096600,411.4,411.4,415.95,3742158537.0,3742158537.0,3742158537.0,,3,SUR,2.45,
TQBR,2020-03-05,Роснефть,ROSN,24583,3554451234.0,417.5,408.5,420.0,410.6,412.9,410.6,8606580,413.0,413.0,410.6,3554451234.0,3554451234.0,3554451234.0,,3,SUR,-1.29,
TQBR,2020-03-06,Роснефть,ROSN,36758,5070788152.0,406.0,391.05,406.95,392.95,396.35,392.95,12793490,396.35,396.35,392.95,5070788152.0,5070788152.0,5070788152.0,,3,SUR,-4.3,
TQBR,2020-03-10,Роснефть,ROSN,111729,12942887832.0,353.7,320.0,357.4,326.5,337.6,326.5,38328490,337.7,337.7,326.5,12942887832.0,12942887832.0,12942887832.0,,3,SUR,-16.91,
TQBR,2020-03-11,Роснефть,ROSN,59986,6625684003.5,332.9,310.95,334.4,314.05,319.5,314.05,20738020,319.5,319.5,314.05,6625684003.5,6625684003.5,6625684003.5,,3,SUR,-3.81,
TQBR,2020-03-12,Роснефть,ROSN,80155,8361780718.0,300.0,270.8,305.0,277.5,285.9,277.5,29246810,285.9,285.9,277.5,8361780718.0,8361780718.0,8361780718.0,,3,SUR,-11.64,
TQBR,2020-03-13,Роснефть,ROSN,88509,12518917888.5,261.2,261.2,288.65,266.25,280.2,266.25,44712980,280.0,280.0,266.25,12518917888.5,12518917888.5,12518917888.5,,3,SUR,-4.05,
TQBR,2020-03-16,Роснефть,ROSN,67179,8042161577.0,266.25,251.0,280.0,258.5,259.2,258.5,31025780,259.2,259.2,258.5,8042161577.0,8042161577.0,8042161577.0,,3,SUR,-2.91,
TQBR,2020-03-17,Роснефть,ROSN,52878,5017666813.0,260.5,246.25,268.0,249.15,254.75,249.15,19695180,254.75,254.75,249.15,5017666813.0,5017666813.0,5017666813.0,,3,SUR,-3.62,
TQBR,2020-03-18,Роснефть,ROSN,48661,4551475093.0,244.0,229.8,244.75,234.0,235.55,234.0,19316370,235.65,235.65,234.0,4551475093.0,4551475093.0,4551475093.0,,3,SUR,-6.08,
TQBR,2020-03-19,Роснефть,ROSN,95554,9509535971.5,237.0,230.05,268.65,264.4,252.35,264.4,37674540,252.4,252.4,264.4,9509535971.5,9509535971.5,9509535971.5,,3,SUR,12.99,
TQBR,2020-03-20,Роснефть,ROSN,109446,13046911616.0,274.5,272.0,299.4,287.75,287.3,287.75,45411190,287.3,287.3,287.75,13046911616.0,13046911616.0,13046911616.0,,3,SUR,8.83,
TQBR,2020-03-23,Роснефть,ROSN,72262,9692513259.5,275.0,265.15,276.45,274.0,270.4,274.0,35837260,270.45,270.45,274.0,9692513259.5,9692513259.5,9692513259.5,,3,SUR,-4.78,
TQBR,2020-03-24,Роснефть,ROSN,58050,6692861896.0,300.0,285.45,301.25,298.5,294.3,298.5,22742550,294.3,294.3,298.5,6692861896.0,6692861896.0,6692861896.0,,3,SUR,8.94,
TQBR,2020-03-25,Роснефть,ROSN,97487,11180427544.0,304.5,287.75,319.75,304.75,304.55,304.75,36681020,304.8,304.8,304.75,11180427544.0,11180427544.0,11180427544.0,,3,SUR,2.09,
TQBR,2020-03-26,Роснефть,ROSN,60487,6316305019.5,304.75,291.0,319.95,316.2,308.15,316.2,20497860,308.15,308.15,316.2,6316305019.5,6316305019.5,6316305019.5,,3,SUR,3.76,
TQBR,2020-03-27,Роснефть,ROSN,51078,4229992797.5,315.9,296.3,322.0,302.8,305.45,302.8,13849010,305.45,305.45,302.8,4229992797.5,4229992797.5,4229992797.5,,3,SUR,-4.24,
TQBR,2020-03-30,Роснефть,ROSN,77005,9078115601.0,316.5,293.55,325.75,301.0,303.25,301.0,29933870,303.25,303.25,301.0,9078115601.0,9078115601.0,9078115601.0,,3,SUR,-0.59,
TQBR,2020-03-31,Роснефть,ROSN,64663,8013511084.0,305.1,304.0,319.75,314.35,313.85,314.35,25538920,313.8,313.8,314.35,8013511084.0,8013511084.0,8013511084.0,,3,SUR,4.44,
TQBR,2020-04-01,Роснефть,ROSN,54461,5785934491.5,308.0,304.2,324.6,321.0,315.25,321.0,18359340,315.15,315.15,321.0,5785934491.5,5785934491.5,5785934491.5,,3,SUR,2.12,
TQBR,2020-04-02,Роснефть,ROSN,111063,13088747362.0,335.0,324.65,354.3,340.5,337.5,340.5,38779550,337.5,337.5,340.5,13088747362.0,13088747362.0,13088747362.0,,3,SUR,6.07,
TQBR,2020-04-03,Роснефть,ROSN,100454,12981613228.0,344.0,340.55,355.0,345.0,348.45,345.0,37269440,348.3,348.3,345.0,12981613228.0,12981613228.0,12981613228.0,,3,SUR,1.32,
TQBR,2020-04-06,Роснефть,ROSN,53837,6274354018.0,348.0,340.25,352.0,343.0,345.7,343.0,18148920,345.7,345.7,343.0,6274354018.0,6274354018.0,6274354018.0,,3,SUR,-0.58,
TQBR,2020-04-07,Роснефть,ROSN,65401,9870538088.5,350.0,337.55,386.95,339.5,345.75,339.5,28546820,345.75,345.75,339.5,9870538088.5,9870538088.5,9870538088.5,,3,SUR,-1.02,
TQBR,2020-04-08,Роснефть,ROSN,40298,4760848142.0,337.0,335.7,342.95,341.5,339.2,341.5,14035290,339.2,339.2,341.5,4760848142.0,4760848142.0,4760848142.0,,3,SUR,0.59,
TQBR,2020-04-09,Роснефть,ROSN,81225,9485805376.0,347.9,341.5,355.0,353.0,349.85,353.0,27112760,349.85,349.85,353.0,9485805376.0,9485805376.0,9485805376.0,,3,SUR,3.37,
TQBR,2020-04-10,Роснефть,ROSN,38710,4430588335.0,350.0,342.15,350.05,344.0,344.75,344.0,12849240,344.8,344.8,344.0,4430588335.0,4430588335.0,4430588335.0,,3,SUR,-2.55,
TQBR,2020-04-13,Роснефть,ROSN,34012,3331625353.0,345.0,334.4,346.5,336.7,338.15,336.7,9852690,338.15,338.15,336.7,3331625353.0,3331625353.0,3331625353.0,,3,SUR,-2.12,
TQBR,2020-04-14,Роснефть,ROSN,42630,4430421754.0,339.15,327.4,342.0,330.95,334.05,330.95,13264460,334.0,334.0,330.95,4430421754.0,4430421754.0,4430421754.0,,3,SUR,-1.71,
TQBR,2020-04-15,Роснефть,ROSN,63944,6245320503.0,328.0,304.05,328.35,307.25,314.55,307.25,19859390,314.5,314.5,307.25,6245320503.0,6245320503.0,6245320503.0,,3,SUR,-7.16,
TQBR,2020-04-16,Роснефть,ROSN,68072,6649867696.0,308.85,296.25,314.9,305.75,308.45,305.75,21559360,308.45,308.45,305.75,6649867696.0,6649867696.0,6649867696.0,,3,SUR,-0.49,
TQBR,2020-04-17,Роснефть,ROSN,37983,4573637823.5,312.0,307.3,314.75,313.9,311.85,313.9,14666310,311.85,311.85,313.9,4573637823.5,4573637823.5,4573637823.5,,3,SUR,2.67,
TQBR,2020-04-20,Роснефть,ROSN,33009,3791794834.0,310.5,307.8,314.5,307.9,310.05,307.9,12229610,310.05,310.05,307.9,3791794834.0,3791794834.0,3791794834.0,,3,SUR,-1.91,
TQBR,2020-04-21,Роснефть,ROSN,78984,7628969592.5,299.2,293.5,306.95,304.0,302.15,304.0,25247170,302.15,302.15,304.0,7628969592.5,7628969592.5,7628969592.5,,3,SUR,-1.27,
TQBR,2020-04-22,Роснефть,ROSN,69706,7947658289.0,299.1,299.1,329.1,321.95,317.75,321.95,25009860,317.8,317.8,321.95,7947658289.0,7947658289.0,7947658289.0,,3,SUR,5.9,
TQBR,2020-04-23,Роснефть,ROSN,60353,7611427302.0,329.6,324.1,336.8,335.0,331.1,335.0,22987910,331.1,331.1,335.0,7611427302.0,7611427302.0,7611427302.0,,3,SUR,4.05,
TQBR,2020-04-24,Роснефть,ROSN,51775,5409158481.0,334.7,322.5,334.7,324.0,327.05,324.0,16539600,327.05,327.05,324.0,5409158481.0,5409158481.0,5409158481.0,,3,SUR,-3.28,
TQBR,2020-04-27,Роснефть,ROSN,29576,3328787881.0,322.2,319.3,327.3,322.9,323.9,322.9,10276660,323.9,323.9,322.9,3328787881.0,3328787881.0,3328787881.0,,3,SUR,-0.34,
TQBR,2020-04-28,Роснефть,ROSN,49164,5719178568.5,320.5,318.0,331.3,325.1,325.25,325.1,17584700,325.25,325.25,325.1,5719178568.5,5719178568.5,5719178568.5,,3,SUR,0.68,
TQBR,2020-04-29,Роснефть,ROSN,37456,5119650066.5,328.0,326.5,338.25,337.95,333.05,337.95,15369840,333.1,333.1,337.95,5119650066.5,5119650066.5,5119650066.5,,3,SUR,3.95,
TQBR,2020-04-30,Роснефть,ROSN,42781,5804300019.0,343.25,330.3,346.45,335.65,338.55,335.65,17148520,338.45,338.45,335.65,5804300019.0,5804300019.0,5804300019.0,,3,SUR,-0.68,
TQBR,2020-05-04,Роснефть,ROSN,23074,2906086353.5,330.55,325.05,332.75,331.0,329.05,331.0,8831090,329.05,329.05,331.0,2906086353.5,2906086353.5,2906086353.5,,3,SUR,-1.39,
TQBR,2020-05-05,Роснефть,ROSN,36867,4753641980.0,337.0,334.0,343.55,342.5,340.15,342.5,13975500,340.15,340.15,342.5,4753641980.0,4753641980.0,4753641980.0,,3,SUR,3.47,
TQBR,2020-05-06,Роснефть,ROSN,38806,4967379318.5,344.0,335.0,344.85,336.65,340.4,336.65,14591870,340.4,340.4,336.65,4967379318.5,4967379318.5,4967379318.5,,3,SUR,-1.71,
TQBR,2020-05-07,Роснефть,ROSN,35886,4271357250.0,337.15,336.75,344.55,343.0,341.95,343.0,12491770,341.95,341.95,343.0,4271357250.0,4271357250.0,4271357250.0,,3,SUR,1.89,
TQBR,2020-05-08,Роснефть,ROSN,25424,3293819099.5,344.05,340.25,350.0,348.0,344.9,348.0,9550290,344.9,344.9,348.0,3293819099.5,3293819099.5,3293819099.5,,3,SUR,1.46,
TQBR,2020-05-12,Роснефть,ROSN,32954,3931538536.0,347.8,345.2,355.7,351.1,351.5,351.1,11186970,351.45,351.45,351.1,3931538536.0,3931538536.0,3931538536.0,,3,SUR,0.89,
TQBR,2020-05-13,Роснефть,ROSN,28051,3113556355.0,350.3,345.85,353.15,348.0,349.25,348.0,8913160,349.3,349.3,348.0,3113556355.0,3113556355.0,3113556355.0,,3,SUR,-0.88,
TQBR,2020-05-14,Роснефть,ROSN,24635,3098949719.5,346.0,344.55,349.95,347.15,347.05,347.15,8929200,347.05,347.05,347.15,3098949719.5,3098949719.5,3098949719.5,,3,SUR,-0.24,
TQBR,2020-05-15,Роснефть,ROSN,26326,3349772686.5,351.2,349.35,354.75,350.05,352.1,350.05,9514140,352.1,352.1,350.05,3349772686.5,3349772686.5,3349772686.5,,3,SUR,0.84,
TQBR,2020-05-18,Роснефть,ROSN,49582,7279772688.0,357.5,355.65,375.95,375.05,365.75,375.05,19896670,365.9,365.9,375.05,7279772688.0,7279772688.0,7279772688.0,,3,SUR,7.14,
TQBR,2020-05-19,Роснефть,ROSN,46101,7153661230.0,376.2,371.55,383.5,376.5,377.6,376.5,18944540,377.6,377.6,376.5,7153661230.0,7153661230.0,7153661230.0,,3,SUR,0.39,
TQBR,2020-05-20,Роснефть,ROSN,37020,5602361546.5,374.0,373.25,384.45,380.25,379.95,380.25,14745420,379.95,379.95,380.25,5602361546.5,5602361546.5,5602361546.5,,3,SUR,1.0,
TQBR,2020-05-21,Роснефть,ROSN,53493,7773314578.0,378.9,364.4,383.35,367.0,371.85,367.0,20892400,372.05,372.05,367.0,7773314578.0,7773314578.0,7773314578.0,,3,SUR,-3.48,
TQBR,2020-05-22,Роснефть,ROSN,36350,5000674288.5,359.7,358.1,365.9,364.5,362.3,364.5,13802870,362.3,362.3,364.5,5000674288.5,5000674288.5,5000674288.5,,3,SUR,-0.68,
TQBR,2020-05-25,Роснефть,ROSN,17787,1962555382.5,366.5,366.5,374.0,373.95,371.2,373.95,5287090,371.2,371.2,373.95,1962555382.5,1962555382.5,1962555382.5,,3,SUR,2.59,
TQBR,2020-05-26,Роснефть,ROSN,28237,4010945343.5,377.8,374.4,380.9,374.4,378.3,374.4,10602650,378.3,378.3,374.4,4010945343.5,4010945343.5,4010945343.5,,3,SUR,0.12,
TQBR,2020-05-27,Роснефть,ROSN,31711,4562913864.0,373.8,366.35,380.0,374.9,374.15,374.9,12194760,374.15,374.15,374.9,4562913864.0,4562913864.0,4562913864.0,,3,SUR,0.13,
TQBR,2020-05-28,Роснефть,ROSN,19864,2771972943.5,376.8,372.5,378.2,377.45,375.95,377.45,7373100,375.95,375.95,377.45,2771972943.5,2771972943.5,2771972943.5,,3,SUR,0.68,
TQBR,2020-05-29,Роснефть,ROSN,22886,4002505579.5,374.05,370.4,376.35,376.2,373.65,376.2,10712590,373.65,373.65,376.2,4002505579.5,4002505579.5,4002505579.5,,3,SUR,-0.33,
TQBR,2020-06-01,Роснефть,ROSN,23228,3165180397.0,380.0,376.35,387.0,378.7,379.4,378.7,8342370,379.4,379.4,378.7,3165180397.0,3165180397.0,3165180397.0,,3,SUR,0.66,
TQBR,2020-06-02,Роснефть,ROSN,29533,5018754369.5,380.55,379.8,387.0,387.0,383.75,387.0,13076410,383.8,383.8,387.0,5018754369.5,5018754369.5,5018754369.5,,3,SUR,2.19,
TQBR,2020-06-03,Роснефть,ROSN,36049,5484485594.0,390.2,388.4,397.6,396.95,393.75,396.95,13929180,393.75,393.75,396.95,5484485594.0,5484485594.0,5484485594.0,,3,SUR,2.57,
TQBR,2020-06-04,Роснефть,ROSN,27252,3458594258.0,397.0,387.65,397.3,390.05,392.0,390.05,8822490,392.0,392.0,390.05,3458594258.0,3458594258.0,3458594258.0,,3,SUR,-1.74,
TQBR,2020-06-05,Роснефть,ROSN,29233,4615612700.5,394.5,393.0,402.0,401.95,397.9,401.95,11598780,397.95,397.95,401.95,4615612700.5,4615612700.5,4615612700.5,,3,SUR,3.05,
TQBR,2020-06-08,Роснефть,ROSN,34898,5095198294.5,407.0,395.0,408.25,400.15,402.7,400.15,12647060,402.9,402.9,400.15,5095198294.5,5095198294.5,5095198294.5,,3,SUR,-0.45,
TQBR,2020-06-09,Роснефть,ROSN,26707,4042672675.5,403.0,394.3,403.9,402.0,399.4,402.0,10121950,399.4,399.4,402.0,4042672675.5,4042672675.5,4042672675.5,,3,SUR,0.46,
TQBR,2020-06-10,Роснефть,ROSN,23943,3525049768.5,401.6,397.25,403.75,400.3,400.0,400.3,8811590,400.05,400.05,400.3,3525049768.5,3525049768.5,3525049768.5,,3,SUR,-0.42,
TQBR,2020-06-11,Роснефть,ROSN,45160,5905293816.0,382.9,370.5,382.9,376.1,376.8,376.1,15665520,376.95,376.95,376.1,5905293816.0,5905293816.0,5905293816.0,,3,SUR,-6.05,
TQBR,2020-06-15,Роснефть,ROSN,33343,4413422133.0,368.7,359.55,369.05,366.15,364.0,366.15,12122290,364.05,364.05,366.15,4413422133.0,4413422133.0,4413422133.0,,3,SUR,-2.65,
TQBR,2020-06-16,Роснефть,ROSN,23613,3439137416.5,372.15,370.25,376.8,371.4,373.5,371.4,9207610,373.5,373.5,371.4,3439137416.5,3439137416.5,3439137416.5,,3,SUR,1.43,
TQBR,2020-06-17,Роснефть,ROSN,17923,2406687501.0,372.55,371.05,376.85,371.75,374.0,371.75,6434810,374.0,374.0,371.75,2406687501.0,2406687501.0,2406687501.0,,3,SUR,0.09,
TQBR,2020-06-18,Роснефть,ROSN,19830,1976982742.0,371.7,369.25,374.5,373.65,372.4,373.65,5309220,372.35,372.35,373.65,1976982742.0,1976982742.0,1976982742.0,,3,SUR,0.51,
TQBR,2020-06-19,Роснефть,ROSN,16694,2653011172.5,376.15,373.7,378.8,376.15,376.9,376.15,7039450,376.9,376.9,376.15,2653011172.5,2653011172.5,2653011172.5,,3,SUR,0.67,
TQBR,2020-06-22,Роснефть,ROSN,14630,2186896517.5,374.55,370.5,379.0,374.25,373.15,375.65,5860910,373.05,373.05,374.25,2107478304.0,2107478304.0,2107478304.0,0.0,3,SUR,-0.13,
TQBR,2020-06-23,Роснефть,ROSN,13136,1598884768.0,376.9,372.5,377.75,375.95,375.5,373.6,4257880,375.6,375.6,375.95,1501217599.5,1501217599.5,1501217599.5,0.0,3,SUR,-0.55,
TQBR,2020-06-25,Роснефть,ROSN,24756,3413677322.5,366.95,362.2,372.0,369.8,366.25,371.5,9320050,366.15,366.15,369.8,3310648614.5,3310648614.5,3310648614.5,0.0,3,SUR,-0.56,
TQBR,2020-06-26,Роснефть,ROSN,12510,1324221015.0,373.05,366.0,373.05,368.8,368.5,367.05,3593650,368.55,368.55,368.8,1267560398.5,1267560398.5,1267560398.5,0.0,3,SUR,-1.2,
TQBR,2020-06-29,Роснефть,ROSN,16388,1576093204.0,365.5,361.7,367.45,364.05,364.3,365.5,4326180,364.25,364.25,364.05,1500867323.0,1500867323.0,1500867323.0,0.0,3,SUR,-0.42,
TQBR,2020-06-30,Роснефть,ROSN,17346,1500904598.5,365.6,359.5,366.2,360.8,362.65,361.8,4138970,362.8,362.8,360.8,1391968907.0,1391968907.0,1391968907.0,0.0,3,SUR,-1.01,
TQBR,2020-07-02,Роснефть,ROSN,12375,1353458909.0,364.05,362.5,367.8,367.05,365.95,366.05,3698320,365.95,365.95,367.05,1283056876.5,1283056876.5,1283056876.5,0.0,3,SUR,1.17,
TQBR,2020-07-03,Роснефть,ROSN,11685,1220323016.0,367.5,362.95,368.2,364.95,364.65,365.35,3345410,364.75,364.75,364.95,1165501987.5,1165501987.5,1165501987.5,0.0,3,SUR,-0.19,
TQBR,2020-07-06,Роснефть,ROSN,14798,1912435677.5,367.6,367.0,373.65,370.1,369.8,368.8,5171010,369.95,369.95,370.1,1799975015.0,1799975015.0,1799975015.0,0.0,3,SUR,0.94,
TQBR,2020-07-07,Роснефть,ROSN,13693,1256759365.0,366.0,364.55,368.8,366.9,366.7,365.85,3427320,366.7,366.7,366.9,1204095209.0,1204095209.0,1204095209.0,0.0,3,SUR,-0.8,
TQBR,2020-07-08,Роснефть,ROSN,11296,1041131902.5,366.0,362.75,366.8,365.7,364.95,366.15,2852700,364.95,364.95,365.7,994828734.5,994828734.5,994828734.5,0.0,3,SUR,0.08,
TQBR,2020-07-09,Роснефть,ROSN,13356,1438738826.5,366.85,360.65,367.45,363.85,364.4,364.25,3948680,364.4,364.4,363.85,1362180438.5,1362180438.5,1362180438.5,0.0,3,SUR,-0.52,
TQBR,2020-07-10,Роснефть,ROSN,13614,1530573440.0,361.05,356.8,364.5,364.5,360.6,364.0,4244590,360.4,360.4,364.5,1445043613.0,1445043613.0,1445043613.0,0.0,3,SUR,-0.07,
TQBR,2020-07-13,Роснефть,ROSN,22184,1803474291.0,366.0,354.3,367.4,356.3,360.0,354.95,5009880,360.4,360.4,356.3,1654887314.0,1654887314.0,1654887314.0,0.0,3,SUR,-2.49,
TQBR,2020-07-14,Роснефть,ROSN,21503,2616512363.5,355.95,349.05,355.95,354.4,351.75,355.0,7437920,351.7,351.7,354.4,2541965738.5,2541965738.5,2541965738.5,0.0,3,SUR,0.01,
TQBR,2020-07-15,Роснефть,ROSN,19678,2994067546.0,355.1,353.35,362.95,356.0,358.65,358.45,8347910,358.7,358.7,356.0,2916794580.5,2916794580.5,2916794580.5,0.0,3,SUR,0.97,
TQBR,2020-07-16,Роснефть,ROSN,9498,1023272650.0,357.0,355.85,361.45,360.7,358.45,361.1,2854850,358.25,358.25,360.7,924606554.0,924606554.0,924606554.0,0.0,3,SUR,0.74,
TQBR,2020-07-17,Роснефть,ROSN,8308,774257898.5,361.0,358.35,362.25,360.5,359.7,359.85,2152460,359.7,359.7,360.5,729084474.5,729084474.5,729084474.5,0.0,3,SUR,-0.35,
TQBR,2020-07-20,Роснефть,ROSN,13307,1360944570.5,359.35,355.9,361.65,361.0,358.9,361.35,3791780,358.8,358.8,361.0,1301883398.0,1301883398.0,1301883398.0,0.0,3,SUR,0.42,
TQBR,2020-07-21,Роснефть,ROSN,17466,1929139323.5,362.5,362.2,367.75,365.6,365.2,364.45,5282220,365.25,365.25,365.6,1872547507.5,1872547507.5,1872547507.5,0.0,3,SUR,0.86,
TQBR,2020-07-22,Роснефть,ROSN,11289,1234579133.0,364.0,362.2,366.8,362.85,364.6,364.7,3386370,364.6,364.6,362.85,1193333510.0,1193333510.0,1193333510.0,0.0,3,SUR,0.07,
TQBR,2020-07-23,Роснефть,ROSN,11443,1175008317.5,366.0,358.1,366.55,362.9,363.95,360.0,3228630,364.4,364.4,362.9,1030088238.0,1030088238.0,1030088238.0,0.0,3,SUR,-1.29,
TQBR,2020-07-24,Роснефть,ROSN,13241,1610632243.0,358.2,357.4,360.7,359.25,358.95,359.75,4487370,358.9,358.9,359.25,1560125577.0,1560125577.0,1560125577.0,0.0,3,SUR,-0.07,
TQBR,2020-07-27,Роснефть,ROSN,15531,1610830331.0,361.0,356.3,361.0,356.9,358.7,358.25,4490460,358.8,358.8,356.9,1497704592.5,1497704592.5,1497704592.5,0.0,3,SUR,-0.42,
TQBR,2020-07-28,Роснефть,ROSN,13035,1458686418.0,358.95,355.0,359.3,356.75,356.5,355.4,4091640,356.55,356.55,356.75,1405945991.5,1405945991.5,1405945991.5,0.0,3,SUR,-0.8,
TQBR,2020-07-29,Роснефть,ROSN,14368,1963090191.5,356.0,355.45,360.4,360.0,358.0,360.4,5483830,357.9,357.9,360.0,1856881381.0,1856881381.0,1856881381.0,0.0,3,SUR,1.41,
TQBR,2020-07-30,Роснефть,ROSN,19500,2015026531.0,359.05,352.6,359.6,354.25,355.8,355.85,5663350,355.85,355.85,354.25,1937917012.0,1937917012.0,1937917012.0,0.0,3,SUR,-1.26,
TQBR,2020-07-31,Роснефть,ROSN,12274,1431736627.0,356.0,353.5,358.2,356.5,356.0,356.9,4021490,356.05,356.05,356.5,1376938588.0,1376938588.0,1376938588.0,0.0,3,SUR,0.3,
TQBR,2020-08-03,Роснефть,ROSN,11692,1330456092.0,356.0,355.25,358.35,356.2,356.7,356.45,3730310,356.65,356.65,356.2,1279709113.0,1279709113.0,1279709113.0,0.0,3,SUR,-0.13,
TQBR,2020-08-04,Роснефть,ROSN,15155,1690415448.0,356.5,355.0,360.7,360.0,357.85,359.8,4723740,357.7,357.7,360.0,1585043916.0,1585043916.0,1585043916.0,0.0,3,SUR,0.94,
TQBR,2020-08-05,Роснефть,ROSN,21472,2879730385.5,361.0,359.0,365.6,364.55,362.4,364.5,7946580,362.35,362.35,364.55,2793819211.0,2793819211.0,2793819211.0,0.0,3,SUR,1.31,
TQBR,2020-08-06,Роснефть,ROSN,15844,2246807012.5,365.05,362.45,374.85,367.7,366.1,369.0,6136500,365.85,365.85,367.7,2072519553.5,2072519553.5,2072519553.5,0.0,3,SUR,1.23,
TQBR,2020-08-07,Роснефть,ROSN,14466,1776330399.0,367.8,365.2,370.5,366.1,367.95,367.15,4826180,368.1,368.1,366.1,1723230100.0,1723230100.0,1723230100.0,0.0,3,SUR,-0.5,
TQBR,2020-08-10,Роснефть,ROSN,9784,1232386671.0,367.95,366.6,370.95,366.85,368.85,368.25,3341230,368.9,368.9,366.85,1185181156.5,1185181156.5,1185181156.5,0.0,3,SUR,0.3,
TQBR,2020-08-11,Роснефть,ROSN,16280,2295344820.5,369.0,366.7,371.85,371.15,370.15,367.2,6201990,370.25,370.25,371.15,2096308432.5,2096308432.5,2096308432.5,0.0,3,SUR,-0.29,
TQBR,2020-08-12,Роснефть,ROSN,18879,2777635074.0,369.0,368.55,379.05,377.7,373.75,377.85,7432810,373.4,373.4,377.7,2581617300.0,2581617300.0,2581617300.0,0.0,3,SUR,2.9,
TQBR,2020-08-13,Роснефть,ROSN,29279,4070585646.0,379.0,376.0,389.7,389.35,384.35,387.3,10592250,384.15,384.15,389.35,3873910648.0,3873910648.0,3873910648.0,0.0,3,SUR,2.5,
TQBR,2020-08-14,Роснефть,ROSN,19832,2352819135.5,387.5,382.65,390.0,388.0,386.45,387.95,6088640,386.4,386.4,388.0,2275997728.0,2275997728.0,2275997728.0,0.0,3,SUR,0.17,
TQBR,2020-08-17,Роснефть,ROSN,21691,2551765735.0,389.5,383.2,393.1,387.25,389.8,389.55,6546720,389.9,389.9,387.25,2443528752.0,2443528752.0,2443528752.0,0.0,3,SUR,0.41,
TQBR,2020-08-18,Роснефть,ROSN,17992,2196029440.0,388.0,386.15,394.3,391.8,392.1,391.85,5600460,392.1,392.1,391.8,2138203258.0,2138203258.0,2138203258.0,0.0,3,SUR,0.59,
TQBR,2020-08-19,Роснефть,ROSN,14567,1509305311.5,392.4,385.4,393.25,387.3,390.1,388.5,3868960,390.45,390.45,387.3,1323671205.5,1323671205.5,1323671205.5,0.0,3,SUR,-0.85,
TQBR,2020-08-20,Роснефть,ROSN,19124,2007685547.0,385.1,379.1,386.3,379.95,382.5,381.6,5242640,383.05,383.05,379.95,1921804870.5,1921804870.5,1921804870.5,0.0,3,SUR,-1.78,
TQBR,2020-08-21,Роснефть,ROSN,16053,1568330611.5,382.05,377.6,386.2,382.15,382.5,382.8,4100350,382.5,382.5,382.15,1527564832.5,1527564832.5,1527564832.5,0.0,3,SUR,0.31,
TQBR,2020-08-24,Роснефть,ROSN,13540,1256102511.0,384.55,383.25,388.7,388.5,387.3,388.65,3243240,387.3,387.3,388.5,1195271913.0,1195271913.0,1195271913.0,0.0,3,SUR,1.53,
TQBR,2020-08-25,Роснефть,ROSN,18485,2337568134.5,389.5,386.7,393.45,393.45,391.2,392.8,5975530,391.1,391.1,393.45,2191776693.0,2191776693.0,2191776693.0,0.0,3,SUR,1.07,
TQBR,2020-08-26,Роснефть,ROSN,19168,2237947434.0,393.05,391.9,398.5,397.25,395.5,397.5,5660100,395.35,395.35,397.25,2150773489.0,2150773489.0,2150773489.0,0.0,3,SUR,1.2,
TQBR,2020-08-27,Роснефть,ROSN,16310,1528480737.5,397.95,388.3,399.0,390.65,393.0,389.65,3889140,393.15,393.15,390.65,1461679438.5,1461679438.5,1461679438.5,0.0,3,SUR,-1.97,
TQBR,2020-08-28,Роснефть,ROSN,14692,1342262443.0,389.9,378.8,391.2,379.45,383.75,380.65,3497930,383.95,383.95,379.45,1268488534.0,1268488534.0,1268488534.0,0.0,3,SUR,-2.31,
TQBR,2020-08-31,Роснефть,ROSN,19552,2831941264.0,382.0,371.25,385.0,371.85,376.65,373.2,7521510,376.65,376.65,371.85,2734410021.0,2734410021.0,2734410021.0,0.0,3,SUR,-1.96,
TQBR,2020-09-01,Роснефть,ROSN,14165,1326562951.0,375.3,369.8,375.45,372.3,372.8,373.9,3558470,372.8,372.8,372.3,1290806137.5,1290806137.5,1290806137.5,0.0,3,SUR,0.19,
TQBR,2020-09-02,Роснефть,ROSN,17568,1685820766.5,374.15,367.3,377.5,373.1,372.55,371.5,4525330,372.55,372.55,373.1,1589131145.0,1589131145.0,1589131145.0,0.0,3,SUR,-0.64,
TQBR,2020-09-03,Роснефть,ROSN,18520,1764580674.5,371.0,363.3,372.35,366.95,367.2,366.2,4804100,367.35,367.35,366.95,1689931255.0,1689931255.0,1689931255.0,0.0,3,SUR,-1.43,
TQBR,2020-09-04,Роснефть,ROSN,17081,2089568956.0,365.75,365.0,372.8,370.9,369.5,372.5,5655120,369.35,369.35,370.9,1941176373.5,1941176373.5,1941176373.5,0.0,3,SUR,1.72,
TQBR,2020-09-07,Роснефть,ROSN,10339,1266267366.5,370.0,367.45,373.4,371.0,370.25,371.4,3419960,370.25,370.25,371.0,1229017057.0,1229017057.0,1229017057.0,0.0,3,SUR,-0.3,
TQBR,2020-09-08,Роснефть,ROSN,17964,1850551318.5,370.15,364.5,372.65,367.8,368.5,367.9,5021740,368.5,368.5,367.8,1812553075.5,1812553075.5,1812553075.5,0.0,3,SUR,-0.94,
TQBR,2020-09-09,Роснефть,ROSN,13663,1701905790.5,367.7,367.35,372.75,371.05,370.15,371.8,4596650,370.2,370.2,371.05,1652543073.5,1652543073.5,1652543073.5,0.0,3,SUR,1.06,
TQBR,2020-09-10,Роснефть,ROSN,15587,1569968059.5,372.05,365.65,373.0,368.9,368.25,366.9,4262650,368.35,368.35,368.9,1506691578.0,1506691578.0,1506691578.0,0.0,3,SUR,-1.32,
TQBR,2020-09-11,Роснефть,ROSN,9242,1195886874.5,367.0,365.5,371.7,371.45,369.5,370.05,3236060,369.55,369.55,371.45,1132766484.5,1132766484.5,1132766484.5,0.0,3,SUR,0.86,
TQBR,2020-09-14,Роснефть,ROSN,12343,1227772167.0,372.0,370.65,376.9,372.6,374.65,374.45,3276980,374.7,374.7,372.6,1191007162.5,1191007162.5,1191007162.5,0.0,3,SUR,1.19,
TQBR,2020-09-15,Роснефть,ROSN,16678,1540434123.5,374.0,373.1,385.7,384.6,380.55,385.3,4048030,380.3,380.3,384.6,1464274126.5,1464274126.5,1464274126.5,0.0,3,SUR,2.9,
TQBR,2020-09-16,Роснефть,ROSN,17362,1910105464.0,386.05,381.8,389.9,384.3,386.3,385.75,4944730,386.35,386.35,384.3,1809250655.0,1809250655.0,1809250655.0,0.0,3,SUR,0.12,
TQBR,2020-09-17,Роснефть,ROSN,17280,2031126961.5,383.0,378.65,384.15,379.1,380.55,382.55,5337090,380.5,380.5,379.1,1898104951.0,1898104951.0,1898104951.0,0.0,3,SUR,-0.83,
TQBR,2020-09-18,Роснефть,ROSN,13723,1579094180.0,382.9,374.5,384.0,378.75,378.9,376.5,4167400,379.1,379.1,378.75,1480418782.5,1480418782.5,1480418782.5,0.0,3,SUR,-1.58,
TQBR,2020-09-21,Роснефть,ROSN,21158,2498117429.5,376.0,363.4,376.0,365.75,368.85,368.3,6772510,368.9,368.9,365.75,2406353125.5,2406353125.5,2406353125.5,0.0,3,SUR,-2.18,
TQBR,2020-09-22,Роснефть,ROSN,13549,1550966997.5,367.7,366.75,375.7,372.55,372.45,374.8,4164420,372.4,372.4,372.55,1462874322.0,1462874322.0,1462874322.0,0.0,3,SUR,1.76,
TQBR,2020-09-23,Роснефть,ROSN,13448,1432703228.5,375.8,370.15,379.55,373.2,375.75,370.75,3812730,376.0,376.0,373.2,1341355267.0,1341355267.0,1341355267.0,0.0,3,SUR,-1.08,
TQBR,2020-09-24,Роснефть,ROSN,13321,1460724828.5,373.2,369.15,379.0,377.3,374.55,376.7,3899530,374.45,374.45,377.3,1382084845.5,1382084845.5,1382084845.5,0.0,3,SUR,1.6,
TQBR,2020-09-25,Роснефть,ROSN,14885,1687111947.5,379.0,376.95,381.5,380.45,379.5,381.4,4445740,379.45,379.45,380.45,1547172586.5,1547172586.5,1547172586.5,0.0,3,SUR,1.25,
TQBR,2020-09-28,Роснефть,ROSN,13112,1320764781.0,382.35,380.45,386.45,384.6,384.05,385.9,3439130,384.0,384.0,384.6,1287005651.0,1287005651.0,1287005651.0,0.0,3,SUR,1.18,
TQBR,2020-09-29,Роснефть,ROSN,15588,1747493194.5,386.0,380.8,389.4,384.2,384.55,384.0,4544310,384.6,384.6,384.2,1674902254.0,1674902254.0,1674902254.0,0.0,3,SUR,-0.49,
TQBR,2020-09-30,Роснефть,ROSN,12129,1427513939.0,382.95,381.7,387.95,383.4,385.25,383.0,3705240,385.4,385.4,383.4,1344340840.0,1344340840.0,1344340840.0,0.0,3,SUR,-0.26,
TQBR,2020-10-01,Роснефть,ROSN,15195,2162519878.5,386.85,382.1,389.1,385.0,385.75,385.45,5605640,385.8,385.8,385.0,2114705899.5,2114705899.5,2114705899.5,0.0,3,SUR,0.64,
TQBR,2020-10-02,Роснефть,ROSN,14091,1907271773.5,383.5,378.1,384.2,380.5,380.7,380.45,5010190,380.7,380.7,380.5,1839149176.5,1839149176.5,1839149176.5,0.0,3,SUR,-1.3,
TQBR,2020-10-05,Роснефть,ROSN,17227,2218986863.5,382.95,381.25,390.7,390.7,386.9,390.6,5735200,386.8,386.8,390.7,2141234830.5,2141234830.5,2141234830.5,0.0,3,SUR,2.67,
TQBR,2020-10-06,Роснефть,ROSN,15372,1805663131.5,392.0,389.85,395.7,393.7,393.2,390.2,4592340,393.35,393.35,393.7,1661619859.0,1661619859.0,1661619859.0,0.0,3,SUR,-0.1,
TQBR,2020-10-07,Роснефть,ROSN,14059,1594725979.0,390.0,385.45,392.95,388.35,387.7,388.85,4112860,387.7,387.7,388.35,1561416141.5,1561416141.5,1561416141.5,0.0,3,SUR,-0.35,
TQBR,2020-10-08,Роснефть,ROSN,12780,1580737171.5,390.0,386.1,394.2,391.75,391.0,392.5,4043080,390.95,390.95,391.75,1530937519.0,1530937519.0,1530937519.0,0.0,3,SUR,0.94,
TQBR,2020-10-09,Роснефть,ROSN,11862,1188272499.0,393.0,383.8,393.0,386.2,386.6,386.55,3073540,386.6,386.6,386.2,1153782904.0,1153782904.0,1153782904.0,0.0,3,SUR,-1.52,
TQBR,2020-10-12,Роснефть,ROSN,12308,1701588940.0,386.1,382.7,387.15,384.3,384.35,384.15,4427040,384.4,384.4,384.3,1657833249.5,1657833249.5,1657833249.5,0.0,3,SUR,-0.62,
TQBR,2020-10-13,Роснефть,ROSN,9206,966894493.0,384.3,378.15,384.5,379.5,381.25,378.85,2537000,381.2,381.2,379.5,920163063.5,920163063.5,920163063.5,0.0,3,SUR,-1.38,
TQBR,2020-10-14,Роснефть,ROSN,8781,1153377616.5,379.0,376.4,385.95,385.9,381.3,385.4,3024710,381.1,381.1,385.9,1080751569.5,1080751569.5,1080751569.5,0.0,3,SUR,1.73,
TQBR,2020-10-15,Роснефть,ROSN,9722,1375792444.5,384.2,379.2,384.95,381.1,380.3,380.2,3617750,380.3,380.3,381.1,1329371826.0,1329371826.0,1329371826.0,0.0,3,SUR,-1.35,
TQBR,2020-10-16,Роснефть,ROSN,12064,1280807713.0,378.75,377.95,384.35,384.0,381.55,382.95,3356910,381.5,381.5,384.0,1241562565.5,1241562565.5,1241562565.5,0.0,3,SUR,0.72,
TQBR,2020-10-19,Роснефть,ROSN,8644,1189498438.0,385.25,379.5,385.6,382.45,382.85,381.55,3105900,383.1,383.1,382.45,1139979603.0,1139979603.0,1139979603.0,0.0,3,SUR,-0.37,
TQBR,2020-10-20,Роснефть,ROSN,9513,862024443.0,380.1,380.0,385.5,382.95,383.25,384.6,2249100,383.25,383.25,382.95,829444110.0,829444110.0,829444110.0,0.0,3,SUR,0.8,
TQBR,2020-10-21,Роснефть,ROSN,8321,909764405.0,384.6,381.35,385.3,384.95,383.25,383.55,2373960,383.2,383.2,384.95,866272334.5,866272334.5,866272334.5,0.0,3,SUR,-0.27,
TQBR,2020-10-22,Роснефть,ROSN,10742,1110030182.0,382.9,380.0,384.85,382.1,381.6,381.8,2908960,381.6,381.6,382.1,1053474788.0,1053474788.0,1053474788.0,0.0,3,SUR,-0.46,
TQBR,2020-10-23,Роснефть,ROSN,8937,914465781.5,381.8,378.5,381.8,380.4,379.85,379.85,2407290,379.9,379.9,380.4,868795979.5,868795979.5,868795979.5,0.0,3,SUR,-0.51,
TQBR,2020-10-26,Роснефть,ROSN,11597,1065246274.0,376.8,373.6,378.0,375.6,375.75,374.55,2834990,375.8,375.8,375.6,962297797.5,962297797.5,962297797.5,0.0,3,SUR,-1.4,
TQBR,2020-10-27,Роснефть,ROSN,12017,1143015165.0,375.0,372.05,376.9,373.55,373.95,372.5,3056710,374.0,374.0,373.55,1067573836.0,1067573836.0,1067573836.0,0.0,3,SUR,-0.55,
TQBR,2020-10-28,Роснефть,ROSN,33827,3519650016.0,371.85,350.5,371.85,351.75,358.05,350.9,9829480,358.65,358.65,351.75,3213235130.5,3213235130.5,3213235130.5,0.0,3,SUR,-5.8,
TQBR,2020-10-29,Роснефть,ROSN,27429,2811888456.0,353.1,345.0,354.2,351.8,350.8,353.0,8015380,350.7,350.7,351.8,2670849769.5,2670849769.5,2670849769.5,0.0,3,SUR,0.6,
TQBR,2020-10-30,Роснефть,ROSN,21209,2001396193.0,349.0,343.6,352.35,351.1,349.4,349.8,5728580,349.35,349.35,351.1,1911494601.5,1911494601.5,1911494601.5,0.0,3,SUR,-0.91,
TQBR,2020-11-02,Роснефть,ROSN,25021,2985637273.5,346.05,342.1,359.55,357.2,353.1,359.2,8455340,352.7,352.7,357.2,2782090761.0,2782090761.0,2782090761.0,0.0,3,SUR,2.69,
TQBR,2020-11-03,Роснефть,ROSN,25178,2985535398.5,360.0,358.35,376.8,375.4,369.9,374.0,8068840,369.75,369.75,375.4,2781458305.0,2781458305.0,2781458305.0,0.0,3,SUR,4.12,
TQBR,2020-11-05,Роснефть,ROSN,28366,3590290613.5,378.3,372.35,386.9,384.35,383.2,382.4,9371750,383.1,383.1,384.35,3403013946.0,3403013946.0,3403013946.0,0.0,3,SUR,2.25,
TQBR,2020-11-06,Роснефть,ROSN,20363,2456582876.0,380.25,378.15,384.7,382.8,382.35,382.35,6424710,382.4,382.4,382.8,2290671852.5,2290671852.5,2290671852.5,0.0,3,SUR,-0.01,
TQBR,2020-11-09,Роснефть,ROSN,48350,6270004442.0,385.65,378.15,405.0,403.55,392.2,395.4,15986400,391.8,391.8,403.55,5809231495.0,5809231495.0,5809231495.0,0.0,3,SUR,3.41,
TQBR,2020-11-10,Роснефть,ROSN,38376,4487309208.5,395.4,392.25,418.85,413.45,405.95,414.55,11053520,405.2,405.2,413.45,4097908731.0,4097908731.0,4097908731.0,0.0,3,SUR,4.84,
TQBR,2020-11-11,Роснефть,ROSN,50472,6842907231.0,416.4,415.85,429.0,425.1,423.85,419.35,16144380,423.95,423.95,425.1,6513755387.5,6513755387.5,6513755387.5,0.0,3,SUR,1.16,
TQBR,2020-11-12,Роснефть,ROSN,26188,3207389026.5,418.0,410.55,419.65,417.1,415.7,412.3,7715290,415.8,415.8,417.1,2996718978.5,2996718978.5,2996718978.5,0.0,3,SUR,-1.68,
TQBR,2020-11-13,Роснефть,ROSN,22934,2636032229.0,412.3,408.55,419.35,415.5,412.55,419.35,6389440,412.0,412.0,415.5,2372734823.0,2372734823.0,2372734823.0,0.0,3,SUR,1.71,
TQBR,2020-11-16,Роснефть,ROSN,39413,5529381630.0,425.0,415.65,435.45,429.55,425.35,430.95,12999200,425.2,425.2,429.55,5357356476.5,5357356476.5,5357356476.5,0.0,3,SUR,2.77,
TQBR,2020-11-17,Роснефть,ROSN,41549,6521482890.0,430.9,419.8,441.5,439.65,431.2,438.85,15122320,429.95,429.95,439.65,5633786044.5,5633786044.5,5633786044.5,0.0,3,SUR,1.83,
TQBR,2020-11-18,Роснефть,ROSN,56829,8698211279.0,438.0,436.25,460.0,455.5,450.85,452.9,19290660,450.75,450.75,455.5,8373436409.5,8373436409.5,8373436409.5,0.0,3,SUR,3.2,
TQBR,2020-11-19,Роснефть,ROSN,30981,4288112044.5,452.15,443.05,454.1,447.8,448.95,451.85,9551230,448.9,448.9,447.8,4004792861.0,4004792861.0,4004792861.0,0.0,3,SUR,-0.23,
TQBR,2020-11-20,Роснефть,ROSN,42741,6112812529.5,450.5,446.15,465.0,462.15,459.5,464.8,13303290,459.35,459.35,462.15,5789221006.5,5789221006.5,5789221006.5,0.0,3,SUR,2.87,
TQBR,2020-11-23,Роснефть,ROSN,34458,5257926702.5,467.3,463.65,472.25,469.5,468.9,469.6,11212830,468.85,468.85,469.5,4955915784.0,4955915784.0,4955915784.0,0.0,3,SUR,1.03,
TQBR,2020-11-24,Роснефть,ROSN,31980,4213909388.0,472.5,462.3,474.9,471.15,469.1,472.2,8983210,468.85,468.85,471.15,3896616784.5,3896616784.5,3896616784.5,0.0,3,SUR,0.55,
TQBR,2020-11-25,Роснефть,ROSN,25052,3230343804.5,473.1,467.6,474.8,473.6,471.85,473.3,6846430,471.7,471.7,473.6,2974747421.0,2974747421.0,2974747421.0,0.0,3,SUR,0.23,
TQBR,2020-11-26,Роснефть,ROSN,20544,2785259309.5,473.3,463.8,473.8,466.55,467.15,464.75,5962140,467.4,467.4,466.55,2544494096.5,2544494096.5,2544494096.5,0.0,3,SUR,-1.81,
TQBR,2020-11-27,Роснефть,ROSN,22926,2818388399.5,465.0,456.65,466.4,459.65,459.95,461.2,6127800,459.95,459.95,459.65,2660327280.5,2660327280.5,2660327280.5,0.0,3,SUR,-0.76,
TQBR,2020-11-30,Роснефть,ROSN,29182,4167298902.0,457.0,444.6,458.0,447.55,449.55,449.5,9270330,449.65,449.65,447.55,3901939275.0,3901939275.0,3901939275.0,0.0,3,SUR,-2.54,
TQBR,2020-12-01,Роснефть,ROSN,26302,3503562790.5,448.75,441.8,452.3,444.15,446.6,446.4,7844700,446.6,446.6,444.15,3360663390.5,3360663390.5,3360663390.5,0.0,3,SUR,-0.69,
TQBR,2020-12-02,Роснефть,ROSN,25448,3018289850.0,445.55,439.3,451.8,447.0,443.45,448.75,6806570,442.3,442.3,447.0,2513596047.0,2513596047.0,2513596047.0,0.0,3,SUR,0.53,
TQBR,2020-12-03,Роснефть,ROSN,34165,4708582773.5,448.5,428.2,450.0,436.55,437.9,435.35,10753510,438.15,438.15,436.55,4195487765.5,4195487765.5,4195487765.5,0.0,3,SUR,-2.99,
TQBR,2020-12-04,Роснефть,ROSN,28722,3801603011.5,439.8,437.0,447.3,444.85,441.85,444.8,8602710,441.7,441.7,444.85,3557258935.5,3557258935.5,3557258935.5,0.0,3,SUR,2.17,
TQBR,2020-12-07,Роснефть,ROSN,17608,2216975103.0,444.6,437.55,445.45,440.4,441.7,439.45,5019210,441.8,441.8,440.4,2035745892.5,2035745892.5,2035745892.5,0.0,3,SUR,-1.2,
TQBR,2020-12-08,Роснефть,ROSN,22692,3100068788.0,437.7,426.7,438.1,430.0,432.3,432.75,7171410,432.3,432.3,430.0,2954780268.0,2954780268.0,2954780268.0,0.0,3,SUR,-1.52,
TQBR,2020-12-09,Роснефть,ROSN,23139,3339815834.0,432.55,429.6,441.75,437.0,437.3,435.6,7638280,437.3,437.3,437.0,3113688140.5,3113688140.5,3113688140.5,0.0,3,SUR,0.66,
TQBR,2020-12-10,Роснефть,ROSN,24870,3615285209.0,434.9,434.5,452.15,452.15,445.5,450.9,8115030,444.95,444.95,452.15,3211994103.0,3211994103.0,3211994103.0,0.0,3,SUR,3.51,
TQBR,2020-12-11,Роснефть,ROSN,21430,3050780379.5,452.0,445.0,454.0,447.9,450.0,447.25,6779290,450.1,450.1,447.9,2957236893.5,2957236893.5,2957236893.5,0.0,3,SUR,-0.81,
TQBR,2020-12-14,Роснефть,ROSN,30798,4657867564.0,449.95,438.6,459.4,442.45,450.15,441.8,10347360,450.65,450.65,442.45,4363422597.0,4363422597.0,4363422597.0,0.0,3,SUR,-1.22,
TQBR,2020-12-15,Роснефть,ROSN,25756,3663333340.5,439.0,435.85,451.5,449.9,444.95,451.5,8233220,444.75,444.75,449.9,3522618871.0,3522618871.0,3522618871.0,0.0,3,SUR,2.2,
TQBR,2020-12-16,Роснефть,ROSN,29518,4397590272.5,452.0,437.5,456.4,442.9,446.45,444.4,9849100,446.8,446.8,442.9,4060923502.5,4060923502.5,4060923502.5,0.0,3,SUR,-1.57,
TQBR,2020-12-17,Роснефть,ROSN,30629,4089424442.5,445.5,438.8,447.95,442.8,442.9,442.65,9232940,442.95,442.95,442.8,3990597850.5,3990597850.5,3990597850.5,0.0,3,SUR,-0.39,
TQBR,2020-12-18,Роснефть,ROSN,16836,3864336735.0,441.0,438.9,443.95,440.25,441.2,440.65,8758690,441.2,441.2,440.25,3757102682.0,3757102682.0,3757102682.0,0.0,3,SUR,-0.45,
TQBR,2020-12-21,Роснефть,ROSN,45759,5536577609.0,435.1,417.45,437.4,419.75,424.6,423.95,13037520,424.75,424.75,419.75,5276518304.0,5276518304.0,5276518304.0,0.0,3,SUR,-3.79,
TQBR,2020-12-22,Роснефть,ROSN,22881,3251491349.0,419.0,417.75,435.45,434.45,428.7,430.7,7584660,428.5,428.5,434.45,3078824067.0,3078824067.0,3078824067.0,0.0,3,SUR,1.59,
TQBR,2020-12-23,Роснефть,ROSN,16403,2258580148.5,430.0,427.0,434.5,431.2,430.85,430.15,5243500,430.65,430.65,431.2,2004987152.5,2004987152.5,2004987152.5,0.0,3,SUR,-0.13,
TQBR,2020-12-24,Роснефть,ROSN,13887,1480206978.5,431.2,429.2,438.0,436.5,434.5,436.35,3408170,434.25,434.25,436.5,1403035452.0,1403035452.0,1403035452.0,0.0,3,SUR,1.44,
TQBR,2020-12-25,Роснефть,ROSN,5190,453162802.5,438.0,433.0,438.0,436.5,435.3,436.25,1041010,435.15,435.15,436.5,385037489.5,385037489.5,385037489.5,0.0,3,SUR,-0.02,
TQBR,2020-12-28,Роснефть,ROSN,8660,883611072.5,436.25,434.35,439.95,437.0,437.25,435.65,2020880,437.3,437.3,437.0,812670829.5,812670829.5,812670829.5,0.0,3,SUR,-0.14,
TQBR,2020-12-29,Роснефть,ROSN,12652,1439723978.5,438.3,430.15,438.85,435.15,435.8,434.6,3303520,435.9,435.9,435.15,1353919209.0,1353919209.0,1353919209.0,0.0,3,SUR,-0.24,
TQBR,2020-12-30,Роснефть,ROSN,16021,2213808733.0,436.45,433.4,438.45,435.2,435.9,435.1,5079580,435.9,435.9,435.2,2025093763.0,2025093763.0,2025093763.0,0.0,3,SUR,0.12,
TQBR,2021-01-04,Роснефть,ROSN,22434,2803387975.5,435.85,433.0,442.6,442.05,437.65,436.0,6405540,437.65,437.65,442.05,2476802287.0,2476802287.0,2476802287.0,0.0,3,SUR,0.21,
TQBR,2021-01-05,Роснефть,ROSN,23452,2974641629.5,436.0,433.3,450.7,445.6,442.1,449.35,6728320,440.55,440.55,445.6,2338929568.5,2338929568.5,2338929568.5,0.0,3,SUR,3.06,
TQBR,2021-01-06,Роснефть,ROSN,27750,3697370867.0,449.35,443.7,454.65,454.15,449.25,453.7,8230020,448.9,448.9,454.15,3359850539.0,3359850539.0,3359850539.0,0.0,3,SUR,0.97,
TQBR,2021-01-08,Роснефть,ROSN,42210,6045034443.5,465.1,463.8,481.0,474.55,473.2,478.2,12774820,473.05,473.05,474.55,5758260758.0,5758260758.0,5758260758.0,0.0,3,SUR,5.4,
TQBR,2021-01-11,Роснефть,ROSN,29306,4160569458.5,474.55,464.0,480.1,473.0,473.05,473.25,8794770,473.05,473.05,473.0,4012822647.0,4012822647.0,4012822647.0,0.0,3,SUR,-1.04,
TQBR,2021-01-12,Роснефть,ROSN,22979,3357990352.0,475.0,466.25,479.2,475.0,474.15,474.4,7084430,474.05,474.05,475.0,3181312454.0,3181312454.0,3181312454.0,0.0,3,SUR,0.24,
TQBR,2021-01-13,Роснефть,ROSN,47711,7420922154.0,477.0,476.25,493.95,488.05,485.15,485.95,15295510,485.1,485.1,488.05,7050107000.0,7050107000.0,7050107000.0,0.0,3,SUR,2.43,
TQBR,2021-01-14,Роснефть,ROSN,57572,7664200791.5,485.0,484.05,505.65,504.0,497.7,505.0,15398010,497.4,497.4,504.0,7318807258.5,7318807258.5,7318807258.5,0.0,3,SUR,3.92,
TQBR,2021-01-15,Роснефть,ROSN,56091,9120573506.0,503.0,498.2,519.65,514.3,509.5,512.2,17894440,509.55,509.55,514.3,8668475799.5,8668475799.5,8668475799.5,0.0,3,SUR,1.43,
TQBR,2021-01-18,Роснефть,ROSN,38022,5505232267.5,509.95,505.25,519.0,518.8,513.3,516.5,10725300,513.15,513.15,518.8,5291112072.5,5291112072.5,5291112072.5,0.0,3,SUR,0.84,
TQBR,2021-01-19,Роснефть,ROSN,41143,6435878752.0,518.9,506.65,524.8,510.65,513.95,510.7,12521140,514.25,514.25,510.65,6125346478.5,6125346478.5,6125346478.5,0.0,3,SUR,-1.12,
TQBR,2021-01-20,Роснефть,ROSN,18927,2490966974.0,510.7,507.55,514.7,508.9,510.8,510.65,4876400,511.0,511.0,508.9,2263476334.5,2263476334.5,2263476334.5,0.0,3,SUR,-0.01,
TQBR,2021-01-21,Роснефть,ROSN,33069,4638431492.0,509.3,495.65,512.7,499.3,501.2,498.0,9254750,501.5,501.5,499.3,4317951847.0,4317951847.0,4317951847.0,0.0,3,SUR,-2.48,
TQBR,2021-01-22,Роснефть,ROSN,30828,4273128883.0,495.0,485.0,495.0,491.15,490.15,494.25,8716870,490.05,490.05,491.15,4034694799.5,4034694799.5,4034694799.5,0.0,3,SUR,-0.75,
TQBR,2021-01-25,Роснефть,ROSN,27480,3731328670.5,494.2,485.4,502.8,495.8,495.15,495.6,7535710,495.3,495.3,495.8,3480372023.5,3480372023.5,3480372023.5,0.0,3,SUR,0.27,
TQBR,2021-01-26,Роснефть,ROSN,16609,2222031542.5,492.15,488.1,498.25,493.95,493.7,493.95,4500790,493.7,493.7,493.95,2145618657.5,2145618657.5,2145618657.5,0.0,3,SUR,-0.33,
TQBR,2021-01-27,Роснефть,ROSN,29813,4666574481.5,495.9,480.55,497.9,482.2,486.95,481.25,9582470,487.2,487.2,482.2,4442839917.5,4442839917.5,4442839917.5,0.0,3,SUR,-2.57,
TQBR,2021-01-28,Роснефть,ROSN,23545,2911524260.5,479.85,475.0,485.65,481.85,480.35,483.4,6061580,480.1,480.1,481.85,2669767143.5,2669767143.5,2669767143.5,0.0,3,SUR,0.45,
TQBR,2021-01-29,Роснефть,ROSN,22038,2648522580.0,480.45,472.0,482.45,475.2,476.7,473.0,5555870,477.35,477.35,475.2,2256717410.5,2256717410.5,2256717410.5,0.0,3,SUR,-2.15,
TQBR,2021-02-01,Роснефть,ROSN,20528,3267021096.5,475.1,469.5,478.9,473.6,474.1,478.35,6890680,474.0,474.0,473.6,3088437384.0,3088437384.0,3088437384.0,0.0,3,SUR,1.13,
TQBR,2021-02-02,Роснефть,ROSN,30037,5042776426.0,481.15,479.0,488.8,485.9,484.35,482.0,10412280,484.3,484.3,485.9,4601282552.0,4601282552.0,4601282552.0,0.0,3,SUR,0.76,
TQBR,2021-02-03,Роснефть,ROSN,24048,3689730784.5,487.75,482.15,494.2,488.15,487.95,489.95,7562080,487.4,487.4,488.15,3107983921.5,3107983921.5,3107983921.5,0.0,3,SUR,1.65,
TQBR,2021-02-04,Роснефть,ROSN,25554,3898980062.5,490.35,484.2,497.05,485.75,490.9,489.2,7944910,491.0,491.0,485.75,3637900046.5,3637900046.5,3637900046.5,0.0,3,SUR,-0.15,
TQBR,2021-02-05,Роснефть,ROSN,25044,3768953251.0,492.45,490.35,496.75,492.85,493.45,493.95,7638670,493.4,493.4,492.85,3624626169.0,3624626169.0,3624626169.0,0.0,3,SUR,0.97,
TQBR,2021-02-08,Роснефть,ROSN,30637,3876625872.5,496.0,496.0,503.25,497.7,499.95,501.75,7754570,499.9,499.9,497.7,3699483057.0,3699483057.0,3699483057.0,0.0,3,SUR,1.58,
TQBR,2021-02-09,Роснефть,ROSN,28276,3361445573.5,503.8,492.4,505.0,494.85,497.2,494.8,6760660,497.55,497.55,494.85,3034249568.0,3034249568.0,3034249568.0,0.0,3,SUR,-1.39,
TQBR,2021-02-10,Роснефть,ROSN,19985,2768109736.5,497.45,489.35,498.25,490.85,493.65,491.45,5609350,493.55,493.55,490.85,2585777624.0,2585777624.0,2585777624.0,0.0,3,SUR,-0.68,
TQBR,2021-02-11,Роснефть,ROSN,22830,3316045912.0,490.25,488.15,501.7,501.0,496.5,496.8,6678120,496.45,496.45,501.0,3057898537.0,3057898537.0,3057898537.0,0.0,3,SUR,1.09,
TQBR,2021-02-12,Роснефть,ROSN,41879,5966984032.5,496.95,488.6,509.35,504.15,499.3,509.35,11948910,498.55,498.55,504.15,5277439017.0,5277439017.0,5277439017.0,0.0,3,SUR,2.53,
TQBR,2021-02-15,Роснефть,ROSN,36263,4540347241.5,513.0,508.2,522.45,518.15,514.15,521.45,8829940,513.5,513.5,518.15,4064610483.5,4064610483.5,4064610483.5,0.0,3,SUR,2.38,
TQBR,2021-02-16,Роснефть,ROSN,35069,4572038061.0,522.45,520.5,529.4,528.1,524.9,525.6,8710180,524.85,524.85,528.1,4255536844.5,4255536844.5,4255536844.5,0.0,3,SUR,0.8,
TQBR,2021-02-17,Роснефть,ROSN,40175,5916867410.5,525.0,505.7,528.15,507.2,516.75,515.15,11449940,517.45,517.45,507.2,5303113788.5,5303113788.5,5303113788.5,0.0,3,SUR,-1.99,
TQBR,2021-02-18,Роснефть,ROSN,31512,4955333290.5,515.0,505.5,517.65,508.0,510.8,506.85,9701350,511.05,511.05,508.0,4588859352.0,4588859352.0,4588859352.0,0.0,3,SUR,-1.61,
TQBR,2021-02-19,Роснефть,ROSN,26614,3805802323.5,506.0,504.0,515.15,514.1,510.1,512.75,7460830,510.0,510.0,514.1,3584432768.0,3584432768.0,3584432768.0,0.0,3,SUR,1.16,
TQBR,2021-02-20,Роснефть,ROSN,4994,465864311.0,512.55,509.05,514.0,513.25,512.15,513.15,909650,512.1,512.1,513.25,444996538.0,444996538.0,444996538.0,0.0,3,SUR,0.08,
TQBR,2021-02-22,Роснефть,ROSN,18525,2327976051.0,514.0,509.1,518.9,511.35,511.1,516.0,4533130,513.3,513.3,511.35,2080377192.5,2080377192.5,2080377192.5,0.0,3,SUR,0.56,
TQBR,2021-02-24,Роснефть,ROSN,25531,3481680115.5,511.7,511.15,518.7,516.8,513.2,518.25,6758820,515.0,515.0,516.8,3227870954.5,3227870954.5,3227870954.5,0.0,3,SUR,0.44,
TQBR,2021-02-25,Роснефть,ROSN,47149,7069456803.0,519.45,517.95,536.35,534.8,528.2,529.35,13384710,528.0,528.0,534.8,6478454729.5,6478454729.5,6478454729.5,0.0,3,SUR,2.14,
TQBR,2021-02-26,Роснефть,ROSN,30895,5308920157.0,525.65,520.45,533.2,525.9,526.2,523.35,10091350,526.3,526.3,525.9,4947524102.0,4947524102.0,4947524102.0,0.0,3,SUR,-1.13,
TQBR,2021-03-01,Роснефть,ROSN,20078,2561836671.5,527.55,521.45,530.0,524.05,525.35,524.1,4875450,525.65,525.65,524.05,2261439956.5,2261439956.5,2261439956.5,0.0,3,SUR,0.14,
TQBR,2021-03-02,Роснефть,ROSN,19775,2526862200.0,519.5,518.85,529.85,528.85,525.8,526.0,4806100,525.6,525.6,528.85,2335728122.5,2335728122.5,2335728122.5,0.0,3,SUR,0.36,
TQBR,2021-03-03,Роснефть,ROSN,21637,3178084220.5,528.85,527.6,536.45,535.15,533.1,533.8,5961110,533.0,533.0,535.15,2890538942.5,2890538942.5,2890538942.5,0.0,3,SUR,1.48,
TQBR,2021-03-04,Роснефть,ROSN,42904,6729134336.0,535.1,533.2,549.7,539.7,539.55,540.1,12458160,538.75,538.75,539.7,5223622807.5,5223622807.5,5223622807.5,0.0,3,SUR,1.18,
TQBR,2021-03-05,Роснефть,ROSN,47816,7534079770.5,543.0,541.55,561.95,556.5,549.4,561.0,13678500,550.2,550.2,556.5,6939597102.5,6939597102.5,6939597102.5,0.0,3,SUR,3.87,
TQBR,2021-03-09,Роснефть,ROSN,49805,8214838175.0,559.0,556.0,581.45,572.0,572.25,570.6,14355410,572.35,572.35,572.0,7951604773.5,7951604773.5,7951604773.5,0.0,3,SUR,1.71,
TQBR,2021-03-10,Роснефть,ROSN,32260,5410692993.5,568.75,557.0,573.5,560.5,564.75,561.15,9582210,565.25,565.25,560.5,4947583761.5,4947583761.5,4947583761.5,0.0,3,SUR,-1.66,
TQBR,2021-03-11,Роснефть,ROSN,26026,5428081522.0,563.05,563.05,572.0,568.0,567.05,572.0,9572920,566.9,566.9,568.0,5113923890.0,5113923890.0,5113923890.0,0.0,3,SUR,1.93,
TQBR,2021-03-12,Роснефть,ROSN,19892,3403696454.5,572.75,566.4,574.7,568.6,570.7,572.25,5964020,570.65,570.65,568.6,3183442197.5,3183442197.5,3183442197.5,0.0,3,SUR,0.04,
TQBR,2021-03-15,Роснефть,ROSN,30460,5726500126.5,573.15,572.0,580.75,577.25,576.35,576.4,9937060,576.4,576.4,577.25,5397496542.0,5397496542.0,5397496542.0,0.0,3,SUR,0.73,
TQBR,2021-03-16,Роснефть,ROSN,50593,10066329397.5,574.65,559.3,577.95,572.0,568.65,571.2,17701530,568.6,568.6,572.0,9785767385.0,9785767385.0,9785767385.0,0.0,3,SUR,-0.9,
TQBR,2021-03-17,Роснефть,ROSN,42899,8547272975.0,570.0,551.25,574.1,554.0,560.05,555.85,15266980,560.2,560.2,554.0,7968969668.0,7968969668.0,7968969668.0,0.0,3,SUR,-2.69,
TQBR,2021-03-18,Роснефть,ROSN,39386,6847528876.0,556.0,541.0,559.5,559.45,553.1,544.05,12381510,554.45,554.45,559.45,5411682276.5,5411682276.5,5411682276.5,0.0,3,SUR,-2.12,
TQBR,2021-03-19,Роснефть,ROSN,28369,5152311122.5,543.0,541.6,560.95,556.35,552.05,560.3,9333040,551.5,551.5,556.35,4690098760.5,4690098760.5,4690098760.5,0.0,3,SUR,2.99,
TQBR,2021-03-22,Роснефть,ROSN,24237,4214818692.0,558.4,555.55,566.9,562.95,561.65,562.65,7504320,561.45,561.45,562.95,3867293438.0,3867293438.0,3867293438.0,0.0,3,SUR,0.42,
TQBR,2021-03-23,Роснефть,ROSN,33619,4691572645.0,560.2,556.55,573.45,572.0,564.55,565.1,8310320,564.1,564.1,572.0,4089255976.0,4089255976.0,4089255976.0,0.0,3,SUR,0.44,
TQBR,2021-03-24,Роснефть,ROSN,26365,4456473775.0,566.6,564.25,577.0,570.55,570.25,568.05,7812840,570.15,570.15,570.55,3528048495.0,3528048495.0,3528048495.0,0.0,3,SUR,0.52,
TQBR,2021-03-25,Роснефть,ROSN,20589,3906005250.5,568.65,566.45,574.7,570.2,571.35,574.65,6836330,571.2,571.2,570.2,3549375043.5,3549375043.5,3549375043.5,0.0,3,SUR,1.16,
TQBR,2021-03-26,Роснефть,ROSN,29416,5946818513.5,576.0,575.85,585.15,579.35,580.65,582.2,10241580,580.7,580.7,579.35,5536188905.0,5536188905.0,5536188905.0,0.0,3,SUR,1.31,
TQBR,2021-03-29,Роснефть,ROSN,29753,4804081453.5,579.95,572.0,584.25,576.2,577.9,575.3,8312720,578.05,578.05,576.2,4504340946.5,4504340946.5,4504340946.5,0.0,3,SUR,-1.19,
TQBR,2021-03-30,Роснефть,ROSN,20949,3519713632.5,576.5,565.3,579.2,570.95,572.0,570.25,6153150,572.05,572.05,570.95,3421746194.0,3421746194.0,3421746194.0,0.0,3,SUR,-0.88,
TQBR,2021-03-31,Роснефть,ROSN,24555,5187964040.5,571.15,567.1,574.95,570.9,570.75,572.6,9090060,570.7,570.7,570.9,5034352949.5,5034352949.5,5034352949.5,0.0,3,SUR,0.41,
TQBR,2021-04-01,Роснефть,ROSN,40840,6607834435.0,574.1,561.4,576.75,565.05,569.15,568.9,11609740,569.2,569.2,565.05,6351458777.0,6351458777.0,6351458777.0,0.0,3,SUR,-0.65,
TQBR,2021-04-02,Роснефть,ROSN,7027,584622705.0,568.9,565.6,569.9,567.0,567.2,566.65,1030470,567.35,567.35,567.0,537847250.5,537847250.5,537847250.5,0.0,3,SUR,-0.4,
TQBR,2021-04-05,Роснефть,ROSN,14524,1763839971.5,567.5,557.25,567.75,560.0,561.1,560.15,3143400,561.25,561.25,560.0,1630243520.0,1630243520.0,1630243520.0,0.0,3,SUR,-1.15,
TQBR,2021-04-06,Роснефть,ROSN,26125,3288498789.5,562.25,545.45,563.15,547.5,551.5,547.55,5962740,551.6,551.6,547.5,3179918821.5,3179918821.5,3179918821.5,0.0,3,SUR,-2.25,
TQBR,2021-04-07,Роснефть,ROSN,24128,3389993398.5,547.5,543.25,555.55,550.0,550.6,551.5,6156820,550.6,550.6,550.0,3307182336.5,3307182336.5,3307182336.5,0.0,3,SUR,0.72,
TQBR,2021-04-08,Роснефть,ROSN,17306,2547570147.5,549.9,545.15,554.8,547.0,548.9,549.3,4641120,548.95,548.95,547.0,2467973874.0,2467973874.0,2467973874.0,0.0,3,SUR,-0.4,
TQBR,2021-04-09,Роснефть,ROSN,23667,3393186008.0,547.55,536.05,548.7,536.05,540.3,538.0,6280370,540.4,540.4,536.05,3224860914.5,3224860914.5,3224860914.5,0.0,3,SUR,-2.06,
TQBR,2021-04-12,Роснефть,ROSN,26629,3304951565.0,535.0,532.5,541.35,539.35,537.55,540.15,6148360,537.45,537.45,539.35,3209855026.0,3209855026.0,3209855026.0,0.0,3,SUR,0.4,
TQBR,2021-04-13,Роснефть,ROSN,20382,2653161681.5,541.25,534.55,552.25,545.4,542.1,551.95,4894320,540.85,540.85,545.4,2250243602.0,2250243602.0,2250243602.0,0.0,3,SUR,2.18,
TQBR,2021-04-14,Роснефть,ROSN,20522,3127885044.5,556.0,546.25,556.1,554.4,551.35,552.1,5673330,551.15,551.15,554.4,2922032963.0,2922032963.0,2922032963.0,0.0,3,SUR,0.03,
TQBR,2021-04-15,Роснефть,ROSN,22108,3489925669.0,548.7,545.4,562.6,558.2,554.6,556.5,6292810,554.55,554.55,558.2,3412362132.5,3412362132.5,3412362132.5,0.0,3,SUR,0.8,
TQBR,2021-04-16,Роснефть,ROSN,16930,2221974805.0,560.1,549.2,561.4,553.35,554.85,555.05,4004590,554.85,554.85,553.35,2097001022.5,2097001022.5,2097001022.5,0.0,3,SUR,-0.26,
TQBR,2021-04-19,Роснефть,ROSN,13248,1857981716.0,552.05,546.05,554.7,549.05,551.0,548.05,3372020,551.1,551.1,549.05,1776866312.5,1776866312.5,1776866312.5,0.0,3,SUR,-1.26,
TQBR,2021-04-20,Роснефть,ROSN,19797,2979502085.5,549.9,537.5,553.9,543.2,544.35,541.05,5473430,544.5,544.5,543.2,2853735091.5,2853735091.5,2853735091.5,0.0,3,SUR,-1.28,
TQBR,2021-04-21,Роснефть,ROSN,12229,1530909380.0,540.65,538.65,547.35,544.15,543.6,545.7,2816320,543.5,543.5,544.15,1454920563.5,1454920563.5,1454920563.5,0.0,3,SUR,0.86,
TQBR,2021-04-22,Роснефть,ROSN,21607,3179275357.5,547.0,536.6,547.0,543.3,541.05,541.6,5874370,541.15,541.15,543.3,3076162045.0,3076162045.0,3076162045.0,0.0,3,SUR,-0.75,
TQBR,2021-04-23,Роснефть,ROSN,17841,2744380483.0,543.0,533.95,544.8,538.0,537.8,538.5,5103090,537.75,537.75,538.0,2641300186.5,2641300186.5,2641300186.5,0.0,3,SUR,-0.57,
TQBR,2021-04-26,Роснефть,ROSN,23302,3050939729.5,537.1,527.5,537.85,530.1,530.6,530.6,5749850,530.6,530.6,530.1,2897602319.5,2897602319.5,2897602319.5,0.0,3,SUR,-1.47,
TQBR,2021-04-27,Роснефть,ROSN,21535,2244729396.5,531.0,524.5,533.7,526.35,527.95,528.0,4251420,528.0,528.0,526.35,2091177345.0,2091177345.0,2091177345.0,0.0,3,SUR,-0.49,
TQBR,2021-04-28,Роснефть,ROSN,19098,2409393743.0,529.0,522.1,529.75,526.8,525.9,527.95,4581390,525.8,525.8,526.8,2281991977.5,2281991977.5,2281991977.5,0.0,3,SUR,-0.01,
TQBR,2021-04-29,Роснефть,ROSN,21745,3363990786.5,530.0,526.05,536.1,527.0,531.0,528.75,6335350,531.15,531.15,527.0,3198683345.5,3198683345.5,3198683345.5,0.0,3,SUR,0.15,
TQBR,2021-04-30,Роснефть,ROSN,18177,2698601299.5,528.0,521.55,529.7,525.55,525.65,525.2,5134830,525.55,525.55,525.55,2586317921.0,2586317921.0,2586317921.0,0.0,3,SUR,-0.67,
TQBR,2021-05-04,Роснефть,ROSN,20875,2728170645.0,526.9,526.3,538.15,535.0,533.9,537.15,5110110,533.8,533.8,535.0,2610132642.0,2610132642.0,2610132642.0,0.0,3,SUR,2.28,
TQBR,2021-05-05,Роснефть,ROSN,20082,3303832138.5,540.0,537.05,546.8,542.25,542.6,538.65,6088920,542.75,542.75,542.25,3091561562.5,3091561562.5,3091561562.5,0.0,3,SUR,0.28,
TQBR,2021-05-06,Роснефть,ROSN,15178,2443060644.0,540.5,534.2,542.8,535.55,538.55,538.55,4536300,538.65,538.65,535.55,2233621901.5,2233621901.5,2233621901.5,0.0,3,SUR,-0.02,
TQBR,2021-05-07,Роснефть,ROSN,11647,1706210431.0,540.0,533.25,541.65,535.55,538.1,536.2,3172170,538.0,538.0,535.55,1560922633.0,1560922633.0,1560922633.0,0.0,3,SUR,-0.44,
TQBR,2021-05-10,Роснефть,ROSN,18503,2766919294.0,537.45,533.55,547.5,542.95,542.85,541.95,5096980,542.9,542.9,542.95,2613829430.5,2613829430.5,2613829430.5,0.0,3,SUR,1.07,
TQBR,2021-05-11,Роснефть,ROSN,19814,2799213909.5,540.0,528.6,541.6,532.0,534.75,532.0,5234470,534.85,534.85,532.0,2680714611.5,2680714611.5,2680714611.5,0.0,3,SUR,-1.84,
TQBR,2021-05-12,Роснефть,ROSN,28619,4614729902.0,532.9,529.85,551.3,548.6,541.75,542.2,8518710,541.4,541.4,548.6,4165220744.5,4165220744.5,4165220744.5,0.0,3,SUR,1.92,
TQBR,2021-05-13,Роснефть,ROSN,27822,3527464077.0,540.5,539.5,552.0,548.35,547.1,550.0,6448240,546.95,546.95,548.35,3314075993.0,3314075993.0,3314075993.0,0.0,3,SUR,1.44,
TQBR,2021-05-14,Роснефть,ROSN,15481,2239567213.0,552.0,541.2,553.7,545.0,546.05,545.65,4101350,546.1,546.1,545.0,2134931699.5,2134931699.5,2134931699.5,0.0,3,SUR,-0.79,
TQBR,2021-05-17,Роснефть,ROSN,14568,2086306264.0,546.95,535.9,546.95,542.0,541.15,545.55,3855920,540.85,540.85,542.0,1926722509.5,1926722509.5,1926722509.5,0.0,3,SUR,-0.02,
TQBR,2021-05-18,Роснефть,ROSN,20828,3258449832.5,546.25,538.35,551.0,541.05,544.5,540.45,5984510,544.8,544.8,541.05,3024438936.5,3024438936.5,3024438936.5,0.0,3,SUR,-0.93,
TQBR,2021-05-19,Роснефть,ROSN,21838,2636075795.0,539.7,526.35,539.7,528.6,533.0,529.5,4946560,533.25,533.25,528.6,2379608295.5,2379608295.5,2379608295.5,0.0,3,SUR,-2.03,
TQBR,2021-05-20,Роснефть,ROSN,27126,3418947383.5,529.5,514.3,529.85,517.75,519.1,517.35,6586410,519.15,519.15,517.75,3282087530.5,3282087530.5,3282087530.5,0.0,3,SUR,-2.29,
TQBR,2021-05-21,Роснефть,ROSN,22698,2811542742.0,516.8,515.3,528.55,526.85,523.15,525.55,5374100,523.05,523.05,526.85,2689609265.5,2689609265.5,2689609265.5,0.0,3,SUR,1.59,
TQBR,2021-05-24,Роснефть,ROSN,14929,1659128674.0,526.8,519.3,531.4,523.35,524.3,523.95,3164330,524.35,524.35,523.35,1583984197.5,1583984197.5,1583984197.5,0.0,3,SUR,-0.3,
TQBR,2021-05-25,Роснефть,ROSN,17177,1864407918.5,525.5,523.2,530.45,524.75,527.1,524.35,3537160,527.15,527.15,524.75,1797937101.0,1797937101.0,1797937101.0,0.0,3,SUR,0.08,
TQBR,2021-05-26,Роснефть,ROSN,17392,1974401369.5,526.3,522.2,532.2,525.35,526.35,525.85,3751250,526.35,526.35,525.35,1914863502.0,1914863502.0,1914863502.0,0.0,3,SUR,0.29,
TQBR,2021-05-27,Роснефть,ROSN,12317,2264642530.5,523.0,519.8,525.2,522.95,522.65,525.2,4332820,522.6,522.6,522.95,2157033559.0,2157033559.0,2157033559.0,0.0,3,SUR,-0.12,
TQBR,2021-05-28,Роснефть,ROSN,11581,1507781425.0,523.15,521.0,525.6,522.9,523.35,523.35,2880880,523.35,523.35,522.9,1416915753.5,1416915753.5,1416915753.5,0.0,3,SUR,-0.35,
TQBR,2021-05-31,Роснефть,ROSN,11643,1362431558.5,525.9,524.0,531.65,530.05,528.45,531.4,2578580,528.15,528.15,530.05,1248296865.5,1248296865.5,1248296865.5,0.0,3,SUR,1.54,
TQBR,2021-06-01,Роснефть,ROSN,30754,5398497026.5,535.2,533.85,547.65,542.55,542.25,544.0,9957480,542.1,542.1,542.55,5248497580.5,5248497580.5,5248497580.5,0.0,3,SUR,2.37,
TQBR,2021-06-02,Роснефть,ROSN,28065,4875275474.0,545.95,541.6,552.45,551.5,547.5,552.0,8904690,547.35,547.35,551.5,4668948582.0,4668948582.0,4668948582.0,0.0,3,SUR,1.47,
TQBR,2021-06-03,Роснефть,ROSN,38777,8354201227.5,555.45,540.1,561.9,560.35,550.6,559.45,15173770,550.25,550.25,560.35,8026794219.0,8026794219.0,8026794219.0,0.0,3,SUR,1.35,
TQBR,2021-06-04,Роснефть,ROSN,21963,4785794580.0,560.5,554.05,563.25,557.55,558.7,556.45,8568190,558.6,558.6,557.55,4700280400.0,4700280400.0,4700280400.0,0.0,3,SUR,-0.54,
TQBR,2021-06-07,Роснефть,ROSN,20958,3914820951.0,554.2,547.9,557.5,551.0,551.15,551.55,7112240,550.4,550.4,551.0,3778908459.5,3778908459.5,3778908459.5,0.0,3,SUR,-0.88,
TQBR,2021-06-08,Роснефть,ROSN,18890,4531869506.5,551.0,544.6,552.25,547.2,547.55,550.25,8276890,547.4,547.4,547.2,4367952853.5,4367952853.5,4367952853.5,0.0,3,SUR,-0.24,
TQBR,2021-06-09,Роснефть,ROSN,20149,4005320020.0,552.65,546.0,553.4,549.5,548.15,548.25,7307290,548.1,548.1,549.5,3848952798.0,3848952798.0,3848952798.0,0.0,3,SUR,-0.36,
TQBR,2021-06-10,Роснефть,ROSN,42845,7621055531.5,548.25,535.65,551.7,538.5,545.1,539.6,13982910,545.35,545.35,538.5,7187555938.5,7187555938.5,7187555938.5,0.0,3,SUR,-1.58,
TQBR,2021-06-11,Роснефть,ROSN,28656,4356002706.5,539.65,530.2,542.1,536.2,534.5,535.45,8149510,534.45,534.45,536.2,4019743573.5,4019743573.5,4019743573.5,0.0,3,SUR,-0.77,
TQBR,2021-06-14,Роснефть,ROSN,15650,2307592279.0,531.6,530.7,541.85,539.9,536.25,537.6,4303320,536.1,536.1,539.9,2183535241.0,2183535241.0,2183535241.0,0.0,3,SUR,0.4,
TQBR,2021-06-15,Роснефть,ROSN,18254,2968963872.0,538.85,532.35,542.0,536.4,536.4,536.05,5533760,536.5,536.5,536.4,2830644054.5,2830644054.5,2830644054.5,0.0,3,SUR,-0.29,
TQBR,2021-06-16,Роснефть,ROSN,23073,3659617897.5,537.65,536.45,545.75,544.65,542.15,541.25,6749920,542.05,542.05,544.65,3147534315.5,3147534315.5,3147534315.5,0.0,3,SUR,0.97,
TQBR,2021-06-17,Роснефть,ROSN,40563,8115106972.5,540.0,534.0,543.85,538.95,539.45,537.0,15043640,539.55,539.55,538.95,7875637191.0,7875637191.0,7875637191.0,0.0,3,SUR,-0.79,
TQBR,2021-06-18,Роснефть,ROSN,28738,6155535542.0,537.5,526.75,543.4,540.85,536.55,541.0,11472730,536.15,536.15,540.85,5686893694.0,5686893694.0,5686893694.0,0.0,3,SUR,0.74,
TQBR,2021-06-21,Роснефть,ROSN,13783,2792073740.5,541.95,534.25,542.8,539.3,537.9,541.2,5190610,537.7,537.7,539.3,2619300044.5,2619300044.5,2619300044.5,0.0,3,SUR,0.04,
TQBR,2021-06-22,Роснефть,ROSN,21123,4131233954.0,543.0,542.05,553.2,551.05,548.25,551.85,7533880,548.25,548.25,551.05,3965940354.5,3965940354.5,3965940354.5,0.0,3,SUR,1.97,
TQBR,2021-06-23,Роснефть,ROSN,38359,10865793223.0,553.3,553.3,571.4,570.0,565.75,570.45,19205750,565.55,565.55,570.0,10321863819.0,10321863819.0,10321863819.0,0.0,3,SUR,3.37,
TQBR,2021-06-24,Роснефть,ROSN,29543,8698763518.0,570.4,565.05,572.9,566.0,569.1,565.95,15285040,569.2,569.2,566.0,8378747429.0,8378747429.0,8378747429.0,0.0,3,SUR,-0.79,
TQBR,2021-06-25,Роснефть,ROSN,14138,2131425544.0,566.0,560.65,566.4,563.4,563.35,564.7,3783440,563.3,563.3,563.4,2038570214.0,2038570214.0,2038570214.0,0.0,3,SUR,-0.22,
TQBR,2021-06-28,Роснефть,ROSN,20858,4037917527.5,564.7,553.05,564.95,554.8,559.0,555.0,7223850,559.2,559.2,554.8,3859787908.5,3859787908.5,3859787908.5,0.0,3,SUR,-1.72,
TQBR,2021-06-29,Роснефть,ROSN,21664,3320751750.5,554.7,548.0,558.75,554.5,554.05,553.05,5994570,554.0,554.0,554.5,3132187639.5,3132187639.5,3132187639.5,0.0,3,SUR,-0.35,
TQBR,2021-06-30,Роснефть,ROSN,32811,8328258115.0,554.9,551.7,571.8,571.0,566.9,571.2,14690150,566.8,566.8,571.0,8100100976.0,8100100976.0,8100100976.0,0.0,3,SUR,3.28,
TQBR,2021-07-01,Роснефть,ROSN,53916,19915903913.5,568.85,568.85,586.95,578.0,581.85,581.45,34228650,581.9,581.9,578.0,19503107468.0,19503107468.0,19503107468.0,0.0,3,SUR,1.79,
TQBR,2021-07-02,Роснефть,ROSN,32651,7637492582.5,580.1,562.85,585.9,563.5,572.7,567.0,13340700,572.9,572.9,563.5,7174606567.5,7174606567.5,7174606567.5,0.0,3,SUR,-2.49,
TQBR,2021-07-05,Роснефть,ROSN,15301,2212967244.0,567.9,561.0,569.9,567.0,565.35,567.5,3914980,564.55,564.55,567.0,1787347084.0,1787347084.0,1787347084.0,0.0,3,SUR,0.09,
TQBR,2021-07-06,Роснефть,ROSN,44888,11828470437.0,570.0,565.35,580.55,575.0,573.2,571.0,20639390,573.15,573.15,575.0,11500094463.0,11500094463.0,11500094463.0,0.0,3,SUR,0.62,
TQBR,2021-07-07,Роснефть,ROSN,32389,8385471824.0,571.05,570.0,583.0,581.8,579.7,580.25,14465650,579.65,579.65,581.8,8199569555.5,8199569555.5,8199569555.5,0.0,3,SUR,1.62,
TQBR,2021-07-08,Роснефть,ROSN,27104,8061224313.0,579.0,572.65,582.0,579.6,577.65,581.1,13955330,577.6,577.6,579.6,7828497910.5,7828497910.5,7828497910.5,0.0,3,SUR,0.15,
TQBR,2021-07-09,Роснефть,ROSN,32212,9765542780.0,581.1,574.1,586.75,575.5,579.75,577.85,16854600,579.5,579.5,575.5,9494521537.5,9494521537.5,9494521537.5,0.0,3,SUR,-0.56,
TQBR,2021-07-12,Роснефть,ROSN,12625,2602626923.0,577.0,570.5,579.4,578.0,575.1,579.0,4525370,574.85,574.85,578.0,2393465961.5,2393465961.5,2393465961.5,0.0,3,SUR,0.2,
TQBR,2021-07-13,Роснефть,ROSN,21801,4462147936.0,578.6,573.0,584.1,576.05,577.9,576.0,7725040,577.65,577.65,576.05,4327322815.0,4327322815.0,4327322815.0,0.0,3,SUR,-0.52,
TQBR,2021-07-14,Роснефть,ROSN,31548,8987745504.5,576.0,568.8,582.95,571.9,576.65,569.0,15586600,576.75,576.75,571.9,8819609237.0,8819609237.0,8819609237.0,0.0,3,SUR,-1.22,
TQBR,2021-07-15,Роснефть,ROSN,20818,3386527765.5,567.0,556.3,568.0,565.5,562.5,562.5,6020690,562.4,562.4,565.5,3188964477.5,3188964477.5,3188964477.5,0.0,3,SUR,-1.14,
TQBR,2021-07-16,Роснефть,ROSN,17348,2475883122.0,560.6,556.85,570.4,562.5,564.85,563.45,4383120,564.95,564.95,562.5,2326933669.5,2326933669.5,2326933669.5,0.0,3,SUR,0.17,
TQBR,2021-07-19,Роснефть,ROSN,27595,4652942616.0,558.0,543.25,559.4,544.7,551.3,543.9,8438510,551.75,551.75,544.7,4427060680.5,4427060680.5,4427060680.5,0.0,3,SUR,-3.47,
TQBR,2021-07-20,Роснефть,ROSN,17100,2808043283.5,547.5,536.7,550.6,544.15,544.05,547.5,5160450,543.9,543.9,544.15,2582076630.0,2582076630.0,2582076630.0,0.0,3,SUR,0.66,
TQBR,2021-07-21,Роснефть,ROSN,14131,2060488658.5,546.5,543.2,553.1,550.05,548.75,551.9,3754710,548.6,548.6,550.05,1902070331.0,1902070331.0,1902070331.0,0.0,3,SUR,0.8,
TQBR,2021-07-22,Роснефть,ROSN,12157,1899403292.5,553.0,549.35,556.25,553.6,553.05,553.65,3434370,553.05,553.05,553.6,1830331791.0,1830331791.0,1830331791.0,0.0,3,SUR,0.32,
TQBR,2021-07-23,Роснефть,ROSN,9709,1373977985.5,554.9,545.2,556.0,546.4,549.85,548.85,2498900,549.95,549.95,546.4,1299772013.0,1299772013.0,1299772013.0,0.0,3,SUR,-0.87,
TQBR,2021-07-26,Роснефть,ROSN,10837,1700308720.5,546.0,540.2,552.9,549.65,546.25,552.7,3112580,545.9,545.9,549.65,1536503552.5,1536503552.5,1536503552.5,0.0,3,SUR,0.7,
TQBR,2021-07-27,Роснефть,ROSN,7148,1082672179.0,551.5,547.15,553.9,548.85,549.75,551.2,1969460,549.7,549.7,548.85,1010747162.0,1010747162.0,1010747162.0,0.0,3,SUR,-0.27,
TQBR,2021-07-28,Роснефть,ROSN,8752,1353192456.0,551.0,550.5,555.7,553.6,553.6,554.25,2444740,553.45,553.45,553.6,1255616045.0,1255616045.0,1255616045.0,0.0,3,SUR,0.55,
TQBR,2021-07-29,Роснефть,ROSN,13337,2015984533.5,555.7,550.75,558.1,554.5,554.4,554.0,3636310,554.4,554.4,554.5,1952417542.0,1952417542.0,1952417542.0,0.0,3,SUR,-0.05,
TQBR,2021-07-30,Роснефть,ROSN,17598,2855837205.0,552.4,539.55,554.8,542.8,544.9,544.5,5239520,545.1,545.1,542.8,2687826756.0,2687826756.0,2687826756.0,0.0,3,SUR,-1.71,
TQBR,2021-08-02,Роснефть,ROSN,16163,2867880019.5,545.0,541.25,550.8,550.8,547.5,548.85,5239940,547.25,547.25,550.8,2723118199.0,2723118199.0,2723118199.0,0.0,3,SUR,0.8,
TQBR,2021-08-03,Роснефть,ROSN,14259,1879021183.0,547.7,542.2,551.0,547.3,547.1,551.0,3434570,546.9,546.9,547.3,1707566015.0,1707566015.0,1707566015.0,0.0,3,SUR,0.39,
TQBR,2021-08-04,Роснефть,ROSN,18008,2393972560.0,551.5,542.8,553.2,544.75,546.25,543.5,4382550,546.35,546.35,544.75,2273778156.5,2273778156.5,2273778156.5,0.0,3,SUR,-1.36,
TQBR,2021-08-05,Роснефть,ROSN,18950,2991748559.5,542.5,538.15,548.7,548.35,543.05,548.0,5508910,542.8,542.8,548.35,2804638522.0,2804638522.0,2804638522.0,0.0,3,SUR,0.83,
TQBR,2021-08-06,Роснефть,ROSN,15736,2434054265.5,548.95,544.05,552.4,546.0,547.9,544.9,4443710,547.8,547.8,546.0,2387182652.5,2387182652.5,2387182652.5,0.0,3,SUR,-0.57,
TQBR,2021-08-09,Роснефть,ROSN,22624,3958268294.0,539.6,535.25,548.0,545.95,540.3,545.0,7325750,540.05,540.05,545.95,3799484888.5,3799484888.5,3799484888.5,0.0,3,SUR,0.02,
TQBR,2021-08-10,Роснефть,ROSN,25510,4392344295.0,547.5,547.0,564.1,560.45,555.9,562.55,7900370,555.75,555.75,560.45,4231937535.0,4231937535.0,4231937535.0,0.0,3,SUR,3.22,
TQBR,2021-08-11,Роснефть,ROSN,20415,2553609879.5,564.0,558.85,568.4,561.45,563.05,561.8,4535120,563.2,563.2,561.45,2271703510.0,2271703510.0,2271703510.0,0.0,3,SUR,-0.13,
TQBR,2021-08-12,Роснефть,ROSN,20698,3084601894.0,561.45,557.2,567.85,565.0,561.9,565.9,5489640,561.7,561.7,565.0,2895798330.5,2895798330.5,2895798330.5,0.0,3,SUR,0.73,
TQBR,2021-08-13,Роснефть,ROSN,22677,2675715080.5,565.4,555.0,568.7,557.95,559.3,558.55,4783880,559.35,559.35,557.95,2518246080.5,2518246080.5,2518246080.5,0.0,3,SUR,-1.3,
TQBR,2021-08-16,Роснефть,ROSN,36674,8675023039.5,556.75,551.5,567.65,561.95,561.95,564.4,15439330,561.85,561.85,561.95,8549471801.5,8549471801.5,8549471801.5,0.0,3,SUR,1.05,
TQBR,2021-08-17,Роснефть,ROSN,28765,5318897574.0,562.95,552.9,563.0,556.0,556.9,555.0,9550930,557.05,557.05,556.0,4972906294.0,4972906294.0,4972906294.0,0.0,3,SUR,-1.67,
TQBR,2021-08-18,Роснефть,ROSN,20993,4747700563.5,557.8,542.25,559.9,556.45,555.95,546.95,8539700,556.3,556.3,556.45,4399537566.0,4399537566.0,4399537566.0,0.0,3,SUR,-1.45,
TQBR,2021-08-19,Роснефть,ROSN,39638,6202699252.5,544.0,531.45,547.75,533.1,537.3,537.8,11547530,537.2,537.2,533.1,5756787429.5,5756787429.5,5756787429.5,0.0,3,SUR,-1.67,
TQBR,2021-08-20,Роснефть,ROSN,15525,1787923398.5,537.5,530.1,538.35,532.9,532.95,534.0,3354650,532.95,532.95,532.9,1651164373.0,1651164373.0,1651164373.0,0.0,3,SUR,-0.71,
TQBR,2021-08-23,Роснефть,ROSN,13713,1860247236.0,538.0,536.1,545.45,544.2,541.85,544.85,3433260,541.6,541.6,544.2,1710574136.0,1710574136.0,1710574136.0,0.0,3,SUR,2.03,
TQBR,2021-08-24,Роснефть,ROSN,19737,2948997984.0,545.9,539.25,549.55,544.85,543.35,545.0,5427630,543.25,543.25,544.85,2848473406.0,2848473406.0,2848473406.0,0.0,3,SUR,0.03,
TQBR,2021-08-25,Роснефть,ROSN,17073,2331346823.0,544.5,536.55,545.75,539.25,539.85,538.5,4318590,539.85,539.85,539.25,2150316483.5,2150316483.5,2150316483.5,0.0,3,SUR,-1.19,
TQBR,2021-08-26,Роснефть,ROSN,17953,2127818805.0,538.0,531.5,538.85,531.7,534.05,531.7,3984460,534.1,534.1,531.7,2013858040.5,2013858040.5,2013858040.5,0.0,3,SUR,-1.26,
TQBR,2021-08-27,Роснефть,ROSN,12381,1648442644.5,533.5,533.1,538.2,537.85,535.45,537.8,3078520,535.25,535.25,537.85,1499609123.0,1499609123.0,1499609123.0,0.0,3,SUR,1.15,
TQBR,2021-08-30,Роснефть,ROSN,14914,1379472569.0,539.5,536.35,540.95,540.8,539.15,539.3,2558490,539.15,539.15,540.8,1224554196.5,1224554196.5,1224554196.5,0.0,3,SUR,0.28,
TQBR,2021-08-31,Роснефть,ROSN,21355,2777389119.0,540.0,531.55,540.4,533.9,535.2,533.6,5189550,535.25,535.25,533.9,2666200157.5,2666200157.5,2666200157.5,0.0,3,SUR,-1.06,
TQBR,2021-09-01,Роснефть,ROSN,32568,2673049585.55,537.1,534.8,541.75,539.0,539.25,541.55,4956926,539.05,539.05,539.0,2419191239.3,2419191239.3,2419191239.3,0.0,3,SUR,1.49,
TQBR,2021-09-02,Роснефть,ROSN,58467,5732901623.75,542.05,538.1,556.2,554.0,549.0,550.7,10445139,548.75,548.75,554.0,5473871848.95,5473871848.95,5473871848.95,0.0,3,SUR,1.69,
TQBR,2021-09-03,Роснефть,ROSN,31753,3038808108.8,551.6,550.45,556.9,556.5,554.15,555.4,5483964,554.05,554.05,556.5,2892265169.75,2892265169.75,2892265169.75,0.0,3,SUR,0.85,
TQBR,2021-09-06,Роснефть,ROSN,27009,1856903763.15,554.95,548.2,557.15,552.3,552.1,550.7,3363696,552.05,552.05,552.3,1761250894.6,1761250894.6,1761250894.6,0.0,3,SUR,-0.85,
TQBR,2021-09-07,Роснефть,ROSN,25464,1904448729.35,552.0,542.0,554.4,547.4,546.75,547.3,3483193,546.7,546.7,547.4,1840377710.2,1840377710.2,1840377710.2,0.0,3,SUR,-0.62,
TQBR,2021-09-08,Роснефть,ROSN,34048,3882135184.35,547.5,541.5,559.0,556.1,551.05,555.9,7045304,550.75,550.75,556.1,3686500303.35,3686500303.35,3686500303.35,0.0,3,SUR,1.57,
TQBR,2021-09-09,Роснефть,ROSN,27613,2409648304.65,554.15,541.3,555.4,547.6,549.4,541.9,4385872,550.2,550.2,547.6,2067770010.4,2067770010.4,2067770010.4,0.0,3,SUR,-2.52,
TQBR,2021-09-10,Роснефть,ROSN,19677,1268114813.5,545.0,540.2,549.2,542.4,544.3,543.3,2329724,544.4,544.4,542.4,1168115697.2,1168115697.2,1168115697.2,0.0,3,SUR,0.26,
TQBR,2021-09-13,Роснефть,ROSN,31654,2542081922.95,544.95,544.15,559.5,557.75,553.2,559.4,4596073,552.3,552.3,557.75,2210894182.25,2210894182.25,2210894182.25,0.0,3,SUR,2.96,
TQBR,2021-09-14,Роснефть,ROSN,38158,4329988261.7,560.0,554.1,563.5,559.45,559.25,557.25,7742281,559.35,559.35,559.45,4155113836.75,4155113836.75,4155113836.75,0.0,3,SUR,-0.38,
TQBR,2021-09-15,Роснефть,ROSN,123158,15177101738.45,557.0,557.0,589.8,562.5,571.5,568.1,26552756,571.7,571.7,562.5,14788495226.55,14788495226.55,14788495226.55,0.0,3,SUR,1.95,
TQBR,2021-09-16,Роснефть,ROSN,71104,10149026464.35,562.0,562.0,584.3,575.0,575.3,576.45,17645321,575.3,575.3,575.0,9422172685.6,9422172685.6,9422172685.6,0.0,3,SUR,1.47,
TQBR,2021-09-17,Роснефть,ROSN,48470,5368110659.75,579.0,562.05,580.25,570.65,570.65,567.1,9406425,570.7,570.7,570.65,5127555728.2,5127555728.2,5127555728.2,0.0,3,SUR,-1.62,
TQBR,2021-09-20,Роснефть,ROSN,57665,4656092957.95,560.0,548.0,562.6,554.7,554.95,552.5,8390039,555.25,555.25,554.7,4304729137.9,4304729137.9,4304729137.9,0.0,3,SUR,-2.57,
TQBR,2021-09-21,Роснефть,ROSN,48843,5106296034.45,562.3,555.45,568.5,560.85,564.45,564.5,9046423,564.75,564.75,560.85,4633625397.85,4633625397.85,4633625397.85,0.0,3,SUR,2.17,
TQBR,2021-09-22,Роснефть,ROSN,73062,7745441835.35,568.3,567.0,588.9,587.2,579.85,586.0,13356364,579.05,579.05,587.2,6692989085.55,6692989085.55,6692989085.55,0.0,3,SUR,3.81,
TQBR,2021-09-23,Роснефть,ROSN,71959,7646050486.0,590.0,581.4,599.0,595.45,591.65,598.25,12921389,591.2,591.2,595.45,6907817371.5,6907817371.5,6907817371.5,0.0,3,SUR,2.09,
TQBR,2021-09-24,Роснефть,ROSN,117156,7818833840.2,598.9,590.5,618.0,607.9,603.75,614.0,12949695,602.3,602.3,607.9,6628870760.3,6628870760.3,6628870760.3,0.0,3,SUR,2.63,
TQBR,2021-09-27,Роснефть,ROSN,78845,8115231044.75,620.0,617.4,629.95,626.4,625.15,627.85,12981662,624.9,624.9,626.4,7475615067.75,7475615067.75,7475615067.75,0.0,3,SUR,2.26,
TQBR,2021-09-28,Роснефть,ROSN,105922,11567798179.45,632.35,613.5,639.9,622.7,629.1,617.85,18387624,629.5,629.5,622.7,10716793699.2,10716793699.2,10716793699.2,0.0,3,SUR,-1.59,
TQBR,2021-09-29,Роснефть,ROSN,59351,5623046750.15,613.65,609.3,623.35,619.2,617.7,618.9,9102557,617.65,617.65,619.2,5197418719.9,5197418719.9,5197418719.9,0.0,3,SUR,0.17,
TQBR,2021-09-30,Роснефть,ROSN,53306,6353545344.65,624.0,610.1,626.85,616.0,616.5,614.35,10305447,616.65,616.65,616.0,5795047913.0,5795047913.0,5795047913.0,0.0,3,SUR,-0.74,
TQBR,2021-10-01,Роснефть,ROSN,35344,3556368967.15,611.0,606.55,619.8,616.0,614.15,618.45,5790645,613.7,613.7,616.0,3143454420.35,3143454420.35,3143454420.35,0.0,3,SUR,0.67,
TQBR,2021-10-04,Роснефть,ROSN,137589,28550698070.45,618.45,602.75,637.0,630.0,615.4,631.7,46385511,613.85,613.85,630.0,25612296956.6,25612296956.6,25612296956.6,0.0,3,SUR,2.14,
TQBR,2021-10-05,Роснефть,ROSN,102212,10091911972.4,632.0,625.65,656.0,651.9,644.95,655.25,15648551,644.25,644.25,651.9,9417673274.5,9417673274.5,9417673274.5,0.0,3,SUR,3.73,
TQBR,2021-10-06,Роснефть,ROSN,88737,10408942956.1,660.85,631.6,663.35,636.5,644.55,646.0,16149419,645.0,645.0,636.5,9470882149.25,9470882149.25,9470882149.25,0.0,3,SUR,-1.41,
TQBR,2021-10-07,Роснефть,ROSN,66312,7204950877.85,647.6,630.15,651.85,643.75,641.25,647.95,11235392,640.7,640.7,643.75,6478673887.9,6478673887.9,6478673887.9,0.0,3,SUR,0.3,
TQBR,2021-10-08,Роснефть,ROSN,53912,5141595880.6,633.65,630.1,640.0,633.25,634.65,631.0,8100391,634.85,634.85,633.25,4823512241.9,4823512241.9,4823512241.9,0.0,3,SUR,-2.62,
TQBR,2021-10-11,Роснефть,ROSN,46583,4446028075.55,639.05,637.0,647.25,643.9,643.45,641.55,6910506,643.4,643.4,643.9,4172502945.75,4172502945.75,4172502945.75,0.0,3,SUR,1.67,
TQBR,2021-10-12,Роснефть,ROSN,35012,3162347264.05,637.5,633.1,643.2,641.1,638.9,638.65,4949977,638.8,638.8,641.1,3012598867.75,3012598867.75,3012598867.75,0.0,3,SUR,-0.45,
TQBR,2021-10-13,Роснефть,ROSN,50131,4707503472.1,639.0,614.65,640.85,632.4,628.6,632.85,7486423,628.55,628.55,632.4,4407313732.3,4407313732.3,4407313732.3,0.0,3,SUR,-0.91,
TQBR,2021-10-14,Роснефть,ROSN,55381,6583797871.2,638.0,635.2,650.0,635.75,642.6,640.45,10245939,642.8,642.8,635.75,6281911583.8,6281911583.8,6281911583.8,0.0,3,SUR,1.2,
TQBR,2021-10-15,Роснефть,ROSN,36076,4339397890.65,644.7,637.5,647.9,645.15,642.75,645.45,6751522,642.65,642.65,645.15,4153323207.75,4153323207.75,4153323207.75,0.0,3,SUR,0.78,
TQBR,2021-10-18,Роснефть,ROSN,32364,3233520452.85,646.75,637.7,647.65,641.0,641.55,639.25,5040328,641.65,641.65,641.0,3000930454.5,3000930454.5,3000930454.5,0.0,3,SUR,-0.96,
TQBR,2021-10-19,Роснефть,ROSN,30884,3619777601.1,641.0,634.75,643.0,639.7,638.9,643.0,5666390,638.65,638.65,639.7,3393750782.2,3393750782.2,3393750782.2,0.0,3,SUR,0.59,
TQBR,2021-10-20,Роснефть,ROSN,31193,3580946429.5,639.65,633.5,644.7,642.5,639.65,643.7,5598282,639.35,639.35,642.5,3301175354.65,3301175354.65,3301175354.65,0.0,3,SUR,0.11,
TQBR,2021-10-21,Роснефть,ROSN,32290,2926193292.45,638.6,630.0,644.25,632.3,637.2,633.3,4594674,637.3,637.3,632.3,2611573466.15,2611573466.15,2611573466.15,0.0,3,SUR,-1.62,
TQBR,2021-10-22,Роснефть,ROSN,23831,2321420651.8,630.15,630.15,640.45,633.55,635.5,634.5,3652778,636.5,636.5,633.55,1781047705.45,1781047705.45,1781047705.45,0.0,3,SUR,0.19,
TQBR,2021-10-25,Роснефть,ROSN,53824,6084009121.2,638.85,631.65,655.8,655.8,647.4,655.05,9397225,647.05,647.05,655.8,5748136076.4,5748136076.4,5748136076.4,0.0,3,SUR,3.24,
TQBR,2021-10-26,Роснефть,ROSN,46883,5795407603.5,655.45,649.3,665.7,650.1,656.4,650.8,8829531,656.6,656.6,650.1,5541434846.4,5541434846.4,5541434846.4,0.0,3,SUR,-0.65,
TQBR,2021-10-27,Роснефть,ROSN,38307,4076475739.9,646.5,637.55,649.9,639.7,643.25,638.4,6337158,643.5,643.5,639.7,3819372455.6,3819372455.6,3819372455.6,0.0,3,SUR,-1.91,
TQBR,2021-10-28,Роснефть,ROSN,46265,5158819959.7,637.75,622.35,642.0,638.7,632.5,641.25,8151001,632.55,632.55,638.7,4859412114.6,4859412114.6,4859412114.6,0.0,3,SUR,0.45,
TQBR,2021-10-29,Роснефть,ROSN,28194,2787785987.8,640.05,628.4,643.0,636.6,635.05,636.1,4389843,635.0,635.0,636.6,2640558514.85,2640558514.85,2640558514.85,0.0,3,SUR,-0.8,
TQBR,2021-11-01,Роснефть,ROSN,31944,2293615598.6,637.3,633.0,643.25,640.7,639.1,641.9,3588960,638.8,638.8,640.7,1993618653.7,1993618653.7,1993618653.7,0.0,3,SUR,0.91,
TQBR,2021-11-02,Роснефть,ROSN,35972,3488148753.85,643.0,628.55,646.3,630.35,636.05,630.2,5482020,636.45,636.45,630.35,3360663648.15,3360663648.15,3360663648.15,0.0,3,SUR,-1.82,
TQBR,2021-11-03,Роснефть,ROSN,44018,3126475147.35,627.1,615.45,627.95,618.9,620.65,619.75,5037076,620.85,620.85,618.9,2849598830.15,2849598830.15,2849598830.15,0.0,3,SUR,-1.66,
TQBR,2021-11-05,Роснефть,ROSN,38139,2818207056.5,612.95,605.2,626.75,623.7,618.6,626.25,4556911,618.05,618.05,623.7,2626408390.0,2626408390.0,2626408390.0,0.0,3,SUR,1.05,
TQBR,2021-11-08,Роснефть,ROSN,41780,3175516913.15,633.05,628.35,636.5,634.9,632.7,631.7,5018395,632.75,632.75,634.9,3052643710.45,3052643710.45,3052643710.45,0.0,3,SUR,0.87,
TQBR,2021-11-09,Роснефть,ROSN,27698,2770293362.3,632.5,629.3,637.95,634.55,635.1,636.4,4362147,635.1,635.1,634.55,2622463145.25,2622463145.25,2622463145.25,0.0,3,SUR,0.74,
TQBR,2021-11-10,Роснефть,ROSN,34790,3384854422.7,638.0,627.0,642.5,639.95,637.6,629.8,5309324,638.7,638.7,639.95,2723806534.05,2723806534.05,2723806534.05,0.0,3,SUR,-1.04,
TQBR,2021-11-11,Роснефть,ROSN,38388,3553437068.4,631.0,623.25,636.25,635.9,630.5,634.5,5635697,630.15,630.15,635.9,3289205816.35,3289205816.35,3289205816.35,0.0,3,SUR,0.75,
TQBR,2021-11-12,Роснефть,ROSN,52299,4926512750.15,633.6,611.4,637.4,620.1,620.7,619.2,7938082,620.65,620.65,620.1,4654427722.65,4654427722.65,4654427722.65,0.0,3,SUR,-2.41,
TQBR,2021-11-15,Роснефть,ROSN,31571,2485666401.2,617.8,614.45,629.4,622.6,623.9,621.55,3983921,624.05,624.05,622.6,2311468524.85,2311468524.85,2311468524.85,0.0,3,SUR,0.38,
TQBR,2021-11-16,Роснефть,ROSN,31060,2376036150.6,625.1,617.0,629.45,621.2,623.15,621.35,3812878,623.35,623.35,621.2,2086082884.1,2086082884.1,2086082884.1,0.0,3,SUR,-0.03,
TQBR,2021-11-17,Роснефть,ROSN,34572,2756619104.7,621.0,618.55,626.7,626.7,623.15,619.5,4422998,623.4,623.4,626.7,2488241353.6,2488241353.6,2488241353.6,0.0,3,SUR,-0.3,
TQBR,2021-11-18,Роснефть,ROSN,34705,2877519442.65,618.05,610.25,621.95,611.6,616.45,614.1,4667408,616.7,616.7,611.6,2697365570.8,2697365570.8,2697365570.8,0.0,3,SUR,-0.87,
TQBR,2021-11-19,Роснефть,ROSN,56764,4815756092.95,617.8,590.0,618.3,592.0,600.45,590.5,8020360,601.05,601.05,592.0,4480844310.2,4480844310.2,4480844310.2,0.0,3,SUR,-3.84,
TQBR,2021-11-22,Роснефть,ROSN,74135,7214407259.3,589.75,572.25,593.05,584.7,583.9,581.0,12356068,583.95,583.95,584.7,6783689226.4,6783689226.4,6783689226.4,0.0,3,SUR,-1.61,
TQBR,2021-11-23,Роснефть,ROSN,70484,7188329999.0,578.45,570.0,603.0,598.0,589.9,601.95,12193500,589.05,589.05,598.0,6860739922.85,6860739922.85,6860739922.85,0.0,3,SUR,3.61,
TQBR,2021-11-24,Роснефть,ROSN,42296,3237096842.3,604.3,586.2,605.0,599.6,595.95,597.3,5431688,595.85,595.85,599.6,3111110098.25,3111110098.25,3111110098.25,0.0,3,SUR,-0.77,
TQBR,2021-11-25,Роснефть,ROSN,25982,1829852098.0,598.0,587.15,602.45,590.65,592.55,590.9,3088187,592.8,592.8,590.65,1671235586.05,1671235586.05,1671235586.05,0.0,3,SUR,-1.07,
TQBR,2021-11-26,Роснефть,ROSN,62943,5233199186.7,578.55,555.0,578.55,561.15,568.15,555.15,9211044,569.45,569.45,561.15,4606919682.3,4606919682.3,4606919682.3,0.0,3,SUR,-6.05,
TQBR,2021-11-29,Роснефть,ROSN,46665,4383042638.9,567.0,559.4,579.0,572.85,570.5,573.25,7689720,569.75,569.75,572.85,4143419135.9,4143419135.9,4143419135.9,0.0,3,SUR,3.26,
TQBR,2021-11-30,Роснефть,ROSN,48215,5985073055.5,565.0,557.0,573.25,568.5,565.25,566.1,10588357,565.35,565.35,568.5,5522642290.55,5522642290.55,5522642290.55,0.0,3,SUR,-1.25,
TQBR,2021-12-01,Роснефть,ROSN,38465,3807926792.55,573.35,568.0,582.0,579.6,577.2,569.95,6597358,577.75,577.75,579.6,3294306078.8,3294306078.8,3294306078.8,0.0,3,SUR,0.68,
TQBR,2021-12-02,Роснефть,ROSN,129689,5882976393.8,571.95,567.2,583.7,578.6,577.0,582.0,10194348,576.85,576.85,578.6,5509409939.95,5509409939.95,5509409939.95,0.0,3,SUR,2.11,
TQBR,2021-12-03,Роснефть,ROSN,34015,3202490587.75,584.0,573.0,584.45,577.7,578.7,576.55,5534389,579.1,579.1,577.7,2830949897.5,2830949897.5,2830949897.5,0.0,3,SUR,-0.94,
TQBR,2021-12-06,Роснефть,ROSN,33491,2133036153.2,580.0,568.6,582.0,572.1,573.75,575.55,3717596,573.6,573.6,572.1,1816747682.75,1816747682.75,1816747682.75,0.0,3,SUR,-0.17,
TQBR,2021-12-07,Роснефть,ROSN,45347,4512024802.95,575.95,571.0,591.2,589.15,582.1,589.55,7751537,581.65,581.65,589.15,4103446163.55,4103446163.55,4103446163.55,0.0,3,SUR,2.43,
TQBR,2021-12-08,Роснефть,ROSN,57271,5106791557.5,591.0,569.0,595.15,569.0,581.7,574.95,8778029,581.95,581.95,569.0,4778459304.15,4778459304.15,4778459304.15,0.0,3,SUR,-2.48,
TQBR,2021-12-09,Роснефть,ROSN,30166,2479369210.6,576.0,570.0,580.3,579.1,576.55,578.35,4300451,576.5,576.5,579.1,2262276051.6,2262276051.6,2262276051.6,0.0,3,SUR,0.59,
TQBR,2021-12-10,Роснефть,ROSN,22722,1532209648.8,578.4,570.05,579.45,570.5,574.3,572.1,2667983,574.45,574.45,570.5,1375476331.1,1375476331.1,1375476331.1,0.0,3,SUR,-1.08,
TQBR,2021-12-13,Роснефть,ROSN,58249,4804082340.25,573.4,536.6,577.85,547.45,557.35,539.15,8616555,559.05,559.05,547.45,4205827957.15,4205827957.15,4205827957.15,0.0,3,SUR,-5.76,
TQBR,2021-12-14,Роснефть,ROSN,59608,5471585008.9,538.7,503.15,557.95,553.4,547.5,550.85,9993857,550.6,550.6,553.4,4574713604.8,4574713604.8,4574713604.8,0.0,3,SUR,2.17,
TQBR,2021-12-15,Роснефть,ROSN,32192,2756323257.25,551.0,547.0,561.9,548.35,552.05,561.1,4992764,551.75,551.75,548.35,2266934976.7,2266934976.7,2266934976.7,0.0,3,SUR,1.86,
TQBR,2021-12-16,Роснефть,ROSN,48062,4072986820.85,564.0,561.95,579.65,573.4,572.65,573.0,7113498,572.65,572.65,573.4,3502115814.75,3502115814.75,3502115814.75,0.0,3,SUR,2.12,
TQBR,2021-12-17,Роснефть,ROSN,26336,2609726140.85,573.0,563.05,575.0,566.9,567.55,573.2,4598339,567.35,567.35,566.9,2341611864.35,2341611864.35,2341611864.35,0.0,3,SUR,0.03,
TQBR,2021-12-20,Роснефть,ROSN,31937,2129111705.95,567.7,555.45,569.0,566.35,561.95,567.55,3788720,561.4,561.4,566.35,1757949717.05,1757949717.05,1757949717.05,0.0,3,SUR,-0.99,
TQBR,2021-12-21,Роснефть,ROSN,28942,1911608366.15,570.9,567.7,576.3,572.1,572.25,575.0,3340565,571.9,571.9,572.1,1590711664.4,1590711664.4,1590711664.4,0.0,3,SUR,1.31,
TQBR,2021-12-22,Роснефть,ROSN,34383,3099429794.15,574.95,570.55,582.2,580.0,578.65,579.7,5356645,578.6,578.6,580.0,2674093591.4,2674093591.4,2674093591.4,0.0,3,SUR,0.82,
TQBR,2021-12-23,Роснефть,ROSN,25446,2094298165.8,582.95,571.15,583.0,576.3,575.95,579.1,3636344,575.45,575.45,576.3,1817208846.65,1817208846.65,1817208846.65,0.0,3,SUR,-0.1,
TQBR,2021-12-24,Роснефть,ROSN,20596,1328192580.95,578.9,564.15,579.75,572.6,570.7,572.05,2327283,570.2,570.2,572.6,1164060629.95,1164060629.95,1164060629.95,0.0,3,SUR,-1.22,
TQBR,2021-12-27,Роснефть,ROSN,24469,1884409991.85,573.0,571.4,582.5,580.7,578.4,582.0,3257992,578.1,578.1,580.7,1459648391.65,1459648391.65,1459648391.65,0.0,3,SUR,1.74,
TQBR,2021-12-28,Роснефть,ROSN,42131,3140556722.35,581.2,581.2,599.1,595.0,593.15,596.2,5294675,593.55,593.55,595.0,2667901078.1,2667901078.1,2667901078.1,0.0,3,SUR,2.44,
TQBR,2021-12-29,Роснефть,ROSN,33006,2678262636.8,596.65,586.3,600.0,593.0,592.95,592.0,4516617,592.7,592.7,593.0,2176919632.4,2176919632.4,2176919632.4,0.0,3,SUR,-0.7,
TQBR,2021-12-30,Роснефть,ROSN,26176,2048558235.65,592.0,589.1,601.6,599.9,597.65,599.0,3427321,597.8,597.8,599.9,1878026565.15,1878026565.15,1878026565.15,0.0,3,SUR,1.18,
TQBR,2022-01-03,Роснефть,ROSN,34995,1922806205.1,599.9,598.8,614.35,607.25,607.7,610.95,3164034,608.15,608.15,607.25,1491403777.5,1491403777.5,1491403777.5,0.0,3,SUR,1.99,
TQBR,2022-01-04,Роснефть,ROSN,27648,1455030088.35,610.9,605.55,617.0,615.0,612.8,613.5,2374410,613.05,613.05,615.0,1139039601.3,1139039601.3,1139039601.3,0.0,3,SUR,0.42,
TQBR,2022-01-05,Роснефть,ROSN,38080,2563337507.85,612.2,582.8,616.2,603.95,602.9,590.3,4251726,609.6,609.6,603.95,1350803416.9,1350803416.9,1350803416.9,0.0,3,SUR,-3.78,
TQBR,2022-01-06,Роснефть,ROSN,43195,3919303775.05,588.3,580.6,605.25,597.2,593.4,601.6,6599722,593.65,593.65,597.2,3404835960.9,3404835960.9,3404835960.9,0.0,3,SUR,1.91,
TQBR,2022-01-07,Роснефть,ROSN,0,0.0,,,,601.65,,,0,593.65,597.2,601.65,3404835960.9,2080644.8,3404835960.9,0.0,3,SUR,,
TQBR,2022-01-10,Роснефть,ROSN,39392,3043926362.6,604.0,595.1,609.55,601.5,603.15,602.0,5046737,603.05,603.05,601.5,2606547226.8,2606547226.8,2606547226.8,0.0,3,SUR,0.07,
TQBR,2022-01-11,Роснефть,ROSN,37505,3297625591.8,602.05,597.2,615.9,609.05,609.0,613.6,5415015,608.25,608.25,609.05,2588659256.35,2588659256.35,2588659256.35,0.0,3,SUR,1.93,
TQBR,2022-01-12,Роснефть,ROSN,54471,4475831747.0,615.0,609.25,630.6,625.7,623.7,627.7,7173824,623.95,623.95,625.7,3940590668.05,3940590668.05,3940590668.05,0.0,3,SUR,2.3,
TQBR,2022-01-13,Роснефть,ROSN,61223,6220160840.6,625.65,596.2,627.3,598.65,609.05,603.3,10210721,609.7,609.7,598.65,5243907054.25,5243907054.25,5243907054.25,0.0,3,SUR,-3.89,
TQBR,2022-01-14,Роснефть,ROSN,70184,6593238212.2,602.35,580.5,611.0,599.5,595.5,605.5,11067573,594.75,594.75,599.5,5753708028.0,5753708028.0,5753708028.0,0.0,3,SUR,0.36,
TQBR,2022-01-17,Роснефть,ROSN,66379,6256571497.5,605.0,578.05,614.0,591.2,597.8,592.55,10480018,596.85,596.85,591.2,5644755277.4,5644755277.4,5644755277.4,0.0,3,SUR,-2.14,
TQBR,2022-01-18,Роснефть,ROSN,125124,15622927639.35,592.65,525.1,598.7,530.0,556.7,544.8,28062511,558.0,558.0,530.0,13319708750.5,13319708750.5,13319708750.5,0.0,3,SUR,-8.06,
TQBR,2022-01-19,Роснефть,ROSN,108655,10632995156.85,537.0,523.1,575.4,561.65,559.1,566.9,19047499,561.2,561.2,561.65,8870021123.3,8870021123.3,8870021123.3,0.0,3,SUR,4.06,
TQBR,2022-01-20,Роснефть,ROSN,70237,5788616392.15,569.05,552.3,581.0,574.9,567.6,561.7,10198704,566.65,566.65,574.9,4712006087.05,4712006087.05,4712006087.05,0.0,3,SUR,-0.92,
TQBR,2022-01-21,Роснефть,ROSN,64649,6857420402.8,556.5,553.0,579.2,569.2,567.55,564.8,12078365,568.8,568.8,569.2,5913140309.8,5913140309.8,5913140309.8,0.0,3,SUR,0.55,
TQBR,2022-01-24,Роснефть,ROSN,100480,8891795394.3,564.45,523.95,566.8,537.9,542.5,546.9,16390008,542.0,542.0,537.9,7726500241.1,7726500241.1,7726500241.1,0.0,3,SUR,-3.17,
TQBR,2022-01-25,Роснефть,ROSN,83034,8157375582.95,545.0,522.7,556.0,530.3,537.8,548.4,15168633,535.65,535.65,530.3,6152247378.9,6152247378.9,6152247378.9,0.0,3,SUR,0.27,
TQBR,2022-01-26,Роснефть,ROSN,111507,9717472995.9,548.0,525.55,550.5,540.15,537.15,532.75,18080155,537.35,537.35,540.15,8232840504.0,8232840504.0,8232840504.0,0.0,3,SUR,-2.85,
TQBR,2022-01-27,Роснефть,ROSN,119092,9425758275.95,530.0,526.1,578.0,562.2,557.65,563.2,16902498,558.7,558.7,562.2,8209951232.95,8209951232.95,8209951232.95,0.0,3,SUR,5.72,
TQBR,2022-01-28,Роснефть,ROSN,67886,6519018259.25,568.8,556.1,574.85,566.6,566.6,566.5,11505485,566.3,566.3,566.6,5419850422.15,5419850422.15,5419850422.15,0.0,3,SUR,0.59,
TQBR,2022-01-31,Роснефть,ROSN,51463,4035815429.8,568.0,566.25,579.9,572.85,574.95,576.95,7019548,575.2,575.2,572.85,3376604908.5,3376604908.5,3376604908.5,0.0,3,SUR,1.84,
TQBR,2022-02-01,Роснефть,ROSN,50427,4209245250.5,576.95,570.05,583.9,574.0,576.35,574.15,7303793,576.5,576.5,574.0,3694163289.6,3694163289.6,3694163289.6,0.0,3,SUR,-0.49,
TQBR,2022-02-02,Роснефть,ROSN,33572,2765938998.95,576.0,568.9,580.25,574.55,575.4,575.7,4807338,575.35,575.35,574.55,2366760117.45,2366760117.45,2366760117.45,0.0,3,SUR,0.27,
TQBR,2022-02-03,Роснефть,ROSN,34735,2549496974.9,575.0,562.7,575.25,567.4,568.7,569.0,4483162,568.3,568.3,567.4,1989642784.65,1989642784.65,1989642784.65,0.0,3,SUR,-1.16,
TQBR,2022-02-04,Роснефть,ROSN,112962,13447963968.05,570.35,561.2,606.75,563.3,579.95,572.0,23186423,580.95,580.95,563.3,12236850722.55,12236850722.55,12236850722.55,0.0,3,SUR,0.53,
TQBR,2022-02-07,Роснефть,ROSN,43201,3414305626.7,570.0,562.75,577.7,568.4,570.65,569.8,5984857,570.25,570.25,568.4,2775928450.35,2775928450.35,2775928450.35,0.0,3,SUR,-0.38,
TQBR,2022-02-08,Роснефть,ROSN,43312,4430173397.25,569.85,563.55,574.95,570.75,569.7,570.05,7774697,569.8,569.8,570.75,4003482200.85,4003482200.85,4003482200.85,0.0,3,SUR,0.04,
TQBR,2022-02-09,Роснефть,ROSN,63252,6130563840.2,571.0,569.05,582.5,579.3,574.0,579.0,10680353,573.75,573.75,579.3,5237729098.4,5237729098.4,5237729098.4,0.0,3,SUR,1.57,
TQBR,2022-02-10,Роснефть,ROSN,46002,3581794796.9,579.0,569.0,580.25,574.45,572.55,569.4,6254547,572.45,572.45,574.45,2908010869.0,2908010869.0,2908010869.0,0.0,3,SUR,-1.66,
TQBR,2022-02-11,Роснефть,ROSN,121118,7344906123.0,569.4,540.0,572.65,561.1,555.0,547.4,13232836,555.6,555.6,561.1,5151721176.55,5151721176.55,5151721176.55,0.0,3,SUR,-3.86,
TQBR,2022-02-14,Роснефть,ROSN,94171,6527936945.6,547.25,532.65,562.45,555.2,551.6,556.0,11833605,553.9,553.9,555.2,4862045749.65,4862045749.65,4862045749.65,0.0,3,SUR,1.57,
TQBR,2022-02-15,Роснефть,ROSN,60560,5325254841.05,557.75,555.55,574.45,562.8,565.3,565.95,9419015,565.9,565.9,562.8,4700298311.2,4700298311.2,4700298311.2,0.0,3,SUR,1.79,
TQBR,2022-02-16,Роснефть,ROSN,51870,4407255138.35,566.8,563.85,575.8,573.05,570.75,571.55,7721726,570.25,570.25,573.05,3473864738.9,3473864738.9,3473864738.9,0.0,3,SUR,0.99,
TQBR,2022-02-17,Роснефть,ROSN,93235,7674746280.35,570.0,541.05,571.8,541.5,555.4,549.5,13818094,555.45,555.45,541.5,6345389957.2,6345389957.2,6345389957.2,0.0,3,SUR,-3.86,
TQBR,2022-02-18,Роснефть,ROSN,117497,9215969987.25,550.05,513.15,556.1,517.6,531.2,519.5,17359369,531.65,531.65,517.6,7763877018.9,7763877018.9,7763877018.9,0.0,3,SUR,-5.46,
TQBR,2022-02-21,Роснефть,ROSN,385654,27083439780.75,518.0,387.65,533.75,424.25,454.1,438.7,59640299,458.2,458.2,424.25,19826342325.95,19826342325.95,19826342325.95,0.0,3,SUR,-15.55,
TQBR,2022-02-22,Роснефть,ROSN,402126,33265149771.85,438.65,395.8,457.0,428.65,418.55,431.3,79552638,416.65,416.65,428.65,27734883050.2,27734883050.2,27734883050.2,0.0,3,SUR,-1.69,
TQBR,2022-02-23,Роснефть,ROSN,0,0.0,,,,431.45,,,0,416.65,428.65,431.45,27734883050.2,2006082.0,27734883050.2,0.0,3,SUR,,
TQBR,2022-02-24,Роснефть,ROSN,410206,17890281502.35,388.35,175.5,388.35,266.25,252.1,274.7,70971023,240.55,240.55,266.25,10662961166.55,10662961166.55,10662961166.55,0.0,3,SUR,-36.31,
TQBR,2022-02-25,Роснефть,ROSN,232284,10316499575.3,283.0,280.25,318.55,308.0,301.3,307.95,34248855,301.0,301.0,308.0,9245740012.85,9245740012.85,9245740012.85,0.0,3,SUR,12.1,
TQBR,2022-02-28,Роснефть,ROSN,0,0.0,,,,308.3,,,0,301.0,308.0,308.3,9245740012.85,550088.0,9245740012.85,0.0,3,SUR,,
TQBR,2022-03-01,Роснефть,ROSN,0,0.0,,,,308.3,,,0,301.0,308.0,308.3,9245740012.85,550088.0,9245740012.85,0.0,3,SUR,,
TQBR,2022-03-02,Роснефть,ROSN,0,0.0,,,,308.3,,,0,265.3,308.0,308.3,19908701179.4,550088.0,19908701179.4,0.0,3,SUR,,
TQBR,2022-03-03,Роснефть,ROSN,0,0.0,,,,308.3,,,0,301.0,308.0,308.3,9245740012.85,550088.0,9245740012.85,0.0,3,SUR,,
TQBR,2022-03-04,Роснефть,ROSN,0,0.0,,,,308.3,,,0,364.95,308.0,308.3,67469926556.0,550088.0,67469926556.0,0.0,3,SUR,,
TQBR,2022-03-09,Роснефть,ROSN,0,0.0,,,,308.3,,,0,336.45,308.0,308.3,47643584229.6,550088.0,47643584229.6,0.0,3,SUR,,
TQBR,2022-03-10,Роснефть,ROSN,0,0.0,,,,308.3,,,0,265.3,308.0,308.3,19908701179.4,550088.0,19908701179.4,0.0,3,SUR,,
TQBR,2022-03-11,Роснефть,ROSN,0,0.0,,,,308.3,,,0,265.3,308.0,308.3,19908701179.4,550088.0,19908701179.4,0.0,3,SUR,,
TQBR,2022-03-14,Роснефть,ROSN,0,0.0,,,,308.3,,,0,301.0,308.0,308.3,9245740012.85,550088.0,9245740012.85,0.0,3,SUR,,
TQBR,2022-03-15,Роснефть,ROSN,0,0.0,,,,308.3,,,0,,308.0,308.3,0.0,550088.0,0.0,0.0,3,SUR,,
TQBR,2022-03-16,Роснефть,ROSN,0,0.0,,,,308.3,,,0,,308.0,308.3,0.0,550088.0,0.0,0.0,3,SUR,,
TQBR,2022-03-17,Роснефть,ROSN,0,0.0,,,,308.3,,,0,,308.0,308.3,0.0,550088.0,0.0,0.0,3,SUR,,
TQBR,2022-03-18,Роснефть,ROSN,0,0.0,,,,308.3,,,0,,308.0,308.3,0.0,550088.0,0.0,0.0,3,SUR,,
TQBR,2022-03-21,Роснефть,ROSN,0,0.0,,,,308.3,,,0,,308.0,308.3,0.0,550088.0,0.0,0.0,3,SUR,,
TQBR,2022-03-22,Роснефть,ROSN,0,0.0,,,,308.3,,,0,,308.0,308.3,0.0,550088.0,0.0,0.0,3,SUR,,
TQBR,2022-03-23,Роснефть,ROSN,0,0.0,,,,308.3,,,0,,308.0,308.3,0.0,550088.0,0.0,0.0,3,SUR,,
TQBR,2022-03-24,Роснефть,ROSN,146031,6641641367.45,312.0,308.0,375.0,360.2,361.0,360.2,18407648,360.8,360.8,360.2,6641641367.45,6641641367.45,6641641367.45,0.0,3,SUR,16.97,
TQBR,2022-03-25,Роснефть,ROSN,79466,3588023275.6,370.0,346.5,384.2,365.1,359.75,365.1,9973005,359.75,359.75,365.1,3588023275.6,3588023275.6,3588023275.6,0.0,3,SUR,1.36,
TQBR,2022-03-28,Роснефть,ROSN,50422,943726133.45,355.0,341.2,369.0,357.95,356.25,357.95,2650920,356.0,356.0,357.95,943726133.45,943726133.45,943726133.45,0.0,3,SUR,-1.96,
TQBR,2022-03-29,Роснефть,ROSN,84688,2443544708.55,363.9,348.2,417.95,370.0,379.3,370.0,6441125,379.35,379.35,370.0,2443544708.55,2443544708.55,2443544708.55,0.0,3,SUR,3.37,
TQBR,2022-03-30,Роснефть,ROSN,44927,884078382.7,390.0,375.0,392.0,387.0,385.55,387.0,2292961,385.55,385.55,387.0,884078382.7,884078382.7,884078382.7,0.0,3,SUR,4.59,
TQBR,2022-03-31,Роснефть,ROSN,110959,3189263009.9,393.0,387.15,440.0,437.5,419.5,437.5,7611217,419.0,419.0,437.5,3189263009.9,3189263009.9,3189263009.9,0.0,3,SUR,13.05,
TQBR,2022-04-01,Роснефть,ROSN,108047,2816263048.4,441.0,430.35,484.0,450.0,450.3,450.0,6246314,450.85,450.85,450.0,2816263048.4,2816263048.4,2816263048.4,0.0,3,SUR,2.86,
TQBR,2022-04-04,Роснефть,ROSN,80885,2378684603.6,450.25,432.0,478.0,443.9,455.45,443.9,5222709,455.45,455.45,443.9,2378684603.6,2378684603.6,2378684603.6,0.0,3,SUR,-1.36,
TQBR,2022-04-05,Роснефть,ROSN,85334,2443820631.55,445.5,391.45,451.15,419.0,423.0,419.0,5777193,423.0,423.0,419.0,2443820631.55,2443820631.55,2443820631.55,0.0,3,SUR,-5.61,
TQBR,2022-04-06,Роснефть,ROSN,50818,1601912085.45,416.1,402.0,429.4,405.0,417.5,405.0,3838103,417.35,417.35,405.0,1601912085.45,1601912085.45,1601912085.45,0.0,3,SUR,-3.34,
TQBR,2022-04-07,Роснефть,ROSN,40639,1490048237.4,406.95,402.0,414.0,408.5,407.8,408.5,3653379,407.85,407.85,408.5,1490048237.4,1490048237.4,1490048237.4,0.0,3,SUR,0.86,
TQBR,2022-04-08,Роснефть,ROSN,34262,929563643.4,409.5,395.35,416.0,403.05,403.5,403.05,2298336,404.45,404.45,403.05,929563643.4,929563643.4,929563643.4,0.0,3,SUR,-1.33,
TQBR,2022-04-11,Роснефть,ROSN,55085,2278244261.5,403.3,399.05,427.95,414.0,416.1,414.0,5475283,416.1,416.1,414.0,2278244261.5,2278244261.5,2278244261.5,0.0,3,SUR,2.72,
TQBR,2022-04-12,Роснефть,ROSN,38934,1254448066.05,416.9,392.0,424.0,412.1,403.45,412.1,3108892,403.5,403.5,412.1,1254448066.05,1254448066.05,1254448066.05,0.0,3,SUR,-0.46,
TQBR,2022-04-13,Роснефть,ROSN,22911,772082878.7,413.2,401.55,417.5,406.05,406.9,406.05,1896604,407.1,407.1,406.05,772082878.7,772082878.7,772082878.7,0.0,3,SUR,-1.47,
TQBR,2022-04-14,Роснефть,ROSN,32497,737165106.05,406.05,390.75,407.5,391.0,396.55,391.0,1858915,396.55,396.55,391.0,737165106.05,737165106.05,737165106.05,0.0,3,SUR,-3.71,
TQBR,2022-04-15,Роснефть,ROSN,31914,694790310.45,392.45,380.0,395.95,390.5,388.8,390.5,1786729,388.85,388.85,390.5,694790310.45,694790310.45,694790310.45,0.0,3,SUR,-0.13,
TQBR,2022-04-18,Роснефть,ROSN,25518,641788725.1,393.0,381.55,395.0,384.85,385.8,384.85,1663519,385.8,385.8,384.85,641788725.1,641788725.1,641788725.1,0.0,3,SUR,-1.45,
TQBR,2022-04-19,Роснефть,ROSN,39857,1256019906.95,384.85,358.5,385.25,385.0,373.1,385.0,3366521,373.1,373.1,385.0,1256019906.95,1256019906.95,1256019906.95,0.0,3,SUR,0.04,
TQBR,2022-04-20,Роснефть,ROSN,32844,1143874362.65,388.0,375.0,399.3,391.0,391.35,391.0,2925126,391.05,391.05,391.0,1143874362.65,1143874362.65,1143874362.65,0.0,3,SUR,1.56,
TQBR,2022-04-21,Роснефть,ROSN,25881,726643628.4,393.3,385.05,398.7,388.0,392.85,388.0,1850516,392.65,392.65,388.0,726643628.4,726643628.4,726643628.4,0.0,3,SUR,-0.77,
TQBR,2022-04-22,Роснефть,ROSN,27212,1015139872.2,388.0,385.7,407.3,397.35,395.4,397.35,2555772,397.2,397.2,397.35,1015139872.2,1015139872.2,1015139872.2,0.0,3,SUR,2.41,
TQBR,2022-04-25,Роснефть,ROSN,19415,562483667.6,395.0,387.75,397.0,388.5,392.65,388.5,1433671,392.35,392.35,388.5,562483667.6,562483667.6,562483667.6,0.0,3,SUR,-2.23,
TQBR,2022-04-26,Роснефть,ROSN,30221,1210499069.3,389.9,389.55,400.95,391.0,395.0,391.0,3064679,395.0,395.0,391.0,1210499069.3,1210499069.3,1210499069.3,0.0,3,SUR,0.64,
TQBR,2022-04-27,Роснефть,ROSN,36663,1370480803.15,394.25,390.7,409.9,397.95,399.9,397.95,3426922,399.9,399.9,397.95,1370480803.15,1370480803.15,1370480803.15,0.0,3,SUR,1.78,
TQBR,2022-04-28,Роснефть,ROSN,32249,1065164954.2,399.0,392.15,404.8,400.0,399.25,400.0,2664461,399.75,399.75,400.0,1065164954.2,1065164954.2,1065164954.2,0.0,3,SUR,0.52,
TQBR,2022-04-29,Роснефть,ROSN,29734,1178206609.25,397.15,397.05,409.9,409.0,404.55,409.0,2914034,404.3,404.3,409.0,1178206609.25,1178206609.25,1178206609.25,0.0,3,SUR,2.25,
TQBR,2022-05-04,Роснефть,ROSN,27195,705483539.7,410.0,394.6,414.85,396.2,404.95,396.2,1746145,404.0,404.0,396.2,705483539.7,705483539.7,705483539.7,0.0,3,SUR,-3.13,
TQBR,2022-05-05,Роснефть,ROSN,15514,346757039.15,397.2,396.8,403.05,397.0,398.45,397.0,870253,398.45,398.45,397.0,346757039.15,346757039.15,346757039.15,0.0,3,SUR,0.2,
TQBR,2022-05-06,Роснефть,ROSN,18546,327513783.15,395.05,391.0,398.4,392.3,393.3,392.3,832694,393.3,393.3,392.3,327513783.15,327513783.15,327513783.15,0.0,3,SUR,-1.18,
TQBR,2022-05-11,Роснефть,ROSN,21522,388585162.3,393.85,388.6,396.35,391.55,392.55,391.55,989953,392.55,392.55,391.55,388585162.3,388585162.3,388585162.3,0.0,3,SUR,-0.19,
TQBR,2022-05-12,Роснефть,ROSN,34267,819260459.5,391.55,370.5,393.25,375.0,379.0,375.0,2160687,379.15,379.15,375.0,819260459.5,819260459.5,819260459.5,0.0,3,SUR,-4.23,
TQBR,2022-05-13,Роснефть,ROSN,18765,356658465.95,379.0,367.5,379.0,374.95,373.0,374.95,954972,373.5,373.5,374.95,356658465.95,356658465.95,356658465.95,0.0,3,SUR,-0.01,
TQBR,2022-05-16,Роснефть,ROSN,21000,529512417.65,375.0,374.0,383.0,378.8,379.8,378.8,1394227,379.8,379.8,378.8,529512417.65,529512417.65,529512417.65,0.0,3,SUR,1.03,
TQBR,2022-05-17,Роснефть,ROSN,24797,835310769.6,382.9,381.1,395.4,394.7,390.7,394.7,2140280,390.3,390.3,394.7,835310769.6,835310769.6,835310769.6,0.0,3,SUR,4.2,
TQBR,2022-05-18,Роснефть,ROSN,29856,973951281.75,397.35,395.7,406.0,404.0,401.95,404.0,2423467,401.9,401.9,404.0,973951281.75,973951281.75,973951281.75,0.0,3,SUR,2.36,
TQBR,2022-05-19,Роснефть,ROSN,15368,364852987.55,403.0,395.15,405.95,399.6,400.35,399.6,911286,400.35,400.35,399.6,364852987.55,364852987.55,364852987.55,0.0,3,SUR,-1.09,
TQBR,2022-05-20,Роснефть,ROSN,25249,793962389.25,400.35,380.3,402.7,384.25,388.6,384.25,2037862,389.6,389.6,384.25,793962389.25,793962389.25,793962389.25,0.0,3,SUR,-3.84,
TQBR,2022-05-23,Роснефть,ROSN,37887,963239248.95,384.25,365.0,389.0,367.05,372.8,367.05,2583258,372.9,372.9,367.05,963239248.95,963239248.95,963239248.95,0.0,3,SUR,-4.48,
TQBR,2022-05-24,Роснефть,ROSN,42607,1283679005.45,366.85,350.0,367.0,359.2,356.9,359.2,3592506,357.3,357.3,359.2,1283679005.45,1283679005.45,1283679005.45,0.0,3,SUR,-2.14,
TQBR,2022-05-25,Роснефть,ROSN,36194,1362949835.6,362.0,356.5,382.0,378.0,368.3,378.0,3705877,367.8,367.8,378.0,1362949835.6,1362949835.6,1362949835.6,0.0,3,SUR,5.23,
TQBR,2022-05-26,Роснефть,ROSN,41140,1895727221.8,383.5,375.7,392.55,391.7,384.65,391.7,4929530,384.55,384.55,391.7,1895727221.8,1895727221.8,1895727221.8,0.0,3,SUR,3.62,
TQBR,2022-05-27,Роснефть,ROSN,57708,2444352150.05,393.9,385.15,408.3,401.5,399.6,401.5,6117847,399.55,399.55,401.5,2444352150.05,2444352150.05,2444352150.05,0.0,3,SUR,2.5,
TQBR,2022-05-30,Роснефть,ROSN,69735,2768975126.75,407.8,381.75,414.5,385.1,396.65,385.1,6980595,396.65,396.65,385.1,2768975126.75,2768975126.75,2768975126.75,0.0,3,SUR,-4.08,
TQBR,2022-05-31,Роснефть,ROSN,32447,1011884134.15,385.1,375.15,386.7,377.0,379.7,377.0,2664983,379.7,379.7,377.0,1011884134.15,1011884134.15,1011884134.15,0.0,3,SUR,-2.1,
TQBR,2022-06-01,Роснефть,ROSN,25821,751413652.45,374.4,371.0,380.35,375.95,377.7,375.95,1989328,377.7,377.7,375.95,751413652.45,751413652.45,751413652.45,0.0,3,SUR,-0.28,
TQBR,2022-06-02,Роснефть,ROSN,33074,824014948.1,375.25,368.0,378.7,368.75,370.7,368.75,2222933,370.7,370.7,368.75,824014948.1,824014948.1,824014948.1,0.0,3,SUR,-1.92,
TQBR,2022-06-03,Роснефть,ROSN,34955,803098414.15,369.95,360.0,371.45,365.45,364.45,365.45,2203658,364.45,364.45,365.45,803098414.15,803098414.15,803098414.15,0.0,3,SUR,-0.89,
TQBR,2022-06-06,Роснефть,ROSN,40086,1056729052.25,368.7,364.1,373.9,368.8,370.4,368.8,2853037,370.4,370.4,368.8,1056729052.25,1056729052.25,1056729052.25,0.0,3,SUR,0.92,
TQBR,2022-06-07,Роснефть,ROSN,35110,786581730.2,368.8,362.05,369.0,366.55,365.0,366.55,2153551,365.25,365.25,366.55,786581730.2,786581730.2,786581730.2,0.0,3,SUR,-0.61,
TQBR,2022-06-08,Роснефть,ROSN,23428,832431747.85,367.15,367.0,375.0,372.85,372.05,372.85,2237505,372.05,372.05,372.85,832431747.85,832431747.85,832431747.85,0.0,3,SUR,1.72,
TQBR,2022-06-09,Роснефть,ROSN,21263,681250789.65,377.5,367.25,378.3,373.25,373.25,373.25,1825086,373.25,373.25,373.25,681250789.65,681250789.65,681250789.65,0.0,3,SUR,0.11,
TQBR,2022-06-10,Роснефть,ROSN,19608,555085687.15,372.0,368.1,374.6,369.5,371.35,369.5,1494476,371.4,371.4,369.5,555085687.15,555085687.15,555085687.15,0.0,3,SUR,-1.0,
TQBR,2022-06-14,Роснефть,ROSN,19806,564062413.9,369.6,366.0,373.6,371.6,371.2,371.6,1519480,371.2,371.2,371.6,564062413.9,564062413.9,564062413.9,0.0,3,SUR,0.57,
TQBR,2022-06-15,Роснефть,ROSN,21686,887577274.2,373.0,370.4,376.05,375.65,373.35,375.65,2377212,373.35,373.35,375.65,887577274.2,887577274.2,887577274.2,0.0,3,SUR,1.09,
TQBR,2022-06-16,Роснефть,ROSN,57895,2297840101.8,376.8,375.35,389.8,383.0,383.95,383.0,5984711,383.95,383.95,383.0,2297840101.8,2297840101.8,2297840101.8,0.0,3,SUR,1.96,
TQBR,2022-06-17,Роснефть,ROSN,24349,915046271.0,384.0,379.0,386.65,384.45,382.0,384.45,2396152,381.9,381.9,384.45,915046271.0,915046271.0,915046271.0,0.0,3,SUR,0.38,
TQBR,2022-06-20,Роснефть,ROSN,32813,833482915.8,382.3,382.1,389.8,389.8,385.45,389.8,2162264,385.45,385.45,389.8,833482915.8,833482915.8,833482915.8,0.0,3,SUR,1.39,
TQBR,2022-06-21,Роснефть,ROSN,37344,1083752737.9,389.05,381.1,391.9,381.3,384.55,381.3,2816910,384.75,384.75,381.3,1083752737.9,1083752737.9,1083752737.9,0.0,3,SUR,-2.18,
TQBR,2022-06-22,Роснефть,ROSN,30501,1017563927.65,380.0,371.05,380.8,377.6,376.05,377.6,2707370,375.85,375.85,377.6,1017563927.65,1017563927.65,1017563927.65,0.0,3,SUR,-0.97,
TQBR,2022-06-23,Роснефть,ROSN,20623,857281560.65,378.0,375.0,381.85,378.4,378.35,378.4,2266872,378.2,378.2,378.4,857281560.65,857281560.65,857281560.65,0.0,3,SUR,0.21,
TQBR,2022-06-24,Роснефть,ROSN,20174,562111645.2,377.9,373.8,378.7,377.0,375.8,377.0,1495276,375.95,375.95,377.0,562111645.2,562111645.2,562111645.2,0.0,3,SUR,-0.37,
TQBR,2022-06-27,Роснефть,ROSN,22509,480480422.05,377.0,372.6,378.75,376.65,376.65,376.65,1275738,376.65,376.65,376.65,480480422.05,480480422.05,480480422.05,0.0,3,SUR,-0.09,
TQBR,2022-06-28,Роснефть,ROSN,34942,1121593504.35,377.0,373.55,385.2,381.85,378.6,381.85,2961498,378.75,378.75,381.85,1121593504.35,1121593504.35,1121593504.35,0.0,3,SUR,1.38,
TQBR,2022-06-29,Роснефть,ROSN,31113,1108844395.05,381.9,374.25,386.5,384.2,379.4,384.2,2924508,379.15,379.15,384.2,1108844395.05,1108844395.05,1108844395.05,0.0,3,SUR,0.62,
TQBR,2022-06-30,Роснефть,ROSN,96639,3574482917.55,386.0,348.05,387.35,362.25,366.6,362.25,9748439,366.65,366.65,362.25,3574482917.55,3574482917.55,3574482917.55,0.0,3,SUR,-5.71,
TQBR,2022-07-01,Роснефть,ROSN,66793,2595412050.9,391.85,373.75,393.7,375.15,379.6,375.15,6832874,379.85,379.85,375.15,2595412050.9,2595412050.9,2595412050.9,0.0,3,SUR,3.56,
TQBR,2022-07-04,Роснефть,ROSN,35985,923181462.4,376.9,367.5,380.35,371.6,373.4,371.6,2470625,373.65,373.65,371.6,923181462.4,923181462.4,923181462.4,0.0,3,SUR,-0.95,
TQBR,2022-07-05,Роснефть,ROSN,33455,982517231.4,372.05,365.05,377.15,371.5,371.15,371.5,2647298,371.15,371.15,371.5,982517231.4,982517231.4,982517231.4,0.0,3,SUR,-0.03,
TQBR,2022-07-06,Роснефть,ROSN,38215,930292068.25,371.55,368.4,378.7,369.65,374.35,369.65,2485084,374.35,374.35,369.65,930292068.25,930292068.25,930292068.25,0.0,3,SUR,-0.5,
TQBR,2022-07-07,Роснефть,ROSN,48505,1368358398.15,370.1,363.1,372.8,364.95,367.65,364.95,3720956,367.75,367.75,364.95,1368358398.15,1368358398.15,1368358398.15,0.0,3,SUR,-1.27,
TQBR,2022-07-08,Роснефть,ROSN,70353,1999605607.3,343.0,343.0,356.5,351.2,351.25,351.2,5692617,351.25,351.25,351.2,1999605607.3,1999605607.3,1999605607.3,0.0,3,SUR,-3.77,
TQBR,2022-07-11,Роснефть,ROSN,41936,842007859.15,352.55,343.05,355.9,343.8,349.0,343.8,2412523,349.0,349.0,343.8,842007859.15,842007859.15,842007859.15,0.0,3,SUR,-2.11,
TQBR,2022-07-12,Роснефть,ROSN,52408,1193811015.75,342.85,327.6,342.9,333.5,333.3,333.5,3581763,333.3,333.3,333.5,1193811015.75,1193811015.75,1193811015.75,0.0,3,SUR,-3.0,
TQBR,2022-07-13,Роснефть,ROSN,50700,1293887168.25,334.45,317.1,335.45,321.0,324.3,321.0,3990026,324.3,324.3,321.0,1293887168.25,1293887168.25,1293887168.25,0.0,3,SUR,-3.75,
TQBR,2022-07-14,Роснефть,ROSN,47030,1120559069.1,320.0,311.5,324.75,315.45,317.6,315.45,3528461,317.6,317.6,315.45,1120559069.1,1120559069.1,1120559069.1,0.0,3,SUR,-1.73,
TQBR,2022-07-15,Роснефть,ROSN,42919,1242516946.45,316.8,314.05,332.5,330.5,322.4,330.5,3854047,322.4,322.4,330.5,1242516946.45,1242516946.45,1242516946.45,0.0,3,SUR,4.77,
TQBR,2022-07-18,Роснефть,ROSN,32703,910402033.1,334.1,322.2,334.55,326.0,327.7,326.0,2778332,327.7,327.7,326.0,910402033.1,910402033.1,910402033.1,0.0,3,SUR,-1.36,
TQBR,2022-07-19,Роснефть,ROSN,31516,628186382.95,325.95,316.25,327.2,320.75,321.4,320.75,1954556,321.4,321.4,320.75,628186382.95,628186382.95,628186382.95,0.0,3,SUR,-1.61,
TQBR,2022-07-20,Роснефть,ROSN,43011,1031212171.35,322.0,319.65,333.75,330.0,327.7,330.0,3149662,327.4,327.4,330.0,1031212171.35,1031212171.35,1031212171.35,0.0,3,SUR,2.88,
TQBR,2022-07-21,Роснефть,ROSN,36295,779076274.95,330.15,318.55,332.9,328.2,324.5,328.2,2400755,324.5,324.5,328.2,779076274.95,779076274.95,779076274.95,0.0,3,SUR,-0.55,
TQBR,2022-07-22,Роснефть,ROSN,43337,1325184869.9,329.4,328.5,341.45,340.0,336.95,340.0,3933221,336.9,336.9,340.0,1325184869.9,1325184869.9,1325184869.9,0.0,3,SUR,3.6,
TQBR,2022-07-25,Роснефть,ROSN,25345,684277015.2,338.8,335.0,342.2,336.6,338.8,336.6,2019634,338.8,338.8,336.6,684277015.2,684277015.2,684277015.2,0.0,3,SUR,-1.0,
TQBR,2022-07-26,Роснефть,ROSN,30576,978600682.05,339.5,338.05,347.0,347.0,343.55,347.0,2850215,343.35,343.35,347.0,978600682.05,978600682.05,978600682.05,0.0,3,SUR,3.09,
TQBR,2022-07-27,Роснефть,ROSN,29421,987131074.4,347.0,345.05,352.5,348.7,349.35,348.7,2825911,349.3,349.3,348.7,987131074.4,987131074.4,987131074.4,0.0,3,SUR,0.49,
TQBR,2022-07-28,Роснефть,ROSN,30562,784531545.0,349.45,340.2,351.65,344.3,344.6,344.3,2276723,344.6,344.6,344.3,784531545.0,784531545.0,784531545.0,0.0,3,SUR,-1.26,
TQBR,2022-07-29,Роснефть,ROSN,38634,1462099191.95,343.0,341.7,354.55,353.0,350.05,353.0,4179795,349.8,349.8,353.0,1462099191.95,1462099191.95,1462099191.95,0.0,3,SUR,2.53,
TQBR,2022-08-01,Роснефть,ROSN,33993,1489610349.2,354.4,345.4,354.45,348.0,349.0,348.0,4268232,349.0,349.0,348.0,1489610349.2,1489610349.2,1489610349.2,0.0,3,SUR,-1.42,
TQBR,2022-08-02,Роснефть,ROSN,40559,1132490529.35,346.25,334.0,347.95,335.8,339.55,335.8,3335172,339.55,339.55,335.8,1132490529.35,1132490529.35,1132490529.35,0.0,3,SUR,-3.51,
TQBR,2022-08-03,Роснефть,ROSN,33378,908707389.85,337.0,329.0,338.95,330.25,333.9,330.25,2721480,333.9,333.9,330.25,908707389.85,908707389.85,908707389.85,0.0,3,SUR,-1.65,
TQBR,2022-08-04,Роснефть,ROSN,35325,768480637.75,330.15,323.0,330.3,324.6,325.55,324.6,2360496,325.55,325.55,324.6,768480637.75,768480637.75,768480637.75,0.0,3,SUR,-1.71,
TQBR,2022-08-05,Роснефть,ROSN,46407,1045085885.7,325.25,316.1,327.0,322.7,320.9,322.7,3256627,320.9,320.9,322.7,1045085885.7,1045085885.7,1045085885.7,0.0,3,SUR,-0.59,
TQBR,2022-08-08,Роснефть,ROSN,31835,878483934.8,331.5,324.25,332.7,327.35,328.15,327.35,2677228,328.15,328.15,327.35,878483934.8,878483934.8,878483934.8,0.0,3,SUR,1.44,
TQBR,2022-08-09,Роснефть,ROSN,36763,910161246.6,327.35,324.1,340.3,339.65,332.05,339.65,2740893,332.05,332.05,339.65,910161246.6,910161246.6,910161246.6,0.0,3,SUR,3.76,
TQBR,2022-08-10,Роснефть,ROSN,28623,707590385.25,339.95,335.0,340.7,339.5,337.6,339.5,2095869,337.6,337.6,339.5,707590385.25,707590385.25,707590385.25,0.0,3,SUR,-0.04,
TQBR,2022-08-11,Роснефть,ROSN,29365,859190008.3,341.1,333.0,342.8,333.0,338.85,333.0,2535543,338.85,338.85,333.0,859190008.3,859190008.3,859190008.3,0.0,3,SUR,-1.91,
TQBR,2022-08-12,Роснефть,ROSN,21448,462797691.75,332.8,330.65,337.3,336.2,334.1,336.2,1385223,334.1,334.1,336.2,462797691.75,462797691.75,462797691.75,0.0,3,SUR,0.96,
TQBR,2022-08-15,Роснефть,ROSN,24117,524507892.6,336.0,332.55,338.0,335.9,334.95,335.9,1565905,334.95,334.95,335.9,524507892.6,524507892.6,524507892.6,0.0,3,SUR,-0.09,
TQBR,2022-08-16,Роснефть,ROSN,46379,1386633606.55,337.0,335.65,349.45,348.0,343.65,348.0,4035259,343.65,343.65,348.0,1386633606.55,1386633606.55,1386633606.55,0.0,3,SUR,3.6,
TQBR,2022-08-17,Роснефть,ROSN,30836,806800252.9,348.95,342.85,351.0,344.1,345.7,344.1,2333900,345.7,345.7,344.1,806800252.9,806800252.9,806800252.9,0.0,3,SUR,-1.12,
TQBR,2022-08-18,Роснефть,ROSN,21320,540147081.95,344.0,341.6,347.45,346.4,344.55,346.4,1567767,344.55,344.55,346.4,540147081.95,540147081.95,540147081.95,0.0,3,SUR,0.67,
TQBR,2022-08-19,Роснефть,ROSN,15168,368908552.8,346.4,343.15,347.15,344.8,344.8,344.8,1069905,344.8,344.8,344.8,368908552.8,368908552.8,368908552.8,0.0,3,SUR,-0.46,
TQBR,2022-08-22,Роснефть,ROSN,28725,693350617.95,344.4,343.6,349.6,349.6,347.65,349.6,1994491,347.65,347.65,349.6,693350617.95,693350617.95,693350617.95,0.0,3,SUR,1.39,
TQBR,2022-08-23,Роснефть,ROSN,40506,1189446241.6,349.0,347.15,356.3,356.0,352.55,356.0,3373962,352.55,352.55,356.0,1189446241.6,1189446241.6,1189446241.6,0.0,3,SUR,1.83,
TQBR,2022-08-24,Роснефть,ROSN,32870,907204263.95,356.55,356.0,359.45,358.2,357.55,358.2,2537196,357.55,357.55,358.2,907204263.95,907204263.95,907204263.95,0.0,3,SUR,0.62,
TQBR,2022-08-25,Роснефть,ROSN,27605,784832214.35,358.9,353.2,360.0,355.6,357.5,355.6,2195408,357.5,357.5,355.6,784832214.35,784832214.35,784832214.35,0.0,3,SUR,-0.73,
TQBR,2022-08-26,Роснефть,ROSN,21323,564061467.2,356.25,354.45,361.9,361.5,358.45,361.5,1573633,358.45,358.45,361.5,564061467.2,564061467.2,564061467.2,0.0,3,SUR,1.66,
TQBR,2022-08-29,Роснефть,ROSN,31762,962094062.45,361.75,361.1,368.95,367.3,366.4,367.3,2625832,366.4,366.4,367.3,962094062.45,962094062.45,962094062.45,0.0,3,SUR,1.6,
TQBR,2022-08-30,Роснефть,ROSN,42476,1403592866.6,367.95,360.5,370.0,361.3,365.8,361.3,3837220,365.8,365.8,361.3,1403592866.6,1403592866.6,1403592866.6,0.0,3,SUR,-1.63,
TQBR,2022-08-31,Роснефть,ROSN,60078,1979623045.0,372.0,364.5,381.4,368.0,370.05,368.0,5349824,370.05,370.05,368.0,1979623045.0,1979623045.0,1979623045.0,0.0,3,SUR,1.85,
TQBR,2022-09-01,Роснефть,ROSN,60253,1869039504.65,368.0,361.8,374.0,373.5,368.85,373.5,5067381,368.85,368.85,373.5,1869039504.65,1869039504.65,1869039504.65,0.0,3,SUR,1.49,
TQBR,2022-09-02,Роснефть,ROSN,93815,3330191596.9,375.0,373.5,389.95,385.1,384.7,385.1,8656390,384.7,384.7,385.1,3330191596.9,3330191596.9,3330191596.9,0.0,3,SUR,3.11,
TQBR,2022-09-05,Роснефть,ROSN,50235,1573935674.3,387.0,372.0,387.75,385.1,383.0,385.1,4109540,383.0,383.0,385.1,1573935674.3,1573935674.3,1573935674.3,0.0,3,SUR,0.0,
TQBR,2022-09-06,Роснефть,ROSN,82176,3018101340.75,384.95,362.0,385.85,375.7,374.5,375.7,8060428,374.45,374.45,375.7,3018101340.75,3018101340.75,3018101340.75,0.0,3,SUR,-2.44,
TQBR,2022-09-07,Роснефть,ROSN,62281,1990596472.95,374.85,368.0,382.85,375.95,376.65,375.95,5290945,376.25,376.25,375.95,1990596472.95,1990596472.95,1990596472.95,0.0,3,SUR,0.07,
TQBR,2022-09-08,Роснефть,ROSN,39889,1029742782.55,375.1,368.25,376.0,374.4,372.2,374.4,2764815,372.45,372.45,374.4,1029742782.55,1029742782.55,1029742782.55,0.0,3,SUR,-0.41,
TQBR,2022-09-09,Роснефть,ROSN,45232,1443956969.1,375.0,371.55,378.8,378.0,375.0,378.0,3850302,375.0,375.0,378.0,1443956969.1,1443956969.1,1443956969.1,0.0,3,SUR,0.96,
TQBR,2022-09-12,Роснефть,ROSN,51716,1406169877.05,377.55,374.7,383.75,378.95,380.25,379.4,3698146,380.25,380.25,378.95,1365218724.35,1365218724.35,1365218724.35,0.0,3,SUR,0.37,
TQBR,2022-09-13,Роснефть,ROSN,44143,986521312.7,380.55,372.05,381.25,375.05,376.15,373.4,2622798,376.25,376.25,375.05,928920839.2,928920839.2,928920839.2,0.0,3,SUR,-1.58,
TQBR,2022-09-14,Роснефть,ROSN,60737,1477499002.15,373.0,366.9,377.5,376.4,371.4,375.75,3978478,371.15,371.15,376.4,1396345380.8,1396345380.8,1396345380.8,0.0,3,SUR,0.63,
TQBR,2022-09-15,Роснефть,ROSN,145157,5214902834.2,377.0,364.0,382.9,366.65,370.9,367.3,14046443,371.4,371.4,366.65,5065000542.25,5065000542.25,5065000542.25,0.0,3,SUR,-2.25,
TQBR,2022-09-16,Роснефть,ROSN,100014,2875802989.85,367.2,358.3,367.2,359.0,361.9,359.05,7946593,362.0,362.0,359.0,2774864980.65,2774864980.65,2774864980.65,0.0,3,SUR,-2.25,
TQBR,2022-09-19,Роснефть,ROSN,47222,1214067500.75,356.9,355.1,362.9,357.5,358.75,358.25,3384090,358.8,358.8,357.5,1155882853.95,1155882853.95,1155882853.95,0.0,3,SUR,-0.22,
TQBR,2022-09-20,Роснефть,ROSN,215742,6139549522.0,356.7,313.05,357.8,325.95,337.75,330.9,18179968,340.0,340.0,325.95,5045769241.5,5045769241.5,5045769241.5,0.0,3,SUR,-7.63,
TQBR,2022-09-21,Роснефть,ROSN,143352,3872097461.25,293.4,278.2,323.6,311.6,310.2,312.55,12482054,310.15,310.15,311.6,3748224015.4,3748224015.4,3748224015.4,0.0,3,SUR,-5.55,
TQBR,2022-09-22,Роснефть,ROSN,74936,2164269358.3,312.55,309.6,323.5,313.85,316.5,315.5,6837974,316.55,316.55,313.85,2074490188.65,2074490188.65,2074490188.65,0.0,3,SUR,0.94,
TQBR,2022-09-23,Роснефть,ROSN,110302,2511444529.55,315.5,293.05,315.55,298.8,301.4,296.7,8332681,301.75,301.75,298.8,2349219536.65,2349219536.65,2349219536.65,0.0,3,SUR,-5.96,
TQBR,2022-09-26,Роснефть,ROSN,166664,4018254008.45,289.95,252.2,289.95,266.0,269.95,257.9,14885762,270.9,270.9,266.0,3644543810.0,3644543810.0,3644543810.0,0.0,3,SUR,-13.08,
TQBR,2022-09-27,Роснефть,ROSN,103298,2499319733.3,263.0,255.0,270.55,264.4,262.4,266.95,9523997,262.25,262.25,264.4,2272238227.75,2272238227.75,2272238227.75,0.0,3,SUR,3.51,
TQBR,2022-09-28,Роснефть,ROSN,74775,1667521333.0,266.0,257.55,272.0,261.5,263.35,263.0,6332416,263.4,263.4,261.5,1541785030.9,1541785030.9,1541785030.9,0.0,3,SUR,-1.48,
TQBR,2022-09-29,Роснефть,ROSN,83422,2199178236.6,263.0,249.5,266.45,254.0,256.35,256.05,8578846,256.3,256.3,254.0,1990771004.15,1990771004.15,1990771004.15,0.0,3,SUR,-2.64,
TQBR,2022-09-30,Роснефть,ROSN,87848,2337833133.3,258.05,245.65,269.9,261.0,257.7,264.05,9072697,257.35,257.35,261.0,2201891601.55,2201891601.55,2201891601.55,0.0,3,SUR,3.12,
TQBR,2022-10-03,Роснефть,ROSN,97609,2364608777.6,266.15,265.25,287.9,281.1,276.55,287.9,8554091,275.2,275.2,281.1,2061516224.3,2061516224.3,2061516224.3,0.0,3,SUR,9.03,
TQBR,2022-10-04,Роснефть,ROSN,83170,2371400200.2,290.0,276.2,292.3,283.7,282.7,283.75,8388426,282.6,282.6,283.7,2235696747.15,2235696747.15,2235696747.15,0.0,3,SUR,-1.44,
TQBR,2022-10-05,Роснефть,ROSN,114245,3648946414.95,283.35,265.1,289.35,282.4,277.85,283.0,13133822,277.6,277.6,282.4,3495492517.4,3495492517.4,3495492517.4,0.0,3,SUR,-0.26,
TQBR,2022-10-06,Роснефть,ROSN,78781,2395777890.8,285.0,281.65,295.95,287.6,289.35,286.8,8280093,289.45,289.45,287.6,2303612084.5,2303612084.5,2303612084.5,0.0,3,SUR,1.34,
TQBR,2022-10-07,Роснефть,ROSN,79375,2252444501.35,285.0,268.5,287.2,274.85,278.15,269.0,8097460,279.45,279.45,274.85,1867503528.9,1867503528.9,1867503528.9,0.0,3,SUR,-6.21,
TQBR,2022-10-10,Роснефть,ROSN,78726,2287467397.8,259.05,259.05,279.0,277.85,272.8,277.85,8384617,272.65,272.65,277.85,2186668749.05,2186668749.05,2186668749.05,0.0,3,SUR,3.29,
TQBR,2022-10-11,Роснефть,ROSN,55638,1304718127.95,278.15,276.2,288.0,285.2,282.5,287.3,4618371,282.1,282.1,285.2,1177876264.15,1177876264.15,1177876264.15,0.0,3,SUR,3.4,
TQBR,2022-10-12,Роснефть,ROSN,55809,1613141269.6,288.3,281.05,294.2,291.15,289.2,292.0,5578035,288.9,288.9,291.15,1477937790.3,1477937790.3,1477937790.3,0.0,3,SUR,1.64,
TQBR,2022-10-13,Роснефть,ROSN,65900,1942793461.15,292.0,290.35,299.6,297.65,296.55,298.8,6551518,296.4,296.4,297.65,1795636858.95,1795636858.95,1795636858.95,0.0,3,SUR,2.33,
TQBR,2022-10-14,Роснефть,ROSN,58059,1708454343.65,300.0,292.25,302.8,295.5,296.95,299.55,5752922,296.95,296.95,295.5,1556796002.55,1556796002.55,1556796002.55,0.0,3,SUR,0.25,
TQBR,2022-10-17,Роснефть,ROSN,74651,2262852475.2,300.0,298.05,314.5,312.65,306.45,313.45,7384310,305.7,305.7,312.65,2014406913.8,2014406913.8,2014406913.8,0.0,3,SUR,4.64,
TQBR,2022-10-18,Роснефть,ROSN,72490,2136258749.4,315.95,302.9,316.6,309.85,310.95,305.45,6870049,312.15,312.15,309.85,1651354532.7,1651354532.7,1651354532.7,0.0,3,SUR,-2.55,
TQBR,2022-10-19,Роснефть,ROSN,60346,1849362688.3,302.5,298.25,309.5,304.4,303.7,307.95,6089758,303.35,303.35,304.4,1672057296.2,1672057296.2,1672057296.2,0.0,3,SUR,0.82,
TQBR,2022-10-20,Роснефть,ROSN,54693,1475553973.25,309.8,306.2,314.0,311.65,310.85,310.85,4748049,310.85,310.85,311.65,1334551551.5,1334551551.5,1334551551.5,0.0,3,SUR,0.94,
TQBR,2022-10-21,Роснефть,ROSN,43948,1103488307.85,310.8,305.05,312.9,310.2,308.85,311.3,3572774,307.95,307.95,310.2,804727995.7,804727995.7,804727995.7,0.0,3,SUR,0.14,
TQBR,2022-10-24,Роснефть,ROSN,41912,942721105.95,313.0,311.35,316.55,314.05,313.5,313.6,3006985,313.5,313.5,314.05,887773641.6,887773641.6,887773641.6,0.0,3,SUR,0.74,
TQBR,2022-10-25,Роснефть,ROSN,91177,2771050424.85,312.9,312.25,332.4,329.4,322.05,332.4,8605734,320.75,320.75,329.4,2362063647.8,2362063647.8,2362063647.8,0.0,3,SUR,5.99,
TQBR,2022-10-26,Роснефть,ROSN,101620,3443389640.8,333.0,326.15,342.4,336.1,333.75,340.65,10317056,332.05,332.05,336.1,2660234774.75,2660234774.75,2660234774.75,0.0,3,SUR,2.48,
TQBR,2022-10-27,Роснефть,ROSN,92739,2902132054.35,341.95,337.7,347.95,344.95,344.45,343.85,8425252,344.5,344.5,344.95,2725487686.9,2725487686.9,2725487686.9,0.0,3,SUR,0.94,
TQBR,2022-10-28,Роснефть,ROSN,69839,1772237712.95,342.2,338.2,344.55,342.0,341.6,341.8,5188050,341.6,341.6,342.0,1678556252.85,1678556252.85,1678556252.85,0.0,3,SUR,-0.6,
TQBR,2022-10-31,Роснефть,ROSN,70672,2145337021.6,341.85,331.25,342.95,333.0,335.7,333.9,6390418,335.85,335.85,333.0,2008292046.6,2008292046.6,2008292046.6,0.0,3,SUR,-2.31,
TQBR,2022-11-01,Роснефть,ROSN,46425,1068675207.4,334.8,330.05,335.95,332.0,332.7,332.35,3212050,332.7,332.7,332.0,990515201.15,990515201.15,990515201.15,0.0,3,SUR,-0.46,
TQBR,2022-11-02,Роснефть,ROSN,50504,1454568954.85,333.1,330.5,339.7,337.4,335.4,333.7,4336878,335.5,335.5,337.4,1135230851.7,1135230851.7,1135230851.7,0.0,3,SUR,0.41,
TQBR,2022-11-03,Роснефть,ROSN,46511,1336618232.6,333.5,328.85,335.85,334.55,332.95,335.0,4014344,332.8,332.8,334.55,1222892443.15,1222892443.15,1222892443.15,0.0,3,SUR,0.39,
TQBR,2022-11-07,Роснефть,ROSN,125073,4209872212.15,338.0,337.3,357.45,354.2,348.8,356.7,12072626,347.65,347.65,354.2,3624586368.85,3624586368.85,3624586368.85,0.0,3,SUR,6.48,
TQBR,2022-11-08,Роснефть,ROSN,69649,2372118635.65,356.8,349.3,359.2,351.65,353.25,351.95,6712486,353.5,353.5,351.65,2099182536.45,2099182536.45,2099182536.45,0.0,3,SUR,-1.33,
TQBR,2022-11-09,Роснефть,ROSN,56749,1979486691.35,350.0,346.15,353.1,348.0,349.45,348.6,5664714,349.8,349.8,348.0,1408199070.8,1408199070.8,1408199070.8,0.0,3,SUR,-0.95,
TQBR,2022-11-10,Роснефть,ROSN,69201,2104501218.4,348.5,348.0,359.85,359.0,354.25,358.25,5938779,353.85,353.85,359.0,1844694692.75,1844694692.75,1844694692.75,0.0,3,SUR,2.77,
TQBR,2022-11-11,Роснефть,ROSN,85717,3092613144.6,360.0,350.0,363.5,354.5,357.75,356.95,8644001,357.9,357.9,354.5,2877800195.4,2877800195.4,2877800195.4,0.0,3,SUR,-0.36,
TQBR,2022-11-14,Роснефть,ROSN,72422,2433981483.25,357.7,348.35,358.6,351.1,352.1,350.85,6922459,351.65,351.65,351.1,2290176142.4,2290176142.4,2290176142.4,0.0,3,SUR,-1.71,
TQBR,2022-11-15,Роснефть,ROSN,93078,2618212134.45,350.5,326.75,351.0,343.25,341.3,338.4,7671493,345.9,345.9,343.25,1362837096.8,1362837096.8,1362837096.8,0.0,3,SUR,-3.55,
TQBR,2022-11-16,Роснефть,ROSN,38950,1218310746.85,339.95,338.5,344.95,342.1,342.05,342.5,3561778,342.05,342.05,342.1,1041022135.15,1041022135.15,1041022135.15,0.0,3,SUR,1.21,
TQBR,2022-11-17,Роснефть,ROSN,49039,1249350426.45,342.5,335.2,343.4,337.0,338.2,336.95,3693834,338.6,338.6,337.0,1037323873.95,1037323873.95,1037323873.95,0.0,3,SUR,-1.62,
TQBR,2022-11-18,Роснефть,ROSN,34996,863491417.4,336.7,332.85,338.4,337.0,335.3,336.9,2575464,335.1,335.1,337.0,735285545.4,735285545.4,735285545.4,0.0,3,SUR,-0.01,
TQBR,2022-11-21,Роснефть,ROSN,74673,2060763236.05,335.6,324.8,336.1,326.95,329.85,331.85,6247285,330.0,330.0,326.95,1327207692.0,1327207692.0,1327207692.0,0.0,3,SUR,-1.5,
TQBR,2022-11-22,Роснефть,ROSN,40248,1269235620.05,331.9,330.4,337.1,335.35,333.95,334.95,3800904,333.5,333.5,335.35,1009550302.9,1009550302.9,1009550302.9,0.0,3,SUR,0.93,
TQBR,2022-11-23,Роснефть,ROSN,48540,1323811637.4,335.8,331.25,339.5,337.85,336.7,337.95,3931550,336.65,336.65,337.85,1234902899.8,1234902899.8,1234902899.8,0.0,3,SUR,0.9,
TQBR,2022-11-24,Роснефть,ROSN,28389,746875344.2,338.25,333.75,339.2,336.05,336.45,334.75,2219799,336.85,336.85,336.05,597165122.95,597165122.95,597165122.95,0.0,3,SUR,-0.95,
TQBR,2022-11-25,Роснефть,ROSN,26242,652050919.8,334.1,332.4,337.0,335.85,334.7,335.9,1948117,334.6,334.6,335.85,583570869.85,583570869.85,583570869.85,0.0,3,SUR,0.34,
TQBR,2022-11-28,Роснефть,ROSN,73768,1418538562.6,332.8,328.05,334.8,333.45,330.95,333.2,4286219,330.65,330.65,333.45,1252377254.3,1252377254.3,1252377254.3,0.0,3,SUR,-0.8,
TQBR,2022-11-29,Роснефть,ROSN,33608,578264217.7,335.2,333.6,337.5,336.35,335.95,335.9,1721300,335.95,335.95,336.35,524065621.35,524065621.35,524065621.35,0.0,3,SUR,0.81,
TQBR,2022-11-30,Роснефть,ROSN,24530,412709870.2,336.2,334.15,336.6,335.5,335.55,336.25,1229927,335.5,335.5,335.5,347154756.7,347154756.7,347154756.7,0.0,3,SUR,0.1,
TQBR,2022-12-01,Роснефть,ROSN,29140,666053025.5,336.5,334.85,338.35,335.7,336.3,335.9,1980527,336.4,336.4,335.7,597005794.5,597005794.5,597005794.5,0.0,3,SUR,-0.1,
TQBR,2022-12-02,Роснефть,ROSN,19726,347821065.25,336.0,334.2,336.35,335.55,335.05,335.0,1038146,335.0,335.0,335.55,270988432.2,270988432.2,270988432.2,0.0,3,SUR,-0.27,
TQBR,2022-12-05,Роснефть,ROSN,68531,1377879338.25,334.95,333.25,344.7,343.85,340.4,340.45,4047744,340.3,340.3,343.85,1203922299.05,1203922299.05,1203922299.05,0.0,3,SUR,1.63,
TQBR,2022-12-06,Роснефть,ROSN,28842,655542550.95,341.6,335.25,343.3,337.15,339.3,336.0,1937120,338.9,338.9,337.15,524806422.45,524806422.45,524806422.45,0.0,3,SUR,-1.31,
TQBR,2022-12-07,Роснефть,ROSN,60752,1100385808.35,335.7,330.5,337.0,335.75,333.35,335.1,3300935,333.2,333.2,335.75,991423510.65,991423510.65,991423510.65,0.0,3,SUR,-0.27,
TQBR,2022-12-08,Роснефть,ROSN,23777,374735905.65,336.0,333.15,336.95,334.7,334.4,333.7,1120561,334.45,334.45,334.7,331929154.6,331929154.6,331929154.6,0.0,3,SUR,-0.42,
TQBR,2022-12-09,Роснефть,ROSN,27446,475752624.8,333.8,333.35,337.0,336.7,343.95,336.15,1418948,335.2,335.2,336.7,376496742.4,376496742.4,376496742.4,0.0,3,SUR,0.73,
TQBR,2022-12-12,Роснефть,ROSN,33679,532931382.8,336.2,333.0,339.7,335.3,335.75,335.2,1587264,335.75,335.75,335.3,490505484.95,490505484.95,490505484.95,0.0,3,SUR,-0.28,
TQBR,2022-12-13,Роснефть,ROSN,21667,415442177.75,335.95,334.05,337.95,337.95,336.2,337.4,1235783,336.05,336.05,337.95,362900524.35,362900524.35,362900524.35,0.0,3,SUR,0.66,
TQBR,2022-12-14,Роснефть,ROSN,22264,472355433.65,337.55,333.05,337.9,334.35,335.05,333.5,1409300,335.35,335.35,334.35,404125557.05,404125557.05,404125557.05,0.0,3,SUR,-1.16,
TQBR,2022-12-15,Роснефть,ROSN,50470,734073598.25,333.9,327.4,334.0,330.35,329.95,328.0,2224739,330.05,330.05,330.35,674021852.2,674021852.2,674021852.2,0.0,3,SUR,-1.65,
TQBR,2022-12-16,Роснефть,ROSN,31138,526540415.45,328.0,326.05,331.95,331.95,329.45,330.9,1598226,329.3,329.3,331.95,472504556.2,472504556.2,472504556.2,0.0,3,SUR,0.88,
TQBR,2022-12-19,Роснефть,ROSN,32374,660204918.5,330.95,329.1,337.0,333.8,333.3,333.0,1980951,333.2,333.2,333.8,589247661.45,589247661.45,589247661.45,0.0,3,SUR,0.63,
TQBR,2022-12-20,Роснефть,ROSN,44448,1123395217.3,334.8,333.1,345.2,343.0,341.05,344.15,3294125,340.7,340.7,343.0,1004608803.0,1004608803.0,1004608803.0,0.0,3,SUR,3.35,
TQBR,2022-12-21,Роснефть,ROSN,56473,1042420070.85,346.0,340.35,348.0,342.95,344.05,345.2,3029856,344.05,344.05,342.95,960914765.25,960914765.25,960914765.25,0.0,3,SUR,0.31,
TQBR,2022-12-22,Роснефть,ROSN,31848,698698509.05,346.2,343.15,348.2,344.45,346.15,344.7,2018793,346.2,346.2,344.45,641904812.5,641904812.5,641904812.5,0.0,3,SUR,-0.14,
TQBR,2022-12-23,Роснефть,ROSN,24315,480182968.9,345.0,340.3,346.25,343.8,343.05,343.3,1399755,342.95,342.95,343.8,434960368.2,434960368.2,434960368.2,0.0,3,SUR,-0.41,
TQBR,2022-12-26,Роснефть,ROSN,46354,1247949778.4,343.7,343.7,353.15,349.9,348.9,352.4,3576644,348.3,348.3,349.9,1024745605.4,1024745605.4,1024745605.4,0.0,3,SUR,2.65,
TQBR,2022-12-27,Роснефть,ROSN,34991,757647015.85,353.15,352.5,356.3,355.9,354.2,355.45,2138946,354.1,354.1,355.9,681010586.5,681010586.5,681010586.5,0.0,3,SUR,0.87,
TQBR,2022-12-28,Роснефть,ROSN,29508,635565702.45,355.5,353.9,356.65,355.6,355.3,355.1,1788879,355.3,355.3,355.6,539297359.1,539297359.1,539297359.1,0.0,3,SUR,-0.1,
TQBR,2022-12-29,Роснефть,ROSN,40500,870452021.35,354.25,354.05,360.65,357.85,358.25,359.6,2429180,358.2,358.2,357.85,789073719.25,789073719.25,789073719.25,0.0,3,SUR,1.27,
TQBR,2022-12-30,Роснефть,ROSN,38130,910996872.0,360.45,359.15,365.75,364.0,362.6,365.4,2512307,361.75,361.75,364.0,662693418.8,662693418.8,662693418.8,0.0,3,SUR,1.61,
TQBR,2023-01-03,Роснефть,ROSN,41292,978159099.85,367.95,366.2,372.75,368.5,370.0,368.05,2643653,370.5,370.5,368.5,816295171.3,816295171.3,816295171.3,0.0,3,SUR,0.73,
TQBR,2023-01-04,Роснефть,ROSN,36608,659496859.6,366.5,363.25,367.6,365.0,365.25,365.8,1805528,365.1,365.1,365.0,537467106.15,537467106.15,537467106.15,0.0,3,SUR,-0.61,
TQBR,2023-01-05,Роснефть,ROSN,22121,487295696.0,367.2,365.8,369.0,367.7,367.55,367.5,1325831,367.6,367.6,367.7,420429858.85,420429858.85,420429858.85,0.0,3,SUR,0.46,
TQBR,2023-01-06,Роснефть,ROSN,17876,344946814.1,368.0,366.75,368.5,367.65,367.6,367.3,938436,367.75,367.75,367.65,246184123.05,246184123.05,246184123.05,0.0,3,SUR,-0.05,
TQBR,2023-01-09,Роснефть,ROSN,45725,1602451881.75,368.2,366.05,369.7,369.1,368.3,367.95,4351231,368.5,368.5,369.1,1161960289.5,1161960289.5,1161960289.5,0.0,3,SUR,0.18,
TQBR,2023-01-10,Роснефть,ROSN,76937,2043229843.45,367.3,362.2,368.0,366.0,365.3,366.75,5593572,364.85,364.85,366.0,1454866777.4,1454866777.4,1454866777.4,0.0,3,SUR,-0.33,
TQBR,2023-01-11,Роснефть,ROSN,112849,2856692494.35,347.6,345.0,350.5,346.9,347.8,347.35,8210663,347.95,347.95,346.9,2686223133.2,2686223133.2,2686223133.2,0.0,3,SUR,-5.29,
TQBR,2023-01-12,Роснефть,ROSN,26562,530859898.3,347.2,345.6,347.8,347.25,346.85,346.85,1530649,346.85,346.85,347.25,455846632.2,455846632.2,455846632.2,0.0,3,SUR,-0.14,
TQBR,2023-01-13,Роснефть,ROSN,30450,488020195.15,346.0,345.35,347.0,345.85,346.0,346.05,1410265,346.05,346.05,345.85,428034032.55,428034032.55,428034032.55,0.0,3,SUR,-0.23,
TQBR,2023-01-16,Роснефть,ROSN,30268,592859877.55,346.45,345.05,347.6,345.55,346.3,345.8,1712033,346.35,346.35,,520043481.6,520043481.6,,0.0,3,SUR,-0.07,
TQBR,2023-01-17,Роснефть,ROSN,43070,689615226.2,345.7,340.3,345.9,343.2,343.35,341.35,2008466,343.85,343.85,,506938356.35,506938356.35,,0.0,3,SUR,-1.29,
TQBR,2023-01-18,Роснефть,ROSN,36225,701537682.35,340.35,340.15,345.9,345.5,343.45,344.15,2042642,343.4,343.4,,634986764.25,634986764.25,,0.0,3,SUR,0.82,
TQBR,2023-01-19,Роснефть,ROSN,41594,576976513.25,343.3,339.0,343.85,339.25,340.7,339.8,1693494,340.8,340.8,,526731094.45,526731094.45,,0.0,3,SUR,-1.26,
TQBR,2023-01-20,Роснефть,ROSN,44136,771716277.55,339.9,334.5,340.45,337.55,336.7,336.55,2291895,336.7,336.7,,686798818.7,686798818.7,,0.0,3,SUR,-0.96,
TQBR,2023-01-23,Роснефть,ROSN,29932,392227641.2,338.5,336.2,340.25,339.7,338.75,340.05,1157821,338.6,338.6,,345998060.7,345998060.7,,0.0,3,SUR,1.04,
TQBR,2023-01-24,Роснефть,ROSN,40366,625974455.3,340.95,335.8,343.0,337.05,339.7,336.75,1842595,340.0,340.0,,574558237.6,574558237.6,,0.0,3,SUR,-0.97,
TQBR,2023-01-25,Роснефть,ROSN,29378,434851004.1,336.55,335.4,338.8,337.55,337.25,338.2,1289489,337.15,337.15,,385981115.8,385981115.8,,0.0,3,SUR,0.43,
TQBR,2023-01-26,Роснефть,ROSN,46484,703423644.85,338.4,334.1,339.2,334.25,335.9,335.0,2094299,336.0,336.0,,641133957.95,641133957.95,,0.0,3,SUR,-0.95,
TQBR,2023-01-27,Роснефть,ROSN,39206,487907830.8,334.9,333.4,337.8,337.35,335.95,336.95,1452416,335.75,335.75,,425824060.75,425824060.75,,0.0,3,SUR,0.58,
TQBR,2023-01-30,Роснефть,ROSN,37476,451601439.25,337.1,335.5,338.7,338.25,336.95,337.65,1340203,336.9,336.9,,409199058.15,409199058.15,,0.0,3,SUR,0.21,
TQBR,2023-01-31,Роснефть,ROSN,48742,714184789.9,337.1,337.1,340.9,340.65,340.0,340.75,2100646,339.9,339.9,,626254674.35,626254674.35,,0.0,3,SUR,0.92,
TQBR,2023-02-01,Роснефть,ROSN,44128,968086789.5,340.95,340.9,344.4,342.75,342.75,343.0,2824423,342.8,342.8,,898136384.1,898136384.1,,0.0,3,SUR,0.66,
TQBR,2023-02-02,Роснефть,ROSN,38000,576981035.35,344.3,341.45,344.95,341.95,343.5,342.1,1679683,343.7,343.7,,503590835.4,503590835.4,,0.0,3,SUR,-0.26,
TQBR,2023-02-03,Роснефть,ROSN,42768,571851007.55,342.0,339.0,343.75,342.75,341.4,341.85,1675134,341.25,341.25,,504371461.75,504371461.75,,0.0,3,SUR,-0.07,
TQBR,2023-02-06,Роснефть,ROSN,54189,1035628847.1,341.5,341.1,347.95,347.0,345.5,347.1,2997448,345.15,345.15,,858432297.1,858432297.1,,0.0,3,SUR,1.54,
TQBR,2023-02-07,Роснефть,ROSN,83192,1896253324.1,348.0,346.75,358.15,354.5,351.9,355.25,5389845,351.45,351.45,,1688014486.85,1688014486.85,,0.0,3,SUR,2.35,
TQBR,2023-02-08,Роснефть,ROSN,71859,1690269018.75,355.6,348.05,359.35,350.2,353.65,349.85,4779204,354.15,354.15,,1490434117.4,1490434117.4,,0.0,3,SUR,-1.52,
TQBR,2023-02-09,Роснефть,ROSN,44086,946060722.65,359.25,347.05,359.3,353.1,351.7,350.2,2690042,351.8,351.8,,854867819.0,854867819.0,,0.0,3,SUR,0.1,
TQBR,2023-02-10,Роснефть,ROSN,30680,567540293.25,349.1,347.3,351.8,351.8,350.25,351.0,1620455,350.15,350.15,,514831196.0,514831196.0,,0.0,3,SUR,0.23,
TQBR,2023-02-13,Роснефть,ROSN,33697,584499901.4,350.25,349.2,355.0,351.8,352.65,349.4,1657489,353.1,353.1,,466538823.05,466538823.05,,0.0,3,SUR,-0.46,
TQBR,2023-02-14,Роснефть,ROSN,68719,1106717651.55,349.9,343.5,350.4,347.75,346.35,344.2,3195263,346.45,346.45,,1012447613.8,1012447613.8,,0.0,3,SUR,-1.49,
TQBR,2023-02-15,Роснефть,ROSN,54112,1172119771.6,343.05,334.4,346.0,340.15,341.15,339.6,3436125,342.8,342.8,,782060046.35,782060046.35,,0.0,3,SUR,-1.34,
TQBR,2023-02-16,Роснефть,ROSN,30601,585861774.35,341.25,340.55,344.95,342.55,342.85,342.55,1708870,342.9,342.9,,553513016.25,553513016.25,,0.0,3,SUR,0.87,
TQBR,2023-02-17,Роснефть,ROSN,29980,615030029.0,341.2,339.4,346.8,345.0,344.3,345.1,1786186,344.3,344.3,,567276831.3,567276831.3,,0.0,3,SUR,0.74,
TQBR,2023-02-20,Роснефть,ROSN,39676,834245928.85,345.1,339.0,348.45,348.15,343.65,347.1,2427456,343.15,343.15,,713997544.4,713997544.4,,0.0,3,SUR,0.58,
TQBR,2023-02-21,Роснефть,ROSN,55022,1243056463.1,347.1,347.0,354.6,353.1,352.05,352.65,3530968,352.0,352.0,,1187922365.15,1187922365.15,,0.0,3,SUR,1.6,
TQBR,2023-02-22,Роснефть,ROSN,28942,566653365.95,352.65,349.4,354.65,353.4,352.1,353.75,1609305,351.95,351.95,,493607585.75,493607585.75,,0.0,3,SUR,0.31,
TQBR,2023-02-24,Роснефть,ROSN,19604,411131330.25,354.1,350.15,355.65,352.0,352.6,352.45,1165938,352.65,352.65,,359548556.35,359548556.35,,0.0,3,SUR,-0.37,
TQBR,2023-02-27,Роснефть,ROSN,69163,837142075.45,350.3,350.3,359.0,358.75,356.4,357.75,2348863,356.3,356.3,,759489992.85,759489992.85,,0.0,3,SUR,1.5,
TQBR,2023-02-28,Роснефть,ROSN,47970,937108818.4,357.75,356.35,361.35,357.9,358.85,358.4,2611622,358.9,358.9,,847515178.2,847515178.2,,0.0,3,SUR,0.18,
TQBR,2023-03-01,Роснефть,ROSN,43382,967409422.0,359.1,358.6,364.45,361.45,360.9,361.4,2680417,360.9,360.9,,911076633.9,911076633.9,,0.0,3,SUR,0.84,
TQBR,2023-03-02,Роснефть,ROSN,58461,1294982852.8,361.7,354.15,361.9,355.2,357.4,355.05,3623800,357.45,357.45,,1217099973.8,1217099973.8,,0.0,3,SUR,-1.76,
TQBR,2023-03-03,Роснефть,ROSN,31767,584899044.55,354.2,354.2,359.6,358.05,357.35,358.8,1636611,357.05,357.05,,475461745.6,475461745.6,,0.0,3,SUR,1.06,
TQBR,2023-03-06,Роснефть,ROSN,46459,902389638.2,361.9,359.8,365.95,365.75,363.45,365.35,2482957,363.3,363.3,,832157389.75,832157389.75,,0.0,3,SUR,1.83,
TQBR,2023-03-07,Роснефть,ROSN,32494,748443304.8,365.35,362.75,366.0,364.9,363.95,364.3,2056313,363.9,363.9,,652941165.3,652941165.3,,0.0,3,SUR,-0.29,
TQBR,2023-03-09,Роснефть,ROSN,36824,597129610.9,365.0,362.65,366.45,365.1,364.5,364.0,1638130,364.5,364.5,,533415704.45,533415704.45,,0.0,3,SUR,-0.08,
TQBR,2023-03-10,Роснефть,ROSN,39741,825593433.4,363.0,359.55,366.55,366.4,363.35,365.9,2272085,363.0,363.0,,706234097.5,706234097.5,,0.0,3,SUR,0.52,
TQBR,2023-03-13,Роснефть,ROSN,38110,1142238167.8,366.2,360.05,368.25,363.55,364.6,363.5,3132965,364.65,364.65,,1088517696.5,1088517696.5,,0.0,3,SUR,-0.66,
TQBR,2023-03-14,Роснефть,ROSN,30342,1024922414.3,362.4,362.0,371.0,366.95,365.65,364.55,2803166,365.65,365.65,,749751046.35,749751046.35,,0.0,3,SUR,0.29,
TQBR,2023-03-15,Роснефть,ROSN,66702,1310822238.8,365.0,355.5,367.9,358.15,360.2,357.95,3639368,360.7,360.7,,1125805357.65,1125805357.65,,0.0,3,SUR,-1.81,
TQBR,2023-03-16,Роснефть,ROSN,33939,787243202.6,356.25,353.2,359.5,357.2,356.5,359.2,2208146,356.2,356.2,,668709321.7,668709321.7,,0.0,3,SUR,0.35,
TQBR,2023-03-17,Роснефть,ROSN,86348,1620869939.05,360.3,357.25,366.0,365.0,364.0,365.2,4452974,363.95,363.95,,1515540360.55,1515540360.55,,0.0,3,SUR,1.67,
TQBR,2023-03-20,Роснефть,ROSN,79537,2530933673.2,366.3,364.65,380.0,377.4,373.85,377.4,6769923,373.2,373.2,,2195001852.15,2195001852.15,,0.0,3,SUR,3.34,
TQBR,2023-03-21,Роснефть,ROSN,79458,2467428822.4,379.5,367.65,384.7,374.0,376.5,371.8,6554295,377.2,377.2,,2150090900.75,2150090900.75,,0.0,3,SUR,-1.48,
TQBR,2023-03-22,Роснефть,ROSN,48867,1253723091.45,371.0,368.25,379.7,378.3,374.65,375.5,3346310,373.9,373.9,,998845106.0,998845106.0,,0.0,3,SUR,1.0,
TQBR,2023-03-23,Роснефть,ROSN,29957,655266494.3,375.7,371.8,378.05,374.55,375.05,374.45,1746571,375.2,375.2,,575445087.15,575445087.15,,0.0,3,SUR,-0.28,
TQBR,2023-03-24,Роснефть,ROSN,21065,462422187.05,375.1,373.4,378.0,376.3,375.65,377.25,1230966,375.3,375.3,,367394206.35,367394206.35,,0.0,3,SUR,0.75,
TQBR,2023-03-27,Роснефть,ROSN,44045,1118996484.95,378.95,377.65,384.95,384.0,382.1,383.25,2928598,381.75,381.75,,951582184.85,951582184.85,,0.0,3,SUR,1.59,
TQBR,2023-03-28,Роснефть,ROSN,35702,863613401.2,384.2,377.65,384.55,381.8,380.45,381.5,2270117,380.4,380.4,,821463299.65,821463299.65,,0.0,3,SUR,-0.46,
TQBR,2023-03-29,Роснефть,ROSN,43498,1220035155.0,383.0,378.15,386.65,385.45,384.05,385.45,3176687,383.95,383.95,,1131403311.35,1131403311.35,,0.0,3,SUR,1.04,
TQBR,2023-03-30,Роснефть,ROSN,32652,656396426.85,385.55,383.0,387.85,385.45,385.85,386.15,1701207,385.8,385.8,,593952365.1,593952365.1,,0.0,3,SUR,0.18,
TQBR,2023-03-31,Роснефть,ROSN,87305,1178874915.35,386.95,376.1,386.95,380.35,380.05,380.9,3101882,380.0,380.0,,1079858720.05,1079858720.05,,0.0,3,SUR,-1.36,
TQBR,2023-04-03,Роснефть,ROSN,88514,2501569094.75,393.8,388.1,396.0,389.0,391.7,390.9,6386926,391.75,391.75,,2351789994.7,2351789994.7,,0.0,3,SUR,2.63,
TQBR,2023-04-04,Роснефть,ROSN,41289,1271175388.6,391.9,387.25,394.1,390.0,391.65,390.0,3245886,392.2,392.2,,1066551522.4,1066551522.4,,0.0,3,SUR,-0.23,
TQBR,2023-04-05,Роснефть,ROSN,33719,1029102334.2,390.3,382.15,391.95,391.95,387.8,389.7,2653529,387.55,387.55,,916581372.15,916581372.15,,0.0,3,SUR,-0.08,
TQBR,2023-04-06,Роснефть,ROSN,38564,1042080514.8,390.0,388.6,393.4,389.2,391.5,389.8,2661881,391.7,391.7,,929173431.05,929173431.05,,0.0,3,SUR,0.03,
TQBR,2023-04-07,Роснефть,ROSN,35537,698723679.6,390.75,386.65,392.2,390.2,389.4,391.7,1794366,389.2,389.2,,578574371.05,578574371.05,,0.0,3,SUR,0.49,
TQBR,2023-04-10,Роснефть,ROSN,40256,990544612.05,391.75,391.2,395.45,394.25,393.65,393.5,2516249,393.65,393.65,,913878409.45,913878409.45,,0.0,3,SUR,0.46,
TQBR,2023-04-11,Роснефть,ROSN,45011,1351796607.4,395.0,385.1,397.45,388.4,391.75,388.35,3450707,392.0,392.0,,1260934928.0,1260934928.0,,0.0,3,SUR,-1.31,
TQBR,2023-04-12,Роснефть,ROSN,20961,578810521.4,388.5,388.1,391.9,390.3,390.3,390.9,1483006,390.2,390.2,,509348228.25,509348228.25,,0.0,3,SUR,0.66,
TQBR,2023-04-13,Роснефть,ROSN,18484,429843742.65,391.75,387.3,391.8,390.65,389.35,390.1,1103838,389.35,389.35,,395556210.9,395556210.9,,0.0,3,SUR,-0.2,
TQBR,2023-04-14,Роснефть,ROSN,28154,857112310.75,389.95,385.25,394.0,394.0,389.6,392.4,2199947,388.95,388.95,,711212352.25,711212352.25,,0.0,3,SUR,0.59,
TQBR,2023-04-17,Роснефть,ROSN,29791,823153403.75,395.0,392.6,395.95,395.85,395.0,395.85,2083987,394.95,394.95,,744659236.1,744659236.1,,0.0,3,SUR,0.88,
TQBR,2023-04-18,Роснефть,ROSN,30432,915129010.4,396.0,393.85,398.85,397.95,396.65,397.0,2307018,396.65,396.65,,839357001.1,839357001.1,,0.0,3,SUR,0.29,
TQBR,2023-04-19,Роснефть,ROSN,42407,1693173174.5,397.3,394.9,402.95,398.4,398.7,396.1,4246676,398.8,398.8,,1579095681.65,1579095681.65,,0.0,3,SUR,-0.23,
TQBR,2023-04-20,Роснефть,ROSN,36680,1351839216.25,395.75,390.05,399.0,397.85,394.9,396.5,3423777,394.6,394.6,,1240058315.5,1240058315.5,,0.0,3,SUR,0.1,
TQBR,2023-04-21,Роснефть,ROSN,20611,739782278.9,397.8,394.55,401.0,400.8,398.55,398.75,1856130,398.55,398.55,,643439995.95,643439995.95,,0.0,3,SUR,0.57,
TQBR,2023-04-24,Роснефть,ROSN,18864,587716640.0,398.0,396.8,400.95,399.1,399.6,400.4,1470849,399.55,399.55,,544846099.35,544846099.35,,0.0,3,SUR,0.41,
TQBR,2023-04-25,Роснефть,ROSN,19985,529170969.8,399.8,395.0,400.75,395.65,397.65,396.45,1330774,397.95,397.95,,443835440.35,443835440.35,,0.0,3,SUR,-0.99,
TQBR,2023-04-26,Роснефть,ROSN,19827,489541347.15,396.15,395.45,399.5,398.0,397.35,395.75,1231944,397.5,397.5,,428497378.65,428497378.65,,0.0,3,SUR,-0.18,
TQBR,2023-04-27,Роснефть,ROSN,16926,514370231.05,396.0,394.35,398.6,397.75,396.2,398.25,1298205,395.9,395.9,,408394422.9,408394422.9,,0.0,3,SUR,0.63,
TQBR,2023-04-28,Роснефть,ROSN,24827,849884782.55,398.9,393.3,399.75,395.0,395.2,393.8,2148857,395.6,395.6,,763931347.75,763931347.75,,0.0,3,SUR,-1.12,
TQBR,2023-05-02,Роснефть,ROSN,35000,1017407946.8,393.8,387.5,395.8,390.15,391.7,390.0,2596818,391.8,391.8,,919933460.1,919933460.1,,0.0,3,SUR,-0.96,
TQBR,2023-05-03,Роснефть,ROSN,43801,1125362417.25,390.0,377.05,390.15,381.1,384.15,378.0,2929961,385.5,385.5,,867531988.9,867531988.9,,0.0,3,SUR,-3.08,
TQBR,2023-05-04,Роснефть,ROSN,29491,726833768.35,378.45,376.0,382.1,379.0,378.25,379.95,1921550,378.25,378.25,,645785555.55,645785555.55,,0.0,3,SUR,0.52,
TQBR,2023-05-05,Роснефть,ROSN,29953,689255236.8,379.5,376.0,383.0,380.0,380.2,378.65,1812937,380.45,380.45,,587573955.8,587573955.8,,0.0,3,SUR,-0.34,
TQBR,2023-05-08,Роснефть,ROSN,10257,258054153.85,379.9,378.75,382.6,380.3,380.45,381.1,678275,380.3,380.3,,187584240.95,187584240.95,,0.0,3,SUR,0.65,
TQBR,2023-05-10,Роснефть,ROSN,34174,877393984.4,381.0,380.05,393.45,390.25,388.6,392.1,2258482,388.15,388.15,,799160203.55,799160203.55,,0.0,3,SUR,2.89,
TQBR,2023-05-11,Роснефть,ROSN,53070,1657217331.2,392.5,387.4,398.95,396.2,395.05,391.65,4194733,396.25,396.25,,1196357148.95,1196357148.95,,0.0,3,SUR,-0.11,
TQBR,2023-05-12,Роснефть,ROSN,45764,980009313.7,391.8,390.7,398.95,394.6,395.3,398.95,2479086,394.95,394.95,,812189286.4,812189286.4,,0.0,3,SUR,1.86,
TQBR,2023-05-15,Роснефть,ROSN,60080,1986968218.6,399.0,397.15,409.0,405.45,403.1,407.85,4928073,402.35,402.35,,1664206578.85,1664206578.85,,0.0,3,SUR,2.23,
TQBR,2023-05-16,Роснефть,ROSN,48104,1260261130.15,409.0,405.25,413.8,410.1,409.5,410.75,3077580,409.35,409.35,,1147254984.25,1147254984.25,,0.0,3,SUR,0.71,
TQBR,2023-05-17,Роснефть,ROSN,39387,1185508447.4,410.75,406.05,418.95,409.15,411.55,414.8,2880527,408.5,408.5,,614473498.85,614473498.85,,0.0,3,SUR,0.99,
TQBR,2023-05-18,Роснефть,ROSN,37694,1163424551.25,416.0,411.25,417.0,413.2,415.3,414.1,2801715,415.4,415.4,,972619188.8,972619188.8,,0.0,3,SUR,-0.17,
TQBR,2023-05-19,Роснефть,ROSN,35808,984209524.1,414.25,410.15,415.95,413.05,413.4,413.65,2380757,413.45,413.45,,906551365.6,906551365.6,,0.0,3,SUR,-0.11,
TQBR,2023-05-22,Роснефть,ROSN,49813,1774876466.1,417.0,414.2,428.35,424.9,420.45,424.5,4221302,418.45,418.45,,1235910171.2,1235910171.2,,0.0,3,SUR,2.62,
TQBR,2023-05-23,Роснефть,ROSN,37474,1294807884.1,425.15,419.4,427.85,425.0,423.45,424.8,3057676,423.2,423.2,,1102822852.55,1102822852.55,,0.0,3,SUR,0.07,
TQBR,2023-05-24,Роснефть,ROSN,68348,2351110846.25,425.1,422.9,440.0,428.2,430.95,436.0,5455339,427.85,427.85,,1364974108.8,1364974108.8,,0.0,3,SUR,2.64,
TQBR,2023-05-25,Роснефть,ROSN,67762,2256806056.65,437.85,428.55,438.7,432.55,432.65,430.15,5216165,432.75,432.75,,2061355822.15,2061355822.15,,0.0,3,SUR,-1.34,
TQBR,2023-05-26,Роснефть,ROSN,44101,1389582650.15,428.85,425.3,434.65,433.5,430.75,432.9,3227713,430.15,430.15,,1150137452.0,1150137452.0,,0.0,3,SUR,0.64,
TQBR,2023-05-29,Роснефть,ROSN,49006,1888653481.0,435.85,435.0,441.7,439.55,438.8,440.45,4304091,438.7,438.7,,1696272458.2,1696272458.2,,0.0,3,SUR,1.74,
TQBR,2023-05-30,Роснефть,ROSN,59418,2666332800.8,438.0,431.0,444.5,435.9,438.25,434.5,6084172,438.45,438.45,,2528882805.95,2528882805.95,,0.0,3,SUR,-1.35,
TQBR,2023-05-31,Роснефть,ROSN,88417,4293409030.85,432.75,431.3,451.75,447.15,443.65,450.1,9676896,442.65,442.65,,3626969612.45,3626969612.45,,0.0,3,SUR,3.59,
TQBR,2023-06-01,Роснефть,ROSN,58652,2562854484.95,452.0,448.0,458.85,453.0,454.5,451.5,5638696,455.05,455.05,,2185962758.45,2185962758.45,,0.0,3,SUR,0.31,
TQBR,2023-06-02,Роснефть,ROSN,43555,1486975823.0,453.5,452.3,459.0,455.4,455.35,458.95,3265472,454.95,454.95,,1237646153.55,1237646153.55,,0.0,3,SUR,1.65,
TQBR,2023-06-05,Роснефть,ROSN,80752,3345887834.5,466.5,454.5,472.45,462.0,465.2,458.6,7192545,466.4,466.4,,2854356857.8,2854356857.8,,0.0,3,SUR,-0.08,
TQBR,2023-06-06,Роснефть,ROSN,50811,1806082242.05,457.35,449.25,464.9,458.5,454.85,462.1,3970344,453.75,453.75,,1534162273.4,1534162273.4,,0.0,3,SUR,0.76,
TQBR,2023-06-07,Роснефть,ROSN,40828,1495074669.85,462.15,455.8,467.95,464.75,463.0,459.85,3229091,463.85,463.85,,1175442287.2,1175442287.2,,0.0,3,SUR,-0.49,
TQBR,2023-06-08,Роснефть,ROSN,33416,807753717.9,460.0,456.0,463.8,459.25,459.9,458.15,1756416,460.0,460.0,,744493549.65,744493549.65,,0.0,3,SUR,-0.37,
TQBR,2023-06-09,Роснефть,ROSN,32194,1277071840.3,459.0,456.75,464.25,463.9,460.8,463.5,2771319,460.5,460.5,,1113469958.05,1113469958.05,,0.0,3,SUR,1.17,
TQBR,2023-06-13,Роснефть,ROSN,82613,2828425354.7,465.5,464.7,480.0,477.4,474.55,479.85,5960065,473.95,473.95,,2484328998.4,2484328998.4,,0.0,3,SUR,3.53,
TQBR,2023-06-14,Роснефть,ROSN,54127,1833952355.8,482.0,475.2,482.85,476.0,478.7,478.4,3831121,478.8,478.8,,1674073591.9,1674073591.9,,0.0,3,SUR,-0.3,
TQBR,2023-06-15,Роснефть,ROSN,53706,2010863846.65,479.2,475.5,482.0,478.25,478.85,481.75,4199476,478.65,478.65,,1722560022.15,1722560022.15,,0.0,3,SUR,0.7,
TQBR,2023-06-16,Роснефть,ROSN,36067,1114844878.9,482.2,477.3,483.7,482.0,480.3,480.4,2320968,480.15,480.15,,918403346.45,918403346.45,,0.0,3,SUR,-0.28,
TQBR,2023-06-19,Роснефть,ROSN,53167,1909208748.05,482.5,478.0,486.4,486.0,482.75,485.85,3952683,482.9,482.9,,1757875664.3,1757875664.3,,0.0,3,SUR,1.13,
TQBR,2023-06-20,Роснефть,ROSN,55090,1835861975.65,487.0,475.65,489.65,482.5,483.75,483.4,3794972,483.8,483.8,,1754298599.2,1754298599.2,,0.0,3,SUR,-0.5,
TQBR,2023-06-21,Роснефть,ROSN,40651,969080162.5,481.9,478.8,485.7,481.2,481.9,481.35,2010884,481.95,481.95,,886910526.85,886910526.85,,0.0,3,SUR,-0.42,
TQBR,2023-06-22,Роснефть,ROSN,39867,1105743057.6,481.5,470.55,482.95,480.25,478.4,475.45,2311440,479.65,479.65,,702425665.85,702425665.85,,0.0,3,SUR,-1.23,
TQBR,2023-06-23,Роснефть,ROSN,59039,2385147811.55,474.35,466.1,481.0,479.95,471.65,467.55,5057130,472.1,472.1,,1347985548.0,1347985548.0,,0.0,3,SUR,-1.66,
TQBR,2023-06-26,Роснефть,ROSN,48932,1819813153.45,470.1,463.95,479.35,475.0,473.0,474.4,3847536,474.2,474.2,,1174179906.4,1174179906.4,,0.0,3,SUR,1.47,
TQBR,2023-06-27,Роснефть,ROSN,34564,1498034868.35,476.15,470.45,480.0,477.3,476.8,475.85,3141927,477.2,477.2,,1177407055.25,1177407055.25,,0.0,3,SUR,0.31,
TQBR,2023-06-28,Роснефть,ROSN,26439,872382055.5,476.15,474.15,478.95,478.45,476.45,477.05,1830959,476.5,476.5,,741018675.65,741018675.65,,0.0,3,SUR,0.25,
TQBR,2023-06-29,Роснефть,ROSN,36121,1619959253.45,477.15,477.0,483.8,481.15,481.95,482.1,3361222,482.0,482.0,,1503851966.85,1503851966.85,,0.0,3,SUR,1.06,
TQBR,2023-06-30,Роснефть,ROSN,27766,842499462.5,482.7,480.7,484.5,483.8,482.4,482.35,1746703,482.3,482.3,,739878192.4,739878192.4,,0.0,3,SUR,0.05,
TQBR,2023-07-03,Роснефть,ROSN,41722,1237672789.55,483.6,476.55,484.5,476.55,481.4,478.05,2570970,482.2,482.2,,1018043783.25,1018043783.25,,0.0,3,SUR,-0.89,
TQBR,2023-07-04,Роснефть,ROSN,36557,1346060532.1,478.1,467.6,479.15,476.35,475.0,473.4,2833902,475.15,475.15,,1145046311.65,1145046311.65,,0.0,3,SUR,-0.97,
TQBR,2023-07-05,Роснефть,ROSN,31388,1211438054.3,474.25,472.25,478.5,472.25,475.25,473.9,2549027,475.55,475.55,,1054593544.35,1054593544.35,,0.0,3,SUR,0.11,
TQBR,2023-07-06,Роснефть,ROSN,49032,1622735264.25,473.35,473.35,480.0,478.35,476.95,476.75,3402404,476.95,476.95,,1467399713.6,1467399713.6,,0.0,3,SUR,0.6,
TQBR,2023-07-07,Роснефть,ROSN,45467,1938775134.6,475.55,474.5,482.95,482.1,479.75,482.4,4041779,479.05,479.05,,1473328214.6,1473328214.6,,0.0,3,SUR,1.19,
TQBR,2023-07-10,Роснефть,ROSN,66049,2186484547.0,470.0,470.0,477.95,475.5,475.15,477.45,4601696,474.9,474.9,,1949331068.7,1949331068.7,,0.0,3,SUR,-1.03,
TQBR,2023-07-11,Роснефть,ROSN,26557,694730517.4,477.5,475.75,479.45,476.9,477.4,478.8,1455224,477.1,477.1,,548482616.5,548482616.5,,0.0,3,SUR,0.28,
TQBR,2023-07-12,Роснефть,ROSN,61854,2389475792.35,477.5,477.5,487.85,485.1,484.35,487.05,4933142,484.2,484.2,,1994939217.95,1994939217.95,,0.0,3,SUR,1.72,
TQBR,2023-07-13,Роснефть,ROSN,68624,2195376607.45,489.25,482.3,495.8,485.5,488.7,488.4,4492073,488.8,488.8,,2063828224.85,2063828224.85,,0.0,3,SUR,0.28,
TQBR,2023-07-14,Роснефть,ROSN,31162,926030121.0,487.25,484.3,489.95,487.7,487.65,487.65,1898938,487.65,487.65,,788961024.75,788961024.75,,0.0,3,SUR,-0.15,
TQBR,2023-07-17,Роснефть,ROSN,46547,1442556870.65,485.95,484.0,491.8,488.9,488.5,489.3,2952898,488.4,488.4,,1318580671.9,1318580671.9,,0.0,3,SUR,0.34,
TQBR,2023-07-18,Роснефть,ROSN,35089,1177434841.55,489.3,488.6,492.6,492.5,490.75,490.15,2398976,490.85,490.85,,991169208.35,991169208.35,,0.0,3,SUR,0.17,
TQBR,2023-07-19,Роснефть,ROSN,39138,1253782285.8,490.95,482.55,492.05,487.65,487.25,485.95,2572971,487.35,487.35,,1145916937.8,1145916937.8,,0.0,3,SUR,-0.86,
TQBR,2023-07-20,Роснефть,ROSN,51609,1396852077.6,485.95,475.0,487.0,480.2,481.4,475.1,2903286,482.7,482.7,,1031761439.25,1031761439.25,,0.0,3,SUR,-2.23,
TQBR,2023-07-21,Роснефть,ROSN,35565,1359063915.0,475.5,475.35,483.95,482.8,480.45,483.2,2828016,480.2,480.2,,1150447769.8,1150447769.8,,0.0,3,SUR,1.7,
TQBR,2023-07-24,Роснефть,ROSN,34340,799107857.4,483.2,480.0,484.5,480.15,481.9,481.6,1657519,482.2,482.2,,652256725.0,652256725.0,,0.0,3,SUR,-0.33,
TQBR,2023-07-25,Роснефть,ROSN,40751,1576970113.2,482.55,481.45,492.2,485.7,486.8,489.15,3238712,485.4,485.4,,962598531.95,962598531.95,,0.0,3,SUR,1.57,
TQBR,2023-07-26,Роснефть,ROSN,34639,1005481427.4,488.95,486.15,491.3,487.75,488.75,486.9,2057160,488.9,488.9,,925529681.3,925529681.3,,0.0,3,SUR,-0.46,
TQBR,2023-07-27,Роснефть,ROSN,42173,1150347839.2,487.5,487.5,494.95,494.95,491.2,493.75,2341860,490.75,490.75,,972845404.8,972845404.8,,0.0,3,SUR,1.41,
TQBR,2023-07-28,Роснефть,ROSN,56754,1954826249.95,493.8,492.4,501.0,498.9,498.05,500.65,3925034,497.7,497.7,,1712705333.7,1712705333.7,,0.0,3,SUR,1.4,
TQBR,2023-07-31,Роснефть,ROSN,59089,1959003446.6,502.65,502.1,510.0,510.0,506.35,508.75,3868807,506.1,506.1,,1750170735.6,1750170735.6,,0.0,3,SUR,1.62,
TQBR,2023-08-01,Роснефть,ROSN,77706,2636234404.0,510.0,502.6,518.7,513.25,510.75,516.7,5161679,510.05,510.05,,2336111801.75,2336111801.75,,0.0,3,SUR,1.56,
TQBR,2023-08-02,Роснефть,ROSN,70111,2367756087.4,517.5,512.05,523.8,518.5,519.25,522.95,4559768,519.15,519.15,,2136751926.65,2136751926.65,,0.0,3,SUR,1.21,
TQBR,2023-08-03,Роснефть,ROSN,50722,1659813751.45,522.75,518.6,528.95,526.7,524.2,526.7,3166505,523.9,523.9,,1509117268.2,1509117268.2,,0.0,3,SUR,0.72,
TQBR,2023-08-04,Роснефть,ROSN,89180,3456814826.4,527.6,511.5,539.15,520.65,528.05,521.95,6546405,529.3,529.3,,3014799079.15,3014799079.15,,0.0,3,SUR,-0.9,
TQBR,2023-08-07,Роснефть,ROSN,92012,3436408140.0,526.0,518.2,540.8,526.0,532.8,524.6,6451666,534.3,534.3,,2928473424.85,2928473424.85,,0.0,3,SUR,0.51,
TQBR,2023-08-08,Роснефть,ROSN,46542,1492861162.8,523.8,517.55,528.4,523.2,521.15,527.9,2864033,520.6,520.6,,1331677884.4,1331677884.4,,0.0,3,SUR,0.63,
TQBR,2023-08-09,Роснефть,ROSN,40288,1447980636.35,529.0,525.3,533.95,529.05,530.5,533.2,2729513,530.35,530.35,,1307324705.2,1307324705.2,,0.0,3,SUR,1.0,
TQBR,2023-08-10,Роснефть,ROSN,38809,1146692413.4,534.4,532.5,537.9,534.1,535.25,535.2,2142296,535.35,535.35,,1024480802.05,1024480802.05,,0.0,3,SUR,0.38,
TQBR,2023-08-11,Роснефть,ROSN,81979,3181969176.65,536.15,530.15,549.6,546.6,541.0,549.0,5881485,539.85,539.85,,2738395186.25,2738395186.25,,0.0,3,SUR,2.58,
TQBR,2023-08-14,Роснефть,ROSN,131713,5740528756.45,551.0,536.6,565.0,547.35,553.9,539.75,10364274,556.55,556.55,,4747550400.55,4747550400.55,,0.0,3,SUR,-1.68,
TQBR,2023-08-15,Роснефть,ROSN,100891,4687022368.4,537.05,531.0,560.85,550.2,550.35,546.3,8516492,550.55,550.55,,4255494892.35,4255494892.35,,0.0,3,SUR,1.21,
TQBR,2023-08-16,Роснефть,ROSN,88223,3340090043.4,546.3,523.7,550.8,532.5,535.35,532.95,6239315,535.45,535.45,,3125100244.6,3125100244.6,,0.0,3,SUR,-2.44,
TQBR,2023-08-17,Роснефть,ROSN,54190,2490103233.85,539.0,532.0,544.9,539.9,538.9,544.45,4620505,538.1,538.1,,2098925555.95,2098925555.95,,0.0,3,SUR,2.16,
TQBR,2023-08-18,Роснефть,ROSN,40226,1406003452.55,544.0,540.15,548.65,547.0,544.25,548.2,2583363,543.4,543.4,,1110448797.0,1110448797.0,,0.0,3,SUR,0.69,
TQBR,2023-08-21,Роснефть,ROSN,43437,1212256069.35,549.0,545.05,553.0,545.5,548.45,547.45,2210109,548.75,548.75,,1083336577.3,1083336577.3,,0.0,3,SUR,-0.14,
TQBR,2023-08-22,Роснефть,ROSN,38125,1399359506.1,548.0,542.3,550.45,547.7,546.5,549.5,2560556,546.1,546.1,,1201122322.25,1201122322.25,,0.0,3,SUR,0.37,
TQBR,2023-08-23,Роснефть,ROSN,68181,2451466666.7,549.55,529.55,551.0,542.95,540.5,534.5,4535376,542.55,542.55,,1769612425.1,1769612425.1,,0.0,3,SUR,-2.73,
TQBR,2023-08-24,Роснефть,ROSN,32019,1052018135.05,537.0,533.35,541.5,537.85,537.1,539.8,1958712,536.5,536.5,,873960257.8,873960257.8,,0.0,3,SUR,0.99,
TQBR,2023-08-25,Роснефть,ROSN,28167,832913234.2,541.0,536.2,541.5,539.5,538.5,538.85,1546465,538.6,538.6,,713720231.2,713720231.2,,0.0,3,SUR,-0.18,
TQBR,2023-08-28,Роснефть,ROSN,43264,1479843016.25,540.05,537.5,546.0,542.5,541.25,545.55,2733712,540.75,540.75,,1230549385.05,1230549385.05,,0.0,3,SUR,1.24,
TQBR,2023-08-29,Роснефть,ROSN,65842,2399174029.15,545.35,539.05,559.3,540.0,544.95,558.3,4401756,542.75,542.75,,1557339281.9,1557339281.9,,0.0,3,SUR,2.34,
TQBR,2023-08-30,Роснефть,ROSN,72654,3430907750.75,562.0,550.65,564.4,554.95,556.25,556.9,6167526,555.95,555.95,,2945669079.85,2945669079.85,,0.0,3,SUR,-0.25,
TQBR,2023-08-31,Роснефть,ROSN,37766,1435196378.95,557.1,553.55,558.45,556.8,556.5,556.15,2579148,556.45,556.45,,1331431116.35,1331431116.35,,0.0,3,SUR,-0.13,
TQBR,2023-09-01,Роснефть,ROSN,38192,1477912773.5,556.5,553.05,559.65,558.9,556.95,559.15,2653686,556.6,556.6,,1189270013.55,1189270013.55,,0.0,3,SUR,0.54,
TQBR,2023-09-04,Роснефть,ROSN,59972,2372704940.05,559.95,559.9,568.8,566.85,565.65,567.25,4194716,565.5,565.5,,2136220224.35,2136220224.35,,0.0,3,SUR,1.45,
TQBR,2023-09-05,Роснефть,ROSN,77071,3660490300.85,568.0,565.05,575.75,572.55,571.35,574.4,6406793,571.05,571.05,,3340182150.35,3340182150.35,,0.0,3,SUR,1.26,
TQBR,2023-09-06,Роснефть,ROSN,51439,2765034702.65,574.5,570.15,582.25,578.05,577.95,578.8,4784201,577.8,577.8,,2536387672.65,2536387672.65,,0.0,3,SUR,0.77,
TQBR,2023-09-07,Роснефть,ROSN,82830,4013184354.4,578.8,555.25,584.0,566.8,571.9,564.6,7017316,572.3,572.3,,3724856229.0,3724856229.0,,0.0,3,SUR,-2.45,
TQBR,2023-09-08,Роснефть,ROSN,50484,1820941441.7,564.5,552.6,567.45,559.0,558.3,557.95,3261457,558.4,558.4,,1691041885.45,1691041885.45,,0.0,3,SUR,-1.18,
TQBR,2023-09-11,Роснефть,ROSN,63329,2307775208.8,557.5,542.05,558.25,553.5,551.15,549.1,4187326,551.15,551.15,,2084691672.35,2084691672.35,,0.0,3,SUR,-1.59,
TQBR,2023-09-12,Роснефть,ROSN,40850,1704021502.7,551.9,551.7,562.8,557.0,556.35,562.0,3062266,555.6,555.6,,1326859278.25,1326859278.25,,0.0,3,SUR,2.35,
TQBR,2023-09-13,Роснефть,ROSN,33983,1009189058.85,563.4,553.0,563.45,556.4,558.15,555.15,1808550,558.3,558.3,,914286395.95,914286395.95,,0.0,3,SUR,-1.22,
TQBR,2023-09-14,Роснефть,ROSN,43201,1842276190.95,555.15,541.2,559.0,558.5,551.2,556.3,3342450,550.8,550.8,,1713457305.2,1713457305.2,,0.0,3,SUR,0.21,
TQBR,2023-09-15,Роснефть,ROSN,52367,1805465925.25,556.55,551.7,563.0,562.0,558.15,562.8,3234739,557.65,557.65,,1613029780.05,1613029780.05,,0.0,3,SUR,1.17,
TQBR,2023-09-18,Роснефть,ROSN,47385,1609645125.75,565.0,556.1,570.9,560.8,564.55,557.1,2851153,565.85,565.85,,1353238294.6,1353238294.6,,0.0,3,SUR,-1.01,
TQBR,2023-09-19,Роснефть,ROSN,67892,2027324032.75,558.6,542.95,559.95,551.05,550.05,544.0,3686091,550.5,550.5,,1770318593.8,1770318593.8,,0.0,3,SUR,-2.35,
TQBR,2023-09-20,Роснефть,ROSN,87263,5291148457.85,544.0,527.35,549.7,531.5,538.6,529.35,9824200,539.95,539.95,,4575970710.45,4575970710.45,,0.0,3,SUR,-2.69,
TQBR,2023-09-21,Роснефть,ROSN,156970,7798863472.4,528.0,504.2,528.0,510.75,516.85,508.0,15090715,517.65,517.65,,6934045660.7,6934045660.7,,0.0,3,SUR,-4.03,
TQBR,2023-09-22,Роснефть,ROSN,225370,5913166159.45,510.0,497.75,515.8,510.0,509.9,513.9,11597068,509.65,509.65,,5514970129.95,5514970129.95,,0.0,3,SUR,1.16,
TQBR,2023-09-25,Роснефть,ROSN,103545,3004433277.2,513.9,510.0,523.0,522.15,518.05,520.65,5799688,517.8,517.8,,2780024836.75,2780024836.75,,0.0,3,SUR,1.31,
TQBR,2023-09-26,Роснефть,ROSN,55319,2154283394.95,518.95,508.15,519.9,517.4,514.4,517.85,4187848,514.1,514.1,,1991695388.1,1991695388.1,,0.0,3,SUR,-0.54,
TQBR,2023-09-27,Роснефть,ROSN,71148,2639358280.45,520.3,519.4,531.25,526.55,527.4,529.95,5004800,527.2,527.2,,2394107813.45,2394107813.45,,0.0,3,SUR,2.34,
TQBR,2023-09-28,Роснефть,ROSN,67885,2113440363.1,531.4,530.5,537.0,535.5,534.2,535.7,3956580,534.1,534.1,,1969383435.25,1969383435.25,,0.0,3,SUR,1.09,
TQBR,2023-09-29,Роснефть,ROSN,61604,1708622247.9,536.0,532.3,539.4,537.5,536.1,537.0,3187176,535.95,535.95,,1507585467.3,1507585467.3,,0.0,3,SUR,0.24,
TQBR,2023-10-02,Роснефть,ROSN,57915,2188356436.7,538.5,534.55,544.35,535.4,539.9,535.55,4053827,540.4,540.4,,1948572808.95,1948572808.95,,0.0,3,SUR,-0.27,
TQBR,2023-10-03,Роснефть,ROSN,95563,1705786876.65,534.65,526.9,540.65,538.0,532.55,538.9,3202852,531.6,531.6,,1478041886.35,1478041886.35,,0.0,3,SUR,0.63,
TQBR,2023-10-04,Роснефть,ROSN,49399,1857746041.45,538.2,533.6,543.25,543.15,540.3,533.95,3438309,540.95,540.95,,1461621283.55,1461621283.55,,0.0,3,SUR,-0.92,
TQBR,2023-10-05,Роснефть,ROSN,65640,1337052940.2,536.0,530.3,539.6,537.1,535.2,534.7,2498335,535.85,535.85,,977245229.35,977245229.35,,0.0,3,SUR,0.14,
TQBR,2023-10-06,Роснефть,ROSN,65987,1576214021.3,534.5,530.0,537.65,533.5,532.3,534.2,2961059,532.1,532.1,,1361957152.35,1361957152.35,,0.0,3,SUR,-0.09,
TQBR,2023-10-09,Роснефть,ROSN,101283,3814159626.8,541.1,538.6,553.2,552.65,547.35,552.5,6967992,546.85,546.85,,3334186117.95,3334186117.95,,0.0,3,SUR,3.43,
TQBR,2023-10-10,Роснефть,ROSN,46038,1621388330.95,552.0,547.05,554.5,549.0,550.25,549.0,2946699,550.4,550.4,,1453266750.45,1453266750.45,,0.0,3,SUR,-0.63,
TQBR,2023-10-11,Роснефть,ROSN,95459,3520102445.9,549.5,537.3,559.65,554.0,552.15,540.35,6376794,555.7,555.7,,2252852882.0,2252852882.0,,0.0,3,SUR,-1.58,
TQBR,2023-10-12,Роснефть,ROSN,51143,2213190130.15,538.4,535.0,548.7,548.35,544.2,546.05,4066793,544.05,544.05,,2072511808.9,2072511808.9,,0.0,3,SUR,1.05,
TQBR,2023-10-13,Роснефть,ROSN,62973,2757295325.25,546.65,545.4,562.0,554.35,554.3,561.85,4973328,553.2,553.2,,2175557449.15,2175557449.15,,0.0,3,SUR,2.89,
TQBR,2023-10-16,Роснефть,ROSN,131542,2870296632.05,564.0,561.05,569.95,564.4,565.35,568.65,5076954,565.05,565.05,,2475003865.2,2475003865.2,,0.0,3,SUR,1.21,
TQBR,2023-10-17,Роснефть,ROSN,71659,2444282984.0,568.85,563.15,574.5,567.9,569.0,573.05,4295747,568.45,568.45,,1924216322.8,1924216322.8,,0.0,3,SUR,0.77,
TQBR,2023-10-18,Роснефть,ROSN,97562,5654468781.55,574.95,573.55,589.9,580.05,582.5,586.8,9706146,582.35,582.35,,5009470626.1,5009470626.1,,0.0,3,SUR,2.4,
TQBR,2023-10-19,Роснефть,ROSN,67036,3502188938.8,586.0,580.55,596.25,583.4,587.15,595.25,5963953,584.65,584.65,,2200135302.6,2200135302.6,,0.0,3,SUR,1.44,
TQBR,2023-10-20,Роснефть,ROSN,87678,4710477105.75,596.0,586.7,605.25,603.05,596.4,602.9,7898736,594.8,594.8,,3707767073.25,3707767073.25,,0.0,3,SUR,1.29,
TQBR,2023-10-23,Роснефть,ROSN,75290,3590768347.8,600.1,590.35,607.8,595.5,598.45,593.3,6000105,599.1,599.1,,3149387964.7,3149387964.7,,0.0,3,SUR,-1.59,
TQBR,2023-10-24,Роснефть,ROSN,63732,2276856956.8,593.0,584.5,593.2,587.4,588.35,586.2,3869764,588.6,588.6,,2052043775.1,2052043775.1,,0.0,3,SUR,-1.2,
TQBR,2023-10-25,Роснефть,ROSN,57241,2485181757.9,585.0,580.7,593.4,585.5,585.7,590.5,4242769,583.3,583.3,,1682110813.9,1682110813.9,,0.0,3,SUR,0.73,
TQBR,2023-10-26,Роснефть,ROSN,45920,2046719834.9,590.5,582.65,594.5,584.3,588.55,583.0,3477671,589.2,589.2,,1758080724.6,1758080724.6,,0.0,3,SUR,-1.27,
TQBR,2023-10-27,Роснефть,ROSN,69414,4009334593.95,584.5,576.0,597.95,586.2,586.35,594.6,6836907,583.5,583.5,,2849274088.55,2849274088.55,,0.0,3,SUR,1.99,
TQBR,2023-10-30,Роснефть,ROSN,45685,1666942986.75,593.25,586.15,593.25,589.3,589.8,587.2,2826259,590.1,590.1,,1457816347.15,1457816347.15,,0.0,3,SUR,-1.24,
TQBR,2023-10-31,Роснефть,ROSN,59947,2759751537.1,586.0,571.4,588.4,580.0,578.3,574.55,4771075,578.95,578.95,,2361394336.9,2361394336.9,,0.0,3,SUR,-2.15,
TQBR,2023-11-01,Роснефть,ROSN,57089,2394469213.35,574.0,573.7,586.3,582.45,580.35,579.5,4126340,581.25,581.25,,1670028459.05,1670028459.05,,0.0,3,SUR,0.86,
TQBR,2023-11-02,Роснефть,ROSN,63252,2006862397.85,581.3,580.75,589.75,582.05,584.6,586.25,3432312,584.6,584.6,,1638513580.2,1638513580.2,,0.0,3,SUR,1.16,
TQBR,2023-11-03,Роснефть,ROSN,62941,2153991782.0,588.4,577.8,590.0,582.7,583.2,581.5,3693322,583.55,583.55,,1867162254.05,1867162254.05,,0.0,3,SUR,-0.81,
TQBR,2023-11-06,Роснефть,ROSN,42950,1108361892.1,582.5,580.6,589.0,587.4,585.35,588.95,1893451,584.55,584.55,,849350276.65,849350276.65,,0.0,3,SUR,1.28,
TQBR,2023-11-07,Роснефть,ROSN,35374,1296917710.2,588.6,583.6,589.0,587.4,586.3,583.95,2211960,586.65,586.65,,1023468399.45,1023468399.45,,0.0,3,SUR,-0.85,
TQBR,2023-11-08,Роснефть,ROSN,42718,1352334243.0,583.95,581.05,587.85,584.45,583.9,581.65,2315948,584.3,584.3,,1112533147.05,1112533147.05,,0.0,3,SUR,-0.39,
TQBR,2023-11-09,Роснефть,ROSN,51923,1963083181.85,581.4,576.0,587.55,584.65,581.85,583.1,3373607,580.55,580.55,,1391195186.1,1391195186.1,,0.0,3,SUR,0.25,
TQBR,2023-11-10,Роснефть,ROSN,111121,5715316733.2,583.4,583.0,601.45,600.4,595.25,598.3,9601177,594.95,594.95,,5154100267.15,5154100267.15,,0.0,3,SUR,2.61,
TQBR,2023-11-13,Роснефть,ROSN,61274,2581323322.8,600.0,593.75,601.85,601.7,597.85,598.3,4317581,597.9,597.9,,2194077643.65,2194077643.65,,0.0,3,SUR,0.0,
TQBR,2023-11-14,Роснефть,ROSN,53941,2755174966.6,597.8,581.35,598.95,595.0,592.05,591.3,4653735,592.1,592.1,,2464609147.55,2464609147.55,,0.0,3,SUR,-1.17,
TQBR,2023-11-15,Роснефть,ROSN,77412,3083702965.85,589.9,580.1,590.7,589.55,585.35,585.0,5268513,585.2,585.2,,2779845732.85,2779845732.85,,0.0,3,SUR,-1.07,
TQBR,2023-11-16,Роснефть,ROSN,63303,2078816286.1,583.5,570.35,587.0,581.55,580.8,572.75,3579808,582.6,582.6,,1470875944.65,1470875944.65,,0.0,3,SUR,-2.09,
TQBR,2023-11-17,Роснефть,ROSN,62463,2784589961.25,572.55,568.55,583.4,582.4,576.2,583.3,4832114,575.7,575.7,,2500342244.95,2500342244.95,,0.0,3,SUR,1.84,
TQBR,2023-11-20,Роснефть,ROSN,46097,1272556850.1,584.5,579.85,586.15,583.8,582.8,581.5,2183257,583.05,583.05,,1107093414.25,1107093414.25,,0.0,3,SUR,-0.31,
TQBR,2023-11-21,Роснефть,ROSN,39625,1227484803.45,581.0,576.4,584.6,584.6,580.15,583.4,2115754,579.8,579.8,,1060780019.55,1060780019.55,,0.0,3,SUR,0.33,
TQBR,2023-11-22,Роснефть,ROSN,40459,1586809482.8,582.75,580.05,586.6,581.5,582.95,581.75,2722059,583.15,583.15,,1398716507.95,1398716507.95,,0.0,3,SUR,-0.28,
TQBR,2023-11-23,Роснефть,ROSN,24120,754233510.15,581.6,580.0,582.7,581.25,581.05,580.8,1298090,581.05,581.05,,598877073.5,598877073.5,,0.0,3,SUR,-0.16,
TQBR,2023-11-24,Роснефть,ROSN,49499,1993744001.3,581.2,571.5,584.5,579.1,577.85,578.85,3449893,577.9,577.9,,1847371157.65,1847371157.65,,0.0,3,SUR,-0.34,
TQBR,2023-11-27,Роснефть,ROSN,50054,1582817902.85,578.2,574.5,583.85,578.0,579.4,578.0,2731793,579.55,579.55,,1460720134.5,1460720134.5,,0.0,3,SUR,-0.15,
TQBR,2023-11-28,Роснефть,ROSN,54505,1993811206.9,576.0,573.0,589.9,586.0,581.1,589.9,3429134,579.75,579.75,,1541427941.0,1541427941.0,,0.0,3,SUR,2.06,
TQBR,2023-11-29,Роснефть,ROSN,40584,2102096536.8,589.9,583.45,594.0,586.25,588.5,593.45,3570342,587.85,587.85,,1519591445.95,1519591445.95,,0.0,3,SUR,0.6,
TQBR,2023-11-30,Роснефть,ROSN,66289,3316585835.6,598.0,582.05,598.0,586.85,587.35,584.3,5645836,587.75,587.75,,2976962251.5,2976962251.5,,0.0,3,SUR,-1.54,
TQBR,2023-12-01,Роснефть,ROSN,55230,1523720933.0,583.5,574.05,584.05,581.1,580.4,575.15,2625750,581.05,581.05,,1224194681.55,1224194681.55,,0.0,3,SUR,-1.57,
TQBR,2023-12-04,Роснефть,ROSN,58740,1928101400.85,573.85,562.15,574.9,570.25,569.55,565.0,3385782,570.3,570.3,,1612515123.45,1612515123.45,,0.0,3,SUR,-1.76,
TQBR,2023-12-05,Роснефть,ROSN,41512,1282644935.75,567.1,563.0,576.75,574.1,570.25,574.35,2249090,569.9,569.9,,1165281376.25,1165281376.25,,0.0,3,SUR,1.65,
TQBR,2023-12-06,Роснефть,ROSN,39306,1284247850.2,574.8,563.0,575.8,569.25,567.5,565.55,2262240,568.25,568.25,,1022247565.3,1022247565.3,,0.0,3,SUR,-1.53,
TQBR,2023-12-07,Роснефть,ROSN,48948,2261725668.45,564.5,558.5,570.65,564.75,563.25,560.6,4015589,563.4,563.4,,2112620680.65,2112620680.65,,0.0,3,SUR,-0.88,
TQBR,2023-12-08,Роснефть,ROSN,28697,904986539.25,563.0,560.0,567.15,565.0,563.4,564.7,1606316,563.35,563.35,,811504903.15,811504903.15,,0.0,3,SUR,0.73,
TQBR,2023-12-11,Роснефть,ROSN,60350,1368524001.35,564.7,553.55,568.0,558.5,560.8,555.0,2440767,561.4,561.4,,1206212237.1,1206212237.1,,0.0,3,SUR,-1.72,
TQBR,2023-12-12,Роснефть,ROSN,54781,1400645152.8,554.55,545.05,557.4,552.7,550.85,549.55,2542798,550.9,550.9,,1269884672.5,1269884672.5,,0.0,3,SUR,-0.98,
TQBR,2023-12-13,Роснефть,ROSN,33663,960317798.95,546.0,544.3,556.55,551.9,550.85,555.85,1743135,550.6,550.6,,879465117.35,879465117.35,,0.0,3,SUR,1.15,
TQBR,2023-12-14,Роснефть,ROSN,62094,1861883585.0,557.4,535.65,558.6,540.05,544.75,535.7,3418325,547.65,547.65,,1258148100.0,1258148100.0,,0.0,3,SUR,-3.63,
TQBR,2023-12-15,Роснефть,ROSN,78836,2168869350.05,535.5,535.5,563.0,557.0,549.0,561.5,3949304,547.4,547.4,,1841912215.9,1841912215.9,,0.0,3,SUR,4.82,
TQBR,2023-12-18,Роснефть,ROSN,59975,2056514963.9,568.3,563.1,569.5,564.0,566.5,566.65,3630477,566.5,566.5,,1841418646.15,1841418646.15,,0.0,3,SUR,0.92,
TQBR,2023-12-19,Роснефть,ROSN,63977,1773894557.65,566.65,564.25,574.8,572.2,568.75,574.0,3118813,567.95,567.95,,1504681149.7,1504681149.7,,0.0,3,SUR,1.3,
TQBR,2023-12-20,Роснефть,ROSN,47706,1963751151.8,574.25,573.2,584.9,580.3,581.0,578.6,3382309,581.5,581.5,,1502312519.2,1502312519.2,,0.0,3,SUR,0.8,
TQBR,2023-12-21,Роснефть,ROSN,38817,1716910896.4,581.2,569.5,581.2,577.95,575.2,577.1,2984797,575.05,575.05,,1584200502.7,1584200502.7,,0.0,3,SUR,-0.26,
TQBR,2023-12-22,Роснефть,ROSN,39855,1504713108.05,580.0,578.15,585.45,583.2,582.85,583.75,2581816,582.85,582.85,,1358130455.1,1358130455.1,,0.0,3,SUR,1.15,
TQBR,2023-12-25,Роснефть,ROSN,39346,990000111.9,585.85,580.0,588.45,583.8,584.4,584.45,1694085,584.5,584.5,,875869979.05,875869979.05,,0.0,3,SUR,0.12,
TQBR,2023-12-26,Роснефть,ROSN,39846,1312060241.25,585.0,583.0,592.0,589.15,587.75,589.3,2232310,587.45,587.45,,1019594857.05,1019594857.05,,0.0,3,SUR,0.83,
TQBR,2023-12-27,Роснефть,ROSN,62988,1723756745.55,590.45,589.5,596.65,591.45,593.8,594.55,2902895,593.45,593.45,,1284993610.6,1284993610.6,,0.0,3,SUR,0.89,
TQBR,2023-12-28,Роснефть,ROSN,37225,1085160085.4,596.7,589.1,596.7,593.95,592.9,591.9,1830269,592.9,592.9,,949472615.8,949472615.8,,0.0,3,SUR,-0.45,
TQBR,2023-12-29,Роснефть,ROSN,48911,1113252561.2,591.6,586.35,595.25,594.5,592.55,593.2,1878824,592.35,592.35,,915298953.8,915298953.8,,0.0,3,SUR,0.22,
TQBR,2024-01-03,Роснефть,ROSN,41754,1167127638.7,595.6,594.75,604.0,600.05,599.85,604.0,1945771,599.1,599.1,,938653578.15,938653578.15,,0.0,3,SUR,1.82,
TQBR,2024-01-04,Роснефть,ROSN,26512,719452298.05,605.8,600.5,605.8,601.25,602.65,601.15,1193768,602.8,602.8,,577015130.55,577015130.55,,0.0,3,SUR,-0.47,
TQBR,2024-01-05,Роснефть,ROSN,29216,1183635428.75,602.6,599.0,605.55,602.4,602.4,604.05,1964815,602.3,602.3,,894537833.7,894537833.7,,0.0,3,SUR,0.48,
TQBR,2024-01-08,Роснефть,ROSN,72887,1088219663.8,605.15,600.5,606.95,602.05,602.5,602.3,1806126,602.6,602.6,,816746748.5,816746748.5,,0.0,3,SUR,-0.29,
TQBR,2024-01-09,Роснефть,ROSN,55238,1950143955.4,603.15,597.85,603.75,600.3,600.15,600.55,3249471,600.1,600.1,,1663203343.1,1663203343.1,,0.0,3,SUR,-0.29,
TQBR,2024-01-10,Роснефть,ROSN,60439,3055274393.8,598.1,598.1,601.95,601.95,600.5,601.0,5087676,600.35,600.35,,1993482165.9,1993482165.9,,0.0,3,SUR,0.07,
TQBR,2024-01-11,Роснефть,ROSN,169504,5626076954.6,574.05,571.0,582.15,580.0,575.8,579.6,9771283,575.65,575.65,,5404320182.35,5404320182.35,,0.0,3,SUR,-3.56,
TQBR,2024-01-12,Роснефть,ROSN,74878,3165105874.4,584.0,580.85,589.9,583.0,585.55,584.2,5405470,585.65,585.65,,2920443587.95,2920443587.95,,0.0,3,SUR,0.79,
TQBR,2024-01-15,Роснефть,ROSN,49734,1500665176.05,585.0,579.6,587.9,580.0,583.2,581.4,2573506,583.4,583.4,,1337397926.65,1337397926.65,,0.0,3,SUR,-0.48,
TQBR,2024-01-16,Роснефть,ROSN,35394,916314853.8,582.75,577.15,582.75,580.65,579.7,578.4,1580870,579.7,579.7,,812234563.9,812234563.9,,0.0,3,SUR,-0.52,
TQBR,2024-01-17,Роснефть,ROSN,62787,2248020753.45,578.05,569.8,580.75,575.25,574.65,574.75,3911748,574.7,574.7,,2090849471.1,2090849471.1,,0.0,3,SUR,-0.63,
TQBR,2024-01-18,Роснефть,ROSN,42584,1197678743.4,575.8,571.85,578.15,573.5,575.15,573.95,2081619,575.55,575.55,,1083910031.05,1083910031.05,,0.0,3,SUR,-0.14,
TQBR,2024-01-19,Роснефть,ROSN,43272,1518246150.8,573.95,570.6,577.6,577.1,573.85,574.95,2645181,573.75,573.75,,1335046892.6,1335046892.6,,0.0,3,SUR,0.17,
TQBR,2024-01-22,Роснефть,ROSN,78642,1083054886.0,575.2,575.2,579.7,576.65,578.15,577.95,1873302,578.2,578.2,,957450709.05,957450709.05,,0.0,3,SUR,0.52,
TQBR,2024-01-23,Роснефть,ROSN,28502,822758919.4,578.95,576.5,580.5,580.0,578.85,579.9,1421415,578.7,578.7,,721214989.65,721214989.65,,0.0,3,SUR,0.34,
TQBR,2024-01-24,Роснефть,ROSN,59498,1063525819.4,580.35,572.1,582.15,575.9,576.65,575.75,1844368,576.7,576.7,,986881594.55,986881594.55,,0.0,3,SUR,-0.72,
TQBR,2024-01-25,Роснефть,ROSN,40583,1077062177.85,573.85,572.6,576.0,575.0,574.35,574.65,1874962,574.4,574.4,,946939508.7,946939508.7,,0.0,3,SUR,-0.19,
TQBR,2024-01-26,Роснефть,ROSN,47497,889175521.6,577.0,572.35,577.65,573.15,574.55,573.9,1547572,574.7,574.7,,730930139.3,730930139.3,,0.0,3,SUR,-0.13,
TQBR,2024-01-29,Роснефть,ROSN,113140,2049426934.45,574.5,573.0,580.45,574.85,576.4,575.75,3555435,576.5,576.5,,1865287717.35,1865287717.35,,0.0,3,SUR,0.32,
TQBR,2024-01-30,Роснефть,ROSN,58580,1288422874.9,576.35,572.6,578.45,573.9,574.7,573.95,2241184,575.05,575.05,,1137365090.55,1137365090.55,,0.0,3,SUR,-0.31,
TQBR,2024-01-31,Роснефть,ROSN,52499,1885995504.65,574.3,572.0,576.5,574.45,574.65,575.0,3281866,574.65,574.65,,1747237137.15,1747237137.15,,0.0,3,SUR,0.18,
TQBR,2024-02-01,Роснефть,ROSN,93562,2676166143.05,575.5,574.0,582.0,579.5,578.5,576.5,4626022,579.0,579.0,,2239081331.2,2239081331.2,,0.0,3,SUR,0.26,
TQBR,2024-02-02,Роснефть,ROSN,122056,3034781715.5,577.0,574.5,584.95,584.95,581.85,583.95,5216251,581.45,581.45,,2559613520.25,2559613520.25,,0.0,3,SUR,1.29,
TQBR,2024-02-05,Роснефть,ROSN,81181,3083612050.5,584.05,584.05,592.95,590.5,590.2,592.0,5224734,590.15,590.15,,2758189887.1,2758189887.1,,0.0,3,SUR,1.38,
TQBR,2024-02-06,Роснефть,ROSN,36454,1234586591.45,593.0,590.5,593.75,592.4,591.95,593.55,2085502,591.95,591.95,,1078502254.35,1078502254.35,,0.0,3,SUR,0.26,
TQBR,2024-02-07,Роснефть,ROSN,47531,2391520400.4,593.7,588.8,595.7,591.0,592.6,589.7,4035754,593.25,593.25,,1889776036.9,1889776036.9,,0.0,3,SUR,-0.65,
TQBR,2024-02-08,Роснефть,ROSN,55531,1947897100.75,586.05,580.0,591.4,588.8,587.45,587.75,3316157,587.45,587.45,,1728006391.5,1728006391.5,,0.0,3,SUR,-0.33,
TQBR,2024-02-09,Роснефть,ROSN,47600,1507251659.35,587.8,586.6,592.9,589.6,590.25,589.75,2553528,590.35,590.35,,1254570194.1,1254570194.1,,0.0,3,SUR,0.34,
TQBR,2024-02-12,Роснефть,ROSN,49052,1568449832.8,590.1,585.0,592.35,588.1,587.6,588.95,2669101,587.55,587.55,,1461867180.65,1461867180.65,,0.0,3,SUR,-0.14,
TQBR,2024-02-13,Роснефть,ROSN,43373,1413630081.25,590.0,589.55,593.45,592.3,591.75,592.75,2388838,591.55,591.55,,1203930706.15,1203930706.15,,0.0,3,SUR,0.65,
TQBR,2024-02-14,Роснефть,ROSN,49038,1148842973.0,593.75,589.65,594.65,592.3,592.75,590.05,1938191,593.05,593.05,,908259828.65,908259828.65,,0.0,3,SUR,-0.46,
TQBR,2024-02-15,Роснефть,ROSN,35897,1559371855.25,590.0,587.55,591.6,590.35,589.45,589.15,2645626,589.4,589.4,,1401158189.25,1401158189.25,,0.0,3,SUR,-0.15,
TQBR,2024-02-16,Роснефть,ROSN,54060,2460484654.2,590.05,582.4,591.0,585.95,587.2,585.5,4191003,587.2,587.2,,2277928722.3,2277928722.3,,0.0,3,SUR,-0.62,
TQBR,2024-02-19,Роснефть,ROSN,41016,1497579585.65,585.6,581.55,589.5,587.0,586.75,586.25,2552097,586.75,586.75,,1210279123.8,1210279123.8,,0.0,3,SUR,0.13,
TQBR,2024-02-20,Роснефть,ROSN,80123,2988914200.55,586.0,570.2,586.05,578.8,578.8,572.1,5164767,580.3,580.3,,2319404834.85,2319404834.85,,0.0,3,SUR,-2.41,
TQBR,2024-02-21,Роснефть,ROSN,155220,3797479702.0,572.1,560.25,576.75,562.05,567.0,562.35,6696796,567.3,567.3,,3628969880.2,3628969880.2,,0.0,3,SUR,-1.7,
TQBR,2024-02-22,Роснефть,ROSN,56727,1542888335.55,564.45,558.5,565.75,561.9,562.15,562.35,2744549,562.15,562.15,,1383869537.1,1383869537.1,,0.0,3,SUR,0.0,
TQBR,2024-02-26,Роснефть,ROSN,74823,2079227485.55,566.65,566.65,577.3,574.85,572.25,575.55,3634380,572.0,572.0,,1976569372.7,1976569372.7,,0.0,3,SUR,2.35,
TQBR,2024-02-27,Роснефть,ROSN,47196,1987358149.1,575.5,566.05,575.55,567.0,569.1,568.2,3492074,569.2,569.2,,1848231588.25,1848231588.25,,0.0,3,SUR,-1.28,
TQBR,2024-02-28,Роснефть,ROSN,41393,1455726335.7,566.95,565.25,570.35,567.75,567.75,568.5,2564104,567.7,567.7,,1360064761.9,1360064761.9,,0.0,3,SUR,0.05,
TQBR,2024-02-29,Роснефть,ROSN,53148,2080135673.8,568.5,567.0,580.5,577.5,576.1,578.0,3611798,575.8,575.8,,1927084911.85,1927084911.85,,0.0,3,SUR,1.67,
TQBR,2024-03-01,Роснефть,ROSN,41502,1361486028.8,578.05,573.25,581.6,580.9,577.85,577.45,2355941,577.65,577.65,,1189873409.15,1189873409.15,,0.0,3,SUR,-0.1,
TQBR,2024-03-04,Роснефть,ROSN,50791,1200549145.85,578.9,578.55,583.6,582.0,581.4,582.5,2064777,581.35,581.35,,1084126627.1,1084126627.1,,0.0,3,SUR,0.87,
TQBR,2024-03-05,Роснефть,ROSN,52364,1579700634.4,582.6,579.5,588.8,585.8,584.35,585.55,2703486,584.25,584.25,,1465866772.0,1465866772.0,,0.0,3,SUR,0.52,
TQBR,2024-03-06,Роснефть,ROSN,99864,1101486783.35,585.7,584.5,589.95,586.0,587.2,585.15,1875663,587.4,587.4,,1003978733.9,1003978733.9,,0.0,3,SUR,-0.07,
TQBR,2024-03-07,Роснефть,ROSN,51925,840492220.4,585.0,583.1,589.8,589.0,587.1,589.45,1431702,586.8,586.8,,742864458.25,742864458.25,,0.0,3,SUR,0.73,
TQBR,2024-03-11,Роснефть,ROSN,44042,1135832121.75,589.6,587.05,592.5,588.1,589.95,588.35,1925221,590.1,590.1,,1053403685.1,1053403685.1,,0.0,3,SUR,-0.19,
TQBR,2024-03-12,Роснефть,ROSN,36908,1063944304.1,588.6,585.05,589.0,587.75,587.35,588.25,1811625,587.05,587.05,,871751116.8,871751116.8,,0.0,3,SUR,-0.02,
TQBR,2024-03-13,Роснефть,ROSN,58214,1592624136.65,586.1,580.7,588.35,582.6,584.95,581.45,2723687,585.0,585.0,,1456152838.55,1456152838.55,,0.0,3,SUR,-1.16,
TQBR,2024-03-14,Роснефть,ROSN,51636,1500988497.55,581.0,577.8,586.0,584.75,582.5,584.0,2576036,582.65,582.65,,1398780960.1,1398780960.1,,0.0,3,SUR,0.44,
TQBR,2024-03-15,Роснефть,ROSN,32089,1031731887.15,583.0,579.6,587.15,584.5,583.05,584.2,1768650,583.3,583.3,,963782091.15,963782091.15,,0.0,3,SUR,0.03,
TQBR,2024-03-18,Роснефть,ROSN,35505,752865444.15,584.0,581.55,586.45,582.25,583.1,583.1,1290890,583.3,583.3,,689044998.25,689044998.25,,0.0,3,SUR,-0.19,
TQBR,2024-03-19,Роснефть,ROSN,167989,8590867748.85,582.85,556.3,583.7,562.0,566.2,565.35,15172575,566.65,566.65,,7054877384.65,7054877384.65,,0.0,3,SUR,-3.04,
TQBR,2024-03-20,Роснефть,ROSN,186436,8850534898.25,565.35,551.2,566.55,556.0,558.7,560.3,15832545,559.0,559.0,,8415554879.4,8415554879.4,,0.0,3,SUR,-0.89,
TQBR,2024-03-21,Роснефть,ROSN,131846,7674606429.8,561.3,557.25,575.0,558.35,564.55,562.8,13589092,564.95,564.95,,7241274693.9,7241274693.9,,0.0,3,SUR,0.45,
TQBR,2024-03-22,Роснефть,ROSN,117102,5601839040.9,562.85,551.0,563.95,556.6,557.35,554.2,10052432,558.2,558.2,,4162528203.05,4162528203.05,,0.0,3,SUR,-1.53,
TQBR,2024-03-25,Роснефть,ROSN,115063,4745452655.9,556.7,548.5,559.85,552.95,552.7,558.05,8585063,552.3,552.3,,4108729006.3,4108729006.3,,0.0,3,SUR,0.69,
TQBR,2024-03-26,Роснефть,ROSN,68952,2624107095.65,559.0,554.15,559.0,556.0,555.7,556.1,4720207,555.9,555.9,,2406336208.9,2406336208.9,,0.0,3,SUR,-0.35,
TQBR,2024-03-27,Роснефть,ROSN,68318,2007950854.95,556.1,551.25,557.5,553.8,554.1,555.4,3623708,554.0,554.0,,1715651681.95,1715651681.95,,0.0,3,SUR,-0.13,
TQBR,2024-03-28,Роснефть,ROSN,94910,4580908664.85,557.0,555.75,565.8,564.0,561.8,565.75,8154564,561.4,561.4,,4106648869.75,4106648869.75,,0.0,3,SUR,1.86,
TQBR,2024-03-29,Роснефть,ROSN,68341,3155868895.4,567.6,563.5,569.4,566.65,566.0,565.75,5575648,565.95,565.95,,2732425167.2,2732425167.2,,0.0,3,SUR,0.0,
TQBR,2024-04-01,Роснефть,ROSN,92818,4675167978.4,568.0,566.8,573.55,568.6,570.6,568.85,8194319,570.65,570.65,,4133481577.8,4133481577.8,,0.0,3,SUR,0.55,
TQBR,2024-04-02,Роснефть,ROSN,51281,2758385527.6,570.0,567.5,574.5,571.15,570.45,572.9,4834554,570.35,570.35,,2353553519.85,2353553519.85,,0.0,3,SUR,0.71,
TQBR,2024-04-03,Роснефть,ROSN,59127,2783523091.55,573.1,572.0,579.0,578.5,576.3,576.9,4829568,576.3,576.3,,2528887897.5,2528887897.5,,0.0,3,SUR,0.7,
TQBR,2024-04-04,Роснефть,ROSN,49575,2269373130.15,577.75,575.65,580.0,578.85,578.3,578.05,3924251,578.2,578.2,,1854941856.85,1854941856.85,,0.0,3,SUR,0.2,
TQBR,2024-04-05,Роснефть,ROSN,47074,1904563196.05,578.85,574.0,579.65,578.2,577.15,576.1,3300134,577.1,577.1,,1660923853.05,1660923853.05,,0.0,3,SUR,-0.34,
TQBR,2024-04-08,Роснефть,ROSN,56726,1899524002.8,576.3,571.55,579.75,574.65,575.7,574.5,3298221,576.1,576.1,,1689346212.8,1689346212.8,,0.0,3,SUR,-0.28,
TQBR,2024-04-09,Роснефть,ROSN,65249,2662585757.55,574.5,565.75,576.2,566.6,570.9,568.4,4663495,571.15,571.15,,2468448491.85,2468448491.85,,0.0,3,SUR,-1.06,
TQBR,2024-04-10,Роснефть,ROSN,41832,1420310687.9,568.5,565.6,574.5,570.65,571.05,573.2,2487296,570.85,570.85,,1228355752.5,1228355752.5,,0.0,3,SUR,0.84,
TQBR,2024-04-11,Роснефть,ROSN,55332,2174077340.4,573.2,573.2,579.0,575.55,576.3,575.25,3772702,576.3,576.3,,1967014563.55,1967014563.55,,0.0,3,SUR,0.36,
TQBR,2024-04-12,Роснефть,ROSN,42834,1820663426.0,576.0,575.9,579.5,576.5,577.65,576.15,3152068,577.7,577.7,,1588981126.1,1588981126.1,,0.0,3,SUR,0.16,
TQBR,2024-04-15,Роснефть,ROSN,89512,4140575238.8,578.95,578.1,589.85,586.0,584.9,589.75,7079255,584.5,584.5,,3648258672.4,3648258672.4,,0.0,3,SUR,2.36,
TQBR,2024-04-16,Роснефть,ROSN,57087,3118455565.7,590.0,585.7,592.5,591.4,589.35,589.1,5290388,589.45,589.45,,2941946195.45,2941946195.45,,0.0,3,SUR,-0.11,
TQBR,2024-04-17,Роснефть,ROSN,54186,2235955826.3,589.15,581.3,590.75,584.6,586.15,584.35,3814643,586.4,586.4,,2003496911.2,2003496911.2,,0.0,3,SUR,-0.81,
TQBR,2024-04-18,Роснефть,ROSN,45807,2209047199.15,583.85,576.55,585.85,579.2,579.95,579.15,3808318,580.0,580.0,,2000219562.25,2000219562.25,,0.0,3,SUR,-0.89,
TQBR,2024-04-19,Роснефть,ROSN,52632,2048684812.9,582.0,578.05,588.4,588.0,584.05,585.35,3507875,583.6,583.6,,1748333147.65,1748333147.65,,0.0,3,SUR,1.07,
TQBR,2024-04-22,Роснефть,ROSN,65095,1862958758.0,586.7,581.0,589.4,581.7,583.75,583.15,3191089,583.95,583.95,,1692120429.75,1692120429.75,,0.0,3,SUR,-0.38,
TQBR,2024-04-23,Роснефть,ROSN,53859,2162791865.5,583.85,580.25,589.0,581.55,584.8,580.85,3699539,585.05,585.05,,1872593778.95,1872593778.95,,0.0,3,SUR,-0.39,
TQBR,2024-04-24,Роснефть,ROSN,68373,1713465735.1,582.35,572.0,583.4,576.05,577.4,576.3,2968087,577.7,577.7,,1484363121.9,1484363121.9,,0.0,3,SUR,-0.78,
TQBR,2024-04-25,Роснефть,ROSN,39210,1313338242.25,577.0,573.0,581.25,577.6,578.75,579.8,2269626,578.7,578.7,,1167982564.9,1167982564.9,,0.0,3,SUR,0.61,
TQBR,2024-04-26,Роснефть,ROSN,42750,1276997728.35,579.95,578.6,584.9,581.85,581.85,581.3,2194810,581.85,581.85,,1200324199.4,1200324199.4,,0.0,3,SUR,0.26,
TQBR,2024-04-27,Роснефть,ROSN,26483,805558489.1,581.0,581.0,584.5,583.0,582.8,581.2,1382302,582.75,582.75,,650699418.45,650699418.45,,0.0,3,SUR,-0.02,
TQBR,2024-04-29,Роснефть,ROSN,20550,514187036.9,581.8,581.35,583.95,581.55,582.35,583.15,882950,582.25,582.25,,420519590.65,420519590.65,,0.0,3,SUR,0.34,
TQBR,2024-04-30,Роснефть,ROSN,15348,368455947.55,583.15,581.3,583.65,582.25,582.35,582.0,632716,582.35,582.35,,319707739.75,319707739.75,,0.0,3,SUR,-0.2,
TQBR,2024-05-02,Роснефть,ROSN,37709,1263532397.2,581.4,578.0,587.0,584.65,582.2,582.3,2169820,582.15,582.15,,1124213687.95,1124213687.95,,0.0,3,SUR,0.05,
TQBR,2024-05-03,Роснефть,ROSN,48253,1345463872.55,582.75,582.0,586.4,583.6,584.3,582.3,2302837,584.45,584.45,,1202688361.2,1202688361.2,,0.0,3,SUR,0.0,
TQBR,2024-05-06,Роснефть,ROSN,45455,1421996245.8,582.0,578.65,586.15,580.9,582.1,579.05,2443510,582.1,582.1,,1302571540.2,1302571540.2,,0.0,3,SUR,-0.56,
TQBR,2024-05-07,Роснефть,ROSN,37216,981096267.05,579.15,579.15,584.35,580.05,581.05,579.95,1688537,581.15,581.15,,876877493.7,876877493.7,,0.0,3,SUR,0.16,
TQBR,2024-05-08,Роснефть,ROSN,29277,749419945.9,580.3,578.2,582.0,578.3,579.95,578.5,1292162,580.15,580.15,,644546136.05,644546136.05,,0.0,3,SUR,-0.25,
TQBR,2024-05-10,Роснефть,ROSN,43308,672676095.45,579.0,578.55,582.5,579.0,580.3,579.4,1159220,580.55,580.55,,536118417.45,536118417.45,,0.0,3,SUR,0.16,
TQBR,2024-05-13,Роснефть,ROSN,77020,2790731622.6,580.25,579.0,590.0,588.8,586.15,589.45,4761120,585.9,585.9,,2556634760.6,2556634760.6,,0.0,3,SUR,1.73,
TQBR,2024-05-14,Роснефть,ROSN,53108,2492487840.4,590.0,588.3,594.0,592.0,591.25,589.8,4215772,591.25,591.25,,2233794078.7,2233794078.7,,0.0,3,SUR,0.06,
TQBR,2024-05-15,Роснефть,ROSN,77349,4244933249.25,590.75,589.3,599.3,594.05,594.2,599.2,7144102,593.5,593.5,,3474140763.4,3474140763.4,,0.0,3,SUR,1.59,
TQBR,2024-05-16,Роснефть,ROSN,61238,2762829511.55,599.5,590.05,600.0,592.55,594.75,592.6,4645547,595.15,595.15,,2354535289.0,2354535289.0,,0.0,3,SUR,-1.1,
TQBR,2024-05-17,Роснефть,ROSN,39199,2054455683.7,592.8,590.5,596.7,594.0,593.65,591.95,3460602,593.85,593.85,,1821930286.9,1821930286.9,,0.0,3,SUR,-0.11,
TQBR,2024-05-20,Роснефть,ROSN,57249,2753122163.85,594.0,580.1,596.35,591.65,592.2,591.9,4649647,593.9,593.9,,1805670799.95,1805670799.95,,0.0,3,SUR,-0.01,
TQBR,2024-05-21,Роснефть,ROSN,55023,2557578286.3,592.0,586.6,597.5,590.6,592.9,594.6,4313502,592.9,592.9,,2149557288.5,2149557288.5,,0.0,3,SUR,0.46,
TQBR,2024-05-22,Роснефть,ROSN,145582,2232377307.05,593.9,591.75,597.25,594.7,595.5,596.85,3748577,595.55,595.55,,1919267244.3,1919267244.3,,0.0,3,SUR,0.38,
TQBR,2024-05-23,Роснефть,ROSN,60199,2109771614.4,595.7,590.0,596.65,593.7,593.35,593.15,3555763,593.4,593.4,,1937883245.65,1937883245.65,,0.0,3,SUR,-0.62,
TQBR,2024-05-24,Роснефть,ROSN,59941,2344138390.95,593.6,582.3,594.45,587.4,587.4,585.1,3990201,587.65,587.65,,2137457558.0,2137457558.0,,0.0,3,SUR,-1.36,
TQBR,2024-05-27,Роснефть,ROSN,106625,4262755397.9,585.0,568.4,588.0,571.1,575.3,578.25,7407211,574.55,574.55,,3080103994.45,3080103994.45,,0.0,3,SUR,-1.17,
TQBR,2024-05-28,Роснефть,ROSN,74200,2539903450.5,578.8,567.0,585.0,576.4,578.3,573.0,4392068,579.45,579.45,,2068041717.05,2068041717.05,,0.0,3,SUR,-0.91,
TQBR,2024-05-29,Роснефть,ROSN,50038,1508033776.3,573.95,571.0,580.0,575.2,575.05,575.65,2622447,574.5,574.5,,1231366971.3,1231366971.3,,0.0,3,SUR,0.46,
TQBR,2024-05-30,Роснефть,ROSN,72536,3177171372.2,577.65,553.95,581.15,577.0,568.15,566.4,5592247,577.8,577.8,,1176400122.7,1176400122.7,,0.0,3,SUR,-1.61,
TQBR,2024-05-31,Роснефть,ROSN,92024,3477937156.9,570.0,555.0,572.0,564.6,564.2,556.65,6164219,566.25,566.25,,2500569776.5,2500569776.5,,0.0,3,SUR,-1.72,
TQBR,2024-06-03,Роснефть,ROSN,109890,4204822621.25,557.0,542.5,564.7,559.7,554.45,562.95,7578912,554.1,554.1,,3819367791.45,3819367791.45,,0.0,3,SUR,1.13,
TQBR,2024-06-04,Роснефть,ROSN,290475,2973872151.85,563.1,555.55,571.0,563.75,563.0,568.95,5282965,562.5,562.5,,2714266329.75,2714266329.75,,0.0,3,SUR,1.07,
TQBR,2024-06-05,Роснефть,ROSN,120581,2871948675.05,570.05,559.65,575.0,570.35,568.2,562.2,5054761,570.2,570.2,,2082856723.1,2082856723.1,,0.0,3,SUR,-1.19,
TQBR,2024-06-06,Роснефть,ROSN,43798,1268932006.15,563.9,561.25,569.8,564.0,566.25,566.3,2240679,566.4,566.4,,1165626891.55,1165626891.55,,0.0,3,SUR,0.73,
TQBR,2024-06-07,Роснефть,ROSN,42661,1907817095.4,567.3,565.3,575.95,572.0,571.35,571.65,3339099,571.25,571.25,,1646559572.95,1646559572.95,,0.0,3,SUR,0.94,
TQBR,2024-06-10,Роснефть,ROSN,50452,1534180273.25,573.9,560.0,575.7,562.0,568.0,563.25,2700282,569.15,569.15,,1291972434.25,1291972434.25,,0.0,3,SUR,-1.47,
TQBR,2024-06-11,Роснефть,ROSN,48168,1061656043.2,562.7,556.5,563.5,561.55,560.85,562.85,1892882,560.7,560.7,,990571798.6,990571798.6,,0.0,3,SUR,-0.07,
TQBR,2024-06-13,Роснефть,ROSN,76742,2420616815.5,530.5,525.0,560.0,556.4,552.3,555.5,4384243,551.9,551.9,,2265379486.15,2265379486.15,,0.0,3,SUR,-1.31,
TQBR,2024-06-14,Роснефть,ROSN,55306,1845900849.05,556.0,552.1,569.9,568.7,560.1,565.1,3295509,559.55,559.55,,1681987600.7,1681987600.7,,0.0,3,SUR,1.73,
TQBR,2024-06-17,Роснефть,ROSN,107100,1614340353.15,569.85,563.1,573.4,565.85,569.3,566.7,2835643,569.8,569.8,,1439093368.85,1439093368.85,,0.0,3,SUR,0.28,
TQBR,2024-06-18,Роснефть,ROSN,49457,1558375441.35,566.7,553.4,567.65,555.45,560.15,554.45,2782506,560.95,560.95,,1304952931.15,1304952931.15,,0.0,3,SUR,-2.16,
TQBR,2024-06-19,Роснефть,ROSN,86844,2550434834.6,553.9,532.5,558.7,540.6,544.6,536.0,4682057,546.55,546.55,,2060950737.95,2060950737.95,,0.0,3,SUR,-3.33,
TQBR,2024-06-20,Роснефть,ROSN,116730,4332908249.65,537.0,524.0,559.0,556.15,541.65,555.0,7999562,540.95,540.95,,4121064277.7,4121064277.7,,0.0,3,SUR,3.54,
TQBR,2024-06-21,Роснефть,ROSN,43506,1642696723.7,556.15,545.45,562.85,552.95,552.25,550.05,2974414,552.4,552.4,,1453819474.3,1453819474.3,,0.0,3,SUR,-0.89,
TQBR,2024-06-24,Роснефть,ROSN,64909,1128862941.4,551.0,544.0,555.95,548.15,548.4,547.45,2058463,548.45,548.45,,1055357913.7,1055357913.7,,0.0,3,SUR,-0.47,
TQBR,2024-06-25,Роснефть,ROSN,46596,1537205158.25,547.45,543.1,559.0,555.4,551.95,558.5,2786893,550.7,550.7,,1316771073.6,1316771073.6,,0.0,3,SUR,2.02,
TQBR,2024-06-26,Роснефть,ROSN,38094,1117608523.65,559.2,557.0,562.45,560.2,559.9,561.2,1996053,559.85,559.85,,1034605437.55,1034605437.55,,0.0,3,SUR,0.48,
TQBR,2024-06-27,Роснефть,ROSN,37158,955465727.25,562.0,556.2,565.0,562.1,560.95,559.8,1703291,560.85,560.85,,866918987.55,866918987.55,,0.0,3,SUR,-0.25,
TQBR,2024-06-28,Роснефть,ROSN,46277,818323634.65,560.2,559.65,565.65,563.95,562.25,565.25,1455429,562.0,562.0,,670345995.3,670345995.3,,0.0,3,SUR,0.97,
TQBR,2024-07-01,Роснефть,ROSN,59885,1738282744.0,566.35,562.0,578.5,578.0,571.8,576.9,3039977,571.15,571.15,,1548539098.95,1548539098.95,,0.0,3,SUR,2.06,
TQBR,2024-07-02,Роснефть,ROSN,40646,1723991037.55,577.05,571.7,579.6,572.4,575.7,573.0,2994694,575.8,575.8,,1645848720.35,1645848720.35,,0.0,3,SUR,-0.68,
TQBR,2024-07-03,Роснефть,ROSN,33442,1407918104.85,574.8,570.75,577.5,574.25,574.05,573.9,2452574,573.9,573.9,,1028330250.8,1028330250.8,,0.0,3,SUR,0.16,
TQBR,2024-07-04,Роснефть,ROSN,76146,1768189543.9,574.25,558.7,575.45,561.15,566.65,561.35,3119545,567.15,567.15,,1628448467.0,1628448467.0,,0.0,3,SUR,-2.19,
TQBR,2024-07-05,Роснефть,ROSN,59375,1862562408.95,561.15,554.45,564.3,557.05,557.6,555.85,3340492,557.7,557.7,,1654795818.8,1654795818.8,,0.0,3,SUR,-0.98,
TQBR,2024-07-08,Роснефть,ROSN,75727,2974180236.6,555.85,555.6,566.05,562.25,562.05,560.1,5292441,562.25,562.25,,2339637701.85,2339637701.85,,0.0,3,SUR,0.76,
TQBR,2024-07-09,Роснефть,ROSN,206743,5639520252.1,536.0,524.6,540.25,526.95,534.3,524.6,10551555,535.05,535.05,,5170547598.15,5170547598.15,,0.0,3,SUR,-6.34,
TQBR,2024-07-10,Роснефть,ROSN,184925,4154036887.9,524.5,500.05,526.45,511.25,514.9,502.5,8069242,516.8,516.8,,3359292790.6,3359292790.6,,0.0,3,SUR,-4.21,
TQBR,2024-07-11,Роснефть,ROSN,102556,2472141325.4,503.0,503.0,526.9,522.5,519.8,526.7,4755570,519.25,519.25,,2220444329.15,2220444329.15,,0.0,3,SUR,4.82,
TQBR,2024-07-12,Роснефть,ROSN,42084,1440226847.25,528.8,520.1,531.0,523.0,524.2,527.4,2746621,524.4,524.4,,1315850847.8,1315850847.8,,0.0,3,SUR,0.13,
TQBR,2024-07-15,Роснефть,ROSN,89870,3123932069.4,529.0,501.05,529.85,501.2,510.45,508.0,6120047,511.4,511.4,,2628968189.85,2628968189.85,,0.0,3,SUR,-3.68,
TQBR,2024-07-16,Роснефть,ROSN,68176,2780856472.85,505.0,503.7,519.1,511.65,510.4,516.9,5448563,509.3,509.3,,2325544496.55,2325544496.55,,0.0,3,SUR,1.75,
TQBR,2024-07-17,Роснефть,ROSN,54397,2049699600.5,517.05,507.25,518.75,511.85,511.15,510.45,4007774,511.45,511.45,,1904633511.75,1904633511.75,,0.0,3,SUR,-1.25,
TQBR,2024-07-18,Роснефть,ROSN,38251,1578395574.45,511.45,508.05,518.2,516.65,513.45,517.25,3074149,512.95,512.95,,1363208208.75,1363208208.75,,0.0,3,SUR,1.33,
TQBR,2024-07-19,Роснефть,ROSN,41849,1358201709.3,517.35,515.75,527.8,523.55,523.6,524.15,2593866,523.55,523.55,,1212654245.75,1212654245.75,,0.0,3,SUR,1.33,
TQBR,2024-07-22,Роснефть,ROSN,52057,1981744267.85,527.5,526.05,535.0,533.05,531.2,531.85,3730819,531.1,531.1,,1881148421.65,1881148421.65,,0.0,3,SUR,1.47,
TQBR,2024-07-23,Роснефть,ROSN,29213,710637101.0,533.95,526.1,534.8,532.5,529.95,530.55,1340983,529.7,529.7,,634515488.35,634515488.35,,0.0,3,SUR,-0.24,
TQBR,2024-07-24,Роснефть,ROSN,51154,1190409880.8,532.0,529.1,537.65,537.0,535.25,532.25,2224027,535.45,535.45,,984386350.35,984386350.35,,0.0,3,SUR,0.32,
TQBR,2024-07-25,Роснефть,ROSN,36857,818640130.55,532.25,530.05,535.5,534.4,532.55,532.45,1537179,532.35,532.35,,703088458.05,703088458.05,,0.0,3,SUR,0.04,
TQBR,2024-07-26,Роснефть,ROSN,93179,2561656495.75,532.5,518.75,538.7,523.0,526.85,521.4,4861293,527.4,527.4,,2363220874.8,2363220874.8,,0.0,3,SUR,-2.08,
TQBR,2024-07-29,Роснефть,ROSN,87252,1984217474.05,519.95,500.0,519.95,500.0,509.0,503.2,3899378,510.35,510.35,,1597118735.5,1597118735.5,,0.0,3,SUR,-3.49,
TQBR,2024-07-30,Роснефть,ROSN,77052,2272660138.95,501.0,496.2,514.0,509.3,506.65,513.95,4486792,506.15,506.15,,2124870073.35,2124870073.35,,0.0,3,SUR,2.14,
TQBR,2024-07-31,Роснефть,ROSN,39081,1081043677.35,517.0,510.2,518.2,514.3,513.7,515.95,2104428,513.55,513.55,,916464084.25,916464084.25,,0.0,3,SUR,0.39,
TQBR,2024-08-01,Роснефть,ROSN,44843,1396516146.85,516.0,505.0,518.0,506.2,509.95,506.4,2738463,511.05,511.05,,1042981793.3,1042981793.3,,0.0,3,SUR,-1.85,
TQBR,2024-08-02,Роснефть,ROSN,46300,1163293762.1,507.0,503.0,510.45,506.0,506.35,504.8,2297403,506.65,506.65,,984502734.05,984502734.05,,0.0,3,SUR,-0.32,
TQBR,2024-08-05,Роснефть,ROSN,95412,2651054826.8,498.0,490.1,502.75,496.85,496.1,493.9,5340313,496.5,496.5,,2421751998.9,2421751998.9,,0.0,3,SUR,-2.16,
TQBR,2024-08-06,Роснефть,ROSN,43292,1225108080.75,496.6,491.75,502.0,494.0,496.25,496.15,2468513,496.35,496.35,,1127512756.15,1127512756.15,,0.0,3,SUR,0.46,
TQBR,2024-08-07,Роснефть,ROSN,57871,2096595751.5,496.15,491.3,512.45,512.0,502.15,508.45,4174404,501.1,501.1,,1793987891.1,1793987891.1,,0.0,3,SUR,2.48,
TQBR,2024-08-08,Роснефть,ROSN,43769,1268396163.0,509.2,501.7,514.2,506.35,508.8,503.2,2492871,509.8,509.8,,1055610408.45,1055610408.45,,0.0,3,SUR,-1.03,
TQBR,2024-08-09,Роснефть,ROSN,36877,772701760.2,503.2,501.55,509.5,505.6,506.35,505.7,1526088,506.55,506.55,,669359972.6,669359972.6,,0.0,3,SUR,0.5,
TQBR,2024-08-12,Роснефть,ROSN,114163,3185019866.15,505.7,494.5,505.7,495.05,498.6,501.7,6388120,498.4,498.4,,2519957591.65,2519957591.65,,0.0,3,SUR,-0.79,
TQBR,2024-08-13,Роснефть,ROSN,60282,1541195891.9,500.9,499.7,506.5,502.3,502.5,502.5,3067178,502.55,502.55,,1383719162.65,1383719162.65,,0.0,3,SUR,0.16,
TQBR,2024-08-14,Роснефть,ROSN,86908,1737066585.3,503.0,494.95,506.3,495.4,500.15,495.8,3472937,501.0,501.0,,1418824393.3,1418824393.3,,0.0,3,SUR,-1.33,
TQBR,2024-08-15,Роснефть,ROSN,41003,862939824.25,496.2,493.15,498.45,495.25,495.5,493.75,1741554,495.6,495.6,,766710419.75,766710419.75,,0.0,3,SUR,-0.41,
TQBR,2024-08-16,Роснефть,ROSN,43084,1027292877.85,494.2,488.25,496.55,492.8,492.65,489.7,2085237,493.8,493.8,,677371142.45,677371142.45,,0.0,3,SUR,-0.82,
TQBR,2024-08-19,Роснефть,ROSN,58977,1640362048.2,490.35,481.6,493.5,486.2,487.7,483.7,3363736,488.75,488.75,,1291813013.75,1291813013.75,,0.0,3,SUR,-1.23,
TQBR,2024-08-20,Роснефть,ROSN,53322,1634920066.9,483.7,479.5,488.95,483.4,483.75,481.5,3380235,483.9,483.9,,1484290439.4,1484290439.4,,0.0,3,SUR,-0.45,
TQBR,2024-08-21,Роснефть,ROSN,57825,1833381369.95,482.5,478.5,485.35,482.3,481.85,480.95,3804916,481.95,481.95,,1561046976.4,1561046976.4,,0.0,3,SUR,-0.11,
TQBR,2024-08-22,Роснефть,ROSN,47117,1621463976.15,481.1,474.1,482.5,477.5,478.8,475.8,3386322,479.5,479.5,,1338841881.25,1338841881.25,,0.0,3,SUR,-1.07,
TQBR,2024-08-23,Роснефть,ROSN,50656,1795220301.45,475.85,470.6,479.25,474.5,475.6,478.75,3774407,475.45,475.45,,1577508635.6,1577508635.6,,0.0,3,SUR,0.62,
TQBR,2024-08-26,Роснефть,ROSN,60668,1815456782.45,486.5,481.1,490.15,488.0,487.5,489.55,3724028,487.4,487.4,,1661342230.7,1661342230.7,,0.0,3,SUR,2.26,
TQBR,2024-08-27,Роснефть,ROSN,44246,1330463104.65,489.85,475.75,491.45,479.0,482.25,477.5,2758692,482.9,482.9,,1174386898.2,1174386898.2,,0.0,3,SUR,-2.46,
TQBR,2024-08-28,Роснефть,ROSN,62811,2283462950.9,477.5,458.5,479.15,476.1,470.05,479.05,4857838,469.5,469.5,,2124578159.55,2124578159.55,,0.0,3,SUR,0.32,
TQBR,2024-08-29,Роснефть,ROSN,43937,1826604356.6,480.0,473.9,484.0,481.0,478.8,482.95,3815305,478.25,478.25,,1609331698.85,1609331698.85,,0.0,3,SUR,0.81,
TQBR,2024-08-30,Роснефть,ROSN,65206,3200700637.1,485.95,473.2,489.2,481.0,482.4,475.85,6647038,482.2,482.2,,2794669369.55,2794669369.55,,0.0,3,SUR,-1.47,
TQBR,2024-09-02,Роснефть,ROSN,91579,3331692851.65,473.2,450.25,474.8,457.85,463.7,455.05,7183728,465.85,465.85,,2698768787.05,2698768787.05,,0.0,3,SUR,-4.37,
TQBR,2024-09-03,Роснефть,ROSN,77671,3748990119.05,456.05,452.85,471.7,462.55,463.5,468.85,8088081,463.25,463.25,,3374024807.75,3374024807.75,,0.0,3,SUR,3.03,
TQBR,2024-09-04,Роснефть,ROSN,60214,2715620909.6,468.0,464.0,483.55,475.25,471.35,477.75,5761554,470.2,470.2,,2354719016.9,2354719016.9,,0.0,3,SUR,1.9,
TQBR,2024-09-05,Роснефть,ROSN,51161,1791054301.1,480.35,474.75,486.75,480.4,481.0,477.15,3723759,481.3,481.3,,1585207482.65,1585207482.65,,0.0,3,SUR,-0.13,
TQBR,2024-09-06,Роснефть,ROSN,32876,1002518413.7,477.15,475.0,484.75,476.4,478.55,479.1,2094811,478.6,478.6,,868325614.95,868325614.95,,0.0,3,SUR,0.41,
TQBR,2024-09-09,Роснефть,ROSN,58327,1467219235.35,479.9,479.85,494.2,489.95,488.1,493.8,3006353,486.6,486.6,,1119224368.7,1119224368.7,,0.0,3,SUR,3.07,
TQBR,2024-09-10,Роснефть,ROSN,53865,1950862910.75,494.2,476.2,496.25,478.9,486.8,482.35,4009069,487.95,487.95,,1668011929.25,1668011929.25,,0.0,3,SUR,-2.32,
TQBR,2024-09-11,Роснефть,ROSN,48174,1548685434.35,482.45,475.35,489.5,487.8,482.4,477.75,3210223,482.8,482.8,,1142131657.5,1142131657.5,,0.0,3,SUR,-0.95,
TQBR,2024-09-12,Роснефть,ROSN,46063,1775147501.7,478.55,474.1,489.85,483.5,479.9,488.45,3697385,478.6,478.6,,1418539774.95,1418539774.95,,0.0,3,SUR,2.24,
TQBR,2024-09-13,Роснефть,ROSN,66384,2417921963.5,488.4,478.0,498.5,496.05,485.95,498.0,4976602,484.85,484.85,,2188748128.25,2188748128.25,,0.0,3,SUR,1.96,
TQBR,2024-09-16,Роснефть,ROSN,69711,2624736935.05,500.8,498.3,516.5,514.3,508.7,516.3,5157625,508.45,508.45,,2435553384.75,2435553384.75,,0.0,3,SUR,3.67,
TQBR,2024-09-17,Роснефть,ROSN,42663,1578198340.95,518.75,508.3,519.5,517.55,513.9,517.95,3071106,513.6,513.6,,1463316767.95,1463316767.95,,0.0,3,SUR,0.32,
TQBR,2024-09-18,Роснефть,ROSN,41188,1374563896.1,517.95,506.15,519.9,509.5,512.15,510.25,2683861,512.3,512.3,,1281052251.85,1281052251.85,,0.0,3,SUR,-1.49,
TQBR,2024-09-19,Роснефть,ROSN,37093,1443669766.5,511.35,507.2,516.2,511.6,512.15,512.55,2818902,512.15,512.15,,1344821244.25,1344821244.25,,0.0,3,SUR,0.45,
TQBR,2024-09-20,Роснефть,ROSN,74035,3464285272.75,512.5,510.75,528.25,526.2,522.35,528.15,6630217,522.1,522.1,,3161224705.8,3161224705.8,,0.0,3,SUR,3.04,
TQBR,2024-09-23,Роснефть,ROSN,69625,2095571555.95,528.95,523.45,532.0,527.3,527.1,526.1,3975646,527.15,527.15,,1867614862.6,1867614862.6,,0.0,3,SUR,-0.39,
TQBR,2024-09-24,Роснефть,ROSN,46926,1707919504.55,526.8,517.7,526.9,523.6,522.3,522.1,3269949,522.25,522.25,,1596976957.1,1596976957.1,,0.0,3,SUR,-0.76,
TQBR,2024-09-25,Роснефть,ROSN,50932,1565989840.35,521.5,509.5,524.95,513.2,517.0,512.4,3029063,518.0,518.0,,1302183637.2,1302183637.2,,0.0,3,SUR,-1.86,
TQBR,2024-09-26,Роснефть,ROSN,53923,1463691480.75,510.25,506.0,515.95,512.0,510.0,512.7,2869880,509.95,509.95,,1402744725.95,1402744725.95,,0.0,3,SUR,0.06,
TQBR,2024-09-27,Роснефть,ROSN,39861,1119818315.7,513.15,507.75,514.55,510.55,509.9,511.0,2195917,509.85,509.85,,985092721.75,985092721.75,,0.0,3,SUR,-0.33,
TQBR,2024-09-30,Роснефть,ROSN,63088,1569377898.35,512.45,503.05,516.2,508.9,510.6,507.4,3073519,510.8,510.8,,1453366064.0,1453366064.0,,0.0,3,SUR,-0.7,
TQBR,2024-10-01,Роснефть,ROSN,80155,3580605605.05,506.0,493.5,512.85,506.3,503.25,509.75,7113027,501.45,501.45,,2589486629.4,2589486629.4,,0.0,3,SUR,0.46,
TQBR,2024-10-02,Роснефть,ROSN,69157,3561303891.85,509.8,494.0,511.9,496.0,504.65,499.95,7063610,504.95,504.95,,3189909371.35,3189909371.35,,0.0,3,SUR,-1.92,
TQBR,2024-10-03,Роснефть,ROSN,91725,3751246638.55,499.9,488.65,502.7,497.1,495.15,500.0,7576142,494.1,494.1,,3122127565.2,3122127565.2,,0.0,3,SUR,0.01,
TQBR,2024-10-04,Роснефть,ROSN,63024,2861140405.55,502.8,498.55,509.45,504.0,504.15,501.9,5675373,504.25,504.25,,2669864528.6,2669864528.6,,0.0,3,SUR,0.38,
TQBR,2024-10-07,Роснефть,ROSN,89847,2820225000.7,502.5,493.2,505.6,502.2,499.8,503.5,5642987,499.35,499.35,,2445727402.9,2445727402.9,,0.0,3,SUR,0.32,
TQBR,2024-10-08,Роснефть,ROSN,49822,1901505163.55,500.0,498.0,505.0,501.8,502.35,501.8,3787736,502.1,502.1,,1653694574.05,1653694574.05,,0.0,3,SUR,-0.34,
TQBR,2024-10-09,Роснефть,ROSN,74417,2586799858.45,503.0,491.4,503.0,493.25,494.85,495.85,5222780,495.35,495.35,,2361210269.9,2361210269.9,,0.0,3,SUR,-1.19,
TQBR,2024-10-10,Роснефть,ROSN,43058,980692680.9,495.85,493.55,499.4,496.15,496.85,497.75,1973851,496.65,496.65,,834544509.35,834544509.35,,0.0,3,SUR,0.38,
TQBR,2024-10-11,Роснефть,ROSN,54812,1233414935.2,497.9,490.6,499.0,494.55,493.55,492.15,2499114,493.45,493.45,,1043638978.35,1043638978.35,,0.0,3,SUR,-1.13,
TQBR,2024-10-14,Роснефть,ROSN,53986,1892859404.35,492.15,486.75,501.2,497.9,494.45,496.0,3828020,494.3,494.3,,1777111679.65,1777111679.65,,0.0,3,SUR,0.78,
TQBR,2024-10-15,Роснефть,ROSN,41746,1697526419.4,495.8,492.85,500.0,497.4,497.0,498.4,3415321,496.95,496.95,,1517778955.7,1517778955.7,,0.0,3,SUR,0.48,
TQBR,2024-10-16,Роснефть,ROSN,63801,1867318010.95,498.4,495.15,503.9,495.2,499.5,496.45,3736964,499.85,499.85,,1773988936.85,1773988936.85,,0.0,3,SUR,-0.39,
TQBR,2024-10-17,Роснефть,ROSN,66074,2161243092.25,496.45,485.55,497.2,486.15,490.3,486.95,4405919,490.85,490.85,,1993215259.8,1993215259.8,,0.0,3,SUR,-1.91,
TQBR,2024-10-18,Роснефть,ROSN,57136,1223874349.0,487.0,482.3,488.75,485.95,485.65,487.8,2519947,485.25,485.25,,1019696754.9,1019696754.9,,0.0,3,SUR,0.17,
TQBR,2024-10-21,Роснефть,ROSN,40322,1006368613.35,488.2,484.05,490.0,485.75,487.15,484.7,2065853,487.35,487.35,,899937697.25,899937697.25,,0.0,3,SUR,-0.64,
TQBR,2024-10-22,Роснефть,ROSN,55684,1510795229.75,484.5,478.45,485.4,480.0,482.2,479.0,3133144,482.6,482.6,,1298120815.35,1298120815.35,,0.0,3,SUR,-1.18,
TQBR,2024-10-23,Роснефть,ROSN,77109,2066289167.4,478.5,467.2,480.35,473.85,473.85,469.0,4361513,476.45,476.45,,1209927166.45,1209927166.45,,0.0,3,SUR,-2.09,
TQBR,2024-10-24,Роснефть,ROSN,62145,1879174249.95,469.55,464.1,472.1,468.75,468.25,469.75,4013241,468.2,468.2,,1730133670.9,1730133670.9,,0.0,3,SUR,0.16,
TQBR,2024-10-25,Роснефть,ROSN,96790,3022350732.95,469.6,455.5,470.65,457.0,461.55,456.1,6547227,462.1,462.1,,2714994709.85,2714994709.85,,0.0,3,SUR,-2.91,
TQBR,2024-10-28,Роснефть,ROSN,134177,3816157383.85,451.05,433.3,455.4,437.85,444.6,434.75,8597298,446.4,446.4,,2883983608.85,2883983608.85,,0.0,3,SUR,-4.68,
TQBR,2024-10-29,Роснефть,ROSN,152129,3349247323.45,434.75,434.5,446.55,440.2,440.85,442.35,7598465,440.3,440.3,,2815167681.8,2815167681.8,,0.0,3,SUR,1.75,
TQBR,2024-10-30,Роснефть,ROSN,202271,2710904566.95,443.05,438.1,449.5,447.05,444.8,439.05,6095361,445.35,445.35,,2224814067.45,2224814067.45,,0.0,3,SUR,-0.75,
TQBR,2024-10-31,Роснефть,ROSN,70354,2594988234.15,438.85,429.1,442.35,432.75,434.35,434.1,5970615,435.05,435.05,,2274215697.35,2274215697.35,,0.0,3,SUR,-1.13,
TQBR,2024-11-01,Роснефть,ROSN,103057,4262206711.05,435.0,433.5,449.2,442.0,442.45,444.35,9635326,442.3,442.3,,3735975087.9,3735975087.9,,0.0,3,SUR,2.36,
TQBR,2024-11-02,Роснефть,ROSN,51417,2302344411.5,444.3,441.9,457.0,454.05,451.95,457.0,5094356,451.3,451.3,,1946739292.3,1946739292.3,,0.0,3,SUR,2.85,
TQBR,2024-11-05,Роснефть,ROSN,56872,2045938444.95,460.0,457.5,465.6,460.25,460.8,460.5,4440023,460.75,460.75,,1834840302.35,1834840302.35,,0.0,3,SUR,0.77,
TQBR,2024-11-06,Роснефть,ROSN,125388,3648934046.35,472.0,463.45,478.75,467.25,470.35,466.85,7758308,470.55,470.55,,3454636419.1,3454636419.1,,0.0,3,SUR,1.38,
TQBR,2024-11-07,Роснефть,ROSN,50096,1872860363.65,467.1,455.95,475.55,468.7,465.75,475.5,4021002,463.7,463.7,,1436617606.3,1436617606.3,,0.0,3,SUR,1.85,
TQBR,2024-11-08,Роснефть,ROSN,86756,2766685560.55,477.6,470.1,482.0,477.0,476.2,481.5,5809000,474.8,474.8,,1933862480.55,1933862480.55,,0.0,3,SUR,1.26,
TQBR,2024-11-11,Роснефть,ROSN,156391,5597529220.2,492.05,487.3,498.8,490.0,492.35,490.6,11365921,492.65,492.65,,5163079320.85,5163079320.85,,0.0,3,SUR,1.89,
TQBR,2024-11-12,Роснефть,ROSN,67254,2620171354.7,489.4,480.85,493.9,483.85,487.35,482.05,5376459,487.9,487.9,,2324037707.5,2324037707.5,,0.0,3,SUR,-1.74,
TQBR,2024-11-13,Роснефть,ROSN,142558,4123152975.6,480.1,475.7,493.65,490.05,486.2,480.35,8480117,488.8,488.8,,2592516856.15,2592516856.15,,0.0,3,SUR,-0.35,
TQBR,2024-11-14,Роснефть,ROSN,63507,2245414587.7,480.3,471.0,483.45,471.8,476.3,473.3,4714440,476.7,476.7,,1893202672.4,1893202672.4,,0.0,3,SUR,-1.47,
TQBR,2024-11-15,Роснефть,ROSN,68230,1892443405.0,472.5,469.5,480.95,479.8,474.95,480.1,3984695,474.25,474.25,,1651481961.3,1651481961.3,,0.0,3,SUR,1.44,
TQBR,2024-11-18,Роснефть,ROSN,67387,2110856742.4,472.2,468.7,477.95,477.0,472.9,471.95,4464374,472.6,472.6,,1812249276.95,1812249276.95,,0.0,3,SUR,-1.7,
TQBR,2024-11-19,Роснефть,ROSN,90898,2837438356.45,472.7,454.4,473.9,457.45,461.4,459.7,6149406,461.7,461.7,,2622189814.1,2622189814.1,,0.0,3,SUR,-2.6,
TQBR,2024-11-20,Роснефть,ROSN,83521,2861112387.3,461.0,444.4,462.6,450.7,455.2,449.25,6285083,457.9,457.9,,2121517454.9,2121517454.9,,0.0,3,SUR,-2.27,
TQBR,2024-11-21,Роснефть,ROSN,81199,2998186037.75,451.2,443.65,459.35,450.4,449.4,458.95,6671902,448.2,448.2,,2194180963.25,2194180963.25,,0.0,3,SUR,2.16,
TQBR,2024-11-22,Роснефть,ROSN,75484,2679821464.5,458.95,452.05,464.75,456.0,459.9,459.9,5830163,459.6,459.6,,2417275851.8,2417275851.8,,0.0,3,SUR,0.21,
TQBR,2024-11-25,Роснефть,ROSN,93572,4270574439.1,459.9,445.8,466.3,453.05,459.45,453.65,9310227,459.75,459.75,,3752229384.1,3752229384.1,,0.0,3,SUR,-1.36,
TQBR,2024-11-26,Роснефть,ROSN,58153,2510322154.85,452.45,445.75,459.0,449.95,451.1,450.8,5565023,451.25,451.25,,2160593109.8,2160593109.8,,0.0,3,SUR,-0.63,
TQBR,2024-11-27,Роснефть,ROSN,119244,6015923033.1,452.05,447.6,474.6,465.0,462.4,474.15,13011482,460.95,460.95,,5152178554.1,5152178554.1,,0.0,3,SUR,5.18,
TQBR,2024-11-28,Роснефть,ROSN,73627,3132730473.2,476.8,468.05,486.0,476.6,475.95,474.85,6577712,476.05,476.05,,2788871721.6,2788871721.6,,0.0,3,SUR,0.15,
TQBR,2024-11-29,Роснефть,ROSN,61377,2801680425.1,470.0,469.55,484.0,479.4,478.95,478.0,5849494,479.05,479.05,,2610565083.25,2610565083.25,,0.0,3,SUR,0.66,
TQBR,2024-12-02,Роснефть,ROSN,139452,2502621838.95,484.0,481.25,491.0,486.15,486.9,489.3,5140048,486.8,486.8,,2356223721.5,2356223721.5,,0.0,3,SUR,2.36,
TQBR,2024-12-03,Роснефть,ROSN,55575,2292491200.7,489.4,483.25,493.4,489.8,488.35,490.5,4694510,488.15,488.15,,2034614717.4,2034614717.4,,0.0,3,SUR,0.25,
TQBR,2024-12-04,Роснефть,ROSN,89324,3512067250.65,490.7,470.0,496.8,479.95,483.45,473.1,7264602,488.15,488.15,,2351335031.8,2351335031.8,,0.0,3,SUR,-3.55,
TQBR,2024-12-05,Роснефть,ROSN,83085,3097157980.4,474.0,469.5,493.25,487.05,479.4,488.2,6460191,477.55,477.55,,2600965932.15,2600965932.15,,0.0,3,SUR,3.19,
TQBR,2024-12-06,Роснефть,ROSN,50980,1647670443.9,489.5,485.0,492.0,486.7,487.85,485.3,3377318,487.95,487.95,,1470022411.0,1470022411.0,,0.0,3,SUR,-0.59,
TQBR,2024-12-09,Роснефть,ROSN,66011,1632759320.15,489.3,486.55,495.95,493.6,490.85,491.05,3325975,490.8,490.8,,1485101328.3,1485101328.3,,0.0,3,SUR,1.18,
TQBR,2024-12-10,Роснефть,ROSN,57839,1919780664.75,491.8,482.05,494.9,483.85,487.15,484.6,3940688,487.45,487.45,,1752629980.05,1752629980.05,,0.0,3,SUR,-1.31,
TQBR,2024-12-11,Роснефть,ROSN,43114,1254538980.55,483.5,480.4,490.2,483.75,483.9,488.75,2592534,483.25,483.25,,968003681.4,968003681.4,,0.0,3,SUR,0.86,
TQBR,2024-12-12,Роснефть,ROSN,72232,2011061247.4,488.15,484.05,493.95,484.95,488.55,485.45,4116354,488.9,488.9,,1655558110.75,1655558110.75,,0.0,3,SUR,-0.68,
TQBR,2024-12-13,Роснефть,ROSN,71050,2897007768.0,485.5,473.0,487.45,484.25,480.85,483.65,6024838,480.65,480.65,,2705670685.3,2705670685.3,,0.0,3,SUR,-0.37,
TQBR,2024-12-16,Роснефть,ROSN,60507,1751734389.5,483.6,473.1,483.65,475.1,477.15,477.4,3671178,477.35,477.35,,1471286093.75,1471286093.75,,0.0,3,SUR,-1.29,
TQBR,2024-12-17,Роснефть,ROSN,48644,1461675567.9,476.0,475.5,481.9,478.1,479.1,480.65,3050790,479.0,479.0,,1290589667.7,1290589667.7,,0.0,3,SUR,0.68,
TQBR,2024-12-18,Роснефть,ROSN,41742,1631290452.25,481.5,479.35,489.9,483.45,483.05,487.7,3376894,481.65,481.65,,1153679883.6,1153679883.6,,0.0,3,SUR,1.47,
TQBR,2024-12-19,Роснефть,ROSN,110779,5358404956.55,489.1,485.7,507.7,506.4,497.7,506.15,10766204,496.75,496.75,,4690114112.7,4690114112.7,,0.0,3,SUR,3.78,
TQBR,2024-12-20,Роснефть,ROSN,223501,10445333266.85,506.15,501.0,566.45,562.5,541.75,559.6,19287888,539.6,539.6,,9205901364.1,9205901364.1,,0.0,3,SUR,10.56,
TQBR,2024-12-23,Роснефть,ROSN,171976,7752720689.0,562.0,560.5,586.4,574.0,575.25,569.9,13480119,575.35,575.35,,7126931566.9,7126931566.9,,0.0,3,SUR,1.84,
TQBR,2024-12-24,Роснефть,ROSN,90711,3615625996.15,570.5,566.65,582.0,574.5,575.7,572.7,6280587,575.9,575.9,,3385219856.9,3385219856.9,,0.0,3,SUR,0.49,
TQBR,2024-12-25,Роснефть,ROSN,83832,4351118322.75,572.65,565.5,585.0,579.0,576.9,581.95,7542112,576.55,576.55,,4023753641.4,4023753641.4,,0.0,3,SUR,1.62,
TQBR,2024-12-26,Роснефть,ROSN,95319,2918908792.7,583.8,578.1,588.95,579.15,583.2,579.1,5004949,583.65,583.65,,2582572184.35,2582572184.35,,0.0,3,SUR,-0.49,
TQBR,2024-12-27,Роснефть,ROSN,134815,6878231039.4,579.1,577.35,598.8,590.5,591.65,591.0,11625717,591.55,591.55,,6236962376.8,6236962376.8,,0.0,3,SUR,2.05,
TQBR,2024-12-28,Роснефть,ROSN,73779,3055577971.55,592.1,591.5,598.25,594.6,595.95,596.0,5127048,596.0,596.0,,2736475165.35,2736475165.35,,0.0,3,SUR,0.85,
TQBR,2024-12-30,Роснефть,ROSN,94600,4080174478.8,597.0,595.05,607.95,605.6,602.15,606.05,6775944,601.7,601.7,,3589258974.65,3589258974.65,,0.0,3,SUR,1.69,
TQBR,2025-01-03,Роснефть,ROSN,81189,2938166629.0,611.35,586.25,611.8,596.05,596.3,596.1,4927429,596.25,596.25,,2609347984.2,2609347984.2,,0.0,3,SUR,-1.64,
TQBR,2025-01-06,Роснефть,ROSN,61062,2080481692.8,596.1,586.0,596.8,588.9,591.1,588.45,3519714,591.95,591.95,,1656357211.1,1656357211.1,,0.0,3,SUR,-1.28,
TQBR,2025-01-08,Роснефть,ROSN,45050,1473219880.75,590.25,588.6,594.75,592.25,592.4,593.45,2486776,592.4,592.4,,1209865421.25,1209865421.25,,0.0,3,SUR,0.85,
TQBR,2025-01-09,Роснефть,ROSN,159038,9419966992.65,592.0,567.2,597.2,569.65,574.25,574.8,16402571,574.6,574.6,,8399221067.8,8399221067.8,,0.0,3,SUR,-3.14,
TQBR,2025-01-10,Роснефть,ROSN,191630,9948697812.7,542.0,538.95,567.0,561.35,555.9,562.95,17897134,555.35,555.35,,9154381866.9,9154381866.9,,0.0,3,SUR,-2.06,
TQBR,2025-01-13,Роснефть,ROSN,173044,7884186794.95,565.15,540.0,568.95,547.8,552.35,545.5,14268010,553.15,553.15,,7314794335.95,7314794335.95,,0.0,3,SUR,-3.1,
TQBR,2025-01-14,Роснефть,ROSN,137310,5318992009.0,542.85,532.65,546.85,537.4,539.5,540.35,9856272,539.6,539.6,,4788086199.5,4788086199.5,,0.0,3,SUR,-0.94,
TQBR,2025-01-15,Роснефть,ROSN,93095,3630148693.45,540.5,534.55,548.8,535.65,540.55,547.6,6714627,538.0,538.0,,2131547108.05,2131547108.05,,0.0,3,SUR,1.34,
TQBR,2025-01-16,Роснефть,ROSN,91862,3624471631.95,548.7,544.0,554.0,549.5,549.1,546.4,6600975,549.15,549.15,,3364587939.45,3364587939.45,,0.0,3,SUR,-0.22,
TQBR,2025-01-17,Роснефть,ROSN,85066,3979345123.95,545.0,541.65,558.95,555.0,551.65,554.9,7212748,551.45,551.45,,3618639005.9,3618639005.9,,0.0,3,SUR,1.56,
TQBR,2025-01-20,Роснефть,ROSN,155693,4463145590.95,557.9,535.35,559.1,542.8,546.45,537.7,8172986,547.95,547.95,,3521772364.65,3521772364.65,,0.0,3,SUR,-3.1,
TQBR,2025-01-21,Роснефть,ROSN,62953,2398958543.25,538.05,531.6,544.3,540.15,538.6,542.1,4453374,538.45,538.45,,2142831389.0,2142831389.0,,0.0,3,SUR,0.82,
TQBR,2025-01-22,Роснефть,ROSN,70310,3152247061.05,542.1,537.5,551.8,549.65,544.15,540.0,5792971,544.8,544.8,,2254358427.7,2254358427.7,,0.0,3,SUR,-0.39,
TQBR,2025-01-23,Роснефть,ROSN,55479,2289200846.35,539.0,535.3,544.0,536.3,538.8,539.1,4248693,538.95,538.95,,1796572913.05,1796572913.05,,0.0,3,SUR,-0.17,
TQBR,2025-01-24,Роснефть,ROSN,58696,1734961454.15,540.2,535.0,542.35,537.4,538.35,535.85,3222671,538.7,538.7,,1447629196.35,1447629196.35,,0.0,3,SUR,-0.6,
TQBR,2025-01-27,Роснефть,ROSN,161305,4703500528.65,535.85,515.0,538.75,516.45,522.65,516.35,8997150,522.7,522.7,,3727464162.7,3727464162.7,,0.0,3,SUR,-3.64,
TQBR,2025-01-28,Роснефть,ROSN,133673,4912147380.25,517.75,510.15,536.2,528.8,524.2,534.85,9372223,523.55,523.55,,3783887607.4,3783887607.4,,0.0,3,SUR,3.58,
TQBR,2025-01-29,Роснефть,ROSN,76043,2454760981.3,534.85,531.5,540.9,535.85,535.9,535.6,4580791,535.65,535.65,,1761426704.3,1761426704.3,,0.0,3,SUR,0.14,
TQBR,2025-01-30,Роснефть,ROSN,64634,1862314086.4,537.0,531.0,537.0,535.0,533.85,534.85,3487474,533.85,533.85,,1543591614.35,1543591614.35,,0.0,3,SUR,-0.14,
TQBR,2025-01-31,Роснефть,ROSN,108737,3621471564.6,534.9,523.15,539.0,529.35,531.1,526.8,6818036,531.05,531.05,,3122209801.5,3122209801.5,,0.0,3,SUR,-1.51,
TQBR,2025-02-03,Роснефть,ROSN,111552,2487226489.95,526.9,516.4,527.7,516.4,521.05,519.2,4773374,521.0,521.0,,1911081150.4,1911081150.4,,0.0,3,SUR,-1.44,
TQBR,2025-02-04,Роснефть,ROSN,57824,1625718527.25,520.0,515.35,525.0,519.1,519.85,518.95,3127284,520.35,520.35,,1220499966.1,1220499966.1,,0.0,3,SUR,-0.05,
TQBR,2025-02-05,Роснефть,ROSN,82348,2757589954.1,517.6,512.3,524.3,515.0,517.4,522.05,5330193,516.1,516.1,,2031726196.35,2031726196.35,,0.0,3,SUR,0.6,
TQBR,2025-02-06,Роснефть,ROSN,77819,3226333678.65,522.65,517.0,531.7,529.2,524.6,528.2,6148094,524.15,524.15,,2701157537.95,2701157537.95,,0.0,3,SUR,1.18,
TQBR,2025-02-07,Роснефть,ROSN,76948,2672920255.2,527.0,527.0,536.0,530.75,531.7,530.25,5026936,531.8,531.8,,2042806467.4,2042806467.4,,0.0,3,SUR,0.39,
TQBR,2025-02-10,Роснефть,ROSN,96016,2927921634.8,532.3,528.65,542.5,539.95,537.3,533.15,5449754,538.15,538.15,,1752847526.8,1752847526.8,,0.0,3,SUR,0.55,
TQBR,2025-02-11,Роснефть,ROSN,66064,2539876896.25,533.8,529.8,542.0,539.9,536.75,538.9,4732140,536.65,536.65,,2028876681.9,2028876681.9,,0.0,3,SUR,1.08,
TQBR,2025-02-12,Роснефть,ROSN,155055,7086310700.5,541.0,538.2,583.7,540.0,554.9,577.85,12770788,544.55,544.55,,1996386588.95,1996386588.95,,0.0,3,SUR,7.23,
TQBR,2025-02-13,Роснефть,ROSN,197228,9252176296.35,578.1,556.75,594.0,577.0,576.55,573.3,16044421,572.45,572.45,,5977874871.45,5977874871.45,,0.0,3,SUR,-0.79,
TQBR,2025-02-14,Роснефть,ROSN,130920,7374059617.55,615.0,519.55,615.0,565.35,568.2,561.95,12978048,568.2,568.2,,6108649482.8,6108649482.8,,0.0,3,SUR,-1.98,
TQBR,2025-02-17,Роснефть,ROSN,97071,3604969990.2,569.8,566.1,585.25,584.9,576.1,585.2,6257644,575.45,575.45,,2600708146.1,2600708146.1,,0.0,3,SUR,4.14,
TQBR,2025-02-18,Роснефть,ROSN,103963,4958088756.6,585.35,566.65,593.6,573.2,580.7,574.2,8536830,581.75,581.75,,4076706043.15,4076706043.15,,0.0,3,SUR,-1.88,
TQBR,2025-02-19,Роснефть,ROSN,60715,2355608163.75,575.2,564.6,579.0,570.9,572.85,575.95,4112238,571.5,571.5,,1664230376.65,1664230376.65,,0.0,3,SUR,0.3,
TQBR,2025-02-20,Роснефть,ROSN,60212,1806919866.75,576.0,573.15,584.4,577.65,578.95,577.95,3118831,579.75,579.75,,1513779195.15,1513779195.15,,0.0,3,SUR,0.35,
TQBR,2025-02-21,Роснефть,ROSN,56183,2230828124.35,580.2,567.0,581.7,572.5,573.75,572.55,3888171,573.7,573.7,,1868557436.8,1868557436.8,,0.0,3,SUR,-0.93,
TQBR,2025-02-24,Роснефть,ROSN,135747,5154997009.15,571.0,554.4,573.7,563.6,562.8,569.45,9153167,562.5,562.5,,4270099178.15,4270099178.15,,0.0,3,SUR,-0.54,
TQBR,2025-02-25,Роснефть,ROSN,161260,5871164406.55,569.5,567.05,585.9,577.0,579.9,582.8,10120498,580.75,580.75,,5034337980.3,5034337980.3,,0.0,3,SUR,2.34,
TQBR,2025-02-26,Роснефть,ROSN,132411,4678696799.8,583.0,562.15,584.8,572.0,571.25,569.25,8190461,571.0,571.0,,3688613009.55,3688613009.55,,0.0,3,SUR,-2.32,
TQBR,2025-02-27,Роснефть,ROSN,108346,4182266204.6,570.0,551.0,571.95,558.95,560.0,552.85,7468538,560.6,560.6,,3144444718.9,3144444718.9,,0.0,3,SUR,-2.88,
TQBR,2025-02-28,Роснефть,ROSN,97775,3889828370.8,552.85,541.0,562.25,559.8,551.4,556.05,7058501,548.8,548.8,,2735268148.65,2735268148.65,,0.0,3,SUR,0.58,
TQBR,2025-03-03,Роснефть,ROSN,131640,4948281252.85,559.45,535.1,560.8,539.2,541.25,539.0,9139063,540.4,540.4,,3663394214.4,3663394214.4,,0.0,3,SUR,-3.07,2025-03-03
TQBR,2025-03-04,Роснефть,ROSN,153878,7493097804.95,539.55,532.0,549.5,536.0,540.4,540.1,13868927,539.95,539.95,,6001231567.15,6001231567.15,,0.0,3,SUR,0.2,2025-03-04
TQBR,2025-03-05,Роснефть,ROSN,115523,5320165399.75,541.0,530.0,541.8,536.1,535.35,530.5,9937774,535.7,535.7,,3747813017.0,3747813017.0,,0.0,3,SUR,-1.78,2025-03-05
TQBR,2025-03-06,Роснефть,ROSN,71780,2660454867.1,531.0,528.55,535.85,530.3,532.2,529.55,4999234,532.25,532.25,,2009211579.45,2009211579.45,,0.0,3,SUR,-0.18,2025-03-06
TQBR,2025-03-07,Роснефть,ROSN,102543,3956237659.2,531.4,520.4,536.95,525.0,531.05,528.8,7449942,531.25,531.25,,3171507010.25,3171507010.25,,0.0,3,SUR,-0.14,2025-03-07
TQBR,2025-03-10,Роснефть,ROSN,68560,1955913115.65,528.9,525.6,534.7,528.55,530.0,527.3,3690111,530.25,530.25,,1459630915.45,1459630915.45,,0.0,3,SUR,-0.28,2025-03-10
TQBR,2025-03-11,Роснефть,ROSN,87104,1838839577.1,528.0,523.5,531.0,529.0,527.1,527.35,3488708,527.05,527.05,,929931021.4,929931021.4,,0.0,3,SUR,0.01,2025-03-11
TQBR,2025-03-12,Роснефть,ROSN,65908,2645841836.75,528.0,523.05,535.05,535.0,531.05,533.7,4982218,530.9,530.9,,2208039557.2,2208039557.2,,0.0,3,SUR,1.2,2025-03-12
TQBR,2025-03-13,Роснефть,ROSN,107933,5012303248.65,533.7,518.4,537.5,526.05,527.85,528.15,9494753,525.25,525.25,,2850186102.6,2850186102.6,,0.0,3,SUR,-1.04,2025-03-13
TQBR,2025-03-14,Роснефть,ROSN,63132,2163833048.7,526.0,523.45,532.4,529.85,528.2,530.6,4096429,528.55,528.55,,1540674701.2,1540674701.2,,0.0,3,SUR,0.46,2025-03-14
TQBR,2025-03-17,Роснефть,ROSN,120642,4271180350.7,531.25,530.25,544.0,540.5,539.1,539.55,7921771,540.15,540.15,,2907749757.3,2907749757.3,,0.0,3,SUR,1.69,2025-03-17
TQBR,2025-03-18,Роснефть,ROSN,85824,3850703227.3,540.55,528.1,543.4,542.9,539.25,535.45,7141178,540.75,540.75,,2174516921.5,2174516921.5,,0.0,3,SUR,-0.76,2025-03-18
TQBR,2025-03-19,Роснефть,ROSN,48558,1600474548.4,537.9,530.0,539.6,538.7,535.05,535.9,2991314,534.35,534.35,,1234546924.25,1234546924.25,,0.0,3,SUR,0.08,2025-03-19
TQBR,2025-03-20,Роснефть,ROSN,70248,3217294649.25,537.25,527.75,539.5,537.1,533.95,536.85,6025276,533.35,533.35,,2715515634.3,2715515634.3,,0.0,3,SUR,0.18,2025-03-20
TQBR,2025-03-21,Роснефть,ROSN,66991,2270390651.65,537.4,531.9,541.85,533.65,537.6,534.6,4223281,537.9,537.9,,1969294752.05,1969294752.05,,0.0,3,SUR,-0.42,2025-03-21
TQBR,2025-03-24,Роснефть,ROSN,105121,3167688869.0,534.65,520.05,535.7,523.6,526.0,521.4,6020239,526.75,526.75,,2630478495.1,2630478495.1,,0.0,3,SUR,-2.47,2025-03-24
TQBR,2025-03-25,Роснефть,ROSN,97812,3402797747.5,521.45,510.75,525.35,517.85,517.95,521.7,6569664,517.2,517.2,,2732884864.5,2732884864.5,,0.0,3,SUR,0.06,2025-03-25
TQBR,2025-03-26,Роснефть,ROSN,51149,1291877914.55,522.05,512.6,523.5,514.9,517.9,513.75,2494589,518.4,518.4,,857265272.25,857265272.25,,0.0,3,SUR,-1.52,2025-03-26
TQBR,2025-03-27,Роснефть,ROSN,100197,2679067734.9,515.0,501.1,515.85,506.65,507.1,502.4,5284511,506.9,506.9,,2115903145.25,2115903145.25,,0.0,3,SUR,-2.21,2025-03-27
TQBR,2025-03-28,Роснефть,ROSN,154994,3453592383.15,501.0,495.35,508.9,500.0,500.75,496.75,6896629,500.85,500.85,,2781252559.6,2781252559.6,,0.0,3,SUR,-1.12,2025-03-28
TQBR,2025-03-31,Роснефть,ROSN,138068,4170845587.05,497.9,477.75,498.6,490.9,490.35,490.5,8503372,491.1,491.1,,2005959494.15,2005959494.15,,0.0,3,SUR,-1.26,2025-03-31
TQBR,2025-04-01,Роснефть,ROSN,113397,3968916917.7,492.5,473.5,497.7,479.3,483.75,474.6,8202585,485.45,485.45,,2802457021.75,2802457021.75,,0.0,3,SUR,-3.24,2025-04-01
TQBR,2025-04-02,Роснефть,ROSN,101316,4554323515.3,475.15,468.3,483.0,471.1,476.55,477.9,9552949,477.4,477.4,,3178596602.95,3178596602.95,,0.0,3,SUR,0.7,2025-04-02
TQBR,2025-04-03,Роснефть,ROSN,126163,4269943338.95,478.0,456.65,481.8,459.8,466.9,462.8,9140639,467.4,467.4,,3118187111.6,3118187111.6,,0.0,3,SUR,-3.16,2025-04-03
TQBR,2025-04-04,Роснефть,ROSN,212515,7230642277.95,465.0,441.1,466.95,444.6,449.85,441.3,16057207,450.3,450.3,,5869201436.05,5869201436.05,,0.0,3,SUR,-4.65,2025-04-04
TQBR,2025-04-07,Роснефть,ROSN,272127,11319808387.9,440.45,416.15,456.35,445.0,436.85,450.7,25903434,438.75,438.75,,6427572559.0,6427572559.0,,0.0,3,SUR,2.13,2025-04-07
TQBR,2025-04-08,Роснефть,ROSN,112704,4976585130.55,455.0,428.05,458.2,444.0,444.45,429.0,11196377,446.35,446.35,,2904360482.1,2904360482.1,,0.0,3,SUR,-4.81,2025-04-08
TQBR,2025-04-09,Роснефть,ROSN,167711,8117633051.8,427.45,416.35,449.8,424.2,432.0,446.0,18778908,426.6,426.6,,4554618900.2,4554618900.2,,0.0,3,SUR,3.96,2025-04-09
TQBR,2025-04-10,Роснефть,ROSN,98347,3914797565.7,447.6,433.65,454.0,440.65,443.75,438.0,8820743,444.85,444.85,,2797607052.1,2797607052.1,,0.0,3,SUR,-1.79,2025-04-10
TQBR,2025-04-11,Роснефть,ROSN,77433,2969879834.25,438.05,437.05,453.55,450.5,446.45,450.9,6652111,446.0,446.0,,2144174744.85,2144174744.85,,0.0,3,SUR,2.95,2025-04-11
TQBR,2025-04-14,Роснефть,ROSN,84717,2724239768.3,454.15,445.5,458.8,450.0,452.95,449.3,6014295,451.55,451.55,,1260899586.2,1260899586.2,,0.0,3,SUR,-0.35,2025-04-14
TQBR,2025-04-15,Роснефть,ROSN,35150,1107010350.0,449.5,446.5,454.0,449.5,450.75,452.05,2455806,450.75,450.75,,772538824.6,772538824.6,,0.0,3,SUR,0.61,2025-04-15
TQBR,2025-04-16,Роснефть,ROSN,50041,1568445984.15,451.05,447.5,459.2,456.1,452.1,452.25,3469196,452.1,452.1,,1205040526.25,1205040526.25,,0.0,3,SUR,0.04,2025-04-16
TQBR,2025-04-17,Роснефть,ROSN,143929,6461163452.4,453.45,453.0,479.9,472.15,469.15,478.7,13772614,467.65,467.65,,4585273132.6,4585273132.6,,0.0,3,SUR,5.85,2025-04-17
TQBR,2025-04-18,Роснефть,ROSN,86212,4118492502.7,473.65,467.55,478.0,475.45,473.0,476.85,8706899,472.45,472.45,,2893326534.4,2893326534.4,,0.0,3,SUR,-0.39,2025-04-18
TQBR,2025-04-21,Роснефть,ROSN,72648,2635358128.9,479.0,475.25,485.15,481.85,480.2,482.0,5487597,480.05,480.05,,1979290214.65,1979290214.65,,0.0,3,SUR,1.08,2025-04-21
TQBR,2025-04-22,Роснефть,ROSN,61713,3179353610.95,482.1,476.0,486.3,482.0,481.35,482.65,6605359,479.8,479.8,,1837292868.35,1837292868.35,,0.0,3,SUR,0.13,2025-04-22
TQBR,2025-04-23,Роснефть,ROSN,59838,2955493592.85,482.65,467.7,484.0,473.2,472.65,471.4,6253396,471.75,471.75,,1984502676.3,1984502676.3,,0.0,3,SUR,-2.33,2025-04-23
TQBR,2025-04-24,Роснефть,ROSN,43591,1506826889.25,471.4,468.0,474.2,470.5,471.45,469.9,3196295,471.6,471.6,,1120856146.4,1120856146.4,,0.0,3,SUR,-0.32,2025-04-24
TQBR,2025-04-25,Роснефть,ROSN,73462,2765868573.55,470.05,470.05,481.55,479.6,476.7,480.0,5801910,476.75,476.75,,2176087749.0,2176087749.0,,0.0,3,SUR,2.15,2025-04-25
TQBR,2025-04-28,Роснефть,ROSN,83398,3219424109.7,481.75,469.35,483.95,479.0,477.65,473.95,6740082,476.85,476.85,,2154844995.75,2154844995.75,,0.0,3,SUR,-1.26,2025-04-28
TQBR,2025-04-29,Роснефть,ROSN,68388,2033772203.35,474.0,455.3,476.6,464.5,465.8,457.95,4365921,467.35,467.35,,1339426922.65,1339426922.65,,0.0,3,SUR,-3.38,2025-04-29
TQBR,2025-04-30,Роснефть,ROSN,68180,1763547102.85,458.0,449.95,460.2,454.3,454.75,454.5,3878044,455.05,455.05,,1081683902.75,1081683902.75,,0.0,3,SUR,-0.75,2025-04-30
TQBR,2025-05-02,Роснефть,ROSN,48432,1111369166.85,455.95,435.35,455.95,440.8,443.65,435.7,2505013,444.35,444.35,,656928744.65,656928744.65,,0.0,3,SUR,-4.14,2025-05-02
TQBR,2025-05-05,Роснефть,ROSN,128813,3170432575.75,438.05,420.05,443.5,423.75,428.1,426.7,7405908,425.85,425.85,,2102688804.45,2102688804.45,,0.0,3,SUR,-2.07,2025-05-05
TQBR,2025-05-06,Роснефть,ROSN,62317,2042407969.8,427.5,422.6,436.0,434.9,431.25,430.25,4736149,431.5,431.5,,1222863768.1,1222863768.1,,0.0,3,SUR,0.83,2025-05-06
TQBR,2025-05-07,Роснефть,ROSN,51811,1304422336.1,430.0,428.05,440.85,439.0,434.35,438.0,3003208,433.95,433.95,,951661825.35,951661825.35,,0.0,3,SUR,1.8,2025-05-07
TQBR,2025-05-08,Роснефть,ROSN,37730,1218268840.05,438.0,438.0,449.0,444.3,444.2,443.9,2742625,444.65,444.65,,961694741.6,961694741.6,,0.0,3,SUR,1.35,2025-05-08
TQBR,2025-05-12,Роснефть,ROSN,82389,2678642639.25,446.0,443.9,463.0,457.6,456.65,456.4,5866818,458.85,458.85,,1692045848.95,1692045848.95,,0.0,3,SUR,2.82,2025-05-12
TQBR,2025-05-13,Роснефть,ROSN,36564,994530829.75,458.0,450.35,458.6,456.5,454.55,455.85,2187834,454.15,454.15,,795438887.55,795438887.55,,0.0,3,SUR,-0.12,2025-05-13
TQBR,2025-05-14,Роснефть,ROSN,55727,2268286380.15,455.0,438.35,456.6,453.7,450.4,438.8,5035966,451.8,451.8,,1502697396.0,1502697396.0,,0.0,3,SUR,-3.74,2025-05-14
TQBR,2025-05-15,Роснефть,ROSN,61939,1879723273.5,438.6,435.05,446.45,442.35,441.2,442.15,4260507,440.85,440.85,,1362339319.45,1362339319.45,,0.0,3,SUR,0.76,2025-05-15
TQBR,2025-05-16,Роснефть,ROSN,53811,1683330284.15,444.0,431.25,445.5,438.75,439.1,439.85,3833620,438.7,438.7,,1347717713.4,1347717713.4,,0.0,3,SUR,-0.52,2025-05-16
TQBR,2025-05-19,Роснефть,ROSN,72532,1812832015.15,439.85,436.9,448.25,443.55,442.4,439.0,4097603,442.15,442.15,,813126223.6,813126223.6,,0.0,3,SUR,-0.19,2025-05-19
TQBR,2025-05-20,Роснефть,ROSN,51405,1142714896.1,440.3,429.8,440.9,430.9,433.9,432.3,2633709,434.35,434.35,,855481907.1,855481907.1,,0.0,3,SUR,-1.53,2025-05-20
TQBR,2025-05-21,Роснефть,ROSN,41685,995798578.4,432.75,427.55,433.8,429.9,430.95,429.35,2310659,430.95,430.95,,835365501.5,835365501.5,,0.0,3,SUR,-0.68,2025-05-21
TQBR,2025-05-22,Роснефть,ROSN,65221,1985431890.65,429.45,422.15,430.15,426.15,425.45,423.85,4667356,425.45,425.45,,1670172052.05,1670172052.05,,0.0,3,SUR,-1.28,2025-05-22
TQBR,2025-05-23,Роснефть,ROSN,55474,1476620748.85,423.85,418.45,427.45,422.0,422.15,420.7,3497999,421.95,421.95,,1223556022.75,1223556022.75,,0.0,3,SUR,-0.74,2025-05-23
TQBR,2025-05-26,Роснефть,ROSN,87844,1793799577.0,420.7,410.6,421.45,412.05,414.25,413.9,4330065,413.8,413.8,,1260416790.6,1260416790.6,,0.0,3,SUR,-1.62,2025-05-26
TQBR,2025-05-27,Роснефть,ROSN,70674,2237049431.4,413.45,408.35,418.8,415.95,412.85,413.65,5414542,413.15,413.15,,1739417524.3,1739417524.3,,0.0,3,SUR,-0.06,2025-05-27
TQBR,2025-05-28,Роснефть,ROSN,65084,2142948468.75,413.4,413.4,429.0,422.55,420.25,428.15,5098701,419.15,419.15,,1518700170.6,1518700170.6,,0.0,3,SUR,3.51,2025-05-28
TQBR,2025-05-29,Роснефть,ROSN,72230,2659911740.5,429.0,424.6,437.45,429.85,430.8,424.95,6175308,431.5,431.5,,1983981980.45,1983981980.45,,0.0,3,SUR,-0.75,2025-05-29
TQBR,2025-05-30,Роснефть,ROSN,46022,1938648906.55,424.8,420.4,432.9,427.0,428.15,427.15,4528164,429.05,429.05,,1489815408.2,1489815408.2,,0.0,3,SUR,0.52,2025-05-30
TQBR,2025-06-02,Роснефть,ROSN,95183,3318372256.4,427.35,416.4,439.5,437.75,429.5,438.7,7726185,430.45,430.45,,1887758494.4,1887758494.4,,0.0,3,SUR,2.7,2025-06-02
TQBR,2025-06-03,Роснефть,ROSN,50562,1489162820.6,438.9,435.85,444.95,443.65,441.4,444.15,3372918,440.85,440.85,,1097554355.3,1097554355.3,,0.0,3,SUR,1.24,2025-06-03
TQBR,2025-06-04,Роснефть,ROSN,110344,2705626916.35,444.3,432.45,450.0,436.35,440.85,435.45,6133578,441.6,441.6,,2094486634.75,2094486634.75,,0.0,3,SUR,-1.96,2025-06-04
TQBR,2025-06-05,Роснефть,ROSN,46387,1465581390.45,435.45,434.35,443.0,438.8,438.5,437.9,3341735,438.9,438.9,,994421801.55,994421801.55,,0.0,3,SUR,0.56,2025-06-05
TQBR,2025-06-06,Роснефть,ROSN,79754,3581969067.45,437.95,429.0,447.4,430.0,436.75,429.2,8202344,437.25,437.25,,3192448839.8,3192448839.8,,0.0,3,SUR,-1.99,2025-06-06
TQBR,2025-06-09,Роснефть,ROSN,61910,1286374244.55,430.65,422.65,433.85,424.25,426.2,425.75,3017684,424.9,424.9,,807048066.75,807048066.75,,0.0,3,SUR,-0.8,2025-06-09
TQBR,2025-06-10,Роснефть,ROSN,111752,3960576909.1,426.6,406.6,429.45,412.0,412.95,411.15,9584449,413.3,413.3,,3430591462.25,3430591462.25,,0.0,3,SUR,-3.43,2025-06-10
TQBR,2025-06-11,Роснефть,ROSN,77326,1476337025.75,411.6,408.1,417.35,416.35,414.25,415.4,3563776,414.7,414.7,,1017045589.65,1017045589.65,,0.0,3,SUR,1.03,2025-06-11
TQBR,2025-06-13,Роснефть,ROSN,162184,7498894345.1,428.65,424.0,444.4,438.7,435.95,444.4,17200829,436.3,436.3,,4790375054.5,4790375054.5,,0.0,3,SUR,6.98,2025-06-13
TQBR,2025-06-16,Роснефть,ROSN,273379,17016398227.95,446.8,433.15,457.6,437.0,446.15,436.15,38131341,440.0,440.0,,5425140610.05,5425140610.05,,0.0,3,SUR,-1.86,2025-06-16
TQBR,2025-06-17,Роснефть,ROSN,113715,6627461783.05,438.0,436.5,457.8,452.2,448.15,456.95,14787413,446.8,446.8,,4201541706.2,4201541706.2,,0.0,3,SUR,4.77,2025-06-17
TQBR,2025-06-18,Роснефть,ROSN,94812,6067992488.55,457.95,448.2,459.0,455.9,454.5,454.85,13351046,454.1,454.1,,4351312949.8,4351312949.8,,0.0,3,SUR,-0.46,2025-06-18
TQBR,2025-06-19,Роснефть,ROSN,85958,4635473793.75,454.85,452.15,459.65,459.0,456.0,455.6,10165989,456.2,456.2,,3307893335.25,3307893335.25,,0.0,3,SUR,0.16,2025-06-19
TQBR,2025-06-20,Роснефть,ROSN,52213,2643504864.85,453.35,445.55,456.35,445.55,450.75,448.75,5865029,450.85,450.85,,1901985566.85,1901985566.85,,0.0,3,SUR,-1.5,2025-06-20
TQBR,2025-06-23,Роснефть,ROSN,140083,7801762435.8,458.0,435.95,459.35,455.05,452.1,440.0,17255969,455.4,455.4,,2659648797.75,2659648797.75,,0.0,3,SUR,-1.95,2025-06-23
TQBR,2025-06-24,Роснефть,ROSN,87039,4891263265.0,436.0,427.3,438.7,433.85,433.4,436.8,11286256,432.95,432.95,,2842795909.05,2842795909.05,,0.0,3,SUR,-0.73,2025-06-24
TQBR,2025-06-25,Роснефть,ROSN,48184,1828790033.8,436.8,433.7,440.55,434.4,436.4,435.05,4190573,435.85,435.85,,1167874436.05,1167874436.05,,0.0,3,SUR,-0.4,2025-06-25
TQBR,2025-06-26,Роснефть,ROSN,37864,1131882257.1,436.4,433.05,436.75,435.3,435.0,435.15,2601988,434.9,434.9,,835249644.55,835249644.55,,0.0,3,SUR,0.02,2025-06-26
TQBR,2025-06-27,Роснефть,ROSN,42147,1872312543.15,435.5,433.05,439.45,436.95,436.2,438.75,4290864,435.9,435.9,,1471690029.85,1471690029.85,,0.0,3,SUR,0.83,2025-06-27
TQBR,2025-06-30,Роснефть,ROSN,82877,2054558178.35,439.4,435.5,444.5,444.5,440.15,442.3,4667369,439.9,439.9,,1277102362.35,1277102362.35,,0.0,3,SUR,0.81,2025-06-30
TQBR,2025-07-01,Роснефть,ROSN,45846,1698005407.95,442.0,438.7,447.25,441.5,443.1,439.75,3832478,443.6,443.6,,1304328718.4,1304328718.4,,0.0,3,SUR,-0.58,2025-07-01
TQBR,2025-07-02,Роснефть,ROSN,46887,1593155336.05,440.0,431.55,441.4,433.3,435.7,435.0,3656840,435.25,435.25,,1238691715.65,1238691715.65,,0.0,3,SUR,-1.08,2025-07-02
TQBR,2025-07-03,Роснефть,ROSN,57372,1904041047.5,434.35,426.0,437.35,426.8,432.2,427.3,4406445,432.8,432.8,,1493536144.15,1493536144.15,,0.0,3,SUR,-1.77,2025-07-03
TQBR,2025-07-04,Роснефть,ROSN,47793,1367434357.0,426.0,422.5,430.4,426.45,427.05,426.7,3202929,427.6,427.6,,998379282.15,998379282.15,,0.0,3,SUR,-0.14,2025-07-04
TQBR,2025-07-07,Роснефть,ROSN,56135,1310639130.95,426.9,423.95,429.9,426.2,426.7,426.6,3071615,427.05,427.05,,947197651.75,947197651.75,,0.0,3,SUR,-0.02,2025-07-07
TQBR,2025-07-08,Роснефть,ROSN,75545,1751680747.5,426.6,414.6,427.55,420.6,420.05,415.25,4169389,420.9,420.9,,1227059835.95,1227059835.95,,0.0,3,SUR,-2.66,2025-07-08
TQBR,2025-07-09,Роснефть,ROSN,85818,2498854687.25,415.75,404.75,418.35,407.1,409.9,410.25,6095731,409.75,409.75,,1848759323.7,1848759323.7,,0.0,3,SUR,-1.2,2025-07-09
TQBR,2025-07-10,Роснефть,ROSN,37343,1214597054.5,410.55,410.3,417.75,417.25,414.45,413.2,2930747,414.65,414.65,,894404943.65,894404943.65,,0.0,3,SUR,0.72,2025-07-10
TQBR,2025-07-11,Роснефть,ROSN,78016,2190209540.35,414.7,400.6,414.8,401.75,406.15,402.25,5392456,406.25,406.25,,1749622974.15,1749622974.15,,0.0,3,SUR,-2.65,2025-07-11
TQBR,2025-07-14,Роснефть,ROSN,110672,3631660833.9,402.45,395.0,425.0,417.0,408.0,422.25,8900251,407.05,407.05,,2069619066.7,2069619066.7,,0.0,3,SUR,4.97,2025-07-14
TQBR,2025-07-15,Роснефть,ROSN,61256,1462413035.1,423.0,416.4,423.0,420.5,419.5,419.15,3485653,419.15,419.15,,1103746628.65,1103746628.65,,0.0,3,SUR,-0.73,2025-07-15
TQBR,2025-07-16,Роснефть,ROSN,53325,1545397978.5,419.15,416.55,426.35,421.35,421.9,422.0,3662877,422.15,422.15,,1218082251.05,1218082251.05,,0.0,3,SUR,0.68,2025-07-16
TQBR,2025-07-17,Роснефть,ROSN,52562,1931091179.55,421.95,419.35,428.0,424.4,423.85,420.7,4555871,425.0,425.0,,1175499767.5,1175499767.5,,0.0,3,SUR,-0.31,2025-07-17
TQBR,2025-07-18,Роснефть,ROSN,55967,2182663635.0,406.0,405.7,415.2,414.45,412.05,414.35,5297533,411.75,411.75,,1964594244.8,1964594244.8,,0.0,3,SUR,-1.51,2025-07-18
TQBR,2025-07-21,Роснефть,ROSN,59824,1531555941.4,414.0,413.9,421.0,419.0,417.6,417.6,3667440,417.3,417.3,,722796023.9,722796023.9,,0.0,3,SUR,0.78,2025-07-21
TQBR,2025-07-22,Роснефть,ROSN,32954,793179443.65,417.25,415.0,420.05,419.65,417.85,419.6,1898215,417.85,417.85,,619283285.0,619283285.0,,0.0,3,SUR,0.48,2025-07-22
TQBR,2025-07-23,Роснефть,ROSN,38502,1445555115.95,419.8,419.8,427.0,425.0,424.5,424.7,3405332,424.95,424.95,,934722883.45,934722883.45,,0.0,3,SUR,1.22,2025-07-23
TQBR,2025-07-24,Роснефть,ROSN,32670,717120827.35,425.0,420.5,426.1,422.0,422.7,422.5,1696598,422.65,422.65,,537162349.3,537162349.3,,0.0,3,SUR,-0.52,2025-07-24
TQBR,2025-07-25,Роснефть,ROSN,63834,1336330239.95,423.1,415.3,425.05,417.6,419.95,418.0,3182023,420.25,420.25,,1089897367.15,1089897367.15,,0.0,3,SUR,-1.07,2025-07-25
TQBR,2025-07-28,Роснефть,ROSN,96976,2323555006.7,418.05,413.6,424.65,416.0,418.5,415.05,5552284,418.8,418.8,,1935278117.45,1935278117.45,,0.0,3,SUR,-0.71,2025-07-28
TQBR,2025-07-29,Роснефть,ROSN,76881,2736324527.8,415.6,413.6,430.3,427.5,423.2,425.95,6465524,422.8,422.8,,1806476639.9,1806476639.9,,0.0,3,SUR,2.63,2025-07-29
TQBR,2025-07-30,Роснефть,ROSN,65346,2082031090.8,426.05,417.45,430.55,420.0,423.3,419.4,4918766,423.15,423.15,,1631960116.25,1631960116.25,,0.0,3,SUR,-1.54,2025-07-30
TQBR,2025-07-31,Роснефть,ROSN,25792,869057619.95,419.85,416.2,422.6,419.05,419.15,419.65,2073270,418.7,418.7,,649529447.5,649529447.5,,0.0,3,SUR,0.06,2025-07-31
TQBR,2025-08-01,Роснефть,ROSN,37840,1011525288.5,420.1,415.0,423.3,417.75,419.7,416.85,2410052,420.35,420.35,,665486334.6,665486334.6,,0.0,3,SUR,-0.67,2025-08-01
TQBR,2025-08-04,Роснефть,ROSN,76824,1745094966.7,417.4,417.4,429.2,427.5,425.0,429.1,4106111,424.7,424.7,,1423313162.25,1423313162.25,,0.0,3,SUR,2.94,2025-08-04
TQBR,2025-08-05,Роснефть,ROSN,90869,3938073791.05,429.2,426.0,436.65,435.35,433.4,435.75,9086289,433.45,433.45,,3458823140.4,3458823140.4,,0.0,3,SUR,1.55,2025-08-05
TQBR,2025-08-06,Роснефть,ROSN,102051,5165788983.45,436.1,424.35,449.4,425.5,434.75,438.4,11882015,430.15,430.15,,2029672188.1,2029672188.1,,0.0,3,SUR,0.61,2025-08-06
TQBR,2025-08-07,Роснефть,ROSN,139251,4587920311.3,438.4,435.6,453.5,447.0,445.9,445.05,10289287,446.3,446.3,,3535443239.65,3535443239.65,,0.0,3,SUR,1.52,2025-08-07
TQBR,2025-08-08,Роснефть,ROSN,50134,2264419134.3,446.35,440.1,455.2,449.35,447.6,455.2,5058826,445.6,445.6,,1435782172.2,1435782172.2,,0.0,3,SUR,2.28,2025-08-08
TQBR,2025-08-11,Роснефть,ROSN,110554,3238827704.35,458.4,458.1,470.55,461.35,463.85,461.55,6982200,463.1,463.1,,1436167808.3,1436167808.3,,0.0,3,SUR,1.39,2025-08-11
TQBR,2025-08-12,Роснефть,ROSN,36605,1415378605.6,461.6,456.8,464.6,463.2,460.65,461.5,3072361,460.65,460.65,,1097708361.35,1097708361.35,,0.0,3,SUR,-0.01,2025-08-12
TQBR,2025-08-13,Роснефть,ROSN,52671,1486009647.7,462.45,453.7,463.6,458.25,458.4,456.6,3241596,458.4,458.4,,1242776176.0,1242776176.0,,0.0,3,SUR,-1.06,2025-08-13
TQBR,2025-08-14,Роснефть,ROSN,90299,3868517786.7,456.3,452.75,475.3,471.8,467.4,474.75,8275820,466.35,466.35,,2987931298.2,2987931298.2,,0.0,3,SUR,3.98,2025-08-14
TQBR,2025-08-15,Роснефть,ROSN,127217,5929464033.65,474.75,471.3,491.4,485.4,482.6,487.35,12281225,481.8,481.8,,4028026670.35,4028026670.35,,0.0,3,SUR,2.65,2025-08-15
TQBR,2025-08-18,Роснефть,ROSN,107958,6293057815.7,472.9,467.7,482.2,470.0,472.7,475.2,13309476,470.25,470.25,,2196971608.1,2196971608.1,,0.0,3,SUR,-2.49,2025-08-18
TQBR,2025-08-19,Роснефть,ROSN,52558,2916456366.15,477.5,463.1,480.8,470.9,473.7,466.8,6157687,476.95,476.95,,1446892802.65,1446892802.65,,0.0,3,SUR,-1.77,2025-08-19
TQBR,2025-08-20,Роснефть,ROSN,36171,1510264810.7,466.8,461.1,471.05,461.7,465.3,463.25,3245713,465.45,465.45,,1232639611.85,1232639611.85,,0.0,3,SUR,-0.76,2025-08-20
TQBR,2025-08-21,Роснефть,ROSN,41116,2212912899.1,463.8,453.2,467.1,460.1,461.2,454.75,4798080,463.0,463.0,,1420006495.65,1420006495.65,,0.0,3,SUR,-1.83,2025-08-21
TQBR,2025-08-22,Роснефть,ROSN,56119,1758031670.75,455.0,453.5,459.25,457.4,456.2,456.35,3853382,456.15,456.15,,1398455174.9,1398455174.9,,0.0,3,SUR,0.35,2025-08-22
TQBR,2025-08-25,Роснефть,ROSN,75420,2439428354.85,457.5,451.6,464.55,458.1,457.4,458.4,5333424,457.65,457.65,,1987496691.05,1987496691.05,,0.0,3,SUR,0.45,2025-08-25
TQBR,2025-08-26,Роснефть,ROSN,38666,1583623242.2,458.4,454.6,464.0,457.2,459.95,461.65,3443003,459.15,459.15,,802827307.7,802827307.7,,0.0,3,SUR,0.71,2025-08-26
TQBR,2025-08-27,Роснефть,ROSN,35740,1792661689.25,461.85,460.85,467.4,466.5,464.85,465.6,3856340,465.05,465.05,,1129855181.65,1129855181.65,,0.0,3,SUR,0.86,2025-08-27
TQBR,2025-08-28,Роснефть,ROSN,40416,1748271979.35,465.85,453.9,466.45,459.55,459.4,456.15,3805528,461.25,461.25,,942037399.65,942037399.65,,0.0,3,SUR,-2.03,2025-08-28
TQBR,2025-08-29,Роснефть,ROSN,37105,1289984205.55,456.55,456.25,461.95,461.95,458.9,459.75,2811191,458.9,458.9,,1042666195.45,1042666195.45,,0.0,3,SUR,0.79,2025-08-29
TQBR,2025-09-01,Роснефть,ROSN,46180,1886070710.9,459.8,458.35,469.2,460.3,464.1,461.1,4063925,464.2,464.2,,767621475.7,767621475.7,,0.0,3,SUR,0.29,2025-09-01
TQBR,2025-09-02,Роснефть,ROSN,58067,2932234112.05,461.0,445.5,463.55,447.2,453.75,451.8,6462894,454.15,454.15,,2325531558.55,2325531558.55,,0.0,3,SUR,-2.02,2025-09-02
TQBR,2025-09-03,Роснефть,ROSN,55941,1816252218.9,451.8,443.1,452.0,445.45,446.25,447.95,4070362,445.95,445.95,,1538369371.8,1538369371.8,,0.0,3,SUR,-0.85,2025-09-03
TQBR,2025-09-04,Роснефть,ROSN,30070,1133323538.25,448.2,445.4,452.5,448.4,449.45,449.55,2521571,449.65,449.65,,836006809.5,836006809.5,,0.0,3,SUR,0.36,2025-09-04
TQBR,2025-09-05,Роснефть,ROSN,36388,1954481626.8,450.35,448.15,459.9,458.25,455.0,459.4,4294990,454.15,454.15,,1366736697.9,1366736697.9,,0.0,3,SUR,2.19,2025-09-05
TQBR,2025-09-08,Роснефть,ROSN,32710,1094548358.4,459.15,455.65,459.8,458.0,457.8,458.0,2390896,457.55,457.55,,670178740.45,670178740.45,,0.0,3,SUR,-0.3,2025-09-08
TQBR,2025-09-09,Роснефть,ROSN,41148,2678966543.9,458.0,458.0,470.0,467.3,463.35,467.7,5781858,462.0,462.0,,1954653330.5,1954653330.5,,0.0,3,SUR,2.12,2025-09-09
TQBR,2025-09-10,Роснефть,ROSN,37543,1643452664.35,467.6,460.1,468.0,463.4,463.8,461.65,3543624,463.75,463.75,,1234283932.35,1234283932.35,,0.0,3,SUR,-1.29,2025-09-10
TQBR,2025-09-11,Роснефть,ROSN,78209,1041384104.45,461.9,459.05,467.25,465.8,462.85,464.55,2250027,462.35,462.35,,833475085.8,833475085.8,,0.0,3,SUR,0.63,2025-09-11
TQBR,2025-09-12,Роснефть,ROSN,56983,2410418044.5,465.3,446.5,465.9,448.7,453.95,448.4,5309792,454.7,454.7,,2017483886.7,2017483886.7,,0.0,3,SUR,-3.48,2025-09-12
TQBR,2025-09-15,Роснефть,ROSN,68267,2228724099.75,448.4,436.75,451.4,439.8,442.5,440.8,5036697,441.1,441.1,,1611442287.2,1611442287.2,,0.0,3,SUR,-1.69,2025-09-15
TQBR,2025-09-16,Роснефть,ROSN,40320,1415678082.35,440.8,433.3,443.25,437.7,437.65,436.85,3234565,437.2,437.2,,1127286545.2,1127286545.2,,0.0,3,SUR,-0.9,2025-09-16
TQBR,2025-09-17,Роснефть,ROSN,53967,1733732632.0,436.5,434.15,442.2,438.85,438.2,441.0,3956500,438.15,438.15,,1193230986.85,1193230986.85,,0.0,3,SUR,0.95,2025-09-17
TQBR,2025-09-18,Роснефть,ROSN,49115,1917588408.55,441.0,431.2,441.7,434.2,435.95,435.55,4398663,435.9,435.9,,1652070405.1,1652070405.1,,0.0,3,SUR,-1.24,2025-09-18
TQBR,2025-09-19,Роснефть,ROSN,54485,1599629447.0,435.0,428.0,435.95,430.7,431.2,428.9,3710089,431.7,431.7,,1008038402.5,1008038402.5,,0.0,3,SUR,-1.53,2025-09-19
TQBR,2025-09-22,Роснефть,ROSN,55562,1765709019.95,429.0,423.5,433.0,431.55,427.3,431.45,4131950,426.8,426.8,,1449627407.05,1449627407.05,,0.0,3,SUR,0.59,2025-09-22
TQBR,2025-09-23,Роснефть,ROSN,56099,2316017648.4,431.5,420.6,434.6,432.0,429.5,421.9,5392596,431.7,431.7,,1508374666.25,1508374666.25,,0.0,3,SUR,-2.21,2025-09-23
TQBR,2025-09-24,Роснефть,ROSN,35777,1556136792.6,423.0,420.1,431.3,427.0,425.45,427.7,3657665,425.9,425.9,,1189886725.15,1189886725.15,,0.0,3,SUR,1.37,2025-09-24
TQBR,2025-09-25,Роснефть,ROSN,36197,871424813.8,427.7,421.0,429.5,423.0,424.65,422.2,2052033,425.05,425.05,,640426096.1,640426096.1,,0.0,3,SUR,-1.29,2025-09-25
TQBR,2025-09-26,Роснефть,ROSN,48857,1405597996.35,421.5,418.3,426.0,424.8,421.7,424.25,3333323,420.9,420.9,,896864467.8,896864467.8,,0.0,3,SUR,0.49,2025-09-26
TQBR,2025-09-29,Роснефть,ROSN,68317,2002291187.25,424.0,415.35,432.0,416.85,423.85,416.9,4724622,425.9,425.9,,1441653791.75,1441653791.75,,0.0,3,SUR,-1.73,2025-09-29
TQBR,2025-09-30,Роснефть,ROSN,93947,1860302955.15,417.8,408.15,417.9,409.6,411.4,411.4,4521530,411.25,411.25,,1600824120.95,1600824120.95,,0.0,3,SUR,-1.32,2025-09-30
TQBR,2025-10-01,Роснефть,ROSN,57427,1588458385.45,411.4,405.0,415.5,407.8,409.25,406.8,3881410,409.55,409.55,,1198662235.55,1198662235.55,,0.0,3,SUR,-1.12,2025-10-01
TQBR,2025-10-02,Роснефть,ROSN,40811,1483707073.7,407.0,403.0,411.0,406.95,406.65,408.0,3648375,406.9,406.9,,1136325321.6,1136325321.6,,0.0,3,SUR,0.29,2025-10-02
TQBR,2025-10-03,Роснефть,ROSN,36993,1243034789.0,406.95,401.0,411.45,403.15,405.1,404.4,3068512,405.3,405.3,,844376424.1,844376424.1,,0.0,3,SUR,-0.88,2025-10-03
TQBR,2025-10-06,Роснефть,ROSN,62811,2404667134.7,404.4,399.65,414.15,411.95,406.3,411.65,5918784,406.6,406.6,,1673212478.65,1673212478.65,,0.0,3,SUR,1.79,2025-10-06
TQBR,2025-10-07,Роснефть,ROSN,33220,892546477.25,412.0,409.05,414.35,413.3,411.6,411.95,2168527,411.55,411.55,,706370967.6,706370967.6,,0.0,3,SUR,0.07,2025-10-07
TQBR,2025-10-08,Роснефть,ROSN,69415,1960147044.3,412.55,401.1,415.95,404.0,407.3,403.85,4812462,407.55,407.55,,1665813336.75,1665813336.75,,0.0,3,SUR,-1.97,2025-10-08
TQBR,2025-10-09,Роснефть,ROSN,75340,2331312604.75,406.1,397.5,420.0,418.0,410.95,417.6,5673070,410.5,410.5,,1970510306.55,1970510306.55,,0.0,3,SUR,3.4,2025-10-09
TQBR,2025-10-10,Роснефть,ROSN,53324,1349801639.75,417.6,406.4,418.85,410.8,410.75,406.5,3286150,410.6,410.6,,1140783918.2,1140783918.2,,0.0,3,SUR,-2.66,2025-10-10
TQBR,2025-10-13,Роснефть,ROSN,73493,1847916687.75,405.85,399.5,413.15,403.7,404.3,402.8,4570612,403.95,403.95,,1485153674.65,1485153674.65,,0.0,3,SUR,-0.91,2025-10-13
TQBR,2025-10-14,Роснефть,ROSN,35779,1065274953.1,402.8,399.0,404.5,400.65,400.85,401.35,2657439,400.85,400.85,,797858050.1,797858050.1,,0.0,3,SUR,-0.36,2025-10-14
TQBR,2025-10-15,Роснефть,ROSN,44716,1524405886.3,401.35,397.25,404.85,402.7,400.9,400.85,3802637,400.8,400.8,,1305979725.6,1305979725.6,,0.0,3,SUR,-0.12,2025-10-15
TQBR,2025-10-16,Роснефть,ROSN,58829,2471261474.75,400.85,399.0,428.15,411.0,412.85,423.75,5986167,406.45,406.45,,1164846100.7,1164846100.7,,0.0,3,SUR,5.71,2025-10-16
TQBR,2025-10-17,Роснефть,ROSN,82624,2110513807.85,423.75,416.15,423.75,419.5,419.15,418.0,5035354,418.8,418.8,,1394335154.1,1394335154.1,,0.0,3,SUR,-1.36,2025-10-17
TQBR,2025-10-20,Роснефть,ROSN,51926,1534821245.45,419.3,419.25,424.85,423.0,422.55,421.0,3632083,422.85,422.85,,825290889.3,825290889.3,,0.0,3,SUR,0.72,2025-10-20
TQBR,2025-10-21,Роснефть,ROSN,66116,2169660175.7,421.1,401.0,421.95,406.6,411.05,411.95,5278653,410.8,410.8,,1369165590.1,1369165590.1,,0.0,3,SUR,-2.15,2025-10-21
TQBR,2025-10-22,Роснефть,ROSN,55892,2147411866.6,411.4,398.0,414.85,409.4,406.75,401.95,5279663,410.9,410.9,,817298941.65,817298941.65,,0.0,3,SUR,-2.43,2025-10-22
TQBR,2025-10-23,Роснефть,ROSN,136559,4866944854.05,390.15,383.15,393.95,388.7,388.65,389.85,12523932,388.5,388.5,,3133296268.8,3133296268.8,,0.0,3,SUR,-3.01,2025-10-23
TQBR,2025-10-24,Роснефть,ROSN,62975,1828012563.4,391.75,384.0,396.9,388.9,389.35,389.8,4694661,389.15,389.15,,1448353046.95,1448353046.95,,0.0,3,SUR,-0.01,2025-10-24
TQBR,2025-10-27,Роснефть,ROSN,127103,4615282527.9,389.75,366.55,390.15,375.5,373.9,370.15,12344162,372.95,372.95,,3713115405.55,3713115405.55,,0.0,3,SUR,-5.04,2025-10-27
TQBR,2025-10-28,Роснефть,ROSN,68552,2158258518.45,370.15,362.6,380.5,373.4,373.75,376.5,5775055,376.25,376.25,,1281822017.8,1281822017.8,,0.0,3,SUR,1.72,2025-10-28
TQBR,2025-10-29,Роснефть,ROSN,39281,1355952524.25,377.0,372.8,382.0,379.8,378.25,377.95,3584726,378.5,378.5,,959111434.8,959111434.8,,0.0,3,SUR,0.39,2025-10-29
TQBR,2025-10-30,Роснефть,ROSN,42207,1417645562.65,377.95,376.0,391.65,388.0,384.55,387.5,3686626,384.85,384.85,,1130839248.65,1130839248.65,,0.0,3,SUR,2.53,2025-10-30
TQBR,2025-10-31,Роснефть,ROSN,31795,1033389187.6,387.5,378.5,389.2,380.9,383.6,382.45,2693847,384.3,384.3,,716892113.55,716892113.55,,0.0,3,SUR,-1.3,2025-10-31
TQBR,2025-11-01,Роснефть,ROSN,22042,397295618.55,381.5,381.4,385.45,385.3,384.3,384.8,1033782,384.3,384.3,,286162529.4,286162529.4,,0.0,3,SUR,0.61,2025-11-01
TQBR,2025-11-03,Роснефть,ROSN,36152,835570877.8,385.0,384.95,397.85,395.95,392.7,394.2,2127871,392.8,392.8,,597038724.15,597038724.15,,0.0,3,SUR,2.44,2025-11-03
TQBR,2025-11-05,Роснефть,ROSN,37605,1151869105.05,392.65,386.3,394.45,389.1,390.7,389.4,2948791,390.6,390.6,,915475791.95,915475791.95,,0.0,3,SUR,-1.22,2025-11-05
TQBR,2025-11-06,Роснефть,ROSN,19421,563584891.15,389.05,387.0,392.0,389.65,389.05,389.95,1448700,388.8,388.8,,436358467.65,436358467.65,,0.0,3,SUR,0.14,2025-11-06
TQBR,2025-11-07,Роснефть,ROSN,50115,1707011760.5,387.1,386.3,398.4,393.0,394.05,394.85,4332196,394.85,394.85,,1272801370.95,1272801370.95,,0.0,3,SUR,1.26,2025-11-07
TQBR,2025-11-10,Роснефть,ROSN,62712,1236101339.8,396.0,388.35,399.05,389.45,392.6,389.45,3146821,392.5,392.5,,956278593.8,956278593.8,,0.0,3,SUR,-1.37,2025-11-10
TQBR,2025-11-11,Роснефть,ROSN,33081,752887580.7,389.55,386.0,391.8,389.4,388.95,390.15,1935641,388.6,388.6,,619428525.65,619428525.65,,0.0,3,SUR,0.18,2025-11-11
TQBR,2025-11-12,Роснефть,ROSN,45103,1226323878.7,391.0,381.05,391.4,382.9,385.1,383.9,3184530,385.25,385.25,,987655099.25,987655099.25,,0.0,3,SUR,-1.6,2025-11-12
TQBR,2025-11-13,Роснефть,ROSN,28822,843065695.6,384.0,381.1,386.55,384.2,383.6,383.15,2197812,383.35,383.35,,633973150.8,633973150.8,,0.0,3,SUR,-0.2,2025-11-13
TQBR,2025-11-14,Роснефть,ROSN,37118,905321511.85,383.8,378.7,386.3,380.9,382.3,382.2,2367978,382.1,382.1,,635234603.25,635234603.25,,0.0,3,SUR,-0.25,2025-11-14
TQBR,2025-11-17,Роснефть,ROSN,50930,1190275006.45,383.15,378.0,384.0,380.85,381.2,379.8,3122573,381.5,381.5,,774978666.2,774978666.2,,0.0,3,SUR,-0.63,2025-11-17
TQBR,2025-11-18,Роснефть,ROSN,50234,1837342786.65,379.7,378.1,391.0,389.35,387.05,387.25,4747315,387.15,387.15,,1593963870.85,1593963870.85,,0.0,3,SUR,1.96,2025-11-18
TQBR,2025-11-19,Роснефть,ROSN,85404,3299027711.95,389.0,385.0,406.8,404.0,398.2,402.6,8285882,397.4,397.4,,2460919397.6,2460919397.6,,0.0,3,SUR,3.96,2025-11-19
TQBR,2025-11-20,Роснефть,ROSN,68801,2957847670.15,402.0,397.6,415.65,404.4,406.05,412.95,7284194,402.95,402.95,,1406636349.8,1406636349.8,,0.0,3,SUR,2.57,2025-11-20
TQBR,2025-11-21,Роснефть,ROSN,58417,2021363233.3,413.4,401.25,415.5,408.45,407.9,407.95,4954456,406.25,406.25,,1276402805.4,1276402805.4,,0.0,3,SUR,-1.21,2025-11-21
TQBR,2025-11-24,Роснефть,ROSN,47394,1451906295.0,410.0,404.3,415.0,408.45,408.9,409.55,3549999,408.35,408.35,,984750304.0,984750304.0,,0.0,3,SUR,0.39,2025-11-24
TQBR,2025-11-25,Роснефть,ROSN,53892,2379867789.5,407.95,404.7,421.0,413.05,411.9,410.2,5777851,409.95,409.95,,1245165504.2,1245165504.2,,0.0,3,SUR,0.16,2025-11-25
TQBR,2025-11-26,Роснефть,ROSN,20445,572776161.35,412.95,406.7,412.95,408.95,409.05,407.4,1400308,408.95,408.95,,334574637.6,334574637.6,,0.0,3,SUR,-0.68,2025-11-26
TQBR,2025-11-27,Роснефть,ROSN,45238,1578356930.9,407.4,396.1,409.95,400.5,401.95,400.7,3926962,401.65,401.65,,1316879888.35,1316879888.35,,0.0,3,SUR,-1.64,2025-11-27
TQBR,2025-11-28,Роснефть,ROSN,31550,1015677649.2,400.7,399.2,408.0,406.5,403.5,405.0,2516647,403.35,403.35,,767970087.4,767970087.4,,0.0,3,SUR,1.07,2025-11-28
TQBR,2025-12-01,Роснефть,ROSN,44617,1137986461.05,404.55,404.0,410.65,406.6,407.35,406.3,2793758,408.05,408.05,,734084836.65,734084836.65,,0.0,3,SUR,0.32,2025-12-01
TQBR,2025-12-02,Роснефть,ROSN,28036,683857650.95,407.0,401.0,408.4,403.8,405.25,404.25,1687579,405.3,405.3,,496480792.3,496480792.3,,0.0,3,SUR,-0.5,2025-12-02
TQBR,2025-12-03,Роснефть,ROSN,41623,1130475240.65,399.65,394.3,401.85,400.35,397.95,399.8,2840749,396.95,396.95,,734546976.1,734546976.1,,0.0,3,SUR,-1.1,2025-12-03
TQBR,2025-12-04,Роснефть,ROSN,24775,790997217.1,401.0,398.95,403.65,400.5,401.05,400.0,1972354,400.9,400.9,,575670865.05,575670865.05,,0.0,3,SUR,0.05,2025-12-04
TQBR,2025-12-05,Роснефть,ROSN,54785,1784549774.3,400.0,400.0,412.35,409.85,408.75,410.0,4365731,408.9,408.9,,1541912634.35,1541912634.35,,0.0,3,SUR,2.5,2025-12-05
