BOARDID,TRADEDATE,SHORTNAME,SECID,NUMTRADES,VALUE,OPEN,LOW,HIGH,LEGALCLOSEPRICE,WAPRICE,CLOSE,VOLUME,MARKETPRICE2,MARKETPRICE3,ADMITTEDQUOTE,MP2VALTRD,MARKETPRICE3TRADESVALUE,ADMITTEDVALUE,WAVAL,TRADINGSESSION,CURRENCYID,TRENDCLSPR,TRADE_SESSION_DATE
TQBR,2013-07-08,ПИК ао,PIKK,0,0.0,,,,67.72,,,0,66.34,66.34,66.34,7441330.2,7441330.2,7441330.2,,3,SUR,,
TQBR,2013-07-09,ПИК ао,PIKK,0,0.0,,,,68.41,,,0,68.41,68.41,68.41,15603295.1,15603295.1,15603295.1,,3,SUR,,
TQBR,2013-07-10,ПИК ао,PIKK,0,0.0,,,,69.1,,,0,68.71,68.71,68.71,12341665.1,12341665.1,12341665.1,,3,SUR,,
TQBR,2013-07-11,ПИК ао,PIKK,0,0.0,,,,72.6,,,0,71.65,71.65,71.65,46743947.2,46743947.2,46743947.2,,3,SUR,,
TQBR,2013-07-12,ПИК ао,PIKK,0,0.0,,,,71.04,,,0,73.34,73.34,73.34,48403599.6,48403599.6,48403599.6,,3,SUR,,
TQBR,2013-07-15,ПИК ао,PIKK,0,0.0,,,,71.68,,,0,71.42,71.42,71.42,12303011.4,12303011.4,12303011.4,,3,SUR,,
TQBR,2013-07-16,ПИК ао,PIKK,0,0.0,,,,71.98,,,0,71.8,71.8,71.8,12150108.9,12150108.9,12150108.9,,3,SUR,,
TQBR,2013-07-17,ПИК ао,PIKK,0,0.0,,,,71.65,,,0,71.49,71.49,71.49,11058780.0,11058780.0,11058780.0,,3,SUR,,
TQBR,2013-07-18,ПИК ао,PIKK,0,0.0,,,,71.64,,,0,71.56,71.56,71.56,9092109.2,9092109.2,9092109.2,,3,SUR,,
TQBR,2013-07-19,ПИК ао,PIKK,0,0.0,,,,71.25,,,0,71.69,71.69,71.69,6030173.2,6030173.2,6030173.2,,3,SUR,,
TQBR,2013-07-22,ПИК ао,PIKK,0,0.0,,,,71.6,,,0,71.57,71.57,71.57,17833034.5,17833034.5,17833034.5,,3,SUR,,
TQBR,2013-07-23,ПИК ао,PIKK,0,0.0,,,,71.6,,,0,72.16,72.16,72.16,18136752.1,18136752.1,18136752.1,,3,SUR,,
TQBR,2013-07-24,ПИК ао,PIKK,0,0.0,,,,72.49,,,0,72.5,72.5,72.5,55695820.7,55695820.7,55695820.7,,3,SUR,,
TQBR,2013-07-25,ПИК ао,PIKK,0,0.0,,,,71.59,,,0,71.82,71.82,71.82,5751510.3,5751510.3,5751510.3,,3,SUR,,
TQBR,2013-07-26,ПИК ао,PIKK,0,0.0,,,,71.41,,,0,71.37,71.37,71.37,3220757.9,3220757.9,3220757.9,,3,SUR,,
TQBR,2013-07-29,ПИК ао,PIKK,0,0.0,,,,72.33,,,0,72.17,72.17,72.17,9593076.3,9593076.3,9593076.3,,3,SUR,,
TQBR,2013-07-30,ПИК ао,PIKK,0,0.0,,,,71.94,,,0,72.56,72.56,72.56,23321049.4,23321049.4,23321049.4,,3,SUR,,
TQBR,2013-07-31,ПИК ао,PIKK,0,0.0,,,,70.98,,,0,70.26,70.26,70.26,13060927.7,13060927.7,13060927.7,,3,SUR,,
TQBR,2013-08-01,ПИК ао,PIKK,0,0.0,,,,71.75,,,0,71.64,71.64,71.64,8565134.1,8565134.1,8565134.1,,3,SUR,,
TQBR,2013-08-02,ПИК ао,PIKK,0,0.0,,,,71.33,,,0,71.56,71.56,71.56,3202155.7,3202155.7,3202155.7,,3,SUR,,
TQBR,2013-08-05,ПИК ао,PIKK,0,0.0,,,,70.7,,,0,70.79,70.79,70.79,2376437.7,2376437.7,2376437.7,,3,SUR,,
TQBR,2013-08-06,ПИК ао,PIKK,0,0.0,,,,71.0,,,0,71.0,71.0,71.0,5666966.9,5666966.9,5666966.9,,3,SUR,,
TQBR,2013-08-07,ПИК ао,PIKK,0,0.0,,,,70.85,,,0,70.95,70.95,70.95,3862658.7,3862658.7,3862658.7,,3,SUR,,
TQBR,2013-08-08,ПИК ао,PIKK,0,0.0,,,,70.33,,,0,70.31,70.31,70.31,9057672.0,9057672.0,9057672.0,,3,SUR,,
TQBR,2013-08-09,ПИК ао,PIKK,0,0.0,,,,70.61,,,0,70.4,70.4,70.4,1091159.4,1091159.4,1091159.4,,3,SUR,,
TQBR,2013-08-12,ПИК ао,PIKK,0,0.0,,,,69.9,,,0,69.67,69.67,69.67,2707432.0,2707432.0,2707432.0,,3,SUR,,
TQBR,2013-08-13,ПИК ао,PIKK,0,0.0,,,,70.8,,,0,70.36,70.36,70.36,8237248.4,8237248.4,8237248.4,,3,SUR,,
TQBR,2013-08-14,ПИК ао,PIKK,0,0.0,,,,71.49,,,0,71.03,71.03,71.03,11875087.2,11875087.2,11875087.2,,3,SUR,,
TQBR,2013-08-15,ПИК ао,PIKK,0,0.0,,,,70.54,,,0,70.87,70.87,70.87,4091806.2,4091806.2,4091806.2,,3,SUR,,
TQBR,2013-08-16,ПИК ао,PIKK,0,0.0,,,,69.76,,,0,70.08,70.08,70.08,6744840.6,6744840.6,6744840.6,,3,SUR,,
TQBR,2013-08-19,ПИК ао,PIKK,0,0.0,,,,70.09,,,0,69.54,69.54,69.54,10018534.3,10018534.3,10018534.3,,3,SUR,,
TQBR,2013-08-20,ПИК ао,PIKK,0,0.0,,,,69.27,,,0,69.49,69.49,69.49,7837332.5,7837332.5,7837332.5,,3,SUR,,
TQBR,2013-08-21,ПИК ао,PIKK,0,0.0,,,,68.27,,,0,68.72,68.72,68.72,10485777.4,10485777.4,10485777.4,,3,SUR,,
TQBR,2013-08-22,ПИК ао,PIKK,0,0.0,,,,69.15,,,0,68.9,68.9,68.9,6325943.9,6325943.9,6325943.9,,3,SUR,,
TQBR,2013-08-23,ПИК ао,PIKK,0,0.0,,,,68.45,,,0,68.43,68.43,68.43,1272729.7,1272729.7,1272729.7,,3,SUR,,
TQBR,2013-08-26,ПИК ао,PIKK,0,0.0,,,,67.6,,,0,,68.29,,0.0,771024.2,0.0,,3,SUR,,
TQBR,2013-08-27,ПИК ао,PIKK,0,0.0,,,,66.38,,,0,67.06,67.06,67.06,1994335.1,1994335.1,1994335.1,,3,SUR,,
TQBR,2013-08-28,ПИК ао,PIKK,0,0.0,,,,65.41,,,0,65.49,65.49,65.49,3350269.6,3350269.6,3350269.6,,3,SUR,,
TQBR,2013-08-29,ПИК ао,PIKK,0,0.0,,,,65.63,,,0,65.3,65.3,65.3,3287374.9,3287374.9,3287374.9,,3,SUR,,
TQBR,2013-08-30,ПИК ао,PIKK,0,0.0,,,,65.44,,,0,65.19,65.19,65.19,5182262.6,5182262.6,5182262.6,,3,SUR,,
TQBR,2013-09-02,ПИК ао,PIKK,415,4387292.7,64.8,63.52,65.0,63.79,64.09,64.07,68460,64.09,64.09,64.09,4387292.7,4387292.7,4387292.7,,3,SUR,-2.91,
TQBR,2013-09-03,ПИК ао,PIKK,318,1591817.8,63.63,63.2,65.3,63.4,63.42,63.42,25100,63.42,63.42,63.42,1591817.8,1591817.8,1591817.8,,3,SUR,-1.01,
TQBR,2013-09-04,ПИК ао,PIKK,231,4661336.6,63.37,62.1,63.37,62.62,62.25,62.69,74880,62.25,62.25,62.25,4661336.6,4661336.6,4661336.6,,3,SUR,-1.15,
TQBR,2013-09-05,ПИК ао,PIKK,213,3659954.0,62.94,62.5,63.45,63.45,62.97,63.44,58120,62.97,62.97,62.97,3659954.0,3659954.0,3659954.0,,3,SUR,1.2,
TQBR,2013-09-06,ПИК ао,PIKK,413,3211414.0,66.7,62.51,66.7,62.85,63.39,62.51,50660,63.29,63.29,63.29,3111364.0,3111364.0,3111364.0,,3,SUR,-1.47,
TQBR,2013-09-09,ПИК ао,PIKK,683,3185844.9,62.87,62.62,65.0,63.71,64.2,63.16,49620,64.2,64.2,64.2,3185844.9,3185844.9,3185844.9,,3,SUR,1.04,
TQBR,2013-09-10,ПИК ао,PIKK,705,3904038.7,63.98,63.09,65.93,63.85,64.35,63.84,60670,64.35,64.35,64.35,3904038.7,3904038.7,3904038.7,,3,SUR,1.08,
TQBR,2013-09-11,ПИК ао,PIKK,362,3442943.0,63.58,63.0,64.08,63.02,63.44,63.01,54270,63.44,63.44,63.44,3442943.0,3442943.0,3442943.0,,3,SUR,-1.3,
TQBR,2013-09-12,ПИК ао,PIKK,398,3082884.1,63.01,62.07,63.84,63.7,62.88,63.71,49030,62.88,62.88,62.88,3082884.1,3082884.1,3082884.1,,3,SUR,1.11,
TQBR,2013-09-13,ПИК ао,PIKK,365,2920154.5,63.8,62.54,64.5,64.5,63.94,63.97,45670,63.94,63.94,63.94,2920154.5,2920154.5,2920154.5,,3,SUR,0.41,
TQBR,2013-09-16,ПИК ао,PIKK,2446,18616195.3,64.32,63.49,65.83,64.34,64.69,64.55,287790,64.69,64.69,64.69,18616195.3,18616195.3,18616195.3,,3,SUR,0.91,
TQBR,2013-09-17,ПИК ао,PIKK,228,1311580.4,64.99,63.77,65.25,63.93,64.71,64.09,20270,64.71,64.71,64.71,1311580.4,1311580.4,1311580.4,,3,SUR,-0.71,
TQBR,2013-09-18,ПИК ао,PIKK,963,8821571.8,63.67,62.68,64.01,63.34,63.58,63.68,138740,63.58,63.58,63.58,8821571.8,8821571.8,8821571.8,,3,SUR,-0.64,
TQBR,2013-09-19,ПИК ао,PIKK,632,12848424.8,63.23,63.0,63.8,63.0,63.51,63.02,202290,63.51,63.51,63.51,12848424.8,12848424.8,12848424.8,,3,SUR,-1.04,
TQBR,2013-09-20,ПИК ао,PIKK,361,4506092.0,63.44,62.74,63.44,63.12,63.22,63.17,71280,63.22,63.22,63.22,4506092.0,4506092.0,4506092.0,,3,SUR,0.24,
TQBR,2013-09-23,ПИК ао,PIKK,225,2580575.2,64.98,62.23,64.98,62.51,62.53,62.52,41270,62.53,62.53,62.53,2579925.4,2579925.4,2579925.4,,3,SUR,-1.03,
TQBR,2013-09-24,ПИК ао,PIKK,724,7420066.3,62.61,59.59,62.98,62.36,61.75,62.2,120160,61.75,61.75,61.75,7420066.3,7420066.3,7420066.3,,3,SUR,-0.51,
TQBR,2013-09-25,ПИК ао,PIKK,1331,68014818.5,62.1,61.55,63.51,63.22,63.15,63.3,1076960,63.15,63.15,63.15,68014197.5,68014197.5,68014197.5,,3,SUR,1.77,
TQBR,2013-09-26,ПИК ао,PIKK,593,19777169.5,63.29,63.29,65.0,64.3,63.9,64.27,309480,63.9,63.9,63.9,19777169.5,19777169.5,19777169.5,,3,SUR,1.53,
TQBR,2013-09-27,ПИК ао,PIKK,429,11540378.8,64.27,63.63,64.47,64.47,64.22,64.41,179700,64.22,64.22,64.22,11540378.8,11540378.8,11540378.8,,3,SUR,0.22,
TQBR,2013-09-30,ПИК ао,PIKK,232,9069915.1,63.96,63.57,64.55,63.94,64.31,63.73,141040,64.31,64.31,64.31,9060321.1,9060321.1,9060321.1,,3,SUR,-1.06,
TQBR,2013-10-01,ПИК ао,PIKK,167,13532638.1,63.69,63.69,64.37,64.15,64.14,64.15,210980,64.14,64.14,64.14,13532638.1,13532638.1,13532638.1,,3,SUR,0.66,
TQBR,2013-10-02,ПИК ао,PIKK,312,5371053.2,63.95,63.5,64.33,63.5,63.9,63.5,84050,63.9,63.9,63.9,5371053.2,5371053.2,5371053.2,,3,SUR,-1.01,
TQBR,2013-10-03,ПИК ао,PIKK,255,18080495.2,63.1,62.99,64.1,63.7,63.61,63.0,284220,63.61,63.61,63.61,18080495.2,18080495.2,18080495.2,,3,SUR,-0.79,
TQBR,2013-10-04,ПИК ао,PIKK,254,13275773.3,63.47,63.11,64.4,64.0,63.95,64.0,207610,63.95,63.95,63.95,13275773.3,13275773.3,13275773.3,,3,SUR,1.59,
TQBR,2013-10-07,ПИК ао,PIKK,330,13934113.8,63.34,63.0,64.92,64.92,63.78,63.61,218460,63.78,63.78,63.78,13934113.8,13934113.8,13934113.8,,3,SUR,-0.61,
TQBR,2013-10-08,ПИК ао,PIKK,300,8845677.3,64.08,63.41,64.3,64.13,64.02,63.8,138170,64.02,64.02,64.02,8845677.3,8845677.3,8845677.3,,3,SUR,0.3,
TQBR,2013-10-09,ПИК ао,PIKK,443,7625041.8,63.67,63.14,64.44,64.3,64.15,64.3,118870,64.15,64.15,64.15,7625041.8,7625041.8,7625041.8,,3,SUR,0.78,
TQBR,2013-10-10,ПИК ао,PIKK,560,5954372.5,63.86,63.11,64.44,63.37,63.89,63.35,93190,63.89,63.89,63.89,5954372.5,5954372.5,5954372.5,,3,SUR,-1.48,
TQBR,2013-10-11,ПИК ао,PIKK,298,5861356.7,63.35,62.57,63.9,63.2,63.46,63.2,92360,63.46,63.46,63.46,5861356.7,5861356.7,5861356.7,,3,SUR,-0.24,
TQBR,2013-10-14,ПИК ао,PIKK,331,3508481.8,63.59,62.11,63.6,62.99,62.9,62.99,55780,62.9,62.9,62.9,3508481.8,3508481.8,3508481.8,,3,SUR,-0.33,
TQBR,2013-10-15,ПИК ао,PIKK,423,8194771.6,63.0,62.7,63.3,63.0,62.99,63.0,130090,62.99,62.99,62.99,8194771.6,8194771.6,8194771.6,,3,SUR,0.02,
TQBR,2013-10-16,ПИК ао,PIKK,830,19414584.5,62.88,60.8,63.29,61.89,62.72,61.98,309550,62.72,62.72,62.72,19414584.5,19414584.5,19414584.5,,3,SUR,-1.62,
TQBR,2013-10-17,ПИК ао,PIKK,382,5787360.0,62.0,61.88,62.98,62.13,62.36,62.04,92810,62.36,62.36,62.36,5786740.0,5786740.0,5786740.0,,3,SUR,0.1,
TQBR,2013-10-18,ПИК ао,PIKK,729,10248339.3,61.88,61.2,63.5,63.0,62.64,62.5,163620,62.64,62.64,62.64,10248339.3,10248339.3,10248339.3,,3,SUR,0.74,
TQBR,2013-10-21,ПИК ао,PIKK,756,10268797.6,62.72,62.25,63.5,63.12,63.03,63.0,162920,63.03,63.03,63.03,10268797.6,10268797.6,10268797.6,,3,SUR,0.8,
TQBR,2013-10-22,ПИК ао,PIKK,705,31266735.1,63.0,62.61,64.14,63.42,63.12,63.5,495340,63.12,63.12,63.12,31266735.1,31266735.1,31266735.1,,3,SUR,0.79,
TQBR,2013-10-23,ПИК ао,PIKK,525,19285799.1,62.86,62.85,63.95,63.21,63.66,63.21,302930,63.66,63.66,63.66,19285799.1,19285799.1,19285799.1,,3,SUR,-0.46,
TQBR,2013-10-24,ПИК ао,PIKK,188,1869758.5,63.1,62.4,63.75,63.01,63.06,63.14,29650,63.06,63.06,63.06,1869758.5,1869758.5,1869758.5,,3,SUR,-0.11,
TQBR,2013-10-25,ПИК ао,PIKK,124,2011903.2,63.48,62.42,63.5,63.0,63.35,62.47,31760,63.35,63.35,63.35,2011903.2,2011903.2,2011903.2,,3,SUR,-1.06,
TQBR,2013-10-28,ПИК ао,PIKK,360,4499145.7,63.09,62.43,63.97,63.09,63.27,63.45,71110,63.27,63.27,63.27,4499145.7,4499145.7,4499145.7,,3,SUR,1.57,
TQBR,2013-10-29,ПИК ао,PIKK,416,4287360.8,63.12,62.09,63.5,63.18,63.05,63.11,68000,63.05,63.05,63.05,4287360.8,4287360.8,4287360.8,,3,SUR,-0.54,
TQBR,2013-10-30,ПИК ао,PIKK,546,15121263.2,63.72,62.4,64.0,63.22,63.27,63.34,238980,63.27,63.27,63.27,15121263.2,15121263.2,15121263.2,,3,SUR,0.36,
TQBR,2013-10-31,ПИК ао,PIKK,335,2049230.8,63.25,62.48,63.49,63.09,63.03,63.04,32510,63.03,63.03,63.03,2049230.8,2049230.8,2049230.8,,3,SUR,-0.47,
TQBR,2013-11-01,ПИК ао,PIKK,804,2668152.0,63.28,63.02,63.97,63.97,63.5,63.93,42020,63.5,63.5,63.5,2668152.0,2668152.0,2668152.0,,3,SUR,1.41,
TQBR,2013-11-05,ПИК ао,PIKK,415,4930633.7,63.61,62.81,63.93,63.01,63.24,63.0,77970,63.24,63.24,63.24,4930633.7,4930633.7,4930633.7,,3,SUR,-1.45,
TQBR,2013-11-06,ПИК ао,PIKK,592,9408759.3,63.2,62.44,63.51,62.54,63.04,62.52,149250,63.04,63.04,63.04,9408759.3,9408759.3,9408759.3,,3,SUR,-0.76,
TQBR,2013-11-07,ПИК ао,PIKK,289,2190841.0,62.4,62.16,63.29,62.8,62.85,62.8,34860,62.85,62.85,62.85,2190841.0,2190841.0,2190841.0,,3,SUR,0.45,
TQBR,2013-11-08,ПИК ао,PIKK,371,2981736.8,62.42,62.07,62.98,62.55,62.5,62.55,47710,62.5,62.5,62.5,2981736.8,2981736.8,2981736.8,,3,SUR,-0.4,
TQBR,2013-11-11,ПИК ао,PIKK,169,2385228.5,63.2,62.6,63.24,62.6,62.84,62.6,37960,62.84,62.84,62.84,2385228.5,2385228.5,2385228.5,,3,SUR,0.08,
TQBR,2013-11-12,ПИК ао,PIKK,216,1181664.9,62.7,61.83,62.7,62.6,62.49,62.6,18910,62.49,62.49,62.49,1181664.9,1181664.9,1181664.9,,3,SUR,0.0,
TQBR,2013-11-13,ПИК ао,PIKK,543,27549599.7,62.37,61.5,63.12,61.99,62.83,62.02,438460,62.83,62.83,62.83,27549599.7,27549599.7,27549599.7,,3,SUR,-0.93,
TQBR,2013-11-14,ПИК ао,PIKK,944,37347812.7,61.89,59.95,63.53,62.0,62.54,62.24,597150,62.54,62.54,62.54,37347812.7,37347812.7,37347812.7,,3,SUR,0.35,
TQBR,2013-11-15,ПИК ао,PIKK,312,1504889.6,62.05,61.92,62.61,62.0,61.98,62.05,24280,61.98,61.98,61.98,1504889.6,1504889.6,1504889.6,,3,SUR,-0.31,
TQBR,2013-11-18,ПИК ао,PIKK,274,2649307.7,61.88,61.88,62.98,62.77,62.53,62.55,42370,62.53,62.53,62.53,2649307.7,2649307.7,2649307.7,,3,SUR,0.81,
TQBR,2013-11-19,ПИК ао,PIKK,243,6591210.3,62.36,61.71,62.85,61.92,61.94,61.88,106410,61.94,61.94,61.94,6591210.3,6591210.3,6591210.3,,3,SUR,-1.07,
TQBR,2013-11-20,ПИК ао,PIKK,330,23406643.7,62.12,61.4,62.12,61.7,61.69,61.7,379420,61.69,61.69,61.69,23406643.7,23406643.7,23406643.7,,3,SUR,-0.29,
TQBR,2013-11-21,ПИК ао,PIKK,428,36234788.8,61.64,60.16,62.6,61.51,62.14,61.71,583080,62.14,62.14,62.14,36234788.8,36234788.8,36234788.8,,3,SUR,0.02,
TQBR,2013-11-22,ПИК ао,PIKK,350,6037210.7,61.4,61.4,63.45,63.23,62.66,63.06,96350,62.66,62.66,62.66,6037210.7,6037210.7,6037210.7,,3,SUR,2.19,
TQBR,2013-11-25,ПИК ао,PIKK,450,13645964.4,63.72,62.15,63.95,63.07,63.61,62.67,214540,63.61,63.61,63.61,13645964.4,13645964.4,13645964.4,,3,SUR,-0.62,
TQBR,2013-11-26,ПИК ао,PIKK,781,32166474.5,63.86,62.53,64.08,64.08,63.58,64.0,505890,63.58,63.58,63.58,32131351.5,32131351.5,32131351.5,,3,SUR,2.12,
TQBR,2013-11-27,ПИК ао,PIKK,273,40005340.2,63.84,63.28,64.08,63.81,63.84,63.84,626630,63.84,63.84,63.84,40005340.2,40005340.2,40005340.2,,3,SUR,-0.25,
TQBR,2013-11-28,ПИК ао,PIKK,372,27182642.1,64.0,63.36,64.51,64.0,63.8,64.0,426080,63.8,63.8,63.8,27182642.1,27182642.1,27182642.1,,3,SUR,0.25,
TQBR,2013-11-29,ПИК ао,PIKK,467,14686434.1,64.0,62.65,64.01,64.01,63.75,63.9,230360,63.75,63.75,63.75,14686434.1,14686434.1,14686434.1,,3,SUR,-0.16,
TQBR,2013-12-02,ПИК ао,PIKK,562,5130761.9,63.75,62.23,64.3,62.49,63.23,62.56,81140,63.23,63.23,63.23,5130761.9,5130761.9,5130761.9,,3,SUR,-2.1,
TQBR,2013-12-03,ПИК ао,PIKK,1785,13553774.6,63.35,60.22,63.35,60.6,61.33,60.87,220990,61.33,61.33,61.33,13544272.1,13544272.1,13544272.1,,3,SUR,-2.7,
TQBR,2013-12-04,ПИК ао,PIKK,1165,37815459.0,60.5,59.21,61.46,61.4,61.09,61.1,618990,61.09,61.09,61.09,37815459.0,37815459.0,37815459.0,,3,SUR,0.38,
TQBR,2013-12-05,ПИК ао,PIKK,1682,32194608.9,61.5,60.51,62.51,61.42,61.12,61.01,526740,61.12,61.12,61.12,32194608.9,32194608.9,32194608.9,,3,SUR,-0.15,
TQBR,2013-12-06,ПИК ао,PIKK,1149,14079163.0,61.44,60.7,62.1,61.06,61.16,61.3,230220,61.16,61.16,61.16,14079163.0,14079163.0,14079163.0,,3,SUR,0.48,
TQBR,2013-12-09,ПИК ао,PIKK,365,2093051.9,61.0,60.9,61.51,61.3,61.13,61.3,34240,61.13,61.13,61.13,2093051.9,2093051.9,2093051.9,,3,SUR,0.0,
TQBR,2013-12-10,ПИК ао,PIKK,417,5347064.0,61.68,61.0,61.74,61.39,61.27,61.25,87270,61.27,61.27,61.27,5347064.0,5347064.0,5347064.0,,3,SUR,-0.08,
TQBR,2013-12-11,ПИК ао,PIKK,630,20235981.7,62.42,60.93,62.42,61.2,61.32,61.2,329990,61.32,61.32,61.32,20217255.7,20217255.7,20217255.7,,3,SUR,-0.08,
TQBR,2013-12-12,ПИК ао,PIKK,693,22593733.9,61.0,60.56,61.7,60.86,61.34,60.99,368350,61.34,61.34,61.34,22593733.9,22593733.9,22593733.9,,3,SUR,-0.34,
TQBR,2013-12-13,ПИК ао,PIKK,824,64368230.5,61.0,61.0,64.18,64.1,63.59,64.1,1012310,63.59,63.59,63.59,64368230.5,64368230.5,64368230.5,,3,SUR,5.1,
TQBR,2013-12-16,ПИК ао,PIKK,2348,24290401.3,64.05,63.33,64.83,64.24,64.4,64.25,377200,64.4,64.4,64.4,24287198.8,24287198.8,24287198.8,,3,SUR,0.23,
TQBR,2013-12-17,ПИК ао,PIKK,1327,39875357.8,65.2,63.9,67.95,67.49,66.28,67.41,601640,66.28,66.28,66.28,39654981.8,39654981.8,39654981.8,,3,SUR,4.92,
TQBR,2013-12-18,ПИК ао,PIKK,1329,82330424.3,67.6,66.64,70.45,70.4,69.59,70.3,1183010,69.59,69.59,69.59,82330424.3,82330424.3,82330424.3,,3,SUR,4.29,
TQBR,2013-12-19,ПИК ао,PIKK,1267,68836247.7,70.85,70.0,72.15,70.0,71.2,71.26,966770,71.2,71.2,71.2,68836247.7,68836247.7,68836247.7,,3,SUR,1.37,
TQBR,2013-12-20,ПИК ао,PIKK,540,15478172.9,71.3,69.7,71.31,70.43,70.55,70.4,219380,70.55,70.55,70.55,15478172.9,15478172.9,15478172.9,,3,SUR,-1.21,
TQBR,2013-12-23,ПИК ао,PIKK,1129,23241221.5,70.4,70.06,72.05,70.44,71.26,70.9,326160,71.26,71.26,71.26,23241221.5,23241221.5,23241221.5,,3,SUR,0.71,
TQBR,2013-12-24,ПИК ао,PIKK,508,6870599.1,70.88,67.69,71.12,70.8,70.27,70.72,97770,70.27,70.27,70.27,6870599.1,6870599.1,6870599.1,,3,SUR,-0.25,
TQBR,2013-12-25,ПИК ао,PIKK,416,18557479.0,70.03,69.21,71.77,70.71,70.21,70.75,264300,70.21,70.21,70.21,18556778.7,18556778.7,18556778.7,,3,SUR,0.04,
TQBR,2013-12-26,ПИК ао,PIKK,198,3920039.0,70.1,69.81,70.35,69.82,70.14,69.81,55890,70.14,70.14,70.14,3920039.0,3920039.0,3920039.0,,3,SUR,-1.33,
TQBR,2013-12-27,ПИК ао,PIKK,266,3890276.6,69.69,69.51,70.8,70.4,70.1,70.3,55500,70.12,70.12,70.12,3656815.1,3656815.1,3656815.1,,3,SUR,0.7,
TQBR,2013-12-30,ПИК ао,PIKK,809,14294885.6,70.0,70.0,71.5,71.5,70.79,70.5,201930,70.79,70.79,70.79,14294885.6,14294885.6,14294885.6,,3,SUR,0.28,
TQBR,2014-01-06,ПИК ао,PIKK,1520,11212099.5,70.13,67.62,70.13,67.66,69.18,67.7,162070,69.18,69.18,69.18,11212099.5,11212099.5,11212099.5,,3,SUR,-3.97,
TQBR,2014-01-08,ПИК ао,PIKK,668,4605943.6,67.73,67.1,69.37,69.0,68.03,69.37,67700,68.03,68.03,68.03,4605943.6,4605943.6,4605943.6,,3,SUR,2.47,
TQBR,2014-01-09,ПИК ао,PIKK,659,6113920.1,68.18,67.61,69.32,68.43,68.21,68.44,89640,68.21,68.21,68.21,6113920.1,6113920.1,6113920.1,,3,SUR,-1.34,
TQBR,2014-01-10,ПИК ао,PIKK,1261,8325053.8,67.94,67.16,69.48,69.48,68.23,68.61,122010,68.23,68.23,68.23,8325053.8,8325053.8,8325053.8,,3,SUR,0.25,
TQBR,2014-01-13,ПИК ао,PIKK,696,6951269.8,68.5,68.06,71.32,70.5,70.24,70.6,98960,70.24,70.24,70.24,6951269.8,6951269.8,6951269.8,,3,SUR,2.9,
TQBR,2014-01-14,ПИК ао,PIKK,1345,8640447.5,69.7,67.7,72.45,72.37,70.34,72.05,122830,70.34,70.34,70.34,8640447.5,8640447.5,8640447.5,,3,SUR,2.05,
TQBR,2014-01-15,ПИК ао,PIKK,1032,47170614.7,70.01,69.27,74.74,72.8,73.46,72.5,642090,73.46,73.46,73.46,47169914.6,47169914.6,47169914.6,,3,SUR,0.62,
TQBR,2014-01-16,ПИК ао,PIKK,819,13165448.0,73.59,70.07,73.59,70.5,71.37,70.36,184480,71.37,71.37,71.37,13165448.0,13165448.0,13165448.0,,3,SUR,-2.95,
TQBR,2014-01-17,ПИК ао,PIKK,826,6335950.8,72.49,69.55,72.49,69.7,70.01,69.7,90500,70.01,70.01,70.01,6335225.9,6335225.9,6335225.9,,3,SUR,-0.94,
TQBR,2014-01-20,ПИК ао,PIKK,538,8756800.3,69.61,68.68,70.0,68.9,69.17,68.89,126600,69.17,69.17,69.17,8756800.3,8756800.3,8756800.3,,3,SUR,-1.16,
TQBR,2014-01-21,ПИК ао,PIKK,561,6812601.8,68.94,68.05,69.7,68.78,68.76,68.8,99080,68.76,68.76,68.76,6811912.4,6811912.4,6811912.4,,3,SUR,-0.13,
TQBR,2014-01-22,ПИК ао,PIKK,678,5972937.3,69.0,67.74,69.73,67.86,68.26,67.91,87500,68.26,68.26,68.26,5972937.3,5972937.3,5972937.3,,3,SUR,-1.29,
TQBR,2014-01-23,ПИК ао,PIKK,720,5338948.1,67.99,66.88,68.54,66.89,67.65,66.88,78920,67.65,67.65,67.65,5338948.1,5338948.1,5338948.1,,3,SUR,-1.52,
TQBR,2014-01-24,ПИК ао,PIKK,504,3097396.2,66.1,65.15,67.67,67.5,66.34,67.67,46690,66.34,66.34,66.34,3081532.2,3081532.2,3081532.2,,3,SUR,1.18,
TQBR,2014-01-27,ПИК ао,PIKK,857,6358005.4,67.95,65.25,67.95,65.57,65.89,65.7,96490,65.89,65.89,65.89,6351210.4,6351210.4,6351210.4,,3,SUR,-2.91,
TQBR,2014-01-28,ПИК ао,PIKK,426,5460680.6,65.75,65.11,66.44,65.87,65.74,66.24,83060,65.74,65.74,65.74,5460680.6,5460680.6,5460680.6,,3,SUR,0.82,
TQBR,2014-01-29,ПИК ао,PIKK,2348,12234704.6,65.45,64.51,67.0,64.78,65.98,64.6,185420,65.98,65.98,65.98,12234704.6,12234704.6,12234704.6,,3,SUR,-2.48,
TQBR,2014-01-30,ПИК ао,PIKK,1121,16230256.8,66.35,63.77,66.35,64.06,64.63,64.24,251130,64.63,64.63,64.63,16226939.3,16226939.3,16226939.3,,3,SUR,-0.56,
TQBR,2014-01-31,ПИК ао,PIKK,1586,73982995.8,64.56,63.04,67.05,67.0,65.05,67.0,1137370,65.05,65.05,65.05,73982995.8,73982995.8,73982995.8,,3,SUR,4.3,
TQBR,2014-02-03,ПИК ао,PIKK,672,21739725.3,66.99,64.8,66.99,65.0,65.17,65.0,333600,65.17,65.17,65.17,21739725.3,21739725.3,21739725.3,,3,SUR,-2.99,
TQBR,2014-02-04,ПИК ао,PIKK,815,30591438.8,64.88,64.35,68.94,68.6,66.78,68.5,458100,66.78,66.78,66.78,30591438.8,30591438.8,30591438.8,,3,SUR,5.38,
TQBR,2014-02-05,ПИК ао,PIKK,1063,181600098.1,68.5,68.31,72.58,72.0,71.02,72.43,2557150,71.02,71.02,71.02,181600098.1,181600098.1,181600098.1,,3,SUR,5.74,
TQBR,2014-02-06,ПИК ао,PIKK,815,9035098.2,71.86,70.64,72.95,71.9,71.4,71.55,126550,71.4,71.4,71.4,9035098.2,9035098.2,9035098.2,,3,SUR,-1.21,
TQBR,2014-02-07,ПИК ао,PIKK,944,37531435.0,69.95,69.95,76.05,75.6,73.53,76.03,510440,73.53,73.53,73.53,37530735.5,37530735.5,37530735.5,,3,SUR,6.26,
TQBR,2014-02-10,ПИК ао,PIKK,810,72336751.1,75.99,74.09,76.79,76.5,75.97,76.49,952120,75.97,75.97,75.97,72336751.1,72336751.1,72336751.1,,3,SUR,0.61,
TQBR,2014-02-11,ПИК ао,PIKK,2410,53421617.7,76.49,75.23,78.48,77.95,77.1,78.3,692890,77.1,77.1,77.1,53421617.7,53421617.7,53421617.7,,3,SUR,2.37,
TQBR,2014-02-12,ПИК ао,PIKK,1046,56240960.4,78.5,77.05,79.44,78.97,78.28,78.97,718500,78.28,78.28,78.28,56240960.4,56240960.4,56240960.4,,3,SUR,0.86,
TQBR,2014-02-13,ПИК ао,PIKK,1072,45983457.0,78.36,77.07,79.96,79.8,78.22,79.8,587850,78.22,78.22,78.22,45983457.0,45983457.0,45983457.0,,3,SUR,1.05,
TQBR,2014-02-14,ПИК ао,PIKK,829,36331579.0,79.89,79.0,83.3,80.0,80.41,80.52,451810,80.41,80.41,80.41,36331579.0,36331579.0,36331579.0,,3,SUR,0.9,
TQBR,2014-02-17,ПИК ао,PIKK,900,54395008.0,80.74,78.87,81.35,80.71,80.44,80.5,676260,80.44,80.44,80.44,54394200.6,54394200.6,54394200.6,,3,SUR,-0.02,
TQBR,2014-02-18,ПИК ао,PIKK,580,10765961.4,80.16,80.11,81.51,80.51,80.72,80.7,133370,80.72,80.72,80.72,10765961.4,10765961.4,10765961.4,,3,SUR,0.25,
TQBR,2014-02-19,ПИК ао,PIKK,782,32577344.2,81.22,79.4,81.98,81.98,80.38,81.5,405270,80.38,80.38,80.38,32577344.2,32577344.2,32577344.2,,3,SUR,0.99,
TQBR,2014-02-20,ПИК ао,PIKK,766,44331559.4,80.09,79.32,81.9,81.2,80.64,81.0,549720,80.64,80.64,80.64,44331559.4,44331559.4,44331559.4,,3,SUR,-0.61,
TQBR,2014-02-21,ПИК ао,PIKK,197,28106143.3,80.57,80.5,81.5,81.0,81.34,81.5,345520,81.34,81.34,81.34,28106143.3,28106143.3,28106143.3,,3,SUR,0.62,
TQBR,2014-02-24,ПИК ао,PIKK,200,38658050.7,81.42,80.5,81.5,81.29,81.21,81.3,476030,81.21,81.21,81.21,38658050.7,38658050.7,38658050.7,,3,SUR,-0.25,
TQBR,2014-02-25,ПИК ао,PIKK,342,45256497.6,82.02,81.62,82.8,82.11,82.1,82.3,551250,82.1,82.1,82.1,45132647.4,45132647.4,45132647.4,,3,SUR,1.23,
TQBR,2014-02-26,ПИК ао,PIKK,383,39883594.4,82.3,81.83,82.5,82.0,81.98,81.95,486530,81.98,81.98,81.98,39883594.4,39883594.4,39883594.4,,3,SUR,-0.43,
TQBR,2014-02-27,ПИК ао,PIKK,401,118725788.6,81.99,80.4,82.8,81.87,81.27,82.8,1460910,81.27,81.27,81.27,118724968.7,118724968.7,118724968.7,,3,SUR,1.04,
TQBR,2014-02-28,ПИК ао,PIKK,653,35230834.0,81.51,79.6,82.95,82.5,81.15,82.4,434120,81.15,81.15,81.15,35230834.0,35230834.0,35230834.0,,3,SUR,-0.48,
TQBR,2014-03-03,ПИК ао,PIKK,1983,130289489.5,79.86,74.0,81.5,78.0,78.77,78.0,1654130,78.77,78.77,78.77,130273517.5,130273517.5,130273517.5,,3,SUR,-5.34,
TQBR,2014-03-04,ПИК ао,PIKK,1361,24081981.5,78.98,75.0,79.2,79.0,77.01,79.01,312700,77.01,77.01,77.01,24081981.5,24081981.5,24081981.5,,3,SUR,1.29,
TQBR,2014-03-05,ПИК ао,PIKK,1152,28096259.2,78.11,76.04,79.01,78.95,77.94,79.01,360480,77.94,77.94,77.94,28096259.2,28096259.2,28096259.2,,3,SUR,0.0,
TQBR,2014-03-06,ПИК ао,PIKK,716,43052568.8,78.63,77.0,81.7,81.0,78.95,81.0,545330,78.95,78.95,78.95,43052568.8,43052568.8,43052568.8,,3,SUR,2.52,
TQBR,2014-03-07,ПИК ао,PIKK,305,9488190.7,81.3,80.4,82.1,80.5,80.98,80.6,117170,80.98,80.98,80.98,9488190.7,9488190.7,9488190.7,,3,SUR,-0.49,
TQBR,2014-03-11,ПИК ао,PIKK,845,31578539.0,80.0,79.13,84.4,83.86,82.17,83.86,384310,82.17,82.17,82.17,31578539.0,31578539.0,31578539.0,,3,SUR,4.04,
TQBR,2014-03-12,ПИК ао,PIKK,1461,29014742.0,83.83,78.88,86.9,78.88,83.48,79.35,347580,83.48,83.48,83.48,29013065.4,29013065.4,29013065.4,,3,SUR,-5.38,
TQBR,2014-03-13,ПИК ао,PIKK,1284,21620151.3,78.7,76.14,79.88,76.66,76.99,78.05,280800,76.99,76.99,76.99,21620151.3,21620151.3,21620151.3,,3,SUR,-1.64,
TQBR,2014-03-14,ПИК ао,PIKK,1427,33552275.1,76.0,71.21,79.5,79.5,75.68,78.0,443340,75.68,75.68,75.68,33552275.1,33552275.1,33552275.1,,3,SUR,-0.06,
TQBR,2014-03-17,ПИК ао,PIKK,1290,31213622.0,79.73,75.7,82.29,76.5,78.82,76.58,396030,78.82,78.82,78.82,31213622.0,31213622.0,31213622.0,,3,SUR,-1.82,
TQBR,2014-03-18,ПИК ао,PIKK,973,11561459.0,78.0,76.2,78.9,77.45,76.86,77.74,150420,76.86,76.86,76.86,11559899.0,11559899.0,11559899.0,,3,SUR,1.51,
TQBR,2014-03-19,ПИК ао,PIKK,1816,820288297.5,77.78,76.0,82.89,80.55,79.03,80.5,10379170,79.03,79.03,79.03,820288297.5,820288297.5,820288297.5,,3,SUR,3.55,
TQBR,2014-03-20,ПИК ао,PIKK,773,15688181.8,78.2,78.2,81.99,80.04,80.9,81.75,193910,80.9,80.9,80.9,15688181.8,15688181.8,15688181.8,,3,SUR,1.55,
TQBR,2014-03-21,ПИК ао,PIKK,496,12267881.4,77.55,77.55,81.88,81.5,80.16,81.88,153050,80.16,80.16,80.16,12265554.9,12265554.9,12265554.9,,3,SUR,0.16,
TQBR,2014-03-24,ПИК ао,PIKK,907,11734180.8,82.0,78.63,82.0,79.51,79.75,79.51,147130,79.75,79.75,79.75,11734180.8,11734180.8,11734180.8,,3,SUR,-2.89,
TQBR,2014-03-25,ПИК ао,PIKK,1744,10828933.1,79.04,78.54,80.99,79.5,79.75,79.86,135790,79.75,79.75,79.75,10828933.1,10828933.1,10828933.1,,3,SUR,0.44,
TQBR,2014-03-26,ПИК ао,PIKK,1045,21435807.7,78.89,78.49,81.56,80.9,80.35,81.5,266780,80.35,80.35,80.35,21435807.7,21435807.7,21435807.7,,3,SUR,2.05,
TQBR,2014-03-27,ПИК ао,PIKK,431,3272596.5,82.43,79.82,82.43,81.29,80.71,81.36,40550,80.7,80.7,80.7,3254461.9,3254461.9,3254461.9,,3,SUR,-0.17,
TQBR,2014-03-28,ПИК ао,PIKK,398,4171009.7,79.66,79.55,81.49,81.11,81.02,81.38,51480,81.02,81.02,81.02,4168619.9,4168619.9,4168619.9,,3,SUR,0.02,
TQBR,2014-03-31,ПИК ао,PIKK,505,6786099.8,81.99,80.02,82.0,80.84,81.03,80.84,83750,81.03,81.03,81.03,6786099.8,6786099.8,6786099.8,,3,SUR,-0.66,
TQBR,2014-04-01,ПИК ао,PIKK,720,5604513.8,80.8,79.97,83.44,81.5,81.26,81.5,68970,81.26,81.26,81.26,5604513.8,5604513.8,5604513.8,,3,SUR,0.0,
TQBR,2014-04-02,ПИК ао,PIKK,291,3867602.6,79.23,79.23,83.88,82.45,82.78,82.45,46720,82.79,82.79,82.79,3855718.1,3855718.1,3855718.1,,3,SUR,0.0,
TQBR,2014-04-03,ПИК ао,PIKK,501,4467937.4,83.44,80.5,83.9,81.01,81.77,81.01,54640,81.77,81.77,81.77,4467937.4,4467937.4,4467937.4,,3,SUR,0.0,
TQBR,2014-04-04,ПИК ао,PIKK,268,2540460.8,80.39,80.39,82.48,81.91,81.29,81.91,31250,81.29,81.29,81.29,2540460.8,2540460.8,2540460.8,,3,SUR,0.0,
TQBR,2014-04-07,ПИК ао,PIKK,734,15277323.7,81.05,80.32,82.75,81.82,81.82,81.82,186720,81.82,81.82,81.82,15274892.2,15274892.2,15274892.2,,3,SUR,0.0,
TQBR,2014-04-08,ПИК ао,PIKK,471,16253385.1,81.84,80.68,82.69,81.5,82.09,81.5,197990,82.09,82.09,82.09,16253385.1,16253385.1,16253385.1,,3,SUR,0.0,
TQBR,2014-04-09,ПИК ао,PIKK,224,5612344.3,82.26,81.75,83.43,82.01,82.14,82.01,68330,82.14,82.14,82.14,5612344.3,5612344.3,5612344.3,,3,SUR,0.0,
TQBR,2014-04-10,ПИК ао,PIKK,569,31094497.7,82.51,82.5,86.99,86.98,84.09,86.98,369780,84.09,84.09,84.09,31094497.7,31094497.7,31094497.7,,3,SUR,0.0,
TQBR,2014-04-11,ПИК ао,PIKK,606,27751481.9,75.25,75.25,89.98,87.99,87.77,87.99,316180,87.91,87.91,87.91,27483591.9,27483591.9,27483591.9,,3,SUR,0.0,
TQBR,2014-04-14,ПИК ао,PIKK,129,1433384.5,87.09,86.0,87.85,87.34,86.82,87.34,16510,86.82,86.82,86.82,1433384.5,1433384.5,1433384.5,,3,SUR,0.0,
TQBR,2014-04-15,ПИК ао,PIKK,340,5198484.1,87.0,83.65,88.0,83.65,84.62,83.65,61430,84.62,84.62,84.62,5198484.1,5198484.1,5198484.1,,3,SUR,0.0,
TQBR,2014-04-16,ПИК ао,PIKK,247,4378356.3,84.65,82.01,84.73,83.07,83.16,83.07,52650,83.16,83.16,83.16,4378356.3,4378356.3,4378356.3,,3,SUR,0.0,
TQBR,2014-04-17,ПИК ао,PIKK,183,1593003.4,83.41,82.67,85.95,83.49,83.58,83.5,19060,83.58,83.58,83.58,1593003.4,1593003.4,1593003.4,,3,SUR,0.0,
TQBR,2014-04-18,ПИК ао,PIKK,312,4285974.8,84.8,83.77,86.5,86.0,85.75,86.0,49980,85.75,85.75,85.75,4285974.8,4285974.8,4285974.8,,3,SUR,0.0,
TQBR,2014-04-21,ПИК ао,PIKK,96,1376922.7,83.0,83.0,85.99,85.0,85.0,85.0,16200,85.45,85.45,85.45,1127922.7,1127922.7,1127922.7,,3,SUR,0.0,
TQBR,2014-04-22,ПИК ао,PIKK,409,9819528.1,85.55,83.75,85.74,84.1,84.1,84.0,116760,84.1,84.1,84.1,9819528.1,9819528.1,9819528.1,,3,SUR,0.0,
TQBR,2014-04-23,ПИК ао,PIKK,215,2557637.2,84.95,83.0,85.12,83.91,83.69,83.96,30560,83.69,83.69,83.69,2557637.2,2557637.2,2557637.2,,3,SUR,0.0,
TQBR,2014-04-24,ПИК ао,PIKK,364,14911273.3,84.0,83.5,84.03,84.0,83.68,84.0,178200,83.68,83.68,83.68,14911273.3,14911273.3,14911273.3,,3,SUR,0.0,
TQBR,2014-04-25,ПИК ао,PIKK,162,18146466.1,83.08,82.1,83.89,83.76,83.03,83.89,218560,83.03,83.03,83.03,18146466.1,18146466.1,18146466.1,,3,SUR,0.0,
TQBR,2014-04-28,ПИК ао,PIKK,147,1213260.5,84.45,82.08,84.49,82.91,82.59,82.91,14690,82.59,82.59,82.59,1213260.5,1213260.5,1213260.5,,3,SUR,0.0,
TQBR,2014-04-29,ПИК ао,PIKK,343,9019737.2,83.98,80.04,85.0,80.46,82.84,80.46,108880,82.84,82.84,82.84,9019737.2,9019737.2,9019737.2,,3,SUR,0.0,
TQBR,2014-04-30,ПИК ао,PIKK,860,14796466.4,80.46,80.46,83.35,82.31,82.09,82.31,180240,82.09,82.09,82.09,14796466.4,14796466.4,14796466.4,,3,SUR,0.0,
TQBR,2014-05-02,ПИК ао,PIKK,287,1153669.6,81.45,80.76,84.83,84.83,84.03,84.83,13730,84.03,84.03,84.03,1153669.6,1153669.6,1153669.6,,3,SUR,0.0,
TQBR,2014-05-05,ПИК ао,PIKK,71,548378.4,82.71,81.51,83.53,82.4,82.71,82.4,6630,82.71,82.71,82.71,548378.4,548378.4,548378.4,,3,SUR,0.0,
TQBR,2014-05-06,ПИК ао,PIKK,72,684214.1,83.0,82.01,83.6,83.03,83.34,83.01,8210,83.34,83.34,83.34,684214.1,684214.1,684214.1,,3,SUR,0.0,
TQBR,2014-05-07,ПИК ао,PIKK,223,1364236.4,82.74,82.44,85.0,84.79,83.75,84.88,16290,83.75,83.75,83.75,1364236.4,1364236.4,1364236.4,,3,SUR,0.0,
TQBR,2014-05-08,ПИК ао,PIKK,254,3404914.9,85.0,83.0,86.0,84.5,83.84,84.5,40610,83.84,83.84,83.84,3404914.9,3404914.9,3404914.9,,3,SUR,0.0,
TQBR,2014-05-12,ПИК ао,PIKK,527,3771888.3,84.08,82.49,84.99,83.52,83.54,83.52,45150,83.54,83.54,83.54,3771888.3,3771888.3,3771888.3,,3,SUR,0.0,
TQBR,2014-05-13,ПИК ао,PIKK,146,1162192.9,83.34,83.34,85.3,83.35,84.4,83.35,13770,84.4,84.4,84.4,1162192.9,1162192.9,1162192.9,,3,SUR,0.0,
TQBR,2014-05-14,ПИК ао,PIKK,485,14142409.5,84.35,79.85,84.35,81.9,81.67,81.9,173160,81.67,81.67,81.67,14142409.5,14142409.5,14142409.5,,3,SUR,0.0,
TQBR,2014-05-15,ПИК ао,PIKK,255,4029371.7,81.7,81.7,83.53,81.89,82.81,81.89,48660,82.81,82.81,82.81,4029371.7,4029371.7,4029371.7,,3,SUR,0.0,
TQBR,2014-05-16,ПИК ао,PIKK,107,29709144.2,82.65,81.78,83.0,82.54,82.5,82.51,360090,82.5,82.5,82.5,29709144.2,29709144.2,29709144.2,,3,SUR,0.0,
TQBR,2014-05-19,ПИК ао,PIKK,1075,72069387.5,82.4,82.0,85.0,84.51,83.77,84.51,860280,83.77,83.77,83.77,72069387.5,72069387.5,72069387.5,,3,SUR,0.0,
TQBR,2014-05-20,ПИК ао,PIKK,478,5022560.1,84.35,83.28,85.0,85.0,84.2,85.0,59650,84.2,84.2,84.2,5022560.1,5022560.1,5022560.1,,3,SUR,0.0,
TQBR,2014-05-21,ПИК ао,PIKK,421,9515526.5,84.53,83.74,85.65,85.65,84.56,85.65,112530,84.56,84.56,84.56,9515526.5,9515526.5,9515526.5,,3,SUR,0.0,
TQBR,2014-05-22,ПИК ао,PIKK,385,6465430.1,84.71,83.23,87.0,87.0,84.7,87.0,76330,84.7,84.7,84.7,6465430.1,6465430.1,6465430.1,,3,SUR,0.0,
TQBR,2014-05-23,ПИК ао,PIKK,260,3628933.7,86.57,84.16,86.92,84.7,84.87,84.7,42760,84.87,84.87,84.87,3628933.7,3628933.7,3628933.7,,3,SUR,0.0,
TQBR,2014-05-26,ПИК ао,PIKK,82,751807.8,84.93,84.22,85.04,84.22,84.57,84.22,8890,84.57,84.57,84.57,751807.8,751807.8,751807.8,,3,SUR,0.0,
TQBR,2014-05-27,ПИК ао,PIKK,1073,98984587.2,84.0,81.0,88.0,88.0,86.99,88.0,1137820,86.99,86.99,86.99,98984587.2,98984587.2,98984587.2,,3,SUR,0.0,
TQBR,2014-05-28,ПИК ао,PIKK,518,20917927.9,87.0,86.21,89.68,89.0,88.8,89.0,235570,88.8,88.8,88.8,20915317.9,20915317.9,20915317.9,,3,SUR,0.0,
TQBR,2014-05-29,ПИК ао,PIKK,223,5731667.3,89.83,88.46,89.83,89.57,88.71,89.57,64610,88.71,88.71,88.71,5731667.3,5731667.3,5731667.3,,3,SUR,0.0,
TQBR,2014-05-30,ПИК ао,PIKK,965,14495326.1,89.75,88.15,93.98,93.98,91.23,93.98,158880,91.23,91.23,91.23,14495326.1,14495326.1,14495326.1,,3,SUR,0.0,
TQBR,2014-06-02,ПИК ао,PIKK,507,18746694.8,93.97,93.02,95.73,94.99,94.33,94.99,198730,94.33,94.33,94.33,18746694.8,18746694.8,18746694.8,,3,SUR,0.0,
TQBR,2014-06-03,ПИК ао,PIKK,527,8322926.4,93.14,92.61,94.97,94.7,94.3,94.7,88260,94.3,94.3,94.3,8322926.4,8322926.4,8322926.4,,3,SUR,0.0,
TQBR,2014-06-04,ПИК ао,PIKK,294,1537766.3,94.7,93.4,94.9,94.0,94.05,94.0,16350,94.05,94.05,94.05,1537766.3,1537766.3,1537766.3,,3,SUR,0.0,
TQBR,2014-06-05,ПИК ао,PIKK,477,3075879.4,94.9,91.11,95.7,91.29,91.87,91.29,33480,91.87,91.87,91.87,3075879.4,3075879.4,3075879.4,,3,SUR,0.0,
TQBR,2014-06-06,ПИК ао,PIKK,638,3147023.4,92.0,90.0,93.11,90.0,90.69,90.0,34700,90.69,90.69,90.69,3146103.4,3146103.4,3146103.4,,3,SUR,0.0,
TQBR,2014-06-09,ПИК ао,PIKK,436,5104521.2,90.0,87.76,93.1,87.76,90.65,87.76,56310,90.65,90.65,90.65,5104521.2,5104521.2,5104521.2,,3,SUR,-2.49,
TQBR,2014-06-10,ПИК ао,PIKK,620,21861073.8,89.13,84.0,89.13,84.35,85.24,84.35,256450,85.24,85.24,85.24,21861073.8,21861073.8,21861073.8,,3,SUR,-3.89,
TQBR,2014-06-11,ПИК ао,PIKK,925,31029501.4,83.69,81.11,84.79,81.42,81.92,81.42,378790,81.92,81.92,81.92,31029501.4,31029501.4,31029501.4,,3,SUR,-3.47,
TQBR,2014-06-16,ПИК ао,PIKK,2993,56958247.1,81.35,77.27,83.62,80.23,80.39,80.23,708540,80.39,80.39,80.39,56954993.1,56954993.1,56954993.1,,3,SUR,-1.46,
TQBR,2014-06-17,ПИК ао,PIKK,762,7917918.0,80.12,78.71,80.39,79.9,79.44,79.9,99670,79.44,79.44,79.44,7917918.0,7917918.0,7917918.0,,3,SUR,-0.41,
TQBR,2014-06-18,ПИК ао,PIKK,908,9409325.5,78.66,78.66,81.9,79.94,80.12,79.94,117440,80.12,80.12,80.12,9406965.7,9406965.7,9406965.7,,3,SUR,0.05,
TQBR,2014-06-19,ПИК ао,PIKK,1604,9950693.5,80.49,79.05,80.89,79.4,79.75,79.4,124780,79.75,79.75,79.75,9950693.5,9950693.5,9950693.5,,3,SUR,-0.68,
TQBR,2014-06-20,ПИК ао,PIKK,1662,17611639.4,79.35,79.03,81.0,79.69,79.91,79.69,220400,79.91,79.91,79.91,17611639.4,17611639.4,17611639.4,,3,SUR,0.37,
TQBR,2014-06-23,ПИК ао,PIKK,535,5779816.7,80.44,78.23,80.44,79.0,78.54,79.01,73590,78.54,78.54,78.54,5779816.7,5779816.7,5779816.7,,3,SUR,-0.85,
TQBR,2014-06-24,ПИК ао,PIKK,375,3145709.4,79.73,78.24,79.73,79.22,78.96,79.22,39840,78.96,78.96,78.96,3145709.4,3145709.4,3145709.4,,3,SUR,0.27,
TQBR,2014-06-25,ПИК ао,PIKK,336,3024773.6,79.0,78.12,79.75,78.12,78.57,78.12,38500,78.56,78.56,78.56,3016873.6,3016873.6,3016873.6,,3,SUR,-1.39,
TQBR,2014-06-26,ПИК ао,PIKK,260,2908866.4,84.35,78.28,84.35,79.76,78.85,79.76,36890,78.79,78.79,78.79,2875126.4,2875126.4,2875126.4,,3,SUR,2.1,
TQBR,2014-06-27,ПИК ао,PIKK,206,2239087.4,79.0,79.0,80.47,79.78,79.71,79.78,28090,79.71,79.71,79.71,2231977.4,2231977.4,2231977.4,,3,SUR,0.03,
TQBR,2014-06-30,ПИК ао,PIKK,206,3175512.5,79.98,78.81,80.81,79.45,79.71,79.45,39840,79.71,79.71,79.71,3175512.5,3175512.5,3175512.5,,3,SUR,-0.41,
TQBR,2014-07-01,ПИК ао,PIKK,138,2087949.3,80.48,78.5,80.48,78.5,78.97,78.5,26440,78.97,78.97,78.97,2087949.3,2087949.3,2087949.3,,3,SUR,-1.2,
TQBR,2014-07-02,ПИК ао,PIKK,781,19388633.1,71.5,71.5,81.8,81.69,80.26,81.69,241560,80.27,80.27,80.27,19381483.1,19381483.1,19381483.1,,3,SUR,4.06,
TQBR,2014-07-03,ПИК ао,PIKK,294,7694731.3,81.7,80.12,83.48,80.2,81.11,80.2,94870,81.11,81.11,81.11,7694731.3,7694731.3,7694731.3,,3,SUR,-1.82,
TQBR,2014-07-04,ПИК ао,PIKK,264,15079410.9,80.0,80.0,81.7,81.0,80.95,81.0,186290,80.95,80.95,80.95,15077010.9,15077010.9,15077010.9,,3,SUR,1.0,
TQBR,2014-07-07,ПИК ао,PIKK,555,76595352.7,81.0,80.96,83.4,81.28,81.96,81.28,934580,81.96,81.96,81.96,76594542.7,76594542.7,76594542.7,,3,SUR,0.35,
TQBR,2014-07-08,ПИК ао,PIKK,718,85453724.2,81.89,80.63,83.97,80.65,82.29,80.65,1038450,82.29,82.29,82.29,85453724.2,85453724.2,85453724.2,,3,SUR,-0.78,
TQBR,2014-07-09,ПИК ао,PIKK,656,15195133.6,80.99,79.11,81.85,79.99,80.62,79.99,188480,80.62,80.62,80.62,15195133.6,15195133.6,15195133.6,,3,SUR,-0.82,
TQBR,2014-07-10,ПИК ао,PIKK,395,6145404.0,79.25,78.23,80.17,79.66,79.05,79.66,77740,79.05,79.05,79.05,6145404.0,6145404.0,6145404.0,,3,SUR,-0.41,
TQBR,2014-07-11,ПИК ао,PIKK,150,2552190.2,78.51,77.88,79.28,78.33,78.34,78.33,32580,78.34,78.34,78.34,2552190.2,2552190.2,2552190.2,,3,SUR,-1.67,
TQBR,2014-07-14,ПИК ао,PIKK,297,4346455.0,78.46,77.22,78.9,77.4,77.78,77.4,55880,77.78,77.78,77.78,4346455.0,4346455.0,4346455.0,,3,SUR,-1.19,
TQBR,2014-07-15,ПИК ао,PIKK,112,1285327.4,77.78,77.2,78.08,77.65,77.52,77.65,16580,77.52,77.52,77.52,1285327.4,1285327.4,1285327.4,,3,SUR,0.32,
TQBR,2014-07-16,ПИК ао,PIKK,357,7965128.9,78.1,76.02,78.78,78.05,77.3,78.05,103040,77.3,77.3,77.3,7965128.9,7965128.9,7965128.9,,3,SUR,0.52,
TQBR,2014-07-17,ПИК ао,PIKK,399,7240378.2,77.04,75.5,78.43,75.5,76.2,75.5,95020,76.2,76.2,76.2,7240378.2,7240378.2,7240378.2,,3,SUR,-3.27,
TQBR,2014-07-18,ПИК ао,PIKK,358,5637026.8,75.4,73.79,77.68,76.6,75.22,76.6,74940,75.21,75.21,75.21,5438724.8,5438724.8,5438724.8,,3,SUR,1.46,
TQBR,2014-07-21,ПИК ао,PIKK,90,955981.3,76.99,76.0,77.46,76.35,76.6,76.35,12480,76.6,76.6,76.6,955981.3,955981.3,955981.3,,3,SUR,-0.33,
TQBR,2014-07-22,ПИК ао,PIKK,216,2290025.0,77.62,77.05,78.22,77.87,77.81,77.87,29430,77.81,77.81,77.81,2264410.4,2264410.4,2264410.4,,3,SUR,1.99,
TQBR,2014-07-23,ПИК ао,PIKK,419,4643209.0,77.71,75.14,78.7,78.4,77.01,78.7,60290,77.01,77.01,77.01,4643209.0,4643209.0,4643209.0,,3,SUR,1.07,
TQBR,2014-07-24,ПИК ао,PIKK,189,2880866.7,78.01,76.06,78.78,78.0,77.36,78.0,37240,77.36,77.36,77.36,2880866.7,2880866.7,2880866.7,,3,SUR,-0.89,
TQBR,2014-07-25,ПИК ао,PIKK,226,1928849.8,77.0,76.02,77.65,76.02,76.79,76.02,25120,76.79,76.79,76.79,1928849.8,1928849.8,1928849.8,,3,SUR,-2.54,
TQBR,2014-07-28,ПИК ао,PIKK,783,15270971.2,75.33,72.2,76.29,74.0,73.54,74.0,207650,73.54,73.54,73.54,15268711.3,15268711.3,15268711.3,,3,SUR,-2.66,
TQBR,2014-07-29,ПИК ао,PIKK,183,1811992.0,73.04,73.03,75.24,74.75,74.2,74.75,24420,74.2,74.2,74.2,1811992.0,1811992.0,1811992.0,,3,SUR,1.01,
TQBR,2014-07-30,ПИК ао,PIKK,593,15781769.0,75.68,74.0,77.9,77.01,75.57,77.01,208840,75.57,75.57,75.57,15781769.0,15781769.0,15781769.0,,3,SUR,3.02,
TQBR,2014-07-31,ПИК ао,PIKK,467,56288309.0,77.01,77.0,78.88,78.26,77.92,78.26,722380,77.92,77.92,77.92,56288309.0,56288309.0,56288309.0,,3,SUR,1.62,
TQBR,2014-08-01,ПИК ао,PIKK,144,5219298.3,77.75,77.75,78.9,78.4,78.27,78.4,66680,78.27,78.27,78.27,5219298.3,5219298.3,5219298.3,,3,SUR,0.18,
TQBR,2014-08-04,ПИК ао,PIKK,219,16824276.5,78.94,78.94,80.57,79.85,79.97,79.85,210380,79.97,79.97,79.97,16824276.5,16824276.5,16824276.5,,3,SUR,1.85,
TQBR,2014-08-05,ПИК ао,PIKK,242,31006174.9,81.9,79.0,81.9,79.88,79.51,79.88,389970,79.51,79.51,79.51,31002079.9,31002079.9,31002079.9,,3,SUR,0.04,
TQBR,2014-08-06,ПИК ао,PIKK,206,24561071.3,79.32,79.01,80.25,79.99,79.87,80.0,307530,79.87,79.87,79.87,24561071.3,24561071.3,24561071.3,,3,SUR,0.15,
TQBR,2014-08-07,ПИК ао,PIKK,531,84866244.5,80.01,79.01,82.56,82.01,80.03,82.01,1060490,80.03,80.03,80.03,84866244.5,84866244.5,84866244.5,,3,SUR,2.51,
TQBR,2014-08-08,ПИК ао,PIKK,632,20383496.0,82.2,82.0,85.85,85.03,84.37,85.03,241590,84.37,84.37,84.37,20383496.0,20383496.0,20383496.0,,3,SUR,3.68,
TQBR,2014-08-11,ПИК ао,PIKK,640,77675175.2,85.03,85.0,89.8,89.8,88.2,89.8,880670,88.2,88.2,88.2,77675175.2,77675175.2,77675175.2,,3,SUR,5.61,
TQBR,2014-08-12,ПИК ао,PIKK,1380,623542848.7,89.8,89.8,94.75,94.28,92.42,94.28,6746530,92.42,92.42,92.42,623542848.7,623542848.7,623542848.7,,3,SUR,4.99,
TQBR,2014-08-13,ПИК ао,PIKK,1201,101118196.4,93.58,93.58,99.45,99.45,96.82,99.45,1044370,96.82,96.82,96.82,101118196.4,101118196.4,101118196.4,,3,SUR,5.48,
TQBR,2014-08-14,ПИК ао,PIKK,1437,125282079.8,97.0,95.1,101.79,99.5,100.3,99.5,1249100,100.3,100.3,100.3,125282079.8,125282079.8,125282079.8,,3,SUR,0.05,
TQBR,2014-08-15,ПИК ао,PIKK,870,34201329.9,96.93,96.93,104.0,100.0,100.68,100.0,339690,100.69,100.69,100.69,34172250.9,34172250.9,34172250.9,,3,SUR,0.5,
TQBR,2014-08-18,ПИК ао,PIKK,304,25511741.1,98.55,98.08,100.97,99.9,100.02,99.9,255070,100.02,100.02,100.02,25511741.1,25511741.1,25511741.1,,3,SUR,-0.1,
TQBR,2014-08-19,ПИК ао,PIKK,218,4304026.7,100.01,100.0,102.0,100.32,100.94,100.32,42640,100.94,100.94,100.94,4304026.7,4304026.7,4304026.7,,3,SUR,0.42,
TQBR,2014-08-20,ПИК ао,PIKK,607,54618959.5,100.16,98.32,103.88,99.9,100.32,99.9,544470,100.32,100.32,100.32,54617957.9,54617957.9,54617957.9,,3,SUR,-0.42,
TQBR,2014-08-21,ПИК ао,PIKK,454,53569778.8,100.0,98.05,101.5,101.5,99.97,101.5,535860,99.97,99.97,99.97,53569778.8,53569778.8,53569778.8,,3,SUR,1.6,
TQBR,2014-08-22,ПИК ао,PIKK,471,13828830.8,101.5,99.61,101.5,100.97,100.2,100.97,138010,100.2,100.2,100.2,13827815.8,13827815.8,13827815.8,,3,SUR,-0.52,
TQBR,2014-08-25,ПИК ао,PIKK,240,9895234.1,100.96,100.0,103.5,100.19,100.33,100.2,98630,100.33,100.33,100.33,9895234.1,9895234.1,9895234.1,,3,SUR,-0.76,
TQBR,2014-08-26,ПИК ао,PIKK,261,34033884.8,100.01,100.0,101.55,100.39,100.32,100.39,339270,100.32,100.32,100.32,34033884.8,34033884.8,34033884.8,,3,SUR,0.19,
TQBR,2014-08-27,ПИК ао,PIKK,646,27623170.9,99.1,99.1,101.05,100.0,99.83,100.0,276710,99.83,99.83,99.83,27623170.9,27623170.9,27623170.9,,3,SUR,-0.39,
TQBR,2014-08-28,ПИК ао,PIKK,983,21426997.0,99.05,97.0,103.5,100.37,99.58,100.14,215170,99.58,99.58,99.58,21426997.0,21426997.0,21426997.0,,3,SUR,0.14,
TQBR,2014-08-29,ПИК ао,PIKK,2192,227473539.7,100.98,70.0,101.08,96.73,97.47,96.73,2333700,97.47,97.47,97.47,227473539.7,227473539.7,227473539.7,,3,SUR,-3.41,
TQBR,2014-09-01,ПИК ао,PIKK,1332,126792098.7,94.27,94.27,100.0,99.51,99.53,99.51,1273860,99.53,99.53,99.53,126790213.3,126790213.3,126790213.3,,3,SUR,2.87,
TQBR,2014-09-02,ПИК ао,PIKK,491,23735167.7,99.0,98.1,102.18,100.03,100.16,100.03,236970,100.16,100.16,100.16,23685667.7,23685667.7,23685667.7,,3,SUR,0.52,
TQBR,2014-09-03,ПИК ао,PIKK,2384,315811594.7,102.27,99.19,111.0,109.0,107.93,109.0,2926080,107.93,107.93,107.93,315796254.2,315796254.2,315796254.2,,3,SUR,8.97,
TQBR,2014-09-04,ПИК ао,PIKK,496,9763994.8,109.0,104.58,112.47,106.48,106.82,106.48,91410,106.82,106.82,106.82,9763994.8,9763994.8,9763994.8,,3,SUR,-2.31,
TQBR,2014-09-05,ПИК ао,PIKK,514,22769815.4,106.96,106.55,110.63,107.31,109.39,107.31,208150,109.39,109.39,109.39,22769815.4,22769815.4,22769815.4,,3,SUR,0.78,
TQBR,2014-09-08,ПИК ао,PIKK,1055,55475452.6,107.99,105.01,112.0,111.11,110.07,111.11,504000,110.07,110.07,110.07,55475452.6,55475452.6,55475452.6,,3,SUR,3.54,
TQBR,2014-09-09,ПИК ао,PIKK,594,30228752.0,111.1,111.0,114.88,113.71,113.11,113.71,267250,113.11,113.11,113.11,30228752.0,30228752.0,30228752.0,,3,SUR,2.34,
TQBR,2014-09-10,ПИК ао,PIKK,3364,62272081.5,116.65,112.05,117.99,115.37,116.05,115.37,536610,116.05,116.05,116.05,62260416.5,62260416.5,62260416.5,,3,SUR,1.46,
TQBR,2014-09-11,ПИК ао,PIKK,1861,55897491.0,115.7,111.76,119.0,118.36,116.66,118.36,479150,116.66,116.66,116.66,55895177.0,55895177.0,55895177.0,,3,SUR,2.59,
TQBR,2014-09-12,ПИК ао,PIKK,698,34437154.8,118.0,117.85,120.9,119.86,119.25,119.86,288770,119.25,119.25,119.25,34437154.8,34437154.8,34437154.8,,3,SUR,1.27,
TQBR,2014-09-15,ПИК ао,PIKK,4117,92299473.5,119.0,118.05,125.43,124.0,121.76,124.0,758020,121.76,121.76,121.76,92299473.5,92299473.5,92299473.5,,3,SUR,3.45,
TQBR,2014-09-16,ПИК ао,PIKK,3250,156546700.8,123.01,123.0,130.77,128.15,125.72,128.15,1245250,125.72,125.72,125.72,156546700.8,156546700.8,156546700.8,,3,SUR,3.35,
TQBR,2014-09-17,ПИК ао,PIKK,1077,40494110.8,127.81,127.81,132.0,128.49,128.76,128.49,314500,128.76,128.76,128.76,40494110.8,40494110.8,40494110.8,,3,SUR,0.27,
TQBR,2014-09-18,ПИК ао,PIKK,1919,741709367.0,128.33,128.0,133.99,130.0,128.26,130.0,5782940,128.26,128.26,128.26,741708083.7,741708083.7,741708083.7,,3,SUR,1.18,
TQBR,2014-09-19,ПИК ао,PIKK,2030,46666623.4,129.84,128.5,131.95,130.02,130.19,130.02,358440,130.19,130.19,130.19,46653639.4,46653639.4,46653639.4,,3,SUR,0.02,
TQBR,2014-09-22,ПИК ао,PIKK,1635,40161683.9,129.69,129.69,131.35,130.45,130.14,130.45,308610,130.14,130.14,130.14,40161683.9,40161683.9,40161683.9,,3,SUR,0.33,
TQBR,2014-09-23,ПИК ао,PIKK,1680,59641969.8,129.15,129.02,137.98,135.25,132.5,135.25,450140,132.5,132.5,132.5,59641969.8,59641969.8,59641969.8,,3,SUR,3.68,
TQBR,2014-09-24,ПИК ао,PIKK,951,45524050.0,135.85,131.0,136.27,132.75,133.08,132.75,342080,133.07,133.07,133.07,45433030.5,45433030.5,45433030.5,,3,SUR,-1.85,
TQBR,2014-09-25,ПИК ао,PIKK,799,40731018.6,131.41,128.5,132.99,129.01,129.46,129.01,314620,129.46,129.46,129.46,40731018.6,40731018.6,40731018.6,,3,SUR,-2.82,
TQBR,2014-09-26,ПИК ао,PIKK,692,29023016.0,128.69,124.91,129.99,125.4,126.93,125.4,228650,126.93,126.93,126.93,29023016.0,29023016.0,29023016.0,,3,SUR,-2.8,
TQBR,2014-09-29,ПИК ао,PIKK,1307,49919965.2,124.07,115.31,127.67,121.0,122.02,121.0,409120,122.02,122.02,122.02,49919965.2,49919965.2,49919965.2,,3,SUR,-3.51,
TQBR,2014-09-30,ПИК ао,PIKK,807,23833003.8,120.69,116.32,123.9,117.2,119.37,117.2,199650,119.37,119.37,119.37,23833003.8,23833003.8,23833003.8,,3,SUR,-3.14,
TQBR,2014-10-01,ПИК ао,PIKK,684,26574573.0,117.2,113.6,117.2,114.5,115.2,114.5,230670,115.2,115.2,115.2,26574573.0,26574573.0,26574573.0,,3,SUR,-2.3,
TQBR,2014-10-02,ПИК ао,PIKK,1018,38586029.0,114.1,109.9,116.0,114.6,112.3,114.6,343690,112.3,112.3,112.3,38563209.0,38563209.0,38563209.0,,3,SUR,0.09,
TQBR,2014-10-03,ПИК ао,PIKK,360,8192737.0,114.0,113.0,114.9,113.6,113.5,113.6,72190,113.5,113.5,113.5,8192737.0,8192737.0,8192737.0,,3,SUR,-0.87,
TQBR,2014-10-06,ПИК ао,PIKK,468,4805546.0,113.3,113.2,115.6,113.5,114.4,113.5,42000,114.4,114.4,114.4,4805546.0,4805546.0,4805546.0,,3,SUR,-0.09,
TQBR,2014-10-07,ПИК ао,PIKK,863,10315509.0,113.5,110.0,118.4,112.0,113.6,112.0,90820,113.6,113.6,113.6,10313239.0,10313239.0,10313239.0,,3,SUR,-1.32,
TQBR,2014-10-08,ПИК ао,PIKK,805,12527815.0,112.0,108.1,112.0,110.0,109.7,110.0,114170,109.7,109.7,109.7,12527815.0,12527815.0,12527815.0,,3,SUR,-1.79,
TQBR,2014-10-09,ПИК ао,PIKK,356,9722000.0,110.1,109.4,112.1,110.0,110.7,110.0,87840,110.7,110.7,110.7,9716495.0,9716495.0,9716495.0,,3,SUR,0.0,
TQBR,2014-10-10,ПИК ао,PIKK,255,2078625.0,108.2,108.2,111.8,109.5,110.4,109.5,18830,110.4,110.4,110.4,2078625.0,2078625.0,2078625.0,,3,SUR,-0.45,
TQBR,2014-10-13,ПИК ао,PIKK,798,29008663.0,108.9,108.8,115.3,114.8,112.3,114.8,258360,112.3,112.3,112.3,29006485.0,29006485.0,29006485.0,,3,SUR,4.84,
TQBR,2014-10-14,ПИК ао,PIKK,654,69180493.0,114.5,113.8,119.0,118.9,116.8,118.9,592490,116.8,116.8,116.8,69180493.0,69180493.0,69180493.0,,3,SUR,3.57,
TQBR,2014-10-15,ПИК ао,PIKK,687,33135455.0,118.5,118.2,122.5,119.0,121.3,119.0,273210,121.3,121.3,121.3,33135455.0,33135455.0,33135455.0,,3,SUR,0.08,
TQBR,2014-10-16,ПИК ао,PIKK,859,30949809.0,119.4,119.1,125.0,123.3,122.9,123.3,251790,122.9,122.9,122.9,30866229.0,30866229.0,30866229.0,,3,SUR,3.61,
TQBR,2014-10-17,ПИК ао,PIKK,769,23540221.0,124.1,123.4,130.9,129.9,127.6,129.9,184440,127.6,127.6,127.6,23453351.0,23453351.0,23453351.0,,3,SUR,5.35,
TQBR,2014-10-20,ПИК ао,PIKK,1336,58148058.0,129.8,129.6,136.9,131.2,132.9,131.2,437680,132.9,132.9,132.9,58145462.0,58145462.0,58145462.0,,3,SUR,1.0,
TQBR,2014-10-21,ПИК ао,PIKK,1011,53217470.0,130.9,127.0,136.5,135.6,133.3,135.6,399300,133.3,133.3,133.3,53203071.0,53203071.0,53203071.0,,3,SUR,3.35,
TQBR,2014-10-22,ПИК ао,PIKK,1143,36877767.0,135.3,134.6,138.0,136.0,136.3,136.0,270470,136.3,136.3,136.3,36849354.0,36849354.0,36849354.0,,3,SUR,0.29,
TQBR,2014-10-23,ПИК ао,PIKK,1154,59770066.0,135.6,130.1,137.5,135.7,135.9,135.7,439900,135.9,135.9,135.9,59770066.0,59770066.0,59770066.0,,3,SUR,-0.22,
TQBR,2014-10-24,ПИК ао,PIKK,260,11466576.0,132.0,132.0,138.3,138.0,136.8,138.0,83830,136.8,136.8,136.8,11463936.0,11463936.0,11463936.0,,3,SUR,1.69,
TQBR,2014-10-27,ПИК ао,PIKK,1086,96227588.0,138.7,137.0,142.0,140.3,140.7,140.3,684120,140.7,140.7,140.7,96227588.0,96227588.0,96227588.0,,3,SUR,1.67,
TQBR,2014-10-28,ПИК ао,PIKK,1053,955277944.0,140.0,139.0,146.5,146.5,141.4,146.5,6756250,141.4,141.4,141.4,955277944.0,955277944.0,955277944.0,,3,SUR,4.42,
TQBR,2014-10-29,ПИК ао,PIKK,1569,134826433.0,146.3,146.1,152.0,151.8,150.1,151.8,898200,150.1,150.1,150.1,134804488.0,134804488.0,134804488.0,,3,SUR,3.62,
TQBR,2014-10-30,ПИК ао,PIKK,1731,53452472.0,151.0,143.0,152.9,149.1,148.4,149.1,360300,148.4,148.4,148.4,53407172.0,53407172.0,53407172.0,,3,SUR,-1.78,
TQBR,2014-10-31,ПИК ао,PIKK,356,63510224.0,148.1,148.0,150.2,150.0,149.5,150.0,424850,149.5,149.5,149.5,63510224.0,63510224.0,63510224.0,,3,SUR,0.6,
TQBR,2014-11-03,ПИК ао,PIKK,356,24158729.0,147.0,143.3,150.0,150.0,147.9,150.0,163390,147.9,147.9,147.9,24042599.0,24042599.0,24042599.0,,3,SUR,0.0,
TQBR,2014-11-05,ПИК ао,PIKK,514,29325710.0,149.8,143.1,149.8,149.1,147.5,149.1,198820,147.5,147.5,147.5,29315224.0,29315224.0,29315224.0,,3,SUR,-0.6,
TQBR,2014-11-06,ПИК ао,PIKK,414,25125065.0,146.3,145.5,149.0,149.0,147.7,149.0,170160,147.7,147.7,147.7,25125065.0,25125065.0,25125065.0,,3,SUR,-0.07,
TQBR,2014-11-07,ПИК ао,PIKK,277,20255808.0,149.6,147.0,149.6,148.4,147.7,148.4,137140,147.7,147.7,147.7,20252816.0,20252816.0,20252816.0,,3,SUR,-0.4,
TQBR,2014-11-10,ПИК ао,PIKK,214,14795729.0,148.0,146.1,150.2,150.2,148.9,150.2,99380,148.9,148.9,148.9,14795729.0,14795729.0,14795729.0,,3,SUR,1.21,
TQBR,2014-11-11,ПИК ао,PIKK,229,7313459.0,150.8,147.7,150.8,147.7,149.1,147.7,49050,149.1,149.1,149.1,7305919.0,7305919.0,7305919.0,,3,SUR,-1.66,
TQBR,2014-11-12,ПИК ао,PIKK,228,12726419.0,147.4,145.7,149.9,148.5,147.8,148.5,86090,147.8,147.8,147.8,12726419.0,12726419.0,12726419.0,,3,SUR,0.54,
TQBR,2014-11-13,ПИК ао,PIKK,310,15537122.0,149.4,144.1,149.4,148.5,147.4,148.5,105400,147.4,147.4,147.4,15535628.0,15535628.0,15535628.0,,3,SUR,0.0,
TQBR,2014-11-14,ПИК ао,PIKK,196,16765232.0,147.3,147.1,148.8,148.8,148.3,148.8,113080,148.3,148.3,148.3,16763759.0,16763759.0,16763759.0,,3,SUR,0.2,
TQBR,2014-11-17,ПИК ао,PIKK,376,69637700.0,148.2,147.5,152.5,151.7,150.5,151.7,462730,150.5,150.5,150.5,69637700.0,69637700.0,69637700.0,,3,SUR,1.95,
TQBR,2014-11-18,ПИК ао,PIKK,1192,178055923.0,152.9,147.6,158.0,154.0,155.1,154.0,1148110,155.1,155.1,155.1,178055923.0,178055923.0,178055923.0,,3,SUR,1.52,
TQBR,2014-11-19,ПИК ао,PIKK,490,55506114.0,156.0,155.9,160.0,158.3,157.2,158.3,353160,157.2,157.2,157.2,55506114.0,55506114.0,55506114.0,,3,SUR,2.79,
TQBR,2014-11-20,ПИК ао,PIKK,695,72151845.0,160.0,156.0,165.0,164.7,162.1,164.7,445050,162.1,162.1,162.1,72151845.0,72151845.0,72151845.0,,3,SUR,4.04,
TQBR,2014-11-21,ПИК ао,PIKK,786,111510609.0,166.0,160.1,168.0,165.5,164.9,165.5,676160,164.9,164.9,164.9,111510609.0,111510609.0,111510609.0,,3,SUR,0.49,
TQBR,2014-11-24,ПИК ао,PIKK,839,118280865.0,164.0,162.0,171.2,169.5,168.8,169.5,700920,168.8,168.8,168.8,118280865.0,118280865.0,118280865.0,,3,SUR,2.42,
TQBR,2014-11-25,ПИК ао,PIKK,891,118374996.0,171.1,166.9,171.1,170.6,169.0,170.6,700570,169.0,169.0,169.0,118366441.0,118366441.0,118366441.0,,3,SUR,0.65,
TQBR,2014-11-26,ПИК ао,PIKK,709,47215058.0,169.2,168.6,173.0,173.0,171.4,173.0,275490,171.4,171.4,171.4,47215058.0,47215058.0,47215058.0,,3,SUR,1.41,
TQBR,2014-11-27,ПИК ао,PIKK,783,238388655.0,173.6,170.6,177.5,177.2,175.8,177.2,1355950,175.8,175.8,175.8,238388655.0,238388655.0,238388655.0,,3,SUR,2.43,
TQBR,2014-11-28,ПИК ао,PIKK,897,92419449.0,178.0,175.0,184.0,178.0,176.4,178.0,523860,176.4,176.4,176.4,92419449.0,92419449.0,92419449.0,,3,SUR,0.45,
TQBR,2014-12-01,ПИК ао,PIKK,989,82637620.0,177.1,172.2,180.9,180.9,177.9,180.9,464630,177.9,177.9,177.9,82635849.0,82635849.0,82635849.0,,3,SUR,1.63,
TQBR,2014-12-02,ПИК ао,PIKK,443,27781742.0,182.6,177.8,183.2,177.8,178.7,177.8,155460,178.7,178.7,178.7,27496886.0,27496886.0,27496886.0,,3,SUR,-1.71,
TQBR,2014-12-03,ПИК ао,PIKK,1975,216438986.0,176.8,148.0,181.3,181.3,171.4,181.3,1262760,171.4,171.4,171.4,216437218.0,216437218.0,216437218.0,,3,SUR,1.97,
TQBR,2014-12-04,ПИК ао,PIKK,1257,42554495.0,181.3,177.8,189.3,180.0,181.5,180.0,234480,181.5,181.5,181.5,42543617.0,42543617.0,42543617.0,,3,SUR,-0.72,
TQBR,2014-12-05,ПИК ао,PIKK,1366,21092847.0,178.1,172.9,183.3,179.9,178.3,179.9,118290,178.3,178.3,178.3,21092847.0,21092847.0,21092847.0,,3,SUR,-0.06,
TQBR,2014-12-08,ПИК ао,PIKK,986,45139633.0,178.4,164.1,180.0,178.0,176.9,178.0,255160,176.9,176.9,176.9,45139633.0,45139633.0,45139633.0,,3,SUR,-1.06,
TQBR,2014-12-09,ПИК ао,PIKK,675,30996181.0,176.2,173.5,178.6,177.0,175.9,177.0,176180,175.9,175.9,175.9,30996181.0,30996181.0,30996181.0,,3,SUR,-0.56,
TQBR,2014-12-10,ПИК ао,PIKK,898,90581676.0,178.4,174.4,184.0,184.0,180.9,184.0,500860,180.9,180.9,180.9,90579892.0,90579892.0,90579892.0,,3,SUR,3.95,
TQBR,2014-12-11,ПИК ао,PIKK,2041,69668623.0,181.6,181.6,189.8,189.0,185.6,189.0,375460,185.6,185.6,185.6,69603247.0,69603247.0,69603247.0,,3,SUR,2.72,
TQBR,2014-12-12,ПИК ао,PIKK,1435,86738966.0,189.5,189.5,197.5,195.9,193.2,195.9,448870,193.2,193.2,193.2,86738966.0,86738966.0,86738966.0,,3,SUR,3.65,
TQBR,2014-12-15,ПИК ао,PIKK,2745,298231444.0,195.9,189.0,213.0,197.5,201.0,197.5,1483950,201.0,201.0,201.0,298229485.0,298229485.0,298229485.0,,3,SUR,0.82,
TQBR,2014-12-16,ПИК ао,PIKK,1598,111915024.0,190.0,165.9,244.0,188.3,194.9,188.3,574340,195.0,195.0,195.0,109289224.0,109289224.0,109289224.0,,3,SUR,-4.66,
TQBR,2014-12-17,ПИК ао,PIKK,1019,55244698.0,189.0,185.0,193.0,187.2,189.4,187.2,291610,189.4,189.4,189.4,55244698.0,55244698.0,55244698.0,,3,SUR,-0.58,
TQBR,2014-12-18,ПИК ао,PIKK,660,42361294.0,186.2,181.5,189.7,188.0,186.4,188.0,227260,186.4,186.4,186.4,42359432.0,42359432.0,42359432.0,,3,SUR,0.43,
TQBR,2014-12-19,ПИК ао,PIKK,1940,36165319.0,188.0,182.2,193.0,184.2,188.0,184.2,192360,188.0,188.0,188.0,36159679.0,36159679.0,36159679.0,,3,SUR,-2.02,
TQBR,2014-12-22,ПИК ао,PIKK,481,60673320.0,184.0,184.0,189.9,188.5,188.0,188.5,322700,188.0,188.0,188.0,60671480.0,60671480.0,60671480.0,,3,SUR,2.33,
TQBR,2014-12-23,ПИК ао,PIKK,170,20351136.0,176.3,176.3,190.0,188.3,188.1,188.3,108220,188.1,188.1,188.1,20324691.0,20324691.0,20324691.0,,3,SUR,-0.11,
TQBR,2014-12-24,ПИК ао,PIKK,105,17299576.0,188.3,188.0,189.9,188.0,188.0,188.0,92010,188.0,188.0,188.0,17299576.0,17299576.0,17299576.0,,3,SUR,-0.16,
TQBR,2014-12-25,ПИК ао,PIKK,195,12659543.0,189.0,188.0,197.7,188.0,188.5,188.0,67170,188.5,188.5,188.5,12659543.0,12659543.0,12659543.0,,3,SUR,0.0,
TQBR,2014-12-26,ПИК ао,PIKK,108,21878158.0,188.4,188.0,188.6,188.1,188.0,188.1,116360,188.0,188.0,188.0,21878158.0,21878158.0,21878158.0,,3,SUR,0.05,
TQBR,2014-12-29,ПИК ао,PIKK,657,39444930.0,209.3,172.6,209.3,190.9,185.4,190.9,212760,185.4,185.4,185.4,39442837.0,39442837.0,39442837.0,,3,SUR,1.49,
TQBR,2014-12-30,ПИК ао,PIKK,223,32264378.0,188.5,187.3,194.9,187.3,188.1,187.3,171570,188.1,188.1,188.1,32264378.0,32264378.0,32264378.0,,3,SUR,-1.89,
TQBR,2015-01-05,ПИК ао,PIKK,182,5418423.0,190.0,188.2,192.7,191.7,190.9,191.7,28390,190.9,190.9,190.9,5418423.0,5418423.0,5418423.0,,3,SUR,2.35,
TQBR,2015-01-06,ПИК ао,PIKK,1160,25866136.0,191.0,191.0,219.6,198.9,199.6,198.9,129590,199.6,199.6,199.6,25866136.0,25866136.0,25866136.0,,3,SUR,3.76,
TQBR,2015-01-08,ПИК ао,PIKK,319,6157973.0,199.8,191.2,206.9,191.2,199.6,191.2,30850,199.6,199.6,199.6,6157973.0,6157973.0,6157973.0,,3,SUR,-3.87,
TQBR,2015-01-09,ПИК ао,PIKK,414,3473864.0,190.9,187.6,195.5,192.7,190.2,192.7,18260,190.2,190.2,190.2,3473864.0,3473864.0,3473864.0,,3,SUR,0.78,
TQBR,2015-01-12,ПИК ао,PIKK,572,9290557.0,191.0,188.0,194.8,188.0,188.2,188.0,49370,188.2,188.2,188.2,9290557.0,9290557.0,9290557.0,,3,SUR,-2.44,
TQBR,2015-01-13,ПИК ао,PIKK,668,30301063.0,189.0,188.1,198.5,195.4,194.6,195.4,155680,194.6,194.6,194.6,30301063.0,30301063.0,30301063.0,,3,SUR,3.94,
TQBR,2015-01-14,ПИК ао,PIKK,181,2760062.0,195.0,192.1,197.4,192.8,193.7,192.8,14250,193.7,193.7,193.7,2760062.0,2760062.0,2760062.0,,3,SUR,-1.33,
TQBR,2015-01-15,ПИК ао,PIKK,326,7379636.0,193.0,188.9,193.6,189.8,191.3,189.8,38580,191.3,191.3,191.3,7379636.0,7379636.0,7379636.0,,3,SUR,-1.56,
TQBR,2015-01-16,ПИК ао,PIKK,753,27337830.0,188.5,188.0,197.0,194.1,191.5,194.1,142790,191.5,191.5,191.5,27337830.0,27337830.0,27337830.0,,3,SUR,2.27,
TQBR,2015-01-19,ПИК ао,PIKK,610,9489490.0,195.3,188.7,199.7,188.7,194.8,188.7,48710,194.8,194.8,194.8,9489490.0,9489490.0,9489490.0,,3,SUR,-2.78,
TQBR,2015-01-20,ПИК ао,PIKK,792,33362012.0,190.0,185.0,195.8,188.1,188.1,188.1,177350,188.1,188.1,188.1,33362012.0,33362012.0,33362012.0,,3,SUR,-0.32,
TQBR,2015-01-21,ПИК ао,PIKK,513,22374053.0,189.5,188.0,190.1,188.0,188.2,188.0,118890,188.2,188.2,188.2,22374053.0,22374053.0,22374053.0,,3,SUR,-0.05,
TQBR,2015-01-22,ПИК ао,PIKK,474,13580002.0,188.3,188.0,191.8,188.0,188.2,188.0,72140,188.2,188.2,188.2,13580002.0,13580002.0,13580002.0,,3,SUR,0.0,
TQBR,2015-01-23,ПИК ао,PIKK,535,23393126.0,189.1,188.0,190.0,188.0,188.2,188.0,124330,188.2,188.2,188.2,23393126.0,23393126.0,23393126.0,,3,SUR,0.0,
TQBR,2015-01-26,ПИК ао,PIKK,457,26372580.0,188.7,185.0,189.0,188.0,188.0,188.0,140280,188.0,188.0,188.0,26372580.0,26372580.0,26372580.0,,3,SUR,0.0,
TQBR,2015-01-27,ПИК ао,PIKK,1061,30008818.0,188.8,186.2,192.0,186.2,188.3,186.2,159350,188.3,188.3,188.3,30008818.0,30008818.0,30008818.0,,3,SUR,-0.96,
TQBR,2015-01-28,ПИК ао,PIKK,415,16384728.0,188.9,186.1,189.0,186.6,188.0,186.6,87130,188.0,188.0,188.0,16384728.0,16384728.0,16384728.0,,3,SUR,0.21,
TQBR,2015-01-29,ПИК ао,PIKK,477,17374178.0,187.5,185.2,189.0,187.4,188.1,187.4,92350,188.1,188.1,188.1,17374178.0,17374178.0,17374178.0,,3,SUR,0.43,
TQBR,2015-01-30,ПИК ао,PIKK,761,20061798.0,188.0,185.1,191.4,189.7,188.0,189.7,106700,188.0,188.0,188.0,20061798.0,20061798.0,20061798.0,,3,SUR,1.23,
TQBR,2015-02-02,ПИК ао,PIKK,370,7723257.0,189.3,188.0,189.7,188.1,188.2,188.1,41030,188.2,188.2,188.2,7723257.0,7723257.0,7723257.0,,3,SUR,-0.84,
TQBR,2015-02-03,ПИК ао,PIKK,182,10186838.0,189.6,186.6,189.6,187.9,188.1,187.9,54160,188.1,188.1,188.1,10183046.0,10183046.0,10183046.0,,3,SUR,-0.11,
TQBR,2015-02-04,ПИК ао,PIKK,168,11106632.0,189.0,188.0,189.0,188.0,188.0,188.0,59070,188.0,188.0,188.0,11106632.0,11106632.0,11106632.0,,3,SUR,0.05,
TQBR,2015-02-05,ПИК ао,PIKK,317,8544190.0,188.2,188.0,188.9,188.5,188.2,188.5,45410,188.2,188.2,188.2,8544190.0,8544190.0,8544190.0,,3,SUR,0.27,
TQBR,2015-02-06,ПИК ао,PIKK,515,17403632.0,186.8,186.7,192.6,190.8,189.0,190.8,92090,189.0,189.0,189.0,17403632.0,17403632.0,17403632.0,,3,SUR,1.22,
TQBR,2015-02-09,ПИК ао,PIKK,1428,31517101.0,190.5,189.1,218.9,203.0,204.1,203.0,154410,204.1,204.1,204.1,31517101.0,31517101.0,31517101.0,,3,SUR,6.39,
TQBR,2015-02-10,ПИК ао,PIKK,801,15440080.0,213.5,202.4,213.5,204.2,204.7,204.2,75410,204.7,204.7,204.7,15435810.0,15435810.0,15435810.0,,3,SUR,0.59,
TQBR,2015-02-11,ПИК ао,PIKK,1097,21028765.0,205.8,201.7,209.8,202.1,204.3,202.0,102930,204.3,204.3,204.3,21028765.0,21028765.0,21028765.0,,3,SUR,-1.08,
TQBR,2015-02-12,ПИК ао,PIKK,902,26872235.0,202.7,201.6,214.8,205.1,208.7,205.1,128750,208.7,208.7,208.7,26872235.0,26872235.0,26872235.0,,3,SUR,1.53,
TQBR,2015-02-13,ПИК ао,PIKK,400,27992307.0,206.6,201.6,206.6,204.2,202.8,204.2,138040,202.8,202.8,202.8,27988175.0,27988175.0,27988175.0,,3,SUR,-0.44,
TQBR,2015-02-16,ПИК ао,PIKK,166,5005654.0,204.2,200.0,204.2,202.9,201.9,203.4,24790,201.9,201.9,201.9,5005654.0,5005654.0,5005654.0,,3,SUR,-0.39,
TQBR,2015-02-17,ПИК ао,PIKK,218,9118007.0,203.3,197.6,205.0,204.8,202.4,204.8,45040,202.4,202.4,202.4,9118007.0,9118007.0,9118007.0,,3,SUR,0.69,
TQBR,2015-02-18,ПИК ао,PIKK,276,4668403.0,204.6,202.5,205.9,205.1,204.7,205.1,22810,204.7,204.7,204.7,4668403.0,4668403.0,4668403.0,,3,SUR,0.15,
TQBR,2015-02-19,ПИК ао,PIKK,661,23874842.0,205.7,193.0,205.8,198.6,198.3,198.6,120410,198.3,198.3,198.3,23874842.0,23874842.0,23874842.0,,3,SUR,-3.17,
TQBR,2015-02-20,ПИК ао,PIKK,203,6109033.0,201.2,191.0,201.2,194.5,194.6,194.5,31390,194.6,194.6,194.6,6109033.0,6109033.0,6109033.0,,3,SUR,-2.06,
TQBR,2015-02-24,ПИК ао,PIKK,975,10570515.0,192.9,188.0,195.7,194.7,191.3,194.7,55250,191.3,191.3,191.3,10570515.0,10570515.0,10570515.0,,3,SUR,0.1,
TQBR,2015-02-25,ПИК ао,PIKK,1079,16935478.0,195.0,188.0,199.6,189.8,189.4,189.8,89410,189.4,189.4,189.4,16935478.0,16935478.0,16935478.0,,3,SUR,-2.52,
TQBR,2015-02-26,ПИК ао,PIKK,370,15662279.0,190.7,188.0,190.7,189.2,188.2,189.2,83240,188.2,188.2,188.2,15662279.0,15662279.0,15662279.0,,3,SUR,-0.32,
TQBR,2015-02-27,ПИК ао,PIKK,1027,44836397.0,187.0,185.0,195.0,195.0,188.7,195.0,237630,188.7,188.7,188.7,44836397.0,44836397.0,44836397.0,,3,SUR,3.07,
TQBR,2015-03-02,ПИК ао,PIKK,482,40097078.0,195.0,190.2,195.0,192.1,193.8,192.1,206900,193.8,193.8,193.8,40085378.0,40085378.0,40085378.0,,3,SUR,-1.49,
TQBR,2015-03-03,ПИК ао,PIKK,223,15890719.0,192.9,190.0,192.9,192.4,192.4,192.5,82590,192.4,192.4,192.4,15890719.0,15890719.0,15890719.0,,3,SUR,0.21,
TQBR,2015-03-04,ПИК ао,PIKK,207,3760179.0,194.1,188.0,194.1,188.8,190.1,188.0,19780,190.1,190.1,190.1,3760179.0,3760179.0,3760179.0,,3,SUR,-2.34,
TQBR,2015-03-05,ПИК ао,PIKK,672,17728890.0,189.5,188.2,200.0,188.4,193.0,188.4,91870,193.0,193.0,193.0,17728890.0,17728890.0,17728890.0,,3,SUR,0.21,
TQBR,2015-03-06,ПИК ао,PIKK,421,5340161.0,188.3,188.0,194.4,188.4,190.1,188.4,28090,190.1,190.1,190.1,5340161.0,5340161.0,5340161.0,,3,SUR,0.0,
TQBR,2015-03-10,ПИК ао,PIKK,537,8516350.0,189.0,188.1,194.7,188.1,190.4,188.1,44740,190.4,190.4,190.4,8516350.0,8516350.0,8516350.0,,3,SUR,-0.16,
TQBR,2015-03-11,ПИК ао,PIKK,362,6576293.0,190.0,189.0,194.0,189.8,191.3,189.8,34370,191.3,191.3,191.3,6576293.0,6576293.0,6576293.0,,3,SUR,0.9,
TQBR,2015-03-12,ПИК ао,PIKK,178,2835221.0,189.5,186.3,192.0,189.8,189.3,189.8,14980,189.3,189.3,189.3,2835221.0,2835221.0,2835221.0,,3,SUR,0.0,
TQBR,2015-03-13,ПИК ао,PIKK,120,2639569.0,188.0,186.0,189.6,187.3,187.9,187.3,14050,187.9,187.9,187.9,2639569.0,2639569.0,2639569.0,,3,SUR,-1.32,
TQBR,2015-03-16,ПИК ао,PIKK,868,24124184.0,186.6,178.5,188.0,178.9,181.4,178.9,133010,181.4,181.4,181.4,24124184.0,24124184.0,24124184.0,,3,SUR,-4.48,
TQBR,2015-03-17,ПИК ао,PIKK,341,14449338.0,186.9,166.0,186.9,170.7,173.3,170.7,83370,173.2,173.2,173.2,14355888.0,14355888.0,14355888.0,,3,SUR,-4.58,
TQBR,2015-03-18,ПИК ао,PIKK,592,24396004.0,173.9,167.1,183.0,181.0,178.8,181.0,136440,178.8,178.8,178.8,24362963.0,24362963.0,24362963.0,,3,SUR,6.03,
TQBR,2015-03-19,ПИК ао,PIKK,228,36964198.0,182.9,176.3,187.1,184.8,180.1,184.8,205200,180.1,180.1,180.1,36964198.0,36964198.0,36964198.0,,3,SUR,2.1,
TQBR,2015-03-20,ПИК ао,PIKK,4917,382712742.0,183.5,173.2,190.7,187.7,183.7,187.7,2083190,183.7,183.7,183.7,382712742.0,382712742.0,382712742.0,,3,SUR,1.57,
TQBR,2015-03-23,ПИК ао,PIKK,724,121928649.0,187.0,178.1,196.9,195.0,194.7,195.0,626390,194.7,194.7,194.7,121928649.0,121928649.0,121928649.0,,3,SUR,3.89,
TQBR,2015-03-24,ПИК ао,PIKK,246,25103878.0,195.0,192.0,197.0,195.0,193.6,195.0,129660,193.6,193.6,193.6,25103878.0,25103878.0,25103878.0,,3,SUR,0.0,
TQBR,2015-03-25,ПИК ао,PIKK,205,8202722.0,194.8,192.0,196.8,192.9,192.5,192.9,42620,192.5,192.5,192.5,8202722.0,8202722.0,8202722.0,,3,SUR,-1.08,
TQBR,2015-03-26,ПИК ао,PIKK,177,5217734.0,192.9,191.5,195.0,194.1,192.5,194.1,27100,192.5,192.5,192.5,5217734.0,5217734.0,5217734.0,,3,SUR,0.62,
TQBR,2015-03-27,ПИК ао,PIKK,933,44994004.0,194.3,181.6,194.4,194.0,191.3,194.0,235260,191.3,191.3,191.3,44994004.0,44994004.0,44994004.0,,3,SUR,-0.05,
TQBR,2015-03-30,ПИК ао,PIKK,515,13511713.0,188.7,185.5,192.3,192.3,188.6,192.3,71660,188.6,188.6,188.6,13511713.0,13511713.0,13511713.0,,3,SUR,-0.88,
TQBR,2015-03-31,ПИК ао,PIKK,387,13877003.0,190.1,187.2,193.4,193.0,190.9,193.0,72700,190.9,190.9,190.9,13877003.0,13877003.0,13877003.0,,3,SUR,0.36,
TQBR,2015-04-01,ПИК ао,PIKK,519,4240483.0,191.3,190.0,194.9,193.2,192.4,193.2,22040,192.4,192.4,192.4,4240483.0,4240483.0,4240483.0,,3,SUR,0.1,
TQBR,2015-04-02,ПИК ао,PIKK,291,3245338.0,192.6,186.0,192.6,186.0,188.7,186.0,17200,188.7,188.7,188.7,3245338.0,3245338.0,3245338.0,,3,SUR,-3.73,
TQBR,2015-04-03,ПИК ао,PIKK,513,5425718.0,187.6,186.3,193.0,193.0,191.0,193.0,28410,191.0,191.0,191.0,5425718.0,5425718.0,5425718.0,,3,SUR,3.76,
TQBR,2015-04-06,ПИК ао,PIKK,137,3259032.0,192.7,189.3,193.7,192.4,191.5,192.4,17020,191.5,191.5,191.5,3259032.0,3259032.0,3259032.0,,3,SUR,-0.31,
TQBR,2015-04-07,ПИК ао,PIKK,375,3687185.0,192.4,189.5,193.9,189.6,191.9,189.6,19210,191.9,191.9,191.9,3687185.0,3687185.0,3687185.0,,3,SUR,-1.46,
TQBR,2015-04-08,ПИК ао,PIKK,440,10076678.0,189.2,183.2,192.0,192.0,188.0,192.0,53590,188.0,188.0,188.0,10076678.0,10076678.0,10076678.0,,3,SUR,1.27,
TQBR,2015-04-09,ПИК ао,PIKK,924,15668249.0,191.8,180.1,193.0,182.4,183.7,182.4,85290,183.7,183.7,183.7,15668249.0,15668249.0,15668249.0,,3,SUR,-5.0,
TQBR,2015-04-10,ПИК ао,PIKK,2592,184420049.0,183.0,169.0,193.0,192.0,184.1,192.0,1001750,184.1,184.1,184.1,184420049.0,184420049.0,184420049.0,,3,SUR,5.26,
TQBR,2015-04-13,ПИК ао,PIKK,1006,34817404.0,190.2,186.4,192.8,192.0,190.9,192.0,182380,190.9,190.9,190.9,34817404.0,34817404.0,34817404.0,,3,SUR,0.0,
TQBR,2015-04-14,ПИК ао,PIKK,793,19043445.0,197.3,187.0,197.3,192.0,191.2,192.0,99610,191.2,191.2,191.2,19000039.0,19000039.0,19000039.0,,3,SUR,0.0,
TQBR,2015-04-15,ПИК ао,PIKK,579,9107485.0,191.1,187.5,196.0,195.6,191.7,195.6,47510,191.7,191.7,191.7,9107485.0,9107485.0,9107485.0,,3,SUR,1.87,
TQBR,2015-04-16,ПИК ао,PIKK,599,14160697.0,190.7,184.4,193.2,189.2,188.9,189.2,74970,188.9,188.9,188.9,14160697.0,14160697.0,14160697.0,,3,SUR,-3.27,
TQBR,2015-04-17,ПИК ао,PIKK,470,25499439.0,189.1,185.1,191.2,186.0,188.2,186.0,135490,188.2,188.2,188.2,25499439.0,25499439.0,25499439.0,,3,SUR,-1.69,
TQBR,2015-04-20,ПИК ао,PIKK,285,3604873.0,186.9,186.9,192.0,188.4,189.4,188.4,19030,189.4,189.4,189.4,3604873.0,3604873.0,3604873.0,,3,SUR,1.29,
TQBR,2015-04-21,ПИК ао,PIKK,713,36121011.0,188.8,181.3,191.8,187.0,187.5,187.0,192690,187.5,187.5,187.5,36121011.0,36121011.0,36121011.0,,3,SUR,-0.74,
TQBR,2015-04-22,ПИК ао,PIKK,378,4701574.0,186.9,183.3,188.0,188.0,185.6,188.0,25330,185.6,185.6,185.6,4701574.0,4701574.0,4701574.0,,3,SUR,0.53,
TQBR,2015-04-23,ПИК ао,PIKK,1085,45892805.0,187.2,186.0,190.0,190.0,187.3,190.0,245020,187.3,187.3,187.3,45892805.0,45892805.0,45892805.0,,3,SUR,1.06,
TQBR,2015-04-24,ПИК ао,PIKK,394,5396237.0,189.2,187.0,191.0,188.5,188.9,188.5,28560,188.9,188.9,188.9,5396237.0,5396237.0,5396237.0,,3,SUR,-0.79,
TQBR,2015-04-27,ПИК ао,PIKK,247,2669221.0,188.2,187.1,190.0,188.2,188.5,188.2,14160,188.5,188.5,188.5,2669221.0,2669221.0,2669221.0,,3,SUR,-0.16,
TQBR,2015-04-28,ПИК ао,PIKK,227,19937879.0,188.2,186.0,190.8,190.0,189.3,190.1,105310,189.3,189.3,189.3,19937879.0,19937879.0,19937879.0,,3,SUR,1.01,
TQBR,2015-04-29,ПИК ао,PIKK,204,10479182.0,189.7,189.3,191.0,190.5,190.0,190.5,55140,190.0,190.0,190.0,10479182.0,10479182.0,10479182.0,,3,SUR,0.21,
TQBR,2015-04-30,ПИК ао,PIKK,366,5239747.0,188.9,185.7,192.0,192.0,188.4,192.0,27810,188.4,188.4,188.4,5239747.0,5239747.0,5239747.0,,3,SUR,0.79,
TQBR,2015-05-05,ПИК ао,PIKK,661,25770365.0,191.4,189.4,194.7,192.8,192.4,192.8,133950,192.4,192.4,192.4,25770365.0,25770365.0,25770365.0,,3,SUR,0.42,
TQBR,2015-05-06,ПИК ао,PIKK,614,33800955.0,193.9,188.0,193.9,188.8,191.1,188.8,176860,191.1,191.1,191.1,33799016.0,33799016.0,33799016.0,,3,SUR,-2.07,
TQBR,2015-05-07,ПИК ао,PIKK,716,28057202.0,187.5,183.8,193.3,192.7,188.4,192.7,148900,188.4,188.4,188.4,28057202.0,28057202.0,28057202.0,,3,SUR,2.07,
TQBR,2015-05-08,ПИК ао,PIKK,257,6323191.0,193.0,192.0,194.8,194.8,193.4,194.8,32690,193.4,193.4,193.4,6323191.0,6323191.0,6323191.0,,3,SUR,1.09,
TQBR,2015-05-12,ПИК ао,PIKK,503,9844725.0,194.0,192.1,194.4,194.4,192.7,194.4,51090,192.7,192.7,192.7,9844725.0,9844725.0,9844725.0,,3,SUR,-0.21,
TQBR,2015-05-13,ПИК ао,PIKK,1033,30559602.0,190.3,188.7,197.8,194.3,190.6,194.3,160360,190.6,190.6,190.6,30559602.0,30559602.0,30559602.0,,3,SUR,-0.05,
TQBR,2015-05-14,ПИК ао,PIKK,346,7162295.0,194.3,193.6,200.0,199.6,198.0,199.7,36180,198.0,198.0,198.0,7162295.0,7162295.0,7162295.0,,3,SUR,2.78,
TQBR,2015-05-15,ПИК ао,PIKK,96,1553578.0,200.8,198.0,200.9,199.8,198.9,199.8,7810,198.9,198.9,198.9,1553578.0,1553578.0,1553578.0,,3,SUR,0.05,
TQBR,2015-05-18,ПИК ао,PIKK,268,4394249.0,203.0,194.2,203.9,201.6,200.9,201.5,21870,200.9,200.9,200.9,4394249.0,4394249.0,4394249.0,,3,SUR,0.85,
TQBR,2015-05-19,ПИК ао,PIKK,229,4090886.0,200.3,200.3,203.0,203.0,201.9,203.0,20260,201.9,201.9,201.9,4090886.0,4090886.0,4090886.0,,3,SUR,0.74,
TQBR,2015-05-20,ПИК ао,PIKK,173,4886824.0,203.0,201.5,204.4,203.6,203.2,204.0,24050,203.2,203.2,203.2,4886824.0,4886824.0,4886824.0,,3,SUR,0.49,
TQBR,2015-05-21,ПИК ао,PIKK,97,1447768.0,204.1,202.6,204.8,202.8,203.3,203.8,7120,203.3,203.3,203.3,1447768.0,1447768.0,1447768.0,,3,SUR,-0.1,
TQBR,2015-05-22,ПИК ао,PIKK,366,11174350.0,204.2,181.4,205.0,203.2,202.5,203.2,55190,202.5,202.5,202.5,11174350.0,11174350.0,11174350.0,,3,SUR,-0.29,
TQBR,2015-05-25,ПИК ао,PIKK,125,3765511.0,205.6,202.9,206.5,202.9,204.8,202.9,18390,204.8,204.8,204.8,3765511.0,3765511.0,3765511.0,,3,SUR,-0.15,
TQBR,2015-05-26,ПИК ао,PIKK,244,2945304.0,203.2,201.8,208.3,206.9,205.5,206.9,14330,205.5,205.5,205.5,2945304.0,2945304.0,2945304.0,,3,SUR,1.97,
TQBR,2015-05-27,ПИК ао,PIKK,407,6133666.0,208.0,198.0,208.0,199.4,202.0,199.4,30360,202.0,202.0,202.0,6133666.0,6133666.0,6133666.0,,3,SUR,-3.62,
TQBR,2015-05-28,ПИК ао,PIKK,316,2442969.0,199.1,193.4,201.4,193.4,198.0,193.4,12340,198.0,198.0,198.0,2442969.0,2442969.0,2442969.0,,3,SUR,-3.01,
TQBR,2015-05-29,ПИК ао,PIKK,540,7041842.0,193.7,183.1,195.0,183.1,188.4,183.1,37370,188.4,188.4,188.4,7041842.0,7041842.0,7041842.0,,3,SUR,-5.33,
TQBR,2015-06-01,ПИК ао,PIKK,363,4583549.0,183.9,183.9,195.3,186.4,191.0,186.4,24000,191.0,191.0,191.0,4583549.0,4583549.0,4583549.0,,3,SUR,1.8,
TQBR,2015-06-02,ПИК ао,PIKK,366,5237729.0,187.2,186.2,193.0,191.7,189.8,191.7,27590,189.8,189.8,189.8,5237729.0,5237729.0,5237729.0,,3,SUR,2.84,
TQBR,2015-06-03,ПИК ао,PIKK,946,4597240.0,190.2,186.0,191.2,186.0,189.3,186.0,24290,189.3,189.3,189.3,4597240.0,4597240.0,4597240.0,,3,SUR,-2.97,
TQBR,2015-06-04,ПИК ао,PIKK,1524,10121476.0,186.9,186.8,194.2,190.0,190.1,190.0,53250,190.1,190.1,190.1,10121476.0,10121476.0,10121476.0,,3,SUR,2.15,
TQBR,2015-06-05,ПИК ао,PIKK,819,5837419.0,191.8,186.0,192.4,189.0,188.4,189.0,30980,188.4,188.4,188.4,5837419.0,5837419.0,5837419.0,,3,SUR,-0.53,
TQBR,2015-06-08,ПИК ао,PIKK,101,554359.0,189.6,188.4,191.0,189.5,189.8,190.5,2920,189.8,189.8,189.8,554359.0,554359.0,554359.0,,3,SUR,0.79,
TQBR,2015-06-09,ПИК ао,PIKK,451,5089689.0,188.0,185.1,190.1,186.0,186.4,186.0,27300,186.4,186.4,186.4,5089689.0,5089689.0,5089689.0,,3,SUR,-2.36,
TQBR,2015-06-10,ПИК ао,PIKK,693,3759642.0,185.0,181.8,187.0,183.5,183.7,183.5,20470,183.7,183.7,183.7,3759642.0,3759642.0,3759642.0,,3,SUR,-1.34,
TQBR,2015-06-11,ПИК ао,PIKK,1963,22244272.0,184.5,171.0,184.5,178.5,176.4,178.5,126100,176.4,176.4,176.4,22244272.0,22244272.0,22244272.0,,3,SUR,-2.72,
TQBR,2015-06-15,ПИК ао,PIKK,934,4918986.0,177.8,176.9,184.5,182.5,180.9,182.5,27190,180.9,180.9,180.9,4918986.0,4918986.0,4918986.0,,3,SUR,2.24,
TQBR,2015-06-16,ПИК ао,PIKK,199,2596813.0,182.9,180.3,187.2,187.2,185.6,187.2,13990,185.6,185.6,185.6,2596813.0,2596813.0,2596813.0,,3,SUR,2.58,
TQBR,2015-06-17,ПИК ао,PIKK,618,4290566.0,189.0,183.9,189.0,185.0,186.2,185.0,23040,186.2,186.2,186.2,4290566.0,4290566.0,4290566.0,,3,SUR,-1.18,
TQBR,2015-06-18,ПИК ао,PIKK,838,8116360.0,187.8,173.8,187.8,177.7,179.1,177.7,45320,179.1,179.1,179.1,8116360.0,8116360.0,8116360.0,,3,SUR,-3.95,
TQBR,2015-06-19,ПИК ао,PIKK,432,6900790.0,179.9,179.9,182.6,180.0,180.3,180.0,38270,180.3,180.3,180.3,6900790.0,6900790.0,6900790.0,,3,SUR,1.29,
TQBR,2015-06-22,ПИК ао,PIKK,200,2201435.0,179.7,179.7,186.0,184.2,182.8,184.2,12040,182.8,182.8,182.8,2201435.0,2201435.0,2201435.0,,3,SUR,2.33,
TQBR,2015-06-23,ПИК ао,PIKK,1583,26955995.0,184.2,178.6,184.2,180.0,180.1,180.0,149690,180.1,180.1,180.1,26955995.0,26955995.0,26955995.0,,3,SUR,-2.28,
TQBR,2015-06-24,ПИК ао,PIKK,647,6228297.0,180.2,174.2,183.9,183.4,180.2,183.9,34560,180.2,180.2,180.2,6228297.0,6228297.0,6228297.0,,3,SUR,2.17,
TQBR,2015-06-25,ПИК ао,PIKK,85,1374761.0,180.1,180.0,183.8,180.0,180.4,180.0,7620,180.4,180.4,180.4,1374761.0,1374761.0,1374761.0,,3,SUR,-2.12,
TQBR,2015-06-26,ПИК ао,PIKK,573,14728817.0,181.5,180.0,182.4,180.0,180.1,180.0,81770,180.1,180.1,180.1,14728817.0,14728817.0,14728817.0,,3,SUR,0.0,
TQBR,2015-06-29,ПИК ао,PIKK,143,4341316.0,176.5,176.5,181.0,180.1,179.5,180.0,24180,179.5,179.5,179.5,4341316.0,4341316.0,4341316.0,,3,SUR,0.0,
TQBR,2015-06-30,ПИК ао,PIKK,82,2115319.0,177.8,177.7,180.4,180.1,179.7,180.4,11770,179.7,179.7,179.7,2115319.0,2115319.0,2115319.0,,3,SUR,0.22,
TQBR,2015-07-01,ПИК ао,PIKK,63,702415.0,180.4,179.0,180.5,179.9,179.6,179.9,3910,179.6,179.6,179.6,702415.0,702415.0,702415.0,,3,SUR,-0.28,
TQBR,2015-07-02,ПИК ао,PIKK,101,5771051.0,179.7,179.7,180.2,180.1,180.0,180.1,32060,180.0,180.0,180.0,5771051.0,5771051.0,5771051.0,,3,SUR,0.11,
TQBR,2015-07-03,ПИК ао,PIKK,74,1737393.0,180.1,180.0,183.5,182.1,181.9,182.1,9550,181.9,181.9,181.9,1737393.0,1737393.0,1737393.0,,3,SUR,1.11,
TQBR,2015-07-06,ПИК ао,PIKK,139,2002567.0,178.3,176.2,182.4,180.6,179.1,181.0,11180,179.1,179.1,179.1,2002567.0,2002567.0,2002567.0,,3,SUR,-0.6,
TQBR,2015-07-07,ПИК ао,PIKK,328,3728220.0,179.2,179.2,185.0,181.7,181.8,181.8,20510,181.8,181.8,181.8,3728220.0,3728220.0,3728220.0,,3,SUR,0.44,
TQBR,2015-07-08,ПИК ао,PIKK,296,3127124.0,181.9,175.7,182.8,181.8,179.8,181.8,17390,179.8,179.8,179.8,3127124.0,3127124.0,3127124.0,,3,SUR,0.0,
TQBR,2015-07-09,ПИК ао,PIKK,135,1249502.0,178.3,177.4,181.2,180.6,179.8,180.6,6950,179.8,179.8,179.8,1249502.0,1249502.0,1249502.0,,3,SUR,-0.66,
TQBR,2015-07-10,ПИК ао,PIKK,373,5329200.0,180.7,175.5,180.8,180.0,178.8,180.0,29810,178.8,178.8,178.8,5329200.0,5329200.0,5329200.0,,3,SUR,-0.33,
TQBR,2015-07-13,ПИК ао,PIKK,86,1035436.0,179.7,177.9,180.5,180.1,178.8,180.1,5790,178.8,178.8,178.8,1035436.0,1035436.0,1035436.0,,3,SUR,0.06,
TQBR,2015-07-14,ПИК ао,PIKK,97,670889.0,180.2,178.1,180.2,178.1,178.4,178.1,3760,178.4,178.4,178.4,670889.0,670889.0,670889.0,,3,SUR,-1.11,
TQBR,2015-07-15,ПИК ао,PIKK,214,2408334.0,178.0,177.1,180.3,179.6,179.5,179.8,13420,179.5,179.5,179.5,2408334.0,2408334.0,2408334.0,,3,SUR,0.95,
TQBR,2015-07-16,ПИК ао,PIKK,114,835694.0,180.7,178.3,180.7,179.8,179.3,179.8,4660,179.3,179.3,179.3,835694.0,835694.0,835694.0,,3,SUR,0.0,
TQBR,2015-07-17,ПИК ао,PIKK,27,365364.0,180.6,178.3,180.6,180.3,180.0,180.3,2030,,179.8,,0.0,507030.0,0.0,,3,SUR,0.28,
TQBR,2015-07-20,ПИК ао,PIKK,227,3446227.0,180.6,176.0,180.7,176.2,177.5,176.2,19420,177.5,177.5,177.5,3446227.0,3446227.0,3446227.0,,3,SUR,-2.27,
TQBR,2015-07-21,ПИК ао,PIKK,263,2648387.0,176.7,171.4,177.2,173.3,174.4,173.3,15190,174.4,174.4,174.4,2648387.0,2648387.0,2648387.0,,3,SUR,-1.65,
TQBR,2015-07-22,ПИК ао,PIKK,168,2437239.0,172.2,170.0,174.5,171.0,171.6,171.0,14200,171.6,171.6,171.6,2437239.0,2437239.0,2437239.0,,3,SUR,-1.33,
TQBR,2015-07-23,ПИК ао,PIKK,1254,15039278.0,170.5,155.5,170.8,161.6,163.2,161.6,92160,163.2,163.2,163.2,15039278.0,15039278.0,15039278.0,,3,SUR,-5.5,
TQBR,2015-07-24,ПИК ао,PIKK,533,6325197.0,161.6,151.0,161.6,151.2,154.2,151.2,41010,154.2,154.2,154.2,6325197.0,6325197.0,6325197.0,,3,SUR,-6.44,
TQBR,2015-07-27,ПИК ао,PIKK,1283,23374568.0,150.9,142.2,178.2,148.7,147.2,148.7,158770,147.2,147.2,147.2,23374568.0,23374568.0,23374568.0,,3,SUR,-1.65,
TQBR,2015-07-28,ПИК ао,PIKK,405,5058337.0,147.7,146.4,160.0,158.4,153.1,158.4,33050,153.1,153.1,153.1,5058337.0,5058337.0,5058337.0,,3,SUR,6.52,
TQBR,2015-07-29,ПИК ао,PIKK,661,10236150.0,158.4,156.3,167.8,163.9,161.5,163.9,63380,161.5,161.5,161.5,10236150.0,10236150.0,10236150.0,,3,SUR,3.47,
TQBR,2015-07-30,ПИК ао,PIKK,425,6098799.0,163.9,162.1,174.5,168.0,170.0,167.9,35880,170.0,170.0,170.0,6098799.0,6098799.0,6098799.0,,3,SUR,2.44,
TQBR,2015-07-31,ПИК ао,PIKK,720,6573573.0,168.5,160.7,173.8,172.8,169.1,172.8,38870,169.1,169.1,169.1,6573573.0,6573573.0,6573573.0,,3,SUR,2.92,
TQBR,2015-08-03,ПИК ао,PIKK,110,1182261.0,172.8,168.0,175.9,169.2,170.6,168.3,6930,170.6,170.6,170.6,1182261.0,1182261.0,1182261.0,,3,SUR,-2.6,
TQBR,2015-08-04,ПИК ао,PIKK,392,4211090.0,168.3,158.2,171.9,161.8,164.1,161.8,25660,164.1,164.1,164.1,4211090.0,4211090.0,4211090.0,,3,SUR,-3.86,
TQBR,2015-08-05,ПИК ао,PIKK,487,5864122.0,161.8,161.6,169.7,164.8,166.7,164.8,35190,166.6,166.6,166.6,5864122.0,5864122.0,5864122.0,,3,SUR,1.85,
TQBR,2015-08-06,ПИК ао,PIKK,479,5203838.0,163.9,158.0,167.7,159.5,160.8,159.5,32370,160.8,160.8,160.8,5203838.0,5203838.0,5203838.0,,3,SUR,-3.22,
TQBR,2015-08-07,ПИК ао,PIKK,306,6891092.0,160.6,160.3,166.5,165.0,164.4,165.0,41920,164.4,164.4,164.4,6891092.0,6891092.0,6891092.0,,3,SUR,3.45,
TQBR,2015-08-10,ПИК ао,PIKK,289,3584578.0,165.0,160.9,169.7,169.3,165.3,169.3,21680,165.3,165.3,165.3,3584578.0,3584578.0,3584578.0,,3,SUR,2.61,
TQBR,2015-08-11,ПИК ао,PIKK,161,3022288.0,168.0,168.0,172.0,172.0,170.7,172.0,17700,170.8,170.8,170.8,3022288.0,3022288.0,3022288.0,,3,SUR,1.59,
TQBR,2015-08-12,ПИК ао,PIKK,292,5538559.0,170.2,170.1,173.8,173.0,171.7,173.0,32250,171.7,171.7,171.7,5538559.0,5538559.0,5538559.0,,3,SUR,0.58,
TQBR,2015-08-13,ПИК ао,PIKK,281,4030622.0,173.0,173.0,175.6,173.6,173.4,173.6,23240,173.4,173.4,173.4,4030622.0,4030622.0,4030622.0,,3,SUR,0.35,
TQBR,2015-08-14,ПИК ао,PIKK,417,5860294.0,172.8,172.2,181.8,181.5,178.5,181.5,32830,178.5,178.5,178.5,5860294.0,5860294.0,5860294.0,,3,SUR,4.55,
TQBR,2015-08-17,ПИК ао,PIKK,310,8642969.0,181.4,175.1,183.7,180.0,180.5,180.1,47860,180.6,180.6,180.6,8642969.0,8642969.0,8642969.0,,3,SUR,-0.77,
TQBR,2015-08-18,ПИК ао,PIKK,140,3467231.0,180.0,180.0,183.5,183.3,180.8,183.4,19180,180.8,180.8,180.8,3467231.0,3467231.0,3467231.0,,3,SUR,1.83,
TQBR,2015-08-19,ПИК ао,PIKK,197,3197940.0,183.4,180.0,186.5,180.6,182.9,180.6,17470,183.1,183.1,183.1,3197940.0,3197940.0,3197940.0,,3,SUR,-1.53,
TQBR,2015-08-20,ПИК ао,PIKK,202,4707647.0,180.2,180.1,188.8,184.9,182.2,184.9,25840,182.2,182.2,182.2,4707647.0,4707647.0,4707647.0,,3,SUR,2.38,
TQBR,2015-08-21,ПИК ао,PIKK,157,2061411.0,184.8,180.0,190.0,182.6,183.2,182.9,11250,183.2,183.2,183.2,2061411.0,2061411.0,2061411.0,,3,SUR,-1.08,
TQBR,2015-08-24,ПИК ао,PIKK,222,4190449.0,176.0,175.0,184.2,180.2,180.3,180.2,23230,180.4,180.4,180.4,4190449.0,4190449.0,4190449.0,,3,SUR,-1.48,
TQBR,2015-08-25,ПИК ао,PIKK,121,2684771.0,180.2,180.0,183.4,180.0,180.3,180.0,14890,180.3,180.3,180.3,2684771.0,2684771.0,2684771.0,,3,SUR,-0.11,
TQBR,2015-08-26,ПИК ао,PIKK,328,5647740.0,178.5,178.5,183.0,183.0,180.7,183.0,31250,180.7,180.7,180.7,5647740.0,5647740.0,5647740.0,,3,SUR,1.67,
TQBR,2015-08-27,ПИК ао,PIKK,362,15199322.0,183.1,183.0,188.9,188.9,185.2,188.9,82000,185.4,185.4,185.4,15199322.0,15199322.0,15199322.0,,3,SUR,3.22,
TQBR,2015-08-28,ПИК ао,PIKK,297,11018073.0,188.9,188.9,193.3,193.2,191.6,193.2,57470,191.7,191.7,191.7,11018073.0,11018073.0,11018073.0,,3,SUR,2.28,
TQBR,2015-08-31,ПИК ао,PIKK,268,13967332.0,193.8,193.2,201.0,201.0,199.0,201.0,70210,198.9,198.9,198.9,13967332.0,13967332.0,13967332.0,,3,SUR,4.04,
TQBR,2015-09-01,ПИК ао,PIKK,567,43031763.0,196.2,195.2,204.6,204.6,202.2,204.6,212890,202.1,202.1,202.1,43031763.0,43031763.0,43031763.0,,3,SUR,1.79,
TQBR,2015-09-02,ПИК ао,PIKK,751,15244936.0,203.9,187.0,203.9,187.0,193.6,187.0,78810,193.4,193.4,193.4,15244936.0,15244936.0,15244936.0,,3,SUR,-8.6,
TQBR,2015-09-03,ПИК ао,PIKK,335,3488452.0,187.0,180.0,190.4,181.0,184.0,181.0,18960,184.0,184.0,184.0,3488452.0,3488452.0,3488452.0,,3,SUR,-3.21,
TQBR,2015-09-04,ПИК ао,PIKK,168,2953274.0,180.0,177.8,184.1,182.1,181.2,182.7,16280,181.4,181.4,181.4,2953274.0,2953274.0,2953274.0,,3,SUR,0.94,
TQBR,2015-09-07,ПИК ао,PIKK,192,1953563.0,182.7,182.7,188.6,186.7,185.9,186.7,10510,185.9,185.9,185.9,1953563.0,1953563.0,1953563.0,,3,SUR,2.19,
TQBR,2015-09-08,ПИК ао,PIKK,133,1438015.0,186.6,185.3,189.7,187.3,187.0,186.5,7690,187.0,187.0,187.0,1438015.0,1438015.0,1438015.0,,3,SUR,-0.11,
TQBR,2015-09-09,ПИК ао,PIKK,813,8564334.0,186.8,180.0,198.3,194.5,191.9,194.5,44630,191.9,191.9,191.9,8564334.0,8564334.0,8564334.0,,3,SUR,4.29,
TQBR,2015-09-10,ПИК ао,PIKK,255,4376418.0,193.3,191.9,199.6,198.0,198.7,198.0,22020,198.7,198.7,198.7,4376418.0,4376418.0,4376418.0,,3,SUR,1.8,
TQBR,2015-09-11,ПИК ао,PIKK,446,6979832.0,212.8,194.2,212.8,198.3,198.0,198.3,35250,198.0,198.0,198.0,6979832.0,6979832.0,6979832.0,,3,SUR,0.15,
TQBR,2015-09-14,ПИК ао,PIKK,280,5971549.0,199.9,195.6,203.9,197.7,200.3,197.7,29820,200.3,200.3,200.3,5971549.0,5971549.0,5971549.0,,3,SUR,-0.3,
TQBR,2015-09-15,ПИК ао,PIKK,410,4207580.0,198.9,192.0,201.0,195.0,198.0,195.0,21250,198.0,198.0,198.0,4207580.0,4207580.0,4207580.0,,3,SUR,-1.37,
TQBR,2015-09-16,ПИК ао,PIKK,270,3420234.0,199.4,193.8,199.6,197.6,196.0,198.2,17450,196.0,196.0,196.0,3420234.0,3420234.0,3420234.0,,3,SUR,1.64,
TQBR,2015-09-17,ПИК ао,PIKK,205,2870874.0,195.1,188.7,196.7,191.4,191.8,191.4,14970,191.8,191.8,191.8,2870874.0,2870874.0,2870874.0,,3,SUR,-3.43,
TQBR,2015-09-18,ПИК ао,PIKK,742,9718311.0,191.6,180.3,194.5,181.0,183.9,181.0,52830,184.0,184.0,184.0,9718311.0,9718311.0,9718311.0,,3,SUR,-5.43,
TQBR,2015-09-21,ПИК ао,PIKK,101,2506179.0,182.5,181.2,183.2,182.1,181.7,182.1,13790,181.7,181.7,181.7,2506179.0,2506179.0,2506179.0,,3,SUR,0.61,
TQBR,2015-09-22,ПИК ао,PIKK,407,6230251.0,181.1,175.2,182.4,180.0,179.9,180.0,34640,179.9,179.9,179.9,6230251.0,6230251.0,6230251.0,,3,SUR,-1.15,
TQBR,2015-09-23,ПИК ао,PIKK,107,4475510.0,179.9,177.1,181.5,180.3,180.0,180.3,24870,180.0,180.0,180.0,4475510.0,4475510.0,4475510.0,,3,SUR,0.17,
TQBR,2015-09-24,ПИК ао,PIKK,135,3250687.0,180.8,180.0,182.8,180.1,180.2,180.3,18040,180.2,180.2,180.2,3250687.0,3250687.0,3250687.0,,3,SUR,0.0,
TQBR,2015-09-25,ПИК ао,PIKK,300,22433802.0,180.2,179.5,192.1,190.0,186.3,190.0,120440,186.3,186.3,186.3,22433802.0,22433802.0,22433802.0,,3,SUR,5.38,
TQBR,2015-09-28,ПИК ао,PIKK,282,6442978.0,194.9,185.7,194.9,190.0,189.7,190.0,33970,189.7,189.7,189.7,6442978.0,6442978.0,6442978.0,,3,SUR,0.0,
TQBR,2015-09-29,ПИК ао,PIKK,365,47693798.0,189.8,186.4,191.9,190.9,190.0,190.9,250990,190.0,190.0,190.0,47693798.0,47693798.0,47693798.0,,3,SUR,0.47,
TQBR,2015-09-30,ПИК ао,PIKK,82,1461767.0,190.2,190.0,193.4,191.1,190.6,191.1,7670,190.6,190.6,190.6,1461767.0,1461767.0,1461767.0,,3,SUR,0.1,
TQBR,2015-10-01,ПИК ао,PIKK,207,2522817.0,192.6,190.0,196.9,191.0,192.3,191.0,13120,192.3,192.3,192.3,2522817.0,2522817.0,2522817.0,,3,SUR,-0.05,
TQBR,2015-10-02,ПИК ао,PIKK,135,1450904.0,190.7,190.0,193.3,192.6,190.7,192.6,7610,190.7,190.7,190.7,1450904.0,1450904.0,1450904.0,,3,SUR,0.84,
TQBR,2015-10-05,ПИК ао,PIKK,320,12505604.0,191.7,183.0,201.6,201.5,194.9,201.5,64150,194.9,194.9,194.9,12505604.0,12505604.0,12505604.0,,3,SUR,4.62,
TQBR,2015-10-06,ПИК ао,PIKK,820,59284983.0,201.5,191.9,208.8,208.8,200.2,208.8,296130,200.2,200.2,200.2,59284983.0,59284983.0,59284983.0,,3,SUR,3.62,
TQBR,2015-10-07,ПИК ао,PIKK,658,23386709.0,208.1,208.0,219.9,219.1,214.0,219.1,109260,214.0,214.0,214.0,23386709.0,23386709.0,23386709.0,,3,SUR,4.93,
TQBR,2015-10-08,ПИК ао,PIKK,270,18863462.0,219.1,217.8,224.8,220.5,220.6,220.5,85520,220.6,220.6,220.6,18863462.0,18863462.0,18863462.0,,3,SUR,0.64,
TQBR,2015-10-09,ПИК ао,PIKK,374,7557071.0,220.6,220.5,224.7,220.5,220.9,220.5,34210,220.9,220.9,220.9,7557071.0,7557071.0,7557071.0,,3,SUR,0.0,
TQBR,2015-10-12,ПИК ао,PIKK,108,9198400.0,215.0,215.0,221.6,221.0,220.5,221.0,41710,220.5,220.5,220.5,9198400.0,9198400.0,9198400.0,,3,SUR,0.23,
TQBR,2015-10-13,ПИК ао,PIKK,229,6391905.0,222.0,218.6,227.1,222.7,222.4,222.7,28740,222.4,222.4,222.4,6391905.0,6391905.0,6391905.0,,3,SUR,0.77,
TQBR,2015-10-14,ПИК ао,PIKK,271,1836455.0,224.7,220.0,224.7,221.2,220.7,221.2,8320,220.7,220.7,220.7,1836455.0,1836455.0,1836455.0,,3,SUR,-0.67,
TQBR,2015-10-15,ПИК ао,PIKK,155,40330455.0,223.9,218.7,227.8,222.3,220.4,222.3,182960,220.4,220.4,220.4,40330455.0,40330455.0,40330455.0,,3,SUR,0.5,
TQBR,2015-10-16,ПИК ао,PIKK,58,1085706.0,222.0,221.0,223.4,223.4,222.5,223.4,4880,222.5,222.5,222.5,1085706.0,1085706.0,1085706.0,,3,SUR,0.49,
TQBR,2015-10-19,ПИК ао,PIKK,231,9537654.0,223.4,211.0,223.8,220.9,218.8,220.9,43590,218.8,218.8,218.8,9537654.0,9537654.0,9537654.0,,3,SUR,-1.12,
TQBR,2015-10-20,ПИК ао,PIKK,302,11443740.0,218.4,218.4,222.9,221.4,220.8,221.2,51840,220.8,220.8,220.8,11443740.0,11443740.0,11443740.0,,3,SUR,0.14,
TQBR,2015-10-21,ПИК ао,PIKK,170,7070175.0,221.2,219.6,223.7,220.0,220.1,220.0,32120,220.1,220.1,220.1,7070175.0,7070175.0,7070175.0,,3,SUR,-0.54,
TQBR,2015-10-22,ПИК ао,PIKK,232,21263728.0,220.0,220.0,220.5,220.4,220.0,220.4,96650,220.0,220.0,220.0,21263728.0,21263728.0,21263728.0,,3,SUR,0.18,
TQBR,2015-10-23,ПИК ао,PIKK,352,6485696.0,219.9,219.9,222.5,220.2,220.3,220.9,29440,220.3,220.3,220.3,6485696.0,6485696.0,6485696.0,,3,SUR,0.23,
TQBR,2015-10-26,ПИК ао,PIKK,185,2566722.0,221.6,220.0,222.4,220.2,220.3,220.0,11650,220.3,220.3,220.3,2566722.0,2566722.0,2566722.0,,3,SUR,-0.41,
TQBR,2015-10-27,ПИК ао,PIKK,480,22857093.0,220.1,220.0,224.0,224.0,220.2,224.0,103790,220.2,220.2,220.2,22857093.0,22857093.0,22857093.0,,3,SUR,1.82,
TQBR,2015-10-28,ПИК ао,PIKK,1292,59284254.0,225.0,216.3,226.0,221.0,220.0,221.5,269460,220.0,220.0,220.0,59284254.0,59284254.0,59284254.0,,3,SUR,-1.12,
TQBR,2015-10-29,ПИК ао,PIKK,105,1037911.0,221.4,220.0,222.8,220.0,220.8,220.0,4700,220.8,220.8,220.8,1037911.0,1037911.0,1037911.0,,3,SUR,-0.68,
TQBR,2015-10-30,ПИК ао,PIKK,156,2282204.0,220.0,220.0,223.1,222.5,221.4,222.5,10310,221.4,221.4,221.4,2282204.0,2282204.0,2282204.0,,3,SUR,1.14,
TQBR,2015-11-02,ПИК ао,PIKK,288,3615413.0,223.9,220.7,228.9,221.2,224.7,221.2,16090,224.7,224.7,224.7,3615413.0,3615413.0,3615413.0,,3,SUR,-0.58,
TQBR,2015-11-03,ПИК ао,PIKK,964,13765701.0,224.1,223.6,248.6,241.0,238.5,241.0,57710,238.5,238.5,238.5,13765701.0,13765701.0,13765701.0,,3,SUR,8.95,
TQBR,2015-11-05,ПИК ао,PIKK,1255,17016758.0,241.9,232.3,258.0,244.2,247.7,244.2,68690,247.7,247.7,247.7,17016758.0,17016758.0,17016758.0,,3,SUR,1.33,
TQBR,2015-11-06,ПИК ао,PIKK,409,3519778.0,244.3,227.3,248.8,240.0,240.2,240.0,14650,240.3,240.3,240.3,3519778.0,3519778.0,3519778.0,,3,SUR,-1.72,
TQBR,2015-11-09,ПИК ао,PIKK,352,6099741.0,239.9,234.5,249.8,235.0,243.0,235.0,25100,243.0,243.0,243.0,6099741.0,6099741.0,6099741.0,,3,SUR,-2.08,
TQBR,2015-11-10,ПИК ао,PIKK,629,8472563.0,237.2,223.8,243.0,231.9,232.6,231.9,36430,232.6,232.6,232.6,8472563.0,8472563.0,8472563.0,,3,SUR,-1.32,
TQBR,2015-11-11,ПИК ао,PIKK,286,3024986.0,233.6,225.2,235.7,232.7,231.6,232.7,13060,231.6,231.6,231.6,3024986.0,3024986.0,3024986.0,,3,SUR,0.34,
TQBR,2015-11-12,ПИК ао,PIKK,127,998817.0,228.2,227.6,233.0,232.6,231.7,232.6,4310,231.7,231.7,231.7,998817.0,998817.0,998817.0,,3,SUR,-0.04,
TQBR,2015-11-13,ПИК ао,PIKK,606,4886225.0,231.8,220.1,231.8,220.1,224.9,220.1,21730,224.9,224.9,224.9,4886225.0,4886225.0,4886225.0,,3,SUR,-5.37,
TQBR,2015-11-16,ПИК ао,PIKK,791,8052167.0,220.8,211.3,226.3,216.9,220.5,216.9,36520,220.5,220.5,220.5,8052167.0,8052167.0,8052167.0,,3,SUR,-1.45,
TQBR,2015-11-17,ПИК ао,PIKK,720,11333836.0,216.0,213.2,229.3,219.0,222.3,219.0,50980,222.3,222.3,222.3,11333836.0,11333836.0,11333836.0,,3,SUR,0.97,
TQBR,2015-11-18,ПИК ао,PIKK,476,7161764.0,218.4,215.0,227.9,216.1,219.9,216.1,32570,219.9,219.9,219.9,7161764.0,7161764.0,7161764.0,,3,SUR,-1.32,
TQBR,2015-11-19,ПИК ао,PIKK,635,28160126.0,216.2,215.0,221.2,218.2,219.8,218.2,128130,219.8,219.8,219.8,28160126.0,28160126.0,28160126.0,,3,SUR,0.97,
TQBR,2015-11-20,ПИК ао,PIKK,405,7501117.0,218.2,218.2,230.0,225.1,225.3,225.1,33290,225.3,225.3,225.3,7501117.0,7501117.0,7501117.0,,3,SUR,3.16,
TQBR,2015-11-23,ПИК ао,PIKK,438,6088710.0,229.6,222.3,237.5,233.2,230.4,232.1,26430,230.4,230.4,230.4,6088710.0,6088710.0,6088710.0,,3,SUR,3.11,
TQBR,2015-11-24,ПИК ао,PIKK,299,3461983.0,231.3,224.5,232.9,225.1,226.1,225.1,15310,226.1,226.1,226.1,3461983.0,3461983.0,3461983.0,,3,SUR,-3.02,
TQBR,2015-11-25,ПИК ао,PIKK,297,2480085.0,225.4,220.1,227.2,222.0,222.6,221.9,11140,222.6,222.6,222.6,2480085.0,2480085.0,2480085.0,,3,SUR,-1.42,
TQBR,2015-11-26,ПИК ао,PIKK,254,2227501.0,220.2,220.2,229.8,223.0,225.7,223.8,9870,225.7,225.7,225.7,2227501.0,2227501.0,2227501.0,,3,SUR,0.86,
TQBR,2015-11-27,ПИК ао,PIKK,374,4519697.0,222.7,220.0,224.7,220.2,220.6,220.2,20490,220.6,220.6,220.6,4519697.0,4519697.0,4519697.0,,3,SUR,-1.61,
TQBR,2015-11-30,ПИК ао,PIKK,577,5718958.0,221.3,211.9,222.1,217.8,218.0,217.8,26230,218.0,218.0,218.0,5718958.0,5718958.0,5718958.0,,3,SUR,-1.09,
TQBR,2015-12-01,ПИК ао,PIKK,193,2886995.0,217.8,217.8,222.9,221.0,220.2,221.0,13110,220.2,220.2,220.2,2886995.0,2886995.0,2886995.0,,3,SUR,1.47,
TQBR,2015-12-02,ПИК ао,PIKK,141,1982329.0,221.0,220.0,224.3,220.1,220.5,220.0,8990,220.5,220.5,220.5,1982329.0,1982329.0,1982329.0,,3,SUR,-0.45,
TQBR,2015-12-03,ПИК ао,PIKK,324,7091687.0,220.0,220.0,232.5,230.0,228.7,230.0,31010,228.7,228.7,228.7,7091687.0,7091687.0,7091687.0,,3,SUR,4.55,
TQBR,2015-12-04,ПИК ао,PIKK,400,5949499.0,232.1,220.0,234.9,222.4,223.2,222.4,26750,222.4,222.4,222.4,5949499.0,5949499.0,5949499.0,,3,SUR,-3.3,
TQBR,2015-12-07,ПИК ао,PIKK,278,6234245.0,222.0,220.0,227.8,227.8,221.6,227.8,28130,221.6,221.6,221.6,6234245.0,6234245.0,6234245.0,,3,SUR,2.43,
TQBR,2015-12-08,ПИК ао,PIKK,548,15202320.0,226.4,216.5,227.0,216.5,220.3,216.5,69020,220.3,220.3,220.3,15202320.0,15202320.0,15202320.0,,3,SUR,-4.96,
TQBR,2015-12-09,ПИК ао,PIKK,627,10261140.0,217.3,217.3,227.0,221.6,221.9,221.6,46240,221.9,221.9,221.9,10261140.0,10261140.0,10261140.0,,3,SUR,2.36,
TQBR,2015-12-10,ПИК ао,PIKK,85,1145992.0,222.2,221.2,226.4,221.2,224.3,221.2,5110,224.3,224.3,224.3,1145992.0,1145992.0,1145992.0,,3,SUR,-0.18,
TQBR,2015-12-11,ПИК ао,PIKK,2217,89662910.0,220.9,220.0,225.1,221.4,220.0,221.4,407520,220.0,220.0,220.0,89662910.0,89662910.0,89662910.0,,3,SUR,0.09,
TQBR,2015-12-14,ПИК ао,PIKK,2100,166479805.0,216.5,209.0,226.0,219.7,219.4,220.0,758920,219.4,219.4,219.4,166479805.0,166479805.0,166479805.0,,3,SUR,-0.63,
TQBR,2015-12-15,ПИК ао,PIKK,2596,67894452.0,218.3,214.1,223.0,219.7,219.8,220.0,308880,219.8,219.8,219.8,67894452.0,67894452.0,67894452.0,,3,SUR,0.0,
TQBR,2015-12-16,ПИК ао,PIKK,523,14359795.0,219.9,214.1,221.2,220.0,217.6,220.0,65990,217.6,217.6,217.6,14359795.0,14359795.0,14359795.0,,3,SUR,0.0,
TQBR,2015-12-17,ПИК ао,PIKK,378,12401206.0,216.8,216.1,224.0,224.0,219.4,224.0,56530,219.4,219.4,219.4,12401206.0,12401206.0,12401206.0,,3,SUR,1.82,
TQBR,2015-12-18,ПИК ао,PIKK,294,6736384.0,222.8,215.2,222.8,216.1,218.0,216.1,30900,218.0,218.0,218.0,6736384.0,6736384.0,6736384.0,,3,SUR,-3.53,
TQBR,2015-12-21,ПИК ао,PIKK,190,3886545.0,217.1,215.9,220.9,219.7,219.3,220.0,17760,218.8,218.8,218.8,3886545.0,3886545.0,3886545.0,,3,SUR,1.8,
TQBR,2015-12-22,ПИК ао,PIKK,63,2883082.0,219.9,218.3,221.4,220.0,219.9,220.0,13110,219.9,219.9,219.9,2883082.0,2883082.0,2883082.0,,3,SUR,0.0,
TQBR,2015-12-23,ПИК ао,PIKK,120,1623642.0,220.5,217.0,221.5,220.0,218.8,220.0,7420,218.8,218.8,218.8,1623642.0,1623642.0,1623642.0,,3,SUR,0.0,
TQBR,2015-12-24,ПИК ао,PIKK,117,1383482.0,217.2,217.1,221.4,220.0,218.2,220.0,6320,218.9,218.9,218.9,1383482.0,1383482.0,1383482.0,,3,SUR,0.0,
TQBR,2015-12-25,ПИК ао,PIKK,194,5549121.0,218.2,215.0,218.9,216.1,217.0,216.1,25570,217.0,217.0,217.0,5549121.0,5549121.0,5549121.0,,3,SUR,-1.77,
TQBR,2015-12-28,ПИК ао,PIKK,171,9742786.0,214.3,213.0,220.0,220.0,218.5,220.0,44590,218.5,218.5,218.5,9742786.0,9742786.0,9742786.0,,3,SUR,1.8,
TQBR,2015-12-29,ПИК ао,PIKK,104,1840521.0,217.7,217.5,221.9,218.9,219.4,218.9,8390,219.4,219.4,219.4,1840521.0,1840521.0,1840521.0,,3,SUR,-0.5,
TQBR,2015-12-30,ПИК ао,PIKK,176,4386503.0,218.5,216.0,220.2,219.0,218.9,219.0,20040,218.9,218.9,218.9,4386503.0,4386503.0,4386503.0,,3,SUR,0.05,
TQBR,2016-01-04,ПИК ао,PIKK,50,1118133.0,216.6,214.1,219.0,215.5,215.9,215.5,5180,215.9,215.9,215.5,1118133.0,1118133.0,1118133.0,,3,SUR,-1.6,
TQBR,2016-01-05,ПИК ао,PIKK,56,783417.0,214.5,209.5,215.4,213.2,212.3,213.2,3690,212.3,212.3,213.2,783417.0,783417.0,783417.0,,3,SUR,-1.07,
TQBR,2016-01-06,ПИК ао,PIKK,34,547667.0,212.7,212.5,214.0,212.5,213.1,212.5,2570,213.1,213.1,212.5,547667.0,547667.0,547667.0,,3,SUR,-0.33,
TQBR,2016-01-11,ПИК ао,PIKK,120,4266761.0,210.9,208.2,212.4,209.1,210.0,208.9,20320,210.0,210.0,209.1,4266761.0,4266761.0,4266761.0,,3,SUR,-1.69,
TQBR,2016-01-12,ПИК ао,PIKK,223,12156728.0,208.9,206.3,212.8,210.1,211.8,210.1,57410,211.8,211.8,210.1,12156728.0,12156728.0,12156728.0,,3,SUR,0.57,
TQBR,2016-01-13,ПИК ао,PIKK,213,6207938.0,210.1,206.8,212.0,211.7,210.4,211.1,29500,210.4,210.4,211.7,6207938.0,6207938.0,6207938.0,,3,SUR,0.48,
TQBR,2016-01-14,ПИК ао,PIKK,347,38448263.0,209.3,209.1,211.1,210.0,210.0,210.0,183080,210.0,210.0,210.0,38448263.0,38448263.0,38448263.0,,3,SUR,-0.52,
TQBR,2016-01-15,ПИК ао,PIKK,416,8454263.0,209.4,209.4,214.0,211.6,210.3,211.6,40200,210.3,210.3,211.6,8454263.0,8454263.0,8454263.0,,3,SUR,0.76,
TQBR,2016-01-18,ПИК ао,PIKK,110,1299046.0,208.9,208.6,213.2,211.3,210.2,211.3,6180,210.2,210.2,211.3,1299046.0,1299046.0,1299046.0,,3,SUR,-0.14,
TQBR,2016-01-19,ПИК ао,PIKK,331,25694145.0,207.3,205.0,215.0,210.0,207.2,210.0,123980,207.2,207.2,210.0,25694145.0,25694145.0,25694145.0,,3,SUR,-0.62,
TQBR,2016-01-20,ПИК ао,PIKK,1120,32618023.0,207.0,193.5,213.4,212.5,207.5,211.1,157200,207.5,207.5,212.5,32618023.0,32618023.0,32618023.0,,3,SUR,0.52,
TQBR,2016-01-21,ПИК ао,PIKK,414,26464715.0,206.1,206.1,212.5,210.1,208.8,210.1,126740,208.8,208.8,210.1,26464715.0,26464715.0,26464715.0,,3,SUR,-0.47,
TQBR,2016-01-22,ПИК ао,PIKK,972,65219030.0,210.0,205.1,211.8,210.0,209.0,210.0,311990,209.0,209.0,210.0,65219030.0,65219030.0,65219030.0,,3,SUR,-0.05,
TQBR,2016-01-25,ПИК ао,PIKK,85,1981970.0,210.0,206.8,212.2,210.1,210.4,210.0,9420,210.4,210.4,210.1,1981970.0,1981970.0,1981970.0,,3,SUR,0.0,
TQBR,2016-01-26,ПИК ао,PIKK,125,900792.0,210.0,210.0,213.2,212.0,211.5,212.0,4260,211.5,211.5,212.0,900792.0,900792.0,900792.0,,3,SUR,0.95,
TQBR,2016-01-27,ПИК ао,PIKK,166,2244821.0,211.9,211.1,218.6,218.6,215.4,218.6,10420,215.4,215.4,218.6,2244821.0,2244821.0,2244821.0,,3,SUR,3.11,
TQBR,2016-01-28,ПИК ао,PIKK,268,3052054.0,220.0,214.0,220.9,214.0,216.5,214.0,14100,216.5,216.5,214.0,3052054.0,3052054.0,3052054.0,,3,SUR,-2.1,
TQBR,2016-01-29,ПИК ао,PIKK,469,13671548.0,215.9,208.7,216.9,210.1,210.7,210.1,64880,210.7,210.7,210.1,13671548.0,13671548.0,13671548.0,,3,SUR,-1.82,
TQBR,2016-02-01,ПИК ао,PIKK,289,6801022.0,211.5,210.2,215.8,215.0,214.3,215.0,31740,214.3,214.3,215.0,6801022.0,6801022.0,6801022.0,,3,SUR,2.33,
TQBR,2016-02-02,ПИК ао,PIKK,235,3011225.0,213.6,210.3,216.0,213.8,211.9,213.8,14210,211.9,211.9,213.8,3011225.0,3011225.0,3011225.0,,3,SUR,-0.56,
TQBR,2016-02-03,ПИК ао,PIKK,172,4514525.0,209.3,209.0,212.3,210.7,210.0,210.7,21500,210.0,210.0,210.7,4514525.0,4514525.0,4514525.0,,3,SUR,-1.45,
TQBR,2016-02-04,ПИК ао,PIKK,588,7153299.0,209.6,209.5,218.5,218.4,213.7,218.4,33480,213.7,213.7,218.4,7153299.0,7153299.0,7153299.0,,3,SUR,3.65,
TQBR,2016-02-05,ПИК ао,PIKK,388,3388170.0,215.4,209.5,217.5,210.7,212.0,210.7,15980,212.0,212.0,210.7,3388170.0,3388170.0,3388170.0,,3,SUR,-3.53,
TQBR,2016-02-08,ПИК ао,PIKK,260,3169389.0,210.7,207.1,213.7,208.6,212.4,208.6,15120,209.6,209.6,208.6,3169389.0,3169389.0,3169389.0,,3,SUR,-1.0,
TQBR,2016-02-09,ПИК ао,PIKK,290,3380111.0,207.6,205.5,213.0,212.6,209.2,212.6,16160,209.2,209.2,212.6,3380111.0,3380111.0,3380111.0,,3,SUR,1.92,
TQBR,2016-02-10,ПИК ао,PIKK,222,2540625.0,210.2,208.0,211.3,211.3,208.9,211.3,12160,208.9,208.9,211.3,2540625.0,2540625.0,2540625.0,,3,SUR,-0.61,
TQBR,2016-02-11,ПИК ао,PIKK,309,3455607.0,208.6,204.0,209.8,209.1,207.3,208.7,16670,207.3,207.3,209.1,3455607.0,3455607.0,3455607.0,,3,SUR,-1.23,
TQBR,2016-02-12,ПИК ао,PIKK,79,1004851.0,208.7,207.0,210.0,210.0,208.9,209.9,4810,208.9,208.9,210.0,1004851.0,1004851.0,1004851.0,,3,SUR,0.57,
TQBR,2016-02-15,ПИК ао,PIKK,197,2610519.0,207.1,206.6,210.0,208.0,209.2,208.0,12480,209.2,209.2,208.0,2610519.0,2610519.0,2610519.0,,3,SUR,-0.91,
TQBR,2016-02-16,ПИК ао,PIKK,83,470938.0,208.3,205.3,209.5,205.5,206.6,206.9,2280,,206.6,205.5,0.0,500058.0,0.0,,3,SUR,-0.53,
TQBR,2016-02-17,ПИК ао,PIKK,193,2728648.0,206.7,206.7,212.9,208.7,209.1,208.7,13050,209.1,209.1,208.7,2728648.0,2728648.0,2728648.0,,3,SUR,0.87,
TQBR,2016-02-18,ПИК ао,PIKK,401,57186781.0,207.5,207.5,220.9,220.9,215.7,220.9,265180,215.7,215.7,220.9,57186781.0,57186781.0,57186781.0,,3,SUR,5.85,
TQBR,2016-02-19,ПИК ао,PIKK,314,11557720.0,221.0,218.5,229.0,229.0,223.2,229.0,51780,223.2,223.2,229.0,11557720.0,11557720.0,11557720.0,,3,SUR,3.67,
TQBR,2016-02-20,ПИК ао,PIKK,159,2737209.0,230.7,226.5,236.1,236.1,233.0,236.1,11750,233.0,233.0,236.1,2737209.0,2737209.0,2737209.0,,3,SUR,3.1,
TQBR,2016-02-22,ПИК ао,PIKK,221,5008693.0,236.5,235.6,246.0,244.5,240.5,246.0,20830,240.5,240.5,244.5,5008693.0,5008693.0,5008693.0,,3,SUR,4.19,
TQBR,2016-02-24,ПИК ао,PIKK,555,27941590.0,245.3,242.0,250.0,250.0,246.6,250.0,113290,246.6,246.6,250.0,27941590.0,27941590.0,27941590.0,,3,SUR,1.63,
TQBR,2016-02-25,ПИК ао,PIKK,382,25970900.0,247.4,245.0,252.9,250.0,249.8,250.0,103960,249.8,249.8,250.0,25970900.0,25970900.0,25970900.0,,3,SUR,0.0,
TQBR,2016-02-26,ПИК ао,PIKK,155,4129717.0,247.4,247.4,250.0,247.6,249.1,247.6,16580,249.1,249.1,247.6,4129717.0,4129717.0,4129717.0,,3,SUR,-0.96,
TQBR,2016-02-29,ПИК ао,PIKK,256,8040060.0,244.6,243.8,254.2,250.2,250.9,250.2,32050,250.9,250.9,250.2,8040060.0,8040060.0,8040060.0,,3,SUR,1.05,
TQBR,2016-03-01,ПИК ао,PIKK,103,2097078.0,250.2,250.0,254.4,250.0,250.2,250.0,8380,250.2,250.2,250.0,2097078.0,2097078.0,2097078.0,,3,SUR,-0.08,
TQBR,2016-03-02,ПИК ао,PIKK,97,28476460.0,253.7,249.9,253.7,250.0,250.0,250.0,113900,250.0,250.0,250.0,28476460.0,28476460.0,28476460.0,,3,SUR,0.0,
TQBR,2016-03-03,ПИК ао,PIKK,212,30507791.0,252.8,249.2,253.8,250.0,250.0,250.0,122010,250.0,250.0,250.0,30507791.0,30507791.0,30507791.0,,3,SUR,0.0,
TQBR,2016-03-04,ПИК ао,PIKK,160,7493141.0,250.0,250.0,254.3,250.2,250.1,250.1,29960,250.1,250.1,250.2,7493141.0,7493141.0,7493141.0,,3,SUR,0.04,
TQBR,2016-03-07,ПИК ао,PIKK,112,1721426.0,252.5,251.8,266.0,254.9,254.6,254.9,6760,254.6,254.6,254.9,1721426.0,1721426.0,1721426.0,,3,SUR,1.92,
TQBR,2016-03-09,ПИК ао,PIKK,108,3834227.0,259.0,252.4,262.8,254.5,258.7,254.5,14820,258.7,258.7,254.5,3834227.0,3834227.0,3834227.0,,3,SUR,-0.16,
TQBR,2016-03-10,ПИК ао,PIKK,147,2858563.0,257.2,250.1,257.2,250.1,253.9,250.1,11260,253.9,253.9,250.1,2858563.0,2858563.0,2858563.0,,3,SUR,-1.73,
TQBR,2016-03-11,ПИК ао,PIKK,85,1065967.0,252.9,250.0,252.9,250.2,250.2,250.1,4260,250.2,250.2,250.2,1065967.0,1065967.0,1065967.0,,3,SUR,0.0,
TQBR,2016-03-14,ПИК ао,PIKK,123,9855734.0,252.6,250.0,252.8,250.2,250.1,250.4,39410,250.1,250.1,250.2,9855734.0,9855734.0,9855734.0,,3,SUR,0.12,
TQBR,2016-03-15,ПИК ао,PIKK,340,15508715.0,253.8,247.3,255.6,247.3,252.5,247.3,61420,252.5,252.5,247.3,15508715.0,15508715.0,15508715.0,,3,SUR,-1.24,
TQBR,2016-03-16,ПИК ао,PIKK,123,1656271.0,248.5,248.5,252.8,251.3,250.6,251.3,6610,250.6,250.6,251.3,1656271.0,1656271.0,1656271.0,,3,SUR,1.62,
TQBR,2016-03-17,ПИК ао,PIKK,221,13691923.0,251.1,250.0,254.6,251.5,250.3,251.5,54710,250.3,250.3,251.5,13691923.0,13691923.0,13691923.0,,3,SUR,0.08,
TQBR,2016-03-18,ПИК ао,PIKK,363,7703906.0,253.8,248.4,254.0,250.0,251.5,250.0,30630,251.5,251.5,250.0,7703906.0,7703906.0,7703906.0,,3,SUR,-0.6,
TQBR,2016-03-21,ПИК ао,PIKK,152,2787203.0,250.9,250.0,251.3,250.1,250.2,250.1,11140,250.2,250.2,250.1,2787203.0,2787203.0,2787203.0,,3,SUR,0.04,
TQBR,2016-03-22,ПИК ао,PIKK,165,4087448.0,250.9,250.0,251.0,250.0,250.1,250.0,16340,250.1,250.1,250.0,4087448.0,4087448.0,4087448.0,,3,SUR,-0.04,
TQBR,2016-03-23,ПИК ао,PIKK,182,2502194.0,249.7,249.6,253.4,252.3,251.3,252.9,9960,251.2,251.2,252.3,2502194.0,2502194.0,2502194.0,,3,SUR,1.16,
TQBR,2016-03-24,ПИК ао,PIKK,213,1741385.0,254.0,250.1,259.8,252.3,253.5,252.3,6870,253.5,253.5,252.3,1741385.0,1741385.0,1741385.0,,3,SUR,-0.24,
TQBR,2016-03-25,ПИК ао,PIKK,42,278385.0,254.8,252.1,254.9,252.8,253.1,253.2,1100,,252.6,252.8,0.0,502674.0,0.0,,3,SUR,0.36,
TQBR,2016-03-28,ПИК ао,PIKK,239,5049636.0,254.0,245.2,257.0,249.5,250.0,249.5,20200,250.0,250.0,249.5,5049636.0,5049636.0,5049636.0,,3,SUR,-1.46,
TQBR,2016-03-29,ПИК ао,PIKK,179,5702918.0,249.9,243.0,251.0,250.1,249.5,250.1,22860,249.5,249.5,250.1,5702918.0,5702918.0,5702918.0,,3,SUR,0.24,
TQBR,2016-03-30,ПИК ао,PIKK,179,1748221.0,251.3,250.9,255.0,251.7,253.4,251.5,6900,253.4,253.4,251.7,1748221.0,1748221.0,1748221.0,,3,SUR,0.56,
TQBR,2016-03-31,ПИК ао,PIKK,237,2172027.0,254.9,250.8,254.9,251.3,253.2,251.3,8580,253.2,253.2,251.3,2172027.0,2172027.0,2172027.0,,3,SUR,-0.08,
TQBR,2016-04-01,ПИК ао,PIKK,178,3565325.0,252.0,250.0,253.1,251.2,250.2,251.2,14250,250.2,250.2,251.2,3565325.0,3565325.0,3565325.0,,3,SUR,-0.04,
TQBR,2016-04-04,ПИК ао,PIKK,265,3702782.0,252.9,250.8,260.0,253.0,254.5,253.0,14550,254.5,254.5,253.0,3702782.0,3702782.0,3702782.0,,3,SUR,0.72,
TQBR,2016-04-05,ПИК ао,PIKK,84,1085339.0,250.7,250.1,252.2,250.2,250.7,250.2,4330,250.7,250.7,250.2,1085339.0,1085339.0,1085339.0,,3,SUR,-1.11,
TQBR,2016-04-06,ПИК ао,PIKK,128,2017717.0,250.2,250.0,252.7,250.2,250.3,250.2,8060,250.3,250.3,250.2,2017717.0,2017717.0,2017717.0,,3,SUR,0.0,
TQBR,2016-04-07,ПИК ао,PIKK,124,3450896.0,251.0,248.2,253.7,253.6,250.8,253.6,13760,250.8,250.8,253.6,3450896.0,3450896.0,3450896.0,,3,SUR,1.36,
TQBR,2016-04-08,ПИК ао,PIKK,104,951024.0,252.6,250.0,254.4,250.5,251.6,250.5,3780,251.6,251.6,250.5,951024.0,951024.0,951024.0,,3,SUR,-1.22,
TQBR,2016-04-11,ПИК ао,PIKK,94,2105042.0,250.6,250.0,252.3,250.0,250.3,250.0,8410,250.3,250.3,250.0,2105042.0,2105042.0,2105042.0,,3,SUR,-0.2,
TQBR,2016-04-12,ПИК ао,PIKK,108,5542356.0,248.0,247.2,251.0,250.4,250.0,250.4,22170,250.0,250.0,250.4,5542356.0,5542356.0,5542356.0,,3,SUR,0.16,
TQBR,2016-04-13,ПИК ао,PIKK,96,2115118.0,251.4,249.8,253.4,250.3,250.6,250.3,8440,250.6,250.6,250.3,2115118.0,2115118.0,2115118.0,,3,SUR,-0.04,
TQBR,2016-04-14,ПИК ао,PIKK,116,5131616.0,248.2,248.1,251.8,250.4,250.1,250.4,20520,250.1,250.1,250.4,5131616.0,5131616.0,5131616.0,,3,SUR,0.04,
TQBR,2016-04-15,ПИК ао,PIKK,46,887142.0,248.6,248.6,252.0,251.2,250.6,251.2,3540,250.6,250.6,251.2,887142.0,887142.0,887142.0,,3,SUR,0.32,
TQBR,2016-04-18,ПИК ао,PIKK,174,4540914.0,249.6,245.7,252.1,250.5,250.2,251.0,18150,250.2,250.2,250.5,4540914.0,4540914.0,4540914.0,,3,SUR,-0.08,
TQBR,2016-04-19,ПИК ао,PIKK,294,8424310.0,251.5,250.0,254.9,250.8,251.4,250.8,33510,251.4,251.4,250.8,8424310.0,8424310.0,8424310.0,,3,SUR,-0.08,
TQBR,2016-04-20,ПИК ао,PIKK,448,32159751.0,251.4,250.0,252.7,252.4,250.0,252.4,128630,250.0,250.0,252.4,32159751.0,32159751.0,32159751.0,,3,SUR,0.64,
TQBR,2016-04-21,ПИК ао,PIKK,259,8040269.0,252.5,250.0,253.3,250.3,250.2,250.3,32130,250.2,250.2,250.3,8040269.0,8040269.0,8040269.0,,3,SUR,-0.83,
TQBR,2016-04-22,ПИК ао,PIKK,328,8503121.0,253.4,250.0,253.9,251.2,250.5,251.2,33950,250.5,250.5,251.2,8503121.0,8503121.0,8503121.0,,3,SUR,0.36,
TQBR,2016-04-25,ПИК ао,PIKK,190,27291516.0,250.2,248.1,252.2,250.0,250.0,250.0,109160,250.0,250.0,250.0,27291516.0,27291516.0,27291516.0,,3,SUR,-0.48,
TQBR,2016-04-26,ПИК ао,PIKK,150,38337235.0,250.3,250.0,252.4,251.7,250.0,250.3,153340,250.0,250.0,251.7,38337235.0,38337235.0,38337235.0,,3,SUR,0.12,
TQBR,2016-04-27,ПИК ао,PIKK,182,24101757.0,250.6,247.6,251.7,250.9,250.1,250.0,96370,250.1,250.1,250.9,24101757.0,24101757.0,24101757.0,,3,SUR,-0.12,
TQBR,2016-04-28,ПИК ао,PIKK,299,45930384.0,253.2,246.3,267.2,260.0,250.8,260.0,183100,250.8,250.8,260.0,45930384.0,45930384.0,45930384.0,,3,SUR,4.0,
TQBR,2016-04-29,ПИК ао,PIKK,291,4790165.0,259.8,250.2,262.5,250.3,254.0,250.3,18860,254.0,254.0,250.3,4790165.0,4790165.0,4790165.0,,3,SUR,-3.73,
TQBR,2016-05-04,ПИК ао,PIKK,58,1070074.0,250.1,249.7,252.2,250.0,250.0,250.0,4280,250.0,250.0,250.0,1070074.0,1070074.0,1070074.0,,3,SUR,-0.12,
TQBR,2016-05-05,ПИК ао,PIKK,44,2792546.0,248.0,248.0,250.9,250.0,250.0,250.0,11170,250.0,250.0,250.0,2792546.0,2792546.0,2792546.0,,3,SUR,0.0,
TQBR,2016-05-06,ПИК ао,PIKK,114,2374840.0,250.1,250.0,253.9,251.5,251.8,251.5,9430,251.8,251.8,251.5,2374840.0,2374840.0,2374840.0,,3,SUR,0.6,
TQBR,2016-05-10,ПИК ао,PIKK,78,1366722.0,251.3,250.0,253.1,251.0,250.8,251.0,5450,250.8,250.8,251.0,1366722.0,1366722.0,1366722.0,,3,SUR,-0.2,
TQBR,2016-05-11,ПИК ао,PIKK,137,3223897.0,252.5,251.9,256.5,256.5,254.7,256.5,12660,254.7,254.7,256.5,3223897.0,3223897.0,3223897.0,,3,SUR,2.19,
TQBR,2016-05-12,ПИК ао,PIKK,114,2255662.0,255.3,252.2,259.0,252.8,255.5,252.5,8830,255.5,255.5,252.8,2255662.0,2255662.0,2255662.0,,3,SUR,-1.56,
TQBR,2016-05-13,ПИК ао,PIKK,184,3058526.0,252.8,248.1,253.0,250.4,250.1,250.4,12230,250.1,250.1,250.4,3058526.0,3058526.0,3058526.0,,3,SUR,-0.83,
TQBR,2016-05-16,ПИК ао,PIKK,96,3334653.0,251.8,250.0,254.5,251.0,252.1,251.0,13230,252.1,252.1,251.0,3334653.0,3334653.0,3334653.0,,3,SUR,0.24,
TQBR,2016-05-17,ПИК ао,PIKK,76,1066014.0,252.3,250.1,252.4,252.0,250.8,252.0,4250,250.8,250.8,252.0,1066014.0,1066014.0,1066014.0,,3,SUR,0.4,
TQBR,2016-05-18,ПИК ао,PIKK,132,2485465.0,252.9,250.0,253.0,251.7,250.8,251.9,9910,250.8,250.8,251.7,2485465.0,2485465.0,2485465.0,,3,SUR,-0.04,
TQBR,2016-05-19,ПИК ао,PIKK,47,433536.0,250.3,250.0,251.5,250.6,250.6,250.6,1730,,250.7,250.6,0.0,511335.0,0.0,,3,SUR,-0.52,
TQBR,2016-05-20,ПИК ао,PIKK,158,2672184.0,250.9,250.0,253.4,252.9,251.1,253.0,10640,251.1,251.1,252.9,2672184.0,2672184.0,2672184.0,,3,SUR,0.96,
TQBR,2016-05-23,ПИК ао,PIKK,153,1785255.0,253.5,252.9,258.5,257.9,256.1,257.9,6970,256.1,256.1,257.9,1785255.0,1785255.0,1785255.0,,3,SUR,1.94,
TQBR,2016-05-24,ПИК ао,PIKK,159,2183443.0,255.1,253.8,260.9,257.2,258.1,257.2,8460,258.1,258.1,257.2,2183443.0,2183443.0,2183443.0,,3,SUR,-0.27,
TQBR,2016-05-25,ПИК ао,PIKK,211,2095727.0,261.6,252.5,268.8,257.0,256.2,257.0,8180,256.2,256.2,257.0,2095727.0,2095727.0,2095727.0,,3,SUR,-0.08,
TQBR,2016-05-26,ПИК ао,PIKK,92,1516265.0,257.6,250.1,257.6,250.3,251.5,250.3,6030,251.5,251.5,250.3,1516265.0,1516265.0,1516265.0,,3,SUR,-2.61,
TQBR,2016-05-27,ПИК ао,PIKK,174,2611582.0,253.6,250.0,253.8,250.8,251.1,250.8,10400,251.1,251.1,250.8,2611582.0,2611582.0,2611582.0,,3,SUR,0.2,
TQBR,2016-05-30,ПИК ао,PIKK,33,321634.0,252.7,251.3,253.8,253.8,253.3,253.8,1270,,252.8,253.8,0.0,510654.0,0.0,,3,SUR,1.2,
TQBR,2016-05-31,ПИК ао,PIKK,52,548704.0,253.8,250.9,254.7,251.0,251.7,251.0,2180,251.7,251.7,251.0,548704.0,548704.0,548704.0,,3,SUR,-1.1,
TQBR,2016-06-01,ПИК ао,PIKK,90,1071138.0,253.1,251.1,255.0,252.9,253.8,252.8,4220,253.8,253.8,252.9,1071138.0,1071138.0,1071138.0,,3,SUR,0.72,
TQBR,2016-06-02,ПИК ао,PIKK,166,2337426.0,255.0,250.0,255.0,252.2,251.3,252.2,9300,251.3,251.3,252.2,2337426.0,2337426.0,2337426.0,,3,SUR,-0.24,
TQBR,2016-06-03,ПИК ао,PIKK,85,1006297.0,252.2,249.9,252.4,249.9,250.3,249.9,4020,250.3,250.3,249.9,1006297.0,1006297.0,1006297.0,,3,SUR,-0.91,
TQBR,2016-06-06,ПИК ао,PIKK,230,13653838.0,250.0,250.0,253.9,252.3,250.3,251.2,54550,250.3,250.3,252.3,13653838.0,13653838.0,13653838.0,,3,SUR,0.52,
TQBR,2016-06-07,ПИК ао,PIKK,110,1548045.0,251.0,250.2,253.6,250.4,251.7,251.2,6150,251.7,251.7,250.4,1548045.0,1548045.0,1548045.0,,3,SUR,0.0,
TQBR,2016-06-08,ПИК ао,PIKK,793,121382362.0,250.6,243.7,251.5,250.0,248.4,250.0,488590,248.4,248.4,250.0,121382362.0,121382362.0,121382362.0,,3,SUR,-0.48,
TQBR,2016-06-09,ПИК ао,PIKK,78,1754570.0,248.4,247.0,252.4,250.0,249.6,250.0,7030,249.6,249.6,250.0,1754570.0,1754570.0,1754570.0,,3,SUR,0.0,
TQBR,2016-06-10,ПИК ао,PIKK,233,4567396.0,248.4,246.5,250.0,250.0,248.9,250.0,18350,248.9,248.9,250.0,4567396.0,4567396.0,4567396.0,,3,SUR,0.0,
TQBR,2016-06-14,ПИК ао,PIKK,117,2055823.0,247.4,247.0,249.1,248.9,248.0,248.9,8290,248.0,248.0,248.9,2055823.0,2055823.0,2055823.0,,3,SUR,-0.44,
TQBR,2016-06-15,ПИК ао,PIKK,487,28581592.0,249.9,240.0,250.1,247.4,246.2,247.4,116110,246.2,246.2,247.4,28581592.0,28581592.0,28581592.0,,3,SUR,-0.6,
TQBR,2016-06-16,ПИК ао,PIKK,109,2121132.0,244.3,244.0,246.7,245.9,244.4,244.2,8680,244.4,244.4,245.9,2121132.0,2121132.0,2121132.0,,3,SUR,-1.29,
TQBR,2016-06-17,ПИК ао,PIKK,401,50416617.0,242.7,240.8,251.0,251.0,245.8,251.0,205100,245.8,245.8,251.0,50416617.0,50416617.0,50416617.0,,3,SUR,2.78,
TQBR,2016-06-20,ПИК ао,PIKK,582,129915847.0,247.1,240.8,250.0,250.0,243.9,250.0,532660,243.9,243.9,250.0,129915847.0,129915847.0,129915847.0,,3,SUR,-0.4,
TQBR,2016-06-21,ПИК ао,PIKK,715,177763907.0,248.8,241.5,250.0,250.0,245.6,250.0,723680,245.6,245.6,250.0,177763907.0,177763907.0,177763907.0,,3,SUR,0.0,
TQBR,2016-06-22,ПИК ао,PIKK,197,7191813.0,250.7,244.8,250.7,247.2,247.6,247.2,29050,247.6,247.6,247.2,7191813.0,7191813.0,7191813.0,,3,SUR,-1.12,
TQBR,2016-06-23,ПИК ао,PIKK,131,7039875.0,246.6,243.5,250.0,250.0,247.9,250.0,28400,247.9,247.9,250.0,7039875.0,7039875.0,7039875.0,,3,SUR,1.13,
TQBR,2016-06-24,ПИК ао,PIKK,153,3549324.0,249.1,245.4,250.8,250.0,248.9,250.0,14260,248.9,248.9,250.0,3549324.0,3549324.0,3549324.0,,3,SUR,0.0,
TQBR,2016-06-27,ПИК ао,PIKK,229,11225940.0,247.4,245.7,250.0,250.0,248.6,250.0,45160,248.6,248.6,250.0,11225940.0,11225940.0,11225940.0,,3,SUR,0.0,
TQBR,2016-06-28,ПИК ао,PIKK,157,16442590.0,249.0,247.1,250.0,250.0,249.0,250.0,66030,249.0,249.0,250.0,16442590.0,16442590.0,16442590.0,,3,SUR,0.0,
TQBR,2016-06-29,ПИК ао,PIKK,194,6476745.0,248.8,243.2,250.0,250.0,248.3,250.0,26080,248.3,248.3,250.0,6476745.0,6476745.0,6476745.0,,3,SUR,0.0,
TQBR,2016-06-30,ПИК ао,PIKK,66,4326423.0,249.9,247.5,250.8,250.0,249.5,250.0,17340,249.5,249.5,250.0,4326423.0,4326423.0,4326423.0,,3,SUR,0.0,
TQBR,2016-07-01,ПИК ао,PIKK,42,770529.0,251.0,248.3,251.0,249.3,249.4,249.3,3090,249.4,249.4,249.3,770529.0,770529.0,770529.0,,3,SUR,-0.28,
TQBR,2016-07-04,ПИК ао,PIKK,63,2433640.0,250.0,247.1,250.0,249.8,248.1,249.8,9810,248.1,248.1,249.8,2433640.0,2433640.0,2433640.0,,3,SUR,0.2,
TQBR,2016-07-05,ПИК ао,PIKK,207,7527372.0,249.9,244.5,250.0,250.0,248.6,250.0,30280,248.6,248.6,250.0,7527372.0,7527372.0,7527372.0,,3,SUR,0.08,
TQBR,2016-07-06,ПИК ао,PIKK,279,27578405.0,248.0,245.9,249.9,248.9,247.2,248.9,111550,247.2,247.2,248.9,27578405.0,27578405.0,27578405.0,,3,SUR,-0.44,
TQBR,2016-07-07,ПИК ао,PIKK,142,20295785.0,248.5,245.9,249.5,249.5,248.7,249.5,81600,248.7,248.7,249.5,20295785.0,20295785.0,20295785.0,,3,SUR,0.24,
TQBR,2016-07-08,ПИК ао,PIKK,210,14201384.0,248.0,243.7,249.4,243.7,245.9,243.7,57750,245.9,245.9,243.7,14201384.0,14201384.0,14201384.0,,3,SUR,-2.32,
TQBR,2016-07-11,ПИК ао,PIKK,330,34784934.0,244.4,243.9,250.0,250.0,248.4,250.0,140050,248.4,248.4,250.0,34784934.0,34784934.0,34784934.0,,3,SUR,2.59,
TQBR,2016-07-12,ПИК ао,PIKK,241,7092993.0,250.7,247.8,258.1,251.0,251.9,251.0,28160,251.9,251.9,251.0,7092993.0,7092993.0,7092993.0,,3,SUR,0.4,
TQBR,2016-07-13,ПИК ао,PIKK,897,308434042.0,248.6,243.0,250.0,250.0,246.5,250.0,1251220,246.5,246.5,250.0,308434042.0,308434042.0,308434042.0,,3,SUR,-0.4,
TQBR,2016-07-14,ПИК ао,PIKK,903,281982115.0,249.9,245.0,250.0,250.0,248.4,250.0,1135400,248.4,248.4,250.0,281982115.0,281982115.0,281982115.0,,3,SUR,0.0,
TQBR,2016-07-15,ПИК ао,PIKK,872,275356840.0,248.1,245.5,249.0,247.7,247.1,247.7,1114390,247.1,247.1,247.7,275356840.0,275356840.0,275356840.0,,3,SUR,-0.92,
TQBR,2016-07-18,ПИК ао,PIKK,879,331384332.0,246.7,240.5,248.7,247.0,246.4,247.0,1345110,246.4,246.4,247.0,331384332.0,331384332.0,331384332.0,,3,SUR,-0.28,
TQBR,2016-07-19,ПИК ао,PIKK,1029,438624674.0,245.3,240.0,248.1,247.5,244.8,247.5,1791900,244.8,244.8,247.5,438624674.0,438624674.0,438624674.0,,3,SUR,0.2,
TQBR,2016-07-20,ПИК ао,PIKK,263,78134424.0,245.6,242.9,249.5,249.5,249.0,249.5,313770,249.0,249.0,249.5,78134424.0,78134424.0,78134424.0,,3,SUR,0.81,
TQBR,2016-07-21,ПИК ао,PIKK,131,61682037.0,248.0,246.0,249.5,249.5,249.3,249.5,247450,249.3,249.3,249.5,61682037.0,61682037.0,61682037.0,,3,SUR,0.0,
TQBR,2016-07-22,ПИК ао,PIKK,73,36125457.0,249.1,247.7,249.5,249.5,249.5,249.5,144800,249.5,249.5,249.5,36125457.0,36125457.0,36125457.0,,3,SUR,0.0,
TQBR,2016-07-25,ПИК ао,PIKK,71,6235090.0,249.5,247.6,249.7,249.7,249.2,249.7,25020,249.2,249.2,249.7,6235090.0,6235090.0,6235090.0,,3,SUR,0.08,
TQBR,2016-07-26,ПИК ао,PIKK,150,3058484.0,249.9,248.6,253.9,250.5,249.9,250.5,12240,249.9,249.9,250.5,3058484.0,3058484.0,3058484.0,,3,SUR,0.32,
TQBR,2016-07-27,ПИК ао,PIKK,112,3472222.0,250.4,248.0,255.0,250.0,250.3,250.0,13870,250.3,250.3,250.0,3472222.0,3472222.0,3472222.0,,3,SUR,-0.2,
TQBR,2016-07-28,ПИК ао,PIKK,95,29678474.0,250.0,248.0,250.0,250.0,248.8,250.0,119260,248.9,248.9,250.0,29678474.0,29678474.0,29678474.0,,3,SUR,0.0,
TQBR,2016-07-29,ПИК ао,PIKK,184,2681480.0,250.4,248.5,251.4,250.0,249.4,250.0,10750,249.4,249.4,250.0,2681480.0,2681480.0,2681480.0,,3,SUR,0.0,
TQBR,2016-08-01,ПИК ао,PIKK,190,7690793.0,250.3,248.7,254.5,250.0,250.8,250.0,30670,250.8,250.8,250.0,7690793.0,7690793.0,7690793.0,,3,SUR,0.0,
TQBR,2016-08-02,ПИК ао,PIKK,129,12860661.0,249.2,248.1,250.0,250.0,249.6,250.0,51530,249.6,249.6,250.0,12860661.0,12860661.0,12860661.0,,3,SUR,0.0,
TQBR,2016-08-03,ПИК ао,PIKK,82,3160305.0,249.8,249.2,252.0,250.0,250.0,250.0,12640,250.0,250.0,250.0,3160305.0,3160305.0,3160305.0,,3,SUR,0.0,
TQBR,2016-08-04,ПИК ао,PIKK,83,737831.0,251.9,249.1,252.7,250.0,250.1,250.0,2950,250.1,250.1,250.0,737831.0,737831.0,737831.0,,3,SUR,0.0,
TQBR,2016-08-05,ПИК ао,PIKK,58,480406.0,251.6,249.0,251.9,250.1,250.2,250.1,1920,,250.2,250.1,0.0,512906.0,0.0,,3,SUR,0.04,
TQBR,2016-08-08,ПИК ао,PIKK,151,1741906.0,252.0,250.2,254.5,253.1,252.1,253.1,6910,252.1,252.1,253.1,1741906.0,1741906.0,1741906.0,,3,SUR,1.2,
TQBR,2016-08-09,ПИК ао,PIKK,73,687882.0,255.4,250.0,255.4,250.1,252.0,250.0,2730,252.0,252.0,250.1,687882.0,687882.0,687882.0,,3,SUR,-1.22,
TQBR,2016-08-10,ПИК ао,PIKK,89,7156791.0,251.8,249.8,251.9,250.6,250.1,250.6,28610,250.1,250.1,250.6,7156791.0,7156791.0,7156791.0,,3,SUR,0.24,
TQBR,2016-08-11,ПИК ао,PIKK,45,1285140.0,251.9,249.7,251.9,250.6,250.5,250.6,5130,250.5,250.5,250.6,1285140.0,1285140.0,1285140.0,,3,SUR,0.0,
TQBR,2016-08-12,ПИК ао,PIKK,34,3713992.0,249.1,246.1,251.3,251.2,250.9,251.2,14800,250.9,250.9,251.2,3713992.0,3713992.0,3713992.0,,3,SUR,0.24,
TQBR,2016-08-15,ПИК ао,PIKK,254,16329112.0,249.5,249.5,261.2,258.8,254.7,258.3,64100,254.7,254.7,258.8,16329112.0,16329112.0,16329112.0,,3,SUR,2.83,
TQBR,2016-08-16,ПИК ао,PIKK,120,2407456.0,256.9,256.9,260.3,258.7,258.6,258.8,9310,258.6,258.6,258.7,2407456.0,2407456.0,2407456.0,,3,SUR,0.19,
TQBR,2016-08-17,ПИК ао,PIKK,149,2464141.0,259.3,255.7,262.4,259.4,259.4,259.4,9500,259.4,259.4,259.4,2464141.0,2464141.0,2464141.0,,3,SUR,0.23,
TQBR,2016-08-18,ПИК ао,PIKK,122,4328010.0,258.5,256.9,260.1,256.9,258.1,256.9,16770,258.1,258.1,256.9,4328010.0,4328010.0,4328010.0,,3,SUR,-0.96,
TQBR,2016-08-19,ПИК ао,PIKK,53,425709.0,257.5,256.3,263.7,256.9,258.0,256.9,1650,,258.0,256.9,0.0,544407.0,0.0,,3,SUR,0.0,
TQBR,2016-08-22,ПИК ао,PIKK,186,26970777.0,256.6,252.7,258.9,258.0,258.7,258.0,105300,256.1,256.1,258.0,26970777.0,26970777.0,26970777.0,,3,SUR,0.43,
TQBR,2016-08-23,ПИК ао,PIKK,305,35264476.0,259.7,257.1,265.0,265.0,263.1,265.0,134040,263.1,263.1,265.0,35264476.0,35264476.0,35264476.0,,3,SUR,2.71,
TQBR,2016-08-24,ПИК ао,PIKK,485,20903454.0,266.7,261.0,308.9,274.0,268.6,274.0,77760,268.8,268.8,274.0,20903454.0,20903454.0,20903454.0,,3,SUR,3.4,
TQBR,2016-08-25,ПИК ао,PIKK,116,89662359.0,278.2,268.1,278.3,272.0,271.5,272.0,330280,271.5,271.5,272.0,89662359.0,89662359.0,89662359.0,,3,SUR,-0.73,
TQBR,2016-08-26,ПИК ао,PIKK,147,18363620.0,274.7,270.0,274.9,272.0,272.1,272.0,67500,272.1,272.1,272.0,18363620.0,18363620.0,18363620.0,,3,SUR,0.0,
TQBR,2016-08-29,ПИК ао,PIKK,48,426620.0,272.5,270.2,274.7,272.6,271.7,273.6,1570,,271.8,272.6,0.0,519112.0,0.0,,3,SUR,0.59,
TQBR,2016-08-30,ПИК ао,PIKK,105,1497647.0,274.5,273.7,288.6,275.0,277.3,273.7,5400,277.3,277.3,275.0,1497647.0,1497647.0,1497647.0,,3,SUR,0.04,
TQBR,2016-08-31,ПИК ао,PIKK,45,372928.0,277.8,271.8,277.8,271.8,274.2,271.8,1360,,275.0,271.8,0.0,662641.0,0.0,,3,SUR,-0.69,
TQBR,2016-09-01,ПИК ао,PIKK,94,19499149.0,271.4,269.3,274.4,272.2,271.9,273.0,71710,271.9,271.9,272.2,19499149.0,19499149.0,19499149.0,,3,SUR,0.44,
TQBR,2016-09-02,ПИК ао,PIKK,105,1083581.0,274.4,272.0,279.0,278.8,274.3,279.0,3950,274.3,274.3,278.8,1083581.0,1083581.0,1083581.0,,3,SUR,2.2,
TQBR,2016-09-05,ПИК ао,PIKK,167,37112977.0,280.8,272.1,280.8,278.2,275.6,279.9,134640,275.6,275.6,278.2,37112977.0,37112977.0,37112977.0,,3,SUR,0.32,
TQBR,2016-09-06,ПИК ао,PIKK,115,17122113.0,280.8,278.0,283.7,279.0,278.2,279.0,61550,278.2,278.2,279.0,17122113.0,17122113.0,17122113.0,,3,SUR,-0.32,
TQBR,2016-09-07,ПИК ао,PIKK,117,1423255.0,282.7,278.5,284.9,278.6,280.7,278.6,5070,280.7,280.7,278.6,1423255.0,1423255.0,1423255.0,,3,SUR,-0.14,
TQBR,2016-09-08,ПИК ао,PIKK,127,28920672.0,279.1,278.2,283.6,280.0,279.5,283.6,103490,279.5,279.5,280.0,28920672.0,28920672.0,28920672.0,,3,SUR,1.79,
TQBR,2016-09-09,ПИК ао,PIKK,99,10738349.0,281.1,278.2,282.0,281.7,279.7,281.7,38390,279.7,279.7,281.7,10738349.0,10738349.0,10738349.0,,3,SUR,-0.67,
TQBR,2016-09-12,ПИК ао,PIKK,146,10946442.0,279.8,279.0,292.6,280.0,279.6,280.0,39150,279.6,279.6,280.0,10946442.0,10946442.0,10946442.0,,3,SUR,-0.6,
TQBR,2016-09-13,ПИК ао,PIKK,129,3417463.0,282.2,279.0,282.3,280.8,280.8,281.0,12170,280.8,280.8,280.8,3417463.0,3417463.0,3417463.0,,3,SUR,0.36,
TQBR,2016-09-14,ПИК ао,PIKK,109,1160361.0,281.3,279.0,283.3,279.8,281.0,279.1,4130,281.0,281.0,279.8,1160361.0,1160361.0,1160361.0,,3,SUR,-0.68,
TQBR,2016-09-15,ПИК ао,PIKK,169,3775393.0,282.6,279.7,284.9,282.0,282.0,282.0,13390,282.0,282.0,282.0,3775393.0,3775393.0,3775393.0,,3,SUR,1.04,
TQBR,2016-09-16,ПИК ао,PIKK,416,11730600.0,282.6,279.0,284.7,280.9,281.0,281.2,41750,281.0,281.0,280.9,11730600.0,11730600.0,11730600.0,,3,SUR,-0.28,
TQBR,2016-09-19,ПИК ао,PIKK,835,27479822.0,282.6,279.3,282.6,281.5,281.4,281.8,97660,281.4,281.4,281.5,27479822.0,27479822.0,27479822.0,,3,SUR,0.21,
TQBR,2016-09-20,ПИК ао,PIKK,434,7296903.0,282.7,275.0,292.4,282.1,283.5,282.4,25740,283.5,283.5,282.1,7296903.0,7296903.0,7296903.0,,3,SUR,0.21,
TQBR,2016-09-21,ПИК ао,PIKK,326,12762992.0,283.0,278.0,284.4,282.2,281.0,282.0,45420,281.0,281.0,282.2,12762992.0,12762992.0,12762992.0,,3,SUR,-0.14,
TQBR,2016-09-22,ПИК ао,PIKK,303,33607841.0,281.7,281.7,287.5,286.4,285.8,286.0,117600,285.8,285.8,286.4,33607841.0,33607841.0,33607841.0,,3,SUR,1.42,
TQBR,2016-09-23,ПИК ао,PIKK,118,2337638.0,287.9,285.1,288.9,286.4,285.8,286.1,8180,285.8,285.8,286.4,2337638.0,2337638.0,2337638.0,,3,SUR,0.03,
TQBR,2016-09-26,ПИК ао,PIKK,120,1303078.0,283.0,280.6,288.6,285.2,283.9,285.1,4590,283.9,283.9,285.2,1303078.0,1303078.0,1303078.0,,3,SUR,-0.35,
TQBR,2016-09-27,ПИК ао,PIKK,445,6153502.0,285.1,279.7,292.7,289.3,285.8,292.6,21530,285.8,285.8,289.3,6153502.0,6153502.0,6153502.0,,3,SUR,2.63,
TQBR,2016-09-28,ПИК ао,PIKK,306,60857719.0,292.5,288.7,296.8,290.3,290.1,290.3,209790,290.1,290.1,290.3,60857719.0,60857719.0,60857719.0,,3,SUR,-0.79,
TQBR,2016-09-29,ПИК ао,PIKK,170,7842963.0,294.0,290.0,294.0,291.3,290.1,291.3,27030,290.2,290.2,291.3,7842963.0,7842963.0,7842963.0,,3,SUR,0.34,
TQBR,2016-09-30,ПИК ао,PIKK,544,33840577.0,291.7,290.0,292.0,292.0,290.0,292.0,116670,290.1,290.1,292.0,33840577.0,33840577.0,33840577.0,,3,SUR,0.24,
TQBR,2016-10-03,ПИК ао,PIKK,178,23380083.0,292.6,290.0,292.8,291.9,290.1,292.7,80580,290.1,290.1,291.9,23380083.0,23380083.0,23380083.0,,3,SUR,0.24,
TQBR,2016-10-04,ПИК ао,PIKK,359,24274696.0,292.0,287.9,293.1,291.9,290.0,293.1,83700,290.0,290.0,291.9,24274696.0,24274696.0,24274696.0,,3,SUR,0.14,
TQBR,2016-10-05,ПИК ао,PIKK,162,43398088.0,290.5,290.0,291.8,290.1,290.0,291.4,149640,290.0,290.0,290.1,43398088.0,43398088.0,43398088.0,,3,SUR,-0.58,
TQBR,2016-10-06,ПИК ао,PIKK,200,15856080.0,290.8,290.0,291.4,291.2,290.0,291.4,54670,290.0,290.0,291.2,15856080.0,15856080.0,15856080.0,,3,SUR,0.0,
TQBR,2016-10-07,ПИК ао,PIKK,348,23932347.0,290.6,286.7,291.5,291.0,289.8,291.0,82570,289.8,289.8,291.0,23932347.0,23932347.0,23932347.0,,3,SUR,-0.14,
TQBR,2016-10-10,ПИК ао,PIKK,398,22276125.0,291.0,288.0,291.0,290.8,288.9,291.0,77100,288.9,288.9,290.8,22276125.0,22276125.0,22276125.0,,3,SUR,0.0,
TQBR,2016-10-11,ПИК ао,PIKK,337,31363768.0,290.2,284.2,290.2,289.9,288.2,289.9,108800,288.3,288.3,289.9,31363768.0,31363768.0,31363768.0,,3,SUR,-0.38,
TQBR,2016-10-12,ПИК ао,PIKK,80,503057.0,290.2,288.0,290.5,288.0,289.1,288.0,1740,289.1,289.1,288.0,503057.0,503057.0,503057.0,,3,SUR,-0.66,
TQBR,2016-10-13,ПИК ао,PIKK,126,1498313.0,288.4,287.4,290.0,288.1,288.7,288.1,5190,288.7,288.7,288.1,1498313.0,1498313.0,1498313.0,,3,SUR,0.03,
TQBR,2016-10-14,ПИК ао,PIKK,238,10100479.0,289.6,283.9,291.4,290.1,288.2,290.1,35050,288.2,288.2,290.1,10100479.0,10100479.0,10100479.0,,3,SUR,0.69,
TQBR,2016-10-17,ПИК ао,PIKK,287,10442078.0,288.3,285.1,289.2,288.0,288.0,288.0,36260,288.0,288.0,288.0,10442078.0,10442078.0,10442078.0,,3,SUR,-0.72,
TQBR,2016-10-18,ПИК ао,PIKK,99,762177.0,288.5,286.2,288.8,287.7,287.6,286.5,2650,287.6,287.6,287.7,762177.0,762177.0,762177.0,,3,SUR,-0.52,
TQBR,2016-10-19,ПИК ао,PIKK,136,1464717.0,286.6,286.2,289.0,288.3,287.8,288.3,5090,287.8,287.8,288.3,1464717.0,1464717.0,1464717.0,,3,SUR,0.63,
TQBR,2016-10-20,ПИК ао,PIKK,204,4982507.0,288.9,283.0,289.6,284.0,285.2,283.1,17470,285.2,285.2,284.0,4982507.0,4982507.0,4982507.0,,3,SUR,-1.8,
TQBR,2016-10-21,ПИК ао,PIKK,225,9893977.0,281.4,278.9,288.3,288.3,285.1,288.3,34700,285.1,285.1,288.3,9893977.0,9893977.0,9893977.0,,3,SUR,1.84,
TQBR,2016-10-24,ПИК ао,PIKK,125,4419302.0,291.2,285.0,292.4,286.0,285.5,286.0,15480,285.5,285.5,286.0,4419302.0,4419302.0,4419302.0,,3,SUR,-0.8,
TQBR,2016-10-25,ПИК ао,PIKK,308,10864584.0,287.1,285.0,287.3,285.8,285.8,285.8,38020,285.8,285.8,285.8,10864584.0,10864584.0,10864584.0,,3,SUR,-0.07,
TQBR,2016-10-26,ПИК ао,PIKK,82,2857025.0,285.7,284.7,285.9,285.0,285.1,285.0,10020,285.1,285.1,285.0,2857025.0,2857025.0,2857025.0,,3,SUR,-0.28,
TQBR,2016-10-27,ПИК ао,PIKK,113,2801156.0,284.5,280.8,285.1,284.1,284.4,283.1,9850,284.4,284.4,284.1,2801156.0,2801156.0,2801156.0,,3,SUR,-0.67,
TQBR,2016-10-28,ПИК ао,PIKK,94,861789.0,280.4,280.4,283.1,281.9,281.6,281.9,3060,281.6,281.6,281.9,861789.0,861789.0,861789.0,,3,SUR,-0.42,
TQBR,2016-10-31,ПИК ао,PIKK,266,5104668.0,285.0,285.0,292.0,285.1,286.1,285.0,17840,286.1,286.1,285.1,5104668.0,5104668.0,5104668.0,,3,SUR,1.1,
TQBR,2016-11-01,ПИК ао,PIKK,197,2670913.0,285.9,285.9,290.0,288.6,288.4,288.2,9260,288.4,288.4,288.6,2670913.0,2670913.0,2670913.0,,3,SUR,1.12,
TQBR,2016-11-02,ПИК ао,PIKK,190,13050028.0,294.8,280.2,294.8,281.7,289.0,281.7,45170,288.9,288.9,281.7,13050028.0,13050028.0,13050028.0,,3,SUR,-2.26,
TQBR,2016-11-03,ПИК ао,PIKK,240,13774555.0,280.5,272.6,282.9,280.0,279.5,280.0,49290,279.5,279.5,280.0,13774555.0,13774555.0,13774555.0,,3,SUR,-0.6,
TQBR,2016-11-07,ПИК ао,PIKK,128,3068146.0,278.1,275.8,281.9,280.0,279.7,280.0,10970,279.7,279.7,280.0,3068146.0,3068146.0,3068146.0,,3,SUR,0.0,
TQBR,2016-11-08,ПИК ао,PIKK,180,7042787.0,280.4,278.2,284.0,280.0,280.6,278.2,25080,280.8,280.8,280.0,7042787.0,7042787.0,7042787.0,,3,SUR,-0.64,
TQBR,2016-11-09,ПИК ао,PIKK,236,9934419.0,278.0,277.9,281.0,280.9,279.9,280.8,35500,279.8,279.8,280.9,9934419.0,9934419.0,9934419.0,,3,SUR,0.93,
TQBR,2016-11-10,ПИК ао,PIKK,191,7711953.0,280.9,275.9,281.2,280.5,279.5,280.6,27590,279.5,279.5,280.5,7711953.0,7711953.0,7711953.0,,3,SUR,-0.07,
TQBR,2016-11-11,ПИК ао,PIKK,91,3414116.0,280.2,279.2,280.2,279.6,279.8,279.8,12200,279.8,279.8,279.6,3414116.0,3414116.0,3414116.0,,3,SUR,-0.29,
TQBR,2016-11-14,ПИК ао,PIKK,110,1002690003.0,279.9,276.8,279.9,277.6,278.7,277.6,3597810,278.7,278.7,277.6,1002690003.0,1002690003.0,1002690003.0,,3,SUR,-0.79,
TQBR,2016-11-15,ПИК ао,PIKK,30,390968.0,277.2,277.0,277.8,277.6,277.3,277.6,1410,,277.3,277.6,0.0,715411.0,0.0,,3,SUR,0.0,
TQBR,2016-11-16,ПИК ао,PIKK,135,20530754.0,277.3,275.8,278.1,277.1,277.5,277.0,74020,277.4,277.4,277.1,20530754.0,20530754.0,20530754.0,,3,SUR,-0.22,
TQBR,2016-11-17,ПИК ао,PIKK,97,4584229.0,275.3,275.2,279.2,279.1,277.7,279.1,16510,277.7,277.7,279.1,4584229.0,4584229.0,4584229.0,,3,SUR,0.76,
TQBR,2016-11-18,ПИК ао,PIKK,33,417275.0,276.5,276.5,279.5,278.4,278.2,278.5,1500,,278.5,278.4,0.0,746501.0,0.0,,3,SUR,-0.21,
TQBR,2016-11-21,ПИК ао,PIKK,82,3562594.0,276.8,276.3,278.5,276.4,277.5,276.4,12840,277.5,277.5,276.4,3562594.0,3562594.0,3562594.0,,3,SUR,-0.75,
TQBR,2016-11-22,ПИК ао,PIKK,142,4701121.0,274.2,274.2,279.2,275.7,275.6,275.8,17060,275.6,275.6,275.7,4701121.0,4701121.0,4701121.0,,3,SUR,-0.22,
TQBR,2016-11-23,ПИК ао,PIKK,91,32426068.0,275.3,275.2,276.8,276.7,276.0,276.5,117480,276.0,276.0,276.7,32426068.0,32426068.0,32426068.0,,3,SUR,0.25,
TQBR,2016-11-24,ПИК ао,PIKK,45,71362612.0,275.5,275.5,276.9,276.7,276.6,276.7,258020,276.6,276.6,276.7,71362612.0,71362612.0,71362612.0,,3,SUR,0.07,
TQBR,2016-11-25,ПИК ао,PIKK,77,53269778.0,276.6,276.6,278.6,278.5,278.0,278.6,191630,278.0,278.0,278.5,53269778.0,53269778.0,53269778.0,,3,SUR,0.69,
TQBR,2016-11-28,ПИК ао,PIKK,121,8493967.0,278.1,277.7,279.4,278.5,278.6,278.5,30490,278.6,278.6,278.5,8493967.0,8493967.0,8493967.0,,3,SUR,-0.04,
TQBR,2016-11-29,ПИК ао,PIKK,85,9529270.0,278.6,278.5,279.6,278.8,278.7,278.7,34190,278.7,278.7,278.8,9529270.0,9529270.0,9529270.0,,3,SUR,0.07,
TQBR,2016-11-30,ПИК ао,PIKK,115,7919572.0,279.7,278.9,281.0,279.0,279.6,279.0,28320,279.6,279.6,279.0,7919572.0,7919572.0,7919572.0,,3,SUR,0.11,
TQBR,2016-12-01,ПИК ао,PIKK,95,6613947.0,277.9,277.6,279.9,278.1,279.0,278.1,23710,279.0,279.0,278.1,6613947.0,6613947.0,6613947.0,,3,SUR,-0.32,
TQBR,2016-12-02,ПИК ао,PIKK,114,6151867.0,278.8,278.5,282.0,279.9,280.4,280.9,21940,280.4,280.4,279.9,6151867.0,6151867.0,6151867.0,,3,SUR,1.01,
TQBR,2016-12-05,ПИК ао,PIKK,115,16141787.0,282.9,279.9,282.9,280.4,281.3,281.7,57390,281.3,281.3,280.4,16141787.0,16141787.0,16141787.0,,3,SUR,0.28,
TQBR,2016-12-06,ПИК ао,PIKK,173,16003651.0,280.7,278.4,281.4,278.4,280.6,278.4,57030,280.6,280.6,278.4,16003651.0,16003651.0,16003651.0,,3,SUR,-1.17,
TQBR,2016-12-07,ПИК ао,PIKK,244,9316396.0,279.1,279.0,282.9,282.0,280.5,282.0,33210,280.5,280.5,282.0,9316396.0,9316396.0,9316396.0,,3,SUR,1.29,
TQBR,2016-12-08,ПИК ао,PIKK,226,8026059.0,284.8,280.9,284.9,281.4,281.9,282.7,28470,281.9,281.9,281.4,8026059.0,8026059.0,8026059.0,,3,SUR,0.25,
TQBR,2016-12-09,ПИК ао,PIKK,162,7721350.0,281.7,278.0,282.8,278.9,281.2,278.9,27460,281.2,281.2,278.9,7721350.0,7721350.0,7721350.0,,3,SUR,-1.34,
TQBR,2016-12-12,ПИК ао,PIKK,377,10769327.0,279.0,274.6,282.5,276.7,279.3,275.5,38560,279.3,279.3,276.7,10769327.0,10769327.0,10769327.0,,3,SUR,-1.22,
TQBR,2016-12-13,ПИК ао,PIKK,276,8516468.0,278.8,275.2,280.3,275.7,279.1,275.7,30510,279.1,279.1,275.7,8516468.0,8516468.0,8516468.0,,3,SUR,0.07,
TQBR,2016-12-14,ПИК ао,PIKK,420,9839976.0,275.5,273.5,279.5,277.3,276.4,277.7,35600,276.4,276.4,277.3,9839976.0,9839976.0,9839976.0,,3,SUR,0.73,
TQBR,2016-12-15,ПИК ао,PIKK,545,21248968.0,277.3,272.0,277.7,273.3,274.9,273.3,77310,274.9,274.9,273.3,21248968.0,21248968.0,21248968.0,,3,SUR,-1.58,
TQBR,2016-12-16,ПИК ао,PIKK,198,22253204.0,274.3,267.0,276.0,267.0,273.7,267.0,81300,273.7,273.7,267.0,22253204.0,22253204.0,22253204.0,,3,SUR,-2.31,
TQBR,2016-12-19,ПИК ао,PIKK,422,13709514.0,269.4,269.4,276.5,274.6,274.0,275.0,50030,274.0,274.0,274.6,13709514.0,13709514.0,13709514.0,,3,SUR,3.0,
TQBR,2016-12-20,ПИК ао,PIKK,318,12235361.0,276.1,273.5,282.0,280.0,277.5,280.0,44090,277.5,277.5,280.0,12235361.0,12235361.0,12235361.0,,3,SUR,1.82,
TQBR,2016-12-21,ПИК ао,PIKK,224,10444603.0,280.3,280.1,284.5,280.1,281.4,280.1,37110,281.4,281.4,280.1,10444603.0,10444603.0,10444603.0,,3,SUR,0.04,
TQBR,2016-12-22,ПИК ао,PIKK,374,23186366.0,284.2,278.7,284.5,279.7,281.0,282.0,82520,281.0,281.0,279.7,23186366.0,23186366.0,23186366.0,,3,SUR,0.68,
TQBR,2016-12-23,ПИК ао,PIKK,360,25830191.0,282.0,279.5,286.6,284.9,281.9,285.4,91640,281.9,281.9,284.9,25830191.0,25830191.0,25830191.0,,3,SUR,1.21,
TQBR,2016-12-26,ПИК ао,PIKK,82,4541014.0,287.1,283.4,287.5,287.5,286.5,287.5,15850,286.5,286.5,287.5,4541014.0,4541014.0,4541014.0,,3,SUR,0.74,
TQBR,2016-12-27,ПИК ао,PIKK,113,5349334.0,286.1,284.0,287.4,284.9,285.1,284.9,18760,285.1,285.1,284.9,5349334.0,5349334.0,5349334.0,,3,SUR,-0.9,
TQBR,2016-12-28,ПИК ао,PIKK,132,6494722.0,282.2,279.1,286.5,283.0,282.0,283.0,23030,282.0,282.0,283.0,6494722.0,6494722.0,6494722.0,,3,SUR,-0.67,
TQBR,2016-12-29,ПИК ао,PIKK,235,17242505.0,281.9,281.9,291.1,288.8,287.7,289.0,59930,287.7,287.7,288.8,17242505.0,17242505.0,17242505.0,,3,SUR,2.12,
TQBR,2016-12-30,ПИК ао,PIKK,437,79239262.0,288.6,288.0,300.1,290.0,296.4,290.0,267300,296.4,296.4,290.0,79239262.0,79239262.0,79239262.0,,3,SUR,0.35,
TQBR,2017-01-03,ПИК ао,PIKK,477,7717034.0,292.6,290.1,293.0,291.5,291.1,291.5,26510,291.1,291.1,291.5,7717034.0,7717034.0,7717034.0,,3,SUR,0.52,
TQBR,2017-01-04,ПИК ао,PIKK,544,8549400.0,291.9,288.0,292.5,289.7,290.3,289.7,29450,290.3,290.3,289.7,8549400.0,8549400.0,8549400.0,,3,SUR,-0.62,
TQBR,2017-01-05,ПИК ао,PIKK,576,11585076.0,290.0,284.2,291.0,286.8,287.6,286.8,40280,287.6,287.6,286.8,11585076.0,11585076.0,11585076.0,,3,SUR,-1.0,
TQBR,2017-01-06,ПИК ао,PIKK,343,4867157.0,287.2,285.7,288.1,288.0,287.1,288.0,16950,287.1,287.1,288.0,4867157.0,4867157.0,4867157.0,,3,SUR,0.42,
TQBR,2017-01-09,ПИК ао,PIKK,111,3325038.0,288.0,288.0,289.1,289.0,288.4,289.1,11530,288.4,288.4,289.0,3325038.0,3325038.0,3325038.0,,3,SUR,0.38,
TQBR,2017-01-10,ПИК ао,PIKK,205,4365134.0,288.6,287.3,290.3,289.4,289.3,289.4,15090,289.3,289.3,289.4,4365134.0,4365134.0,4365134.0,,3,SUR,0.1,
TQBR,2017-01-11,ПИК ао,PIKK,211,5046935.0,288.7,285.7,289.1,285.7,287.4,285.7,17560,287.4,287.4,285.7,5046935.0,5046935.0,5046935.0,,3,SUR,-1.28,
TQBR,2017-01-12,ПИК ао,PIKK,207,4639201.0,286.7,285.0,288.2,285.0,286.9,285.0,16170,286.9,286.9,285.0,4639201.0,4639201.0,4639201.0,,3,SUR,-0.25,
TQBR,2017-01-13,ПИК ао,PIKK,141,4408140.0,284.0,284.0,287.8,287.2,285.9,287.5,15420,285.9,285.9,287.2,4408140.0,4408140.0,4408140.0,,3,SUR,0.88,
TQBR,2017-01-16,ПИК ао,PIKK,118,3818640.0,286.3,286.1,288.9,288.4,287.8,288.4,13270,287.8,287.8,288.4,3818640.0,3818640.0,3818640.0,,3,SUR,0.31,
TQBR,2017-01-17,ПИК ао,PIKK,209,4613957.0,287.8,285.1,288.1,288.0,286.4,288.0,16110,286.4,286.4,288.0,4613957.0,4613957.0,4613957.0,,3,SUR,-0.14,
TQBR,2017-01-18,ПИК ао,PIKK,130,1884497.0,286.6,285.5,288.3,288.3,287.3,288.3,6560,287.3,287.3,288.3,1884497.0,1884497.0,1884497.0,,3,SUR,0.1,
TQBR,2017-01-19,ПИК ао,PIKK,533,14096109.0,288.3,275.0,290.6,275.0,283.5,275.0,49720,283.5,283.5,275.0,14096109.0,14096109.0,14096109.0,,3,SUR,-4.61,
TQBR,2017-01-20,ПИК ао,PIKK,356,11262407.0,274.8,270.0,275.0,273.0,273.5,273.0,41180,273.5,273.5,273.0,11262407.0,11262407.0,11262407.0,,3,SUR,-0.73,
TQBR,2017-01-23,ПИК ао,PIKK,248,5202633.0,273.8,271.0,282.4,281.5,277.0,281.5,18780,277.0,277.0,281.5,5202633.0,5202633.0,5202633.0,,3,SUR,3.11,
TQBR,2017-01-24,ПИК ао,PIKK,272,11902607.0,282.9,280.5,287.0,284.2,285.2,284.2,41730,285.2,285.2,284.2,11902607.0,11902607.0,11902607.0,,3,SUR,0.96,
TQBR,2017-01-25,ПИК ао,PIKK,193,6327770.0,283.3,282.5,285.0,284.8,284.4,284.8,22250,284.4,284.4,284.8,6327770.0,6327770.0,6327770.0,,3,SUR,0.21,
TQBR,2017-01-26,ПИК ао,PIKK,129,4717208.0,288.7,284.1,288.7,285.3,285.9,286.4,16500,285.9,285.9,285.3,4717208.0,4717208.0,4717208.0,,3,SUR,0.56,
TQBR,2017-01-27,ПИК ао,PIKK,250,6387720.0,285.4,284.7,286.8,286.3,287.4,286.6,22330,286.1,286.1,286.3,6387720.0,6387720.0,6387720.0,,3,SUR,0.07,
TQBR,2017-01-30,ПИК ао,PIKK,268,5894877.0,285.0,282.1,286.8,286.6,285.3,286.6,20660,285.3,285.3,286.6,5894877.0,5894877.0,5894877.0,,3,SUR,0.0,
TQBR,2017-01-31,ПИК ао,PIKK,118,4694434.0,285.7,282.9,286.6,285.9,285.4,285.9,16450,285.4,285.4,285.9,4694434.0,4694434.0,4694434.0,,3,SUR,-0.24,
TQBR,2017-02-01,ПИК ао,PIKK,86,4505384.0,284.7,283.6,285.9,285.5,284.8,285.8,15820,284.8,284.8,285.5,4505384.0,4505384.0,4505384.0,,3,SUR,-0.03,
TQBR,2017-02-02,ПИК ао,PIKK,94,55653869.0,284.2,283.5,285.9,283.5,285.0,283.5,195280,285.0,285.0,283.5,55653869.0,55653869.0,55653869.0,,3,SUR,-0.8,
TQBR,2017-02-03,ПИК ао,PIKK,215,8319464.0,284.4,281.0,285.8,282.0,283.7,282.0,29320,283.7,283.7,282.0,8319464.0,8319464.0,8319464.0,,3,SUR,-0.53,
TQBR,2017-02-06,ПИК ао,PIKK,131,4822406.0,282.4,279.5,284.7,283.8,281.7,283.8,17120,281.7,281.7,283.8,4822406.0,4822406.0,4822406.0,,3,SUR,0.64,
TQBR,2017-02-07,ПИК ао,PIKK,84,3243730.0,283.9,279.3,285.5,285.1,284.3,285.2,11410,284.3,284.3,285.1,3243730.0,3243730.0,3243730.0,,3,SUR,0.49,
TQBR,2017-02-08,ПИК ао,PIKK,139,4546200.0,284.1,282.8,286.0,285.7,284.8,286.0,15960,284.8,284.8,285.7,4546200.0,4546200.0,4546200.0,,3,SUR,0.28,
TQBR,2017-02-09,ПИК ао,PIKK,168,6198859.0,284.7,283.9,290.6,290.5,286.5,290.5,21640,286.5,286.5,290.5,6198859.0,6198859.0,6198859.0,,3,SUR,1.57,
TQBR,2017-02-10,ПИК ао,PIKK,260,7394869.0,291.0,289.0,294.5,294.2,290.8,294.2,25430,290.8,290.8,294.2,7394869.0,7394869.0,7394869.0,,3,SUR,1.27,
TQBR,2017-02-13,ПИК ао,PIKK,218,5106831.0,294.5,293.1,298.4,295.0,296.9,295.0,17200,296.9,296.9,295.0,5106831.0,5106831.0,5106831.0,,3,SUR,0.27,
TQBR,2017-02-14,ПИК ао,PIKK,307,19286044.0,296.2,290.5,296.2,290.5,291.2,290.5,66240,291.2,291.2,290.5,19286044.0,19286044.0,19286044.0,,3,SUR,-1.53,
TQBR,2017-02-15,ПИК ао,PIKK,189,6294732.0,290.5,290.0,292.9,291.7,292.1,291.3,21550,292.1,292.1,291.7,6294732.0,6294732.0,6294732.0,,3,SUR,0.28,
TQBR,2017-02-16,ПИК ао,PIKK,127,5622265.0,291.1,291.0,293.5,292.5,293.0,292.5,19190,293.0,293.0,292.5,5622265.0,5622265.0,5622265.0,,3,SUR,0.41,
TQBR,2017-02-17,ПИК ао,PIKK,264,19420985.0,293.4,284.9,293.7,290.2,289.0,290.0,67190,289.0,289.0,290.2,19420985.0,19420985.0,19420985.0,,3,SUR,-0.85,
TQBR,2017-02-20,ПИК ао,PIKK,187,6525613.0,291.1,290.0,293.0,291.0,290.7,291.0,22450,290.7,290.7,291.0,6525613.0,6525613.0,6525613.0,,3,SUR,0.34,
TQBR,2017-02-21,ПИК ао,PIKK,212,5326186.0,290.4,290.0,292.7,290.1,290.9,290.0,18310,290.9,290.9,290.1,5326186.0,5326186.0,5326186.0,,3,SUR,-0.34,
TQBR,2017-02-22,ПИК ао,PIKK,158,5039010.0,293.5,290.0,293.5,290.6,290.9,290.2,17320,290.9,290.9,290.6,5039010.0,5039010.0,5039010.0,,3,SUR,0.07,
TQBR,2017-02-24,ПИК ао,PIKK,202,6141413.0,291.6,290.2,291.9,291.5,291.3,291.6,21080,291.3,291.3,291.5,6141413.0,6141413.0,6141413.0,,3,SUR,0.48,
TQBR,2017-02-27,ПИК ао,PIKK,122,6451184.0,290.7,289.9,291.6,291.3,290.1,291.6,22240,290.1,290.1,291.3,6451184.0,6451184.0,6451184.0,,3,SUR,0.0,
TQBR,2017-02-28,ПИК ао,PIKK,143,4952876.0,293.3,289.9,293.3,291.3,290.2,290.0,17070,290.2,290.2,291.3,4952876.0,4952876.0,4952876.0,,3,SUR,-0.55,
TQBR,2017-03-01,ПИК ао,PIKK,141,6486008.0,291.7,290.0,293.0,291.3,292.6,291.2,22240,291.6,291.6,291.3,6486008.0,6486008.0,6486008.0,,3,SUR,0.41,
TQBR,2017-03-02,ПИК ао,PIKK,266,3919929.0,291.0,289.9,292.1,290.0,290.4,290.0,13500,290.4,290.4,290.0,3919929.0,3919929.0,3919929.0,,3,SUR,-0.41,
TQBR,2017-03-03,ПИК ао,PIKK,198,11843459.0,290.3,290.0,291.9,290.0,290.1,290.0,40830,290.1,290.1,290.0,11843459.0,11843459.0,11843459.0,,3,SUR,0.0,
TQBR,2017-03-06,ПИК ао,PIKK,152,6880628.0,291.6,290.0,292.5,290.1,290.3,290.8,23700,290.3,290.3,290.1,6880628.0,6880628.0,6880628.0,,3,SUR,0.28,
TQBR,2017-03-07,ПИК ао,PIKK,111,5747567.0,290.0,290.0,291.5,291.2,290.3,291.3,19800,290.3,290.3,291.2,5747567.0,5747567.0,5747567.0,,3,SUR,0.17,
TQBR,2017-03-09,ПИК ао,PIKK,237,7247552.0,291.0,287.6,291.0,290.0,289.4,290.0,25040,289.4,289.4,290.0,7247552.0,7247552.0,7247552.0,,3,SUR,-0.45,
TQBR,2017-03-10,ПИК ао,PIKK,185,6385268.0,288.3,287.3,290.7,290.0,289.6,290.0,22050,289.6,289.6,290.0,6385268.0,6385268.0,6385268.0,,3,SUR,0.0,
TQBR,2017-03-13,ПИК ао,PIKK,333,19102597.0,292.1,292.1,303.1,298.0,297.5,298.0,63760,299.6,299.6,298.0,19102597.0,19102597.0,19102597.0,,3,SUR,2.76,
TQBR,2017-03-14,ПИК ао,PIKK,234,14400660.0,299.5,296.5,301.5,299.2,298.2,299.4,48300,298.2,298.2,299.2,14400660.0,14400660.0,14400660.0,,3,SUR,0.47,
TQBR,2017-03-15,ПИК ао,PIKK,206,10671965.0,298.9,297.6,301.9,299.4,299.4,299.4,35650,299.4,299.4,299.4,10671965.0,10671965.0,10671965.0,,3,SUR,0.0,
TQBR,2017-03-16,ПИК ао,PIKK,158,5506198.0,299.4,293.2,299.9,293.2,296.2,293.2,18590,296.2,296.2,293.2,5506198.0,5506198.0,5506198.0,,3,SUR,-2.07,
TQBR,2017-03-17,ПИК ао,PIKK,150,7965440.0,293.0,289.5,293.9,291.3,291.2,290.6,27350,291.2,291.2,291.3,7965440.0,7965440.0,7965440.0,,3,SUR,-0.89,
TQBR,2017-03-20,ПИК ао,PIKK,121,8418798.0,289.9,288.0,291.4,288.6,290.1,288.0,29020,290.1,290.1,288.6,8418798.0,8418798.0,8418798.0,,3,SUR,-0.89,
TQBR,2017-03-21,ПИК ао,PIKK,303,9483470.0,287.7,285.6,288.9,287.2,287.6,286.0,32970,287.6,287.6,287.2,9483470.0,9483470.0,9483470.0,,3,SUR,-0.69,
TQBR,2017-03-22,ПИК ао,PIKK,189,5904478.0,285.0,285.0,289.4,286.8,287.2,286.8,20560,287.2,287.2,286.8,5904478.0,5904478.0,5904478.0,,3,SUR,0.28,
TQBR,2017-03-23,ПИК ао,PIKK,292,15695069.0,286.1,282.0,286.2,283.3,284.5,283.3,55160,284.5,284.5,283.3,15695069.0,15695069.0,15695069.0,,3,SUR,-1.22,
TQBR,2017-03-24,ПИК ао,PIKK,233,23243996.0,282.9,279.5,283.3,282.7,282.4,282.7,82310,282.4,282.4,282.7,23243996.0,23243996.0,23243996.0,,3,SUR,-0.21,
TQBR,2017-03-27,ПИК ао,PIKK,388,45828608.0,280.1,275.6,282.2,281.8,279.3,282.2,164070,279.3,279.3,281.8,45828608.0,45828608.0,45828608.0,,3,SUR,-0.18,
TQBR,2017-03-28,ПИК ао,PIKK,1040,39153860.0,280.2,277.3,283.5,278.6,279.9,278.6,139890,279.9,279.9,278.6,39153860.0,39153860.0,39153860.0,,3,SUR,-1.28,
TQBR,2017-03-29,ПИК ао,PIKK,464,38180870.0,279.2,276.1,280.5,278.7,279.4,278.7,136790,279.1,279.1,278.7,38180870.0,38180870.0,38180870.0,,3,SUR,0.04,
TQBR,2017-03-30,ПИК ао,PIKK,1044,64272654.0,278.2,270.0,303.9,288.8,279.5,288.8,230300,279.1,279.1,288.8,64272654.0,64272654.0,64272654.0,,3,SUR,3.62,
TQBR,2017-03-31,ПИК ао,PIKK,2557,217550143.0,290.9,276.0,300.0,296.6,290.8,296.6,748070,290.8,290.8,296.6,217550143.0,217550143.0,217550143.0,,3,SUR,2.7,
TQBR,2017-04-03,ПИК ао,PIKK,717,31165917.0,289.9,280.6,291.7,287.7,287.5,287.7,108400,287.5,287.5,287.7,31165917.0,31165917.0,31165917.0,,3,SUR,-3.0,
TQBR,2017-04-04,ПИК ао,PIKK,308,59148659.0,286.1,284.0,291.6,284.6,289.2,284.6,204530,289.2,289.2,284.6,59148659.0,59148659.0,59148659.0,,3,SUR,-1.08,
TQBR,2017-04-05,ПИК ао,PIKK,210,21524064.0,286.7,281.2,287.5,281.7,283.9,283.0,76010,283.2,283.2,281.7,21524064.0,21524064.0,21524064.0,,3,SUR,-0.56,
TQBR,2017-04-06,ПИК ао,PIKK,115,21694640.0,283.3,282.5,284.0,283.0,283.0,283.0,76660,283.0,283.0,283.0,21694640.0,21694640.0,21694640.0,,3,SUR,0.0,
TQBR,2017-04-07,ПИК ао,PIKK,263,24571578.0,283.8,276.0,284.0,277.8,281.8,277.8,87210,281.8,281.8,277.8,24571578.0,24571578.0,24571578.0,,3,SUR,-1.84,
TQBR,2017-04-10,ПИК ао,PIKK,229,18924130.0,278.2,272.5,279.0,279.0,275.2,279.0,68760,275.2,275.2,279.0,18924130.0,18924130.0,18924130.0,,3,SUR,0.43,
TQBR,2017-04-11,ПИК ао,PIKK,356,21139829.0,277.9,276.8,286.4,284.0,281.5,284.0,75110,281.5,281.5,284.0,21139829.0,21139829.0,21139829.0,,3,SUR,1.79,
TQBR,2017-04-12,ПИК ао,PIKK,400,29323415.0,281.2,277.0,285.5,284.0,280.4,284.0,104580,280.4,280.4,284.0,29323415.0,29323415.0,29323415.0,,3,SUR,0.0,
TQBR,2017-04-13,ПИК ао,PIKK,545,134639984.0,282.5,277.0,285.0,279.4,279.6,279.4,481500,279.6,279.6,279.4,134639984.0,134639984.0,134639984.0,,3,SUR,-1.62,
TQBR,2017-04-14,ПИК ао,PIKK,516,87195113.0,279.0,274.8,286.4,279.0,278.1,279.0,313570,278.1,278.1,279.0,87195113.0,87195113.0,87195113.0,,3,SUR,-0.14,
TQBR,2017-04-17,ПИК ао,PIKK,167,22848971.0,278.8,278.5,279.6,279.5,279.0,279.6,81890,279.0,279.0,279.5,22848971.0,22848971.0,22848971.0,,3,SUR,0.22,
TQBR,2017-04-18,ПИК ао,PIKK,248,21754981.0,279.1,278.3,280.8,279.0,279.6,279.0,77800,279.6,279.6,279.0,21754981.0,21754981.0,21754981.0,,3,SUR,-0.21,
TQBR,2017-04-19,ПИК ао,PIKK,262,23407704.0,278.5,278.0,282.7,282.7,280.2,282.7,83550,280.2,280.2,282.7,23407704.0,23407704.0,23407704.0,,3,SUR,1.33,
TQBR,2017-04-20,ПИК ао,PIKK,315,26488476.0,282.2,281.6,285.9,283.6,283.8,285.2,93340,283.8,283.8,283.6,26488476.0,26488476.0,26488476.0,,3,SUR,0.88,
TQBR,2017-04-21,ПИК ао,PIKK,465,27080938.0,285.3,278.0,292.6,285.8,286.4,286.4,94560,286.4,286.4,285.8,27080938.0,27080938.0,27080938.0,,3,SUR,0.42,
TQBR,2017-04-24,ПИК ао,PIKK,374,28233581.0,285.7,284.1,290.0,287.4,287.4,287.4,98250,287.4,287.4,287.4,28233581.0,28233581.0,28233581.0,,3,SUR,0.35,
TQBR,2017-04-25,ПИК ао,PIKK,602,40950542.0,291.9,282.5,291.9,287.0,286.5,287.0,142910,286.5,286.5,287.0,40950542.0,40950542.0,40950542.0,,3,SUR,-0.14,
TQBR,2017-04-26,ПИК ао,PIKK,246,30321429.0,288.9,284.7,288.9,285.4,285.6,285.4,106170,285.6,285.6,285.4,30321429.0,30321429.0,30321429.0,,3,SUR,-0.56,
TQBR,2017-04-27,ПИК ао,PIKK,240,29470801.0,284.1,283.6,287.7,287.7,285.6,287.7,103190,285.6,285.6,287.7,29470801.0,29470801.0,29470801.0,,3,SUR,0.81,
TQBR,2017-04-28,ПИК ао,PIKK,234,27328287.0,287.4,286.2,288.8,288.2,287.9,288.2,94930,287.9,287.9,288.2,27328287.0,27328287.0,27328287.0,,3,SUR,0.17,
TQBR,2017-05-02,ПИК ао,PIKK,145,27147781.0,289.0,287.0,289.0,288.0,287.9,287.5,94290,287.9,287.9,288.0,27147781.0,27147781.0,27147781.0,,3,SUR,-0.24,
TQBR,2017-05-03,ПИК ао,PIKK,208,22789179.0,288.4,284.4,288.8,284.4,286.6,284.4,79520,286.6,286.6,284.4,22789179.0,22789179.0,22789179.0,,3,SUR,-1.08,
TQBR,2017-05-04,ПИК ао,PIKK,232,29650154.0,284.5,284.3,291.1,288.2,288.2,288.2,102880,288.2,288.2,288.2,29650154.0,29650154.0,29650154.0,,3,SUR,1.34,
TQBR,2017-05-05,ПИК ао,PIKK,290,33125191.0,289.1,289.0,298.1,297.9,292.1,297.9,113390,292.1,292.1,297.9,33125191.0,33125191.0,33125191.0,,3,SUR,3.37,
TQBR,2017-05-10,ПИК ао,PIKK,775,25895135.0,297.0,287.9,299.6,287.9,295.3,287.9,87700,295.3,295.3,287.9,25895135.0,25895135.0,25895135.0,,3,SUR,-3.36,
TQBR,2017-05-11,ПИК ао,PIKK,672,32724009.0,288.3,280.2,288.8,286.0,284.6,286.0,115000,284.6,284.6,286.0,32724009.0,32724009.0,32724009.0,,3,SUR,-0.66,
TQBR,2017-05-12,ПИК ао,PIKK,463,42059014.0,286.5,286.0,296.6,295.5,289.4,295.5,145320,289.4,289.4,295.5,42059014.0,42059014.0,42059014.0,,3,SUR,3.32,
TQBR,2017-05-15,ПИК ао,PIKK,501,25110366.0,291.6,290.2,296.9,295.5,293.1,295.5,85660,293.1,293.1,295.5,25110366.0,25110366.0,25110366.0,,3,SUR,0.0,
TQBR,2017-05-16,ПИК ао,PIKK,231,21584827.0,294.4,292.0,295.9,294.0,294.0,295.5,73420,294.0,294.0,294.0,21584827.0,21584827.0,21584827.0,,3,SUR,0.0,
TQBR,2017-05-17,ПИК ао,PIKK,293,27585378.0,293.6,288.2,294.0,290.9,291.3,290.9,94690,291.3,291.3,290.9,27585378.0,27585378.0,27585378.0,,3,SUR,-1.56,
TQBR,2017-05-18,ПИК ао,PIKK,1271,88369692.0,287.1,274.0,291.5,282.5,281.9,282.5,313500,281.9,281.9,282.5,88369692.0,88369692.0,88369692.0,,3,SUR,-2.89,
TQBR,2017-05-19,ПИК ао,PIKK,481,47080028.0,281.4,281.4,287.0,287.0,285.0,287.0,165190,285.0,285.0,287.0,47080028.0,47080028.0,47080028.0,,3,SUR,1.59,
TQBR,2017-05-22,ПИК ао,PIKK,478,44339956.0,286.4,278.6,287.1,282.4,283.4,282.4,156450,283.4,283.4,282.4,44339956.0,44339956.0,44339956.0,,3,SUR,-1.6,
TQBR,2017-05-23,ПИК ао,PIKK,542,54533935.0,282.7,281.0,285.5,284.5,283.0,284.5,192670,283.0,283.0,284.5,54533935.0,54533935.0,54533935.0,,3,SUR,0.74,
TQBR,2017-05-24,ПИК ао,PIKK,494,43962877.0,283.3,281.1,292.9,292.0,284.3,292.0,154640,284.3,284.3,292.0,43962877.0,43962877.0,43962877.0,,3,SUR,2.64,
TQBR,2017-05-25,ПИК ао,PIKK,511,36096748.0,292.3,287.8,296.6,293.0,290.8,293.0,124120,290.8,290.8,293.0,36096748.0,36096748.0,36096748.0,,3,SUR,0.34,
TQBR,2017-05-26,ПИК ао,PIKK,955,83080128.0,292.6,288.9,308.2,308.2,294.2,308.2,282380,294.2,294.2,308.2,83080128.0,83080128.0,83080128.0,,3,SUR,5.19,
TQBR,2017-05-29,ПИК ао,PIKK,271,26604777.0,307.9,306.0,309.0,306.7,307.1,306.5,86640,307.1,307.1,306.7,26604777.0,26604777.0,26604777.0,,3,SUR,-0.55,
TQBR,2017-05-30,ПИК ао,PIKK,488,41791881.0,307.1,299.0,307.1,304.0,304.2,303.9,137400,304.2,304.2,304.0,41791881.0,41791881.0,41791881.0,,3,SUR,-0.85,
TQBR,2017-05-31,ПИК ао,PIKK,530,51800137.0,303.9,296.1,306.0,302.0,299.7,302.0,172840,299.7,299.7,302.0,51800137.0,51800137.0,51800137.0,,3,SUR,-0.63,
TQBR,2017-06-01,ПИК ао,PIKK,156,31777368.0,301.1,301.1,310.2,308.2,307.9,308.2,103220,307.9,307.9,308.2,31777368.0,31777368.0,31777368.0,,3,SUR,2.05,
TQBR,2017-06-02,ПИК ао,PIKK,667,54072974.0,309.3,294.5,309.3,300.5,299.2,300.5,180710,299.2,299.2,300.5,54072974.0,54072974.0,54072974.0,,3,SUR,-2.5,
TQBR,2017-06-05,ПИК ао,PIKK,355,41974652.0,299.2,296.6,307.6,307.0,301.4,307.0,139290,301.3,301.3,307.0,41974652.0,41974652.0,41974652.0,,3,SUR,2.16,
TQBR,2017-06-06,ПИК ао,PIKK,296,33491381.0,306.9,304.5,309.0,308.0,307.4,308.0,108940,307.4,307.4,308.0,33491381.0,33491381.0,33491381.0,,3,SUR,0.33,
TQBR,2017-06-07,ПИК ао,PIKK,318,49335963.0,309.1,302.1,309.1,303.7,304.4,302.1,162100,304.4,304.4,303.7,49335963.0,49335963.0,49335963.0,,3,SUR,-1.92,
TQBR,2017-06-08,ПИК ао,PIKK,248,24565502.0,304.0,302.0,305.0,305.0,303.0,305.0,81070,303.0,303.0,305.0,24565502.0,24565502.0,24565502.0,,3,SUR,0.96,
TQBR,2017-06-09,ПИК ао,PIKK,1265,70025372.0,303.7,301.1,311.5,304.1,305.5,304.1,229190,305.5,305.5,304.1,70025372.0,70025372.0,70025372.0,,3,SUR,-0.3,
TQBR,2017-06-13,ПИК ао,PIKK,220,48793212.0,302.5,302.5,305.7,302.8,304.9,302.8,160020,304.9,304.9,302.8,48793212.0,48793212.0,48793212.0,,3,SUR,-0.43,
TQBR,2017-06-14,ПИК ао,PIKK,265,34344720.0,303.3,301.7,305.1,305.0,304.4,305.1,112810,304.4,304.4,305.0,34344720.0,34344720.0,34344720.0,,3,SUR,0.76,
TQBR,2017-06-15,ПИК ао,PIKK,4951,87414076.0,304.9,286.0,309.8,290.1,294.8,290.1,294250,297.1,297.1,290.1,87414076.0,87414076.0,87414076.0,,3,SUR,-4.92,
TQBR,2017-06-16,ПИК ао,PIKK,597,25770029.0,292.6,291.8,294.8,291.8,293.4,291.8,87820,293.4,293.4,291.8,25770029.0,25770029.0,25770029.0,,3,SUR,0.59,
TQBR,2017-06-19,ПИК ао,PIKK,475,30490964.0,293.8,292.0,295.6,294.9,293.8,294.9,103770,293.8,293.8,294.9,30490964.0,30490964.0,30490964.0,,3,SUR,1.06,
TQBR,2017-06-20,ПИК ао,PIKK,434,31125802.0,296.2,291.5,297.7,292.1,294.0,292.9,105860,294.0,294.0,292.1,31125802.0,31125802.0,31125802.0,,3,SUR,-0.68,
TQBR,2017-06-21,ПИК ао,PIKK,361,25021262.0,292.0,290.8,295.0,291.4,293.4,291.0,85270,293.4,293.4,291.4,25021262.0,25021262.0,25021262.0,,3,SUR,-0.65,
TQBR,2017-06-22,ПИК ао,PIKK,442,24427880.0,290.1,290.1,301.8,299.3,294.1,298.9,83050,294.1,294.1,299.3,24427880.0,24427880.0,24427880.0,,3,SUR,2.71,
TQBR,2017-06-23,ПИК ао,PIKK,321,22948440.0,303.0,303.0,308.6,305.9,306.7,305.9,74820,306.7,306.7,305.9,22948440.0,22948440.0,22948440.0,,3,SUR,2.34,
TQBR,2017-06-26,ПИК ао,PIKK,238,24973884.0,303.5,301.0,305.5,302.5,304.0,302.5,82160,304.0,304.0,302.5,24973884.0,24973884.0,24973884.0,,3,SUR,-1.11,
TQBR,2017-06-27,ПИК ао,PIKK,274,20200530.0,303.4,300.0,305.3,301.9,302.0,301.6,66900,302.0,302.0,301.9,20200530.0,20200530.0,20200530.0,,3,SUR,-0.3,
TQBR,2017-06-28,ПИК ао,PIKK,242,28062463.0,301.5,300.4,302.9,300.8,301.0,300.4,93240,301.0,301.0,300.8,28062463.0,28062463.0,28062463.0,,3,SUR,-0.4,
TQBR,2017-06-29,ПИК ао,PIKK,328,21379498.0,300.9,295.0,301.8,296.1,296.9,295.1,72020,296.9,296.9,296.1,21379498.0,21379498.0,21379498.0,,3,SUR,-1.76,
TQBR,2017-06-30,ПИК ао,PIKK,978,104565685.0,297.2,291.1,302.9,296.9,295.3,296.9,354110,295.3,295.3,296.9,104565685.0,104565685.0,104565685.0,,3,SUR,0.61,
TQBR,2017-07-03,ПИК ао,PIKK,808,52502751.0,296.2,285.1,305.0,303.5,300.8,303.5,174540,300.8,300.8,303.5,52502751.0,52502751.0,52502751.0,,3,SUR,2.22,
TQBR,2017-07-04,ПИК ао,PIKK,682,41098496.0,304.5,301.1,308.0,308.0,304.9,308.0,134780,304.9,304.9,308.0,41098496.0,41098496.0,41098496.0,,3,SUR,1.48,
TQBR,2017-07-05,ПИК ао,PIKK,398,31197700.0,311.2,301.2,311.2,302.4,304.7,302.4,102400,304.7,304.7,302.4,31197700.0,31197700.0,31197700.0,,3,SUR,-1.82,
TQBR,2017-07-06,ПИК ао,PIKK,583,25127153.0,303.1,296.0,303.5,300.0,300.7,300.0,83560,300.7,300.7,300.0,25127153.0,25127153.0,25127153.0,,3,SUR,-0.79,
TQBR,2017-07-07,ПИК ао,PIKK,606,22614878.0,298.4,295.0,299.9,295.2,298.0,295.2,75900,298.0,298.0,295.2,22614878.0,22614878.0,22614878.0,,3,SUR,-1.6,
TQBR,2017-07-10,ПИК ао,PIKK,558,30888747.0,299.4,295.0,299.4,295.0,295.3,295.0,104600,295.3,295.3,295.0,30888747.0,30888747.0,30888747.0,,3,SUR,-0.07,
TQBR,2017-07-11,ПИК ао,PIKK,621,22117738.0,296.2,292.0,297.4,292.4,293.9,292.4,75250,293.9,293.9,292.4,22117738.0,22117738.0,22117738.0,,3,SUR,-0.88,
TQBR,2017-07-12,ПИК ао,PIKK,677,24380552.0,293.7,291.1,294.7,294.0,292.6,294.0,83310,292.6,292.6,294.0,24380552.0,24380552.0,24380552.0,,3,SUR,0.55,
TQBR,2017-07-13,ПИК ао,PIKK,610,27669746.0,294.7,290.2,295.3,292.0,291.2,292.0,95030,291.2,291.2,292.0,27669746.0,27669746.0,27669746.0,,3,SUR,-0.68,
TQBR,2017-07-14,ПИК ао,PIKK,582,22813172.0,292.2,290.7,299.9,298.4,297.1,298.4,76790,297.1,297.1,298.4,22813172.0,22813172.0,22813172.0,,3,SUR,2.19,
TQBR,2017-07-17,ПИК ао,PIKK,487,25248044.0,298.4,298.1,301.5,299.9,299.2,299.6,84380,299.2,299.2,299.9,25248044.0,25248044.0,25248044.0,,3,SUR,0.4,
TQBR,2017-07-18,ПИК ао,PIKK,631,25336296.0,301.6,295.0,302.2,295.4,295.9,295.4,85620,295.9,295.9,295.4,25336296.0,25336296.0,25336296.0,,3,SUR,-1.4,
TQBR,2017-07-19,ПИК ао,PIKK,456,21191054.0,295.3,295.0,298.7,297.2,296.9,296.6,71380,296.9,296.9,297.2,21191054.0,21191054.0,21191054.0,,3,SUR,0.41,
TQBR,2017-07-20,ПИК ао,PIKK,548,22607264.0,298.6,292.9,298.6,295.9,295.7,295.9,76450,295.7,295.7,295.9,22607264.0,22607264.0,22607264.0,,3,SUR,-0.24,
TQBR,2017-07-21,ПИК ао,PIKK,518,428208716.0,297.2,293.7,298.6,294.5,295.2,294.5,1450340,295.2,295.2,294.5,428208716.0,428208716.0,428208716.0,,3,SUR,-0.47,
TQBR,2017-07-24,ПИК ао,PIKK,345,108266569.0,295.5,292.1,297.2,294.0,293.9,294.0,368440,293.9,293.9,294.0,108266569.0,108266569.0,108266569.0,,3,SUR,-0.17,
TQBR,2017-07-25,ПИК ао,PIKK,2107,66685122.0,294.6,281.1,295.1,281.2,287.0,281.2,232330,287.0,287.0,281.2,66685122.0,66685122.0,66685122.0,,3,SUR,-4.35,
TQBR,2017-07-26,ПИК ао,PIKK,1804,26119253.0,282.9,280.1,288.0,287.8,282.5,287.8,92450,282.5,282.5,287.8,26119253.0,26119253.0,26119253.0,,3,SUR,2.35,
TQBR,2017-07-27,ПИК ао,PIKK,449,29796321.0,288.7,285.0,292.6,290.5,290.8,290.5,102460,290.8,290.8,290.5,29796321.0,29796321.0,29796321.0,,3,SUR,0.94,
TQBR,2017-07-28,ПИК ао,PIKK,640,22199763.0,293.2,285.7,293.2,287.2,291.3,287.2,76210,291.3,291.3,287.2,22199763.0,22199763.0,22199763.0,,3,SUR,-1.14,
TQBR,2017-07-31,ПИК ао,PIKK,345,24311402.0,288.1,288.1,292.8,292.4,292.2,292.8,83200,292.2,292.2,292.4,24311402.0,24311402.0,24311402.0,,3,SUR,1.95,
TQBR,2017-08-01,ПИК ао,PIKK,428,21701643.0,293.2,290.0,295.0,291.5,294.2,291.5,73770,294.2,294.2,291.5,21701643.0,21701643.0,21701643.0,,3,SUR,-0.44,
TQBR,2017-08-02,ПИК ао,PIKK,444,20306293.0,292.3,290.0,295.1,295.0,291.6,295.1,69630,291.6,291.6,295.0,20306293.0,20306293.0,20306293.0,,3,SUR,1.23,
TQBR,2017-08-03,ПИК ао,PIKK,351,31104909.0,296.0,291.0,297.4,294.3,293.7,294.7,105890,293.7,293.7,294.3,31104909.0,31104909.0,31104909.0,,3,SUR,-0.14,
TQBR,2017-08-04,ПИК ао,PIKK,438,22964624.0,293.6,290.5,294.8,293.0,291.8,294.4,78710,291.8,291.8,293.0,22964624.0,22964624.0,22964624.0,,3,SUR,-0.1,
TQBR,2017-08-07,ПИК ао,PIKK,263,28164933.0,292.7,290.0,293.4,290.0,291.1,290.0,96750,291.1,291.1,290.0,28164933.0,28164933.0,28164933.0,,3,SUR,-1.49,
TQBR,2017-08-08,ПИК ао,PIKK,164,18406671.0,290.0,289.3,292.0,292.0,290.3,292.0,63410,290.3,290.3,292.0,18406671.0,18406671.0,18406671.0,,3,SUR,0.69,
TQBR,2017-08-09,ПИК ао,PIKK,216,21186474.0,291.0,290.1,292.1,290.6,290.9,291.0,72820,290.9,290.9,290.6,21186474.0,21186474.0,21186474.0,,3,SUR,-0.34,
TQBR,2017-08-10,ПИК ао,PIKK,235,20086228.0,291.6,289.8,292.3,290.0,291.9,289.8,68820,291.9,291.9,290.0,20086228.0,20086228.0,20086228.0,,3,SUR,-0.41,
TQBR,2017-08-11,ПИК ао,PIKK,325,23116807.0,290.9,289.0,293.8,293.5,290.1,293.5,79680,290.1,290.1,293.5,23116807.0,23116807.0,23116807.0,,3,SUR,1.28,
TQBR,2017-08-14,ПИК ао,PIKK,131,19964025.0,294.4,292.9,294.8,294.8,294.0,294.8,67900,294.0,294.0,294.8,19964025.0,19964025.0,19964025.0,,3,SUR,0.44,
TQBR,2017-08-15,ПИК ао,PIKK,194,22378402.0,293.5,292.5,294.8,293.9,294.3,293.9,76030,294.3,294.3,293.9,22378402.0,22378402.0,22378402.0,,3,SUR,-0.31,
TQBR,2017-08-16,ПИК ао,PIKK,360,24415504.0,293.7,292.1,294.4,292.2,293.5,292.2,83180,293.5,293.5,292.2,24415504.0,24415504.0,24415504.0,,3,SUR,-0.58,
TQBR,2017-08-17,ПИК ао,PIKK,250,20233387.0,291.3,290.2,294.8,294.6,292.0,294.6,69290,292.0,292.0,294.6,20233387.0,20233387.0,20233387.0,,3,SUR,0.82,
TQBR,2017-08-18,ПИК ао,PIKK,133,21557843.0,294.7,293.8,295.0,294.9,294.5,295.0,73190,294.5,294.5,294.9,21557843.0,21557843.0,21557843.0,,3,SUR,0.14,
TQBR,2017-08-21,ПИК ао,PIKK,176,20508296.0,295.8,295.0,297.1,295.5,296.6,295.5,69150,296.6,296.6,295.5,20508296.0,20508296.0,20508296.0,,3,SUR,0.17,
TQBR,2017-08-22,ПИК ао,PIKK,104,8024924.0,294.4,294.3,296.5,296.5,295.8,296.5,27130,295.8,295.8,296.5,8024924.0,8024924.0,8024924.0,,3,SUR,0.34,
TQBR,2017-08-23,ПИК ао,PIKK,169,35156064.0,296.2,295.2,296.8,296.3,296.5,295.5,118570,296.5,296.5,296.3,35156064.0,35156064.0,35156064.0,,3,SUR,-0.34,
TQBR,2017-08-24,ПИК ао,PIKK,237,24435421.0,295.4,294.3,296.7,295.6,296.4,295.6,82430,296.4,296.4,295.6,24435421.0,24435421.0,24435421.0,,3,SUR,0.03,
TQBR,2017-08-25,ПИК ао,PIKK,303,23705895.0,295.1,292.7,296.8,295.3,296.5,295.3,79960,296.5,296.5,295.3,23705895.0,23705895.0,23705895.0,,3,SUR,-0.1,
TQBR,2017-08-28,ПИК ао,PIKK,259,20860682.0,294.1,290.5,295.0,290.5,292.6,290.5,71300,292.6,292.6,290.5,20860682.0,20860682.0,20860682.0,,3,SUR,-1.63,
TQBR,2017-08-29,ПИК ао,PIKK,416,25982158.0,290.0,289.2,292.0,292.0,291.1,292.0,89250,291.1,291.1,292.0,25982158.0,25982158.0,25982158.0,,3,SUR,0.52,
TQBR,2017-08-30,ПИК ао,PIKK,437,20188543.0,294.0,288.7,294.0,291.9,290.5,291.9,69490,290.5,290.5,291.9,20188543.0,20188543.0,20188543.0,,3,SUR,-0.03,
TQBR,2017-08-31,ПИК ао,PIKK,389,22471972.0,287.2,287.2,291.6,289.9,290.1,289.9,77470,290.1,290.1,289.9,22471972.0,22471972.0,22471972.0,,3,SUR,-0.69,
TQBR,2017-09-01,ПИК ао,PIKK,324,30117872.0,288.6,288.1,294.7,292.3,294.0,292.7,102440,294.0,294.0,292.3,30117872.0,30117872.0,30117872.0,,3,SUR,0.97,
TQBR,2017-09-04,ПИК ао,PIKK,347,22456182.0,292.0,289.8,293.8,290.0,292.0,290.0,76900,292.0,292.0,290.0,22456182.0,22456182.0,22456182.0,,3,SUR,-0.92,
TQBR,2017-09-05,ПИК ао,PIKK,232,28178725.0,290.0,289.2,299.5,298.7,293.8,298.7,96130,293.1,293.1,298.7,28178725.0,28178725.0,28178725.0,,3,SUR,3.0,
TQBR,2017-09-06,ПИК ао,PIKK,794,16189285.0,299.1,299.0,314.0,314.0,305.6,314.0,52970,305.6,305.6,314.0,16189285.0,16189285.0,16189285.0,,3,SUR,5.12,
TQBR,2017-09-07,ПИК ао,PIKK,520,21162126.0,317.1,309.3,319.1,312.5,311.5,312.5,67930,311.5,311.5,312.5,21162126.0,21162126.0,21162126.0,,3,SUR,-0.48,
TQBR,2017-09-08,ПИК ао,PIKK,392,24199079.0,313.0,311.3,334.5,313.7,313.9,314.2,77080,313.9,313.9,313.7,24199079.0,24199079.0,24199079.0,,3,SUR,0.54,
TQBR,2017-09-11,ПИК ао,PIKK,304,26423244.0,314.9,310.2,317.5,314.5,314.1,314.5,84130,314.1,314.1,314.5,26423244.0,26423244.0,26423244.0,,3,SUR,0.1,
TQBR,2017-09-12,ПИК ао,PIKK,274,21446947.0,313.9,310.1,315.0,310.5,313.4,310.5,68440,313.4,313.4,310.5,21446947.0,21446947.0,21446947.0,,3,SUR,-1.27,
TQBR,2017-09-13,ПИК ао,PIKK,199,31895993.0,310.5,310.5,313.2,311.0,311.4,311.0,102420,311.4,311.4,311.0,31895993.0,31895993.0,31895993.0,,3,SUR,0.16,
TQBR,2017-09-14,ПИК ао,PIKK,463,37685864.0,310.9,309.0,321.1,321.0,311.9,321.0,120600,312.5,312.5,321.0,37685864.0,37685864.0,37685864.0,,3,SUR,3.22,
TQBR,2017-09-15,ПИК ао,PIKK,367,36719776.0,320.0,316.0,322.7,316.0,318.7,316.0,115210,318.7,318.7,316.0,36719776.0,36719776.0,36719776.0,,3,SUR,-1.56,
TQBR,2017-09-18,ПИК ао,PIKK,158,31348758.0,315.2,312.1,316.7,312.1,313.7,312.1,99930,313.7,313.7,312.1,31348758.0,31348758.0,31348758.0,,3,SUR,-1.23,
TQBR,2017-09-19,ПИК ао,PIKK,1218,46791778.0,310.4,300.0,313.4,310.1,308.4,310.1,151710,308.4,308.4,310.1,46791778.0,46791778.0,46791778.0,,3,SUR,-0.64,
TQBR,2017-09-20,ПИК ао,PIKK,1002,43213497.0,308.4,302.0,310.7,310.1,308.0,310.1,140320,308.0,308.0,310.1,43213497.0,43213497.0,43213497.0,,3,SUR,0.0,
TQBR,2017-09-21,ПИК ао,PIKK,1248,48381957.0,308.4,307.7,313.4,312.0,309.9,312.0,156130,309.9,309.9,312.0,48381957.0,48381957.0,48381957.0,,3,SUR,0.61,
TQBR,2017-09-22,ПИК ао,PIKK,187,33498063.0,310.3,310.0,311.5,310.0,310.7,310.0,107810,310.7,310.7,310.0,33498063.0,33498063.0,33498063.0,,3,SUR,-0.64,
TQBR,2017-09-25,ПИК ао,PIKK,429,37750911.0,308.2,308.2,315.8,314.7,312.8,314.7,120690,312.8,312.8,314.7,37750911.0,37750911.0,37750911.0,,3,SUR,1.52,
TQBR,2017-09-26,ПИК ао,PIKK,352,34633807.0,313.7,313.3,318.6,318.0,291.3,318.6,109750,315.6,315.6,318.0,34633807.0,34633807.0,34633807.0,,3,SUR,1.24,
TQBR,2017-09-27,ПИК ао,PIKK,426,43478908.0,317.5,313.7,320.8,315.1,317.3,315.1,137040,317.3,317.3,315.1,43478908.0,43478908.0,43478908.0,,3,SUR,-1.1,
TQBR,2017-09-28,ПИК ао,PIKK,448,39911580.0,313.7,313.1,317.0,317.0,315.3,317.0,126590,315.3,315.3,317.0,39911580.0,39911580.0,39911580.0,,3,SUR,0.6,
TQBR,2017-09-29,ПИК ао,PIKK,237,34483126.0,316.0,314.6,319.4,316.3,316.5,316.3,108940,316.5,316.5,316.3,34483126.0,34483126.0,34483126.0,,3,SUR,-0.22,
TQBR,2017-10-02,ПИК ао,PIKK,331,34270000.0,304.0,304.0,319.2,317.7,317.5,317.7,107950,317.5,317.5,317.7,34270000.0,34270000.0,34270000.0,,3,SUR,0.44,
TQBR,2017-10-03,ПИК ао,PIKK,227,31954246.0,317.1,316.3,320.6,319.1,319.6,319.3,99990,319.6,319.6,319.1,31954246.0,31954246.0,31954246.0,,3,SUR,0.5,
TQBR,2017-10-04,ПИК ао,PIKK,270,33780223.0,318.1,317.5,321.3,321.0,319.4,321.2,105750,319.4,319.4,321.0,33780223.0,33780223.0,33780223.0,,3,SUR,0.6,
TQBR,2017-10-05,ПИК ао,PIKK,206,32027201.0,320.3,319.6,324.3,324.3,321.3,324.3,99670,321.3,321.3,324.3,32027201.0,32027201.0,32027201.0,,3,SUR,0.97,
TQBR,2017-10-06,ПИК ао,PIKK,249,40665420.0,325.0,320.5,325.7,320.5,322.1,320.5,126240,322.1,322.1,320.5,40665420.0,40665420.0,40665420.0,,3,SUR,-1.17,
TQBR,2017-10-09,ПИК ао,PIKK,357,35437203.0,319.2,315.4,320.4,315.4,316.7,315.4,111890,316.7,316.7,315.4,35437203.0,35437203.0,35437203.0,,3,SUR,-1.59,
TQBR,2017-10-10,ПИК ао,PIKK,191,35245307.0,315.0,314.0,319.8,319.0,318.0,319.0,110850,318.0,318.0,319.0,35245307.0,35245307.0,35245307.0,,3,SUR,1.14,
TQBR,2017-10-11,ПИК ао,PIKK,251,35771151.0,318.9,318.9,324.8,324.8,321.7,324.8,111200,321.7,321.7,324.8,35771151.0,35771151.0,35771151.0,,3,SUR,1.82,
TQBR,2017-10-12,ПИК ао,PIKK,350,36669934.0,326.2,323.0,326.3,326.3,324.7,326.3,112930,324.7,324.7,326.3,36669934.0,36669934.0,36669934.0,,3,SUR,0.46,
TQBR,2017-10-13,ПИК ао,PIKK,463,46976768.0,326.6,325.0,333.4,325.3,326.9,325.3,143700,326.9,326.9,325.3,46976768.0,46976768.0,46976768.0,,3,SUR,-0.31,
TQBR,2017-10-16,ПИК ао,PIKK,957,53313836.0,325.6,309.2,326.0,309.8,317.4,309.8,167980,317.4,317.4,309.8,53313836.0,53313836.0,53313836.0,,3,SUR,-4.76,
TQBR,2017-10-17,ПИК ао,PIKK,238,33262789.0,311.0,310.3,312.1,311.5,311.3,311.5,106850,311.3,311.3,311.5,33262789.0,33262789.0,33262789.0,,3,SUR,0.55,
TQBR,2017-10-18,ПИК ао,PIKK,405,36890649.0,313.3,311.5,316.0,316.0,314.6,316.0,117270,314.6,314.6,316.0,36890649.0,36890649.0,36890649.0,,3,SUR,1.44,
TQBR,2017-10-19,ПИК ао,PIKK,222,33301418.0,314.5,311.5,315.6,311.5,312.9,311.5,106440,312.9,312.9,311.5,33301418.0,33301418.0,33301418.0,,3,SUR,-1.42,
TQBR,2017-10-20,ПИК ао,PIKK,366,43396171.0,310.1,308.8,316.9,316.9,310.5,316.9,139740,310.5,310.5,316.9,43396171.0,43396171.0,43396171.0,,3,SUR,1.73,
TQBR,2017-10-23,ПИК ао,PIKK,335,38245026.0,315.6,313.3,317.9,316.0,316.4,316.0,120870,316.4,316.4,316.0,38245026.0,38245026.0,38245026.0,,3,SUR,-0.28,
TQBR,2017-10-24,ПИК ао,PIKK,117,38151172.0,313.9,310.8,314.4,311.5,312.9,311.5,121920,312.9,312.9,311.5,38151172.0,38151172.0,38151172.0,,3,SUR,-1.42,
TQBR,2017-10-25,ПИК ао,PIKK,236,51826203.0,313.0,310.0,313.0,312.5,310.6,312.8,166840,310.6,310.6,312.5,51826203.0,51826203.0,51826203.0,,3,SUR,0.42,
TQBR,2017-10-26,ПИК ао,PIKK,277,54090848.0,312.1,308.0,314.2,314.2,310.9,314.2,174000,310.9,310.9,314.2,54090848.0,54090848.0,54090848.0,,3,SUR,0.45,
TQBR,2017-10-27,ПИК ао,PIKK,694,70057202.0,314.3,311.9,316.7,312.8,314.5,312.8,222750,314.5,314.5,312.8,70057202.0,70057202.0,70057202.0,,3,SUR,-0.45,
TQBR,2017-10-30,ПИК ао,PIKK,295,53789818.0,312.2,311.4,315.1,312.0,313.2,312.0,171760,313.2,313.2,312.0,53789818.0,53789818.0,53789818.0,,3,SUR,-0.26,
TQBR,2017-10-31,ПИК ао,PIKK,307,52667344.0,312.9,309.3,313.3,311.6,310.4,311.6,169660,310.4,310.4,311.6,52667344.0,52667344.0,52667344.0,,3,SUR,-0.13,
TQBR,2017-11-01,ПИК ао,PIKK,465,54181660.0,313.0,308.6,313.0,310.9,310.4,310.9,174550,310.4,310.4,310.9,54181660.0,54181660.0,54181660.0,,3,SUR,-0.22,
TQBR,2017-11-02,ПИК ао,PIKK,325,53047269.0,309.9,308.5,310.0,310.0,309.4,310.0,171460,309.4,309.4,310.0,53047269.0,53047269.0,53047269.0,,3,SUR,-0.29,
TQBR,2017-11-03,ПИК ао,PIKK,607,61283891.0,310.0,307.0,311.5,311.4,310.0,311.4,197720,310.0,310.0,311.4,61283891.0,61283891.0,61283891.0,,3,SUR,0.45,
TQBR,2017-11-07,ПИК ао,PIKK,826,59996220.0,310.4,310.4,314.0,313.1,312.3,314.0,192110,312.3,312.3,313.1,59996220.0,59996220.0,59996220.0,,3,SUR,0.83,
TQBR,2017-11-08,ПИК ао,PIKK,328,53160407.0,311.0,309.2,313.4,312.9,311.4,312.9,170700,311.4,311.4,312.9,53160407.0,53160407.0,53160407.0,,3,SUR,-0.35,
TQBR,2017-11-09,ПИК ао,PIKK,563,55159148.0,313.6,310.0,314.0,310.6,311.2,310.6,177260,311.2,311.2,310.6,55159148.0,55159148.0,55159148.0,,3,SUR,-0.74,
TQBR,2017-11-10,ПИК ао,PIKK,415,54595828.0,313.0,308.7,313.9,313.9,310.3,313.9,175940,310.3,310.3,313.9,54595828.0,54595828.0,54595828.0,,3,SUR,1.06,
TQBR,2017-11-13,ПИК ао,PIKK,468,56776666.0,311.2,311.2,315.3,315.2,313.7,315.2,181000,313.7,313.7,315.2,56776666.0,56776666.0,56776666.0,,3,SUR,0.41,
TQBR,2017-11-14,ПИК ао,PIKK,505,56098643.0,314.8,314.5,317.6,316.8,316.1,316.8,177490,316.1,316.1,316.8,56098643.0,56098643.0,56098643.0,,3,SUR,0.51,
TQBR,2017-11-15,ПИК ао,PIKK,744,97491069.0,317.0,303.5,318.1,307.3,308.1,307.3,316400,308.1,308.1,307.3,97491069.0,97491069.0,97491069.0,,3,SUR,-3.0,
TQBR,2017-11-16,ПИК ао,PIKK,418,108733499.0,308.0,304.5,316.3,316.3,306.7,316.3,354540,306.7,306.7,316.3,108733499.0,108733499.0,108733499.0,,3,SUR,2.93,
TQBR,2017-11-17,ПИК ао,PIKK,452,137337847.0,311.8,307.7,315.0,309.9,309.4,309.9,443920,309.4,309.4,309.9,137337847.0,137337847.0,137337847.0,,3,SUR,-2.02,
TQBR,2017-11-20,ПИК ао,PIKK,364,159257811.0,310.9,306.5,311.2,309.1,307.8,309.1,517380,307.8,307.8,309.1,159257811.0,159257811.0,159257811.0,,3,SUR,-0.26,
TQBR,2017-11-21,ПИК ао,PIKK,484,157328188.0,309.4,305.0,311.4,305.6,307.4,305.6,511810,307.4,307.4,305.6,157328188.0,157328188.0,157328188.0,,3,SUR,-1.13,
TQBR,2017-11-22,ПИК ао,PIKK,276,156616362.0,306.5,304.3,308.2,305.8,305.7,305.0,512270,305.7,305.7,305.8,156616362.0,156616362.0,156616362.0,,3,SUR,-0.2,
TQBR,2017-11-23,ПИК ао,PIKK,674,165686541.0,305.9,304.8,313.0,313.0,310.1,313.0,534290,310.1,310.1,313.0,165686541.0,165686541.0,165686541.0,,3,SUR,2.62,
TQBR,2017-11-24,ПИК ао,PIKK,1054,217115494.0,314.6,304.0,314.6,304.5,306.2,304.5,709180,306.2,306.2,304.5,217115494.0,217115494.0,217115494.0,,3,SUR,-2.72,
TQBR,2017-11-27,ПИК ао,PIKK,389,127763823.0,306.2,301.6,306.2,302.0,303.9,302.0,420460,303.9,303.9,302.0,127763823.0,127763823.0,127763823.0,,3,SUR,-0.82,
TQBR,2017-11-28,ПИК ао,PIKK,434,336080874.0,305.7,302.1,307.7,304.5,304.6,304.5,1103480,304.6,304.6,304.5,336080874.0,336080874.0,336080874.0,,3,SUR,0.83,
TQBR,2017-11-29,ПИК ао,PIKK,773,322528345.0,306.0,295.2,306.6,299.0,300.7,299.0,1072430,300.7,300.7,299.0,322528345.0,322528345.0,322528345.0,,3,SUR,-1.81,
TQBR,2017-11-30,ПИК ао,PIKK,369,308906217.0,300.9,299.2,303.3,299.9,301.4,299.6,1024820,301.4,301.4,299.9,308906217.0,308906217.0,308906217.0,,3,SUR,0.2,
TQBR,2017-12-01,ПИК ао,PIKK,530,308385620.0,300.2,298.0,303.5,303.5,300.2,303.5,1027190,300.2,300.2,303.5,308385620.0,308385620.0,308385620.0,,3,SUR,1.3,
TQBR,2017-12-04,ПИК ао,PIKK,664,219211967.0,303.5,301.1,312.3,311.1,309.4,311.1,708570,309.4,309.4,311.1,219211967.0,219211967.0,219211967.0,,3,SUR,2.5,
TQBR,2017-12-05,ПИК ао,PIKK,512,342590227.0,310.0,309.7,320.5,317.3,315.1,317.3,1087130,315.1,315.1,317.3,342590227.0,342590227.0,342590227.0,,3,SUR,1.99,
TQBR,2017-12-06,ПИК ао,PIKK,490,162183384.0,318.0,313.7,322.0,320.0,318.5,320.0,509180,318.5,318.5,320.0,162183384.0,162183384.0,162183384.0,,3,SUR,0.85,
TQBR,2017-12-07,ПИК ао,PIKK,850,190876817.0,318.8,317.0,323.8,323.8,319.8,323.8,596910,319.8,319.8,323.8,190876817.0,190876817.0,190876817.0,,3,SUR,1.19,
TQBR,2017-12-08,ПИК ао,PIKK,676,210465753.0,323.8,312.8,325.2,312.8,316.5,312.8,665200,316.4,316.4,312.8,210465753.0,210465753.0,210465753.0,,3,SUR,-3.4,
TQBR,2017-12-11,ПИК ао,PIKK,706,268864575.0,319.0,314.1,321.2,316.0,315.7,316.0,851550,315.7,315.7,316.0,268864575.0,268864575.0,268864575.0,,3,SUR,1.02,
TQBR,2017-12-12,ПИК ао,PIKK,589,311361487.0,319.7,307.4,319.7,310.6,312.3,310.6,996960,312.3,312.3,310.6,311361487.0,311361487.0,311361487.0,,3,SUR,-1.71,
TQBR,2017-12-13,ПИК ао,PIKK,786,324538708.0,307.1,307.1,316.4,308.4,309.5,308.4,1048660,309.5,309.5,308.4,324538708.0,324538708.0,324538708.0,,3,SUR,-0.71,
TQBR,2017-12-14,ПИК ао,PIKK,606,371055249.0,309.5,305.0,311.7,310.2,307.4,310.2,1207000,307.4,307.4,310.2,371055249.0,371055249.0,371055249.0,,3,SUR,0.58,
TQBR,2017-12-15,ПИК ао,PIKK,333,364555315.0,311.2,306.3,311.5,308.2,308.0,308.2,1183610,308.0,308.0,308.2,364555315.0,364555315.0,364555315.0,,3,SUR,-0.64,
TQBR,2017-12-18,ПИК ао,PIKK,802,370331244.0,308.0,305.6,309.5,308.8,307.2,308.8,1205490,307.2,307.2,308.8,370331244.0,370331244.0,370331244.0,,3,SUR,0.19,
TQBR,2017-12-19,ПИК ао,PIKK,568,365167721.0,311.7,305.1,311.7,307.0,305.9,307.0,1193900,305.9,305.9,307.0,365167721.0,365167721.0,365167721.0,,3,SUR,-0.58,
TQBR,2017-12-20,ПИК ао,PIKK,565,367151395.0,306.0,304.6,308.0,305.3,305.2,305.3,1203150,305.2,305.2,305.3,367151395.0,367151395.0,367151395.0,,3,SUR,-0.55,
TQBR,2017-12-21,ПИК ао,PIKK,611,377275870.0,308.1,304.9,309.4,306.9,305.7,306.9,1234260,305.7,305.7,306.9,377275870.0,377275870.0,377275870.0,,3,SUR,0.52,
TQBR,2017-12-22,ПИК ао,PIKK,527,370785025.0,306.0,303.2,307.1,307.1,304.2,307.1,1218850,304.2,304.2,307.1,370785025.0,370785025.0,370785025.0,,3,SUR,0.07,
TQBR,2017-12-25,ПИК ао,PIKK,205,361727891.0,308.0,305.6,308.1,306.0,306.0,306.0,1182130,306.0,306.0,306.0,361727891.0,361727891.0,361727891.0,,3,SUR,-0.36,
TQBR,2017-12-26,ПИК ао,PIKK,243,363707831.0,304.9,304.6,309.9,309.9,306.8,309.9,1185560,306.8,306.8,309.9,363707831.0,363707831.0,363707831.0,,3,SUR,1.27,
TQBR,2017-12-27,ПИК ао,PIKK,430,78340687.0,308.9,306.4,320.0,319.4,314.4,319.4,249200,314.4,314.4,319.4,78340687.0,78340687.0,78340687.0,,3,SUR,3.07,
TQBR,2017-12-28,ПИК ао,PIKK,490,35944863.0,318.7,317.5,324.9,324.9,320.5,324.9,112140,320.5,320.5,324.9,35944863.0,35944863.0,35944863.0,,3,SUR,1.72,
TQBR,2017-12-29,ПИК ао,PIKK,430,35952053.0,324.0,317.1,328.2,326.5,318.8,326.5,112770,318.8,318.8,326.5,35952053.0,35952053.0,35952053.0,,3,SUR,0.49,
TQBR,2018-01-03,ПИК ао,PIKK,299,35437445.0,327.6,324.0,327.9,327.4,325.8,327.4,108760,325.8,325.8,327.4,35437445.0,35437445.0,35437445.0,,3,SUR,0.28,
TQBR,2018-01-04,ПИК ао,PIKK,710,36143833.0,326.1,325.9,329.2,326.7,327.5,327.5,110360,327.5,327.5,326.7,36143833.0,36143833.0,36143833.0,,3,SUR,0.03,
TQBR,2018-01-05,ПИК ао,PIKK,194,32420789.0,326.8,323.7,328.6,327.8,325.6,327.8,99580,325.6,325.6,327.8,32420789.0,32420789.0,32420789.0,,3,SUR,0.09,
TQBR,2018-01-09,ПИК ао,PIKK,508,113037509.0,327.1,323.0,328.1,323.0,324.5,323.0,348380,324.5,324.5,323.0,113037509.0,113037509.0,113037509.0,,3,SUR,-1.46,
TQBR,2018-01-10,ПИК ао,PIKK,513,270092957.0,324.1,320.0,324.8,322.4,322.8,322.4,836770,322.8,322.8,322.4,270092957.0,270092957.0,270092957.0,,3,SUR,-0.19,
TQBR,2018-01-11,ПИК ао,PIKK,665,268456910.0,325.0,319.7,327.5,325.8,323.8,325.8,829160,323.8,323.8,325.8,268456910.0,268456910.0,268456910.0,,3,SUR,1.05,
TQBR,2018-01-12,ПИК ао,PIKK,518,209213383.0,327.0,317.0,327.0,317.0,321.2,317.0,651440,321.2,321.2,317.0,209213383.0,209213383.0,209213383.0,,3,SUR,-2.7,
TQBR,2018-01-15,ПИК ао,PIKK,599,161303362.0,317.0,315.1,323.6,315.4,316.7,315.4,509250,316.7,316.7,315.4,161303362.0,161303362.0,161303362.0,,3,SUR,-0.5,
TQBR,2018-01-16,ПИК ао,PIKK,461,66429915.0,315.3,310.1,316.0,311.5,313.0,311.5,212240,313.0,313.0,311.5,66429915.0,66429915.0,66429915.0,,3,SUR,-1.24,
TQBR,2018-01-17,ПИК ао,PIKK,440,70199268.0,310.0,310.0,315.4,314.3,313.2,314.3,224110,313.2,313.2,314.3,70199268.0,70199268.0,70199268.0,,3,SUR,0.9,
TQBR,2018-01-18,ПИК ао,PIKK,1464,61521944.0,317.0,306.0,317.0,307.8,306.8,307.8,200500,306.8,306.8,307.8,61521944.0,61521944.0,61521944.0,,3,SUR,-2.07,
TQBR,2018-01-19,ПИК ао,PIKK,1038,64882825.0,308.4,296.5,309.6,296.5,304.5,296.5,213050,304.5,304.5,296.5,64882825.0,64882825.0,64882825.0,,3,SUR,-3.67,
TQBR,2018-01-22,ПИК ао,PIKK,978,58374265.0,298.1,297.2,304.3,303.8,302.6,303.8,192930,302.6,302.6,303.8,58374265.0,58374265.0,58374265.0,,3,SUR,2.46,
TQBR,2018-01-23,ПИК ао,PIKK,1012,59555646.0,304.5,303.6,313.0,313.0,306.2,313.0,194490,306.2,306.2,313.0,59555646.0,59555646.0,59555646.0,,3,SUR,3.03,
TQBR,2018-01-24,ПИК ао,PIKK,498,28301720.0,310.4,307.8,314.8,312.1,312.8,312.1,90490,312.8,312.8,312.1,28301720.0,28301720.0,28301720.0,,3,SUR,-0.29,
TQBR,2018-01-25,ПИК ао,PIKK,502,24311882.0,312.1,310.7,313.4,311.5,311.6,311.5,78030,311.6,311.6,311.5,24311882.0,24311882.0,24311882.0,,3,SUR,-0.19,
TQBR,2018-01-26,ПИК ао,PIKK,692,24290524.0,311.4,304.8,313.0,306.5,309.0,306.5,78620,309.0,309.0,306.5,24290524.0,24290524.0,24290524.0,,3,SUR,-1.61,
TQBR,2018-01-29,ПИК ао,PIKK,578,32245828.0,308.2,302.4,308.2,306.0,303.3,306.0,106310,303.3,303.3,306.0,32245828.0,32245828.0,32245828.0,,3,SUR,-0.16,
TQBR,2018-01-30,ПИК ао,PIKK,1208,48589483.0,304.6,303.0,307.3,306.9,303.9,307.0,159890,303.9,303.9,306.9,48589483.0,48589483.0,48589483.0,,3,SUR,0.33,
TQBR,2018-01-31,ПИК ао,PIKK,675,51807055.0,306.8,302.7,308.4,305.1,304.4,306.0,170170,304.4,304.4,305.1,51807055.0,51807055.0,51807055.0,,3,SUR,-0.33,
TQBR,2018-02-01,ПИК ао,PIKK,368,43930172.0,308.5,303.7,308.5,305.0,304.8,305.6,144120,304.8,304.8,305.0,43930172.0,43930172.0,43930172.0,,3,SUR,-0.13,
TQBR,2018-02-02,ПИК ао,PIKK,461,39379531.0,305.6,303.3,306.0,306.0,304.0,306.0,129540,304.0,304.0,306.0,39379531.0,39379531.0,39379531.0,,3,SUR,0.13,
TQBR,2018-02-05,ПИК ао,PIKK,660,31349549.0,306.9,304.8,307.8,307.5,305.3,307.8,102670,305.3,305.3,307.5,31349549.0,31349549.0,31349549.0,,3,SUR,0.59,
TQBR,2018-02-06,ПИК ао,PIKK,803,33827165.0,307.4,304.2,308.4,305.0,305.2,305.5,110840,305.2,305.2,305.0,33827165.0,33827165.0,33827165.0,,3,SUR,-0.75,
TQBR,2018-02-07,ПИК ао,PIKK,597,35531245.0,305.5,304.3,312.9,305.0,306.8,305.0,115810,306.8,306.8,305.0,35531245.0,35531245.0,35531245.0,,3,SUR,-0.16,
TQBR,2018-02-08,ПИК ао,PIKK,511,29412707.0,304.4,303.6,306.3,305.0,304.4,305.0,96610,304.4,304.4,305.0,29412707.0,29412707.0,29412707.0,,3,SUR,0.0,
TQBR,2018-02-09,ПИК ао,PIKK,1022,35735525.0,304.8,303.1,306.8,304.7,304.9,304.7,117220,304.9,304.9,304.7,35735525.0,35735525.0,35735525.0,,3,SUR,-0.1,
TQBR,2018-02-12,ПИК ао,PIKK,837,20733989.0,305.7,302.8,309.5,309.3,306.6,309.3,67620,306.6,306.6,309.3,20733989.0,20733989.0,20733989.0,,3,SUR,1.51,
TQBR,2018-02-13,ПИК ао,PIKK,732,11834033.0,305.0,305.0,314.5,314.5,310.4,314.5,38120,310.4,310.4,314.5,11834033.0,11834033.0,11834033.0,,3,SUR,1.68,
TQBR,2018-02-14,ПИК ао,PIKK,474,8014182.0,314.0,310.6,315.5,314.9,313.1,314.9,25600,313.1,313.1,314.9,8014182.0,8014182.0,8014182.0,,3,SUR,0.13,
TQBR,2018-02-15,ПИК ао,PIKK,567,7611481.0,314.8,312.6,315.5,313.2,313.9,313.2,24250,313.9,313.9,313.2,7611481.0,7611481.0,7611481.0,,3,SUR,-0.54,
TQBR,2018-02-16,ПИК ао,PIKK,664,9478096.0,314.4,313.9,318.6,317.0,316.4,316.7,29960,316.4,316.4,317.0,9478096.0,9478096.0,9478096.0,,3,SUR,1.12,
TQBR,2018-02-19,ПИК ао,PIKK,490,13832133.0,314.3,312.5,318.9,314.3,314.0,314.9,44050,314.0,314.0,314.3,13832133.0,13832133.0,13832133.0,,3,SUR,-0.57,
TQBR,2018-02-20,ПИК ао,PIKK,606,24876859.0,314.5,313.0,321.0,320.0,316.3,320.0,78650,316.3,316.3,320.0,24876859.0,24876859.0,24876859.0,,3,SUR,1.62,
TQBR,2018-02-21,ПИК ао,PIKK,928,23832343.0,322.7,315.7,322.7,316.8,317.2,316.8,75130,317.2,317.2,316.8,23832343.0,23832343.0,23832343.0,,3,SUR,-1.0,
TQBR,2018-02-22,ПИК ао,PIKK,466,15627452.0,316.1,315.2,319.4,319.4,316.5,319.4,49370,316.5,316.5,319.4,15627452.0,15627452.0,15627452.0,,3,SUR,0.82,
TQBR,2018-02-26,ПИК ао,PIKK,396,5570479.0,320.3,317.0,322.0,322.0,319.2,322.0,17450,319.2,319.2,322.0,5570479.0,5570479.0,5570479.0,,3,SUR,0.81,
TQBR,2018-02-27,ПИК ао,PIKK,325,6305917.0,321.9,316.0,321.9,316.0,319.8,316.0,19720,319.8,319.8,316.0,6305917.0,6305917.0,6305917.0,,3,SUR,-1.86,
TQBR,2018-02-28,ПИК ао,PIKK,395,14987678.0,317.6,315.3,323.1,323.1,317.6,323.1,47190,317.6,317.6,323.1,14987678.0,14987678.0,14987678.0,,3,SUR,2.25,
TQBR,2018-03-01,ПИК ао,PIKK,255,14096672.0,321.9,317.9,323.4,322.1,320.2,322.1,44030,320.2,320.2,322.1,14096672.0,14096672.0,14096672.0,,3,SUR,-0.31,
TQBR,2018-03-02,ПИК ао,PIKK,578,18683077.0,322.3,317.5,325.9,323.2,320.0,323.1,58380,320.0,320.0,323.2,18683077.0,18683077.0,18683077.0,,3,SUR,0.31,
TQBR,2018-03-05,ПИК ао,PIKK,238,30085009.0,322.1,318.2,324.0,318.5,320.3,318.5,93920,320.3,320.3,318.5,30085009.0,30085009.0,30085009.0,,3,SUR,-1.42,
TQBR,2018-03-06,ПИК ао,PIKK,346,24330374.0,319.4,315.0,320.9,320.0,319.8,320.0,76090,319.8,319.8,320.0,24330374.0,24330374.0,24330374.0,,3,SUR,0.47,
TQBR,2018-03-07,ПИК ао,PIKK,1236,14515157.0,317.3,315.2,320.1,318.8,318.4,319.0,45590,318.4,318.4,318.8,14515157.0,14515157.0,14515157.0,,3,SUR,-0.31,
TQBR,2018-03-09,ПИК ао,PIKK,210,12625668.0,318.2,318.2,321.7,321.6,320.2,321.7,39430,320.2,320.2,321.6,12625668.0,12625668.0,12625668.0,,3,SUR,0.85,
TQBR,2018-03-12,ПИК ао,PIKK,328,12206337.0,323.0,321.1,323.7,322.3,322.2,322.4,37890,322.2,322.2,322.3,12206337.0,12206337.0,12206337.0,,3,SUR,0.22,
TQBR,2018-03-13,ПИК ао,PIKK,318,12153632.0,325.0,322.0,325.0,323.4,322.6,323.5,37670,322.6,322.6,323.4,12153632.0,12153632.0,12153632.0,,3,SUR,0.34,
TQBR,2018-03-14,ПИК ао,PIKK,325,12868545.0,322.6,321.1,324.0,322.9,322.1,322.9,39950,322.1,322.1,322.9,12868545.0,12868545.0,12868545.0,,3,SUR,-0.19,
TQBR,2018-03-15,ПИК ао,PIKK,605,12839295.0,323.1,321.0,324.0,323.5,321.5,323.5,39930,321.5,321.5,323.5,12839295.0,12839295.0,12839295.0,,3,SUR,0.19,
TQBR,2018-03-16,ПИК ао,PIKK,341,11326594.0,323.9,319.0,324.8,324.8,321.7,324.8,35210,321.7,321.7,324.8,11326594.0,11326594.0,11326594.0,,3,SUR,0.4,
TQBR,2018-03-19,ПИК ао,PIKK,311,19567412.0,323.4,317.3,325.0,318.7,319.6,318.7,61230,319.6,319.6,318.7,19567412.0,19567412.0,19567412.0,,3,SUR,-1.88,
TQBR,2018-03-20,ПИК ао,PIKK,215,21578308.0,318.5,315.6,319.6,316.9,317.8,316.7,67890,317.8,317.8,316.9,21578308.0,21578308.0,21578308.0,,3,SUR,-0.63,
TQBR,2018-03-21,ПИК ао,PIKK,454,20039226.0,316.7,314.0,318.5,317.7,316.0,317.7,63410,316.0,316.0,317.7,20039226.0,20039226.0,20039226.0,,3,SUR,0.32,
TQBR,2018-03-22,ПИК ао,PIKK,201,25120918.0,316.8,315.3,318.6,315.9,315.9,315.9,79520,315.9,315.9,315.9,25120918.0,25120918.0,25120918.0,,3,SUR,-0.57,
TQBR,2018-03-23,ПИК ао,PIKK,226,28435768.0,316.0,314.5,319.0,317.8,316.7,318.4,89800,316.7,316.7,317.8,28435768.0,28435768.0,28435768.0,,3,SUR,0.79,
TQBR,2018-03-26,ПИК ао,PIKK,315,33331185.0,318.5,313.0,322.0,313.2,317.8,313.0,104870,317.8,317.8,313.2,33331185.0,33331185.0,33331185.0,,3,SUR,-1.7,
TQBR,2018-03-27,ПИК ао,PIKK,418,38403763.0,313.5,313.5,322.0,319.0,317.3,319.0,121050,317.3,317.3,319.0,38403763.0,38403763.0,38403763.0,,3,SUR,1.92,
TQBR,2018-03-28,ПИК ао,PIKK,529,43637483.0,320.2,315.4,322.0,316.0,317.4,316.0,137500,317.4,317.4,316.0,43637483.0,43637483.0,43637483.0,,3,SUR,-0.94,
TQBR,2018-03-29,ПИК ао,PIKK,519,50477270.0,318.3,314.8,320.5,316.7,317.0,316.7,159210,317.0,317.0,316.7,50477270.0,50477270.0,50477270.0,,3,SUR,0.22,
TQBR,2018-03-30,ПИК ао,PIKK,644,40261717.0,318.0,313.8,318.1,315.2,315.1,315.2,127770,315.1,315.1,315.2,40261717.0,40261717.0,40261717.0,,3,SUR,-0.47,
TQBR,2018-04-02,ПИК ао,PIKK,799,42572791.0,315.1,313.9,316.7,314.0,314.7,314.0,135280,314.7,314.7,314.0,42572791.0,42572791.0,42572791.0,,3,SUR,-0.38,
TQBR,2018-04-03,ПИК ао,PIKK,431,48716658.0,317.0,311.5,317.0,314.0,312.9,314.0,155680,312.9,312.9,314.0,48716658.0,48716658.0,48716658.0,,3,SUR,0.0,
TQBR,2018-04-04,ПИК ао,PIKK,567,51631839.0,314.7,311.3,316.3,313.7,313.5,313.7,164690,313.5,313.5,313.7,51631839.0,51631839.0,51631839.0,,3,SUR,-0.1,
TQBR,2018-04-05,ПИК ао,PIKK,318,47126072.0,313.5,312.2,316.9,316.0,314.5,316.0,149860,314.5,314.5,316.0,47126072.0,47126072.0,47126072.0,,3,SUR,0.73,
TQBR,2018-04-06,ПИК ао,PIKK,674,73666721.0,312.2,311.2,317.9,315.4,316.0,315.4,233090,316.0,316.0,315.4,73666721.0,73666721.0,73666721.0,,3,SUR,-0.19,
TQBR,2018-04-09,ПИК ао,PIKK,2823,105811458.0,316.7,290.0,317.9,312.7,308.4,312.9,343100,308.4,308.4,312.7,105811458.0,105811458.0,105811458.0,,3,SUR,-0.79,
TQBR,2018-04-10,ПИК ао,PIKK,1577,813644632.0,305.0,305.0,314.2,308.6,309.9,308.6,2625910,309.9,309.9,308.6,813644632.0,813644632.0,813644632.0,,3,SUR,-1.37,
TQBR,2018-04-11,ПИК ао,PIKK,865,501093481.0,308.1,307.4,311.5,310.7,310.4,310.7,1614420,310.4,310.4,310.7,501093481.0,501093481.0,501093481.0,,3,SUR,0.68,
TQBR,2018-04-12,ПИК ао,PIKK,586,76852087.0,311.9,309.0,312.7,310.5,310.8,310.5,247310,310.8,310.8,310.5,76852087.0,76852087.0,76852087.0,,3,SUR,-0.06,
TQBR,2018-04-13,ПИК ао,PIKK,7470,10261512408.0,309.3,307.0,311.9,307.0,309.7,307.0,33138230,309.7,309.7,307.0,10261512408.0,10261512408.0,10261512408.0,,3,SUR,-1.13,
TQBR,2018-04-16,ПИК ао,PIKK,739,150526895.0,307.0,305.7,315.5,313.2,313.1,313.2,480770,313.1,313.1,313.2,150526895.0,150526895.0,150526895.0,,3,SUR,2.02,
TQBR,2018-04-17,ПИК ао,PIKK,851,140822444.0,314.6,305.4,320.3,307.4,309.5,307.4,454930,309.5,309.5,307.4,140822444.0,140822444.0,140822444.0,,3,SUR,-1.85,
TQBR,2018-04-18,ПИК ао,PIKK,658,27664434.0,309.9,300.1,314.7,309.2,308.7,309.2,89610,308.7,308.7,309.2,27664434.0,27664434.0,27664434.0,,3,SUR,0.59,
TQBR,2018-04-19,ПИК ао,PIKK,468,8635305.0,308.0,307.9,314.0,312.3,312.3,312.3,27650,312.3,312.3,312.3,8635305.0,8635305.0,8635305.0,,3,SUR,1.0,
TQBR,2018-04-20,ПИК ао,PIKK,264,30506049.0,311.3,308.6,314.3,309.0,309.7,309.0,98500,309.7,309.7,309.0,30506049.0,30506049.0,30506049.0,,3,SUR,-1.06,
TQBR,2018-04-23,ПИК ао,PIKK,1506,5314726735.0,308.0,306.5,314.0,306.9,307.0,306.9,17310460,307.0,307.0,306.9,5314726735.0,5314726735.0,5314726735.0,,3,SUR,-0.68,
TQBR,2018-04-24,ПИК ао,PIKK,335,963293705.0,306.5,306.5,308.3,307.6,307.0,307.6,3137740,307.0,307.0,307.6,963293705.0,963293705.0,963293705.0,,3,SUR,0.23,
TQBR,2018-04-25,ПИК ао,PIKK,184,33667530.0,306.5,305.8,308.3,307.6,307.0,307.6,109660,307.0,307.0,307.6,33667530.0,33667530.0,33667530.0,,3,SUR,0.0,
TQBR,2018-04-26,ПИК ао,PIKK,407,23882733.0,308.5,306.7,309.0,307.4,307.3,307.0,77720,307.3,307.3,307.4,23882733.0,23882733.0,23882733.0,,3,SUR,-0.2,
TQBR,2018-04-27,ПИК ао,PIKK,211,19223063.0,308.5,306.7,309.3,307.9,308.0,307.9,62420,308.0,308.0,307.9,19223063.0,19223063.0,19223063.0,,3,SUR,0.29,
TQBR,2018-04-28,ПИК ао,PIKK,118,31275526.0,306.8,306.1,308.6,307.6,308.0,307.6,101550,308.0,308.0,307.6,31275526.0,31275526.0,31275526.0,,3,SUR,-0.1,
TQBR,2018-04-30,ПИК ао,PIKK,172,1117459.0,308.8,306.3,309.0,306.4,307.0,306.3,3640,307.0,307.0,306.4,1117459.0,1117459.0,1117459.0,,3,SUR,-0.42,
TQBR,2018-05-02,ПИК ао,PIKK,153,1377717.0,306.0,305.5,307.8,307.3,307.5,306.8,4480,307.5,307.5,307.3,1377717.0,1377717.0,1377717.0,,3,SUR,0.16,
TQBR,2018-05-03,ПИК ао,PIKK,91,4580302.0,306.5,306.0,309.7,308.7,308.9,308.8,14830,308.9,308.9,308.7,4580302.0,4580302.0,4580302.0,,3,SUR,0.65,
TQBR,2018-05-04,ПИК ао,PIKK,412,14040214.0,309.2,308.7,317.3,316.6,312.5,317.2,44930,312.5,312.5,316.6,14040214.0,14040214.0,14040214.0,,3,SUR,2.72,
TQBR,2018-05-07,ПИК ао,PIKK,331,10781712.0,318.1,313.8,323.9,322.5,318.8,322.5,33820,318.8,318.8,322.5,10781712.0,10781712.0,10781712.0,,3,SUR,1.67,
TQBR,2018-05-08,ПИК ао,PIKK,212,12323686.0,324.9,320.5,324.9,321.1,321.2,321.1,38370,321.2,321.2,321.1,12323686.0,12323686.0,12323686.0,,3,SUR,-0.43,
TQBR,2018-05-10,ПИК ао,PIKK,303,11563690.0,322.0,319.3,324.6,324.1,321.7,324.6,35950,321.7,321.7,324.1,11563690.0,11563690.0,11563690.0,,3,SUR,1.09,
TQBR,2018-05-11,ПИК ао,PIKK,256,11354511.0,325.0,321.7,325.0,323.1,324.2,322.9,35020,324.2,324.2,323.1,11354511.0,11354511.0,11354511.0,,3,SUR,-0.52,
TQBR,2018-05-14,ПИК ао,PIKK,210,10463606.0,322.0,320.7,325.6,324.9,324.6,323.8,32240,324.6,324.6,324.9,10463606.0,10463606.0,10463606.0,,3,SUR,0.28,
TQBR,2018-05-15,ПИК ао,PIKK,282,9568855.0,323.7,323.3,327.7,326.0,326.4,326.1,29320,326.4,326.4,326.0,9568855.0,9568855.0,9568855.0,,3,SUR,0.71,
TQBR,2018-05-16,ПИК ао,PIKK,394,12046041.0,327.2,323.5,328.5,328.2,327.0,327.8,36840,327.0,327.0,328.2,12046041.0,12046041.0,12046041.0,,3,SUR,0.52,
TQBR,2018-05-17,ПИК ао,PIKK,242,16296747.0,327.0,326.0,329.6,326.0,327.6,326.0,49750,327.6,327.6,326.0,16296747.0,16296747.0,16296747.0,,3,SUR,-0.55,
TQBR,2018-05-18,ПИК ао,PIKK,211,10432508.0,324.8,320.0,327.5,320.0,323.7,320.0,32230,323.7,323.7,320.0,10432508.0,10432508.0,10432508.0,,3,SUR,-1.84,
TQBR,2018-05-21,ПИК ао,PIKK,234,12024467.0,320.2,318.8,322.0,319.5,320.7,321.5,37500,320.7,320.7,319.5,12024467.0,12024467.0,12024467.0,,3,SUR,0.47,
TQBR,2018-05-22,ПИК ао,PIKK,229,10652997.0,319.1,318.2,324.5,324.5,323.4,324.5,32940,323.4,323.4,324.5,10652997.0,10652997.0,10652997.0,,3,SUR,0.93,
TQBR,2018-05-23,ПИК ао,PIKK,99,10098044.0,322.3,322.3,326.0,325.5,324.8,326.0,31090,324.8,324.8,325.5,10098044.0,10098044.0,10098044.0,,3,SUR,0.46,
TQBR,2018-05-24,ПИК ао,PIKK,244,10832732.0,326.8,323.6,326.9,326.5,325.4,326.5,33290,325.4,325.4,326.5,10832732.0,10832732.0,10832732.0,,3,SUR,0.15,
TQBR,2018-05-25,ПИК ао,PIKK,300,11157116.0,326.3,325.1,330.5,330.0,328.9,330.0,33920,328.9,328.9,330.0,11157116.0,11157116.0,11157116.0,,3,SUR,1.07,
TQBR,2018-05-28,ПИК ао,PIKK,154,9068660.0,331.5,329.8,332.0,332.0,330.9,332.0,27410,330.9,330.9,332.0,9068660.0,9068660.0,9068660.0,,3,SUR,0.61,
TQBR,2018-05-29,ПИК ао,PIKK,160,10143236.0,333.3,329.3,333.3,330.8,330.7,330.9,30670,330.7,330.7,330.8,10143236.0,10143236.0,10143236.0,,3,SUR,-0.33,
TQBR,2018-05-30,ПИК ао,PIKK,255,8718820.0,331.1,327.8,332.3,327.8,330.6,327.8,26370,330.6,330.6,327.8,8718820.0,8718820.0,8718820.0,,3,SUR,-0.94,
TQBR,2018-05-31,ПИК ао,PIKK,175,10410394.0,329.1,326.6,330.9,330.4,330.3,329.8,31520,330.3,330.3,330.4,10410394.0,10410394.0,10410394.0,,3,SUR,0.61,
TQBR,2018-06-01,ПИК ао,PIKK,181,10201829.0,330.2,329.0,331.9,331.9,331.1,331.9,30810,331.1,331.1,331.9,10201829.0,10201829.0,10201829.0,,3,SUR,0.64,
TQBR,2018-06-04,ПИК ао,PIKK,214,10215602.0,333.0,331.6,333.4,331.6,332.9,331.6,30690,332.9,332.9,331.6,10215602.0,10215602.0,10215602.0,,3,SUR,-0.09,
TQBR,2018-06-05,ПИК ао,PIKK,315,10310360.0,331.6,330.2,333.0,331.3,331.7,330.8,31080,331.7,331.7,331.3,10310360.0,10310360.0,10310360.0,,3,SUR,-0.24,
TQBR,2018-06-06,ПИК ао,PIKK,242,10616297.0,329.3,329.3,332.8,331.8,332.2,331.8,31960,332.2,332.2,331.8,10616297.0,10616297.0,10616297.0,,3,SUR,0.3,
TQBR,2018-06-07,ПИК ао,PIKK,240,10560696.0,333.1,331.3,333.3,333.0,332.1,333.3,31800,332.1,332.1,333.0,10560696.0,10560696.0,10560696.0,,3,SUR,0.45,
TQBR,2018-06-08,ПИК ао,PIKK,394,10675075.0,331.9,331.1,333.0,332.5,332.3,332.5,32120,332.3,332.3,332.5,10675075.0,10675075.0,10675075.0,,3,SUR,-0.24,
TQBR,2018-06-09,ПИК ао,PIKK,54,10438040.0,334.0,331.2,334.0,333.3,333.0,333.3,31350,333.0,333.0,333.3,10438040.0,10438040.0,10438040.0,,3,SUR,0.24,
TQBR,2018-06-11,ПИК ао,PIKK,172,10215568.0,334.8,332.2,334.8,334.6,334.0,334.6,30590,334.0,334.0,334.6,10215568.0,10215568.0,10215568.0,,3,SUR,0.39,
TQBR,2018-06-13,ПИК ао,PIKK,458,10428165.0,335.0,333.4,337.7,333.5,334.6,334.6,31170,334.6,334.6,333.5,10428165.0,10428165.0,10428165.0,,3,SUR,0.0,
TQBR,2018-06-14,ПИК ао,PIKK,131,13107912.0,333.4,332.6,334.8,333.4,333.4,333.4,39310,333.4,333.4,333.4,13107912.0,13107912.0,13107912.0,,3,SUR,-0.36,
TQBR,2018-06-15,ПИК ао,PIKK,1672,14550994.0,332.3,332.3,337.0,337.0,334.6,337.0,43490,334.6,334.6,337.0,14550994.0,14550994.0,14550994.0,,3,SUR,1.08,
TQBR,2018-06-18,ПИК ао,PIKK,436,8755395.0,335.8,331.6,336.8,331.6,334.2,331.6,26200,334.2,334.2,331.6,8755395.0,8755395.0,8755395.0,,3,SUR,-1.6,
TQBR,2018-06-19,ПИК ао,PIKK,390,11747592.0,332.8,330.2,334.9,334.0,333.5,334.9,35230,333.5,333.5,334.0,11747592.0,11747592.0,11747592.0,,3,SUR,1.0,
TQBR,2018-06-20,ПИК ао,PIKK,336,12067857.0,335.5,331.1,335.5,332.9,332.5,332.9,36290,332.5,332.5,332.9,12067857.0,12067857.0,12067857.0,,3,SUR,-0.6,
TQBR,2018-06-21,ПИК ао,PIKK,375,10789754.0,332.1,330.5,335.6,335.6,333.1,335.6,32390,333.1,333.1,335.6,10789754.0,10789754.0,10789754.0,,3,SUR,0.81,
TQBR,2018-06-22,ПИК ао,PIKK,1256,10177488.0,336.7,318.2,336.7,318.2,331.2,318.2,30730,331.2,331.2,318.2,10177488.0,10177488.0,10177488.0,,3,SUR,-5.18,
TQBR,2018-06-25,ПИК ао,PIKK,218,6759864.0,325.0,319.1,331.8,331.8,322.5,331.8,20960,322.5,322.5,331.8,6759864.0,6759864.0,6759864.0,,3,SUR,4.27,
TQBR,2018-06-26,ПИК ао,PIKK,287,16678469.0,334.9,330.5,334.9,332.9,332.7,332.9,50130,332.7,332.7,332.9,16678469.0,16678469.0,16678469.0,,3,SUR,0.33,
TQBR,2018-06-27,ПИК ао,PIKK,236,7729320.0,335.0,331.0,335.0,332.6,333.6,331.9,23170,333.6,333.6,332.6,7729320.0,7729320.0,7729320.0,,3,SUR,-0.3,
TQBR,2018-06-28,ПИК ао,PIKK,323,10557422.0,333.8,330.2,334.1,333.7,333.3,333.7,31680,333.3,333.3,333.7,10557422.0,10557422.0,10557422.0,,3,SUR,0.54,
TQBR,2018-06-29,ПИК ао,PIKK,170,10245998.0,335.0,333.2,335.2,334.0,334.6,334.0,30620,334.6,334.6,334.0,10245998.0,10245998.0,10245998.0,,3,SUR,0.09,
TQBR,2018-07-02,ПИК ао,PIKK,208,7923136.0,334.1,333.2,336.0,335.0,334.9,335.0,23660,334.9,334.9,335.0,7923136.0,7923136.0,7923136.0,,3,SUR,0.3,
TQBR,2018-07-03,ПИК ао,PIKK,255,8805786.0,333.8,333.5,335.0,335.0,334.1,335.0,26360,334.1,334.1,335.0,8805786.0,8805786.0,8805786.0,,3,SUR,0.0,
TQBR,2018-07-04,ПИК ао,PIKK,62,10600837.0,334.1,334.1,336.6,334.5,334.7,334.5,31670,334.7,334.7,334.5,10600837.0,10600837.0,10600837.0,,3,SUR,-0.15,
TQBR,2018-07-05,ПИК ао,PIKK,307,16122475.0,334.5,333.2,335.0,335.0,334.7,335.0,48170,334.7,334.7,335.0,16122475.0,16122475.0,16122475.0,,3,SUR,0.15,
TQBR,2018-07-06,ПИК ао,PIKK,324,17348696.0,334.3,333.5,339.4,339.4,336.1,339.4,51620,336.1,336.1,339.4,17348696.0,17348696.0,17348696.0,,3,SUR,1.31,
TQBR,2018-07-09,ПИК ао,PIKK,342,17075335.0,338.9,337.6,341.5,337.6,338.4,337.6,50460,338.4,338.4,337.6,17075335.0,17075335.0,17075335.0,,3,SUR,-0.53,
TQBR,2018-07-10,ПИК ао,PIKK,279,18298526.0,338.1,338.0,340.5,338.4,338.9,338.4,54000,338.9,338.9,338.4,18298526.0,18298526.0,18298526.0,,3,SUR,0.24,
TQBR,2018-07-11,ПИК ао,PIKK,349,16714626.0,338.0,335.0,342.7,342.7,342.0,342.7,48880,342.0,342.0,342.7,16714626.0,16714626.0,16714626.0,,3,SUR,1.27,
TQBR,2018-07-12,ПИК ао,PIKK,391,18392415.0,340.3,335.3,343.0,337.9,338.5,337.9,54330,338.5,338.5,337.9,18392415.0,18392415.0,18392415.0,,3,SUR,-1.4,
TQBR,2018-07-13,ПИК ао,PIKK,440,21441899.0,336.0,335.1,344.5,344.4,337.8,343.6,63480,337.8,337.8,344.4,21441899.0,21441899.0,21441899.0,,3,SUR,1.69,
TQBR,2018-07-16,ПИК ао,PIKK,587,21735981.0,343.9,338.6,344.2,339.2,340.1,339.2,63910,340.1,340.1,339.2,21735981.0,21735981.0,21735981.0,,3,SUR,-1.28,
TQBR,2018-07-17,ПИК ао,PIKK,338,21868705.0,336.1,336.1,345.6,345.2,342.6,345.2,63920,342.1,342.1,345.2,21868705.0,21868705.0,21868705.0,,3,SUR,1.77,
TQBR,2018-07-18,ПИК ао,PIKK,431,29440209.0,345.5,337.4,345.6,337.4,339.8,337.4,86640,339.8,339.8,337.4,29440209.0,29440209.0,29440209.0,,3,SUR,-2.26,
TQBR,2018-07-19,ПИК ао,PIKK,324,25752273.0,337.0,336.7,339.9,339.9,338.3,339.9,76120,338.3,338.3,339.9,25752273.0,25752273.0,25752273.0,,3,SUR,0.74,
TQBR,2018-07-20,ПИК ао,PIKK,420,34436930.0,338.6,335.0,340.5,338.9,337.4,338.9,102060,337.4,337.4,338.9,34436930.0,34436930.0,34436930.0,,3,SUR,-0.29,
TQBR,2018-07-23,ПИК ао,PIKK,433,24734853.0,340.0,338.9,342.9,342.1,341.5,342.7,72430,341.5,341.5,342.1,24734853.0,24734853.0,24734853.0,,3,SUR,1.12,
TQBR,2018-07-24,ПИК ао,PIKK,372,24036383.0,343.7,340.1,343.9,343.4,341.6,343.5,70370,341.6,341.6,343.4,24036383.0,24036383.0,24036383.0,,3,SUR,0.23,
TQBR,2018-07-25,ПИК ао,PIKK,493,23685149.0,340.5,338.5,347.8,339.8,339.5,339.8,69770,339.5,339.5,339.8,23685149.0,23685149.0,23685149.0,,3,SUR,-1.08,
TQBR,2018-07-26,ПИК ао,PIKK,335,20829743.0,339.7,338.5,341.4,340.8,339.7,340.8,61310,339.7,339.7,340.8,20829743.0,20829743.0,20829743.0,,3,SUR,0.29,
TQBR,2018-07-27,ПИК ао,PIKK,420,26598345.0,341.5,340.3,342.9,342.0,341.6,341.2,77860,341.6,341.6,342.0,26598345.0,26598345.0,26598345.0,,3,SUR,0.12,
TQBR,2018-07-30,ПИК ао,PIKK,358,17551650.0,341.0,340.6,344.0,341.2,341.5,341.2,51390,341.5,341.5,341.2,17551650.0,17551650.0,17551650.0,,3,SUR,0.0,
TQBR,2018-07-31,ПИК ао,PIKK,356,21674440.0,342.0,341.0,343.3,342.5,342.1,342.5,63350,342.1,342.1,342.5,21674440.0,21674440.0,21674440.0,,3,SUR,0.38,
TQBR,2018-08-01,ПИК ао,PIKK,352,27700945.0,343.4,341.2,344.1,341.2,343.3,341.2,80690,343.3,343.3,341.2,27700945.0,27700945.0,27700945.0,,3,SUR,-0.38,
TQBR,2018-08-02,ПИК ао,PIKK,433,23083613.0,344.0,339.3,344.0,339.3,342.1,339.3,67470,342.1,342.1,339.3,23083613.0,23083613.0,23083613.0,,3,SUR,-0.56,
TQBR,2018-08-03,ПИК ао,PIKK,435,34321603.0,342.7,338.8,343.0,342.1,341.8,341.3,100420,341.8,341.8,342.1,34321603.0,34321603.0,34321603.0,,3,SUR,0.59,
TQBR,2018-08-06,ПИК ао,PIKK,606,20802388.0,343.6,342.0,351.3,348.7,349.6,348.5,59510,349.6,349.6,348.7,20802388.0,20802388.0,20802388.0,,3,SUR,2.11,
TQBR,2018-08-07,ПИК ао,PIKK,403,18314954.0,348.8,341.6,351.4,344.1,346.9,344.1,52800,346.9,346.9,344.1,18314954.0,18314954.0,18314954.0,,3,SUR,-1.26,
TQBR,2018-08-08,ПИК ао,PIKK,577,21742513.0,345.0,341.5,346.6,346.6,344.4,346.6,63140,344.4,344.4,346.6,21742513.0,21742513.0,21742513.0,,3,SUR,0.73,
TQBR,2018-08-09,ПИК ао,PIKK,758,31574713.0,349.6,344.5,352.4,349.9,348.0,349.9,90730,348.0,348.0,349.9,31574713.0,31574713.0,31574713.0,,3,SUR,0.95,
TQBR,2018-08-10,ПИК ао,PIKK,709,36444577.0,349.2,347.5,352.0,351.9,351.2,351.9,103780,351.2,351.2,351.9,36444577.0,36444577.0,36444577.0,,3,SUR,0.57,
TQBR,2018-08-13,ПИК ао,PIKK,1078,20698757.0,350.5,348.8,352.9,350.7,350.3,350.7,59090,350.3,350.3,350.7,20698757.0,20698757.0,20698757.0,,3,SUR,-0.34,
TQBR,2018-08-14,ПИК ао,PIKK,359,13851124.0,349.3,348.5,351.3,350.0,349.6,350.0,39620,349.6,349.6,350.0,13851124.0,13851124.0,13851124.0,,3,SUR,-0.2,
TQBR,2018-08-15,ПИК ао,PIKK,786,41726774.0,351.3,348.9,361.6,358.6,354.3,358.6,117780,354.3,354.3,358.6,41726774.0,41726774.0,41726774.0,,3,SUR,2.46,
TQBR,2018-08-16,ПИК ао,PIKK,551,36561508.0,357.3,354.5,360.3,359.0,357.1,359.0,102390,357.1,357.1,359.0,36561508.0,36561508.0,36561508.0,,3,SUR,0.11,
TQBR,2018-08-17,ПИК ао,PIKK,618,26545433.0,357.5,348.5,361.2,348.5,353.5,348.5,75100,353.5,353.5,348.5,26545433.0,26545433.0,26545433.0,,3,SUR,-2.92,
TQBR,2018-08-20,ПИК ао,PIKK,538,49620717.0,350.0,348.7,353.7,352.4,350.0,352.4,141790,350.0,350.0,352.4,49620717.0,49620717.0,49620717.0,,3,SUR,1.12,
TQBR,2018-08-21,ПИК ао,PIKK,1030,51003985.0,353.6,349.5,358.1,356.2,353.8,356.2,144030,354.1,354.1,356.2,51003985.0,51003985.0,51003985.0,,3,SUR,1.08,
TQBR,2018-08-22,ПИК ао,PIKK,1686,37031997.0,360.0,356.9,363.2,362.2,360.8,362.2,102640,360.8,360.8,362.2,37031997.0,37031997.0,37031997.0,,3,SUR,1.68,
TQBR,2018-08-23,ПИК ао,PIKK,754,31873134.0,360.0,359.5,364.4,362.6,362.0,362.6,88050,362.0,362.0,362.6,31873134.0,31873134.0,31873134.0,,3,SUR,0.11,
TQBR,2018-08-24,ПИК ао,PIKK,673,33106368.0,364.1,359.2,364.4,362.6,362.1,362.9,91430,362.1,362.1,362.6,33106368.0,33106368.0,33106368.0,,3,SUR,0.08,
TQBR,2018-08-27,ПИК ао,PIKK,826,38069292.0,364.2,359.7,364.8,363.6,362.0,363.2,105160,362.0,362.0,363.6,38069292.0,38069292.0,38069292.0,,3,SUR,0.08,
TQBR,2018-08-28,ПИК ао,PIKK,788,26526171.0,363.2,357.3,365.3,361.0,361.2,361.0,73430,361.2,361.2,361.0,26526171.0,26526171.0,26526171.0,,3,SUR,-0.61,
TQBR,2018-08-29,ПИК ао,PIKK,516,25146952.0,362.7,359.5,362.7,360.7,361.7,361.1,69520,361.7,361.7,360.7,25146952.0,25146952.0,25146952.0,,3,SUR,0.03,
TQBR,2018-08-30,ПИК ао,PIKK,548,26987343.0,362.6,360.0,364.0,364.0,362.3,364.0,74490,362.3,362.3,364.0,26987343.0,26987343.0,26987343.0,,3,SUR,0.8,
TQBR,2018-08-31,ПИК ао,PIKK,975,53649559.0,362.7,356.1,364.8,364.0,362.4,364.0,148040,362.4,362.4,364.0,53649559.0,53649559.0,53649559.0,,3,SUR,0.0,
TQBR,2018-09-03,ПИК ао,PIKK,1406,43640061.0,345.4,341.2,348.0,343.7,343.9,343.7,126880,343.9,343.9,343.7,43640061.0,43640061.0,43640061.0,,3,SUR,-5.58,
TQBR,2018-09-04,ПИК ао,PIKK,807,50217131.0,343.4,338.2,343.4,340.7,340.7,340.7,147410,340.7,340.7,340.7,50217131.0,50217131.0,50217131.0,,3,SUR,-0.87,
TQBR,2018-09-05,ПИК ао,PIKK,826,43896045.0,342.5,336.2,348.1,345.7,344.7,345.7,127330,344.7,344.7,345.7,43896045.0,43896045.0,43896045.0,,3,SUR,1.47,
TQBR,2018-09-06,ПИК ао,PIKK,420,25080443.0,345.2,345.2,349.3,346.7,347.6,346.7,72160,347.6,347.6,346.7,25080443.0,25080443.0,25080443.0,,3,SUR,0.29,
TQBR,2018-09-07,ПИК ао,PIKK,401,29858491.0,346.7,343.5,348.0,346.9,344.8,346.9,86600,344.8,344.8,346.9,29858491.0,29858491.0,29858491.0,,3,SUR,0.06,
TQBR,2018-09-10,ПИК ао,PIKK,259,24942880.0,348.3,344.1,348.3,345.3,345.6,345.3,72180,345.6,345.6,345.3,24942880.0,24942880.0,24942880.0,,3,SUR,-0.46,
TQBR,2018-09-11,ПИК ао,PIKK,316,23711309.0,345.3,340.8,346.8,343.6,342.1,343.6,69310,342.1,342.1,343.6,23711309.0,23711309.0,23711309.0,,3,SUR,-0.49,
TQBR,2018-09-12,ПИК ао,PIKK,442,28793141.0,343.4,342.7,348.1,346.8,346.2,346.8,83180,346.2,346.2,346.8,28793141.0,28793141.0,28793141.0,,3,SUR,0.93,
TQBR,2018-09-13,ПИК ао,PIKK,428,38879334.0,346.6,345.2,352.2,350.3,350.4,350.3,110970,350.4,350.4,350.3,38879334.0,38879334.0,38879334.0,,3,SUR,1.01,
TQBR,2018-09-14,ПИК ао,PIKK,346,36178455.0,350.5,345.6,352.4,347.8,350.2,347.8,103310,350.2,350.2,347.8,36178455.0,36178455.0,36178455.0,,3,SUR,-0.71,
TQBR,2018-09-17,ПИК ао,PIKK,503,41965219.0,352.0,342.0,352.0,346.5,345.3,346.5,121520,345.3,345.3,346.5,41965219.0,41965219.0,41965219.0,,3,SUR,-0.37,
TQBR,2018-09-18,ПИК ао,PIKK,657,39346087.0,345.4,341.4,347.6,347.6,344.2,347.6,114310,344.2,344.2,347.6,39346087.0,39346087.0,39346087.0,,3,SUR,0.32,
TQBR,2018-09-19,ПИК ао,PIKK,716,41747512.0,346.4,342.7,350.9,344.1,348.2,344.1,119880,348.2,348.2,344.1,41747512.0,41747512.0,41747512.0,,3,SUR,-1.01,
TQBR,2018-09-20,ПИК ао,PIKK,432,34742756.0,345.7,342.5,346.4,343.0,343.3,343.0,101200,343.3,343.3,343.0,34742756.0,34742756.0,34742756.0,,3,SUR,-0.32,
TQBR,2018-09-21,ПИК ао,PIKK,660,53742000.0,343.1,342.4,348.6,348.2,347.1,348.2,154810,347.1,347.1,348.2,53742000.0,53742000.0,53742000.0,,3,SUR,1.52,
TQBR,2018-09-24,ПИК ао,PIKK,540,45735945.0,348.0,344.9,349.7,344.9,348.3,344.9,131330,348.3,348.3,344.9,45735945.0,45735945.0,45735945.0,,3,SUR,-0.95,
TQBR,2018-09-25,ПИК ао,PIKK,857,46948293.0,345.0,341.4,347.4,346.8,344.5,346.8,136270,344.5,344.5,346.8,46948293.0,46948293.0,46948293.0,,3,SUR,0.55,
TQBR,2018-09-26,ПИК ао,PIKK,315,22861056.0,348.1,344.5,348.4,347.1,347.2,347.1,65840,347.2,347.2,347.1,22861056.0,22861056.0,22861056.0,,3,SUR,0.09,
TQBR,2018-09-27,ПИК ао,PIKK,453,19040315.0,343.7,343.7,348.2,346.3,347.1,345.8,54850,347.1,347.1,346.3,19040315.0,19040315.0,19040315.0,,3,SUR,-0.37,
TQBR,2018-09-28,ПИК ао,PIKK,361,19430202.0,344.9,344.3,348.1,347.6,347.1,347.6,55980,347.1,347.1,347.6,19430202.0,19430202.0,19430202.0,,3,SUR,0.52,
TQBR,2018-10-01,ПИК ао,PIKK,408,28483801.0,346.4,343.2,349.2,348.2,345.5,349.2,82450,345.5,345.5,348.2,28483801.0,28483801.0,28483801.0,,3,SUR,0.46,
TQBR,2018-10-02,ПИК ао,PIKK,596,30947671.0,349.5,348.2,353.3,353.3,351.1,353.3,88150,351.1,351.1,353.3,30947671.0,30947671.0,30947671.0,,3,SUR,1.17,
TQBR,2018-10-03,ПИК ао,PIKK,391,31399719.0,353.1,351.4,355.9,352.7,354.5,351.4,88580,354.5,354.5,352.7,31399719.0,31399719.0,31399719.0,,3,SUR,-0.54,
TQBR,2018-10-04,ПИК ао,PIKK,618,36465805.0,350.0,348.3,353.3,352.4,351.4,351.8,103770,351.4,351.4,352.4,36465805.0,36465805.0,36465805.0,,3,SUR,0.11,
TQBR,2018-10-05,ПИК ао,PIKK,494,55703696.0,351.0,343.4,351.2,344.6,345.4,344.6,161280,345.4,345.4,344.6,55703696.0,55703696.0,55703696.0,,3,SUR,-2.05,
TQBR,2018-10-08,ПИК ао,PIKK,381,34367265.0,349.9,344.7,349.9,348.1,347.1,348.1,99000,347.1,347.1,348.1,34367265.0,34367265.0,34367265.0,,3,SUR,1.02,
TQBR,2018-10-09,ПИК ао,PIKK,168,16712428.0,348.3,346.1,349.6,347.6,347.7,347.6,48060,347.7,347.7,347.6,16712428.0,16712428.0,16712428.0,,3,SUR,-0.14,
TQBR,2018-10-10,ПИК ао,PIKK,220,22516923.0,346.6,346.1,349.3,349.3,347.9,349.3,64720,347.9,347.9,349.3,22516923.0,22516923.0,22516923.0,,3,SUR,0.49,
TQBR,2018-10-11,ПИК ао,PIKK,764,64091186.0,348.8,343.3,353.3,349.4,349.3,350.2,183470,349.3,349.3,349.4,64091186.0,64091186.0,64091186.0,,3,SUR,0.26,
TQBR,2018-10-12,ПИК ао,PIKK,1176,47968692.0,349.8,346.4,350.5,348.4,348.2,348.4,137750,348.2,348.2,348.4,47968692.0,47968692.0,47968692.0,,3,SUR,-0.51,
TQBR,2018-10-15,ПИК ао,PIKK,855,22490811.0,352.9,345.9,352.9,347.3,348.1,346.9,64610,348.1,348.1,347.3,22490811.0,22490811.0,22490811.0,,3,SUR,-0.43,
TQBR,2018-10-16,ПИК ао,PIKK,1813,38776192.0,345.1,343.3,348.9,343.3,345.8,343.3,112150,345.8,345.8,343.3,38776192.0,38776192.0,38776192.0,,3,SUR,-1.04,
TQBR,2018-10-17,ПИК ао,PIKK,704,44834147.0,344.5,343.3,351.1,349.0,349.1,349.0,128430,349.1,349.1,349.0,44834147.0,44834147.0,44834147.0,,3,SUR,1.66,
TQBR,2018-10-18,ПИК ао,PIKK,2677,56974081.0,349.0,345.5,351.1,349.5,347.4,349.5,163980,347.4,347.4,349.5,56974081.0,56974081.0,56974081.0,,3,SUR,0.14,
TQBR,2018-10-19,ПИК ао,PIKK,1673,106695729.0,350.7,345.3,353.2,347.3,349.7,347.3,305090,349.7,349.7,347.3,106695729.0,106695729.0,106695729.0,,3,SUR,-0.63,
TQBR,2018-10-22,ПИК ао,PIKK,491,43155504.0,348.7,346.0,350.9,350.8,348.1,350.8,123970,348.1,348.1,350.8,43155504.0,43155504.0,43155504.0,,3,SUR,1.01,
TQBR,2018-10-23,ПИК ао,PIKK,381,45893367.0,349.3,348.5,354.6,353.4,353.3,353.4,129910,353.3,353.3,353.4,45893367.0,45893367.0,45893367.0,,3,SUR,0.74,
TQBR,2018-10-24,ПИК ао,PIKK,655,35336508.0,354.7,349.8,355.0,354.6,352.0,354.6,100400,352.0,352.0,354.6,35336508.0,35336508.0,35336508.0,,3,SUR,0.34,
TQBR,2018-10-25,ПИК ао,PIKK,723,46304427.0,354.6,346.4,354.6,347.9,347.4,347.9,133280,347.4,347.4,347.9,46304427.0,46304427.0,46304427.0,,3,SUR,-1.89,
TQBR,2018-10-26,ПИК ао,PIKK,732,65981514.0,347.0,335.0,347.0,346.6,343.7,346.6,191950,343.7,343.7,346.6,65981514.0,65981514.0,65981514.0,,3,SUR,-0.37,
TQBR,2018-10-29,ПИК ао,PIKK,701,57883035.0,346.1,340.0,348.0,340.5,341.8,340.5,169330,341.8,341.8,340.5,57883035.0,57883035.0,57883035.0,,3,SUR,-1.76,
TQBR,2018-10-30,ПИК ао,PIKK,375,32697220.0,342.0,340.0,349.7,348.9,347.5,348.9,94090,347.5,347.5,348.9,32697220.0,32697220.0,32697220.0,,3,SUR,2.47,
TQBR,2018-10-31,ПИК ао,PIKK,308,30962613.0,350.0,347.4,352.3,352.3,350.7,352.3,88290,350.7,350.7,352.3,30962613.0,30962613.0,30962613.0,,3,SUR,0.97,
TQBR,2018-11-01,ПИК ао,PIKK,928,65067295.0,354.4,347.2,354.4,353.7,351.9,353.7,184900,351.9,351.9,353.7,65067295.0,65067295.0,65067295.0,,3,SUR,0.4,
TQBR,2018-11-02,ПИК ао,PIKK,250,22627661.0,354.5,352.2,354.7,353.2,353.6,353.2,63990,353.6,353.6,353.2,22627661.0,22627661.0,22627661.0,,3,SUR,-0.14,
TQBR,2018-11-06,ПИК ао,PIKK,487,35353104.0,354.6,348.2,355.2,353.4,353.2,353.4,100100,353.2,353.2,353.4,35353104.0,35353104.0,35353104.0,,3,SUR,0.06,
TQBR,2018-11-07,ПИК ао,PIKK,452,30303137.0,354.8,349.1,356.0,351.2,353.9,351.2,85620,353.9,353.9,351.2,30303137.0,30303137.0,30303137.0,,3,SUR,-0.62,
TQBR,2018-11-08,ПИК ао,PIKK,766,60019697.0,349.1,346.5,355.3,353.9,350.6,353.8,171170,350.6,350.6,353.9,60019697.0,60019697.0,60019697.0,,3,SUR,0.74,
TQBR,2018-11-09,ПИК ао,PIKK,409,42959772.0,352.6,348.7,355.2,348.8,353.4,348.8,121570,353.4,353.4,348.8,42959772.0,42959772.0,42959772.0,,3,SUR,-1.41,
TQBR,2018-11-12,ПИК ао,PIKK,319,22851394.0,350.1,347.4,353.3,350.6,351.3,350.3,65040,351.3,351.3,350.6,22851394.0,22851394.0,22851394.0,,3,SUR,0.43,
TQBR,2018-11-13,ПИК ао,PIKK,491,46283575.0,350.6,347.1,352.8,351.6,351.0,351.6,131850,351.0,351.0,351.6,46283575.0,46283575.0,46283575.0,,3,SUR,0.37,
TQBR,2018-11-14,ПИК ао,PIKK,268,37452450.0,353.0,350.1,353.0,351.2,351.5,352.1,106560,351.5,351.5,351.2,37452450.0,37452450.0,37452450.0,,3,SUR,0.14,
TQBR,2018-11-15,ПИК ао,PIKK,351,48990984.0,350.3,349.7,355.9,354.1,352.3,353.7,139050,352.3,352.3,354.1,48990984.0,48990984.0,48990984.0,,3,SUR,0.45,
TQBR,2018-11-16,ПИК ао,PIKK,608,25151674.0,353.4,348.0,355.5,349.9,350.1,349.9,71850,350.1,350.1,349.9,25151674.0,25151674.0,25151674.0,,3,SUR,-1.07,
TQBR,2018-11-19,ПИК ао,PIKK,836,69122841.0,350.5,348.0,352.5,351.5,351.0,351.5,196920,351.0,351.0,351.5,69122841.0,69122841.0,69122841.0,,3,SUR,0.46,
TQBR,2018-11-20,ПИК ао,PIKK,445,49289969.0,350.3,350.0,355.6,352.3,352.3,352.2,139920,352.3,352.3,352.3,49289969.0,49289969.0,49289969.0,,3,SUR,0.2,
TQBR,2018-11-21,ПИК ао,PIKK,746,80911957.0,350.0,350.0,358.4,355.3,354.0,355.3,228580,354.0,354.0,355.3,80911957.0,80911957.0,80911957.0,,3,SUR,0.88,
TQBR,2018-11-22,ПИК ао,PIKK,571,44966670.0,353.8,352.3,356.6,354.3,355.1,354.3,126640,355.1,355.1,354.3,44966670.0,44966670.0,44966670.0,,3,SUR,-0.28,
TQBR,2018-11-23,ПИК ао,PIKK,504,33195447.0,355.1,350.9,355.1,353.7,353.5,353.7,93900,353.5,353.5,353.7,33195447.0,33195447.0,33195447.0,,3,SUR,-0.17,
TQBR,2018-11-26,ПИК ао,PIKK,1634,69019398.0,352.1,347.2,352.3,348.4,350.9,348.4,196680,350.9,350.9,348.4,69019398.0,69019398.0,69019398.0,,3,SUR,-1.5,
TQBR,2018-11-27,ПИК ао,PIKK,907,66141653.0,347.0,346.6,351.4,350.6,349.8,350.6,189080,349.8,349.8,350.6,66141653.0,66141653.0,66141653.0,,3,SUR,0.63,
TQBR,2018-11-28,ПИК ао,PIKK,311,42180067.0,350.0,349.6,353.7,352.2,351.8,352.2,119900,351.8,351.8,352.2,42180067.0,42180067.0,42180067.0,,3,SUR,0.46,
TQBR,2018-11-29,ПИК ао,PIKK,746,65769525.0,352.7,349.7,358.3,356.2,354.5,356.2,185550,354.5,354.5,356.2,65769525.0,65769525.0,65769525.0,,3,SUR,1.14,
TQBR,2018-11-30,ПИК ао,PIKK,1110,67737099.0,357.6,349.8,357.6,351.1,351.4,351.1,192790,351.4,351.4,351.1,67737099.0,67737099.0,67737099.0,,3,SUR,-1.43,
TQBR,2018-12-03,ПИК ао,PIKK,883,31400240.0,350.4,349.2,353.2,351.0,351.7,351.0,89280,351.7,351.7,351.0,31400240.0,31400240.0,31400240.0,,3,SUR,-0.03,
TQBR,2018-12-04,ПИК ао,PIKK,543,45054254.0,350.0,348.7,352.9,351.5,350.9,351.5,128410,350.9,350.9,351.5,45054254.0,45054254.0,45054254.0,,3,SUR,0.14,
TQBR,2018-12-05,ПИК ао,PIKK,621,60085673.0,349.5,349.5,353.3,352.0,351.7,352.0,170850,351.7,351.7,352.0,60085673.0,60085673.0,60085673.0,,3,SUR,0.14,
TQBR,2018-12-06,ПИК ао,PIKK,596,54829086.0,351.9,350.1,352.9,352.9,352.2,352.9,155670,352.2,352.2,352.9,54829086.0,54829086.0,54829086.0,,3,SUR,0.26,
TQBR,2018-12-07,ПИК ао,PIKK,482,49595833.0,352.0,351.9,356.7,355.0,355.1,355.0,139650,355.1,355.1,355.0,49595833.0,49595833.0,49595833.0,,3,SUR,0.6,
TQBR,2018-12-10,ПИК ао,PIKK,601,58776275.0,352.5,351.8,356.7,356.2,353.8,356.1,166130,353.8,353.8,356.2,58776275.0,58776275.0,58776275.0,,3,SUR,0.31,
TQBR,2018-12-11,ПИК ао,PIKK,432,47968494.0,356.7,354.9,357.8,354.9,356.3,354.9,134620,356.3,356.3,354.9,47968494.0,47968494.0,47968494.0,,3,SUR,-0.34,
TQBR,2018-12-12,ПИК ао,PIKK,557,48614047.0,353.2,351.6,356.2,353.5,353.3,353.5,137590,353.3,353.3,353.5,48614047.0,48614047.0,48614047.0,,3,SUR,-0.39,
TQBR,2018-12-13,ПИК ао,PIKK,1010,49776923.0,354.3,349.2,354.3,352.0,351.1,352.0,141770,351.1,351.1,352.0,49776923.0,49776923.0,49776923.0,,3,SUR,-0.42,
TQBR,2018-12-14,ПИК ао,PIKK,675,52932797.0,352.5,348.0,353.5,352.4,350.3,352.4,151100,350.3,350.3,352.4,52932797.0,52932797.0,52932797.0,,3,SUR,0.11,
TQBR,2018-12-17,ПИК ао,PIKK,592,39310081.0,350.9,350.9,356.0,355.2,354.3,355.2,110960,354.3,354.3,355.2,39310081.0,39310081.0,39310081.0,,3,SUR,0.79,
TQBR,2018-12-18,ПИК ао,PIKK,699,40535854.0,355.5,355.0,357.5,357.5,356.5,357.5,113720,356.5,356.5,357.5,40535854.0,40535854.0,40535854.0,,3,SUR,0.65,
TQBR,2018-12-19,ПИК ао,PIKK,518,44948315.0,357.5,355.5,359.5,358.6,358.2,358.1,125500,358.2,358.2,358.6,44948315.0,44948315.0,44948315.0,,3,SUR,0.17,
TQBR,2018-12-20,ПИК ао,PIKK,790,28509586.0,357.2,355.6,362.2,361.8,360.3,361.8,79120,360.3,360.3,361.8,28509586.0,28509586.0,28509586.0,,3,SUR,1.03,
TQBR,2018-12-21,ПИК ао,PIKK,531,31907773.0,360.5,360.3,366.3,362.1,364.4,362.1,87570,364.4,364.4,362.1,31907773.0,31907773.0,31907773.0,,3,SUR,0.08,
TQBR,2018-12-24,ПИК ао,PIKK,437,32414243.0,363.7,363.1,370.0,369.4,367.1,369.7,88300,367.1,367.1,369.4,32414243.0,32414243.0,32414243.0,,3,SUR,2.1,
TQBR,2018-12-25,ПИК ао,PIKK,538,29049175.0,367.8,367.8,373.1,370.0,371.3,370.0,78240,371.3,371.3,370.0,29049175.0,29049175.0,29049175.0,,3,SUR,0.08,
TQBR,2018-12-26,ПИК ао,PIKK,610,34700900.0,373.5,369.8,376.4,376.4,373.6,376.4,92890,373.6,373.6,376.4,34700900.0,34700900.0,34700900.0,,3,SUR,1.73,
TQBR,2018-12-27,ПИК ао,PIKK,815,30275394.0,376.6,375.0,377.9,376.9,377.2,376.9,80270,377.2,377.2,376.9,30275394.0,30275394.0,30275394.0,,3,SUR,0.13,
TQBR,2018-12-28,ПИК ао,PIKK,881,65599341.0,377.9,373.3,377.9,375.6,377.0,375.6,174010,377.0,377.0,375.6,65599341.0,65599341.0,65599341.0,,3,SUR,-0.34,
TQBR,2018-12-29,ПИК ао,PIKK,391,26137277.0,376.9,374.0,377.7,376.3,376.4,376.3,69440,376.4,376.4,376.3,26137277.0,26137277.0,26137277.0,,3,SUR,0.19,
TQBR,2019-01-03,ПИК ао,PIKK,471,24047242.0,375.2,374.2,377.3,374.7,376.4,374.7,63890,376.4,376.4,374.7,24047242.0,24047242.0,24047242.0,,3,SUR,-0.43,
TQBR,2019-01-04,ПИК ао,PIKK,247,14023687.0,376.6,373.2,376.6,375.2,375.2,375.2,37380,375.2,375.2,375.2,14023687.0,14023687.0,14023687.0,,3,SUR,0.13,
TQBR,2019-01-08,ПИК ао,PIKK,349,16253665.0,375.4,374.0,377.9,376.6,376.3,376.6,43190,376.3,376.3,376.6,16253665.0,16253665.0,16253665.0,,3,SUR,0.37,
TQBR,2019-01-09,ПИК ао,PIKK,647,16881510.0,376.3,373.1,378.3,374.7,375.4,374.7,44970,375.4,375.4,374.7,16881510.0,16881510.0,16881510.0,,3,SUR,-0.5,
TQBR,2019-01-10,ПИК ао,PIKK,286,16121089.0,373.2,371.6,374.6,374.2,372.7,374.2,43250,372.7,372.7,374.2,16121089.0,16121089.0,16121089.0,,3,SUR,-0.13,
TQBR,2019-01-11,ПИК ао,PIKK,415,26848100.0,375.4,368.9,375.5,368.9,371.2,368.9,72320,371.2,371.2,368.9,26848100.0,26848100.0,26848100.0,,3,SUR,-1.42,
TQBR,2019-01-14,ПИК ао,PIKK,612,41069108.0,370.0,367.3,370.2,368.1,368.6,368.1,111410,368.6,368.6,368.1,41069108.0,41069108.0,41069108.0,,3,SUR,-0.22,
TQBR,2019-01-15,ПИК ао,PIKK,646,29102457.0,369.7,367.9,371.3,369.8,370.2,369.8,78610,370.2,370.2,369.8,29102457.0,29102457.0,29102457.0,,3,SUR,0.46,
TQBR,2019-01-16,ПИК ао,PIKK,431,25760550.0,368.9,362.8,371.2,363.0,366.5,363.0,70280,366.5,366.5,363.0,25760550.0,25760550.0,25760550.0,,3,SUR,-1.84,
TQBR,2019-01-17,ПИК ао,PIKK,622,21296509.0,365.0,357.4,365.0,358.2,359.6,358.2,59220,359.6,359.6,358.2,21296509.0,21296509.0,21296509.0,,3,SUR,-1.32,
TQBR,2019-01-18,ПИК ао,PIKK,669,22820333.0,359.2,355.0,359.8,357.9,357.7,357.9,63800,357.7,357.7,357.9,22820333.0,22820333.0,22820333.0,,3,SUR,-0.08,
TQBR,2019-01-21,ПИК ао,PIKK,558,32805333.0,358.5,357.9,362.1,361.1,360.6,361.1,90980,360.6,360.6,361.1,32805333.0,32805333.0,32805333.0,,3,SUR,0.89,
TQBR,2019-01-22,ПИК ао,PIKK,351,28221298.0,362.4,360.3,363.0,362.9,362.2,362.9,77910,362.2,362.2,362.9,28221298.0,28221298.0,28221298.0,,3,SUR,0.5,
TQBR,2019-01-23,ПИК ао,PIKK,502,33208943.0,364.3,360.0,364.6,362.3,363.1,362.3,91460,363.1,363.1,362.3,33208943.0,33208943.0,33208943.0,,3,SUR,-0.17,
TQBR,2019-01-24,ПИК ао,PIKK,536,26184194.0,360.9,360.3,363.5,362.1,361.6,362.1,72420,361.6,361.6,362.1,26184194.0,26184194.0,26184194.0,,3,SUR,-0.06,
TQBR,2019-01-25,ПИК ао,PIKK,333,27895540.0,363.6,360.1,363.8,361.2,361.1,361.2,77250,361.1,361.1,361.2,27895540.0,27895540.0,27895540.0,,3,SUR,-0.25,
TQBR,2019-01-28,ПИК ао,PIKK,247,26356796.0,362.8,359.7,362.8,360.8,360.7,360.8,73080,360.7,360.7,360.8,26356796.0,26356796.0,26356796.0,,3,SUR,-0.11,
TQBR,2019-01-29,ПИК ао,PIKK,534,33495303.0,361.0,356.1,362.3,358.6,358.3,358.6,93480,358.3,358.3,358.6,33495303.0,33495303.0,33495303.0,,3,SUR,-0.61,
TQBR,2019-01-30,ПИК ао,PIKK,598,33616636.0,356.0,355.0,359.8,358.5,356.2,358.5,94370,356.2,356.2,358.5,33616636.0,33616636.0,33616636.0,,3,SUR,-0.03,
TQBR,2019-01-31,ПИК ао,PIKK,950,17163856.0,360.8,351.5,360.8,352.0,354.3,352.0,48440,354.3,354.3,352.0,17163856.0,17163856.0,17163856.0,,3,SUR,-1.81,
TQBR,2019-02-01,ПИК ао,PIKK,387,19211649.0,353.5,352.0,354.9,352.5,353.4,352.5,54370,353.4,353.4,352.5,19211649.0,19211649.0,19211649.0,,3,SUR,0.14,
TQBR,2019-02-04,ПИК ао,PIKK,340,13143523.0,351.7,351.0,355.6,355.6,354.0,355.6,37130,354.0,354.0,355.6,13143523.0,13143523.0,13143523.0,,3,SUR,0.88,
TQBR,2019-02-05,ПИК ао,PIKK,336,19228393.0,354.5,354.1,357.4,356.0,355.6,356.0,54080,355.6,355.6,356.0,19228393.0,19228393.0,19228393.0,,3,SUR,0.11,
TQBR,2019-02-06,ПИК ао,PIKK,212,13757290.0,356.6,354.5,357.6,356.0,356.2,356.0,38620,356.2,356.2,356.0,13757290.0,13757290.0,13757290.0,,3,SUR,0.0,
TQBR,2019-02-07,ПИК ао,PIKK,295,21440854.0,353.5,353.5,357.3,356.7,355.3,356.7,60350,355.3,355.3,356.7,21440854.0,21440854.0,21440854.0,,3,SUR,0.2,
TQBR,2019-02-08,ПИК ао,PIKK,372,21033715.0,355.8,355.3,358.5,355.8,357.0,355.8,58910,357.0,357.0,355.8,21033715.0,21033715.0,21033715.0,,3,SUR,-0.25,
TQBR,2019-02-11,ПИК ао,PIKK,393,25429774.0,355.6,351.2,356.7,352.3,352.3,352.3,72190,352.3,352.3,352.3,25429774.0,25429774.0,25429774.0,,3,SUR,-0.98,
TQBR,2019-02-12,ПИК ао,PIKK,333,27652870.0,351.8,350.4,352.5,351.8,351.1,351.8,78760,351.1,351.1,351.8,27652870.0,27652870.0,27652870.0,,3,SUR,-0.14,
TQBR,2019-02-13,ПИК ао,PIKK,248,22536359.0,350.0,350.0,353.2,350.9,350.8,351.0,64240,350.8,350.8,350.9,22536359.0,22536359.0,22536359.0,,3,SUR,-0.23,
TQBR,2019-02-14,ПИК ао,PIKK,1109,28619343.0,352.2,347.4,353.4,352.1,351.7,351.6,81370,351.7,351.7,352.1,28619343.0,28619343.0,28619343.0,,3,SUR,0.17,
TQBR,2019-02-15,ПИК ао,PIKK,492,33504825.0,352.1,351.0,355.0,355.0,351.8,355.0,95230,351.8,351.8,355.0,33504825.0,33504825.0,33504825.0,,3,SUR,0.97,
TQBR,2019-02-18,ПИК ао,PIKK,666,25174227.0,354.0,351.6,356.6,352.0,352.4,352.0,71440,352.4,352.4,352.0,25174227.0,25174227.0,25174227.0,,3,SUR,-0.85,
TQBR,2019-02-19,ПИК ао,PIKK,763,48785294.0,353.5,351.1,355.7,354.4,352.6,354.4,138340,352.6,352.6,354.4,48785294.0,48785294.0,48785294.0,,3,SUR,0.68,
TQBR,2019-02-20,ПИК ао,PIKK,813,42401966.0,355.7,354.1,357.5,357.5,354.8,357.5,119520,354.8,354.8,357.5,42401966.0,42401966.0,42401966.0,,3,SUR,0.87,
TQBR,2019-02-21,ПИК ао,PIKK,994,37792587.0,357.2,354.9,357.2,355.3,355.5,355.3,106310,355.5,355.5,355.3,37792587.0,37792587.0,37792587.0,,3,SUR,-0.62,
TQBR,2019-02-22,ПИК ао,PIKK,187,19969649.0,354.1,354.0,357.3,355.7,356.5,355.4,56010,356.5,356.5,355.7,19969649.0,19969649.0,19969649.0,,3,SUR,0.03,
TQBR,2019-02-25,ПИК ао,PIKK,411,25217322.0,353.0,353.0,359.5,359.3,358.5,359.5,70350,358.5,358.5,359.3,25217322.0,25217322.0,25217322.0,,3,SUR,1.15,
TQBR,2019-02-26,ПИК ао,PIKK,322,22276000.0,357.4,357.4,361.3,361.0,359.7,361.0,61930,359.7,359.7,361.0,22276000.0,22276000.0,22276000.0,,3,SUR,0.42,
TQBR,2019-02-27,ПИК ао,PIKK,473,21628740.0,361.9,361.3,363.0,362.7,362.4,363.0,59690,362.4,362.4,362.7,21628740.0,21628740.0,21628740.0,,3,SUR,0.55,
TQBR,2019-02-28,ПИК ао,PIKK,379,21349011.0,362.0,355.2,362.0,359.0,358.4,359.0,59570,358.4,358.4,359.0,21349011.0,21349011.0,21349011.0,,3,SUR,-1.1,
TQBR,2019-03-01,ПИК ао,PIKK,651,22354988.0,360.2,354.7,360.3,355.9,355.6,355.9,62860,355.6,355.6,355.9,22354988.0,22354988.0,22354988.0,,3,SUR,-0.86,
TQBR,2019-03-04,ПИК ао,PIKK,849,51409338.0,359.9,353.1,359.9,355.0,354.6,355.0,144980,354.6,354.6,355.0,51409338.0,51409338.0,51409338.0,,3,SUR,-0.25,
TQBR,2019-03-05,ПИК ао,PIKK,740,36012639.0,353.2,352.7,355.8,354.8,353.1,354.8,101990,353.1,353.1,354.8,36012639.0,36012639.0,36012639.0,,3,SUR,-0.06,
TQBR,2019-03-06,ПИК ао,PIKK,946,47577933.0,354.8,352.0,356.0,352.1,353.3,352.1,134650,353.3,353.3,352.1,47577933.0,47577933.0,47577933.0,,3,SUR,-0.76,
TQBR,2019-03-07,ПИК ао,PIKK,916,35065245.0,352.1,352.0,353.8,352.5,352.6,352.5,99460,352.6,352.6,352.5,35065245.0,35065245.0,35065245.0,,3,SUR,0.11,
TQBR,2019-03-11,ПИК ао,PIKK,847,35278724.0,353.6,352.1,354.6,353.1,353.0,354.2,99940,353.0,353.0,353.1,35278724.0,35278724.0,35278724.0,,3,SUR,0.48,
TQBR,2019-03-12,ПИК ао,PIKK,943,42066649.0,354.0,352.7,355.0,353.2,353.1,353.2,119140,353.1,353.1,353.2,42066649.0,42066649.0,42066649.0,,3,SUR,-0.28,
TQBR,2019-03-13,ПИК ао,PIKK,960,50000205.0,353.3,352.3,354.8,353.8,353.0,353.8,141630,353.0,353.0,353.8,50000205.0,50000205.0,50000205.0,,3,SUR,0.17,
TQBR,2019-03-14,ПИК ао,PIKK,862,43789037.0,354.7,351.1,354.7,352.0,351.7,352.0,124490,351.7,351.7,352.0,43789037.0,43789037.0,43789037.0,,3,SUR,-0.51,
TQBR,2019-03-15,ПИК ао,PIKK,294,23149794.0,353.3,351.1,353.4,352.2,352.3,352.2,65710,352.3,352.3,352.2,23149794.0,23149794.0,23149794.0,,3,SUR,0.06,
TQBR,2019-03-18,ПИК ао,PIKK,420,21832566.0,351.7,351.3,353.8,353.8,352.4,353.8,61950,352.4,352.4,353.8,21832566.0,21832566.0,21832566.0,,3,SUR,0.45,
TQBR,2019-03-19,ПИК ао,PIKK,558,32124585.0,354.9,352.3,354.9,353.2,352.7,353.2,91070,352.7,352.7,353.2,32124585.0,32124585.0,32124585.0,,3,SUR,-0.17,
TQBR,2019-03-20,ПИК ао,PIKK,295,23828814.0,354.4,351.7,354.4,353.0,352.3,353.0,67630,352.3,352.3,353.0,23828814.0,23828814.0,23828814.0,,3,SUR,-0.06,
TQBR,2019-03-21,ПИК ао,PIKK,549,23799018.0,354.0,352.1,354.8,354.5,353.9,354.5,67240,353.9,353.9,354.5,23799018.0,23799018.0,23799018.0,,3,SUR,0.42,
TQBR,2019-03-22,ПИК ао,PIKK,577,26090154.0,355.4,352.9,355.9,354.8,355.3,354.8,73440,355.3,355.3,354.8,26090154.0,26090154.0,26090154.0,,3,SUR,0.08,
TQBR,2019-03-25,ПИК ао,PIKK,458,21917058.0,355.3,351.5,355.3,352.0,353.4,352.0,62020,353.4,353.4,352.0,21917058.0,21917058.0,21917058.0,,3,SUR,-0.79,
TQBR,2019-03-26,ПИК ао,PIKK,438,38492228.0,351.2,351.0,353.5,353.3,352.6,353.3,109160,352.6,352.6,353.3,38492228.0,38492228.0,38492228.0,,3,SUR,0.37,
TQBR,2019-03-27,ПИК ао,PIKK,467,32954468.0,357.7,351.8,357.7,353.5,353.4,353.5,93250,353.4,353.4,353.5,32954468.0,32954468.0,32954468.0,,3,SUR,0.06,
TQBR,2019-03-28,ПИК ао,PIKK,554,29868504.0,354.7,352.0,354.8,354.8,353.7,354.8,84440,353.7,353.7,354.8,29868504.0,29868504.0,29868504.0,,3,SUR,0.37,
TQBR,2019-03-29,ПИК ао,PIKK,446,28308653.0,354.1,351.6,354.9,353.8,352.9,353.8,80220,352.9,352.9,353.8,28308653.0,28308653.0,28308653.0,,3,SUR,-0.28,
TQBR,2019-04-01,ПИК ао,PIKK,810,34658103.0,352.9,349.8,360.2,359.1,356.3,359.1,97260,356.3,356.3,359.1,34658103.0,34658103.0,34658103.0,,3,SUR,1.5,
TQBR,2019-04-02,ПИК ао,PIKK,768,27490447.0,359.3,358.3,368.0,368.0,363.9,368.0,75550,363.9,363.9,368.0,27490447.0,27490447.0,27490447.0,,3,SUR,2.48,
TQBR,2019-04-03,ПИК ао,PIKK,1021,44783944.0,366.7,365.9,380.0,378.4,373.7,378.4,119840,373.7,373.7,378.4,44783944.0,44783944.0,44783944.0,,3,SUR,2.83,
TQBR,2019-04-04,ПИК ао,PIKK,1106,27180590.0,375.7,363.7,429.7,366.6,369.2,366.6,73630,369.2,369.2,366.6,27180590.0,27180590.0,27180590.0,,3,SUR,-3.12,
TQBR,2019-04-05,ПИК ао,PIKK,720,41639731.0,366.1,359.2,366.1,360.1,360.0,360.1,115680,360.0,360.0,360.1,41639731.0,41639731.0,41639731.0,,3,SUR,-1.77,
TQBR,2019-04-08,ПИК ао,PIKK,551,32625264.0,361.7,357.5,362.8,359.9,361.1,359.9,90360,361.1,361.1,359.9,32625264.0,32625264.0,32625264.0,,3,SUR,-0.06,
TQBR,2019-04-09,ПИК ао,PIKK,367,18888360.0,358.5,358.4,362.5,358.6,359.2,358.6,52590,359.2,359.2,358.6,18888360.0,18888360.0,18888360.0,,3,SUR,-0.36,
TQBR,2019-04-10,ПИК ао,PIKK,576,39748468.0,359.8,354.8,360.1,357.0,355.6,357.0,111780,355.6,355.6,357.0,39748468.0,39748468.0,39748468.0,,3,SUR,-0.45,
TQBR,2019-04-11,ПИК ао,PIKK,806,38349984.0,355.8,354.0,356.1,355.7,354.7,356.1,108130,354.7,354.7,355.7,38349984.0,38349984.0,38349984.0,,3,SUR,-0.25,
TQBR,2019-04-12,ПИК ао,PIKK,619,35777211.0,357.2,355.2,358.0,355.2,356.4,355.2,100390,356.4,356.4,355.2,35777211.0,35777211.0,35777211.0,,3,SUR,-0.25,
TQBR,2019-04-15,ПИК ао,PIKK,538,38338263.0,356.5,354.0,356.7,354.9,355.2,355.8,107930,355.2,355.2,354.9,38338263.0,38338263.0,38338263.0,,3,SUR,0.17,
TQBR,2019-04-16,ПИК ао,PIKK,951,56964537.0,358.9,354.4,358.9,356.7,355.3,356.7,160350,355.3,355.3,356.7,56964537.0,56964537.0,56964537.0,,3,SUR,0.25,
TQBR,2019-04-17,ПИК ао,PIKK,331,22933297.0,356.9,355.4,358.0,358.0,357.1,358.0,64220,357.1,357.1,358.0,22933297.0,22933297.0,22933297.0,,3,SUR,0.36,
TQBR,2019-04-18,ПИК ао,PIKK,313,19642751.0,356.9,356.5,361.6,361.2,359.0,360.8,54720,359.0,359.0,361.2,19642751.0,19642751.0,19642751.0,,3,SUR,0.78,
TQBR,2019-04-19,ПИК ао,PIKK,336,21352122.0,362.6,360.7,365.2,364.2,362.8,364.2,58860,362.8,362.8,364.2,21352122.0,21352122.0,21352122.0,,3,SUR,0.94,
TQBR,2019-04-22,ПИК ао,PIKK,362,13841367.0,363.3,363.2,368.4,368.2,366.5,368.2,37770,366.5,366.5,368.2,13841367.0,13841367.0,13841367.0,,3,SUR,1.1,
TQBR,2019-04-23,ПИК ао,PIKK,507,21601160.0,368.4,366.6,371.0,371.0,368.1,371.0,58680,368.1,368.1,371.0,21601160.0,21601160.0,21601160.0,,3,SUR,0.76,
TQBR,2019-04-24,ПИК ао,PIKK,489,23415900.0,369.4,364.9,371.2,365.5,367.0,365.5,63810,367.0,367.0,365.5,23415900.0,23415900.0,23415900.0,,3,SUR,-1.48,
TQBR,2019-04-25,ПИК ао,PIKK,611,23160310.0,365.9,363.5,367.2,367.0,364.9,367.0,63470,364.9,364.9,367.0,23160310.0,23160310.0,23160310.0,,3,SUR,0.41,
TQBR,2019-04-26,ПИК ао,PIKK,320,19346719.0,366.4,365.5,368.5,365.9,366.3,365.9,52820,366.3,366.3,365.9,19346719.0,19346719.0,19346719.0,,3,SUR,-0.3,
TQBR,2019-04-29,ПИК ао,PIKK,403,24673916.0,366.7,364.1,367.1,366.6,365.4,367.1,67520,365.4,365.4,366.6,24673916.0,24673916.0,24673916.0,,3,SUR,0.33,
TQBR,2019-04-30,ПИК ао,PIKK,369,26203542.0,366.2,365.1,367.9,365.5,366.0,365.5,71590,366.0,366.0,365.5,26203542.0,26203542.0,26203542.0,,3,SUR,-0.44,
TQBR,2019-05-02,ПИК ао,PIKK,228,13607513.0,364.7,364.0,370.1,370.0,368.5,370.0,36930,368.5,368.5,370.0,13607513.0,13607513.0,13607513.0,,3,SUR,1.23,
TQBR,2019-05-03,ПИК ао,PIKK,502,5485503.0,371.4,369.8,374.2,374.2,372.7,374.2,14720,372.7,372.7,374.2,5485503.0,5485503.0,5485503.0,,3,SUR,1.14,
TQBR,2019-05-06,ПИК ао,PIKK,356,10799921.0,375.8,371.4,375.8,373.8,374.2,373.8,28860,374.2,374.2,373.8,10799921.0,10799921.0,10799921.0,,3,SUR,-0.11,
TQBR,2019-05-07,ПИК ао,PIKK,308,17666965.0,375.0,372.2,375.0,373.0,373.4,373.0,47320,373.4,373.4,373.0,17666965.0,17666965.0,17666965.0,,3,SUR,-0.21,
TQBR,2019-05-08,ПИК ао,PIKK,462,33516072.0,374.2,370.9,377.7,377.0,376.3,377.0,89070,376.3,376.3,377.0,33516072.0,33516072.0,33516072.0,,3,SUR,1.07,
TQBR,2019-05-10,ПИК ао,PIKK,384,5821110.0,378.7,377.4,380.7,378.4,379.0,378.4,15360,379.0,379.0,378.4,5821110.0,5821110.0,5821110.0,,3,SUR,0.37,
TQBR,2019-05-13,ПИК ао,PIKK,458,35392761.0,379.8,376.2,381.7,380.4,379.8,380.4,93190,379.8,379.8,380.4,35392761.0,35392761.0,35392761.0,,3,SUR,0.53,
TQBR,2019-05-14,ПИК ао,PIKK,690,36273694.0,382.0,380.3,384.1,384.1,382.9,384.1,94730,382.9,382.9,384.1,36273694.0,36273694.0,36273694.0,,3,SUR,0.97,
TQBR,2019-05-15,ПИК ао,PIKK,432,33270249.0,382.7,381.5,385.8,384.6,383.0,384.6,86860,383.0,383.0,384.6,33270249.0,33270249.0,33270249.0,,3,SUR,0.13,
TQBR,2019-05-16,ПИК ао,PIKK,312,30023610.0,384.1,383.2,386.4,386.2,385.5,386.2,77880,385.5,385.5,386.2,30023610.0,30023610.0,30023610.0,,3,SUR,0.42,
TQBR,2019-05-17,ПИК ао,PIKK,588,33829589.0,387.0,382.2,387.0,384.4,384.0,384.4,88090,384.0,384.0,384.4,33829589.0,33829589.0,33829589.0,,3,SUR,-0.47,
TQBR,2019-05-20,ПИК ао,PIKK,335,26213193.0,386.9,380.4,386.9,382.7,382.8,382.7,68470,382.8,382.8,382.7,26213193.0,26213193.0,26213193.0,,3,SUR,-0.44,
TQBR,2019-05-21,ПИК ао,PIKK,472,32874476.0,384.4,378.7,384.4,380.4,380.9,380.4,86310,380.9,380.9,380.4,32874476.0,32874476.0,32874476.0,,3,SUR,-0.6,
TQBR,2019-05-22,ПИК ао,PIKK,645,32314382.0,382.0,378.8,384.0,384.0,380.6,384.0,84900,380.6,380.6,384.0,32314382.0,32314382.0,32314382.0,,3,SUR,0.95,
TQBR,2019-05-23,ПИК ао,PIKK,330,22666353.0,384.0,381.0,386.1,381.6,382.9,381.5,59200,382.9,382.9,381.6,22666353.0,22666353.0,22666353.0,,3,SUR,-0.65,
TQBR,2019-05-24,ПИК ао,PIKK,386,37435875.0,382.9,382.1,386.2,386.2,385.3,386.2,97170,385.3,385.3,386.2,37435875.0,37435875.0,37435875.0,,3,SUR,1.23,
TQBR,2019-05-27,ПИК ао,PIKK,241,22957834.0,385.9,385.9,388.0,387.4,387.0,387.4,59320,387.0,387.0,387.4,22957834.0,22957834.0,22957834.0,,3,SUR,0.31,
TQBR,2019-05-28,ПИК ао,PIKK,506,32338182.0,387.2,386.1,389.0,387.8,387.6,387.6,83430,387.6,387.6,387.8,32338182.0,32338182.0,32338182.0,,3,SUR,0.05,
TQBR,2019-05-29,ПИК ао,PIKK,431,27491352.0,387.2,385.7,389.6,389.6,387.8,389.6,70890,387.8,387.8,389.6,27491352.0,27491352.0,27491352.0,,3,SUR,0.52,
TQBR,2019-05-30,ПИК ао,PIKK,754,67480827.0,389.9,388.8,390.3,389.9,389.7,389.9,173180,389.7,389.7,389.9,67480827.0,67480827.0,67480827.0,,3,SUR,0.08,
TQBR,2019-05-31,ПИК ао,PIKK,1195,47149538.0,372.6,366.0,373.2,368.4,368.2,368.4,128040,368.2,368.2,368.4,47149538.0,47149538.0,47149538.0,,3,SUR,-5.51,
TQBR,2019-06-03,ПИК ао,PIKK,718,40442333.0,368.0,363.5,368.3,366.2,366.4,366.2,110390,366.4,366.4,366.2,40442333.0,40442333.0,40442333.0,,3,SUR,-0.6,
TQBR,2019-06-04,ПИК ао,PIKK,1065,40899912.0,366.9,366.8,370.8,370.8,368.5,370.8,110980,368.5,368.5,370.8,40899912.0,40899912.0,40899912.0,,3,SUR,1.26,
TQBR,2019-06-05,ПИК ао,PIKK,613,16041716.0,371.7,367.1,372.5,367.1,368.9,367.1,43490,368.9,368.9,367.1,16041716.0,16041716.0,16041716.0,,3,SUR,-1.0,
TQBR,2019-06-06,ПИК ао,PIKK,567,31717462.0,369.8,367.5,371.0,371.0,368.5,371.0,86080,368.5,368.5,371.0,31717462.0,31717462.0,31717462.0,,3,SUR,1.06,
TQBR,2019-06-07,ПИК ао,PIKK,506,32356426.0,371.6,367.0,372.3,370.6,369.1,370.6,87670,369.1,369.1,370.6,32356426.0,32356426.0,32356426.0,,3,SUR,-0.11,
TQBR,2019-06-10,ПИК ао,PIKK,527,24872317.0,371.7,368.3,372.3,368.9,369.8,368.9,67260,369.8,369.8,368.9,24872317.0,24872317.0,24872317.0,,3,SUR,-0.46,
TQBR,2019-06-11,ПИК ао,PIKK,531,30157798.0,370.8,367.1,370.8,368.9,368.5,368.9,81850,368.5,368.5,368.9,30157798.0,30157798.0,30157798.0,,3,SUR,0.0,
TQBR,2019-06-13,ПИК ао,PIKK,672,29988850.0,369.4,367.3,370.6,369.9,368.5,369.9,81380,368.5,368.5,369.9,29988850.0,29988850.0,29988850.0,,3,SUR,0.27,
TQBR,2019-06-14,ПИК ао,PIKK,853,35944312.0,369.9,366.0,371.1,369.6,368.3,369.6,97590,368.3,368.3,369.6,35944312.0,35944312.0,35944312.0,,3,SUR,-0.08,
TQBR,2019-06-17,ПИК ао,PIKK,1083,27941524.0,368.5,367.1,370.4,370.0,369.0,370.0,75720,369.0,369.0,370.0,27941524.0,27941524.0,27941524.0,,3,SUR,0.11,
TQBR,2019-06-18,ПИК ао,PIKK,460,26226167.0,373.0,367.9,373.0,369.8,369.2,369.8,71040,369.2,369.2,369.8,26226167.0,26226167.0,26226167.0,,3,SUR,-0.05,
TQBR,2019-06-19,ПИК ао,PIKK,583,28387824.0,369.8,368.1,371.5,370.3,369.3,370.3,76870,369.3,369.3,370.3,28387824.0,28387824.0,28387824.0,,3,SUR,0.14,
TQBR,2019-06-20,ПИК ао,PIKK,902,29756482.0,371.9,368.8,371.9,370.6,369.9,370.6,80440,369.9,369.9,370.6,29756482.0,29756482.0,29756482.0,,3,SUR,0.08,
TQBR,2019-06-21,ПИК ао,PIKK,523,23486957.0,370.6,368.0,370.8,368.7,369.2,368.7,63610,369.2,369.2,368.7,23486957.0,23486957.0,23486957.0,,3,SUR,-0.51,
TQBR,2019-06-24,ПИК ао,PIKK,516,24905027.0,369.9,368.7,370.4,370.4,369.7,370.4,67370,369.7,369.7,370.4,24905027.0,24905027.0,24905027.0,,3,SUR,0.46,
TQBR,2019-06-25,ПИК ао,PIKK,430,28067342.0,369.2,369.1,372.9,372.8,371.3,372.8,75590,371.3,371.3,372.8,28067342.0,28067342.0,28067342.0,,3,SUR,0.65,
TQBR,2019-06-26,ПИК ао,PIKK,531,26895357.0,370.6,370.6,373.6,373.6,371.9,373.6,72310,371.9,371.9,373.6,26895357.0,26895357.0,26895357.0,,3,SUR,0.21,
TQBR,2019-06-27,ПИК ао,PIKK,350,22071694.0,373.3,372.7,375.1,373.6,374.1,373.6,59000,374.1,374.1,373.6,22071694.0,22071694.0,22071694.0,,3,SUR,0.0,
TQBR,2019-06-28,ПИК ао,PIKK,402,26884197.0,374.8,372.1,375.2,374.9,373.4,374.9,72000,373.4,373.4,374.9,26884197.0,26884197.0,26884197.0,,3,SUR,0.35,
TQBR,2019-07-01,ПИК ао,PIKK,439,26147086.0,374.8,373.4,376.5,374.1,374.7,374.1,69780,374.7,374.7,374.1,26147086.0,26147086.0,26147086.0,,3,SUR,-0.21,
TQBR,2019-07-02,ПИК ао,PIKK,370,25984431.0,373.5,372.5,374.8,374.1,373.8,374.1,69510,373.8,373.8,374.1,25984431.0,25984431.0,25984431.0,,3,SUR,0.0,
TQBR,2019-07-03,ПИК ао,PIKK,450,23961918.0,374.1,370.4,375.6,371.8,373.0,371.8,64240,373.0,373.0,371.8,23961918.0,23961918.0,23961918.0,,3,SUR,-0.61,
TQBR,2019-07-04,ПИК ао,PIKK,446,25702890.0,370.9,370.5,372.7,371.6,371.6,371.6,69170,371.6,371.6,371.6,25702890.0,25702890.0,25702890.0,,3,SUR,-0.05,
TQBR,2019-07-05,ПИК ао,PIKK,1026,50667550.0,371.8,371.6,378.0,378.0,375.8,378.0,134840,375.8,375.8,378.0,50667550.0,50667550.0,50667550.0,,3,SUR,1.72,
TQBR,2019-07-08,ПИК ао,PIKK,801,21734048.0,377.7,371.0,378.5,374.3,375.8,374.3,57840,375.8,375.8,374.3,21734048.0,21734048.0,21734048.0,,3,SUR,-0.98,
TQBR,2019-07-09,ПИК ао,PIKK,464,13418975.0,373.2,371.0,375.8,375.8,372.5,375.8,36020,372.5,372.5,375.8,13418975.0,13418975.0,13418975.0,,3,SUR,0.4,
TQBR,2019-07-10,ПИК ао,PIKK,527,17418414.0,374.5,373.5,376.0,375.4,375.1,375.4,46440,375.1,375.1,375.4,17418414.0,17418414.0,17418414.0,,3,SUR,-0.11,
TQBR,2019-07-11,ПИК ао,PIKK,422,14167192.0,374.4,374.1,376.9,376.9,375.3,376.9,37750,375.3,375.3,376.9,14167192.0,14167192.0,14167192.0,,3,SUR,0.4,
TQBR,2019-07-12,ПИК ао,PIKK,1045,22002323.0,374.8,372.7,376.6,375.6,375.3,375.6,58630,375.3,375.3,375.6,22002323.0,22002323.0,22002323.0,,3,SUR,-0.34,
TQBR,2019-07-15,ПИК ао,PIKK,1135,31778966.0,374.4,373.1,380.3,379.0,377.3,379.0,84230,377.3,377.3,379.0,31778966.0,31778966.0,31778966.0,,3,SUR,0.91,
TQBR,2019-07-16,ПИК ао,PIKK,947,14721443.0,380.0,378.4,381.8,380.9,380.3,380.9,38710,380.3,380.3,380.9,14721443.0,14721443.0,14721443.0,,3,SUR,0.5,
TQBR,2019-07-17,ПИК ао,PIKK,601,10260443.0,380.1,380.1,384.8,383.9,383.9,383.9,26730,383.9,383.9,383.9,10260443.0,10260443.0,10260443.0,,3,SUR,0.79,
TQBR,2019-07-18,ПИК ао,PIKK,909,23975824.0,385.0,379.0,387.2,383.7,382.8,383.7,62630,382.8,382.8,383.7,23975824.0,23975824.0,23975824.0,,3,SUR,-0.05,
TQBR,2019-07-19,ПИК ао,PIKK,523,10556466.0,385.2,378.0,385.2,379.6,380.8,379.6,27720,380.8,380.8,379.6,10556466.0,10556466.0,10556466.0,,3,SUR,-1.07,
TQBR,2019-07-22,ПИК ао,PIKK,403,34062363.0,379.9,379.0,382.4,379.0,380.0,379.3,89640,380.0,380.0,379.0,34062363.0,34062363.0,34062363.0,,3,SUR,-0.08,
TQBR,2019-07-23,ПИК ао,PIKK,782,66407601.0,380.4,378.6,383.0,382.2,380.0,382.2,174770,380.0,380.0,382.2,66407601.0,66407601.0,66407601.0,,3,SUR,0.76,
TQBR,2019-07-24,ПИК ао,PIKK,525,55383028.0,382.9,380.6,384.0,383.2,381.8,383.2,145050,381.8,381.8,383.2,55383028.0,55383028.0,55383028.0,,3,SUR,0.26,
TQBR,2019-07-25,ПИК ао,PIKK,646,8899726.0,383.0,382.1,387.0,387.0,384.6,387.0,23140,384.6,384.6,387.0,8899726.0,8899726.0,8899726.0,,3,SUR,0.99,
TQBR,2019-07-26,ПИК ао,PIKK,1684,35289371.0,383.7,382.7,388.8,386.9,384.8,387.2,91710,384.8,384.8,386.9,35289371.0,35289371.0,35289371.0,,3,SUR,0.05,
TQBR,2019-07-29,ПИК ао,PIKK,1213,21184174.0,389.2,386.1,398.3,396.7,391.4,396.7,53800,393.8,393.8,396.7,21184174.0,21184174.0,21184174.0,,3,SUR,2.45,
TQBR,2019-07-30,ПИК ао,PIKK,640,7154121.0,396.9,395.1,398.5,396.2,396.8,396.2,18030,396.8,396.8,396.2,7154121.0,7154121.0,7154121.0,,3,SUR,-0.13,
TQBR,2019-07-31,ПИК ао,PIKK,451,5512823.0,396.2,395.0,398.5,395.0,396.9,395.0,13890,396.9,396.9,395.0,5512823.0,5512823.0,5512823.0,,3,SUR,-0.3,
TQBR,2019-08-01,ПИК ао,PIKK,668,8283879.0,390.0,388.8,393.6,393.6,391.9,393.6,21140,391.9,391.9,393.6,8283879.0,8283879.0,8283879.0,,3,SUR,-0.35,
TQBR,2019-08-02,ПИК ао,PIKK,451,5379428.0,387.6,386.2,393.9,393.9,392.1,393.9,13720,392.1,392.1,393.9,5379428.0,5379428.0,5379428.0,,3,SUR,0.08,
TQBR,2019-08-05,ПИК ао,PIKK,974,11896581.0,392.5,392.5,405.0,404.0,397.2,404.0,29950,397.2,397.2,404.0,11896581.0,11896581.0,11896581.0,,3,SUR,2.56,
TQBR,2019-08-06,ПИК ао,PIKK,1867,55394430.0,406.0,387.0,415.0,397.2,400.1,397.2,138450,400.1,400.1,397.2,55394430.0,55394430.0,55394430.0,,3,SUR,-1.68,
TQBR,2019-08-07,ПИК ао,PIKK,1196,28537413.0,395.9,387.2,402.5,388.4,395.5,388.4,72160,395.5,395.5,388.4,28537413.0,28537413.0,28537413.0,,3,SUR,-2.22,
TQBR,2019-08-08,ПИК ао,PIKK,581,12427841.0,392.0,384.2,394.4,384.2,388.4,384.2,32000,388.4,388.4,384.2,12427841.0,12427841.0,12427841.0,,3,SUR,-1.08,
TQBR,2019-08-09,ПИК ао,PIKK,859,36334169.0,385.9,380.0,386.5,381.8,382.5,381.8,95000,382.5,382.5,381.8,36334169.0,36334169.0,36334169.0,,3,SUR,-0.62,
TQBR,2019-08-12,ПИК ао,PIKK,638,28771985.0,383.2,379.4,384.6,382.1,380.6,382.1,75600,380.6,380.6,382.1,28771985.0,28771985.0,28771985.0,,3,SUR,0.08,
TQBR,2019-08-13,ПИК ао,PIKK,1095,44367876.0,381.6,377.5,382.4,378.1,379.1,378.1,117020,379.1,379.1,378.1,44367876.0,44367876.0,44367876.0,,3,SUR,-1.05,
TQBR,2019-08-14,ПИК ао,PIKK,886,37831854.0,377.4,376.0,379.8,379.2,377.5,379.2,100220,377.5,377.5,379.2,37831854.0,37831854.0,37831854.0,,3,SUR,0.29,
TQBR,2019-08-15,ПИК ао,PIKK,674,40232793.0,380.3,376.5,381.5,377.7,378.0,377.7,106450,378.0,378.0,377.7,40232793.0,40232793.0,40232793.0,,3,SUR,-0.4,
TQBR,2019-08-16,ПИК ао,PIKK,387,25212381.0,381.3,376.1,381.3,376.1,377.0,376.1,66880,377.0,377.0,376.1,25212381.0,25212381.0,25212381.0,,3,SUR,-0.42,
TQBR,2019-08-19,ПИК ао,PIKK,559,24567343.0,376.5,376.2,382.4,382.4,379.7,382.4,64710,379.7,379.7,382.4,24567343.0,24567343.0,24567343.0,,3,SUR,1.68,
TQBR,2019-08-20,ПИК ао,PIKK,597,29868739.0,386.0,381.3,386.7,381.4,382.7,381.4,78050,382.7,382.7,381.4,29868739.0,29868739.0,29868739.0,,3,SUR,-0.26,
TQBR,2019-08-21,ПИК ао,PIKK,507,28368193.0,381.7,381.4,387.3,384.6,383.7,384.6,73940,383.7,383.7,384.6,28368193.0,28368193.0,28368193.0,,3,SUR,0.84,
TQBR,2019-08-22,ПИК ао,PIKK,736,26544240.0,385.7,382.0,386.1,382.7,383.5,382.7,69220,383.5,383.5,382.7,26544240.0,26544240.0,26544240.0,,3,SUR,-0.49,
TQBR,2019-08-23,ПИК ао,PIKK,576,27440287.0,384.2,381.5,384.3,384.3,382.6,384.3,71720,382.6,382.6,384.3,27440287.0,27440287.0,27440287.0,,3,SUR,0.42,
TQBR,2019-08-26,ПИК ао,PIKK,494,31154402.0,383.1,381.5,385.7,381.7,382.8,381.7,81430,382.6,382.6,381.7,31154402.0,31154402.0,31154402.0,,3,SUR,-0.68,
TQBR,2019-08-27,ПИК ао,PIKK,673,48619593.0,382.9,380.0,385.5,380.0,382.4,380.0,127140,382.4,382.4,380.0,48619593.0,48619593.0,48619593.0,,3,SUR,-0.45,
TQBR,2019-08-28,ПИК ао,PIKK,783,35120113.0,379.4,379.3,385.0,384.4,383.1,384.4,91680,383.1,383.1,384.4,35120113.0,35120113.0,35120113.0,,3,SUR,1.16,
TQBR,2019-08-29,ПИК ао,PIKK,877,31040863.0,384.8,383.7,389.4,385.4,386.9,385.4,80240,386.9,386.9,385.4,31040863.0,31040863.0,31040863.0,,3,SUR,0.26,
TQBR,2019-08-30,ПИК ао,PIKK,412,18047932.0,385.7,385.0,389.1,387.3,388.1,387.3,46500,388.1,388.1,387.3,18047932.0,18047932.0,18047932.0,,3,SUR,0.49,
TQBR,2019-09-02,ПИК ао,PIKK,455,29046865.0,390.0,386.7,390.9,387.9,388.1,387.9,74850,388.1,388.1,387.9,29046865.0,29046865.0,29046865.0,,3,SUR,0.15,
TQBR,2019-09-03,ПИК ао,PIKK,765,34449160.0,388.0,385.1,389.5,385.1,386.3,385.1,89170,386.3,386.3,385.1,34449160.0,34449160.0,34449160.0,,3,SUR,-0.72,
TQBR,2019-09-04,ПИК ао,PIKK,981,38237663.0,387.9,383.9,387.9,385.7,385.7,385.7,99150,385.7,385.7,385.7,38237663.0,38237663.0,38237663.0,,3,SUR,0.16,
TQBR,2019-09-05,ПИК ао,PIKK,443,17762244.0,385.8,384.3,387.2,384.8,385.9,384.8,46030,385.9,385.9,384.8,17762244.0,17762244.0,17762244.0,,3,SUR,-0.23,
TQBR,2019-09-06,ПИК ао,PIKK,550,25898956.0,385.4,384.3,387.8,386.0,386.4,386.0,67030,386.4,386.4,386.0,25898956.0,25898956.0,25898956.0,,3,SUR,0.31,
TQBR,2019-09-09,ПИК ао,PIKK,417,31692724.0,388.2,386.0,389.0,387.0,387.8,387.0,81730,387.8,387.8,387.0,31692724.0,31692724.0,31692724.0,,3,SUR,0.26,
TQBR,2019-09-10,ПИК ао,PIKK,755,29469535.0,390.1,387.0,390.3,388.1,388.3,388.1,75900,388.3,388.3,388.1,29469535.0,29469535.0,29469535.0,,3,SUR,0.28,
TQBR,2019-09-11,ПИК ао,PIKK,735,27662362.0,389.4,386.6,390.5,388.3,388.7,388.3,71170,388.7,388.7,388.3,27662362.0,27662362.0,27662362.0,,3,SUR,0.05,
TQBR,2019-09-12,ПИК ао,PIKK,832,24345006.0,386.9,386.7,391.4,389.4,389.6,389.2,62480,389.6,389.6,389.4,24345006.0,24345006.0,24345006.0,,3,SUR,0.23,
TQBR,2019-09-13,ПИК ао,PIKK,714,35198680.0,388.5,387.7,391.1,390.9,389.3,390.9,90410,389.3,389.3,390.9,35198680.0,35198680.0,35198680.0,,3,SUR,0.44,
TQBR,2019-09-16,ПИК ао,PIKK,692,20144205.0,388.1,388.1,392.7,390.0,390.3,391.2,51610,390.3,390.3,390.0,20144205.0,20144205.0,20144205.0,,3,SUR,0.08,
TQBR,2019-09-17,ПИК ао,PIKK,490,19656086.0,391.0,389.1,392.1,392.1,390.5,392.1,50340,390.5,390.5,392.1,19656086.0,19656086.0,19656086.0,,3,SUR,0.23,
TQBR,2019-09-18,ПИК ао,PIKK,731,20452698.0,390.5,389.9,393.6,390.4,390.8,390.4,52330,390.8,390.8,390.4,20452698.0,20452698.0,20452698.0,,3,SUR,-0.43,
TQBR,2019-09-19,ПИК ао,PIKK,1020,35153624.0,391.6,390.0,392.7,390.0,391.1,390.0,89890,391.1,391.1,390.0,35153624.0,35153624.0,35153624.0,,3,SUR,-0.1,
TQBR,2019-09-20,ПИК ао,PIKK,618,16129247.0,389.9,386.8,402.0,402.0,392.2,402.0,41120,392.2,392.2,402.0,16129247.0,16129247.0,16129247.0,,3,SUR,3.08,
TQBR,2019-09-23,ПИК ао,PIKK,673,13792177.0,397.3,387.7,397.5,390.9,390.1,390.9,35360,390.1,390.1,390.9,13792177.0,13792177.0,13792177.0,,3,SUR,-2.76,
TQBR,2019-09-24,ПИК ао,PIKK,696,26558458.0,391.8,386.8,393.2,387.9,388.7,387.9,68330,388.7,388.7,387.9,26558458.0,26558458.0,26558458.0,,3,SUR,-0.77,
TQBR,2019-09-25,ПИК ао,PIKK,571,28921806.0,387.0,385.5,388.8,387.0,387.2,387.0,74700,387.2,387.2,387.0,28921806.0,28921806.0,28921806.0,,3,SUR,-0.23,
TQBR,2019-09-26,ПИК ао,PIKK,900,18784484.0,388.5,388.4,399.1,397.0,392.6,397.0,47850,392.6,392.6,397.0,18784484.0,18784484.0,18784484.0,,3,SUR,2.58,
TQBR,2019-09-27,ПИК ао,PIKK,555,24104679.0,396.1,395.0,401.1,399.8,399.2,399.8,60390,399.2,399.2,399.8,24104679.0,24104679.0,24104679.0,,3,SUR,0.71,
TQBR,2019-09-30,ПИК ао,PIKK,897,42673329.0,398.3,392.2,401.5,400.5,395.0,400.5,108040,395.0,395.0,400.5,42673329.0,42673329.0,42673329.0,,3,SUR,0.18,
TQBR,2019-10-01,ПИК ао,PIKK,498,19209767.0,402.3,395.7,402.3,395.7,397.5,395.7,48330,397.5,397.5,395.7,19209767.0,19209767.0,19209767.0,,3,SUR,-1.2,
TQBR,2019-10-02,ПИК ао,PIKK,756,32581889.0,394.4,386.7,397.8,388.1,389.6,388.1,83620,389.6,389.6,388.1,32581889.0,32581889.0,32581889.0,,3,SUR,-1.92,
TQBR,2019-10-03,ПИК ао,PIKK,1249,78297427.0,386.6,383.0,396.6,388.2,391.3,388.2,200110,391.3,391.3,388.2,78297427.0,78297427.0,78297427.0,,3,SUR,0.03,
TQBR,2019-10-04,ПИК ао,PIKK,1334,56165836.0,386.7,386.6,400.0,399.5,395.9,399.5,142950,392.9,392.9,399.5,56165836.0,56165836.0,56165836.0,,3,SUR,2.91,
TQBR,2019-10-07,ПИК ао,PIKK,1788,116212571.0,390.3,371.8,398.5,385.9,390.1,385.9,297930,390.1,390.1,385.9,116212571.0,116212571.0,116212571.0,,3,SUR,-3.4,
TQBR,2019-10-08,ПИК ао,PIKK,1333,136811001.0,394.0,383.3,398.0,395.0,391.3,395.0,351340,389.4,389.4,395.0,136811001.0,136811001.0,136811001.0,,3,SUR,2.36,
TQBR,2019-10-09,ПИК ао,PIKK,2185,304647288.0,398.0,385.0,398.0,385.0,391.0,385.0,779390,390.9,390.9,385.0,304647288.0,304647288.0,304647288.0,,3,SUR,-2.53,
TQBR,2019-10-10,ПИК ао,PIKK,53877,1757247675.0,349.0,340.1,349.6,342.0,345.4,342.0,5094920,344.9,344.9,342.0,1757247675.0,1757247675.0,1757247675.0,,3,SUR,-11.17,
TQBR,2019-10-11,ПИК ао,PIKK,7630,331857178.0,344.0,330.0,345.2,338.5,343.7,338.5,973380,340.9,340.9,338.5,331857178.0,331857178.0,331857178.0,,3,SUR,-1.02,
TQBR,2019-10-14,ПИК ао,PIKK,1948,59709997.0,339.3,333.1,341.7,337.0,339.1,337.0,176090,339.1,339.1,337.0,59709997.0,59709997.0,59709997.0,,3,SUR,-0.44,
TQBR,2019-10-15,ПИК ао,PIKK,2212,60517059.0,337.0,335.5,343.3,336.0,338.7,336.0,178650,338.7,338.7,336.0,60517059.0,60517059.0,60517059.0,,3,SUR,-0.3,
TQBR,2019-10-16,ПИК ао,PIKK,3653,63179296.0,336.0,333.2,339.1,334.1,335.7,334.1,188180,335.7,335.7,334.1,63179296.0,63179296.0,63179296.0,,3,SUR,-0.57,
TQBR,2019-10-17,ПИК ао,PIKK,2598,72307230.0,334.6,334.0,343.9,338.1,339.2,338.1,213140,339.2,339.2,338.1,72307230.0,72307230.0,72307230.0,,3,SUR,1.2,
TQBR,2019-10-18,ПИК ао,PIKK,1611,26531931.0,338.2,338.2,341.0,338.8,339.6,338.8,78120,339.6,339.6,338.8,26531931.0,26531931.0,26531931.0,,3,SUR,0.21,
TQBR,2019-10-21,ПИК ао,PIKK,2060,37778947.0,339.2,335.3,339.9,335.3,337.1,335.3,112060,337.1,337.1,335.3,37778947.0,37778947.0,37778947.0,,3,SUR,-1.03,
TQBR,2019-10-22,ПИК ао,PIKK,899,26328279.0,335.0,335.0,339.8,336.0,337.6,336.0,77990,337.6,337.6,336.0,26328279.0,26328279.0,26328279.0,,3,SUR,0.21,
TQBR,2019-10-23,ПИК ао,PIKK,1293,55786209.0,335.0,335.0,338.7,337.4,337.6,337.4,165250,337.6,337.6,337.4,55786209.0,55786209.0,55786209.0,,3,SUR,0.42,
TQBR,2019-10-24,ПИК ао,PIKK,1734,55350645.0,336.6,335.0,338.3,335.0,336.3,335.0,164580,336.3,336.3,335.0,55350645.0,55350645.0,55350645.0,,3,SUR,-0.71,
TQBR,2019-10-25,ПИК ао,PIKK,871,30229207.0,334.4,334.2,337.8,336.0,336.7,336.0,89780,336.7,336.7,336.0,30229207.0,30229207.0,30229207.0,,3,SUR,0.3,
TQBR,2019-10-28,ПИК ао,PIKK,1300,39970337.0,335.1,335.1,337.3,335.2,336.3,335.2,118840,336.3,336.3,335.2,39970337.0,39970337.0,39970337.0,,3,SUR,-0.24,
TQBR,2019-10-29,ПИК ао,PIKK,1940,76233535.0,335.2,333.5,337.0,334.0,335.7,334.0,227070,335.7,335.7,334.0,76233535.0,76233535.0,76233535.0,,3,SUR,-0.36,
TQBR,2019-10-30,ПИК ао,PIKK,2246,88221399.0,334.0,333.9,341.3,340.1,339.3,340.1,260010,339.3,339.3,340.1,88221399.0,88221399.0,88221399.0,,3,SUR,1.83,
TQBR,2019-10-31,ПИК ао,PIKK,4129,147408049.0,340.2,339.5,377.0,348.0,346.2,348.0,425830,346.2,346.2,348.0,147408049.0,147408049.0,147408049.0,,3,SUR,2.32,
TQBR,2019-11-01,ПИК ао,PIKK,8315,128768316.0,348.0,345.4,354.9,354.7,351.7,354.7,367560,350.3,350.3,354.7,128768316.0,128768316.0,128768316.0,,3,SUR,1.93,
TQBR,2019-11-05,ПИК ао,PIKK,3097,85441417.0,354.3,292.0,365.0,346.0,346.0,346.0,246940,346.0,346.0,346.0,85441417.0,85441417.0,85441417.0,,3,SUR,-2.45,
TQBR,2019-11-06,ПИК ао,PIKK,2930,107426637.0,347.5,344.1,347.6,344.4,345.9,344.4,310610,345.9,345.9,344.4,107426637.0,107426637.0,107426637.0,,3,SUR,-0.46,
TQBR,2019-11-07,ПИК ао,PIKK,2153,133354303.0,343.0,342.9,347.0,344.7,344.6,344.7,386990,344.6,344.6,344.7,133354303.0,133354303.0,133354303.0,,3,SUR,0.09,
TQBR,2019-11-08,ПИК ао,PIKK,9911,130391113.0,346.9,343.1,346.9,343.1,345.0,343.1,377960,345.0,345.0,343.1,130391113.0,130391113.0,130391113.0,,3,SUR,-0.46,
TQBR,2019-11-11,ПИК ао,PIKK,6945,133855616.0,344.6,342.5,346.7,346.2,345.1,346.2,388670,344.4,344.4,346.2,133855616.0,133855616.0,133855616.0,,3,SUR,0.9,
TQBR,2019-11-12,ПИК ао,PIKK,13221,195275755.0,346.2,346.0,352.3,351.0,349.1,351.0,559410,349.1,349.1,351.0,195275755.0,195275755.0,195275755.0,,3,SUR,1.39,
TQBR,2019-11-13,ПИК ао,PIKK,19303,226186050.0,349.4,349.1,358.2,356.2,354.3,356.2,638340,354.3,354.3,356.2,226186050.0,226186050.0,226186050.0,,3,SUR,1.48,
TQBR,2019-11-14,ПИК ао,PIKK,9823,288456500.0,359.0,348.6,361.4,354.2,354.7,354.2,815170,353.9,353.9,354.2,288456500.0,288456500.0,288456500.0,,3,SUR,-0.56,
TQBR,2019-11-15,ПИК ао,PIKK,13132,180855526.0,354.2,347.1,366.4,364.5,359.0,364.5,503820,359.0,359.0,364.5,180855526.0,180855526.0,180855526.0,,3,SUR,2.91,
TQBR,2019-11-18,ПИК ао,PIKK,1602,38709461.0,369.2,364.0,369.2,364.0,365.9,364.0,105790,365.9,365.9,364.0,38709461.0,38709461.0,38709461.0,,3,SUR,-0.14,
TQBR,2019-11-19,ПИК ао,PIKK,979,22768823.0,365.0,361.9,365.0,363.6,363.6,363.6,62620,363.6,363.6,363.6,22768823.0,22768823.0,22768823.0,,3,SUR,-0.11,
TQBR,2019-11-20,ПИК ао,PIKK,10732,102168666.0,362.3,362.3,365.7,364.9,364.2,364.9,280530,364.2,364.2,364.9,102168666.0,102168666.0,102168666.0,,3,SUR,0.36,
TQBR,2019-11-21,ПИК ао,PIKK,1983,54420197.0,362.2,361.4,366.4,362.1,364.5,362.1,149290,364.5,364.5,362.1,54420197.0,54420197.0,54420197.0,,3,SUR,-0.77,
TQBR,2019-11-22,ПИК ао,PIKK,2112,82296121.0,363.4,361.6,368.4,367.6,365.3,367.6,224860,366.0,366.0,367.6,82296121.0,82296121.0,82296121.0,,3,SUR,1.52,
TQBR,2019-11-25,ПИК ао,PIKK,1863,55127926.0,368.7,367.3,374.7,374.7,371.5,374.7,148410,371.5,371.5,374.7,55127926.0,55127926.0,55127926.0,,3,SUR,1.93,
TQBR,2019-11-26,ПИК ао,PIKK,5195,110931178.0,374.9,373.0,382.0,380.0,377.8,380.0,293590,377.8,377.8,380.0,110931178.0,110931178.0,110931178.0,,3,SUR,1.41,
TQBR,2019-11-27,ПИК ао,PIKK,2095,45209535.0,375.5,375.5,383.3,383.0,380.6,383.0,118790,380.6,380.6,383.0,45209535.0,45209535.0,45209535.0,,3,SUR,0.79,
TQBR,2019-11-28,ПИК ао,PIKK,2270,53117435.0,383.5,369.0,383.5,382.0,378.1,382.0,140500,378.1,378.1,382.0,53117435.0,53117435.0,53117435.0,,3,SUR,-0.26,
TQBR,2019-11-29,ПИК ао,PIKK,2722,62435412.0,380.5,378.4,385.8,385.7,382.5,385.7,162660,383.8,383.8,385.7,62435412.0,62435412.0,62435412.0,,3,SUR,0.97,
TQBR,2019-12-02,ПИК ао,PIKK,2035,44445925.0,385.0,381.6,387.0,387.0,385.1,387.0,115410,385.1,385.1,387.0,44445925.0,44445925.0,44445925.0,,3,SUR,0.34,
TQBR,2019-12-03,ПИК ао,PIKK,5325,88230409.0,382.3,381.2,387.1,384.6,385.3,384.6,228970,385.3,385.3,384.6,88230409.0,88230409.0,88230409.0,,3,SUR,-0.62,
TQBR,2019-12-04,ПИК ао,PIKK,5590,103406596.0,382.8,382.6,385.5,385.5,384.4,385.5,269000,384.4,384.4,385.5,103406596.0,103406596.0,103406596.0,,3,SUR,0.23,
TQBR,2019-12-05,ПИК ао,PIKK,3866,102482100.0,384.8,380.0,386.8,386.3,382.2,386.3,266290,384.9,384.9,386.3,102482100.0,102482100.0,102482100.0,,3,SUR,0.21,
TQBR,2019-12-06,ПИК ао,PIKK,2487,72502168.0,382.7,382.4,389.7,389.0,385.0,389.0,187500,386.7,386.7,389.0,72502168.0,72502168.0,72502168.0,,3,SUR,0.7,
TQBR,2019-12-09,ПИК ао,PIKK,5651,93321568.0,389.8,385.3,389.9,385.3,387.5,385.3,240850,387.5,387.5,385.3,93321568.0,93321568.0,93321568.0,,3,SUR,-0.95,
TQBR,2019-12-10,ПИК ао,PIKK,2975,86431520.0,385.3,383.0,390.4,389.5,385.9,389.5,222650,388.2,388.2,389.5,86431520.0,86431520.0,86431520.0,,3,SUR,1.09,
TQBR,2019-12-11,ПИК ао,PIKK,5795,90200440.0,390.9,388.1,393.4,392.6,390.9,392.6,230240,391.8,391.8,392.6,90200440.0,90200440.0,90200440.0,,3,SUR,0.8,
TQBR,2019-12-12,ПИК ао,PIKK,2772,59620144.0,392.8,389.4,394.3,392.6,392.1,392.6,152060,392.1,392.1,392.6,59620144.0,59620144.0,59620144.0,,3,SUR,0.0,
TQBR,2019-12-13,ПИК ао,PIKK,3793,69939319.0,391.7,389.0,396.4,396.4,392.8,396.4,178030,392.9,392.9,396.4,69939319.0,69939319.0,69939319.0,,3,SUR,0.97,
TQBR,2019-12-16,ПИК ао,PIKK,4051,62334649.0,396.0,393.2,396.0,396.0,394.5,396.0,158010,394.5,394.5,396.0,62334649.0,62334649.0,62334649.0,,3,SUR,-0.1,
TQBR,2019-12-17,ПИК ао,PIKK,5504,96426452.0,395.9,390.5,395.9,393.3,393.8,393.3,244890,393.8,393.8,393.3,96426452.0,96426452.0,96426452.0,,3,SUR,-0.68,
TQBR,2019-12-18,ПИК ао,PIKK,5257,67061639.0,394.8,391.0,396.0,393.9,393.0,393.9,169950,394.6,394.6,393.9,67061639.0,67061639.0,67061639.0,,3,SUR,0.15,
TQBR,2019-12-19,ПИК ао,PIKK,5586,103972732.0,396.4,392.2,396.4,395.5,394.3,395.5,263700,394.3,394.3,395.5,103972732.0,103972732.0,103972732.0,,3,SUR,0.41,
TQBR,2019-12-20,ПИК ао,PIKK,5363,96115855.0,394.5,389.5,394.5,390.8,390.6,390.8,245900,390.9,390.9,390.8,96115855.0,96115855.0,96115855.0,,3,SUR,-1.19,
TQBR,2019-12-23,ПИК ао,PIKK,6641,76540435.0,392.3,389.1,394.8,394.6,391.7,394.6,195160,392.2,392.2,394.6,76540435.0,76540435.0,76540435.0,,3,SUR,0.97,
TQBR,2019-12-24,ПИК ао,PIKK,4349,85196519.0,394.7,392.9,396.0,395.0,394.4,395.0,216020,394.4,394.4,395.0,85196519.0,85196519.0,85196519.0,,3,SUR,0.1,
TQBR,2019-12-25,ПИК ао,PIKK,2890,54521678.0,393.7,393.6,395.0,394.4,394.5,394.4,138190,394.5,394.5,394.4,54521678.0,54521678.0,54521678.0,,3,SUR,-0.15,
TQBR,2019-12-26,ПИК ао,PIKK,3465,48278286.0,393.2,391.0,399.0,398.1,396.4,398.1,121790,396.4,396.4,398.1,48278286.0,48278286.0,48278286.0,,3,SUR,0.94,
TQBR,2019-12-27,ПИК ао,PIKK,3104,61660768.0,398.6,395.2,400.8,400.8,397.7,400.8,155040,397.7,397.7,400.8,61660768.0,61660768.0,61660768.0,,3,SUR,0.68,
TQBR,2019-12-30,ПИК ао,PIKK,2040,38055293.0,399.0,396.0,401.5,400.4,396.8,400.4,95400,398.9,398.9,400.4,38055293.0,38055293.0,38055293.0,,3,SUR,-0.1,
TQBR,2020-01-03,ПИК ао,PIKK,1142,21679690.0,398.8,398.7,407.6,407.0,404.8,407.0,53550,404.8,404.8,407.0,21679690.0,21679690.0,21679690.0,,3,SUR,1.65,
TQBR,2020-01-06,ПИК ао,PIKK,1732,36185127.0,407.0,403.6,408.4,405.0,405.6,405.0,89220,405.6,405.6,405.0,36185127.0,36185127.0,36185127.0,,3,SUR,-0.49,
TQBR,2020-01-08,ПИК ао,PIKK,1830,40319635.0,405.2,403.3,408.0,406.8,406.5,407.0,99190,406.5,406.5,406.8,40319635.0,40319635.0,40319635.0,,3,SUR,0.49,
TQBR,2020-01-09,ПИК ао,PIKK,1966,57995240.0,408.0,405.1,408.9,406.6,407.8,406.6,142230,407.8,407.8,406.6,57995240.0,57995240.0,57995240.0,,3,SUR,-0.1,
TQBR,2020-01-10,ПИК ао,PIKK,2116,54064719.0,406.8,406.1,410.5,407.5,408.6,407.5,132310,408.6,408.6,407.5,54064719.0,54064719.0,54064719.0,,3,SUR,0.22,
TQBR,2020-01-13,ПИК ао,PIKK,2280,70232725.0,409.0,402.3,409.0,405.8,405.7,405.8,173100,405.7,405.7,405.8,70232725.0,70232725.0,70232725.0,,3,SUR,-0.42,
TQBR,2020-01-14,ПИК ао,PIKK,2730,50658665.0,407.3,405.0,409.0,409.0,406.1,409.0,124730,406.1,406.1,409.0,50658665.0,50658665.0,50658665.0,,3,SUR,0.79,
TQBR,2020-01-15,ПИК ао,PIKK,2724,46878362.0,408.9,405.9,412.1,406.6,409.3,406.6,114530,409.3,409.3,406.6,46878362.0,46878362.0,46878362.0,,3,SUR,-0.59,
TQBR,2020-01-16,ПИК ао,PIKK,1788,63053541.0,406.6,405.4,409.3,408.1,406.8,408.1,155000,406.8,406.8,408.1,63053541.0,63053541.0,63053541.0,,3,SUR,0.37,
TQBR,2020-01-17,ПИК ао,PIKK,2753,65665572.0,406.5,406.5,410.9,408.9,408.4,408.9,160790,408.4,408.4,408.9,65665572.0,65665572.0,65665572.0,,3,SUR,0.2,
TQBR,2020-01-20,ПИК ао,PIKK,1969,48542674.0,408.9,404.2,409.7,406.8,406.0,406.8,119560,406.0,406.0,406.8,48542674.0,48542674.0,48542674.0,,3,SUR,-0.51,
TQBR,2020-01-21,ПИК ао,PIKK,2872,57319107.0,407.8,405.1,412.9,412.9,409.7,412.9,139900,409.7,409.7,412.9,57319107.0,57319107.0,57319107.0,,3,SUR,1.5,
TQBR,2020-01-22,ПИК ао,PIKK,1699,48086973.0,414.0,409.2,414.7,409.2,410.9,409.2,117030,410.9,410.9,409.2,48086973.0,48086973.0,48086973.0,,3,SUR,-0.9,
TQBR,2020-01-23,ПИК ао,PIKK,1916,66752247.0,409.1,406.1,412.0,409.0,407.3,409.0,163540,408.2,408.2,409.0,66752247.0,66752247.0,66752247.0,,3,SUR,-0.05,
TQBR,2020-01-24,ПИК ао,PIKK,1762,62126487.0,411.6,405.1,411.6,405.8,406.5,405.8,152850,406.5,406.5,405.8,62126487.0,62126487.0,62126487.0,,3,SUR,-0.78,
TQBR,2020-01-27,ПИК ао,PIKK,2558,83141568.0,405.0,404.3,412.0,411.8,408.3,411.8,203630,408.3,408.3,411.8,83141568.0,83141568.0,83141568.0,,3,SUR,1.48,
TQBR,2020-01-28,ПИК ао,PIKK,2850,166693682.0,412.0,410.0,429.0,427.0,417.8,427.0,399020,417.8,417.8,427.0,166693682.0,166693682.0,166693682.0,,3,SUR,3.69,
TQBR,2020-01-29,ПИК ао,PIKK,2844,62948078.0,428.0,424.3,428.9,427.9,426.9,428.2,147470,426.9,426.9,427.9,62948078.0,62948078.0,62948078.0,,3,SUR,0.28,
TQBR,2020-01-30,ПИК ао,PIKK,1431,73864006.0,429.5,426.0,436.2,434.8,429.3,434.8,172070,429.3,429.3,434.8,73864006.0,73864006.0,73864006.0,,3,SUR,1.54,
TQBR,2020-01-31,ПИК ао,PIKK,2065,141779750.0,432.7,431.0,441.0,435.6,436.1,435.6,325090,436.1,436.1,435.6,141779750.0,141779750.0,141779750.0,,3,SUR,0.18,
TQBR,2020-02-03,ПИК ао,PIKK,3089,65305787.0,435.6,431.0,437.4,431.0,434.8,431.0,150210,434.8,434.8,431.0,65305787.0,65305787.0,65305787.0,,3,SUR,-1.06,
TQBR,2020-02-04,ПИК ао,PIKK,2192,61691824.0,432.9,429.2,436.6,436.6,434.2,436.6,142080,434.2,434.2,436.6,61691824.0,61691824.0,61691824.0,,3,SUR,1.3,
TQBR,2020-02-05,ПИК ао,PIKK,1962,63880782.0,435.5,429.7,440.3,438.9,436.2,438.9,146450,436.2,436.2,438.9,63880782.0,63880782.0,63880782.0,,3,SUR,0.53,
TQBR,2020-02-06,ПИК ао,PIKK,2088,49824226.0,440.9,434.1,440.9,438.7,436.1,438.7,114240,436.1,436.1,438.7,49824226.0,49824226.0,49824226.0,,3,SUR,-0.05,
TQBR,2020-02-07,ПИК ао,PIKK,1681,71393488.0,440.6,431.0,440.6,434.2,434.4,434.2,164360,434.4,434.4,434.2,71393488.0,71393488.0,71393488.0,,3,SUR,-1.03,
TQBR,2020-02-10,ПИК ао,PIKK,1904,50229234.0,434.2,431.9,436.5,436.4,434.3,436.4,115650,434.3,434.3,436.4,50229234.0,50229234.0,50229234.0,,3,SUR,0.51,
TQBR,2020-02-11,ПИК ао,PIKK,1370,82874409.0,438.3,433.5,438.9,438.0,435.7,438.0,190190,435.7,435.7,438.0,82874409.0,82874409.0,82874409.0,,3,SUR,0.37,
TQBR,2020-02-12,ПИК ао,PIKK,5040,99203479.0,435.6,435.6,443.0,441.0,439.5,441.0,225710,439.5,439.5,441.0,99203479.0,99203479.0,99203479.0,,3,SUR,0.68,
TQBR,2020-02-13,ПИК ао,PIKK,2290,71392442.0,442.9,432.6,443.4,436.0,435.3,436.0,163990,435.3,435.3,436.0,71392442.0,71392442.0,71392442.0,,3,SUR,-1.13,
TQBR,2020-02-14,ПИК ао,PIKK,1878,39834474.0,437.9,429.0,437.9,429.0,432.1,429.0,92190,432.1,432.1,429.0,39834474.0,39834474.0,39834474.0,,3,SUR,-1.61,
TQBR,2020-02-17,ПИК ао,PIKK,1049,44245329.0,429.0,427.3,435.9,435.0,433.0,435.0,102180,433.0,433.0,435.0,44245329.0,44245329.0,44245329.0,,3,SUR,1.4,
TQBR,2020-02-18,ПИК ао,PIKK,1423,42151995.0,434.0,433.1,436.7,436.3,435.3,436.3,96830,435.3,435.3,436.3,42151995.0,42151995.0,42151995.0,,3,SUR,0.3,
TQBR,2020-02-19,ПИК ао,PIKK,1888,47666036.0,436.9,433.6,437.6,435.0,434.9,435.0,109610,434.9,434.9,435.0,47666036.0,47666036.0,47666036.0,,3,SUR,-0.3,
TQBR,2020-02-20,ПИК ао,PIKK,1804,57937688.0,436.1,433.0,436.2,433.2,434.4,433.2,133360,434.4,434.4,433.2,57937688.0,57937688.0,57937688.0,,3,SUR,-0.41,
TQBR,2020-02-21,ПИК ао,PIKK,1951,39827230.0,433.2,432.5,436.7,435.7,435.4,435.7,91470,435.4,435.4,435.7,39827230.0,39827230.0,39827230.0,,3,SUR,0.58,
TQBR,2020-02-25,ПИК ао,PIKK,1415,48181330.0,432.5,419.0,434.8,421.0,425.5,421.0,113230,425.5,425.5,421.0,48181330.0,48181330.0,48181330.0,,3,SUR,-3.37,
TQBR,2020-02-26,ПИК ао,PIKK,1817,61656510.0,421.1,412.1,421.8,416.0,418.5,416.0,147320,418.5,418.5,416.0,61656510.0,61656510.0,61656510.0,,3,SUR,-1.19,
TQBR,2020-02-27,ПИК ао,PIKK,1639,52768029.0,417.3,407.0,418.5,409.2,413.1,409.2,127730,413.1,413.1,409.2,52768029.0,52768029.0,52768029.0,,3,SUR,-1.63,
TQBR,2020-02-28,ПИК ао,PIKK,3278,162223590.0,406.9,379.5,410.3,390.9,401.1,390.9,417300,388.7,388.7,390.9,162223590.0,162223590.0,162223590.0,,3,SUR,-4.47,
TQBR,2020-03-02,ПИК ао,PIKK,2020,66160809.0,400.0,389.1,414.1,398.4,403.8,398.4,163850,403.8,403.8,398.4,66160809.0,66160809.0,66160809.0,,3,SUR,1.92,
TQBR,2020-03-03,ПИК ао,PIKK,1604,42661754.0,402.2,399.3,412.8,410.7,407.0,410.7,104810,407.0,407.0,410.7,42661754.0,42661754.0,42661754.0,,3,SUR,3.09,
TQBR,2020-03-04,ПИК ао,PIKK,1599,37908682.0,408.7,399.9,408.8,401.5,402.0,401.5,94310,402.0,402.0,401.5,37908682.0,37908682.0,37908682.0,,3,SUR,-2.24,
TQBR,2020-03-05,ПИК ао,PIKK,1876,33254139.0,402.5,401.1,403.6,402.0,402.3,402.0,82660,402.3,402.3,402.0,33254139.0,33254139.0,33254139.0,,3,SUR,0.12,
TQBR,2020-03-06,ПИК ао,PIKK,1429,44327332.0,400.0,382.7,401.4,384.2,396.1,384.2,113680,389.9,389.9,384.2,44327332.0,44327332.0,44327332.0,,3,SUR,-4.43,
TQBR,2020-03-10,ПИК ао,PIKK,1863,53684669.0,361.2,361.0,398.9,386.3,383.9,386.3,139840,383.9,383.9,386.3,53684669.0,53684669.0,53684669.0,,3,SUR,0.55,
TQBR,2020-03-11,ПИК ао,PIKK,958,36106543.0,388.5,381.5,394.1,384.6,388.3,384.6,92980,388.3,388.3,384.6,36106543.0,36106543.0,36106543.0,,3,SUR,-0.44,
TQBR,2020-03-12,ПИК ао,PIKK,1978,282675375.0,381.8,367.3,382.0,369.7,372.8,369.7,759900,372.0,372.0,369.7,282675375.0,282675375.0,282675375.0,,3,SUR,-3.87,
TQBR,2020-03-13,ПИК ао,PIKK,1408,34642253.0,368.6,368.5,386.8,380.6,381.2,380.6,90880,381.2,381.2,380.6,34642253.0,34642253.0,34642253.0,,3,SUR,2.95,
TQBR,2020-03-16,ПИК ао,PIKK,3040,119075008.0,389.0,350.0,389.0,368.5,359.4,368.5,332800,357.8,357.8,368.5,119075008.0,119075008.0,119075008.0,,3,SUR,-3.18,
TQBR,2020-03-17,ПИК ао,PIKK,2152,72905664.0,366.6,357.7,371.2,370.9,362.8,370.9,200800,363.1,363.1,370.9,72905664.0,72905664.0,72905664.0,,3,SUR,0.65,
TQBR,2020-03-18,ПИК ао,PIKK,4234,123531493.0,369.1,351.5,370.8,360.0,360.6,360.0,343240,359.9,359.9,360.0,123531493.0,123531493.0,123531493.0,,3,SUR,-2.94,
TQBR,2020-03-19,ПИК ао,PIKK,1771,42332437.0,360.6,360.6,378.3,375.0,372.2,375.0,113750,372.2,372.2,375.0,42332437.0,42332437.0,42332437.0,,3,SUR,4.17,
TQBR,2020-03-20,ПИК ао,PIKK,1279,33561343.0,376.5,375.9,384.5,384.4,381.7,384.4,88100,380.9,380.9,384.4,33561343.0,33561343.0,33561343.0,,3,SUR,2.51,
TQBR,2020-03-23,ПИК ао,PIKK,1153,43459982.0,370.2,370.2,383.0,375.0,376.5,375.0,115430,376.5,376.5,375.0,43459982.0,43459982.0,43459982.0,,3,SUR,-2.45,
TQBR,2020-03-24,ПИК ао,PIKK,1134,41903130.0,383.0,376.9,398.4,391.5,386.8,391.5,108340,386.8,386.8,391.5,41903130.0,41903130.0,41903130.0,,3,SUR,4.4,
TQBR,2020-03-25,ПИК ао,PIKK,1979,54117480.0,399.8,393.4,409.8,402.5,402.6,402.5,134420,402.6,402.6,402.5,54117480.0,54117480.0,54117480.0,,3,SUR,2.81,
TQBR,2020-03-26,ПИК ао,PIKK,1364,32706353.0,400.0,396.5,409.7,409.7,401.8,409.7,81390,401.8,401.8,409.7,32706353.0,32706353.0,32706353.0,,3,SUR,1.79,
TQBR,2020-03-27,ПИК ао,PIKK,903,24618397.0,409.7,402.3,409.7,406.0,405.2,406.0,60760,405.2,405.2,406.0,24618397.0,24618397.0,24618397.0,,3,SUR,-0.9,
TQBR,2020-03-30,ПИК ао,PIKK,916,20484186.0,395.0,395.0,405.0,401.0,399.7,401.0,51250,399.7,399.7,401.0,20484186.0,20484186.0,20484186.0,,3,SUR,-1.23,
TQBR,2020-03-31,ПИК ао,PIKK,936,20516869.0,403.0,401.4,410.0,410.0,405.2,410.0,50630,405.2,405.2,410.0,20516869.0,20516869.0,20516869.0,,3,SUR,2.24,
TQBR,2020-04-01,ПИК ао,PIKK,660,14333213.0,405.0,405.0,410.0,408.5,407.1,408.5,35210,407.1,407.1,408.5,14333213.0,14333213.0,14333213.0,,3,SUR,-0.37,
TQBR,2020-04-02,ПИК ао,PIKK,2590,49772653.0,406.6,406.6,414.7,414.2,411.5,414.2,120960,411.5,411.5,414.2,49772653.0,49772653.0,49772653.0,,3,SUR,1.4,
TQBR,2020-04-03,ПИК ао,PIKK,1130,22687519.0,414.2,411.0,416.3,411.6,413.8,411.6,54830,413.8,413.8,411.6,22687519.0,22687519.0,22687519.0,,3,SUR,-0.63,
TQBR,2020-04-06,ПИК ао,PIKK,1622,40119336.0,413.6,403.0,415.1,403.2,405.7,403.2,98880,405.7,405.7,403.2,40119336.0,40119336.0,40119336.0,,3,SUR,-2.04,
TQBR,2020-04-07,ПИК ао,PIKK,1976,35774600.0,403.0,393.3,405.3,397.7,399.3,397.7,89600,399.3,399.3,397.7,35774600.0,35774600.0,35774600.0,,3,SUR,-1.36,
TQBR,2020-04-08,ПИК ао,PIKK,2164,35518907.0,395.3,395.0,402.9,402.9,397.4,402.9,89380,397.4,397.4,402.9,35518907.0,35518907.0,35518907.0,,3,SUR,1.31,
TQBR,2020-04-09,ПИК ао,PIKK,1682,34082312.0,401.1,395.0,404.7,398.7,398.2,398.7,85590,398.2,398.2,398.7,34082312.0,34082312.0,34082312.0,,3,SUR,-1.04,
TQBR,2020-04-10,ПИК ао,PIKK,1490,31929745.0,399.4,394.8,399.4,398.0,396.0,398.0,80640,396.0,396.0,398.0,31929745.0,31929745.0,31929745.0,,3,SUR,-0.18,
TQBR,2020-04-13,ПИК ао,PIKK,1023,33637199.0,397.8,391.0,397.8,391.0,393.7,391.0,85440,393.7,393.7,391.0,33637199.0,33637199.0,33637199.0,,3,SUR,-1.76,
TQBR,2020-04-14,ПИК ао,PIKK,932,20572040.0,391.0,391.0,397.5,395.0,395.0,395.0,52080,395.0,395.0,395.0,20572040.0,20572040.0,20572040.0,,3,SUR,1.02,
TQBR,2020-04-15,ПИК ао,PIKK,1717,35242228.0,393.1,385.0,395.8,385.0,389.7,385.0,90440,389.7,389.7,385.0,35242228.0,35242228.0,35242228.0,,3,SUR,-2.53,
TQBR,2020-04-16,ПИК ао,PIKK,2359,51108946.0,384.6,382.2,392.4,391.7,388.3,391.7,131620,388.3,388.3,391.7,51108946.0,51108946.0,51108946.0,,3,SUR,1.74,
TQBR,2020-04-17,ПИК ао,PIKK,2157,34794070.0,395.7,387.3,395.7,389.6,390.1,389.6,89190,390.1,390.1,389.6,34794070.0,34794070.0,34794070.0,,3,SUR,-0.54,
TQBR,2020-04-20,ПИК ао,PIKK,2189,39969364.0,391.6,386.8,393.8,393.8,391.5,393.8,102080,391.5,391.5,393.8,39969364.0,39969364.0,39969364.0,,3,SUR,1.08,
TQBR,2020-04-21,ПИК ао,PIKK,1948,49244749.0,392.0,379.0,395.1,383.4,383.0,383.4,128560,383.0,383.0,383.4,49244749.0,49244749.0,49244749.0,,3,SUR,-2.64,
TQBR,2020-04-22,ПИК ао,PIKK,2889,38273973.0,382.0,379.0,393.8,390.9,392.0,390.9,98740,387.6,387.6,390.9,38273973.0,38273973.0,38273973.0,,3,SUR,1.96,
TQBR,2020-04-23,ПИК ао,PIKK,1886,33222116.0,389.2,386.5,392.7,391.0,390.7,391.0,85030,390.7,390.7,391.0,33222116.0,33222116.0,33222116.0,,3,SUR,0.03,
TQBR,2020-04-24,ПИК ао,PIKK,2389,29065893.0,385.0,385.0,391.5,391.0,388.4,391.0,74840,388.4,388.4,391.0,29065893.0,29065893.0,29065893.0,,3,SUR,0.0,
TQBR,2020-04-27,ПИК ао,PIKK,1420,34213188.0,392.0,389.1,400.0,391.1,393.3,391.1,87000,393.3,393.3,391.1,34213188.0,34213188.0,34213188.0,,3,SUR,0.03,
TQBR,2020-04-28,ПИК ао,PIKK,2612,32809836.0,393.0,391.3,396.1,395.6,393.8,395.6,83310,393.8,393.8,395.6,32809836.0,32809836.0,32809836.0,,3,SUR,1.15,
TQBR,2020-04-29,ПИК ао,PIKK,3508,34404160.0,396.1,392.3,397.4,392.6,393.4,392.6,87450,393.4,393.4,392.6,34404160.0,34404160.0,34404160.0,,3,SUR,-0.76,
TQBR,2020-04-30,ПИК ао,PIKK,2280,32101899.0,392.4,389.0,395.1,391.5,391.8,391.5,81940,391.8,391.8,391.5,32101899.0,32101899.0,32101899.0,,3,SUR,-0.28,
TQBR,2020-05-04,ПИК ао,PIKK,898,14935497.0,389.4,387.0,392.5,392.4,389.8,392.4,38320,389.8,389.8,392.4,14935497.0,14935497.0,14935497.0,,3,SUR,0.23,
TQBR,2020-05-05,ПИК ао,PIKK,2157,33424825.0,392.4,389.7,392.5,390.6,391.1,390.6,85470,391.1,391.1,390.6,33424825.0,33424825.0,33424825.0,,3,SUR,-0.46,
TQBR,2020-05-06,ПИК ао,PIKK,2269,39813659.0,390.6,385.0,391.0,386.4,386.8,386.4,102940,386.8,386.8,386.4,39813659.0,39813659.0,39813659.0,,3,SUR,-1.08,
TQBR,2020-05-07,ПИК ао,PIKK,2005,39805631.0,389.0,381.0,389.0,382.9,383.4,382.9,103820,383.4,383.4,382.9,39805631.0,39805631.0,39805631.0,,3,SUR,-0.91,
TQBR,2020-05-08,ПИК ао,PIKK,4587,44320830.0,383.0,376.0,383.9,379.9,377.6,379.9,117380,377.6,377.6,379.9,44320830.0,44320830.0,44320830.0,,3,SUR,-0.78,
TQBR,2020-05-12,ПИК ао,PIKK,1430,32868960.0,379.0,376.1,382.0,378.3,378.6,378.3,86810,378.6,378.6,378.3,32868960.0,32868960.0,32868960.0,,3,SUR,-0.42,
TQBR,2020-05-13,ПИК ао,PIKK,2823,33701712.0,378.5,373.5,378.8,373.5,374.6,373.5,89970,374.6,374.6,373.5,33701712.0,33701712.0,33701712.0,,3,SUR,-1.27,
TQBR,2020-05-14,ПИК ао,PIKK,2276,29134962.0,375.8,367.5,375.8,368.0,368.8,368.0,79010,368.8,368.8,368.0,29134962.0,29134962.0,29134962.0,,3,SUR,-1.47,
TQBR,2020-05-15,ПИК ао,PIKK,1225,35077511.0,373.9,364.0,373.9,364.1,366.8,364.1,95630,366.8,366.8,364.1,35077511.0,35077511.0,35077511.0,,3,SUR,-1.06,
TQBR,2020-05-18,ПИК ао,PIKK,1718,35783850.0,363.7,363.5,368.5,368.5,365.6,368.5,97890,365.6,365.6,368.5,35783850.0,35783850.0,35783850.0,,3,SUR,1.21,
TQBR,2020-05-19,ПИК ао,PIKK,1489,42809680.0,368.3,362.6,375.5,375.5,366.4,375.5,116840,366.4,366.4,375.5,42809680.0,42809680.0,42809680.0,,3,SUR,1.9,
TQBR,2020-05-20,ПИК ао,PIKK,1956,43269592.0,367.3,365.2,372.1,369.4,368.6,369.4,117400,368.6,368.6,369.4,43269592.0,43269592.0,43269592.0,,3,SUR,-1.62,
TQBR,2020-05-21,ПИК ао,PIKK,1714,44581419.0,372.1,366.2,372.1,369.4,369.1,369.4,120800,369.1,369.1,369.4,44581419.0,44581419.0,44581419.0,,3,SUR,0.0,
TQBR,2020-05-22,ПИК ао,PIKK,958,30754091.0,368.8,367.1,369.3,368.3,368.0,368.3,83580,368.0,368.0,368.3,30754091.0,30754091.0,30754091.0,,3,SUR,-0.3,
TQBR,2020-05-25,ПИК ао,PIKK,1799,38006887.0,368.3,368.1,369.8,369.4,368.7,369.4,103080,368.7,368.7,369.4,38006887.0,38006887.0,38006887.0,,3,SUR,0.3,
TQBR,2020-05-26,ПИК ао,PIKK,3082,74870284.0,369.2,368.4,371.3,370.1,369.8,370.1,202470,369.8,369.8,370.1,74870284.0,74870284.0,74870284.0,,3,SUR,0.19,
TQBR,2020-05-27,ПИК ао,PIKK,1766,67211183.0,371.5,369.1,375.0,372.2,372.9,372.2,180260,372.9,372.9,372.2,67211183.0,67211183.0,67211183.0,,3,SUR,0.57,
TQBR,2020-05-28,ПИК ао,PIKK,1633,56297807.0,373.1,372.4,381.0,381.0,377.2,381.0,149250,377.2,377.2,381.0,56297807.0,56297807.0,56297807.0,,3,SUR,2.36,
TQBR,2020-05-29,ПИК ао,PIKK,2921,96813648.0,381.0,375.0,383.9,383.9,379.6,383.9,255050,379.6,379.6,383.9,96813648.0,96813648.0,96813648.0,,3,SUR,0.76,
TQBR,2020-06-01,ПИК ао,PIKK,2036,54892779.0,384.9,375.0,384.9,377.0,377.7,377.0,145350,377.7,377.7,377.0,54892779.0,54892779.0,54892779.0,,3,SUR,-1.8,
TQBR,2020-06-02,ПИК ао,PIKK,1225,45162740.0,377.6,374.7,379.0,378.8,378.0,378.8,119490,378.0,378.0,378.8,45162740.0,45162740.0,45162740.0,,3,SUR,0.48,
TQBR,2020-06-03,ПИК ао,PIKK,1425,74130376.0,379.0,378.0,384.1,383.5,382.5,383.5,193810,382.5,382.5,383.5,74130376.0,74130376.0,74130376.0,,3,SUR,1.24,
TQBR,2020-06-04,ПИК ао,PIKK,3054,92635708.0,381.9,381.1,387.0,387.0,384.6,387.0,240870,384.6,384.6,387.0,92635708.0,92635708.0,92635708.0,,3,SUR,0.91,
TQBR,2020-06-05,ПИК ао,PIKK,1179,60884636.0,386.2,386.0,389.8,389.8,387.7,389.8,157030,387.7,387.7,389.8,60884636.0,60884636.0,60884636.0,,3,SUR,0.72,
TQBR,2020-06-08,ПИК ао,PIKK,1399,61048509.0,390.2,387.9,399.2,398.2,392.4,398.2,155590,392.4,392.4,398.2,61048509.0,61048509.0,61048509.0,,3,SUR,2.15,
TQBR,2020-06-09,ПИК ао,PIKK,1255,33850303.0,398.2,390.1,401.1,395.1,395.0,395.1,85690,395.0,395.0,395.1,33850303.0,33850303.0,33850303.0,,3,SUR,-0.78,
TQBR,2020-06-10,ПИК ао,PIKK,1914,58286531.0,390.6,390.6,397.2,396.3,394.2,396.3,147870,394.2,394.2,396.3,58286531.0,58286531.0,58286531.0,,3,SUR,0.3,
TQBR,2020-06-11,ПИК ао,PIKK,2150,32463198.0,391.9,390.0,396.8,395.6,393.6,395.7,82470,393.6,393.6,395.6,32463198.0,32463198.0,32463198.0,,3,SUR,-0.15,
TQBR,2020-06-15,ПИК ао,PIKK,1349,33204269.0,387.4,387.4,400.7,400.6,392.9,400.6,84530,392.8,392.8,400.6,33204269.0,33204269.0,33204269.0,,3,SUR,1.24,
TQBR,2020-06-16,ПИК ао,PIKK,1583,29713447.0,393.0,393.0,410.0,409.9,404.9,409.9,73390,404.9,404.9,409.9,29713447.0,29713447.0,29713447.0,,3,SUR,2.32,
TQBR,2020-06-17,ПИК ао,PIKK,2518,31628825.0,405.4,405.4,414.6,414.4,411.1,414.4,76930,411.1,411.1,414.4,31628825.0,31628825.0,31628825.0,,3,SUR,1.1,
TQBR,2020-06-18,ПИК ао,PIKK,1664,38397482.0,412.7,409.0,419.0,412.1,412.6,412.1,93070,412.6,412.6,412.1,38397482.0,38397482.0,38397482.0,,3,SUR,-0.56,
TQBR,2020-06-19,ПИК ао,PIKK,2017,35412698.0,414.9,413.5,419.6,416.5,418.3,416.5,84660,418.3,418.3,416.5,35412698.0,35412698.0,35412698.0,,3,SUR,1.07,
TQBR,2020-06-22,ПИК ао,PIKK,1801,43816157.0,415.5,411.2,420.0,419.9,415.9,419.9,105350,415.9,415.9,419.9,43816157.0,43816157.0,43816157.0,0.0,3,SUR,0.82,
TQBR,2020-06-23,ПИК ао,PIKK,1165,29144501.0,420.0,419.9,426.0,425.1,424.4,425.1,68680,424.4,424.4,425.1,29144501.0,29144501.0,29144501.0,0.0,3,SUR,1.24,
TQBR,2020-06-25,ПИК ао,PIKK,1378,32904679.0,423.0,419.2,426.0,422.0,422.3,422.0,77920,422.3,422.3,422.0,32904679.0,32904679.0,32904679.0,0.0,3,SUR,-0.73,
TQBR,2020-06-26,ПИК ао,PIKK,1406,32147939.0,425.0,420.1,425.0,424.8,423.1,424.8,75980,423.1,423.1,424.8,32147939.0,32147939.0,32147939.0,0.0,3,SUR,0.66,
TQBR,2020-06-29,ПИК ао,PIKK,1300,36981957.0,423.2,422.0,428.2,427.5,425.9,427.5,86830,425.9,425.9,427.5,36981957.0,36981957.0,36981957.0,0.0,3,SUR,0.64,
TQBR,2020-06-30,ПИК ао,PIKK,1973,34748453.0,425.7,423.1,429.6,425.0,425.9,425.0,81580,425.9,425.9,425.0,34748453.0,34748453.0,34748453.0,0.0,3,SUR,-0.58,
TQBR,2020-07-02,ПИК ао,PIKK,1704,31032344.0,427.5,424.2,428.0,427.9,426.9,427.9,72700,426.9,426.9,427.9,31032344.0,31032344.0,31032344.0,0.0,3,SUR,0.68,
TQBR,2020-07-03,ПИК ао,PIKK,2111,32946606.0,426.4,424.0,428.0,425.5,426.1,425.2,77320,426.1,426.1,425.5,32946606.0,32946606.0,32946606.0,0.0,3,SUR,-0.63,
TQBR,2020-07-06,ПИК ао,PIKK,5967,80610503.0,427.6,421.1,429.9,428.8,425.4,428.7,189510,425.4,425.4,428.8,80610503.0,80610503.0,80610503.0,0.0,3,SUR,0.82,
TQBR,2020-07-07,ПИК ао,PIKK,3787,68513128.0,428.6,423.8,429.4,424.2,426.4,424.2,160680,426.4,426.4,424.2,68513128.0,68513128.0,68513128.0,0.0,3,SUR,-1.05,
TQBR,2020-07-08,ПИК ао,PIKK,2539,53580502.0,424.1,419.3,425.9,420.1,425.1,420.1,127190,421.3,421.3,420.1,53580502.0,53580502.0,53580502.0,0.0,3,SUR,-0.97,
TQBR,2020-07-09,ПИК ао,PIKK,4263,69117174.0,419.3,416.2,420.4,416.2,417.4,416.2,165590,417.4,417.4,416.2,69117174.0,69117174.0,69117174.0,0.0,3,SUR,-0.93,
TQBR,2020-07-10,ПИК ао,PIKK,8669,106612536.0,416.1,409.8,416.1,409.8,411.6,409.8,259030,411.6,411.6,409.8,106612536.0,106612536.0,106612536.0,0.0,3,SUR,-1.54,
TQBR,2020-07-13,ПИК ао,PIKK,10060,265780138.0,411.7,400.0,416.3,400.0,402.2,400.0,660800,402.2,402.2,400.0,265780138.0,265780138.0,265780138.0,0.0,3,SUR,-2.39,
TQBR,2020-07-14,ПИК ао,PIKK,3914,218899160.0,403.1,400.0,427.3,424.0,410.2,424.0,533680,410.2,410.2,424.0,218899160.0,218899160.0,218899160.0,0.0,3,SUR,6.0,
TQBR,2020-07-15,ПИК ао,PIKK,2224,62294873.0,426.0,418.1,427.3,425.8,425.0,425.8,146590,425.0,425.0,425.8,62294873.0,62294873.0,62294873.0,0.0,3,SUR,0.42,
TQBR,2020-07-16,ПИК ао,PIKK,1910,50756847.0,426.0,423.4,429.3,428.3,426.9,428.3,118890,426.9,426.9,428.3,50756847.0,50756847.0,50756847.0,0.0,3,SUR,0.59,
TQBR,2020-07-17,ПИК ао,PIKK,1594,27872387.0,428.4,424.4,431.4,431.0,427.5,431.0,65200,427.5,427.5,431.0,27872387.0,27872387.0,27872387.0,0.0,3,SUR,0.63,
TQBR,2020-07-20,ПИК ао,PIKK,889,20827658.0,434.6,429.1,438.9,434.0,434.2,434.0,47970,434.2,434.2,434.0,20827658.0,20827658.0,20827658.0,0.0,3,SUR,0.7,
TQBR,2020-07-21,ПИК ао,PIKK,2393,93778128.0,435.1,435.1,456.2,454.5,449.2,454.5,208770,449.2,449.2,454.5,93778128.0,93778128.0,93778128.0,0.0,3,SUR,4.72,
TQBR,2020-07-22,ПИК ао,PIKK,3931,88084655.0,455.0,453.1,461.0,456.0,458.2,456.0,192220,458.2,458.2,456.0,88084655.0,88084655.0,88084655.0,0.0,3,SUR,0.33,
TQBR,2020-07-23,ПИК ао,PIKK,1787,43042392.0,457.4,446.0,458.0,447.9,452.8,447.9,95060,452.8,452.8,447.9,43042392.0,43042392.0,43042392.0,0.0,3,SUR,-1.78,
TQBR,2020-07-24,ПИК ао,PIKK,1650,46744843.0,446.5,445.9,457.5,454.7,454.4,454.7,102870,454.4,454.4,454.7,46744843.0,46744843.0,46744843.0,0.0,3,SUR,1.52,
TQBR,2020-07-27,ПИК ао,PIKK,1088,52177054.0,457.0,454.9,463.6,463.6,457.7,463.6,114000,457.7,457.7,463.6,52177054.0,52177054.0,52177054.0,0.0,3,SUR,1.96,
TQBR,2020-07-28,ПИК ао,PIKK,2217,108772232.0,455.0,455.0,481.0,480.5,472.6,480.5,230170,472.6,472.6,480.5,108772232.0,108772232.0,108772232.0,0.0,3,SUR,3.65,
TQBR,2020-07-29,ПИК ао,PIKK,2238,110277898.0,481.2,480.5,499.5,498.6,490.8,498.6,224670,490.8,490.8,498.6,110277898.0,110277898.0,110277898.0,0.0,3,SUR,3.77,
TQBR,2020-07-30,ПИК ао,PIKK,1813,65188757.0,498.6,489.0,500.9,489.5,495.2,489.5,131630,495.2,495.2,489.5,65188757.0,65188757.0,65188757.0,0.0,3,SUR,-1.83,
TQBR,2020-07-31,ПИК ао,PIKK,1733,39701179.0,486.5,486.5,494.4,486.9,491.1,486.9,80840,491.1,491.1,486.9,39701179.0,39701179.0,39701179.0,0.0,3,SUR,-0.53,
TQBR,2020-08-03,ПИК ао,PIKK,2372,62190646.0,490.8,488.0,506.0,497.0,498.0,506.0,124870,497.6,497.6,497.0,57746322.0,57746322.0,57746322.0,0.0,3,SUR,3.92,
TQBR,2020-08-04,ПИК ао,PIKK,1743,63415674.0,503.6,494.5,508.0,498.0,502.3,502.9,126260,502.3,502.3,498.0,61099833.0,61099833.0,61099833.0,0.0,3,SUR,-0.61,
TQBR,2020-08-05,ПИК ао,PIKK,1470,47160434.0,504.5,494.0,504.5,499.8,498.9,497.8,94530,498.9,498.9,499.8,44930100.0,44930100.0,44930100.0,0.0,3,SUR,-1.01,
TQBR,2020-08-06,ПИК ао,PIKK,1204,40550553.0,495.1,493.9,502.2,499.2,497.6,497.6,81500,497.5,497.5,499.2,36792571.0,36792571.0,36792571.0,0.0,3,SUR,-0.04,
TQBR,2020-08-07,ПИК ао,PIKK,1273,42756192.0,501.5,493.5,501.5,493.5,498.3,498.6,85810,498.4,498.4,493.5,39927944.0,39927944.0,39927944.0,0.0,3,SUR,0.2,
TQBR,2020-08-10,ПИК ао,PIKK,1165,27519096.0,495.8,492.0,499.9,492.6,495.9,493.5,55490,496.1,496.1,492.6,25704325.0,25704325.0,25704325.0,0.0,3,SUR,-1.02,
TQBR,2020-08-11,ПИК ао,PIKK,1985,33846146.0,488.8,484.9,495.0,485.8,490.0,488.2,69080,490.0,490.0,485.8,31806403.0,31806403.0,31806403.0,0.0,3,SUR,-1.07,
TQBR,2020-08-12,ПИК ао,PIKK,1906,55568018.0,486.2,484.1,501.0,491.2,490.3,500.2,113340,488.3,488.3,491.2,42710162.0,42710162.0,42710162.0,0.0,3,SUR,2.46,
TQBR,2020-08-13,ПИК ао,PIKK,1551,42668999.0,494.9,492.0,500.0,495.1,495.2,495.1,86160,494.8,494.8,495.1,32158092.0,32158092.0,32158092.0,0.0,3,SUR,-1.02,
TQBR,2020-08-14,ПИК ао,PIKK,1850,30973140.0,494.2,493.8,499.4,497.5,496.8,497.7,62350,496.6,496.6,497.5,27795969.0,27795969.0,27795969.0,0.0,3,SUR,0.53,
TQBR,2020-08-17,ПИК ао,PIKK,1687,32816913.0,499.9,496.1,500.0,498.0,498.2,498.5,65870,498.2,498.2,498.0,30972251.0,30972251.0,30972251.0,0.0,3,SUR,0.16,
TQBR,2020-08-18,ПИК ао,PIKK,1258,32300206.0,500.0,491.5,500.0,495.8,495.2,491.8,65220,495.6,495.6,495.8,29031045.0,29031045.0,29031045.0,0.0,3,SUR,-1.34,
TQBR,2020-08-19,ПИК ао,PIKK,1141,44960537.0,491.5,491.5,497.0,494.4,495.7,493.0,90700,495.8,495.8,494.4,41103603.0,41103603.0,41103603.0,0.0,3,SUR,0.24,
TQBR,2020-08-20,ПИК ао,PIKK,1710,33157445.0,493.5,492.1,495.7,492.7,493.5,494.5,67190,493.4,493.4,492.7,31584337.0,31584337.0,31584337.0,0.0,3,SUR,0.3,
TQBR,2020-08-21,ПИК ао,PIKK,1632,52065564.0,499.3,492.0,499.3,497.9,495.8,495.9,105010,495.9,495.9,497.9,48817492.0,48817492.0,48817492.0,0.0,3,SUR,0.28,
TQBR,2020-08-24,ПИК ао,PIKK,1336,39357607.0,493.0,492.5,498.9,494.9,494.9,495.2,79520,494.9,494.9,494.9,33572209.0,33572209.0,33572209.0,0.0,3,SUR,-0.14,
TQBR,2020-08-25,ПИК ао,PIKK,1320,58833210.0,495.0,493.5,498.2,498.2,495.5,496.5,118740,495.4,495.4,498.2,55122766.0,55122766.0,55122766.0,0.0,3,SUR,0.26,
TQBR,2020-08-26,ПИК ао,PIKK,1477,34536515.0,494.2,494.2,499.5,497.5,497.7,499.0,69390,497.7,497.7,497.5,33315168.0,33315168.0,33315168.0,0.0,3,SUR,0.5,
TQBR,2020-08-27,ПИК ао,PIKK,1994,90185621.0,498.4,496.0,504.0,500.7,499.8,496.0,180440,500.0,500.0,500.7,78955487.0,78955487.0,78955487.0,0.0,3,SUR,-0.6,
TQBR,2020-08-28,ПИК ао,PIKK,1568,36427018.0,499.0,496.0,500.5,498.4,498.2,497.6,73120,498.1,498.1,498.4,32782773.0,32782773.0,32782773.0,0.0,3,SUR,0.32,
TQBR,2020-08-31,ПИК ао,PIKK,3667,130004515.0,500.0,498.0,509.5,504.1,504.4,506.2,257750,504.4,504.4,504.1,120104657.0,120104657.0,120104657.0,0.0,3,SUR,1.73,
TQBR,2020-09-01,ПИК ао,PIKK,4092,123250313.0,507.9,503.4,525.5,519.5,515.2,525.2,239220,514.4,514.4,519.5,110327906.0,110327906.0,110327906.0,0.0,3,SUR,3.75,
TQBR,2020-09-02,ПИК ао,PIKK,3990,135260947.0,527.0,521.1,540.0,533.4,530.0,536.0,255210,529.1,529.1,533.4,118257993.0,118257993.0,118257993.0,0.0,3,SUR,2.06,
TQBR,2020-09-03,ПИК ао,PIKK,3111,105544768.0,531.2,526.0,541.9,537.2,537.2,527.2,196490,538.2,538.2,537.2,90954549.0,90954549.0,90954549.0,0.0,3,SUR,-1.64,
TQBR,2020-09-04,ПИК ао,PIKK,1948,59801931.0,530.0,528.0,536.0,533.0,532.9,534.0,112210,532.8,532.8,533.0,50856817.0,50856817.0,50856817.0,0.0,3,SUR,1.29,
TQBR,2020-09-07,ПИК ао,PIKK,3351,162693089.0,535.0,533.0,559.9,543.6,545.2,558.0,298400,544.3,544.3,543.6,141356618.0,141356618.0,141356618.0,0.0,3,SUR,4.49,
TQBR,2020-09-08,ПИК ао,PIKK,4364,173398396.0,555.5,550.0,562.0,553.2,554.5,553.2,312720,554.6,554.6,553.2,163016075.0,163016075.0,163016075.0,0.0,3,SUR,-0.86,
TQBR,2020-09-09,ПИК ао,PIKK,3828,147022330.0,552.2,551.0,568.5,561.2,561.3,566.9,261930,560.3,560.3,561.2,115250680.0,115250680.0,115250680.0,0.0,3,SUR,2.48,
TQBR,2020-09-10,ПИК ао,PIKK,3169,150164738.0,565.0,564.0,570.0,567.4,567.3,564.1,264690,567.4,567.4,567.4,143522795.0,143522795.0,143522795.0,0.0,3,SUR,-0.49,
TQBR,2020-09-11,ПИК ао,PIKK,2151,75776154.0,569.2,555.0,570.0,565.0,561.3,564.8,135000,561.2,561.2,565.0,73706622.0,73706622.0,73706622.0,0.0,3,SUR,0.12,
TQBR,2020-09-14,ПИК ао,PIKK,1729,42458472.0,569.0,560.0,569.0,566.5,564.5,564.1,75210,564.5,564.5,566.5,40154926.0,40154926.0,40154926.0,0.0,3,SUR,-0.12,
TQBR,2020-09-15,ПИК ао,PIKK,2841,84430126.0,564.4,564.1,571.0,569.7,568.3,570.0,148570,568.1,568.1,569.7,69277974.0,69277974.0,69277974.0,0.0,3,SUR,1.05,
TQBR,2020-09-16,ПИК ао,PIKK,1809,62409566.0,571.0,566.6,571.0,568.3,568.6,569.0,109760,568.6,568.6,568.3,57641850.0,57641850.0,57641850.0,0.0,3,SUR,-0.18,
TQBR,2020-09-17,ПИК ао,PIKK,2541,92244228.0,568.3,558.3,571.0,561.3,565.1,562.2,163240,565.1,565.1,561.3,83352790.0,83352790.0,83352790.0,0.0,3,SUR,-1.2,
TQBR,2020-09-18,ПИК ао,PIKK,1606,49164239.0,567.9,559.0,567.9,564.5,564.2,559.1,87140,564.6,564.6,564.5,40908466.0,40908466.0,40908466.0,0.0,3,SUR,-0.55,
TQBR,2020-09-21,ПИК ао,PIKK,2901,114141015.0,563.5,541.0,563.5,543.2,555.0,549.4,205660,555.9,555.9,543.2,104846563.0,104846563.0,104846563.0,0.0,3,SUR,-1.73,
TQBR,2020-09-22,ПИК ао,PIKK,1702,51181118.0,552.0,547.1,559.0,552.0,554.1,550.8,92360,554.9,554.9,552.0,44661267.0,44661267.0,44661267.0,0.0,3,SUR,0.25,
TQBR,2020-09-23,ПИК ао,PIKK,1676,70981046.0,553.0,550.0,565.0,561.2,559.3,559.6,126900,559.3,559.3,561.2,62749277.0,62749277.0,62749277.0,0.0,3,SUR,1.6,
TQBR,2020-09-24,ПИК ао,PIKK,1365,40698393.0,561.2,554.9,563.5,558.8,557.9,557.7,72950,557.9,557.9,558.8,39087828.0,39087828.0,39087828.0,0.0,3,SUR,-0.34,
TQBR,2020-09-25,ПИК ао,PIKK,1233,45778987.0,558.0,555.0,562.0,557.9,558.5,559.0,81970,558.3,558.3,557.9,39251565.0,39251565.0,39251565.0,0.0,3,SUR,0.23,
TQBR,2020-09-28,ПИК ао,PIKK,1604,52190010.0,559.0,559.0,564.5,564.5,563.0,564.2,92700,563.0,563.0,564.5,47599337.0,47599337.0,47599337.0,0.0,3,SUR,0.93,
TQBR,2020-09-29,ПИК ао,PIKK,1862,106969233.0,564.5,564.0,570.0,566.8,567.3,569.4,188570,567.2,567.2,566.8,104224857.0,104224857.0,104224857.0,0.0,3,SUR,0.92,
TQBR,2020-09-30,ПИК ао,PIKK,1515,65031943.0,569.0,565.3,571.0,567.3,568.5,568.2,114390,568.6,568.6,567.3,61196447.0,61196447.0,61196447.0,0.0,3,SUR,-0.21,
TQBR,2020-10-01,ПИК ао,PIKK,1638,57859679.0,569.7,566.2,571.0,568.9,569.0,570.3,101680,569.1,569.1,568.9,54300753.0,54300753.0,54300753.0,0.0,3,SUR,0.37,
TQBR,2020-10-02,ПИК ао,PIKK,1482,70086841.0,568.0,562.9,569.9,565.9,567.0,567.2,123600,567.0,567.0,565.9,66304254.0,66304254.0,66304254.0,0.0,3,SUR,-0.54,
TQBR,2020-10-05,ПИК ао,PIKK,2530,83955709.0,569.5,565.4,571.0,568.2,569.4,570.4,147440,569.4,569.4,568.2,78001315.0,78001315.0,78001315.0,0.0,3,SUR,0.56,
TQBR,2020-10-06,ПИК ао,PIKK,1885,53782834.0,569.0,568.5,571.0,570.0,570.0,570.9,94350,570.0,570.0,570.0,45442793.0,45442793.0,45442793.0,0.0,3,SUR,0.09,
TQBR,2020-10-07,ПИК ао,PIKK,1780,48173878.0,570.0,567.0,572.1,570.0,569.4,572.1,84600,568.7,568.7,570.0,34288425.0,34288425.0,34288425.0,0.0,3,SUR,0.21,
TQBR,2020-10-08,ПИК ао,PIKK,3262,137607469.0,568.9,564.0,572.1,572.0,568.6,568.9,242020,569.2,569.2,572.0,79104738.0,79104738.0,79104738.0,0.0,3,SUR,-0.56,
TQBR,2020-10-09,ПИК ао,PIKK,4400,219051592.0,557.0,547.1,569.8,567.6,558.7,567.9,392080,558.2,558.2,567.6,206948210.0,206948210.0,206948210.0,0.0,3,SUR,-0.18,
TQBR,2020-10-12,ПИК ао,PIKK,2416,103936161.0,567.7,562.2,571.5,570.0,565.3,567.2,182720,569.0,569.0,570.0,95441258.0,95441258.0,95441258.0,0.0,3,SUR,-0.12,
TQBR,2020-10-13,ПИК ао,PIKK,2529,94472861.0,568.9,564.5,582.8,572.1,572.1,578.0,165130,569.5,569.5,572.1,62023331.0,62023331.0,62023331.0,0.0,3,SUR,1.9,
TQBR,2020-10-14,ПИК ао,PIKK,2721,125013973.0,573.5,573.5,586.2,582.2,582.5,586.2,214600,582.4,582.4,582.2,117394053.0,117394053.0,117394053.0,0.0,3,SUR,1.42,
TQBR,2020-10-15,ПИК ао,PIKK,9538,203558556.0,586.7,580.1,592.7,584.6,587.4,583.6,346540,587.6,587.6,584.6,196395273.0,196395273.0,196395273.0,0.0,3,SUR,-0.44,
TQBR,2020-10-16,ПИК ао,PIKK,3069,103425010.0,584.7,582.2,598.3,592.0,589.0,598.3,175580,587.8,587.8,592.0,83117570.0,83117570.0,83117570.0,0.0,3,SUR,2.52,
TQBR,2020-10-19,ПИК ао,PIKK,8724,203369188.0,599.7,595.0,609.4,597.1,603.1,600.0,337180,603.2,603.2,597.1,191267141.0,191267141.0,191267141.0,0.0,3,SUR,0.28,
TQBR,2020-10-20,ПИК ао,PIKK,8059,218788752.0,603.3,600.0,611.0,603.4,604.9,604.7,361680,604.9,604.9,603.4,212068386.0,212068386.0,212068386.0,0.0,3,SUR,0.78,
TQBR,2020-10-21,ПИК ао,PIKK,3930,101637685.0,609.0,596.0,609.0,602.1,602.7,600.0,168640,604.1,604.1,602.1,74376886.0,74376886.0,74376886.0,0.0,3,SUR,-0.78,
TQBR,2020-10-22,ПИК ао,PIKK,5524,132871551.0,600.1,596.6,609.0,597.1,602.2,600.8,220650,602.3,602.3,597.1,125857427.0,125857427.0,125857427.0,0.0,3,SUR,0.13,
TQBR,2020-10-23,ПИК ао,PIKK,3637,112530364.0,598.0,592.0,602.3,595.4,595.3,596.0,189020,595.4,595.4,595.4,104601085.0,104601085.0,104601085.0,0.0,3,SUR,-0.8,
TQBR,2020-10-26,ПИК ао,PIKK,2703,95519520.0,598.1,578.0,598.1,579.3,587.1,584.5,162690,588.3,588.3,579.3,71971553.0,71971553.0,71971553.0,0.0,3,SUR,-1.93,
TQBR,2020-10-27,ПИК ао,PIKK,2141,59677072.0,583.5,575.0,584.5,577.0,577.5,576.2,103330,577.6,577.6,577.0,54933503.0,54933503.0,54933503.0,0.0,3,SUR,-1.42,
TQBR,2020-10-28,ПИК ао,PIKK,3401,90367138.0,579.5,561.0,579.5,567.5,565.6,567.2,159770,565.4,565.4,567.5,83155095.0,83155095.0,83155095.0,0.0,3,SUR,-1.56,
TQBR,2020-10-29,ПИК ао,PIKK,2055,54791394.0,567.1,562.5,574.9,569.4,567.3,573.4,96580,566.8,566.8,569.4,47798493.0,47798493.0,47798493.0,0.0,3,SUR,1.09,
TQBR,2020-10-30,ПИК ао,PIKK,1827,64043407.0,572.0,563.9,572.0,567.5,567.9,569.0,112780,567.9,567.9,567.5,58916122.0,58916122.0,58916122.0,0.0,3,SUR,-0.77,
TQBR,2020-11-02,ПИК ао,PIKK,2309,48360308.0,571.5,557.9,571.5,560.9,561.9,564.5,86070,561.6,561.6,560.9,42552101.0,42552101.0,42552101.0,0.0,3,SUR,-0.79,
TQBR,2020-11-03,ПИК ао,PIKK,1624,50112166.0,563.0,559.1,568.0,564.8,564.7,567.0,88740,564.5,564.5,564.8,43303421.0,43303421.0,43303421.0,0.0,3,SUR,0.44,
TQBR,2020-11-05,ПИК ао,PIKK,2995,97816552.0,568.5,565.0,583.2,581.1,576.3,583.1,169730,575.9,575.9,581.1,86380748.0,86380748.0,86380748.0,0.0,3,SUR,2.84,
TQBR,2020-11-06,ПИК ао,PIKK,1798,48751905.0,582.2,574.1,583.1,579.8,578.6,582.1,84260,578.1,578.1,579.8,42800364.0,42800364.0,42800364.0,0.0,3,SUR,-0.17,
TQBR,2020-11-09,ПИК ао,PIKK,3654,117050635.0,582.1,580.2,593.7,586.8,588.4,591.2,198930,588.0,588.0,586.8,102337649.0,102337649.0,102337649.0,0.0,3,SUR,1.56,
TQBR,2020-11-10,ПИК ао,PIKK,2039,56355592.0,586.5,583.0,592.7,589.0,587.5,587.4,95920,587.5,587.5,589.0,51036015.0,51036015.0,51036015.0,0.0,3,SUR,-0.64,
TQBR,2020-11-11,ПИК ао,PIKK,1545,37383883.0,589.6,585.4,594.1,593.0,590.2,591.9,63340,590.2,590.2,593.0,33623683.0,33623683.0,33623683.0,0.0,3,SUR,0.77,
TQBR,2020-11-12,ПИК ао,PIKK,1594,41781138.0,592.1,585.9,596.0,589.4,590.6,587.5,70740,591.1,591.1,589.4,32953971.0,32953971.0,32953971.0,0.0,3,SUR,-0.74,
TQBR,2020-11-13,ПИК ао,PIKK,1135,19539304.0,587.0,584.5,589.2,586.0,586.4,587.4,33320,586.5,586.5,586.0,15125908.0,15125908.0,15125908.0,0.0,3,SUR,-0.02,
TQBR,2020-11-16,ПИК ао,PIKK,3977,77339584.0,586.0,586.0,594.3,589.5,589.9,593.2,131100,589.9,589.9,589.5,73457640.0,73457640.0,73457640.0,0.0,3,SUR,0.99,
TQBR,2020-11-17,ПИК ао,PIKK,1488,31948004.0,589.5,588.6,598.3,593.4,593.3,597.2,53850,592.4,592.4,593.4,24188293.0,24188293.0,24188293.0,0.0,3,SUR,0.67,
TQBR,2020-11-18,ПИК ао,PIKK,7914,96504430.0,593.4,592.6,603.0,596.7,596.5,596.0,161780,596.5,596.5,596.7,90866467.0,90866467.0,90866467.0,0.0,3,SUR,-0.2,
TQBR,2020-11-19,ПИК ао,PIKK,2244,59384072.0,596.7,594.6,601.7,601.0,597.7,597.2,99350,597.6,597.6,601.0,54985880.0,54985880.0,54985880.0,0.0,3,SUR,0.2,
TQBR,2020-11-20,ПИК ао,PIKK,2710,54642450.0,600.0,595.0,604.0,599.6,599.3,595.1,91170,599.5,599.5,599.6,51756028.0,51756028.0,51756028.0,0.0,3,SUR,-0.35,
TQBR,2020-11-23,ПИК ао,PIKK,3232,99170817.0,599.3,586.8,604.6,590.9,593.6,595.8,167060,593.7,593.7,590.9,88706976.0,88706976.0,88706976.0,0.0,3,SUR,0.12,
TQBR,2020-11-24,ПИК ао,PIKK,2804,63230741.0,597.3,593.0,602.3,599.0,598.0,598.8,105730,598.0,598.0,599.0,57433769.0,57433769.0,57433769.0,0.0,3,SUR,0.5,
TQBR,2020-11-25,ПИК ао,PIKK,2155,52820381.0,601.2,593.3,601.2,594.8,595.9,595.0,88640,595.9,595.9,594.8,48253535.0,48253535.0,48253535.0,0.0,3,SUR,-0.63,
TQBR,2020-11-26,ПИК ао,PIKK,1482,37390854.0,595.5,590.0,598.0,595.3,593.9,593.6,62960,593.8,593.8,595.3,35537162.0,35537162.0,35537162.0,0.0,3,SUR,-0.24,
TQBR,2020-11-27,ПИК ао,PIKK,1501,42130586.0,596.7,590.0,599.0,593.9,593.1,594.6,71030,592.9,592.9,593.9,37941312.0,37941312.0,37941312.0,0.0,3,SUR,0.17,
TQBR,2020-11-30,ПИК ао,PIKK,1833,49159859.0,596.4,591.0,601.1,594.1,596.7,596.5,82380,596.8,596.8,594.1,46785415.0,46785415.0,46785415.0,0.0,3,SUR,0.32,
TQBR,2020-12-01,ПИК ао,PIKK,2300,35539032.0,594.2,591.7,597.7,593.1,594.1,594.6,59820,594.1,594.1,593.1,31090328.0,31090328.0,31090328.0,0.0,3,SUR,-0.32,
TQBR,2020-12-02,ПИК ао,PIKK,1180,20746057.0,592.6,591.2,596.4,595.8,593.4,593.4,34960,593.4,593.4,595.8,18585277.0,18585277.0,18585277.0,0.0,3,SUR,-0.2,
TQBR,2020-12-03,ПИК ао,PIKK,1565,28446650.0,592.1,592.1,599.0,599.0,595.4,594.4,47780,595.2,595.2,599.0,22331003.0,22331003.0,22331003.0,0.0,3,SUR,0.17,
TQBR,2020-12-04,ПИК ао,PIKK,1425,34668753.0,599.0,590.4,599.8,590.9,593.6,593.4,58400,593.8,593.8,590.9,28573518.0,28573518.0,28573518.0,0.0,3,SUR,-0.17,
TQBR,2020-12-07,ПИК ао,PIKK,2607,58075749.0,589.3,588.2,597.6,595.2,593.9,594.3,97790,593.8,593.8,595.2,54559283.0,54559283.0,54559283.0,0.0,3,SUR,0.15,
TQBR,2020-12-08,ПИК ао,PIKK,2123,56520986.0,594.4,588.0,598.4,591.8,591.6,594.1,95540,591.2,591.2,591.8,51425789.0,51425789.0,51425789.0,0.0,3,SUR,-0.03,
TQBR,2020-12-09,ПИК ао,PIKK,2791,68449106.0,593.2,583.1,596.2,583.5,588.1,583.7,116400,588.4,588.4,583.5,62657023.0,62657023.0,62657023.0,0.0,3,SUR,-1.75,
TQBR,2020-12-10,ПИК ао,PIKK,1406,32035467.0,584.9,584.3,588.7,588.3,587.1,587.7,54570,587.1,587.1,588.3,28818889.0,28818889.0,28818889.0,0.0,3,SUR,0.69,
TQBR,2020-12-11,ПИК ао,PIKK,1900,42302125.0,586.0,580.4,588.5,581.1,583.4,582.5,72510,583.7,583.7,581.1,36610767.0,36610767.0,36610767.0,0.0,3,SUR,-0.88,
TQBR,2020-12-14,ПИК ао,PIKK,1962,34027764.0,584.3,577.5,584.3,579.7,579.9,578.0,58680,579.8,579.8,579.7,29722700.0,29722700.0,29722700.0,0.0,3,SUR,-0.77,
TQBR,2020-12-15,ПИК ао,PIKK,1416,33910092.0,581.0,576.2,586.0,583.0,581.3,585.6,58330,581.1,581.1,583.0,30849558.0,30849558.0,30849558.0,0.0,3,SUR,1.31,
TQBR,2020-12-16,ПИК ао,PIKK,1671,43538955.0,585.0,581.5,591.7,586.0,587.2,587.6,74150,587.1,587.1,586.0,40957682.0,40957682.0,40957682.0,0.0,3,SUR,0.34,
TQBR,2020-12-17,ПИК ао,PIKK,2179,68800489.0,586.0,581.8,590.7,581.8,586.4,586.4,117330,586.5,586.5,581.8,65902964.0,65902964.0,65902964.0,0.0,3,SUR,-0.2,
TQBR,2020-12-18,ПИК ао,PIKK,1627,35650302.0,583.9,577.8,584.0,580.6,580.5,580.6,61410,580.5,580.5,580.6,33591990.0,33591990.0,33591990.0,0.0,3,SUR,-0.99,
TQBR,2020-12-21,ПИК ао,PIKK,2202,52845979.0,578.9,570.6,583.8,574.3,576.6,578.7,91650,576.1,576.1,574.3,45808816.0,45808816.0,45808816.0,0.0,3,SUR,-0.33,
TQBR,2020-12-22,ПИК ао,PIKK,1442,47848824.0,572.0,571.9,585.8,582.7,579.7,582.1,82540,579.6,579.6,582.7,45829476.0,45829476.0,45829476.0,0.0,3,SUR,0.59,
TQBR,2020-12-23,ПИК ао,PIKK,1089,19529961.0,580.3,577.7,584.9,581.4,579.9,582.2,33680,579.5,579.5,581.4,15948231.0,15948231.0,15948231.0,0.0,3,SUR,0.02,
TQBR,2020-12-24,ПИК ао,PIKK,1096,18528920.0,581.3,578.4,583.7,583.7,579.9,579.6,31950,580.0,580.0,583.7,16749686.0,16749686.0,16749686.0,0.0,3,SUR,-0.45,
TQBR,2020-12-25,ПИК ао,PIKK,756,12106361.0,582.0,581.2,589.3,585.7,584.3,586.1,20720,584.0,584.0,585.7,10506677.0,10506677.0,10506677.0,0.0,3,SUR,1.12,
TQBR,2020-12-28,ПИК ао,PIKK,1468,45767916.0,587.7,585.4,594.8,591.4,591.3,592.8,77400,590.4,590.4,591.4,32668917.0,32668917.0,32668917.0,0.0,3,SUR,1.14,
TQBR,2020-12-29,ПИК ао,PIKK,2133,45992418.0,593.0,591.6,599.0,595.7,595.7,593.6,77210,595.8,595.8,595.7,43250820.0,43250820.0,43250820.0,0.0,3,SUR,0.13,
TQBR,2020-12-30,ПИК ао,PIKK,1412,36807994.0,599.0,593.1,600.0,597.9,597.0,595.9,61650,597.0,597.0,597.9,31327161.0,31327161.0,31327161.0,0.0,3,SUR,0.39,
TQBR,2021-01-04,ПИК ао,PIKK,1636,31777950.0,598.0,595.3,602.6,596.7,599.8,597.9,52980,600.5,600.5,596.7,25322645.0,25322645.0,25322645.0,0.0,3,SUR,0.34,
TQBR,2021-01-05,ПИК ао,PIKK,1769,40020173.0,595.5,594.7,601.4,600.0,599.6,598.8,66750,599.6,599.6,600.0,32337172.0,32337172.0,32337172.0,0.0,3,SUR,0.15,
TQBR,2021-01-06,ПИК ао,PIKK,1805,44515636.0,600.0,592.9,600.4,596.3,595.4,596.6,74770,595.2,595.2,596.3,39929127.0,39929127.0,39929127.0,0.0,3,SUR,-0.37,
TQBR,2021-01-08,ПИК ао,PIKK,2200,47895256.0,595.0,593.0,601.0,595.1,596.2,596.0,80340,596.2,596.2,595.1,43587470.0,43587470.0,43587470.0,0.0,3,SUR,-0.1,
TQBR,2021-01-11,ПИК ао,PIKK,2234,48816151.0,593.4,592.0,596.4,594.5,593.9,595.2,82190,593.8,593.8,594.5,43217333.0,43217333.0,43217333.0,0.0,3,SUR,-0.13,
TQBR,2021-01-12,ПИК ао,PIKK,2169,64467676.0,595.7,592.2,598.2,592.2,594.6,594.2,108420,594.6,594.6,592.2,61646799.0,61646799.0,61646799.0,0.0,3,SUR,-0.17,
TQBR,2021-01-13,ПИК ао,PIKK,1728,50046036.0,594.7,584.0,594.9,584.2,588.6,589.3,85020,588.7,588.7,584.2,46132657.0,46132657.0,46132657.0,0.0,3,SUR,-0.82,
TQBR,2021-01-14,ПИК ао,PIKK,2373,88905389.0,586.7,582.0,594.8,589.5,589.7,591.2,150770,589.5,589.5,589.5,83427801.0,83427801.0,83427801.0,0.0,3,SUR,0.32,
TQBR,2021-01-15,ПИК ао,PIKK,2964,83388600.0,597.5,591.6,600.0,600.0,597.3,597.9,139650,597.0,597.0,600.0,78443948.0,78443948.0,78443948.0,0.0,3,SUR,1.13,
TQBR,2021-01-18,ПИК ао,PIKK,5772,392906256.0,600.0,597.0,612.9,607.0,606.5,611.2,647020,607.1,607.1,607.0,371958316.0,371958316.0,371958316.0,0.0,3,SUR,2.22,
TQBR,2021-01-19,ПИК ао,PIKK,13201,679934109.0,612.1,611.2,648.0,647.0,633.0,641.4,1074090,632.5,632.5,647.0,631770361.0,631770361.0,631770361.0,0.0,3,SUR,4.94,
TQBR,2021-01-20,ПИК ао,PIKK,8770,324252036.0,646.9,621.5,648.8,641.6,636.1,643.3,509810,635.8,635.8,641.6,311983497.0,311983497.0,311983497.0,0.0,3,SUR,0.3,
TQBR,2021-01-21,ПИК ао,PIKK,6335,234052489.0,646.8,637.8,652.6,647.5,647.8,645.7,361420,647.8,647.8,647.5,214873281.0,214873281.0,214873281.0,0.0,3,SUR,0.37,
TQBR,2021-01-22,ПИК ао,PIKK,8675,224175411.0,649.5,640.7,658.0,646.4,650.3,654.0,344710,650.3,650.3,646.4,215237679.0,215237679.0,215237679.0,0.0,3,SUR,1.29,
TQBR,2021-01-25,ПИК ао,PIKK,5774,262964924.0,652.3,652.3,683.4,682.6,667.9,680.3,393500,665.9,665.9,682.6,208855330.0,208855330.0,208855330.0,0.0,3,SUR,4.02,
TQBR,2021-01-26,ПИК ао,PIKK,5855,201901311.0,682.6,678.9,696.0,693.0,690.1,695.5,292570,689.8,689.8,693.0,183614293.0,183614293.0,183614293.0,0.0,3,SUR,2.23,
TQBR,2021-01-27,ПИК ао,PIKK,6656,252273607.0,698.0,673.6,698.7,681.9,687.2,685.3,367380,686.8,686.8,681.9,242385022.0,242385022.0,242385022.0,0.0,3,SUR,-1.47,
TQBR,2021-01-28,ПИК ао,PIKK,4364,150398619.0,682.4,671.5,685.5,676.0,680.1,677.0,221250,680.5,680.5,676.0,118412598.0,118412598.0,118412598.0,0.0,3,SUR,-1.21,
TQBR,2021-01-29,ПИК ао,PIKK,6321,257553740.0,677.0,672.2,708.7,704.7,693.7,706.9,371030,691.2,691.2,704.7,199680150.0,199680150.0,199680150.0,0.0,3,SUR,4.42,
TQBR,2021-02-01,ПИК ао,PIKK,4679,163075605.0,706.5,692.9,706.5,695.3,698.3,698.7,233530,698.3,698.3,695.3,149281423.0,149281423.0,149281423.0,0.0,3,SUR,-1.16,
TQBR,2021-02-02,ПИК ао,PIKK,5928,212359673.0,695.3,695.3,740.1,738.2,720.2,733.0,294870,717.4,717.4,738.2,177915476.0,177915476.0,177915476.0,0.0,3,SUR,4.91,
TQBR,2021-02-03,ПИК ао,PIKK,4534,172726015.0,736.0,723.1,738.5,732.0,731.2,736.7,236210,731.0,731.0,732.0,159546258.0,159546258.0,159546258.0,0.0,3,SUR,0.5,
TQBR,2021-02-04,ПИК ао,PIKK,3524,154569416.0,736.0,729.0,747.0,742.0,738.0,747.0,209440,736.9,736.9,742.0,130391867.0,130391867.0,130391867.0,0.0,3,SUR,1.4,
TQBR,2021-02-05,ПИК ао,PIKK,8856,343684651.0,741.9,741.9,774.9,750.8,759.2,759.8,452720,759.4,759.4,750.8,314458542.0,314458542.0,314458542.0,0.0,3,SUR,1.71,
TQBR,2021-02-08,ПИК ао,PIKK,12702,445007913.0,763.7,756.2,789.1,770.6,774.5,780.1,574590,774.0,774.0,770.6,361129592.0,361129592.0,361129592.0,0.0,3,SUR,2.67,
TQBR,2021-02-09,ПИК ао,PIKK,13058,362345821.0,777.0,757.5,788.0,762.5,768.7,767.0,471380,768.8,768.8,762.5,342400523.0,342400523.0,342400523.0,0.0,3,SUR,-1.68,
TQBR,2021-02-10,ПИК ао,PIKK,11595,288078052.0,767.9,737.0,768.6,740.5,747.1,748.0,385620,747.7,747.7,740.5,257425564.0,257425564.0,257425564.0,0.0,3,SUR,-2.48,
TQBR,2021-02-11,ПИК ао,PIKK,9707,246209854.0,747.8,733.7,763.3,736.7,742.8,735.0,331460,743.4,743.4,736.7,225560734.0,225560734.0,225560734.0,0.0,3,SUR,-1.74,
TQBR,2021-02-12,ПИК ао,PIKK,6013,257252533.0,734.0,721.4,760.0,755.4,742.8,755.9,346330,741.5,741.5,755.4,225427075.0,225427075.0,225427075.0,0.0,3,SUR,2.84,
TQBR,2021-02-15,ПИК ао,PIKK,3309,128196184.0,762.0,756.3,768.4,761.5,763.3,764.5,167940,763.6,763.6,761.5,104087044.0,104087044.0,104087044.0,0.0,3,SUR,1.14,
TQBR,2021-02-16,ПИК ао,PIKK,3364,144745283.0,769.1,758.7,771.0,768.1,765.9,766.0,188980,765.9,765.9,768.1,130170136.0,130170136.0,130170136.0,0.0,3,SUR,0.2,
TQBR,2021-02-17,ПИК ао,PIKK,7934,241090520.0,770.5,750.0,770.9,758.6,757.1,761.9,318440,756.9,756.9,758.6,223120428.0,223120428.0,223120428.0,0.0,3,SUR,-0.54,
TQBR,2021-02-18,ПИК ао,PIKK,3462,172487142.0,754.5,752.9,769.5,765.5,761.2,763.8,226600,760.9,760.9,765.5,159762006.0,159762006.0,159762006.0,0.0,3,SUR,0.25,
TQBR,2021-02-19,ПИК ао,PIKK,4081,232416523.0,766.9,758.7,788.5,788.4,772.3,784.9,300930,770.3,770.3,788.4,183776631.0,183776631.0,183776631.0,0.0,3,SUR,2.76,
TQBR,2021-02-20,ПИК ао,PIKK,1647,46902270.0,777.4,775.0,788.5,785.8,781.6,781.9,60010,779.9,779.9,785.8,34384829.0,34384829.0,34384829.0,0.0,3,SUR,-0.38,
TQBR,2021-02-22,ПИК ао,PIKK,2831,138620723.0,785.2,772.7,789.0,782.1,780.2,785.0,177680,779.6,779.6,782.1,118559830.0,118559830.0,118559830.0,0.0,3,SUR,0.4,
TQBR,2021-02-24,ПИК ао,PIKK,6637,221052635.0,789.2,767.7,789.2,772.6,775.1,775.0,285180,775.1,775.1,772.6,207605961.0,207605961.0,207605961.0,0.0,3,SUR,-1.27,
TQBR,2021-02-25,ПИК ао,PIKK,2178,79298119.0,774.0,771.8,785.2,780.9,777.2,780.0,102030,776.2,776.2,780.9,54405456.0,54405456.0,54405456.0,0.0,3,SUR,0.65,
TQBR,2021-02-26,ПИК ао,PIKK,2490,97833963.0,780.9,765.4,781.3,777.3,773.5,770.8,126480,774.5,774.5,777.3,74178331.0,74178331.0,74178331.0,0.0,3,SUR,-1.18,
TQBR,2021-03-01,ПИК ао,PIKK,6855,119967421.5,777.3,745.5,777.3,756.5,757.1,757.3,158451,757.0,757.0,756.5,111011656.0,111011656.0,111011656.0,0.0,3,SUR,-1.75,
TQBR,2021-03-02,ПИК ао,PIKK,6730,170487569.1,759.8,751.0,783.0,782.0,774.8,778.1,220028,774.6,774.6,782.0,160142101.8,160142101.8,160142101.8,0.0,3,SUR,2.75,
TQBR,2021-03-03,ПИК ао,PIKK,10830,117916924.4,782.0,772.3,788.0,773.2,779.5,773.0,151272,779.7,779.7,773.2,110995755.5,110995755.5,110995755.5,0.0,3,SUR,-0.66,
TQBR,2021-03-04,ПИК ао,PIKK,6048,100724021.4,773.4,760.0,787.2,785.0,773.1,769.1,130278,771.6,771.6,785.0,72334771.8,72334771.8,72334771.8,0.0,3,SUR,-0.5,
TQBR,2021-03-05,ПИК ао,PIKK,7376,107842887.6,781.5,753.1,786.2,754.6,764.5,761.3,141062,764.8,764.8,754.6,97419940.4,97419940.4,97419940.4,0.0,3,SUR,-1.01,
TQBR,2021-03-09,ПИК ао,PIKK,9167,174398968.6,755.8,735.7,765.0,752.2,747.6,760.1,233278,746.2,746.2,752.2,156922033.3,156922033.3,156922033.3,0.0,3,SUR,-0.16,
TQBR,2021-03-10,ПИК ао,PIKK,4679,71137788.9,755.0,750.0,768.5,754.2,758.3,754.1,93807,758.6,758.6,754.2,66234863.5,66234863.5,66234863.5,0.0,3,SUR,-0.79,
TQBR,2021-03-11,ПИК ао,PIKK,7511,109616459.2,754.0,735.1,757.0,739.9,742.5,746.3,147637,742.1,742.1,739.9,92910636.9,92910636.9,92910636.9,0.0,3,SUR,-1.03,
TQBR,2021-03-12,ПИК ао,PIKK,6389,98858100.7,744.0,732.0,750.9,738.0,738.7,739.8,133830,738.7,738.7,738.0,91215278.3,91215278.3,91215278.3,0.0,3,SUR,-0.87,
TQBR,2021-03-15,ПИК ао,PIKK,11644,182011355.0,739.9,715.4,745.0,722.3,728.5,729.6,249829,728.6,728.6,722.3,164770376.9,164770376.9,164770376.9,0.0,3,SUR,-1.38,
TQBR,2021-03-16,ПИК ао,PIKK,7576,125306884.7,724.1,724.1,747.0,746.5,735.9,743.5,170269,735.1,735.1,746.5,108476562.6,108476562.6,108476562.6,0.0,3,SUR,1.91,
TQBR,2021-03-17,ПИК ао,PIKK,6815,102262499.6,747.0,738.2,752.0,738.5,746.1,744.1,137070,746.1,746.1,738.5,92564553.0,92564553.0,92564553.0,0.0,3,SUR,0.08,
TQBR,2021-03-18,ПИК ао,PIKK,9283,227791319.4,741.0,739.4,764.9,746.8,751.8,755.6,302986,751.7,751.7,746.8,214661398.0,214661398.0,214661398.0,0.0,3,SUR,1.55,
TQBR,2021-03-19,ПИК ао,PIKK,5052,118419574.6,752.0,744.0,760.7,760.7,754.8,754.5,156887,754.7,754.7,760.7,109665793.3,109665793.3,109665793.3,0.0,3,SUR,-0.15,
TQBR,2021-03-22,ПИК ао,PIKK,21469,353873219.3,760.7,752.1,784.4,771.0,768.3,778.1,460584,766.6,766.6,771.0,293173494.6,293173494.6,293173494.6,0.0,3,SUR,3.13,
TQBR,2021-03-23,ПИК ао,PIKK,12216,236330402.8,777.5,775.0,789.0,787.9,783.1,778.4,301771,783.4,783.4,787.9,212342744.7,212342744.7,212342744.7,0.0,3,SUR,0.04,
TQBR,2021-03-24,ПИК ао,PIKK,11156,257639931.6,788.0,778.5,808.9,798.9,793.2,796.8,324805,792.6,792.6,798.9,227028522.5,227028522.5,227028522.5,0.0,3,SUR,2.36,
TQBR,2021-03-25,ПИК ао,PIKK,7659,151120521.7,800.0,783.1,803.8,789.2,793.1,791.6,190537,793.2,793.2,789.2,136904134.9,136904134.9,136904134.9,0.0,3,SUR,-0.65,
TQBR,2021-03-26,ПИК ао,PIKK,8240,144295968.0,787.7,787.7,806.8,798.0,798.4,805.8,180739,797.8,797.8,798.0,120979530.6,120979530.6,120979530.6,0.0,3,SUR,1.79,
TQBR,2021-03-29,ПИК ао,PIKK,19965,361415885.9,805.8,798.0,849.0,843.0,835.3,840.5,432667,834.9,834.9,843.0,342058264.2,342058264.2,342058264.2,0.0,3,SUR,4.31,
TQBR,2021-03-30,ПИК ао,PIKK,25813,410341920.3,849.0,840.3,890.0,871.0,872.7,880.9,470191,872.1,872.1,871.0,364776636.2,364776636.2,364776636.2,0.0,3,SUR,4.81,
TQBR,2021-03-31,ПИК ао,PIKK,29965,696483888.6,880.8,871.4,937.0,919.4,908.5,937.0,766662,905.6,905.6,919.4,614328868.8,614328868.8,614328868.8,0.0,3,SUR,6.37,
TQBR,2021-04-01,ПИК ао,PIKK,36321,847413831.6,937.0,897.9,964.7,913.3,926.2,939.0,914959,926.1,926.1,913.3,780286080.9,780286080.9,780286080.9,0.0,3,SUR,0.21,
TQBR,2021-04-02,ПИК ао,PIKK,12473,250089682.6,932.0,913.0,938.8,918.1,921.9,919.3,271280,921.6,921.6,918.1,200036230.6,200036230.6,200036230.6,0.0,3,SUR,-2.1,
TQBR,2021-04-05,ПИК ао,PIKK,20761,388969850.0,925.0,890.2,925.0,891.6,904.6,898.4,429994,905.3,905.3,891.6,354170996.3,354170996.3,354170996.3,0.0,3,SUR,-2.27,
TQBR,2021-04-06,ПИК ао,PIKK,14417,283307374.4,900.0,891.1,926.8,921.9,912.7,915.6,310406,912.3,912.3,921.9,262612437.6,262612437.6,262612437.6,0.0,3,SUR,1.91,
TQBR,2021-04-07,ПИК ао,PIKK,9058,234274549.1,920.0,905.0,928.5,925.9,918.1,917.3,255170,917.9,917.9,925.9,209857880.3,209857880.3,209857880.3,0.0,3,SUR,0.19,
TQBR,2021-04-08,ПИК ао,PIKK,7280,100904399.0,906.1,906.1,930.0,918.1,922.9,920.6,109335,923.3,923.3,918.1,87761682.9,87761682.9,87761682.9,0.0,3,SUR,0.36,
TQBR,2021-04-09,ПИК ао,PIKK,7571,95940764.3,922.5,907.6,924.7,912.7,915.4,917.4,104808,915.3,915.3,912.7,82215658.3,82215658.3,82215658.3,0.0,3,SUR,-0.35,
TQBR,2021-04-12,ПИК ао,PIKK,14580,315625202.6,927.1,914.8,953.6,950.0,940.9,948.3,335434,940.5,940.5,950.0,293311712.3,293311712.3,293311712.3,0.0,3,SUR,3.37,
TQBR,2021-04-13,ПИК ао,PIKK,13519,313714670.2,954.8,947.2,988.0,969.6,969.3,982.0,323640,965.5,965.5,969.6,226156663.2,226156663.2,226156663.2,0.0,3,SUR,3.55,
TQBR,2021-04-14,ПИК ао,PIKK,15299,350756229.6,976.8,948.2,994.5,954.6,967.5,970.1,362211,968.6,968.6,954.6,318533330.3,318533330.3,318533330.3,0.0,3,SUR,-1.21,
TQBR,2021-04-15,ПИК ао,PIKK,10959,247792894.8,963.9,946.0,975.0,949.2,956.9,956.2,258814,957.6,957.6,949.2,227437790.2,227437790.2,227437790.2,0.0,3,SUR,-1.43,
TQBR,2021-04-16,ПИК ао,PIKK,11440,292856351.3,969.8,948.2,969.8,954.7,951.2,958.7,307715,951.5,951.5,954.7,278230816.9,278230816.9,278230816.9,0.0,3,SUR,0.26,
TQBR,2021-04-19,ПИК ао,PIKK,11596,284089342.7,958.8,949.3,980.2,972.3,973.6,970.3,291789,973.8,973.8,972.3,264759089.8,264759089.8,264759089.8,0.0,3,SUR,1.21,
TQBR,2021-04-20,ПИК ао,PIKK,12380,272571460.3,977.0,942.0,977.0,945.0,953.6,954.0,285839,954.0,954.0,945.0,246991176.7,246991176.7,246991176.7,0.0,3,SUR,-1.68,
TQBR,2021-04-21,ПИК ао,PIKK,7494,115718677.0,959.0,946.4,964.9,961.1,959.8,961.9,120569,959.7,959.7,961.1,108269416.1,108269416.1,108269416.1,0.0,3,SUR,0.83,
TQBR,2021-04-22,ПИК ао,PIKK,6534,97763315.6,968.2,955.8,973.6,965.3,963.3,962.5,101486,963.2,963.2,965.3,89802227.1,89802227.1,89802227.1,0.0,3,SUR,0.06,
TQBR,2021-04-23,ПИК ао,PIKK,7466,146249883.7,971.6,962.2,981.0,978.7,976.0,975.0,149851,976.0,976.0,978.7,137433956.4,137433956.4,137433956.4,0.0,3,SUR,1.3,
TQBR,2021-04-26,ПИК ао,PIKK,12170,167207253.6,987.9,972.0,994.0,984.3,982.7,986.7,170146,982.5,982.5,984.3,142991249.7,142991249.7,142991249.7,0.0,3,SUR,1.2,
TQBR,2021-04-27,ПИК ао,PIKK,13061,265444157.8,990.0,958.5,992.2,961.0,971.1,973.5,273265,971.4,971.4,961.0,221276984.9,221276984.9,221276984.9,0.0,3,SUR,-1.34,
TQBR,2021-04-28,ПИК ао,PIKK,9169,141369728.5,972.0,950.2,978.0,966.5,961.6,968.0,147010,961.2,961.2,966.5,128986351.3,128986351.3,128986351.3,0.0,3,SUR,-0.56,
TQBR,2021-04-29,ПИК ао,PIKK,12850,237083871.3,969.8,935.0,974.6,937.1,948.2,940.9,250030,950.4,950.4,937.1,177764712.0,177764712.0,177764712.0,0.0,3,SUR,-2.8,
TQBR,2021-04-30,ПИК ао,PIKK,15348,259744660.8,938.9,908.5,939.8,913.7,919.3,926.5,282475,919.3,919.3,913.7,233889284.8,233889284.8,233889284.8,0.0,3,SUR,-1.53,
TQBR,2021-05-04,ПИК ао,PIKK,10031,158603296.3,921.0,917.8,950.0,934.0,939.6,947.5,168802,938.7,938.7,934.0,130208971.6,130208971.6,130208971.6,0.0,3,SUR,2.27,
TQBR,2021-05-05,ПИК ао,PIKK,15303,376321345.3,951.5,938.8,977.9,974.5,966.2,973.1,389478,965.8,965.8,974.5,353542488.8,353542488.8,353542488.8,0.0,3,SUR,2.7,
TQBR,2021-05-06,ПИК ао,PIKK,17351,482294974.8,975.6,967.2,1008.4,1002.1,992.0,999.9,486164,991.4,991.4,1002.1,432407641.4,432407641.4,432407641.4,0.0,3,SUR,2.75,
TQBR,2021-05-07,ПИК ао,PIKK,10347,189570984.4,999.4,980.8,1004.5,989.5,988.6,989.3,191764,988.5,988.5,989.5,165393954.7,165393954.7,165393954.7,0.0,3,SUR,-1.06,
TQBR,2021-05-10,ПИК ао,PIKK,9083,152496124.9,990.0,975.6,998.5,992.4,987.4,995.4,154448,986.5,986.5,992.4,132951470.5,132951470.5,132951470.5,0.0,3,SUR,0.62,
TQBR,2021-05-11,ПИК ао,PIKK,12181,291968894.5,995.0,986.0,1004.4,997.9,996.1,1002.2,293125,995.4,995.4,997.9,251532111.1,251532111.1,251532111.1,0.0,3,SUR,0.68,
TQBR,2021-05-12,ПИК ао,PIKK,14213,309010594.5,1005.5,999.0,1015.4,1008.2,1007.3,1014.4,306778,1006.0,1006.0,1008.2,241186528.0,241186528.0,241186528.0,0.0,3,SUR,1.22,
TQBR,2021-05-13,ПИК ао,PIKK,18688,604589971.1,1014.0,982.5,1035.5,1028.8,1014.0,1028.9,596233,1010.9,1010.9,1028.8,462005537.9,462005537.9,462005537.9,0.0,3,SUR,1.43,
TQBR,2021-05-14,ПИК ао,PIKK,21265,468567369.1,991.5,968.0,991.5,978.6,979.9,979.3,478201,979.8,979.8,978.6,433258365.4,433258365.4,433258365.4,0.0,3,SUR,-4.82,
TQBR,2021-05-17,ПИК ао,PIKK,12073,162943466.2,979.3,950.1,982.9,961.0,960.9,959.3,169565,960.9,960.9,961.0,146377670.0,146377670.0,146377670.0,0.0,3,SUR,-2.04,
TQBR,2021-05-18,ПИК ао,PIKK,10437,193301857.6,959.3,943.0,974.6,955.0,958.5,958.6,201697,958.3,958.3,955.0,175507693.7,175507693.7,175507693.7,0.0,3,SUR,-0.07,
TQBR,2021-05-19,ПИК ао,PIKK,8132,144162905.8,956.5,935.1,967.9,939.3,950.2,945.9,151726,950.6,950.6,939.3,123361228.6,123361228.6,123361228.6,0.0,3,SUR,-1.32,
TQBR,2021-05-20,ПИК ао,PIKK,7787,169766681.9,945.0,934.7,984.2,983.1,967.3,979.7,175512,966.1,966.1,983.1,152412009.0,152412009.0,152412009.0,0.0,3,SUR,3.57,
TQBR,2021-05-21,ПИК ао,PIKK,7479,157901770.5,972.2,970.1,1000.0,996.9,986.6,992.6,160054,986.1,986.1,996.9,134561739.8,134561739.8,134561739.8,0.0,3,SUR,1.32,
TQBR,2021-05-24,ПИК ао,PIKK,5999,81417832.1,989.0,987.0,999.6,996.9,994.6,990.7,81863,995.7,995.7,996.9,60107582.2,60107582.2,60107582.2,0.0,3,SUR,-0.19,
TQBR,2021-05-25,ПИК ао,PIKK,5701,84137688.5,991.2,975.9,999.0,980.0,983.5,977.1,85549,984.0,984.0,980.0,73701302.8,73701302.8,73701302.8,0.0,3,SUR,-1.37,
TQBR,2021-05-26,ПИК ао,PIKK,5826,79187535.0,970.1,970.1,996.0,995.0,988.2,996.0,80136,987.3,987.3,995.0,62704568.2,62704568.2,62704568.2,0.0,3,SUR,1.93,
TQBR,2021-05-27,ПИК ао,PIKK,4908,74005783.3,985.1,982.0,998.0,998.0,991.6,996.8,74635,990.8,990.8,998.0,59870907.5,59870907.5,59870907.5,0.0,3,SUR,0.08,
TQBR,2021-05-28,ПИК ао,PIKK,6982,137440180.2,989.7,989.7,1018.6,1013.7,1003.5,1012.4,136956,1002.1,1002.1,1013.7,112902773.3,112902773.3,112902773.3,0.0,3,SUR,1.57,
TQBR,2021-05-31,ПИК ао,PIKK,10351,151197008.8,1006.9,1002.2,1030.0,1028.1,1020.3,1028.4,148190,1019.5,1019.5,1028.1,136612904.7,136612904.7,136612904.7,0.0,3,SUR,1.58,
TQBR,2021-06-01,ПИК ао,PIKK,14566,343833915.4,1030.0,1024.5,1075.0,1056.3,1056.4,1062.0,325472,1056.3,1056.3,1056.3,319716435.4,319716435.4,319716435.4,0.0,3,SUR,3.27,
TQBR,2021-06-02,ПИК ао,PIKK,7067,140926636.9,1062.2,1041.2,1069.3,1051.6,1052.4,1053.5,133916,1052.5,1052.5,1051.6,117414192.9,117414192.9,117414192.9,0.0,3,SUR,-0.8,
TQBR,2021-06-03,ПИК ао,PIKK,6188,156064832.9,1056.2,1051.6,1066.7,1062.6,1060.7,1064.9,147137,1060.3,1060.3,1062.6,128291272.8,128291272.8,128291272.8,0.0,3,SUR,1.08,
TQBR,2021-06-04,ПИК ао,PIKK,14926,356140600.0,1057.3,1040.9,1097.5,1080.8,1071.4,1090.4,332606,1064.2,1064.2,1080.8,269937173.7,269937173.7,269937173.7,0.0,3,SUR,2.39,
TQBR,2021-06-07,ПИК ао,PIKK,16407,359184799.6,1095.2,1082.0,1133.0,1116.9,1116.9,1123.0,321586,1115.9,1115.9,1116.9,309971479.3,309971479.3,309971479.3,0.0,3,SUR,2.99,
TQBR,2021-06-08,ПИК ао,PIKK,12498,269866096.6,1130.0,1102.2,1135.0,1121.1,1119.5,1120.0,241063,1119.4,1119.4,1121.1,257152071.1,257152071.1,257152071.1,0.0,3,SUR,-0.27,
TQBR,2021-06-09,ПИК ао,PIKK,10924,323478396.6,1120.0,1101.8,1130.0,1105.0,1114.5,1107.8,290252,1116.4,1116.4,1105.0,266359221.0,266359221.0,266359221.0,0.0,3,SUR,-1.09,
TQBR,2021-06-10,ПИК ао,PIKK,18213,290719711.0,1108.0,1075.4,1109.4,1081.0,1089.1,1081.4,266930,1090.0,1090.0,1081.0,257709912.1,257709912.1,257709912.1,0.0,3,SUR,-2.38,
TQBR,2021-06-11,ПИК ао,PIKK,10810,228232790.6,1088.0,1062.0,1109.3,1099.9,1092.4,1101.0,208932,1091.5,1091.5,1099.9,209768394.6,209768394.6,209768394.6,0.0,3,SUR,1.81,
TQBR,2021-06-14,ПИК ао,PIKK,7327,112779509.7,1093.7,1093.7,1124.5,1110.0,1115.4,1110.4,101113,1115.8,1115.8,1110.0,100915890.2,100915890.2,100915890.2,0.0,3,SUR,0.85,
TQBR,2021-06-15,ПИК ао,PIKK,8691,176057603.4,1110.0,1086.0,1121.9,1087.1,1101.4,1098.4,159847,1102.8,1102.8,1087.1,148617023.7,148617023.7,148617023.7,0.0,3,SUR,-1.08,
TQBR,2021-06-16,ПИК ао,PIKK,7707,169210610.9,1092.8,1072.4,1100.6,1084.1,1084.4,1083.4,156046,1085.2,1085.2,1084.1,148118111.4,148118111.4,148118111.4,0.0,3,SUR,-1.37,
TQBR,2021-06-17,ПИК ао,PIKK,8131,166283865.6,1075.3,1075.3,1097.0,1085.6,1085.8,1081.1,153145,1086.4,1086.4,1085.6,147683507.1,147683507.1,147683507.1,0.0,3,SUR,-0.21,
TQBR,2021-06-18,ПИК ао,PIKK,7566,141259542.8,1075.0,1067.4,1100.4,1100.4,1083.5,1092.9,130374,1081.7,1081.7,1100.4,117903641.6,117903641.6,117903641.6,0.0,3,SUR,1.09,
TQBR,2021-06-21,ПИК ао,PIKK,10036,234063048.4,1090.3,1090.0,1125.0,1121.8,1114.7,1119.0,209977,1114.4,1114.4,1121.8,219213449.4,219213449.4,219213449.4,0.0,3,SUR,2.39,
TQBR,2021-06-22,ПИК ао,PIKK,5493,88632999.2,1121.8,1108.0,1126.8,1116.3,1113.3,1117.5,79610,1113.3,1113.3,1116.3,80661969.4,80661969.4,80661969.4,0.0,3,SUR,-0.13,
TQBR,2021-06-23,ПИК ао,PIKK,5235,79731547.6,1120.0,1110.0,1126.9,1118.0,1115.7,1112.2,71462,1116.0,1116.0,1118.0,69425597.8,69425597.8,69425597.8,0.0,3,SUR,-0.47,
TQBR,2021-06-24,ПИК ао,PIKK,6362,119078543.9,1109.8,1093.5,1116.3,1098.3,1103.1,1093.5,107950,1103.7,1103.7,1098.3,108401048.6,108401048.6,108401048.6,0.0,3,SUR,-1.68,
TQBR,2021-06-25,ПИК ао,PIKK,6383,160654300.9,1100.0,1093.0,1123.4,1115.0,1116.2,1117.9,143935,1116.1,1116.1,1115.0,151379354.8,151379354.8,151379354.8,0.0,3,SUR,2.23,
TQBR,2021-06-28,ПИК ао,PIKK,7413,133128701.9,1110.0,1102.8,1123.5,1108.7,1110.4,1103.9,119897,1110.9,1110.9,1108.7,121223070.5,121223070.5,121223070.5,0.0,3,SUR,-1.25,
TQBR,2021-06-29,ПИК ао,PIKK,8037,119302984.6,1100.0,1081.8,1109.9,1092.3,1094.6,1093.6,108996,1094.6,1094.6,1092.3,109271283.9,109271283.9,109271283.9,0.0,3,SUR,-0.93,
TQBR,2021-06-30,ПИК ао,PIKK,14586,233698761.6,1104.0,1062.0,1104.0,1074.6,1073.9,1080.1,217607,1073.2,1073.2,1074.6,211457802.5,211457802.5,211457802.5,0.0,3,SUR,-1.23,
TQBR,2021-07-01,ПИК ао,PIKK,5872,90329866.2,1079.5,1067.0,1087.5,1082.1,1080.0,1082.3,83635,1079.4,1079.4,1082.1,76175200.1,76175200.1,76175200.1,0.0,3,SUR,0.2,
TQBR,2021-07-02,ПИК ао,PIKK,6088,80180378.5,1077.8,1070.2,1093.6,1090.8,1086.1,1090.4,73822,1085.6,1085.6,1090.8,71291039.0,71291039.0,71291039.0,0.0,3,SUR,0.75,
TQBR,2021-07-05,ПИК ао,PIKK,5031,50914429.2,1095.4,1083.4,1095.7,1088.4,1088.7,1086.7,46767,1090.1,1090.1,1088.4,29702818.1,29702818.1,29702818.1,0.0,3,SUR,-0.34,
TQBR,2021-07-06,ПИК ао,PIKK,8749,177899967.4,1093.0,1055.3,1093.0,1060.0,1068.7,1059.9,166471,1070.9,1070.9,1060.0,141348555.2,141348555.2,141348555.2,0.0,3,SUR,-2.47,
TQBR,2021-07-07,ПИК ао,PIKK,8052,126217870.8,1062.1,1053.5,1085.7,1067.7,1066.4,1069.7,118357,1066.1,1066.1,1067.7,117873366.1,117873366.1,117873366.1,0.0,3,SUR,0.92,
TQBR,2021-07-08,ПИК ао,PIKK,5787,92407343.5,1075.9,1055.0,1075.9,1061.8,1060.4,1058.0,87140,1060.7,1060.7,1061.8,80658947.8,80658947.8,80658947.8,0.0,3,SUR,-1.09,
TQBR,2021-07-09,ПИК ао,PIKK,8476,189073540.7,1061.0,1033.0,1061.4,1043.3,1042.4,1042.7,181266,1043.2,1043.2,1043.3,180568914.7,180568914.7,180568914.7,0.0,3,SUR,-1.45,
TQBR,2021-07-12,ПИК ао,PIKK,8505,127628259.5,1038.8,1020.2,1043.0,1024.2,1024.9,1029.1,124528,1024.6,1024.6,1024.2,116640258.6,116640258.6,116640258.6,0.0,3,SUR,-1.3,
TQBR,2021-07-13,ПИК ао,PIKK,7451,120895337.0,1030.0,1020.0,1045.0,1034.6,1033.6,1040.6,116963,1033.1,1033.1,1034.6,110655191.1,110655191.1,110655191.1,0.0,3,SUR,1.12,
TQBR,2021-07-14,ПИК ао,PIKK,5719,71871909.4,1034.2,1026.0,1051.0,1036.8,1037.7,1028.0,69258,1039.7,1039.7,1036.8,54899181.6,54899181.6,54899181.6,0.0,3,SUR,-1.21,
TQBR,2021-07-15,ПИК ао,PIKK,4726,68892299.3,1027.5,1026.0,1046.5,1045.0,1037.2,1039.7,66423,1036.5,1036.5,1045.0,54557894.4,54557894.4,54557894.4,0.0,3,SUR,1.14,
TQBR,2021-07-16,ПИК ао,PIKK,4204,56847711.3,1034.3,1024.0,1043.3,1033.3,1033.1,1033.1,55029,1033.5,1033.5,1033.3,42716166.5,42716166.5,42716166.5,0.0,3,SUR,-0.63,
TQBR,2021-07-19,ПИК ао,PIKK,5591,86894205.5,1039.9,1026.1,1040.9,1032.0,1035.2,1031.6,83942,1035.9,1035.9,1032.0,74667738.3,74667738.3,74667738.3,0.0,3,SUR,-0.15,
TQBR,2021-07-20,ПИК ао,PIKK,3932,63933579.0,1029.7,1021.5,1039.1,1038.8,1031.8,1033.5,61966,1031.5,1031.5,1038.8,58177181.1,58177181.1,58177181.1,0.0,3,SUR,0.18,
TQBR,2021-07-21,ПИК ао,PIKK,4558,56102380.6,1035.0,1023.2,1035.0,1029.8,1027.6,1026.4,54598,1027.3,1027.3,1029.8,44166202.3,44166202.3,44166202.3,0.0,3,SUR,-0.69,
TQBR,2021-07-22,ПИК ао,PIKK,5265,93976046.0,1027.0,1020.3,1036.1,1031.1,1026.7,1031.2,91534,1026.1,1026.1,1031.1,84585402.3,84585402.3,84585402.3,0.0,3,SUR,0.47,
TQBR,2021-07-23,ПИК ао,PIKK,5122,75881873.8,1030.0,1019.6,1032.8,1022.7,1023.5,1024.0,74140,1023.5,1023.5,1022.7,67226681.3,67226681.3,67226681.3,0.0,3,SUR,-0.7,
TQBR,2021-07-26,ПИК ао,PIKK,6864,139694273.5,1024.2,1019.0,1061.0,1057.9,1042.8,1059.8,133956,1038.1,1038.1,1057.9,105168105.5,105168105.5,105168105.5,0.0,3,SUR,3.5,
TQBR,2021-07-27,ПИК ао,PIKK,12541,391048703.9,1051.0,1029.0,1104.7,1099.3,1074.3,1097.0,364017,1072.0,1072.0,1099.3,347828365.9,347828365.9,347828365.9,0.0,3,SUR,3.51,
TQBR,2021-07-28,ПИК ао,PIKK,18180,544289406.4,1100.0,1091.5,1159.3,1150.8,1136.5,1147.0,478909,1135.4,1135.4,1150.8,477596444.6,477596444.6,477596444.6,0.0,3,SUR,4.56,
TQBR,2021-07-29,ПИК ао,PIKK,13626,293676954.7,1160.0,1124.3,1160.0,1137.3,1140.4,1138.3,257528,1140.9,1140.9,1137.3,271666900.8,271666900.8,271666900.8,0.0,3,SUR,-0.76,
TQBR,2021-07-30,ПИК ао,PIKK,10335,232214813.4,1125.0,1125.0,1170.0,1154.0,1149.9,1150.3,201951,1149.8,1149.8,1154.0,215270221.2,215270221.2,215270221.2,0.0,3,SUR,1.05,
TQBR,2021-08-02,ПИК ао,PIKK,25131,645541270.6,1153.0,1153.0,1202.0,1171.9,1185.9,1176.7,544329,1186.5,1186.5,1171.9,612275877.7,612275877.7,612275877.7,0.0,3,SUR,2.3,
TQBR,2021-08-03,ПИК ао,PIKK,13704,401295821.0,1175.0,1167.3,1198.8,1181.7,1180.8,1184.4,339838,1180.9,1180.9,1181.7,367106307.1,367106307.1,367106307.1,0.0,3,SUR,0.65,
TQBR,2021-08-04,ПИК ао,PIKK,13139,304883668.3,1198.0,1175.1,1209.8,1198.4,1193.4,1194.9,255466,1193.3,1193.3,1198.4,286536101.0,286536101.0,286536101.0,0.0,3,SUR,0.89,
TQBR,2021-08-05,ПИК ао,PIKK,10638,242529194.5,1200.0,1177.3,1208.8,1179.9,1189.0,1187.3,203980,1189.6,1189.6,1179.9,197856087.0,197856087.0,197856087.0,0.0,3,SUR,-0.64,
TQBR,2021-08-06,ПИК ао,PIKK,6470,116967577.7,1193.0,1175.5,1193.0,1178.3,1179.6,1176.8,99152,1180.0,1180.0,1178.3,105506953.5,105506953.5,105506953.5,0.0,3,SUR,-0.88,
TQBR,2021-08-09,ПИК ао,PIKK,10282,176657903.6,1181.4,1172.6,1200.0,1188.0,1189.8,1190.9,148462,1190.1,1190.1,1188.0,156203060.5,156203060.5,156203060.5,0.0,3,SUR,1.2,
TQBR,2021-08-10,ПИК ао,PIKK,6942,83977515.3,1198.2,1177.4,1198.2,1191.0,1188.2,1193.0,70671,1187.8,1187.8,1191.0,70854541.8,70854541.8,70854541.8,0.0,3,SUR,0.18,
TQBR,2021-08-11,ПИК ао,PIKK,7228,114320454.2,1188.1,1184.0,1200.8,1190.0,1189.5,1188.1,96105,1189.6,1189.6,1190.0,97565284.9,97565284.9,97565284.9,0.0,3,SUR,-0.41,
TQBR,2021-08-12,ПИК ао,PIKK,5972,116090367.8,1199.9,1186.1,1199.9,1188.0,1189.9,1188.1,97565,1189.9,1189.9,1188.0,108886982.7,108886982.7,108886982.7,0.0,3,SUR,0.0,
TQBR,2021-08-13,ПИК ао,PIKK,5020,75368612.1,1192.0,1179.0,1196.0,1184.4,1185.2,1186.7,63591,1185.0,1185.0,1184.4,70081459.2,70081459.2,70081459.2,0.0,3,SUR,-0.12,
TQBR,2021-08-16,ПИК ао,PIKK,6409,128309781.0,1180.0,1175.0,1190.0,1183.4,1182.1,1179.3,108543,1181.8,1181.8,1183.4,113178325.0,113178325.0,113178325.0,0.0,3,SUR,-0.62,
TQBR,2021-08-17,ПИК ао,PIKK,6024,131287421.1,1190.0,1179.0,1190.0,1183.1,1183.9,1186.3,110895,1183.9,1183.9,1183.1,116598265.4,116598265.4,116598265.4,0.0,3,SUR,0.59,
TQBR,2021-08-18,ПИК ао,PIKK,11924,391678771.0,1186.3,1177.5,1220.0,1195.7,1199.1,1198.1,326645,1199.2,1199.2,1195.7,373820102.0,373820102.0,373820102.0,0.0,3,SUR,0.99,
TQBR,2021-08-19,ПИК ао,PIKK,18090,452475346.0,1199.0,1182.4,1219.5,1191.0,1197.6,1185.0,377818,1197.9,1197.9,1191.0,437421915.6,437421915.6,437421915.6,0.0,3,SUR,-1.09,
TQBR,2021-08-20,ПИК ао,PIKK,7939,240521656.3,1191.8,1185.2,1214.8,1202.1,1204.9,1208.0,199624,1204.8,1204.8,1202.1,223157911.3,223157911.3,223157911.3,0.0,3,SUR,1.94,
TQBR,2021-08-23,ПИК ао,PIKK,27498,701937838.4,1220.0,1179.7,1231.3,1203.0,1210.2,1207.6,580030,1210.3,1210.3,1203.0,685931930.1,685931930.1,685931930.1,0.0,3,SUR,-0.03,
TQBR,2021-08-24,ПИК ао,PIKK,18823,408382768.0,1215.7,1205.5,1223.0,1218.4,1211.6,1221.4,337055,1211.3,1211.3,1218.4,392241815.1,392241815.1,392241815.1,0.0,3,SUR,1.14,
TQBR,2021-08-25,ПИК ао,PIKK,18816,714264608.0,1223.0,1218.6,1280.0,1248.1,1253.2,1273.0,569956,1251.6,1251.6,1248.1,637244645.0,637244645.0,637244645.0,0.0,3,SUR,4.22,
TQBR,2021-08-26,ПИК ао,PIKK,13818,458836001.5,1266.7,1251.7,1300.0,1256.4,1276.0,1265.0,359580,1277.3,1277.3,1256.4,412589479.3,412589479.3,412589479.3,0.0,3,SUR,-0.63,
TQBR,2021-08-27,ПИК ао,PIKK,21339,683909257.9,1269.0,1254.0,1350.0,1300.0,1298.9,1331.0,526522,1292.1,1292.1,1300.0,536566330.2,536566330.2,536566330.2,0.0,3,SUR,5.22,
TQBR,2021-08-30,ПИК ао,PIKK,63287,2295219696.4,1335.0,1315.5,1433.8,1350.0,1380.0,1365.8,1663184,1382.5,1382.5,1350.0,2110004136.0,2110004136.0,2110004136.0,0.0,3,SUR,2.61,
TQBR,2021-08-31,ПИК ао,PIKK,15408,469066470.5,1368.5,1331.2,1368.9,1345.9,1346.0,1344.7,348491,1346.5,1346.5,1345.9,414860521.9,414860521.9,414860521.9,0.0,3,SUR,-1.54,
TQBR,2021-09-01,ПИК ао,PIKK,11846,386593309.5,1354.0,1339.4,1372.0,1370.0,1357.6,1370.4,284767,1356.2,1356.2,1370.0,340596559.3,340596559.3,340596559.3,0.0,3,SUR,1.91,
TQBR,2021-09-02,ПИК ао,PIKK,23944,526950643.5,1375.0,1360.6,1392.0,1383.0,1382.2,1383.0,381229,1381.8,1381.8,1383.0,451545746.9,451545746.9,451545746.9,0.0,3,SUR,0.92,
TQBR,2021-09-03,ПИК ао,PIKK,21081,462719324.3,1390.0,1380.2,1400.0,1389.6,1387.2,1388.5,333563,1387.3,1387.3,1389.6,423666898.6,423666898.6,423666898.6,0.0,3,SUR,0.4,
TQBR,2021-09-06,ПИК ао,PIKK,27744,646061648.6,1393.0,1389.5,1419.8,1413.3,1407.4,1414.4,459061,1406.8,1406.8,1413.3,584959119.1,584959119.1,584959119.1,0.0,3,SUR,1.87,
TQBR,2021-09-07,ПИК ао,PIKK,29610,995423574.9,1419.0,1415.0,1460.0,1445.0,1440.7,1455.0,690985,1437.8,1437.8,1445.0,795030782.5,795030782.5,795030782.5,0.0,3,SUR,2.87,
TQBR,2021-09-08,ПИК ао,PIKK,16458,660805256.4,1444.0,1427.1,1457.9,1445.1,1448.7,1442.9,456306,1450.4,1450.4,1445.1,528286352.9,528286352.9,528286352.9,0.0,3,SUR,-0.83,
TQBR,2021-09-09,ПИК ао,PIKK,20517,438239728.3,1448.6,1430.6,1452.0,1442.0,1446.6,1436.3,302937,1448.2,1448.2,1442.0,385466741.9,385466741.9,385466741.9,0.0,3,SUR,-0.46,
TQBR,2021-09-10,ПИК ао,PIKK,20382,507381449.7,1440.0,1434.1,1452.0,1445.9,1445.7,1446.1,350965,1446.0,1446.0,1445.9,459430859.5,459430859.5,459430859.5,0.0,3,SUR,0.68,
TQBR,2021-09-13,ПИК ао,PIKK,31721,864595778.4,1445.7,1441.7,1464.3,1446.7,1452.7,1448.5,595157,1452.9,1452.9,1446.7,830623937.7,830623937.7,830623937.7,0.0,3,SUR,0.17,
TQBR,2021-09-14,ПИК ао,PIKK,30528,965993182.1,1449.2,1441.7,1459.0,1451.7,1453.6,1454.4,664546,1453.6,1453.6,1451.7,926504470.4,926504470.4,926504470.4,0.0,3,SUR,0.41,
TQBR,2021-09-15,ПИК ао,PIKK,18031,589437155.2,1450.0,1445.3,1465.0,1460.0,1456.8,1459.0,404616,1455.9,1455.9,1460.0,517885486.7,517885486.7,517885486.7,0.0,3,SUR,0.32,
TQBR,2021-09-16,ПИК ао,PIKK,21782,916862909.8,1464.9,1442.5,1471.2,1462.0,1458.0,1460.4,628861,1457.9,1457.9,1462.0,892010355.4,892010355.4,892010355.4,0.0,3,SUR,0.1,
TQBR,2021-09-17,ПИК ао,PIKK,32981,1555927364.4,1465.3,1453.7,1500.0,1481.0,1481.5,1484.8,1050203,1481.2,1481.2,1481.0,1412642378.5,1412642378.5,1412642378.5,0.0,3,SUR,1.67,
TQBR,2021-09-20,ПИК ао,PIKK,28484,1024337219.8,1485.0,1430.0,1491.0,1465.8,1469.4,1445.2,697103,1476.7,1476.7,1465.8,795514447.5,795514447.5,795514447.5,0.0,3,SUR,-2.67,
TQBR,2021-09-21,ПИК ао,PIKK,24095,1056898684.2,1465.0,1450.0,1509.6,1485.0,1480.7,1496.8,713803,1479.8,1479.8,1485.0,952152989.3,952152989.3,952152989.3,0.0,3,SUR,3.57,
TQBR,2021-09-22,ПИК ао,PIKK,18813,721534125.8,1499.0,1490.1,1503.9,1500.0,1497.5,1500.0,481816,1497.4,1497.4,1500.0,551602734.7,551602734.7,551602734.7,0.0,3,SUR,0.21,
TQBR,2021-09-23,ПИК ао,PIKK,21845,803080675.5,1500.0,1470.6,1505.0,1480.0,1483.5,1482.8,541327,1483.4,1483.4,1480.0,755858999.1,755858999.1,755858999.1,0.0,3,SUR,-1.15,
TQBR,2021-09-24,ПИК ао,PIKK,27333,1082116078.8,1488.9,1430.0,1488.9,1444.1,1447.6,1444.0,747515,1447.8,1447.8,1444.1,1036321882.0,1036321882.0,1036321882.0,0.0,3,SUR,-2.62,
TQBR,2021-09-27,ПИК ао,PIKK,31291,1325765003.9,1420.1,1399.0,1454.9,1427.0,1421.2,1424.4,932832,1421.4,1421.4,1427.0,1246593838.8,1246593838.8,1246593838.8,0.0,3,SUR,-1.36,
TQBR,2021-09-28,ПИК ао,PIKK,21979,1401680171.9,1420.0,1398.5,1420.4,1400.0,1401.3,1415.0,1000276,1400.9,1400.9,1400.0,1295310630.0,1295310630.0,1295310630.0,0.0,3,SUR,-0.66,
TQBR,2021-09-29,ПИК ао,PIKK,22014,3323252196.1,1400.0,1369.9,1418.5,1402.6,1400.5,1407.0,2372873,1400.2,1400.2,1402.6,3059895886.8,3059895886.8,3059895886.8,0.0,3,SUR,-0.57,
TQBR,2021-09-30,ПИК ао,PIKK,24924,3111786281.8,1415.2,1395.2,1448.4,1406.0,1401.9,1430.0,2220037,1400.1,1400.1,1406.0,2839882994.1,2839882994.1,2839882994.1,0.0,3,SUR,1.63,
TQBR,2021-10-01,ПИК ао,PIKK,97022,6514433020.0,1340.0,1249.5,1349.0,1268.8,1274.2,1278.0,5122776,1271.5,1271.5,1268.8,6202485293.7,6202485293.7,6202485293.7,0.0,3,SUR,-10.63,
TQBR,2021-10-04,ПИК ао,PIKK,55635,3205698254.8,1278.0,1208.0,1278.0,1235.0,1244.0,1229.8,2582908,1242.3,1242.3,1235.0,2994458793.2,2994458793.2,2994458793.2,0.0,3,SUR,-3.77,
TQBR,2021-10-05,ПИК ао,PIKK,129279,7907756293.6,1228.9,1101.1,1237.9,1175.0,1151.3,1203.0,6868720,1144.1,1144.1,1175.0,6953320947.0,6953320947.0,6953320947.0,0.0,3,SUR,-2.18,
TQBR,2021-10-06,ПИК ао,PIKK,84722,5830740323.4,1202.4,1175.9,1288.9,1279.2,1251.5,1280.0,4656327,1251.2,1251.2,1279.2,5610966705.2,5610966705.2,5610966705.2,0.0,3,SUR,6.4,
TQBR,2021-10-07,ПИК ао,PIKK,42364,2692724372.8,1281.8,1275.0,1310.0,1300.0,1289.0,1304.9,2089056,1287.6,1287.6,1300.0,2454454572.7,2454454572.7,2454454572.7,0.0,3,SUR,1.95,
TQBR,2021-10-08,ПИК ао,PIKK,47391,4069184851.7,1305.0,1259.3,1315.0,1310.4,1289.6,1312.5,3155795,1288.8,1288.8,1310.4,3951229044.4,3951229044.4,3951229044.4,0.0,3,SUR,0.58,
TQBR,2021-10-11,ПИК ао,PIKK,55013,2295808263.1,1312.5,1285.0,1336.4,1328.4,1312.2,1331.0,1749721,1310.6,1310.6,1328.4,2118874404.4,2118874404.4,2118874404.4,0.0,3,SUR,1.41,
TQBR,2021-10-12,ПИК ао,PIKK,19204,893839517.1,1331.0,1310.2,1336.6,1324.0,1325.0,1313.0,674592,1326.3,1326.3,1324.0,775279698.4,775279698.4,775279698.4,0.0,3,SUR,-1.35,
TQBR,2021-10-13,ПИК ао,PIKK,20602,916951994.4,1319.9,1285.0,1327.1,1293.9,1302.9,1292.1,703798,1303.5,1303.5,1293.9,852139601.9,852139601.9,852139601.9,0.0,3,SUR,-1.59,
TQBR,2021-10-14,ПИК ао,PIKK,56236,3111593393.9,1295.0,1211.2,1306.1,1275.0,1254.3,1269.4,2480640,1254.0,1254.0,1275.0,3024257356.5,3024257356.5,3024257356.5,0.0,3,SUR,-1.76,
TQBR,2021-10-15,ПИК ао,PIKK,41621,1854373422.3,1252.1,1217.0,1278.9,1220.0,1237.6,1275.0,1498328,1231.3,1231.3,1220.0,1355616358.4,1355616358.4,1355616358.4,0.0,3,SUR,0.44,
TQBR,2021-10-18,ПИК ао,PIKK,63791,5003809487.7,1280.0,1252.0,1334.0,1280.0,1301.2,1266.0,3845531,1304.6,1304.6,1280.0,4444011478.4,4444011478.4,4444011478.4,0.0,3,SUR,-0.71,
TQBR,2021-10-19,ПИК ао,PIKK,49005,1840170202.9,1265.0,1220.5,1280.0,1229.0,1233.9,1235.0,1491335,1234.0,1234.0,1229.0,1660867989.8,1660867989.8,1660867989.8,0.0,3,SUR,-2.45,
TQBR,2021-10-20,ПИК ао,PIKK,45882,1951886281.0,1236.1,1177.0,1236.1,1199.8,1199.3,1195.0,1627541,1199.0,1199.0,1199.8,1786770755.9,1786770755.9,1786770755.9,0.0,3,SUR,-3.24,
TQBR,2021-10-21,ПИК ао,PIKK,30163,1230954559.2,1191.0,1160.0,1204.0,1160.5,1172.4,1161.2,1049910,1173.2,1173.2,1160.5,1113554376.4,1113554376.4,1113554376.4,0.0,3,SUR,-2.83,
TQBR,2021-10-22,ПИК ао,PIKK,26876,1252069230.1,1162.5,1160.0,1209.7,1199.9,1183.9,1197.0,1057579,1182.7,1182.7,1199.9,1158523621.1,1158523621.1,1158523621.1,0.0,3,SUR,3.08,
TQBR,2021-10-25,ПИК ао,PIKK,25614,1161320765.3,1197.0,1146.4,1209.5,1160.1,1165.4,1162.9,996511,1165.6,1165.6,1160.1,1106192868.3,1106192868.3,1106192868.3,0.0,3,SUR,-2.85,
TQBR,2021-10-26,ПИК ао,PIKK,20141,733168800.4,1162.0,1121.0,1162.0,1157.6,1146.8,1148.0,639324,1147.2,1147.2,1157.6,650717566.4,650717566.4,650717566.4,0.0,3,SUR,-1.28,
TQBR,2021-10-27,ПИК ао,PIKK,13599,481094858.0,1148.0,1137.1,1165.0,1150.2,1150.6,1152.1,418133,1148.4,1148.4,1150.2,348861854.2,348861854.2,348861854.2,0.0,3,SUR,0.36,
TQBR,2021-10-28,ПИК ао,PIKK,10053,316287284.4,1150.0,1143.0,1160.0,1154.9,1149.9,1156.0,275045,1148.9,1148.9,1154.9,272513681.3,272513681.3,272513681.3,0.0,3,SUR,0.34,
TQBR,2021-10-29,ПИК ао,PIKK,16106,568221907.2,1156.0,1154.0,1196.0,1176.4,1170.5,1177.0,485455,1166.8,1166.8,1176.4,429581550.7,429581550.7,429581550.7,0.0,3,SUR,1.82,
TQBR,2021-11-01,ПИК ао,PIKK,29681,1122137354.3,1177.0,1140.2,1189.7,1150.0,1156.7,1147.8,969837,1157.5,1157.5,1150.0,1002529810.3,1002529810.3,1002529810.3,0.0,3,SUR,-2.48,
TQBR,2021-11-02,ПИК ао,PIKK,28492,682376046.0,1147.0,1126.0,1150.1,1136.7,1136.0,1127.5,600639,1136.5,1136.5,1136.7,628290836.8,628290836.8,628290836.8,0.0,3,SUR,-1.77,
TQBR,2021-11-03,ПИК ао,PIKK,31317,1417769065.5,1130.0,1100.0,1151.0,1151.0,1122.4,1133.1,1263145,1120.0,1120.0,1151.0,1178091360.5,1178091360.5,1178091360.5,0.0,3,SUR,0.5,
TQBR,2021-11-05,ПИК ао,PIKK,13748,342810087.7,1133.1,1110.2,1148.7,1116.9,1119.6,1114.6,306189,1120.5,1120.5,1116.9,291298709.8,291298709.8,291298709.8,0.0,3,SUR,-1.63,
TQBR,2021-11-08,ПИК ао,PIKK,23440,638648111.1,1114.6,1100.1,1137.1,1107.0,1109.2,1104.0,575779,1109.5,1109.5,1107.0,583238913.3,583238913.3,583238913.3,0.0,3,SUR,-0.95,
TQBR,2021-11-09,ПИК ао,PIKK,33514,1135140927.4,1101.1,1100.0,1178.8,1162.5,1139.7,1163.6,995969,1134.0,1134.0,1162.5,906737453.1,906737453.1,906737453.1,0.0,3,SUR,5.4,
TQBR,2021-11-10,ПИК ао,PIKK,27380,958203265.1,1165.0,1115.5,1193.5,1136.5,1142.2,1124.1,838919,1143.5,1143.5,1136.5,868510249.4,868510249.4,868510249.4,0.0,3,SUR,-3.39,
TQBR,2021-11-11,ПИК ао,PIKK,16935,494191167.2,1125.2,1105.0,1128.2,1119.7,1114.5,1118.0,443421,1113.3,1113.3,1119.7,407658919.4,407658919.4,407658919.4,0.0,3,SUR,-0.54,
TQBR,2021-11-12,ПИК ао,PIKK,26802,1026281675.5,1118.0,1026.0,1128.0,1100.0,1100.6,1102.2,932481,1102.0,1102.0,1100.0,728747910.6,728747910.6,728747910.6,0.0,3,SUR,-1.41,
TQBR,2021-11-15,ПИК ао,PIKK,19560,552848253.7,1101.1,1100.2,1139.6,1111.2,1117.1,1116.6,494901,1117.1,1117.1,1111.2,525338452.2,525338452.2,525338452.2,0.0,3,SUR,1.31,
TQBR,2021-11-16,ПИК ао,PIKK,12629,303610726.7,1121.0,1100.0,1121.0,1105.6,1105.8,1102.1,274553,1106.1,1106.1,1105.6,263889773.3,263889773.3,263889773.3,0.0,3,SUR,-1.3,
TQBR,2021-11-17,ПИК ао,PIKK,11844,458554617.2,1100.0,1095.0,1117.0,1101.3,1100.3,1100.2,416756,1100.1,1100.1,1101.3,405505132.3,405505132.3,405505132.3,0.0,3,SUR,-0.17,
TQBR,2021-11-18,ПИК ао,PIKK,17032,352960195.5,1100.0,1100.0,1117.0,1100.1,1104.9,1101.2,319461,1105.2,1105.2,1100.1,318072110.3,318072110.3,318072110.3,0.0,3,SUR,0.09,
TQBR,2021-11-19,ПИК ао,PIKK,21266,1049071325.3,1100.7,1051.0,1112.7,1103.3,1098.1,1100.9,955333,1097.9,1097.9,1103.3,994550958.7,994550958.7,994550958.7,0.0,3,SUR,-0.03,
TQBR,2021-11-22,ПИК ао,PIKK,18908,825439210.3,1100.0,1072.2,1115.6,1100.9,1102.5,1107.7,748489,1103.2,1103.2,1100.9,729773362.1,729773362.1,729773362.1,0.0,3,SUR,0.62,
TQBR,2021-11-23,ПИК ао,PIKK,30301,1877710911.1,1108.9,1065.0,1108.9,1080.0,1083.2,1080.9,1733880,1083.1,1083.1,1080.0,1811497079.9,1811497079.9,1811497079.9,0.0,3,SUR,-2.42,
TQBR,2021-11-24,ПИК ао,PIKK,17790,533978648.4,1080.0,1065.0,1105.0,1101.1,1079.8,1102.1,494495,1076.4,1076.4,1101.1,448297785.0,448297785.0,448297785.0,0.0,3,SUR,1.96,
TQBR,2021-11-25,ПИК ао,PIKK,15014,403455617.9,1102.1,1102.1,1135.0,1116.9,1116.0,1115.5,360971,1117.7,1117.7,1116.9,376391631.8,376391631.8,376391631.8,0.0,3,SUR,1.22,
TQBR,2021-11-26,ПИК ао,PIKK,15716,482424957.1,1110.0,1075.0,1115.0,1098.2,1085.9,1082.2,444247,1085.4,1085.4,1098.2,428703939.5,428703939.5,428703939.5,0.0,3,SUR,-2.99,
TQBR,2021-11-29,ПИК ао,PIKK,15256,456696071.8,1099.0,1080.0,1105.3,1100.0,1090.9,1086.9,418642,1091.1,1091.1,1100.0,420785260.8,420785260.8,420785260.8,0.0,3,SUR,0.43,
TQBR,2021-11-30,ПИК ао,PIKK,10626,345943895.1,1085.0,1075.0,1089.4,1083.0,1078.7,1081.9,320703,1078.5,1078.5,1083.0,290874763.4,290874763.4,290874763.4,0.0,3,SUR,-0.46,
TQBR,2021-12-01,ПИК ао,PIKK,8505,204819443.2,1081.4,1075.8,1099.0,1085.8,1082.8,1083.9,189151,1082.6,1082.6,1085.8,179047101.4,179047101.4,179047101.4,0.0,3,SUR,0.18,
TQBR,2021-12-02,ПИК ао,PIKK,9636,279677535.2,1083.9,1075.0,1089.6,1085.9,1078.8,1080.8,259242,1078.6,1078.6,1085.9,261752430.6,261752430.6,261752430.6,0.0,3,SUR,-0.29,
TQBR,2021-12-03,ПИК ао,PIKK,22154,725791426.1,1081.5,1077.0,1117.4,1116.0,1093.1,1117.0,664004,1091.6,1091.6,1116.0,655054045.7,655054045.7,655054045.7,0.0,3,SUR,3.35,
TQBR,2021-12-06,ПИК ао,PIKK,10509,305301947.8,1117.0,1089.5,1125.0,1117.5,1103.5,1106.8,276678,1102.1,1102.1,1117.5,265364291.5,265364291.5,265364291.5,0.0,3,SUR,-0.91,
TQBR,2021-12-07,ПИК ао,PIKK,15050,575435953.5,1100.2,1090.0,1118.6,1117.6,1100.9,1106.1,522716,1100.2,1100.2,1117.6,526982523.7,526982523.7,526982523.7,0.0,3,SUR,-0.06,
TQBR,2021-12-08,ПИК ао,PIKK,20304,604855432.2,1109.0,1100.9,1150.0,1149.0,1128.2,1141.5,536148,1127.5,1127.5,1149.0,525795538.5,525795538.5,525795538.5,0.0,3,SUR,3.2,
TQBR,2021-12-09,ПИК ао,PIKK,22476,905391983.1,1141.4,1138.5,1190.0,1186.7,1174.1,1186.4,771158,1173.9,1173.9,1186.7,821402595.4,821402595.4,821402595.4,0.0,3,SUR,3.93,
TQBR,2021-12-10,ПИК ао,PIKK,15321,538435469.4,1180.4,1155.4,1197.4,1180.0,1171.9,1176.3,459473,1170.9,1170.9,1180.0,466553462.4,466553462.4,466553462.4,0.0,3,SUR,-0.85,
TQBR,2021-12-13,ПИК ао,PIKK,16390,873914183.7,1180.0,1100.1,1185.0,1148.1,1149.0,1158.7,760590,1153.0,1153.0,1148.1,719138342.1,719138342.1,719138342.1,0.0,3,SUR,-1.5,
TQBR,2021-12-14,ПИК ао,PIKK,27925,1271349909.3,1151.2,1087.0,1151.2,1118.8,1108.8,1112.0,1146629,1108.5,1108.5,1118.8,1156919051.5,1156919051.5,1156919051.5,0.0,3,SUR,-4.03,
TQBR,2021-12-15,ПИК ао,PIKK,16511,605031031.9,1118.8,1070.0,1205.0,1072.6,1100.5,1086.0,549772,1097.3,1097.3,1072.6,453315530.0,453315530.0,453315530.0,0.0,3,SUR,-2.34,
TQBR,2021-12-16,ПИК ао,PIKK,20122,784266421.0,1092.3,1070.2,1103.3,1091.9,1082.6,1081.0,724450,1082.1,1082.1,1091.9,718064652.9,718064652.9,718064652.9,0.0,3,SUR,-0.46,
TQBR,2021-12-17,ПИК ао,PIKK,12572,420683450.6,1085.1,1060.0,1085.1,1067.5,1065.8,1067.3,394700,1065.4,1065.4,1067.5,386478441.6,386478441.6,386478441.6,0.0,3,SUR,-1.27,
TQBR,2021-12-20,ПИК ао,PIKK,18726,550471063.5,1070.0,1030.0,1070.0,1036.6,1040.0,1030.2,529274,1039.2,1039.2,1036.6,489686687.1,489686687.1,489686687.1,0.0,3,SUR,-3.48,
TQBR,2021-12-21,ПИК ао,PIKK,14879,468596261.4,1040.0,1010.0,1041.8,1010.7,1018.7,1012.9,460009,1018.8,1018.8,1010.7,408115925.7,408115925.7,408115925.7,0.0,3,SUR,-1.68,
TQBR,2021-12-22,ПИК ао,PIKK,14094,379006756.5,1013.0,1010.0,1040.0,1032.0,1021.4,1019.2,371058,1021.7,1021.7,1032.0,299739618.6,299739618.6,299739618.6,0.0,3,SUR,0.62,
TQBR,2021-12-23,ПИК ао,PIKK,9946,305658388.7,1023.0,1011.0,1029.5,1017.3,1020.0,1013.4,299674,1020.5,1020.5,1017.3,256870994.1,256870994.1,256870994.1,0.0,3,SUR,-0.57,
TQBR,2021-12-24,ПИК ао,PIKK,9635,269979438.1,1013.4,1001.0,1026.0,1002.6,1007.3,1002.6,268033,1006.6,1006.6,1002.6,222209853.7,222209853.7,222209853.7,0.0,3,SUR,-1.07,
TQBR,2021-12-27,ПИК ао,PIKK,20951,679378493.0,1002.6,1000.0,1030.0,1024.9,1006.6,1029.4,674934,1005.1,1005.1,1024.9,598155074.5,598155074.5,598155074.5,0.0,3,SUR,2.67,
TQBR,2021-12-28,ПИК ао,PIKK,16438,568972944.6,1029.5,1020.0,1045.9,1044.8,1034.4,1043.0,550077,1033.7,1033.7,1044.8,505927977.8,505927977.8,505927977.8,0.0,3,SUR,1.32,
TQBR,2021-12-29,ПИК ао,PIKK,15490,474133643.3,1046.1,1040.0,1086.0,1081.2,1062.4,1085.0,446268,1059.4,1059.4,1081.2,387746721.4,387746721.4,387746721.4,0.0,3,SUR,4.03,
TQBR,2021-12-30,ПИК ао,PIKK,17599,718517088.6,1085.0,1077.5,1120.0,1110.0,1099.7,1102.4,653355,1098.8,1098.8,1110.0,545192393.8,545192393.8,545192393.8,0.0,3,SUR,1.6,
TQBR,2022-01-03,ПИК ао,PIKK,13216,518267691.9,1102.4,1102.4,1159.6,1158.8,1140.1,1155.7,454596,1140.7,1140.7,1158.8,449036162.5,449036162.5,449036162.5,0.0,3,SUR,4.83,
TQBR,2022-01-04,ПИК ао,PIKK,17058,624138412.7,1158.6,1151.3,1198.0,1171.6,1175.3,1171.0,531057,1173.6,1173.6,1171.6,465740221.0,465740221.0,465740221.0,0.0,3,SUR,1.32,
TQBR,2022-01-05,ПИК ао,PIKK,16077,577849081.4,1179.0,1132.2,1187.5,1176.9,1165.4,1150.0,495849,1173.2,1173.2,1176.9,351288453.5,351288453.5,351288453.5,0.0,3,SUR,-1.79,
TQBR,2022-01-06,ПИК ао,PIKK,9301,354167462.8,1145.0,1135.0,1169.9,1139.8,1149.8,1142.3,308028,1151.3,1151.3,1139.8,282863936.4,282863936.4,282863936.4,0.0,3,SUR,-0.67,
TQBR,2022-01-07,ПИК ао,PIKK,0,0.0,,,,1144.8,,,0,1151.3,1139.8,1144.8,282863936.4,508350.8,282863936.4,0.0,3,SUR,,
TQBR,2022-01-10,ПИК ао,PIKK,27551,1373154825.5,1149.0,1130.0,1238.8,1221.0,1197.7,1210.1,1146520,1197.5,1197.5,1221.0,1240236468.9,1240236468.9,1240236468.9,0.0,3,SUR,5.94,
TQBR,2022-01-11,ПИК ао,PIKK,28948,1119774858.3,1216.0,1210.1,1260.0,1253.4,1238.6,1254.0,903856,1237.4,1237.4,1253.4,833648228.4,833648228.4,833648228.4,0.0,3,SUR,3.63,
TQBR,2022-01-12,ПИК ао,PIKK,20209,714787453.3,1254.0,1225.1,1269.2,1262.0,1252.5,1263.0,570708,1250.9,1250.9,1262.0,564319113.2,564319113.2,564319113.2,0.0,3,SUR,0.72,
TQBR,2022-01-13,ПИК ао,PIKK,22332,820416620.6,1265.0,1193.0,1268.0,1229.6,1238.8,1229.9,662252,1241.9,1241.9,1229.6,688861686.0,688861686.0,688861686.0,0.0,3,SUR,-2.62,
TQBR,2022-01-14,ПИК ао,PIKK,25459,1178884797.2,1235.9,1170.1,1245.0,1221.6,1208.4,1223.8,975603,1207.1,1207.1,1221.6,1078184347.0,1078184347.0,1078184347.0,0.0,3,SUR,-0.5,
TQBR,2022-01-17,ПИК ао,PIKK,17510,798082163.1,1233.0,1186.0,1249.9,1235.0,1213.1,1217.0,657567,1211.0,1211.0,1235.0,670954399.8,670954399.8,670954399.8,0.0,3,SUR,-0.56,
TQBR,2022-01-18,ПИК ао,PIKK,18580,689467854.4,1224.0,1151.0,1226.3,1182.4,1189.6,1174.7,579597,1189.8,1189.8,1182.4,612800705.8,612800705.8,612800705.8,0.0,3,SUR,-3.48,
TQBR,2022-01-19,ПИК ао,PIKK,26017,1005729025.3,1190.0,1111.0,1197.8,1127.4,1144.9,1128.4,878471,1143.1,1143.1,1127.4,792035021.1,792035021.1,792035021.1,0.0,3,SUR,-3.94,
TQBR,2022-01-20,ПИК ао,PIKK,24966,748674064.2,1128.0,1092.1,1144.0,1105.5,1109.6,1119.3,674721,1108.3,1108.3,1105.5,589692451.1,589692451.1,589692451.1,0.0,3,SUR,-0.81,
TQBR,2022-01-21,ПИК ао,PIKK,22214,722203844.7,1111.0,1046.6,1118.7,1088.3,1066.1,1071.5,677395,1063.3,1063.3,1088.3,625615818.0,625615818.0,625615818.0,0.0,3,SUR,-4.27,
TQBR,2022-01-24,ПИК ао,PIKK,28644,1147733490.1,1071.0,1004.4,1071.0,1028.1,1038.1,1039.6,1105655,1039.2,1039.2,1028.1,1029212641.4,1029212641.4,1029212641.4,0.0,3,SUR,-2.98,
TQBR,2022-01-25,ПИК ао,PIKK,71274,2511759229.6,1030.1,880.1,1047.9,931.4,939.1,961.1,2671960,937.7,937.7,931.4,2087642257.2,2087642257.2,2087642257.2,0.0,3,SUR,-7.55,
TQBR,2022-01-26,ПИК ао,PIKK,60711,2106719978.1,963.0,882.1,969.9,899.7,903.7,890.0,2331195,901.7,901.7,899.7,1757368865.5,1757368865.5,1757368865.5,0.0,3,SUR,-7.4,
TQBR,2022-01-27,ПИК ао,PIKK,60684,2197626608.2,888.0,830.0,945.0,905.0,904.9,906.8,2428460,917.0,917.0,905.0,1662594116.3,1662594116.3,1662594116.3,0.0,3,SUR,1.89,
TQBR,2022-01-28,ПИК ао,PIKK,22435,697258963.7,916.0,895.0,940.0,919.6,913.2,910.8,763538,911.1,911.1,919.6,533823284.7,533823284.7,533823284.7,0.0,3,SUR,0.44,
TQBR,2022-01-31,ПИК ао,PIKK,43724,1624263613.6,919.0,904.0,988.0,949.9,946.3,971.5,1716384,944.7,944.7,949.9,1427919562.3,1427919562.3,1427919562.3,0.0,3,SUR,6.66,
TQBR,2022-02-01,ПИК ао,PIKK,29952,959859113.4,969.1,964.0,1030.0,985.2,995.0,979.0,964688,992.7,992.7,985.2,644936908.3,644936908.3,644936908.3,0.0,3,SUR,0.77,
TQBR,2022-02-02,ПИК ао,PIKK,13670,382960371.0,985.0,970.0,1000.0,979.0,980.7,978.8,390487,980.1,980.1,979.0,307389911.7,307389911.7,307389911.7,0.0,3,SUR,-0.02,
TQBR,2022-02-03,ПИК ао,PIKK,17690,558683646.4,975.0,930.0,990.0,942.2,949.5,937.1,588397,947.6,947.6,942.2,462961015.3,462961015.3,462961015.3,0.0,3,SUR,-4.26,
TQBR,2022-02-04,ПИК ао,PIKK,15767,396850649.0,944.0,916.1,967.4,929.9,939.5,945.0,422411,937.1,937.1,929.9,298900798.1,298900798.1,298900798.1,0.0,3,SUR,0.84,
TQBR,2022-02-07,ПИК ао,PIKK,20621,546338928.1,949.0,901.2,972.6,912.0,919.1,919.2,594459,914.3,914.3,912.0,430988206.2,430988206.2,430988206.2,0.0,3,SUR,-2.73,
TQBR,2022-02-08,ПИК ао,PIKK,21113,610826977.8,919.8,891.0,923.0,903.0,904.5,907.5,675295,904.0,904.0,903.0,524939096.2,524939096.2,524939096.2,0.0,3,SUR,-1.27,
TQBR,2022-02-09,ПИК ао,PIKK,20425,566477967.0,906.0,905.0,946.4,941.5,925.3,940.5,612241,925.3,925.3,941.5,412409404.1,412409404.1,412409404.1,0.0,3,SUR,3.64,
TQBR,2022-02-10,ПИК ао,PIKK,29362,934540053.8,941.5,907.2,962.0,947.7,929.7,936.7,1005181,927.7,927.7,947.7,693078413.3,693078413.3,693078413.3,0.0,3,SUR,-0.4,
TQBR,2022-02-11,ПИК ао,PIKK,21242,651815438.6,937.0,915.0,950.0,942.6,935.1,930.0,697029,938.3,938.3,942.6,424862294.5,424862294.5,424862294.5,0.0,3,SUR,-0.72,
TQBR,2022-02-14,ПИК ао,PIKK,31891,1036067542.1,930.0,880.0,939.0,900.8,901.8,903.0,1148890,899.8,899.8,900.8,846722272.8,846722272.8,846722272.8,0.0,3,SUR,-2.9,
TQBR,2022-02-15,ПИК ао,PIKK,20064,702280569.0,904.0,892.6,954.9,947.8,926.0,942.5,758382,926.0,926.0,947.8,597631645.7,597631645.7,597631645.7,0.0,3,SUR,4.37,
TQBR,2022-02-16,ПИК ао,PIKK,18349,597833617.1,948.9,940.0,968.8,944.5,949.8,948.0,629428,948.2,948.2,944.5,478207317.6,478207317.6,478207317.6,0.0,3,SUR,0.58,
TQBR,2022-02-17,ПИК ао,PIKK,21976,622663241.1,948.0,889.0,954.6,894.5,910.0,907.5,684250,908.1,908.1,894.5,493565871.0,493565871.0,493565871.0,0.0,3,SUR,-4.27,
TQBR,2022-02-18,ПИК ао,PIKK,31271,867759993.4,913.0,853.3,929.6,879.0,895.8,880.5,968729,900.7,900.7,879.0,620119911.5,620119911.5,620119911.5,0.0,3,SUR,-2.98,
TQBR,2022-02-21,ПИК ао,PIKK,85924,2600342960.8,870.0,618.0,909.9,751.0,775.4,704.9,3353453,799.0,799.0,751.0,1912681366.1,1912681366.1,1912681366.1,0.0,3,SUR,-19.94,
TQBR,2022-02-22,ПИК ао,PIKK,70527,1743343939.9,695.1,545.0,721.0,695.8,660.3,700.0,2631298,658.3,658.3,695.8,1431100709.1,1431100709.1,1431100709.1,0.0,3,SUR,-0.7,
TQBR,2022-02-23,ПИК ао,PIKK,0,0.0,,,,699.2,,,0,658.3,695.8,699.2,1431100709.1,553856.8,1431100709.1,0.0,3,SUR,,
TQBR,2022-02-24,ПИК ао,PIKK,54217,964914971.5,636.0,380.1,649.9,509.2,484.1,540.0,1993015,461.2,461.2,509.2,706650778.8,706650778.8,706650778.8,0.0,3,SUR,-22.86,
TQBR,2022-02-25,ПИК ао,PIKK,55762,930952019.0,550.0,470.2,626.8,502.0,507.7,495.0,1839105,506.4,506.4,502.0,830969729.8,830969729.8,830969729.8,0.0,3,SUR,-8.33,
TQBR,2022-02-28,ПИК ао,PIKK,0,0.0,,,,506.8,,,0,506.4,502.0,506.8,830969729.8,504008.0,830969729.8,0.0,3,SUR,,
TQBR,2022-03-01,ПИК ао,PIKK,0,0.0,,,,506.8,,,0,506.4,502.0,506.8,830969729.8,504008.0,830969729.8,0.0,3,SUR,,
TQBR,2022-03-02,ПИК ао,PIKK,0,0.0,,,,506.8,,,0,484.6,502.0,506.8,1537620508.6,504008.0,1537620508.6,0.0,3,SUR,,
TQBR,2022-03-03,ПИК ао,PIKK,0,0.0,,,,506.8,,,0,506.4,502.0,506.8,830969729.8,504008.0,830969729.8,0.0,3,SUR,,
TQBR,2022-03-04,ПИК ао,PIKK,0,0.0,,,,506.8,,,0,630.6,502.0,506.8,4881402584.0,504008.0,4881402584.0,0.0,3,SUR,,
TQBR,2022-03-09,ПИК ао,PIKK,0,0.0,,,,506.8,,,0,555.2,502.0,506.8,2968721217.7,504008.0,2968721217.7,0.0,3,SUR,,
TQBR,2022-03-10,ПИК ао,PIKK,0,0.0,,,,506.8,,,0,484.6,502.0,506.8,1537620508.6,504008.0,1537620508.6,0.0,3,SUR,,
TQBR,2022-03-11,ПИК ао,PIKK,0,0.0,,,,506.8,,,0,484.6,502.0,506.8,1537620508.6,504008.0,1537620508.6,0.0,3,SUR,,
TQBR,2022-03-14,ПИК ао,PIKK,0,0.0,,,,506.8,,,0,506.4,502.0,506.8,830969729.8,504008.0,830969729.8,0.0,3,SUR,,
TQBR,2022-03-15,ПИК ао,PIKK,0,0.0,,,,506.8,,,0,,502.0,506.8,0.0,504008.0,0.0,0.0,3,SUR,,
TQBR,2022-03-16,ПИК ао,PIKK,0,0.0,,,,506.8,,,0,,502.0,506.8,0.0,504008.0,0.0,0.0,3,SUR,,
TQBR,2022-03-17,ПИК ао,PIKK,0,0.0,,,,506.8,,,0,,502.0,506.8,0.0,504008.0,0.0,0.0,3,SUR,,
TQBR,2022-03-18,ПИК ао,PIKK,0,0.0,,,,506.8,,,0,,502.0,506.8,0.0,504008.0,0.0,0.0,3,SUR,,
TQBR,2022-03-21,ПИК ао,PIKK,0,0.0,,,,506.8,,,0,,502.0,506.8,0.0,504008.0,0.0,0.0,3,SUR,,
TQBR,2022-03-22,ПИК ао,PIKK,0,0.0,,,,506.8,,,0,,502.0,506.8,0.0,504008.0,0.0,0.0,3,SUR,,
TQBR,2022-03-23,ПИК ао,PIKK,0,0.0,,,,506.8,,,0,,502.0,506.8,0.0,504008.0,0.0,0.0,3,SUR,,
TQBR,2022-03-24,ПИК ао,PIKK,22177,198813082.5,470.5,450.0,579.4,505.0,526.2,505.0,378102,525.8,525.8,505.0,198813082.5,198813082.5,198813082.5,0.0,3,SUR,2.02,
TQBR,2022-03-25,ПИК ао,PIKK,13795,107063269.1,550.0,480.0,550.0,498.6,506.6,498.6,211400,506.4,506.4,498.6,107063269.1,107063269.1,107063269.1,0.0,3,SUR,-1.27,
TQBR,2022-03-28,ПИК ао,PIKK,11119,93999133.3,498.6,451.5,507.0,507.0,481.9,507.0,195053,481.9,481.9,507.0,93999133.3,93999133.3,93999133.3,0.0,3,SUR,1.68,
TQBR,2022-03-29,ПИК ао,PIKK,13255,185869675.2,506.7,457.0,509.0,505.0,488.2,505.0,380757,488.2,488.2,505.0,185869675.2,185869675.2,185869675.2,0.0,3,SUR,-0.39,
TQBR,2022-03-30,ПИК ао,PIKK,10738,126870343.6,507.0,501.1,533.0,532.0,526.2,532.0,241120,526.2,526.2,532.0,126870343.6,126870343.6,126870343.6,0.0,3,SUR,5.35,
TQBR,2022-03-31,ПИК ао,PIKK,26311,472240878.2,540.0,538.8,633.0,596.0,585.5,596.0,806815,585.3,585.3,596.0,472240878.2,472240878.2,472240878.2,0.0,3,SUR,12.03,
TQBR,2022-04-01,ПИК ао,PIKK,29438,585042508.1,621.0,603.0,687.2,672.1,659.5,672.1,887105,659.5,659.5,672.1,585042508.1,585042508.1,585042508.1,0.0,3,SUR,12.77,
TQBR,2022-04-04,ПИК ао,PIKK,16208,227096408.9,683.0,621.0,700.0,648.1,663.1,648.1,342494,663.1,663.1,648.1,227096408.9,227096408.9,227096408.9,0.0,3,SUR,-3.57,
TQBR,2022-04-05,ПИК ао,PIKK,18722,245392462.3,648.0,565.6,648.0,589.0,607.1,589.0,404181,607.1,607.1,589.0,245392462.3,245392462.3,245392462.3,0.0,3,SUR,-9.12,
TQBR,2022-04-06,ПИК ао,PIKK,8656,95197990.7,589.0,562.0,594.6,567.1,578.9,567.1,164456,578.9,578.9,567.1,95197990.7,95197990.7,95197990.7,0.0,3,SUR,-3.72,
TQBR,2022-04-07,ПИК ао,PIKK,15611,249334930.8,561.0,561.0,626.0,614.3,607.6,614.3,410329,607.6,607.6,614.3,249334930.8,249334930.8,249334930.8,0.0,3,SUR,8.32,
TQBR,2022-04-08,ПИК ао,PIKK,12654,215958179.0,620.0,588.4,647.0,600.0,618.8,600.0,348993,618.8,618.8,600.0,215958179.0,215958179.0,215958179.0,0.0,3,SUR,-2.33,
TQBR,2022-04-11,ПИК ао,PIKK,13638,221326208.5,599.0,579.9,647.4,605.0,619.9,605.0,357060,619.9,619.9,605.0,221326208.5,221326208.5,221326208.5,0.0,3,SUR,0.83,
TQBR,2022-04-12,ПИК ао,PIKK,7257,97883699.1,614.0,580.2,628.0,596.7,600.0,596.7,163148,600.0,600.0,596.7,97883699.1,97883699.1,97883699.1,0.0,3,SUR,-1.37,
TQBR,2022-04-13,ПИК ао,PIKK,6224,131676128.9,600.0,590.3,625.6,601.7,607.6,601.7,216706,607.6,607.6,601.7,131676128.9,131676128.9,131676128.9,0.0,3,SUR,0.84,
TQBR,2022-04-14,ПИК ао,PIKK,4705,57874757.1,605.0,581.0,609.0,590.0,595.9,590.0,97128,595.9,595.9,590.0,57874757.1,57874757.1,57874757.1,0.0,3,SUR,-1.94,
TQBR,2022-04-15,ПИК ао,PIKK,6942,228188337.2,590.8,565.0,593.3,565.5,573.4,565.5,397979,573.4,573.4,565.5,228188337.2,228188337.2,228188337.2,0.0,3,SUR,-4.15,
TQBR,2022-04-18,ПИК ао,PIKK,7306,122537349.9,568.2,537.2,570.0,546.5,548.9,546.5,223256,548.9,548.9,546.5,122537349.9,122537349.9,122537349.9,0.0,3,SUR,-3.36,
TQBR,2022-04-19,ПИК ао,PIKK,6837,102036123.7,535.0,515.0,546.6,535.0,525.7,535.0,194097,525.7,525.7,535.0,102036123.7,102036123.7,102036123.7,0.0,3,SUR,-2.1,
TQBR,2022-04-20,ПИК ао,PIKK,4613,74140919.0,535.1,526.0,550.0,540.0,542.6,540.0,136632,542.6,542.6,540.0,74140919.0,74140919.0,74140919.0,0.0,3,SUR,0.93,
TQBR,2022-04-21,ПИК ао,PIKK,6286,124217360.5,540.1,540.0,560.0,554.8,549.6,554.8,226001,549.6,549.6,554.8,124217360.5,124217360.5,124217360.5,0.0,3,SUR,2.74,
TQBR,2022-04-22,ПИК ао,PIKK,4675,155196698.7,564.0,542.0,564.0,550.0,550.1,550.0,282145,550.1,550.1,550.0,155196698.7,155196698.7,155196698.7,0.0,3,SUR,-0.87,
TQBR,2022-04-25,ПИК ао,PIKK,6979,137773783.8,547.0,530.0,560.0,550.1,547.4,550.1,251689,547.4,547.4,550.1,137773783.8,137773783.8,137773783.8,0.0,3,SUR,0.02,
TQBR,2022-04-26,ПИК ао,PIKK,6406,173773451.3,557.9,546.0,569.0,560.0,558.6,560.0,311099,558.6,558.6,560.0,173773451.3,173773451.3,173773451.3,0.0,3,SUR,1.8,
TQBR,2022-04-27,ПИК ао,PIKK,6440,109943620.7,551.0,551.0,565.0,562.0,560.3,562.0,196231,560.3,560.3,562.0,109943620.7,109943620.7,109943620.7,0.0,3,SUR,0.36,
TQBR,2022-04-28,ПИК ао,PIKK,9797,114188727.0,566.0,548.7,577.0,549.6,567.2,549.6,201307,567.2,567.2,549.6,114188727.0,114188727.0,114188727.0,0.0,3,SUR,-2.21,
TQBR,2022-04-29,ПИК ао,PIKK,18496,625991790.4,554.0,542.2,572.5,560.1,560.0,560.1,1117821,560.0,560.0,560.1,625991790.4,625991790.4,625991790.4,0.0,3,SUR,1.91,
TQBR,2022-05-04,ПИК ао,PIKK,11705,313722654.3,562.0,536.0,570.6,538.0,556.9,538.0,563359,556.9,556.9,538.0,313722654.3,313722654.3,313722654.3,0.0,3,SUR,-3.95,
TQBR,2022-05-05,ПИК ао,PIKK,5034,210903640.9,545.0,530.8,549.4,536.5,542.9,536.5,388467,542.9,542.9,536.5,210903640.9,210903640.9,210903640.9,0.0,3,SUR,-0.28,
TQBR,2022-05-06,ПИК ао,PIKK,4586,103443281.0,533.7,523.0,538.1,531.0,531.6,531.0,194590,531.6,531.6,531.0,103443281.0,103443281.0,103443281.0,0.0,3,SUR,-1.03,
TQBR,2022-05-11,ПИК ао,PIKK,13469,210105202.2,531.2,524.6,547.0,528.0,533.8,528.0,393615,533.8,533.8,528.0,210105202.2,210105202.2,210105202.2,0.0,3,SUR,-0.56,
TQBR,2022-05-12,ПИК ао,PIKK,13826,333469043.5,528.0,510.6,532.0,530.8,522.2,530.8,638629,522.2,522.2,530.8,333469043.5,333469043.5,333469043.5,0.0,3,SUR,0.53,
TQBR,2022-05-13,ПИК ао,PIKK,12593,449863549.8,530.8,521.1,538.3,534.3,531.6,534.3,846302,531.6,531.6,534.3,449863549.8,449863549.8,449863549.8,0.0,3,SUR,0.66,
TQBR,2022-05-16,ПИК ао,PIKK,14778,676712535.3,534.3,530.6,548.4,538.4,541.2,538.4,1250293,541.2,541.2,538.4,676712535.3,676712535.3,676712535.3,0.0,3,SUR,0.77,
TQBR,2022-05-17,ПИК ао,PIKK,14874,1045798701.4,540.0,540.0,565.0,558.1,551.6,558.1,1896015,551.6,551.6,558.1,1045798701.4,1045798701.4,1045798701.4,0.0,3,SUR,3.66,
TQBR,2022-05-18,ПИК ао,PIKK,16022,1281541669.0,564.0,557.1,599.0,598.9,575.1,598.9,2228457,575.1,575.1,598.9,1281541669.0,1281541669.0,1281541669.0,0.0,3,SUR,7.31,
TQBR,2022-05-19,ПИК ао,PIKK,21837,918202997.9,582.5,567.1,595.0,572.2,579.2,572.2,1585180,579.2,579.2,572.2,918202997.9,918202997.9,918202997.9,0.0,3,SUR,-4.46,
TQBR,2022-05-20,ПИК ао,PIKK,15283,702504181.6,572.2,545.2,580.3,545.2,562.1,545.2,1249778,562.1,562.1,545.2,702504181.6,702504181.6,702504181.6,0.0,3,SUR,-4.72,
TQBR,2022-05-23,ПИК ао,PIKK,8578,596032585.1,554.9,535.0,562.1,540.0,545.6,540.0,1092437,545.6,545.6,540.0,596032585.1,596032585.1,596032585.1,0.0,3,SUR,-0.95,
TQBR,2022-05-24,ПИК ао,PIKK,9715,676717692.7,541.3,527.0,546.0,533.1,535.5,533.1,1263714,535.5,535.5,533.1,676717692.7,676717692.7,676717692.7,0.0,3,SUR,-1.28,
TQBR,2022-05-25,ПИК ао,PIKK,6465,396806608.4,534.0,531.2,542.0,540.4,537.2,540.4,738687,537.2,537.2,540.4,396806608.4,396806608.4,396806608.4,0.0,3,SUR,1.37,
TQBR,2022-05-26,ПИК ао,PIKK,13909,290165457.5,541.0,541.0,586.4,563.0,566.5,563.0,512169,566.5,566.5,563.0,290165457.5,290165457.5,290165457.5,0.0,3,SUR,4.18,
TQBR,2022-05-27,ПИК ао,PIKK,5102,58737022.0,565.2,559.4,572.5,561.1,565.9,561.1,103794,565.9,565.9,561.1,58737022.0,58737022.0,58737022.0,0.0,3,SUR,-0.34,
TQBR,2022-05-30,ПИК ао,PIKK,4565,64423921.9,569.0,545.4,575.0,553.3,559.6,553.3,115133,559.6,559.6,553.3,64423921.9,64423921.9,64423921.9,0.0,3,SUR,-1.39,
TQBR,2022-05-31,ПИК ао,PIKK,3464,44115832.4,551.0,535.0,551.0,542.9,543.7,542.9,81142,543.7,543.7,542.9,44115832.4,44115832.4,44115832.4,0.0,3,SUR,-1.88,
TQBR,2022-06-01,ПИК ао,PIKK,4713,87545254.7,541.6,534.9,562.5,558.0,554.8,558.0,157795,554.8,554.8,558.0,87545254.7,87545254.7,87545254.7,0.0,3,SUR,2.78,
TQBR,2022-06-02,ПИК ао,PIKK,2555,49132334.0,559.0,541.7,560.5,543.2,550.6,543.2,89230,550.6,550.6,543.2,49132334.0,49132334.0,49132334.0,0.0,3,SUR,-2.65,
TQBR,2022-06-03,ПИК ао,PIKK,4186,67360540.4,543.2,523.0,544.8,541.7,535.1,541.7,125879,535.1,535.1,541.7,67360540.4,67360540.4,67360540.4,0.0,3,SUR,-0.28,
TQBR,2022-06-06,ПИК ао,PIKK,2714,39000384.1,542.1,529.1,545.0,541.0,537.7,541.0,72536,537.7,537.7,541.0,39000384.1,39000384.1,39000384.1,0.0,3,SUR,-0.13,
TQBR,2022-06-07,ПИК ао,PIKK,3287,70106215.2,541.0,527.0,545.8,539.9,537.0,539.9,130547,537.0,537.0,539.9,70106215.2,70106215.2,70106215.2,0.0,3,SUR,-0.2,
TQBR,2022-06-08,ПИК ао,PIKK,5086,102634929.8,527.2,520.0,544.3,537.8,535.5,537.8,191656,535.5,535.5,537.8,102634929.8,102634929.8,102634929.8,0.0,3,SUR,-0.39,
TQBR,2022-06-09,ПИК ао,PIKK,6792,121625317.4,540.4,534.4,565.0,564.0,548.5,564.0,221727,548.5,548.5,564.0,121625317.4,121625317.4,121625317.4,0.0,3,SUR,4.87,
TQBR,2022-06-10,ПИК ао,PIKK,19982,539170917.7,565.0,550.4,594.7,555.0,575.1,555.0,937468,575.1,575.1,555.0,539170917.7,539170917.7,539170917.7,0.0,3,SUR,-1.6,
TQBR,2022-06-14,ПИК ао,PIKK,4465,62361080.8,555.0,540.0,555.3,541.0,545.0,541.0,114428,545.0,545.0,541.0,62361080.8,62361080.8,62361080.8,0.0,3,SUR,-2.52,
TQBR,2022-06-15,ПИК ао,PIKK,3335,53725631.5,545.0,540.4,549.4,545.4,545.3,545.4,98531,545.3,545.3,545.4,53725631.5,53725631.5,53725631.5,0.0,3,SUR,0.81,
TQBR,2022-06-16,ПИК ао,PIKK,6798,123961791.4,548.8,545.8,563.1,559.2,554.0,559.2,223741,554.0,554.0,559.2,123961791.4,123961791.4,123961791.4,0.0,3,SUR,2.53,
TQBR,2022-06-17,ПИК ао,PIKK,9488,225520250.5,561.8,555.0,588.6,578.3,574.5,578.3,392547,574.5,574.5,578.3,225520250.5,225520250.5,225520250.5,0.0,3,SUR,3.42,
TQBR,2022-06-20,ПИК ао,PIKK,13383,235472386.9,587.0,581.1,598.5,581.1,587.6,581.1,400703,587.6,587.6,581.1,235472386.9,235472386.9,235472386.9,0.0,3,SUR,0.48,
TQBR,2022-06-21,ПИК ао,PIKK,29062,727186230.2,585.0,580.0,640.9,636.3,618.4,636.3,1175994,618.4,618.4,636.3,727186230.2,727186230.2,727186230.2,0.0,3,SUR,9.5,
TQBR,2022-06-22,ПИК ао,PIKK,20858,421175281.6,635.5,612.1,635.5,630.0,624.1,630.0,674905,624.1,624.1,630.0,421175281.6,421175281.6,421175281.6,0.0,3,SUR,-0.99,
TQBR,2022-06-23,ПИК ао,PIKK,31984,988709216.9,630.9,630.1,694.0,691.5,667.3,691.5,1481619,667.3,667.3,691.5,988709216.9,988709216.9,988709216.9,0.0,3,SUR,9.76,
TQBR,2022-06-24,ПИК ао,PIKK,43520,1311365368.6,685.1,672.0,728.8,709.0,704.4,709.0,1861586,704.4,704.4,709.0,1311365368.6,1311365368.6,1311365368.6,0.0,3,SUR,2.53,
TQBR,2022-06-27,ПИК ао,PIKK,55987,1634420690.1,714.0,703.2,783.1,783.0,744.0,783.0,2197260,743.8,743.8,783.0,1634420690.1,1634420690.1,1634420690.1,0.0,3,SUR,10.44,
TQBR,2022-06-28,ПИК ао,PIKK,110797,4509384672.6,784.9,752.0,845.6,794.5,804.8,794.5,5603381,804.8,804.8,794.5,4509384672.6,4509384672.6,4509384672.6,0.0,3,SUR,1.47,
TQBR,2022-06-29,ПИК ао,PIKK,47335,1638651151.9,792.0,733.0,792.0,737.1,755.0,737.1,2170531,755.0,755.0,737.1,1638651151.9,1638651151.9,1638651151.9,0.0,3,SUR,-7.22,
TQBR,2022-06-30,ПИК ао,PIKK,31875,1064948853.7,735.7,706.0,774.8,730.1,733.9,730.1,1451021,733.9,733.9,730.1,1064948853.7,1064948853.7,1064948853.7,0.0,3,SUR,-0.95,
TQBR,2022-07-01,ПИК ао,PIKK,26361,821158410.3,729.0,713.0,780.0,780.0,760.3,780.0,1079988,760.3,760.3,780.0,821158410.3,821158410.3,821158410.3,0.0,3,SUR,6.83,
TQBR,2022-07-04,ПИК ао,PIKK,22073,614512840.4,780.1,735.1,790.0,742.0,753.4,742.0,815646,753.4,753.4,742.0,614512840.4,614512840.4,614512840.4,0.0,3,SUR,-4.87,
TQBR,2022-07-05,ПИК ао,PIKK,16493,408453692.7,743.7,720.0,755.0,745.3,736.7,745.3,554518,736.6,736.6,745.3,408453692.7,408453692.7,408453692.7,0.0,3,SUR,0.44,
TQBR,2022-07-06,ПИК ао,PIKK,9891,194615415.6,735.0,735.0,755.0,751.5,747.2,751.5,260425,747.3,747.3,751.5,194615415.6,194615415.6,194615415.6,0.0,3,SUR,0.83,
TQBR,2022-07-07,ПИК ао,PIKK,11314,235079734.4,754.4,746.8,770.0,756.9,759.0,756.9,309721,759.0,759.0,756.9,235079734.4,235079734.4,235079734.4,0.0,3,SUR,0.72,
TQBR,2022-07-08,ПИК ао,PIKK,5949,127073077.5,759.9,742.0,759.9,757.0,753.3,757.0,168681,753.3,753.3,757.0,127073077.5,127073077.5,127073077.5,0.0,3,SUR,0.01,
TQBR,2022-07-11,ПИК ао,PIKK,11793,282537662.9,747.0,723.7,755.0,731.0,738.0,731.0,382868,738.0,738.0,731.0,282537662.9,282537662.9,282537662.9,0.0,3,SUR,-3.43,
TQBR,2022-07-12,ПИК ао,PIKK,8454,209123497.4,728.0,711.0,729.8,720.0,717.2,720.0,291583,717.2,717.2,720.0,209123497.4,209123497.4,209123497.4,0.0,3,SUR,-1.5,
TQBR,2022-07-13,ПИК ао,PIKK,12891,416427701.3,729.3,717.1,746.0,723.0,728.5,723.0,571596,728.5,728.5,723.0,416427701.3,416427701.3,416427701.3,0.0,3,SUR,0.42,
TQBR,2022-07-14,ПИК ао,PIKK,5840,131255272.8,724.0,715.2,731.4,729.0,725.1,729.0,181008,725.1,725.1,729.0,131255272.8,131255272.8,131255272.8,0.0,3,SUR,0.83,
TQBR,2022-07-15,ПИК ао,PIKK,7419,170942555.7,730.0,727.2,743.0,739.3,737.2,739.3,231884,737.2,737.2,739.3,170942555.7,170942555.7,170942555.7,0.0,3,SUR,1.41,
TQBR,2022-07-18,ПИК ао,PIKK,16608,492083648.5,742.5,741.4,772.0,770.0,758.9,770.0,648433,758.9,758.9,770.0,492083648.5,492083648.5,492083648.5,0.0,3,SUR,4.15,
TQBR,2022-07-19,ПИК ао,PIKK,8660,203862043.7,775.0,750.0,778.3,754.0,758.5,754.0,268766,758.5,758.5,754.0,203862043.7,203862043.7,203862043.7,0.0,3,SUR,-2.08,
TQBR,2022-07-20,ПИК ао,PIKK,5569,140548929.5,760.2,753.7,769.9,766.6,765.1,766.6,183696,765.1,765.1,766.6,140548929.5,140548929.5,140548929.5,0.0,3,SUR,1.67,
TQBR,2022-07-21,ПИК ао,PIKK,17719,488189161.4,765.0,739.9,786.0,782.0,766.7,782.0,636775,766.7,766.7,782.0,488189161.4,488189161.4,488189161.4,0.0,3,SUR,2.01,
TQBR,2022-07-22,ПИК ао,PIKK,24366,693911822.9,789.8,770.0,797.5,776.0,788.2,776.0,880415,788.2,788.2,776.0,693911822.9,693911822.9,693911822.9,0.0,3,SUR,-0.77,
TQBR,2022-07-25,ПИК ао,PIKK,14212,266761377.7,780.0,765.1,790.0,770.0,780.0,770.0,341989,780.0,780.0,770.0,266761377.7,266761377.7,266761377.7,0.0,3,SUR,-0.77,
TQBR,2022-07-26,ПИК ао,PIKK,11934,198829845.3,779.8,756.5,779.8,760.0,764.7,760.0,260006,764.7,764.7,760.0,198829845.3,198829845.3,198829845.3,0.0,3,SUR,-1.3,
TQBR,2022-07-27,ПИК ао,PIKK,8126,137555993.9,760.0,752.0,768.9,752.5,758.4,752.5,181385,758.4,758.4,752.5,137555993.9,137555993.9,137555993.9,0.0,3,SUR,-0.99,
TQBR,2022-07-28,ПИК ао,PIKK,6237,92498223.3,751.3,745.1,758.0,754.5,751.6,754.5,123064,751.6,751.6,754.5,92498223.3,92498223.3,92498223.3,0.0,3,SUR,0.27,
TQBR,2022-07-29,ПИК ао,PIKK,9512,179154998.1,755.0,752.9,771.1,771.0,766.0,771.0,233888,766.0,766.0,771.0,179154998.1,179154998.1,179154998.1,0.0,3,SUR,2.19,
TQBR,2022-08-01,ПИК ао,PIKK,7819,112101224.8,770.0,750.4,774.0,755.5,761.9,755.5,147134,761.9,761.9,755.5,112101224.8,112101224.8,112101224.8,0.0,3,SUR,-2.01,
TQBR,2022-08-02,ПИК ао,PIKK,9364,151997109.6,755.8,723.0,755.8,727.0,738.6,727.0,205787,738.6,738.6,727.0,151997109.6,151997109.6,151997109.6,0.0,3,SUR,-3.77,
TQBR,2022-08-03,ПИК ао,PIKK,6459,122494441.1,725.0,716.0,730.0,719.0,726.4,719.0,168628,726.4,726.4,719.0,122494441.1,122494441.1,122494441.1,0.0,3,SUR,-1.1,
TQBR,2022-08-04,ПИК ао,PIKK,7434,128889196.6,717.0,701.7,738.3,737.0,724.0,737.0,178022,724.0,724.0,737.0,128889196.6,128889196.6,128889196.6,0.0,3,SUR,2.5,
TQBR,2022-08-05,ПИК ао,PIKK,6485,122584372.6,739.0,718.0,745.0,732.1,726.7,732.1,168692,726.7,726.7,732.1,122584372.6,122584372.6,122584372.6,0.0,3,SUR,-0.66,
TQBR,2022-08-08,ПИК ао,PIKK,10623,203867477.2,737.0,732.7,757.0,741.7,748.0,741.7,272542,748.0,748.0,741.7,203867477.2,203867477.2,203867477.2,0.0,3,SUR,1.31,
TQBR,2022-08-09,ПИК ао,PIKK,5945,124077752.2,748.0,738.1,760.0,756.0,750.2,756.0,165389,750.2,750.2,756.0,124077752.2,124077752.2,124077752.2,0.0,3,SUR,1.93,
TQBR,2022-08-10,ПИК ао,PIKK,6861,118392860.6,756.0,748.3,764.9,751.4,756.6,751.4,156476,756.6,756.6,751.4,118392860.6,118392860.6,118392860.6,0.0,3,SUR,-0.61,
TQBR,2022-08-11,ПИК ао,PIKK,6975,77422217.1,753.0,737.4,759.8,737.9,748.2,737.9,103481,748.2,748.2,737.9,77422217.1,77422217.1,77422217.1,0.0,3,SUR,-1.8,
TQBR,2022-08-12,ПИК ао,PIKK,12273,212037408.9,736.0,720.5,736.0,728.8,728.0,728.8,291247,728.0,728.0,728.8,212037408.9,212037408.9,212037408.9,0.0,3,SUR,-1.23,
TQBR,2022-08-15,ПИК ао,PIKK,8754,162729034.5,730.1,722.0,738.6,730.9,730.3,730.9,222831,730.3,730.3,730.9,162729034.5,162729034.5,162729034.5,0.0,3,SUR,0.29,
TQBR,2022-08-16,ПИК ао,PIKK,19140,334849800.0,730.9,713.7,730.9,725.4,722.5,725.4,463439,722.5,722.5,725.4,334849800.0,334849800.0,334849800.0,0.0,3,SUR,-0.75,
TQBR,2022-08-17,ПИК ао,PIKK,8693,117797906.7,725.4,717.0,729.5,717.0,722.7,717.0,163005,722.7,722.7,717.0,117797906.7,117797906.7,117797906.7,0.0,3,SUR,-1.16,
TQBR,2022-08-18,ПИК ао,PIKK,7193,117529236.3,717.0,710.2,726.5,718.0,720.3,718.0,163168,720.3,720.3,718.0,117529236.3,117529236.3,117529236.3,0.0,3,SUR,0.14,
TQBR,2022-08-19,ПИК ао,PIKK,4224,61000183.6,718.9,715.2,723.7,721.0,718.9,721.0,84856,718.9,718.9,721.0,61000183.6,61000183.6,61000183.6,0.0,3,SUR,0.42,
TQBR,2022-08-22,ПИК ао,PIKK,4936,76271224.5,725.0,718.4,727.0,726.2,724.7,726.2,105249,724.7,724.7,726.2,76271224.5,76271224.5,76271224.5,0.0,3,SUR,0.72,
TQBR,2022-08-23,ПИК ао,PIKK,8082,118815673.7,727.0,719.5,731.0,722.1,726.1,722.1,163639,726.1,726.1,722.1,118815673.7,118815673.7,118815673.7,0.0,3,SUR,-0.56,
TQBR,2022-08-24,ПИК ао,PIKK,8009,90316298.8,721.0,715.2,725.2,718.7,718.3,718.7,125739,718.3,718.3,718.7,90316298.8,90316298.8,90316298.8,0.0,3,SUR,-0.47,
TQBR,2022-08-25,ПИК ао,PIKK,18618,248966624.1,716.8,685.0,723.0,705.9,706.4,705.9,352433,706.4,706.4,705.9,248966624.1,248966624.1,248966624.1,0.0,3,SUR,-1.78,
TQBR,2022-08-26,ПИК ао,PIKK,14777,221987392.5,718.2,707.1,726.8,726.8,719.5,726.8,308539,719.5,719.5,726.8,221987392.5,221987392.5,221987392.5,0.0,3,SUR,2.96,
TQBR,2022-08-29,ПИК ао,PIKK,43336,933701919.4,728.5,717.1,772.0,772.0,751.3,772.0,1242763,751.3,751.3,772.0,933701919.4,933701919.4,933701919.4,0.0,3,SUR,6.22,
TQBR,2022-08-30,ПИК ао,PIKK,22286,485969412.7,772.0,745.0,779.5,748.5,761.9,748.5,637803,761.9,761.9,748.5,485969412.7,485969412.7,485969412.7,0.0,3,SUR,-3.04,
TQBR,2022-08-31,ПИК ао,PIKK,14915,291289434.8,738.0,738.0,769.6,765.8,760.0,765.8,383259,760.0,760.0,765.8,291289434.8,291289434.8,291289434.8,0.0,3,SUR,2.31,
TQBR,2022-09-01,ПИК ао,PIKK,31208,669975358.7,767.0,755.8,786.0,771.0,776.8,771.0,862525,776.8,776.8,771.0,669975358.7,669975358.7,669975358.7,0.0,3,SUR,0.68,
TQBR,2022-09-02,ПИК ао,PIKK,10944,173791944.8,771.5,758.5,778.0,768.0,768.0,768.0,226282,768.0,768.0,768.0,173791944.8,173791944.8,173791944.8,0.0,3,SUR,-0.39,
TQBR,2022-09-05,ПИК ао,PIKK,6640,87346506.9,773.3,761.4,776.0,767.0,767.1,767.0,113867,767.1,767.1,767.0,87346506.9,87346506.9,87346506.9,0.0,3,SUR,-0.13,
TQBR,2022-09-06,ПИК ао,PIKK,19207,352631529.8,767.0,733.3,777.0,750.2,757.4,750.2,465580,757.4,757.4,750.2,352631529.8,352631529.8,352631529.8,0.0,3,SUR,-2.19,
TQBR,2022-09-07,ПИК ао,PIKK,10303,106648970.6,745.9,745.9,760.8,749.1,753.2,749.1,141600,753.2,753.2,749.1,106648970.6,106648970.6,106648970.6,0.0,3,SUR,-0.15,
TQBR,2022-09-08,ПИК ао,PIKK,7009,112407286.4,750.0,734.6,757.0,744.3,744.2,744.3,151049,744.2,744.2,744.3,112407286.4,112407286.4,112407286.4,0.0,3,SUR,-0.64,
TQBR,2022-09-09,ПИК ао,PIKK,9012,149917331.1,744.4,740.8,769.3,767.8,759.9,767.8,197281,759.9,759.9,767.8,149917331.1,149917331.1,149917331.1,0.0,3,SUR,3.16,
TQBR,2022-09-12,ПИК ао,PIKK,34510,750511829.6,766.0,763.7,794.0,792.0,787.0,793.1,953618,786.9,786.9,792.0,710435301.5,710435301.5,710435301.5,0.0,3,SUR,3.3,
TQBR,2022-09-13,ПИК ао,PIKK,43240,1029133772.9,794.0,791.5,818.0,799.9,806.6,803.4,1275860,806.8,806.8,799.9,992904491.1,992904491.1,992904491.1,0.0,3,SUR,1.3,
TQBR,2022-09-14,ПИК ао,PIKK,21163,521578267.6,805.2,775.7,805.2,787.0,785.6,786.9,663965,785.6,785.6,787.0,479398108.1,479398108.1,479398108.1,0.0,3,SUR,-2.05,
TQBR,2022-09-15,ПИК ао,PIKK,24837,530061246.2,792.2,781.0,814.9,800.0,795.9,814.3,665970,789.4,789.4,800.0,346283490.9,346283490.9,346283490.9,0.0,3,SUR,3.48,
TQBR,2022-09-16,ПИК ао,PIKK,41202,1019768740.5,819.5,779.0,819.6,786.8,799.2,783.7,1275936,800.2,800.2,786.8,963818393.8,963818393.8,963818393.8,0.0,3,SUR,-3.76,
TQBR,2022-09-19,ПИК ао,PIKK,32391,586762784.8,786.3,746.0,789.9,753.9,762.1,748.7,769959,763.4,763.4,753.9,527899703.3,527899703.3,527899703.3,0.0,3,SUR,-4.47,
TQBR,2022-09-20,ПИК ао,PIKK,63932,1219302290.4,748.7,641.0,753.2,661.0,705.1,677.4,1729232,708.9,708.9,661.0,1089560751.9,1089560751.9,1089560751.9,0.0,3,SUR,-9.52,
TQBR,2022-09-21,ПИК ао,PIKK,41260,845464958.5,600.0,555.1,675.0,659.7,629.5,650.9,1342970,628.9,628.9,659.7,823848535.8,823848535.8,823848535.8,0.0,3,SUR,-3.91,
TQBR,2022-09-22,ПИК ао,PIKK,18475,332271243.3,648.9,645.4,679.6,653.4,662.0,656.8,501928,662.2,662.2,653.4,324188606.0,324188606.0,324188606.0,0.0,3,SUR,0.91,
TQBR,2022-09-23,ПИК ао,PIKK,30420,497731973.6,653.5,585.1,662.2,600.0,610.3,594.8,815520,611.4,611.4,600.0,466890257.0,466890257.0,466890257.0,0.0,3,SUR,-9.44,
TQBR,2022-09-26,ПИК ао,PIKK,44307,819619383.6,585.0,487.5,589.9,539.9,523.6,518.0,1565358,523.3,523.3,539.9,777677982.4,777677982.4,777677982.4,0.0,3,SUR,-12.91,
TQBR,2022-09-27,ПИК ао,PIKK,20448,329806809.2,520.0,515.1,548.7,540.0,531.0,538.9,621090,530.6,530.6,540.0,293460903.4,293460903.4,293460903.4,0.0,3,SUR,4.03,
TQBR,2022-09-28,ПИК ао,PIKK,18799,278674817.1,539.9,516.2,550.0,540.0,532.6,546.9,523274,531.9,531.9,540.0,245445228.6,245445228.6,245445228.6,0.0,3,SUR,1.48,
TQBR,2022-09-29,ПИК ао,PIKK,28824,518712177.1,548.0,502.0,549.0,540.0,520.8,523.5,995965,520.0,520.0,540.0,449805716.9,449805716.9,449805716.9,0.0,3,SUR,-4.28,
TQBR,2022-09-30,ПИК ао,PIKK,37565,549336933.9,522.9,500.0,574.5,545.0,539.9,558.7,1017446,537.9,537.9,545.0,488497308.9,488497308.9,488497308.9,0.0,3,SUR,6.72,
TQBR,2022-10-03,ПИК ао,PIKK,35619,491498260.5,563.4,557.0,584.8,574.0,573.8,575.9,856527,573.6,573.6,574.0,455536173.3,455536173.3,455536173.3,0.0,3,SUR,3.08,
TQBR,2022-10-04,ПИК ао,PIKK,16812,267581633.5,579.0,554.6,584.0,564.2,567.4,563.5,471616,567.5,567.5,564.2,258477793.6,258477793.6,258477793.6,0.0,3,SUR,-2.15,
TQBR,2022-10-05,ПИК ао,PIKK,29935,463088889.3,560.0,520.2,560.0,540.4,536.2,540.0,863687,536.0,536.0,540.4,430246516.6,430246516.6,430246516.6,0.0,3,SUR,-4.17,
TQBR,2022-10-06,ПИК ао,PIKK,20200,245550706.0,541.5,522.1,543.7,540.0,533.8,533.9,460032,533.7,533.7,540.0,222857322.9,222857322.9,222857322.9,0.0,3,SUR,-1.13,
TQBR,2022-10-07,ПИК ао,PIKK,24049,327600797.7,533.8,516.1,540.6,535.0,525.9,526.0,622938,525.7,525.7,535.0,285576553.9,285576553.9,285576553.9,0.0,3,SUR,-1.48,
TQBR,2022-10-10,ПИК ао,PIKK,26029,422192352.9,508.0,500.0,543.0,540.0,525.3,539.7,803669,524.2,524.2,540.0,384625008.8,384625008.8,384625008.8,0.0,3,SUR,2.6,
TQBR,2022-10-11,ПИК ао,PIKK,23144,455086453.0,541.0,534.4,572.0,570.0,554.9,571.6,820071,553.3,553.3,570.0,400636280.0,400636280.0,400636280.0,0.0,3,SUR,5.91,
TQBR,2022-10-12,ПИК ао,PIKK,36281,679872169.6,569.0,560.1,607.0,600.0,588.0,603.6,1156221,584.7,584.7,600.0,526065423.4,526065423.4,526065423.4,0.0,3,SUR,5.6,
TQBR,2022-10-13,ПИК ао,PIKK,38131,721064740.5,603.6,585.0,624.0,618.7,608.5,615.9,1185009,607.8,607.8,618.7,667758823.4,667758823.4,667758823.4,0.0,3,SUR,2.04,
TQBR,2022-10-14,ПИК ао,PIKK,30531,663888549.6,619.8,602.6,639.4,617.8,618.7,612.5,1073059,619.1,619.1,617.8,613753392.2,613753392.2,613753392.2,0.0,3,SUR,-0.55,
TQBR,2022-10-17,ПИК ао,PIKK,19067,394635884.6,610.0,610.0,639.4,631.5,627.3,627.0,629063,627.2,627.2,631.5,347544283.4,347544283.4,347544283.4,0.0,3,SUR,2.37,
TQBR,2022-10-18,ПИК ао,PIKK,18257,367484275.2,635.4,616.0,641.9,626.0,631.7,616.6,581740,633.9,633.9,626.0,294225554.8,294225554.8,294225554.8,0.0,3,SUR,-1.66,
TQBR,2022-10-19,ПИК ао,PIKK,14913,247873284.1,614.0,595.0,623.4,602.0,607.2,608.9,408200,607.5,607.5,602.0,222858244.2,222858244.2,222858244.2,0.0,3,SUR,-1.25,
TQBR,2022-10-20,ПИК ао,PIKK,13494,260769799.1,609.0,608.0,623.0,612.3,615.7,612.2,423502,616.0,616.0,612.3,245553017.3,245553017.3,245553017.3,0.0,3,SUR,0.54,
TQBR,2022-10-21,ПИК ао,PIKK,9641,143162807.2,612.5,599.2,614.7,611.0,607.0,611.6,235857,606.3,606.3,611.0,125353954.8,125353954.8,125353954.8,0.0,3,SUR,-0.1,
TQBR,2022-10-24,ПИК ао,PIKK,9354,159899994.2,618.0,613.6,624.0,616.2,617.6,613.9,258915,617.7,617.7,616.2,143964724.4,143964724.4,143964724.4,0.0,3,SUR,0.38,
TQBR,2022-10-25,ПИК ао,PIKK,8824,122329538.0,614.0,611.0,619.5,618.2,616.5,618.1,198438,616.2,616.2,618.2,108033540.8,108033540.8,108033540.8,0.0,3,SUR,0.68,
TQBR,2022-10-26,ПИК ао,PIKK,9475,139916086.3,620.0,611.0,621.0,616.4,616.0,619.5,227110,615.1,615.1,616.4,103980051.6,103980051.6,103980051.6,0.0,3,SUR,0.23,
TQBR,2022-10-27,ПИК ао,PIKK,22676,405958819.8,621.9,613.0,638.1,622.0,623.4,621.0,651158,623.7,623.7,622.0,370797233.0,370797233.0,370797233.0,0.0,3,SUR,0.24,
TQBR,2022-10-28,ПИК ао,PIKK,9146,135927469.9,621.5,613.0,624.9,620.4,619.1,618.1,219552,619.1,619.1,620.4,122026364.2,122026364.2,122026364.2,0.0,3,SUR,-0.47,
TQBR,2022-10-31,ПИК ао,PIKK,7854,126928581.1,618.1,609.0,621.6,614.0,615.2,614.0,206278,615.4,615.4,614.0,118680010.3,118680010.3,118680010.3,0.0,3,SUR,-0.66,
TQBR,2022-11-01,ПИК ао,PIKK,8915,119382043.2,611.3,606.0,618.4,606.9,611.2,607.8,195327,611.5,611.5,606.9,108180977.9,108180977.9,108180977.9,0.0,3,SUR,-1.01,
TQBR,2022-11-02,ПИК ао,PIKK,11181,150415642.6,608.0,602.4,615.5,612.2,610.4,609.5,246422,610.8,610.8,612.2,129468175.8,129468175.8,129468175.8,0.0,3,SUR,0.28,
TQBR,2022-11-03,ПИК ао,PIKK,6688,66871120.6,609.5,602.0,611.2,606.7,606.4,607.8,110275,606.3,606.3,606.7,57159689.0,57159689.0,57159689.0,0.0,3,SUR,-0.28,
TQBR,2022-11-07,ПИК ао,PIKK,10754,166797941.8,614.1,609.5,618.5,612.9,613.6,613.6,271815,613.7,613.7,612.9,154535685.1,154535685.1,154535685.1,0.0,3,SUR,0.95,
TQBR,2022-11-08,ПИК ао,PIKK,9016,164759116.6,615.0,598.7,615.0,604.8,606.7,604.5,271573,606.7,606.7,604.8,137999891.7,137999891.7,137999891.7,0.0,3,SUR,-1.48,
TQBR,2022-11-09,ПИК ао,PIKK,13250,179021433.4,604.5,580.0,606.3,590.1,592.7,583.1,302029,596.1,596.1,590.1,121265928.8,121265928.8,121265928.8,0.0,3,SUR,-3.54,
TQBR,2022-11-10,ПИК ао,PIKK,7448,117578040.2,581.8,581.2,599.7,595.0,591.0,596.0,198893,589.8,589.8,595.0,93991638.1,93991638.1,93991638.1,0.0,3,SUR,2.21,
TQBR,2022-11-11,ПИК ао,PIKK,5533,95194908.1,599.5,591.3,601.9,593.9,595.4,594.5,159602,596.9,596.9,593.9,82961984.8,82961984.8,82961984.8,0.0,3,SUR,-0.25,
TQBR,2022-11-14,ПИК ао,PIKK,25485,432149660.9,595.1,592.1,630.0,627.0,615.4,626.3,701919,613.2,613.2,627.0,348239590.2,348239590.2,348239590.2,0.0,3,SUR,5.35,
TQBR,2022-11-15,ПИК ао,PIKK,46079,1268010081.3,629.0,615.0,664.4,657.0,641.9,635.2,1975248,641.3,641.3,657.0,739111705.8,739111705.8,739111705.8,0.0,3,SUR,1.42,
TQBR,2022-11-16,ПИК ао,PIKK,30147,821988455.2,647.9,628.2,655.0,638.1,641.9,639.0,1280556,642.1,642.1,638.1,768411491.9,768411491.9,768411491.9,0.0,3,SUR,0.6,
TQBR,2022-11-17,ПИК ао,PIKK,19261,413660909.5,637.0,611.3,641.6,633.6,632.0,626.7,654558,633.4,633.4,633.6,342723681.5,342723681.5,342723681.5,0.0,3,SUR,-1.92,
TQBR,2022-11-18,ПИК ао,PIKK,8757,147391508.2,629.9,618.5,630.5,626.0,623.5,624.6,236375,623.4,623.4,626.0,123311637.0,123311637.0,123311637.0,0.0,3,SUR,-0.34,
TQBR,2022-11-21,ПИК ао,PIKK,6253,104722112.5,626.5,613.1,627.6,616.5,618.3,618.5,169364,618.5,618.5,616.5,93157780.9,93157780.9,93157780.9,0.0,3,SUR,-0.98,
TQBR,2022-11-22,ПИК ао,PIKK,6154,114493937.6,615.6,614.1,632.9,626.8,626.9,629.1,182637,626.3,626.3,626.8,95285727.6,95285727.6,95285727.6,0.0,3,SUR,1.71,
TQBR,2022-11-23,ПИК ао,PIKK,3989,52967438.9,630.0,621.6,631.0,627.7,626.6,625.6,84535,626.6,626.6,627.7,48570062.4,48570062.4,48570062.4,0.0,3,SUR,-0.56,
TQBR,2022-11-24,ПИК ао,PIKK,3206,44932158.8,622.5,621.4,627.4,623.3,623.8,622.1,72034,623.8,623.8,623.3,40655647.4,40655647.4,40655647.4,0.0,3,SUR,-0.56,
TQBR,2022-11-25,ПИК ао,PIKK,3234,50320295.4,622.0,616.3,623.8,618.1,620.2,621.1,81139,620.5,620.5,618.1,39324744.0,39324744.0,39324744.0,0.0,3,SUR,-0.16,
TQBR,2022-11-28,ПИК ао,PIKK,4221,41763275.3,613.5,608.5,625.6,619.8,617.3,616.5,67652,616.7,616.7,619.8,31985637.7,31985637.7,31985637.7,0.0,3,SUR,-0.74,
TQBR,2022-11-29,ПИК ао,PIKK,5055,84094280.0,618.1,607.2,621.3,614.7,614.6,612.0,136833,615.0,615.0,614.7,70899966.9,70899966.9,70899966.9,0.0,3,SUR,-0.73,
TQBR,2022-11-30,ПИК ао,PIKK,5638,88759932.2,610.0,603.0,614.9,609.2,608.7,613.5,145817,608.4,608.4,609.2,81003473.6,81003473.6,81003473.6,0.0,3,SUR,0.25,
TQBR,2022-12-01,ПИК ао,PIKK,7184,123850910.7,614.0,602.2,614.2,605.9,606.6,604.6,204189,607.0,607.0,605.9,101312555.6,101312555.6,101312555.6,0.0,3,SUR,-1.45,
TQBR,2022-12-02,ПИК ао,PIKK,7657,114577124.4,603.0,595.8,604.9,600.0,599.5,601.0,191123,599.4,599.4,600.0,105651522.8,105651522.8,105651522.8,0.0,3,SUR,-0.6,
TQBR,2022-12-05,ПИК ао,PIKK,9145,140335961.7,601.0,592.5,602.9,593.6,596.5,594.9,235286,596.6,596.6,593.6,128999486.4,128999486.4,128999486.4,0.0,3,SUR,-1.01,
TQBR,2022-12-06,ПИК ао,PIKK,8438,117347307.5,592.0,584.0,596.0,586.5,586.7,586.6,199954,586.9,586.9,586.5,105903034.1,105903034.1,105903034.1,0.0,3,SUR,-1.4,
TQBR,2022-12-07,ПИК ао,PIKK,8218,137029450.6,586.0,581.8,599.5,594.8,591.0,597.3,231867,589.5,589.5,594.8,112991178.6,112991178.6,112991178.6,0.0,3,SUR,1.82,
TQBR,2022-12-08,ПИК ао,PIKK,9188,211603301.0,599.0,582.6,600.0,585.8,587.0,584.5,360468,587.4,587.4,585.8,182919830.6,182919830.6,182919830.6,0.0,3,SUR,-2.14,
TQBR,2022-12-09,ПИК ао,PIKK,12634,177860354.1,584.5,584.0,598.0,593.3,591.6,596.2,300664,591.3,591.3,593.3,155192760.4,155192760.4,155192760.4,0.0,3,SUR,2.0,
TQBR,2022-12-12,ПИК ао,PIKK,6394,87670809.5,595.0,587.1,601.9,591.2,594.0,593.4,147588,594.2,594.2,591.2,79200825.5,79200825.5,79200825.5,0.0,3,SUR,-0.47,
TQBR,2022-12-13,ПИК ао,PIKK,3818,65777978.4,593.4,589.0,596.6,593.5,592.2,591.8,111077,592.2,592.2,593.5,62346527.2,62346527.2,62346527.2,0.0,3,SUR,-0.27,
TQBR,2022-12-14,ПИК ао,PIKK,4024,58264731.7,592.0,586.1,592.8,592.0,589.8,588.6,98781,590.0,590.0,592.0,45452082.5,45452082.5,45452082.5,0.0,3,SUR,-0.54,
TQBR,2022-12-15,ПИК ао,PIKK,18311,367414410.6,586.5,584.2,613.9,613.8,600.4,607.9,611520,598.9,598.9,613.8,300296303.1,300296303.1,300296303.1,0.0,3,SUR,3.28,
TQBR,2022-12-16,ПИК ао,PIKK,12078,250260136.2,608.0,602.0,622.3,605.1,610.0,605.9,410272,610.3,610.3,605.1,234687742.9,234687742.9,234687742.9,0.0,3,SUR,-0.33,
TQBR,2022-12-19,ПИК ао,PIKK,10829,177546759.5,607.3,580.1,609.9,590.1,592.4,581.1,299696,594.0,594.0,590.1,145115472.1,145115472.1,145115472.1,0.0,3,SUR,-4.09,
TQBR,2022-12-20,ПИК ао,PIKK,11000,171624382.1,580.2,580.2,602.6,593.5,592.8,597.4,289536,592.2,592.2,593.5,152447682.1,152447682.1,152447682.1,0.0,3,SUR,2.81,
TQBR,2022-12-21,ПИК ао,PIKK,6716,86315641.6,603.4,591.2,605.6,600.6,599.7,598.3,143921,600.0,600.0,600.6,78097379.5,78097379.5,78097379.5,0.0,3,SUR,0.15,
TQBR,2022-12-22,ПИК ао,PIKK,10973,93806614.7,598.2,595.3,610.9,601.8,603.6,601.4,155418,603.7,603.7,601.8,87965526.7,87965526.7,87965526.7,0.0,3,SUR,0.52,
TQBR,2022-12-23,ПИК ао,PIKK,4261,63916152.4,604.5,592.0,610.0,602.4,602.9,597.8,106009,603.5,603.5,602.4,43152838.5,43152838.5,43152838.5,0.0,3,SUR,-0.6,
TQBR,2022-12-26,ПИК ао,PIKK,3772,50879988.5,602.9,599.9,603.7,602.0,602.1,602.8,84502,602.1,602.1,602.0,43791514.7,43791514.7,43791514.7,0.0,3,SUR,0.84,
TQBR,2022-12-27,ПИК ао,PIKK,3928,70891555.5,602.8,596.8,603.9,597.0,599.8,597.4,118193,600.7,600.7,597.0,50386546.1,50386546.1,50386546.1,0.0,3,SUR,-0.9,
TQBR,2022-12-28,ПИК ао,PIKK,4745,88312434.0,598.0,595.0,602.5,602.5,600.2,602.1,147136,600.0,600.0,602.5,75873859.6,75873859.6,75873859.6,0.0,3,SUR,0.79,
TQBR,2022-12-29,ПИК ао,PIKK,4308,78645895.2,602.5,598.0,608.0,603.3,602.8,603.2,130469,602.6,602.6,603.3,65989644.8,65989644.8,65989644.8,0.0,3,SUR,0.18,
TQBR,2022-12-30,ПИК ао,PIKK,3777,39330300.7,605.2,599.1,605.2,603.0,601.4,602.5,65395,601.1,601.1,603.0,32784149.7,32784149.7,32784149.7,0.0,3,SUR,-0.12,
TQBR,2023-01-03,ПИК ао,PIKK,2954,29813703.5,603.2,601.0,605.0,603.6,603.9,604.2,49371,603.9,603.9,603.6,25599050.2,25599050.2,25599050.2,0.0,3,SUR,0.28,
TQBR,2023-01-04,ПИК ао,PIKK,2680,29369979.4,601.5,601.5,607.3,606.4,605.9,607.0,48471,605.8,605.8,606.4,23491021.7,23491021.7,23491021.7,0.0,3,SUR,0.46,
TQBR,2023-01-05,ПИК ао,PIKK,2686,45888514.8,607.3,600.3,609.7,603.7,605.0,604.9,75850,605.1,605.1,603.7,42589409.5,42589409.5,42589409.5,0.0,3,SUR,-0.35,
TQBR,2023-01-06,ПИК ао,PIKK,2347,25128566.6,602.8,599.7,607.6,602.5,603.3,602.4,41654,603.6,603.6,602.5,20623599.0,20623599.0,20623599.0,0.0,3,SUR,-0.41,
TQBR,2023-01-09,ПИК ао,PIKK,9975,194642859.6,602.0,590.0,608.8,590.0,599.6,600.1,324626,599.7,599.7,590.0,134992619.4,134992619.4,134992619.4,0.0,3,SUR,-0.38,
TQBR,2023-01-10,ПИК ао,PIKK,5349,61808511.2,601.0,593.0,601.0,599.5,596.9,599.7,103546,596.6,596.6,599.5,55736847.3,55736847.3,55736847.3,0.0,3,SUR,-0.07,
TQBR,2023-01-11,ПИК ао,PIKK,3861,58812861.6,599.7,599.0,604.7,603.2,602.9,604.7,97553,602.6,602.6,603.2,49790628.1,49790628.1,49790628.1,0.0,3,SUR,0.83,
TQBR,2023-01-12,ПИК ао,PIKK,4620,54500378.5,605.0,600.1,608.2,601.4,603.0,602.9,90375,603.1,603.1,601.4,49025457.0,49025457.0,49025457.0,0.0,3,SUR,-0.3,
TQBR,2023-01-13,ПИК ао,PIKK,4828,50858443.3,602.9,598.8,603.8,600.0,600.7,600.6,84666,600.7,600.7,600.0,47103532.3,47103532.3,47103532.3,0.0,3,SUR,-0.38,
TQBR,2023-01-16,ПИК ао,PIKK,21075,325538874.8,600.5,600.5,622.0,621.2,615.3,616.3,529034,615.1,615.1,,284109603.2,284109603.2,,0.0,3,SUR,2.61,
TQBR,2023-01-17,ПИК ао,PIKK,11363,186780235.7,618.0,605.0,618.0,608.8,610.6,607.2,305897,610.9,610.9,,173962108.4,173962108.4,,0.0,3,SUR,-1.48,
TQBR,2023-01-18,ПИК ао,PIKK,6078,109499140.3,607.0,602.8,618.2,613.3,613.8,612.3,178384,614.0,614.0,,99097210.0,99097210.0,,0.0,3,SUR,0.84,
TQBR,2023-01-19,ПИК ао,PIKK,5915,72944421.6,612.3,603.1,612.3,606.8,606.8,606.8,120212,606.9,606.9,,63103075.7,63103075.7,,0.0,3,SUR,-0.9,
TQBR,2023-01-20,ПИК ао,PIKK,3283,45786455.0,607.9,601.0,609.5,603.5,604.0,604.2,75806,603.9,603.9,,42155646.8,42155646.8,,0.0,3,SUR,-0.43,
TQBR,2023-01-23,ПИК ао,PIKK,3387,32766835.9,604.3,603.2,608.4,604.2,606.0,605.9,54071,606.0,606.0,,28150765.5,28150765.5,,0.0,3,SUR,0.28,
TQBR,2023-01-24,ПИК ао,PIKK,10980,97377936.5,606.0,604.1,611.2,608.2,607.8,609.3,160217,607.8,607.8,,95410127.4,95410127.4,,0.0,3,SUR,0.56,
TQBR,2023-01-25,ПИК ао,PIKK,10161,108215269.2,610.0,605.4,617.9,615.4,614.3,615.2,176161,614.2,614.2,,100126604.5,100126604.5,,0.0,3,SUR,0.97,
TQBR,2023-01-26,ПИК ао,PIKK,3137,49929334.8,617.0,609.4,619.6,610.0,613.7,612.6,81357,614.1,614.1,,43915836.2,43915836.2,,0.0,3,SUR,-0.42,
TQBR,2023-01-27,ПИК ао,PIKK,2386,29793599.2,616.4,608.8,616.4,610.5,611.7,610.7,48704,612.0,612.0,,24495076.6,24495076.6,,0.0,3,SUR,-0.31,
TQBR,2023-01-30,ПИК ао,PIKK,3900,39442777.8,612.6,606.5,612.6,610.8,608.2,609.7,64853,608.0,608.0,,34561820.6,34561820.6,,0.0,3,SUR,-0.16,
TQBR,2023-01-31,ПИК ао,PIKK,13975,209741140.8,610.1,607.0,620.0,615.5,614.5,619.1,341334,613.6,613.6,,155855581.6,155855581.6,,0.0,3,SUR,1.54,
TQBR,2023-02-01,ПИК ао,PIKK,10956,220873095.1,621.5,613.9,631.6,618.0,624.9,622.3,353476,625.4,625.4,,197976097.1,197976097.1,,0.0,3,SUR,0.52,
TQBR,2023-02-02,ПИК ао,PIKK,5661,61280543.2,623.0,616.1,625.4,619.9,619.9,619.6,98852,620.3,620.3,,50481740.6,50481740.6,,0.0,3,SUR,-0.43,
TQBR,2023-02-03,ПИК ао,PIKK,4675,54971085.1,623.0,610.0,623.0,614.4,615.4,617.0,89327,615.2,615.2,,50340838.2,50340838.2,,0.0,3,SUR,-0.42,
TQBR,2023-02-06,ПИК ао,PIKK,7442,75443693.7,619.6,615.5,626.0,622.7,622.2,625.9,121262,621.7,621.7,,60969985.7,60969985.7,,0.0,3,SUR,1.44,
TQBR,2023-02-07,ПИК ао,PIKK,7035,60936371.6,625.8,620.0,625.9,624.0,623.1,623.0,97803,623.1,623.1,,54745484.8,54745484.8,,0.0,3,SUR,-0.46,
TQBR,2023-02-08,ПИК ао,PIKK,10891,100101708.7,624.4,621.0,630.4,625.0,626.2,626.0,159863,626.3,626.3,,93275190.5,93275190.5,,0.0,3,SUR,0.48,
TQBR,2023-02-09,ПИК ао,PIKK,4581,43955461.3,630.0,621.2,630.0,622.8,624.6,622.9,70371,624.9,624.9,,34670165.6,34670165.6,,0.0,3,SUR,-0.5,
TQBR,2023-02-10,ПИК ао,PIKK,11102,204034317.5,622.9,620.5,634.9,633.0,629.9,630.4,323920,629.6,629.6,,184498461.9,184498461.9,,0.0,3,SUR,1.2,
TQBR,2023-02-13,ПИК ао,PIKK,5227,85489067.8,631.5,631.1,637.0,634.1,633.6,632.9,134929,633.6,633.6,,76640495.8,76640495.8,,0.0,3,SUR,0.4,
TQBR,2023-02-14,ПИК ао,PIKK,8412,146605390.0,633.9,612.5,633.9,624.3,622.4,622.3,235565,622.2,622.2,,138992312.2,138992312.2,,0.0,3,SUR,-1.67,
TQBR,2023-02-15,ПИК ао,PIKK,10320,147405111.1,622.0,593.9,623.0,602.1,608.2,601.9,242351,611.8,611.8,,105281026.4,105281026.4,,0.0,3,SUR,-3.28,
TQBR,2023-02-16,ПИК ао,PIKK,7032,82309981.7,603.0,596.3,609.7,603.3,603.4,602.2,136404,603.6,603.6,,76157709.0,76157709.0,,0.0,3,SUR,0.05,
TQBR,2023-02-17,ПИК ао,PIKK,9435,106527316.9,600.0,595.6,608.8,605.4,603.0,602.5,176671,602.8,602.8,,84371214.5,84371214.5,,0.0,3,SUR,0.05,
TQBR,2023-02-20,ПИК ао,PIKK,5667,58877668.8,602.5,591.0,604.7,599.0,595.6,597.3,98852,595.6,595.6,,49792426.2,49792426.2,,0.0,3,SUR,-0.86,
TQBR,2023-02-21,ПИК ао,PIKK,12990,268583753.6,596.1,595.2,627.8,617.0,615.7,619.4,436254,615.5,615.5,,255373222.1,255373222.1,,0.0,3,SUR,3.7,
TQBR,2023-02-22,ПИК ао,PIKK,8254,152177756.7,621.9,614.8,628.5,615.8,622.0,615.3,244644,622.6,622.6,,139259667.3,139259667.3,,0.0,3,SUR,-0.66,
TQBR,2023-02-24,ПИК ао,PIKK,4121,75114049.8,621.8,613.1,622.6,619.1,617.0,617.6,121747,616.9,616.9,,71841165.8,71841165.8,,0.0,3,SUR,0.37,
TQBR,2023-02-27,ПИК ао,PIKK,6187,95123709.1,615.5,614.0,625.3,619.6,619.7,616.8,153493,620.2,620.2,,74105619.5,74105619.5,,0.0,3,SUR,-0.13,
TQBR,2023-02-28,ПИК ао,PIKK,5407,96617166.0,618.4,614.5,626.0,619.4,620.2,622.0,155778,620.2,620.2,,89444559.6,89444559.6,,0.0,3,SUR,0.84,
TQBR,2023-03-01,ПИК ао,PIKK,10333,126444830.6,622.3,619.5,630.0,627.1,627.2,628.6,201604,627.2,627.2,,120902186.3,120902186.3,,0.0,3,SUR,1.06,
TQBR,2023-03-02,ПИК ао,PIKK,9221,122337700.0,629.5,609.3,629.5,620.0,618.0,614.7,197964,618.2,618.2,,110857702.4,110857702.4,,0.0,3,SUR,-2.21,
TQBR,2023-03-03,ПИК ао,PIKK,4128,54376758.9,614.8,614.8,623.2,620.2,620.8,622.4,87588,620.6,620.6,,47219062.7,47219062.7,,0.0,3,SUR,1.25,
TQBR,2023-03-06,ПИК ао,PIKK,4678,52440706.3,622.0,617.4,626.0,621.6,622.4,622.1,84251,622.6,622.6,,45675765.1,45675765.1,,0.0,3,SUR,-0.05,
TQBR,2023-03-07,ПИК ао,PIKK,3426,38572634.6,623.3,619.2,625.9,622.0,622.4,624.0,61975,622.5,622.5,,30352030.7,30352030.7,,0.0,3,SUR,0.31,
TQBR,2023-03-09,ПИК ао,PIKK,9251,99130395.1,623.0,620.6,632.4,628.6,626.0,628.0,158345,625.0,625.0,,72948037.0,72948037.0,,0.0,3,SUR,0.64,
TQBR,2023-03-10,ПИК ао,PIKK,4729,93418862.5,626.0,614.6,626.4,622.8,620.2,621.0,150638,620.1,620.1,,87245364.8,87245364.8,,0.0,3,SUR,-1.11,
TQBR,2023-03-13,ПИК ао,PIKK,4849,70500605.3,623.1,616.4,626.0,617.5,621.1,618.3,113507,621.3,621.3,,66438285.4,66438285.4,,0.0,3,SUR,-0.43,
TQBR,2023-03-14,ПИК ао,PIKK,2714,37775059.6,618.3,617.0,622.3,617.6,618.9,619.7,61032,619.0,619.0,,34805344.7,34805344.7,,0.0,3,SUR,0.23,
TQBR,2023-03-15,ПИК ао,PIKK,5109,84245338.9,621.9,612.4,621.9,616.2,617.3,614.6,136474,617.7,617.7,,72930281.9,72930281.9,,0.0,3,SUR,-0.82,
TQBR,2023-03-16,ПИК ао,PIKK,8185,112418519.8,612.4,605.9,618.9,615.1,613.2,616.5,183326,613.2,613.2,,109572854.8,109572854.8,,0.0,3,SUR,0.31,
TQBR,2023-03-17,ПИК ао,PIKK,8187,138547251.4,617.9,617.1,629.0,627.0,624.1,626.2,221994,624.0,624.0,,130371536.0,130371536.0,,0.0,3,SUR,1.57,
TQBR,2023-03-20,ПИК ао,PIKK,7886,129438601.4,622.0,620.6,635.0,628.7,630.0,630.5,205443,629.9,629.9,,112944824.7,112944824.7,,0.0,3,SUR,0.69,
TQBR,2023-03-21,ПИК ао,PIKK,15342,299405256.8,632.5,624.1,647.8,639.8,636.9,641.8,470101,636.9,636.9,,255745136.0,255745136.0,,0.0,3,SUR,1.79,
TQBR,2023-03-22,ПИК ао,PIKK,5847,102457643.0,645.0,633.2,647.5,645.0,641.2,640.2,159788,641.3,641.3,,89049162.5,89049162.5,,0.0,3,SUR,-0.25,
TQBR,2023-03-23,ПИК ао,PIKK,5310,113499253.1,640.2,638.0,650.0,646.0,645.8,647.0,175745,645.7,645.7,,101805671.5,101805671.5,,0.0,3,SUR,1.06,
TQBR,2023-03-24,ПИК ао,PIKK,4560,82524991.2,648.8,640.0,648.8,644.6,645.7,642.3,127811,646.4,646.4,,63387778.1,63387778.1,,0.0,3,SUR,-0.73,
TQBR,2023-03-27,ПИК ао,PIKK,10249,186644796.7,644.8,640.1,658.5,658.0,652.5,656.9,286034,652.2,652.2,,171761083.1,171761083.1,,0.0,3,SUR,2.27,
TQBR,2023-03-28,ПИК ао,PIKK,7786,145043565.1,659.0,640.2,659.0,645.2,646.9,649.1,224229,646.9,646.9,,129552938.8,129552938.8,,0.0,3,SUR,-1.19,
TQBR,2023-03-29,ПИК ао,PIKK,20555,251203535.1,648.7,646.1,662.0,656.5,657.1,659.5,382276,657.1,657.1,,242456599.2,242456599.2,,0.0,3,SUR,1.6,
TQBR,2023-03-30,ПИК ао,PIKK,8780,160388341.5,661.6,655.3,669.5,660.9,663.2,664.1,241852,663.2,663.2,,144638105.3,144638105.3,,0.0,3,SUR,0.7,
TQBR,2023-03-31,ПИК ао,PIKK,8287,165663837.1,664.2,645.2,664.5,654.0,654.7,654.7,253025,654.8,654.8,,157117055.6,157117055.6,,0.0,3,SUR,-1.42,
TQBR,2023-04-03,ПИК ао,PIKK,5952,98414407.6,654.8,654.8,666.5,660.6,662.2,662.5,148628,662.2,662.2,,89459672.4,89459672.4,,0.0,3,SUR,1.19,
TQBR,2023-04-04,ПИК ао,PIKK,7508,124799465.1,666.2,650.0,666.2,651.2,656.5,653.0,190096,656.9,656.9,,114126645.7,114126645.7,,0.0,3,SUR,-1.43,
TQBR,2023-04-05,ПИК ао,PIKK,8527,102913601.3,658.9,641.8,658.9,650.0,648.8,653.5,158615,648.1,648.1,,83984529.2,83984529.2,,0.0,3,SUR,0.08,
TQBR,2023-04-06,ПИК ао,PIKK,5918,86893847.7,653.6,652.6,661.9,652.8,656.9,656.4,132281,657.0,657.0,,75237016.8,75237016.8,,0.0,3,SUR,0.44,
TQBR,2023-04-07,ПИК ао,PIKK,5302,69546833.4,656.6,650.5,659.6,655.6,654.5,659.1,106256,653.9,653.9,,57844111.6,57844111.6,,0.0,3,SUR,0.41,
TQBR,2023-04-10,ПИК ао,PIKK,6537,101440174.2,662.0,658.2,666.1,663.0,663.5,665.1,152897,663.3,663.3,,90521551.6,90521551.6,,0.0,3,SUR,0.91,
TQBR,2023-04-11,ПИК ао,PIKK,14732,382454052.2,666.0,658.0,678.0,661.2,668.2,664.0,572406,668.4,668.4,,361388651.2,361388651.2,,0.0,3,SUR,-0.17,
TQBR,2023-04-12,ПИК ао,PIKK,4625,71644870.1,662.0,658.0,667.1,661.7,661.7,662.6,108273,661.7,661.7,,64279825.6,64279825.6,,0.0,3,SUR,-0.21,
TQBR,2023-04-13,ПИК ао,PIKK,7832,125620364.6,660.2,647.0,664.2,652.5,653.0,654.8,192382,652.9,652.9,,114368411.7,114368411.7,,0.0,3,SUR,-1.18,
TQBR,2023-04-14,ПИК ао,PIKK,3963,77754721.4,656.1,647.1,658.2,653.2,653.0,654.6,119070,652.5,652.5,,67281313.0,67281313.0,,0.0,3,SUR,-0.03,
TQBR,2023-04-17,ПИК ао,PIKK,6831,95134104.4,659.0,649.9,660.0,656.3,655.5,657.9,145135,655.2,655.2,,83624705.9,83624705.9,,0.0,3,SUR,0.5,
TQBR,2023-04-18,ПИК ао,PIKK,5302,90873294.4,657.9,652.5,660.4,656.1,657.1,660.4,138297,656.7,656.7,,75655934.5,75655934.5,,0.0,3,SUR,0.38,
TQBR,2023-04-19,ПИК ао,PIKK,7890,168427985.4,660.9,654.6,672.9,656.0,663.8,658.7,253722,664.3,664.3,,155514192.8,155514192.8,,0.0,3,SUR,-0.26,
TQBR,2023-04-20,ПИК ао,PIKK,4931,111820926.9,655.4,652.3,662.8,659.5,658.2,659.3,169895,658.1,658.1,,102798392.0,102798392.0,,0.0,3,SUR,0.09,
TQBR,2023-04-21,ПИК ао,PIKK,3446,63742116.8,660.0,656.5,664.3,660.6,660.6,659.3,96492,660.7,660.7,,53452834.5,53452834.5,,0.0,3,SUR,0.0,
TQBR,2023-04-24,ПИК ао,PIKK,9893,234831917.6,659.3,655.9,679.0,668.4,671.5,677.9,349736,670.2,670.2,,184383025.9,184383025.9,,0.0,3,SUR,2.82,
TQBR,2023-04-25,ПИК ао,PIKK,40480,1401760250.4,684.9,678.0,719.0,713.3,705.0,713.4,1988443,701.1,701.1,,1009065523.9,1009065523.9,,0.0,3,SUR,5.24,
TQBR,2023-04-26,ПИК ао,PIKK,13538,396803022.7,715.0,699.3,715.7,703.3,706.3,702.7,561782,706.7,706.7,,345791770.6,345791770.6,,0.0,3,SUR,-1.5,
TQBR,2023-04-27,ПИК ао,PIKK,16242,353384916.0,705.0,680.5,706.6,688.2,690.2,693.4,511999,690.2,690.2,,324773615.4,324773615.4,,0.0,3,SUR,-1.32,
TQBR,2023-04-28,ПИК ао,PIKK,11231,270461704.3,695.5,675.0,703.0,687.9,691.8,688.9,390966,692.1,692.1,,256011226.3,256011226.3,,0.0,3,SUR,-0.65,
TQBR,2023-05-02,ПИК ао,PIKK,12517,270394820.7,685.9,651.7,692.7,670.9,677.6,667.8,403198,670.8,670.8,,251009628.1,251009628.1,,0.0,3,SUR,-3.06,
TQBR,2023-05-03,ПИК ао,PIKK,11084,248793836.9,667.5,650.0,682.8,660.6,664.4,657.5,374441,666.3,666.3,,209407920.4,209407920.4,,0.0,3,SUR,-1.54,
TQBR,2023-05-04,ПИК ао,PIKK,6013,110107353.4,657.5,653.4,669.5,657.5,660.6,664.2,166684,660.5,660.5,,99644468.8,99644468.8,,0.0,3,SUR,1.02,
TQBR,2023-05-05,ПИК ао,PIKK,7671,168659805.3,664.0,645.0,669.0,655.0,657.3,645.4,256587,659.6,659.6,,131879639.4,131879639.4,,0.0,3,SUR,-2.83,
TQBR,2023-05-08,ПИК ао,PIKK,3640,68531510.6,645.6,635.2,648.7,646.5,642.0,641.5,106745,642.0,642.0,,63977631.5,63977631.5,,0.0,3,SUR,-0.6,
TQBR,2023-05-10,ПИК ао,PIKK,5712,100099885.0,640.5,640.2,663.0,657.9,653.5,659.4,153180,652.2,652.2,,83917723.5,83917723.5,,0.0,3,SUR,2.79,
TQBR,2023-05-11,ПИК ао,PIKK,21171,522542683.1,661.0,660.0,684.0,681.0,674.7,671.9,774461,676.5,676.5,,390068964.7,390068964.7,,0.0,3,SUR,1.9,
TQBR,2023-05-12,ПИК ао,PIKK,4517,106791435.0,673.1,664.7,678.4,665.0,668.6,666.7,159713,669.0,669.0,,92104146.7,92104146.7,,0.0,3,SUR,-0.77,
TQBR,2023-05-15,ПИК ао,PIKK,9062,196509561.5,668.0,667.1,686.3,676.0,679.1,682.0,289373,679.1,679.1,,177851429.7,177851429.7,,0.0,3,SUR,2.29,
TQBR,2023-05-16,ПИК ао,PIKK,7070,176655897.4,685.0,671.2,689.2,674.3,678.1,676.9,260517,678.3,678.3,,161666851.6,161666851.6,,0.0,3,SUR,-0.75,
TQBR,2023-05-17,ПИК ао,PIKK,5021,104687317.8,678.2,665.8,681.9,676.6,676.8,680.9,154679,676.4,676.4,,88961885.1,88961885.1,,0.0,3,SUR,0.59,
TQBR,2023-05-18,ПИК ао,PIKK,8372,159822830.5,681.0,676.4,696.0,677.2,685.8,695.9,233039,680.1,680.1,,61319325.6,61319325.6,,0.0,3,SUR,2.2,
TQBR,2023-05-19,ПИК ао,PIKK,8244,175567593.8,699.0,682.1,699.0,688.5,688.8,689.0,254905,688.8,688.8,,154283930.3,154283930.3,,0.0,3,SUR,-0.99,
TQBR,2023-05-22,ПИК ао,PIKK,4058,77110887.9,693.3,684.5,693.3,688.4,689.4,691.0,111858,689.4,689.4,,68142703.6,68142703.6,,0.0,3,SUR,0.29,
TQBR,2023-05-23,ПИК ао,PIKK,13657,196774233.4,688.8,674.8,692.0,677.5,679.1,679.6,289749,679.2,679.2,,164999203.4,164999203.4,,0.0,3,SUR,-1.65,
TQBR,2023-05-24,ПИК ао,PIKK,4516,90732829.8,680.2,677.2,684.9,681.5,680.8,681.1,133280,680.8,680.8,,76963150.4,76963150.4,,0.0,3,SUR,0.22,
TQBR,2023-05-25,ПИК ао,PIKK,4055,67291120.6,679.8,674.1,682.0,678.9,677.8,678.2,99282,677.7,677.7,,58320643.0,58320643.0,,0.0,3,SUR,-0.43,
TQBR,2023-05-26,ПИК ао,PIKK,6555,142446700.8,679.6,677.2,691.7,688.3,687.8,689.8,207106,687.3,687.3,,111119520.6,111119520.6,,0.0,3,SUR,1.71,
TQBR,2023-05-29,ПИК ао,PIKK,16144,392078783.2,694.0,694.0,711.8,710.8,705.1,709.6,556051,704.7,704.7,,348111017.2,348111017.2,,0.0,3,SUR,2.87,
TQBR,2023-05-30,ПИК ао,PIKK,31037,785716191.5,703.0,681.5,739.8,706.2,719.7,707.4,1091706,720.3,720.3,,740510838.4,740510838.4,,0.0,3,SUR,-0.31,
TQBR,2023-05-31,ПИК ао,PIKK,11973,267686350.9,707.4,691.0,722.1,709.8,708.0,711.6,378101,707.8,707.8,,250440327.8,250440327.8,,0.0,3,SUR,0.59,
TQBR,2023-06-01,ПИК ао,PIKK,15898,425936632.1,714.0,686.9,719.4,691.5,696.0,691.1,612006,697.3,697.3,,337634117.9,337634117.9,,0.0,3,SUR,-2.88,
TQBR,2023-06-02,ПИК ао,PIKK,8594,191802666.2,690.0,687.7,708.8,703.9,701.5,706.0,273433,700.9,700.9,,170547584.1,170547584.1,,0.0,3,SUR,2.16,
TQBR,2023-06-05,ПИК ао,PIKK,14365,342301611.9,710.5,701.7,724.5,713.5,714.7,708.5,478941,715.8,715.8,,296384018.9,296384018.9,,0.0,3,SUR,0.35,
TQBR,2023-06-06,ПИК ао,PIKK,9447,245547838.5,708.0,695.0,723.0,709.0,710.1,709.8,345816,710.0,710.0,,223384431.8,223384431.8,,0.0,3,SUR,0.18,
TQBR,2023-06-07,ПИК ао,PIKK,6059,122135564.0,710.6,705.0,717.7,711.0,711.0,707.2,171774,711.7,711.7,,105098253.3,105098253.3,,0.0,3,SUR,-0.37,
TQBR,2023-06-08,ПИК ао,PIKK,5183,104701307.1,705.8,705.4,714.9,710.0,710.8,713.0,147296,710.7,710.7,,89411369.4,89411369.4,,0.0,3,SUR,0.82,
TQBR,2023-06-09,ПИК ао,PIKK,7187,194241275.9,714.9,707.2,719.8,708.0,713.8,709.6,272143,714.2,714.2,,176387083.2,176387083.2,,0.0,3,SUR,-0.48,
TQBR,2023-06-13,ПИК ао,PIKK,13248,203673901.8,712.0,709.5,729.0,719.7,719.9,728.1,282928,717.5,717.5,,134760649.9,134760649.9,,0.0,3,SUR,2.61,
TQBR,2023-06-14,ПИК ао,PIKK,22391,454343604.8,732.8,710.5,744.5,730.2,733.4,736.9,619510,733.2,733.2,,411502752.8,411502752.8,,0.0,3,SUR,1.21,
TQBR,2023-06-15,ПИК ао,PIKK,25695,712007950.9,739.0,726.6,759.2,754.2,746.2,750.3,954202,745.9,745.9,,669011390.4,669011390.4,,0.0,3,SUR,1.82,
TQBR,2023-06-16,ПИК ао,PIKK,20973,370579735.1,754.8,736.0,754.8,742.2,739.6,739.2,501081,739.5,739.5,,326073807.6,326073807.6,,0.0,3,SUR,-1.48,
TQBR,2023-06-19,ПИК ао,PIKK,18159,435755955.7,741.5,721.0,762.0,747.8,746.6,760.5,583641,739.6,739.6,,255288411.1,255288411.1,,0.0,3,SUR,2.88,
TQBR,2023-06-20,ПИК ао,PIKK,32182,1012558745.6,761.9,758.0,790.0,779.5,777.3,779.1,1302422,777.4,777.4,,975491622.0,975491622.0,,0.0,3,SUR,2.45,
TQBR,2023-06-21,ПИК ао,PIKK,13604,306627731.3,780.7,762.5,782.2,772.6,771.5,773.4,397420,771.6,771.6,,280375947.7,280375947.7,,0.0,3,SUR,-0.73,
TQBR,2023-06-22,ПИК ао,PIKK,9434,214955085.5,772.0,764.9,784.0,775.2,776.2,770.5,276923,778.0,778.0,,154511223.3,154511223.3,,0.0,3,SUR,-0.37,
TQBR,2023-06-23,ПИК ао,PIKK,13160,352876341.5,768.9,747.5,777.0,770.0,762.9,749.0,462519,769.0,769.0,,177811050.1,177811050.1,,0.0,3,SUR,-2.79,
TQBR,2023-06-26,ПИК ао,PIKK,21051,375856154.1,751.1,726.0,766.5,749.0,746.0,742.6,503801,750.2,750.2,,260251941.4,260251941.4,,0.0,3,SUR,-0.85,
TQBR,2023-06-27,ПИК ао,PIKK,10563,173843692.7,745.0,734.6,748.5,737.5,740.5,739.4,235039,739.8,739.8,,157008697.9,157008697.9,,0.0,3,SUR,-0.43,
TQBR,2023-06-28,ПИК ао,PIKK,9941,169861949.8,740.9,738.5,756.7,750.5,746.6,750.0,227506,745.6,745.6,,135106649.8,135106649.8,,0.0,3,SUR,1.43,
TQBR,2023-06-29,ПИК ао,PIKK,5053,116811064.3,751.5,750.1,759.0,752.3,755.0,753.0,154708,755.3,755.3,,108767912.3,108767912.3,,0.0,3,SUR,0.4,
TQBR,2023-06-30,ПИК ао,PIKK,7746,171702520.3,752.3,741.8,759.9,759.0,751.0,758.3,228628,749.9,749.9,,143695111.6,143695111.6,,0.0,3,SUR,0.7,
TQBR,2023-07-03,ПИК ао,PIKK,12188,287632617.1,758.0,755.1,779.0,773.8,771.4,771.0,372870,771.6,771.6,,263021974.3,263021974.3,,0.0,3,SUR,1.67,
TQBR,2023-07-04,ПИК ао,PIKK,11357,250787500.3,775.4,751.3,775.4,757.0,760.7,754.4,329675,761.8,761.8,,210850169.4,210850169.4,,0.0,3,SUR,-2.15,
TQBR,2023-07-05,ПИК ао,PIKK,10166,183617930.4,754.3,745.5,756.4,747.0,749.6,754.8,244965,749.5,749.5,,167523068.2,167523068.2,,0.0,3,SUR,0.05,
TQBR,2023-07-06,ПИК ао,PIKK,7104,132083336.4,757.4,748.3,759.0,755.6,754.4,755.8,175111,754.2,754.2,,125210328.0,125210328.0,,0.0,3,SUR,0.13,
TQBR,2023-07-07,ПИК ао,PIKK,5080,128080695.7,755.0,754.7,763.5,760.5,760.2,760.4,168489,760.0,760.0,,106341529.4,106341529.4,,0.0,3,SUR,0.61,
TQBR,2023-07-10,ПИК ао,PIKK,7644,134866922.2,761.1,761.1,770.0,761.6,765.4,765.8,176175,765.8,765.8,,116420803.1,116420803.1,,0.0,3,SUR,0.71,
TQBR,2023-07-11,ПИК ао,PIKK,10924,259626865.2,768.0,753.5,778.6,772.6,765.8,775.9,338963,764.5,764.5,,221420910.3,221420910.3,,0.0,3,SUR,1.32,
TQBR,2023-07-12,ПИК ао,PIKK,9192,183090435.3,778.0,766.9,785.0,776.0,774.3,771.6,236460,775.3,775.3,,127698746.6,127698746.6,,0.0,3,SUR,-0.55,
TQBR,2023-07-13,ПИК ао,PIKK,9601,149696358.1,772.2,770.6,779.8,772.4,774.4,775.2,193313,774.4,774.4,,141375035.4,141375035.4,,0.0,3,SUR,0.47,
TQBR,2023-07-14,ПИК ао,PIKK,8136,136163352.8,775.6,769.1,775.8,771.6,772.4,771.8,176281,772.5,772.5,,113614443.9,113614443.9,,0.0,3,SUR,-0.44,
TQBR,2023-07-17,ПИК ао,PIKK,16977,380483794.8,771.8,762.2,793.9,784.7,785.3,789.3,484516,785.1,785.1,,356385644.4,356385644.4,,0.0,3,SUR,2.27,
TQBR,2023-07-18,ПИК ао,PIKK,12653,281656553.6,790.5,785.1,798.0,789.5,790.4,787.8,356346,790.4,790.4,,245239152.0,245239152.0,,0.0,3,SUR,-0.19,
TQBR,2023-07-19,ПИК ао,PIKK,9449,188793119.3,787.9,779.0,793.5,783.5,783.0,783.2,241119,783.0,783.0,,173689761.8,173689761.8,,0.0,3,SUR,-0.58,
TQBR,2023-07-20,ПИК ао,PIKK,31881,734974865.4,784.2,746.7,784.2,762.3,761.6,750.4,965083,766.5,766.5,,457064203.4,457064203.4,,0.0,3,SUR,-4.19,
TQBR,2023-07-21,ПИК ао,PIKK,19721,633935433.8,747.9,745.2,765.0,759.9,755.9,763.6,838674,755.3,755.3,,581641177.8,581641177.8,,0.0,3,SUR,1.76,
TQBR,2023-07-24,ПИК ао,PIKK,11946,260470888.4,774.9,765.0,779.2,770.4,772.2,778.0,337292,770.3,770.3,,170438083.0,170438083.0,,0.0,3,SUR,1.89,
TQBR,2023-07-25,ПИК ао,PIKK,11753,201121983.2,780.0,771.0,780.4,772.8,774.8,776.7,259595,774.6,774.6,,169030202.0,169030202.0,,0.0,3,SUR,-0.17,
TQBR,2023-07-26,ПИК ао,PIKK,8775,187952645.4,776.7,766.7,779.1,775.4,774.1,775.9,242799,773.9,773.9,,167868708.0,167868708.0,,0.0,3,SUR,-0.1,
TQBR,2023-07-27,ПИК ао,PIKK,11939,226385075.8,774.0,774.0,786.2,784.0,782.1,784.9,289463,781.9,781.9,,203981329.7,203981329.7,,0.0,3,SUR,1.16,
TQBR,2023-07-28,ПИК ао,PIKK,12112,239061214.3,787.5,771.2,789.0,776.0,778.3,774.1,307172,779.2,779.2,,183294958.0,183294958.0,,0.0,3,SUR,-1.38,
TQBR,2023-07-31,ПИК ао,PIKK,9769,204893065.4,777.5,774.2,785.0,775.0,780.7,783.9,262438,780.3,780.3,,158916662.9,158916662.9,,0.0,3,SUR,1.27,
TQBR,2023-08-01,ПИК ао,PIKK,36273,1117286556.9,785.7,778.7,822.8,807.1,805.3,811.5,1387365,805.0,805.0,,1046948556.5,1046948556.5,,0.0,3,SUR,3.52,
TQBR,2023-08-02,ПИК ао,PIKK,14923,379530755.7,811.5,802.9,824.0,811.8,814.8,816.0,465804,814.8,814.8,,347598035.7,347598035.7,,0.0,3,SUR,0.55,
TQBR,2023-08-03,ПИК ао,PIKK,25940,610409299.5,816.0,809.0,845.0,833.1,832.0,838.4,733687,831.6,831.6,,567235884.9,567235884.9,,0.0,3,SUR,2.75,
TQBR,2023-08-04,ПИК ао,PIKK,48560,1210944183.4,838.0,794.0,870.0,810.0,840.4,820.7,1440914,844.2,844.2,,1078568907.7,1078568907.7,,0.0,3,SUR,-2.11,
TQBR,2023-08-07,ПИК ао,PIKK,17099,308771163.9,825.0,808.3,837.4,816.5,822.6,815.9,375344,824.3,824.3,,254323538.1,254323538.1,,0.0,3,SUR,-0.58,
TQBR,2023-08-08,ПИК ао,PIKK,10771,224008554.9,817.6,797.2,819.6,815.4,807.6,819.1,277389,806.5,806.5,,200949339.2,200949339.2,,0.0,3,SUR,0.39,
TQBR,2023-08-09,ПИК ао,PIKK,7999,158683181.1,820.1,807.6,824.7,812.2,815.0,814.2,194704,815.3,815.3,,138941729.8,138941729.8,,0.0,3,SUR,-0.6,
TQBR,2023-08-10,ПИК ао,PIKK,15388,389157934.0,815.9,807.9,870.0,821.0,828.2,836.2,469888,817.2,817.2,,172891100.9,172891100.9,,0.0,3,SUR,2.7,
TQBR,2023-08-11,ПИК ао,PIKK,15039,392204583.4,836.4,824.5,850.0,835.8,836.5,847.0,468885,835.4,835.4,,339181422.8,339181422.8,,0.0,3,SUR,1.29,
TQBR,2023-08-14,ПИК ао,PIKK,32466,771170233.2,851.0,809.0,867.7,818.2,838.5,816.8,919755,843.6,843.6,,617701226.8,617701226.8,,0.0,3,SUR,-3.57,
TQBR,2023-08-15,ПИК ао,PIKK,39000,1019451178.2,801.4,782.0,826.5,794.0,804.5,794.8,1267209,805.7,805.7,,897642275.4,897642275.4,,0.0,3,SUR,-2.69,
TQBR,2023-08-16,ПИК ао,PIKK,44635,1321979836.1,795.0,753.4,809.0,775.2,775.9,772.6,1703859,776.2,776.2,,1220399755.7,1220399755.7,,0.0,3,SUR,-2.79,
TQBR,2023-08-17,ПИК ао,PIKK,17426,483123060.2,790.6,760.1,790.6,770.7,772.3,780.6,625587,771.7,771.7,,425800512.0,425800512.0,,0.0,3,SUR,1.04,
TQBR,2023-08-18,ПИК ао,PIKK,31035,924869985.8,782.1,768.0,823.0,823.0,801.1,820.7,1154479,796.7,796.7,,734213273.4,734213273.4,,0.0,3,SUR,5.14,
TQBR,2023-08-21,ПИК ао,PIKK,25733,835490564.1,827.0,817.1,853.0,843.3,838.4,847.8,996478,837.6,837.6,,753891415.3,753891415.3,,0.0,3,SUR,3.3,
TQBR,2023-08-22,ПИК ао,PIKK,20427,592128918.6,847.8,832.4,849.9,840.6,839.8,838.5,705067,839.8,839.8,,555791307.1,555791307.1,,0.0,3,SUR,-1.1,
TQBR,2023-08-23,ПИК ао,PIKK,26369,787839675.1,836.3,801.5,844.0,828.0,824.6,805.3,955461,832.8,832.8,,468940640.8,468940640.8,,0.0,3,SUR,-3.96,
TQBR,2023-08-24,ПИК ао,PIKK,19363,499155131.9,812.0,806.7,842.0,837.0,827.2,838.5,603463,824.8,824.8,,409249404.7,409249404.7,,0.0,3,SUR,4.12,
TQBR,2023-08-25,ПИК ао,PIKK,8814,252503597.9,838.4,828.2,842.3,838.0,836.2,840.5,301966,835.6,835.6,,213448711.9,213448711.9,,0.0,3,SUR,0.24,
TQBR,2023-08-28,ПИК ао,PIKK,15852,505445486.3,841.0,835.0,856.4,839.0,844.0,855.0,598895,841.5,841.5,,338864143.2,338864143.2,,0.0,3,SUR,1.73,
TQBR,2023-08-29,ПИК ао,PIKK,27590,580293334.4,856.0,833.3,865.0,847.0,852.7,843.0,680513,854.3,854.3,,488977075.7,488977075.7,,0.0,3,SUR,-1.4,
TQBR,2023-08-30,ПИК ао,PIKK,14972,420650521.9,842.0,823.1,853.0,830.0,834.2,832.8,504269,834.4,834.4,,379783040.8,379783040.8,,0.0,3,SUR,-1.21,
TQBR,2023-08-31,ПИК ао,PIKK,8740,205035008.3,830.5,823.5,833.0,829.2,828.0,827.0,247633,828.1,828.1,,186484235.9,186484235.9,,0.0,3,SUR,-0.7,
TQBR,2023-09-01,ПИК ао,PIKK,12139,251599657.1,827.0,817.3,829.8,823.8,822.8,825.0,305802,822.5,822.5,,228317312.4,228317312.4,,0.0,3,SUR,-0.24,
TQBR,2023-09-04,ПИК ао,PIKK,19237,517474061.9,826.7,826.1,847.0,837.4,838.1,840.7,617455,837.8,837.8,,465292595.7,465292595.7,,0.0,3,SUR,1.9,
TQBR,2023-09-05,ПИК ао,PIKK,12076,281632191.5,840.7,830.1,843.9,835.0,837.4,836.0,336311,837.7,837.7,,255246587.9,255246587.9,,0.0,3,SUR,-0.56,
TQBR,2023-09-06,ПИК ао,PIKK,15420,259728874.4,836.0,816.1,837.1,823.6,823.6,825.6,315371,823.5,823.5,,235308578.9,235308578.9,,0.0,3,SUR,-1.24,
TQBR,2023-09-07,ПИК ао,PIKK,26722,561000376.1,826.0,788.5,826.7,796.0,804.0,803.1,697781,804.3,804.3,,492202589.5,492202589.5,,0.0,3,SUR,-2.73,
TQBR,2023-09-08,ПИК ао,PIKK,20264,381128456.7,801.5,782.0,809.0,793.1,793.8,796.0,480146,793.4,793.4,,349028360.9,349028360.9,,0.0,3,SUR,-0.88,
TQBR,2023-09-11,ПИК ао,PIKK,21236,300751259.1,805.0,770.0,805.0,773.7,780.7,771.9,385224,782.4,782.4,,251839408.0,251839408.0,,0.0,3,SUR,-3.03,
TQBR,2023-09-12,ПИК ао,PIKK,15561,308988361.0,774.4,771.0,795.4,786.7,781.7,795.2,395272,779.2,779.2,,222596110.3,222596110.3,,0.0,3,SUR,3.02,
TQBR,2023-09-13,ПИК ао,PIKK,7094,151217655.8,794.0,779.2,794.0,783.6,787.2,781.8,192096,788.3,788.3,,125931439.2,125931439.2,,0.0,3,SUR,-1.69,
TQBR,2023-09-14,ПИК ао,PIKK,10532,244080193.2,782.0,761.0,784.8,777.5,772.1,777.3,316122,771.5,771.5,,221776573.4,221776573.4,,0.0,3,SUR,-0.58,
TQBR,2023-09-15,ПИК ао,PIKK,17426,424532936.1,777.0,763.0,789.6,782.9,777.8,782.7,545829,777.4,777.4,,382676979.4,382676979.4,,0.0,3,SUR,0.69,
TQBR,2023-09-18,ПИК ао,PIKK,11218,219170967.3,782.8,766.2,784.3,767.5,774.0,770.0,283153,774.4,774.4,,204086749.6,204086749.6,,0.0,3,SUR,-1.62,
TQBR,2023-09-19,ПИК ао,PIKK,17350,315094712.4,767.5,742.3,771.3,751.1,755.0,743.0,417366,757.1,757.1,,253867487.5,253867487.5,,0.0,3,SUR,-3.51,
TQBR,2023-09-20,ПИК ао,PIKK,23860,601221503.6,741.5,717.0,764.0,750.0,743.4,754.4,808735,742.4,742.4,,536519535.3,536519535.3,,0.0,3,SUR,1.53,
TQBR,2023-09-21,ПИК ао,PIKK,15059,312331708.2,747.1,730.0,755.0,738.1,740.9,737.3,421554,741.1,741.1,,292116928.0,292116928.0,,0.0,3,SUR,-2.27,
TQBR,2023-09-22,ПИК ао,PIKK,9143,254281133.6,736.5,732.0,766.0,763.0,754.6,763.4,336954,753.3,753.3,,216442782.3,216442782.3,,0.0,3,SUR,3.54,
TQBR,2023-09-25,ПИК ао,PIKK,7398,185152766.5,764.8,750.2,770.0,760.0,755.6,751.2,245054,755.7,755.7,,166869464.0,166869464.0,,0.0,3,SUR,-1.6,
TQBR,2023-09-26,ПИК ао,PIKK,8850,231848266.3,751.4,741.7,758.9,755.0,750.6,750.6,308874,749.9,749.9,,181039292.7,181039292.7,,0.0,3,SUR,-0.08,
TQBR,2023-09-27,ПИК ао,PIKK,6452,161831445.7,752.1,748.9,758.0,750.0,753.5,755.8,214777,752.9,752.9,,128497093.6,128497093.6,,0.0,3,SUR,0.69,
TQBR,2023-09-28,ПИК ао,PIKK,5071,90352347.9,755.8,752.5,762.7,755.1,756.8,754.5,119382,757.3,757.3,,74833720.4,74833720.4,,0.0,3,SUR,-0.17,
TQBR,2023-09-29,ПИК ао,PIKK,8400,230989047.2,754.5,738.4,761.8,753.1,749.1,742.4,308337,754.8,754.8,,101406679.0,101406679.0,,0.0,3,SUR,-1.6,
TQBR,2023-10-02,ПИК ао,PIKK,9317,170648053.0,742.6,731.2,751.0,737.1,739.4,736.5,230614,740.3,740.3,,155310384.7,155310384.7,,0.0,3,SUR,-0.79,
TQBR,2023-10-03,ПИК ао,PIKK,15916,313760744.5,736.5,722.7,739.8,728.1,729.9,738.1,429564,729.6,729.6,,276147253.4,276147253.4,,0.0,3,SUR,0.22,
TQBR,2023-10-04,ПИК ао,PIKK,8626,223816614.1,738.1,723.4,738.7,725.5,730.2,723.6,306529,730.8,730.8,,194830160.1,194830160.1,,0.0,3,SUR,-1.96,
TQBR,2023-10-05,ПИК ао,PIKK,16654,426804908.1,725.1,704.5,726.7,706.1,712.9,710.2,598693,713.5,713.5,,368749002.3,368749002.3,,0.0,3,SUR,-1.85,
TQBR,2023-10-06,ПИК ао,PIKK,33189,710637212.8,710.0,701.4,736.5,729.6,722.4,728.4,983755,720.3,720.3,,520496955.9,520496955.9,,0.0,3,SUR,2.56,
TQBR,2023-10-09,ПИК ао,PIKK,16656,301113359.7,727.0,725.0,739.2,733.1,732.3,727.0,411167,733.1,733.1,,258000152.1,258000152.1,,0.0,3,SUR,-0.19,
TQBR,2023-10-10,ПИК ао,PIKK,19091,670757698.9,726.2,726.1,765.0,736.3,750.6,758.8,893579,731.6,731.6,,139088078.0,139088078.0,,0.0,3,SUR,4.37,
TQBR,2023-10-11,ПИК ао,PIKK,25180,585606387.7,756.0,742.1,776.0,758.2,761.2,745.6,769362,763.1,763.1,,487072098.6,487072098.6,,0.0,3,SUR,-1.74,
TQBR,2023-10-12,ПИК ао,PIKK,13826,220494694.1,747.1,737.5,753.6,743.0,744.5,746.0,296161,744.3,744.3,,185848469.2,185848469.2,,0.0,3,SUR,0.05,
TQBR,2023-10-13,ПИК ао,PIKK,9158,191537127.2,747.5,735.2,756.0,756.0,745.4,741.6,256950,749.5,749.5,,92872260.4,92872260.4,,0.0,3,SUR,-0.59,
TQBR,2023-10-16,ПИК ао,PIKK,13285,330006971.5,743.6,743.1,761.0,752.0,754.3,759.5,437505,754.0,754.0,,251847255.4,251847255.4,,0.0,3,SUR,2.41,
TQBR,2023-10-17,ПИК ао,PIKK,13533,378047081.4,761.0,754.3,772.0,762.1,765.5,767.2,493850,765.9,765.9,,314682694.4,314682694.4,,0.0,3,SUR,1.01,
TQBR,2023-10-18,ПИК ао,PIKK,16179,535665736.2,768.7,765.0,791.1,768.5,777.1,772.0,689328,777.3,777.3,,513060313.1,513060313.1,,0.0,3,SUR,0.63,
TQBR,2023-10-19,ПИК ао,PIKK,8970,301133073.3,774.1,762.6,774.1,765.3,765.8,765.9,393214,765.8,765.8,,282046716.5,282046716.5,,0.0,3,SUR,-0.79,
TQBR,2023-10-20,ПИК ао,PIKK,8307,224880544.5,767.4,751.3,768.2,760.0,759.6,762.8,296049,759.3,759.3,,202175568.8,202175568.8,,0.0,3,SUR,-0.4,
TQBR,2023-10-23,ПИК ао,PIKK,5450,132408821.3,762.8,758.0,766.9,766.0,763.1,763.8,173512,763.0,763.0,,121224312.5,121224312.5,,0.0,3,SUR,0.13,
TQBR,2023-10-24,ПИК ао,PIKK,5429,118790578.7,765.0,756.6,765.0,756.7,759.7,759.2,156370,759.8,759.8,,103483353.9,103483353.9,,0.0,3,SUR,-0.6,
TQBR,2023-10-25,ПИК ао,PIKK,8228,168899847.6,760.7,746.0,760.7,751.5,751.9,751.0,224640,752.3,752.3,,137882817.6,137882817.6,,0.0,3,SUR,-1.08,
TQBR,2023-10-26,ПИК ао,PIKK,14587,260077511.8,752.5,741.0,755.5,747.0,750.0,742.4,346750,751.0,751.0,,217078437.2,217078437.2,,0.0,3,SUR,-1.15,
TQBR,2023-10-27,ПИК ао,PIKK,29457,600629849.0,742.1,711.0,744.9,723.9,723.1,730.9,830687,722.6,722.6,,541061275.0,541061275.0,,0.0,3,SUR,-1.55,
TQBR,2023-10-30,ПИК ао,PIKK,13084,264363128.1,730.8,719.6,737.7,723.5,729.3,722.0,362504,729.7,729.7,,246315469.1,246315469.1,,0.0,3,SUR,-1.22,
TQBR,2023-10-31,ПИК ао,PIKK,11355,271881571.2,721.0,703.0,726.0,705.4,710.9,707.5,382007,712.3,712.3,,240421549.2,240421549.2,,0.0,3,SUR,-2.01,
TQBR,2023-11-01,ПИК ао,PIKK,12842,259334249.1,706.1,705.4,729.5,722.0,720.3,724.9,360058,720.0,720.0,,237273845.8,237273845.8,,0.0,3,SUR,2.46,
TQBR,2023-11-02,ПИК ао,PIKK,6043,110633523.3,726.4,714.0,729.0,714.0,720.9,719.3,153472,721.3,721.3,,98568947.6,98568947.6,,0.0,3,SUR,-0.77,
TQBR,2023-11-03,ПИК ао,PIKK,6955,125351069.5,719.0,707.5,720.9,717.9,713.1,717.6,175788,712.7,712.7,,109617761.4,109617761.4,,0.0,3,SUR,-0.24,
TQBR,2023-11-06,ПИК ао,PIKK,7748,98383277.5,714.4,714.4,732.3,725.5,724.5,727.9,135789,723.1,723.1,,72726391.1,72726391.1,,0.0,3,SUR,1.44,
TQBR,2023-11-07,ПИК ао,PIKK,7547,153683111.4,732.6,727.3,738.5,734.6,732.7,736.0,209742,732.1,732.1,,130767897.3,130767897.3,,0.0,3,SUR,1.11,
TQBR,2023-11-08,ПИК ао,PIKK,10254,146553378.4,736.0,726.0,743.8,733.6,737.1,728.5,198832,738.4,738.4,,118683078.0,118683078.0,,0.0,3,SUR,-1.02,
TQBR,2023-11-09,ПИК ао,PIKK,5535,131112152.0,728.5,726.1,738.9,729.0,731.0,729.1,179364,731.2,731.2,,119660727.0,119660727.0,,0.0,3,SUR,0.08,
TQBR,2023-11-10,ПИК ао,PIKK,10200,193195188.7,730.6,711.3,731.5,714.7,718.4,718.5,268937,718.5,718.5,,165886382.4,165886382.4,,0.0,3,SUR,-1.45,
TQBR,2023-11-13,ПИК ао,PIKK,7378,142184000.9,717.0,711.3,723.7,713.1,714.7,718.1,198931,714.6,714.6,,108134071.1,108134071.1,,0.0,3,SUR,-0.06,
TQBR,2023-11-14,ПИК ао,PIKK,20941,342589844.6,719.6,687.1,722.9,714.1,706.5,711.2,484921,706.2,706.2,,330858953.7,330858953.7,,0.0,3,SUR,-0.96,
TQBR,2023-11-15,ПИК ао,PIKK,8153,148150156.1,709.8,697.1,715.0,713.8,707.0,709.6,209558,706.3,706.3,,128808322.2,128808322.2,,0.0,3,SUR,-0.22,
TQBR,2023-11-16,ПИК ао,PIKK,6605,128686320.5,710.4,699.2,710.9,703.8,705.0,701.7,182542,706.3,706.3,,91492084.2,91492084.2,,0.0,3,SUR,-1.11,
TQBR,2023-11-17,ПИК ао,PIKK,6217,108959913.7,700.2,693.3,709.0,708.9,701.8,707.0,155267,700.6,700.6,,86946633.7,86946633.7,,0.0,3,SUR,0.76,
TQBR,2023-11-20,ПИК ао,PIKK,7063,118360026.1,703.7,696.5,706.8,702.1,700.6,696.7,168952,700.9,700.9,,88640584.2,88640584.2,,0.0,3,SUR,-1.46,
TQBR,2023-11-21,ПИК ао,PIKK,6822,91993768.2,696.7,696.5,710.0,707.1,703.0,708.4,130863,702.3,702.3,,77882356.4,77882356.4,,0.0,3,SUR,1.68,
TQBR,2023-11-22,ПИК ао,PIKK,4102,80909021.8,710.0,704.6,719.0,705.1,711.2,707.6,113771,711.4,711.4,,75018964.8,75018964.8,,0.0,3,SUR,-0.11,
TQBR,2023-11-23,ПИК ао,PIKK,4131,87874214.8,708.0,698.0,713.0,704.2,706.1,702.9,124453,707.0,707.0,,71536632.4,71536632.4,,0.0,3,SUR,-0.66,
TQBR,2023-11-24,ПИК ао,PIKK,4170,101099940.6,704.3,698.2,711.3,703.0,704.5,705.8,143505,704.6,704.6,,89653755.2,89653755.2,,0.0,3,SUR,0.41,
TQBR,2023-11-27,ПИК ао,PIKK,4941,113350389.8,705.1,695.9,712.1,704.3,703.9,703.0,161040,704.2,704.2,,103197013.0,103197013.0,,0.0,3,SUR,-0.4,
TQBR,2023-11-28,ПИК ао,PIKK,4011,86617982.3,701.6,699.4,711.0,710.0,706.1,709.5,122673,705.6,705.6,,73902470.8,73902470.8,,0.0,3,SUR,0.92,
TQBR,2023-11-29,ПИК ао,PIKK,4439,75106117.4,708.0,695.0,711.5,698.8,701.1,695.4,107131,703.0,703.0,,47348670.4,47348670.4,,0.0,3,SUR,-1.99,
TQBR,2023-11-30,ПИК ао,PIKK,13574,385360430.8,695.5,672.1,696.1,677.2,679.6,676.5,567035,679.9,679.9,,356238191.1,356238191.1,,0.0,3,SUR,-2.72,
TQBR,2023-12-01,ПИК ао,PIKK,10432,176400057.2,676.5,661.0,677.5,670.0,666.5,666.0,264651,666.3,666.3,,159075583.5,159075583.5,,0.0,3,SUR,-1.55,
TQBR,2023-12-04,ПИК ао,PIKK,15668,231847357.3,664.0,647.2,680.8,673.0,664.1,666.5,349095,663.9,663.9,,205742346.9,205742346.9,,0.0,3,SUR,0.08,
TQBR,2023-12-05,ПИК ао,PIKK,7074,178630492.6,667.8,660.0,682.7,676.8,672.0,676.0,265828,671.3,671.3,,158820883.4,158820883.4,,0.0,3,SUR,1.43,
TQBR,2023-12-06,ПИК ао,PIKK,18990,325630597.0,676.9,652.7,680.6,669.9,664.0,658.6,490377,666.5,666.5,,235292924.3,235292924.3,,0.0,3,SUR,-2.57,
TQBR,2023-12-07,ПИК ао,PIKK,21706,469300294.1,655.5,643.2,668.6,664.8,654.3,655.5,717249,654.2,654.2,,437404862.0,437404862.0,,0.0,3,SUR,-0.47,
TQBR,2023-12-08,ПИК ао,PIKK,13057,215175825.2,653.2,650.2,668.6,665.1,659.8,668.4,326114,659.3,659.3,,184754812.0,184754812.0,,0.0,3,SUR,1.97,
TQBR,2023-12-11,ПИК ао,PIKK,9197,267732565.2,668.4,652.0,668.4,658.0,660.6,661.4,405308,660.6,660.6,,244694950.8,244694950.8,,0.0,3,SUR,-1.05,
TQBR,2023-12-12,ПИК ао,PIKK,16288,375949907.4,661.5,658.6,681.0,667.0,672.9,673.3,558691,673.2,673.2,,329457082.8,329457082.8,,0.0,3,SUR,1.8,
TQBR,2023-12-13,ПИК ао,PIKK,5129,141536845.7,667.0,666.0,677.0,668.9,671.3,675.3,210832,670.9,670.9,,118474942.3,118474942.3,,0.0,3,SUR,0.3,
TQBR,2023-12-14,ПИК ао,PIKK,11892,274894648.7,677.0,651.2,677.5,665.8,662.4,656.7,414991,667.0,667.0,,168961537.2,168961537.2,,0.0,3,SUR,-2.75,
TQBR,2023-12-15,ПИК ао,PIKK,8408,261741900.8,656.0,654.1,676.1,673.0,666.3,675.4,392854,665.0,665.0,,210882053.5,210882053.5,,0.0,3,SUR,2.85,
TQBR,2023-12-18,ПИК ао,PIKK,11056,250603075.1,673.0,671.1,693.6,685.0,684.5,689.2,366115,684.2,684.2,,234325475.7,234325475.7,,0.0,3,SUR,2.04,
TQBR,2023-12-19,ПИК ао,PIKK,13290,244225916.4,689.3,667.5,690.0,671.9,676.8,676.6,360867,677.1,677.1,,213609899.5,213609899.5,,0.0,3,SUR,-1.83,
TQBR,2023-12-20,ПИК ао,PIKK,6750,134238367.4,678.0,670.0,679.4,676.6,675.0,675.4,198872,674.8,674.8,,117441817.6,117441817.6,,0.0,3,SUR,-0.18,
TQBR,2023-12-21,ПИК ао,PIKK,12128,259344969.8,673.8,657.6,680.1,662.6,667.2,669.0,388711,667.2,667.2,,243220667.8,243220667.8,,0.0,3,SUR,-0.95,
TQBR,2023-12-22,ПИК ао,PIKK,4656,121894116.9,669.0,665.6,675.5,672.1,670.3,675.5,181858,669.5,669.5,,95551952.1,95551952.1,,0.0,3,SUR,0.97,
TQBR,2023-12-25,ПИК ао,PIKK,7880,189719947.4,675.2,675.0,689.0,683.0,683.8,685.0,277451,683.8,683.8,,174714545.7,174714545.7,,0.0,3,SUR,1.41,
TQBR,2023-12-26,ПИК ао,PIKK,5132,117758212.7,686.0,670.2,686.0,675.6,675.6,675.2,174305,675.7,675.7,,109214738.1,109214738.1,,0.0,3,SUR,-1.43,
TQBR,2023-12-27,ПИК ао,PIKK,8756,208474379.5,675.2,660.1,675.7,664.0,665.7,663.4,313180,665.9,665.9,,172913504.0,172913504.0,,0.0,3,SUR,-1.75,
TQBR,2023-12-28,ПИК ао,PIKK,14054,262234366.4,663.4,645.1,670.6,670.5,659.4,668.7,397682,658.7,658.7,,240714436.9,240714436.9,,0.0,3,SUR,0.8,
TQBR,2023-12-29,ПИК ао,PIKK,7624,222250726.4,674.0,668.8,683.4,678.6,677.3,677.0,328157,677.5,677.5,,181603378.6,181603378.6,,0.0,3,SUR,1.24,
TQBR,2024-01-03,ПИК ао,PIKK,3598,58665290.9,675.7,673.6,681.0,676.9,678.3,678.9,86491,678.2,678.2,,49118877.0,49118877.0,,0.0,3,SUR,0.28,
TQBR,2024-01-04,ПИК ао,PIKK,3527,45740396.2,683.0,672.6,683.0,673.1,675.3,673.7,67737,675.5,675.5,,39420911.7,39420911.7,,0.0,3,SUR,-0.77,
TQBR,2024-01-05,ПИК ао,PIKK,2849,47410320.2,673.8,668.1,674.9,671.6,671.9,672.6,70564,671.2,671.2,,33940361.6,33940361.6,,0.0,3,SUR,-0.16,
TQBR,2024-01-08,ПИК ао,PIKK,16905,409861914.2,672.0,671.2,712.5,699.2,696.6,709.7,588376,690.0,690.0,,228124799.4,228124799.4,,0.0,3,SUR,5.52,
TQBR,2024-01-09,ПИК ао,PIKK,15223,217164864.9,711.2,699.0,713.4,707.4,705.3,704.8,307887,705.2,705.2,,199102727.7,199102727.7,,0.0,3,SUR,-0.69,
TQBR,2024-01-10,ПИК ао,PIKK,10116,183222789.2,704.9,696.7,710.3,698.6,702.4,698.7,260858,702.7,702.7,,167148211.7,167148211.7,,0.0,3,SUR,-0.87,
TQBR,2024-01-11,ПИК ао,PIKK,6672,142386861.7,698.8,691.1,709.9,705.1,700.8,705.1,203189,698.7,698.7,,103979737.1,103979737.1,,0.0,3,SUR,0.92,
TQBR,2024-01-12,ПИК ао,PIKK,11154,242364015.5,705.0,703.9,716.8,705.6,711.5,711.1,340655,711.9,711.9,,202812940.1,202812940.1,,0.0,3,SUR,0.85,
TQBR,2024-01-15,ПИК ао,PIKK,9016,163535523.5,712.0,695.7,714.4,701.5,703.9,700.5,232319,704.4,704.4,,141759963.4,141759963.4,,0.0,3,SUR,-1.49,
TQBR,2024-01-16,ПИК ао,PIKK,23017,327119022.0,705.6,692.2,720.7,719.1,709.3,714.0,461199,708.2,708.2,,274818681.5,274818681.5,,0.0,3,SUR,1.93,
TQBR,2024-01-17,ПИК ао,PIKK,16607,276813243.1,714.0,706.7,722.0,712.0,713.5,710.0,387945,713.6,713.6,,268652716.1,268652716.1,,0.0,3,SUR,-0.56,
TQBR,2024-01-18,ПИК ао,PIKK,4063,88088147.1,707.5,706.9,717.1,708.1,711.9,709.2,123730,712.2,712.2,,81108845.5,81108845.5,,0.0,3,SUR,-0.11,
TQBR,2024-01-19,ПИК ао,PIKK,3544,79635911.0,707.1,702.5,709.8,705.0,705.2,704.3,112929,705.2,705.2,,70423860.6,70423860.6,,0.0,3,SUR,-0.69,
TQBR,2024-01-22,ПИК ао,PIKK,18365,267371194.2,704.3,704.3,729.8,719.8,717.9,729.0,372461,715.1,715.1,,185376148.7,185376148.7,,0.0,3,SUR,3.51,
TQBR,2024-01-23,ПИК ао,PIKK,16430,222779107.0,730.0,718.0,730.0,724.0,723.9,724.0,307736,723.8,723.8,,203975636.2,203975636.2,,0.0,3,SUR,-0.69,
TQBR,2024-01-24,ПИК ао,PIKK,3914,78004974.2,724.1,715.1,729.3,721.7,720.1,717.6,108329,720.2,720.2,,69753024.1,69753024.1,,0.0,3,SUR,-0.88,
TQBR,2024-01-25,ПИК ао,PIKK,3217,61403903.1,717.0,712.1,721.4,719.5,717.3,721.0,85602,717.0,717.0,,52445803.0,52445803.0,,0.0,3,SUR,0.47,
TQBR,2024-01-26,ПИК ао,PIKK,13620,275156270.7,721.0,721.0,737.0,729.0,730.0,728.1,376929,730.1,730.1,,253643438.8,253643438.8,,0.0,3,SUR,0.98,
TQBR,2024-01-29,ПИК ао,PIKK,7862,72785334.4,733.4,725.0,733.8,725.0,729.1,726.6,99828,729.3,729.3,,65768009.3,65768009.3,,0.0,3,SUR,-0.21,
TQBR,2024-01-30,ПИК ао,PIKK,11977,171578085.5,726.0,721.3,735.9,730.1,727.3,728.8,235924,726.5,726.5,,145932029.2,145932029.2,,0.0,3,SUR,0.3,
TQBR,2024-01-31,ПИК ао,PIKK,6794,142050478.1,728.7,727.5,741.6,735.5,734.7,738.1,193344,734.0,734.0,,117002318.3,117002318.3,,0.0,3,SUR,1.28,
TQBR,2024-02-01,ПИК ао,PIKK,18411,165580731.2,740.0,728.3,740.5,733.7,732.7,730.7,226001,732.8,732.8,,154372794.6,154372794.6,,0.0,3,SUR,-1.0,
TQBR,2024-02-02,ПИК ао,PIKK,11367,252684810.8,730.7,723.5,750.1,747.3,740.3,747.6,341307,739.2,739.2,,216955093.0,216955093.0,,0.0,3,SUR,2.31,
TQBR,2024-02-05,ПИК ао,PIKK,9027,171121426.8,750.0,741.6,756.0,752.1,749.8,745.0,228235,750.0,750.0,,152801916.6,152801916.6,,0.0,3,SUR,-0.35,
TQBR,2024-02-06,ПИК ао,PIKK,24419,538945796.3,745.1,742.7,776.0,774.4,765.0,770.9,704490,764.6,764.6,,495724044.4,495724044.4,,0.0,3,SUR,3.48,
TQBR,2024-02-07,ПИК ао,PIKK,23993,442661980.9,770.9,766.3,787.9,781.8,777.5,782.8,569366,776.3,776.3,,372027405.6,372027405.6,,0.0,3,SUR,1.54,
TQBR,2024-02-08,ПИК ао,PIKK,20338,541125111.1,786.0,775.5,798.5,797.0,788.4,782.4,686389,788.2,788.2,,456441070.1,456441070.1,,0.0,3,SUR,-0.05,
TQBR,2024-02-09,ПИК ао,PIKK,19707,617719878.9,785.0,776.1,807.8,804.0,795.2,807.8,776764,793.1,793.1,,491718668.8,491718668.8,,0.0,3,SUR,3.25,
TQBR,2024-02-12,ПИК ао,PIKK,31033,959369989.4,808.0,808.0,847.0,835.0,826.6,842.7,1160576,822.9,822.9,,746405820.6,746405820.6,,0.0,3,SUR,4.32,
TQBR,2024-02-13,ПИК ао,PIKK,33226,991970117.2,842.7,833.5,860.0,856.0,849.1,850.4,1168918,848.5,848.5,,940015011.1,940015011.1,,0.0,3,SUR,0.91,
TQBR,2024-02-14,ПИК ао,PIKK,20018,583478300.6,850.3,832.2,858.9,839.8,845.2,845.1,690350,845.9,845.9,,404595895.5,404595895.5,,0.0,3,SUR,-0.62,
TQBR,2024-02-15,ПИК ао,PIKK,36912,1112807731.2,842.5,836.8,879.0,873.8,864.3,871.7,1286894,864.2,864.2,,1028788506.0,1028788506.0,,0.0,3,SUR,3.15,
TQBR,2024-02-16,ПИК ао,PIKK,56061,1945494166.1,871.7,852.0,889.5,865.1,866.7,879.1,2244829,865.9,865.9,,1718469548.8,1718469548.8,,0.0,3,SUR,0.85,
TQBR,2024-02-19,ПИК ао,PIKK,19375,604221124.4,878.9,858.1,878.9,861.5,864.7,859.0,698788,865.0,865.0,,557309298.6,557309298.6,,0.0,3,SUR,-2.29,
TQBR,2024-02-20,ПИК ао,PIKK,44849,1445855381.6,855.8,822.2,874.0,845.7,843.5,834.5,1714189,852.3,852.3,,866010777.8,866010777.8,,0.0,3,SUR,-2.85,
TQBR,2024-02-21,ПИК ао,PIKK,21755,1017161008.5,821.0,807.0,848.4,820.1,827.1,820.7,1229734,828.1,828.1,,904613620.7,904613620.7,,0.0,3,SUR,-1.65,
TQBR,2024-02-22,ПИК ао,PIKK,26356,1081234306.0,822.0,797.5,837.7,819.0,815.3,835.5,1326248,811.3,811.3,,856194367.3,856194367.3,,0.0,3,SUR,1.8,
TQBR,2024-02-26,ПИК ао,PIKK,55142,876199326.9,811.8,811.4,849.8,848.8,837.5,849.5,1046269,836.7,836.7,,811643356.5,811643356.5,,0.0,3,SUR,1.68,
TQBR,2024-02-27,ПИК ао,PIKK,12680,417666252.9,846.4,825.0,848.5,841.5,836.3,839.4,499405,836.1,836.1,,389022577.0,389022577.0,,0.0,3,SUR,-1.19,
TQBR,2024-02-28,ПИК ао,PIKK,69713,2165285911.0,842.4,839.4,896.5,885.0,878.6,891.8,2464587,872.8,872.8,,1451081467.5,1451081467.5,,0.0,3,SUR,6.24,
TQBR,2024-02-29,ПИК ао,PIKK,42336,1446509119.7,893.9,866.1,894.4,873.8,879.1,877.5,1645540,879.1,879.1,,1373724601.0,1373724601.0,,0.0,3,SUR,-1.6,
TQBR,2024-03-01,ПИК ао,PIKK,14792,685418945.9,875.0,862.1,879.7,865.0,867.5,868.7,790068,867.5,867.5,,626554433.0,626554433.0,,0.0,3,SUR,-1.0,
TQBR,2024-03-04,ПИК ао,PIKK,11441,352225029.4,868.7,855.1,877.0,858.1,865.0,857.5,407188,867.8,867.8,,264551998.4,264551998.4,,0.0,3,SUR,-1.29,
TQBR,2024-03-05,ПИК ао,PIKK,50172,1655822847.4,858.0,849.0,902.5,891.1,886.2,898.9,1868503,881.9,881.9,,1145294906.7,1145294906.7,,0.0,3,SUR,4.83,
TQBR,2024-03-06,ПИК ао,PIKK,55212,1799876638.9,896.0,887.0,922.0,910.0,909.6,906.5,1978768,909.4,909.4,,1674531163.8,1674531163.8,,0.0,3,SUR,0.85,
TQBR,2024-03-07,ПИК ао,PIKK,28398,1083189391.5,905.7,893.7,924.7,916.0,909.6,923.0,1190868,906.2,906.2,,814419820.5,814419820.5,,0.0,3,SUR,1.82,
TQBR,2024-03-11,ПИК ао,PIKK,25678,1003114877.4,924.0,916.3,939.0,917.3,928.9,920.6,1079858,929.6,929.6,,943715501.8,943715501.8,,0.0,3,SUR,-0.26,
TQBR,2024-03-12,ПИК ао,PIKK,17100,599457886.9,920.9,908.0,933.7,925.1,921.7,926.8,650377,920.4,920.4,,504658074.2,504658074.2,,0.0,3,SUR,0.67,
TQBR,2024-03-13,ПИК ао,PIKK,8125,243236925.6,930.8,917.4,930.8,923.3,922.7,919.2,263611,923.2,923.2,,204540433.3,204540433.3,,0.0,3,SUR,-0.82,
TQBR,2024-03-14,ПИК ао,PIKK,24860,1138349627.7,917.4,891.4,922.8,897.8,904.8,898.5,1258155,905.9,905.9,,981295698.0,981295698.0,,0.0,3,SUR,-2.25,
TQBR,2024-03-15,ПИК ао,PIKK,14203,464210414.9,898.0,892.3,903.0,899.5,897.3,900.9,517332,897.1,897.1,,413777236.2,413777236.2,,0.0,3,SUR,0.27,
TQBR,2024-03-18,ПИК ао,PIKK,15060,601510313.5,900.8,878.8,905.0,886.8,889.0,892.3,676588,889.1,889.1,,525345836.6,525345836.6,,0.0,3,SUR,-0.95,
TQBR,2024-03-19,ПИК ао,PIKK,11023,328035121.4,889.6,884.1,899.8,891.7,891.8,892.8,367853,891.8,891.8,,309610764.4,309610764.4,,0.0,3,SUR,0.06,
TQBR,2024-03-20,ПИК ао,PIKK,15442,661121128.1,892.8,862.0,896.0,873.8,880.0,865.0,751282,884.5,884.5,,486083469.7,486083469.7,,0.0,3,SUR,-3.11,
TQBR,2024-03-21,ПИК ао,PIKK,19040,712473660.1,860.9,851.5,879.4,860.3,860.2,863.5,828240,860.2,860.2,,660705222.9,660705222.9,,0.0,3,SUR,-0.17,
TQBR,2024-03-22,ПИК ао,PIKK,35480,2060721650.0,860.1,812.9,881.4,860.8,844.3,837.9,2440687,869.0,869.0,,507831182.7,507831182.7,,0.0,3,SUR,-2.96,
TQBR,2024-03-25,ПИК ао,PIKK,46652,1708013747.5,831.5,812.0,876.0,874.5,843.2,865.0,2025593,840.2,840.2,,1495379102.1,1495379102.1,,0.0,3,SUR,3.23,
TQBR,2024-03-26,ПИК ао,PIKK,31230,983595338.0,865.0,859.6,892.8,874.0,878.8,877.3,1119251,878.9,878.9,,926220217.4,926220217.4,,0.0,3,SUR,1.42,
TQBR,2024-03-27,ПИК ао,PIKK,26105,836349687.2,880.4,870.6,907.4,894.6,891.3,903.0,938392,887.0,887.0,,587332113.7,587332113.7,,0.0,3,SUR,2.93,
TQBR,2024-03-28,ПИК ао,PIKK,11556,409443090.0,906.5,887.1,914.8,890.2,896.6,892.4,456654,897.0,897.0,,381241299.4,381241299.4,,0.0,3,SUR,-1.17,
TQBR,2024-03-29,ПИК ао,PIKK,9978,299213808.0,899.4,881.6,900.0,884.4,887.9,888.8,336976,888.2,888.2,,253544698.9,253544698.9,,0.0,3,SUR,-0.4,
TQBR,2024-04-01,ПИК ао,PIKK,18002,620515350.4,888.8,870.0,895.0,876.7,878.8,874.5,706130,878.9,878.9,,584530918.7,584530918.7,,0.0,3,SUR,-1.61,
TQBR,2024-04-02,ПИК ао,PIKK,15383,485609836.0,874.1,860.1,881.6,865.4,870.5,870.9,557870,870.7,870.7,,443324404.7,443324404.7,,0.0,3,SUR,-0.41,
TQBR,2024-04-03,ПИК ао,PIKK,12886,307907671.6,870.9,861.5,876.6,866.0,868.6,865.2,354489,869.4,869.4,,249209442.2,249209442.2,,0.0,3,SUR,-0.65,
TQBR,2024-04-04,ПИК ао,PIKK,15792,477303830.2,865.1,855.3,876.3,876.3,864.7,869.6,551958,864.1,864.1,,424293469.6,424293469.6,,0.0,3,SUR,0.51,
TQBR,2024-04-05,ПИК ао,PIKK,10236,365567618.1,869.0,858.7,876.0,868.0,864.0,868.9,423118,863.6,863.6,,309923953.5,309923953.5,,0.0,3,SUR,-0.08,
TQBR,2024-04-08,ПИК ао,PIKK,10265,324612445.8,868.0,866.9,888.7,881.3,879.6,884.3,369057,878.2,878.2,,258794395.7,258794395.7,,0.0,3,SUR,1.77,
TQBR,2024-04-09,ПИК ао,PIKK,15673,586128359.2,888.5,869.4,899.8,879.1,885.2,869.7,662157,887.6,887.6,,488917991.4,488917991.4,,0.0,3,SUR,-1.65,
TQBR,2024-04-10,ПИК ао,PIKK,6056,202075711.5,872.6,867.2,884.4,881.4,876.6,884.4,230521,875.1,875.1,,139504709.1,139504709.1,,0.0,3,SUR,1.69,
TQBR,2024-04-11,ПИК ао,PIKK,4809,89697965.1,886.0,874.2,886.0,882.0,879.3,878.3,102015,879.2,879.2,,81716159.0,81716159.0,,0.0,3,SUR,-0.69,
TQBR,2024-04-12,ПИК ао,PIKK,5673,143409598.7,875.5,874.1,883.5,878.5,880.2,879.7,162920,880.3,880.3,,113079175.6,113079175.6,,0.0,3,SUR,0.16,
TQBR,2024-04-15,ПИК ао,PIKK,10896,293865103.1,883.6,875.8,894.0,884.2,885.1,892.5,331997,885.0,885.0,,244181353.4,244181353.4,,0.0,3,SUR,1.46,
TQBR,2024-04-16,ПИК ао,PIKK,8143,256144145.1,892.0,874.8,892.5,881.2,882.0,882.4,290411,882.2,882.2,,227844738.6,227844738.6,,0.0,3,SUR,-1.13,
TQBR,2024-04-17,ПИК ао,PIKK,14169,384157376.6,882.4,854.8,882.5,861.4,864.3,859.6,444483,866.3,866.3,,289074265.8,289074265.8,,0.0,3,SUR,-2.58,
TQBR,2024-04-18,ПИК ао,PIKK,9886,307541414.1,859.6,849.3,874.8,869.6,860.5,869.7,357412,859.6,859.6,,283709220.5,283709220.5,,0.0,3,SUR,1.17,
TQBR,2024-04-19,ПИК ао,PIKK,4696,100939896.7,867.0,862.9,874.3,871.0,869.4,871.0,116104,868.8,868.8,,80057952.9,80057952.9,,0.0,3,SUR,0.15,
TQBR,2024-04-22,ПИК ао,PIKK,9502,232159355.4,871.1,861.1,883.9,872.8,871.3,874.0,266437,871.3,871.3,,219598986.2,219598986.2,,0.0,3,SUR,0.34,
TQBR,2024-04-23,ПИК ао,PIKK,10581,288474141.2,878.0,851.1,878.0,858.0,859.5,857.0,335558,859.9,859.9,,271890243.4,271890243.4,,0.0,3,SUR,-1.95,
TQBR,2024-04-24,ПИК ао,PIKK,17640,371716535.3,856.0,843.5,869.0,860.2,854.4,863.4,435055,854.1,854.1,,356360595.5,356360595.5,,0.0,3,SUR,0.75,
TQBR,2024-04-25,ПИК ао,PIKK,6614,133852372.3,863.3,850.7,866.9,862.4,857.3,858.2,156130,857.0,857.0,,94224357.6,94224357.6,,0.0,3,SUR,-0.6,
TQBR,2024-04-26,ПИК ао,PIKK,8476,202940422.3,855.0,841.0,859.7,848.7,849.1,847.7,239010,849.1,849.1,,184943831.9,184943831.9,,0.0,3,SUR,-1.22,
TQBR,2024-04-27,ПИК ао,PIKK,3826,106367461.9,850.6,847.7,861.9,848.4,855.9,857.4,124279,856.1,856.1,,95191480.3,95191480.3,,0.0,3,SUR,1.14,
TQBR,2024-04-29,ПИК ао,PIKK,2763,45844489.5,857.3,847.1,861.5,850.2,851.7,848.0,53826,851.8,851.8,,39011863.6,39011863.6,,0.0,3,SUR,-1.1,
TQBR,2024-04-30,ПИК ао,PIKK,4474,122635728.2,848.0,842.7,861.0,857.8,852.7,861.0,143813,851.8,851.8,,104408241.1,104408241.1,,0.0,3,SUR,1.53,
TQBR,2024-05-02,ПИК ао,PIKK,9307,229465318.5,860.0,844.1,860.0,853.9,849.8,850.0,270038,849.5,849.5,,209862529.7,209862529.7,,0.0,3,SUR,-1.28,
TQBR,2024-05-03,ПИК ао,PIKK,8157,219528637.8,850.1,841.1,855.0,843.2,846.2,841.3,259423,846.9,846.9,,183623495.2,183623495.2,,0.0,3,SUR,-1.02,
TQBR,2024-05-06,ПИК ао,PIKK,18421,340225803.9,841.1,823.6,848.5,842.8,836.2,837.6,406875,836.0,836.0,,315324217.7,315324217.7,,0.0,3,SUR,-0.44,
TQBR,2024-05-07,ПИК ао,PIKK,9243,181942030.1,837.0,837.0,851.7,848.1,843.4,849.0,215712,843.2,843.2,,171235255.5,171235255.5,,0.0,3,SUR,1.36,
TQBR,2024-05-08,ПИК ао,PIKK,8459,154409078.9,851.9,840.4,853.6,841.4,845.7,840.9,182581,846.0,846.0,,141546850.4,141546850.4,,0.0,3,SUR,-0.95,
TQBR,2024-05-10,ПИК ао,PIKK,2293,57272462.0,840.0,839.3,849.2,843.5,843.7,843.5,67882,843.8,843.8,,46734099.7,46734099.7,,0.0,3,SUR,0.31,
TQBR,2024-05-13,ПИК ао,PIKK,6326,141419242.5,843.5,835.0,846.8,837.0,838.2,835.4,168724,838.4,838.4,,128135839.6,128135839.6,,0.0,3,SUR,-0.96,
TQBR,2024-05-14,ПИК ао,PIKK,12408,145285909.8,835.1,835.1,844.3,838.9,838.7,838.5,173231,838.6,838.6,,134003985.6,134003985.6,,0.0,3,SUR,0.37,
TQBR,2024-05-15,ПИК ао,PIKK,8640,160501224.2,836.5,831.5,840.9,835.1,835.4,833.5,192114,835.5,835.5,,147840509.6,147840509.6,,0.0,3,SUR,-0.6,
TQBR,2024-05-16,ПИК ао,PIKK,20002,420027265.8,833.5,812.1,837.1,813.2,824.0,835.9,509746,821.1,821.1,,209118482.9,209118482.9,,0.0,3,SUR,0.29,
TQBR,2024-05-17,ПИК ао,PIKK,51123,1567474615.1,840.0,837.1,873.0,866.7,858.9,873.0,1824906,857.9,857.9,,1430052247.4,1430052247.4,,0.0,3,SUR,4.44,
TQBR,2024-05-20,ПИК ао,PIKK,15438,484846281.3,873.5,840.0,876.5,845.0,853.3,845.4,568206,854.7,854.7,,425060437.7,425060437.7,,0.0,3,SUR,-3.16,
TQBR,2024-05-21,ПИК ао,PIKK,11511,267256920.3,842.3,821.3,850.0,825.4,831.9,829.8,321278,832.8,832.8,,230263478.2,230263478.2,,0.0,3,SUR,-1.85,
TQBR,2024-05-22,ПИК ао,PIKK,16481,356338248.7,830.2,822.1,856.6,852.3,843.8,844.4,422283,843.5,843.5,,310554861.8,310554861.8,,0.0,3,SUR,1.76,
TQBR,2024-05-23,ПИК ао,PIKK,29088,678712562.0,841.3,829.2,869.9,869.9,854.6,863.0,794603,853.4,853.4,,625082906.9,625082906.9,,0.0,3,SUR,2.2,
TQBR,2024-05-24,ПИК ао,PIKK,27769,698662417.9,863.1,851.0,872.6,868.6,865.0,869.1,807726,864.8,864.8,,665741813.4,665741813.4,,0.0,3,SUR,0.71,
TQBR,2024-05-27,ПИК ао,PIKK,21138,612024283.8,866.6,842.0,880.0,851.8,863.6,845.0,708715,865.5,865.5,,534754425.0,534754425.0,,0.0,3,SUR,-2.77,
TQBR,2024-05-28,ПИК ао,PIKK,7674,239214355.1,847.9,841.7,871.9,860.9,861.1,866.5,277813,860.0,860.0,,188815029.9,188815029.9,,0.0,3,SUR,2.54,
TQBR,2024-05-29,ПИК ао,PIKK,9071,297880302.0,865.0,858.4,879.7,869.6,870.8,879.7,342073,868.4,868.4,,215625232.5,215625232.5,,0.0,3,SUR,1.52,
TQBR,2024-05-30,ПИК ао,PIKK,12148,411731818.7,880.5,848.3,889.0,859.5,870.2,861.1,473128,876.5,876.5,,296152324.3,296152324.3,,0.0,3,SUR,-2.11,
TQBR,2024-05-31,ПИК ао,PIKK,14524,431822396.4,860.3,823.2,863.4,842.8,844.6,838.0,511295,847.8,847.8,,260384555.7,260384555.7,,0.0,3,SUR,-2.68,
TQBR,2024-06-03,ПИК ао,PIKK,21741,593167564.0,846.0,812.5,848.0,838.1,831.2,834.8,713657,830.4,830.4,,533036942.8,533036942.8,,0.0,3,SUR,-0.38,
TQBR,2024-06-04,ПИК ао,PIKK,15416,305839736.4,834.2,825.7,852.0,844.0,840.4,842.8,363901,839.9,839.9,,278442792.7,278442792.7,,0.0,3,SUR,0.96,
TQBR,2024-06-05,ПИК ао,PIKK,8004,200127313.3,842.8,828.7,849.9,837.0,837.9,830.6,238835,838.4,838.4,,179823533.0,179823533.0,,0.0,3,SUR,-1.45,
TQBR,2024-06-06,ПИК ао,PIKK,7214,140856485.2,832.0,825.7,841.8,833.6,833.0,833.3,169097,832.9,832.9,,125198269.7,125198269.7,,0.0,3,SUR,0.33,
TQBR,2024-06-07,ПИК ао,PIKK,15851,464824186.5,831.5,831.5,878.9,860.0,856.2,854.4,542868,856.4,856.4,,422264899.2,422264899.2,,0.0,3,SUR,2.53,
TQBR,2024-06-10,ПИК ао,PIKK,9366,296823614.5,857.2,826.4,861.9,831.2,841.1,836.7,352902,843.7,843.7,,212704820.9,212704820.9,,0.0,3,SUR,-2.07,
TQBR,2024-06-11,ПИК ао,PIKK,11686,389798244.9,836.5,816.4,847.8,825.0,826.6,824.5,471551,826.6,826.6,,376092794.5,376092794.5,,0.0,3,SUR,-1.46,
TQBR,2024-06-13,ПИК ао,PIKK,44148,989950884.3,805.0,790.9,858.9,854.9,844.1,856.1,1172827,843.4,843.4,,932879907.8,932879907.8,,0.0,3,SUR,3.83,
TQBR,2024-06-14,ПИК ао,PIKK,20683,483298965.8,859.0,843.0,869.0,864.8,854.7,859.1,565430,854.1,854.1,,445552157.5,445552157.5,,0.0,3,SUR,0.35,
TQBR,2024-06-17,ПИК ао,PIKK,13968,304708620.8,857.0,849.8,868.8,857.7,860.4,855.4,354128,861.0,861.0,,266158593.5,266158593.5,,0.0,3,SUR,-0.43,
TQBR,2024-06-18,ПИК ао,PIKK,10355,286548520.5,853.3,845.5,858.7,847.8,850.5,848.0,336899,851.0,851.0,,237390129.4,237390129.4,,0.0,3,SUR,-0.87,
TQBR,2024-06-19,ПИК ао,PIKK,22268,760057040.8,847.2,842.8,873.1,858.1,858.0,866.7,885800,855.9,855.9,,569582305.8,569582305.8,,0.0,3,SUR,2.21,
TQBR,2024-06-20,ПИК ао,PIKK,72588,2974849748.9,869.3,863.3,959.4,915.8,916.8,921.0,3244887,916.7,916.7,,2850657441.6,2850657441.6,,0.0,3,SUR,6.27,
TQBR,2024-06-21,ПИК ао,PIKK,45976,1982477675.0,923.0,905.8,961.9,949.9,939.1,955.5,2113511,934.5,934.5,,1573394093.3,1573394093.3,,0.0,3,SUR,3.75,
TQBR,2024-06-24,ПИК ао,PIKK,78687,2809579171.1,956.4,931.6,994.9,942.0,964.4,938.5,2913443,966.7,966.7,,2574148290.3,2574148290.3,,0.0,3,SUR,-1.78,
TQBR,2024-06-25,ПИК ао,PIKK,22790,786727110.8,936.0,925.5,952.0,934.1,937.2,940.4,839480,937.0,937.0,,691391979.6,691391979.6,,0.0,3,SUR,0.2,
TQBR,2024-06-26,ПИК ао,PIKK,24122,904243294.4,940.7,906.8,943.8,910.0,920.3,915.0,982502,921.3,921.3,,805859451.1,805859451.1,,0.0,3,SUR,-2.7,
TQBR,2024-06-27,ПИК ао,PIKK,22877,497649549.0,915.0,902.0,915.0,906.6,907.9,904.5,548105,908.4,908.4,,437454629.5,437454629.5,,0.0,3,SUR,-1.15,
TQBR,2024-06-28,ПИК ао,PIKK,13090,334972088.4,904.5,892.1,914.5,898.1,902.0,899.9,371350,902.5,902.5,,272083379.7,272083379.7,,0.0,3,SUR,-0.51,
TQBR,2024-07-01,ПИК ао,PIKK,11931,419843057.2,898.1,875.0,904.0,880.4,882.3,878.9,475870,882.5,882.5,,382460771.2,382460771.2,,0.0,3,SUR,-2.33,
TQBR,2024-07-02,ПИК ао,PIKK,14808,514187563.6,877.5,868.9,895.0,875.0,879.7,881.0,584520,879.9,879.9,,473135463.6,473135463.6,,0.0,3,SUR,0.24,
TQBR,2024-07-03,ПИК ао,PIKK,11238,285844935.9,880.1,855.0,884.1,859.5,868.0,855.1,329318,870.4,870.4,,235782399.6,235782399.6,,0.0,3,SUR,-2.94,
TQBR,2024-07-04,ПИК ао,PIKK,13772,461508698.3,854.0,836.1,867.8,836.2,849.2,840.9,543454,850.8,850.8,,393891873.9,393891873.9,,0.0,3,SUR,-1.66,
TQBR,2024-07-05,ПИК ао,PIKK,23211,533897124.7,839.9,828.6,858.5,844.7,845.8,849.9,631203,845.6,845.6,,495705788.5,495705788.5,,0.0,3,SUR,1.07,
TQBR,2024-07-08,ПИК ао,PIKK,35028,571272612.2,849.5,817.0,853.3,821.0,828.8,830.3,689350,828.2,828.2,,424836450.0,424836450.0,,0.0,3,SUR,-2.31,
TQBR,2024-07-09,ПИК ао,PIKK,34038,810589251.5,827.6,823.2,848.5,833.5,837.9,832.5,967365,838.2,838.2,,747662663.5,747662663.5,,0.0,3,SUR,0.26,
TQBR,2024-07-10,ПИК ао,PIKK,14531,563572045.8,832.1,817.9,844.9,832.1,831.3,823.9,677911,836.1,836.1,,347747785.7,347747785.7,,0.0,3,SUR,-1.03,
TQBR,2024-07-11,ПИК ао,PIKK,12225,431997109.9,824.0,822.4,864.8,859.2,846.5,853.9,510358,844.2,844.2,,374417795.5,374417795.5,,0.0,3,SUR,3.64,
TQBR,2024-07-12,ПИК ао,PIKK,9412,321683846.8,854.8,836.9,872.0,858.8,853.9,867.0,376718,853.3,853.3,,292134317.2,292134317.2,,0.0,3,SUR,1.53,
TQBR,2024-07-15,ПИК ао,PIKK,8969,327911451.5,867.0,845.4,870.0,847.5,852.3,854.2,384749,852.4,852.4,,295508234.5,295508234.5,,0.0,3,SUR,-1.48,
TQBR,2024-07-16,ПИК ао,PIKK,14894,430315557.5,859.9,844.7,874.5,860.0,859.7,861.8,500562,859.4,859.4,,373020155.2,373020155.2,,0.0,3,SUR,0.89,
TQBR,2024-07-17,ПИК ао,PIKK,12641,246067799.7,862.6,860.0,877.5,861.4,868.4,862.0,283363,868.9,868.9,,227379174.3,227379174.3,,0.0,3,SUR,0.02,
TQBR,2024-07-18,ПИК ао,PIKK,7262,173488651.6,862.0,849.2,869.6,864.6,860.9,866.0,201526,859.6,859.6,,147713271.3,147713271.3,,0.0,3,SUR,0.46,
TQBR,2024-07-19,ПИК ао,PIKK,5151,161966845.2,866.5,861.8,877.8,872.9,870.0,871.6,186178,869.8,869.8,,146409473.6,146409473.6,,0.0,3,SUR,0.65,
TQBR,2024-07-22,ПИК ао,PIKK,9249,248023805.8,872.5,856.0,879.1,860.1,866.4,859.1,286283,866.8,866.8,,234461837.3,234461837.3,,0.0,3,SUR,-1.43,
TQBR,2024-07-23,ПИК ао,PIKK,4857,147188877.3,858.2,847.1,861.7,853.0,852.5,855.3,172656,852.1,852.1,,133981796.6,133981796.6,,0.0,3,SUR,-0.44,
TQBR,2024-07-24,ПИК ао,PIKK,5165,103679154.1,855.3,841.1,856.0,850.8,848.3,846.2,122218,848.5,848.5,,89656872.0,89656872.0,,0.0,3,SUR,-1.06,
TQBR,2024-07-25,ПИК ао,PIKK,4328,91355978.6,846.2,837.7,853.0,848.5,846.2,845.4,107957,846.1,846.1,,80998989.2,80998989.2,,0.0,3,SUR,-0.09,
TQBR,2024-07-26,ПИК ао,PIKK,27607,1101515033.1,845.4,776.9,862.1,808.7,805.6,799.0,1367263,828.9,828.9,,480505913.0,480505913.0,,0.0,3,SUR,-5.49,
TQBR,2024-07-29,ПИК ао,PIKK,18613,701694289.3,780.7,756.0,788.3,760.0,766.4,763.0,915580,766.7,766.7,,641290140.4,641290140.4,,0.0,3,SUR,-4.51,
TQBR,2024-07-30,ПИК ао,PIKK,22056,909554206.9,763.0,743.3,773.6,750.4,755.1,747.2,1204486,755.9,755.9,,814050198.0,814050198.0,,0.0,3,SUR,-2.07,
TQBR,2024-07-31,ПИК ао,PIKK,11012,373309317.3,749.9,743.0,764.9,756.0,753.6,761.0,495356,753.4,753.4,,333060617.8,333060617.8,,0.0,3,SUR,1.85,
TQBR,2024-08-01,ПИК ао,PIKK,6565,182191476.6,757.7,751.3,771.3,754.9,761.2,754.7,239356,762.7,762.7,,146969687.9,146969687.9,,0.0,3,SUR,-0.83,
TQBR,2024-08-02,ПИК ао,PIKK,8273,147335817.0,754.4,745.3,760.4,749.7,751.3,754.1,196099,750.8,750.8,,126678327.3,126678327.3,,0.0,3,SUR,-0.08,
TQBR,2024-08-05,ПИК ао,PIKK,10330,363362336.1,748.3,739.0,759.5,749.0,746.4,748.9,486809,746.1,746.1,,324681545.0,324681545.0,,0.0,3,SUR,-0.69,
TQBR,2024-08-06,ПИК ао,PIKK,7229,219644816.2,759.0,750.1,766.6,756.7,758.4,757.5,289610,758.5,758.5,,202560394.6,202560394.6,,0.0,3,SUR,1.15,
TQBR,2024-08-07,ПИК ао,PIKK,10723,425678861.8,757.5,748.0,795.5,771.9,768.7,778.1,553797,761.3,761.3,,262760349.9,262760349.9,,0.0,3,SUR,2.72,
TQBR,2024-08-08,ПИК ао,PIKK,6280,139496226.3,778.0,765.2,783.0,768.8,772.6,769.1,180565,773.5,773.5,,119246624.1,119246624.1,,0.0,3,SUR,-1.16,
TQBR,2024-08-09,ПИК ао,PIKK,7611,181609846.2,766.0,762.7,787.5,779.5,779.2,784.9,233081,778.2,778.2,,146686577.2,146686577.2,,0.0,3,SUR,2.05,
TQBR,2024-08-12,ПИК ао,PIKK,8221,227894049.3,787.6,774.2,800.8,783.1,784.6,795.5,290445,782.4,782.4,,181919228.1,181919228.1,,0.0,3,SUR,1.35,
TQBR,2024-08-13,ПИК ао,PIKK,12398,325035566.3,796.0,790.3,815.0,806.0,804.2,811.1,404180,803.0,803.0,,270328806.6,270328806.6,,0.0,3,SUR,1.96,
TQBR,2024-08-14,ПИК ао,PIKK,13654,495600798.8,808.6,777.0,811.1,783.8,788.9,780.6,628254,791.0,791.0,,388695110.9,388695110.9,,0.0,3,SUR,-3.76,
TQBR,2024-08-15,ПИК ао,PIKK,7453,236792728.2,784.0,763.5,784.0,772.8,772.3,772.7,306619,772.2,772.2,,214990870.2,214990870.2,,0.0,3,SUR,-1.01,
TQBR,2024-08-16,ПИК ао,PIKK,5873,157451720.7,772.7,765.7,784.2,778.3,775.9,777.8,202927,775.6,775.6,,122215182.6,122215182.6,,0.0,3,SUR,0.66,
TQBR,2024-08-19,ПИК ао,PIKK,14126,518909320.5,777.9,745.1,780.0,750.2,754.6,752.7,687631,755.0,755.0,,468798001.4,468798001.4,,0.0,3,SUR,-3.23,
TQBR,2024-08-20,ПИК ао,PIKK,7397,245711900.7,752.8,740.0,753.8,746.5,747.2,745.3,328864,747.3,747.3,,224260387.6,224260387.6,,0.0,3,SUR,-0.98,
TQBR,2024-08-21,ПИК ао,PIKK,14708,329882219.8,745.0,740.0,763.9,758.2,750.8,761.1,439379,750.3,750.3,,308357881.2,308357881.2,,0.0,3,SUR,2.12,
TQBR,2024-08-22,ПИК ао,PIKK,11231,375756565.0,761.5,718.8,762.8,729.0,739.7,732.9,507976,740.8,740.8,,333316824.2,333316824.2,,0.0,3,SUR,-3.71,
TQBR,2024-08-23,ПИК ао,PIKK,9114,264413108.6,728.4,722.5,740.0,730.5,730.1,731.7,362152,729.8,729.8,,227523803.8,227523803.8,,0.0,3,SUR,-0.16,
TQBR,2024-08-26,ПИК ао,PIKK,9824,243937442.4,739.1,725.1,751.7,732.0,735.3,743.4,331754,733.7,733.7,,192720320.0,192720320.0,,0.0,3,SUR,1.6,
TQBR,2024-08-27,ПИК ао,PIKK,6362,150809721.3,743.4,728.0,745.7,739.9,736.0,737.0,204911,735.9,735.9,,122387716.4,122387716.4,,0.0,3,SUR,-0.86,
TQBR,2024-08-28,ПИК ао,PIKK,7956,226993965.4,736.9,718.0,740.6,723.9,726.7,727.0,312367,726.7,726.7,,214310938.4,214310938.4,,0.0,3,SUR,-1.36,
TQBR,2024-08-29,ПИК ао,PIKK,15156,563939613.3,726.3,687.6,730.0,699.2,704.0,699.1,801041,704.3,704.3,,445658633.9,445658633.9,,0.0,3,SUR,-3.84,
TQBR,2024-08-30,ПИК ао,PIKK,13739,395693016.7,698.9,671.5,698.9,681.0,682.5,676.6,579780,684.7,684.7,,272290655.4,272290655.4,,0.0,3,SUR,-3.22,
TQBR,2024-09-02,ПИК ао,PIKK,21923,603098571.7,670.0,614.1,676.6,629.4,644.5,621.7,935737,649.8,649.8,,497521997.4,497521997.4,,0.0,3,SUR,-8.11,
TQBR,2024-09-03,ПИК ао,PIKK,28156,813299552.9,621.7,615.1,650.5,635.2,635.3,636.6,1280168,635.3,635.3,,765494472.3,765494472.3,,0.0,3,SUR,2.4,
TQBR,2024-09-04,ПИК ао,PIKK,13040,295483325.3,636.6,631.3,682.4,661.2,651.9,679.7,453241,642.8,642.8,,199052146.7,199052146.7,,0.0,3,SUR,6.77,
TQBR,2024-09-05,ПИК ао,PIKK,13377,405894511.7,682.6,656.8,686.5,660.2,669.0,663.3,606698,669.5,669.5,,375626509.3,375626509.3,,0.0,3,SUR,-2.41,
TQBR,2024-09-06,ПИК ао,PIKK,6699,180309912.5,667.0,655.4,676.7,666.6,665.0,671.0,271155,664.3,664.3,,158602990.3,158602990.3,,0.0,3,SUR,1.16,
TQBR,2024-09-09,ПИК ао,PIKK,10755,350535044.8,671.0,668.2,715.0,688.0,691.9,706.3,506595,677.5,677.5,,166891471.2,166891471.2,,0.0,3,SUR,5.26,
TQBR,2024-09-10,ПИК ао,PIKK,20686,531129488.0,705.0,665.0,721.0,671.6,687.0,666.3,773074,690.6,690.6,,448083096.4,448083096.4,,0.0,3,SUR,-5.66,
TQBR,2024-09-11,ПИК ао,PIKK,29239,888683098.5,665.6,625.2,670.8,642.5,642.0,626.7,1384221,645.8,645.8,,653966498.0,653966498.0,,0.0,3,SUR,-5.94,
TQBR,2024-09-12,ПИК ао,PIKK,30043,897300021.4,623.7,614.3,639.6,629.6,628.7,637.5,1427265,627.7,627.7,,778697032.1,778697032.1,,0.0,3,SUR,1.72,
TQBR,2024-09-13,ПИК ао,PIKK,47870,1850930136.6,637.5,595.9,647.7,628.0,615.6,634.7,3006853,614.3,614.3,,1669434074.0,1669434074.0,,0.0,3,SUR,-0.44,
TQBR,2024-09-16,ПИК ао,PIKK,23664,793793494.1,638.0,611.0,642.8,625.0,625.5,638.8,1269045,623.1,623.1,,625198591.6,625198591.6,,0.0,3,SUR,0.65,
TQBR,2024-09-17,ПИК ао,PIKK,13570,443002171.5,637.8,626.0,644.5,637.7,634.1,636.4,698605,633.0,633.0,,364094422.9,364094422.9,,0.0,3,SUR,-0.38,
TQBR,2024-09-18,ПИК ао,PIKK,24601,760485484.4,636.2,636.1,654.5,647.9,645.6,644.0,1178020,645.6,645.6,,680726774.9,680726774.9,,0.0,3,SUR,1.19,
TQBR,2024-09-19,ПИК ао,PIKK,13703,448193197.3,643.6,633.3,648.7,636.3,640.3,637.3,699983,640.4,640.4,,425396271.7,425396271.7,,0.0,3,SUR,-1.04,
TQBR,2024-09-20,ПИК ао,PIKK,15191,483048150.5,638.1,635.3,667.9,645.9,650.9,660.4,742176,649.0,649.0,,357492214.0,357492214.0,,0.0,3,SUR,3.62,
TQBR,2024-09-23,ПИК ао,PIKK,37150,920204807.1,665.0,639.1,669.8,642.3,647.6,647.0,1420701,648.0,648.0,,824461496.1,824461496.1,,0.0,3,SUR,-2.03,
TQBR,2024-09-24,ПИК ао,PIKK,15215,597329178.3,647.0,637.8,656.0,651.6,648.2,649.4,921460,647.3,647.3,,486775344.3,486775344.3,,0.0,3,SUR,0.37,
TQBR,2024-09-25,ПИК ао,PIKK,19638,614156530.5,650.3,624.2,652.8,632.0,636.8,628.5,964478,639.2,639.2,,465986262.5,465986262.5,,0.0,3,SUR,-3.22,
TQBR,2024-09-26,ПИК ао,PIKK,27854,619581280.1,623.9,621.4,644.0,639.6,634.4,634.1,976620,633.3,633.3,,464447767.9,464447767.9,,0.0,3,SUR,0.89,
TQBR,2024-09-27,ПИК ао,PIKK,19893,672282583.3,634.1,633.5,655.0,652.4,646.9,655.0,1039218,646.3,646.3,,611186441.7,611186441.7,,0.0,3,SUR,3.3,
TQBR,2024-09-30,ПИК ао,PIKK,10457,306572824.8,655.7,644.4,660.3,654.6,653.0,648.2,469459,654.3,654.3,,245661668.6,245661668.6,,0.0,3,SUR,-1.04,
TQBR,2024-10-01,ПИК ао,PIKK,8793,303548549.3,647.6,633.9,652.3,638.5,641.8,639.6,472987,642.3,642.3,,265308310.9,265308310.9,,0.0,3,SUR,-1.33,
TQBR,2024-10-02,ПИК ао,PIKK,14112,362977532.5,639.0,618.0,643.0,620.5,625.9,619.9,579946,627.0,627.0,,290301276.4,290301276.4,,0.0,3,SUR,-3.08,
TQBR,2024-10-03,ПИК ао,PIKK,24588,970336797.8,617.0,611.7,638.1,629.0,625.5,637.8,1551419,625.0,625.0,,915940510.8,915940510.8,,0.0,3,SUR,2.89,
TQBR,2024-10-04,ПИК ао,PIKK,8133,228765128.5,639.0,624.4,640.7,632.5,631.9,631.9,362042,631.9,631.9,,203985510.9,203985510.9,,0.0,3,SUR,-0.93,
TQBR,2024-10-07,ПИК ао,PIKK,17310,473555910.6,631.3,618.3,635.7,630.0,626.3,633.3,756075,625.7,625.7,,434283437.2,434283437.2,,0.0,3,SUR,0.22,
TQBR,2024-10-08,ПИК ао,PIKK,5553,141903424.6,631.3,626.4,634.8,632.9,630.9,633.4,224921,630.3,630.3,,112558230.5,112558230.5,,0.0,3,SUR,0.02,
TQBR,2024-10-09,ПИК ао,PIKK,5280,148879449.9,632.0,626.4,636.8,630.5,630.4,636.0,236166,629.2,629.2,,104909068.9,104909068.9,,0.0,3,SUR,0.41,
TQBR,2024-10-10,ПИК ао,PIKK,10390,276952747.0,635.4,632.5,643.0,636.4,638.4,639.3,433811,638.0,638.0,,216730698.9,216730698.9,,0.0,3,SUR,0.52,
TQBR,2024-10-11,ПИК ао,PIKK,7674,247688582.3,639.5,634.4,645.9,644.0,641.2,641.2,386300,640.7,640.7,,190772113.8,190772113.8,,0.0,3,SUR,0.3,
TQBR,2024-10-14,ПИК ао,PIKK,11263,317095341.0,641.8,636.8,654.0,647.5,645.3,651.7,491423,644.9,644.9,,293887750.5,293887750.5,,0.0,3,SUR,1.64,
TQBR,2024-10-15,ПИК ао,PIKK,8199,268290782.6,651.7,649.0,660.0,652.9,654.0,656.0,410202,653.9,653.9,,244262671.8,244262671.8,,0.0,3,SUR,0.66,
TQBR,2024-10-16,ПИК ао,PIKK,9253,338777422.8,658.0,640.0,665.0,643.0,652.4,644.3,519300,653.4,653.4,,306231219.7,306231219.7,,0.0,3,SUR,-1.78,
TQBR,2024-10-17,ПИК ао,PIKK,8582,243081137.0,642.4,635.1,644.0,637.4,637.9,636.6,381050,637.9,637.9,,186150971.9,186150971.9,,0.0,3,SUR,-1.2,
TQBR,2024-10-18,ПИК ао,PIKK,10679,262014583.6,635.9,631.7,644.3,636.3,635.8,638.2,412075,635.0,635.0,,217018004.7,217018004.7,,0.0,3,SUR,0.25,
TQBR,2024-10-21,ПИК ао,PIKK,4246,78067759.0,638.0,634.4,643.5,634.7,638.7,637.8,122236,638.9,638.9,,63408971.0,63408971.0,,0.0,3,SUR,-0.06,
TQBR,2024-10-22,ПИК ао,PIKK,9982,344859998.6,634.5,610.1,637.7,620.9,622.7,615.4,553853,627.2,627.2,,214629008.4,214629008.4,,0.0,3,SUR,-3.51,
TQBR,2024-10-23,ПИК ао,PIKK,10516,333878666.2,614.8,601.0,614.8,610.6,608.5,604.1,548693,609.8,609.8,,242430725.2,242430725.2,,0.0,3,SUR,-1.84,
TQBR,2024-10-24,ПИК ао,PIKK,11620,322467374.6,603.5,592.4,610.4,604.0,599.8,603.2,537662,599.4,599.4,,294406808.6,294406808.6,,0.0,3,SUR,-0.15,
TQBR,2024-10-25,ПИК ао,PIKK,30213,916932033.9,601.3,570.6,625.0,581.2,589.5,584.6,1555312,589.8,589.8,,750353369.8,750353369.8,,0.0,3,SUR,-3.08,
TQBR,2024-10-28,ПИК ао,PIKK,16519,503606596.2,577.0,557.9,582.9,565.9,568.9,573.2,885213,568.6,568.6,,415135979.9,415135979.9,,0.0,3,SUR,-1.95,
TQBR,2024-10-29,ПИК ао,PIKK,12625,390083563.2,570.2,562.0,583.9,563.8,570.6,569.1,683620,570.9,570.9,,320635107.3,320635107.3,,0.0,3,SUR,-0.72,
TQBR,2024-10-30,ПИК ао,PIKK,31852,1020182856.0,571.0,517.8,574.3,546.5,540.5,522.3,1887462,552.0,552.0,,550394465.9,550394465.9,,0.0,3,SUR,-8.22,
TQBR,2024-10-31,ПИК ао,PIKK,55277,1687004069.0,520.3,491.2,524.6,506.0,505.0,492.9,3340523,509.8,509.8,,1159241606.4,1159241606.4,,0.0,3,SUR,-5.63,
TQBR,2024-11-01,ПИК ао,PIKK,68515,2743389853.4,493.0,470.0,505.0,492.7,485.8,496.5,5647676,484.0,484.0,,2318771227.2,2318771227.2,,0.0,3,SUR,0.73,
TQBR,2024-11-02,ПИК ао,PIKK,22727,963254801.4,500.0,483.0,504.7,487.9,493.1,501.4,1953565,492.0,492.0,,761619582.1,761619582.1,,0.0,3,SUR,0.99,
TQBR,2024-11-05,ПИК ао,PIKK,42991,1051999860.4,501.4,492.1,507.1,498.0,498.9,498.2,2108154,499.1,499.1,,948198804.5,948198804.5,,0.0,3,SUR,-0.64,
TQBR,2024-11-06,ПИК ао,PIKK,34094,1184084272.6,519.9,478.3,519.9,486.0,494.8,483.4,2392907,496.0,496.0,,1048052857.3,1048052857.3,,0.0,3,SUR,-2.97,
TQBR,2024-11-07,ПИК ао,PIKK,37300,1254641019.4,475.0,461.2,489.9,480.1,470.3,489.8,2667800,468.8,468.8,,1099163056.1,1099163056.1,,0.0,3,SUR,1.32,
TQBR,2024-11-08,ПИК ао,PIKK,32702,960258735.9,491.0,477.9,515.0,490.0,492.5,510.2,1949746,485.7,485.7,,574909387.9,574909387.9,,0.0,3,SUR,4.16,
TQBR,2024-11-11,ПИК ао,PIKK,29430,819068235.2,517.0,495.4,520.9,512.0,506.1,514.4,1618368,505.2,505.2,,737395922.6,737395922.6,,0.0,3,SUR,0.82,
TQBR,2024-11-12,ПИК ао,PIKK,36506,1096879344.2,513.9,504.2,530.5,528.8,520.8,527.4,2105949,520.0,520.0,,948983369.4,948983369.4,,0.0,3,SUR,2.53,
TQBR,2024-11-13,ПИК ао,PIKK,46331,1272980419.1,527.5,503.1,538.4,526.0,524.9,504.9,2425200,531.0,531.0,,894988785.1,894988785.1,,0.0,3,SUR,-4.27,
TQBR,2024-11-14,ПИК ао,PIKK,24369,728304057.0,501.2,489.1,509.5,493.0,498.9,493.9,1459787,499.9,499.9,,609896469.6,609896469.6,,0.0,3,SUR,-2.18,
TQBR,2024-11-15,ПИК ао,PIKK,22926,684007652.0,492.2,481.2,495.8,486.9,487.7,491.0,1402572,487.4,487.4,,587972622.3,587972622.3,,0.0,3,SUR,-0.59,
TQBR,2024-11-18,ПИК ао,PIKK,27663,794635944.8,484.9,478.4,506.9,503.3,495.3,492.1,1604464,494.7,494.7,,660988463.5,660988463.5,,0.0,3,SUR,0.22,
TQBR,2024-11-19,ПИК ао,PIKK,17816,509138867.4,492.6,476.0,496.8,478.0,484.8,484.3,1050251,485.1,485.1,,448988598.7,448988598.7,,0.0,3,SUR,-1.59,
TQBR,2024-11-20,ПИК ао,PIKK,17328,485893068.2,483.8,470.6,490.4,479.5,481.0,479.3,1010146,483.1,483.1,,343826897.5,343826897.5,,0.0,3,SUR,-1.03,
TQBR,2024-11-21,ПИК ао,PIKK,15117,442009955.4,478.8,470.0,484.5,473.5,477.2,477.9,926334,477.0,477.0,,337251959.0,337251959.0,,0.0,3,SUR,-0.29,
TQBR,2024-11-22,ПИК ао,PIKK,10584,286613157.1,478.8,466.2,481.6,472.0,471.9,469.0,607416,471.8,471.8,,230946437.5,230946437.5,,0.0,3,SUR,-1.86,
TQBR,2024-11-25,ПИК ао,PIKK,22162,590435773.6,465.0,438.8,468.5,446.0,450.2,445.9,1311386,452.2,452.2,,478937000.3,478937000.3,,0.0,3,SUR,-4.93,
TQBR,2024-11-26,ПИК ао,PIKK,29890,950821065.2,442.0,396.0,445.5,407.8,418.6,407.4,2271630,422.6,422.6,,750038570.4,750038570.4,,0.0,3,SUR,-8.63,
TQBR,2024-11-27,ПИК ао,PIKK,83851,2402724544.2,405.7,356.5,406.9,376.8,380.3,400.0,6318486,377.7,377.7,,1899165448.4,1899165448.4,,0.0,3,SUR,-1.82,
TQBR,2024-11-28,ПИК ао,PIKK,45246,1328279694.1,399.9,376.2,412.5,399.9,390.8,394.8,3398598,386.4,386.4,,932118062.4,932118062.4,,0.0,3,SUR,-1.3,
TQBR,2024-11-29,ПИК ао,PIKK,43342,1367055011.7,393.9,386.2,423.0,412.7,406.3,419.4,3364283,403.6,403.6,,1070671464.5,1070671464.5,,0.0,3,SUR,6.23,
TQBR,2024-12-02,ПИК ао,PIKK,24202,752914974.7,419.4,408.1,434.3,412.5,419.2,410.3,1795910,420.1,420.1,,689858599.6,689858599.6,,0.0,3,SUR,-2.17,
TQBR,2024-12-03,ПИК ао,PIKK,21925,742859990.7,409.1,390.3,414.4,394.2,397.4,396.9,1869099,398.0,398.0,,653495620.1,653495620.1,,0.0,3,SUR,-3.27,
TQBR,2024-12-04,ПИК ао,PIKK,29775,1097569068.5,396.6,375.1,401.8,383.2,388.2,382.2,2827477,391.0,391.0,,822334360.4,822334360.4,,0.0,3,SUR,-3.7,
TQBR,2024-12-05,ПИК ао,PIKK,38093,1120413917.1,379.8,373.0,397.9,389.7,384.0,394.0,2917446,382.6,382.6,,984587761.0,984587761.0,,0.0,3,SUR,3.09,
TQBR,2024-12-06,ПИК ао,PIKK,20738,586834183.0,393.8,382.9,398.4,392.5,390.6,396.3,1502366,390.2,390.2,,529820334.4,529820334.4,,0.0,3,SUR,0.58,
TQBR,2024-12-09,ПИК ао,PIKK,20348,467083191.7,398.3,388.5,403.0,398.5,396.9,397.1,1176685,396.9,396.9,,436436785.1,436436785.1,,0.0,3,SUR,0.2,
TQBR,2024-12-10,ПИК ао,PIKK,19835,459713085.8,396.8,385.0,396.8,386.9,388.5,386.0,1183193,388.7,388.7,,409768521.7,409768521.7,,0.0,3,SUR,-2.8,
TQBR,2024-12-11,ПИК ао,PIKK,17377,502785330.7,386.0,378.5,392.0,384.2,385.3,387.7,1305046,384.9,384.9,,408348491.2,408348491.2,,0.0,3,SUR,0.44,
TQBR,2024-12-12,ПИК ао,PIKK,13920,371919630.9,386.5,376.6,390.7,378.1,383.1,378.0,970932,383.7,383.7,,324271788.6,324271788.6,,0.0,3,SUR,-2.5,
TQBR,2024-12-13,ПИК ао,PIKK,16173,427309900.6,376.6,367.9,378.2,375.6,372.9,377.6,1145969,372.5,372.5,,359159633.0,359159633.0,,0.0,3,SUR,-0.11,
TQBR,2024-12-16,ПИК ао,PIKK,23942,744200606.6,372.7,357.0,373.7,357.4,363.1,361.5,2049477,363.7,363.7,,612432771.2,612432771.2,,0.0,3,SUR,-4.26,
TQBR,2024-12-17,ПИК ао,PIKK,20368,505725614.6,356.9,352.1,362.3,356.8,356.0,356.3,1420674,355.9,355.9,,449003046.4,449003046.4,,0.0,3,SUR,-1.44,
TQBR,2024-12-18,ПИК ао,PIKK,14656,378925315.7,355.3,355.3,368.8,361.7,361.6,365.8,1048008,359.1,359.1,,232544750.9,232544750.9,,0.0,3,SUR,2.67,
TQBR,2024-12-19,ПИК ао,PIKK,30177,783510446.2,365.5,361.0,373.9,368.7,366.2,371.8,2139390,366.0,366.0,,730007621.4,730007621.4,,0.0,3,SUR,1.64,
TQBR,2024-12-20,ПИК ао,PIKK,94592,3455824981.8,371.5,365.6,439.0,428.0,418.7,439.0,8250045,417.5,417.5,,3089076332.7,3089076332.7,,0.0,3,SUR,18.07,
TQBR,2024-12-23,ПИК ао,PIKK,100092,4667413483.5,453.0,434.0,511.5,463.0,473.0,471.3,9870082,473.3,473.3,,4403805935.2,4403805935.2,,0.0,3,SUR,7.36,
TQBR,2024-12-24,ПИК ао,PIKK,48652,1567774230.8,472.0,442.9,473.0,447.8,455.6,444.1,3441076,456.5,456.5,,1426345510.3,1426345510.3,,0.0,3,SUR,-5.77,
TQBR,2024-12-25,ПИК ао,PIKK,58925,2879848647.7,439.0,424.4,456.7,440.0,441.3,454.0,6526239,438.9,438.9,,2240710211.3,2240710211.3,,0.0,3,SUR,2.23,
TQBR,2024-12-26,ПИК ао,PIKK,40351,1509943545.9,454.0,444.5,466.0,458.3,455.3,446.9,3316546,456.6,456.6,,1230227792.8,1230227792.8,,0.0,3,SUR,-1.56,
TQBR,2024-12-27,ПИК ао,PIKK,23053,805237858.6,445.0,441.9,457.9,448.2,449.9,457.2,1789754,448.0,448.0,,551737251.9,551737251.9,,0.0,3,SUR,2.3,
TQBR,2024-12-28,ПИК ао,PIKK,18268,741359201.6,457.2,453.5,485.0,461.4,463.7,481.2,1598930,459.7,459.7,,474818424.0,474818424.0,,0.0,3,SUR,5.25,
TQBR,2024-12-30,ПИК ао,PIKK,26424,1324535155.6,483.1,477.0,507.8,491.8,491.4,507.8,2695296,489.0,489.0,,1018993051.6,1018993051.6,,0.0,3,SUR,5.53,
TQBR,2025-01-03,ПИК ао,PIKK,21131,979533199.7,515.0,491.8,525.0,499.6,503.2,505.9,1946685,503.2,503.2,,837734837.0,837734837.0,,0.0,3,SUR,-0.37,
TQBR,2025-01-06,ПИК ао,PIKK,21882,838203571.5,497.0,481.7,497.0,486.1,486.3,485.0,1723550,486.3,486.3,,755740463.5,755740463.5,,0.0,3,SUR,-4.13,
TQBR,2025-01-08,ПИК ао,PIKK,22805,744782864.7,482.0,475.0,487.7,483.8,481.5,485.3,1546815,481.2,481.2,,678095829.4,678095829.4,,0.0,3,SUR,0.06,
TQBR,2025-01-09,ПИК ао,PIKK,22041,802754870.6,483.4,468.2,487.9,473.9,475.3,474.5,1689062,475.4,475.4,,722280212.8,722280212.8,,0.0,3,SUR,-2.23,
TQBR,2025-01-10,ПИК ао,PIKK,22383,827511305.8,474.4,473.7,497.5,493.9,485.6,493.8,1704249,484.7,484.7,,725545537.2,725545537.2,,0.0,3,SUR,4.07,
TQBR,2025-01-13,ПИК ао,PIKK,22174,794928277.2,495.0,481.2,511.0,492.1,497.2,483.6,1598939,499.4,499.4,,667242969.4,667242969.4,,0.0,3,SUR,-2.07,
TQBR,2025-01-14,ПИК ао,PIKK,20929,616911763.9,480.5,472.4,498.3,490.9,486.5,496.0,1267966,485.3,485.3,,533786516.6,533786516.6,,0.0,3,SUR,2.56,
TQBR,2025-01-15,ПИК ао,PIKK,31734,1217823559.6,497.5,485.7,529.2,498.5,507.6,528.2,2399015,495.6,495.6,,521760969.4,521760969.4,,0.0,3,SUR,6.49,
TQBR,2025-01-16,ПИК ао,PIKK,89926,4143318443.2,532.0,517.4,569.0,558.5,552.4,558.1,7500636,551.4,551.4,,3599985272.8,3599985272.8,,0.0,3,SUR,5.66,
TQBR,2025-01-17,ПИК ао,PIKK,210910,11388373514.2,557.0,551.7,651.2,630.0,612.9,645.6,18579842,600.8,600.8,,7811435222.7,7811435222.7,,0.0,3,SUR,15.68,
TQBR,2025-01-20,ПИК ао,PIKK,152730,8443233996.5,662.0,615.7,688.2,641.0,649.7,628.7,12995362,654.6,654.6,,6842442758.2,6842442758.2,,0.0,3,SUR,-2.62,
TQBR,2025-01-21,ПИК ао,PIKK,68697,3116637357.8,640.0,622.8,663.0,650.6,641.4,660.8,4859182,639.5,639.5,,2649823939.4,2649823939.4,,0.0,3,SUR,5.11,
TQBR,2025-01-22,ПИК ао,PIKK,68831,3000210740.5,661.1,646.3,683.0,676.6,660.4,652.9,4542807,661.0,661.0,,1736341646.4,1736341646.4,,0.0,3,SUR,-1.2,
TQBR,2025-01-23,ПИК ао,PIKK,98654,4789955440.1,652.0,648.2,700.6,673.5,675.8,695.5,7087682,667.4,667.4,,2580765369.0,2580765369.0,,0.0,3,SUR,6.52,
TQBR,2025-01-24,ПИК ао,PIKK,205903,13209121661.5,699.4,692.3,743.9,729.6,723.6,726.4,18254310,722.1,722.1,,10982084290.8,10982084290.8,,0.0,3,SUR,4.44,
TQBR,2025-01-27,ПИК ао,PIKK,118281,6143990732.5,726.3,692.5,743.0,713.9,716.9,697.9,8569744,719.5,719.5,,3976123534.1,3976123534.1,,0.0,3,SUR,-3.92,
TQBR,2025-01-28,ПИК ао,PIKK,100898,5704749594.5,692.1,675.6,726.4,721.1,703.8,722.2,8105152,703.9,703.9,,3868323155.6,3868323155.6,,0.0,3,SUR,3.48,
TQBR,2025-01-29,ПИК ао,PIKK,74349,3881975972.8,722.2,698.0,725.6,713.8,712.2,705.3,5450586,714.3,714.3,,2094942633.6,2094942633.6,,0.0,3,SUR,-2.34,
TQBR,2025-01-30,ПИК ао,PIKK,41988,2002218562.8,702.9,694.7,712.8,705.0,703.2,699.4,2847339,703.4,703.4,,1650589413.3,1650589413.3,,0.0,3,SUR,-0.84,
TQBR,2025-01-31,ПИК ао,PIKK,45879,2230135967.7,700.0,687.0,717.2,692.9,703.6,694.1,3169797,704.3,704.3,,1906311077.2,1906311077.2,,0.0,3,SUR,-0.76,
TQBR,2025-02-03,ПИК ао,PIKK,41980,2007572581.6,692.0,669.0,693.0,673.8,678.7,678.7,2957918,677.0,677.0,,1175472126.3,1175472126.3,,0.0,3,SUR,-2.22,
TQBR,2025-02-04,ПИК ао,PIKK,25346,1443476846.2,679.0,667.3,687.3,680.0,676.9,672.0,2132391,679.0,679.0,,915728578.0,915728578.0,,0.0,3,SUR,-0.99,
TQBR,2025-02-05,ПИК ао,PIKK,55408,3512992967.6,672.0,650.2,707.2,678.1,673.5,697.2,5216196,663.5,663.5,,2128297332.7,2128297332.7,,0.0,3,SUR,3.75,
TQBR,2025-02-06,ПИК ао,PIKK,31870,1248155017.6,699.9,685.0,705.9,687.2,694.1,687.5,1798124,694.4,694.4,,983589211.3,983589211.3,,0.0,3,SUR,-1.39,
TQBR,2025-02-07,ПИК ао,PIKK,14008,750431109.8,688.0,677.3,692.0,685.6,684.1,685.2,1097040,683.2,683.2,,537378026.1,537378026.1,,0.0,3,SUR,-0.33,
TQBR,2025-02-10,ПИК ао,PIKK,27826,1210265736.8,690.2,678.4,706.2,696.4,695.0,681.8,1741420,694.5,694.5,,479604010.7,479604010.7,,0.0,3,SUR,-0.5,
TQBR,2025-02-11,ПИК ао,PIKK,31277,1360949759.7,685.0,682.3,711.6,707.5,702.4,710.0,1937662,703.4,703.4,,1119624086.6,1119624086.6,,0.0,3,SUR,4.14,
TQBR,2025-02-12,ПИК ао,PIKK,59812,3348150945.5,711.3,700.7,758.0,708.0,727.6,744.0,4601894,717.3,717.3,,1085893765.8,1085893765.8,,0.0,3,SUR,4.79,
TQBR,2025-02-13,ПИК ао,PIKK,42353,2080689211.2,748.1,724.2,778.8,739.5,746.0,740.4,2789270,737.1,737.1,,1435625628.5,1435625628.5,,0.0,3,SUR,-0.48,
TQBR,2025-02-14,ПИК ао,PIKK,151855,8929453832.0,761.0,720.1,828.4,734.5,767.3,742.6,11627472,770.3,770.3,,8107018689.3,8107018689.3,,0.0,3,SUR,0.3,
TQBR,2025-02-17,ПИК ао,PIKK,42750,2067214956.8,751.9,746.0,771.5,750.5,757.8,762.0,2727894,758.1,758.1,,1484688792.3,1484688792.3,,0.0,3,SUR,2.61,
TQBR,2025-02-18,ПИК ао,PIKK,58117,2462909288.3,762.0,698.6,767.4,711.9,729.8,708.3,3374713,731.5,731.5,,1946973424.9,1946973424.9,,0.0,3,SUR,-7.05,
TQBR,2025-02-19,ПИК ао,PIKK,92018,3396944274.0,710.8,671.0,715.7,681.9,686.5,691.1,4944345,684.6,684.6,,2666990110.5,2666990110.5,,0.0,3,SUR,-2.43,
TQBR,2025-02-20,ПИК ао,PIKK,33414,1070640584.7,693.8,676.0,697.4,676.6,685.3,682.9,1562342,685.5,685.5,,811643097.8,811643097.8,,0.0,3,SUR,-1.19,
TQBR,2025-02-21,ПИК ао,PIKK,42950,1910426661.2,684.0,669.4,712.6,706.7,692.3,707.0,2759519,691.3,691.3,,1509942382.9,1509942382.9,,0.0,3,SUR,3.53,
TQBR,2025-02-24,ПИК ао,PIKK,42651,1458325145.3,704.0,690.0,723.0,701.0,705.2,703.7,2067879,703.6,703.6,,1003880752.4,1003880752.4,,0.0,3,SUR,-0.47,
TQBR,2025-02-25,ПИК ао,PIKK,60290,2715257452.0,705.5,685.8,734.8,700.0,708.6,692.2,3826251,713.3,713.3,,2098134537.1,2098134537.1,,0.0,3,SUR,-1.63,
TQBR,2025-02-26,ПИК ао,PIKK,55354,2002035371.0,692.9,661.1,712.0,688.9,686.3,664.0,2916333,688.6,688.6,,1274623177.7,1274623177.7,,0.0,3,SUR,-4.07,
TQBR,2025-02-27,ПИК ао,PIKK,53857,2335760991.7,665.0,636.0,674.8,658.0,653.3,644.8,3574571,653.0,653.0,,1763739578.8,1763739578.8,,0.0,3,SUR,-2.89,
TQBR,2025-02-28,ПИК ао,PIKK,42424,1856156448.3,641.1,637.0,664.5,652.9,651.4,658.6,2849320,649.5,649.5,,1209491223.2,1209491223.2,,0.0,3,SUR,2.14,
TQBR,2025-03-03,ПИК ао,PIKK,35529,1288613546.0,661.2,625.9,666.8,627.8,636.6,637.1,2024087,634.5,634.5,,884479158.2,884479158.2,,0.0,3,SUR,-3.26,2025-03-03
TQBR,2025-03-04,ПИК ао,PIKK,22078,920003386.0,638.4,638.0,669.8,657.6,652.5,666.2,1409898,647.4,647.4,,548636209.4,548636209.4,,0.0,3,SUR,4.57,2025-03-04
TQBR,2025-03-05,ПИК ао,PIKK,44375,1761478155.4,666.3,652.5,696.3,691.7,677.7,668.9,2599295,677.7,677.7,,1078782634.6,1078782634.6,,0.0,3,SUR,0.41,2025-03-05
TQBR,2025-03-06,ПИК ао,PIKK,39664,1799878536.2,668.3,660.9,689.8,666.5,677.1,665.7,2658215,675.9,675.9,,1134643207.6,1134643207.6,,0.0,3,SUR,-0.48,2025-03-06
TQBR,2025-03-07,ПИК ао,PIKK,22084,929456094.1,665.5,650.0,678.3,650.5,665.2,661.2,1397188,665.8,665.8,,675857705.7,675857705.7,,0.0,3,SUR,-0.68,2025-03-07
TQBR,2025-03-10,ПИК ао,PIKK,20528,528610623.4,663.5,648.3,665.9,655.8,655.2,652.1,806738,654.6,654.6,,399314436.0,399314436.0,,0.0,3,SUR,-1.38,2025-03-10
TQBR,2025-03-11,ПИК ао,PIKK,41684,1667618692.7,652.1,628.3,656.0,630.5,637.5,634.4,2615986,637.7,637.7,,1230912522.6,1230912522.6,,0.0,3,SUR,-2.71,2025-03-11
TQBR,2025-03-12,ПИК ао,PIKK,45386,1863508201.8,634.0,605.0,639.4,616.1,614.4,608.8,3033166,612.7,612.7,,1436159860.1,1436159860.1,,0.0,3,SUR,-4.04,2025-03-12
TQBR,2025-03-13,ПИК ао,PIKK,52190,2045327316.6,607.0,590.5,629.0,597.4,604.9,604.5,3381006,597.2,597.2,,853512316.8,853512316.8,,0.0,3,SUR,-0.71,2025-03-13
TQBR,2025-03-14,ПИК ао,PIKK,33668,1080163253.3,601.3,598.0,624.8,622.9,611.4,615.0,1766469,610.9,610.9,,736147817.1,736147817.1,,0.0,3,SUR,1.74,2025-03-14
TQBR,2025-03-17,ПИК ао,PIKK,35576,1229867274.8,615.5,615.3,649.9,645.0,637.4,646.2,1929647,637.3,637.3,,660176970.5,660176970.5,,0.0,3,SUR,5.07,2025-03-17
TQBR,2025-03-18,ПИК ао,PIKK,48387,1579737053.0,649.0,627.1,657.4,639.7,643.7,628.4,2454322,646.5,646.5,,1083713979.8,1083713979.8,,0.0,3,SUR,-2.75,2025-03-18
TQBR,2025-03-19,ПИК ао,PIKK,44126,1349393761.2,629.4,622.0,648.2,638.5,636.7,640.1,2119241,633.4,633.4,,845433623.9,845433623.9,,0.0,3,SUR,1.86,2025-03-19
TQBR,2025-03-20,ПИК ао,PIKK,71060,2073331610.8,642.0,623.0,647.7,630.8,634.0,626.3,3270095,634.6,634.6,,1693771821.3,1693771821.3,,0.0,3,SUR,-2.16,2025-03-20
TQBR,2025-03-21,ПИК ао,PIKK,161423,4801468378.6,627.0,586.0,632.0,587.4,605.5,590.0,7929136,606.6,606.6,,4120187402.4,4120187402.4,,0.0,3,SUR,-5.8,2025-03-21
TQBR,2025-03-24,ПИК ао,PIKK,117005,3766647650.4,586.1,548.3,587.3,557.0,561.7,549.3,6706276,562.2,562.2,,2527226228.8,2527226228.8,,0.0,3,SUR,-6.9,2025-03-24
TQBR,2025-03-25,ПИК ао,PIKK,73943,3314922531.9,551.7,539.2,564.6,556.9,555.0,563.7,5972377,554.7,554.7,,2160447429.0,2160447429.0,,0.0,3,SUR,2.62,2025-03-25
TQBR,2025-03-26,ПИК ао,PIKK,31323,1473049465.5,565.0,546.5,572.5,553.1,561.3,549.9,2624523,561.8,561.8,,851122162.6,851122162.6,,0.0,3,SUR,-2.45,2025-03-26
TQBR,2025-03-27,ПИК ао,PIKK,40117,1428322912.0,548.9,523.8,550.9,528.0,535.4,525.7,2667601,535.1,535.1,,940881599.9,940881599.9,,0.0,3,SUR,-4.4,2025-03-27
TQBR,2025-03-28,ПИК ао,PIKK,46128,1531348476.1,525.0,508.9,529.8,519.6,518.3,513.6,2954601,518.0,518.0,,966734751.2,966734751.2,,0.0,3,SUR,-2.3,2025-03-28
TQBR,2025-03-31,ПИК ао,PIKK,58443,2157828712.7,513.6,488.4,542.0,538.5,519.3,534.1,4156059,522.7,522.7,,1445474235.6,1445474235.6,,0.0,3,SUR,3.99,2025-03-31
TQBR,2025-04-01,ПИК ао,PIKK,65268,2555152915.0,535.0,504.7,553.6,531.0,535.1,508.4,4775422,537.7,537.7,,1653400786.7,1653400786.7,,0.0,3,SUR,-4.81,2025-04-01
TQBR,2025-04-02,ПИК ао,PIKK,43057,1958345464.9,508.0,505.3,531.2,519.3,519.6,529.8,3769013,520.2,520.2,,1177823804.9,1177823804.9,,0.0,3,SUR,4.21,2025-04-02
TQBR,2025-04-03,ПИК ао,PIKK,60094,1658693782.4,532.2,509.2,539.9,512.2,524.7,525.4,3160966,524.4,524.4,,1206013487.1,1206013487.1,,0.0,3,SUR,-0.83,2025-04-03
TQBR,2025-04-04,ПИК ао,PIKK,44056,1698108029.5,527.0,491.0,533.3,516.5,513.6,493.8,3306012,516.2,516.2,,981794340.3,981794340.3,,0.0,3,SUR,-6.01,2025-04-04
TQBR,2025-04-07,ПИК ао,PIKK,114320,4205892722.6,501.0,448.3,518.5,474.3,472.5,472.5,8900773,467.8,467.8,,2735366501.2,2735366501.2,,0.0,3,SUR,-4.31,2025-04-07
TQBR,2025-04-08,ПИК ао,PIKK,48605,1993091624.3,480.0,442.2,487.3,471.7,470.9,444.0,4232251,477.3,477.3,,1109181216.6,1109181216.6,,0.0,3,SUR,-6.03,2025-04-08
TQBR,2025-04-09,ПИК ао,PIKK,92208,4191712701.1,440.0,411.0,464.1,421.9,438.0,464.1,9571047,427.5,427.5,,2136370366.7,2136370366.7,,0.0,3,SUR,4.53,2025-04-09
TQBR,2025-04-10,ПИК ао,PIKK,122109,4596085933.8,462.8,421.0,468.9,425.6,439.1,429.0,10467330,440.5,440.5,,3290939344.3,3290939344.3,,0.0,3,SUR,-7.56,2025-04-10
TQBR,2025-04-11,ПИК ао,PIKK,121168,4970944263.0,429.9,422.8,441.0,427.5,429.4,429.9,11576576,428.6,428.6,,3585572582.7,3585572582.7,,0.0,3,SUR,0.21,2025-04-11
TQBR,2025-04-14,ПИК ао,PIKK,112637,4196755997.1,431.7,421.1,444.8,433.8,433.6,424.1,9678494,434.5,434.5,,2150444426.9,2150444426.9,,0.0,3,SUR,-1.35,2025-04-14
TQBR,2025-04-15,ПИК ао,PIKK,95763,3395160577.2,423.0,411.5,429.6,418.0,420.3,423.5,8078054,419.7,419.7,,2549869916.2,2549869916.2,,0.0,3,SUR,-0.14,2025-04-15
TQBR,2025-04-16,ПИК ао,PIKK,47079,1925854462.2,420.3,415.6,437.0,432.7,426.6,428.1,4514884,427.0,427.0,,1286491104.2,1286491104.2,,0.0,3,SUR,1.09,2025-04-16
TQBR,2025-04-17,ПИК ао,PIKK,42011,1833498589.8,429.2,427.0,443.9,432.0,434.9,439.3,4216341,433.3,433.3,,1013275210.9,1013275210.9,,0.0,3,SUR,2.62,2025-04-17
TQBR,2025-04-18,ПИК ао,PIKK,30511,1195358188.6,433.7,427.2,439.0,437.3,433.7,433.2,2756183,433.2,433.2,,747791409.9,747791409.9,,0.0,3,SUR,-1.39,2025-04-18
TQBR,2025-04-21,ПИК ао,PIKK,32027,1442264742.7,434.2,434.2,451.0,442.8,442.0,450.0,3262998,439.3,439.3,,806500843.7,806500843.7,,0.0,3,SUR,3.88,2025-04-21
TQBR,2025-04-22,ПИК ао,PIKK,93548,5185547517.7,450.9,450.0,486.9,471.3,468.2,478.2,11074381,463.0,463.0,,2368126499.1,2368126499.1,,0.0,3,SUR,6.27,2025-04-22
TQBR,2025-04-23,ПИК ао,PIKK,58126,2564741001.5,479.9,457.1,481.6,470.1,468.0,471.4,5480482,465.1,465.1,,1501761786.7,1501761786.7,,0.0,3,SUR,-1.42,2025-04-23
TQBR,2025-04-24,ПИК ао,PIKK,106283,5783656164.8,472.0,471.0,506.0,498.5,494.4,504.6,11698966,492.5,492.5,,3869059929.1,3869059929.1,,0.0,3,SUR,7.04,2025-04-24
TQBR,2025-04-25,ПИК ао,PIKK,160330,9371629430.4,505.0,500.0,524.9,506.9,512.6,511.6,18282848,511.1,511.1,,6568533703.4,6568533703.4,,0.0,3,SUR,1.39,2025-04-25
TQBR,2025-04-28,ПИК ао,PIKK,70390,3337693728.7,518.0,500.6,520.6,509.6,510.1,503.7,6543013,508.7,508.7,,1974384175.4,1974384175.4,,0.0,3,SUR,-1.54,2025-04-28
TQBR,2025-04-29,ПИК ао,PIKK,38787,1729637165.8,503.0,481.0,507.4,491.5,491.8,484.2,3516998,493.6,493.6,,859167954.3,859167954.3,,0.0,3,SUR,-3.87,2025-04-29
TQBR,2025-04-30,ПИК ао,PIKK,51465,2230030430.7,485.5,465.2,486.1,473.0,472.7,477.3,4717213,472.8,472.8,,1180212101.6,1180212101.6,,0.0,3,SUR,-1.43,2025-04-30
TQBR,2025-05-02,ПИК ао,PIKK,33093,1519193078.3,478.0,440.5,478.2,450.9,456.4,442.0,3328608,456.8,456.8,,807962465.7,807962465.7,,0.0,3,SUR,-7.4,2025-05-02
TQBR,2025-05-05,ПИК ао,PIKK,53958,2212456167.2,441.1,428.1,455.9,429.2,442.6,444.7,4998558,439.1,439.1,,909973469.0,909973469.0,,0.0,3,SUR,0.61,2025-05-05
TQBR,2025-05-06,ПИК ао,PIKK,63490,2949670929.3,444.7,435.3,474.1,467.7,458.4,465.0,6433729,454.5,454.5,,1599830833.4,1599830833.4,,0.0,3,SUR,4.56,2025-05-06
TQBR,2025-05-07,ПИК ао,PIKK,72074,3582038044.3,465.1,458.6,487.0,479.5,476.6,480.5,7515112,475.6,475.6,,2458840160.4,2458840160.4,,0.0,3,SUR,3.33,2025-05-07
TQBR,2025-05-08,ПИК ао,PIKK,33568,1912599948.3,481.9,470.4,489.7,475.0,480.3,474.5,3981881,479.6,479.6,,1334782048.8,1334782048.8,,0.0,3,SUR,-1.25,2025-05-08
TQBR,2025-05-12,ПИК ао,PIKK,60270,3097920091.2,476.5,474.6,503.9,499.3,494.8,503.0,6260675,497.8,497.8,,1500178835.5,1500178835.5,,0.0,3,SUR,6.01,2025-05-12
TQBR,2025-05-13,ПИК ао,PIKK,32815,1428506897.3,504.8,495.0,507.9,498.9,499.6,497.2,2859214,498.4,498.4,,942325156.7,942325156.7,,0.0,3,SUR,-1.15,2025-05-13
TQBR,2025-05-14,ПИК ао,PIKK,79546,3949877734.4,497.0,487.8,515.0,515.0,504.0,496.4,7836438,504.0,504.0,,2324949482.7,2324949482.7,,0.0,3,SUR,-0.16,2025-05-14
TQBR,2025-05-15,ПИК ао,PIKK,45488,1770273572.0,496.0,492.4,505.2,495.4,498.5,497.2,3551264,498.1,498.1,,1264103427.3,1264103427.3,,0.0,3,SUR,0.16,2025-05-15
TQBR,2025-05-16,ПИК ао,PIKK,85462,4245649688.0,497.3,472.5,502.3,483.7,483.7,483.2,8777519,483.5,483.5,,3816135046.6,3816135046.6,,0.0,3,SUR,-2.82,2025-05-16
TQBR,2025-05-19,ПИК ао,PIKK,47888,2397327738.8,483.2,480.8,500.0,494.4,491.4,485.1,4878877,493.3,493.3,,766250786.2,766250786.2,,0.0,3,SUR,0.39,2025-05-19
TQBR,2025-05-20,ПИК ао,PIKK,22243,962016614.2,485.5,478.5,488.9,481.5,482.9,480.5,1992278,482.6,482.6,,643034438.6,643034438.6,,0.0,3,SUR,-0.95,2025-05-20
TQBR,2025-05-21,ПИК ао,PIKK,31835,1594772786.9,480.8,457.5,485.0,466.3,471.2,460.4,3384810,474.0,474.0,,959118767.2,959118767.2,,0.0,3,SUR,-4.18,2025-05-21
TQBR,2025-05-22,ПИК ао,PIKK,68984,3092954594.9,460.4,447.1,479.0,474.0,463.4,475.8,6674038,464.0,464.0,,2044215245.4,2044215245.4,,0.0,3,SUR,3.34,2025-05-22
TQBR,2025-05-23,ПИК ао,PIKK,42096,2000337038.2,476.5,464.1,485.0,477.3,476.5,482.0,4198361,475.7,475.7,,1505424328.7,1505424328.7,,0.0,3,SUR,1.3,2025-05-23
TQBR,2025-05-26,ПИК ао,PIKK,29815,1191168394.5,481.4,470.2,481.6,474.0,475.0,473.8,2507760,475.6,475.6,,710339077.2,710339077.2,,0.0,3,SUR,-1.7,2025-05-26
TQBR,2025-05-27,ПИК ао,PIKK,96765,4503126035.2,470.4,467.1,510.9,507.0,496.1,510.3,9077355,496.5,496.5,,3082026716.2,3082026716.2,,0.0,3,SUR,7.7,2025-05-27
TQBR,2025-05-28,ПИК ао,PIKK,112840,6500535405.1,511.1,511.1,539.8,526.2,528.3,539.4,12305217,529.3,529.3,,3997492928.7,3997492928.7,,0.0,3,SUR,5.7,2025-05-28
TQBR,2025-05-29,ПИК ао,PIKK,54642,2973286979.1,542.7,517.0,544.9,525.0,530.1,520.5,5608678,531.4,531.4,,1464391682.5,1464391682.5,,0.0,3,SUR,-3.5,2025-05-29
TQBR,2025-05-30,ПИК ао,PIKK,55314,3127706426.5,519.1,515.0,538.4,534.0,531.3,534.5,5886850,532.5,532.5,,2133238237.5,2133238237.5,,0.0,3,SUR,2.69,2025-05-30
TQBR,2025-06-02,ПИК ао,PIKK,136803,8602711000.2,536.5,516.0,573.6,562.4,546.2,573.0,15749195,543.7,543.7,,3717206268.8,3717206268.8,,0.0,3,SUR,7.2,2025-06-02
TQBR,2025-06-03,ПИК ао,PIKK,151811,9911168085.0,574.3,571.4,604.8,598.0,593.4,597.0,16702427,594.2,594.2,,6661403242.4,6661403242.4,,0.0,3,SUR,4.19,2025-06-03
TQBR,2025-06-04,ПИК ао,PIKK,95120,6482406623.8,601.4,582.7,605.0,590.1,592.1,588.0,10947399,590.1,590.1,,3389414766.2,3389414766.2,,0.0,3,SUR,-1.51,2025-06-04
TQBR,2025-06-05,ПИК ао,PIKK,39603,2229750118.2,588.1,582.4,596.0,588.1,588.7,586.7,3787366,589.2,589.2,,1299673245.0,1299673245.0,,0.0,3,SUR,-0.22,2025-06-05
TQBR,2025-06-06,ПИК ао,PIKK,289754,17733796739.8,590.0,535.0,637.6,550.2,578.2,541.4,30673687,582.2,582.2,,15579623882.3,15579623882.3,,0.0,3,SUR,-7.72,2025-06-06
TQBR,2025-06-09,ПИК ао,PIKK,128166,6963137556.9,542.0,520.1,554.6,543.0,536.1,550.8,12987125,534.0,534.0,,3875689407.5,3875689407.5,,0.0,3,SUR,1.74,2025-06-09
TQBR,2025-06-10,ПИК ао,PIKK,83418,6075626095.8,553.2,536.0,566.0,546.5,548.8,542.4,11071453,547.6,547.6,,4429352373.1,4429352373.1,,0.0,3,SUR,-1.53,2025-06-10
TQBR,2025-06-11,ПИК ао,PIKK,58875,4493878621.0,543.6,535.4,559.0,558.0,550.6,551.3,8161671,552.2,552.2,,3140535989.4,3140535989.4,,0.0,3,SUR,1.64,2025-06-11
TQBR,2025-06-13,ПИК ао,PIKK,21577,1250851196.9,554.9,540.1,556.4,542.6,546.8,541.2,2287735,545.5,545.5,,877548289.0,877548289.0,,0.0,3,SUR,-1.83,2025-06-13
TQBR,2025-06-16,ПИК ао,PIKK,45374,2596544848.7,541.5,533.0,551.1,538.7,541.5,540.9,4794927,541.9,541.9,,1066441696.4,1066441696.4,,0.0,3,SUR,-0.06,2025-06-16
TQBR,2025-06-17,ПИК ао,PIKK,77034,4039291052.9,541.9,537.1,571.5,568.3,560.1,566.6,7211445,558.7,558.7,,2996640676.7,2996640676.7,,0.0,3,SUR,4.75,2025-06-17
TQBR,2025-06-18,ПИК ао,PIKK,44973,2493189956.0,567.0,560.3,575.9,565.4,567.4,562.7,4394232,566.7,566.7,,1748194101.8,1748194101.8,,0.0,3,SUR,-0.69,2025-06-18
TQBR,2025-06-19,ПИК ао,PIKK,43307,2155708720.6,563.5,561.2,573.6,569.3,567.5,563.3,3798721,568.1,568.1,,1650961608.9,1650961608.9,,0.0,3,SUR,0.11,2025-06-19
TQBR,2025-06-20,ПИК ао,PIKK,50898,3689493649.7,561.6,536.2,566.7,539.9,550.5,538.0,6702677,551.9,551.9,,3013674536.4,3013674536.4,,0.0,3,SUR,-4.49,2025-06-20
TQBR,2025-06-23,ПИК ао,PIKK,48667,2479612308.1,538.2,521.0,539.4,534.4,529.5,531.8,4682687,529.1,529.1,,1650138955.2,1650138955.2,,0.0,3,SUR,-1.15,2025-06-23
TQBR,2025-06-24,ПИК ао,PIKK,31530,1838639200.8,532.5,530.1,549.4,548.2,540.9,549.1,3399182,540.6,540.6,,1280061940.1,1280061940.1,,0.0,3,SUR,3.25,2025-06-24
TQBR,2025-06-25,ПИК ао,PIKK,40277,2108426656.1,551.0,543.7,561.6,556.9,554.2,552.5,3804289,555.8,555.8,,1443930647.4,1443930647.4,,0.0,3,SUR,0.62,2025-06-25
TQBR,2025-06-26,ПИК ао,PIKK,18319,1071402220.4,553.7,547.1,556.8,553.8,552.3,552.7,1939769,552.1,552.1,,804510968.6,804510968.6,,0.0,3,SUR,0.04,2025-06-26
TQBR,2025-06-27,ПИК ао,PIKK,28252,2007704025.4,552.7,547.7,565.4,558.7,556.4,564.5,3608270,554.0,554.0,,1251994744.3,1251994744.3,,0.0,3,SUR,2.13,2025-06-27
TQBR,2025-06-30,ПИК ао,PIKK,107415,6845421465.2,565.0,557.3,600.8,594.5,584.1,598.8,11720457,585.2,585.2,,5296339436.5,5296339436.5,,0.0,3,SUR,6.08,2025-06-30
TQBR,2025-07-01,ПИК ао,PIKK,62158,4470846772.9,598.5,586.9,613.8,602.9,597.6,600.1,7481208,596.7,596.7,,3157862166.1,3157862166.1,,0.0,3,SUR,0.22,2025-07-01
TQBR,2025-07-02,ПИК ао,PIKK,39951,2569281611.9,600.1,594.0,612.0,604.7,603.2,605.4,4259513,603.9,603.9,,1819431064.6,1819431064.6,,0.0,3,SUR,0.88,2025-07-02
TQBR,2025-07-03,ПИК ао,PIKK,70899,5651757559.3,605.4,605.4,637.9,632.5,626.9,626.4,9015931,628.9,628.9,,4207729863.0,4207729863.0,,0.0,3,SUR,3.47,2025-07-03
TQBR,2025-07-04,ПИК ао,PIKK,55558,3394669450.8,625.0,612.2,633.8,627.5,624.6,628.2,5434733,625.5,625.5,,2091392171.0,2091392171.0,,0.0,3,SUR,0.29,2025-07-04
TQBR,2025-07-07,ПИК ао,PIKK,45693,2430544702.2,629.2,607.7,632.3,610.4,619.0,608.2,3926525,617.5,617.5,,1528717562.6,1528717562.6,,0.0,3,SUR,-3.18,2025-07-07
TQBR,2025-07-08,ПИК ао,PIKK,81647,6523640285.6,606.9,595.0,634.9,634.7,619.6,613.7,10528993,621.9,621.9,,3964834219.0,3964834219.0,,0.0,3,SUR,0.9,2025-07-08
TQBR,2025-07-09,ПИК ао,PIKK,72531,5705514495.2,613.7,609.6,633.0,616.1,622.8,631.3,9160997,621.3,621.3,,3250155635.6,3250155635.6,,0.0,3,SUR,2.87,2025-07-09
TQBR,2025-07-10,ПИК ао,PIKK,57866,4521404312.7,632.5,630.5,646.7,635.7,639.0,636.1,7073454,638.7,638.7,,3064069012.9,3064069012.9,,0.0,3,SUR,0.76,2025-07-10
TQBR,2025-07-11,ПИК ао,PIKK,55818,3987610289.8,636.5,614.6,638.0,619.5,623.8,617.2,6391387,623.9,623.9,,2776978922.9,2776978922.9,,0.0,3,SUR,-2.97,2025-07-11
TQBR,2025-07-14,ПИК ао,PIKK,70767,4982602364.9,617.2,606.2,652.6,641.6,630.3,650.4,7905357,627.6,627.6,,2673801239.7,2673801239.7,,0.0,3,SUR,5.38,2025-07-14
TQBR,2025-07-15,ПИК ао,PIKK,49468,3202597838.4,653.4,646.3,663.6,658.4,655.3,656.2,4887360,656.6,656.6,,2362372787.2,2362372787.2,,0.0,3,SUR,0.89,2025-07-15
TQBR,2025-07-16,ПИК ао,PIKK,48235,3518432513.4,657.0,648.0,661.8,653.2,655.0,648.6,5371464,656.4,656.4,,2163791318.2,2163791318.2,,0.0,3,SUR,-1.16,2025-07-16
TQBR,2025-07-17,ПИК ао,PIKK,32350,2382120598.6,649.9,648.0,659.2,653.1,653.4,650.9,3645867,653.5,653.5,,1813622264.3,1813622264.3,,0.0,3,SUR,0.35,2025-07-17
TQBR,2025-07-18,ПИК ао,PIKK,43608,3221372158.1,651.0,651.0,668.2,661.4,662.3,660.8,4863867,662.2,662.2,,2005142479.5,2005142479.5,,0.0,3,SUR,1.52,2025-07-18
TQBR,2025-07-21,ПИК ао,PIKK,49302,3143757060.7,662.6,650.1,670.0,655.0,659.4,656.0,4767262,657.0,657.0,,1882877275.1,1882877275.1,,0.0,3,SUR,-0.73,2025-07-21
TQBR,2025-07-22,ПИК ао,PIKK,20227,1289704189.7,656.0,651.1,663.0,654.0,655.7,655.0,1967176,655.3,655.3,,919638148.3,919638148.3,,0.0,3,SUR,-0.15,2025-07-22
TQBR,2025-07-23,ПИК ао,PIKK,34107,1928037451.3,655.0,652.0,662.8,660.7,657.8,653.9,2930866,658.4,658.4,,1196671728.7,1196671728.7,,0.0,3,SUR,-0.17,2025-07-23
TQBR,2025-07-24,ПИК ао,PIKK,29135,1562300547.5,653.1,641.0,655.5,643.8,646.8,645.0,2415224,646.2,646.2,,1054889445.2,1054889445.2,,0.0,3,SUR,-1.36,2025-07-24
TQBR,2025-07-25,ПИК ао,PIKK,91012,5855534579.2,646.9,614.2,654.0,618.4,630.1,618.3,9292867,630.6,630.6,,5320983181.9,5320983181.9,,0.0,3,SUR,-4.14,2025-07-25
TQBR,2025-07-28,ПИК ао,PIKK,92510,5464990576.4,620.2,598.3,628.0,599.3,611.2,602.1,8941451,613.2,613.2,,3825182001.8,3825182001.8,,0.0,3,SUR,-2.62,2025-07-28
TQBR,2025-07-29,ПИК ао,PIKK,43856,2839411511.3,604.2,595.7,619.0,611.1,606.8,618.7,4679223,604.5,604.5,,1628404447.3,1628404447.3,,0.0,3,SUR,2.76,2025-07-29
TQBR,2025-07-30,ПИК ао,PIKK,34038,2323784552.0,618.8,607.1,626.4,615.0,616.5,611.4,3769614,617.8,617.8,,1626246075.5,1626246075.5,,0.0,3,SUR,-1.18,2025-07-30
TQBR,2025-07-31,ПИК ао,PIKK,20620,1361887989.8,612.0,605.1,620.5,613.2,613.3,616.6,2220590,613.1,613.1,,1097275862.5,1097275862.5,,0.0,3,SUR,0.85,2025-07-31
TQBR,2025-08-01,ПИК ао,PIKK,18695,1104722166.9,616.9,608.0,623.5,611.5,615.0,610.8,1796303,614.6,614.6,,638109353.6,638109353.6,,0.0,3,SUR,-0.94,2025-08-01
TQBR,2025-08-04,ПИК ао,PIKK,16752,892534646.6,613.0,606.0,619.6,616.0,613.3,618.1,1455343,612.6,612.6,,533306368.3,533306368.3,,0.0,3,SUR,1.2,2025-08-04
TQBR,2025-08-05,ПИК ао,PIKK,15157,761585288.2,617.4,613.0,620.9,618.2,617.0,617.7,1234308,616.8,616.8,,556991292.7,556991292.7,,0.0,3,SUR,-0.06,2025-08-05
TQBR,2025-08-06,ПИК ао,PIKK,54464,3804979870.8,618.5,614.8,646.5,622.4,629.4,633.0,6044996,622.9,622.9,,1462739895.9,1462739895.9,,0.0,3,SUR,2.48,2025-08-06
TQBR,2025-08-07,ПИК ао,PIKK,49338,2407328666.8,635.1,630.5,648.9,638.3,640.6,636.9,3758230,642.7,642.7,,1745848859.7,1745848859.7,,0.0,3,SUR,0.62,2025-08-07
TQBR,2025-08-08,ПИК ао,PIKK,16626,945346909.2,637.5,631.0,645.0,639.4,638.7,641.0,1480126,637.8,637.8,,615577119.2,615577119.2,,0.0,3,SUR,0.64,2025-08-08
TQBR,2025-08-11,ПИК ао,PIKK,25905,1336668442.2,651.0,645.9,656.8,650.2,652.1,648.5,2049759,651.9,651.9,,685124311.8,685124311.8,,0.0,3,SUR,1.17,2025-08-11
TQBR,2025-08-12,ПИК ао,PIKK,13892,607452740.2,649.6,643.7,652.0,650.2,648.7,648.7,936438,648.9,648.9,,415081926.4,415081926.4,,0.0,3,SUR,0.03,2025-08-12
TQBR,2025-08-13,ПИК ао,PIKK,16308,725955987.9,649.2,635.6,652.9,645.0,646.1,639.0,1123609,647.8,647.8,,404288761.3,404288761.3,,0.0,3,SUR,-1.5,2025-08-13
TQBR,2025-08-14,ПИК ао,PIKK,26596,1372466737.1,640.8,622.0,642.8,637.9,632.1,636.1,2171166,631.4,631.4,,1174914136.1,1174914136.1,,0.0,3,SUR,-0.45,2025-08-14
TQBR,2025-08-15,ПИК ао,PIKK,17045,858226160.3,637.0,627.6,642.0,639.3,635.8,636.4,1349745,635.1,635.1,,598890272.6,598890272.6,,0.0,3,SUR,0.05,2025-08-15
TQBR,2025-08-18,ПИК ао,PIKK,49701,2873594638.4,625.0,618.6,656.1,644.0,644.0,650.6,4462389,647.1,647.1,,1479275095.8,1479275095.8,,0.0,3,SUR,2.23,2025-08-18
TQBR,2025-08-19,ПИК ао,PIKK,27913,1746486169.1,652.0,649.2,664.8,655.4,658.6,658.6,2651651,659.7,659.7,,962992041.3,962992041.3,,0.0,3,SUR,1.23,2025-08-19
TQBR,2025-08-20,ПИК ао,PIKK,19301,1333089724.9,656.5,650.6,663.9,659.3,657.9,654.7,2026152,658.9,658.9,,832829550.6,832829550.6,,0.0,3,SUR,-0.59,2025-08-20
TQBR,2025-08-21,ПИК ао,PIKK,26616,1426423335.6,654.7,637.6,657.7,645.0,648.1,642.5,2200833,649.2,649.2,,1025122990.4,1025122990.4,,0.0,3,SUR,-1.86,2025-08-21
TQBR,2025-08-22,ПИК ао,PIKK,26031,1442725699.8,644.3,639.7,661.0,658.8,654.5,659.7,2204282,653.8,653.8,,1023178901.5,1023178901.5,,0.0,3,SUR,2.68,2025-08-22
TQBR,2025-08-25,ПИК ао,PIKK,41228,2438954545.3,661.7,656.0,676.6,673.0,668.6,672.9,3647868,669.7,669.7,,1593986343.8,1593986343.8,,0.0,3,SUR,2.0,2025-08-25
TQBR,2025-08-26,ПИК ао,PIKK,25161,1507637435.1,675.0,663.6,677.8,667.2,670.6,666.7,2248198,669.6,669.6,,1028832932.4,1028832932.4,,0.0,3,SUR,-0.92,2025-08-26
TQBR,2025-08-27,ПИК ао,PIKK,16410,1057568548.2,667.0,661.0,673.0,668.4,667.4,670.1,1584503,667.0,667.0,,667704545.7,667704545.7,,0.0,3,SUR,0.51,2025-08-27
TQBR,2025-08-28,ПИК ао,PIKK,20697,1185580411.2,670.1,652.0,674.9,663.2,662.9,654.7,1788527,665.8,665.8,,576121346.4,576121346.4,,0.0,3,SUR,-2.3,2025-08-28
TQBR,2025-08-29,ПИК ао,PIKK,23448,1172804265.8,656.0,652.5,666.1,659.4,659.3,659.0,1778788,659.6,659.6,,903060274.8,903060274.8,,0.0,3,SUR,0.66,2025-08-29
TQBR,2025-09-01,ПИК ао,PIKK,15757,811218475.5,660.2,658.0,671.3,665.6,666.8,666.6,1216659,667.9,667.9,,576472477.9,576472477.9,,0.0,3,SUR,1.15,2025-09-01
TQBR,2025-09-02,ПИК ао,PIKK,28288,1628539937.9,667.5,643.1,668.2,644.0,654.7,657.0,2487337,655.2,655.2,,1232652941.6,1232652941.6,,0.0,3,SUR,-1.44,2025-09-02
TQBR,2025-09-03,ПИК ао,PIKK,20153,1233050555.4,657.0,650.1,665.0,658.7,658.2,664.6,1873252,657.3,657.3,,750596083.4,750596083.4,,0.0,3,SUR,1.16,2025-09-03
TQBR,2025-09-04,ПИК ао,PIKK,18705,952723910.0,664.9,656.3,666.7,659.2,660.7,660.0,1441900,660.3,660.3,,738574157.6,738574157.6,,0.0,3,SUR,-0.69,2025-09-04
TQBR,2025-09-05,ПИК ао,PIKK,13621,847429486.3,662.0,647.7,662.1,650.4,655.6,651.2,1292578,655.9,655.9,,687070445.1,687070445.1,,0.0,3,SUR,-1.33,2025-09-05
TQBR,2025-09-08,ПИК ао,PIKK,20229,998331027.5,654.0,645.7,656.6,653.0,651.8,652.5,1531716,650.9,650.9,,702425492.3,702425492.3,,0.0,3,SUR,0.2,2025-09-08
TQBR,2025-09-09,ПИК ао,PIKK,20221,1130290423.1,652.5,643.8,654.8,647.7,649.0,651.9,1741565,648.8,648.8,,792973347.1,792973347.1,,0.0,3,SUR,-0.09,2025-09-09
TQBR,2025-09-10,ПИК ао,PIKK,25057,1597887363.8,652.0,629.2,652.7,640.5,639.5,632.4,2498770,645.7,645.7,,699959728.6,699959728.6,,0.0,3,SUR,-2.99,2025-09-10
TQBR,2025-09-11,ПИК ао,PIKK,32071,1829759326.9,633.2,620.1,634.1,624.6,625.1,622.3,2927128,624.6,624.6,,1361216021.4,1361216021.4,,0.0,3,SUR,-1.6,2025-09-11
TQBR,2025-09-12,ПИК ао,PIKK,63127,3725782615.3,623.1,598.7,626.3,602.5,609.8,602.3,6110276,610.3,610.3,,3214558688.0,3214558688.0,,0.0,3,SUR,-3.21,2025-09-12
TQBR,2025-09-15,ПИК ао,PIKK,49355,2133951581.1,602.4,575.7,605.9,582.0,586.8,580.1,3636317,583.7,583.7,,1186494355.0,1186494355.0,,0.0,3,SUR,-3.69,2025-09-15
TQBR,2025-09-16,ПИК ао,PIKK,32249,1561771927.1,580.2,576.0,596.5,592.2,586.9,593.9,2661187,586.0,586.0,,1138059074.7,1138059074.7,,0.0,3,SUR,2.38,2025-09-16
TQBR,2025-09-17,ПИК ао,PIKK,20869,1235358881.2,595.8,585.6,607.7,605.1,598.1,607.3,2065579,596.7,596.7,,835782969.4,835782969.4,,0.0,3,SUR,2.26,2025-09-17
TQBR,2025-09-18,ПИК ао,PIKK,30631,1150077990.1,607.3,586.2,608.0,597.0,596.9,587.7,1926798,598.4,598.4,,804051403.4,804051403.4,,0.0,3,SUR,-3.23,2025-09-18
TQBR,2025-09-19,ПИК ао,PIKK,24277,1041083148.0,587.7,576.6,591.5,583.9,584.1,576.6,1782346,585.0,585.0,,733613654.2,733613654.2,,0.0,3,SUR,-1.89,2025-09-19
TQBR,2025-09-22,ПИК ао,PIKK,32813,1614291291.1,576.6,549.5,576.6,559.9,561.7,559.5,2873785,560.4,560.4,,1209251874.6,1209251874.6,,0.0,3,SUR,-2.97,2025-09-22
TQBR,2025-09-23,ПИК ао,PIKK,38219,2077695392.8,560.2,532.0,571.5,567.2,555.1,537.4,3742640,560.9,560.9,,1199660727.2,1199660727.2,,0.0,3,SUR,-3.95,2025-09-23
TQBR,2025-09-24,ПИК ао,PIKK,37658,2142268287.7,538.0,538.0,566.6,560.5,553.9,565.9,3867371,555.4,555.4,,1543986320.7,1543986320.7,,0.0,3,SUR,5.3,2025-09-24
TQBR,2025-09-25,ПИК ао,PIKK,17144,893693658.6,566.0,547.2,567.0,550.0,556.9,554.0,1604738,557.4,557.4,,654781129.4,654781129.4,,0.0,3,SUR,-2.1,2025-09-25
TQBR,2025-09-26,ПИК ао,PIKK,18386,899196785.5,552.4,541.6,559.7,558.5,550.8,551.1,1632646,550.6,550.6,,600029757.2,600029757.2,,0.0,3,SUR,-0.52,2025-09-26
TQBR,2025-09-29,ПИК ао,PIKK,21987,1086904157.7,552.4,529.2,558.0,533.9,542.5,530.8,2003498,543.2,543.2,,813075926.4,813075926.4,,0.0,3,SUR,-3.68,2025-09-29
TQBR,2025-09-30,ПИК ао,PIKK,25796,1225237352.0,530.7,515.2,537.2,535.2,526.0,535.2,2329333,524.4,524.4,,914858911.2,914858911.2,,0.0,3,SUR,0.83,2025-09-30
TQBR,2025-10-01,ПИК ао,PIKK,17241,847952181.4,537.0,520.0,537.4,528.7,527.4,529.2,1607716,526.8,526.8,,635233986.9,635233986.9,,0.0,3,SUR,-1.12,2025-10-01
TQBR,2025-10-02,ПИК ао,PIKK,25848,1161245902.0,525.0,514.1,534.1,526.9,523.9,523.0,2216708,526.6,526.6,,644952706.2,644952706.2,,0.0,3,SUR,-1.17,2025-10-02
TQBR,2025-10-03,ПИК ао,PIKK,23027,920481627.8,523.0,501.2,530.4,515.2,515.5,502.8,1785462,520.7,520.7,,451628185.6,451628185.6,,0.0,3,SUR,-3.86,2025-10-03
TQBR,2025-10-06,ПИК ао,PIKK,63922,3019567950.3,502.0,489.1,536.0,529.7,519.5,532.7,5812951,523.4,523.4,,2034612120.6,2034612120.6,,0.0,3,SUR,5.95,2025-10-06
TQBR,2025-10-07,ПИК ао,PIKK,32488,1559604239.9,529.2,527.1,544.1,538.0,537.2,539.6,2903396,537.0,537.0,,951261275.2,951261275.2,,0.0,3,SUR,1.3,2025-10-07
TQBR,2025-10-08,ПИК ао,PIKK,98292,5692240431.3,539.6,481.6,543.5,487.4,504.2,486.9,11289944,506.5,506.5,,4581658411.5,4581658411.5,,0.0,3,SUR,-9.77,2025-10-08
TQBR,2025-10-09,ПИК ао,PIKK,137464,7365478307.1,488.0,446.2,494.0,467.0,462.9,460.0,15911578,461.9,461.9,,4807242680.4,4807242680.4,,0.0,3,SUR,-5.52,2025-10-09
TQBR,2025-10-10,ПИК ао,PIKK,100697,4432409628.6,462.0,421.1,462.0,433.4,438.8,421.1,10103422,438.8,438.8,,3062781042.9,3062781042.9,,0.0,3,SUR,-8.46,2025-10-10
TQBR,2025-10-13,ПИК ао,PIKK,90667,3980429607.7,417.9,412.0,432.5,420.0,421.5,418.8,9442424,422.1,422.1,,1955005565.9,1955005565.9,,0.0,3,SUR,-0.55,2025-10-13
TQBR,2025-10-14,ПИК ао,PIKK,106859,5350274670.5,419.4,378.0,420.7,386.5,395.8,379.3,13518002,400.3,400.3,,3879605351.9,3879605351.9,,0.0,3,SUR,-9.43,2025-10-14
TQBR,2025-10-15,ПИК ао,PIKK,123496,6504640314.6,379.4,359.7,385.8,367.1,369.7,370.0,17593236,368.8,368.8,,5489284358.0,5489284358.0,,0.0,3,SUR,-2.45,2025-10-15
TQBR,2025-10-16,ПИК ао,PIKK,126980,7396018599.5,370.0,366.3,404.9,392.3,387.3,404.9,19095095,383.2,383.2,,4231464048.4,4231464048.4,,0.0,3,SUR,9.43,2025-10-16
TQBR,2025-10-17,ПИК ао,PIKK,90456,5008740906.9,409.0,394.0,418.7,406.6,407.4,406.1,12293872,404.8,404.8,,2826503189.9,2826503189.9,,0.0,3,SUR,0.3,2025-10-17
TQBR,2025-10-20,ПИК ао,PIKK,73907,3816118037.5,408.8,407.0,429.3,423.4,418.9,426.3,9109877,421.4,421.4,,2045843819.0,2045843819.0,,0.0,3,SUR,4.97,2025-10-20
TQBR,2025-10-21,ПИК ао,PIKK,94332,5082990057.4,426.0,386.5,426.0,391.5,405.4,399.2,12537815,405.5,405.5,,2911344413.3,2911344413.3,,0.0,3,SUR,-6.36,2025-10-21
TQBR,2025-10-22,ПИК ао,PIKK,50439,2590068697.7,396.5,382.5,406.1,397.0,396.4,391.3,6533290,399.7,399.7,,1242676231.4,1242676231.4,,0.0,3,SUR,-1.98,2025-10-22
TQBR,2025-10-23,ПИК ао,PIKK,42760,2007928435.4,383.0,380.2,404.0,390.1,391.8,402.8,5124834,390.1,390.1,,901827694.0,901827694.0,,0.0,3,SUR,2.94,2025-10-23
TQBR,2025-10-24,ПИК ао,PIKK,53706,3234543786.1,404.0,387.7,415.0,393.9,399.3,394.2,8100860,398.6,398.6,,2700678544.7,2700678544.7,,0.0,3,SUR,-2.14,2025-10-24
TQBR,2025-10-27,ПИК ао,PIKK,43204,2201251063.4,394.5,368.0,394.5,375.8,380.1,371.5,5791722,378.6,378.6,,1539011773.3,1539011773.3,,0.0,3,SUR,-5.76,2025-10-27
TQBR,2025-10-28,ПИК ао,PIKK,24362,1241077620.3,370.3,368.2,388.4,380.7,380.9,380.2,3258069,382.2,382.2,,928824141.1,928824141.1,,0.0,3,SUR,2.34,2025-10-28
TQBR,2025-10-29,ПИК ао,PIKK,18557,838184523.5,382.4,380.0,391.1,386.7,385.9,386.3,2172031,386.5,386.5,,593628496.7,593628496.7,,0.0,3,SUR,1.6,2025-10-29
TQBR,2025-10-30,ПИК ао,PIKK,23568,1051963744.8,385.2,383.3,398.0,393.7,392.4,393.7,2681071,392.8,392.8,,913069711.7,913069711.7,,0.0,3,SUR,1.92,2025-10-30
TQBR,2025-10-31,ПИК ао,PIKK,42404,942151720.5,394.0,379.2,395.4,380.9,385.9,382.8,2442199,385.8,385.8,,686202070.1,686202070.1,,0.0,3,SUR,-2.77,2025-10-31
TQBR,2025-11-01,ПИК ао,PIKK,8171,239166636.4,385.0,382.0,388.2,384.7,385.0,384.4,621138,385.0,385.0,,180010394.1,180010394.1,,0.0,3,SUR,0.42,2025-11-01
TQBR,2025-11-03,ПИК ао,PIKK,18778,699197518.7,387.0,385.4,399.3,394.6,394.3,394.6,1773246,395.0,395.0,,492736961.7,492736961.7,,0.0,3,SUR,2.65,2025-11-03
TQBR,2025-11-05,ПИК ао,PIKK,58381,1856709015.1,393.6,388.4,413.6,405.0,403.2,407.0,4605584,403.6,403.6,,1533718720.9,1533718720.9,,0.0,3,SUR,3.14,2025-11-05
TQBR,2025-11-06,ПИК ао,PIKK,55909,1735188991.8,406.0,404.5,419.6,406.2,411.6,411.0,4215581,410.6,410.6,,1029254921.2,1029254921.2,,0.0,3,SUR,0.98,2025-11-06
TQBR,2025-11-07,ПИК ао,PIKK,46671,1235941308.5,410.0,407.0,420.9,418.6,416.1,417.4,2970665,416.6,416.6,,904640258.0,904640258.0,,0.0,3,SUR,1.56,2025-11-07
TQBR,2025-11-10,ПИК ао,PIKK,29986,1166059579.2,418.0,412.4,426.9,415.5,420.1,412.5,2775596,419.6,419.6,,726335261.9,726335261.9,,0.0,3,SUR,-1.17,2025-11-10
TQBR,2025-11-11,ПИК ао,PIKK,22243,1078250888.2,412.7,401.0,415.4,404.0,408.8,404.7,2637634,408.7,408.7,,806197125.7,806197125.7,,0.0,3,SUR,-1.89,2025-11-11
TQBR,2025-11-12,ПИК ао,PIKK,21955,851543531.5,405.2,396.1,409.9,399.6,402.1,400.3,2117856,402.0,402.0,,547825276.3,547825276.3,,0.0,3,SUR,-1.09,2025-11-12
TQBR,2025-11-13,ПИК ао,PIKK,14797,724468276.6,400.5,398.8,407.0,402.7,403.5,404.0,1795465,403.3,403.3,,453173999.5,453173999.5,,0.0,3,SUR,0.92,2025-11-13
TQBR,2025-11-14,ПИК ао,PIKK,15493,632707883.9,403.8,393.6,404.2,399.4,399.4,400.1,1584290,398.8,398.8,,480459644.2,480459644.2,,0.0,3,SUR,-0.97,2025-11-14
TQBR,2025-11-17,ПИК ао,PIKK,165569,8819501940.1,400.5,393.6,448.9,444.0,432.7,436.6,20381554,432.4,432.4,,7151932592.3,7151932592.3,,0.0,3,SUR,9.12,2025-11-17
TQBR,2025-11-18,ПИК ао,PIKK,59579,3170428613.3,437.7,425.5,440.9,434.2,432.4,431.9,7331901,432.0,432.0,,2506174603.6,2506174603.6,,0.0,3,SUR,-1.08,2025-11-18
TQBR,2025-11-19,ПИК ао,PIKK,62063,3686211297.6,432.1,431.5,454.8,450.2,457.5,445.6,8266958,446.5,446.5,,3062631076.8,3062631076.8,,0.0,3,SUR,3.17,2025-11-19
TQBR,2025-11-20,ПИК ао,PIKK,46603,2435948839.9,448.2,446.2,471.0,453.6,458.5,467.0,5329686,454.0,454.0,,1046970739.2,1046970739.2,,0.0,3,SUR,4.8,2025-11-20
TQBR,2025-11-21,ПИК ао,PIKK,24297,1343311241.9,468.3,455.0,469.4,461.6,461.8,460.7,2908610,460.7,460.7,,811908078.4,811908078.4,,0.0,3,SUR,-1.35,2025-11-21
TQBR,2025-11-24,ПИК ао,PIKK,27733,1374698893.9,464.4,450.1,479.0,450.9,461.8,453.8,2976662,460.1,460.1,,866081136.9,866081136.9,,0.0,3,SUR,-1.5,2025-11-24
TQBR,2025-11-25,ПИК ао,PIKK,26310,1266632247.2,453.7,450.7,470.7,468.2,460.7,465.0,2749103,459.3,459.3,,836302683.8,836302683.8,,0.0,3,SUR,2.47,2025-11-25
TQBR,2025-11-26,ПИК ао,PIKK,13156,669253476.6,467.0,458.4,468.8,463.8,463.2,460.8,1444348,462.8,462.8,,479617266.3,479617266.3,,0.0,3,SUR,-0.9,2025-11-26
TQBR,2025-11-27,ПИК ао,PIKK,20070,679824049.3,460.8,451.2,464.3,453.0,456.2,453.1,1490333,455.9,455.9,,592750308.6,592750308.6,,0.0,3,SUR,-1.67,2025-11-27
TQBR,2025-11-28,ПИК ао,PIKK,20435,892558824.4,453.0,450.6,461.0,458.6,456.0,458.1,1956568,455.8,455.8,,676743651.6,676743651.6,,0.0,3,SUR,1.1,2025-11-28
TQBR,2025-12-01,ПИК ао,PIKK,23809,822449287.2,459.4,456.0,466.6,461.8,461.5,460.6,1782161,462.2,462.2,,539289487.7,539289487.7,,0.0,3,SUR,0.55,2025-12-01
TQBR,2025-12-02,ПИК ао,PIKK,13545,477888503.8,460.6,454.2,463.9,456.8,459.3,456.3,1040414,460.0,460.0,,343190054.3,343190054.3,,0.0,3,SUR,-0.93,2025-12-02
TQBR,2025-12-03,ПИК ао,PIKK,22258,803008591.5,452.3,442.5,454.3,452.3,448.2,452.3,1791719,447.2,447.2,,396884709.2,396884709.2,,0.0,3,SUR,-0.88,2025-12-03
TQBR,2025-12-04,ПИК ао,PIKK,26402,1408953459.7,453.8,453.8,467.8,462.5,463.5,462.8,3039906,464.4,464.4,,1151287150.4,1151287150.4,,0.0,3,SUR,2.32,2025-12-04
TQBR,2025-12-05,ПИК ао,PIKK,32831,1619684993.5,463.0,463.0,477.3,474.8,472.9,476.8,3425273,473.4,473.4,,1259746807.7,1259746807.7,,0.0,3,SUR,3.03,2025-12-05
