BOARDID,TRADEDATE,SHORTNAME,SECID,NUMTRADES,VALUE,OPEN,LOW,HIGH,LEGALCLOSEPRICE,WAPRICE,CLOSE,VOLUME,MARKETPRICE2,MARKETPRICE3,ADMITTEDQUOTE,MP2VALTRD,MARKETPRICE3TRADESVALUE,ADMITTEDVALUE,WAVAL,TRADINGSESSION,CURRENCYID,TRENDCLSPR,TRADE_SESSION_DATE
TQBR,2014-06-09,ГАЗПРОМ ао,GAZP,32981,5851238809.2,144.0,143.03,146.2,144.4,145.02,144.4,40347300,145.02,145.02,145.02,5850366169.2,5850366169.2,5850366169.2,,3,SUR,0.3,
TQBR,2014-06-10,ГАЗПРОМ ао,GAZP,34667,5956066807.8,144.31,142.67,144.76,144.75,143.65,144.75,41460990,143.65,143.65,143.65,5954475068.5,5954475068.5,5954475068.5,,3,SUR,0.24,
TQBR,2014-06-11,ГАЗПРОМ ао,GAZP,35615,5725373472.1,145.2,143.9,146.4,146.4,145.25,146.4,39418520,145.25,145.25,145.25,5722179072.1,5722179072.1,5722179072.1,,3,SUR,1.14,
TQBR,2014-06-16,ГАЗПРОМ ао,GAZP,54979,11134531747.3,144.0,142.58,145.27,145.2,144.29,145.2,77165360,144.29,144.29,144.29,11114890147.3,11114890147.3,11114890147.3,,3,SUR,-0.82,
TQBR,2014-06-17,ГАЗПРОМ ао,GAZP,37142,6436430233.0,145.3,143.72,146.37,144.77,145.06,144.77,44370530,145.06,145.06,145.06,6430821653.0,6430821653.0,6430821653.0,,3,SUR,-0.3,
TQBR,2014-06-18,ГАЗПРОМ ао,GAZP,31478,4832639667.8,144.79,144.43,146.19,145.0,145.25,145.0,33270240,145.25,145.25,145.25,4831818708.5,4831818708.5,4831818708.5,,3,SUR,0.16,
TQBR,2014-06-19,ГАЗПРОМ ао,GAZP,44182,6552395455.3,146.4,145.04,147.69,145.2,146.68,145.2,44670940,146.68,146.68,146.68,6522585487.3,6522585487.3,6522585487.3,,3,SUR,0.14,
TQBR,2014-06-20,ГАЗПРОМ ао,GAZP,27900,4907720591.4,145.05,144.28,145.88,145.6,145.29,145.6,33779020,145.29,145.29,145.29,4904826843.9,4904826843.9,4904826843.9,,3,SUR,0.28,
TQBR,2014-06-23,ГАЗПРОМ ао,GAZP,33417,4963198922.4,146.2,145.07,147.27,147.17,146.31,147.17,33923270,146.31,146.31,146.31,4959491290.4,4959491290.4,4959491290.4,,3,SUR,1.08,
TQBR,2014-06-24,ГАЗПРОМ ао,GAZP,79272,13200142387.4,147.65,147.56,153.42,153.25,150.78,153.25,87546740,150.78,150.78,150.78,13196229662.4,13196229662.4,13196229662.4,,3,SUR,4.13,
TQBR,2014-06-25,ГАЗПРОМ ао,GAZP,51549,9973343107.4,152.48,149.01,154.21,149.26,151.39,149.26,65879300,151.39,151.39,151.39,9960832123.4,9960832123.4,9960832123.4,,3,SUR,-2.6,
TQBR,2014-06-26,ГАЗПРОМ ао,GAZP,45393,7863811096.6,149.63,147.02,150.44,147.44,148.3,147.44,53026000,148.3,148.3,148.3,7858985529.1,7858985529.1,7858985529.1,,3,SUR,-1.22,
TQBR,2014-06-27,ГАЗПРОМ ао,GAZP,35997,5138975884.3,148.0,147.22,149.88,149.39,148.68,149.39,34563280,148.68,148.68,148.68,5136823964.3,5136823964.3,5136823964.3,,3,SUR,1.32,
TQBR,2014-06-30,ГАЗПРОМ ао,GAZP,33465,5186346628.8,149.81,146.58,150.18,148.96,148.09,148.96,35020610,148.09,148.09,148.09,5185620050.3,5185620050.3,5185620050.3,,3,SUR,-0.29,
TQBR,2014-07-01,ГАЗПРОМ ао,GAZP,31247,5787329103.9,148.51,146.65,149.5,148.97,148.09,148.97,39080070,148.09,148.09,148.09,5785627179.3,5785627179.3,5785627179.3,,3,SUR,0.01,
TQBR,2014-07-02,ГАЗПРОМ ао,GAZP,44417,7341929045.5,149.09,148.9,151.95,151.95,150.33,151.95,48839500,150.33,150.33,150.33,7340098220.3,7340098220.3,7340098220.3,,3,SUR,2.0,
TQBR,2014-07-03,ГАЗПРОМ ао,GAZP,38013,7465358592.0,152.0,151.41,153.66,152.3,152.56,152.3,48933580,152.56,152.56,152.56,7455607792.0,7455607792.0,7455607792.0,,3,SUR,0.23,
TQBR,2014-07-04,ГАЗПРОМ ао,GAZP,33779,5775204168.7,153.0,148.25,153.09,149.13,151.21,149.13,38192290,151.21,151.21,151.21,5768013168.7,5768013168.7,5768013168.7,,3,SUR,-2.08,
TQBR,2014-07-07,ГАЗПРОМ ао,GAZP,34553,5162092985.1,149.1,149.09,151.4,150.31,150.49,150.31,34302070,150.49,150.49,150.49,5160388772.1,5160388772.1,5160388772.1,,3,SUR,0.79,
TQBR,2014-07-08,ГАЗПРОМ ао,GAZP,48491,7613322488.2,150.53,150.52,153.53,151.43,152.25,151.43,50005770,152.25,152.25,152.25,7610096630.3,7610096630.3,7610096630.3,,3,SUR,0.75,
TQBR,2014-07-09,ГАЗПРОМ ао,GAZP,37831,6635952229.4,151.11,149.01,151.77,150.4,150.45,150.4,44106880,150.45,150.45,150.45,6635323611.8,6635323611.8,6635323611.8,,3,SUR,-0.68,
TQBR,2014-07-10,ГАЗПРОМ ао,GAZP,52403,8759399278.7,150.8,147.1,151.52,148.79,149.25,148.79,58690960,149.25,149.25,149.25,8758797586.7,8758797586.7,8758797586.7,,3,SUR,-1.07,
TQBR,2014-07-11,ГАЗПРОМ ао,GAZP,34517,5330962084.1,148.85,146.91,149.25,148.15,148.06,148.15,36005010,148.06,148.06,148.06,5325473984.6,5325473984.6,5325473984.6,,3,SUR,-0.43,
TQBR,2014-07-14,ГАЗПРОМ ао,GAZP,34414,5667338940.6,148.42,146.51,148.8,147.5,147.56,147.5,38407230,147.56,147.56,147.56,5666849154.6,5666849154.6,5666849154.6,,3,SUR,-0.44,
TQBR,2014-07-15,ГАЗПРОМ ао,GAZP,42893,8138996571.9,147.8,146.52,148.37,146.52,147.55,146.52,55159950,147.55,147.55,147.55,8136831301.9,8136831301.9,8136831301.9,,3,SUR,-0.66,
TQBR,2014-07-16,ГАЗПРОМ ао,GAZP,52341,7927024503.9,140.35,140.1,143.1,142.5,141.7,142.5,55942320,141.7,141.7,141.7,7903995875.9,7903995875.9,7903995875.9,,3,SUR,-2.74,
TQBR,2014-07-17,ГАЗПРОМ ао,GAZP,50321,8583925881.7,140.23,138.23,141.0,140.0,139.46,140.0,61550720,139.46,139.46,139.46,8556911974.5,8556911974.5,8556911974.5,,3,SUR,-1.75,
TQBR,2014-07-18,ГАЗПРОМ ао,GAZP,45494,7358496662.9,138.0,136.5,139.41,139.26,137.86,139.26,53377680,137.86,137.86,137.86,7348951202.9,7348951202.9,7348951202.9,,3,SUR,-0.53,
TQBR,2014-07-21,ГАЗПРОМ ао,GAZP,43305,6390851583.4,140.3,135.2,140.44,136.01,136.74,136.01,46735750,136.74,136.74,136.74,6373796715.4,6373796715.4,6373796715.4,,3,SUR,-2.33,
TQBR,2014-07-22,ГАЗПРОМ ао,GAZP,35295,4887545802.1,136.82,136.05,138.87,137.75,137.65,137.75,35508000,137.65,137.65,137.65,4880550195.5,4880550195.5,4880550195.5,,3,SUR,1.28,
TQBR,2014-07-23,ГАЗПРОМ ао,GAZP,34240,4890084830.5,138.2,135.2,139.0,136.29,136.98,136.29,35700000,136.98,136.98,136.98,4890015730.5,4890015730.5,4890015730.5,,3,SUR,-1.06,
TQBR,2014-07-24,ГАЗПРОМ ао,GAZP,26979,3183710555.3,136.0,135.15,137.36,136.9,136.37,136.9,23345280,136.38,136.38,136.38,3180725355.3,3180725355.3,3180725355.3,,3,SUR,0.45,
TQBR,2014-07-25,ГАЗПРОМ ао,GAZP,37065,4798740012.8,136.5,134.22,136.83,135.12,135.13,135.12,35511270,135.13,135.13,135.13,4798037037.8,4798037037.8,4798037037.8,,3,SUR,-1.3,
TQBR,2014-07-28,ГАЗПРОМ ао,GAZP,39961,5948981163.4,134.54,130.9,134.73,132.0,132.48,132.0,44904250,132.48,132.48,132.48,5947396282.2,5947396282.2,5947396282.2,,3,SUR,-2.31,
TQBR,2014-07-29,ГАЗПРОМ ао,GAZP,38600,4871728490.2,132.08,130.55,133.73,131.31,132.15,131.31,36865680,132.15,132.15,132.15,4867322301.4,4867322301.4,4867322301.4,,3,SUR,-0.52,
TQBR,2014-07-30,ГАЗПРОМ ао,GAZP,39640,5699315652.3,130.47,130.1,135.41,133.4,133.76,133.4,42608490,133.76,133.76,133.76,5697032427.3,5697032427.3,5697032427.3,,3,SUR,1.59,
TQBR,2014-07-31,ГАЗПРОМ ао,GAZP,37623,5473031665.5,134.12,131.21,135.0,132.0,132.88,132.0,41187230,132.88,132.88,132.88,5471013159.5,5471013159.5,5471013159.5,,3,SUR,-1.05,
TQBR,2014-08-01,ГАЗПРОМ ао,GAZP,29398,4164787329.3,130.95,130.21,131.99,131.5,131.13,131.5,31759700,131.13,131.13,131.13,4161724408.8,4161724408.8,4161724408.8,,3,SUR,-0.38,
TQBR,2014-08-04,ГАЗПРОМ ао,GAZP,40238,5800246719.4,132.0,128.25,132.79,129.5,130.24,129.5,44534400,130.24,130.24,130.24,5798488479.4,5798488479.4,5798488479.4,,3,SUR,-1.52,
TQBR,2014-08-05,ГАЗПРОМ ао,GAZP,40424,5927059510.1,129.99,126.28,130.1,126.57,127.65,126.57,46432510,127.65,127.65,127.65,5922346072.7,5922346072.7,5922346072.7,,3,SUR,-2.26,
TQBR,2014-08-06,ГАЗПРОМ ао,GAZP,54259,8516305360.6,126.11,123.23,126.5,124.7,124.59,124.7,68355310,124.59,124.59,124.59,8512438828.0,8512438828.0,8512438828.0,,3,SUR,-1.48,
TQBR,2014-08-07,ГАЗПРОМ ао,GAZP,56882,8035675333.8,124.02,122.79,128.77,126.92,125.12,126.92,64225030,125.12,125.12,125.12,8033439253.2,8033439253.2,8033439253.2,,3,SUR,1.78,
TQBR,2014-08-08,ГАЗПРОМ ао,GAZP,67693,7208992963.7,126.48,126.33,129.37,126.55,128.09,126.55,56280080,128.09,128.09,128.09,7205951119.7,7205951119.7,7205951119.7,,3,SUR,-0.29,
TQBR,2014-08-11,ГАЗПРОМ ао,GAZP,51576,5563041254.1,128.01,127.84,130.45,128.3,128.94,128.3,43145400,128.94,128.94,128.94,5552326817.1,5552326817.1,5552326817.1,,3,SUR,1.38,
TQBR,2014-08-12,ГАЗПРОМ ао,GAZP,34979,4899509934.0,128.95,127.24,129.95,128.0,128.44,128.0,38147150,128.44,128.44,128.44,4898088905.0,4898088905.0,4898088905.0,,3,SUR,-0.23,
TQBR,2014-08-13,ГАЗПРОМ ао,GAZP,47362,7484888814.2,127.8,127.7,131.84,131.0,130.43,131.0,57387480,130.43,130.43,130.43,7482796728.2,7482796728.2,7482796728.2,,3,SUR,2.34,
TQBR,2014-08-14,ГАЗПРОМ ао,GAZP,36250,5702388599.6,131.2,130.34,132.49,131.41,131.35,131.41,43412620,131.35,131.35,131.35,5701096279.6,5701096279.6,5701096279.6,,3,SUR,0.31,
TQBR,2014-08-15,ГАЗПРОМ ао,GAZP,31793,5645222591.1,131.02,130.62,133.47,132.67,132.28,132.67,42674890,132.29,132.29,132.29,5634948002.7,5634948002.7,5634948002.7,,3,SUR,0.96,
TQBR,2014-08-18,ГАЗПРОМ ао,GAZP,24659,3819335867.5,132.82,132.11,134.4,134.29,133.55,134.29,28598600,133.55,133.55,133.55,3817576002.5,3817576002.5,3817576002.5,,3,SUR,1.22,
TQBR,2014-08-19,ГАЗПРОМ ао,GAZP,34990,5236730805.7,134.29,134.28,136.4,136.2,135.51,136.2,38645630,135.51,135.51,135.51,5235173041.7,5235173041.7,5235173041.7,,3,SUR,1.42,
TQBR,2014-08-20,ГАЗПРОМ ао,GAZP,21313,3050935774.3,136.2,135.16,136.8,136.7,136.09,136.7,22419120,136.09,136.09,136.09,3050205742.3,3050205742.3,3050205742.3,,3,SUR,0.37,
TQBR,2014-08-21,ГАЗПРОМ ао,GAZP,34272,4764128532.0,136.51,135.55,137.69,136.49,136.65,136.49,34863190,136.65,136.65,136.65,4761672717.1,4761672717.1,4761672717.1,,3,SUR,-0.15,
TQBR,2014-08-22,ГАЗПРОМ ао,GAZP,33807,5169448385.9,136.56,134.0,137.2,135.0,135.07,135.0,38272800,135.07,135.07,135.07,5169085136.3,5169085136.3,5169085136.3,,3,SUR,-1.09,
TQBR,2014-08-25,ГАЗПРОМ ао,GAZP,21123,2261117318.6,135.06,135.0,136.46,136.09,135.89,136.09,16639450,135.89,135.89,135.89,2258883426.2,2258883426.2,2258883426.2,,3,SUR,0.81,
TQBR,2014-08-26,ГАЗПРОМ ао,GAZP,25386,3691233173.1,136.19,134.71,136.99,135.0,135.93,135.0,27154630,135.93,135.93,135.93,3691211382.7,3691211382.7,3691211382.7,,3,SUR,-0.8,
TQBR,2014-08-27,ГАЗПРОМ ао,GAZP,23629,3397133661.4,135.9,135.12,136.67,135.51,135.94,135.51,24990540,135.94,135.94,135.94,3394801617.4,3394801617.4,3394801617.4,,3,SUR,0.38,
TQBR,2014-08-28,ГАЗПРОМ ао,GAZP,43025,6352776119.9,135.51,131.94,135.74,133.8,133.38,133.8,47627370,133.38,133.38,133.38,6351250277.3,6351250277.3,6351250277.3,,3,SUR,-1.26,
TQBR,2014-08-29,ГАЗПРОМ ао,GAZP,30806,4749572569.8,133.5,131.81,134.17,131.95,132.93,131.95,35728900,132.93,132.93,132.93,4746467359.8,4746467359.8,4746467359.8,,3,SUR,-1.38,
TQBR,2014-09-01,ГАЗПРОМ ао,GAZP,38658,5530810751.5,132.71,131.0,134.75,132.32,132.91,132.32,41613580,132.91,132.91,132.91,5529457109.5,5529457109.5,5529457109.5,,3,SUR,0.28,
TQBR,2014-09-02,ГАЗПРОМ ао,GAZP,22069,3381374723.8,132.68,131.34,133.32,133.32,132.38,133.32,25543730,132.38,132.38,132.38,3380808180.2,3380808180.2,3380808180.2,,3,SUR,0.76,
TQBR,2014-09-03,ГАЗПРОМ ао,GAZP,66694,8868576725.8,133.42,133.33,139.63,138.26,137.51,138.26,64491970,137.52,137.52,137.52,8864675525.0,8864675525.0,8864675525.0,,3,SUR,3.71,
TQBR,2014-09-04,ГАЗПРОМ ао,GAZP,39339,5974666515.2,138.3,136.8,139.29,138.15,137.95,138.15,43311610,137.95,137.95,137.95,5972795316.2,5972795316.2,5972795316.2,,3,SUR,-0.08,
TQBR,2014-09-05,ГАЗПРОМ ао,GAZP,37383,5172057768.9,137.28,136.36,140.13,139.0,138.78,139.0,37267050,138.79,138.79,138.79,5163311660.1,5163311660.1,5163311660.1,,3,SUR,0.62,
TQBR,2014-09-08,ГАЗПРОМ ао,GAZP,29653,4349613611.1,138.79,136.87,139.38,139.0,138.28,139.0,31454520,138.28,138.28,138.28,4346972437.4,4346972437.4,4346972437.4,,3,SUR,0.0,
TQBR,2014-09-09,ГАЗПРОМ ао,GAZP,26795,3719342102.0,139.29,138.86,140.82,139.02,139.76,139.02,26611960,139.76,139.76,139.76,3713441777.6,3713441777.6,3713441777.6,,3,SUR,0.01,
TQBR,2014-09-10,ГАЗПРОМ ао,GAZP,21395,2835967889.2,138.39,137.62,139.4,139.2,138.74,139.2,20441450,138.74,138.74,138.74,2832769696.3,2832769696.3,2832769696.3,,3,SUR,0.13,
TQBR,2014-09-11,ГАЗПРОМ ао,GAZP,38455,4768604028.4,139.69,136.51,140.28,136.65,137.98,136.65,34559170,137.98,137.98,137.98,4758208298.6,4758208298.6,4758208298.6,,3,SUR,-1.83,
TQBR,2014-09-12,ГАЗПРОМ ао,GAZP,33961,4808871662.2,136.5,136.0,138.56,137.56,137.44,137.56,34988310,137.44,137.44,137.44,4801891052.2,4801891052.2,4801891052.2,,3,SUR,0.67,
TQBR,2014-09-15,ГАЗПРОМ ао,GAZP,40490,5545696158.0,137.26,135.35,138.12,136.0,136.2,136.0,40717130,136.2,136.2,136.2,5544282380.0,5544282380.0,5544282380.0,,3,SUR,-1.13,
TQBR,2014-09-16,ГАЗПРОМ ао,GAZP,44386,5576171161.8,136.01,135.26,139.58,138.56,137.92,138.56,40431640,137.92,137.92,137.92,5575950825.6,5575950825.6,5575950825.6,,3,SUR,1.88,
TQBR,2014-09-17,ГАЗПРОМ ао,GAZP,35138,5456884601.4,138.5,136.05,139.34,137.0,137.25,137.0,39757700,137.25,137.25,137.25,5450736586.4,5450736586.4,5450736586.4,,3,SUR,-1.13,
TQBR,2014-09-18,ГАЗПРОМ ао,GAZP,24467,4024999407.9,137.25,136.51,138.4,138.2,137.62,138.2,29247410,137.62,137.62,137.62,4024657655.4,4024657655.4,4024657655.4,,3,SUR,0.88,
TQBR,2014-09-19,ГАЗПРОМ ао,GAZP,42279,6151334689.3,138.0,134.48,138.0,135.99,136.38,135.99,45103990,136.38,136.38,136.38,6149049409.3,6149049409.3,6149049409.3,,3,SUR,-1.6,
TQBR,2014-09-22,ГАЗПРОМ ао,GAZP,27142,3701730028.5,135.76,134.6,136.83,135.05,135.8,135.05,27258240,135.8,135.8,135.8,3700175576.5,3700175576.5,3700175576.5,,3,SUR,-0.69,
TQBR,2014-09-23,ГАЗПРОМ ао,GAZP,27323,3971163511.0,135.55,135.47,137.2,136.5,136.27,136.5,29141830,136.27,136.27,136.27,3967368111.0,3967368111.0,3967368111.0,,3,SUR,1.07,
TQBR,2014-09-24,ГАЗПРОМ ао,GAZP,28081,4450427006.6,136.99,136.88,138.65,137.8,137.9,137.8,32271690,137.91,137.91,137.91,4448911897.2,4448911897.2,4448911897.2,,3,SUR,0.95,
TQBR,2014-09-25,ГАЗПРОМ ао,GAZP,25655,4350884089.8,138.28,136.52,138.96,136.92,138.07,136.92,31511120,138.07,138.07,138.07,4349534477.0,4349534477.0,4349534477.0,,3,SUR,-0.64,
TQBR,2014-09-26,ГАЗПРОМ ао,GAZP,30931,4778087287.7,136.51,135.71,137.95,137.11,136.81,137.11,34925980,136.81,136.81,136.81,4773798143.5,4773798143.5,4773798143.5,,3,SUR,0.14,
TQBR,2014-09-29,ГАЗПРОМ ао,GAZP,34813,5067872051.0,138.0,135.0,138.57,135.77,137.02,135.77,36985740,137.02,137.02,137.02,5060604971.0,5060604971.0,5060604971.0,,3,SUR,-0.98,
TQBR,2014-09-30,ГАЗПРОМ ао,GAZP,46974,6905059785.2,136.27,135.14,139.13,137.9,137.38,137.9,50261030,137.38,137.38,137.38,6904100444.4,6904100444.4,6904100444.4,,3,SUR,1.57,
TQBR,2014-10-01,ГАЗПРОМ ао,GAZP,30126,5174974593.3,137.5,137.12,139.86,137.26,138.37,137.26,37398300,138.38,138.38,138.38,5169981968.3,5169981968.3,5169981968.3,,3,SUR,-0.46,
TQBR,2014-10-02,ГАЗПРОМ ао,GAZP,41368,5717475752.0,136.8,133.7,137.44,134.25,135.34,134.25,42243810,135.34,135.34,135.34,5706650768.0,5706650768.0,5706650768.0,,3,SUR,-2.19,
TQBR,2014-10-03,ГАЗПРОМ ао,GAZP,32107,4388627906.9,134.97,134.87,138.07,135.8,136.4,135.8,32174540,136.4,136.4,136.4,4378708961.6,4378708961.6,4378708961.6,,3,SUR,1.15,
TQBR,2014-10-06,ГАЗПРОМ ао,GAZP,34497,5717171331.5,136.61,136.61,139.63,138.9,138.36,138.9,41322460,138.36,138.36,138.36,5716665874.5,5716665874.5,5716665874.5,,3,SUR,2.28,
TQBR,2014-10-07,ГАЗПРОМ ао,GAZP,26921,3979566524.8,139.01,136.8,139.5,137.1,137.82,137.1,28875580,137.82,137.82,137.82,3979341328.6,3979341328.6,3979341328.6,,3,SUR,-1.3,
TQBR,2014-10-08,ГАЗПРОМ ао,GAZP,34019,4684094079.7,136.19,134.61,137.0,134.61,135.9,134.61,34466460,135.9,135.9,135.9,4669546263.9,4669546263.9,4669546263.9,,3,SUR,-1.82,
TQBR,2014-10-09,ГАЗПРОМ ао,GAZP,37865,5134300338.5,136.2,134.55,137.26,135.64,135.94,135.64,37768210,135.94,135.94,135.94,5132364936.5,5132364936.5,5132364936.5,,3,SUR,0.77,
TQBR,2014-10-10,ГАЗПРОМ ао,GAZP,38884,5677475679.9,134.3,132.09,134.6,133.21,133.28,133.21,42598080,133.28,133.28,133.28,5657857135.9,5657857135.9,5657857135.9,,3,SUR,-1.79,
TQBR,2014-10-13,ГАЗПРОМ ао,GAZP,32352,4175994087.1,133.0,132.32,136.4,135.25,135.04,135.25,30923230,135.05,135.05,135.05,4172315307.1,4172315307.1,4172315307.1,,3,SUR,1.53,
TQBR,2014-10-14,ГАЗПРОМ ао,GAZP,35289,4847741560.8,135.3,134.51,136.92,135.5,135.76,135.5,35709120,135.76,135.76,135.76,4847180065.8,4847180065.8,4847180065.8,,3,SUR,0.18,
TQBR,2014-10-15,ГАЗПРОМ ао,GAZP,35379,4370181956.4,134.9,134.25,136.48,134.5,135.2,134.5,32324170,135.2,135.2,135.2,4367546010.4,4367546010.4,4367546010.4,,3,SUR,-0.74,
TQBR,2014-10-16,ГАЗПРОМ ао,GAZP,50852,6426483004.3,135.0,131.93,135.59,132.41,133.93,132.41,47983260,133.93,133.93,133.93,6423388804.3,6423388804.3,6423388804.3,,3,SUR,-1.55,
TQBR,2014-10-17,ГАЗПРОМ ао,GAZP,33943,4043868027.2,133.5,133.01,135.4,134.6,134.46,134.6,30074200,134.46,134.46,134.46,4041143292.2,4041143292.2,4041143292.2,,3,SUR,1.65,
TQBR,2014-10-20,ГАЗПРОМ ао,GAZP,36815,4320487086.2,135.2,133.14,136.18,134.1,134.52,134.1,32118700,134.52,134.52,134.52,4318122438.2,4318122438.2,4318122438.2,,3,SUR,-0.37,
TQBR,2014-10-21,ГАЗПРОМ ао,GAZP,29450,3333233335.3,134.0,132.94,134.95,134.0,134.14,134.0,24848020,134.14,134.14,134.14,3332594155.3,3332594155.3,3332594155.3,,3,SUR,-0.07,
TQBR,2014-10-22,ГАЗПРОМ ао,GAZP,35874,4329093979.6,134.51,132.25,134.66,133.5,133.45,133.5,32439110,133.45,133.45,133.45,4325167632.7,4325167632.7,4325167632.7,,3,SUR,-0.37,
TQBR,2014-10-23,ГАЗПРОМ ао,GAZP,38485,4808424492.9,132.51,131.42,134.15,133.5,132.75,133.5,36223010,132.75,132.75,132.75,4802461542.9,4802461542.9,4802461542.9,,3,SUR,0.0,
TQBR,2014-10-24,ГАЗПРОМ ао,GAZP,23148,3246171800.7,133.5,132.35,134.3,133.99,133.19,133.99,24372990,133.19,133.19,133.19,3245689865.7,3245689865.7,3245689865.7,,3,SUR,0.37,
TQBR,2014-10-27,ГАЗПРОМ ао,GAZP,33579,4263702983.1,135.0,133.5,136.05,134.07,134.91,134.07,31605210,134.9,134.9,134.9,4253726483.1,4253726483.1,4253726483.1,,3,SUR,0.06,
TQBR,2014-10-28,ГАЗПРОМ ао,GAZP,27201,3782634259.9,134.62,134.1,136.14,135.75,135.56,135.75,27903910,135.56,135.56,135.56,3780211099.9,3780211099.9,3780211099.9,,3,SUR,1.25,
TQBR,2014-10-29,ГАЗПРОМ ао,GAZP,49926,6594814220.5,136.21,135.67,139.0,138.5,137.52,138.5,47956500,137.52,137.52,137.52,6594202637.6,6594202637.6,6594202637.6,,3,SUR,2.03,
TQBR,2014-10-30,ГАЗПРОМ ао,GAZP,53358,7589500301.4,138.09,137.62,139.9,139.5,138.92,139.5,54633270,138.92,138.92,138.92,7585637924.1,7585637924.1,7585637924.1,,3,SUR,0.72,
TQBR,2014-10-31,ГАЗПРОМ ао,GAZP,72794,10113564234.6,140.5,139.49,141.5,141.5,140.52,141.5,71971660,140.52,140.52,140.52,10095428494.6,10095428494.6,10095428494.6,,3,SUR,1.43,
TQBR,2014-11-03,ГАЗПРОМ ао,GAZP,21927,2806437113.9,141.0,140.26,144.0,143.39,142.74,143.39,19660650,142.74,142.74,142.74,2805905543.9,2805905543.9,2805905543.9,,3,SUR,1.34,
TQBR,2014-11-05,ГАЗПРОМ ао,GAZP,47150,6712207393.2,143.01,141.11,143.82,143.2,142.58,143.2,47075250,142.58,142.58,142.58,6697045473.0,6697045473.0,6697045473.0,,3,SUR,-0.13,
TQBR,2014-11-06,ГАЗПРОМ ао,GAZP,53731,8066683667.6,143.35,143.05,146.25,144.1,144.78,144.1,55716700,144.78,144.78,144.78,8065545468.6,8065545468.6,8065545468.6,,3,SUR,0.63,
TQBR,2014-11-07,ГАЗПРОМ ао,GAZP,84648,12732566799.0,143.5,142.73,147.0,144.5,145.03,144.5,87793540,145.03,145.03,145.03,12715638104.0,12715638104.0,12715638104.0,,3,SUR,0.28,
TQBR,2014-11-10,ГАЗПРОМ ао,GAZP,33569,4649038287.7,145.45,144.35,146.46,145.22,145.26,145.22,32004800,145.26,145.26,145.26,4645381674.7,4645381674.7,4645381674.7,,3,SUR,0.5,
TQBR,2014-11-11,ГАЗПРОМ ао,GAZP,36740,5864693999.3,145.0,143.01,145.69,143.71,144.93,143.71,40466110,144.93,144.93,144.93,5857037999.3,5857037999.3,5857037999.3,,3,SUR,-1.04,
TQBR,2014-11-12,ГАЗПРОМ ао,GAZP,30450,4553731581.4,144.14,143.0,145.6,143.57,144.17,143.57,31585430,144.17,144.17,144.17,4552627469.0,4552627469.0,4552627469.0,,3,SUR,-0.1,
TQBR,2014-11-13,ГАЗПРОМ ао,GAZP,33017,4885752510.0,143.7,141.51,144.45,141.84,142.93,141.84,34181920,142.93,142.93,142.93,4885603062.0,4885603062.0,4885603062.0,,3,SUR,-1.2,
TQBR,2014-11-14,ГАЗПРОМ ао,GAZP,35183,4971456441.6,141.5,141.0,143.35,142.49,142.16,142.49,34971670,142.16,142.16,142.16,4970206996.6,4970206996.6,4970206996.6,,3,SUR,0.46,
TQBR,2014-11-17,ГАЗПРОМ ао,GAZP,23708,3066044183.3,142.47,141.91,143.48,142.67,142.78,142.67,21473850,142.78,142.78,142.78,3064766227.4,3064766227.4,3064766227.4,,3,SUR,0.13,
TQBR,2014-11-18,ГАЗПРОМ ао,GAZP,32542,4308641777.0,143.1,141.53,144.01,143.2,142.69,143.2,30196660,142.69,142.69,142.69,4303080911.0,4303080911.0,4303080911.0,,3,SUR,0.37,
TQBR,2014-11-19,ГАЗПРОМ ао,GAZP,21733,2908010462.1,143.21,142.67,144.38,143.98,143.78,143.98,20225140,143.78,143.78,143.78,2907271498.5,2907271498.5,2907271498.5,,3,SUR,0.54,
TQBR,2014-11-20,ГАЗПРОМ ао,GAZP,30399,4582322287.3,144.22,143.22,145.11,144.48,144.31,144.48,31754200,144.31,144.31,144.31,4577361119.3,4577361119.3,4577361119.3,,3,SUR,0.35,
TQBR,2014-11-21,ГАЗПРОМ ао,GAZP,37317,4949911809.3,144.51,143.61,145.99,145.01,144.96,145.01,34146350,144.96,144.96,144.96,4946950799.4,4946950799.4,4946950799.4,,3,SUR,0.37,
TQBR,2014-11-24,ГАЗПРОМ ао,GAZP,29385,4276581273.5,145.76,143.82,146.0,144.7,144.68,144.7,29558390,144.68,144.68,144.68,4274336569.5,4274336569.5,4274336569.5,,3,SUR,-0.21,
TQBR,2014-11-25,ГАЗПРОМ ао,GAZP,24510,3691973028.6,144.5,143.59,145.39,144.13,144.53,144.13,25545000,144.53,144.53,144.53,3690791018.6,3690791018.6,3690791018.6,,3,SUR,-0.39,
TQBR,2014-11-26,ГАЗПРОМ ао,GAZP,27595,3999680716.1,144.0,143.68,145.5,145.5,144.48,145.5,27683500,144.48,144.48,144.48,3995524876.1,3995524876.1,3995524876.1,,3,SUR,0.95,
TQBR,2014-11-27,ГАЗПРОМ ао,GAZP,39740,6431856824.4,145.33,143.12,145.89,143.19,145.1,143.19,44326410,145.1,145.1,145.1,6431290037.4,6431290037.4,6431290037.4,,3,SUR,-1.59,
TQBR,2014-11-28,ГАЗПРОМ ао,GAZP,44386,6254217126.9,143.0,142.0,144.2,142.86,143.37,142.86,43623690,143.37,143.37,143.37,6234330116.9,6234330116.9,6234330116.9,,3,SUR,-0.23,
TQBR,2014-12-01,ГАЗПРОМ ао,GAZP,64603,10783455129.2,142.4,142.37,146.12,144.1,144.7,144.1,74522900,144.7,144.7,144.7,10777601065.2,10777601065.2,10777601065.2,,3,SUR,0.87,
TQBR,2014-12-02,ГАЗПРОМ ао,GAZP,46889,6481392809.7,144.41,143.55,146.41,144.91,145.0,144.91,44697870,145.01,145.01,145.01,6471861749.7,6471861749.7,6471861749.7,,3,SUR,0.56,
TQBR,2014-12-03,ГАЗПРОМ ао,GAZP,49198,7048084179.9,145.53,144.42,146.4,146.23,145.41,146.23,48469440,145.41,145.41,145.41,7046027841.0,7046027841.0,7046027841.0,,3,SUR,0.91,
TQBR,2014-12-04,ГАЗПРОМ ао,GAZP,51489,7486957367.9,146.5,144.5,147.95,144.5,146.43,144.5,51131510,146.43,146.43,146.43,7479658737.9,7479658737.9,7479658737.9,,3,SUR,-1.18,
TQBR,2014-12-05,ГАЗПРОМ ао,GAZP,36457,4810765435.7,144.5,140.5,144.91,140.5,142.88,140.5,33668820,142.88,142.88,142.88,4807064790.7,4807064790.7,4807064790.7,,3,SUR,-2.77,
TQBR,2014-12-08,ГАЗПРОМ ао,GAZP,51059,7049702300.0,141.23,134.02,142.76,135.05,138.61,135.05,50861010,138.61,138.61,138.61,7049304031.4,7049304031.4,7049304031.4,,3,SUR,-3.88,
TQBR,2014-12-09,ГАЗПРОМ ао,GAZP,39239,4422270551.5,135.15,133.54,136.83,135.24,135.37,135.24,32667510,135.37,135.37,135.37,4420533874.0,4420533874.0,4420533874.0,,3,SUR,0.14,
TQBR,2014-12-10,ГАЗПРОМ ао,GAZP,37339,4726652459.6,135.91,135.67,139.3,136.09,137.34,136.09,34416870,137.34,137.34,137.34,4725803022.1,4725803022.1,4725803022.1,,3,SUR,0.63,
TQBR,2014-12-11,ГАЗПРОМ ао,GAZP,42908,4944440965.2,136.0,133.6,136.9,134.01,135.03,134.01,36618580,135.03,135.03,135.03,4942889205.2,4942889205.2,4942889205.2,,3,SUR,-1.53,
TQBR,2014-12-12,ГАЗПРОМ ао,GAZP,44123,5484968254.9,133.17,130.51,137.53,134.49,134.57,134.49,40757920,134.58,134.58,134.58,5481770843.2,5481770843.2,5481770843.2,,3,SUR,0.36,
TQBR,2014-12-15,ГАЗПРОМ ао,GAZP,57238,8488431007.9,135.19,127.55,135.87,130.29,132.14,130.29,64239030,132.14,132.14,132.14,8487514419.7,8487514419.7,8487514419.7,,3,SUR,-3.12,
TQBR,2014-12-16,ГАЗПРОМ ао,GAZP,106244,12940871887.4,129.5,113.73,134.21,131.4,128.44,131.4,100754700,128.44,128.44,128.44,12938581032.4,12938581032.4,12938581032.4,,3,SUR,0.85,
TQBR,2014-12-17,ГАЗПРОМ ао,GAZP,103402,11246151806.4,130.05,125.25,139.96,131.0,131.55,131.0,85486950,131.56,131.56,131.56,11237611422.9,11237611422.9,11237611422.9,,3,SUR,-0.3,
TQBR,2014-12-18,ГАЗПРОМ ао,GAZP,71262,9066529597.9,132.36,132.0,139.7,137.0,136.78,137.0,66286900,136.79,136.79,136.79,9033255617.5,9033255617.5,9033255617.5,,3,SUR,4.58,
TQBR,2014-12-19,ГАЗПРОМ ао,GAZP,51395,5944609520.4,137.15,131.3,139.0,138.7,134.14,138.7,44317130,134.14,134.14,134.14,5939415649.9,5939415649.9,5939415649.9,,3,SUR,1.24,
TQBR,2014-12-22,ГАЗПРОМ ао,GAZP,52747,6681845155.9,138.92,135.7,140.0,136.49,137.89,136.49,48457080,137.89,137.89,137.89,6673876704.7,6673876704.7,6673876704.7,,3,SUR,-1.59,
TQBR,2014-12-23,ГАЗПРОМ ао,GAZP,42633,4264797499.1,136.8,132.51,137.77,133.4,135.63,133.4,31443660,135.63,135.63,135.63,4263310483.1,4263310483.1,4263310483.1,,3,SUR,-2.26,
TQBR,2014-12-24,ГАЗПРОМ ао,GAZP,30251,2333337497.1,133.4,132.66,135.25,134.28,133.98,134.28,17416130,133.98,133.98,133.98,2331898111.1,2331898111.1,2331898111.1,,3,SUR,0.66,
TQBR,2014-12-25,ГАЗПРОМ ао,GAZP,19360,1498275076.3,133.43,133.1,135.12,134.8,134.1,134.8,11172590,134.1,134.1,134.1,1497381095.3,1497381095.3,1497381095.3,,3,SUR,0.39,
TQBR,2014-12-26,ГАЗПРОМ ао,GAZP,28784,1805417063.8,135.2,134.51,136.28,134.6,135.39,134.6,13334570,135.39,135.39,135.39,1805308903.8,1805308903.8,1805308903.8,,3,SUR,-0.15,
TQBR,2014-12-29,ГАЗПРОМ ао,GAZP,45915,3857164086.7,134.8,133.08,139.43,135.5,136.05,135.5,28351300,136.05,136.05,136.05,3857135778.7,3857135778.7,3857135778.7,,3,SUR,0.67,
TQBR,2014-12-30,ГАЗПРОМ ао,GAZP,35109,3258518278.7,134.5,129.74,134.79,130.31,131.48,130.31,24784040,131.48,131.48,131.48,3257829638.7,3257829638.7,3257829638.7,,3,SUR,-3.83,
TQBR,2015-01-05,ГАЗПРОМ ао,GAZP,27262,2410730975.5,129.5,129.15,133.95,133.95,132.29,133.95,18223370,132.29,132.29,132.29,2408836390.5,2408836390.5,2408836390.5,,3,SUR,2.79,
TQBR,2015-01-06,ГАЗПРОМ ао,GAZP,30998,3451541875.0,133.0,132.71,138.92,138.92,136.44,138.92,25297090,136.44,136.44,136.44,3448061265.0,3448061265.0,3448061265.0,,3,SUR,3.71,
TQBR,2015-01-08,ГАЗПРОМ ао,GAZP,46904,4739748701.9,140.05,140.0,147.5,146.46,145.37,146.46,32604900,145.38,145.38,145.38,4731233661.9,4731233661.9,4731233661.9,,3,SUR,5.43,
TQBR,2015-01-09,ГАЗПРОМ ао,GAZP,44720,4203772914.7,146.48,139.9,147.08,141.7,142.46,141.7,29508430,142.46,142.46,142.46,4202725582.7,4202725582.7,4202725582.7,,3,SUR,-3.25,
TQBR,2015-01-12,ГАЗПРОМ ао,GAZP,37074,3577341320.7,141.34,139.72,143.44,140.22,141.44,140.22,25292180,141.44,141.44,141.44,3576573844.5,3576573844.5,3576573844.5,,3,SUR,-1.04,
TQBR,2015-01-13,ГАЗПРОМ ао,GAZP,46580,4675903439.3,140.01,139.0,143.81,142.64,142.04,142.64,32919420,142.04,142.04,142.04,4674944370.8,4674944370.8,4674944370.8,,3,SUR,1.73,
TQBR,2015-01-14,ГАЗПРОМ ао,GAZP,43243,5487005960.8,142.0,141.99,147.5,146.3,144.94,146.3,37856670,144.95,144.95,144.95,5480356100.8,5480356100.8,5480356100.8,,3,SUR,2.57,
TQBR,2015-01-15,ГАЗПРОМ ао,GAZP,42858,4854328887.0,147.51,145.5,149.89,147.0,147.77,147.0,32851540,147.77,147.77,147.77,4850782746.6,4850782746.6,4850782746.6,,3,SUR,0.48,
TQBR,2015-01-16,ГАЗПРОМ ао,GAZP,36061,4847186139.8,146.0,145.5,150.2,149.6,148.29,149.6,32688170,148.29,148.29,148.29,4842286379.8,4842286379.8,4842286379.8,,3,SUR,1.77,
TQBR,2015-01-19,ГАЗПРОМ ао,GAZP,52057,8077682513.9,149.55,147.59,152.83,148.11,151.07,148.11,53470440,151.07,151.07,151.07,8076714925.4,8076714925.4,8076714925.4,,3,SUR,-1.0,
TQBR,2015-01-20,ГАЗПРОМ ао,GAZP,42849,4844605767.9,148.2,145.72,149.72,145.75,148.0,145.75,32734660,148.0,148.0,148.0,4840716999.9,4840716999.9,4840716999.9,,3,SUR,-1.59,
TQBR,2015-01-21,ГАЗПРОМ ао,GAZP,40011,4413114219.8,146.9,145.92,149.51,148.8,147.78,148.8,29863590,147.78,147.78,147.78,4410956258.8,4410956258.8,4410956258.8,,3,SUR,2.09,
TQBR,2015-01-22,ГАЗПРОМ ао,GAZP,56426,8449287410.7,149.0,148.65,152.69,151.5,151.4,151.5,55809050,151.4,151.4,151.4,8447663310.7,8447663310.7,8447663310.7,,3,SUR,1.81,
TQBR,2015-01-23,ГАЗПРОМ ао,GAZP,45136,5672259037.8,152.44,150.36,152.93,152.83,151.94,152.83,37332960,151.94,151.94,151.94,5667483092.6,5667483092.6,5667483092.6,,3,SUR,0.88,
TQBR,2015-01-26,ГАЗПРОМ ао,GAZP,40468,4272002215.2,151.93,146.75,152.46,148.0,148.62,148.0,28744250,148.62,148.62,148.62,4270040798.9,4270040798.9,4270040798.9,,3,SUR,-3.16,
TQBR,2015-01-27,ГАЗПРОМ ао,GAZP,42658,5679494834.3,146.51,146.11,152.45,150.9,150.38,150.9,37768110,150.38,150.38,150.38,5672970744.0,5672970744.0,5672970744.0,,3,SUR,1.96,
TQBR,2015-01-28,ГАЗПРОМ ао,GAZP,46941,5230959684.3,151.4,147.5,154.47,147.7,151.0,147.7,34641630,151.0,151.0,151.0,5228609956.3,5228609956.3,5228609956.3,,3,SUR,-2.12,
TQBR,2015-01-29,ГАЗПРОМ ао,GAZP,43920,4913030827.0,147.14,144.49,149.2,145.0,147.0,145.0,33421900,147.0,147.0,147.0,4910939967.6,4910939967.6,4910939967.6,,3,SUR,-1.83,
TQBR,2015-01-30,ГАЗПРОМ ао,GAZP,57593,5884995954.4,145.75,142.13,146.82,143.82,143.28,143.82,41074470,143.28,143.28,143.28,5883674001.9,5883674001.9,5883674001.9,,3,SUR,-0.81,
TQBR,2015-02-02,ГАЗПРОМ ао,GAZP,73666,8302824853.4,144.7,137.43,145.2,138.18,139.54,138.18,59503010,139.53,139.53,139.53,8297524492.4,8297524492.4,8297524492.4,,3,SUR,-3.92,
TQBR,2015-02-03,ГАЗПРОМ ао,GAZP,64324,5738005840.4,139.2,138.25,142.3,140.35,140.22,140.35,40922430,140.22,140.22,140.22,5735910880.4,5735910880.4,5735910880.4,,3,SUR,1.57,
TQBR,2015-02-04,ГАЗПРОМ ао,GAZP,45095,4179685138.4,141.2,139.43,143.8,142.6,141.63,142.6,29511370,141.63,141.63,141.63,4177118122.4,4177118122.4,4177118122.4,,3,SUR,1.6,
TQBR,2015-02-05,ГАЗПРОМ ао,GAZP,55280,6701264656.7,141.99,140.34,147.74,147.6,144.63,147.6,46332730,144.64,144.64,144.64,6695387690.6,6695387690.6,6695387690.6,,3,SUR,3.51,
TQBR,2015-02-06,ГАЗПРОМ ао,GAZP,68041,8144111498.4,148.0,147.13,152.2,151.6,150.3,151.6,54186930,150.3,150.3,150.3,8137552138.4,8137552138.4,8137552138.4,,3,SUR,2.71,
TQBR,2015-02-09,ГАЗПРОМ ао,GAZP,60586,7912529270.2,151.78,147.7,153.95,149.3,151.42,149.3,52256270,151.42,151.42,151.42,7910293550.8,7910293550.8,7910293550.8,,3,SUR,-1.52,
TQBR,2015-02-10,ГАЗПРОМ ао,GAZP,41357,4689759596.5,148.56,148.07,151.9,149.31,150.26,149.31,31210650,150.26,150.26,150.26,4684610506.9,4684610506.9,4684610506.9,,3,SUR,0.01,
TQBR,2015-02-11,ГАЗПРОМ ао,GAZP,54845,6359214344.6,150.31,149.88,153.83,150.55,151.96,150.55,41847390,151.96,151.96,151.96,6355211589.3,6355211589.3,6355211589.3,,3,SUR,0.83,
TQBR,2015-02-12,ГАЗПРОМ ао,GAZP,99097,14081157890.5,152.5,149.5,157.98,157.7,154.44,157.7,91174060,154.44,154.44,154.44,14078455590.5,14078455590.5,14078455590.5,,3,SUR,4.75,
TQBR,2015-02-13,ГАЗПРОМ ао,GAZP,77263,14426411895.5,158.2,158.16,162.75,162.4,161.02,162.4,89594590,161.03,161.03,161.03,14392052437.5,14392052437.5,14392052437.5,,3,SUR,2.98,
TQBR,2015-02-16,ГАЗПРОМ ао,GAZP,42969,4771299892.1,162.4,158.2,163.44,160.19,159.97,160.19,29826710,159.97,159.97,159.97,4770476524.1,4770476524.1,4770476524.1,,3,SUR,-1.36,
TQBR,2015-02-17,ГАЗПРОМ ао,GAZP,74269,9568047974.6,160.0,156.3,164.2,159.2,160.93,159.2,59453940,160.93,160.93,160.93,9567006374.6,9567006374.6,9567006374.6,,3,SUR,-0.62,
TQBR,2015-02-18,ГАЗПРОМ ао,GAZP,67453,9012348159.8,160.62,160.4,166.94,163.0,164.06,163.0,54933190,164.06,164.06,164.06,9009060268.4,9009060268.4,9009060268.4,,3,SUR,2.39,
TQBR,2015-02-19,ГАЗПРОМ ао,GAZP,57302,8178546038.2,163.0,157.07,165.44,160.9,160.72,160.9,50885770,160.71,160.71,160.71,8111394928.2,8111394928.2,8111394928.2,,3,SUR,-1.29,
TQBR,2015-02-20,ГАЗПРОМ ао,GAZP,42267,5156745625.5,161.5,156.61,162.39,158.0,158.96,158.0,32440500,158.95,158.95,158.95,5139253560.5,5139253560.5,5139253560.5,,3,SUR,-1.8,
TQBR,2015-02-24,ГАЗПРОМ ао,GAZP,35655,4442788644.3,154.82,152.82,155.75,154.99,154.64,154.99,28730540,154.64,154.64,154.64,4422666688.9,4422666688.9,4422666688.9,,3,SUR,-1.91,
TQBR,2015-02-25,ГАЗПРОМ ао,GAZP,48849,6271076078.8,154.99,149.22,155.15,150.7,151.1,150.7,41502390,151.1,151.1,151.1,6265028369.0,6265028369.0,6265028369.0,,3,SUR,-2.77,
TQBR,2015-02-26,ГАЗПРОМ ао,GAZP,60029,7360603358.5,151.08,149.1,153.77,151.65,151.54,151.65,48571440,151.54,151.54,151.54,7356614846.5,7356614846.5,7356614846.5,,3,SUR,0.63,
TQBR,2015-02-27,ГАЗПРОМ ао,GAZP,47998,5547823742.3,151.48,149.76,153.4,152.95,151.43,152.95,36636440,151.43,151.43,151.43,5546034763.5,5546034763.5,5546034763.5,,3,SUR,0.86,
TQBR,2015-03-02,ГАЗПРОМ ао,GAZP,41425,4324642084.4,152.5,152.5,155.83,155.5,154.71,155.5,27953010,154.72,154.72,154.72,4316695309.4,4316695309.4,4316695309.4,,3,SUR,1.67,
TQBR,2015-03-03,ГАЗПРОМ ао,GAZP,55684,7448819008.7,155.3,153.5,160.6,159.0,158.0,159.0,47144370,158.0,158.0,158.0,7446282959.7,7446282959.7,7446282959.7,,3,SUR,2.25,
TQBR,2015-03-04,ГАЗПРОМ ао,GAZP,44194,5013864178.8,159.0,153.82,160.14,154.0,157.03,154.0,31928730,157.03,157.03,157.03,5011234318.8,5011234318.8,5011234318.8,,3,SUR,-3.14,
TQBR,2015-03-05,ГАЗПРОМ ао,GAZP,55914,6798340029.8,154.89,152.63,157.75,154.8,155.61,154.8,43688360,155.61,155.61,155.61,6794436801.8,6794436801.8,6794436801.8,,3,SUR,0.52,
TQBR,2015-03-06,ГАЗПРОМ ао,GAZP,34804,4174269753.3,155.47,151.47,156.13,152.12,153.72,152.12,27154750,153.72,153.72,153.72,4173997680.8,4173997680.8,4173997680.8,,3,SUR,-1.73,
TQBR,2015-03-10,ГАЗПРОМ ао,GAZP,45213,5254852951.7,151.31,148.05,151.7,148.05,149.35,148.05,35185430,149.35,149.35,149.35,5253631880.0,5253631880.0,5253631880.0,,3,SUR,-2.68,
TQBR,2015-03-11,ГАЗПРОМ ао,GAZP,48762,5555836934.8,148.05,145.95,149.6,145.99,147.94,145.99,37555110,147.94,147.94,147.94,5552991413.8,5552991413.8,5552991413.8,,3,SUR,-1.39,
TQBR,2015-03-12,ГАЗПРОМ ао,GAZP,40696,3887606730.6,147.0,144.7,147.47,144.7,146.04,144.7,26620170,146.04,146.04,146.04,3883643610.6,3883643610.6,3883643610.6,,3,SUR,-0.88,
TQBR,2015-03-13,ГАЗПРОМ ао,GAZP,44949,4690738032.6,145.03,141.14,146.12,141.8,143.56,141.8,32674100,143.56,143.56,143.56,4690224626.4,4690224626.4,4690224626.4,,3,SUR,-2.0,
TQBR,2015-03-16,ГАЗПРОМ ао,GAZP,50696,5177841101.5,141.06,139.75,142.89,139.75,140.93,139.75,36741180,140.93,140.93,140.93,5177523716.5,5177523716.5,5177523716.5,,3,SUR,-1.45,
TQBR,2015-03-17,ГАЗПРОМ ао,GAZP,35071,3805157798.8,140.67,138.55,141.63,139.7,140.12,139.7,27156360,140.12,140.12,140.12,3801102282.7,3801102282.7,3801102282.7,,3,SUR,-0.04,
TQBR,2015-03-18,ГАЗПРОМ ао,GAZP,31694,3534537790.4,140.1,138.7,141.45,140.25,139.91,140.25,25263770,139.91,139.91,139.91,3534156718.4,3534156718.4,3534156718.4,,3,SUR,0.39,
TQBR,2015-03-19,ГАЗПРОМ ао,GAZP,52798,5745493219.3,141.11,136.8,142.62,136.81,139.84,136.81,41086070,139.84,139.84,139.84,5728466886.7,5728466886.7,5728466886.7,,3,SUR,-2.45,
TQBR,2015-03-20,ГАЗПРОМ ао,GAZP,67073,7674697790.7,137.68,134.51,138.59,136.0,136.48,136.0,56234950,136.47,136.47,136.47,7670901953.1,7670901953.1,7670901953.1,,3,SUR,-0.59,
TQBR,2015-03-23,ГАЗПРОМ ао,GAZP,40365,4081290542.5,137.01,133.43,137.57,134.61,135.29,134.61,30167060,135.29,135.29,135.29,4075975924.6,4075975924.6,4075975924.6,,3,SUR,-1.02,
TQBR,2015-03-24,ГАЗПРОМ ао,GAZP,44480,4207507845.2,134.05,133.41,138.14,137.15,136.35,137.15,30858700,136.35,136.35,136.35,4207096311.7,4207096311.7,4207096311.7,,3,SUR,1.89,
TQBR,2015-03-25,ГАЗПРОМ ао,GAZP,42886,3988047505.9,137.22,133.81,138.33,134.9,135.85,134.9,29356120,135.85,135.85,135.85,3986350094.5,3986350094.5,3986350094.5,,3,SUR,-1.64,
TQBR,2015-03-26,ГАЗПРОМ ао,GAZP,51626,5036008855.4,136.0,131.7,136.69,132.2,134.03,132.2,37575090,134.01,134.01,134.01,5008716375.4,5008716375.4,5008716375.4,,3,SUR,-2.0,
TQBR,2015-03-27,ГАЗПРОМ ао,GAZP,47410,4344533290.3,132.67,132.2,134.98,134.88,134.03,134.88,32414170,134.03,134.03,134.03,4343644401.3,4343644401.3,4343644401.3,,3,SUR,2.03,
TQBR,2015-03-30,ГАЗПРОМ ао,GAZP,38042,3627201336.5,134.5,134.24,137.88,137.0,136.51,137.0,26571490,136.51,136.51,136.51,3626684856.5,3626684856.5,3626684856.5,,3,SUR,1.57,
TQBR,2015-03-31,ГАЗПРОМ ао,GAZP,42714,4800950525.7,136.85,136.6,139.19,138.9,138.2,138.9,34740300,138.2,138.2,138.2,4798268265.7,4798268265.7,4798268265.7,,3,SUR,1.39,
TQBR,2015-04-01,ГАЗПРОМ ао,GAZP,58066,6607237565.7,138.45,137.57,143.2,143.0,141.18,143.0,46798830,141.18,141.18,141.18,6605106820.2,6605106820.2,6605106820.2,,3,SUR,2.95,
TQBR,2015-04-02,ГАЗПРОМ ао,GAZP,45857,5052217982.1,143.83,142.32,144.88,143.9,143.85,143.9,35121700,143.85,143.85,143.85,5046456152.3,5046456152.3,5046456152.3,,3,SUR,0.63,
TQBR,2015-04-03,ГАЗПРОМ ао,GAZP,25884,2689036654.0,144.0,143.02,145.65,143.94,144.39,143.94,18623200,144.39,144.39,144.39,2687720494.0,2687720494.0,2687720494.0,,3,SUR,0.03,
TQBR,2015-04-06,ГАЗПРОМ ао,GAZP,36012,3385195180.1,144.0,143.36,145.7,145.7,144.77,145.7,23383910,144.77,144.77,144.77,3383664460.1,3383664460.1,3383664460.1,,3,SUR,1.22,
TQBR,2015-04-07,ГАЗПРОМ ао,GAZP,46596,5565551131.8,145.4,144.8,147.35,146.2,146.1,146.2,38094250,146.1,146.1,146.1,5562923753.8,5562923753.8,5562923753.8,,3,SUR,0.34,
TQBR,2015-04-08,ГАЗПРОМ ао,GAZP,38322,4550921345.0,145.83,145.13,147.3,147.27,146.32,147.27,31102640,146.32,146.32,146.32,4550806139.3,4550806139.3,4550806139.3,,3,SUR,0.73,
TQBR,2015-04-09,ГАЗПРОМ ао,GAZP,73050,9920515901.4,147.0,143.72,148.74,148.1,146.43,148.1,67748960,146.43,146.43,146.43,9920046971.4,9920046971.4,9920046971.4,,3,SUR,0.56,
TQBR,2015-04-10,ГАЗПРОМ ао,GAZP,66421,8264681068.7,148.17,147.0,151.9,148.0,149.16,148.0,55406350,149.17,149.17,149.17,8261286494.0,8261286494.0,8261286494.0,,3,SUR,-0.07,
TQBR,2015-04-13,ГАЗПРОМ ао,GAZP,41370,5202649424.5,148.06,146.3,150.0,148.8,148.66,148.8,34995850,148.66,148.66,148.66,5200746853.5,5200746853.5,5200746853.5,,3,SUR,0.54,
TQBR,2015-04-14,ГАЗПРОМ ао,GAZP,46903,5822086608.2,148.13,143.9,148.4,144.4,145.22,144.4,40092440,145.22,145.22,145.22,5820282384.8,5820282384.8,5820282384.8,,3,SUR,-2.96,
TQBR,2015-04-15,ГАЗПРОМ ао,GAZP,41601,5714303773.2,144.49,144.25,150.1,150.1,147.77,150.1,38670940,147.77,147.77,147.77,5713799503.1,5713799503.1,5713799503.1,,3,SUR,3.95,
TQBR,2015-04-16,ГАЗПРОМ ао,GAZP,51500,6457450523.4,150.62,149.12,152.87,152.4,150.75,152.4,42835980,150.75,150.75,150.75,6448964592.6,6448964592.6,6448964592.6,,3,SUR,1.53,
TQBR,2015-04-17,ГАЗПРОМ ао,GAZP,59079,8658398014.6,152.41,149.3,153.55,149.3,151.66,149.3,57089260,151.66,151.66,151.66,8655241603.5,8655241603.5,8655241603.5,,3,SUR,-2.03,
TQBR,2015-04-20,ГАЗПРОМ ао,GAZP,56078,6180574229.2,150.0,148.73,154.7,153.96,152.45,153.96,40542190,152.45,152.45,152.45,6179882729.2,6179882729.2,6179882729.2,,3,SUR,3.12,
TQBR,2015-04-21,ГАЗПРОМ ао,GAZP,41940,4556912419.2,153.5,153.47,156.2,155.35,155.36,155.35,29331080,155.36,155.36,155.36,4549545954.2,4549545954.2,4549545954.2,,3,SUR,0.9,
TQBR,2015-04-22,ГАЗПРОМ ао,GAZP,47466,5711334818.0,155.22,150.08,155.27,150.8,152.05,150.8,37562510,152.05,152.05,152.05,5709947151.2,5709947151.2,5709947151.2,,3,SUR,-2.93,
TQBR,2015-04-23,ГАЗПРОМ ао,GAZP,57568,5884340268.2,151.0,146.62,151.0,150.15,148.68,150.15,39578500,148.67,148.67,148.67,5881111888.2,5881111888.2,5881111888.2,,3,SUR,-0.43,
TQBR,2015-04-24,ГАЗПРОМ ао,GAZP,45227,5459393569.8,150.0,149.67,154.14,153.89,152.72,153.89,35747130,152.73,152.73,152.73,5452349569.8,5452349569.8,5452349569.8,,3,SUR,2.49,
TQBR,2015-04-27,ГАЗПРОМ ао,GAZP,34350,3385601578.1,153.98,152.05,155.18,152.05,153.86,152.05,22004600,153.86,153.86,153.86,3384228076.5,3384228076.5,3384228076.5,,3,SUR,-1.2,
TQBR,2015-04-28,ГАЗПРОМ ао,GAZP,34903,3927374609.9,151.77,149.7,153.14,152.79,151.39,152.79,25942650,151.39,151.39,151.39,3925475967.2,3925475967.2,3925475967.2,,3,SUR,0.49,
TQBR,2015-04-29,ГАЗПРОМ ао,GAZP,43724,4934823358.6,152.8,151.75,154.99,152.5,153.6,152.5,32127150,153.6,153.6,153.6,4934733206.6,4934733206.6,4934733206.6,,3,SUR,-0.19,
TQBR,2015-04-30,ГАЗПРОМ ао,GAZP,40108,4389882696.8,152.54,151.06,154.2,153.5,152.83,153.5,28723340,152.83,152.83,152.83,4389379314.8,4389379314.8,4389379314.8,,3,SUR,0.66,
TQBR,2015-05-05,ГАЗПРОМ ао,GAZP,53886,5255936696.9,154.52,153.32,158.7,156.33,156.25,156.33,33638700,156.25,156.25,156.25,5251956261.7,5251956261.7,5251956261.7,,3,SUR,1.84,
TQBR,2015-05-06,ГАЗПРОМ ао,GAZP,39077,4618118792.2,156.35,153.3,156.39,155.25,154.97,155.25,29799390,154.97,154.97,154.97,4616774182.2,4616774182.2,4616774182.2,,3,SUR,-0.69,
TQBR,2015-05-07,ГАЗПРОМ ао,GAZP,42124,4450190850.2,154.52,150.81,154.59,152.1,152.4,152.1,29201660,152.39,152.39,152.39,4449092213.0,4449092213.0,4449092213.0,,3,SUR,-2.03,
TQBR,2015-05-08,ГАЗПРОМ ао,GAZP,29379,3437637877.2,152.0,151.7,155.65,155.52,154.15,155.52,22300590,154.15,154.15,154.15,3436865717.2,3436865717.2,3436865717.2,,3,SUR,2.25,
TQBR,2015-05-12,ГАЗПРОМ ао,GAZP,54518,5428235345.3,155.51,152.1,157.0,154.2,154.38,154.2,35162100,154.38,154.38,154.38,5428058063.9,5428058063.9,5428058063.9,,3,SUR,-0.85,
TQBR,2015-05-13,ГАЗПРОМ ао,GAZP,32430,3636747207.0,154.3,151.6,154.5,151.74,153.22,151.74,23735400,153.22,153.22,153.22,3633925060.0,3633925060.0,3633925060.0,,3,SUR,-1.6,
TQBR,2015-05-14,ГАЗПРОМ ао,GAZP,34557,2979519042.2,151.78,151.05,153.68,151.8,152.32,151.8,19561270,152.32,152.32,152.32,2978617469.0,2978617469.0,2978617469.0,,3,SUR,0.04,
TQBR,2015-05-15,ГАЗПРОМ ао,GAZP,26506,3143583796.8,152.49,151.5,154.1,152.98,152.88,152.98,20562190,152.88,152.88,152.88,3142426397.7,3142426397.7,3142426397.7,,3,SUR,0.78,
TQBR,2015-05-18,ГАЗПРОМ ао,GAZP,25703,2710789291.4,153.01,151.64,154.28,151.9,153.07,151.9,17709240,153.07,153.07,153.07,2708763439.0,2708763439.0,2708763439.0,,3,SUR,-0.71,
TQBR,2015-05-19,ГАЗПРОМ ао,GAZP,39575,3767297467.9,151.71,148.62,152.4,149.85,149.95,149.85,25123260,149.95,149.95,149.95,3765932077.9,3765932077.9,3765932077.9,,3,SUR,-1.35,
TQBR,2015-05-20,ГАЗПРОМ ао,GAZP,44155,3023157688.4,150.0,146.0,150.0,146.35,147.51,146.35,20494720,147.51,147.51,147.51,3022367188.4,3022367188.4,3022367188.4,,3,SUR,-2.34,
TQBR,2015-05-21,ГАЗПРОМ ао,GAZP,35933,3380079091.6,146.35,144.45,148.28,147.16,146.32,147.16,23101260,146.32,146.32,146.32,3379799563.1,3379799563.1,3379799563.1,,3,SUR,0.55,
TQBR,2015-05-22,ГАЗПРОМ ао,GAZP,39323,3301134068.2,147.19,146.95,149.85,148.8,148.61,148.8,22212800,148.61,148.61,148.61,3299509090.6,3299509090.6,3299509090.6,,3,SUR,1.11,
TQBR,2015-05-25,ГАЗПРОМ ао,GAZP,27955,2370018286.9,148.76,145.22,148.8,146.69,146.74,146.69,16151440,146.74,146.74,146.74,2369695477.7,2369695477.7,2369695477.7,,3,SUR,-1.42,
TQBR,2015-05-26,ГАЗПРОМ ао,GAZP,40419,3284126734.6,147.3,144.87,147.85,145.25,146.06,145.25,22484990,146.06,146.06,146.06,3278866651.6,3278866651.6,3278866651.6,,3,SUR,-0.98,
TQBR,2015-05-27,ГАЗПРОМ ао,GAZP,40716,4070221330.0,145.58,144.19,147.7,147.66,145.95,147.66,27887970,145.95,145.95,145.95,4069851556.8,4069851556.8,4069851556.8,,3,SUR,1.66,
TQBR,2015-05-28,ГАЗПРОМ ао,GAZP,46282,4015596028.0,147.61,146.11,149.5,146.11,148.0,146.11,27132390,148.0,148.0,148.0,4013954604.8,4013954604.8,4013954604.8,,3,SUR,-1.05,
TQBR,2015-05-29,ГАЗПРОМ ао,GAZP,66232,8071211634.7,146.3,139.0,148.9,139.0,144.56,139.0,55832110,144.56,144.56,144.56,8065742940.7,8065742940.7,8065742940.7,,3,SUR,-4.87,
TQBR,2015-06-01,ГАЗПРОМ ао,GAZP,46689,4332052874.3,140.13,139.25,141.79,139.4,140.63,139.4,30804210,140.63,140.63,140.63,4332052874.3,4332052874.3,4332052874.3,,3,SUR,0.29,
TQBR,2015-06-02,ГАЗПРОМ ао,GAZP,46950,5075582970.4,139.89,138.23,141.75,140.75,139.79,140.75,36308440,139.79,139.79,139.79,5075582970.4,5075582970.4,5075582970.4,,3,SUR,0.97,
TQBR,2015-06-03,ГАЗПРОМ ао,GAZP,54236,5814133812.2,141.0,138.8,144.0,140.71,141.62,140.71,41054380,141.62,141.62,141.62,5814133812.2,5814133812.2,5814133812.2,,3,SUR,-0.03,
TQBR,2015-06-04,ГАЗПРОМ ао,GAZP,49272,3969676427.6,140.95,139.3,142.39,140.2,140.92,140.2,28168930,140.92,140.92,140.92,3969676427.6,3969676427.6,3969676427.6,,3,SUR,-0.36,
TQBR,2015-06-05,ГАЗПРОМ ао,GAZP,46300,3782614895.9,140.38,139.4,142.52,142.4,140.69,142.4,26887100,140.69,140.69,140.69,3782614895.9,3782614895.9,3782614895.9,,3,SUR,1.57,
TQBR,2015-06-08,ГАЗПРОМ ао,GAZP,31916,3271222517.3,142.55,141.5,144.49,142.66,142.98,142.66,22878860,142.98,142.98,142.98,3271222517.3,3271222517.3,3271222517.3,,3,SUR,0.18,
TQBR,2015-06-09,ГАЗПРОМ ао,GAZP,33014,3603057523.8,142.99,141.8,146.4,146.17,144.33,146.17,24963390,144.33,144.33,144.33,3603057523.8,3603057523.8,3603057523.8,,3,SUR,2.46,
TQBR,2015-06-10,ГАЗПРОМ ао,GAZP,54382,4092715761.8,146.44,145.31,147.7,145.6,146.54,145.6,27929430,146.54,146.54,146.54,4092715761.8,4092715761.8,4092715761.8,,3,SUR,-0.39,
TQBR,2015-06-11,ГАЗПРОМ ао,GAZP,28163,2717691978.6,146.0,144.05,146.0,145.4,144.86,145.4,18761030,144.86,144.86,144.86,2717691978.6,2717691978.6,2717691978.6,,3,SUR,-0.14,
TQBR,2015-06-15,ГАЗПРОМ ао,GAZP,43635,4449705718.9,144.5,142.35,145.8,144.95,143.78,144.95,30948960,143.78,143.78,143.78,4449705718.9,4449705718.9,4449705718.9,,3,SUR,-0.31,
TQBR,2015-06-16,ГАЗПРОМ ао,GAZP,40786,3321818912.0,144.95,144.87,147.15,146.0,146.05,146.0,22745150,146.05,146.05,146.05,3321818912.0,3321818912.0,3321818912.0,,3,SUR,0.72,
TQBR,2015-06-17,ГАЗПРОМ ао,GAZP,31691,3598427621.8,146.31,145.56,148.48,147.6,147.2,147.6,24445210,147.2,147.2,147.2,3598427621.8,3598427621.8,3598427621.8,,3,SUR,1.1,
TQBR,2015-06-18,ГАЗПРОМ ао,GAZP,27508,3967540738.8,147.9,146.2,149.17,147.15,148.01,147.15,26805520,148.01,148.01,148.01,3967540738.8,3967540738.8,3967540738.8,,3,SUR,-0.3,
TQBR,2015-06-19,ГАЗПРОМ ао,GAZP,39189,3886042657.8,147.2,146.33,148.7,147.15,147.27,147.15,26388000,147.27,147.27,147.27,3886042657.8,3886042657.8,3886042657.8,,3,SUR,0.0,
TQBR,2015-06-22,ГАЗПРОМ ао,GAZP,26348,2899843374.3,147.74,146.91,149.2,148.5,148.32,148.5,19550650,148.32,148.32,148.32,2899843374.3,2899843374.3,2899843374.3,,3,SUR,0.92,
TQBR,2015-06-23,ГАЗПРОМ ао,GAZP,28152,3769499134.2,148.75,145.82,149.39,146.25,147.14,146.25,25619260,147.14,147.14,147.14,3769499134.2,3769499134.2,3769499134.2,,3,SUR,-1.52,
TQBR,2015-06-24,ГАЗПРОМ ао,GAZP,20046,2700557955.1,146.7,145.83,148.11,146.68,146.78,146.68,18398930,146.78,146.78,146.78,2700557955.1,2700557955.1,2700557955.1,,3,SUR,0.29,
TQBR,2015-06-25,ГАЗПРОМ ао,GAZP,30418,3139602399.4,146.28,143.7,147.66,143.7,145.8,143.7,21533170,145.8,145.8,145.8,3139602399.4,3139602399.4,3139602399.4,,3,SUR,-2.03,
TQBR,2015-06-26,ГАЗПРОМ ао,GAZP,27815,2424397616.8,143.7,142.61,145.49,145.18,144.3,145.18,16800750,144.3,144.3,144.3,2424397616.8,2424397616.8,2424397616.8,,3,SUR,1.03,
TQBR,2015-06-29,ГАЗПРОМ ао,GAZP,19583,2231189520.9,143.69,142.51,144.5,143.59,143.6,143.59,15537420,143.6,143.6,143.6,2231189520.9,2231189520.9,2231189520.9,,3,SUR,-1.1,
TQBR,2015-06-30,ГАЗПРОМ ао,GAZP,28631,3826292579.1,143.5,142.25,145.95,145.85,144.26,145.85,26523160,144.26,144.26,144.26,3826292579.1,3826292579.1,3826292579.1,,3,SUR,1.57,
TQBR,2015-07-01,ГАЗПРОМ ао,GAZP,26281,2363177889.8,145.7,144.68,146.95,145.5,146.0,145.5,16186130,146.0,146.0,146.0,2363177889.8,2363177889.8,2363177889.8,,3,SUR,-0.24,
TQBR,2015-07-02,ГАЗПРОМ ао,GAZP,19007,2339617759.3,145.51,144.8,146.9,145.8,146.07,145.8,16017460,146.07,146.07,146.07,2339617759.3,2339617759.3,2339617759.3,,3,SUR,0.21,
TQBR,2015-07-03,ГАЗПРОМ ао,GAZP,15377,1687187627.3,145.96,144.0,146.05,144.33,144.73,144.33,11657320,144.73,144.73,144.73,1687187627.3,1687187627.3,1687187627.3,,3,SUR,-1.01,
TQBR,2015-07-06,ГАЗПРОМ ао,GAZP,22220,2688407011.2,143.51,141.25,144.06,143.0,142.85,143.0,18819930,142.85,142.85,142.85,2688407011.2,2688407011.2,2688407011.2,,3,SUR,-0.92,
TQBR,2015-07-07,ГАЗПРОМ ао,GAZP,42592,4149435590.3,142.77,142.03,144.86,142.5,143.37,142.5,28941760,143.37,143.37,143.37,4149435590.3,4149435590.3,4149435590.3,,3,SUR,-0.35,
TQBR,2015-07-08,ГАЗПРОМ ао,GAZP,45371,4072715962.9,142.45,139.55,142.94,141.5,140.72,141.5,28942780,140.72,140.72,140.72,4072715962.9,4072715962.9,4072715962.9,,3,SUR,-0.7,
TQBR,2015-07-09,ГАЗПРОМ ао,GAZP,38510,3216256340.4,141.9,141.37,143.85,143.77,142.95,143.77,22499230,142.95,142.95,142.95,3216256340.4,3216256340.4,3216256340.4,,3,SUR,1.6,
TQBR,2015-07-10,ГАЗПРОМ ао,GAZP,22462,2877713219.7,144.0,143.5,144.7,143.9,144.14,143.9,19964070,144.14,144.14,144.14,2877713219.7,2877713219.7,2877713219.7,,3,SUR,0.09,
TQBR,2015-07-13,ГАЗПРОМ ао,GAZP,29013,3438216522.9,143.7,143.4,145.35,145.27,144.45,145.27,23801640,144.45,144.45,144.45,3438216522.9,3438216522.9,3438216522.9,,3,SUR,0.95,
TQBR,2015-07-14,ГАЗПРОМ ао,GAZP,26637,3912455947.5,145.3,144.16,146.5,146.5,145.23,146.5,26939550,145.23,145.23,145.23,3912455947.5,3912455947.5,3912455947.5,,3,SUR,0.85,
TQBR,2015-07-15,ГАЗПРОМ ао,GAZP,42334,4132232883.3,141.5,141.0,143.38,142.7,142.39,142.7,29020430,142.39,142.39,142.39,4132232883.3,4132232883.3,4132232883.3,,3,SUR,-2.59,
TQBR,2015-07-16,ГАЗПРОМ ао,GAZP,28937,2206229015.5,142.51,142.01,144.2,144.2,143.38,144.2,15387510,143.38,143.38,143.38,2206229015.5,2206229015.5,2206229015.5,,3,SUR,1.05,
TQBR,2015-07-17,ГАЗПРОМ ао,GAZP,49079,3054717235.8,143.66,143.4,145.64,143.6,144.64,143.6,21119450,144.64,144.64,144.64,3054717235.8,3054717235.8,3054717235.8,,3,SUR,-0.42,
TQBR,2015-07-20,ГАЗПРОМ ао,GAZP,29646,2821330251.9,143.9,140.5,144.2,141.78,142.0,141.78,19869060,142.0,142.0,142.0,2821330251.9,2821330251.9,2821330251.9,,3,SUR,-1.27,
TQBR,2015-07-21,ГАЗПРОМ ао,GAZP,30042,3186707446.8,141.5,139.96,142.45,141.41,141.13,141.41,22579210,141.13,141.13,141.13,3186707446.8,3186707446.8,3186707446.8,,3,SUR,-0.26,
TQBR,2015-07-22,ГАЗПРОМ ао,GAZP,39824,3906069809.9,140.7,138.71,141.01,140.8,139.77,140.8,27947150,139.77,139.77,139.77,3906069809.9,3906069809.9,3906069809.9,,3,SUR,-0.43,
TQBR,2015-07-23,ГАЗПРОМ ао,GAZP,27833,2857673879.8,140.55,138.32,140.8,138.37,139.07,138.37,20548470,139.07,139.07,139.07,2857673879.8,2857673879.8,2857673879.8,,3,SUR,-1.73,
TQBR,2015-07-24,ГАЗПРОМ ао,GAZP,40345,4196389494.8,138.1,135.85,138.34,136.41,136.99,136.41,30632020,136.99,136.99,136.99,4196389494.8,4196389494.8,4196389494.8,,3,SUR,-1.42,
TQBR,2015-07-27,ГАЗПРОМ ао,GAZP,38336,4251445441.3,136.1,133.13,136.37,134.51,134.36,134.51,31642430,134.36,134.36,134.36,4251445441.3,4251445441.3,4251445441.3,,3,SUR,-1.39,
TQBR,2015-07-28,ГАЗПРОМ ао,GAZP,37869,3969419783.0,134.5,132.77,136.36,135.05,135.02,135.05,29397710,135.02,135.02,135.02,3969419783.0,3969419783.0,3969419783.0,,3,SUR,0.4,
TQBR,2015-07-29,ГАЗПРОМ ао,GAZP,35441,3625126974.5,135.38,134.35,138.7,138.7,136.8,138.7,26500120,136.8,136.8,136.8,3625126974.5,3625126974.5,3625126974.5,,3,SUR,2.7,
TQBR,2015-07-30,ГАЗПРОМ ао,GAZP,32607,3360786537.5,138.5,138.04,140.44,139.8,139.49,139.8,24092880,139.49,139.49,139.49,3360786537.5,3360786537.5,3360786537.5,,3,SUR,0.79,
TQBR,2015-07-31,ГАЗПРОМ ао,GAZP,37932,4393616782.8,139.4,137.85,142.6,142.5,140.09,142.5,31362610,140.09,140.09,140.09,4393616782.8,4393616782.8,4393616782.8,,3,SUR,1.93,
TQBR,2015-08-03,ГАЗПРОМ ао,GAZP,32942,3717654081.1,142.0,139.9,143.15,141.45,141.39,141.45,26294150,141.39,141.39,141.39,3717654081.1,3717654081.1,3717654081.1,,3,SUR,-0.74,
TQBR,2015-08-04,ГАЗПРОМ ао,GAZP,28284,3761575111.0,141.1,140.15,142.75,141.89,141.67,141.89,26554060,141.66,141.66,141.66,3761575111.0,3761575111.0,3761575111.0,,3,SUR,0.31,
TQBR,2015-08-05,ГАЗПРОМ ао,GAZP,27562,3656094298.2,142.24,140.75,143.95,143.78,142.57,143.78,25643100,142.58,142.58,142.58,3656094298.2,3656094298.2,3656094298.2,,3,SUR,1.33,
TQBR,2015-08-06,ГАЗПРОМ ао,GAZP,41327,5107691812.8,143.01,140.23,143.74,140.88,141.43,140.88,36117180,141.42,141.42,141.42,5107691812.8,5107691812.8,5107691812.8,,3,SUR,-2.02,
TQBR,2015-08-07,ГАЗПРОМ ао,GAZP,22683,2950119926.0,141.01,140.5,142.2,141.34,141.54,141.34,20843610,141.54,141.54,141.54,2950119926.0,2950119926.0,2950119926.0,,3,SUR,0.33,
TQBR,2015-08-10,ГАЗПРОМ ао,GAZP,45041,5811512354.6,141.25,138.0,141.6,141.5,139.6,141.5,41630180,139.6,139.6,139.6,5811512354.6,5811512354.6,5811512354.6,,3,SUR,0.11,
TQBR,2015-08-11,ГАЗПРОМ ао,GAZP,33825,4676629747.9,141.5,141.05,143.3,141.97,142.53,141.97,32854520,142.34,142.34,142.34,4676629747.9,4676629747.9,4676629747.9,,3,SUR,0.33,
TQBR,2015-08-12,ГАЗПРОМ ао,GAZP,29438,3716600964.1,141.22,140.1,143.2,142.99,141.98,142.99,26189320,141.91,141.91,141.91,3716600964.1,3716600964.1,3716600964.1,,3,SUR,0.72,
TQBR,2015-08-13,ГАЗПРОМ ао,GAZP,27277,3644553022.6,143.3,142.72,144.5,143.7,143.61,143.7,25378510,143.61,143.61,143.61,3644553022.6,3644553022.6,3644553022.6,,3,SUR,0.5,
TQBR,2015-08-14,ГАЗПРОМ ао,GAZP,31028,3640357272.5,143.7,142.9,145.45,144.8,144.62,144.8,25171590,144.62,144.62,144.62,3640357272.5,3640357272.5,3640357272.5,,3,SUR,0.77,
TQBR,2015-08-17,ГАЗПРОМ ао,GAZP,23313,3492431181.6,144.5,142.76,144.89,144.25,143.91,144.25,24269970,143.9,143.9,143.9,3492431181.6,3492431181.6,3492431181.6,,3,SUR,-0.38,
TQBR,2015-08-18,ГАЗПРОМ ао,GAZP,21261,2931816855.8,143.61,141.7,143.9,142.65,142.75,142.65,20539560,142.74,142.74,142.74,2931816855.8,2931816855.8,2931816855.8,,3,SUR,-1.11,
TQBR,2015-08-19,ГАЗПРОМ ао,GAZP,38595,4374879807.2,142.5,139.8,143.6,140.8,141.79,140.8,30855920,141.78,141.78,141.78,4374879807.2,4374879807.2,4374879807.2,,3,SUR,-1.3,
TQBR,2015-08-20,ГАЗПРОМ ао,GAZP,36231,5032343757.9,140.1,139.82,143.0,142.64,141.51,142.64,35561070,141.51,141.51,141.51,5032343757.9,5032343757.9,5032343757.9,,3,SUR,1.31,
TQBR,2015-08-21,ГАЗПРОМ ао,GAZP,28817,3677582472.8,141.55,140.21,143.0,140.29,141.59,140.29,25997790,141.46,141.46,141.46,3677582472.8,3677582472.8,3677582472.8,,3,SUR,-1.65,
TQBR,2015-08-24,ГАЗПРОМ ао,GAZP,64956,7044996557.1,139.0,134.1,139.0,135.35,136.26,135.35,51703930,136.26,136.26,136.26,7044996557.1,7044996557.1,7044996557.1,,3,SUR,-3.52,
TQBR,2015-08-25,ГАЗПРОМ ао,GAZP,48856,6157708829.4,135.72,135.72,141.0,140.4,139.47,140.4,44157570,139.45,139.45,139.45,6157708829.4,6157708829.4,6157708829.4,,3,SUR,3.73,
TQBR,2015-08-26,ГАЗПРОМ ао,GAZP,41292,4844153641.7,140.29,138.51,141.95,140.51,140.32,140.51,34517760,140.34,140.34,140.34,4844153641.7,4844153641.7,4844153641.7,,3,SUR,0.08,
TQBR,2015-08-27,ГАЗПРОМ ао,GAZP,37312,4678376905.7,141.9,141.59,144.8,144.6,143.17,144.6,32676500,143.17,143.17,143.17,4678376905.7,4678376905.7,4678376905.7,,3,SUR,2.91,
TQBR,2015-08-28,ГАЗПРОМ ао,GAZP,45632,5578715116.3,145.3,143.04,147.35,146.6,145.17,146.6,38427870,145.17,145.17,145.17,5578715116.3,5578715116.3,5578715116.3,,3,SUR,1.38,
TQBR,2015-08-31,ГАЗПРОМ ао,GAZP,32176,4228182843.2,145.89,145.16,148.19,148.19,146.53,148.19,28847750,146.57,146.57,146.57,4228182843.2,4228182843.2,4228182843.2,,3,SUR,1.08,
TQBR,2015-09-01,ГАЗПРОМ ао,GAZP,42103,5136165825.9,148.19,143.7,148.2,144.5,145.54,144.5,35291020,145.54,145.54,145.54,5136165825.9,5136165825.9,5136165825.9,,3,SUR,-2.49,
TQBR,2015-09-02,ГАЗПРОМ ао,GAZP,41952,4836468255.8,144.1,142.25,145.5,142.57,143.86,142.57,33617350,143.87,143.87,143.87,4836468255.8,4836468255.8,4836468255.8,,3,SUR,-1.34,
TQBR,2015-09-03,ГАЗПРОМ ао,GAZP,32804,4060065100.7,143.61,142.7,145.95,145.3,144.23,145.3,28149840,144.23,144.23,144.23,4060065100.7,4060065100.7,4060065100.7,,3,SUR,1.91,
TQBR,2015-09-04,ГАЗПРОМ ао,GAZP,30598,3729631645.0,144.9,142.17,145.13,142.8,143.44,142.8,26002300,143.43,143.43,143.43,3729631645.0,3729631645.0,3729631645.0,,3,SUR,-1.72,
TQBR,2015-09-07,ГАЗПРОМ ао,GAZP,22212,2553726139.0,142.51,141.32,143.4,141.67,142.42,141.67,17931450,142.42,142.42,142.42,2553726139.0,2553726139.0,2553726139.0,,3,SUR,-0.79,
TQBR,2015-09-08,ГАЗПРОМ ао,GAZP,25663,3201444762.4,142.27,142.23,144.39,143.21,143.45,143.21,22317250,143.45,143.45,143.45,3201444762.4,3201444762.4,3201444762.4,,3,SUR,1.09,
TQBR,2015-09-09,ГАЗПРОМ ао,GAZP,24480,3060661700.8,144.5,144.11,145.4,144.22,144.81,144.22,21136180,144.81,144.81,144.81,3060661700.8,3060661700.8,3060661700.8,,3,SUR,0.71,
TQBR,2015-09-10,ГАЗПРОМ ао,GAZP,28236,3555339215.9,143.6,142.35,144.78,142.99,143.52,142.99,24778540,143.48,143.48,143.48,3555339215.9,3555339215.9,3555339215.9,,3,SUR,-0.85,
TQBR,2015-09-11,ГАЗПРОМ ао,GAZP,32768,3605123249.8,143.26,141.2,143.5,142.4,142.11,142.4,25381150,142.04,142.04,142.04,3605123249.8,3605123249.8,3605123249.8,,3,SUR,-0.41,
TQBR,2015-09-14,ГАЗПРОМ ао,GAZP,29043,2944804974.5,142.25,142.1,143.87,143.58,143.38,143.58,20561300,143.22,143.22,143.22,2944804974.5,2944804974.5,2944804974.5,,3,SUR,0.83,
TQBR,2015-09-15,ГАЗПРОМ ао,GAZP,28437,3471314295.8,143.51,141.45,143.8,141.95,142.24,141.95,24405380,142.24,142.24,142.24,3471314295.8,3471314295.8,3471314295.8,,3,SUR,-1.14,
TQBR,2015-09-16,ГАЗПРОМ ао,GAZP,28448,3914960054.8,142.45,141.6,143.17,142.91,142.48,142.91,27476410,142.48,142.48,142.48,3914960054.8,3914960054.8,3914960054.8,,3,SUR,0.68,
TQBR,2015-09-17,ГАЗПРОМ ао,GAZP,18184,2041178945.7,143.0,142.31,143.27,142.8,142.88,142.8,14288750,142.85,142.85,142.85,2041178945.7,2041178945.7,2041178945.7,,3,SUR,-0.08,
TQBR,2015-09-18,ГАЗПРОМ ао,GAZP,55717,6232013934.5,143.34,139.1,143.4,139.5,141.01,139.5,44194850,141.01,141.01,141.01,6232013934.5,6232013934.5,6232013934.5,,3,SUR,-2.31,
TQBR,2015-09-21,ГАЗПРОМ ао,GAZP,23972,2901329269.8,140.13,138.82,140.84,139.45,139.9,139.45,20745480,139.85,139.85,139.85,2901329269.8,2901329269.8,2901329269.8,,3,SUR,-0.04,
TQBR,2015-09-22,ГАЗПРОМ ао,GAZP,45041,5012571893.9,139.76,135.68,139.76,136.4,137.38,136.4,36500060,137.33,137.33,137.33,5012571893.9,5012571893.9,5012571893.9,,3,SUR,-2.19,
TQBR,2015-09-23,ГАЗПРОМ ао,GAZP,51734,6114601974.8,136.5,133.38,136.88,134.3,134.97,134.3,45316880,134.93,134.93,134.93,6114601974.8,6114601974.8,6114601974.8,,3,SUR,-1.54,
TQBR,2015-09-24,ГАЗПРОМ ао,GAZP,44341,5018806134.6,134.67,131.5,134.78,132.2,132.87,132.2,37783580,132.83,132.83,132.83,5018806134.6,5018806134.6,5018806134.6,,3,SUR,-1.56,
TQBR,2015-09-25,ГАЗПРОМ ао,GAZP,42287,4762762665.5,132.61,132.54,134.55,133.85,133.6,133.85,35648680,133.6,133.6,133.6,4762762665.5,4762762665.5,4762762665.5,,3,SUR,1.25,
TQBR,2015-09-28,ГАЗПРОМ ао,GAZP,38291,4063507081.3,134.1,130.37,134.27,130.9,132.2,130.9,30738740,132.19,132.19,132.19,4063507081.3,4063507081.3,4063507081.3,,3,SUR,-2.2,
TQBR,2015-09-29,ГАЗПРОМ ао,GAZP,32109,4062725756.8,130.42,130.36,134.06,133.2,132.99,133.2,30547740,133.0,133.0,133.0,4062725756.8,4062725756.8,4062725756.8,,3,SUR,1.76,
TQBR,2015-09-30,ГАЗПРОМ ао,GAZP,48898,5852752607.4,133.8,132.8,135.73,134.55,134.72,134.55,43444970,134.72,134.72,134.72,5852752607.4,5852752607.4,5852752607.4,,3,SUR,1.01,
TQBR,2015-10-01,ГАЗПРОМ ао,GAZP,44584,4543461802.4,134.7,131.51,135.6,132.9,133.3,132.9,34119000,133.17,133.17,133.17,4543461802.4,4543461802.4,4543461802.4,,3,SUR,-1.23,
TQBR,2015-10-02,ГАЗПРОМ ао,GAZP,30837,3547312439.7,132.47,131.02,133.17,131.5,131.87,131.5,26899830,131.87,131.87,131.87,3547312439.7,3547312439.7,3547312439.7,,3,SUR,-1.05,
TQBR,2015-10-05,ГАЗПРОМ ао,GAZP,40212,5245047450.7,132.5,132.27,136.8,136.8,134.52,136.8,38869020,134.94,134.94,134.94,5245047450.7,5245047450.7,5245047450.7,,3,SUR,4.03,
TQBR,2015-10-06,ГАЗПРОМ ао,GAZP,39434,5284286358.5,137.0,135.17,137.9,137.87,136.14,137.87,38694750,136.56,136.56,136.56,5284286358.5,5284286358.5,5284286358.5,,3,SUR,0.78,
TQBR,2015-10-07,ГАЗПРОМ ао,GAZP,40555,5929088805.0,138.16,136.75,140.0,140.0,137.94,140.0,42744810,138.71,138.71,138.71,5929088805.0,5929088805.0,5929088805.0,,3,SUR,1.54,
TQBR,2015-10-08,ГАЗПРОМ ао,GAZP,41903,5845071304.7,139.35,138.35,141.15,139.8,139.88,139.8,41786950,139.88,139.88,139.88,5845071304.7,5845071304.7,5845071304.7,,3,SUR,-0.14,
TQBR,2015-10-09,ГАЗПРОМ ао,GAZP,61508,9264073225.5,140.6,140.6,145.32,143.81,142.66,143.81,64777620,143.01,143.01,143.01,9264073225.5,9264073225.5,9264073225.5,,3,SUR,2.87,
TQBR,2015-10-12,ГАЗПРОМ ао,GAZP,34960,4180095582.6,143.89,140.72,144.99,141.7,142.51,141.7,29331570,142.51,142.51,142.51,4180095582.6,4180095582.6,4180095582.6,,3,SUR,-1.47,
TQBR,2015-10-13,ГАЗПРОМ ао,GAZP,35550,4433147349.2,141.0,138.81,141.8,141.8,140.2,141.8,31623180,140.19,140.19,140.19,4433147349.2,4433147349.2,4433147349.2,,3,SUR,0.07,
TQBR,2015-10-14,ГАЗПРОМ ао,GAZP,31492,3629761495.5,141.11,140.5,143.36,142.01,142.2,142.01,25524780,142.21,142.21,142.21,3629761495.5,3629761495.5,3629761495.5,,3,SUR,0.15,
TQBR,2015-10-15,ГАЗПРОМ ао,GAZP,24132,3264557900.7,142.39,142.21,144.16,142.61,143.51,142.61,22747440,143.51,143.51,143.51,3264557900.7,3264557900.7,3264557900.7,,3,SUR,0.42,
TQBR,2015-10-16,ГАЗПРОМ ао,GAZP,33348,4118896371.2,143.97,140.2,144.16,141.0,142.06,141.0,28994190,142.06,142.06,142.06,4118896371.2,4118896371.2,4118896371.2,,3,SUR,-1.13,
TQBR,2015-10-19,ГАЗПРОМ ао,GAZP,35875,3896662964.1,140.77,138.62,141.52,140.27,139.84,140.27,27865630,139.84,139.84,139.84,3896662964.1,3896662964.1,3896662964.1,,3,SUR,-0.52,
TQBR,2015-10-20,ГАЗПРОМ ао,GAZP,36728,4039854293.0,140.74,138.6,140.77,140.4,139.64,140.4,28930580,139.64,139.64,139.64,4039854293.0,4039854293.0,4039854293.0,,3,SUR,0.09,
TQBR,2015-10-21,ГАЗПРОМ ао,GAZP,39390,4521347350.2,140.36,138.2,140.64,139.49,139.34,139.49,32447530,139.34,139.34,139.34,4521347350.2,4521347350.2,4521347350.2,,3,SUR,-0.65,
TQBR,2015-10-22,ГАЗПРОМ ао,GAZP,30071,3493242859.9,139.39,138.88,140.17,139.25,139.54,139.25,25033350,139.54,139.54,139.54,3493242859.9,3493242859.9,3493242859.9,,3,SUR,-0.17,
TQBR,2015-10-23,ГАЗПРОМ ао,GAZP,33296,4200926650.7,139.71,138.5,140.19,138.94,139.18,138.94,30182580,139.18,139.18,139.18,4200926650.7,4200926650.7,4200926650.7,,3,SUR,-0.22,
TQBR,2015-10-26,ГАЗПРОМ ао,GAZP,38632,4558364961.7,139.1,136.65,139.99,138.5,138.43,138.5,32928060,138.43,138.43,138.43,4558364961.7,4558364961.7,4558364961.7,,3,SUR,-0.32,
TQBR,2015-10-27,ГАЗПРОМ ао,GAZP,43075,4921635852.5,137.39,135.66,138.5,138.5,136.87,138.5,35949430,136.9,136.9,136.9,4921635852.5,4921635852.5,4921635852.5,,3,SUR,0.0,
TQBR,2015-10-28,ГАЗПРОМ ао,GAZP,36724,4954294357.0,138.35,135.8,138.35,138.1,136.97,138.1,36173100,136.96,136.96,136.96,4954294357.0,4954294357.0,4954294357.0,,3,SUR,-0.29,
TQBR,2015-10-29,ГАЗПРОМ ао,GAZP,31183,3816468592.5,138.25,135.52,138.3,136.11,137.37,136.11,27973160,136.43,136.43,136.43,3816468592.5,3816468592.5,3816468592.5,,3,SUR,-1.44,
TQBR,2015-10-30,ГАЗПРОМ ао,GAZP,24795,3232833159.2,136.11,135.18,136.66,135.75,135.88,135.75,23791590,135.88,135.88,135.88,3232833159.2,3232833159.2,3232833159.2,,3,SUR,-0.26,
TQBR,2015-11-02,ГАЗПРОМ ао,GAZP,29523,3147749416.3,135.49,135.12,137.8,137.8,136.53,137.8,23047740,136.58,136.58,136.58,3147749416.3,3147749416.3,3147749416.3,,3,SUR,1.51,
TQBR,2015-11-03,ГАЗПРОМ ао,GAZP,41723,5374621139.8,137.6,137.41,142.0,141.75,139.99,141.75,38388870,140.0,140.0,140.0,5374621139.8,5374621139.8,5374621139.8,,3,SUR,2.87,
TQBR,2015-11-05,ГАЗПРОМ ао,GAZP,39059,5213235340.3,141.9,140.48,142.94,140.97,141.66,140.97,36802170,141.66,141.66,141.66,5213235340.3,5213235340.3,5213235340.3,,3,SUR,-0.55,
TQBR,2015-11-06,ГАЗПРОМ ао,GAZP,38861,4886881330.0,140.91,137.3,142.3,137.75,139.92,137.75,34931350,139.9,139.9,139.9,4886881330.0,4886881330.0,4886881330.0,,3,SUR,-2.28,
TQBR,2015-11-09,ГАЗПРОМ ао,GAZP,38597,3570758741.2,138.1,135.7,138.34,136.5,137.16,136.5,26035830,137.15,137.15,137.15,3570758741.2,3570758741.2,3570758741.2,,3,SUR,-0.91,
TQBR,2015-11-10,ГАЗПРОМ ао,GAZP,31764,3696859258.8,136.49,135.32,136.95,135.58,136.0,135.58,27182510,136.0,136.0,136.0,3696859258.8,3696859258.8,3696859258.8,,3,SUR,-0.67,
TQBR,2015-11-11,ГАЗПРОМ ао,GAZP,33419,4155416572.1,136.0,134.6,136.65,135.0,135.78,135.0,30604530,135.78,135.78,135.78,4155416572.1,4155416572.1,4155416572.1,,3,SUR,-0.43,
TQBR,2015-11-12,ГАЗПРОМ ао,GAZP,54723,6876343909.0,135.02,134.53,138.87,136.6,137.23,136.6,50100910,137.25,137.25,137.25,6876343909.0,6876343909.0,6876343909.0,,3,SUR,1.19,
TQBR,2015-11-13,ГАЗПРОМ ао,GAZP,33730,3943874224.1,136.44,135.7,137.36,136.0,136.63,136.0,28863030,136.64,136.64,136.64,3943874224.1,3943874224.1,3943874224.1,,3,SUR,-0.44,
TQBR,2015-11-16,ГАЗПРОМ ао,GAZP,35465,4919174522.9,136.45,135.6,139.2,137.21,137.37,137.21,35805200,137.39,137.39,137.39,4919174522.9,4919174522.9,4919174522.9,,3,SUR,0.89,
TQBR,2015-11-17,ГАЗПРОМ ао,GAZP,61285,8705684046.2,138.27,137.82,143.5,142.75,141.22,142.75,61489770,141.58,141.58,141.58,8705684046.2,8705684046.2,8705684046.2,,3,SUR,4.04,
TQBR,2015-11-18,ГАЗПРОМ ао,GAZP,49671,7520228470.5,142.84,141.78,147.95,147.47,145.38,147.47,51723210,145.39,145.39,145.39,7520228470.5,7520228470.5,7520228470.5,,3,SUR,3.31,
TQBR,2015-11-19,ГАЗПРОМ ао,GAZP,62671,9119826887.4,148.14,145.17,149.98,147.5,147.93,147.5,61650450,147.93,147.93,147.93,9119826887.4,9119826887.4,9119826887.4,,3,SUR,0.02,
TQBR,2015-11-20,ГАЗПРОМ ао,GAZP,32494,4518869591.9,146.11,144.74,148.91,148.05,146.78,148.05,30783620,146.79,146.79,146.79,4518869591.9,4518869591.9,4518869591.9,,3,SUR,0.37,
TQBR,2015-11-23,ГАЗПРОМ ао,GAZP,45121,6393304608.6,147.87,145.88,152.0,152.0,148.92,152.0,42929680,148.93,148.93,148.93,6393304608.6,6393304608.6,6393304608.6,,3,SUR,2.67,
TQBR,2015-11-24,ГАЗПРОМ ао,GAZP,59573,8910320693.2,151.82,144.7,152.84,145.65,147.88,145.65,60240380,147.91,147.91,147.91,8910320693.2,8910320693.2,8910320693.2,,3,SUR,-4.18,
TQBR,2015-11-25,ГАЗПРОМ ао,GAZP,47188,6285080261.1,146.0,142.26,147.07,143.99,144.18,143.99,43594760,144.17,144.17,144.17,6285080261.1,6285080261.1,6285080261.1,,3,SUR,-1.14,
TQBR,2015-11-26,ГАЗПРОМ ао,GAZP,39154,4542294798.5,144.27,141.86,146.21,143.2,144.28,143.2,31481580,144.28,144.28,144.28,4542294798.5,4542294798.5,4542294798.5,,3,SUR,-0.55,
TQBR,2015-11-27,ГАЗПРОМ ао,GAZP,37482,4207901541.5,143.0,140.62,143.1,140.65,141.63,140.65,29718120,141.59,141.59,141.59,4207901541.5,4207901541.5,4207901541.5,,3,SUR,-1.78,
TQBR,2015-11-30,ГАЗПРОМ ао,GAZP,39794,5580945517.2,140.35,138.0,142.47,138.0,140.26,138.0,39800140,140.22,140.22,140.22,5580945517.2,5580945517.2,5580945517.2,,3,SUR,-1.88,
TQBR,2015-12-01,ГАЗПРОМ ао,GAZP,29658,3511817077.5,140.0,136.88,140.0,137.42,138.43,137.42,25380730,138.37,138.37,138.37,3511817077.5,3511817077.5,3511817077.5,,3,SUR,-0.42,
TQBR,2015-12-02,ГАЗПРОМ ао,GAZP,34670,3899100822.1,137.51,136.3,139.45,136.85,137.58,136.85,28341350,137.58,137.58,137.58,3899100822.1,3899100822.1,3899100822.1,,3,SUR,-0.41,
TQBR,2015-12-03,ГАЗПРОМ ао,GAZP,55737,5829079900.6,136.56,136.53,140.66,140.0,139.15,140.0,41873610,139.21,139.21,139.21,5829079900.6,5829079900.6,5829079900.6,,3,SUR,2.3,
TQBR,2015-12-04,ГАЗПРОМ ао,GAZP,36887,5156289486.0,140.4,137.0,141.6,137.7,139.71,137.7,37016790,139.3,139.3,139.3,5156289486.0,5156289486.0,5156289486.0,,3,SUR,-1.64,
TQBR,2015-12-07,ГАЗПРОМ ао,GAZP,45589,5081799025.2,137.51,134.3,138.58,134.5,136.03,134.5,37356040,136.04,136.04,136.04,5081799025.2,5081799025.2,5081799025.2,,3,SUR,-2.32,
TQBR,2015-12-08,ГАЗПРОМ ао,GAZP,39671,4796054451.2,134.31,133.28,135.56,134.65,134.48,134.65,35664680,134.48,134.48,134.48,4796054451.2,4796054451.2,4796054451.2,,3,SUR,0.11,
TQBR,2015-12-09,ГАЗПРОМ ао,GAZP,27656,3477006761.1,134.93,134.4,136.2,135.81,135.5,135.81,25660130,135.5,135.5,135.5,3477006761.1,3477006761.1,3477006761.1,,3,SUR,0.86,
TQBR,2015-12-10,ГАЗПРОМ ао,GAZP,28229,3525280700.3,135.65,135.0,136.82,135.6,136.15,135.6,25913580,136.04,136.04,136.04,3525280700.3,3525280700.3,3525280700.3,,3,SUR,-0.15,
TQBR,2015-12-11,ГАЗПРОМ ао,GAZP,31116,3673610194.8,135.17,132.5,135.6,133.8,133.77,133.8,27473980,133.71,133.71,133.71,3673610194.8,3673610194.8,3673610194.8,,3,SUR,-1.33,
TQBR,2015-12-14,ГАЗПРОМ ао,GAZP,36473,4520560677.2,133.09,130.9,133.18,131.59,132.1,131.59,34282190,131.86,131.86,131.86,4520560677.2,4520560677.2,4520560677.2,,3,SUR,-1.65,
TQBR,2015-12-15,ГАЗПРОМ ао,GAZP,36582,4203899544.1,132.24,132.1,134.9,134.4,133.37,134.4,31392380,133.91,133.91,133.91,4203899544.1,4203899544.1,4203899544.1,,3,SUR,2.14,
TQBR,2015-12-16,ГАЗПРОМ ао,GAZP,21000,2769520451.6,134.5,133.95,135.17,134.5,134.8,134.5,20568260,134.65,134.65,134.65,2769520451.6,2769520451.6,2769520451.6,,3,SUR,0.07,
TQBR,2015-12-17,ГАЗПРОМ ао,GAZP,48422,6225135865.5,134.65,134.65,138.69,137.9,137.17,137.9,45419720,137.06,137.06,137.06,6225135865.5,6225135865.5,6225135865.5,,3,SUR,2.53,
TQBR,2015-12-18,ГАЗПРОМ ао,GAZP,44046,5170090516.0,137.29,132.25,137.39,132.25,134.18,132.25,38544860,134.13,134.13,134.13,5170090516.0,5170090516.0,5170090516.0,,3,SUR,-4.1,
TQBR,2015-12-21,ГАЗПРОМ ао,GAZP,31919,3759044863.4,132.0,131.0,133.94,131.5,132.92,131.5,28393100,132.39,132.39,132.39,3759044863.4,3759044863.4,3759044863.4,,3,SUR,-0.57,
TQBR,2015-12-22,ГАЗПРОМ ао,GAZP,24316,2657101834.7,132.0,131.81,133.54,133.2,132.71,133.2,20022420,132.71,132.71,132.71,2657101834.7,2657101834.7,2657101834.7,,3,SUR,1.29,
TQBR,2015-12-23,ГАЗПРОМ ао,GAZP,25503,3600643429.9,133.55,133.35,135.3,135.3,134.55,135.3,26760910,134.55,134.55,134.55,3600643429.9,3600643429.9,3600643429.9,,3,SUR,1.58,
TQBR,2015-12-24,ГАЗПРОМ ао,GAZP,53209,5029863662.0,135.85,134.45,138.08,136.0,136.88,136.0,36828650,136.57,136.57,136.57,5029863662.0,5029863662.0,5029863662.0,,3,SUR,0.52,
TQBR,2015-12-25,ГАЗПРОМ ао,GAZP,22085,2003497368.1,136.49,134.03,136.49,134.48,134.77,134.48,14866310,134.77,134.77,134.77,2003497368.1,2003497368.1,2003497368.1,,3,SUR,-1.12,
TQBR,2015-12-28,ГАЗПРОМ ао,GAZP,16041,1587679768.0,134.35,133.76,135.4,134.97,134.61,134.97,11795110,134.6,134.6,134.6,1587679768.0,1587679768.0,1587679768.0,,3,SUR,0.36,
TQBR,2015-12-29,ГАЗПРОМ ао,GAZP,27061,2931862787.0,135.26,134.74,137.55,137.49,136.38,137.49,21516980,136.26,136.26,136.26,2931862787.0,2931862787.0,2931862787.0,,3,SUR,1.87,
TQBR,2015-12-30,ГАЗПРОМ ао,GAZP,20663,2396125726.4,137.49,135.45,137.49,136.09,136.25,136.09,17586600,136.25,136.25,136.25,2396125726.4,2396125726.4,2396125726.4,,3,SUR,-1.02,
TQBR,2016-01-04,ГАЗПРОМ ао,GAZP,17054,1677415855.6,135.89,134.42,136.65,134.91,135.17,134.91,12409380,135.17,135.17,134.91,1677415855.6,1677415855.6,1677415855.6,,3,SUR,-0.87,
TQBR,2016-01-05,ГАЗПРОМ ао,GAZP,20646,1942156625.5,134.66,134.61,137.28,136.45,135.96,136.45,14285210,135.96,135.96,136.45,1942156625.5,1942156625.5,1942156625.5,,3,SUR,1.14,
TQBR,2016-01-06,ГАЗПРОМ ао,GAZP,12578,1413184008.6,136.31,135.3,136.93,135.94,135.96,135.94,10393910,135.96,135.96,135.94,1413184008.6,1413184008.6,1413184008.6,,3,SUR,-0.37,
TQBR,2016-01-11,ГАЗПРОМ ао,GAZP,39721,4489337402.4,133.0,131.1,133.65,131.38,132.0,131.38,34008830,132.01,132.01,131.38,4489337402.4,4489337402.4,4489337402.4,,3,SUR,-3.35,
TQBR,2016-01-12,ГАЗПРОМ ао,GAZP,48586,5292858326.4,130.4,130.1,135.25,133.54,133.33,133.54,39697670,133.33,133.33,133.54,5292858326.4,5292858326.4,5292858326.4,,3,SUR,1.64,
TQBR,2016-01-13,ГАЗПРОМ ао,GAZP,39153,4090334999.6,134.17,131.2,134.48,131.3,132.77,131.3,30807200,132.77,132.77,131.3,4090334999.6,4090334999.6,4090334999.6,,3,SUR,-1.68,
TQBR,2016-01-14,ГАЗПРОМ ао,GAZP,42539,5728217097.2,130.99,129.01,131.49,130.86,130.28,130.86,43969320,130.28,130.28,130.86,5728217097.2,5728217097.2,5728217097.2,,3,SUR,-0.34,
TQBR,2016-01-15,ГАЗПРОМ ао,GAZP,89370,7939686033.9,130.31,125.05,132.43,125.1,127.78,125.1,62125020,127.8,127.8,125.1,7939686033.9,7939686033.9,7939686033.9,,3,SUR,-4.4,
TQBR,2016-01-18,ГАЗПРОМ ао,GAZP,43027,4487869315.2,124.8,122.75,126.3,124.6,124.58,124.6,36024930,124.58,124.58,124.6,4487869315.2,4487869315.2,4487869315.2,,3,SUR,-0.4,
TQBR,2016-01-19,ГАЗПРОМ ао,GAZP,44627,4634103855.6,125.52,125.3,128.4,125.98,127.12,125.98,36452020,127.13,127.13,125.98,4634103855.6,4634103855.6,4634103855.6,,3,SUR,1.11,
TQBR,2016-01-20,ГАЗПРОМ ао,GAZP,39926,4393925038.3,123.6,122.8,125.83,125.83,124.21,125.83,35375480,124.21,124.21,125.83,4393925038.3,4393925038.3,4393925038.3,,3,SUR,-0.12,
TQBR,2016-01-21,ГАЗПРОМ ао,GAZP,44669,4355065396.3,126.01,125.55,128.09,127.75,126.98,127.75,34296460,126.98,126.98,127.75,4355065396.3,4355065396.3,4355065396.3,,3,SUR,1.53,
TQBR,2016-01-22,ГАЗПРОМ ао,GAZP,63010,7531567705.9,129.99,128.34,132.98,132.4,130.96,132.4,57511540,130.96,130.96,132.4,7531567705.9,7531567705.9,7531567705.9,,3,SUR,3.64,
TQBR,2016-01-25,ГАЗПРОМ ао,GAZP,35468,4011949514.3,133.14,130.68,133.19,133.0,131.86,133.0,30428580,131.85,131.85,133.0,4011949514.3,4011949514.3,4011949514.3,,3,SUR,0.45,
TQBR,2016-01-26,ГАЗПРОМ ао,GAZP,27984,3447797410.1,131.0,130.34,132.45,131.89,131.79,131.89,26161430,131.79,131.79,131.89,3447797410.1,3447797410.1,3447797410.1,,3,SUR,-0.83,
TQBR,2016-01-27,ГАЗПРОМ ао,GAZP,34154,3808486962.7,132.14,131.85,134.0,134.0,132.97,134.0,28642080,132.97,132.97,134.0,3808486962.7,3808486962.7,3808486962.7,,3,SUR,1.6,
TQBR,2016-01-28,ГАЗПРОМ ао,GAZP,42158,5430199136.7,133.9,133.15,136.5,136.5,134.79,136.5,40288270,134.78,134.78,136.5,5430199136.7,5430199136.7,5430199136.7,,3,SUR,1.87,
TQBR,2016-01-29,ГАЗПРОМ ао,GAZP,39708,5641252425.4,137.0,133.33,137.2,136.6,135.6,136.6,41603070,135.6,135.6,136.6,5641252425.4,5641252425.4,5641252425.4,,3,SUR,0.07,
TQBR,2016-02-01,ГАЗПРОМ ао,GAZP,39729,4279530758.8,136.01,132.82,136.34,133.9,134.03,133.9,31931470,134.02,134.02,133.9,4279530758.8,4279530758.8,4279530758.8,,3,SUR,-1.98,
TQBR,2016-02-02,ГАЗПРОМ ао,GAZP,46791,4837959914.1,133.05,132.09,135.28,132.5,133.54,132.5,36229240,133.54,133.54,132.5,4837959914.1,4837959914.1,4837959914.1,,3,SUR,-1.05,
TQBR,2016-02-03,ГАЗПРОМ ао,GAZP,44324,4031242124.4,131.9,130.91,133.0,131.01,132.08,131.01,30520610,132.08,132.08,131.01,4031242124.4,4031242124.4,4031242124.4,,3,SUR,-1.12,
TQBR,2016-02-04,ГАЗПРОМ ао,GAZP,40076,5148637616.8,133.16,132.62,135.25,135.07,133.74,135.07,38500510,133.73,133.73,135.07,5148637616.8,5148637616.8,5148637616.8,,3,SUR,3.1,
TQBR,2016-02-05,ГАЗПРОМ ао,GAZP,32888,3287211287.8,134.5,133.91,136.2,134.43,135.02,134.43,24348950,135.0,135.0,134.43,3287211287.8,3287211287.8,3287211287.8,,3,SUR,-0.47,
TQBR,2016-02-08,ГАЗПРОМ ао,GAZP,36722,4091707290.6,134.3,132.15,134.97,133.5,133.8,133.5,30581080,133.8,133.8,133.5,4091707290.6,4091707290.6,4091707290.6,,3,SUR,-0.69,
TQBR,2016-02-09,ГАЗПРОМ ао,GAZP,35717,4141328866.3,132.98,132.45,135.19,132.7,133.75,132.7,30994180,133.62,133.62,132.7,4141328866.3,4141328866.3,4141328866.3,,3,SUR,-0.6,
TQBR,2016-02-10,ГАЗПРОМ ао,GAZP,29857,3540756851.0,132.06,131.8,133.92,133.03,132.97,133.03,26628310,132.97,132.97,133.03,3540756851.0,3540756851.0,3540756851.0,,3,SUR,0.25,
TQBR,2016-02-11,ГАЗПРОМ ао,GAZP,55046,5762020964.0,132.87,129.31,133.08,130.49,130.65,130.49,44068540,130.75,130.75,130.49,5762020964.0,5762020964.0,5762020964.0,,3,SUR,-1.91,
TQBR,2016-02-12,ГАЗПРОМ ао,GAZP,31155,3553604873.7,131.17,130.71,132.23,131.3,131.15,131.3,27049420,131.37,131.37,131.3,3553604873.7,3553604873.7,3553604873.7,,3,SUR,0.62,
TQBR,2016-02-15,ГАЗПРОМ ао,GAZP,31373,3254872399.5,132.01,132.01,133.9,133.43,132.81,133.43,24469030,133.02,133.02,133.43,3254872399.5,3254872399.5,3254872399.5,,3,SUR,1.62,
TQBR,2016-02-16,ГАЗПРОМ ао,GAZP,48995,6676543647.8,134.5,133.95,136.45,135.85,135.36,135.85,49326570,135.35,135.35,135.85,6676543647.8,6676543647.8,6676543647.8,,3,SUR,1.81,
TQBR,2016-02-17,ГАЗПРОМ ао,GAZP,34251,4275710007.7,135.5,135.05,137.2,137.1,136.39,137.1,31349980,136.39,136.39,137.1,4275710007.7,4275710007.7,4275710007.7,,3,SUR,0.92,
TQBR,2016-02-18,ГАЗПРОМ ао,GAZP,31721,4415916246.6,137.4,137.11,138.9,138.0,138.1,138.0,31976900,138.1,138.1,138.0,4415916246.6,4415916246.6,4415916246.6,,3,SUR,0.66,
TQBR,2016-02-19,ГАЗПРОМ ао,GAZP,33786,3478771534.6,137.29,135.62,137.29,136.9,136.85,136.9,25520350,136.31,136.31,136.9,3478771534.6,3478771534.6,3478771534.6,,3,SUR,-0.8,
TQBR,2016-02-20,ГАЗПРОМ ао,GAZP,11345,827348101.5,136.51,136.31,137.55,136.59,137.05,136.59,6036300,137.06,137.06,136.59,827348101.5,827348101.5,827348101.5,,3,SUR,-0.23,
TQBR,2016-02-22,ГАЗПРОМ ао,GAZP,24501,2673831854.4,136.99,136.62,139.95,139.9,138.62,139.9,19289610,138.62,138.62,139.9,2673831854.4,2673831854.4,2673831854.4,,3,SUR,2.42,
TQBR,2016-02-24,ГАЗПРОМ ао,GAZP,33238,3812830760.8,138.56,136.25,138.75,137.15,137.42,137.15,27752530,137.39,137.39,137.15,3812830760.8,3812830760.8,3812830760.8,,3,SUR,-1.97,
TQBR,2016-02-25,ГАЗПРОМ ао,GAZP,45100,4887885446.3,137.7,135.55,139.46,137.97,137.89,137.97,35448000,137.89,137.89,137.97,4887885446.3,4887885446.3,4887885446.3,,3,SUR,0.6,
TQBR,2016-02-26,ГАЗПРОМ ао,GAZP,37620,4557322139.7,138.8,138.0,139.98,138.67,139.28,138.67,32716070,139.3,139.3,138.67,4557322139.7,4557322139.7,4557322139.7,,3,SUR,0.51,
TQBR,2016-02-29,ГАЗПРОМ ао,GAZP,42268,5305443096.1,137.89,137.5,141.52,141.4,140.08,141.4,37875470,140.08,140.08,141.4,5305443096.1,5305443096.1,5305443096.1,,3,SUR,1.97,
TQBR,2016-03-01,ГАЗПРОМ ао,GAZP,35999,4291643839.0,141.89,140.85,142.75,142.0,141.9,142.0,30244550,141.9,141.9,142.0,4291643839.0,4291643839.0,4291643839.0,,3,SUR,0.42,
TQBR,2016-03-02,ГАЗПРОМ ао,GAZP,33809,3861716810.5,142.6,139.75,143.07,140.14,140.98,140.14,27393890,140.97,140.97,140.14,3861716810.5,3861716810.5,3861716810.5,,3,SUR,-1.31,
TQBR,2016-03-03,ГАЗПРОМ ао,GAZP,46045,6971631880.1,140.61,140.5,144.5,144.5,143.04,144.5,48742420,143.03,143.03,144.5,6971631880.1,6971631880.1,6971631880.1,,3,SUR,3.11,
TQBR,2016-03-04,ГАЗПРОМ ао,GAZP,35318,4867902801.2,144.6,143.76,146.16,146.16,144.83,146.16,33613690,144.82,144.82,146.16,4867902801.2,4867902801.2,4867902801.2,,3,SUR,1.15,
TQBR,2016-03-07,ГАЗПРОМ ао,GAZP,29595,4163565663.2,146.86,146.64,150.15,150.15,148.57,150.15,28025460,148.56,148.56,150.15,4163565663.2,4163565663.2,4163565663.2,,3,SUR,2.73,
TQBR,2016-03-09,ГАЗПРОМ ао,GAZP,43780,6950120577.0,149.02,146.07,149.93,147.43,147.5,147.43,47120710,147.5,147.5,147.43,6950120577.0,6950120577.0,6950120577.0,,3,SUR,-1.81,
TQBR,2016-03-10,ГАЗПРОМ ао,GAZP,32862,4622412823.8,148.04,146.16,148.56,146.94,147.46,146.94,31374500,147.33,147.33,146.94,4622412823.8,4622412823.8,4622412823.8,,3,SUR,-0.33,
TQBR,2016-03-11,ГАЗПРОМ ао,GAZP,36052,5243887958.1,147.01,143.6,147.2,144.3,145.77,144.3,36112430,145.21,145.21,144.3,5243887958.1,5243887958.1,5243887958.1,,3,SUR,-1.8,
TQBR,2016-03-14,ГАЗПРОМ ао,GAZP,30603,4026166714.6,144.47,141.91,144.71,143.2,143.68,143.2,28152680,143.01,143.01,143.2,4026166714.6,4026166714.6,4026166714.6,,3,SUR,-0.76,
TQBR,2016-03-15,ГАЗПРОМ ао,GAZP,37061,6723391354.6,143.4,142.06,144.45,142.54,143.38,142.54,46960220,143.17,143.17,142.54,6723391354.6,6723391354.6,6723391354.6,,3,SUR,-0.46,
TQBR,2016-03-16,ГАЗПРОМ ао,GAZP,33220,3444945349.1,142.99,142.72,144.75,144.75,143.92,144.75,23949860,143.84,143.84,144.75,3444945349.1,3444945349.1,3444945349.1,,3,SUR,1.55,
TQBR,2016-03-17,ГАЗПРОМ ао,GAZP,42075,6907501097.2,145.61,145.08,147.4,147.27,146.34,147.27,47202490,146.34,146.34,147.27,6907501097.2,6907501097.2,6907501097.2,,3,SUR,1.74,
TQBR,2016-03-18,ГАЗПРОМ ао,GAZP,46507,7832234665.8,147.22,146.56,150.74,150.65,149.28,150.65,52467360,149.28,149.28,150.65,7832234665.8,7832234665.8,7832234665.8,,3,SUR,2.3,
TQBR,2016-03-21,ГАЗПРОМ ао,GAZP,41441,6090342792.4,149.57,147.75,149.92,149.9,148.85,149.9,40916030,148.85,148.85,149.9,6090342792.4,6090342792.4,6090342792.4,,3,SUR,-0.5,
TQBR,2016-03-22,ГАЗПРОМ ао,GAZP,39239,5578510735.6,149.99,147.8,150.64,149.62,149.11,149.62,37412010,149.11,149.11,149.62,5578510735.6,5578510735.6,5578510735.6,,3,SUR,-0.19,
TQBR,2016-03-23,ГАЗПРОМ ао,GAZP,32934,4777039533.7,149.14,145.07,149.53,146.0,147.3,146.0,32433570,147.29,147.29,146.0,4777039533.7,4777039533.7,4777039533.7,,3,SUR,-2.42,
TQBR,2016-03-24,ГАЗПРОМ ао,GAZP,25809,3572537970.9,145.2,144.49,145.95,145.8,145.2,145.8,24605060,145.2,145.2,145.8,3572537970.9,3572537970.9,3572537970.9,,3,SUR,-0.14,
TQBR,2016-03-25,ГАЗПРОМ ао,GAZP,11038,1118207070.2,146.3,145.82,146.89,146.04,146.31,146.04,7642310,146.32,146.32,146.04,1118207070.2,1118207070.2,1118207070.2,,3,SUR,0.16,
TQBR,2016-03-28,ГАЗПРОМ ао,GAZP,17962,1912750491.0,146.52,144.6,147.5,145.1,145.73,145.1,13124070,145.74,145.74,145.1,1912750491.0,1912750491.0,1912750491.0,,3,SUR,-0.64,
TQBR,2016-03-29,ГАЗПРОМ ао,GAZP,28615,3544806092.6,144.75,142.86,145.16,144.7,143.7,144.7,24668120,143.7,143.7,144.7,3544806092.6,3544806092.6,3544806092.6,,3,SUR,-0.28,
TQBR,2016-03-30,ГАЗПРОМ ао,GAZP,37176,5052883247.1,145.21,144.52,149.09,147.8,146.97,147.8,34382560,146.96,146.96,147.8,5052883247.1,5052883247.1,5052883247.1,,3,SUR,2.14,
TQBR,2016-03-31,ГАЗПРОМ ао,GAZP,33342,5157297127.2,147.5,146.05,148.17,147.75,147.03,147.75,35076790,147.03,147.03,147.75,5157297127.2,5157297127.2,5157297127.2,,3,SUR,-0.03,
TQBR,2016-04-01,ГАЗПРОМ ао,GAZP,33863,5323409209.7,147.02,143.93,147.5,147.2,145.78,147.2,36517160,145.78,145.78,147.2,5323409209.7,5323409209.7,5323409209.7,,3,SUR,-0.37,
TQBR,2016-04-04,ГАЗПРОМ ао,GAZP,28828,4251198953.7,147.2,145.35,147.5,146.38,146.5,146.38,29017600,146.5,146.5,146.38,4251198953.7,4251198953.7,4251198953.7,,3,SUR,-0.56,
TQBR,2016-04-05,ГАЗПРОМ ао,GAZP,26501,3355760985.1,145.1,143.57,145.35,144.34,144.29,144.34,23255740,144.3,144.3,144.34,3355760985.1,3355760985.1,3355760985.1,,3,SUR,-1.39,
TQBR,2016-04-06,ГАЗПРОМ ао,GAZP,24975,3486127757.0,144.87,144.03,145.5,144.2,144.72,144.2,24087740,144.73,144.73,144.2,3486127757.0,3486127757.0,3486127757.0,,3,SUR,-0.1,
TQBR,2016-04-07,ГАЗПРОМ ао,GAZP,37785,3138400708.7,144.93,143.05,145.5,143.89,144.09,143.89,21781240,144.09,144.09,143.89,3138400708.7,3138400708.7,3138400708.7,,3,SUR,-0.21,
TQBR,2016-04-08,ГАЗПРОМ ао,GAZP,24557,3423901600.6,144.22,144.1,146.0,145.7,145.14,145.7,23591440,145.13,145.13,145.7,3423901600.6,3423901600.6,3423901600.6,,3,SUR,1.26,
TQBR,2016-04-11,ГАЗПРОМ ао,GAZP,28822,4704162368.8,145.7,145.1,147.5,147.3,146.31,147.3,32151830,146.31,146.31,147.3,4704162368.8,4704162368.8,4704162368.8,,3,SUR,1.1,
TQBR,2016-04-12,ГАЗПРОМ ао,GAZP,40136,5551181647.2,147.3,146.04,149.35,148.9,147.64,148.9,37601070,147.63,147.63,148.9,5551181647.2,5551181647.2,5551181647.2,,3,SUR,1.09,
TQBR,2016-04-13,ГАЗПРОМ ао,GAZP,53954,8996776430.6,149.1,148.88,154.75,153.12,151.95,153.12,59208980,151.95,151.95,153.12,8996776430.6,8996776430.6,8996776430.6,,3,SUR,2.83,
TQBR,2016-04-14,ГАЗПРОМ ао,GAZP,54909,7630418429.9,153.34,149.16,154.9,150.43,152.24,150.43,50122630,152.23,152.23,150.43,7630418429.9,7630418429.9,7630418429.9,,3,SUR,-1.76,
TQBR,2016-04-15,ГАЗПРОМ ао,GAZP,31925,4357177240.5,150.69,147.02,150.71,147.99,148.03,147.99,29369920,148.36,148.36,147.99,4357177240.5,4357177240.5,4357177240.5,,3,SUR,-1.62,
TQBR,2016-04-18,ГАЗПРОМ ао,GAZP,48092,6091969474.4,146.0,143.28,146.77,146.3,145.05,146.3,42012940,145.0,145.0,146.3,6091969474.4,6091969474.4,6091969474.4,,3,SUR,-1.14,
TQBR,2016-04-19,ГАЗПРОМ ао,GAZP,96655,16060047744.5,146.5,146.2,156.14,155.95,151.48,155.95,105794140,151.8,151.8,155.95,16060047744.5,16060047744.5,16060047744.5,,3,SUR,6.6,
TQBR,2016-04-20,ГАЗПРОМ ао,GAZP,89487,15625310876.4,155.88,155.82,162.3,161.95,160.41,161.95,97396080,160.43,160.43,161.95,15625310876.4,15625310876.4,15625310876.4,,3,SUR,3.85,
TQBR,2016-04-21,ГАЗПРОМ ао,GAZP,71519,10364622762.7,164.76,157.61,164.76,161.8,160.28,161.8,64666780,160.28,160.28,161.8,10364622762.7,10364622762.7,10364622762.7,,3,SUR,-0.09,
TQBR,2016-04-22,ГАЗПРОМ ао,GAZP,40483,5746595653.0,162.11,158.25,162.45,161.2,160.21,161.2,35869160,160.21,160.21,161.2,5746595653.0,5746595653.0,5746595653.0,,3,SUR,-0.37,
TQBR,2016-04-25,ГАЗПРОМ ао,GAZP,38382,5124218355.3,160.81,158.61,161.75,160.3,159.88,160.3,32046440,159.9,159.9,160.3,5124218355.3,5124218355.3,5124218355.3,,3,SUR,-0.56,
TQBR,2016-04-26,ГАЗПРОМ ао,GAZP,38356,5617139085.8,159.82,159.31,163.32,163.0,161.2,163.0,34849710,161.18,161.18,163.0,5617139085.8,5617139085.8,5617139085.8,,3,SUR,1.68,
TQBR,2016-04-27,ГАЗПРОМ ао,GAZP,43545,6362362261.1,163.88,159.3,164.8,160.99,162.57,160.99,39136260,162.57,162.57,160.99,6362362261.1,6362362261.1,6362362261.1,,3,SUR,-1.23,
TQBR,2016-04-28,ГАЗПРОМ ао,GAZP,59790,8413931789.3,161.03,158.9,164.75,164.75,161.7,164.75,52034560,161.7,161.7,164.75,8413931789.3,8413931789.3,8413931789.3,,3,SUR,2.34,
TQBR,2016-04-29,ГАЗПРОМ ао,GAZP,83170,11863365588.6,164.6,163.42,169.47,168.47,166.87,168.47,71095120,166.87,166.87,168.47,11863365588.6,11863365588.6,11863365588.6,,3,SUR,2.26,
TQBR,2016-05-04,ГАЗПРОМ ао,GAZP,77105,11186286688.6,166.37,158.25,170.43,162.4,162.99,162.4,68632160,162.99,162.99,162.4,11186286688.6,11186286688.6,11186286688.6,,3,SUR,-3.6,
TQBR,2016-05-05,ГАЗПРОМ ао,GAZP,37721,4859753950.3,161.3,160.07,163.24,160.5,161.42,160.5,30108940,161.41,161.41,160.5,4859753950.3,4859753950.3,4859753950.3,,3,SUR,-1.17,
TQBR,2016-05-06,ГАЗПРОМ ао,GAZP,29936,4197402255.9,160.7,158.55,160.9,159.27,159.64,159.27,26293500,159.64,159.64,159.27,4197402255.9,4197402255.9,4197402255.9,,3,SUR,-0.77,
TQBR,2016-05-10,ГАЗПРОМ ао,GAZP,36909,4557787753.7,158.78,156.15,161.15,156.85,158.26,156.85,28797150,158.27,158.27,156.85,4557787753.7,4557787753.7,4557787753.7,,3,SUR,-1.52,
TQBR,2016-05-11,ГАЗПРОМ ао,GAZP,33623,4696040929.8,157.24,156.7,160.49,159.45,158.67,159.45,29597260,158.66,158.66,159.45,4696040929.8,4696040929.8,4696040929.8,,3,SUR,1.66,
TQBR,2016-05-12,ГАЗПРОМ ао,GAZP,33677,4241978876.2,160.95,159.03,162.34,159.03,160.94,159.03,26356750,160.94,160.94,159.03,4241978876.2,4241978876.2,4241978876.2,,3,SUR,-0.26,
TQBR,2016-05-13,ГАЗПРОМ ао,GAZP,25894,3232152012.2,159.3,157.32,160.18,159.85,158.8,159.85,20352970,158.8,158.8,159.85,3232152012.2,3232152012.2,3232152012.2,,3,SUR,0.52,
TQBR,2016-05-16,ГАЗПРОМ ао,GAZP,38775,5275898731.7,159.98,157.5,162.54,158.07,160.46,158.07,32878210,160.47,160.47,158.07,5275898731.7,5275898731.7,5275898731.7,,3,SUR,-1.11,
TQBR,2016-05-17,ГАЗПРОМ ао,GAZP,77280,9953542480.0,155.1,150.6,156.0,153.58,153.09,153.58,65014110,153.1,153.1,153.58,9953542480.0,9953542480.0,9953542480.0,,3,SUR,-2.84,
TQBR,2016-05-18,ГАЗПРОМ ао,GAZP,31400,3519787258.5,153.5,151.8,153.5,152.1,152.52,152.1,23076220,152.53,152.53,152.1,3519787258.5,3519787258.5,3519787258.5,,3,SUR,-0.96,
TQBR,2016-05-19,ГАЗПРОМ ао,GAZP,72628,10315176495.1,151.25,148.33,155.55,148.33,151.59,148.33,68045200,151.59,151.59,148.33,10315176495.1,10315176495.1,10315176495.1,,3,SUR,-2.48,
TQBR,2016-05-20,ГАЗПРОМ ао,GAZP,51276,5913510445.5,149.37,145.64,149.56,146.7,147.16,146.7,40182780,147.17,147.17,146.7,5913510445.5,5913510445.5,5913510445.5,,3,SUR,-1.1,
TQBR,2016-05-23,ГАЗПРОМ ао,GAZP,34803,3931467168.2,145.99,143.83,146.47,144.31,144.99,144.31,27115610,144.99,144.99,144.31,3931467168.2,3931467168.2,3931467168.2,,3,SUR,-1.63,
TQBR,2016-05-24,ГАЗПРОМ ао,GAZP,40234,3483710737.4,144.95,144.46,146.8,146.35,146.26,146.35,23818470,146.26,146.26,146.35,3483710737.4,3483710737.4,3483710737.4,,3,SUR,1.41,
TQBR,2016-05-25,ГАЗПРОМ ао,GAZP,37152,4610722170.3,146.9,146.34,148.37,146.55,147.45,146.55,31261980,147.49,147.49,146.55,4610722170.3,4610722170.3,4610722170.3,,3,SUR,0.14,
TQBR,2016-05-26,ГАЗПРОМ ао,GAZP,42649,5130776982.8,147.34,146.63,149.88,148.87,148.62,148.87,34524860,148.61,148.61,148.87,5130776982.8,5130776982.8,5130776982.8,,3,SUR,1.58,
TQBR,2016-05-27,ГАЗПРОМ ао,GAZP,33650,4498906633.4,148.8,147.58,149.88,149.88,148.99,149.88,30197220,148.98,148.98,149.88,4498906633.4,4498906633.4,4498906633.4,,3,SUR,0.68,
TQBR,2016-05-30,ГАЗПРОМ ао,GAZP,23200,2213096650.0,149.97,147.76,150.15,149.6,148.96,149.6,14857530,148.95,148.95,149.6,2213096650.0,2213096650.0,2213096650.0,,3,SUR,-0.19,
TQBR,2016-05-31,ГАЗПРОМ ао,GAZP,39275,6135210263.8,149.74,145.5,150.29,145.5,147.61,145.5,41566130,147.6,147.6,145.5,6135210263.8,6135210263.8,6135210263.8,,3,SUR,-2.74,
TQBR,2016-06-01,ГАЗПРОМ ао,GAZP,38567,4200373750.7,145.9,143.63,146.71,144.7,144.94,144.7,28993730,144.87,144.87,144.7,4200373750.7,4200373750.7,4200373750.7,,3,SUR,-0.55,
TQBR,2016-06-02,ГАЗПРОМ ао,GAZP,30488,3422777493.4,144.86,142.85,145.64,144.0,144.08,144.0,23755310,144.08,144.08,144.0,3422777493.4,3422777493.4,3422777493.4,,3,SUR,-0.48,
TQBR,2016-06-03,ГАЗПРОМ ао,GAZP,40715,4828378672.4,144.35,142.7,145.43,143.41,143.93,143.41,33546300,143.93,143.93,143.41,4828378672.4,4828378672.4,4828378672.4,,3,SUR,-0.41,
TQBR,2016-06-06,ГАЗПРОМ ао,GAZP,27050,3088067448.6,144.33,144.23,147.0,146.4,145.99,146.4,21152730,145.99,145.99,146.4,3088067448.6,3088067448.6,3088067448.6,,3,SUR,2.08,
TQBR,2016-06-07,ГАЗПРОМ ао,GAZP,30632,3711245539.0,146.43,146.0,148.9,147.75,147.67,147.75,25129620,147.68,147.68,147.75,3711245539.0,3711245539.0,3711245539.0,,3,SUR,0.92,
TQBR,2016-06-08,ГАЗПРОМ ао,GAZP,35569,4316372125.6,148.04,145.43,149.14,146.95,147.09,146.95,29358010,147.03,147.03,146.95,4316372125.6,4316372125.6,4316372125.6,,3,SUR,-0.54,
TQBR,2016-06-09,ГАЗПРОМ ао,GAZP,22181,2744449873.3,147.0,144.25,147.0,144.98,145.99,144.98,18917400,145.08,145.08,144.98,2744449873.3,2744449873.3,2744449873.3,,3,SUR,-1.34,
TQBR,2016-06-10,ГАЗПРОМ ао,GAZP,24274,3193570601.1,144.7,142.44,144.75,142.44,143.9,142.44,22263610,143.44,143.44,142.44,3193570601.1,3193570601.1,3193570601.1,,3,SUR,-1.75,
TQBR,2016-06-14,ГАЗПРОМ ао,GAZP,32590,3405067293.4,142.35,140.38,143.13,141.84,141.41,141.84,24082020,141.39,141.39,141.84,3405067293.4,3405067293.4,3405067293.4,,3,SUR,-0.42,
TQBR,2016-06-15,ГАЗПРОМ ао,GAZP,38369,4411096468.6,141.9,140.19,142.6,141.57,142.05,141.57,31129560,141.7,141.7,141.57,4411096468.6,4411096468.6,4411096468.6,,3,SUR,-0.19,
TQBR,2016-06-16,ГАЗПРОМ ао,GAZP,31848,4287088653.7,141.0,138.4,141.55,139.5,139.63,139.5,30703770,139.63,139.63,139.5,4287088653.7,4287088653.7,4287088653.7,,3,SUR,-1.46,
TQBR,2016-06-17,ГАЗПРОМ ао,GAZP,31483,4582832958.7,140.28,139.32,142.25,139.32,141.13,139.32,32467330,141.15,141.15,139.32,4582832958.7,4582832958.7,4582832958.7,,3,SUR,-0.13,
TQBR,2016-06-20,ГАЗПРОМ ао,GAZP,23447,2927973098.2,141.14,141.07,143.64,142.97,142.68,142.97,20521080,142.68,142.68,142.97,2927973098.2,2927973098.2,2927973098.2,,3,SUR,2.62,
TQBR,2016-06-21,ГАЗПРОМ ао,GAZP,30356,3141306538.8,142.98,141.2,143.85,143.54,142.51,143.54,22044020,142.5,142.5,143.54,3141306538.8,3141306538.8,3141306538.8,,3,SUR,0.4,
TQBR,2016-06-22,ГАЗПРОМ ао,GAZP,30281,2782341415.3,143.7,142.69,144.2,143.0,143.41,143.0,19383470,143.54,143.54,143.0,2782341415.3,2782341415.3,2782341415.3,,3,SUR,-0.38,
TQBR,2016-06-23,ГАЗПРОМ ао,GAZP,28224,2847351629.6,143.0,141.34,144.2,144.2,143.0,144.2,19912990,142.99,142.99,144.2,2847351629.6,2847351629.6,2847351629.6,,3,SUR,0.84,
TQBR,2016-06-24,ГАЗПРОМ ао,GAZP,53895,6530507755.4,139.81,136.87,141.29,141.25,139.56,141.25,46794930,139.56,139.56,141.25,6530507755.4,6530507755.4,6530507755.4,,3,SUR,-2.05,
TQBR,2016-06-27,ГАЗПРОМ ао,GAZP,29836,3342004935.5,141.03,138.52,141.74,138.52,139.68,138.52,23927190,139.67,139.67,138.52,3342004935.5,3342004935.5,3342004935.5,,3,SUR,-1.93,
TQBR,2016-06-28,ГАЗПРОМ ао,GAZP,29441,3155774445.8,139.2,138.55,140.12,139.24,139.28,139.24,22658400,139.28,139.28,139.24,3155774445.8,3155774445.8,3155774445.8,,3,SUR,0.52,
TQBR,2016-06-29,ГАЗПРОМ ао,GAZP,23029,2401864565.4,139.6,139.2,140.83,140.0,140.28,140.0,17156160,140.0,140.0,140.0,2401864565.4,2401864565.4,2401864565.4,,3,SUR,0.55,
TQBR,2016-06-30,ГАЗПРОМ ао,GAZP,27643,3460938315.7,140.01,139.43,141.89,139.51,140.41,139.51,24651670,140.39,140.39,139.51,3460938315.7,3460938315.7,3460938315.7,,3,SUR,-0.35,
TQBR,2016-07-01,ГАЗПРОМ ао,GAZP,20207,2183300130.4,139.81,138.92,140.79,140.05,140.01,140.05,15593930,140.01,140.01,140.05,2183300130.4,2183300130.4,2183300130.4,,3,SUR,0.39,
TQBR,2016-07-04,ГАЗПРОМ ао,GAZP,24309,2711183376.3,140.75,140.09,142.35,141.6,141.38,141.6,19175690,141.39,141.39,141.6,2711183376.3,2711183376.3,2711183376.3,,3,SUR,1.11,
TQBR,2016-07-05,ГАЗПРОМ ао,GAZP,21515,2380789055.8,141.7,139.9,141.8,140.95,140.61,140.95,16935850,140.58,140.58,140.95,2380789055.8,2380789055.8,2380789055.8,,3,SUR,-0.46,
TQBR,2016-07-06,ГАЗПРОМ ао,GAZP,23298,2678073708.0,140.94,139.2,141.15,139.99,140.02,139.99,19126440,140.02,140.02,139.99,2678073708.0,2678073708.0,2678073708.0,,3,SUR,-0.68,
TQBR,2016-07-07,ГАЗПРОМ ао,GAZP,27973,3289114603.4,140.31,139.75,141.85,140.37,140.83,140.37,23355290,140.83,140.83,140.37,3289114603.4,3289114603.4,3289114603.4,,3,SUR,0.27,
TQBR,2016-07-08,ГАЗПРОМ ао,GAZP,31516,3063792202.1,139.52,138.84,140.9,140.27,139.81,140.27,21914480,139.81,139.81,140.27,3063792202.1,3063792202.1,3063792202.1,,3,SUR,-0.07,
TQBR,2016-07-11,ГАЗПРОМ ао,GAZP,21515,2353175725.7,140.8,140.33,141.5,141.4,141.02,141.4,16687140,141.02,141.02,141.4,2353175725.7,2353175725.7,2353175725.7,,3,SUR,0.81,
TQBR,2016-07-12,ГАЗПРОМ ао,GAZP,32784,4323433741.2,141.6,141.38,142.9,142.12,142.31,142.12,30379740,142.31,142.31,142.12,4323433741.2,4323433741.2,4323433741.2,,3,SUR,0.51,
TQBR,2016-07-13,ГАЗПРОМ ао,GAZP,34767,4008744860.5,142.01,141.8,144.14,143.6,143.07,143.6,28019780,143.07,143.07,143.6,4008744860.5,4008744860.5,4008744860.5,,3,SUR,1.04,
TQBR,2016-07-14,ГАЗПРОМ ао,GAZP,26094,3557763105.0,143.51,142.52,144.24,144.2,143.48,144.2,24796100,143.48,143.48,144.2,3557763105.0,3557763105.0,3557763105.0,,3,SUR,0.42,
TQBR,2016-07-15,ГАЗПРОМ ао,GAZP,46164,5771065814.2,143.95,143.7,147.37,147.37,146.13,147.37,39498930,146.11,146.11,147.37,5771065814.2,5771065814.2,5771065814.2,,3,SUR,2.2,
TQBR,2016-07-18,ГАЗПРОМ ао,GAZP,29852,4820831215.8,147.4,145.12,148.25,145.84,146.44,145.84,32925040,146.42,146.42,145.84,4820831215.8,4820831215.8,4820831215.8,,3,SUR,-1.04,
TQBR,2016-07-19,ГАЗПРОМ ао,GAZP,46290,5473204683.3,139.01,138.18,140.0,139.48,139.33,139.48,39283560,139.33,139.33,139.48,5473204683.3,5473204683.3,5473204683.3,,3,SUR,-4.36,
TQBR,2016-07-20,ГАЗПРОМ ао,GAZP,29166,3325968334.6,139.48,137.82,139.95,139.26,139.14,139.26,23904470,139.14,139.14,139.26,3325968334.6,3325968334.6,3325968334.6,,3,SUR,-0.16,
TQBR,2016-07-21,ГАЗПРОМ ао,GAZP,20312,2435692108.9,140.0,139.11,140.95,140.1,140.2,140.1,17372670,140.2,140.2,140.1,2435692108.9,2435692108.9,2435692108.9,,3,SUR,0.6,
TQBR,2016-07-22,ГАЗПРОМ ао,GAZP,20708,2054246281.0,139.7,139.7,141.3,140.6,140.86,140.6,14583890,140.86,140.86,140.6,2054246281.0,2054246281.0,2054246281.0,,3,SUR,0.36,
TQBR,2016-07-25,ГАЗПРОМ ао,GAZP,25704,2507363940.8,140.6,139.9,141.98,140.7,141.02,140.7,17780960,141.01,141.01,140.7,2507363940.8,2507363940.8,2507363940.8,,3,SUR,0.07,
TQBR,2016-07-26,ГАЗПРОМ ао,GAZP,23251,2496670177.0,140.94,139.53,141.11,140.69,140.16,140.69,17813320,140.16,140.16,140.69,2496670177.0,2496670177.0,2496670177.0,,3,SUR,-0.01,
TQBR,2016-07-27,ГАЗПРОМ ао,GAZP,28225,3603723526.9,140.2,138.35,140.85,139.5,139.27,139.5,25875420,139.27,139.27,139.5,3603723526.9,3603723526.9,3603723526.9,,3,SUR,-0.85,
TQBR,2016-07-28,ГАЗПРОМ ао,GAZP,30792,3465883789.1,139.05,138.61,140.46,139.9,139.9,139.9,24843310,139.51,139.51,139.9,3465883789.1,3465883789.1,3465883789.1,,3,SUR,0.29,
TQBR,2016-07-29,ГАЗПРОМ ао,GAZP,37733,4912354147.9,139.5,136.54,139.64,137.3,138.28,137.3,35665920,137.73,137.73,137.3,4912354147.9,4912354147.9,4912354147.9,,3,SUR,-1.86,
TQBR,2016-08-01,ГАЗПРОМ ао,GAZP,34661,2802969254.8,137.73,136.65,138.69,136.93,137.64,136.93,20364090,137.64,137.64,136.93,2802969254.8,2802969254.8,2802969254.8,,3,SUR,-0.27,
TQBR,2016-08-02,ГАЗПРОМ ао,GAZP,42889,3520783305.1,137.0,134.2,137.1,134.5,135.27,134.5,26031460,135.25,135.25,134.5,3520783305.1,3520783305.1,3520783305.1,,3,SUR,-1.77,
TQBR,2016-08-03,ГАЗПРОМ ао,GAZP,30145,3404385697.7,134.5,133.2,134.9,134.04,133.96,134.04,25417550,133.94,133.94,134.04,3404385697.7,3404385697.7,3404385697.7,,3,SUR,-0.34,
TQBR,2016-08-04,ГАЗПРОМ ао,GAZP,34828,3497775991.5,134.9,134.89,136.7,136.7,135.81,136.7,25755030,135.81,135.81,136.7,3497775991.5,3497775991.5,3497775991.5,,3,SUR,1.98,
TQBR,2016-08-05,ГАЗПРОМ ао,GAZP,30083,3176961049.2,136.6,134.65,137.33,135.5,136.01,135.5,23427500,135.61,135.61,135.5,3176961049.2,3176961049.2,3176961049.2,,3,SUR,-0.88,
TQBR,2016-08-08,ГАЗПРОМ ао,GAZP,25565,3040952503.2,136.0,135.72,137.5,137.47,136.84,137.47,22224000,136.83,136.83,137.47,3040952503.2,3040952503.2,3040952503.2,,3,SUR,1.45,
TQBR,2016-08-09,ГАЗПРОМ ао,GAZP,30191,3077240411.8,137.11,136.93,138.39,137.34,137.71,137.34,22343320,137.73,137.73,137.34,3077240411.8,3077240411.8,3077240411.8,,3,SUR,-0.09,
TQBR,2016-08-10,ГАЗПРОМ ао,GAZP,28935,2954713915.0,137.39,137.0,138.65,137.4,137.79,137.4,21443520,137.79,137.79,137.4,2954713915.0,2954713915.0,2954713915.0,,3,SUR,0.04,
TQBR,2016-08-11,ГАЗПРОМ ао,GAZP,30309,3164942204.7,137.04,136.05,137.49,137.19,136.59,137.19,23170070,136.6,136.6,137.19,3164942204.7,3164942204.7,3164942204.7,,3,SUR,-0.15,
TQBR,2016-08-12,ГАЗПРОМ ао,GAZP,30182,2850801858.9,137.4,137.03,138.4,137.83,137.75,137.83,20691860,137.77,137.77,137.83,2850801858.9,2850801858.9,2850801858.9,,3,SUR,0.47,
TQBR,2016-08-15,ГАЗПРОМ ао,GAZP,23029,2867940418.0,138.04,137.37,138.7,138.0,138.08,138.0,20766230,138.11,138.11,138.0,2867940418.0,2867940418.0,2867940418.0,,3,SUR,0.12,
TQBR,2016-08-16,ГАЗПРОМ ао,GAZP,40007,4008854616.0,138.0,137.18,139.37,137.99,137.75,137.99,28998930,138.24,138.24,137.99,4008854616.0,4008854616.0,4008854616.0,,3,SUR,-0.01,
TQBR,2016-08-17,ГАЗПРОМ ао,GAZP,25067,2492234241.7,137.99,136.26,137.99,137.68,137.03,137.68,18190650,137.01,137.01,137.68,2492234241.7,2492234241.7,2492234241.7,,3,SUR,-0.22,
TQBR,2016-08-18,ГАЗПРОМ ао,GAZP,20512,2661272407.1,137.5,137.33,138.49,138.4,138.27,138.4,19280130,138.03,138.03,138.4,2661272407.1,2661272407.1,2661272407.1,,3,SUR,0.52,
TQBR,2016-08-19,ГАЗПРОМ ао,GAZP,28104,2094392291.1,138.49,136.8,138.78,136.8,137.6,136.8,15219750,137.61,137.61,136.8,2094392291.1,2094392291.1,2094392291.1,,3,SUR,-1.16,
TQBR,2016-08-22,ГАЗПРОМ ао,GAZP,18175,1791530687.9,136.78,136.04,137.81,137.8,136.82,137.8,13095310,136.81,136.81,137.8,1791530687.9,1791530687.9,1791530687.9,,3,SUR,0.73,
TQBR,2016-08-23,ГАЗПРОМ ао,GAZP,16992,1937463379.7,137.3,136.76,137.9,137.37,137.6,137.37,14107540,137.34,137.34,137.37,1937463379.7,1937463379.7,1937463379.7,,3,SUR,-0.31,
TQBR,2016-08-24,ГАЗПРОМ ао,GAZP,13799,1847846895.7,137.24,136.26,137.43,137.0,136.98,137.0,13517300,136.7,136.7,137.0,1847846895.7,1847846895.7,1847846895.7,,3,SUR,-0.27,
TQBR,2016-08-25,ГАЗПРОМ ао,GAZP,26826,2841225149.9,136.5,134.5,136.74,135.42,135.21,135.42,21017260,135.19,135.19,135.42,2841225149.9,2841225149.9,2841225149.9,,3,SUR,-1.15,
TQBR,2016-08-26,ГАЗПРОМ ао,GAZP,22980,2825974983.8,135.2,134.32,136.4,136.2,135.92,136.2,20889750,135.28,135.28,136.2,2825974983.8,2825974983.8,2825974983.8,,3,SUR,0.58,
TQBR,2016-08-29,ГАЗПРОМ ао,GAZP,13254,1415027670.8,135.43,134.5,136.2,136.2,135.45,136.2,10447260,135.44,135.44,136.2,1415027670.8,1415027670.8,1415027670.8,,3,SUR,0.0,
TQBR,2016-08-30,ГАЗПРОМ ао,GAZP,18617,2215001346.7,136.2,135.5,136.84,135.59,136.12,135.59,16268490,136.15,136.15,135.59,2215001346.7,2215001346.7,2215001346.7,,3,SUR,-0.45,
TQBR,2016-08-31,ГАЗПРОМ ао,GAZP,36102,4072224476.1,135.55,134.0,135.81,134.95,134.93,134.95,30193350,134.87,134.87,134.95,4072224476.1,4072224476.1,4072224476.1,,3,SUR,-0.47,
TQBR,2016-09-01,ГАЗПРОМ ао,GAZP,21833,2845535651.0,135.01,134.27,135.87,134.99,135.09,134.99,21063240,135.09,135.09,134.99,2845535651.0,2845535651.0,2845535651.0,,3,SUR,0.03,
TQBR,2016-09-02,ГАЗПРОМ ао,GAZP,20199,2125716295.4,135.29,134.8,136.35,135.55,135.56,135.55,15681030,135.56,135.56,135.55,2125716295.4,2125716295.4,2125716295.4,,3,SUR,0.41,
TQBR,2016-09-05,ГАЗПРОМ ао,GAZP,25360,3166588367.3,136.28,135.76,137.19,136.05,136.41,136.05,23213580,136.41,136.41,136.05,3166588367.3,3166588367.3,3166588367.3,,3,SUR,0.37,
TQBR,2016-09-06,ГАЗПРОМ ао,GAZP,51423,8415557908.0,136.87,136.61,141.4,141.4,139.99,141.4,60304240,139.55,139.55,141.4,8415557908.0,8415557908.0,8415557908.0,,3,SUR,3.93,
TQBR,2016-09-07,ГАЗПРОМ ао,GAZP,42358,7040213144.9,141.8,141.42,143.45,143.08,142.57,143.08,49380140,142.57,142.57,143.08,7040213144.9,7040213144.9,7040213144.9,,3,SUR,1.19,
TQBR,2016-09-08,ГАЗПРОМ ао,GAZP,29571,4148098572.0,143.66,140.77,143.83,141.45,142.14,141.45,29185840,142.13,142.13,141.45,4148098572.0,4148098572.0,4148098572.0,,3,SUR,-1.14,
TQBR,2016-09-09,ГАЗПРОМ ао,GAZP,25761,3455881623.6,140.9,138.54,140.9,138.54,139.58,138.54,24777160,139.48,139.48,138.54,3455881623.6,3455881623.6,3455881623.6,,3,SUR,-2.06,
TQBR,2016-09-12,ГАЗПРОМ ао,GAZP,28595,3614961067.7,137.5,136.53,139.59,138.93,138.34,138.93,26235340,137.79,137.79,138.93,3614961067.7,3614961067.7,3614961067.7,,3,SUR,0.28,
TQBR,2016-09-13,ГАЗПРОМ ао,GAZP,18574,2255597503.3,138.76,138.0,139.72,138.45,138.82,138.45,16246740,138.83,138.83,138.45,2255597503.3,2255597503.3,2255597503.3,,3,SUR,-0.35,
TQBR,2016-09-14,ГАЗПРОМ ао,GAZP,27364,3169533064.4,138.17,137.64,139.57,139.35,138.82,139.35,22830160,138.83,138.83,139.35,3169533064.4,3169533064.4,3169533064.4,,3,SUR,0.65,
TQBR,2016-09-15,ГАЗПРОМ ао,GAZP,31846,3324003395.9,139.25,136.55,139.25,137.6,137.66,137.6,24149280,137.64,137.64,137.6,3324003395.9,3324003395.9,3324003395.9,,3,SUR,-1.26,
TQBR,2016-09-16,ГАЗПРОМ ао,GAZP,28838,3950549679.1,137.7,134.73,138.0,136.47,137.16,136.47,28905820,136.67,136.67,136.47,3950549679.1,3950549679.1,3950549679.1,,3,SUR,-0.82,
TQBR,2016-09-19,ГАЗПРОМ ао,GAZP,20180,2304685541.5,136.87,136.12,138.15,136.59,137.0,136.59,16821930,137.0,137.0,136.59,2304685541.5,2304685541.5,2304685541.5,,3,SUR,0.09,
TQBR,2016-09-20,ГАЗПРОМ ао,GAZP,21943,2461084297.2,136.2,135.18,137.02,137.0,135.96,137.0,18103450,135.95,135.95,137.0,2461084297.2,2461084297.2,2461084297.2,,3,SUR,0.3,
TQBR,2016-09-21,ГАЗПРОМ ао,GAZP,20222,2173240980.2,137.21,135.5,137.48,136.25,136.21,136.25,15958010,136.18,136.18,136.25,2173240980.2,2173240980.2,2173240980.2,,3,SUR,-0.55,
TQBR,2016-09-22,ГАЗПРОМ ао,GAZP,30217,3947812281.5,136.89,135.23,137.05,136.7,136.01,136.7,29027950,136.0,136.0,136.7,3947812281.5,3947812281.5,3947812281.5,,3,SUR,0.33,
TQBR,2016-09-23,ГАЗПРОМ ао,GAZP,32894,3970725114.0,136.2,135.26,137.84,136.7,136.41,136.7,29107680,136.42,136.42,136.7,3970725114.0,3970725114.0,3970725114.0,,3,SUR,0.0,
TQBR,2016-09-26,ГАЗПРОМ ао,GAZP,30254,3451479892.6,136.39,134.8,136.39,135.26,135.15,135.26,25534270,135.17,135.17,135.26,3451479892.6,3451479892.6,3451479892.6,,3,SUR,-1.05,
TQBR,2016-09-27,ГАЗПРОМ ао,GAZP,27316,3242721435.0,135.51,133.88,135.58,133.92,134.56,133.92,24102940,134.54,134.54,133.92,3242721435.0,3242721435.0,3242721435.0,,3,SUR,-0.99,
TQBR,2016-09-28,ГАЗПРОМ ао,GAZP,21596,2583723499.7,134.58,133.57,134.9,134.09,134.13,134.09,19264280,134.12,134.12,134.09,2583723499.7,2583723499.7,2583723499.7,,3,SUR,0.13,
TQBR,2016-09-29,ГАЗПРОМ ао,GAZP,27299,3248132010.5,135.4,135.0,136.8,135.31,136.07,135.31,23908790,135.86,135.86,135.31,3248132010.5,3248132010.5,3248132010.5,,3,SUR,0.91,
TQBR,2016-09-30,ГАЗПРОМ ао,GAZP,26252,3205127920.9,135.0,134.26,135.95,134.9,135.32,134.9,23734570,135.04,135.04,134.9,3205127920.9,3205127920.9,3205127920.9,,3,SUR,-0.3,
TQBR,2016-10-03,ГАЗПРОМ ао,GAZP,23653,2662221538.1,135.1,134.8,136.69,135.37,136.1,135.37,19622730,135.67,135.67,135.37,2662221538.1,2662221538.1,2662221538.1,,3,SUR,0.35,
TQBR,2016-10-04,ГАЗПРОМ ао,GAZP,21660,2673581106.8,135.5,135.05,136.75,136.23,136.29,136.23,19669310,135.93,135.93,136.23,2673581106.8,2673581106.8,2673581106.8,,3,SUR,0.64,
TQBR,2016-10-05,ГАЗПРОМ ао,GAZP,22784,2899806784.3,136.31,134.25,136.32,134.8,134.89,134.8,21501020,134.87,134.87,134.8,2899806784.3,2899806784.3,2899806784.3,,3,SUR,-1.05,
TQBR,2016-10-06,ГАЗПРОМ ао,GAZP,23494,2663083613.0,134.88,134.1,136.24,135.9,135.21,135.9,19696440,135.21,135.21,135.9,2663083613.0,2663083613.0,2663083613.0,,3,SUR,0.82,
TQBR,2016-10-07,ГАЗПРОМ ао,GAZP,25156,2785280592.3,135.89,135.2,136.75,136.1,136.04,136.1,20473480,136.04,136.04,136.1,2785280592.3,2785280592.3,2785280592.3,,3,SUR,0.15,
TQBR,2016-10-10,ГАЗПРОМ ао,GAZP,50610,4742758597.4,136.17,135.75,139.5,139.1,137.89,139.1,34397090,137.88,137.88,139.1,4742758597.4,4742758597.4,4742758597.4,,3,SUR,2.2,
TQBR,2016-10-11,ГАЗПРОМ ао,GAZP,24931,4499791926.3,139.14,138.18,139.8,138.98,139.15,138.98,32335640,139.16,139.16,138.98,4499791926.3,4499791926.3,4499791926.3,,3,SUR,-0.09,
TQBR,2016-10-12,ГАЗПРОМ ао,GAZP,29655,4443089309.9,138.52,137.55,140.23,138.07,138.96,138.07,31976170,138.95,138.95,138.07,4443089309.9,4443089309.9,4443089309.9,,3,SUR,-0.65,
TQBR,2016-10-13,ГАЗПРОМ ао,GAZP,15347,2076492876.9,137.7,136.57,137.88,137.47,137.37,137.47,15129820,137.25,137.25,137.47,2076492876.9,2076492876.9,2076492876.9,,3,SUR,-0.43,
TQBR,2016-10-14,ГАЗПРОМ ао,GAZP,16413,1767433303.2,137.55,135.83,137.86,136.2,137.04,136.2,12933780,136.65,136.65,136.2,1767433303.2,1767433303.2,1767433303.2,,3,SUR,-0.92,
TQBR,2016-10-17,ГАЗПРОМ ао,GAZP,23196,2010355584.7,136.1,135.3,136.43,135.57,135.86,135.57,14806360,135.78,135.78,135.57,2010355584.7,2010355584.7,2010355584.7,,3,SUR,-0.46,
TQBR,2016-10-18,ГАЗПРОМ ао,GAZP,21582,2586769013.3,136.0,135.41,136.46,135.81,135.86,135.81,19038940,135.87,135.87,135.81,2586769013.3,2586769013.3,2586769013.3,,3,SUR,0.18,
TQBR,2016-10-19,ГАЗПРОМ ао,GAZP,20236,1601688078.8,136.11,134.7,136.16,135.49,135.48,135.49,11824310,135.46,135.46,135.49,1601688078.8,1601688078.8,1601688078.8,,3,SUR,-0.24,
TQBR,2016-10-20,ГАЗПРОМ ао,GAZP,16475,1673687803.0,135.79,134.7,135.79,134.72,135.02,134.72,12396890,135.01,135.01,134.72,1673687803.0,1673687803.0,1673687803.0,,3,SUR,-0.57,
TQBR,2016-10-21,ГАЗПРОМ ао,GAZP,20804,2088233100.3,135.1,133.95,135.35,134.96,134.56,134.96,15520990,134.54,134.54,134.96,2088233100.3,2088233100.3,2088233100.3,,3,SUR,0.18,
TQBR,2016-10-24,ГАЗПРОМ ао,GAZP,25379,2072552650.8,135.24,134.75,136.14,135.05,135.35,135.05,15312220,135.35,135.35,135.05,2072552650.8,2072552650.8,2072552650.8,,3,SUR,0.07,
TQBR,2016-10-25,ГАЗПРОМ ао,GAZP,22454,2095497492.6,135.25,134.88,135.97,135.3,135.4,135.3,15474750,135.41,135.41,135.3,2095497492.6,2095497492.6,2095497492.6,,3,SUR,0.19,
TQBR,2016-10-26,ГАЗПРОМ ао,GAZP,20060,1612408475.9,135.11,134.55,135.7,135.32,135.1,135.32,11935260,135.1,135.1,135.32,1612408475.9,1612408475.9,1612408475.9,,3,SUR,0.01,
TQBR,2016-10-27,ГАЗПРОМ ао,GAZP,21801,1664944125.2,135.32,134.62,135.64,135.04,135.0,135.04,12333740,134.99,134.99,135.04,1664944125.2,1664944125.2,1664944125.2,,3,SUR,-0.21,
TQBR,2016-10-28,ГАЗПРОМ ао,GAZP,14324,1344279984.1,135.0,134.4,135.04,135.0,134.79,135.0,9973340,134.79,134.79,135.0,1344279984.1,1344279984.1,1344279984.1,,3,SUR,-0.03,
TQBR,2016-10-31,ГАЗПРОМ ао,GAZP,56753,5931380591.8,136.3,136.16,139.44,138.84,137.97,138.84,42989200,137.97,137.97,138.84,5931380591.8,5931380591.8,5931380591.8,,3,SUR,2.84,
TQBR,2016-11-01,ГАЗПРОМ ао,GAZP,55399,6943744566.0,139.12,139.01,142.44,141.98,140.48,141.98,49424650,140.49,140.49,141.98,6943744566.0,6943744566.0,6943744566.0,,3,SUR,2.26,
TQBR,2016-11-02,ГАЗПРОМ ао,GAZP,60018,6122499694.8,141.49,140.03,143.64,140.81,141.88,140.81,43150330,141.89,141.89,140.81,6122499694.8,6122499694.8,6122499694.8,,3,SUR,-0.82,
TQBR,2016-11-03,ГАЗПРОМ ао,GAZP,31942,3485709964.4,140.5,139.3,141.3,139.9,140.12,139.9,24879410,140.1,140.1,139.9,3485709964.4,3485709964.4,3485709964.4,,3,SUR,-0.65,
TQBR,2016-11-07,ГАЗПРОМ ао,GAZP,35842,3283526908.7,140.5,138.5,140.96,138.5,139.34,138.5,23566970,139.33,139.33,138.5,3283526908.7,3283526908.7,3283526908.7,,3,SUR,-1.0,
TQBR,2016-11-08,ГАЗПРОМ ао,GAZP,35903,2916544955.4,138.86,138.81,140.98,139.32,139.9,139.32,20844700,139.92,139.92,139.32,2916544955.4,2916544955.4,2916544955.4,,3,SUR,0.59,
TQBR,2016-11-09,ГАЗПРОМ ао,GAZP,94500,11343564179.2,138.0,137.55,145.62,145.62,142.82,145.62,79384800,142.89,142.89,145.62,11343564179.2,11343564179.2,11343564179.2,,3,SUR,4.52,
TQBR,2016-11-10,ГАЗПРОМ ао,GAZP,103501,15388700308.4,146.45,145.75,151.3,147.4,149.09,147.4,103218440,149.09,149.09,147.4,15388700308.4,15388700308.4,15388700308.4,,3,SUR,1.22,
TQBR,2016-11-11,ГАЗПРОМ ао,GAZP,49248,6721771942.0,147.4,145.79,149.5,147.88,147.98,147.88,45421760,147.99,147.99,147.88,6721771942.0,6721771942.0,6721771942.0,,3,SUR,0.33,
TQBR,2016-11-14,ГАЗПРОМ ао,GAZP,40479,4661568704.8,148.6,145.96,149.67,146.26,147.27,146.26,31655130,147.26,147.26,146.26,4661568704.8,4661568704.8,4661568704.8,,3,SUR,-1.1,
TQBR,2016-11-15,ГАЗПРОМ ао,GAZP,29864,3488436601.9,146.5,145.6,148.0,145.9,146.71,145.9,23781420,146.69,146.69,145.9,3488436601.9,3488436601.9,3488436601.9,,3,SUR,-0.25,
TQBR,2016-11-16,ГАЗПРОМ ао,GAZP,48761,6018316509.9,147.07,145.14,148.8,145.5,147.09,145.5,40902380,147.14,147.14,145.5,6018316509.9,6018316509.9,6018316509.9,,3,SUR,-0.27,
TQBR,2016-11-17,ГАЗПРОМ ао,GAZP,34568,4151412694.7,145.82,145.32,147.78,147.7,146.4,147.7,28348820,146.44,146.44,147.7,4151412694.7,4151412694.7,4151412694.7,,3,SUR,1.51,
TQBR,2016-11-18,ГАЗПРОМ ао,GAZP,21273,2159377688.7,147.51,146.74,148.29,146.96,147.42,146.96,14647970,147.42,147.42,146.96,2159377688.7,2159377688.7,2159377688.7,,3,SUR,-0.5,
TQBR,2016-11-21,ГАЗПРОМ ао,GAZP,31170,3896421482.4,147.6,147.6,149.85,149.6,148.94,149.6,26159040,148.95,148.95,149.6,3896421482.4,3896421482.4,3896421482.4,,3,SUR,1.8,
TQBR,2016-11-22,ГАЗПРОМ ао,GAZP,29135,3986691592.2,150.2,149.06,150.83,150.0,149.65,150.0,26583940,149.97,149.97,150.0,3986691592.2,3986691592.2,3986691592.2,,3,SUR,0.27,
TQBR,2016-11-23,ГАЗПРОМ ао,GAZP,24536,2891139492.3,150.24,148.56,150.38,149.49,149.58,149.49,19329900,149.57,149.57,149.49,2891139492.3,2891139492.3,2891139492.3,,3,SUR,-0.34,
TQBR,2016-11-24,ГАЗПРОМ ао,GAZP,30089,3951318726.7,149.53,149.35,152.25,151.11,150.36,151.11,26216000,150.72,150.72,151.11,3951318726.7,3951318726.7,3951318726.7,,3,SUR,1.08,
TQBR,2016-11-25,ГАЗПРОМ ао,GAZP,23110,2698302673.7,150.94,149.5,151.6,151.31,150.45,151.31,17903950,150.71,150.71,151.31,2698302673.7,2698302673.7,2698302673.7,,3,SUR,0.13,
TQBR,2016-11-28,ГАЗПРОМ ао,GAZP,27899,3643476891.4,151.18,148.39,151.48,148.94,149.24,148.94,24402370,149.31,149.31,148.94,3643476891.4,3643476891.4,3643476891.4,,3,SUR,-1.57,
TQBR,2016-11-29,ГАЗПРОМ ао,GAZP,29304,3141157934.6,148.83,147.34,149.49,147.75,148.72,147.75,21155580,148.48,148.48,147.75,3141157934.6,3141157934.6,3141157934.6,,3,SUR,-0.8,
TQBR,2016-11-30,ГАЗПРОМ ао,GAZP,44692,6624652445.9,148.0,147.6,151.12,148.8,149.43,148.8,44343150,149.4,149.4,148.8,6624652445.9,6624652445.9,6624652445.9,,3,SUR,0.71,
TQBR,2016-12-01,ГАЗПРОМ ао,GAZP,57966,8724061983.1,149.54,149.54,153.7,152.81,152.44,152.81,57550290,151.59,151.59,152.81,8724061983.1,8724061983.1,8724061983.1,,3,SUR,2.69,
TQBR,2016-12-02,ГАЗПРОМ ао,GAZP,27252,4137881993.3,152.81,151.8,153.64,152.35,153.01,152.35,27081770,152.79,152.79,152.35,4137881993.3,4137881993.3,4137881993.3,,3,SUR,-0.3,
TQBR,2016-12-05,ГАЗПРОМ ао,GAZP,34000,5379462064.6,152.17,152.09,153.99,153.78,153.36,153.78,35074550,153.37,153.37,153.78,5379462064.6,5379462064.6,5379462064.6,,3,SUR,0.94,
TQBR,2016-12-06,ГАЗПРОМ ао,GAZP,38005,5431355916.0,153.97,151.27,154.55,151.5,153.0,151.5,35498600,153.0,153.0,151.5,5431355916.0,5431355916.0,5431355916.0,,3,SUR,-1.48,
TQBR,2016-12-07,ГАЗПРОМ ао,GAZP,22714,3558488712.9,151.56,150.92,152.61,151.95,151.99,151.95,23411240,152.0,152.0,151.95,3558488712.9,3558488712.9,3558488712.9,,3,SUR,0.3,
TQBR,2016-12-08,ГАЗПРОМ ао,GAZP,30392,4798383832.5,152.49,151.89,153.7,153.05,152.9,153.05,31381700,152.9,152.9,153.05,4798383832.5,4798383832.5,4798383832.5,,3,SUR,0.72,
TQBR,2016-12-09,ГАЗПРОМ ао,GAZP,26119,4097498554.9,153.5,152.18,153.83,152.99,152.94,152.99,26792910,152.93,152.93,152.99,4097498554.9,4097498554.9,4097498554.9,,3,SUR,-0.04,
TQBR,2016-12-12,ГАЗПРОМ ао,GAZP,69915,13125154818.1,154.15,154.03,159.82,158.63,156.28,158.63,83797990,156.63,156.63,158.63,13125154818.1,13125154818.1,13125154818.1,,3,SUR,3.69,
TQBR,2016-12-13,ГАЗПРОМ ао,GAZP,35588,6846348630.2,158.35,157.72,159.2,158.95,158.53,158.95,43179500,158.56,158.56,158.95,6846348630.2,6846348630.2,6846348630.2,,3,SUR,0.2,
TQBR,2016-12-14,ГАЗПРОМ ао,GAZP,58388,7175850970.3,159.01,155.3,160.62,157.2,156.7,157.2,45524980,157.62,157.62,157.2,7175850970.3,7175850970.3,7175850970.3,,3,SUR,-1.1,
TQBR,2016-12-15,ГАЗПРОМ ао,GAZP,51537,8220216842.3,155.77,155.77,158.3,158.25,156.93,158.25,52385610,156.92,156.92,158.25,8220216842.3,8220216842.3,8220216842.3,,3,SUR,0.67,
TQBR,2016-12-16,ГАЗПРОМ ао,GAZP,39264,4997123653.1,158.48,156.2,158.88,156.2,158.12,156.2,31710640,157.59,157.59,156.2,4997123653.1,4997123653.1,4997123653.1,,3,SUR,-1.3,
TQBR,2016-12-19,ГАЗПРОМ ао,GAZP,22902,2744278614.0,157.18,154.6,157.75,154.6,156.92,154.6,17558190,156.3,156.3,154.6,2744278614.0,2744278614.0,2744278614.0,,3,SUR,-1.02,
TQBR,2016-12-20,ГАЗПРОМ ао,GAZP,31163,4336877672.6,154.51,153.76,155.95,155.3,154.9,155.3,28013210,154.82,154.82,155.3,4336877672.6,4336877672.6,4336877672.6,,3,SUR,0.45,
TQBR,2016-12-21,ГАЗПРОМ ао,GAZP,26148,3506410069.1,155.69,153.01,156.73,153.06,155.16,153.06,22599140,155.16,155.16,153.06,3506410069.1,3506410069.1,3506410069.1,,3,SUR,-1.44,
TQBR,2016-12-22,ГАЗПРОМ ао,GAZP,40467,4501239613.6,153.49,149.72,153.49,150.27,150.71,150.27,29733560,151.39,151.39,150.27,4501239613.6,4501239613.6,4501239613.6,,3,SUR,-1.82,
TQBR,2016-12-23,ГАЗПРОМ ао,GAZP,37086,3724152164.8,150.28,147.22,151.19,149.05,148.4,149.05,24977800,149.1,149.1,149.05,3724152164.8,3724152164.8,3724152164.8,,3,SUR,-0.81,
TQBR,2016-12-26,ГАЗПРОМ ао,GAZP,9667,1048469077.6,149.0,148.8,149.86,148.95,149.4,148.95,7017140,149.42,149.42,148.95,1048469077.6,1048469077.6,1048469077.6,,3,SUR,-0.07,
TQBR,2016-12-27,ГАЗПРОМ ао,GAZP,16915,1449719891.8,149.05,149.05,151.03,150.38,150.94,150.38,9643110,150.34,150.34,150.38,1449719891.8,1449719891.8,1449719891.8,,3,SUR,0.96,
TQBR,2016-12-28,ГАЗПРОМ ао,GAZP,28194,2580915746.8,150.74,149.6,152.6,151.0,151.52,151.0,17025510,151.59,151.59,151.0,2580915746.8,2580915746.8,2580915746.8,,3,SUR,0.41,
TQBR,2016-12-29,ГАЗПРОМ ао,GAZP,31421,2246718131.2,150.74,149.9,153.29,152.62,151.67,152.62,14812890,151.67,151.67,152.62,2246718131.2,2246718131.2,2246718131.2,,3,SUR,1.07,
TQBR,2016-12-30,ГАЗПРОМ ао,GAZP,18703,2413099444.9,153.0,152.6,154.55,154.55,153.55,154.55,15714590,153.56,153.56,154.55,2413099444.9,2413099444.9,2413099444.9,,3,SUR,1.26,
TQBR,2017-01-03,ГАЗПРОМ ао,GAZP,32185,3883172561.9,154.46,154.12,158.2,157.7,156.78,157.7,24763380,156.81,156.81,157.7,3883172561.9,3883172561.9,3883172561.9,,3,SUR,2.04,
TQBR,2017-01-04,ГАЗПРОМ ао,GAZP,23972,2425764171.0,156.84,155.76,157.44,157.44,156.47,157.44,15503920,156.46,156.46,157.44,2425764171.0,2425764171.0,2425764171.0,,3,SUR,-0.16,
TQBR,2017-01-05,ГАЗПРОМ ао,GAZP,40536,3946055510.2,157.44,153.17,158.7,154.0,155.09,154.0,25449570,155.05,155.05,154.0,3946055510.2,3946055510.2,3946055510.2,,3,SUR,-2.18,
TQBR,2017-01-06,ГАЗПРОМ ао,GAZP,19138,1885748677.3,154.15,152.05,154.47,154.1,153.21,154.1,12310510,153.18,153.18,154.1,1885748677.3,1885748677.3,1885748677.3,,3,SUR,0.06,
TQBR,2017-01-09,ГАЗПРОМ ао,GAZP,24306,2000207575.9,154.2,153.3,155.5,154.4,153.62,154.4,12955890,154.39,154.39,154.4,2000207575.9,2000207575.9,2000207575.9,,3,SUR,0.19,
TQBR,2017-01-10,ГАЗПРОМ ао,GAZP,33219,4088862817.8,154.01,154.0,158.02,157.97,154.98,157.97,26146750,156.38,156.38,157.97,4088862817.8,4088862817.8,4088862817.8,,3,SUR,2.31,
TQBR,2017-01-11,ГАЗПРОМ ао,GAZP,28075,3247190888.8,157.5,155.81,158.5,157.01,157.16,157.01,20658180,157.19,157.19,157.01,3247190888.8,3247190888.8,3247190888.8,,3,SUR,-0.61,
TQBR,2017-01-12,ГАЗПРОМ ао,GAZP,31981,3786617512.4,158.48,155.53,158.48,157.25,156.87,157.25,24140250,156.86,156.86,157.25,3786617512.4,3786617512.4,3786617512.4,,3,SUR,0.15,
TQBR,2017-01-13,ГАЗПРОМ ао,GAZP,28625,3659549744.5,157.48,155.77,158.3,157.95,156.92,157.95,23323000,156.91,156.91,157.95,3659549744.5,3659549744.5,3659549744.5,,3,SUR,0.45,
TQBR,2017-01-16,ГАЗПРОМ ао,GAZP,22062,2655147990.4,157.99,155.58,158.2,155.81,156.65,155.81,16952610,156.62,156.62,155.81,2655147990.4,2655147990.4,2655147990.4,,3,SUR,-1.35,
TQBR,2017-01-17,ГАЗПРОМ ао,GAZP,35884,3997921294.9,155.6,153.01,156.5,153.65,154.03,153.65,25918410,154.25,154.25,153.65,3997921294.9,3997921294.9,3997921294.9,,3,SUR,-1.39,
TQBR,2017-01-18,ГАЗПРОМ ао,GAZP,24356,2488511325.1,154.2,152.65,154.59,152.86,153.47,152.86,16216270,153.46,153.46,152.86,2488511325.1,2488511325.1,2488511325.1,,3,SUR,-0.51,
TQBR,2017-01-19,ГАЗПРОМ ао,GAZP,70288,6297816854.8,153.3,148.23,153.56,150.85,150.11,150.85,41963880,150.08,150.08,150.85,6297816854.8,6297816854.8,6297816854.8,,3,SUR,-1.31,
TQBR,2017-01-20,ГАЗПРОМ ао,GAZP,42592,4962542510.9,150.85,147.7,151.2,149.7,149.31,149.7,33241970,149.29,149.29,149.7,4962542510.9,4962542510.9,4962542510.9,,3,SUR,-0.76,
TQBR,2017-01-23,ГАЗПРОМ ао,GAZP,37645,3329295456.5,149.9,147.1,149.9,148.1,148.05,148.1,22491250,148.03,148.03,148.1,3329295456.5,3329295456.5,3329295456.5,,3,SUR,-1.07,
TQBR,2017-01-24,ГАЗПРОМ ао,GAZP,31879,3342951816.3,148.25,148.25,150.5,150.15,149.49,150.15,22354380,149.54,149.54,150.15,3342951816.3,3342951816.3,3342951816.3,,3,SUR,1.38,
TQBR,2017-01-25,ГАЗПРОМ ао,GAZP,45717,4542696056.3,150.5,147.15,150.87,147.65,148.29,147.65,30645880,148.23,148.23,147.65,4542696056.3,4542696056.3,4542696056.3,,3,SUR,-1.67,
TQBR,2017-01-26,ГАЗПРОМ ао,GAZP,41952,3960935508.7,147.74,147.16,151.28,150.49,149.63,150.49,26471140,149.63,149.63,150.49,3960935508.7,3960935508.7,3960935508.7,,3,SUR,1.92,
TQBR,2017-01-27,ГАЗПРОМ ао,GAZP,49891,5681462894.0,150.4,149.91,154.53,154.09,152.86,154.09,37170230,152.85,152.85,154.09,5681462894.0,5681462894.0,5681462894.0,,3,SUR,2.39,
TQBR,2017-01-30,ГАЗПРОМ ао,GAZP,37096,3267047121.8,153.8,150.35,153.9,150.8,151.74,150.8,21533720,151.72,151.72,150.8,3267047121.8,3267047121.8,3267047121.8,,3,SUR,-2.14,
TQBR,2017-01-31,ГАЗПРОМ ао,GAZP,37514,4243436208.4,150.54,149.15,151.42,149.8,150.16,149.8,28260880,150.15,150.15,149.8,4243436208.4,4243436208.4,4243436208.4,,3,SUR,-0.66,
TQBR,2017-02-01,ГАЗПРОМ ао,GAZP,33072,3122375388.5,150.0,148.32,150.38,149.65,149.29,149.65,20916550,149.28,149.28,149.65,3122375388.5,3122375388.5,3122375388.5,,3,SUR,-0.1,
TQBR,2017-02-02,ГАЗПРОМ ао,GAZP,31265,3063868484.2,149.8,148.15,150.45,148.8,149.29,148.8,20525750,149.27,149.27,148.8,3063868484.2,3063868484.2,3063868484.2,,3,SUR,-0.57,
TQBR,2017-02-03,ГАЗПРОМ ао,GAZP,42237,3107987944.9,148.85,148.37,150.2,149.35,149.28,149.35,20817240,149.3,149.3,149.35,3107987944.9,3107987944.9,3107987944.9,,3,SUR,0.37,
TQBR,2017-02-06,ГАЗПРОМ ао,GAZP,35250,3275458132.0,149.4,147.63,149.7,148.5,148.3,148.5,22092270,148.26,148.26,148.5,3275458132.0,3275458132.0,3275458132.0,,3,SUR,-0.57,
TQBR,2017-02-07,ГАЗПРОМ ао,GAZP,21579,2053317349.6,148.5,147.6,148.7,148.7,148.24,148.7,13853050,148.22,148.22,148.7,2053317349.6,2053317349.6,2053317349.6,,3,SUR,0.13,
TQBR,2017-02-08,ГАЗПРОМ ао,GAZP,76690,9376858879.6,148.12,143.9,148.22,145.2,145.53,145.2,64448030,145.49,145.49,145.2,9376858879.6,9376858879.6,9376858879.6,,3,SUR,-2.35,
TQBR,2017-02-09,ГАЗПРОМ ао,GAZP,73338,7457286385.8,145.35,141.57,145.6,142.11,142.91,142.11,52192900,142.88,142.88,142.11,7457286385.8,7457286385.8,7457286385.8,,3,SUR,-2.13,
TQBR,2017-02-10,ГАЗПРОМ ао,GAZP,51750,5828750802.6,142.87,140.5,143.14,140.5,141.74,140.5,41132510,141.71,141.71,140.5,5828750802.6,5828750802.6,5828750802.6,,3,SUR,-1.13,
TQBR,2017-02-13,ГАЗПРОМ ао,GAZP,36352,3667465841.4,141.1,140.02,142.67,141.2,141.02,141.2,25982140,141.15,141.15,141.2,3667465841.4,3667465841.4,3667465841.4,,3,SUR,0.5,
TQBR,2017-02-14,ГАЗПРОМ ао,GAZP,33089,2843270357.7,141.25,139.85,141.49,140.62,140.56,140.62,20232140,140.53,140.53,140.62,2843270357.7,2843270357.7,2843270357.7,,3,SUR,-0.41,
TQBR,2017-02-15,ГАЗПРОМ ао,GAZP,43114,5177542632.1,140.49,138.92,141.5,139.72,140.2,139.72,36931590,140.19,140.19,139.72,5177542632.1,5177542632.1,5177542632.1,,3,SUR,-0.64,
TQBR,2017-02-16,ГАЗПРОМ ао,GAZP,44011,4609997206.7,139.92,138.01,140.3,139.16,138.88,139.16,33195280,138.88,138.88,139.16,4609997206.7,4609997206.7,4609997206.7,,3,SUR,-0.4,
TQBR,2017-02-17,ГАЗПРОМ ао,GAZP,41156,4440966749.6,139.27,137.23,139.42,138.12,138.29,138.12,32115980,138.28,138.28,138.12,4440966749.6,4440966749.6,4440966749.6,,3,SUR,-0.75,
TQBR,2017-02-20,ГАЗПРОМ ао,GAZP,30288,3434121281.9,138.57,137.4,140.13,138.5,138.78,138.5,24730050,138.86,138.86,138.5,3434121281.9,3434121281.9,3434121281.9,,3,SUR,0.28,
TQBR,2017-02-21,ГАЗПРОМ ао,GAZP,26561,3014167600.9,138.6,138.0,139.6,138.35,138.87,138.35,21706790,138.86,138.86,138.35,3014167600.9,3014167600.9,3014167600.9,,3,SUR,-0.11,
TQBR,2017-02-22,ГАЗПРОМ ао,GAZP,37929,3754409915.1,138.66,136.05,138.78,136.68,137.01,136.68,27406280,136.99,136.99,136.68,3754409915.1,3754409915.1,3754409915.1,,3,SUR,-1.21,
TQBR,2017-02-24,ГАЗПРОМ ао,GAZP,22645,2341589812.9,136.51,135.6,137.2,136.75,136.42,136.75,17165850,136.41,136.41,136.75,2341589812.9,2341589812.9,2341589812.9,,3,SUR,0.05,
TQBR,2017-02-27,ГАЗПРОМ ао,GAZP,28505,3266218831.1,137.17,135.07,137.48,135.07,135.9,135.07,24036150,135.89,135.89,135.07,3266218831.1,3266218831.1,3266218831.1,,3,SUR,-1.23,
TQBR,2017-02-28,ГАЗПРОМ ао,GAZP,84239,13183919790.3,135.7,132.0,135.89,134.0,133.72,134.0,98611670,133.7,133.7,134.0,13183919790.3,13183919790.3,13183919790.3,,3,SUR,-0.79,
TQBR,2017-03-01,ГАЗПРОМ ао,GAZP,43308,5108403248.9,133.5,133.0,134.99,133.85,133.97,133.85,38131650,133.97,133.97,133.85,5108403248.9,5108403248.9,5108403248.9,,3,SUR,-0.11,
TQBR,2017-03-02,ГАЗПРОМ ао,GAZP,47464,5671035285.2,134.05,131.3,135.1,131.3,132.92,131.3,42664710,132.92,132.92,131.3,5671035285.2,5671035285.2,5671035285.2,,3,SUR,-1.91,
TQBR,2017-03-03,ГАЗПРОМ ао,GAZP,48526,5330175563.8,131.15,130.64,134.9,134.8,133.27,134.8,39971050,133.35,133.35,134.8,5330175563.8,5330175563.8,5330175563.8,,3,SUR,2.67,
TQBR,2017-03-06,ГАЗПРОМ ао,GAZP,33460,3793130303.0,134.84,134.32,135.97,134.6,135.23,134.6,28047110,135.24,135.24,134.6,3793130303.0,3793130303.0,3793130303.0,,3,SUR,-0.15,
TQBR,2017-03-07,ГАЗПРОМ ао,GAZP,29615,3853022244.9,135.8,131.9,135.8,132.89,133.13,132.89,28976030,132.97,132.97,132.89,3853022244.9,3853022244.9,3853022244.9,,3,SUR,-1.27,
TQBR,2017-03-09,ГАЗПРОМ ао,GAZP,59767,6947189830.3,132.05,128.81,133.26,129.0,130.75,129.0,53141410,130.73,130.73,129.0,6947189830.3,6947189830.3,6947189830.3,,3,SUR,-2.93,
TQBR,2017-03-10,ГАЗПРОМ ао,GAZP,52461,4360726133.7,129.2,127.8,130.88,128.78,129.54,128.78,33659510,129.55,129.55,128.78,4360726133.7,4360726133.7,4360726133.7,,3,SUR,-0.17,
TQBR,2017-03-13,ГАЗПРОМ ао,GAZP,49028,4430691952.7,128.51,127.82,130.55,129.93,129.17,129.93,34301020,129.17,129.17,129.93,4430691952.7,4430691952.7,4430691952.7,,3,SUR,0.89,
TQBR,2017-03-14,ГАЗПРОМ ао,GAZP,50345,5114517444.4,130.0,128.32,131.34,128.8,129.66,128.8,39444410,129.66,129.66,128.8,5114517444.4,5114517444.4,5114517444.4,,3,SUR,-0.87,
TQBR,2017-03-15,ГАЗПРОМ ао,GAZP,41151,3973914667.4,129.22,127.2,129.69,127.6,128.13,127.6,31019370,128.11,128.11,127.6,3973914667.4,3973914667.4,3973914667.4,,3,SUR,-0.93,
TQBR,2017-03-16,ГАЗПРОМ ао,GAZP,60461,6595528256.3,128.5,127.61,129.3,128.05,128.42,128.05,51357870,128.42,128.42,128.05,6595528256.3,6595528256.3,6595528256.3,,3,SUR,0.35,
TQBR,2017-03-17,ГАЗПРОМ ао,GAZP,48365,5539798025.7,128.19,128.01,130.42,128.94,129.19,128.94,42883560,129.18,129.18,128.94,5539798025.7,5539798025.7,5539798025.7,,3,SUR,0.7,
TQBR,2017-03-20,ГАЗПРОМ ао,GAZP,43741,3913494988.4,129.3,128.02,130.13,128.79,129.02,128.79,30333260,129.02,129.02,128.79,3913494988.4,3913494988.4,3913494988.4,,3,SUR,-0.12,
TQBR,2017-03-21,ГАЗПРОМ ао,GAZP,57281,4909086500.2,129.02,128.51,130.42,129.3,129.64,129.3,37868660,129.63,129.63,129.3,4909086500.2,4909086500.2,4909086500.2,,3,SUR,0.4,
TQBR,2017-03-22,ГАЗПРОМ ао,GAZP,38625,4722230688.5,129.05,128.9,131.65,131.65,130.29,131.65,36244000,130.29,130.29,131.65,4722230688.5,4722230688.5,4722230688.5,,3,SUR,1.82,
TQBR,2017-03-23,ГАЗПРОМ ао,GAZP,43340,5213776413.5,131.8,130.22,132.94,130.99,131.78,130.99,39623660,131.58,131.58,130.99,5213776413.5,5213776413.5,5213776413.5,,3,SUR,-0.5,
TQBR,2017-03-24,ГАЗПРОМ ао,GAZP,34252,2679871424.0,130.79,129.72,131.48,130.05,130.42,130.05,20547890,130.42,130.42,130.05,2679871424.0,2679871424.0,2679871424.0,,3,SUR,-0.72,
TQBR,2017-03-27,ГАЗПРОМ ао,GAZP,34611,3714426914.6,129.41,127.41,129.47,128.8,128.33,128.8,28951210,128.3,128.3,128.8,3714426914.6,3714426914.6,3714426914.6,,3,SUR,-0.96,
TQBR,2017-03-28,ГАЗПРОМ ао,GAZP,31367,3050307558.6,129.0,128.1,129.6,129.2,129.05,129.2,23674580,128.84,128.84,129.2,3050307558.6,3050307558.6,3050307558.6,,3,SUR,0.31,
TQBR,2017-03-29,ГАЗПРОМ ао,GAZP,20142,2041316824.9,129.12,128.55,129.78,128.81,129.11,128.81,15808600,129.13,129.13,128.81,2041316824.9,2041316824.9,2041316824.9,,3,SUR,-0.3,
TQBR,2017-03-30,ГАЗПРОМ ао,GAZP,28459,3700562264.4,129.15,128.2,129.99,128.49,128.71,128.49,28700450,128.94,128.94,128.49,3700562264.4,3700562264.4,3700562264.4,,3,SUR,-0.25,
TQBR,2017-03-31,ГАЗПРОМ ао,GAZP,33390,3715445823.9,128.49,126.8,128.64,127.9,128.4,127.9,29060280,127.85,127.85,127.9,3715445823.9,3715445823.9,3715445823.9,,3,SUR,-0.46,
TQBR,2017-04-03,ГАЗПРОМ ао,GAZP,22961,2538119867.7,128.09,127.02,128.5,127.21,127.7,127.21,19870230,127.73,127.73,127.21,2538119867.7,2538119867.7,2538119867.7,,3,SUR,-0.54,
TQBR,2017-04-04,ГАЗПРОМ ао,GAZP,34483,3368522617.9,127.5,126.8,128.9,128.81,127.85,128.81,26349010,127.84,127.84,128.81,3368522617.9,3368522617.9,3368522617.9,,3,SUR,1.26,
TQBR,2017-04-05,ГАЗПРОМ ао,GAZP,40500,4496715184.9,128.85,128.82,131.25,130.69,130.16,130.69,34545900,130.17,130.17,130.69,4496715184.9,4496715184.9,4496715184.9,,3,SUR,1.46,
TQBR,2017-04-06,ГАЗПРОМ ао,GAZP,31550,3074883388.6,130.18,129.55,130.93,130.5,130.26,130.5,23606630,130.26,130.26,130.5,3074883388.6,3074883388.6,3074883388.6,,3,SUR,-0.15,
TQBR,2017-04-07,ГАЗПРОМ ао,GAZP,30595,3546416647.9,129.5,127.84,129.89,128.72,128.5,128.72,27579920,128.59,128.59,128.72,3546416647.9,3546416647.9,3546416647.9,,3,SUR,-1.36,
TQBR,2017-04-10,ГАЗПРОМ ао,GAZP,30538,3780268808.6,128.06,125.81,128.4,126.16,126.83,126.16,29853980,126.63,126.63,126.16,3780268808.6,3780268808.6,3780268808.6,,3,SUR,-1.99,
TQBR,2017-04-11,ГАЗПРОМ ао,GAZP,32447,4135367910.4,125.98,125.5,127.69,126.0,126.27,126.0,32664280,126.6,126.6,126.0,4135367910.4,4135367910.4,4135367910.4,,3,SUR,-0.13,
TQBR,2017-04-12,ГАЗПРОМ ао,GAZP,34288,3640912320.0,127.05,124.62,127.45,125.05,125.67,125.05,28978480,125.64,125.64,125.05,3640912320.0,3640912320.0,3640912320.0,,3,SUR,-0.75,
TQBR,2017-04-13,ГАЗПРОМ ао,GAZP,39799,5253651270.6,125.95,123.5,125.95,124.54,124.83,124.54,42266220,124.3,124.3,124.54,5253651270.6,5253651270.6,5253651270.6,,3,SUR,-0.41,
TQBR,2017-04-14,ГАЗПРОМ ао,GAZP,18150,1817595498.8,124.29,122.63,124.37,122.85,123.4,122.85,14731590,123.38,123.38,122.85,1817595498.8,1817595498.8,1817595498.8,,3,SUR,-1.36,
TQBR,2017-04-17,ГАЗПРОМ ао,GAZP,22028,2672150806.2,123.0,122.25,124.03,123.7,123.27,123.7,21674610,123.28,123.28,123.7,2672150806.2,2672150806.2,2672150806.2,,3,SUR,0.69,
TQBR,2017-04-18,ГАЗПРОМ ао,GAZP,30397,2721241456.7,124.1,122.03,124.39,122.22,123.1,122.22,22108400,123.09,123.09,122.22,2721241456.7,2721241456.7,2721241456.7,,3,SUR,-1.2,
TQBR,2017-04-19,ГАЗПРОМ ао,GAZP,38277,3538331962.3,122.74,121.25,123.15,121.55,122.27,121.55,28941930,122.26,122.26,121.55,3538331962.3,3538331962.3,3538331962.3,,3,SUR,-0.55,
TQBR,2017-04-20,ГАЗПРОМ ао,GAZP,36312,3999868204.0,121.3,120.55,121.99,121.99,121.28,121.99,32985470,121.26,121.26,121.99,3999868204.0,3999868204.0,3999868204.0,,3,SUR,0.36,
TQBR,2017-04-21,ГАЗПРОМ ао,GAZP,28785,3631022351.7,122.13,122.13,123.64,123.0,123.14,123.0,29514120,123.03,123.03,123.0,3631022351.7,3631022351.7,3631022351.7,,3,SUR,0.83,
TQBR,2017-04-24,ГАЗПРОМ ао,GAZP,78870,8421877862.2,123.56,123.38,128.4,128.0,126.08,128.0,66796940,126.08,126.08,128.0,8421877862.2,8421877862.2,8421877862.2,,3,SUR,4.07,
TQBR,2017-04-25,ГАЗПРОМ ао,GAZP,63243,7476661333.0,128.5,127.98,131.75,130.2,129.67,130.2,57536860,129.95,129.95,130.2,7476661333.0,7476661333.0,7476661333.0,,3,SUR,1.72,
TQBR,2017-04-26,ГАЗПРОМ ао,GAZP,57030,7626258940.7,130.2,130.01,134.0,133.43,131.83,133.43,57713060,132.14,132.14,133.43,7626258940.7,7626258940.7,7626258940.7,,3,SUR,2.48,
TQBR,2017-04-27,ГАЗПРОМ ао,GAZP,93086,13379453449.0,133.35,132.22,136.6,133.41,134.37,133.41,99565980,134.38,134.38,133.41,13379453449.0,13379453449.0,13379453449.0,,3,SUR,-0.01,
TQBR,2017-04-28,ГАЗПРОМ ао,GAZP,54480,7209957075.2,136.0,135.05,137.77,136.75,136.3,136.75,52898790,136.3,136.3,136.75,7209957075.2,7209957075.2,7209957075.2,,3,SUR,2.5,
TQBR,2017-05-02,ГАЗПРОМ ао,GAZP,37405,4657638083.3,137.29,136.28,138.43,136.52,137.44,136.52,33849840,137.6,137.6,136.52,4657638083.3,4657638083.3,4657638083.3,,3,SUR,-0.17,
TQBR,2017-05-03,ГАЗПРОМ ао,GAZP,39347,4521523368.5,136.46,135.1,138.09,135.81,136.39,135.81,33150870,136.39,136.39,135.81,4521523368.5,4521523368.5,4521523368.5,,3,SUR,-0.52,
TQBR,2017-05-04,ГАЗПРОМ ао,GAZP,31847,4325571188.7,135.8,134.3,136.41,134.93,135.31,134.93,31968840,135.31,135.31,134.93,4325571188.7,4325571188.7,4325571188.7,,3,SUR,-0.65,
TQBR,2017-05-05,ГАЗПРОМ ао,GAZP,34932,3518662012.2,133.68,132.91,134.94,134.41,133.85,134.41,26287190,133.85,133.85,134.41,3518662012.2,3518662012.2,3518662012.2,,3,SUR,-0.39,
TQBR,2017-05-10,ГАЗПРОМ ао,GAZP,29946,3197456554.9,134.98,133.51,135.43,134.19,134.49,134.19,23775320,134.49,134.49,134.19,3197456554.9,3197456554.9,3197456554.9,,3,SUR,-0.16,
TQBR,2017-05-11,ГАЗПРОМ ао,GAZP,45961,4847292495.4,134.56,130.37,134.75,131.1,132.97,131.1,36624840,132.35,132.35,131.1,4847292495.4,4847292495.4,4847292495.4,,3,SUR,-2.3,
TQBR,2017-05-12,ГАЗПРОМ ао,GAZP,29905,3140539431.3,131.41,130.2,132.5,132.5,131.43,132.5,23895330,131.43,131.43,132.5,3140539431.3,3140539431.3,3140539431.3,,3,SUR,1.07,
TQBR,2017-05-15,ГАЗПРОМ ао,GAZP,55421,6107664432.3,132.79,129.28,133.92,131.5,130.72,131.5,46409680,131.6,131.6,131.5,6107664432.3,6107664432.3,6107664432.3,,3,SUR,-0.75,
TQBR,2017-05-16,ГАЗПРОМ ао,GAZP,29021,2971482937.3,131.41,130.27,133.07,131.13,131.86,131.13,22535600,131.86,131.86,131.13,2971482937.3,2971482937.3,2971482937.3,,3,SUR,-0.28,
TQBR,2017-05-17,ГАЗПРОМ ао,GAZP,23492,2314286423.8,130.98,130.6,132.18,132.07,131.19,132.07,17640940,131.19,131.19,132.07,2314286423.8,2314286423.8,2314286423.8,,3,SUR,0.72,
TQBR,2017-05-18,ГАЗПРОМ ао,GAZP,95695,10292659178.6,131.37,125.85,132.84,126.9,128.45,126.9,80144010,128.43,128.43,126.9,10292659178.6,10292659178.6,10292659178.6,,3,SUR,-3.91,
TQBR,2017-05-19,ГАЗПРОМ ао,GAZP,74820,7210908542.0,127.32,124.0,127.4,124.19,125.09,124.19,57694830,124.98,124.98,124.19,7210908542.0,7210908542.0,7210908542.0,,3,SUR,-2.14,
TQBR,2017-05-22,ГАЗПРОМ ао,GAZP,51315,4833470579.0,124.47,122.17,124.49,122.52,122.9,122.52,39237650,123.18,123.18,122.52,4833470579.0,4833470579.0,4833470579.0,,3,SUR,-1.34,
TQBR,2017-05-23,ГАЗПРОМ ао,GAZP,41223,4230212226.9,122.6,121.96,123.71,123.23,123.49,123.23,34384060,123.03,123.03,123.23,4230212226.9,4230212226.9,4230212226.9,,3,SUR,0.58,
TQBR,2017-05-24,ГАЗПРОМ ао,GAZP,41042,3936334580.8,123.36,120.92,123.67,122.0,122.01,122.0,32263320,122.01,122.01,122.0,3936334580.8,3936334580.8,3936334580.8,,3,SUR,-1.0,
TQBR,2017-05-25,ГАЗПРОМ ао,GAZP,38946,2988424270.6,122.39,120.75,122.47,121.61,121.65,121.61,24572020,121.62,121.62,121.61,2988424270.6,2988424270.6,2988424270.6,,3,SUR,-0.32,
TQBR,2017-05-26,ГАЗПРОМ ао,GAZP,36694,2751667675.4,121.48,120.54,122.2,122.2,121.02,122.2,22658570,121.44,121.44,122.2,2751667675.4,2751667675.4,2751667675.4,,3,SUR,0.49,
TQBR,2017-05-29,ГАЗПРОМ ао,GAZP,32920,3015289538.5,122.4,122.11,123.83,123.11,123.01,123.11,24491100,123.12,123.12,123.11,3015289538.5,3015289538.5,3015289538.5,,3,SUR,0.74,
TQBR,2017-05-30,ГАЗПРОМ ао,GAZP,23015,1977719829.5,122.72,121.79,122.91,122.1,122.0,122.1,16159700,122.39,122.39,122.1,1977719829.5,1977719829.5,1977719829.5,,3,SUR,-0.82,
TQBR,2017-05-31,ГАЗПРОМ ао,GAZP,53823,6670505282.7,122.21,119.4,122.78,120.28,120.4,120.28,55411890,120.38,120.38,120.28,6670505282.7,6670505282.7,6670505282.7,,3,SUR,-1.49,
TQBR,2017-06-01,ГАЗПРОМ ао,GAZP,53984,5755865764.3,120.29,117.24,120.98,118.0,118.38,118.0,48654070,118.3,118.3,118.0,5755865764.3,5755865764.3,5755865764.3,,3,SUR,-1.9,
TQBR,2017-06-02,ГАЗПРОМ ао,GAZP,52388,4515088178.6,117.86,116.55,119.69,119.69,117.81,119.69,38326830,117.8,117.8,119.69,4515088178.6,4515088178.6,4515088178.6,,3,SUR,1.43,
TQBR,2017-06-05,ГАЗПРОМ ао,GAZP,34659,2971218220.9,119.57,118.55,120.99,119.0,119.82,119.0,24798770,119.81,119.81,119.0,2971218220.9,2971218220.9,2971218220.9,,3,SUR,-0.58,
TQBR,2017-06-06,ГАЗПРОМ ао,GAZP,26542,2172673314.7,119.0,118.66,120.24,119.05,119.35,119.05,18204960,119.35,119.35,119.05,2172673314.7,2172673314.7,2172673314.7,,3,SUR,0.04,
TQBR,2017-06-07,ГАЗПРОМ ао,GAZP,35745,3345641955.6,119.34,118.85,121.44,118.92,120.59,118.92,27874070,120.03,120.03,118.92,3345641955.6,3345641955.6,3345641955.6,,3,SUR,-0.11,
TQBR,2017-06-08,ГАЗПРОМ ао,GAZP,33160,3273125811.4,119.15,117.82,120.11,119.3,118.48,119.3,27524480,118.92,118.92,119.3,3273125811.4,3273125811.4,3273125811.4,,3,SUR,0.32,
TQBR,2017-06-09,ГАЗПРОМ ао,GAZP,27217,2550925252.9,119.39,118.95,120.5,120.5,120.17,120.5,21304350,119.74,119.74,120.5,2550925252.9,2550925252.9,2550925252.9,,3,SUR,1.01,
TQBR,2017-06-13,ГАЗПРОМ ао,GAZP,41589,3703230840.3,120.08,118.15,120.38,118.15,118.46,118.15,31098720,119.08,119.08,118.15,3703230840.3,3703230840.3,3703230840.3,,3,SUR,-1.95,
TQBR,2017-06-14,ГАЗПРОМ ао,GAZP,55215,5495541734.0,118.18,115.1,118.54,115.35,116.89,115.35,47015150,116.89,116.89,115.35,5495541734.0,5495541734.0,5495541734.0,,3,SUR,-2.37,
TQBR,2017-06-15,ГАЗПРОМ ао,GAZP,109943,13753440185.8,115.29,111.46,115.75,115.49,113.91,115.49,120746990,113.9,113.9,115.49,13753440185.8,13753440185.8,13753440185.8,,3,SUR,0.12,
TQBR,2017-06-16,ГАЗПРОМ ао,GAZP,36282,4684144455.4,115.81,114.6,117.25,116.02,116.08,116.02,40352310,116.08,116.08,116.02,4684144455.4,4684144455.4,4684144455.4,,3,SUR,0.46,
TQBR,2017-06-19,ГАЗПРОМ ао,GAZP,29513,2539226029.7,116.0,115.79,117.45,117.33,116.7,117.33,21758090,116.7,116.7,117.33,2539226029.7,2539226029.7,2539226029.7,,3,SUR,1.13,
TQBR,2017-06-20,ГАЗПРОМ ао,GAZP,37063,3530289819.8,117.51,116.56,119.0,117.44,117.77,117.44,29974620,117.78,117.78,117.44,3530289819.8,3530289819.8,3530289819.8,,3,SUR,0.09,
TQBR,2017-06-21,ГАЗПРОМ ао,GAZP,29953,2778819254.1,117.5,116.84,118.32,117.97,117.61,117.97,23627700,117.61,117.61,117.97,2778819254.1,2778819254.1,2778819254.1,,3,SUR,0.45,
TQBR,2017-06-22,ГАЗПРОМ ао,GAZP,36512,3745408166.4,117.78,116.86,119.78,119.55,118.62,119.55,31575330,118.62,118.62,119.55,3745408166.4,3745408166.4,3745408166.4,,3,SUR,1.34,
TQBR,2017-06-23,ГАЗПРОМ ао,GAZP,27539,2778447828.9,119.52,118.66,120.09,119.1,119.78,119.1,23310370,119.19,119.19,119.1,2778447828.9,2778447828.9,2778447828.9,,3,SUR,-0.38,
TQBR,2017-06-26,ГАЗПРОМ ао,GAZP,23965,2175798236.3,119.5,118.26,119.97,118.67,120.74,118.67,18290680,118.96,118.96,118.67,2175798236.3,2175798236.3,2175798236.3,,3,SUR,-0.36,
TQBR,2017-06-27,ГАЗПРОМ ао,GAZP,25623,2189823276.0,118.36,118.02,119.75,119.35,118.36,119.35,18379600,119.14,119.14,119.35,2189823276.0,2189823276.0,2189823276.0,,3,SUR,0.57,
TQBR,2017-06-28,ГАЗПРОМ ао,GAZP,28080,2524991050.8,118.72,118.19,119.7,119.7,119.52,119.7,21203010,119.09,119.09,119.7,2524991050.8,2524991050.8,2524991050.8,,3,SUR,0.29,
TQBR,2017-06-29,ГАЗПРОМ ао,GAZP,33793,3174305460.2,120.17,118.8,120.88,119.16,119.91,119.16,26473500,119.91,119.91,119.16,3174305460.2,3174305460.2,3174305460.2,,3,SUR,-0.45,
TQBR,2017-06-30,ГАЗПРОМ ао,GAZP,25795,2678556715.0,118.86,118.18,120.22,118.49,119.33,118.49,22483610,119.13,119.13,118.49,2678556715.0,2678556715.0,2678556715.0,,3,SUR,-0.56,
TQBR,2017-07-03,ГАЗПРОМ ао,GAZP,23430,2176893368.6,119.16,118.75,119.93,119.86,119.4,119.86,18244530,119.32,119.32,119.86,2176893368.6,2176893368.6,2176893368.6,,3,SUR,1.16,
TQBR,2017-07-04,ГАЗПРОМ ао,GAZP,45892,4592366955.3,120.0,119.72,123.29,122.73,121.47,122.73,37722830,121.74,121.74,122.73,4592366955.3,4592366955.3,4592366955.3,,3,SUR,2.39,
TQBR,2017-07-05,ГАЗПРОМ ао,GAZP,34923,3205264710.8,122.95,122.32,123.75,122.7,122.8,122.7,26076210,122.92,122.92,122.7,3205264710.8,3205264710.8,3205264710.8,,3,SUR,-0.02,
TQBR,2017-07-06,ГАЗПРОМ ао,GAZP,30527,3089276994.2,122.81,121.44,123.65,122.68,122.42,122.68,25182000,122.68,122.68,122.68,3089276994.2,3089276994.2,3089276994.2,,3,SUR,-0.02,
TQBR,2017-07-07,ГАЗПРОМ ао,GAZP,35624,3024373435.0,122.19,121.4,123.0,123.0,122.28,123.0,24747890,122.21,122.21,123.0,3024373435.0,3024373435.0,3024373435.0,,3,SUR,0.26,
TQBR,2017-07-10,ГАЗПРОМ ао,GAZP,31195,3369291356.7,123.26,123.03,124.62,124.25,123.79,124.25,27181370,123.96,123.96,124.25,3369291356.7,3369291356.7,3369291356.7,,3,SUR,1.02,
TQBR,2017-07-11,ГАЗПРОМ ао,GAZP,24569,2570071155.7,124.36,123.85,124.94,124.78,124.33,124.78,20664840,124.37,124.37,124.78,2570071155.7,2570071155.7,2570071155.7,,3,SUR,0.43,
TQBR,2017-07-12,ГАЗПРОМ ао,GAZP,30630,2836668387.7,125.01,124.19,125.3,124.87,124.57,124.87,22747050,124.7,124.7,124.87,2836668387.7,2836668387.7,2836668387.7,,3,SUR,0.07,
TQBR,2017-07-13,ГАЗПРОМ ао,GAZP,42516,3685313719.3,124.81,124.66,125.89,125.55,125.09,125.55,29413000,125.3,125.3,125.55,3685313719.3,3685313719.3,3685313719.3,,3,SUR,0.54,
TQBR,2017-07-14,ГАЗПРОМ ао,GAZP,28094,2710517928.1,125.67,125.0,126.35,125.0,125.95,125.0,21567110,125.68,125.68,125.0,2710517928.1,2710517928.1,2710517928.1,,3,SUR,-0.44,
TQBR,2017-07-17,ГАЗПРОМ ао,GAZP,25627,2979529702.0,125.39,124.3,125.7,125.14,124.96,125.14,23844290,124.96,124.96,125.14,2979529702.0,2979529702.0,2979529702.0,,3,SUR,0.11,
TQBR,2017-07-18,ГАЗПРОМ ао,GAZP,39273,4943913633.3,125.1,124.49,125.75,124.49,124.96,124.49,39563600,124.96,124.96,124.49,4943913633.3,4943913633.3,4943913633.3,,3,SUR,-0.52,
TQBR,2017-07-19,ГАЗПРОМ ао,GAZP,46053,5142755292.6,118.48,118.11,120.11,120.11,119.41,120.11,43182860,119.09,119.09,120.11,5142755292.6,5142755292.6,5142755292.6,,3,SUR,-3.52,
TQBR,2017-07-20,ГАЗПРОМ ао,GAZP,26714,2632020376.4,120.43,119.81,121.27,120.6,121.57,120.6,21833190,120.55,120.55,120.6,2632020376.4,2632020376.4,2632020376.4,,3,SUR,0.41,
TQBR,2017-07-21,ГАЗПРОМ ао,GAZP,26418,2491310879.3,120.21,118.65,120.26,118.95,119.4,118.95,20858610,119.44,119.44,118.95,2491310879.3,2491310879.3,2491310879.3,,3,SUR,-1.37,
TQBR,2017-07-24,ГАЗПРОМ ао,GAZP,28385,2711826831.3,118.53,117.92,119.4,119.17,119.36,119.17,22839940,118.73,118.73,119.17,2711826831.3,2711826831.3,2711826831.3,,3,SUR,0.18,
TQBR,2017-07-25,ГАЗПРОМ ао,GAZP,29846,2806333758.0,119.13,117.67,119.7,118.4,118.81,118.4,23692640,118.45,118.45,118.4,2806333758.0,2806333758.0,2806333758.0,,3,SUR,-0.65,
TQBR,2017-07-26,ГАЗПРОМ ао,GAZP,26105,2650540307.1,118.35,118.25,119.12,119.0,118.98,119.0,22322480,118.74,118.74,119.0,2650540307.1,2650540307.1,2650540307.1,,3,SUR,0.51,
TQBR,2017-07-27,ГАЗПРОМ ао,GAZP,30162,3060109077.5,119.11,117.83,119.35,118.68,118.8,118.68,25785070,118.68,118.68,118.68,3060109077.5,3060109077.5,3060109077.5,,3,SUR,-0.27,
TQBR,2017-07-28,ГАЗПРОМ ао,GAZP,46177,4031885146.3,118.16,115.41,118.18,116.9,116.96,116.9,34585480,116.58,116.58,116.9,4031885146.3,4031885146.3,4031885146.3,,3,SUR,-1.5,
TQBR,2017-07-31,ГАЗПРОМ ао,GAZP,47626,4692484395.8,116.7,115.08,118.18,116.1,116.58,116.1,40317370,116.39,116.39,116.1,4692484395.8,4692484395.8,4692484395.8,,3,SUR,-0.68,
TQBR,2017-08-01,ГАЗПРОМ ао,GAZP,34332,3424049778.9,116.82,116.82,118.65,117.99,118.23,117.99,29024700,117.97,117.97,117.99,3424049778.9,3424049778.9,3424049778.9,,3,SUR,1.63,
TQBR,2017-08-02,ГАЗПРОМ ао,GAZP,26287,2467081848.8,118.0,117.9,119.09,119.09,118.26,119.09,20798890,118.62,118.62,119.09,2467081848.8,2467081848.8,2467081848.8,,3,SUR,0.93,
TQBR,2017-08-03,ГАЗПРОМ ао,GAZP,25321,2677804483.5,119.15,118.85,119.99,119.58,119.16,119.58,22387790,119.61,119.61,119.58,2677804483.5,2677804483.5,2677804483.5,,3,SUR,0.41,
TQBR,2017-08-04,ГАЗПРОМ ао,GAZP,23141,2059907147.2,119.3,118.68,119.88,119.45,119.26,119.45,17281160,119.2,119.2,119.45,2059907147.2,2059907147.2,2059907147.2,,3,SUR,-0.11,
TQBR,2017-08-07,ГАЗПРОМ ао,GAZP,26887,2609474946.6,119.32,118.9,120.38,119.5,119.68,119.5,21811380,119.64,119.64,119.5,2609474946.6,2609474946.6,2609474946.6,,3,SUR,0.04,
TQBR,2017-08-08,ГАЗПРОМ ао,GAZP,19123,1782580902.2,119.47,119.25,119.89,119.67,119.62,119.67,14908830,119.57,119.57,119.67,1782580902.2,1782580902.2,1782580902.2,,3,SUR,0.14,
TQBR,2017-08-09,ГАЗПРОМ ао,GAZP,27748,2407840133.2,119.4,118.02,119.46,118.68,118.72,118.68,20303410,118.59,118.59,118.68,2407840133.2,2407840133.2,2407840133.2,,3,SUR,-0.83,
TQBR,2017-08-10,ГАЗПРОМ ао,GAZP,25781,2160606577.3,118.7,118.03,119.4,118.05,118.81,118.05,18203840,118.69,118.69,118.05,2160606577.3,2160606577.3,2160606577.3,,3,SUR,-0.53,
TQBR,2017-08-11,ГАЗПРОМ ао,GAZP,31435,2913518946.4,117.55,116.34,117.85,116.93,117.17,116.93,24908370,116.97,116.97,116.93,2913518946.4,2913518946.4,2913518946.4,,3,SUR,-0.95,
TQBR,2017-08-14,ГАЗПРОМ ао,GAZP,18369,1593604554.4,117.15,117.15,117.99,117.4,117.87,117.4,13556190,117.56,117.56,117.4,1593604554.4,1593604554.4,1593604554.4,,3,SUR,0.4,
TQBR,2017-08-15,ГАЗПРОМ ао,GAZP,21111,1954095445.9,117.12,116.51,117.7,117.59,117.22,117.59,16710620,116.94,116.94,117.59,1954095445.9,1954095445.9,1954095445.9,,3,SUR,0.16,
TQBR,2017-08-16,ГАЗПРОМ ао,GAZP,20439,2246227014.4,117.8,116.63,117.87,116.75,117.54,116.75,19162940,117.22,117.22,116.75,2246227014.4,2246227014.4,2246227014.4,,3,SUR,-0.71,
TQBR,2017-08-17,ГАЗПРОМ ао,GAZP,21541,1933865350.1,116.65,115.92,116.95,116.22,116.9,116.22,16609980,116.43,116.43,116.22,1933865350.1,1933865350.1,1933865350.1,,3,SUR,-0.45,
TQBR,2017-08-18,ГАЗПРОМ ао,GAZP,30052,2582603108.8,115.86,115.15,116.09,116.0,116.1,116.0,22345050,115.58,115.58,116.0,2582603108.8,2582603108.8,2582603108.8,,3,SUR,-0.19,
TQBR,2017-08-21,ГАЗПРОМ ао,GAZP,26368,1915483985.4,116.07,115.39,116.47,115.92,116.52,115.92,16516080,115.98,115.98,115.92,1915483985.4,1915483985.4,1915483985.4,,3,SUR,-0.07,
TQBR,2017-08-22,ГАЗПРОМ ао,GAZP,25621,1871082010.3,115.97,115.68,116.73,116.0,116.83,116.0,16101280,116.21,116.21,116.0,1871082010.3,1871082010.3,1871082010.3,,3,SUR,0.07,
TQBR,2017-08-23,ГАЗПРОМ ао,GAZP,34459,2633421275.1,116.09,115.07,116.27,115.75,116.07,115.75,22786650,115.57,115.57,115.75,2633421275.1,2633421275.1,2633421275.1,,3,SUR,-0.22,
TQBR,2017-08-24,ГАЗПРОМ ао,GAZP,20621,2159900693.5,115.75,115.42,116.89,116.56,116.83,116.56,18580360,116.25,116.25,116.56,2159900693.5,2159900693.5,2159900693.5,,3,SUR,0.7,
TQBR,2017-08-25,ГАЗПРОМ ао,GAZP,27607,2479134077.9,116.82,116.56,118.0,117.85,117.85,117.85,21099190,117.5,117.5,117.85,2479134077.9,2479134077.9,2479134077.9,,3,SUR,1.11,
TQBR,2017-08-28,ГАЗПРОМ ао,GAZP,21879,1921262671.5,117.8,117.54,118.75,118.75,118.69,118.75,16227150,118.4,118.4,118.75,1921262671.5,1921262671.5,1921262671.5,,3,SUR,0.76,
TQBR,2017-08-29,ГАЗПРОМ ао,GAZP,35731,3246392895.1,118.5,116.5,118.63,118.3,117.68,118.3,27644330,117.43,117.43,118.3,3246392895.1,3246392895.1,3246392895.1,,3,SUR,-0.38,
TQBR,2017-08-30,ГАЗПРОМ ао,GAZP,35959,3775724287.7,118.4,116.88,118.9,118.2,117.93,118.2,32071140,117.73,117.73,118.2,3775724287.7,3775724287.7,3775724287.7,,3,SUR,-0.08,
TQBR,2017-08-31,ГАЗПРОМ ао,GAZP,41572,4851343939.5,117.99,117.35,119.21,117.97,118.33,117.97,41045540,118.19,118.19,117.97,4851343939.5,4851343939.5,4851343939.5,,3,SUR,-0.19,
TQBR,2017-09-01,ГАЗПРОМ ао,GAZP,25705,2665573406.8,118.05,117.04,118.26,117.4,117.67,117.4,22711530,117.37,117.37,117.4,2665573406.8,2665573406.8,2665573406.8,,3,SUR,-0.48,
TQBR,2017-09-04,ГАЗПРОМ ао,GAZP,17737,1880781286.6,117.0,116.56,117.65,117.0,117.65,117.0,16056300,117.14,117.14,117.0,1880781286.6,1880781286.6,1880781286.6,,3,SUR,-0.34,
TQBR,2017-09-05,ГАЗПРОМ ао,GAZP,36561,3108605101.7,117.55,115.9,117.89,116.0,117.02,116.0,26653500,116.63,116.63,116.0,3108605101.7,3108605101.7,3108605101.7,,3,SUR,-0.85,
TQBR,2017-09-06,ГАЗПРОМ ао,GAZP,26490,2863216332.1,116.0,115.66,117.58,117.14,117.33,117.14,24521460,116.76,116.76,117.14,2863216332.1,2863216332.1,2863216332.1,,3,SUR,0.98,
TQBR,2017-09-07,ГАЗПРОМ ао,GAZP,40028,4388823121.7,117.62,117.38,119.03,117.95,118.42,117.95,37116310,118.25,118.25,117.95,4388823121.7,4388823121.7,4388823121.7,,3,SUR,0.69,
TQBR,2017-09-08,ГАЗПРОМ ао,GAZP,46292,5012536109.3,118.15,118.15,120.45,120.34,119.83,120.34,41838310,119.81,119.81,120.34,5012536109.3,5012536109.3,5012536109.3,,3,SUR,2.03,
TQBR,2017-09-11,ГАЗПРОМ ао,GAZP,47457,4875017288.7,120.85,119.63,121.94,121.0,120.73,121.0,40349270,120.82,120.82,121.0,4875017288.7,4875017288.7,4875017288.7,,3,SUR,0.55,
TQBR,2017-09-12,ГАЗПРОМ ао,GAZP,32147,3310197184.1,121.29,120.16,122.0,121.99,121.09,121.99,27281490,121.33,121.33,121.99,3310197184.1,3310197184.1,3310197184.1,,3,SUR,0.82,
TQBR,2017-09-13,ГАЗПРОМ ао,GAZP,55405,6337712193.8,122.0,121.99,124.38,123.55,123.56,123.55,51220320,123.73,123.73,123.55,6337712193.8,6337712193.8,6337712193.8,,3,SUR,1.28,
TQBR,2017-09-14,ГАЗПРОМ ао,GAZP,36276,3639000713.3,123.55,122.79,124.19,123.33,122.98,123.33,29487230,123.41,123.41,123.33,3639000713.3,3639000713.3,3639000713.3,,3,SUR,-0.18,
TQBR,2017-09-15,ГАЗПРОМ ао,GAZP,38349,5115531193.3,122.89,121.59,123.0,122.5,122.16,122.5,41842120,122.26,122.26,122.5,5115531193.3,5115531193.3,5115531193.3,,3,SUR,-0.67,
TQBR,2017-09-18,ГАЗПРОМ ао,GAZP,29971,3319923369.7,122.48,122.07,123.35,122.72,122.47,122.72,27035140,122.8,122.8,122.72,3319923369.7,3319923369.7,3319923369.7,,3,SUR,0.18,
TQBR,2017-09-19,ГАЗПРОМ ао,GAZP,32436,3908173420.0,122.61,121.05,122.8,121.75,121.59,121.75,32122850,121.66,121.66,121.75,3908173420.0,3908173420.0,3908173420.0,,3,SUR,-0.79,
TQBR,2017-09-20,ГАЗПРОМ ао,GAZP,30875,3178836296.3,121.89,121.52,122.43,122.25,121.75,122.25,26061680,121.97,121.97,122.25,3178836296.3,3178836296.3,3178836296.3,,3,SUR,0.41,
TQBR,2017-09-21,ГАЗПРОМ ао,GAZP,34711,4309887220.6,122.19,121.61,123.2,122.34,122.13,122.34,35217020,122.38,122.38,122.34,4309887220.6,4309887220.6,4309887220.6,,3,SUR,0.07,
TQBR,2017-09-22,ГАЗПРОМ ао,GAZP,21229,2340513857.5,122.34,121.3,122.46,121.95,121.66,121.95,19192330,121.95,121.95,121.95,2340513857.5,2340513857.5,2340513857.5,,3,SUR,-0.32,
TQBR,2017-09-25,ГАЗПРОМ ао,GAZP,25990,3467996685.0,121.97,121.9,123.6,123.03,122.41,123.03,28221700,122.88,122.88,123.03,3467996685.0,3467996685.0,3467996685.0,,3,SUR,0.89,
TQBR,2017-09-26,ГАЗПРОМ ао,GAZP,30619,3194970462.4,123.25,122.84,124.19,123.03,123.17,123.03,25836740,123.66,123.66,123.03,3194970462.4,3194970462.4,3194970462.4,,3,SUR,0.0,
TQBR,2017-09-27,ГАЗПРОМ ао,GAZP,22624,2772377791.6,123.15,122.46,123.68,123.36,122.63,123.36,22511050,123.16,123.16,123.36,2772377791.6,2772377791.6,2772377791.6,,3,SUR,0.27,
TQBR,2017-09-28,ГАЗПРОМ ао,GAZP,21392,2778774624.9,123.28,122.11,123.62,122.5,122.48,122.5,22612850,122.88,122.88,122.5,2778774624.9,2778774624.9,2778774624.9,,3,SUR,-0.7,
TQBR,2017-09-29,ГАЗПРОМ ао,GAZP,18123,2106017839.4,122.58,121.7,122.81,122.2,121.81,122.2,17242640,122.14,122.14,122.2,2106017839.4,2106017839.4,2106017839.4,,3,SUR,-0.24,
TQBR,2017-10-02,ГАЗПРОМ ао,GAZP,15748,1735882077.4,122.29,121.4,122.44,121.9,121.66,121.9,14227260,122.01,122.01,121.9,1735882077.4,1735882077.4,1735882077.4,,3,SUR,-0.25,
TQBR,2017-10-03,ГАЗПРОМ ао,GAZP,26140,3262630188.1,121.85,120.47,122.11,120.78,121.24,120.78,26880600,121.37,121.37,120.78,3262630188.1,3262630188.1,3262630188.1,,3,SUR,-0.92,
TQBR,2017-10-04,ГАЗПРОМ ао,GAZP,25481,2934399201.6,120.68,119.7,121.95,121.76,120.8,121.76,24264960,120.93,120.93,121.76,2934399201.6,2934399201.6,2934399201.6,,3,SUR,0.81,
TQBR,2017-10-05,ГАЗПРОМ ао,GAZP,37678,4914063528.9,121.75,121.51,123.97,123.5,122.69,123.5,39985900,122.89,122.89,123.5,4914063528.9,4914063528.9,4914063528.9,,3,SUR,1.43,
TQBR,2017-10-06,ГАЗПРОМ ао,GAZP,28873,3756664748.1,123.54,123.27,124.48,123.47,123.34,123.47,30315270,123.92,123.92,123.47,3756664748.1,3756664748.1,3756664748.1,,3,SUR,-0.02,
TQBR,2017-10-09,ГАЗПРОМ ао,GAZP,24672,2736361901.8,123.7,123.41,124.9,124.81,123.54,124.81,22044990,124.13,124.13,124.81,2736361901.8,2736361901.8,2736361901.8,,3,SUR,1.09,
TQBR,2017-10-10,ГАЗПРОМ ао,GAZP,24445,2510400598.5,125.0,124.17,125.33,124.44,123.93,124.44,20115940,124.8,124.8,124.44,2510400598.5,2510400598.5,2510400598.5,,3,SUR,-0.3,
TQBR,2017-10-11,ГАЗПРОМ ао,GAZP,30863,3806058342.5,124.54,124.38,126.0,126.0,124.77,126.0,30336230,125.46,125.46,126.0,3806058342.5,3806058342.5,3806058342.5,,3,SUR,1.25,
TQBR,2017-10-12,ГАЗПРОМ ао,GAZP,23349,2276991587.2,126.05,125.45,126.79,125.93,125.12,125.93,18077300,125.96,125.96,125.93,2276991587.2,2276991587.2,2276991587.2,,3,SUR,-0.06,
TQBR,2017-10-13,ГАЗПРОМ ао,GAZP,29367,3004719066.4,126.18,125.8,127.39,126.86,125.52,126.86,23710380,126.73,126.73,126.86,3004719066.4,3004719066.4,3004719066.4,,3,SUR,0.74,
TQBR,2017-10-16,ГАЗПРОМ ао,GAZP,23492,3030779005.4,127.1,126.68,127.8,127.17,126.31,127.17,23829380,127.19,127.19,127.17,3030779005.4,3030779005.4,3030779005.4,,3,SUR,0.24,
TQBR,2017-10-17,ГАЗПРОМ ао,GAZP,27231,3567358588.5,127.1,125.05,127.2,125.15,125.73,125.15,28319580,125.97,125.97,125.15,3567358588.5,3567358588.5,3567358588.5,,3,SUR,-1.59,
TQBR,2017-10-18,ГАЗПРОМ ао,GAZP,27638,3738918582.3,125.44,125.26,127.09,126.7,125.94,126.7,29595400,126.33,126.33,126.7,3738918582.3,3738918582.3,3738918582.3,,3,SUR,1.24,
TQBR,2017-10-19,ГАЗПРОМ ао,GAZP,23582,2840564848.4,126.75,125.17,127.39,125.5,126.01,125.5,22525620,126.1,126.1,125.5,2840564848.4,2840564848.4,2840564848.4,,3,SUR,-0.95,
TQBR,2017-10-20,ГАЗПРОМ ао,GAZP,21568,2665815462.5,125.85,125.6,127.05,126.7,126.54,126.7,21055440,126.61,126.61,126.7,2665815462.5,2665815462.5,2665815462.5,,3,SUR,0.96,
TQBR,2017-10-23,ГАЗПРОМ ао,GAZP,18624,2195614993.5,127.05,126.37,127.47,126.8,126.71,126.8,17308800,126.85,126.85,126.8,2195614993.5,2195614993.5,2195614993.5,,3,SUR,0.08,
TQBR,2017-10-24,ГАЗПРОМ ао,GAZP,21959,2580977646.6,126.97,125.61,126.97,126.02,126.2,126.02,20451320,126.2,126.2,126.02,2580977646.6,2580977646.6,2580977646.6,,3,SUR,-0.62,
TQBR,2017-10-25,ГАЗПРОМ ао,GAZP,27969,3032619353.9,126.58,124.28,126.75,125.0,125.47,125.0,24168190,125.48,125.48,125.0,3032619353.9,3032619353.9,3032619353.9,,3,SUR,-0.81,
TQBR,2017-10-26,ГАЗПРОМ ао,GAZP,18013,1835317718.3,124.99,124.07,125.39,124.2,124.73,124.2,14734860,124.56,124.56,124.2,1835317718.3,1835317718.3,1835317718.3,,3,SUR,-0.64,
TQBR,2017-10-27,ГАЗПРОМ ао,GAZP,27001,3568270339.9,124.55,123.64,125.94,125.94,124.82,125.94,28588870,124.81,124.81,125.94,3568270339.9,3568270339.9,3568270339.9,,3,SUR,1.4,
TQBR,2017-10-30,ГАЗПРОМ ао,GAZP,21351,2435295986.8,125.96,125.53,126.93,125.98,126.27,125.98,19263340,126.42,126.42,125.98,2435295986.8,2435295986.8,2435295986.8,,3,SUR,0.03,
TQBR,2017-10-31,ГАЗПРОМ ао,GAZP,17156,1495924424.1,126.14,125.57,126.6,125.9,126.01,125.9,11857510,126.16,126.16,125.9,1495924424.1,1495924424.1,1495924424.1,,3,SUR,-0.06,
TQBR,2017-11-01,ГАЗПРОМ ао,GAZP,17241,2304292463.3,126.4,125.97,126.89,126.5,126.23,126.5,18232550,126.38,126.38,126.5,2304292463.3,2304292463.3,2304292463.3,,3,SUR,0.48,
TQBR,2017-11-02,ГАЗПРОМ ао,GAZP,19782,1956196861.9,125.88,124.87,126.0,125.67,125.41,125.67,15593170,125.45,125.45,125.67,1956196861.9,1956196861.9,1956196861.9,,3,SUR,-0.66,
TQBR,2017-11-03,ГАЗПРОМ ао,GAZP,21699,2859713534.3,125.7,125.7,126.84,125.9,126.24,125.9,22633490,126.35,126.35,125.9,2859713534.3,2859713534.3,2859713534.3,,3,SUR,0.18,
TQBR,2017-11-07,ГАЗПРОМ ао,GAZP,85281,10741695906.9,127.06,127.05,132.55,132.28,130.37,132.28,82333460,130.47,130.47,132.28,10741695906.9,10741695906.9,10741695906.9,,3,SUR,5.07,
TQBR,2017-11-08,ГАЗПРОМ ао,GAZP,42311,5240441140.3,132.0,131.58,133.94,132.3,132.84,132.3,39381960,133.07,133.07,132.3,5240441140.3,5240441140.3,5240441140.3,,3,SUR,0.02,
TQBR,2017-11-09,ГАЗПРОМ ао,GAZP,32392,4472139285.5,132.31,131.14,132.82,131.5,131.84,131.5,33869650,132.04,132.04,131.5,4472139285.5,4472139285.5,4472139285.5,,3,SUR,-0.6,
TQBR,2017-11-10,ГАЗПРОМ ао,GAZP,39663,6231087394.6,131.03,130.51,133.84,132.5,132.04,132.5,47147150,132.16,132.16,132.5,6231087394.6,6231087394.6,6231087394.6,,3,SUR,0.76,
TQBR,2017-11-13,ГАЗПРОМ ао,GAZP,31258,3926645954.5,132.64,131.71,134.18,133.32,133.29,133.32,29457680,133.3,133.3,133.32,3926645954.5,3926645954.5,3926645954.5,,3,SUR,0.62,
TQBR,2017-11-14,ГАЗПРОМ ао,GAZP,34846,5622033502.9,133.02,132.35,134.28,132.93,133.22,132.93,42200310,133.22,133.22,132.93,5622033502.9,5622033502.9,5622033502.9,,3,SUR,-0.29,
TQBR,2017-11-15,ГАЗПРОМ ао,GAZP,27191,3078753568.5,132.01,131.21,132.79,131.21,131.85,131.21,23349160,131.86,131.86,131.21,3078753568.5,3078753568.5,3078753568.5,,3,SUR,-1.29,
TQBR,2017-11-16,ГАЗПРОМ ао,GAZP,46298,5481911178.3,131.65,127.74,132.7,129.2,130.2,129.2,42122000,130.14,130.14,129.2,5481911178.3,5481911178.3,5481911178.3,,3,SUR,-1.53,
TQBR,2017-11-17,ГАЗПРОМ ао,GAZP,24992,2358112566.2,129.65,129.06,130.87,129.65,130.09,129.65,18126930,130.09,130.09,129.65,2358112566.2,2358112566.2,2358112566.2,,3,SUR,0.35,
TQBR,2017-11-20,ГАЗПРОМ ао,GAZP,24538,2030594852.4,129.97,128.63,130.49,129.96,129.61,129.96,15667470,129.61,129.61,129.96,2030594852.4,2030594852.4,2030594852.4,,3,SUR,0.24,
TQBR,2017-11-21,ГАЗПРОМ ао,GAZP,36775,4691559967.0,130.45,130.35,133.05,132.49,132.03,132.49,35532230,132.04,132.04,132.49,4691559967.0,4691559967.0,4691559967.0,,3,SUR,1.95,
TQBR,2017-11-22,ГАЗПРОМ ао,GAZP,22494,3351736736.5,133.0,132.2,133.65,132.57,132.93,132.57,25211140,132.95,132.95,132.57,3351736736.5,3351736736.5,3351736736.5,,3,SUR,0.06,
TQBR,2017-11-23,ГАЗПРОМ ао,GAZP,26750,3849154882.0,132.69,131.3,133.1,131.6,132.23,131.6,29106430,132.24,132.24,131.6,3849154882.0,3849154882.0,3849154882.0,,3,SUR,-0.73,
TQBR,2017-11-24,ГАЗПРОМ ао,GAZP,31375,3871353836.3,131.56,131.31,134.19,133.57,133.3,133.57,29043690,133.29,133.29,133.57,3871353836.3,3871353836.3,3871353836.3,,3,SUR,1.5,
TQBR,2017-11-27,ГАЗПРОМ ао,GAZP,32768,3716296369.6,133.69,132.8,135.19,133.5,134.1,133.5,27713150,134.1,134.1,133.5,3716296369.6,3716296369.6,3716296369.6,,3,SUR,-0.05,
TQBR,2017-11-28,ГАЗПРОМ ао,GAZP,30119,3569930863.8,133.23,132.55,135.18,135.18,133.91,135.18,26663710,133.89,133.89,135.18,3569930863.8,3569930863.8,3569930863.8,,3,SUR,1.26,
TQBR,2017-11-29,ГАЗПРОМ ао,GAZP,42356,3644576211.7,134.85,132.97,134.86,133.55,133.76,133.55,27263040,133.68,133.68,133.55,3644576211.7,3644576211.7,3644576211.7,,3,SUR,-1.21,
TQBR,2017-11-30,ГАЗПРОМ ао,GAZP,39380,5323159082.7,133.0,132.0,134.31,132.15,133.0,132.15,40024830,133.0,133.0,132.15,5323159082.7,5323159082.7,5323159082.7,,3,SUR,-1.05,
TQBR,2017-12-01,ГАЗПРОМ ао,GAZP,31492,3283251391.6,132.49,131.72,133.32,133.02,132.66,133.02,24755830,132.63,132.63,133.02,3283251391.6,3283251391.6,3283251391.6,,3,SUR,0.66,
TQBR,2017-12-04,ГАЗПРОМ ао,GAZP,26836,2371538797.6,133.01,131.93,134.0,133.77,133.67,133.77,17818980,133.09,133.09,133.77,2371538797.6,2371538797.6,2371538797.6,,3,SUR,0.56,
TQBR,2017-12-05,ГАЗПРОМ ао,GAZP,17201,1691622366.3,133.48,132.78,133.99,133.65,132.64,133.65,12684800,133.36,133.36,133.65,1691622366.3,1691622366.3,1691622366.3,,3,SUR,-0.09,
TQBR,2017-12-06,ГАЗПРОМ ао,GAZP,18516,1959237828.2,133.33,132.91,134.29,134.0,134.43,134.0,14641730,133.81,133.81,134.0,1959237828.2,1959237828.2,1959237828.2,,3,SUR,0.26,
TQBR,2017-12-07,ГАЗПРОМ ао,GAZP,22593,2426606929.8,133.7,132.81,133.87,133.02,132.83,133.02,18198430,133.34,133.34,133.02,2426606929.8,2426606929.8,2426606929.8,,3,SUR,-0.73,
TQBR,2017-12-08,ГАЗПРОМ ао,GAZP,18072,2131049271.6,133.43,132.0,133.9,132.6,133.37,132.6,16037970,132.88,132.88,132.6,2131049271.6,2131049271.6,2131049271.6,,3,SUR,-0.32,
TQBR,2017-12-11,ГАЗПРОМ ао,GAZP,25135,3043803663.8,132.21,132.21,134.65,134.65,133.88,134.65,22735310,133.88,133.88,134.65,3043803663.8,3043803663.8,3043803663.8,,3,SUR,1.55,
TQBR,2017-12-12,ГАЗПРОМ ао,GAZP,27443,3397538094.3,134.7,133.65,135.6,135.5,134.9,135.5,25185700,134.9,134.9,135.5,3397538094.3,3397538094.3,3397538094.3,,3,SUR,0.63,
TQBR,2017-12-13,ГАЗПРОМ ао,GAZP,24917,3158543355.4,135.19,134.6,136.42,135.56,135.57,135.56,23298750,135.57,135.57,135.56,3158543355.4,3158543355.4,3158543355.4,,3,SUR,0.04,
TQBR,2017-12-14,ГАЗПРОМ ао,GAZP,24851,3054773964.7,135.38,134.9,136.2,135.91,135.54,135.91,22537890,135.54,135.54,135.91,3054773964.7,3054773964.7,3054773964.7,,3,SUR,0.26,
TQBR,2017-12-15,ГАЗПРОМ ао,GAZP,20085,3404604593.2,135.79,135.0,136.16,135.5,135.58,135.5,25112100,135.58,135.58,135.5,3404604593.2,3404604593.2,3404604593.2,,3,SUR,-0.3,
TQBR,2017-12-18,ГАЗПРОМ ао,GAZP,28304,4181128108.7,135.64,132.94,136.35,134.25,134.72,134.25,31035330,134.72,134.72,134.25,4181128108.7,4181128108.7,4181128108.7,,3,SUR,-0.92,
TQBR,2017-12-19,ГАЗПРОМ ао,GAZP,20733,2208379051.0,134.02,133.5,134.74,133.96,134.12,133.96,16465730,134.12,134.12,133.96,2208379051.0,2208379051.0,2208379051.0,,3,SUR,-0.22,
TQBR,2017-12-20,ГАЗПРОМ ао,GAZP,26138,3180360821.3,133.96,132.35,134.33,132.5,133.19,132.5,23879400,133.18,133.18,132.5,3180360821.3,3180360821.3,3180360821.3,,3,SUR,-1.09,
TQBR,2017-12-21,ГАЗПРОМ ао,GAZP,40735,5182632379.1,133.0,130.2,133.47,131.7,131.89,131.7,39294830,131.89,131.89,131.7,5182632379.1,5182632379.1,5182632379.1,,3,SUR,-0.6,
TQBR,2017-12-22,ГАЗПРОМ ао,GAZP,19163,2201845718.9,132.14,131.05,133.48,132.42,132.25,132.42,16649530,132.25,132.25,132.42,2201845718.9,2201845718.9,2201845718.9,,3,SUR,0.55,
TQBR,2017-12-25,ГАЗПРОМ ао,GAZP,9199,751026222.0,132.7,131.8,133.19,131.96,132.4,131.96,5672280,132.4,132.4,131.96,751026222.0,751026222.0,751026222.0,,3,SUR,-0.35,
TQBR,2017-12-26,ГАЗПРОМ ао,GAZP,21481,1671284660.5,131.83,129.62,132.44,131.2,130.79,131.2,12778220,130.79,130.79,131.2,1671284660.5,1671284660.5,1671284660.5,,3,SUR,-0.58,
TQBR,2017-12-27,ГАЗПРОМ ао,GAZP,19330,2096145806.0,131.2,130.45,132.23,130.99,131.34,130.99,15959620,131.34,131.34,130.99,2096145806.0,2096145806.0,2096145806.0,,3,SUR,-0.16,
TQBR,2017-12-28,ГАЗПРОМ ао,GAZP,19330,2124247040.5,130.88,129.81,131.2,130.53,130.54,130.53,16273900,130.53,130.53,130.53,2124247040.5,2124247040.5,2124247040.5,,3,SUR,-0.35,
TQBR,2017-12-29,ГАЗПРОМ ао,GAZP,19225,2116205015.6,130.56,128.86,130.93,130.5,129.87,130.5,16295360,129.87,129.87,130.5,2116205015.6,2116205015.6,2116205015.6,,3,SUR,-0.02,
TQBR,2018-01-03,ГАЗПРОМ ао,GAZP,13214,1384859815.3,131.03,130.63,132.2,132.2,131.47,132.2,10533920,131.47,131.47,132.2,1384859815.3,1384859815.3,1384859815.3,,3,SUR,1.3,
TQBR,2018-01-04,ГАЗПРОМ ао,GAZP,34335,4332522384.4,132.5,132.3,136.2,135.89,134.98,135.89,32096510,134.98,134.98,135.89,4332522384.4,4332522384.4,4332522384.4,,3,SUR,2.79,
TQBR,2018-01-05,ГАЗПРОМ ао,GAZP,23590,2725954065.9,135.6,135.08,137.12,137.12,136.43,137.12,19981160,136.43,136.43,137.12,2725954065.9,2725954065.9,2725954065.9,,3,SUR,0.91,
TQBR,2018-01-09,ГАЗПРОМ ао,GAZP,48830,7341282132.4,138.0,137.6,141.35,140.0,139.85,140.0,52493430,139.85,139.85,140.0,7341282132.4,7341282132.4,7341282132.4,,3,SUR,2.1,
TQBR,2018-01-10,ГАЗПРОМ ао,GAZP,48172,7339463567.4,140.49,139.58,143.43,143.43,141.76,143.43,51773200,141.76,141.76,143.43,7339463567.4,7339463567.4,7339463567.4,,3,SUR,2.45,
TQBR,2018-01-11,ГАЗПРОМ ао,GAZP,44444,5553410330.4,143.21,142.31,144.8,144.58,143.94,144.58,38582520,143.94,143.94,144.58,5553410330.4,5553410330.4,5553410330.4,,3,SUR,0.8,
TQBR,2018-01-12,ГАЗПРОМ ао,GAZP,36275,5268466178.3,144.21,141.64,144.54,143.99,143.26,143.99,36776240,143.26,143.26,143.99,5268466178.3,5268466178.3,5268466178.3,,3,SUR,-0.41,
TQBR,2018-01-15,ГАЗПРОМ ао,GAZP,32538,4330147048.8,144.32,142.6,145.5,142.99,144.09,142.99,30052200,144.09,144.09,142.99,4330147048.8,4330147048.8,4330147048.8,,3,SUR,-0.69,
TQBR,2018-01-16,ГАЗПРОМ ао,GAZP,34705,5309581232.1,143.17,141.89,145.35,145.29,143.55,145.29,36991010,143.54,143.54,145.29,5309581232.1,5309581232.1,5309581232.1,,3,SUR,1.61,
TQBR,2018-01-17,ГАЗПРОМ ао,GAZP,61864,9416562875.5,144.51,143.31,149.2,148.7,146.92,148.7,64093180,146.92,146.92,148.7,9416562875.5,9416562875.5,9416562875.5,,3,SUR,2.35,
TQBR,2018-01-18,ГАЗПРОМ ао,GAZP,50593,8056348716.0,148.79,148.13,150.35,150.35,149.35,150.35,53941270,149.35,149.35,150.35,8056348716.0,8056348716.0,8056348716.0,,3,SUR,1.11,
TQBR,2018-01-19,ГАЗПРОМ ао,GAZP,36486,5832835325.5,149.82,148.4,151.0,149.13,149.5,149.13,39015810,149.5,149.5,149.13,5832835325.5,5832835325.5,5832835325.5,,3,SUR,-0.81,
TQBR,2018-01-22,ГАЗПРОМ ао,GAZP,20743,3410137802.7,149.1,148.85,150.3,150.3,149.9,150.3,22751050,149.89,149.89,150.3,3410137802.7,3410137802.7,3410137802.7,,3,SUR,0.78,
TQBR,2018-01-23,ГАЗПРОМ ао,GAZP,33679,5335826273.2,150.91,147.71,151.65,148.8,149.03,148.8,35791450,149.08,149.08,148.8,5335826273.2,5335826273.2,5335826273.2,,3,SUR,-1.0,
TQBR,2018-01-24,ГАЗПРОМ ао,GAZP,28798,3684500851.4,148.59,146.6,149.7,149.7,148.32,149.7,24841860,148.32,148.32,149.7,3684500851.4,3684500851.4,3684500851.4,,3,SUR,0.6,
TQBR,2018-01-25,ГАЗПРОМ ао,GAZP,30105,6303488075.2,150.0,149.27,151.39,149.8,150.23,149.8,41958600,150.23,150.23,149.8,6303488075.2,6303488075.2,6303488075.2,,3,SUR,0.07,
TQBR,2018-01-26,ГАЗПРОМ ао,GAZP,37999,5199495946.1,149.37,146.01,149.55,147.19,147.38,147.19,35282020,147.37,147.37,147.19,5199495946.1,5199495946.1,5199495946.1,,3,SUR,-1.74,
TQBR,2018-01-29,ГАЗПРОМ ао,GAZP,36458,5261335743.0,146.67,144.15,147.29,144.75,145.82,144.75,36079000,145.83,145.83,144.75,5261335743.0,5261335743.0,5261335743.0,,3,SUR,-1.66,
TQBR,2018-01-30,ГАЗПРОМ ао,GAZP,48607,7404097471.2,143.9,142.37,146.43,143.5,144.25,143.5,51325700,144.26,144.26,143.5,7404097471.2,7404097471.2,7404097471.2,,3,SUR,-0.86,
TQBR,2018-01-31,ГАЗПРОМ ао,GAZP,39520,6328701844.4,142.98,141.8,144.5,143.36,142.95,143.36,44270320,142.96,142.96,143.36,6328701844.4,6328701844.4,6328701844.4,,3,SUR,-0.1,
TQBR,2018-02-01,ГАЗПРОМ ао,GAZP,35102,5433775002.3,143.4,143.13,146.17,145.39,144.83,145.39,37517540,144.83,144.83,145.39,5433775002.3,5433775002.3,5433775002.3,,3,SUR,1.42,
TQBR,2018-02-02,ГАЗПРОМ ао,GAZP,34223,5665003322.5,145.68,142.88,146.78,144.0,144.89,144.0,39088200,144.93,144.93,144.0,5665003322.5,5665003322.5,5665003322.5,,3,SUR,-0.96,
TQBR,2018-02-05,ГАЗПРОМ ао,GAZP,28441,4770758477.3,142.87,142.3,145.2,144.53,144.1,144.53,33108270,144.1,144.1,144.53,4770758477.3,4770758477.3,4770758477.3,,3,SUR,0.37,
TQBR,2018-02-06,ГАЗПРОМ ао,GAZP,42974,7389943893.9,141.51,140.4,142.82,141.59,141.92,141.59,52073080,141.91,141.91,141.59,7389943893.9,7389943893.9,7389943893.9,,3,SUR,-2.03,
TQBR,2018-02-07,ГАЗПРОМ ао,GAZP,37589,4686751364.0,142.43,141.0,143.39,141.0,142.25,141.0,32948170,142.25,142.25,141.0,4686751364.0,4686751364.0,4686751364.0,,3,SUR,-0.42,
TQBR,2018-02-08,ГАЗПРОМ ао,GAZP,37559,5939637049.3,140.48,137.14,140.85,137.2,139.05,137.2,42717220,139.05,139.05,137.2,5939637049.3,5939637049.3,5939637049.3,,3,SUR,-2.7,
TQBR,2018-02-09,ГАЗПРОМ ао,GAZP,49156,7212782250.9,135.99,132.8,136.7,135.56,135.01,135.56,53423820,135.01,135.01,135.56,7212782250.9,7212782250.9,7212782250.9,,3,SUR,-1.2,
TQBR,2018-02-12,ГАЗПРОМ ао,GAZP,29083,4036057579.8,136.95,136.03,138.1,137.3,137.09,137.3,29441900,137.09,137.09,137.3,4036057579.8,4036057579.8,4036057579.8,,3,SUR,1.28,
TQBR,2018-02-13,ГАЗПРОМ ао,GAZP,36005,5068064298.0,138.12,137.45,140.1,139.85,139.08,139.85,36439250,139.08,139.08,139.85,5068064298.0,5068064298.0,5068064298.0,,3,SUR,1.86,
TQBR,2018-02-14,ГАЗПРОМ ао,GAZP,30649,4734351192.6,140.01,137.02,140.57,138.89,138.72,138.89,34125140,138.73,138.73,138.89,4734351192.6,4734351192.6,4734351192.6,,3,SUR,-0.69,
TQBR,2018-02-15,ГАЗПРОМ ао,GAZP,29935,4045050780.3,139.77,137.06,140.99,137.06,138.8,137.06,29141610,138.81,138.81,137.06,4045050780.3,4045050780.3,4045050780.3,,3,SUR,-1.32,
TQBR,2018-02-16,ГАЗПРОМ ао,GAZP,27736,3402472597.4,137.84,136.77,139.49,137.06,138.05,137.06,24646990,138.05,138.05,137.06,3402472597.4,3402472597.4,3402472597.4,,3,SUR,0.0,
TQBR,2018-02-19,ГАЗПРОМ ао,GAZP,28428,1996605636.1,137.36,137.13,138.7,138.31,138.09,138.31,14462230,138.06,138.06,138.31,1996605636.1,1996605636.1,1996605636.1,,3,SUR,0.91,
TQBR,2018-02-20,ГАЗПРОМ ао,GAZP,61974,8918367759.9,138.78,138.78,144.29,141.32,142.04,141.32,62791120,142.03,142.03,141.32,8918367759.9,8918367759.9,8918367759.9,,3,SUR,2.18,
TQBR,2018-02-21,ГАЗПРОМ ао,GAZP,28156,3545756273.1,140.9,140.53,144.0,144.0,142.41,144.0,24899470,142.4,142.4,144.0,3545756273.1,3545756273.1,3545756273.1,,3,SUR,1.9,
TQBR,2018-02-22,ГАЗПРОМ ао,GAZP,33556,4314648286.5,143.49,142.63,145.97,145.97,144.34,145.97,29893120,144.34,144.34,145.97,4314648286.5,4314648286.5,4314648286.5,,3,SUR,1.37,
TQBR,2018-02-26,ГАЗПРОМ ао,GAZP,39738,5513639852.0,148.5,146.42,149.98,147.0,147.9,147.0,37279400,147.9,147.9,147.0,5513639852.0,5513639852.0,5513639852.0,,3,SUR,0.71,
TQBR,2018-02-27,ГАЗПРОМ ао,GAZP,27620,3623011761.1,147.2,144.85,147.49,146.5,146.21,146.5,24777520,146.22,146.22,146.5,3623011761.1,3623011761.1,3623011761.1,,3,SUR,-0.34,
TQBR,2018-02-28,ГАЗПРОМ ао,GAZP,35324,5210760050.7,145.5,142.25,145.75,143.16,143.61,143.16,36284260,143.61,143.61,143.16,5210760050.7,5210760050.7,5210760050.7,,3,SUR,-2.28,
TQBR,2018-03-01,ГАЗПРОМ ао,GAZP,57839,6656258920.7,141.0,139.39,142.0,140.1,140.27,140.1,47451210,140.28,140.28,140.1,6656258920.7,6656258920.7,6656258920.7,,3,SUR,-2.14,
TQBR,2018-03-02,ГАЗПРОМ ао,GAZP,39173,3730716293.9,139.65,137.77,140.59,138.57,139.02,138.57,26835570,139.02,139.02,138.57,3730716293.9,3730716293.9,3730716293.9,,3,SUR,-1.09,
TQBR,2018-03-05,ГАЗПРОМ ао,GAZP,36035,3273586067.3,138.83,138.57,141.83,141.6,140.77,141.6,23254990,140.77,140.77,141.6,3273586067.3,3273586067.3,3273586067.3,,3,SUR,2.19,
TQBR,2018-03-06,ГАЗПРОМ ао,GAZP,30729,3472610989.2,142.25,140.47,143.49,140.59,142.3,140.59,24404580,142.29,142.29,140.59,3472610989.2,3472610989.2,3472610989.2,,3,SUR,-0.71,
TQBR,2018-03-07,ГАЗПРОМ ао,GAZP,41609,3906497089.0,139.98,137.38,139.98,138.56,138.31,138.56,28244930,138.31,138.31,138.56,3906497089.0,3906497089.0,3906497089.0,,3,SUR,-1.44,
TQBR,2018-03-09,ГАЗПРОМ ао,GAZP,17100,1682884613.4,138.88,137.79,139.81,139.81,139.06,139.81,12102430,139.05,139.05,139.81,1682884613.4,1682884613.4,1682884613.4,,3,SUR,0.9,
TQBR,2018-03-12,ГАЗПРОМ ао,GAZP,23193,2393114756.2,140.44,140.11,141.96,141.35,141.22,141.35,16945720,141.22,141.22,141.35,2393114756.2,2393114756.2,2393114756.2,,3,SUR,1.1,
TQBR,2018-03-13,ГАЗПРОМ ао,GAZP,29171,3253679777.5,141.0,139.95,142.93,142.75,141.95,142.75,22920910,141.95,141.95,142.75,3253679777.5,3253679777.5,3253679777.5,,3,SUR,0.99,
TQBR,2018-03-14,ГАЗПРОМ ао,GAZP,39449,4460228606.1,141.82,138.8,141.98,138.8,140.25,138.8,31802960,140.25,140.25,138.8,4460228606.1,4460228606.1,4460228606.1,,3,SUR,-2.77,
TQBR,2018-03-15,ГАЗПРОМ ао,GAZP,47628,4764250778.6,138.59,138.0,140.06,138.25,139.01,138.25,34272770,139.01,139.01,138.25,4764250778.6,4764250778.6,4764250778.6,,3,SUR,-0.4,
TQBR,2018-03-16,ГАЗПРОМ ао,GAZP,39317,5918078559.5,138.66,137.11,141.0,141.0,139.38,141.0,42461100,139.38,139.38,141.0,5918078559.5,5918078559.5,5918078559.5,,3,SUR,1.99,
TQBR,2018-03-19,ГАЗПРОМ ао,GAZP,26781,3052939424.6,141.45,139.43,141.77,139.91,140.57,139.91,21717760,140.57,140.57,139.91,3052939424.6,3052939424.6,3052939424.6,,3,SUR,-0.77,
TQBR,2018-03-20,ГАЗПРОМ ао,GAZP,31451,3662723052.8,140.3,139.31,142.7,142.45,141.24,142.45,25944520,141.18,141.18,142.45,3662723052.8,3662723052.8,3662723052.8,,3,SUR,1.82,
TQBR,2018-03-21,ГАЗПРОМ ао,GAZP,40536,4440249964.3,142.7,140.84,144.0,141.51,142.53,141.51,31152980,142.53,142.53,141.51,4440249964.3,4440249964.3,4440249964.3,,3,SUR,-0.66,
TQBR,2018-03-22,ГАЗПРОМ ао,GAZP,39438,2906849953.8,141.7,139.2,142.08,139.5,140.53,139.5,20685050,140.53,140.53,139.5,2906849953.8,2906849953.8,2906849953.8,,3,SUR,-1.42,
TQBR,2018-03-23,ГАЗПРОМ ао,GAZP,42098,4711562231.5,138.79,137.82,142.49,142.0,140.29,142.0,33583510,140.29,140.29,142.0,4711562231.5,4711562231.5,4711562231.5,,3,SUR,1.79,
TQBR,2018-03-26,ГАЗПРОМ ао,GAZP,37104,3868595665.3,142.02,138.27,142.08,138.27,140.2,138.27,27593660,140.2,140.2,138.27,3868595665.3,3868595665.3,3868595665.3,,3,SUR,-2.63,
TQBR,2018-03-27,ГАЗПРОМ ао,GAZP,32259,3577911800.3,139.21,139.01,141.7,140.8,140.51,140.8,25464160,140.51,140.51,140.8,3577911800.3,3577911800.3,3577911800.3,,3,SUR,1.83,
TQBR,2018-03-28,ГАЗПРОМ ао,GAZP,28084,2996716757.2,140.0,139.13,141.67,140.47,140.39,140.47,21345590,140.39,140.39,140.47,2996716757.2,2996716757.2,2996716757.2,,3,SUR,-0.23,
TQBR,2018-03-29,ГАЗПРОМ ао,GAZP,29543,3374599605.1,140.7,140.7,142.8,142.8,141.94,142.8,23774420,141.94,141.94,142.8,3374599605.1,3374599605.1,3374599605.1,,3,SUR,1.66,
TQBR,2018-03-30,ГАЗПРОМ ао,GAZP,13633,1195162674.0,143.0,142.05,143.31,142.33,142.63,142.33,8377570,142.66,142.66,142.33,1195162674.0,1195162674.0,1195162674.0,,3,SUR,-0.33,
TQBR,2018-04-02,ГАЗПРОМ ао,GAZP,28741,2627348859.7,142.4,140.32,143.7,140.32,142.0,140.32,18502270,142.0,142.0,140.32,2627348859.7,2627348859.7,2627348859.7,,3,SUR,-1.41,
TQBR,2018-04-03,ГАЗПРОМ ао,GAZP,20420,1949062134.9,140.3,139.7,141.3,141.13,140.51,141.13,13870980,140.51,140.51,141.13,1949062134.9,1949062134.9,1949062134.9,,3,SUR,0.58,
TQBR,2018-04-04,ГАЗПРОМ ао,GAZP,28696,3113547714.0,140.82,139.02,141.52,140.18,139.94,140.18,22250100,139.93,139.93,140.18,3113547714.0,3113547714.0,3113547714.0,,3,SUR,-0.67,
TQBR,2018-04-05,ГАЗПРОМ ао,GAZP,22222,2881488088.6,140.66,139.8,141.35,140.5,140.74,140.5,20473660,140.74,140.74,140.5,2881488088.6,2881488088.6,2881488088.6,,3,SUR,0.23,
TQBR,2018-04-06,ГАЗПРОМ ао,GAZP,31155,3860854096.3,140.14,139.45,141.97,141.5,141.09,141.5,27364690,141.09,141.09,141.5,3860854096.3,3860854096.3,3860854096.3,,3,SUR,0.71,
TQBR,2018-04-09,ГАЗПРОМ ао,GAZP,107766,12229434748.9,140.94,128.19,141.22,135.01,134.36,135.01,91014600,134.37,134.37,135.01,12229434748.9,12229434748.9,12229434748.9,,3,SUR,-4.59,
TQBR,2018-04-10,ГАЗПРОМ ао,GAZP,82145,8897093522.8,135.0,133.5,141.97,141.8,138.85,141.8,64076590,138.85,138.85,141.8,8897093522.8,8897093522.8,8897093522.8,,3,SUR,5.03,
TQBR,2018-04-11,ГАЗПРОМ ао,GAZP,78014,8915901154.9,141.0,140.71,146.29,145.27,143.46,145.27,62149010,143.46,143.46,145.27,8915901154.9,8915901154.9,8915901154.9,,3,SUR,2.45,
TQBR,2018-04-12,ГАЗПРОМ ао,GAZP,50400,5898254966.1,145.7,142.13,146.89,145.99,144.75,145.99,40747400,144.75,144.75,145.99,5898254966.1,5898254966.1,5898254966.1,,3,SUR,0.5,
TQBR,2018-04-13,ГАЗПРОМ ао,GAZP,34951,3795246067.5,146.0,142.09,146.75,142.58,143.74,142.58,26404410,143.74,143.74,142.58,3795246067.5,3795246067.5,3795246067.5,,3,SUR,-2.34,
TQBR,2018-04-16,ГАЗПРОМ ао,GAZP,32891,3773000553.9,141.03,139.87,142.83,141.5,141.12,141.5,26735310,141.12,141.12,141.5,3773000553.9,3773000553.9,3773000553.9,,3,SUR,-0.76,
TQBR,2018-04-17,ГАЗПРОМ ао,GAZP,29905,3792581416.8,142.45,140.66,143.18,142.4,141.96,142.4,26716430,141.96,141.96,142.4,3792581416.8,3792581416.8,3792581416.8,,3,SUR,0.64,
TQBR,2018-04-18,ГАЗПРОМ ао,GAZP,35162,4045128563.9,142.64,142.04,145.31,144.75,144.04,144.75,28083940,144.04,144.04,144.75,4045128563.9,4045128563.9,4045128563.9,,3,SUR,1.65,
TQBR,2018-04-19,ГАЗПРОМ ао,GAZP,28797,2956275262.4,145.2,142.57,145.75,143.4,143.97,143.4,20535220,143.96,143.96,143.4,2956275262.4,2956275262.4,2956275262.4,,3,SUR,-0.93,
TQBR,2018-04-20,ГАЗПРОМ ао,GAZP,25444,3057613998.8,143.39,142.9,145.5,144.4,144.55,144.4,21150190,144.57,144.57,144.4,3057613998.8,3057613998.8,3057613998.8,,3,SUR,0.7,
TQBR,2018-04-23,ГАЗПРОМ ао,GAZP,37329,4677928111.4,144.3,142.0,144.48,143.99,143.25,143.99,32656540,143.25,143.25,143.99,4677928111.4,4677928111.4,4677928111.4,,3,SUR,-0.28,
TQBR,2018-04-24,ГАЗПРОМ ао,GAZP,34780,4216691245.9,144.0,143.52,146.52,144.14,145.17,144.14,29047550,145.17,145.17,144.14,4216691245.9,4216691245.9,4216691245.9,,3,SUR,0.1,
TQBR,2018-04-25,ГАЗПРОМ ао,GAZP,29007,3393969681.2,143.5,141.41,143.89,142.7,142.55,142.7,23808600,142.55,142.55,142.7,3393969681.2,3393969681.2,3393969681.2,,3,SUR,-1.0,
TQBR,2018-04-26,ГАЗПРОМ ао,GAZP,31562,3223002132.8,143.07,142.6,145.75,145.48,144.56,145.48,22295800,144.56,144.56,145.48,3223002132.8,3223002132.8,3223002132.8,,3,SUR,1.95,
TQBR,2018-04-27,ГАЗПРОМ ао,GAZP,24292,2830656472.3,146.0,143.77,146.0,144.5,144.83,144.5,19544860,144.83,144.83,144.5,2830656472.3,2830656472.3,2830656472.3,,3,SUR,-0.67,
TQBR,2018-04-28,ГАЗПРОМ ао,GAZP,13950,325531345.1,144.5,143.83,144.5,144.3,144.14,144.3,2258670,144.13,144.13,144.3,325531345.1,325531345.1,325531345.1,,3,SUR,-0.14,
TQBR,2018-04-30,ГАЗПРОМ ао,GAZP,23233,2225393515.8,144.3,143.7,147.29,145.93,145.63,145.93,15280790,145.63,145.63,145.93,2225393515.8,2225393515.8,2225393515.8,,3,SUR,1.13,
TQBR,2018-05-02,ГАЗПРОМ ао,GAZP,22303,2319341350.7,145.35,143.96,145.77,144.94,144.81,144.94,16016740,144.81,144.81,144.94,2319341350.7,2319341350.7,2319341350.7,,3,SUR,-0.68,
TQBR,2018-05-03,ГАЗПРОМ ао,GAZP,33432,3474983964.8,144.44,142.7,146.15,142.7,144.49,142.7,24049590,144.49,144.49,142.7,3474983964.8,3474983964.8,3474983964.8,,3,SUR,-1.55,
TQBR,2018-05-04,ГАЗПРОМ ао,GAZP,18071,1684482519.8,143.39,143.09,144.2,143.73,143.6,143.73,11728700,143.62,143.62,143.73,1684482519.8,1684482519.8,1684482519.8,,3,SUR,0.72,
TQBR,2018-05-07,ГАЗПРОМ ао,GAZP,14601,1361392632.2,144.75,143.45,145.1,144.05,144.34,144.05,9431820,144.34,144.34,144.05,1361392632.2,1361392632.2,1361392632.2,,3,SUR,0.22,
TQBR,2018-05-08,ГАЗПРОМ ао,GAZP,23806,2642252831.6,143.8,143.16,145.48,145.48,144.36,145.48,18302910,144.36,144.36,145.48,2642252831.6,2642252831.6,2642252831.6,,3,SUR,0.99,
TQBR,2018-05-10,ГАЗПРОМ ао,GAZP,33066,3553710936.1,145.98,145.57,147.15,146.38,146.52,146.38,24255510,146.51,146.51,146.38,3553710936.1,3553710936.1,3553710936.1,,3,SUR,0.62,
TQBR,2018-05-11,ГАЗПРОМ ао,GAZP,49030,6673910973.3,146.4,146.4,151.1,150.7,149.0,150.7,44794480,148.99,148.99,150.7,6673910973.3,6673910973.3,6673910973.3,,3,SUR,2.95,
TQBR,2018-05-14,ГАЗПРОМ ао,GAZP,30437,4186645609.0,151.25,148.03,151.27,150.98,149.78,150.98,27957030,149.75,149.75,150.98,4186645609.0,4186645609.0,4186645609.0,,3,SUR,0.19,
TQBR,2018-05-15,ГАЗПРОМ ао,GAZP,35825,4338287814.9,150.5,148.0,150.7,149.2,149.07,149.2,29101470,149.07,149.07,149.2,4338287814.9,4338287814.9,4338287814.9,,3,SUR,-1.18,
TQBR,2018-05-16,ГАЗПРОМ ао,GAZP,40305,6552978112.5,148.6,148.11,150.7,148.59,149.68,148.59,43781450,149.67,149.67,148.59,6552978112.5,6552978112.5,6552978112.5,,3,SUR,-0.41,
TQBR,2018-05-17,ГАЗПРОМ ао,GAZP,22614,2844169741.8,149.23,147.15,149.36,147.15,148.31,147.15,19176990,148.31,148.31,147.15,2844169741.8,2844169741.8,2844169741.8,,3,SUR,-0.97,
TQBR,2018-05-18,ГАЗПРОМ ао,GAZP,26211,3140370139.7,147.2,145.19,147.88,145.65,146.41,145.65,21448430,146.41,146.41,145.65,3140370139.7,3140370139.7,3140370139.7,,3,SUR,-1.02,
TQBR,2018-05-21,ГАЗПРОМ ао,GAZP,21280,2390787051.0,146.0,145.9,148.2,146.76,147.41,146.76,16218790,147.41,147.41,146.76,2390787051.0,2390787051.0,2390787051.0,,3,SUR,0.76,
TQBR,2018-05-22,ГАЗПРОМ ао,GAZP,16141,1931827888.6,146.97,146.42,147.6,146.5,146.94,146.5,13146640,146.94,146.94,146.5,1931827888.6,1931827888.6,1931827888.6,,3,SUR,-0.18,
TQBR,2018-05-23,ГАЗПРОМ ао,GAZP,22570,2836768445.2,146.2,144.88,146.94,146.06,145.86,146.06,19449120,145.86,145.86,146.06,2836768445.2,2836768445.2,2836768445.2,,3,SUR,-0.3,
TQBR,2018-05-24,ГАЗПРОМ ао,GAZP,28548,2998071458.0,146.29,144.93,147.15,145.27,145.79,145.27,20563940,145.79,145.79,145.27,2998071458.0,2998071458.0,2998071458.0,,3,SUR,-0.54,
TQBR,2018-05-25,ГАЗПРОМ ао,GAZP,23435,2633117946.2,145.62,144.36,146.3,145.09,145.26,145.09,18126630,145.26,145.26,145.09,2633117946.2,2633117946.2,2633117946.2,,3,SUR,-0.12,
TQBR,2018-05-28,ГАЗПРОМ ао,GAZP,10231,972141291.9,145.65,144.75,145.75,145.09,145.29,145.09,6690610,145.3,145.3,145.09,972141291.9,972141291.9,972141291.9,,3,SUR,0.0,
TQBR,2018-05-29,ГАЗПРОМ ао,GAZP,22408,2530722338.0,145.58,142.88,145.61,143.9,143.76,143.9,17599120,143.8,143.8,143.9,2530722338.0,2530722338.0,2530722338.0,,3,SUR,-0.82,
TQBR,2018-05-30,ГАЗПРОМ ао,GAZP,27824,3140834064.2,144.0,142.52,144.82,143.26,143.7,143.26,21857180,143.7,143.7,143.26,3140834064.2,3140834064.2,3140834064.2,,3,SUR,-0.44,
TQBR,2018-05-31,ГАЗПРОМ ао,GAZP,23068,4902512649.3,143.26,143.26,145.21,145.0,144.59,145.0,33905170,144.59,144.59,145.0,4902512649.3,4902512649.3,4902512649.3,,3,SUR,1.21,
TQBR,2018-06-01,ГАЗПРОМ ао,GAZP,20724,2538435935.0,144.58,143.55,145.5,144.0,144.72,144.0,17540300,144.72,144.72,144.0,2538435935.0,2538435935.0,2538435935.0,,3,SUR,-0.69,
TQBR,2018-06-04,ГАЗПРОМ ао,GAZP,19015,1872071628.4,144.51,144.51,146.9,146.44,146.04,146.44,12818540,146.04,146.04,146.44,1872071628.4,1872071628.4,1872071628.4,,3,SUR,1.69,
TQBR,2018-06-05,ГАЗПРОМ ао,GAZP,15701,1854791168.9,146.51,145.22,146.54,146.0,145.85,146.0,12717550,145.85,145.85,146.0,1854791168.9,1854791168.9,1854791168.9,,3,SUR,-0.3,
TQBR,2018-06-06,ГАЗПРОМ ао,GAZP,20660,2515537947.7,146.44,145.53,146.9,146.9,146.27,146.9,17197640,146.27,146.27,146.9,2515537947.7,2515537947.7,2515537947.7,,3,SUR,0.62,
TQBR,2018-06-07,ГАЗПРОМ ао,GAZP,14979,1806894266.5,147.1,146.0,147.5,146.05,146.66,146.05,12320600,146.66,146.66,146.05,1806894266.5,1806894266.5,1806894266.5,,3,SUR,-0.58,
TQBR,2018-06-08,ГАЗПРОМ ао,GAZP,37342,3529483206.2,145.98,143.05,146.75,143.05,144.58,143.05,24412340,144.58,144.58,143.05,3529483206.2,3529483206.2,3529483206.2,,3,SUR,-2.05,
TQBR,2018-06-09,ГАЗПРОМ ао,GAZP,3124,227421701.8,143.31,143.3,144.15,144.08,143.84,144.08,1581110,143.84,143.84,144.08,227421701.8,227421701.8,227421701.8,,3,SUR,0.72,
TQBR,2018-06-11,ГАЗПРОМ ао,GAZP,16461,1807310144.3,143.8,141.56,144.18,142.28,142.33,142.28,12697960,142.33,142.33,142.28,1807310144.3,1807310144.3,1807310144.3,,3,SUR,-1.25,
TQBR,2018-06-13,ГАЗПРОМ ао,GAZP,26650,3331607131.6,142.7,140.63,142.78,141.0,141.68,141.0,23515540,141.68,141.68,141.0,3331607131.6,3331607131.6,3331607131.6,,3,SUR,-0.9,
TQBR,2018-06-14,ГАЗПРОМ ао,GAZP,23643,3497109125.3,140.9,139.14,141.44,139.4,139.93,139.4,24991210,139.93,139.93,139.4,3497109125.3,3497109125.3,3497109125.3,,3,SUR,-1.13,
TQBR,2018-06-15,ГАЗПРОМ ао,GAZP,31000,5878510828.8,139.7,137.64,140.87,137.73,138.64,137.73,42413220,138.6,138.6,137.73,5878510828.8,5878510828.8,5878510828.8,,3,SUR,-1.2,
TQBR,2018-06-18,ГАЗПРОМ ао,GAZP,25851,3164639621.8,138.05,136.0,138.3,136.52,137.1,136.52,23081990,137.1,137.1,136.52,3164639621.8,3164639621.8,3164639621.8,,3,SUR,-0.88,
TQBR,2018-06-19,ГАЗПРОМ ао,GAZP,38604,4893964443.5,136.0,132.86,136.28,135.5,134.44,135.5,36396760,134.46,134.46,135.5,4893964443.5,4893964443.5,4893964443.5,,3,SUR,-0.75,
TQBR,2018-06-20,ГАЗПРОМ ао,GAZP,29018,3716643822.4,136.5,136.0,138.5,136.91,137.32,136.91,27065540,137.32,137.32,136.91,3716643822.4,3716643822.4,3716643822.4,,3,SUR,1.04,
TQBR,2018-06-21,ГАЗПРОМ ао,GAZP,27511,3890851362.8,136.51,134.04,137.9,134.4,135.45,134.4,28725430,135.45,135.45,134.4,3890851362.8,3890851362.8,3890851362.8,,3,SUR,-1.83,
TQBR,2018-06-22,ГАЗПРОМ ао,GAZP,19885,3266846661.6,135.0,135.0,137.55,136.76,136.32,136.76,23963780,136.32,136.32,136.76,3266846661.6,3266846661.6,3266846661.6,,3,SUR,1.76,
TQBR,2018-06-25,ГАЗПРОМ ао,GAZP,16881,2362016501.1,136.5,136.5,138.44,137.1,137.47,137.1,17181930,137.47,137.47,137.1,2362016501.1,2362016501.1,2362016501.1,,3,SUR,0.25,
TQBR,2018-06-26,ГАЗПРОМ ао,GAZP,14530,1895303194.5,137.44,137.36,138.88,138.07,138.02,138.07,13716210,138.18,138.18,138.07,1895303194.5,1895303194.5,1895303194.5,,3,SUR,0.71,
TQBR,2018-06-27,ГАЗПРОМ ао,GAZP,20625,2626630211.9,138.01,137.07,139.85,139.0,138.45,139.0,18948070,138.62,138.62,139.0,2626630211.9,2626630211.9,2626630211.9,,3,SUR,0.67,
TQBR,2018-06-28,ГАЗПРОМ ао,GAZP,22481,3158239620.1,139.0,138.35,140.33,138.76,139.19,138.76,22689590,139.19,139.19,138.76,3158239620.1,3158239620.1,3158239620.1,,3,SUR,-0.17,
TQBR,2018-06-29,ГАЗПРОМ ао,GAZP,17736,3619729790.7,139.3,139.17,141.01,141.01,140.24,141.01,25811520,140.24,140.24,141.01,3619729790.7,3619729790.7,3619729790.7,,3,SUR,1.62,
TQBR,2018-07-02,ГАЗПРОМ ао,GAZP,26101,3600191893.8,140.82,140.07,144.2,144.0,142.84,144.0,25205320,142.83,142.83,144.0,3600191893.8,3600191893.8,3600191893.8,,3,SUR,2.12,
TQBR,2018-07-03,ГАЗПРОМ ао,GAZP,18059,2149935560.8,144.11,141.95,144.2,142.49,142.91,142.49,15043700,142.91,142.91,142.49,2149935560.8,2149935560.8,2149935560.8,,3,SUR,-1.05,
TQBR,2018-07-04,ГАЗПРОМ ао,GAZP,8848,904421321.1,142.4,141.87,143.13,142.24,142.37,142.24,6352500,142.37,142.37,142.24,904421321.1,904421321.1,904421321.1,,3,SUR,-0.18,
TQBR,2018-07-05,ГАЗПРОМ ао,GAZP,18970,2813007285.1,142.15,141.64,145.55,145.55,144.19,145.55,19509440,144.19,144.19,145.55,2813007285.1,2813007285.1,2813007285.1,,3,SUR,2.33,
TQBR,2018-07-06,ГАЗПРОМ ао,GAZP,19567,2483468390.0,145.8,143.57,145.8,144.96,144.48,144.96,17188580,144.48,144.48,144.96,2483468390.0,2483468390.0,2483468390.0,,3,SUR,-0.41,
TQBR,2018-07-09,ГАЗПРОМ ао,GAZP,20929,2610266115.4,145.75,145.53,148.1,148.0,146.85,148.0,17774160,146.86,146.86,148.0,2610266115.4,2610266115.4,2610266115.4,,3,SUR,2.1,
TQBR,2018-07-10,ГАЗПРОМ ао,GAZP,20743,2672839817.8,148.27,146.42,148.37,147.3,147.44,147.3,18128720,147.44,147.44,147.3,2672839817.8,2672839817.8,2672839817.8,,3,SUR,-0.47,
TQBR,2018-07-11,ГАЗПРОМ ао,GAZP,24778,3406748238.8,146.78,143.85,146.78,144.77,145.0,144.77,23494310,145.0,145.0,144.77,3406984062.8,3406984062.8,3406984062.8,,3,SUR,-1.72,
TQBR,2018-07-12,ГАЗПРОМ ао,GAZP,28529,2848330371.1,144.76,143.5,145.7,145.08,144.4,145.08,19726940,144.39,144.39,145.08,2848330371.1,2848330371.1,2848330371.1,,3,SUR,0.21,
TQBR,2018-07-13,ГАЗПРОМ ао,GAZP,17598,1976289736.8,145.3,144.87,146.87,146.87,145.97,146.87,13538600,145.97,145.97,146.87,1976289736.8,1976289736.8,1976289736.8,,3,SUR,1.23,
TQBR,2018-07-16,ГАЗПРОМ ао,GAZP,37279,3813946454.5,146.8,146.13,148.98,147.0,147.47,147.0,25868480,147.44,147.44,147.0,3813946454.5,3813946454.5,3813946454.5,,3,SUR,0.09,
TQBR,2018-07-17,ГАЗПРОМ ао,GAZP,26237,3730396400.9,146.6,144.15,146.73,145.31,145.19,145.31,25693830,145.19,145.19,145.31,3730396400.9,3730396400.9,3730396400.9,,3,SUR,-1.15,
TQBR,2018-07-18,ГАЗПРОМ ао,GAZP,30814,3969263716.4,138.89,137.45,138.99,138.29,138.07,138.29,28745490,138.08,138.08,138.29,3969263716.4,3969263716.4,3969263716.4,,3,SUR,-4.83,
TQBR,2018-07-19,ГАЗПРОМ ао,GAZP,23579,2532268356.8,138.39,136.85,138.66,137.58,137.84,137.58,18369120,137.85,137.85,137.58,2532268356.8,2532268356.8,2532268356.8,,3,SUR,-0.51,
TQBR,2018-07-20,ГАЗПРОМ ао,GAZP,20739,2564687165.8,137.58,136.42,138.0,136.47,137.13,136.47,18702320,137.13,137.13,136.47,2564687165.8,2564687165.8,2564687165.8,,3,SUR,-0.81,
TQBR,2018-07-23,ГАЗПРОМ ао,GAZP,28054,2476626508.7,136.59,136.58,139.22,138.37,138.27,138.37,17910570,138.28,138.28,138.37,2476626508.7,2476626508.7,2476626508.7,,3,SUR,1.39,
TQBR,2018-07-24,ГАЗПРОМ ао,GAZP,16368,1859734405.4,138.78,137.92,139.7,138.85,138.79,138.85,13399380,138.79,138.79,138.85,1859734405.4,1859734405.4,1859734405.4,,3,SUR,0.35,
TQBR,2018-07-25,ГАЗПРОМ ао,GAZP,17141,1896324873.1,138.1,137.64,138.88,138.21,138.25,138.21,13716750,138.25,138.25,138.21,1896324873.1,1896324873.1,1896324873.1,,3,SUR,-0.46,
TQBR,2018-07-26,ГАЗПРОМ ао,GAZP,12897,1494157211.2,138.84,137.74,139.17,138.18,138.29,138.18,10804920,138.28,138.28,138.18,1494157211.2,1494157211.2,1494157211.2,,3,SUR,-0.02,
TQBR,2018-07-27,ГАЗПРОМ ао,GAZP,11849,1312794509.4,138.45,137.13,138.7,137.99,137.93,137.99,9518030,137.93,137.93,137.99,1312794509.4,1312794509.4,1312794509.4,,3,SUR,-0.14,
TQBR,2018-07-30,ГАЗПРОМ ао,GAZP,15477,1828855579.3,137.59,137.12,138.9,138.9,138.27,138.9,13226820,138.27,138.27,138.9,1828855579.3,1828855579.3,1828855579.3,,3,SUR,0.66,
TQBR,2018-07-31,ГАЗПРОМ ао,GAZP,30536,4452358451.8,138.89,138.46,143.79,143.79,141.36,143.79,31493220,141.38,141.38,143.79,4452358451.8,4452358451.8,4452358451.8,,3,SUR,3.52,
TQBR,2018-08-01,ГАЗПРОМ ао,GAZP,24379,2609455750.2,143.01,141.48,143.31,142.14,142.51,142.14,18311040,142.51,142.51,142.14,2609455750.2,2609455750.2,2609455750.2,,3,SUR,-1.15,
TQBR,2018-08-02,ГАЗПРОМ ао,GAZP,17017,1789817248.3,141.75,139.76,142.89,140.36,141.29,140.36,12668090,141.29,141.29,140.36,1789817248.3,1789817248.3,1789817248.3,,3,SUR,-1.25,
TQBR,2018-08-03,ГАЗПРОМ ао,GAZP,22273,3093730012.3,140.2,139.5,142.39,142.39,141.6,142.39,21848060,141.6,141.6,142.39,3093730012.3,3093730012.3,3093730012.3,,3,SUR,1.45,
TQBR,2018-08-06,ГАЗПРОМ ао,GAZP,19251,2149387624.1,142.44,140.32,142.58,141.34,141.08,141.34,15235390,141.08,141.08,141.34,2149387624.1,2149387624.1,2149387624.1,,3,SUR,-0.74,
TQBR,2018-08-07,ГАЗПРОМ ао,GAZP,16262,2000593788.5,141.35,140.95,143.04,142.74,142.35,142.74,14053840,142.35,142.35,142.74,2000593788.5,2000593788.5,2000593788.5,,3,SUR,0.99,
TQBR,2018-08-08,ГАЗПРОМ ао,GAZP,26100,3869496317.6,142.71,142.2,144.19,144.1,143.27,144.1,27009480,143.26,143.26,144.1,3869496317.6,3869496317.6,3869496317.6,,3,SUR,0.95,
TQBR,2018-08-09,ГАЗПРОМ ао,GAZP,28905,4223262862.8,143.26,143.26,145.46,145.2,144.61,145.2,29204720,144.61,144.61,145.2,4223262862.8,4223262862.8,4223262862.8,,3,SUR,0.76,
TQBR,2018-08-10,ГАЗПРОМ ао,GAZP,28011,3946587641.7,144.69,144.01,146.2,144.8,145.08,144.8,27202730,145.08,145.08,144.8,3946587641.7,3946587641.7,3946587641.7,,3,SUR,-0.28,
TQBR,2018-08-13,ГАЗПРОМ ао,GAZP,25652,3280858429.3,143.9,142.54,145.15,142.9,143.78,142.9,22819270,143.78,143.78,142.9,3280858429.3,3280858429.3,3280858429.3,,3,SUR,-1.31,
TQBR,2018-08-14,ГАЗПРОМ ао,GAZP,26816,3161571184.3,143.49,139.85,143.49,141.24,141.3,141.24,22375400,141.3,141.3,141.24,3161571184.3,3161571184.3,3161571184.3,,3,SUR,-1.16,
TQBR,2018-08-15,ГАЗПРОМ ао,GAZP,20165,2943087774.6,141.0,139.5,141.68,141.5,140.61,141.5,20930090,140.62,140.62,141.5,2943087774.6,2943087774.6,2943087774.6,,3,SUR,0.18,
TQBR,2018-08-16,ГАЗПРОМ ао,GAZP,16778,2022007171.6,141.5,139.95,142.09,140.88,141.13,140.88,14328100,141.12,141.12,140.88,2022007171.6,2022007171.6,2022007171.6,,3,SUR,-0.44,
TQBR,2018-08-17,ГАЗПРОМ ао,GAZP,17713,2122727729.2,140.88,140.03,141.76,141.01,140.78,141.01,15079520,140.77,140.77,141.01,2122727729.2,2122727729.2,2122727729.2,,3,SUR,0.09,
TQBR,2018-08-20,ГАЗПРОМ ао,GAZP,11571,1163721258.9,141.97,140.61,142.22,141.51,141.39,141.51,8230910,141.38,141.38,141.51,1163721258.9,1163721258.9,1163721258.9,,3,SUR,0.35,
TQBR,2018-08-21,ГАЗПРОМ ао,GAZP,16076,1939392538.6,141.55,140.12,143.49,143.3,141.86,143.3,13670280,141.87,141.87,143.3,1939392538.6,1939392538.6,1939392538.6,,3,SUR,1.26,
TQBR,2018-08-22,ГАЗПРОМ ао,GAZP,20080,2332441259.5,143.5,142.3,144.41,144.16,143.54,144.16,16249580,143.54,143.54,144.16,2332441259.5,2332441259.5,2332441259.5,,3,SUR,0.6,
TQBR,2018-08-23,ГАЗПРОМ ао,GAZP,23771,3066962004.8,143.85,141.5,145.0,141.5,143.4,141.5,21391470,143.37,143.37,141.5,3066962004.8,3066962004.8,3066962004.8,,3,SUR,-1.85,
TQBR,2018-08-24,ГАЗПРОМ ао,GAZP,20857,2717417839.4,141.5,141.5,143.98,143.6,143.02,143.6,19001230,143.01,143.01,143.6,2717417839.4,2717417839.4,2717417839.4,,3,SUR,1.48,
TQBR,2018-08-27,ГАЗПРОМ ао,GAZP,13929,1839711500.0,143.51,143.25,144.52,144.52,144.05,144.52,12771200,144.05,144.05,144.52,1839711500.0,1839711500.0,1839711500.0,,3,SUR,0.64,
TQBR,2018-08-28,ГАЗПРОМ ао,GAZP,19427,2862444316.6,144.57,144.57,146.73,145.6,145.98,145.6,19609130,145.98,145.98,145.6,2862444316.6,2862444316.6,2862444316.6,,3,SUR,0.75,
TQBR,2018-08-29,ГАЗПРОМ ао,GAZP,18730,2811733873.9,145.95,145.4,147.88,147.88,146.82,147.88,19151390,146.82,146.82,147.88,2811733873.9,2811733873.9,2811733873.9,,3,SUR,1.57,
TQBR,2018-08-30,ГАЗПРОМ ао,GAZP,23078,2529338388.8,147.82,145.66,148.34,145.98,146.91,145.98,17216530,146.91,146.91,145.98,2529338388.8,2529338388.8,2529338388.8,,3,SUR,-1.28,
TQBR,2018-08-31,ГАЗПРОМ ао,GAZP,36203,4881449744.3,145.7,144.78,150.2,149.95,148.12,149.95,32957180,148.11,148.11,149.95,4881449744.3,4881449744.3,4881449744.3,,3,SUR,2.72,
TQBR,2018-09-03,ГАЗПРОМ ао,GAZP,22708,2245289789.6,149.99,148.52,151.0,148.73,149.66,148.73,15003280,149.65,149.65,148.73,2245289789.6,2245289789.6,2245289789.6,,3,SUR,-0.81,
TQBR,2018-09-04,ГАЗПРОМ ао,GAZP,22427,2523923692.8,148.87,146.39,149.41,147.4,147.79,147.4,17077860,147.79,147.79,147.4,2523923692.8,2523923692.8,2523923692.8,,3,SUR,-0.89,
TQBR,2018-09-05,ГАЗПРОМ ао,GAZP,17501,2344672347.6,147.28,146.85,148.5,147.06,147.77,147.06,15867870,147.76,147.76,147.06,2344672347.6,2344672347.6,2344672347.6,,3,SUR,-0.23,
TQBR,2018-09-06,ГАЗПРОМ ао,GAZP,25307,3272427686.0,147.0,146.89,149.5,147.06,148.17,147.06,22086270,148.17,148.17,147.06,3272427686.0,3272427686.0,3272427686.0,,3,SUR,0.0,
TQBR,2018-09-07,ГАЗПРОМ ао,GAZP,21151,2405196814.7,146.99,146.54,148.99,148.8,147.68,148.8,16286610,147.68,147.68,148.8,2405196814.7,2405196814.7,2405196814.7,,3,SUR,1.18,
TQBR,2018-09-10,ГАЗПРОМ ао,GAZP,19741,2790384165.4,149.0,148.15,150.75,150.75,149.37,150.75,18680680,149.37,149.37,150.75,2790384165.4,2790384165.4,2790384165.4,,3,SUR,1.31,
TQBR,2018-09-11,ГАЗПРОМ ао,GAZP,44639,6791012812.8,150.75,150.17,152.95,152.36,151.74,152.36,44754260,151.74,151.74,152.36,6791012812.8,6791012812.8,6791012812.8,,3,SUR,1.07,
TQBR,2018-09-12,ГАЗПРОМ ао,GAZP,36330,5284214929.8,153.0,152.54,156.0,155.05,154.56,155.05,34189360,154.56,154.56,155.05,5284214929.8,5284214929.8,5284214929.8,,3,SUR,1.77,
TQBR,2018-09-13,ГАЗПРОМ ао,GAZP,27404,3336470424.4,154.53,153.0,155.79,153.5,154.23,153.5,21634590,154.22,154.22,153.5,3336470424.4,3336470424.4,3336470424.4,,3,SUR,-1.0,
TQBR,2018-09-14,ГАЗПРОМ ао,GAZP,18883,2164354196.0,153.38,151.77,154.0,152.15,152.6,152.15,14183810,152.59,152.59,152.15,2164354196.0,2164354196.0,2164354196.0,,3,SUR,-0.88,
TQBR,2018-09-17,ГАЗПРОМ ао,GAZP,32105,5218397340.1,151.99,151.41,155.74,155.46,154.43,155.46,33791050,154.43,154.43,155.46,5218397340.1,5218397340.1,5218397340.1,,3,SUR,2.18,
TQBR,2018-09-18,ГАЗПРОМ ао,GAZP,31135,4254229653.1,155.5,154.74,157.87,157.08,156.66,157.08,27158630,156.64,156.64,157.08,4254229653.1,4254229653.1,4254229653.1,,3,SUR,1.04,
TQBR,2018-09-19,ГАЗПРОМ ао,GAZP,48758,6875463259.7,157.5,156.65,159.79,157.39,158.52,157.39,43387520,158.47,158.47,157.39,6875463259.7,6875463259.7,6875463259.7,,3,SUR,0.2,
TQBR,2018-09-20,ГАЗПРОМ ао,GAZP,46865,8214336053.6,157.1,154.35,158.89,154.35,157.35,154.35,52197840,157.37,157.37,154.35,8214336053.6,8214336053.6,8214336053.6,,3,SUR,-1.93,
TQBR,2018-09-21,ГАЗПРОМ ао,GAZP,31088,7608565198.8,154.69,154.52,158.95,158.64,157.9,158.64,48187060,157.9,157.9,158.64,7608565198.8,7608565198.8,7608565198.8,,3,SUR,2.78,
TQBR,2018-09-24,ГАЗПРОМ ао,GAZP,23304,3426881180.7,158.5,157.6,159.5,159.0,158.58,159.0,21610270,158.58,158.58,159.0,3426881180.7,3426881180.7,3426881180.7,,3,SUR,0.23,
TQBR,2018-09-25,ГАЗПРОМ ао,GAZP,26415,3498151968.5,159.48,157.8,160.94,160.84,159.09,160.84,21988690,159.09,159.09,160.84,3498151968.5,3498151968.5,3498151968.5,,3,SUR,1.16,
TQBR,2018-09-26,ГАЗПРОМ ао,GAZP,29836,4120446555.0,161.26,158.64,162.0,159.27,160.47,159.27,25677440,160.47,160.47,159.27,4120446555.0,4120446555.0,4120446555.0,,3,SUR,-0.98,
TQBR,2018-09-27,ГАЗПРОМ ао,GAZP,38521,6656660314.1,159.38,158.57,162.45,161.8,161.3,161.8,41268810,161.3,161.3,161.8,6656660314.1,6656660314.1,6656660314.1,,3,SUR,1.59,
TQBR,2018-09-28,ГАЗПРОМ ао,GAZP,24593,3067723361.3,162.05,160.5,163.19,162.61,162.13,162.61,18920760,162.14,162.14,162.61,3067723361.3,3067723361.3,3067723361.3,,3,SUR,0.5,
TQBR,2018-10-01,ГАЗПРОМ ао,GAZP,21411,2578906152.2,163.45,161.2,163.93,161.89,162.76,161.89,15844690,162.76,162.76,161.89,2578906152.2,2578906152.2,2578906152.2,,3,SUR,-0.44,
TQBR,2018-10-02,ГАЗПРОМ ао,GAZP,28413,3710006208.0,162.02,160.97,163.47,162.59,162.55,162.59,22824040,162.55,162.55,162.59,3710006208.0,3710006208.0,3710006208.0,,3,SUR,0.43,
TQBR,2018-10-03,ГАЗПРОМ ао,GAZP,64445,10938573470.7,163.0,162.77,170.15,169.47,167.89,169.47,65151350,167.89,167.89,169.47,10938573470.7,10938573470.7,10938573470.7,,3,SUR,4.23,
TQBR,2018-10-04,ГАЗПРОМ ао,GAZP,63596,9211346637.7,169.6,167.15,171.95,168.5,169.71,168.5,54270010,169.73,169.73,168.5,9211346637.7,9211346637.7,9211346637.7,,3,SUR,-0.57,
TQBR,2018-10-05,ГАЗПРОМ ао,GAZP,35861,5098777466.5,167.8,166.52,171.14,170.5,169.11,170.5,30151290,169.11,169.11,170.5,5098777466.5,5098777466.5,5098777466.5,,3,SUR,1.19,
TQBR,2018-10-08,ГАЗПРОМ ао,GAZP,33263,4196139685.8,171.99,170.55,173.95,171.81,171.85,171.81,24417310,171.85,171.85,171.81,4196139685.8,4196139685.8,4196139685.8,,3,SUR,0.77,
TQBR,2018-10-09,ГАЗПРОМ ао,GAZP,54554,8027112140.8,172.53,172.11,176.95,172.11,174.7,172.11,45948310,174.7,174.7,172.11,8027112140.8,8027112140.8,8027112140.8,,3,SUR,0.17,
TQBR,2018-10-10,ГАЗПРОМ ао,GAZP,52169,6874518457.7,172.05,165.9,172.95,166.2,168.7,166.2,40752400,168.69,168.69,166.2,6874518457.7,6874518457.7,6874518457.7,,3,SUR,-3.43,
TQBR,2018-10-11,ГАЗПРОМ ао,GAZP,47348,7128547815.4,162.4,160.6,163.8,161.92,162.1,161.92,43976720,162.1,162.1,161.92,7128547815.4,7128547815.4,7128547815.4,,3,SUR,-2.58,
TQBR,2018-10-12,ГАЗПРОМ ао,GAZP,38920,5325777237.0,163.2,163.1,167.59,167.0,165.79,167.0,32124770,165.78,165.78,167.0,5325777237.0,5325777237.0,5325777237.0,,3,SUR,3.14,
TQBR,2018-10-15,ГАЗПРОМ ао,GAZP,24295,3335376194.5,167.5,163.18,168.6,164.0,164.99,164.0,20215250,164.99,164.99,164.0,3335376194.5,3335376194.5,3335376194.5,,3,SUR,-1.8,
TQBR,2018-10-16,ГАЗПРОМ ао,GAZP,26771,3156551730.6,163.97,161.61,166.0,165.99,163.69,165.99,19278940,163.73,163.73,165.99,3156551730.6,3156551730.6,3156551730.6,,3,SUR,1.21,
TQBR,2018-10-17,ГАЗПРОМ ао,GAZP,27169,3208273644.6,167.11,163.3,167.38,164.56,165.1,164.56,19432110,165.1,165.1,164.56,3208273644.6,3208273644.6,3208273644.6,,3,SUR,-0.86,
TQBR,2018-10-18,ГАЗПРОМ ао,GAZP,34987,4371199504.2,163.55,159.7,164.55,160.18,161.32,160.18,27096090,161.32,161.32,160.18,4371199504.2,4371199504.2,4371199504.2,,3,SUR,-2.66,
TQBR,2018-10-19,ГАЗПРОМ ао,GAZP,33056,5084194927.7,160.7,158.19,161.32,161.32,159.46,161.32,31882980,159.46,159.46,161.32,5084194927.7,5084194927.7,5084194927.7,,3,SUR,0.71,
TQBR,2018-10-22,ГАЗПРОМ ао,GAZP,33096,4151034328.7,161.5,155.42,162.5,155.7,158.44,155.7,26198900,158.44,158.44,155.7,4151034328.7,4151034328.7,4151034328.7,,3,SUR,-3.48,
TQBR,2018-10-23,ГАЗПРОМ ао,GAZP,33820,4892274605.4,154.5,151.76,155.2,153.61,153.43,153.61,31883210,153.44,153.44,153.61,4892274605.4,4892274605.4,4892274605.4,,3,SUR,-1.34,
TQBR,2018-10-24,ГАЗПРОМ ао,GAZP,36488,5951434830.0,154.83,152.31,156.58,154.7,154.9,154.7,38421740,154.9,154.9,154.7,5951434830.0,5951434830.0,5951434830.0,,3,SUR,0.71,
TQBR,2018-10-25,ГАЗПРОМ ао,GAZP,35950,5463287994.9,152.7,152.5,156.87,155.65,155.14,155.65,35221310,155.11,155.11,155.65,5463287994.9,5463287994.9,5463287994.9,,3,SUR,0.61,
TQBR,2018-10-26,ГАЗПРОМ ао,GAZP,30854,3713295005.3,155.01,151.21,155.24,152.5,152.52,152.5,24340680,152.56,152.56,152.5,3713295005.3,3713295005.3,3713295005.3,,3,SUR,-2.02,
TQBR,2018-10-29,ГАЗПРОМ ао,GAZP,21219,2405842721.2,152.0,151.56,153.76,152.52,152.73,152.52,15752210,152.73,152.73,152.52,2405842721.2,2405842721.2,2405842721.2,,3,SUR,0.01,
TQBR,2018-10-30,ГАЗПРОМ ао,GAZP,23750,2828685901.7,151.99,149.9,153.74,151.3,151.61,151.3,18657270,151.61,151.61,151.3,2828685901.7,2828685901.7,2828685901.7,,3,SUR,-0.8,
TQBR,2018-10-31,ГАЗПРОМ ао,GAZP,27997,3756892255.7,152.0,152.0,155.47,155.47,154.11,155.47,24376660,154.12,154.12,155.47,3756892255.7,3756892255.7,3756892255.7,,3,SUR,2.76,
TQBR,2018-11-01,ГАЗПРОМ ао,GAZP,22147,2629498938.5,155.02,153.17,155.1,153.5,154.04,153.5,17070520,154.04,154.04,153.5,2629498938.5,2629498938.5,2629498938.5,,3,SUR,-1.27,
TQBR,2018-11-02,ГАЗПРОМ ао,GAZP,17375,2458233290.3,154.2,153.32,154.99,153.71,154.21,153.71,15940810,154.21,154.21,153.71,2458233290.3,2458233290.3,2458233290.3,,3,SUR,0.14,
TQBR,2018-11-06,ГАЗПРОМ ао,GAZP,20777,2791600553.1,154.77,154.38,156.65,156.0,155.74,156.0,17925090,155.74,155.74,156.0,2791600553.1,2791600553.1,2791600553.1,,3,SUR,1.49,
TQBR,2018-11-07,ГАЗПРОМ ао,GAZP,40244,5340239088.4,156.05,154.7,157.89,157.85,156.61,157.85,34098690,156.61,156.61,157.85,5340239088.4,5340239088.4,5340239088.4,,3,SUR,1.19,
TQBR,2018-11-08,ГАЗПРОМ ао,GAZP,21793,3141076387.3,158.0,156.71,159.0,157.51,157.75,157.51,19911820,157.75,157.75,157.51,3141076387.3,3141076387.3,3141076387.3,,3,SUR,-0.22,
TQBR,2018-11-09,ГАЗПРОМ ао,GAZP,39352,5301380349.8,156.6,151.8,156.86,153.19,153.37,153.19,34567940,153.36,153.36,153.19,5301380349.8,5301380349.8,5301380349.8,,3,SUR,-2.74,
TQBR,2018-11-12,ГАЗПРОМ ао,GAZP,25446,2777330196.4,153.34,150.8,153.9,150.89,152.25,150.89,18238900,152.28,152.28,150.89,2777330196.4,2777330196.4,2777330196.4,,3,SUR,-1.5,
TQBR,2018-11-13,ГАЗПРОМ ао,GAZP,36630,4274565420.2,150.48,148.8,151.5,148.83,150.21,148.83,28458420,150.2,150.2,148.83,4274565420.2,4274565420.2,4274565420.2,,3,SUR,-1.37,
TQBR,2018-11-14,ГАЗПРОМ ао,GAZP,37180,4485473954.0,148.3,147.55,152.18,151.85,149.75,151.85,29952550,149.75,149.75,151.85,4485473954.0,4485473954.0,4485473954.0,,3,SUR,2.03,
TQBR,2018-11-15,ГАЗПРОМ ао,GAZP,32735,4526943565.4,152.77,152.6,155.21,154.14,153.87,154.14,29421030,153.87,153.87,154.14,4526943565.4,4526943565.4,4526943565.4,,3,SUR,1.51,
TQBR,2018-11-16,ГАЗПРОМ ао,GAZP,25042,3464264508.7,154.48,151.54,154.76,153.16,153.05,153.16,22635390,153.05,153.05,153.16,3464264508.7,3464264508.7,3464264508.7,,3,SUR,-0.64,
TQBR,2018-11-19,ГАЗПРОМ ао,GAZP,20330,2889790962.9,153.5,153.42,155.0,154.1,154.25,154.1,18735400,154.24,154.24,154.1,2889790962.9,2889790962.9,2889790962.9,,3,SUR,0.61,
TQBR,2018-11-20,ГАЗПРОМ ао,GAZP,22779,2615204348.7,153.8,150.3,154.0,151.51,152.35,151.51,17166070,152.35,152.35,151.51,2615204348.7,2615204348.7,2615204348.7,,3,SUR,-1.68,
TQBR,2018-11-21,ГАЗПРОМ ао,GAZP,19844,2368102296.9,151.23,151.13,152.75,152.4,152.0,152.4,15580260,151.99,151.99,152.4,2368102296.9,2368102296.9,2368102296.9,,3,SUR,0.59,
TQBR,2018-11-22,ГАЗПРОМ ао,GAZP,15137,1779356901.0,152.44,152.02,154.4,153.91,153.26,153.91,11610190,153.26,153.26,153.91,1779356901.0,1779356901.0,1779356901.0,,3,SUR,0.99,
TQBR,2018-11-23,ГАЗПРОМ ао,GAZP,26025,2903975894.7,153.43,150.3,153.67,151.79,151.64,151.79,19149700,151.65,151.65,151.79,2903975894.7,2903975894.7,2903975894.7,,3,SUR,-1.38,
TQBR,2018-11-26,ГАЗПРОМ ао,GAZP,42346,4542069065.7,151.51,146.3,151.79,149.53,148.76,149.53,30533530,148.76,148.76,149.53,4542069065.7,4542069065.7,4542069065.7,,3,SUR,-1.49,
TQBR,2018-11-27,ГАЗПРОМ ао,GAZP,24221,3055167478.1,149.92,149.8,154.27,153.8,151.93,153.8,20109390,151.93,151.93,153.8,3055167478.1,3055167478.1,3055167478.1,,3,SUR,2.86,
TQBR,2018-11-28,ГАЗПРОМ ао,GAZP,92342,12169340051.2,154.21,154.0,166.1,165.58,160.98,165.58,75585160,161.0,161.0,165.58,12169340051.2,12169340051.2,12169340051.2,,3,SUR,7.66,
TQBR,2018-11-29,ГАЗПРОМ ао,GAZP,51394,7168510856.5,166.6,163.6,167.36,164.99,165.39,164.99,43338020,165.41,165.41,164.99,7168510856.5,7168510856.5,7168510856.5,,3,SUR,-0.36,
TQBR,2018-11-30,ГАЗПРОМ ао,GAZP,41096,5499397083.4,164.4,160.25,164.65,161.29,161.47,161.29,34059130,161.47,161.47,161.29,5499397083.4,5499397083.4,5499397083.4,,3,SUR,-2.24,
TQBR,2018-12-03,ГАЗПРОМ ао,GAZP,45048,6509123693.8,164.27,163.81,166.65,165.4,165.39,165.4,39357520,165.38,165.38,165.4,6509123693.8,6509123693.8,6509123693.8,,3,SUR,2.55,
TQBR,2018-12-04,ГАЗПРОМ ао,GAZP,25912,3577939880.7,164.94,162.3,165.0,164.2,163.74,164.2,21850990,163.74,163.74,164.2,3577939880.7,3577939880.7,3577939880.7,,3,SUR,-0.73,
TQBR,2018-12-05,ГАЗПРОМ ао,GAZP,33765,3794708185.1,161.23,160.31,164.57,164.57,162.11,164.57,23408490,162.11,162.11,164.57,3794708185.1,3794708185.1,3794708185.1,,3,SUR,0.23,
TQBR,2018-12-06,ГАЗПРОМ ао,GAZP,37782,4872137807.8,162.9,159.0,163.0,160.62,160.43,160.62,30372710,160.41,160.41,160.62,4872137807.8,4872137807.8,4872137807.8,,3,SUR,-2.4,
TQBR,2018-12-07,ГАЗПРОМ ао,GAZP,33914,4829287453.5,160.81,159.67,163.15,163.0,161.41,163.0,29919000,161.41,161.41,163.0,4829287453.5,4829287453.5,4829287453.5,,3,SUR,1.48,
TQBR,2018-12-10,ГАЗПРОМ ао,GAZP,21882,2202377979.1,161.5,160.68,162.5,161.0,161.4,161.0,13642680,161.43,161.43,161.0,2202377979.1,2202377979.1,2202377979.1,,3,SUR,-1.23,
TQBR,2018-12-11,ГАЗПРОМ ао,GAZP,30831,3985293326.6,160.8,157.69,161.27,158.6,159.76,158.6,24945670,159.76,159.76,158.6,3985293326.6,3985293326.6,3985293326.6,,3,SUR,-1.49,
TQBR,2018-12-12,ГАЗПРОМ ао,GAZP,43267,5090700054.4,158.0,154.0,158.09,155.79,155.55,155.79,32725760,155.56,155.56,155.79,5090700054.4,5090700054.4,5090700054.4,,3,SUR,-1.77,
TQBR,2018-12-13,ГАЗПРОМ ао,GAZP,30488,3048134657.0,154.95,153.25,156.49,156.49,154.89,156.49,19682560,154.86,154.86,156.49,3048134657.0,3048134657.0,3048134657.0,,3,SUR,0.45,
TQBR,2018-12-14,ГАЗПРОМ ао,GAZP,22673,2125023793.2,155.91,153.51,155.98,155.4,154.67,155.4,13738740,154.67,154.67,155.4,2125023793.2,2125023793.2,2125023793.2,,3,SUR,-0.7,
TQBR,2018-12-17,ГАЗПРОМ ао,GAZP,26433,2839596008.3,155.4,152.93,156.41,153.53,154.7,153.53,18355910,154.7,154.7,153.53,2839596008.3,2839596008.3,2839596008.3,,3,SUR,-1.2,
TQBR,2018-12-18,ГАЗПРОМ ао,GAZP,37819,4550519480.2,152.4,150.05,152.42,151.89,151.21,151.89,30096270,151.2,151.2,151.89,4550519480.2,4550519480.2,4550519480.2,,3,SUR,-1.07,
TQBR,2018-12-19,ГАЗПРОМ ао,GAZP,29435,3028510861.0,151.01,150.71,153.79,152.98,152.42,152.98,19869180,152.42,152.42,152.98,3028510861.0,3028510861.0,3028510861.0,,3,SUR,0.72,
TQBR,2018-12-20,ГАЗПРОМ ао,GAZP,37808,4128642812.6,150.22,149.7,152.38,152.27,151.0,152.27,27345080,150.98,150.98,152.27,4128642812.6,4128642812.6,4128642812.6,,3,SUR,-0.46,
TQBR,2018-12-21,ГАЗПРОМ ао,GAZP,20062,3720373271.4,151.45,150.32,152.27,151.12,151.11,151.12,24620270,151.11,151.11,151.12,3720373271.4,3720373271.4,3720373271.4,,3,SUR,-0.76,
TQBR,2018-12-24,ГАЗПРОМ ао,GAZP,18444,1604560824.2,150.66,148.93,151.15,149.73,149.8,149.73,10711690,149.8,149.8,149.73,1604560824.2,1604560824.2,1604560824.2,,3,SUR,-0.92,
TQBR,2018-12-25,ГАЗПРОМ ао,GAZP,22526,1931355385.7,148.36,145.02,148.49,147.01,146.53,147.01,13181810,146.52,146.52,147.01,1931355385.7,1931355385.7,1931355385.7,,3,SUR,-1.82,
TQBR,2018-12-26,ГАЗПРОМ ао,GAZP,15387,1276876764.9,147.47,147.36,149.66,148.41,148.72,148.41,8585580,148.72,148.72,148.41,1276876764.9,1276876764.9,1276876764.9,,3,SUR,0.95,
TQBR,2018-12-27,ГАЗПРОМ ао,GAZP,24749,2472289175.0,151.0,150.06,152.4,150.68,151.13,150.68,16358270,151.13,151.13,150.68,2472289175.0,2472289175.0,2472289175.0,,3,SUR,1.53,
TQBR,2018-12-28,ГАЗПРОМ ао,GAZP,19961,2173407992.5,151.68,151.16,153.8,153.0,152.79,153.0,14223410,152.8,152.8,153.0,2173407992.5,2173407992.5,2173407992.5,,3,SUR,1.54,
TQBR,2018-12-29,ГАЗПРОМ ао,GAZP,6970,445314484.7,153.69,152.82,153.73,153.5,153.3,153.5,2904860,153.3,153.3,153.5,445314484.7,445314484.7,445314484.7,,3,SUR,0.33,
TQBR,2019-01-03,ГАЗПРОМ ао,GAZP,21927,2210472430.1,154.13,154.11,157.3,156.28,155.92,156.28,14178500,155.9,155.9,156.28,2210472430.1,2210472430.1,2210472430.1,,3,SUR,1.81,
TQBR,2019-01-04,ГАЗПРОМ ао,GAZP,20229,2297413672.7,156.71,156.71,159.15,159.15,157.75,159.15,14563370,157.75,157.75,159.15,2297413672.7,2297413672.7,2297413672.7,,3,SUR,1.84,
TQBR,2019-01-08,ГАЗПРОМ ао,GAZP,23666,2686999296.3,158.75,156.55,158.94,158.26,157.68,158.26,17041340,157.68,157.68,158.26,2686999296.3,2686999296.3,2686999296.3,,3,SUR,-0.56,
TQBR,2019-01-09,ГАЗПРОМ ао,GAZP,27500,3059300418.1,158.88,158.4,160.4,160.24,159.74,160.24,19149630,159.76,159.76,160.24,3059300418.1,3059300418.1,3059300418.1,,3,SUR,1.25,
TQBR,2019-01-10,ГАЗПРОМ ао,GAZP,30145,3175534988.4,159.75,157.56,160.2,160.2,159.17,160.2,19950220,159.17,159.17,160.2,3175534988.4,3175534988.4,3175534988.4,,3,SUR,-0.02,
TQBR,2019-01-11,ГАЗПРОМ ао,GAZP,23950,2826231240.6,160.2,159.8,161.13,161.0,160.51,161.0,17607210,160.52,160.52,161.0,2826231240.6,2826231240.6,2826231240.6,,3,SUR,0.5,
TQBR,2019-01-14,ГАЗПРОМ ао,GAZP,17361,2014123125.0,159.7,159.2,160.75,160.48,159.94,160.48,12593250,159.94,159.94,160.48,2014123125.0,2014123125.0,2014123125.0,,3,SUR,-0.32,
TQBR,2019-01-15,ГАЗПРОМ ао,GAZP,29839,3321625635.6,160.97,157.35,161.5,158.15,159.16,158.15,20870220,159.16,159.16,158.15,3321625635.6,3321625635.6,3321625635.6,,3,SUR,-1.45,
TQBR,2019-01-16,ГАЗПРОМ ао,GAZP,28597,3272113248.5,158.5,155.8,158.75,156.9,156.82,156.9,20866610,156.81,156.81,156.9,3272113248.5,3272113248.5,3272113248.5,,3,SUR,-0.79,
TQBR,2019-01-17,ГАЗПРОМ ао,GAZP,24386,2539975044.1,157.4,155.6,157.4,157.1,156.36,157.1,16244460,156.36,156.36,157.1,2539975044.1,2539975044.1,2539975044.1,,3,SUR,0.13,
TQBR,2019-01-18,ГАЗПРОМ ао,GAZP,24376,2893233884.1,158.16,157.43,159.2,159.2,158.36,159.2,18270390,158.36,158.36,159.2,2893233884.1,2893233884.1,2893233884.1,,3,SUR,1.34,
TQBR,2019-01-21,ГАЗПРОМ ао,GAZP,16366,1896518870.0,159.02,158.01,160.07,158.3,159.09,158.3,11919340,159.11,159.11,158.3,1896518870.0,1896518870.0,1896518870.0,,3,SUR,-0.57,
TQBR,2019-01-22,ГАЗПРОМ ао,GAZP,24984,2974542703.3,157.86,156.57,158.5,158.5,157.87,158.5,18842130,157.87,157.87,158.5,2974542703.3,2974542703.3,2974542703.3,,3,SUR,0.13,
TQBR,2019-01-23,ГАЗПРОМ ао,GAZP,18349,2319156029.1,158.24,158.02,159.9,159.9,159.2,159.9,14567930,159.2,159.2,159.9,2319156029.1,2319156029.1,2319156029.1,,3,SUR,0.88,
TQBR,2019-01-24,ГАЗПРОМ ао,GAZP,41684,5739386068.0,159.78,158.86,162.78,160.9,160.97,160.9,35655300,160.97,160.97,160.9,5739386068.0,5739386068.0,5739386068.0,,3,SUR,0.63,
TQBR,2019-01-25,ГАЗПРОМ ао,GAZP,22504,3195777916.0,161.61,160.18,162.82,162.82,161.69,162.82,19765260,161.69,161.69,162.82,3195777916.0,3195777916.0,3195777916.0,,3,SUR,1.19,
TQBR,2019-01-28,ГАЗПРОМ ао,GAZP,33778,3858065769.1,162.4,159.82,163.58,160.56,161.44,160.56,23896920,161.45,161.45,160.56,3858065769.1,3858065769.1,3858065769.1,,3,SUR,-1.39,
TQBR,2019-01-29,ГАЗПРОМ ао,GAZP,33010,3684877592.8,160.1,159.0,162.98,162.95,161.48,162.95,22819740,161.48,161.48,162.95,3684877592.8,3684877592.8,3684877592.8,,3,SUR,1.49,
TQBR,2019-01-30,ГАЗПРОМ ао,GAZP,36301,4130105316.7,162.51,162.26,165.84,165.4,164.49,165.4,25112890,164.46,164.46,165.4,4130105316.7,4130105316.7,4130105316.7,,3,SUR,1.5,
TQBR,2019-01-31,ГАЗПРОМ ао,GAZP,43268,5044344826.4,166.0,162.55,166.49,162.82,164.3,162.82,30703160,164.29,164.29,162.82,5044344826.4,5044344826.4,5044344826.4,,3,SUR,-1.56,
TQBR,2019-02-01,ГАЗПРОМ ао,GAZP,28487,3771220988.4,162.49,161.75,164.37,163.33,163.3,163.33,23094500,163.3,163.3,163.33,3771220988.4,3771220988.4,3771220988.4,,3,SUR,0.31,
TQBR,2019-02-04,ГАЗПРОМ ао,GAZP,17381,1877616878.5,163.49,162.81,165.0,163.2,163.79,163.2,11463210,163.8,163.8,163.2,1877616878.5,1877616878.5,1877616878.5,,3,SUR,-0.08,
TQBR,2019-02-05,ГАЗПРОМ ао,GAZP,21179,2252485272.5,163.45,162.54,165.43,164.25,164.3,164.25,13709520,164.3,164.3,164.25,2252485272.5,2252485272.5,2252485272.5,,3,SUR,0.64,
TQBR,2019-02-06,ГАЗПРОМ ао,GAZP,12857,1564647550.8,164.41,163.07,164.67,163.21,163.79,163.21,9553310,163.78,163.78,163.21,1564647550.8,1564647550.8,1564647550.8,,3,SUR,-0.63,
TQBR,2019-02-07,ГАЗПРОМ ао,GAZP,36248,3785574726.1,162.89,159.1,163.44,160.39,160.84,160.39,23537340,160.83,160.83,160.39,3785574726.1,3785574726.1,3785574726.1,,3,SUR,-1.73,
TQBR,2019-02-08,ГАЗПРОМ ао,GAZP,27271,3103277835.5,159.16,158.11,161.36,159.8,159.8,159.8,19420820,159.79,159.79,159.8,3103277835.5,3103277835.5,3103277835.5,,3,SUR,-0.37,
TQBR,2019-02-11,ГАЗПРОМ ао,GAZP,23147,3083875391.0,160.4,160.18,162.3,161.29,161.23,161.29,19127420,161.23,161.23,161.29,3083875391.0,3083875391.0,3083875391.0,,3,SUR,0.93,
TQBR,2019-02-12,ГАЗПРОМ ао,GAZP,23355,2433747110.1,161.5,160.75,163.68,163.68,162.33,163.68,14992630,162.33,162.33,163.68,2433747110.1,2433747110.1,2433747110.1,,3,SUR,1.48,
TQBR,2019-02-13,ГАЗПРОМ ао,GAZP,33901,3540683453.4,164.0,159.27,164.28,159.27,160.87,159.27,22006440,160.89,160.89,159.27,3540683453.4,3540683453.4,3540683453.4,,3,SUR,-2.69,
TQBR,2019-02-14,ГАЗПРОМ ао,GAZP,51672,6015747198.2,157.35,155.15,158.74,155.15,156.73,155.15,38381690,156.73,156.73,155.15,6015747198.2,6015747198.2,6015747198.2,,3,SUR,-2.59,
TQBR,2019-02-15,ГАЗПРОМ ао,GAZP,29716,3863237908.1,155.99,155.89,159.04,159.04,157.23,159.04,24570310,157.23,157.23,159.04,3863237908.1,3863237908.1,3863237908.1,,3,SUR,2.51,
TQBR,2019-02-18,ГАЗПРОМ ао,GAZP,29668,2802173012.6,159.25,156.14,159.9,156.43,157.64,156.43,17780780,157.6,157.6,156.43,2802173012.6,2802173012.6,2802173012.6,,3,SUR,-1.64,
TQBR,2019-02-19,ГАЗПРОМ ао,GAZP,31089,3103932587.1,156.41,153.36,157.14,154.03,154.77,154.03,20054660,154.77,154.77,154.03,3103932587.1,3103932587.1,3103932587.1,,3,SUR,-1.53,
TQBR,2019-02-20,ГАЗПРОМ ао,GAZP,26216,3269030372.6,154.65,153.67,155.66,154.43,154.56,154.43,21149620,154.57,154.57,154.43,3269030372.6,3269030372.6,3269030372.6,,3,SUR,0.26,
TQBR,2019-02-21,ГАЗПРОМ ао,GAZP,20827,2344274222.3,154.84,153.01,155.41,153.5,154.07,153.5,15215880,154.07,154.07,153.5,2344274222.3,2344274222.3,2344274222.3,,3,SUR,-0.6,
TQBR,2019-02-22,ГАЗПРОМ ао,GAZP,21842,2041203560.1,153.51,153.49,155.65,154.64,154.66,154.64,13198300,154.66,154.66,154.64,2041203560.1,2041203560.1,2041203560.1,,3,SUR,0.74,
TQBR,2019-02-25,ГАЗПРОМ ао,GAZP,23642,2289762616.5,155.01,153.56,155.37,154.6,154.62,154.6,14809350,154.62,154.62,154.6,2289762616.5,2289762616.5,2289762616.5,,3,SUR,-0.03,
TQBR,2019-02-26,ГАЗПРОМ ао,GAZP,27643,2822990429.6,153.95,152.82,155.36,155.36,154.3,155.36,18295430,154.3,154.3,155.36,2822990429.6,2822990429.6,2822990429.6,,3,SUR,0.49,
TQBR,2019-02-27,ГАЗПРОМ ао,GAZP,27287,3076346104.2,155.7,154.82,157.15,156.4,156.0,156.4,19720690,156.0,156.0,156.4,3076346104.2,3076346104.2,3076346104.2,,3,SUR,0.67,
TQBR,2019-02-28,ГАЗПРОМ ао,GAZP,37848,5473136057.7,156.22,156.02,159.25,158.99,157.82,158.99,34679960,157.82,157.82,158.99,5473136057.7,5473136057.7,5473136057.7,,3,SUR,1.66,
TQBR,2019-03-01,ГАЗПРОМ ао,GAZP,28242,3448994839.9,158.92,156.31,159.55,156.71,157.54,156.71,21894710,157.53,157.53,156.71,3448994839.9,3448994839.9,3448994839.9,,3,SUR,-1.43,
TQBR,2019-03-04,ГАЗПРОМ ао,GAZP,24181,2671510538.2,156.75,154.4,156.76,154.4,155.32,154.4,17198890,155.33,155.33,154.4,2671510538.2,2671510538.2,2671510538.2,,3,SUR,-1.47,
TQBR,2019-03-05,ГАЗПРОМ ао,GAZP,27951,3094689035.1,154.05,153.11,154.65,153.2,153.77,153.2,20125620,153.77,153.77,153.2,3094689035.1,3094689035.1,3094689035.1,,3,SUR,-0.78,
TQBR,2019-03-06,ГАЗПРОМ ао,GAZP,26465,2640014883.6,153.31,153.07,154.45,154.2,154.03,154.2,17139850,154.03,154.03,154.2,2640014883.6,2640014883.6,2640014883.6,,3,SUR,0.65,
TQBR,2019-03-07,ГАЗПРОМ ао,GAZP,33071,3002874043.8,154.01,151.58,154.19,151.9,152.65,151.9,19671250,152.65,152.65,151.9,3002874043.8,3002874043.8,3002874043.8,,3,SUR,-1.49,
TQBR,2019-03-11,ГАЗПРОМ ао,GAZP,31127,2952613702.1,151.9,150.51,152.47,151.6,151.29,151.6,19515830,151.29,151.29,151.6,2952613702.1,2952613702.1,2952613702.1,,3,SUR,-0.2,
TQBR,2019-03-12,ГАЗПРОМ ао,GAZP,21950,2354542512.0,152.24,150.84,152.95,151.64,151.97,151.64,15491920,151.99,151.99,151.64,2354542512.0,2354542512.0,2354542512.0,,3,SUR,0.03,
TQBR,2019-03-13,ГАЗПРОМ ао,GAZP,22920,2823152238.7,151.1,150.66,153.3,153.3,152.2,153.3,18551950,152.18,152.18,153.3,2823152238.7,2823152238.7,2823152238.7,,3,SUR,1.09,
TQBR,2019-03-14,ГАЗПРОМ ао,GAZP,28351,3063730752.9,153.39,152.53,154.4,152.68,153.5,152.68,19960690,153.49,153.49,152.68,3063730752.9,3063730752.9,3063730752.9,,3,SUR,-0.4,
TQBR,2019-03-15,ГАЗПРОМ ао,GAZP,19014,5133364643.4,152.98,152.11,154.56,154.56,154.01,154.56,33331220,154.01,154.01,154.56,5133364643.4,5133364643.4,5133364643.4,,3,SUR,1.23,
TQBR,2019-03-18,ГАЗПРОМ ао,GAZP,30923,3430685748.6,154.2,153.6,156.48,155.84,155.44,155.84,22071630,155.43,155.43,155.84,3430685748.6,3430685748.6,3430685748.6,,3,SUR,0.83,
TQBR,2019-03-19,ГАЗПРОМ ао,GAZP,24249,2726146665.8,155.84,154.6,156.45,155.5,155.46,155.5,17535580,155.46,155.46,155.5,2726146665.8,2726146665.8,2726146665.8,,3,SUR,-0.22,
TQBR,2019-03-20,ГАЗПРОМ ао,GAZP,25117,3120690573.1,155.51,154.0,156.14,156.09,155.28,156.09,20097310,155.28,155.28,156.09,3120690573.1,3120690573.1,3120690573.1,,3,SUR,0.38,
TQBR,2019-03-21,ГАЗПРОМ ао,GAZP,28681,4369903167.6,156.4,154.52,156.7,155.33,155.21,155.33,28155760,155.2,155.2,155.33,4369903167.6,4369903167.6,4369903167.6,,3,SUR,-0.49,
TQBR,2019-03-22,ГАЗПРОМ ао,GAZP,30365,3555162974.0,155.02,151.85,155.02,152.29,153.17,152.29,23207060,153.19,153.19,152.29,3555162974.0,3555162974.0,3555162974.0,,3,SUR,-1.96,
TQBR,2019-03-25,ГАЗПРОМ ао,GAZP,28599,3418953369.1,151.21,150.72,152.29,152.29,151.68,152.29,22540820,151.68,151.68,152.29,3418953369.1,3418953369.1,3418953369.1,,3,SUR,0.0,
TQBR,2019-03-26,ГАЗПРОМ ао,GAZP,25094,3285234579.0,151.99,150.83,152.91,151.12,151.82,151.12,21637080,151.83,151.83,151.12,3285234579.0,3285234579.0,3285234579.0,,3,SUR,-0.77,
TQBR,2019-03-27,ГАЗПРОМ ао,GAZP,33854,3588869005.5,150.88,149.03,151.44,149.49,149.92,149.49,23937950,149.92,149.92,149.49,3588869005.5,3588869005.5,3588869005.5,,3,SUR,-1.08,
TQBR,2019-03-28,ГАЗПРОМ ао,GAZP,21801,2458373298.9,149.79,148.83,150.75,149.98,150.01,149.98,16389010,150.0,150.0,149.98,2458373298.9,2458373298.9,2458373298.9,,3,SUR,0.33,
TQBR,2019-03-29,ГАЗПРОМ ао,GAZP,34254,3969752604.3,150.17,149.13,151.64,149.61,150.07,149.61,26452680,150.07,150.07,149.61,3969752604.3,3969752604.3,3969752604.3,,3,SUR,-0.25,
TQBR,2019-04-01,ГАЗПРОМ ао,GAZP,43266,5658916234.6,150.28,149.92,154.81,154.53,152.83,154.53,37031090,152.82,152.82,154.53,5658916234.6,5658916234.6,5658916234.6,,3,SUR,3.29,
TQBR,2019-04-02,ГАЗПРОМ ао,GAZP,39736,4793228455.0,154.85,153.3,155.8,155.0,154.69,155.0,30986760,154.69,154.69,155.0,4793228455.0,4793228455.0,4793228455.0,,3,SUR,0.3,
TQBR,2019-04-03,ГАЗПРОМ ао,GAZP,37253,5299170182.9,155.3,155.3,157.58,156.99,156.54,156.99,33850470,156.55,156.55,156.99,5299170182.9,5299170182.9,5299170182.9,,3,SUR,1.28,
TQBR,2019-04-04,ГАЗПРОМ ао,GAZP,28012,3624040916.1,156.75,156.4,158.89,158.89,157.56,158.89,23000460,157.56,157.56,158.89,3624040916.1,3624040916.1,3624040916.1,,3,SUR,1.21,
TQBR,2019-04-05,ГАЗПРОМ ао,GAZP,25904,3635755290.0,158.33,157.87,159.5,158.6,158.84,158.6,22889490,158.84,158.84,158.6,3635755290.0,3635755290.0,3635755290.0,,3,SUR,-0.18,
TQBR,2019-04-08,ГАЗПРОМ ао,GAZP,27270,4134870704.4,158.81,158.81,160.88,160.5,160.1,160.5,25829350,160.08,160.08,160.5,4134870704.4,4134870704.4,4134870704.4,,3,SUR,1.2,
TQBR,2019-04-09,ГАЗПРОМ ао,GAZP,42455,6512373930.4,160.41,159.8,163.35,162.7,162.2,162.7,40151930,162.19,162.19,162.7,6512373930.4,6512373930.4,6512373930.4,,3,SUR,1.37,
TQBR,2019-04-10,ГАЗПРОМ ао,GAZP,36433,6383712219.9,162.4,162.12,164.95,162.88,163.85,162.88,38962470,163.84,163.84,162.88,6383712219.9,6383712219.9,6383712219.9,,3,SUR,0.11,
TQBR,2019-04-11,ГАЗПРОМ ао,GAZP,53849,7213314602.7,162.38,158.04,162.95,158.04,160.45,158.04,44982590,160.36,160.36,158.04,7213314602.7,7213314602.7,7213314602.7,,3,SUR,-2.97,
TQBR,2019-04-12,ГАЗПРОМ ао,GAZP,32863,4670830850.6,158.51,157.9,160.46,159.12,159.21,159.12,29337220,159.21,159.21,159.12,4670830850.6,4670830850.6,4670830850.6,,3,SUR,0.68,
TQBR,2019-04-15,ГАЗПРОМ ао,GAZP,22213,2928747896.8,160.0,157.62,160.6,158.33,159.28,158.33,18387600,159.28,159.28,158.33,2928747896.8,2928747896.8,2928747896.8,,3,SUR,-0.5,
TQBR,2019-04-16,ГАЗПРОМ ао,GAZP,35188,4383134259.0,158.99,158.21,163.42,162.24,160.66,162.24,27281030,160.67,160.67,162.24,4383134259.0,4383134259.0,4383134259.0,,3,SUR,2.47,
TQBR,2019-04-17,ГАЗПРОМ ао,GAZP,35525,4668764495.8,163.4,162.4,165.4,164.0,163.94,164.0,28490270,163.87,163.87,164.0,4668764495.8,4668764495.8,4668764495.8,,3,SUR,1.08,
TQBR,2019-04-18,ГАЗПРОМ ао,GAZP,24757,3185103113.9,163.75,160.85,163.79,161.79,162.09,161.79,19650680,162.09,162.09,161.79,3185103113.9,3185103113.9,3185103113.9,,3,SUR,-1.35,
TQBR,2019-04-19,ГАЗПРОМ ао,GAZP,7024,624458335.2,161.95,161.5,162.57,162.57,162.03,162.57,3853890,162.03,162.03,162.57,624458335.2,624458335.2,624458335.2,,3,SUR,0.48,
TQBR,2019-04-22,ГАЗПРОМ ао,GAZP,13265,1463531014.8,163.21,162.76,164.34,163.5,163.55,163.5,8947560,163.57,163.57,163.5,1463531014.8,1463531014.8,1463531014.8,,3,SUR,0.57,
TQBR,2019-04-23,ГАЗПРОМ ао,GAZP,18364,2462870170.4,163.5,160.91,163.85,162.42,162.41,162.42,15162420,162.43,162.43,162.42,2462870170.4,2462870170.4,2462870170.4,,3,SUR,-0.66,
TQBR,2019-04-24,ГАЗПРОМ ао,GAZP,29927,4141433978.1,162.91,159.18,163.07,160.57,160.74,160.57,25761060,160.76,160.76,160.57,4141433978.1,4141433978.1,4141433978.1,,3,SUR,-1.14,
TQBR,2019-04-25,ГАЗПРОМ ао,GAZP,27615,3465219394.1,160.25,158.8,160.95,159.31,159.62,159.31,21709460,159.62,159.62,159.31,3465219394.1,3465219394.1,3465219394.1,,3,SUR,-0.78,
TQBR,2019-04-26,ГАЗПРОМ ао,GAZP,21207,2817591338.3,159.03,158.58,161.0,161.0,159.86,161.0,17625590,159.86,159.86,161.0,2817591338.3,2817591338.3,2817591338.3,,3,SUR,1.06,
TQBR,2019-04-29,ГАЗПРОМ ао,GAZP,40857,5084274324.8,161.2,160.68,164.74,163.93,162.96,163.93,31199480,162.96,162.96,163.93,5084274324.8,5084274324.8,5084274324.8,,3,SUR,1.82,
TQBR,2019-04-30,ГАЗПРОМ ао,GAZP,35278,5146918631.2,164.1,163.01,165.4,163.95,164.28,163.95,31329810,164.28,164.28,163.95,5146918631.2,5146918631.2,5146918631.2,,3,SUR,0.01,
TQBR,2019-05-02,ГАЗПРОМ ао,GAZP,28151,3433673043.7,163.67,163.67,166.85,165.71,165.93,165.71,20693350,165.93,165.93,165.71,3433673043.7,3433673043.7,3433673043.7,,3,SUR,1.07,
TQBR,2019-05-03,ГАЗПРОМ ао,GAZP,16676,2202435450.0,166.2,165.83,166.98,166.31,166.43,166.31,13233680,166.43,166.43,166.31,2202435450.0,2202435450.0,2202435450.0,,3,SUR,0.36,
TQBR,2019-05-06,ГАЗПРОМ ао,GAZP,19233,2558992549.3,165.0,163.34,165.45,165.45,164.33,165.45,15573440,164.32,164.32,165.45,2558992549.3,2558992549.3,2558992549.3,,3,SUR,-0.52,
TQBR,2019-05-07,ГАЗПРОМ ао,GAZP,22631,3198641151.7,165.0,164.21,166.27,164.21,165.34,164.21,19346120,165.34,165.34,164.21,3198641151.7,3198641151.7,3198641151.7,,3,SUR,-0.75,
TQBR,2019-05-08,ГАЗПРОМ ао,GAZP,19726,2939986355.2,164.5,163.55,165.44,163.57,164.21,163.57,17903390,164.21,164.21,163.57,2939986355.2,2939986355.2,2939986355.2,,3,SUR,-0.39,
TQBR,2019-05-10,ГАЗПРОМ ао,GAZP,18298,2643387041.6,163.6,162.62,164.9,163.61,163.58,163.61,16160090,163.58,163.58,163.61,2643387041.6,2643387041.6,2643387041.6,,3,SUR,0.02,
TQBR,2019-05-13,ГАЗПРОМ ао,GAZP,23083,2771524008.4,163.48,163.0,164.34,163.0,163.53,163.0,16948030,163.53,163.53,163.0,2771524008.4,2771524008.4,2771524008.4,,3,SUR,-0.37,
TQBR,2019-05-14,ГАЗПРОМ ао,GAZP,177747,33043094771.2,163.0,162.65,190.9,189.67,181.31,189.67,182194370,181.36,181.36,189.67,33043094771.2,33043094771.2,33043094771.2,,3,SUR,16.36,
TQBR,2019-05-15,ГАЗПРОМ ао,GAZP,154438,26517097076.5,193.0,192.29,198.4,195.61,195.63,195.61,135542910,195.64,195.64,195.61,26517097076.5,26517097076.5,26517097076.5,,3,SUR,3.13,
TQBR,2019-05-16,ГАЗПРОМ ао,GAZP,118229,19958917777.3,194.31,194.24,203.45,202.7,199.37,202.7,100057930,199.47,199.47,202.7,19958917777.3,19958917777.3,19958917777.3,,3,SUR,3.62,
TQBR,2019-05-17,ГАЗПРОМ ао,GAZP,60593,9894471294.2,201.8,197.71,202.3,198.89,199.41,198.89,49619100,199.41,199.41,198.89,9894471294.2,9894471294.2,9894471294.2,,3,SUR,-1.88,
TQBR,2019-05-20,ГАЗПРОМ ао,GAZP,34375,5452399537.0,200.2,198.3,201.48,200.8,199.73,200.8,27298770,199.73,199.73,200.8,5452399537.0,5452399537.0,5452399537.0,,3,SUR,0.96,
TQBR,2019-05-21,ГАЗПРОМ ао,GAZP,122035,18735226262.0,201.3,199.01,210.98,207.8,206.39,207.8,90773870,206.39,206.39,207.8,18735226262.0,18735226262.0,18735226262.0,,3,SUR,3.49,
TQBR,2019-05-22,ГАЗПРОМ ао,GAZP,45259,7298184223.0,208.92,206.33,210.11,208.1,207.94,208.1,35097660,207.94,207.94,208.1,7298184223.0,7298184223.0,7298184223.0,,3,SUR,0.14,
TQBR,2019-05-23,ГАЗПРОМ ао,GAZP,69851,11402206555.0,207.0,205.84,212.18,208.86,209.08,208.86,54534000,209.08,209.08,208.86,11402206555.0,11402206555.0,11402206555.0,,3,SUR,0.37,
TQBR,2019-05-24,ГАЗПРОМ ао,GAZP,36246,6006007597.2,209.49,203.76,210.2,204.5,206.81,204.5,29041460,206.81,206.81,204.5,6006007597.2,6006007597.2,6006007597.2,,3,SUR,-2.09,
TQBR,2019-05-27,ГАЗПРОМ ао,GAZP,42197,5750528536.9,204.25,200.84,206.6,206.2,204.42,206.2,28126330,204.45,204.45,206.2,5750528536.9,5750528536.9,5750528536.9,,3,SUR,0.83,
TQBR,2019-05-28,ГАЗПРОМ ао,GAZP,44785,12437024182.1,206.0,201.0,206.0,203.13,203.33,203.13,61173390,203.31,203.31,203.13,12437024182.1,12437024182.1,12437024182.1,,3,SUR,-1.49,
TQBR,2019-05-29,ГАЗПРОМ ао,GAZP,59966,8812368872.2,202.11,201.11,207.69,207.14,205.28,207.14,42936640,205.24,205.24,207.14,8812368872.2,8812368872.2,8812368872.2,,3,SUR,1.97,
TQBR,2019-05-30,ГАЗПРОМ ао,GAZP,90917,16400553423.8,207.9,207.57,216.45,213.1,212.42,213.1,77206560,212.42,212.42,213.1,16400553423.8,16400553423.8,16400553423.8,,3,SUR,2.88,
TQBR,2019-05-31,ГАЗПРОМ ао,GAZP,52147,9310665830.3,212.0,210.05,215.27,215.1,212.77,215.1,43760000,212.77,212.77,215.1,9310665830.3,9310665830.3,9310665830.3,,3,SUR,0.94,
TQBR,2019-06-03,ГАЗПРОМ ао,GAZP,259735,51074340391.1,214.41,213.5,251.65,235.51,233.58,235.51,218660620,233.58,233.58,235.51,51074340391.1,51074340391.1,51074340391.1,,3,SUR,9.49,
TQBR,2019-06-04,ГАЗПРОМ ао,GAZP,145237,25107792118.2,233.5,223.52,235.59,230.16,229.06,230.16,109611180,229.06,229.06,230.16,25107792118.2,25107792118.2,25107792118.2,,3,SUR,-2.27,
TQBR,2019-06-05,ГАЗПРОМ ао,GAZP,54562,9253315065.4,230.24,228.04,233.3,230.01,229.93,230.01,40242790,229.94,229.94,230.01,9253315065.4,9253315065.4,9253315065.4,,3,SUR,-0.07,
TQBR,2019-06-06,ГАЗПРОМ ао,GAZP,71345,12824105486.6,230.0,228.71,236.62,231.45,232.05,231.45,55262120,232.06,232.06,231.45,12824105486.6,12824105486.6,12824105486.6,,3,SUR,0.63,
TQBR,2019-06-07,ГАЗПРОМ ао,GAZP,53727,9789623945.9,233.77,230.0,233.77,230.5,231.71,230.5,42249090,231.71,231.71,230.5,9789623945.9,9789623945.9,9789623945.9,,3,SUR,-0.41,
TQBR,2019-06-10,ГАЗПРОМ ао,GAZP,42931,7100306057.7,230.85,230.4,234.3,232.1,231.9,232.1,30618070,231.9,231.9,232.1,7100306057.7,7100306057.7,7100306057.7,,3,SUR,0.69,
TQBR,2019-06-11,ГАЗПРОМ ао,GAZP,56718,10514849700.2,232.32,231.13,237.63,234.86,234.25,234.86,44886080,234.26,234.26,234.86,10514849700.2,10514849700.2,10514849700.2,,3,SUR,1.19,
TQBR,2019-06-13,ГАЗПРОМ ао,GAZP,46680,8332597536.6,233.74,233.01,237.35,234.44,235.29,234.44,35414740,235.29,235.29,234.44,8332597536.6,8332597536.6,8332597536.6,,3,SUR,-0.18,
TQBR,2019-06-14,ГАЗПРОМ ао,GAZP,37609,5926624665.6,234.13,231.26,235.44,231.51,233.27,231.51,25405530,233.28,233.28,231.51,5926624665.6,5926624665.6,5926624665.6,,3,SUR,-1.25,
TQBR,2019-06-17,ГАЗПРОМ ао,GAZP,46369,7489495817.6,231.58,229.63,234.44,229.81,231.47,229.81,32355090,231.48,231.48,229.81,7489495817.6,7489495817.6,7489495817.6,,3,SUR,-0.73,
TQBR,2019-06-18,ГАЗПРОМ ао,GAZP,40468,7422010829.7,229.67,228.3,232.3,232.13,230.27,232.13,32231160,230.27,230.27,232.13,7422010829.7,7422010829.7,7422010829.7,,3,SUR,1.01,
TQBR,2019-06-19,ГАЗПРОМ ао,GAZP,39459,7426876490.0,232.5,232.0,235.42,232.46,233.25,232.46,31840230,233.25,233.25,232.46,7426876490.0,7426876490.0,7426876490.0,,3,SUR,0.14,
TQBR,2019-06-20,ГАЗПРОМ ао,GAZP,50608,10462155874.6,234.0,231.45,234.45,232.52,233.09,232.52,44885210,233.09,233.09,232.52,10462155874.6,10462155874.6,10462155874.6,,3,SUR,0.03,
TQBR,2019-06-21,ГАЗПРОМ ао,GAZP,45394,10838225653.8,232.52,228.85,232.52,229.09,230.12,229.09,47097870,230.12,230.12,229.09,10838225653.8,10838225653.8,10838225653.8,,3,SUR,-1.48,
TQBR,2019-06-24,ГАЗПРОМ ао,GAZP,33690,5119767618.7,229.54,229.47,233.04,232.38,231.82,232.38,22084750,231.82,231.82,232.38,5119767618.7,5119767618.7,5119767618.7,,3,SUR,1.44,
TQBR,2019-06-25,ГАЗПРОМ ао,GAZP,30741,4966988960.2,232.01,229.64,232.19,232.09,230.64,232.09,21536080,230.64,230.64,232.09,4966988960.2,4966988960.2,4966988960.2,,3,SUR,-0.12,
TQBR,2019-06-26,ГАЗПРОМ ао,GAZP,26263,4479375780.6,232.51,232.0,233.6,233.1,232.77,233.1,19243490,232.77,232.77,233.1,4479375780.6,4479375780.6,4479375780.6,,3,SUR,0.44,
TQBR,2019-06-27,ГАЗПРОМ ао,GAZP,28333,5193636682.1,233.0,232.6,234.93,232.6,233.49,232.6,22243370,233.49,233.49,232.6,5193636682.1,5193636682.1,5193636682.1,,3,SUR,-0.21,
TQBR,2019-06-28,ГАЗПРОМ ао,GAZP,46059,9927733542.8,233.2,232.35,235.47,232.83,233.64,232.83,42491870,233.64,233.64,232.83,9927733542.8,9927733542.8,9927733542.8,,3,SUR,0.1,
TQBR,2019-07-01,ГАЗПРОМ ао,GAZP,109851,19422690666.3,234.1,234.1,248.43,245.5,243.25,245.5,79850910,243.24,243.24,245.5,19422690666.3,19422690666.3,19422690666.3,,3,SUR,5.44,
TQBR,2019-07-02,ГАЗПРОМ ао,GAZP,52472,7749035721.0,246.25,243.7,249.26,246.65,245.74,246.65,31530740,245.76,245.76,246.65,7749035721.0,7749035721.0,7749035721.0,,3,SUR,0.47,
TQBR,2019-07-03,ГАЗПРОМ ао,GAZP,63978,11185740929.9,246.0,245.55,251.6,251.6,249.71,251.6,44795180,249.71,249.71,251.6,11185740929.9,11185740929.9,11185740929.9,,3,SUR,2.01,
TQBR,2019-07-04,ГАЗПРОМ ао,GAZP,61019,11056624909.7,251.6,250.61,256.4,255.35,254.25,255.35,43487300,254.25,254.25,255.35,11056624909.7,11056624909.7,11056624909.7,,3,SUR,1.49,
TQBR,2019-07-05,ГАЗПРОМ ао,GAZP,48236,9151895068.8,255.32,250.12,255.96,250.89,252.5,250.89,36241080,252.53,252.53,250.89,9151895068.8,9151895068.8,9151895068.8,,3,SUR,-1.75,
TQBR,2019-07-08,ГАЗПРОМ ао,GAZP,52198,9771150030.2,250.09,245.2,250.96,248.51,248.34,248.51,39346300,248.34,248.34,248.51,9771150030.2,9771150030.2,9771150030.2,,3,SUR,-0.95,
TQBR,2019-07-09,ГАЗПРОМ ао,GAZP,56455,8142690752.7,248.69,247.71,252.93,250.17,250.86,250.17,32460070,250.85,250.85,250.17,8142690752.7,8142690752.7,8142690752.7,,3,SUR,0.67,
TQBR,2019-07-10,ГАЗПРОМ ао,GAZP,39056,8263169251.7,250.75,248.8,251.48,250.21,250.24,250.21,33020790,250.24,250.24,250.21,8263169251.7,8263169251.7,8263169251.7,,3,SUR,0.02,
TQBR,2019-07-11,ГАЗПРОМ ао,GAZP,54589,10651006574.0,250.0,245.0,250.69,247.2,247.4,247.2,43055510,247.38,247.38,247.2,10651006574.0,10651006574.0,10651006574.0,,3,SUR,-1.2,
TQBR,2019-07-12,ГАЗПРОМ ао,GAZP,32906,5312486032.5,247.0,244.0,247.8,245.5,245.64,245.5,21628190,245.63,245.63,245.5,5312486032.5,5312486032.5,5312486032.5,,3,SUR,-0.69,
TQBR,2019-07-15,ГАЗПРОМ ао,GAZP,55080,8761626889.9,246.98,240.1,248.08,240.3,243.51,240.3,35980810,243.51,243.51,240.3,8761626889.9,8761626889.9,8761626889.9,,3,SUR,-2.12,
TQBR,2019-07-16,ГАЗПРОМ ао,GAZP,80790,9719130386.9,240.01,235.83,240.4,238.01,237.61,238.01,40882900,237.73,237.73,238.01,9719130386.9,9719130386.9,9719130386.9,,3,SUR,-0.95,
TQBR,2019-07-17,ГАЗПРОМ ао,GAZP,70741,10906262010.6,223.56,218.63,224.03,220.19,220.64,220.19,49433790,220.62,220.62,220.19,10906262010.6,10906262010.6,10906262010.6,,3,SUR,-7.49,
TQBR,2019-07-18,ГАЗПРОМ ао,GAZP,44956,6727017613.5,219.0,215.77,219.8,218.3,217.95,218.3,30865690,217.94,217.94,218.3,6727017613.5,6727017613.5,6727017613.5,,3,SUR,-0.86,
TQBR,2019-07-19,ГАЗПРОМ ао,GAZP,31590,4367798704.2,219.5,215.37,220.43,216.0,218.06,216.0,20030360,218.06,218.06,216.0,4367798704.2,4367798704.2,4367798704.2,,3,SUR,-1.05,
TQBR,2019-07-22,ГАЗПРОМ ао,GAZP,51834,7328247410.5,215.97,214.1,220.0,217.12,217.27,217.12,33706200,217.42,217.42,217.12,7328247410.5,7328247410.5,7328247410.5,,3,SUR,0.52,
TQBR,2019-07-23,ГАЗПРОМ ао,GAZP,52319,7596908551.8,217.5,216.76,221.17,217.39,218.67,217.39,34741150,218.67,218.67,217.39,7596908551.8,7596908551.8,7596908551.8,,3,SUR,0.12,
TQBR,2019-07-24,ГАЗПРОМ ао,GAZP,62342,9544695210.5,218.47,210.51,218.47,212.0,214.42,212.0,44516010,214.41,214.41,212.0,9544695210.5,9544695210.5,9544695210.5,,3,SUR,-2.48,
TQBR,2019-07-25,ГАЗПРОМ ао,GAZP,180156,37195159429.8,208.0,206.0,228.94,219.0,220.83,219.0,168789670,220.36,220.36,219.0,37195159429.8,37195159429.8,37195159429.8,,3,SUR,3.3,
TQBR,2019-07-26,ГАЗПРОМ ао,GAZP,193024,41685904660.6,217.0,217.0,236.0,234.23,230.23,234.23,181110520,230.17,230.17,234.23,41685904660.6,41685904660.6,41685904660.6,,3,SUR,6.95,
TQBR,2019-07-29,ГАЗПРОМ ао,GAZP,67925,11921941814.9,234.12,231.83,238.7,236.73,236.17,236.73,50480020,236.17,236.17,236.73,11921941814.9,11921941814.9,11921941814.9,,3,SUR,1.07,
TQBR,2019-07-30,ГАЗПРОМ ао,GAZP,62764,10355500142.6,236.1,232.37,237.13,237.1,235.01,237.1,44064660,235.01,235.01,237.1,10355500142.6,10355500142.6,10355500142.6,,3,SUR,0.16,
TQBR,2019-07-31,ГАЗПРОМ ао,GAZP,55204,10776932359.4,237.41,234.44,239.64,236.9,237.16,236.9,45442560,237.16,237.16,236.9,10776932359.4,10776932359.4,10776932359.4,,3,SUR,-0.08,
TQBR,2019-08-01,ГАЗПРОМ ао,GAZP,40391,7356390798.6,234.54,233.29,237.34,234.28,235.19,234.28,31278900,235.19,235.19,234.28,7356390798.6,7356390798.6,7356390798.6,,3,SUR,-1.11,
TQBR,2019-08-02,ГАЗПРОМ ао,GAZP,71150,13652738004.8,231.1,227.91,233.17,227.91,230.25,227.91,59295740,230.25,230.25,227.91,13652738004.8,13652738004.8,13652738004.8,,3,SUR,-2.72,
TQBR,2019-08-05,ГАЗПРОМ ао,GAZP,67061,12017369016.2,226.0,222.3,228.0,223.61,225.18,223.61,53368340,225.18,225.18,223.61,12017369016.2,12017369016.2,12017369016.2,,3,SUR,-1.89,
TQBR,2019-08-06,ГАЗПРОМ ао,GAZP,37710,6887898388.6,223.62,223.62,227.78,226.76,226.1,226.76,30463070,226.11,226.11,226.76,6887898388.6,6887898388.6,6887898388.6,,3,SUR,1.41,
TQBR,2019-08-07,ГАЗПРОМ ао,GAZP,64180,11372603896.7,226.9,225.5,232.67,227.67,228.7,227.67,49728560,228.69,228.69,227.67,11372603896.7,11372603896.7,11372603896.7,,3,SUR,0.4,
TQBR,2019-08-08,ГАЗПРОМ ао,GAZP,39131,6873633180.5,230.51,230.43,233.54,231.21,231.98,231.21,29630530,231.98,231.98,231.21,6873633180.5,6873633180.5,6873633180.5,,3,SUR,1.55,
TQBR,2019-08-09,ГАЗПРОМ ао,GAZP,27312,4274989333.6,231.45,228.91,232.26,229.96,230.33,229.96,18560360,230.33,230.33,229.96,4274989333.6,4274989333.6,4274989333.6,,3,SUR,-0.54,
TQBR,2019-08-12,ГАЗПРОМ ао,GAZP,25242,3675870598.6,231.06,229.29,232.97,230.24,230.7,230.24,15933290,230.7,230.7,230.24,3675870598.6,3675870598.6,3675870598.6,,3,SUR,0.12,
TQBR,2019-08-13,ГАЗПРОМ ао,GAZP,42857,8053441170.9,229.88,226.46,232.16,229.87,229.09,229.87,35154020,229.09,229.09,229.87,8053441170.9,8053441170.9,8053441170.9,,3,SUR,-0.16,
TQBR,2019-08-14,ГАЗПРОМ ао,GAZP,43647,8142868060.8,231.1,224.58,231.19,227.1,227.22,227.1,35835210,227.23,227.23,227.1,8142868060.8,8142868060.8,8142868060.8,,3,SUR,-1.21,
TQBR,2019-08-15,ГАЗПРОМ ао,GAZP,39561,7346019541.9,227.69,224.89,229.7,227.15,227.46,227.15,32300710,227.43,227.43,227.15,7346019541.9,7346019541.9,7346019541.9,,3,SUR,0.02,
TQBR,2019-08-16,ГАЗПРОМ ао,GAZP,29551,5683241800.1,228.48,224.08,229.38,224.71,225.86,224.71,25162920,225.86,225.86,224.71,5683241800.1,5683241800.1,5683241800.1,,3,SUR,-1.07,
TQBR,2019-08-19,ГАЗПРОМ ао,GAZP,27148,4316960290.7,225.99,223.65,227.2,226.8,225.63,226.8,19131930,225.64,225.64,226.8,4316960290.7,4316960290.7,4316960290.7,,3,SUR,0.93,
TQBR,2019-08-20,ГАЗПРОМ ао,GAZP,44551,7994198269.4,226.58,226.15,232.32,231.54,230.8,231.54,34636220,230.8,230.8,231.54,7994198269.4,7994198269.4,7994198269.4,,3,SUR,2.09,
TQBR,2019-08-21,ГАЗПРОМ ао,GAZP,30307,4739549784.2,231.8,230.5,232.32,231.22,231.17,231.22,20502100,231.17,231.17,231.22,4739549784.2,4739549784.2,4739549784.2,,3,SUR,-0.14,
TQBR,2019-08-22,ГАЗПРОМ ао,GAZP,32278,6156079257.8,230.9,230.21,233.98,232.06,232.42,232.06,26486570,232.42,232.42,232.06,6156079257.8,6156079257.8,6156079257.8,,3,SUR,0.36,
TQBR,2019-08-23,ГАЗПРОМ ао,GAZP,43163,6697272853.4,232.7,228.93,233.04,229.35,230.77,229.35,29021720,230.77,230.77,229.35,6697272853.4,6697272853.4,6697272853.4,,3,SUR,-1.17,
TQBR,2019-08-26,ГАЗПРОМ ао,GAZP,16461,2578400308.4,228.88,228.05,230.6,228.9,229.46,228.9,11237140,229.45,229.45,228.9,2578400308.4,2578400308.4,2578400308.4,,3,SUR,-0.2,
TQBR,2019-08-27,ГАЗПРОМ ао,GAZP,56905,12596808159.6,228.92,223.0,229.28,227.0,225.84,227.0,55774330,225.85,225.85,227.0,12596808159.6,12596808159.6,12596808159.6,,3,SUR,-0.83,
TQBR,2019-08-28,ГАЗПРОМ ао,GAZP,43795,7375401085.0,226.56,224.88,228.64,228.48,226.78,228.48,32524180,226.77,226.77,228.48,7375401085.0,7375401085.0,7375401085.0,,3,SUR,0.65,
TQBR,2019-08-29,ГАЗПРОМ ао,GAZP,56362,11083250920.7,228.85,228.67,235.25,233.2,232.96,233.2,47577710,232.95,232.95,233.2,11083250920.7,11083250920.7,11083250920.7,,3,SUR,2.07,
TQBR,2019-08-30,ГАЗПРОМ ао,GAZP,28456,5122344605.8,233.69,231.07,233.85,232.15,232.5,232.15,22031170,232.5,232.5,232.15,5122344605.8,5122344605.8,5122344605.8,,3,SUR,-0.45,
TQBR,2019-09-02,ГАЗПРОМ ао,GAZP,27353,4481467706.1,231.75,230.5,234.22,233.67,232.65,233.67,19262350,232.65,232.65,233.67,4481467706.1,4481467706.1,4481467706.1,,3,SUR,0.65,
TQBR,2019-09-03,ГАЗПРОМ ао,GAZP,27747,4780132747.3,233.4,229.96,233.6,231.02,231.38,231.02,20658530,231.39,231.39,231.02,4780132747.3,4780132747.3,4780132747.3,,3,SUR,-1.13,
TQBR,2019-09-04,ГАЗПРОМ ао,GAZP,34849,6426674288.7,232.7,232.18,234.78,233.71,233.46,233.71,27528260,233.46,233.46,233.71,6426674288.7,6426674288.7,6426674288.7,,3,SUR,1.16,
TQBR,2019-09-05,ГАЗПРОМ ао,GAZP,37692,7054008563.5,234.7,234.64,238.17,236.18,236.14,236.18,29869370,236.16,236.16,236.18,7054008563.5,7054008563.5,7054008563.5,,3,SUR,1.06,
TQBR,2019-09-06,ГАЗПРОМ ао,GAZP,37565,5830437465.5,235.66,232.38,235.97,234.49,233.52,234.49,24966640,233.53,233.53,234.49,5830437465.5,5830437465.5,5830437465.5,,3,SUR,-0.72,
TQBR,2019-09-09,ГАЗПРОМ ао,GAZP,25267,3899228614.3,235.0,233.0,235.62,234.85,234.28,234.85,16643150,234.28,234.28,234.85,3899228614.3,3899228614.3,3899228614.3,,3,SUR,0.15,
TQBR,2019-09-10,ГАЗПРОМ ао,GAZP,39696,5613349624.3,234.32,232.02,235.1,233.0,233.26,233.0,24064830,233.26,233.26,233.0,5613349624.3,5613349624.3,5613349624.3,,3,SUR,-0.79,
TQBR,2019-09-11,ГАЗПРОМ ао,GAZP,35938,6349959512.7,233.03,232.2,235.38,235.07,234.12,235.07,27122090,234.13,234.13,235.07,6349959512.7,6349959512.7,6349959512.7,,3,SUR,0.89,
TQBR,2019-09-12,ГАЗПРОМ ао,GAZP,38495,6769256369.1,234.3,231.51,235.28,232.88,233.38,232.88,28998480,233.43,233.43,232.88,6769256369.1,6769256369.1,6769256369.1,,3,SUR,-0.93,
TQBR,2019-09-13,ГАЗПРОМ ао,GAZP,31243,4166406854.6,232.51,230.8,233.41,232.5,231.88,232.5,17968340,231.87,231.87,232.5,4166406854.6,4166406854.6,4166406854.6,,3,SUR,-0.16,
TQBR,2019-09-16,ГАЗПРОМ ао,GAZP,33396,6815301575.4,233.98,232.57,234.88,234.88,233.92,234.88,29135720,233.92,233.92,234.88,6815301575.4,6815301575.4,6815301575.4,,3,SUR,1.02,
TQBR,2019-09-17,ГАЗПРОМ ао,GAZP,37311,6620850619.8,234.53,232.36,235.17,233.58,233.62,233.58,28339540,233.63,233.63,233.58,6620850619.8,6620850619.8,6620850619.8,,3,SUR,-0.55,
TQBR,2019-09-18,ГАЗПРОМ ао,GAZP,18445,2862573035.9,233.0,232.3,233.96,233.46,233.2,233.46,12275290,233.2,233.2,233.46,2862573035.9,2862573035.9,2862573035.9,,3,SUR,-0.05,
TQBR,2019-09-19,ГАЗПРОМ ао,GAZP,50948,7332965323.1,233.11,230.06,233.28,230.52,231.59,230.52,31662990,231.59,231.59,230.52,7332965323.1,7332965323.1,7332965323.1,,3,SUR,-1.26,
TQBR,2019-09-20,ГАЗПРОМ ао,GAZP,33581,7966199993.1,230.75,228.5,231.0,230.41,229.89,230.41,34652120,229.89,229.89,230.41,7966199993.1,7966199993.1,7966199993.1,,3,SUR,-0.05,
TQBR,2019-09-23,ГАЗПРОМ ао,GAZP,26809,3883355592.2,230.5,228.87,231.25,230.36,229.93,230.36,16889390,229.93,229.93,230.36,3883355592.2,3883355592.2,3883355592.2,,3,SUR,-0.02,
TQBR,2019-09-24,ГАЗПРОМ ао,GAZP,42540,5118103532.8,230.36,227.19,230.68,227.7,228.79,227.7,22369470,228.8,228.8,227.7,5118103532.8,5118103532.8,5118103532.8,,3,SUR,-1.15,
TQBR,2019-09-25,ГАЗПРОМ ао,GAZP,31312,5010963569.7,227.04,225.76,228.7,228.43,227.32,228.43,22046400,227.29,227.29,228.43,5010963569.7,5010963569.7,5010963569.7,,3,SUR,0.32,
TQBR,2019-09-26,ГАЗПРОМ ао,GAZP,52164,9372307977.9,228.74,228.31,233.7,231.97,231.89,231.97,40417870,231.89,231.89,231.97,9372307977.9,9372307977.9,9372307977.9,,3,SUR,1.55,
TQBR,2019-09-27,ГАЗПРОМ ао,GAZP,24764,3125766891.9,231.92,229.01,232.14,229.01,230.37,229.01,13568600,230.37,230.37,229.01,3125766891.9,3125766891.9,3125766891.9,,3,SUR,-1.28,
TQBR,2019-09-30,ГАЗПРОМ ао,GAZP,41844,6008364652.3,229.05,225.9,229.46,225.9,226.87,225.9,26483850,226.87,226.87,225.9,6008364652.3,6008364652.3,6008364652.3,,3,SUR,-1.36,
TQBR,2019-10-01,ГАЗПРОМ ао,GAZP,29098,3796524873.7,226.0,225.17,227.7,226.49,226.68,226.49,16748700,226.68,226.68,226.49,3796524873.7,3796524873.7,3796524873.7,,3,SUR,0.26,
TQBR,2019-10-02,ГАЗПРОМ ао,GAZP,50430,7157588108.1,226.16,223.25,226.65,223.6,224.54,223.6,31876570,224.54,224.54,223.6,7157588108.1,7157588108.1,7157588108.1,,3,SUR,-1.28,
TQBR,2019-10-03,ГАЗПРОМ ао,GAZP,46509,6680406536.3,223.5,220.79,224.89,223.1,222.83,223.1,29978410,222.84,222.84,223.1,6680406536.3,6680406536.3,6680406536.3,,3,SUR,-0.22,
TQBR,2019-10-04,ГАЗПРОМ ао,GAZP,38370,4908761846.8,224.3,221.24,224.65,221.66,222.83,221.66,22029190,222.83,222.83,221.66,4908761846.8,4908761846.8,4908761846.8,,3,SUR,-0.65,
TQBR,2019-10-07,ГАЗПРОМ ао,GAZP,36501,5028296911.1,221.9,220.68,226.81,226.36,224.55,226.36,22387030,224.61,224.61,226.36,5028296911.1,5028296911.1,5028296911.1,,3,SUR,2.12,
TQBR,2019-10-08,ГАЗПРОМ ао,GAZP,31173,4990571369.8,226.53,222.71,227.7,223.2,224.16,223.2,22262970,224.16,224.16,223.2,4990571369.8,4990571369.8,4990571369.8,,3,SUR,-1.4,
TQBR,2019-10-09,ГАЗПРОМ ао,GAZP,22599,3330194069.5,223.1,221.72,224.71,223.18,223.28,223.18,14915050,223.28,223.28,223.18,3330194069.5,3330194069.5,3330194069.5,,3,SUR,-0.01,
TQBR,2019-10-10,ГАЗПРОМ ао,GAZP,23388,3284941860.5,223.0,222.27,224.93,224.5,223.87,224.5,14673550,223.87,223.87,224.5,3284941860.5,3284941860.5,3284941860.5,,3,SUR,0.59,
TQBR,2019-10-11,ГАЗПРОМ ао,GAZP,27596,4167115926.2,225.0,224.82,227.5,227.37,226.62,227.37,18387940,226.62,226.62,227.37,4167115926.2,4167115926.2,4167115926.2,,3,SUR,1.28,
TQBR,2019-10-14,ГАЗПРОМ ао,GAZP,30049,3329361603.9,227.37,225.5,228.61,226.0,226.46,226.0,14701580,226.46,226.46,226.0,3329361603.9,3329361603.9,3329361603.9,,3,SUR,-0.6,
TQBR,2019-10-15,ГАЗПРОМ ао,GAZP,35134,4099596688.3,226.0,224.06,227.15,226.0,225.78,226.0,18157400,225.78,225.78,226.0,4099596688.3,4099596688.3,4099596688.3,,3,SUR,0.0,
TQBR,2019-10-16,ГАЗПРОМ ао,GAZP,22432,4035176230.6,226.0,225.11,227.9,227.7,226.66,227.7,17802690,226.66,226.66,227.7,4035176230.6,4035176230.6,4035176230.6,,3,SUR,0.75,
TQBR,2019-10-17,ГАЗПРОМ ао,GAZP,34074,4872404834.9,227.66,226.0,228.6,228.0,227.58,228.0,21411670,227.56,227.56,228.0,4872404834.9,4872404834.9,4872404834.9,,3,SUR,0.13,
TQBR,2019-10-18,ГАЗПРОМ ао,GAZP,24031,3777616922.4,227.88,227.2,228.9,228.0,228.07,228.0,16563990,228.06,228.06,228.0,3777616922.4,3777616922.4,3777616922.4,,3,SUR,0.0,
TQBR,2019-10-21,ГАЗПРОМ ао,GAZP,23559,3288857056.3,228.49,227.31,229.11,228.54,228.19,228.54,14412970,228.19,228.19,228.54,3288857056.3,3288857056.3,3288857056.3,,3,SUR,0.24,
TQBR,2019-10-22,ГАЗПРОМ ао,GAZP,66105,9970779019.3,228.58,228.28,235.36,235.36,232.53,235.36,42876290,232.55,232.55,235.36,9970779019.3,9970779019.3,9970779019.3,,3,SUR,2.98,
TQBR,2019-10-23,ГАЗПРОМ ао,GAZP,54558,9322087784.7,234.86,233.16,237.67,236.2,235.38,236.2,39604070,235.38,235.38,236.2,9322087784.7,9322087784.7,9322087784.7,,3,SUR,0.36,
TQBR,2019-10-24,ГАЗПРОМ ао,GAZP,76184,11458864903.0,236.41,236.41,244.0,243.94,240.53,243.94,47639670,240.53,240.53,243.94,11458864903.0,11458864903.0,11458864903.0,,3,SUR,3.28,
TQBR,2019-10-25,ГАЗПРОМ ао,GAZP,57944,10677219830.3,244.1,239.5,247.4,246.71,243.12,246.71,43914810,243.13,243.13,246.71,10677219830.3,10677219830.3,10677219830.3,,3,SUR,1.14,
TQBR,2019-10-28,ГАЗПРОМ ао,GAZP,52012,8616476167.8,247.3,242.7,249.96,244.4,246.57,244.4,34941430,246.6,246.6,244.4,8616476167.8,8616476167.8,8616476167.8,,3,SUR,-0.94,
TQBR,2019-10-29,ГАЗПРОМ ао,GAZP,80588,17705516915.3,244.03,241.4,253.69,253.1,249.9,253.1,70834920,249.95,249.95,253.1,17705516915.3,17705516915.3,17705516915.3,,3,SUR,3.56,
TQBR,2019-10-30,ГАЗПРОМ ао,GAZP,127721,25402370309.6,252.9,252.01,265.26,261.6,259.67,261.6,97828440,259.66,259.66,261.6,25402370309.6,25402370309.6,25402370309.6,,3,SUR,3.36,
TQBR,2019-10-31,ГАЗПРОМ ао,GAZP,116496,23516039644.5,262.25,257.0,267.4,260.0,262.22,260.0,89675720,262.23,262.23,260.0,23516039644.5,23516039644.5,23516039644.5,,3,SUR,-0.61,
TQBR,2019-11-01,ГАЗПРОМ ао,GAZP,72591,13331656838.5,260.1,256.35,264.28,263.79,261.23,263.79,51033540,261.23,261.23,263.79,13331656838.5,13331656838.5,13331656838.5,,3,SUR,1.46,
TQBR,2019-11-05,ГАЗПРОМ ао,GAZP,51814,9738628702.8,266.0,261.31,267.53,263.0,264.22,263.0,36854690,264.24,264.24,263.0,9738628702.8,9738628702.8,9738628702.8,,3,SUR,-0.3,
TQBR,2019-11-06,ГАЗПРОМ ао,GAZP,51382,9936977290.8,263.14,258.91,266.98,266.98,263.56,266.98,37700330,263.58,263.58,266.98,9936977290.8,9936977290.8,9936977290.8,,3,SUR,1.51,
TQBR,2019-11-07,ГАЗПРОМ ао,GAZP,78501,15121567085.8,266.01,264.66,272.68,270.74,269.15,270.74,56180950,269.16,269.16,270.74,15121567085.8,15121567085.8,15121567085.8,,3,SUR,1.41,
TQBR,2019-11-08,ГАЗПРОМ ао,GAZP,52312,8933948286.7,269.92,264.45,270.2,266.0,267.12,266.0,33445000,267.12,267.12,266.0,8933948286.7,8933948286.7,8933948286.7,,3,SUR,-1.75,
TQBR,2019-11-11,ГАЗПРОМ ао,GAZP,69052,11215997931.6,265.0,259.8,265.45,260.4,262.08,260.4,42793340,262.1,262.1,260.4,11215997931.6,11215997931.6,11215997931.6,,3,SUR,-2.11,
TQBR,2019-11-12,ГАЗПРОМ ао,GAZP,74715,15987331003.2,260.81,256.13,264.57,257.25,259.84,257.25,61520830,259.87,259.87,257.25,15987331003.2,15987331003.2,15987331003.2,,3,SUR,-1.21,
TQBR,2019-11-13,ГАЗПРОМ ао,GAZP,106613,22211163286.3,256.11,250.79,257.19,251.8,252.99,251.8,87796850,252.98,252.98,251.8,22211163286.3,22211163286.3,22211163286.3,,3,SUR,-2.12,
TQBR,2019-11-14,ГАЗПРОМ ао,GAZP,157442,31768998177.6,252.56,244.8,253.46,248.34,248.81,248.34,127687870,248.8,248.8,248.34,31768998177.6,31768998177.6,31768998177.6,,3,SUR,-1.37,
TQBR,2019-11-15,ГАЗПРОМ ао,GAZP,112391,22159028711.1,248.5,245.0,250.47,248.01,247.99,248.01,89352610,248.0,248.0,248.01,22159028711.1,22159028711.1,22159028711.1,,3,SUR,-0.13,
TQBR,2019-11-18,ГАЗПРОМ ао,GAZP,69686,13113972679.3,250.0,245.62,250.4,246.15,248.15,246.15,52848250,248.14,248.14,246.15,13113972679.3,13113972679.3,13113972679.3,,3,SUR,-0.75,
TQBR,2019-11-19,ГАЗПРОМ ао,GAZP,81584,16311212292.6,246.5,244.32,248.7,248.01,246.88,248.01,66068080,246.88,246.88,248.01,16311212292.6,16311212292.6,16311212292.6,,3,SUR,0.76,
TQBR,2019-11-20,ГАЗПРОМ ао,GAZP,185588,49677852264.0,246.64,245.58,254.89,248.0,249.13,248.0,199413540,249.12,249.12,248.0,49677852264.0,49677852264.0,49677852264.0,,3,SUR,0.0,
TQBR,2019-11-21,ГАЗПРОМ ао,GAZP,248177,56981201388.9,252.0,250.01,259.8,254.35,255.82,254.35,222757490,255.8,255.8,254.35,56981201388.9,56981201388.9,56981201388.9,,3,SUR,2.56,
TQBR,2019-11-22,ГАЗПРОМ ао,GAZP,129234,23464818332.3,253.1,250.13,257.72,251.99,253.59,251.99,92529420,253.59,253.59,251.99,23464818332.3,23464818332.3,23464818332.3,,3,SUR,-0.93,
TQBR,2019-11-25,ГАЗПРОМ ао,GAZP,67191,12163985946.7,252.12,251.46,256.17,255.2,254.64,255.2,47772320,254.62,254.62,255.2,12163985946.7,12163985946.7,12163985946.7,,3,SUR,1.27,
TQBR,2019-11-26,ГАЗПРОМ ао,GAZP,71241,17840496546.0,255.53,252.01,257.41,254.0,254.37,254.0,70144950,254.34,254.34,254.0,17840496546.0,17840496546.0,17840496546.0,,3,SUR,-0.47,
TQBR,2019-11-27,ГАЗПРОМ ао,GAZP,50332,9575046132.1,253.8,252.25,255.85,253.89,254.12,253.89,37679110,254.12,254.12,253.89,9575046132.1,9575046132.1,9575046132.1,,3,SUR,-0.04,
TQBR,2019-11-28,ГАЗПРОМ ао,GAZP,52506,7532000913.9,253.46,251.35,254.43,254.0,252.93,254.0,29777340,252.94,252.94,254.0,7532000913.9,7532000913.9,7532000913.9,,3,SUR,0.04,
TQBR,2019-11-29,ГАЗПРОМ ао,GAZP,64712,13593083038.2,253.89,251.86,257.54,257.54,255.07,257.54,53291690,255.07,255.07,257.54,13593083038.2,13593083038.2,13593083038.2,,3,SUR,1.39,
TQBR,2019-12-02,ГАЗПРОМ ао,GAZP,117620,18214974078.7,258.45,254.05,263.4,254.05,259.21,254.05,70270330,259.21,259.21,254.05,18214974078.7,18214974078.7,18214974078.7,,3,SUR,-1.36,
TQBR,2019-12-03,ГАЗПРОМ ао,GAZP,99627,18948680656.9,253.2,247.09,254.14,247.93,251.4,247.93,75446030,251.16,251.16,247.93,18948680656.9,18948680656.9,18948680656.9,,3,SUR,-2.41,
TQBR,2019-12-04,ГАЗПРОМ ао,GAZP,77648,14796281475.8,248.5,246.4,251.96,248.93,249.57,248.93,59289500,249.56,249.56,248.93,14796281475.8,14796281475.8,14796281475.8,,3,SUR,0.4,
TQBR,2019-12-05,ГАЗПРОМ ао,GAZP,85053,15212818304.1,249.5,244.77,250.3,246.36,246.59,246.36,61692020,246.59,246.59,246.36,15212818304.1,15212818304.1,15212818304.1,,3,SUR,-1.03,
TQBR,2019-12-06,ГАЗПРОМ ао,GAZP,65986,11075388857.9,246.5,245.39,248.25,247.83,247.13,247.83,44852270,246.93,246.93,247.83,11075388857.9,11075388857.9,11075388857.9,,3,SUR,0.6,
TQBR,2019-12-09,ГАЗПРОМ ао,GAZP,47695,8054550026.6,247.9,247.4,250.22,248.7,248.58,248.7,32397460,248.62,248.62,248.7,8054550026.6,8054550026.6,8054550026.6,,3,SUR,0.35,
TQBR,2019-12-10,ГАЗПРОМ ао,GAZP,51891,8627942110.3,248.99,246.5,250.15,246.9,248.6,246.9,34816930,247.81,247.81,246.9,8627942110.3,8627942110.3,8627942110.3,,3,SUR,-0.72,
TQBR,2019-12-11,ГАЗПРОМ ао,GAZP,40140,7733934660.0,246.84,246.84,248.69,247.34,247.62,247.34,31256130,247.44,247.44,247.34,7733934660.0,7733934660.0,7733934660.0,,3,SUR,0.18,
TQBR,2019-12-12,ГАЗПРОМ ао,GAZP,115531,19801860279.6,247.64,247.35,254.66,250.48,251.58,250.48,78725180,251.53,251.53,250.48,19801860279.6,19801860279.6,19801860279.6,,3,SUR,1.27,
TQBR,2019-12-13,ГАЗПРОМ ао,GAZP,58970,10462989413.3,251.11,248.8,252.48,249.5,250.59,249.5,41799820,250.31,250.31,249.5,10462989413.3,10462989413.3,10462989413.3,,3,SUR,-0.39,
TQBR,2019-12-16,ГАЗПРОМ ао,GAZP,41105,7429337263.2,249.6,249.2,252.22,250.78,250.95,250.78,29618770,250.83,250.83,250.78,7429337263.2,7429337263.2,7429337263.2,,3,SUR,0.51,
TQBR,2019-12-17,ГАЗПРОМ ао,GAZP,41980,7974683425.7,251.23,250.8,252.86,252.05,252.06,252.05,31637520,252.06,252.06,252.05,7974683425.7,7974683425.7,7974683425.7,,3,SUR,0.51,
TQBR,2019-12-18,ГАЗПРОМ ао,GAZP,44875,7347363195.0,252.0,250.85,252.71,251.29,251.66,251.29,29208640,251.55,251.55,251.29,7347363195.0,7347363195.0,7347363195.0,,3,SUR,-0.3,
TQBR,2019-12-19,ГАЗПРОМ ао,GAZP,56053,9373044838.2,250.96,249.4,252.3,251.4,250.68,251.4,37390530,250.68,250.68,251.4,9373044838.2,9373044838.2,9373044838.2,,3,SUR,0.04,
TQBR,2019-12-20,ГАЗПРОМ ао,GAZP,72677,15361610984.7,252.75,252.22,256.58,255.5,254.31,255.5,60308100,254.72,254.72,255.5,15361610984.7,15361610984.7,15361610984.7,,3,SUR,1.63,
TQBR,2019-12-23,ГАЗПРОМ ао,GAZP,55996,9713616122.8,251.5,251.11,255.2,255.0,253.41,255.0,38331200,253.41,253.41,255.0,9713616122.8,9713616122.8,9713616122.8,,3,SUR,-0.2,
TQBR,2019-12-24,ГАЗПРОМ ао,GAZP,37008,5834345856.8,255.61,254.26,257.71,254.87,256.11,254.87,22780930,256.11,256.11,254.87,5834345856.8,5834345856.8,5834345856.8,,3,SUR,-0.05,
TQBR,2019-12-25,ГАЗПРОМ ао,GAZP,22888,3122718430.5,255.0,253.02,255.49,253.25,253.67,253.25,12310410,253.66,253.66,253.25,3122718430.5,3122718430.5,3122718430.5,,3,SUR,-0.64,
TQBR,2019-12-26,ГАЗПРОМ ао,GAZP,21962,2757696650.3,253.31,252.5,254.24,254.1,253.48,254.1,10879770,253.47,253.47,254.1,2757696650.3,2757696650.3,2757696650.3,,3,SUR,0.34,
TQBR,2019-12-27,ГАЗПРОМ ао,GAZP,34330,6208668999.8,254.31,254.0,257.49,257.11,256.28,257.11,24226140,256.28,256.28,257.11,6208668999.8,6208668999.8,6208668999.8,,3,SUR,1.18,
TQBR,2019-12-30,ГАЗПРОМ ао,GAZP,33510,6032318813.1,257.1,254.71,258.3,256.4,256.63,256.4,23498030,256.72,256.72,256.4,6032318813.1,6032318813.1,6032318813.1,,3,SUR,-0.28,
TQBR,2020-01-03,ГАЗПРОМ ао,GAZP,41509,8962850376.7,259.18,257.77,261.9,259.0,259.91,259.0,34484710,259.91,259.91,259.0,8962850376.7,8962850376.7,8962850376.7,,3,SUR,1.01,
TQBR,2020-01-06,ГАЗПРОМ ао,GAZP,38688,7209355959.2,259.0,254.8,259.0,256.55,256.12,256.55,28148270,256.12,256.12,256.55,7209355959.2,7209355959.2,7209355959.2,,3,SUR,-0.95,
TQBR,2020-01-08,ГАЗПРОМ ао,GAZP,39141,6547261526.8,256.25,254.77,257.32,255.79,255.64,255.79,25611080,255.64,255.64,255.79,6547261526.8,6547261526.8,6547261526.8,,3,SUR,-0.3,
TQBR,2020-01-09,ГАЗПРОМ ао,GAZP,50699,8444500064.7,255.69,251.82,256.68,254.07,254.17,254.07,33224310,254.17,254.17,254.07,8444500064.7,8444500064.7,8444500064.7,,3,SUR,-0.67,
TQBR,2020-01-10,ГАЗПРОМ ао,GAZP,53957,7220010840.8,254.0,251.2,254.6,251.9,252.75,251.9,28567810,252.73,252.73,251.9,7220010840.8,7220010840.8,7220010840.8,,3,SUR,-0.85,
TQBR,2020-01-13,ГАЗПРОМ ао,GAZP,63788,10339106193.4,252.5,248.4,252.5,251.5,250.02,251.5,41352670,250.02,250.02,251.5,10339106193.4,10339106193.4,10339106193.4,,3,SUR,-0.16,
TQBR,2020-01-14,ГАЗПРОМ ао,GAZP,49985,8262581389.3,252.0,249.0,253.2,250.0,250.92,250.0,32936950,250.86,250.86,250.0,8262581389.3,8262581389.3,8262581389.3,,3,SUR,-0.6,
TQBR,2020-01-15,ГАЗПРОМ ао,GAZP,60703,11000779361.0,249.5,247.75,252.5,251.3,250.2,251.3,43981200,250.12,250.12,251.3,11000779361.0,11000779361.0,11000779361.0,,3,SUR,0.52,
TQBR,2020-01-16,ГАЗПРОМ ао,GAZP,51503,9751384752.0,251.9,251.5,254.54,254.26,253.66,254.26,38437850,253.69,253.69,254.26,9751384752.0,9751384752.0,9751384752.0,,3,SUR,1.18,
TQBR,2020-01-17,ГАЗПРОМ ао,GAZP,47528,10773869781.0,254.75,253.8,256.6,255.39,255.57,255.39,42158800,255.55,255.55,255.39,10773869781.0,10773869781.0,10773869781.0,,3,SUR,0.44,
TQBR,2020-01-20,ГАЗПРОМ ао,GAZP,42320,7626569520.9,255.66,253.01,256.1,253.5,254.75,253.5,29970260,254.47,254.47,253.5,7626569520.9,7626569520.9,7626569520.9,,3,SUR,-0.74,
TQBR,2020-01-21,ГАЗПРОМ ао,GAZP,46600,6807837965.4,253.25,250.88,253.4,252.99,251.94,252.99,27027840,251.88,251.88,252.99,6807837965.4,6807837965.4,6807837965.4,,3,SUR,-0.2,
TQBR,2020-01-22,ГАЗПРОМ ао,GAZP,60705,9728948714.4,252.81,248.1,253.39,248.1,250.18,248.1,38885020,250.2,250.2,248.1,9728948714.4,9728948714.4,9728948714.4,,3,SUR,-1.93,
TQBR,2020-01-23,ГАЗПРОМ ао,GAZP,120521,17994555181.1,246.71,239.01,247.66,239.3,243.94,239.3,73879000,243.57,243.57,239.3,17994555181.1,17994555181.1,17994555181.1,,3,SUR,-3.55,
TQBR,2020-01-24,ГАЗПРОМ ао,GAZP,112764,16551735916.4,240.12,235.28,243.25,237.95,239.98,237.95,69052730,239.7,239.7,237.95,16551735916.4,16551735916.4,16551735916.4,,3,SUR,-0.56,
TQBR,2020-01-27,ГАЗПРОМ ао,GAZP,113915,24397136253.3,235.0,229.65,235.4,230.96,231.98,230.96,105334120,231.62,231.62,230.96,24397136253.3,24397136253.3,24397136253.3,,3,SUR,-2.94,
TQBR,2020-01-28,ГАЗПРОМ ао,GAZP,109211,19971991383.4,232.6,229.0,237.59,235.0,234.05,235.0,85537270,233.49,233.49,235.0,19971991383.4,19971991383.4,19971991383.4,,3,SUR,1.75,
TQBR,2020-01-29,ГАЗПРОМ ао,GAZP,79445,12383118729.5,236.95,231.3,237.36,232.0,234.96,232.0,52810870,234.48,234.48,232.0,12383118729.5,12383118729.5,12383118729.5,,3,SUR,-1.28,
TQBR,2020-01-30,ГАЗПРОМ ао,GAZP,59993,9594292609.6,230.71,229.45,232.49,231.53,231.13,231.53,41538100,230.98,230.98,231.53,9594292609.6,9594292609.6,9594292609.6,,3,SUR,-0.2,
TQBR,2020-01-31,ГАЗПРОМ ао,GAZP,97555,16088362052.0,232.53,226.57,233.79,226.7,229.74,226.7,70290180,228.88,228.88,226.7,16088362052.0,16088362052.0,16088362052.0,,3,SUR,-2.09,
TQBR,2020-02-03,ГАЗПРОМ ао,GAZP,86621,12316500895.1,223.8,223.8,229.98,227.64,227.09,227.64,54239810,227.07,227.07,227.64,12316500895.1,12316500895.1,12316500895.1,,3,SUR,0.41,
TQBR,2020-02-04,ГАЗПРОМ ао,GAZP,60482,10412150726.6,228.49,226.65,231.08,230.5,229.43,230.5,45438970,229.15,229.15,230.5,10412150726.6,10412150726.6,10412150726.6,,3,SUR,1.26,
TQBR,2020-02-05,ГАЗПРОМ ао,GAZP,78433,14469266290.8,230.89,228.8,235.73,232.56,233.68,232.56,61997310,233.39,233.39,232.56,14469266290.8,14469266290.8,14469266290.8,,3,SUR,0.89,
TQBR,2020-02-06,ГАЗПРОМ ао,GAZP,59149,9916344766.0,234.0,230.15,236.0,231.38,233.06,231.38,42622260,232.66,232.66,231.38,9916344766.0,9916344766.0,9916344766.0,,3,SUR,-0.51,
TQBR,2020-02-07,ГАЗПРОМ ао,GAZP,72091,11454553014.7,232.38,227.14,233.39,229.11,229.75,229.11,49942780,229.35,229.35,229.11,11454553014.7,11454553014.7,11454553014.7,,3,SUR,-0.98,
TQBR,2020-02-10,ГАЗПРОМ ао,GAZP,76645,11508996452.5,228.5,224.41,229.75,225.2,226.25,225.2,50876040,226.22,226.22,225.2,11508996452.5,11508996452.5,11508996452.5,,3,SUR,-1.71,
TQBR,2020-02-11,ГАЗПРОМ ао,GAZP,123941,22132634607.7,226.55,226.01,236.18,233.9,231.45,233.9,95633710,231.43,231.43,233.9,22132634607.7,22132634607.7,22132634607.7,,3,SUR,3.86,
TQBR,2020-02-12,ГАЗПРОМ ао,GAZP,96422,19803240839.2,235.3,234.56,239.8,238.03,238.1,238.03,83198650,238.02,238.02,238.03,19803240839.2,19803240839.2,19803240839.2,,3,SUR,1.77,
TQBR,2020-02-13,ГАЗПРОМ ао,GAZP,60274,9881884217.5,236.9,233.55,237.98,233.55,235.54,233.55,42016750,235.19,235.19,233.55,9881884217.5,9881884217.5,9881884217.5,,3,SUR,-1.88,
TQBR,2020-02-14,ГАЗПРОМ ао,GAZP,48157,7995544698.9,233.79,230.91,235.4,232.5,233.31,232.5,34354000,232.74,232.74,232.5,7995544698.9,7995544698.9,7995544698.9,,3,SUR,-0.45,
TQBR,2020-02-17,ГАЗПРОМ ао,GAZP,32134,4794405071.0,233.5,231.91,234.56,233.75,233.24,233.75,20559370,233.2,233.2,233.75,4794405071.0,4794405071.0,4794405071.0,,3,SUR,0.54,
TQBR,2020-02-18,ГАЗПРОМ ао,GAZP,45420,7133456513.8,233.0,229.8,233.28,230.5,231.3,230.5,30861790,231.14,231.14,230.5,7133456513.8,7133456513.8,7133456513.8,,3,SUR,-1.39,
TQBR,2020-02-19,ГАЗПРОМ ао,GAZP,37408,5667073798.9,231.81,230.71,233.5,231.9,232.05,231.9,24431430,231.96,231.96,231.9,5667073798.9,5667073798.9,5667073798.9,,3,SUR,0.61,
TQBR,2020-02-20,ГАЗПРОМ ао,GAZP,49174,7881238785.8,232.51,232.0,235.75,234.6,234.65,234.6,33584770,234.67,234.67,234.6,7881238785.8,7881238785.8,7881238785.8,,3,SUR,1.16,
TQBR,2020-02-21,ГАЗПРОМ ао,GAZP,41836,6899681327.6,233.05,231.61,233.77,232.0,232.7,232.0,29658690,232.64,232.64,232.0,6899681327.6,6899681327.6,6899681327.6,,3,SUR,-1.11,
TQBR,2020-02-25,ГАЗПРОМ ао,GAZP,92608,11986771495.8,228.0,224.68,230.06,224.68,227.41,224.68,52755480,227.21,227.21,224.68,11986771495.8,11986771495.8,11986771495.8,,3,SUR,-3.16,
TQBR,2020-02-26,ГАЗПРОМ ао,GAZP,80814,14255530718.5,223.32,220.81,225.47,224.76,223.65,224.76,63752240,223.61,223.61,224.76,14255530718.5,14255530718.5,14255530718.5,,3,SUR,0.04,
TQBR,2020-02-27,ГАЗПРОМ ао,GAZP,102860,18216745588.3,220.99,216.8,223.4,217.5,219.74,217.5,83027740,219.41,219.41,217.5,18216745588.3,18216745588.3,18216745588.3,,3,SUR,-3.23,
TQBR,2020-02-28,ГАЗПРОМ ао,GAZP,178393,34849268352.9,210.0,200.57,211.97,202.65,205.8,202.65,169597740,205.48,205.48,202.65,34849268352.9,34849268352.9,34849268352.9,,3,SUR,-6.83,
TQBR,2020-03-02,ГАЗПРОМ ао,GAZP,171808,30751712675.4,208.0,195.51,211.99,198.78,203.6,198.78,151645690,202.79,202.79,198.78,30751712675.4,30751712675.4,30751712675.4,,3,SUR,-1.91,
TQBR,2020-03-03,ГАЗПРОМ ао,GAZP,124849,21083858918.8,204.96,198.0,205.27,201.48,202.08,201.48,104454600,201.85,201.85,201.48,21083858918.8,21083858918.8,21083858918.8,,3,SUR,1.36,
TQBR,2020-03-04,ГАЗПРОМ ао,GAZP,96103,15857092815.0,199.95,198.28,204.42,200.0,201.39,200.0,78739260,201.39,201.39,200.0,15857092815.0,15857092815.0,15857092815.0,,3,SUR,-0.73,
TQBR,2020-03-05,ГАЗПРОМ ао,GAZP,85261,13181069557.7,203.0,197.5,203.43,198.0,199.78,198.0,65974580,199.79,199.79,198.0,13181069557.7,13181069557.7,13181069557.7,,3,SUR,-1.0,
TQBR,2020-03-06,ГАЗПРОМ ао,GAZP,155243,24903089605.2,193.5,185.13,194.23,188.27,189.09,188.27,131693770,189.1,189.1,188.27,24903089605.2,24903089605.2,24903089605.2,,3,SUR,-4.91,
TQBR,2020-03-10,ГАЗПРОМ ао,GAZP,242646,35961668528.0,169.45,161.01,185.84,171.0,175.24,171.0,205229880,175.23,175.23,171.0,35961668528.0,35961668528.0,35961668528.0,,3,SUR,-9.17,
TQBR,2020-03-11,ГАЗПРОМ ао,GAZP,130364,18688665399.1,174.0,167.39,175.87,172.03,172.05,172.03,108626860,172.04,172.04,172.03,18688665399.1,18688665399.1,18688665399.1,,3,SUR,0.6,
TQBR,2020-03-12,ГАЗПРОМ ао,GAZP,162036,24979202698.4,163.0,161.2,167.8,163.73,165.01,163.73,151374170,165.02,165.02,163.73,24979202698.4,24979202698.4,24979202698.4,,3,SUR,-4.82,
TQBR,2020-03-13,ГАЗПРОМ ао,GAZP,157202,24432111225.0,164.0,164.0,175.69,166.1,170.45,166.1,143374770,170.41,170.41,166.1,24432111225.0,24432111225.0,24432111225.0,,3,SUR,1.45,
TQBR,2020-03-16,ГАЗПРОМ ао,GAZP,128429,19008215801.3,163.0,158.17,169.99,168.07,163.83,168.07,116002590,163.86,163.86,168.07,19008215801.3,19008215801.3,19008215801.3,,3,SUR,1.19,
TQBR,2020-03-17,ГАЗПРОМ ао,GAZP,129037,18232730063.6,169.0,164.56,175.5,167.0,168.64,167.0,108151410,168.59,168.59,167.0,18232730063.6,18232730063.6,18232730063.6,,3,SUR,-0.64,
TQBR,2020-03-18,ГАЗПРОМ ао,GAZP,121470,17612941621.6,164.9,162.0,170.45,166.34,165.84,166.34,106165420,165.9,165.9,166.34,17612941621.6,17612941621.6,17612941621.6,,3,SUR,-0.4,
TQBR,2020-03-19,ГАЗПРОМ ао,GAZP,149033,21031298330.5,168.58,164.05,175.2,174.56,172.15,174.56,122161140,172.16,172.16,174.56,21031298330.5,21031298330.5,21031298330.5,,3,SUR,4.94,
TQBR,2020-03-20,ГАЗПРОМ ао,GAZP,136550,25224130592.7,180.0,176.1,184.69,176.26,180.39,176.26,139849740,180.37,180.37,176.26,25224130592.7,25224130592.7,25224130592.7,,3,SUR,0.97,
TQBR,2020-03-23,ГАЗПРОМ ао,GAZP,129715,18569772288.5,171.0,168.04,172.28,168.35,170.05,168.35,109203830,170.05,170.05,168.35,18569772288.5,18569772288.5,18569772288.5,,3,SUR,-4.49,
TQBR,2020-03-24,ГАЗПРОМ ао,GAZP,107700,15762174603.0,174.39,172.61,179.99,177.95,176.16,177.95,89479940,176.15,176.15,177.95,15762174603.0,15762174603.0,15762174603.0,,3,SUR,5.7,
TQBR,2020-03-25,ГАЗПРОМ ао,GAZP,142820,20719690274.9,183.0,175.26,186.9,180.2,180.55,180.2,114693850,180.65,180.65,180.2,20719690274.9,20719690274.9,20719690274.9,,3,SUR,1.26,
TQBR,2020-03-26,ГАЗПРОМ ао,GAZP,71568,9746976607.5,179.45,177.28,184.9,181.5,180.43,181.5,54021680,180.43,180.43,181.5,9746976607.5,9746976607.5,9746976607.5,,3,SUR,0.72,
TQBR,2020-03-27,ГАЗПРОМ ао,GAZP,85674,9801164178.1,181.24,172.0,181.37,174.5,176.21,174.5,55620780,176.21,176.21,174.5,9801164178.1,9801164178.1,9801164178.1,,3,SUR,-3.86,
TQBR,2020-03-30,ГАЗПРОМ ао,GAZP,79871,8376815425.5,171.99,170.5,177.63,176.44,174.6,176.44,47976360,174.6,174.6,176.44,8376815425.5,8376815425.5,8376815425.5,,3,SUR,1.11,
TQBR,2020-03-31,ГАЗПРОМ ао,GAZP,87900,12652995037.0,178.5,178.01,184.64,181.41,181.25,181.41,69815770,181.23,181.23,181.41,12652995037.0,12652995037.0,12652995037.0,,3,SUR,2.82,
TQBR,2020-04-01,ГАЗПРОМ ао,GAZP,53547,7269914702.3,178.03,177.5,181.38,180.06,179.79,180.06,40436820,179.78,179.78,180.06,7269914702.3,7269914702.3,7269914702.3,,3,SUR,-0.74,
TQBR,2020-04-02,ГАЗПРОМ ао,GAZP,109634,16172991453.0,183.8,180.25,190.0,187.04,184.1,187.04,87825820,184.15,184.15,187.04,16172991453.0,16172991453.0,16172991453.0,,3,SUR,3.88,
TQBR,2020-04-03,ГАЗПРОМ ао,GAZP,115294,17602339396.5,187.01,185.72,193.85,189.77,190.59,189.77,92363620,190.58,190.58,189.77,17602339396.5,17602339396.5,17602339396.5,,3,SUR,1.46,
TQBR,2020-04-06,ГАЗПРОМ ао,GAZP,71943,12004039488.6,192.24,189.44,193.44,191.1,190.74,191.1,62933570,190.74,190.74,191.1,12004039488.6,12004039488.6,12004039488.6,,3,SUR,0.7,
TQBR,2020-04-07,ГАЗПРОМ ао,GAZP,81555,12911323416.5,192.9,189.8,195.13,191.22,193.38,191.22,67000260,192.71,192.71,191.22,12911323416.5,12911323416.5,12911323416.5,,3,SUR,0.06,
TQBR,2020-04-08,ГАЗПРОМ ао,GAZP,60697,9411722611.8,189.7,188.1,194.11,194.11,191.04,194.11,49266950,191.04,191.04,194.11,9411722611.8,9411722611.8,9411722611.8,,3,SUR,1.51,
TQBR,2020-04-09,ГАЗПРОМ ао,GAZP,100889,16286012510.2,195.69,189.88,196.26,193.86,193.09,193.86,84342040,193.09,193.09,193.86,16286012510.2,16286012510.2,16286012510.2,,3,SUR,-0.13,
TQBR,2020-04-10,ГАЗПРОМ ао,GAZP,32084,3261865861.6,191.89,190.51,192.44,192.0,191.36,192.0,17045220,191.37,191.37,192.0,3261865861.6,3261865861.6,3261865861.6,,3,SUR,-0.96,
TQBR,2020-04-13,ГАЗПРОМ ао,GAZP,57592,5382634525.2,192.26,186.07,192.36,188.07,188.56,188.07,28546290,188.56,188.56,188.07,5382634525.2,5382634525.2,5382634525.2,,3,SUR,-2.05,
TQBR,2020-04-14,ГАЗПРОМ ао,GAZP,70264,9614743926.0,189.73,188.3,191.76,190.11,189.93,190.11,50623330,189.93,189.93,190.11,9614743926.0,9614743926.0,9614743926.0,,3,SUR,1.08,
TQBR,2020-04-15,ГАЗПРОМ ао,GAZP,87168,9962241488.7,189.15,182.56,189.48,184.25,185.47,184.25,53713660,185.47,185.47,184.25,9962241488.7,9962241488.7,9962241488.7,,3,SUR,-3.08,
TQBR,2020-04-16,ГАЗПРОМ ао,GAZP,95702,10509106947.8,185.15,182.75,189.16,184.3,186.37,184.3,56389560,186.37,186.37,184.3,10509106947.8,10509106947.8,10509106947.8,,3,SUR,0.03,
TQBR,2020-04-17,ГАЗПРОМ ао,GAZP,54408,7190727979.5,187.06,183.54,187.87,184.68,185.4,184.68,38784010,185.4,185.4,184.68,7190727979.5,7190727979.5,7190727979.5,,3,SUR,0.21,
TQBR,2020-04-20,ГАЗПРОМ ао,GAZP,53742,6331389367.4,184.12,183.0,186.25,185.51,184.63,185.51,34294290,184.62,184.62,185.51,6331389367.4,6331389367.4,6331389367.4,,3,SUR,0.45,
TQBR,2020-04-21,ГАЗПРОМ ао,GAZP,98402,12160626352.3,183.15,179.05,184.5,181.92,181.64,181.92,66952420,181.63,181.63,181.92,12160626352.3,12160626352.3,12160626352.3,,3,SUR,-1.94,
TQBR,2020-04-22,ГАЗПРОМ ао,GAZP,73261,8974811947.2,181.08,180.33,188.55,188.36,185.93,188.36,48272330,185.92,185.92,188.36,8974811947.2,8974811947.2,8974811947.2,,3,SUR,3.54,
TQBR,2020-04-23,ГАЗПРОМ ао,GAZP,61133,7575942234.1,189.98,187.5,191.59,188.73,189.53,188.73,39982360,189.48,189.48,188.73,7575942234.1,7575942234.1,7575942234.1,,3,SUR,0.2,
TQBR,2020-04-24,ГАЗПРОМ ао,GAZP,79109,6847356577.8,187.95,185.1,187.95,185.71,186.4,185.71,36735480,186.4,186.4,185.71,6847356577.8,6847356577.8,6847356577.8,,3,SUR,-1.6,
TQBR,2020-04-27,ГАЗПРОМ ао,GAZP,53400,4416868398.0,186.53,185.69,188.47,186.29,186.98,186.29,23621520,186.98,186.98,186.29,4416868398.0,4416868398.0,4416868398.0,,3,SUR,0.31,
TQBR,2020-04-28,ГАЗПРОМ ао,GAZP,60221,8336600629.2,185.93,185.76,190.65,188.5,188.68,188.5,44188440,188.66,188.66,188.5,8336600629.2,8336600629.2,8336600629.2,,3,SUR,1.19,
TQBR,2020-04-29,ГАЗПРОМ ао,GAZP,74274,10850224037.5,189.9,188.53,195.23,193.87,192.86,193.87,56262660,192.85,192.85,193.87,10850224037.5,10850224037.5,10850224037.5,,3,SUR,2.85,
TQBR,2020-04-30,ГАЗПРОМ ао,GAZP,88541,13882760120.4,195.44,189.62,196.2,190.0,192.5,190.0,72119050,192.5,192.5,190.0,13882760120.4,13882760120.4,13882760120.4,,3,SUR,-2.0,
TQBR,2020-05-04,ГАЗПРОМ ао,GAZP,78185,7999612800.7,188.0,184.52,188.17,185.7,186.15,185.7,42975340,186.14,186.14,185.7,7999612800.7,7999612800.7,7999612800.7,,3,SUR,-2.26,
TQBR,2020-05-05,ГАЗПРОМ ао,GAZP,67311,7496582200.0,188.39,187.3,190.39,190.0,189.04,190.0,39660510,189.02,189.02,190.0,7496582200.0,7496582200.0,7496582200.0,,3,SUR,2.32,
TQBR,2020-05-06,ГАЗПРОМ ао,GAZP,72285,8771078588.4,190.53,187.05,191.05,187.05,189.05,187.05,46399120,189.04,189.04,187.05,8771078588.4,8771078588.4,8771078588.4,,3,SUR,-1.55,
TQBR,2020-05-07,ГАЗПРОМ ао,GAZP,102946,12623559446.2,187.5,185.5,190.3,185.85,187.64,185.85,67276440,187.64,187.64,185.85,12623559446.2,12623559446.2,12623559446.2,,3,SUR,-0.64,
TQBR,2020-05-08,ГАЗПРОМ ао,GAZP,96167,11258687018.4,186.33,183.1,186.64,185.34,184.56,185.34,61002120,184.56,184.56,185.34,11258687018.4,11258687018.4,11258687018.4,,3,SUR,-0.27,
TQBR,2020-05-12,ГАЗПРОМ ао,GAZP,81963,9246811220.7,184.89,183.2,187.2,186.17,185.0,186.17,49979790,185.01,185.01,186.17,9246811220.7,9246811220.7,9246811220.7,,3,SUR,0.45,
TQBR,2020-05-13,ГАЗПРОМ ао,GAZP,49249,6146518859.0,185.55,183.8,185.55,184.2,184.69,184.2,33279780,184.69,184.69,184.2,6146518859.0,6146518859.0,6146518859.0,,3,SUR,-1.06,
TQBR,2020-05-14,ГАЗПРОМ ао,GAZP,89746,9040122803.4,183.23,181.68,184.85,183.91,182.98,183.91,49406140,182.98,182.98,183.91,9040122803.4,9040122803.4,9040122803.4,,3,SUR,-0.16,
TQBR,2020-05-15,ГАЗПРОМ ао,GAZP,66453,8888177506.5,185.61,183.85,186.98,183.85,185.47,183.85,47922970,185.47,185.47,183.85,8888177506.5,8888177506.5,8888177506.5,,3,SUR,-0.03,
TQBR,2020-05-18,ГАЗПРОМ ао,GAZP,89615,11370872165.2,185.5,185.14,192.5,192.5,188.97,192.5,60172310,188.97,188.97,192.5,11370872165.2,11370872165.2,11370872165.2,,3,SUR,4.7,
TQBR,2020-05-19,ГАЗПРОМ ао,GAZP,77122,11654978572.7,193.0,191.1,194.39,194.2,192.94,194.2,60404850,192.95,192.95,194.2,11654978572.7,11654978572.7,11654978572.7,,3,SUR,0.88,
TQBR,2020-05-20,ГАЗПРОМ ао,GAZP,105228,14446196947.1,193.57,192.79,197.27,196.74,195.61,196.74,73863280,195.58,195.58,196.74,14446196947.1,14446196947.1,14446196947.1,,3,SUR,1.31,
TQBR,2020-05-21,ГАЗПРОМ ао,GAZP,111469,17571663353.4,196.05,191.4,199.26,194.74,194.88,194.74,90166480,194.88,194.88,194.74,17571663353.4,17571663353.4,17571663353.4,,3,SUR,-1.02,
TQBR,2020-05-22,ГАЗПРОМ ао,GAZP,56927,8229909319.8,194.0,192.21,195.76,194.35,194.04,194.35,42413090,194.04,194.04,194.35,8229909319.8,8229909319.8,8229909319.8,,3,SUR,-0.2,
TQBR,2020-05-25,ГАЗПРОМ ао,GAZP,33167,3942688307.4,195.1,195.1,197.55,197.55,196.5,197.55,20064420,196.5,196.5,197.55,3942688307.4,3942688307.4,3942688307.4,,3,SUR,1.65,
TQBR,2020-05-26,ГАЗПРОМ ао,GAZP,87522,13209078345.1,198.95,196.3,202.3,196.86,199.75,196.86,66178490,199.6,199.6,196.86,13209078345.1,13209078345.1,13209078345.1,,3,SUR,-0.35,
TQBR,2020-05-27,ГАЗПРОМ ао,GAZP,79780,10802544099.0,196.05,193.15,197.75,194.73,195.26,194.73,55321300,195.27,195.27,194.73,10802544099.0,10802544099.0,10802544099.0,,3,SUR,-1.08,
TQBR,2020-05-28,ГАЗПРОМ ао,GAZP,50560,7840284300.6,194.36,194.17,196.98,196.86,196.08,196.86,39984510,196.08,196.08,196.86,7840284300.6,7840284300.6,7840284300.6,,3,SUR,1.09,
TQBR,2020-05-29,ГАЗПРОМ ао,GAZP,94953,34223930075.9,196.25,193.2,199.95,199.95,198.19,199.95,172681620,198.19,198.19,199.95,34223930075.9,34223930075.9,34223930075.9,,3,SUR,1.57,
TQBR,2020-06-01,ГАЗПРОМ ао,GAZP,68436,10806571896.9,200.25,197.15,202.47,198.72,199.13,198.72,54257280,199.17,199.17,198.72,10806571896.9,10806571896.9,10806571896.9,,3,SUR,-0.62,
TQBR,2020-06-02,ГАЗПРОМ ао,GAZP,56229,9091304117.8,199.44,198.72,202.19,201.97,200.47,201.97,45344620,200.49,200.49,201.97,9091304117.8,9091304117.8,9091304117.8,,3,SUR,1.64,
TQBR,2020-06-03,ГАЗПРОМ ао,GAZP,84081,13372073422.5,203.07,202.01,208.15,208.0,204.86,208.0,65274590,204.86,204.86,208.0,13372073422.5,13372073422.5,13372073422.5,,3,SUR,2.99,
TQBR,2020-06-04,ГАЗПРОМ ао,GAZP,86895,14709947674.7,207.99,200.6,207.99,201.46,203.59,201.46,72250330,203.6,203.6,201.46,14709947674.7,14709947674.7,14709947674.7,,3,SUR,-3.14,
TQBR,2020-06-05,ГАЗПРОМ ао,GAZP,55502,9103399502.8,202.69,201.51,204.84,203.05,203.04,203.05,44836180,203.04,203.04,203.05,9103399502.8,9103399502.8,9103399502.8,,3,SUR,0.79,
TQBR,2020-06-08,ГАЗПРОМ ао,GAZP,59850,8235131420.8,204.98,202.97,206.5,204.91,205.08,204.91,40152350,205.1,205.1,204.91,8235131420.8,8235131420.8,8235131420.8,,3,SUR,0.92,
TQBR,2020-06-09,ГАЗПРОМ ао,GAZP,51714,7194653687.1,205.44,201.57,206.1,204.84,203.37,204.84,35378400,203.36,203.36,204.84,7194653687.1,7194653687.1,7194653687.1,,3,SUR,-0.03,
TQBR,2020-06-10,ГАЗПРОМ ао,GAZP,59751,8410065484.2,204.84,200.53,205.27,201.75,202.51,201.75,41521810,202.55,202.55,201.75,8410065484.2,8410065484.2,8410065484.2,,3,SUR,-1.51,
TQBR,2020-06-11,ГАЗПРОМ ао,GAZP,84580,9665766601.9,200.2,195.15,200.2,196.74,197.33,196.74,48984730,197.32,197.32,196.74,9665766601.9,9665766601.9,9665766601.9,,3,SUR,-2.48,
TQBR,2020-06-15,ГАЗПРОМ ао,GAZP,84970,10539686671.0,193.86,191.0,196.15,194.2,193.74,194.2,54400610,193.74,193.74,194.2,10539686671.0,10539686671.0,10539686671.0,,3,SUR,-1.29,
TQBR,2020-06-16,ГАЗПРОМ ао,GAZP,62605,8581931677.8,196.0,195.2,199.59,196.59,197.54,196.59,43444120,197.54,197.54,196.59,8581931677.8,8581931677.8,8581931677.8,,3,SUR,1.23,
TQBR,2020-06-17,ГАЗПРОМ ао,GAZP,52328,6796396554.5,197.98,195.21,199.08,195.86,196.99,195.86,34495740,197.02,197.02,195.86,6796396554.5,6796396554.5,6796396554.5,,3,SUR,-0.37,
TQBR,2020-06-18,ГАЗПРОМ ао,GAZP,88591,8861605422.6,195.45,191.85,195.57,193.0,193.43,193.0,45813580,193.43,193.43,193.0,8861605422.6,8861605422.6,8861605422.6,,3,SUR,-1.46,
TQBR,2020-06-19,ГАЗПРОМ ао,GAZP,43923,8837110354.1,194.17,193.82,196.07,195.81,195.42,195.81,45220860,195.42,195.42,195.81,8837110354.1,8837110354.1,8837110354.1,,3,SUR,1.46,
TQBR,2020-06-22,ГАЗПРОМ ао,GAZP,61898,7131004508.7,195.35,192.62,195.35,193.9,193.78,194.3,36799990,193.77,193.77,193.9,6909243265.5,6909243265.5,6909243265.5,0.0,3,SUR,-0.77,
TQBR,2020-06-23,ГАЗПРОМ ао,GAZP,50917,6608677964.2,194.8,194.0,196.32,195.3,195.33,194.83,33831430,195.37,195.37,195.3,6322523243.0,6322523243.0,6322523243.0,0.0,3,SUR,0.27,
TQBR,2020-06-25,ГАЗПРОМ ао,GAZP,95569,9387116218.5,191.72,190.55,192.48,190.59,191.43,192.25,49036370,191.42,191.42,190.59,8933959034.3,8933959034.3,8933959034.3,0.0,3,SUR,-1.32,
TQBR,2020-06-26,ГАЗПРОМ ао,GAZP,99452,11677865371.2,192.83,190.51,195.69,193.11,193.2,193.0,60445170,193.21,193.21,193.11,11294640808.3,11294640808.3,11294640808.3,0.0,3,SUR,0.39,
TQBR,2020-06-29,ГАЗПРОМ ао,GAZP,76123,8941665153.5,192.64,192.58,198.1,197.64,195.07,197.94,45837860,194.89,194.89,197.64,8374355808.4,8374355808.4,8374355808.4,0.0,3,SUR,2.56,
TQBR,2020-06-30,ГАЗПРОМ ао,GAZP,77347,10224327693.1,197.9,193.24,198.48,193.24,195.43,194.31,52319960,195.5,195.5,193.24,9687262721.8,9687262721.8,9687262721.8,0.0,3,SUR,-1.83,
TQBR,2020-07-02,ГАЗПРОМ ао,GAZP,49972,6672321516.0,195.39,194.4,195.84,195.65,195.21,195.28,34180240,195.2,195.2,195.65,6342021299.2,6342021299.2,6342021299.2,0.0,3,SUR,0.5,
TQBR,2020-07-03,ГАЗПРОМ ао,GAZP,47205,5183675088.7,195.64,194.77,197.48,197.2,196.07,197.2,26437660,195.97,195.97,197.2,4721314229.9,4721314229.9,4721314229.9,0.0,3,SUR,0.98,
TQBR,2020-07-06,ГАЗПРОМ ао,GAZP,74525,9311637471.3,199.21,198.53,201.75,199.95,200.12,199.99,46530930,200.14,200.14,199.95,8890239430.1,8890239430.1,8890239430.1,0.0,3,SUR,1.41,
TQBR,2020-07-07,ГАЗПРОМ ао,GAZP,69031,6996043936.1,199.7,197.75,199.94,198.35,198.8,197.96,35189640,198.85,198.85,198.35,6584627909.3,6584627909.3,6584627909.3,0.0,3,SUR,-1.02,
TQBR,2020-07-08,ГАЗПРОМ ао,GAZP,55208,6133621612.5,197.98,197.55,201.19,200.79,199.5,201.17,30744910,199.36,199.36,200.79,5518513464.2,5518513464.2,5518513464.2,0.0,3,SUR,1.62,
TQBR,2020-07-09,ГАЗПРОМ ао,GAZP,71294,8117351479.6,201.48,198.4,202.0,199.42,200.3,199.44,40528750,200.33,200.33,199.42,7761881399.3,7761881399.3,7761881399.3,0.0,3,SUR,-0.86,
TQBR,2020-07-10,ГАЗПРОМ ао,GAZP,59419,7775989351.0,198.22,197.22,201.7,201.7,199.03,200.94,39060000,198.91,198.91,201.7,7024653854.5,7024653854.5,7024653854.5,0.0,3,SUR,0.75,
TQBR,2020-07-13,ГАЗПРОМ ао,GAZP,87759,12514324495.1,201.6,195.5,202.33,196.5,198.51,195.7,63039880,198.74,198.74,196.5,11410966541.6,11410966541.6,11410966541.6,0.0,3,SUR,-2.61,
TQBR,2020-07-14,ГАЗПРОМ ао,GAZP,87902,16131845409.0,195.02,192.48,196.65,194.7,193.9,193.6,83198180,193.9,193.9,194.7,14836280675.5,14836280675.5,14836280675.5,0.0,3,SUR,-1.07,
TQBR,2020-07-15,ГАЗПРОМ ао,GAZP,140002,13487017629.6,180.6,179.8,184.27,181.82,182.28,182.26,73993160,182.28,182.28,181.82,13059912112.5,13059912112.5,13059912112.5,0.0,3,SUR,-5.86,
TQBR,2020-07-16,ГАЗПРОМ ао,GAZP,52642,5374081300.4,181.06,181.06,183.8,183.78,182.5,183.32,29446890,182.45,182.45,183.78,5060514754.6,5060514754.6,5060514754.6,0.0,3,SUR,0.58,
TQBR,2020-07-17,ГАЗПРОМ ао,GAZP,43307,4690935250.0,183.8,182.87,184.93,184.93,184.06,184.65,25485050,184.04,184.04,184.93,4479595920.7,4479595920.7,4479595920.7,0.0,3,SUR,0.73,
TQBR,2020-07-20,ГАЗПРОМ ао,GAZP,52189,5600025309.8,184.68,183.88,188.41,188.2,186.51,188.36,30025150,186.43,186.43,188.2,5334939395.6,5334939395.6,5334939395.6,0.0,3,SUR,2.01,
TQBR,2020-07-21,ГАЗПРОМ ао,GAZP,80375,8354253620.1,189.0,186.25,189.77,187.33,188.04,186.78,44428780,188.08,188.08,187.33,8039889017.5,8039889017.5,8039889017.5,0.0,3,SUR,-0.84,
TQBR,2020-07-22,ГАЗПРОМ ао,GAZP,46987,4262080704.9,187.03,186.07,188.59,186.41,187.14,187.15,22774280,187.16,187.16,186.41,4055631456.8,4055631456.8,4055631456.8,0.0,3,SUR,0.2,
TQBR,2020-07-23,ГАЗПРОМ ао,GAZP,52544,5560302006.7,187.5,184.4,188.3,185.61,186.52,184.69,29810820,186.79,186.79,185.61,4680716483.6,4680716483.6,4680716483.6,0.0,3,SUR,-1.31,
TQBR,2020-07-24,ГАЗПРОМ ао,GAZP,43209,5643743023.5,184.86,184.12,186.45,185.4,185.37,185.45,30444550,185.38,185.38,185.4,5445867764.1,5445867764.1,5445867764.1,0.0,3,SUR,0.41,
TQBR,2020-07-27,ГАЗПРОМ ао,GAZP,48834,4215052781.4,185.52,184.2,185.92,184.26,184.95,185.03,22787280,184.98,184.98,184.26,3999410503.3,3999410503.3,3999410503.3,0.0,3,SUR,-0.23,
TQBR,2020-07-28,ГАЗПРОМ ао,GAZP,48031,4911390207.0,185.1,183.6,185.46,184.3,184.33,184.3,26644520,184.34,184.34,184.3,4646780065.4,4646780065.4,4646780065.4,0.0,3,SUR,-0.39,
TQBR,2020-07-29,ГАЗПРОМ ао,GAZP,53235,5146006463.9,184.5,183.42,185.35,184.44,184.4,184.69,27906170,184.39,184.39,184.44,4665489638.0,4665489638.0,4665489638.0,0.0,3,SUR,0.21,
TQBR,2020-07-30,ГАЗПРОМ ао,GAZP,70344,6215339603.6,184.44,180.91,184.73,181.5,182.58,182.52,34046830,182.58,182.58,181.5,5770113498.2,5770113498.2,5770113498.2,0.0,3,SUR,-1.17,
TQBR,2020-07-31,ГАЗПРОМ ао,GAZP,90943,8224422072.8,182.6,181.61,184.84,182.02,182.9,182.59,44968290,182.94,182.94,182.02,7710751674.5,7710751674.5,7710751674.5,0.0,3,SUR,0.04,
TQBR,2020-08-03,ГАЗПРОМ ао,GAZP,58754,5252620483.9,182.5,181.72,184.03,183.25,183.26,183.6,28662180,183.24,183.24,183.25,4919516701.2,4919516701.2,4919516701.2,0.0,3,SUR,0.55,
TQBR,2020-08-04,ГАЗПРОМ ао,GAZP,65805,5941694897.3,184.05,182.17,184.68,183.0,183.11,183.31,32447880,183.11,183.11,183.0,5652589738.6,5652589738.6,5652589738.6,0.0,3,SUR,-0.16,
TQBR,2020-08-05,ГАЗПРОМ ао,GAZP,108254,14112610278.0,183.58,183.35,189.98,189.6,187.07,189.15,75449690,186.97,186.97,189.6,13532762325.9,13532762325.9,13532762325.9,0.0,3,SUR,3.19,
TQBR,2020-08-06,ГАЗПРОМ ао,GAZP,72363,8082445429.3,189.58,187.13,189.92,188.29,188.54,189.07,42874410,188.51,188.51,188.29,7816871169.3,7816871169.3,7816871169.3,0.0,3,SUR,-0.04,
TQBR,2020-08-07,ГАЗПРОМ ао,GAZP,55806,5390851329.4,188.45,185.81,188.57,186.9,186.95,187.23,28835690,186.94,186.94,186.9,5173438826.4,5173438826.4,5173438826.4,0.0,3,SUR,-0.97,
TQBR,2020-08-10,ГАЗПРОМ ао,GAZP,66366,4556085159.1,187.49,186.83,188.85,186.83,187.97,187.7,24237870,188.01,188.01,186.83,4285473952.7,4285473952.7,4285473952.7,0.0,3,SUR,0.25,
TQBR,2020-08-11,ГАЗПРОМ ао,GAZP,84510,9898524761.9,187.88,187.88,192.4,191.65,190.58,189.7,51928900,190.61,190.61,191.65,9324963021.9,9324963021.9,9324963021.9,0.0,3,SUR,1.07,
TQBR,2020-08-12,ГАЗПРОМ ао,GAZP,55440,6818166072.3,190.5,189.32,193.29,193.29,191.39,192.8,35624280,191.28,191.28,193.29,6282764446.8,6282764446.8,6282764446.8,0.0,3,SUR,1.63,
TQBR,2020-08-13,ГАЗПРОМ ао,GAZP,72502,7317911951.8,192.51,191.25,194.44,194.44,193.13,193.76,37890900,193.1,193.1,194.44,6933176883.4,6933176883.4,6933176883.4,0.0,3,SUR,0.5,
TQBR,2020-08-14,ГАЗПРОМ ао,GAZP,52169,5727877657.7,194.27,190.71,194.27,193.0,192.23,192.83,29788920,192.26,192.26,193.0,5501536120.5,5501536120.5,5501536120.5,0.0,3,SUR,-0.48,
TQBR,2020-08-17,ГАЗПРОМ ао,GAZP,82876,10685393990.8,193.83,189.2,194.68,189.81,191.63,190.47,55761900,191.67,191.67,189.81,10314357655.7,10314357655.7,10314357655.7,0.0,3,SUR,-1.22,
TQBR,2020-08-18,ГАЗПРОМ ао,GAZP,51644,5299958703.7,190.07,189.25,191.95,190.41,190.69,190.3,27793010,190.7,190.7,190.41,5148313124.6,5148313124.6,5148313124.6,0.0,3,SUR,-0.09,
TQBR,2020-08-19,ГАЗПРОМ ао,GAZP,50447,5993022632.8,190.48,189.0,191.99,189.3,190.33,189.26,31486780,190.41,190.41,189.3,5406163208.3,5406163208.3,5406163208.3,0.0,3,SUR,-0.55,
TQBR,2020-08-20,ГАЗПРОМ ао,GAZP,89780,7053691562.5,188.78,185.58,188.94,185.58,187.1,186.95,37700610,187.13,187.13,185.58,6722840479.3,6722840479.3,6722840479.3,0.0,3,SUR,-1.22,
TQBR,2020-08-21,ГАЗПРОМ ао,GAZP,75289,6263085253.2,187.25,183.5,187.79,183.75,185.05,184.51,33845750,185.07,185.07,183.75,6039955056.9,6039955056.9,6039955056.9,0.0,3,SUR,-1.31,
TQBR,2020-08-24,ГАЗПРОМ ао,GAZP,57226,4522252071.9,185.4,184.84,187.44,186.99,186.14,187.1,24295200,186.11,186.11,186.99,4325069565.2,4325069565.2,4325069565.2,0.0,3,SUR,1.4,
TQBR,2020-08-25,ГАЗПРОМ ао,GAZP,50589,3636806358.9,187.45,184.73,187.99,186.1,185.89,186.25,19562590,185.9,185.9,186.1,3465607475.5,3465607475.5,3465607475.5,0.0,3,SUR,-0.45,
TQBR,2020-08-26,ГАЗПРОМ ао,GAZP,48426,4751825005.7,186.22,185.0,188.0,187.88,186.64,187.48,25461430,186.56,186.56,187.88,4450284585.8,4450284585.8,4450284585.8,0.0,3,SUR,0.66,
TQBR,2020-08-27,ГАЗПРОМ ао,GAZP,74722,7055441448.6,187.5,182.62,188.01,184.48,184.74,184.58,38191360,184.75,184.75,184.48,6761817037.8,6761817037.8,6761817037.8,0.0,3,SUR,-1.55,
TQBR,2020-08-28,ГАЗПРОМ ао,GAZP,63816,6297790664.5,184.95,182.48,185.22,182.48,183.58,182.9,34312740,183.57,183.57,182.48,6052453868.7,6052453868.7,6052453868.7,0.0,3,SUR,-0.91,
TQBR,2020-08-31,ГАЗПРОМ ао,GAZP,70715,8626213257.7,183.11,180.51,184.28,180.72,181.72,181.01,47470180,181.75,181.75,180.72,8222921939.6,8222921939.6,8222921939.6,0.0,3,SUR,-1.03,
TQBR,2020-09-01,ГАЗПРОМ ао,GAZP,66576,8813436288.2,181.4,181.01,184.87,183.51,183.45,184.22,48042850,183.44,183.44,183.51,8591807951.5,8591807951.5,8591807951.5,0.0,3,SUR,1.77,
TQBR,2020-09-02,ГАЗПРОМ ао,GAZP,75800,9239728293.8,184.8,181.1,186.29,182.01,183.61,181.95,50328430,183.65,183.65,182.01,8855875514.7,8855875514.7,8855875514.7,0.0,3,SUR,-1.23,
TQBR,2020-09-03,ГАЗПРОМ ао,GAZP,96259,11349674495.4,182.48,178.6,182.59,180.01,180.25,179.13,62964070,180.28,180.28,180.01,10997794229.1,10997794229.1,10997794229.1,0.0,3,SUR,-1.55,
TQBR,2020-09-04,ГАЗПРОМ ао,GAZP,74413,7701327149.9,178.98,178.0,180.56,178.36,178.92,179.55,43042720,178.89,178.89,178.36,7092193061.0,7092193061.0,7092193061.0,0.0,3,SUR,0.23,
TQBR,2020-09-07,ГАЗПРОМ ао,GAZP,85345,6915129252.1,178.63,175.94,179.75,176.96,177.35,177.04,38997650,177.33,177.33,176.96,6693990680.9,6693990680.9,6693990680.9,0.0,3,SUR,-1.4,
TQBR,2020-09-08,ГАЗПРОМ ао,GAZP,117337,11114772944.1,176.99,172.4,177.43,172.57,174.08,172.95,63849810,174.11,174.11,172.57,10774765522.1,10774765522.1,10774765522.1,0.0,3,SUR,-2.31,
TQBR,2020-09-09,ГАЗПРОМ ао,GAZP,71636,7295015316.9,172.72,172.33,175.35,172.7,173.75,173.69,41984320,173.77,173.77,172.7,6979875894.6,6979875894.6,6979875894.6,0.0,3,SUR,0.43,
TQBR,2020-09-10,ГАЗПРОМ ао,GAZP,68411,5886902478.5,173.9,171.11,174.64,174.27,173.02,173.8,34024710,172.95,172.95,174.27,5520792245.9,5520792245.9,5520792245.9,0.0,3,SUR,0.06,
TQBR,2020-09-11,ГАЗПРОМ ао,GAZP,75029,6520672306.6,174.43,173.1,178.27,177.94,176.47,178.05,36949100,176.43,176.43,177.94,6317464401.0,6317464401.0,6317464401.0,0.0,3,SUR,2.45,
TQBR,2020-09-14,ГАЗПРОМ ао,GAZP,81418,6753702768.5,178.44,177.52,180.8,177.6,179.04,178.19,37721940,179.08,179.08,177.6,6488291838.4,6488291838.4,6488291838.4,0.0,3,SUR,0.08,
TQBR,2020-09-15,ГАЗПРОМ ао,GAZP,86491,7700473341.6,178.03,178.01,182.95,182.85,181.21,182.22,42494160,181.1,181.1,182.85,7098207325.0,7098207325.0,7098207325.0,0.0,3,SUR,2.26,
TQBR,2020-09-16,ГАЗПРОМ ао,GAZP,76013,6842570437.9,182.67,181.35,184.16,183.8,182.81,183.26,37431070,182.77,182.77,183.8,6337087490.8,6337087490.8,6337087490.8,0.0,3,SUR,0.57,
TQBR,2020-09-17,ГАЗПРОМ ао,GAZP,82391,9103806563.4,181.8,180.34,184.84,184.5,182.6,183.9,49875980,182.48,182.48,184.5,8765714491.7,8765714491.7,8765714491.7,0.0,3,SUR,0.35,
TQBR,2020-09-18,ГАЗПРОМ ао,GAZP,62280,8261937074.7,184.4,181.34,184.7,181.6,182.62,181.52,45239980,182.68,182.68,181.6,7783299103.1,7783299103.1,7783299103.1,0.0,3,SUR,-1.29,
TQBR,2020-09-21,ГАЗПРОМ ао,GAZP,76135,7357824164.3,181.37,175.36,181.37,175.9,177.88,177.17,41362910,177.95,177.95,175.9,6989170243.2,6989170243.2,6989170243.2,0.0,3,SUR,-2.4,
TQBR,2020-09-22,ГАЗПРОМ ао,GAZP,58909,6525427166.9,176.51,176.42,180.9,178.5,179.2,179.0,36413920,179.23,179.23,178.5,6195200273.1,6195200273.1,6195200273.1,0.0,3,SUR,1.03,
TQBR,2020-09-23,ГАЗПРОМ ао,GAZP,53887,5693680605.2,179.82,176.81,180.37,177.55,178.38,177.0,31918090,178.44,178.44,177.55,5301937797.1,5301937797.1,5301937797.1,0.0,3,SUR,-1.12,
TQBR,2020-09-24,ГАЗПРОМ ао,GAZP,102182,8778734729.1,176.0,171.9,178.49,177.96,175.95,174.23,49893020,176.98,176.98,177.96,5400468121.2,5400468121.2,5400468121.2,0.0,3,SUR,-1.56,
TQBR,2020-09-25,ГАЗПРОМ ао,GAZP,164424,16511801129.5,175.1,169.6,175.17,170.07,171.44,173.77,96326410,171.25,171.25,170.07,14541537875.6,14541537875.6,14541537875.6,0.0,3,SUR,-0.26,
TQBR,2020-09-28,ГАЗПРОМ ао,GAZP,82229,8750928216.3,174.2,171.29,175.38,172.09,173.13,172.74,50545940,173.16,173.16,172.09,8424173904.9,8424173904.9,8424173904.9,0.0,3,SUR,-0.59,
TQBR,2020-09-29,ГАЗПРОМ ао,GAZP,71391,8383320257.5,172.75,170.0,173.47,170.63,171.82,171.44,48790750,171.84,171.84,170.63,8052370907.4,8052370907.4,8052370907.4,0.0,3,SUR,-0.75,
TQBR,2020-09-30,ГАЗПРОМ ао,GAZP,68209,8309458043.5,171.04,169.8,171.98,170.95,170.87,169.97,48630880,170.88,170.88,170.95,7659077299.0,7659077299.0,7659077299.0,0.0,3,SUR,-0.86,
TQBR,2020-10-01,ГАЗПРОМ ао,GAZP,123338,10201677653.0,171.16,167.97,171.4,168.4,169.02,168.4,60359030,169.07,169.07,168.4,9378942648.3,9378942648.3,9378942648.3,0.0,3,SUR,-0.92,
TQBR,2020-10-02,ГАЗПРОМ ао,GAZP,77825,6809469086.5,167.38,167.22,169.95,169.6,168.77,169.47,40347360,168.74,168.74,169.6,6519335006.4,6519335006.4,6519335006.4,0.0,3,SUR,0.64,
TQBR,2020-10-05,ГАЗПРОМ ао,GAZP,78410,6351043107.1,170.11,168.58,170.88,169.95,169.63,170.64,37440350,169.57,169.57,169.95,5813731348.4,5813731348.4,5813731348.4,0.0,3,SUR,0.69,
TQBR,2020-10-06,ГАЗПРОМ ао,GAZP,104459,11061743469.0,170.7,170.5,173.41,172.68,172.48,171.35,64134630,172.5,172.5,172.68,10251708049.5,10251708049.5,10251708049.5,0.0,3,SUR,0.42,
TQBR,2020-10-07,ГАЗПРОМ ао,GAZP,118812,11100446118.1,171.75,167.04,172.26,167.78,168.6,168.23,65840210,168.62,168.62,167.78,10683752953.5,10683752953.5,10683752953.5,0.0,3,SUR,-1.82,
TQBR,2020-10-08,ГАЗПРОМ ао,GAZP,66571,6136424298.0,168.19,166.15,168.86,167.0,167.33,167.43,36673250,167.33,167.33,167.0,5714116026.3,5714116026.3,5714116026.3,0.0,3,SUR,-0.48,
TQBR,2020-10-09,ГАЗПРОМ ао,GAZP,63446,6944984231.5,167.8,165.77,168.19,167.07,167.19,166.97,41538260,167.2,167.2,167.07,6635358453.8,6635358453.8,6635358453.8,0.0,3,SUR,-0.27,
TQBR,2020-10-12,ГАЗПРОМ ао,GAZP,59242,6576754568.0,167.5,166.87,169.8,169.0,168.77,169.05,38968420,168.76,168.76,169.0,6342345323.6,6342345323.6,6342345323.6,0.0,3,SUR,1.25,
TQBR,2020-10-13,ГАЗПРОМ ао,GAZP,64588,5812910138.7,169.13,165.82,169.47,166.0,167.54,166.37,34698350,167.59,167.59,166.0,5495008916.6,5495008916.6,5495008916.6,0.0,3,SUR,-1.59,
TQBR,2020-10-14,ГАЗПРОМ ао,GAZP,46251,4453332999.5,166.68,165.71,167.63,167.29,166.88,167.24,26685620,166.87,166.87,167.29,4244316644.0,4244316644.0,4244316644.0,0.0,3,SUR,0.52,
TQBR,2020-10-15,ГАЗПРОМ ао,GAZP,63335,6667446647.1,166.87,166.0,168.85,166.99,167.13,167.16,39904910,167.09,167.09,166.99,6281435147.8,6281435147.8,6281435147.8,0.0,3,SUR,-0.05,
TQBR,2020-10-16,ГАЗПРОМ ао,GAZP,97200,8295920976.1,167.24,163.56,167.25,163.8,164.56,163.98,50415600,164.58,164.58,163.8,7918297742.2,7918297742.2,7918297742.2,0.0,3,SUR,-1.9,
TQBR,2020-10-19,ГАЗПРОМ ао,GAZP,68258,5591759010.0,165.0,163.0,165.6,163.92,164.17,163.6,34057190,164.23,164.23,163.92,5236642373.1,5236642373.1,5236642373.1,0.0,3,SUR,-0.23,
TQBR,2020-10-20,ГАЗПРОМ ао,GAZP,86197,8356261696.5,163.74,162.8,167.12,166.39,165.54,166.53,50479100,165.47,165.47,166.39,7862442229.2,7862442229.2,7862442229.2,0.0,3,SUR,1.79,
TQBR,2020-10-21,ГАЗПРОМ ао,GAZP,76047,6058290170.4,166.8,163.87,167.3,163.96,165.14,164.37,36692530,165.15,165.15,163.96,5795103022.5,5795103022.5,5795103022.5,0.0,3,SUR,-1.3,
TQBR,2020-10-22,ГАЗПРОМ ао,GAZP,61552,6599254290.7,163.87,163.66,166.53,165.07,165.16,165.27,39965630,165.12,165.12,165.07,6270964642.8,6270964642.8,6270964642.8,0.0,3,SUR,0.55,
TQBR,2020-10-23,ГАЗПРОМ ао,GAZP,60878,5434604761.0,165.15,164.39,165.88,164.66,165.05,164.96,32927650,165.06,165.06,164.66,5167369175.5,5167369175.5,5167369175.5,0.0,3,SUR,-0.19,
TQBR,2020-10-26,ГАЗПРОМ ао,GAZP,102715,8719183618.3,164.44,161.1,164.96,162.11,162.97,162.17,53503300,163.12,163.12,162.11,7692942077.5,7692942077.5,7692942077.5,0.0,3,SUR,-1.69,
TQBR,2020-10-27,ГАЗПРОМ ао,GAZP,106626,9337608103.3,162.11,158.21,162.62,159.08,160.19,159.21,58290360,160.33,160.33,159.08,8270805016.5,8270805016.5,8270805016.5,0.0,3,SUR,-1.83,
TQBR,2020-10-28,ГАЗПРОМ ао,GAZP,134859,13525669930.9,158.98,153.7,158.99,153.79,155.65,154.3,86900330,155.72,155.72,153.79,12463227855.8,12463227855.8,12463227855.8,0.0,3,SUR,-3.08,
TQBR,2020-10-29,ГАЗПРОМ ао,GAZP,79344,8216605247.6,155.01,154.2,157.3,155.52,155.67,156.74,52782610,155.59,155.59,155.52,7566190375.5,7566190375.5,7566190375.5,0.0,3,SUR,1.58,
TQBR,2020-10-30,ГАЗПРОМ ао,GAZP,69821,6629759483.3,155.0,154.08,156.2,155.0,155.19,154.28,42721140,155.28,155.28,155.0,5941000623.0,5941000623.0,5941000623.0,0.0,3,SUR,-1.57,
TQBR,2020-11-02,ГАЗПРОМ ао,GAZP,86434,10820337276.1,153.98,151.9,157.98,156.59,155.19,157.74,69727760,154.89,154.89,156.59,9648322126.8,9648322126.8,9648322126.8,0.0,3,SUR,2.24,
TQBR,2020-11-03,ГАЗПРОМ ао,GAZP,92935,11408823908.0,158.21,157.44,161.92,160.59,160.46,161.09,71122150,160.41,160.41,160.59,10675066264.7,10675066264.7,10675066264.7,0.0,3,SUR,2.12,
TQBR,2020-11-05,ГАЗПРОМ ао,GAZP,98747,12001337796.4,163.8,161.99,165.25,164.59,163.77,163.7,73279220,163.77,163.77,164.59,10947918760.9,10947918760.9,10947918760.9,0.0,3,SUR,1.62,
TQBR,2020-11-06,ГАЗПРОМ ао,GAZP,75381,8455051737.0,163.0,161.52,165.84,165.27,163.61,164.92,51681030,163.54,163.54,165.27,7966005490.6,7966005490.6,7966005490.6,0.0,3,SUR,0.75,
TQBR,2020-11-09,ГАЗПРОМ ао,GAZP,149339,17458048644.9,166.72,164.9,171.5,171.5,168.76,170.13,103450630,168.67,168.67,171.5,16413919555.9,16413919555.9,16413919555.9,0.0,3,SUR,3.16,
TQBR,2020-11-10,ГАЗПРОМ ао,GAZP,114567,13121529512.0,169.03,167.63,173.64,172.76,171.12,172.92,76691660,171.01,171.01,172.76,12484422521.4,12484422521.4,12484422521.4,0.0,3,SUR,1.64,
TQBR,2020-11-11,ГАЗПРОМ ао,GAZP,96880,12465285223.1,173.5,170.26,175.15,171.86,173.02,170.53,72044740,173.19,173.19,171.86,11193920405.2,11193920405.2,11193920405.2,0.0,3,SUR,-1.38,
TQBR,2020-11-12,ГАЗПРОМ ао,GAZP,100136,12477764536.1,170.0,169.75,175.3,174.3,173.3,172.91,71999190,173.28,173.28,174.3,11523777232.6,11523777232.6,11523777232.6,0.0,3,SUR,1.4,
TQBR,2020-11-13,ГАЗПРОМ ао,GAZP,148342,18641095961.8,172.9,172.42,181.27,179.5,178.18,180.3,104617540,177.97,177.97,179.5,16807504182.5,16807504182.5,16807504182.5,0.0,3,SUR,4.27,
TQBR,2020-11-16,ГАЗПРОМ ао,GAZP,118528,16417581945.2,181.01,180.3,185.62,185.3,183.14,185.32,89649230,183.03,183.03,185.3,15481332025.8,15481332025.8,15481332025.8,0.0,3,SUR,2.78,
TQBR,2020-11-17,ГАЗПРОМ ао,GAZP,115873,18060101480.7,185.05,178.83,185.31,182.9,181.77,182.9,99345370,181.7,181.7,182.9,16904472697.5,16904472697.5,16904472697.5,0.0,3,SUR,-1.31,
TQBR,2020-11-18,ГАЗПРОМ ао,GAZP,96782,12805245485.0,182.2,180.8,187.69,185.81,185.25,185.0,69125570,185.2,185.2,185.81,11760147729.6,11760147729.6,11760147729.6,0.0,3,SUR,1.15,
TQBR,2020-11-19,ГАЗПРОМ ао,GAZP,75543,9779536769.8,185.2,181.92,185.88,183.83,183.71,184.16,53232210,183.72,183.72,183.83,9122333788.2,9122333788.2,9122333788.2,0.0,3,SUR,-0.45,
TQBR,2020-11-20,ГАЗПРОМ ао,GAZP,51663,5841294004.6,184.1,182.1,184.36,182.74,183.25,183.21,31876920,183.28,183.28,182.74,5374078300.5,5374078300.5,5374078300.5,0.0,3,SUR,-0.52,
TQBR,2020-11-23,ГАЗПРОМ ао,GAZP,65419,7563842852.3,183.62,182.77,185.63,183.27,184.14,184.15,41077210,184.18,184.18,183.27,6931992992.9,6931992992.9,6931992992.9,0.0,3,SUR,0.51,
TQBR,2020-11-24,ГАЗПРОМ ао,GAZP,74807,11282605467.5,185.09,183.97,187.3,186.0,185.74,186.76,60743160,185.68,185.68,186.0,10517243538.7,10517243538.7,10517243538.7,0.0,3,SUR,1.42,
TQBR,2020-11-25,ГАЗПРОМ ао,GAZP,72771,9583787993.9,187.0,185.85,188.76,187.52,187.37,188.03,51148420,187.34,187.34,187.52,8871164122.7,8871164122.7,8871164122.7,0.0,3,SUR,0.68,
TQBR,2020-11-26,ГАЗПРОМ ао,GAZP,59067,8520683623.4,188.24,184.6,189.1,185.71,186.2,185.52,45757740,186.24,186.24,185.71,8206813813.5,8206813813.5,8206813813.5,0.0,3,SUR,-1.33,
TQBR,2020-11-27,ГАЗПРОМ ао,GAZP,62634,9221555973.0,185.04,182.56,186.75,186.03,184.39,185.9,50011450,184.33,184.33,186.03,8822321363.8,8822321363.8,8822321363.8,0.0,3,SUR,0.2,
TQBR,2020-11-30,ГАЗПРОМ ао,GAZP,85139,13386470747.5,185.13,180.04,185.14,182.43,182.64,181.89,73295130,182.75,182.75,182.43,12129137568.9,12129137568.9,12129137568.9,0.0,3,SUR,-2.16,
TQBR,2020-12-01,ГАЗПРОМ ао,GAZP,87907,12450978404.8,182.6,181.78,188.09,184.45,185.04,185.34,67290280,185.04,185.04,184.45,11341701584.0,11341701584.0,11341701584.0,0.0,3,SUR,1.9,
TQBR,2020-12-02,ГАЗПРОМ ао,GAZP,53083,7460760990.5,185.0,183.12,187.24,186.97,185.36,187.22,40251760,185.15,185.15,186.97,6586539195.2,6586539195.2,6586539195.2,0.0,3,SUR,1.01,
TQBR,2020-12-03,ГАЗПРОМ ао,GAZP,50678,6672270778.0,186.99,184.37,187.58,186.04,185.84,185.12,35903910,185.86,185.86,186.04,6145627128.8,6145627128.8,6145627128.8,0.0,3,SUR,-1.12,
TQBR,2020-12-04,ГАЗПРОМ ао,GAZP,77002,9543011155.8,186.21,185.85,189.42,189.0,188.14,188.79,50721800,188.12,188.12,189.0,8924058971.3,8924058971.3,8924058971.3,0.0,3,SUR,1.98,
TQBR,2020-12-07,ГАЗПРОМ ао,GAZP,77873,10224519561.3,188.22,187.8,192.85,191.5,190.95,190.76,53541370,190.94,190.94,191.5,9574389273.7,9574389273.7,9574389273.7,0.0,3,SUR,1.04,
TQBR,2020-12-08,ГАЗПРОМ ао,GAZP,63537,9181287630.8,190.35,187.8,191.45,190.08,189.5,190.0,48446440,189.5,189.5,190.08,8744022136.5,8744022136.5,8744022136.5,0.0,3,SUR,-0.4,
TQBR,2020-12-09,ГАЗПРОМ ао,GAZP,72752,10088403267.9,190.3,189.05,193.09,190.55,191.44,189.35,52697850,191.66,191.66,190.55,8756790705.2,8756790705.2,8756790705.2,0.0,3,SUR,-0.34,
TQBR,2020-12-10,ГАЗПРОМ ао,GAZP,74155,10415903596.6,189.55,188.67,193.51,193.3,191.59,192.95,54365050,191.48,191.48,193.3,9526751652.9,9526751652.9,9526751652.9,0.0,3,SUR,1.9,
TQBR,2020-12-11,ГАЗПРОМ ао,GAZP,146458,20292880848.1,193.01,192.31,201.63,200.01,196.88,201.5,103071320,196.45,196.45,200.01,17764752152.4,17764752152.4,17764752152.4,0.0,3,SUR,4.43,
TQBR,2020-12-14,ГАЗПРОМ ао,GAZP,161375,25131112722.8,203.5,198.78,207.85,199.6,203.76,199.91,123347920,204.03,204.03,199.6,23322363301.2,23322363301.2,23322363301.2,0.0,3,SUR,-0.79,
TQBR,2020-12-15,ГАЗПРОМ ао,GAZP,99875,13120388317.0,199.01,197.05,202.29,199.22,200.11,201.0,65566700,200.09,200.09,199.22,12276608156.1,12276608156.1,12276608156.1,0.0,3,SUR,0.55,
TQBR,2020-12-16,ГАЗПРОМ ао,GAZP,97490,15308070159.0,201.0,199.54,206.2,206.0,203.36,206.2,75249280,203.24,203.24,206.0,14007753403.9,14007753403.9,14007753403.9,0.0,3,SUR,2.59,
TQBR,2020-12-17,ГАЗПРОМ ао,GAZP,204804,33841988512.1,206.69,206.51,215.38,213.81,212.01,214.52,159625790,211.92,211.92,213.81,32240714692.1,32240714692.1,32240714692.1,0.0,3,SUR,4.03,
TQBR,2020-12-18,ГАЗПРОМ ао,GAZP,133906,28249327995.6,214.0,207.22,214.5,214.28,211.13,212.69,133803690,211.01,211.01,214.28,26829971713.2,26829971713.2,26829971713.2,0.0,3,SUR,-0.85,
TQBR,2020-12-21,ГАЗПРОМ ао,GAZP,154759,25285157551.6,209.97,200.8,209.99,202.6,204.45,203.46,123672020,204.5,204.5,202.6,23537602236.5,23537602236.5,23537602236.5,0.0,3,SUR,-4.34,
TQBR,2020-12-22,ГАЗПРОМ ао,GAZP,134054,22730741302.3,200.7,199.19,210.68,209.86,206.58,208.4,109993910,206.51,206.51,209.86,21229882471.7,21229882471.7,21229882471.7,0.0,3,SUR,2.43,
TQBR,2020-12-23,ГАЗПРОМ ао,GAZP,106226,16625112070.0,209.0,206.2,212.78,211.03,210.65,207.63,78924440,211.13,211.13,211.03,13181912682.8,13181912682.8,13181912682.8,0.0,3,SUR,-0.37,
TQBR,2020-12-24,ГАЗПРОМ ао,GAZP,90695,12184830067.6,208.52,203.15,209.96,205.3,205.91,206.24,59174500,205.9,205.9,205.3,11404140418.2,11404140418.2,11404140418.2,0.0,3,SUR,-0.67,
TQBR,2020-12-25,ГАЗПРОМ ао,GAZP,33398,3391439479.9,206.2,204.01,206.73,205.12,205.13,205.03,16533260,205.13,205.13,205.12,3008706587.8,3008706587.8,3008706587.8,0.0,3,SUR,-0.59,
TQBR,2020-12-28,ГАЗПРОМ ао,GAZP,51152,7241582510.2,205.53,205.15,207.86,205.6,206.57,206.11,35056750,206.6,206.6,205.6,6656104904.7,6656104904.7,6656104904.7,0.0,3,SUR,0.53,
TQBR,2020-12-29,ГАЗПРОМ ао,GAZP,61259,8840727823.9,206.98,206.61,210.0,208.83,208.64,208.75,42372300,208.66,208.66,208.83,8206923643.8,8206923643.8,8206923643.8,0.0,3,SUR,1.28,
TQBR,2020-12-30,ГАЗПРОМ ао,GAZP,86260,15863729041.3,209.88,209.5,213.38,212.69,212.26,212.98,74736890,212.24,212.24,212.69,14953818591.3,14953818591.3,14953818591.3,0.0,3,SUR,2.03,
TQBR,2021-01-04,ГАЗПРОМ ао,GAZP,82243,11911400029.6,212.71,211.64,216.63,215.73,214.78,212.71,55458730,215.21,215.21,215.73,9263024605.5,9263024605.5,9263024605.5,0.0,3,SUR,-0.13,
TQBR,2021-01-05,ГАЗПРОМ ао,GAZP,71350,10444594368.1,213.2,210.22,215.38,214.39,213.43,215.32,48937810,213.28,213.28,214.39,9466253616.2,9466253616.2,9466253616.2,0.0,3,SUR,1.23,
TQBR,2021-01-06,ГАЗПРОМ ао,GAZP,59269,10303900926.8,215.5,213.07,216.8,215.35,214.91,214.38,47945190,214.9,214.9,215.35,9116110289.2,9116110289.2,9116110289.2,0.0,3,SUR,-0.44,
TQBR,2021-01-08,ГАЗПРОМ ао,GAZP,137279,22518806797.5,217.12,217.0,226.24,224.05,222.86,225.49,101044690,222.75,222.75,224.05,21247836361.1,21247836361.1,21247836361.1,0.0,3,SUR,5.18,
TQBR,2021-01-11,ГАЗПРОМ ао,GAZP,147615,25599191060.6,225.17,221.81,231.0,227.4,227.13,227.6,112708870,227.11,227.11,227.4,24436552084.8,24436552084.8,24436552084.8,0.0,3,SUR,0.94,
TQBR,2021-01-12,ГАЗПРОМ ао,GAZP,87187,14722862365.4,229.0,225.66,231.44,227.8,228.62,228.69,64400230,228.66,228.66,227.8,13821489857.5,13821489857.5,13821489857.5,0.0,3,SUR,0.48,
TQBR,2021-01-13,ГАЗПРОМ ао,GAZP,84168,13962971680.6,229.29,225.2,230.35,227.78,228.38,226.8,61137970,228.45,228.45,227.78,13170254878.8,13170254878.8,13170254878.8,0.0,3,SUR,-0.83,
TQBR,2021-01-14,ГАЗПРОМ ао,GAZP,83111,13684127731.1,226.15,223.2,229.57,228.08,227.24,228.86,60219960,227.13,227.13,228.08,12906404505.4,12906404505.4,12906404505.4,0.0,3,SUR,0.91,
TQBR,2021-01-15,ГАЗПРОМ ао,GAZP,81026,12503256968.3,227.5,226.0,230.7,226.0,228.12,226.5,54810260,228.22,228.22,226.0,11718593465.2,11718593465.2,11718593465.2,0.0,3,SUR,-1.03,
TQBR,2021-01-18,ГАЗПРОМ ао,GAZP,101127,15588792290.0,225.55,221.34,228.5,228.25,225.34,226.88,69177560,225.24,225.24,228.25,14602906717.5,14602906717.5,14602906717.5,0.0,3,SUR,0.17,
TQBR,2021-01-19,ГАЗПРОМ ао,GAZP,92097,15034911980.8,227.65,223.0,228.85,223.02,225.49,223.15,66678920,225.68,225.68,223.02,13540934295.8,13540934295.8,13540934295.8,0.0,3,SUR,-1.64,
TQBR,2021-01-20,ГАЗПРОМ ао,GAZP,69735,11536100202.9,223.0,221.55,225.78,224.37,224.5,224.3,51387730,224.51,224.51,224.37,11039572524.2,11039572524.2,11039572524.2,0.0,3,SUR,0.52,
TQBR,2021-01-21,ГАЗПРОМ ао,GAZP,118091,16869428819.3,224.38,217.22,224.96,218.3,219.87,217.28,76728280,220.01,220.01,218.3,15784715036.3,15784715036.3,15784715036.3,0.0,3,SUR,-3.13,
TQBR,2021-01-22,ГАЗПРОМ ао,GAZP,119545,20187171705.9,216.5,210.5,216.5,214.84,212.91,215.49,94814510,212.8,212.8,214.84,19214621021.3,19214621021.3,19214621021.3,0.0,3,SUR,-0.82,
TQBR,2021-01-25,ГАЗПРОМ ао,GAZP,94070,16190253968.8,216.9,214.53,219.66,217.12,217.12,218.68,74569300,217.09,217.09,217.12,14933514299.7,14933514299.7,14933514299.7,0.0,3,SUR,1.48,
TQBR,2021-01-26,ГАЗПРОМ ао,GAZP,62938,9881820467.7,216.52,215.71,220.29,218.62,218.55,218.8,45214780,218.55,218.55,218.62,9506278570.9,9506278570.9,9506278570.9,0.0,3,SUR,0.05,
TQBR,2021-01-27,ГАЗПРОМ ао,GAZP,74127,13001699078.5,219.49,216.44,222.0,217.29,219.25,217.4,59298790,219.36,219.36,217.29,12070904598.2,12070904598.2,12070904598.2,0.0,3,SUR,-0.64,
TQBR,2021-01-28,ГАЗПРОМ ао,GAZP,68856,11379411221.2,215.99,214.26,219.49,217.38,216.97,217.7,52428850,217.02,217.02,217.38,10680673569.4,10680673569.4,10680673569.4,0.0,3,SUR,0.14,
TQBR,2021-01-29,ГАЗПРОМ ао,GAZP,74070,14311768881.5,216.7,212.47,216.75,214.42,214.32,212.83,66780470,214.43,214.43,214.42,13152670616.7,13152670616.7,13152670616.7,0.0,3,SUR,-2.24,
TQBR,2021-02-01,ГАЗПРОМ ао,GAZP,47462,8409217608.8,214.7,212.24,214.87,213.03,213.59,214.66,39370050,213.57,213.57,213.03,7806043007.1,7806043007.1,7806043007.1,0.0,3,SUR,0.86,
TQBR,2021-02-02,ГАЗПРОМ ао,GAZP,91898,16903197803.5,215.6,213.25,219.74,216.7,216.49,214.42,78073300,216.68,216.68,216.7,14998589383.4,14998589383.4,14998589383.4,0.0,3,SUR,-0.11,
TQBR,2021-02-03,ГАЗПРОМ ао,GAZP,62634,9955062186.5,215.42,213.79,218.42,217.12,216.28,218.1,46028500,216.18,216.18,217.12,9152968600.2,9152968600.2,9152968600.2,0.0,3,SUR,1.72,
TQBR,2021-02-04,ГАЗПРОМ ао,GAZP,65599,10518253696.4,218.7,216.88,221.4,218.08,219.43,219.79,47943720,219.41,219.41,218.08,9950086075.8,9950086075.8,9950086075.8,0.0,3,SUR,0.77,
TQBR,2021-02-05,ГАЗПРОМ ао,GAZP,65024,9325129085.6,220.68,219.0,222.21,221.86,220.87,222.01,42219420,220.81,220.81,221.86,8712580624.0,8712580624.0,8712580624.0,0.0,3,SUR,1.01,
TQBR,2021-02-08,ГАЗПРОМ ао,GAZP,91549,15194064808.3,223.04,223.0,228.0,226.75,226.08,228.0,67207330,226.01,226.01,226.75,14171458935.1,14171458935.1,14171458935.1,0.0,3,SUR,2.7,
TQBR,2021-02-09,ГАЗПРОМ ао,GAZP,81387,13838689060.2,229.0,225.8,229.49,227.1,228.2,227.73,60643590,228.29,228.29,227.1,12900923268.1,12900923268.1,12900923268.1,0.0,3,SUR,-0.12,
TQBR,2021-02-10,ГАЗПРОМ ао,GAZP,63734,9420371594.3,227.98,221.8,228.29,222.87,224.83,223.24,41902370,224.95,224.95,222.87,8624636076.5,8624636076.5,8624636076.5,0.0,3,SUR,-1.97,
TQBR,2021-02-11,ГАЗПРОМ ао,GAZP,51950,7669793668.8,223.49,220.73,223.67,222.45,221.98,221.35,34551030,222.01,222.01,222.45,7152304293.7,7152304293.7,7152304293.7,0.0,3,SUR,-0.85,
TQBR,2021-02-12,ГАЗПРОМ ао,GAZP,95615,15356026627.6,220.6,216.77,227.47,226.0,221.72,226.71,69245440,221.14,221.14,226.0,13572938002.5,13572938002.5,13572938002.5,0.0,3,SUR,2.42,
TQBR,2021-02-15,ГАЗПРОМ ао,GAZP,84145,13694282339.9,228.49,226.7,230.0,228.3,228.44,229.22,59946680,228.41,228.41,228.3,12799753872.7,12799753872.7,12799753872.7,0.0,3,SUR,1.11,
TQBR,2021-02-16,ГАЗПРОМ ао,GAZP,100839,19878960751.2,230.0,227.57,233.22,232.4,231.05,232.46,86023550,231.01,231.01,232.4,18689733891.2,18689733891.2,18689733891.2,0.0,3,SUR,1.41,
TQBR,2021-02-17,ГАЗПРОМ ао,GAZP,87368,14812190698.8,232.32,225.33,233.35,226.77,229.46,229.14,64553410,229.63,229.63,226.77,13493896896.7,13493896896.7,13493896896.7,0.0,3,SUR,-1.43,
TQBR,2021-02-18,ГАЗПРОМ ао,GAZP,66652,9898673768.2,229.0,224.01,229.0,224.74,226.06,224.47,43788250,226.14,226.14,224.74,8993073884.9,8993073884.9,8993073884.9,0.0,3,SUR,-2.04,
TQBR,2021-02-19,ГАЗПРОМ ао,GAZP,64124,10060508664.9,224.01,221.1,226.26,226.17,224.07,226.0,44899380,223.94,223.94,226.17,9388118183.5,9388118183.5,9388118183.5,0.0,3,SUR,0.68,
TQBR,2021-02-20,ГАЗПРОМ ао,GAZP,15800,1368811442.2,226.4,225.0,227.1,226.4,225.86,225.84,6060530,225.84,225.84,226.4,1174253948.3,1174253948.3,1174253948.3,0.0,3,SUR,-0.07,
TQBR,2021-02-22,ГАЗПРОМ ао,GAZP,47489,7090125558.7,226.46,223.04,227.3,224.69,225.37,225.63,31459520,225.35,225.35,224.69,6632709731.2,6632709731.2,6632709731.2,0.0,3,SUR,-0.09,
TQBR,2021-02-24,ГАЗПРОМ ао,GAZP,71529,9110228054.2,224.42,220.85,225.64,221.07,222.85,222.55,40872710,222.98,222.98,221.07,8371040335.9,8371040335.9,8371040335.9,0.0,3,SUR,-1.37,
TQBR,2021-02-25,ГАЗПРОМ ао,GAZP,67392,9571923459.2,223.47,221.22,225.5,223.57,223.9,221.7,42751740,224.06,224.06,223.57,8415369755.8,8415369755.8,8415369755.8,0.0,3,SUR,-0.38,
TQBR,2021-02-26,ГАЗПРОМ ао,GAZP,83872,13991075267.4,220.56,217.2,221.68,218.9,219.16,217.56,63838480,219.26,219.26,218.9,12821151686.1,12821151686.1,12821151686.1,0.0,3,SUR,-1.87,
TQBR,2021-03-01,ГАЗПРОМ ао,GAZP,65192,6250089666.1,219.33,218.25,222.01,221.24,219.97,221.47,28412480,219.85,219.85,221.24,5646013583.8,5646013583.8,5646013583.8,0.0,3,SUR,1.8,
TQBR,2021-03-02,ГАЗПРОМ ао,GAZP,50994,7594222919.5,220.0,219.76,224.11,223.23,222.02,222.74,34204970,221.98,221.98,223.23,7017498057.9,7017498057.9,7017498057.9,0.0,3,SUR,0.57,
TQBR,2021-03-03,ГАЗПРОМ ао,GAZP,49050,7460865321.2,224.2,221.7,226.79,222.95,224.26,222.15,33273090,224.34,224.34,222.95,6891018601.7,6891018601.7,6891018601.7,0.0,3,SUR,-0.26,
TQBR,2021-03-04,ГАЗПРОМ ао,GAZP,75203,10352073382.6,221.9,219.5,226.69,223.44,222.86,221.14,46450100,222.36,222.36,223.44,7360260671.9,7360260671.9,7360260671.9,0.0,3,SUR,-0.45,
TQBR,2021-03-05,ГАЗПРОМ ао,GAZP,79327,12530327830.6,222.01,220.02,228.42,225.34,224.54,227.0,55804810,224.39,224.39,225.34,11564663545.5,11564663545.5,11564663545.5,0.0,3,SUR,2.65,
TQBR,2021-03-09,ГАЗПРОМ ао,GAZP,107450,17088627913.7,227.5,226.05,233.07,232.32,231.53,232.1,73810410,231.5,231.5,232.32,16411626693.0,16411626693.0,16411626693.0,0.0,3,SUR,2.25,
TQBR,2021-03-10,ГАЗПРОМ ао,GAZP,83988,12917123669.9,231.87,230.66,235.5,232.0,233.21,231.69,55391920,233.3,233.3,232.0,12230966761.4,12230966761.4,12230966761.4,0.0,3,SUR,-0.18,
TQBR,2021-03-11,ГАЗПРОМ ао,GAZP,55331,7445779418.3,232.89,230.07,233.53,231.49,231.52,232.47,32160630,231.47,231.47,231.49,6920333671.2,6920333671.2,6920333671.2,0.0,3,SUR,0.34,
TQBR,2021-03-12,ГАЗПРОМ ао,GAZP,47152,6706230685.8,232.0,230.6,234.39,233.49,232.54,233.8,28836880,232.4,232.4,233.49,5987308401.2,5987308401.2,5987308401.2,0.0,3,SUR,0.57,
TQBR,2021-03-15,ГАЗПРОМ ао,GAZP,73273,10924852433.0,234.98,234.46,238.09,236.39,236.45,237.79,46193890,236.48,236.48,236.39,10444980726.5,10444980726.5,10444980726.5,0.0,3,SUR,1.71,
TQBR,2021-03-16,ГАЗПРОМ ао,GAZP,68747,8967587815.6,237.3,233.8,238.23,235.25,235.47,234.02,38088000,235.52,235.52,235.25,8226315178.9,8226315178.9,8226315178.9,0.0,3,SUR,-1.59,
TQBR,2021-03-17,ГАЗПРОМ ао,GAZP,96645,14281888288.0,233.85,227.21,234.56,227.7,229.96,229.9,62112040,229.98,229.98,227.7,12965756576.1,12965756576.1,12965756576.1,0.0,3,SUR,-1.76,
TQBR,2021-03-18,ГАЗПРОМ ао,GAZP,94096,15373019719.2,230.0,223.7,231.79,227.55,227.37,224.35,67606510,227.65,227.65,227.55,13595183727.5,13595183727.5,13595183727.5,0.0,3,SUR,-2.41,
TQBR,2021-03-19,ГАЗПРОМ ао,GAZP,64083,13224524807.0,222.75,222.37,226.64,225.08,224.89,225.4,58806150,224.9,224.9,225.08,12299284589.7,12299284589.7,12299284589.7,0.0,3,SUR,0.47,
TQBR,2021-03-22,ГАЗПРОМ ао,GAZP,80555,13014881208.7,225.14,220.79,225.34,221.0,222.49,221.88,58497810,222.52,222.52,221.0,12202612844.0,12202612844.0,12202612844.0,0.0,3,SUR,-1.56,
TQBR,2021-03-23,ГАЗПРОМ ао,GAZP,73589,9582036188.4,221.2,219.81,224.44,223.58,222.16,221.62,43130740,222.17,222.17,223.58,8754334679.0,8754334679.0,8754334679.0,0.0,3,SUR,-0.12,
TQBR,2021-03-24,ГАЗПРОМ ао,GAZP,52300,8201315223.4,222.35,220.53,225.45,224.51,223.36,223.65,36717810,223.25,223.25,224.51,7410486697.3,7410486697.3,7410486697.3,0.0,3,SUR,0.92,
TQBR,2021-03-25,ГАЗПРОМ ао,GAZP,44837,6671576884.0,224.2,222.7,225.38,223.25,224.11,224.84,29768500,224.09,224.09,223.25,6192854472.7,6192854472.7,6192854472.7,0.0,3,SUR,0.53,
TQBR,2021-03-26,ГАЗПРОМ ао,GAZP,43992,6054273049.5,225.7,225.13,227.6,225.97,226.23,227.3,26765780,226.12,226.12,225.97,5406631420.4,5406631420.4,5406631420.4,0.0,3,SUR,1.09,
TQBR,2021-03-29,ГАЗПРОМ ао,GAZP,41840,5422454042.0,226.79,226.31,229.15,228.75,228.12,228.74,23773400,228.04,228.04,228.75,5008383889.1,5008383889.1,5008383889.1,0.0,3,SUR,0.63,
TQBR,2021-03-30,ГАЗПРОМ ао,GAZP,47940,6089718927.3,228.95,225.04,230.1,226.74,227.05,225.93,26821160,227.09,227.09,226.74,5783756283.2,5783756283.2,5783756283.2,0.0,3,SUR,-1.23,
TQBR,2021-03-31,ГАЗПРОМ ао,GAZP,58808,8786397844.4,226.4,223.32,228.4,228.25,226.16,227.24,38853480,226.03,226.03,228.25,8251414455.1,8251414455.1,8251414455.1,0.0,3,SUR,0.58,
TQBR,2021-04-01,ГАЗПРОМ ао,GAZP,75839,10033053210.3,228.4,225.75,231.67,225.75,228.88,226.94,43834500,229.04,229.04,225.75,9361740951.7,9361740951.7,9361740951.7,0.0,3,SUR,-0.13,
TQBR,2021-04-02,ГАЗПРОМ ао,GAZP,27900,2881501589.7,227.0,226.54,229.2,228.25,227.98,228.4,12639110,227.94,227.94,228.25,2664226311.1,2664226311.1,2664226311.1,0.0,3,SUR,0.64,
TQBR,2021-04-05,ГАЗПРОМ ао,GAZP,56401,5400678427.1,227.92,224.13,227.92,224.52,225.43,225.06,23956590,225.49,225.49,224.52,4854756413.8,4854756413.8,4854756413.8,0.0,3,SUR,-1.46,
TQBR,2021-04-06,ГАЗПРОМ ао,GAZP,68775,8122640355.5,226.0,221.91,226.55,223.7,223.78,222.95,36300060,223.78,223.78,223.7,7661186727.9,7661186727.9,7661186727.9,0.0,3,SUR,-0.94,
TQBR,2021-04-07,ГАЗПРОМ ао,GAZP,55554,6611798528.3,222.31,220.68,226.01,224.27,224.06,224.51,29509280,224.05,224.05,224.27,6393566484.1,6393566484.1,6393566484.1,0.0,3,SUR,0.7,
TQBR,2021-04-08,ГАЗПРОМ ао,GAZP,36373,4359230191.3,224.84,222.88,226.3,223.95,224.43,224.3,19421940,224.47,224.47,223.95,4079778619.7,4079778619.7,4079778619.7,0.0,3,SUR,-0.09,
TQBR,2021-04-09,ГАЗПРОМ ао,GAZP,43206,4653263454.9,224.2,221.48,224.3,221.7,222.48,222.15,20915750,222.49,222.49,221.7,4421670930.5,4421670930.5,4421670930.5,0.0,3,SUR,-0.96,
TQBR,2021-04-12,ГАЗПРОМ ао,GAZP,59328,6514702436.9,220.98,219.6,224.25,222.45,222.19,222.87,29320420,222.18,222.18,222.45,6314888186.3,6314888186.3,6314888186.3,0.0,3,SUR,0.32,
TQBR,2021-04-13,ГАЗПРОМ ао,GAZP,64609,8764987836.6,223.0,221.1,228.33,224.76,224.18,227.99,39097660,223.01,223.01,224.76,6134308728.7,6134308728.7,6134308728.7,0.0,3,SUR,2.3,
TQBR,2021-04-14,ГАЗПРОМ ао,GAZP,126083,21531143218.3,230.58,229.31,236.58,235.99,232.94,235.32,92446640,232.8,232.8,235.99,20504993876.7,20504993876.7,20504993876.7,0.0,3,SUR,3.22,
TQBR,2021-04-15,ГАЗПРОМ ао,GAZP,88923,14722557308.7,230.1,228.23,236.39,235.49,233.31,234.63,63090250,233.28,233.28,235.49,14059048782.1,14059048782.1,14059048782.1,0.0,3,SUR,-0.29,
TQBR,2021-04-16,ГАЗПРОМ ао,GAZP,61362,10875810215.9,235.49,232.7,237.45,235.02,235.03,235.1,46274480,235.03,235.03,235.02,10473938351.5,10473938351.5,10473938351.5,0.0,3,SUR,0.2,
TQBR,2021-04-19,ГАЗПРОМ ао,GAZP,61446,9209994027.1,234.5,230.28,234.9,230.62,231.75,231.17,39740240,231.8,231.8,230.62,8714288166.3,8714288166.3,8714288166.3,0.0,3,SUR,-1.67,
TQBR,2021-04-20,ГАЗПРОМ ао,GAZP,58356,10145022122.0,231.56,229.0,233.17,230.34,230.91,230.0,43935840,231.0,231.0,230.34,9442110821.1,9442110821.1,9442110821.1,0.0,3,SUR,-0.51,
TQBR,2021-04-21,ГАЗПРОМ ао,GAZP,48188,8165987943.5,230.0,228.37,231.8,230.0,230.03,230.84,35499700,230.01,230.01,230.0,7729612625.5,7729612625.5,7729612625.5,0.0,3,SUR,0.37,
TQBR,2021-04-22,ГАЗПРОМ ао,GAZP,82441,13869750856.9,230.68,227.14,232.15,231.62,229.78,230.93,60354570,229.76,229.76,231.62,13345446036.2,13345446036.2,13345446036.2,0.0,3,SUR,0.04,
TQBR,2021-04-23,ГАЗПРОМ ао,GAZP,49547,8217448557.4,231.29,230.0,233.3,232.57,231.79,232.62,35452910,231.75,231.75,232.57,7861779728.2,7861779728.2,7861779728.2,0.0,3,SUR,0.73,
TQBR,2021-04-26,ГАЗПРОМ ао,GAZP,45972,6706518791.3,233.0,232.16,234.91,233.04,233.5,233.23,28722530,233.5,233.5,233.04,6307019967.1,6307019967.1,6307019967.1,0.0,3,SUR,0.26,
TQBR,2021-04-27,ГАЗПРОМ ао,GAZP,46085,6835848235.3,233.41,231.21,235.14,231.75,233.39,232.0,29292630,233.45,233.45,231.75,6372979639.3,6372979639.3,6372979639.3,0.0,3,SUR,-0.53,
TQBR,2021-04-28,ГАЗПРОМ ао,GAZP,59124,8706275273.1,232.55,230.2,233.24,232.17,232.03,232.96,37522280,232.0,232.0,232.17,8314976190.3,8314976190.3,8314976190.3,0.0,3,SUR,0.41,
TQBR,2021-04-29,ГАЗПРОМ ао,GAZP,79249,12945889416.0,234.07,229.0,236.18,229.62,232.67,230.51,55649060,232.82,232.82,229.62,12091272413.6,12091272413.6,12091272413.6,0.0,3,SUR,-1.05,
TQBR,2021-04-30,ГАЗПРОМ ао,GAZP,51441,7380675522.6,230.11,228.86,231.6,230.1,229.83,231.38,32114120,229.74,229.74,230.1,6612149198.7,6612149198.7,6612149198.7,0.0,3,SUR,0.38,
TQBR,2021-05-04,ГАЗПРОМ ао,GAZP,53370,8853538108.9,232.2,230.96,234.3,233.05,233.17,233.8,37971060,233.15,233.15,233.05,8370970337.9,8370970337.9,8370970337.9,0.0,3,SUR,1.05,
TQBR,2021-05-05,ГАЗПРОМ ао,GAZP,59820,9022771124.4,234.21,233.69,237.77,237.0,236.51,237.5,38151660,236.43,236.43,237.0,8164887381.5,8164887381.5,8164887381.5,0.0,3,SUR,1.58,
TQBR,2021-05-06,ГАЗПРОМ ао,GAZP,73955,12108362994.7,237.9,237.75,243.32,240.65,240.28,243.0,50392530,240.03,240.03,240.65,10602576532.4,10602576532.4,10602576532.4,0.0,3,SUR,2.32,
TQBR,2021-05-07,ГАЗПРОМ ао,GAZP,52599,8997698951.3,243.49,240.78,243.99,241.51,241.88,241.7,37202190,241.89,241.89,241.51,8437938043.0,8437938043.0,8437938043.0,0.0,3,SUR,-0.53,
TQBR,2021-05-10,ГАЗПРОМ ао,GAZP,46501,7862188449.7,242.35,240.52,244.3,242.51,242.51,241.41,32419730,242.55,242.55,242.51,7405851272.2,7405851272.2,7405851272.2,0.0,3,SUR,-0.12,
TQBR,2021-05-11,ГАЗПРОМ ао,GAZP,55914,8661769126.3,240.24,239.05,243.17,242.03,241.6,242.5,35851190,241.56,241.56,242.03,8085118084.5,8085118084.5,8085118084.5,0.0,3,SUR,0.45,
TQBR,2021-05-12,ГАЗПРОМ ао,GAZP,49987,8103285345.9,242.01,241.56,244.42,244.1,243.33,241.79,33301670,243.41,243.41,244.1,7177562005.3,7177562005.3,7177562005.3,0.0,3,SUR,-0.29,
TQBR,2021-05-13,ГАЗПРОМ ао,GAZP,76228,15743815095.2,242.3,242.05,247.29,246.05,245.14,247.16,64223010,245.08,245.08,246.05,14887239598.1,14887239598.1,14887239598.1,0.0,3,SUR,2.22,
TQBR,2021-05-14,ГАЗПРОМ ао,GAZP,68567,12550512909.3,248.0,247.53,250.4,248.79,249.18,249.55,50360050,249.24,249.24,248.79,11793169091.7,11793169091.7,11793169091.7,0.0,3,SUR,0.97,
TQBR,2021-05-17,ГАЗПРОМ ао,GAZP,72702,10354987363.1,250.0,249.45,255.25,252.0,251.76,255.15,41131010,251.41,251.41,252.0,8997068745.0,8997068745.0,8997068745.0,0.0,3,SUR,2.24,
TQBR,2021-05-18,ГАЗПРОМ ао,GAZP,119649,22425796293.8,256.1,254.54,268.38,257.23,259.44,266.22,86426350,257.45,257.45,257.23,13137360075.2,13137360075.2,13137360075.2,0.0,3,SUR,4.34,
TQBR,2021-05-19,ГАЗПРОМ ао,GAZP,125251,24361191401.1,263.9,256.0,264.5,258.5,260.32,260.9,93580930,260.09,260.09,258.5,21143328024.8,21143328024.8,21143328024.8,0.0,3,SUR,-2.0,
TQBR,2021-05-20,ГАЗПРОМ ао,GAZP,73446,12050254950.2,260.8,256.9,262.78,258.85,258.8,259.16,46561170,258.8,258.8,258.85,11186658542.8,11186658542.8,11186658542.8,0.0,3,SUR,-0.67,
TQBR,2021-05-21,ГАЗПРОМ ао,GAZP,49581,7530049101.5,260.04,257.12,260.7,258.4,258.58,258.0,29121200,258.61,258.61,258.4,6891259957.1,6891259957.1,6891259957.1,0.0,3,SUR,-0.45,
TQBR,2021-05-24,ГАЗПРОМ ао,GAZP,50899,6381365479.9,258.58,257.12,261.47,258.8,258.57,261.24,24679160,258.33,258.33,258.8,5505710562.8,5505710562.8,5505710562.8,0.0,3,SUR,1.26,
TQBR,2021-05-25,ГАЗПРОМ ао,GAZP,55678,7973520382.4,262.31,258.31,262.72,260.0,259.62,259.79,30710070,259.61,259.61,260.0,7571489045.5,7571489045.5,7571489045.5,0.0,3,SUR,-0.56,
TQBR,2021-05-26,ГАЗПРОМ ао,GAZP,53428,9063201892.0,260.52,260.01,263.33,261.85,261.34,263.09,34679380,261.18,261.18,261.85,8098292160.4,8098292160.4,8098292160.4,0.0,3,SUR,1.27,
TQBR,2021-05-27,ГАЗПРОМ ао,GAZP,48071,15107689461.4,261.98,261.22,263.75,261.98,262.18,262.96,57622500,262.12,262.12,261.98,14005876039.0,14005876039.0,14005876039.0,0.0,3,SUR,-0.05,
TQBR,2021-05-28,ГАЗПРОМ ао,GAZP,56141,9294866175.0,263.79,261.35,265.93,262.06,263.3,262.0,35300830,263.39,263.39,262.06,8563649941.6,8563649941.6,8563649941.6,0.0,3,SUR,-0.37,
TQBR,2021-05-31,ГАЗПРОМ ао,GAZP,49281,5600270494.0,261.0,259.3,261.6,260.45,260.46,261.03,21501820,260.42,260.42,260.45,5230866405.3,5230866405.3,5230866405.3,0.0,3,SUR,-0.37,
TQBR,2021-06-01,ГАЗПРОМ ао,GAZP,55389,8630253544.0,261.97,261.58,264.76,264.31,263.41,263.86,32763300,263.38,263.38,264.31,8146571732.0,8146571732.0,8146571732.0,0.0,3,SUR,1.08,
TQBR,2021-06-02,ГАЗПРОМ ао,GAZP,78191,14317368422.3,264.05,263.55,271.36,270.79,268.33,271.15,53358040,268.1,268.1,270.79,13031224919.9,13031224919.9,13031224919.9,0.0,3,SUR,2.76,
TQBR,2021-06-03,ГАЗПРОМ ао,GAZP,83007,14348343992.0,272.31,268.2,274.3,271.6,271.18,272.1,52911460,271.15,271.15,271.6,13503986212.5,13503986212.5,13503986212.5,0.0,3,SUR,0.35,
TQBR,2021-06-04,ГАЗПРОМ ао,GAZP,86350,14869585733.4,271.99,269.58,276.22,273.51,273.25,274.3,54413780,273.22,273.22,273.51,14046556375.2,14046556375.2,14046556375.2,0.0,3,SUR,0.81,
TQBR,2021-06-07,ГАЗПРОМ ао,GAZP,58796,9446439924.9,274.01,273.85,276.7,275.42,275.54,275.67,34319270,275.25,275.25,275.42,9053095928.9,9053095928.9,9053095928.9,0.0,3,SUR,0.5,
TQBR,2021-06-08,ГАЗПРОМ ао,GAZP,76108,14620804831.0,275.35,272.91,277.58,274.18,275.22,275.36,53123740,275.22,275.22,274.18,13731990020.3,13731990020.3,13731990020.3,0.0,3,SUR,-0.11,
TQBR,2021-06-09,ГАЗПРОМ ао,GAZP,47210,7778504311.4,275.98,273.76,276.39,276.19,275.19,275.65,28265930,275.14,275.14,276.19,7194235231.6,7194235231.6,7194235231.6,0.0,3,SUR,0.11,
TQBR,2021-06-10,ГАЗПРОМ ао,GAZP,52325,10287352750.4,275.49,274.32,277.77,275.83,276.06,276.1,37264440,276.05,276.05,275.83,9422008137.2,9422008137.2,9422008137.2,0.0,3,SUR,0.16,
TQBR,2021-06-11,ГАЗПРОМ ао,GAZP,46327,7373855807.1,276.58,274.85,278.0,276.5,276.99,277.05,26621830,277.01,277.01,276.5,6607108586.2,6607108586.2,6607108586.2,0.0,3,SUR,0.34,
TQBR,2021-06-14,ГАЗПРОМ ао,GAZP,47602,7870540544.2,277.56,277.22,280.45,279.33,279.16,279.5,28193270,279.15,279.15,279.33,7221776447.6,7221776447.6,7221776447.6,0.0,3,SUR,0.88,
TQBR,2021-06-15,ГАЗПРОМ ао,GAZP,94169,14396878098.1,279.92,272.63,280.14,272.8,275.64,272.72,52232300,275.83,275.83,272.8,13178609338.3,13178609338.3,13178609338.3,0.0,3,SUR,-2.43,
TQBR,2021-06-16,ГАЗПРОМ ао,GAZP,121943,18338863284.1,272.9,270.12,275.23,272.37,272.62,271.8,67263730,272.67,272.67,272.37,16108246204.6,16108246204.6,16108246204.6,0.0,3,SUR,-0.34,
TQBR,2021-06-17,ГАЗПРОМ ао,GAZP,67571,11906607675.4,270.9,269.1,273.89,273.5,272.62,272.5,43674630,272.67,272.67,273.5,10863638935.5,10863638935.5,10863638935.5,0.0,3,SUR,0.26,
TQBR,2021-06-18,ГАЗПРОМ ао,GAZP,59596,14284950078.3,271.54,268.65,273.18,271.35,270.91,270.06,52728780,270.91,270.91,271.35,13537618132.7,13537618132.7,13537618132.7,0.0,3,SUR,-0.9,
TQBR,2021-06-21,ГАЗПРОМ ао,GAZP,44652,7423851443.4,269.78,268.09,272.86,270.75,270.41,272.62,27454560,270.26,270.26,270.75,6828694952.0,6828694952.0,6828694952.0,0.0,3,SUR,0.95,
TQBR,2021-06-22,ГАЗПРОМ ао,GAZP,59775,10177483566.9,273.5,272.89,277.0,275.75,275.17,277.0,36984070,275.07,275.07,275.75,9322494078.1,9322494078.1,9322494078.1,0.0,3,SUR,1.61,
TQBR,2021-06-23,ГАЗПРОМ ао,GAZP,51188,9355733974.0,277.89,276.67,279.56,277.31,278.29,277.35,33618550,278.32,278.32,277.31,8944700049.6,8944700049.6,8944700049.6,0.0,3,SUR,0.13,
TQBR,2021-06-24,ГАЗПРОМ ао,GAZP,49458,11819523344.9,278.2,275.5,279.47,276.8,277.56,277.47,42585400,277.55,277.55,276.8,11318758539.7,11318758539.7,11318758539.7,0.0,3,SUR,0.04,
TQBR,2021-06-25,ГАЗПРОМ ао,GAZP,45307,8227512624.8,277.8,276.12,277.92,277.6,276.79,277.19,29722970,276.79,276.79,277.6,7904091485.8,7904091485.8,7904091485.8,0.0,3,SUR,-0.1,
TQBR,2021-06-28,ГАЗПРОМ ао,GAZP,42269,7817732587.3,277.22,276.43,279.61,277.5,278.22,276.99,28099160,278.32,278.32,277.5,7121645237.5,7121645237.5,7121645237.5,0.0,3,SUR,-0.07,
TQBR,2021-06-29,ГАЗПРОМ ао,GAZP,54836,10368443928.2,276.12,273.17,277.5,276.0,275.55,276.8,37633800,275.48,275.48,276.0,9990364633.3,9990364633.3,9990364633.3,0.0,3,SUR,-0.07,
TQBR,2021-06-30,ГАЗПРОМ ао,GAZP,82036,16903113200.3,277.27,276.5,281.82,281.34,279.88,281.8,60396020,279.82,279.82,281.34,16329752175.2,16329752175.2,16329752175.2,0.0,3,SUR,1.81,
TQBR,2021-07-01,ГАЗПРОМ ао,GAZP,73687,14264143423.3,281.85,281.85,286.25,283.6,284.66,285.74,50115210,284.61,284.61,283.6,13627142234.1,13627142234.1,13627142234.1,0.0,3,SUR,1.4,
TQBR,2021-07-02,ГАЗПРОМ ао,GAZP,47357,8355984122.5,285.59,282.8,286.19,285.45,284.84,285.65,29339980,284.76,284.76,285.45,8060441964.2,8060441964.2,8060441964.2,0.0,3,SUR,-0.03,
TQBR,2021-07-05,ГАЗПРОМ ао,GAZP,68079,9888258431.9,286.0,285.78,291.49,288.88,288.79,291.1,34243600,288.47,288.47,288.88,8414372277.8,8414372277.8,8414372277.8,0.0,3,SUR,1.91,
TQBR,2021-07-06,ГАЗПРОМ ао,GAZP,106121,23681081584.4,292.08,291.34,295.97,295.6,294.61,293.45,80381100,294.67,294.67,295.6,22161703173.2,22161703173.2,22161703173.2,0.0,3,SUR,0.81,
TQBR,2021-07-07,ГАЗПРОМ ао,GAZP,78947,19808532501.8,293.89,293.47,297.48,296.6,295.3,297.39,67079280,295.22,295.22,296.6,18782140478.7,18782140478.7,18782140478.7,0.0,3,SUR,1.34,
TQBR,2021-07-08,ГАЗПРОМ ао,GAZP,73607,15441981426.9,296.45,290.33,297.0,291.74,292.82,292.86,52744990,292.79,292.79,291.74,14677194565.2,14677194565.2,14677194565.2,0.0,3,SUR,-1.52,
TQBR,2021-07-09,ГАЗПРОМ ао,GAZP,57882,12066124560.2,293.5,292.0,295.58,294.35,294.41,295.22,40986480,294.36,294.36,294.35,11401170340.3,11401170340.3,11401170340.3,0.0,3,SUR,0.81,
TQBR,2021-07-12,ГАЗПРОМ ао,GAZP,73369,12875086899.8,295.51,294.9,298.48,296.5,296.91,297.39,43364640,296.89,296.89,296.5,12116450007.4,12116450007.4,12116450007.4,0.0,3,SUR,0.74,
TQBR,2021-07-13,ГАЗПРОМ ао,GAZP,77304,14536172348.7,297.75,293.0,297.77,294.7,294.83,293.83,49315260,294.83,294.83,294.7,13067282895.6,13067282895.6,13067282895.6,0.0,3,SUR,-1.2,
TQBR,2021-07-14,ГАЗПРОМ ао,GAZP,96869,15112237368.4,282.89,282.88,286.93,284.58,285.43,284.6,52948770,285.43,285.43,284.58,14569163546.6,14569163546.6,14569163546.6,0.0,3,SUR,-3.14,
TQBR,2021-07-15,ГАЗПРОМ ао,GAZP,79814,11747803651.0,284.58,278.96,285.11,280.1,281.52,280.01,41728020,281.57,281.57,280.1,11262334885.5,11262334885.5,11262334885.5,0.0,3,SUR,-1.61,
TQBR,2021-07-16,ГАЗПРОМ ао,GAZP,62701,7836849869.3,279.22,278.0,282.0,279.0,280.01,279.65,27987640,280.07,280.07,279.0,7276926427.5,7276926427.5,7276926427.5,0.0,3,SUR,-0.13,
TQBR,2021-07-19,ГАЗПРОМ ао,GAZP,74761,11827024375.3,277.11,273.15,279.51,274.97,276.13,275.51,42832990,276.28,276.28,274.97,10789142044.9,10789142044.9,10789142044.9,0.0,3,SUR,-1.48,
TQBR,2021-07-20,ГАЗПРОМ ао,GAZP,58099,8569773931.7,276.78,273.1,278.68,275.0,275.99,277.3,31048390,275.92,275.92,275.0,7784594082.0,7784594082.0,7784594082.0,0.0,3,SUR,0.65,
TQBR,2021-07-21,ГАЗПРОМ ао,GAZP,74140,11495216297.6,277.5,276.0,285.01,277.88,279.64,282.9,41101790,278.54,278.54,277.88,8265153065.7,8265153065.7,8265153065.7,0.0,3,SUR,2.02,
TQBR,2021-07-22,ГАЗПРОМ ао,GAZP,70684,11410956389.5,283.5,281.21,285.09,283.2,283.25,283.28,40285560,283.25,283.25,283.2,10800711230.7,10800711230.7,10800711230.7,0.0,3,SUR,0.13,
TQBR,2021-07-23,ГАЗПРОМ ао,GAZP,76360,10778452046.6,283.2,279.05,285.0,279.5,281.62,279.51,38272140,281.71,281.71,279.5,10327968301.9,10327968301.9,10327968301.9,0.0,3,SUR,-1.33,
TQBR,2021-07-26,ГАЗПРОМ ао,GAZP,55218,7662802114.2,277.37,276.7,281.37,279.61,279.26,281.05,27439580,279.15,279.15,279.61,7009580047.9,7009580047.9,7009580047.9,0.0,3,SUR,0.55,
TQBR,2021-07-27,ГАЗПРОМ ао,GAZP,55290,7924242479.5,280.18,276.84,280.83,278.1,278.32,278.08,28471230,278.34,278.34,278.1,7441751549.3,7441751549.3,7441751549.3,0.0,3,SUR,-1.06,
TQBR,2021-07-28,ГАЗПРОМ ао,GAZP,70599,9232009207.0,277.88,277.7,282.98,282.6,280.91,282.2,32860920,280.81,280.81,282.6,8384680996.7,8384680996.7,8384680996.7,0.0,3,SUR,1.48,
TQBR,2021-07-29,ГАЗПРОМ ао,GAZP,68679,11838174239.4,283.97,283.58,287.75,286.81,286.28,287.0,41353890,286.2,286.2,286.81,11110698661.8,11110698661.8,11110698661.8,0.0,3,SUR,1.7,
TQBR,2021-07-30,ГАЗПРОМ ао,GAZP,71675,13323106532.8,285.02,283.28,287.58,284.76,284.84,287.35,46773520,284.66,284.66,284.76,11615053959.5,11615053959.5,11615053959.5,0.0,3,SUR,0.12,
TQBR,2021-08-02,ГАЗПРОМ ао,GAZP,77609,11047442163.8,287.88,285.21,289.48,286.09,287.75,286.75,38392570,287.85,287.85,286.09,10364870916.8,10364870916.8,10364870916.8,0.0,3,SUR,-0.21,
TQBR,2021-08-03,ГАЗПРОМ ао,GAZP,51115,7749529600.1,286.75,284.34,288.05,286.97,286.27,287.09,27070670,286.23,286.23,286.97,7298323671.3,7298323671.3,7298323671.3,0.0,3,SUR,0.12,
TQBR,2021-08-04,ГАЗПРОМ ао,GAZP,49640,6798648321.7,287.88,286.0,288.8,288.61,287.71,287.94,23631110,287.66,287.66,288.61,6197859479.4,6197859479.4,6197859479.4,0.0,3,SUR,0.3,
TQBR,2021-08-05,ГАЗПРОМ ао,GAZP,68908,13567553354.3,287.33,285.16,288.28,287.65,287.03,285.95,47269220,287.07,287.07,287.65,12156467551.3,12156467551.3,12156467551.3,0.0,3,SUR,-0.69,
TQBR,2021-08-06,ГАЗПРОМ ао,GAZP,143582,25560624176.0,285.26,277.87,285.72,282.0,281.54,282.27,90792250,281.5,281.5,282.0,24692019968.8,24692019968.8,24692019968.8,0.0,3,SUR,-1.29,
TQBR,2021-08-09,ГАЗПРОМ ао,GAZP,102045,19692700603.9,282.25,280.8,287.9,286.05,285.58,286.68,68957480,285.54,285.54,286.05,19074615889.4,19074615889.4,19074615889.4,0.0,3,SUR,1.56,
TQBR,2021-08-10,ГАЗПРОМ ао,GAZP,69870,8321845997.4,288.0,285.7,288.8,288.06,287.68,288.61,28927610,287.65,287.65,288.06,7911157691.4,7911157691.4,7911157691.4,0.0,3,SUR,0.67,
TQBR,2021-08-11,ГАЗПРОМ ао,GAZP,59882,10989845287.6,288.97,287.12,291.49,289.92,289.51,290.35,37960320,289.43,289.43,289.92,10109385408.2,10109385408.2,10109385408.2,0.0,3,SUR,0.6,
TQBR,2021-08-12,ГАЗПРОМ ао,GAZP,60658,11022823469.4,290.3,290.25,293.81,292.75,292.77,293.23,37650060,292.76,292.76,292.75,10571516904.2,10571516904.2,10571516904.2,0.0,3,SUR,0.99,
TQBR,2021-08-13,ГАЗПРОМ ао,GAZP,45584,6419700117.0,292.7,291.75,293.9,292.83,292.9,292.7,21917770,292.9,292.9,292.83,6127898744.5,6127898744.5,6127898744.5,0.0,3,SUR,-0.18,
TQBR,2021-08-16,ГАЗПРОМ ао,GAZP,61764,9530726614.4,291.47,290.95,295.48,294.64,294.05,295.1,32411920,294.01,294.01,294.64,9060747462.0,9060747462.0,9060747462.0,0.0,3,SUR,0.82,
TQBR,2021-08-17,ГАЗПРОМ ао,GAZP,85410,15023151244.6,295.13,290.32,299.5,298.0,297.34,298.32,50524670,297.78,297.78,298.0,11764425543.1,11764425543.1,11764425543.1,0.0,3,SUR,1.09,
TQBR,2021-08-18,ГАЗПРОМ ао,GAZP,58799,10613500562.2,299.0,295.0,299.95,298.88,297.97,295.05,35618640,298.1,298.1,298.88,9273001820.1,9273001820.1,9273001820.1,0.0,3,SUR,-1.1,
TQBR,2021-08-19,ГАЗПРОМ ао,GAZP,87277,16420263965.6,293.46,289.68,294.72,292.0,291.79,293.68,56275610,291.6,291.6,292.0,14971543411.1,14971543411.1,14971543411.1,0.0,3,SUR,-0.46,
TQBR,2021-08-20,ГАЗПРОМ ао,GAZP,63300,11285294674.7,293.8,289.5,294.9,292.15,291.99,292.57,38649700,291.95,291.95,292.15,10648160065.8,10648160065.8,10648160065.8,0.0,3,SUR,-0.38,
TQBR,2021-08-23,ГАЗПРОМ ао,GAZP,60839,11298992997.9,294.7,294.1,297.94,297.58,296.56,297.69,38100520,296.51,296.51,297.58,10849049201.9,10849049201.9,10849049201.9,0.0,3,SUR,1.75,
TQBR,2021-08-24,ГАЗПРОМ ао,GAZP,69629,14647253739.7,299.0,295.95,301.0,298.0,298.54,298.7,49067610,298.51,298.51,298.0,14226459711.3,14226459711.3,14226459711.3,0.0,3,SUR,0.34,
TQBR,2021-08-25,ГАЗПРОМ ао,GAZP,53375,9169243387.9,298.7,294.37,299.2,297.0,296.53,296.7,30922290,296.49,296.49,297.0,8569742430.6,8569742430.6,8569742430.6,0.0,3,SUR,-0.67,
TQBR,2021-08-26,ГАЗПРОМ ао,GAZP,43818,7364271248.6,296.0,293.04,296.0,294.9,294.48,294.34,25006370,294.51,294.51,294.9,6640651248.8,6640651248.8,6640651248.8,0.0,3,SUR,-0.8,
TQBR,2021-08-27,ГАЗПРОМ ао,GAZP,57304,10151221114.3,295.8,294.81,300.0,298.5,297.28,299.66,34147490,296.83,296.83,298.5,8335318730.5,8335318730.5,8335318730.5,0.0,3,SUR,1.81,
TQBR,2021-08-30,ГАЗПРОМ ао,GAZP,101146,21216302709.4,301.7,299.97,305.5,303.5,303.21,305.17,69972550,303.07,303.07,303.5,19282937920.1,19282937920.1,19282937920.1,0.0,3,SUR,1.84,
TQBR,2021-08-31,ГАЗПРОМ ао,GAZP,80723,19686440795.0,305.83,304.1,307.67,305.96,305.82,305.65,64372840,305.83,305.83,305.96,18510243151.2,18510243151.2,18510243151.2,0.0,3,SUR,0.16,
TQBR,2021-09-01,ГАЗПРОМ ао,GAZP,106748,24649312128.9,306.6,306.19,313.95,311.3,309.96,312.89,79523870,309.68,309.68,311.3,22220825395.5,22220825395.5,22220825395.5,0.0,3,SUR,2.37,
TQBR,2021-09-02,ГАЗПРОМ ао,GAZP,82479,16720905047.8,313.59,310.3,314.8,314.08,313.04,312.3,53414130,313.06,313.06,314.08,15598028216.3,15598028216.3,15598028216.3,0.0,3,SUR,-0.19,
TQBR,2021-09-03,ГАЗПРОМ ао,GAZP,88641,20110134464.4,312.7,311.16,317.96,317.9,315.81,317.94,63678420,315.7,315.7,317.9,18996226269.1,18996226269.1,18996226269.1,0.0,3,SUR,1.81,
TQBR,2021-09-06,ГАЗПРОМ ао,GAZP,133539,25933229122.4,319.0,318.6,329.35,324.68,323.24,328.93,80210780,322.47,322.47,324.68,21603600612.6,21603600612.6,21603600612.6,0.0,3,SUR,3.46,
TQBR,2021-09-07,ГАЗПРОМ ао,GAZP,119847,23771845738.3,329.93,325.5,333.0,327.55,329.35,327.73,72178370,329.46,329.46,327.55,22483823310.6,22483823310.6,22483823310.6,0.0,3,SUR,-0.36,
TQBR,2021-09-08,ГАЗПРОМ ао,GAZP,98553,19149770400.0,328.49,322.22,328.5,326.06,325.29,327.6,58863620,325.13,325.13,326.06,17496115929.0,17496115929.0,17496115929.0,0.0,3,SUR,-0.04,
TQBR,2021-09-09,ГАЗПРОМ ао,GAZP,70680,13230282132.6,326.0,323.5,328.14,327.0,326.11,324.57,40571600,326.12,326.12,327.0,11876546522.4,11876546522.4,11876546522.4,0.0,3,SUR,-0.92,
TQBR,2021-09-10,ГАЗПРОМ ао,GAZP,82083,13603725948.0,327.0,325.5,330.0,326.52,327.92,326.43,41485730,328.04,328.04,326.52,12371764826.4,12371764826.4,12371764826.4,0.0,3,SUR,0.57,
TQBR,2021-09-13,ГАЗПРОМ ао,GAZP,98142,18330310954.8,328.0,327.3,333.0,331.0,330.6,332.75,55444990,330.49,330.49,331.0,16767658188.9,16767658188.9,16767658188.9,0.0,3,SUR,1.94,
TQBR,2021-09-14,ГАЗПРОМ ао,GAZP,149042,32840313491.9,333.1,332.36,339.92,339.0,337.61,338.98,97274480,337.57,337.57,339.0,30999600324.7,30999600324.7,30999600324.7,0.0,3,SUR,1.87,
TQBR,2021-09-15,ГАЗПРОМ ао,GAZP,181949,37215507212.0,339.39,337.72,344.2,342.6,341.85,343.34,108867890,341.77,341.77,342.6,35215849827.0,35215849827.0,35215849827.0,0.0,3,SUR,1.29,
TQBR,2021-09-16,ГАЗПРОМ ао,GAZP,141896,32270703619.9,342.0,337.03,342.99,339.41,340.1,338.5,94886460,340.18,340.18,339.41,30795036834.8,30795036834.8,30795036834.8,0.0,3,SUR,-1.41,
TQBR,2021-09-17,ГАЗПРОМ ао,GAZP,90503,20655522055.8,338.72,333.3,339.29,335.55,335.97,334.5,61479080,336.02,336.02,335.55,19527920409.3,19527920409.3,19527920409.3,0.0,3,SUR,-1.18,
TQBR,2021-09-20,ГАЗПРОМ ао,GAZP,137811,23992269208.7,329.72,321.26,332.0,326.32,327.43,325.7,73276540,328.52,328.52,326.32,18707740636.3,18707740636.3,18707740636.3,0.0,3,SUR,-2.63,
TQBR,2021-09-21,ГАЗПРОМ ао,GAZP,119809,25791618871.9,328.7,328.44,336.78,334.0,332.75,335.3,77509780,332.41,332.41,334.0,22661527767.0,22661527767.0,22661527767.0,0.0,3,SUR,2.95,
TQBR,2021-09-22,ГАЗПРОМ ао,GAZP,98809,20737951437.2,338.4,337.4,341.49,338.99,339.36,340.59,61109370,339.33,339.33,338.99,18021633895.1,18021633895.1,18021633895.1,0.0,3,SUR,1.58,
TQBR,2021-09-23,ГАЗПРОМ ао,GAZP,99247,21901507540.8,342.0,339.43,345.2,343.5,342.79,343.47,63892160,342.77,342.77,343.5,20751044461.1,20751044461.1,20751044461.1,0.0,3,SUR,0.85,
TQBR,2021-09-24,ГАЗПРОМ ао,GAZP,63282,13778003138.7,343.6,340.0,344.9,344.47,342.81,344.29,40191890,342.71,342.71,344.47,12679906769.9,12679906769.9,12679906769.9,0.0,3,SUR,0.24,
TQBR,2021-09-27,ГАЗПРОМ ао,GAZP,117712,28450207069.7,347.95,347.0,355.19,351.05,350.66,355.19,81133200,350.23,350.23,351.05,25096029413.1,25096029413.1,25096029413.1,0.0,3,SUR,3.17,
TQBR,2021-09-28,ГАЗПРОМ ао,GAZP,148744,33747532838.6,359.0,353.68,361.8,356.67,358.52,354.07,94125920,358.74,358.74,356.67,30607726602.3,30607726602.3,30607726602.3,0.0,3,SUR,-0.32,
TQBR,2021-09-29,ГАЗПРОМ ао,GAZP,97509,21540752216.2,354.05,352.3,360.94,358.5,357.41,360.88,60264350,357.17,357.17,358.5,19087086862.1,19087086862.1,19087086862.1,0.0,3,SUR,1.92,
TQBR,2021-09-30,ГАЗПРОМ ао,GAZP,109493,25381992617.6,363.25,359.53,364.53,361.54,362.12,360.8,70092520,362.25,362.25,361.54,23481425976.3,23481425976.3,23481425976.3,0.0,3,SUR,-0.02,
TQBR,2021-10-01,ГАЗПРОМ ао,GAZP,81731,17152673889.6,358.45,356.0,363.78,360.42,359.9,363.25,47659550,359.58,359.58,360.42,15324778616.4,15324778616.4,15324778616.4,0.0,3,SUR,0.68,
TQBR,2021-10-04,ГАЗПРОМ ао,GAZP,181240,37914008670.9,364.67,364.3,378.33,371.0,370.38,376.06,102362800,368.99,368.99,371.0,29834223842.3,29834223842.3,29834223842.3,0.0,3,SUR,3.53,
TQBR,2021-10-05,ГАЗПРОМ ао,GAZP,213200,51608975749.3,378.02,378.02,389.82,385.2,383.37,389.82,134614700,383.03,383.03,385.2,46631263182.7,46631263182.7,46631263182.7,0.0,3,SUR,3.66,
TQBR,2021-10-06,ГАЗПРОМ ао,GAZP,385100,83099101965.8,395.0,370.25,397.64,374.54,383.86,381.3,216502410,384.7,384.7,374.54,69130818597.7,69130818597.7,69130818597.7,0.0,3,SUR,-2.19,
TQBR,2021-10-07,ГАЗПРОМ ао,GAZP,267625,59262889374.0,382.18,361.61,384.3,368.7,369.12,370.7,160554040,368.85,368.85,368.7,52737237308.5,52737237308.5,52737237308.5,0.0,3,SUR,-2.78,
TQBR,2021-10-08,ГАЗПРОМ ао,GAZP,132429,25876846164.6,371.5,364.77,373.0,366.9,368.3,366.17,70261940,368.42,368.42,366.9,23608237690.4,23608237690.4,23608237690.4,0.0,3,SUR,-1.22,
TQBR,2021-10-11,ГАЗПРОМ ао,GAZP,136134,28860928596.9,369.0,363.7,372.61,369.75,369.17,369.81,78177900,369.11,369.11,369.75,27253251288.6,27253251288.6,27253251288.6,0.0,3,SUR,0.99,
TQBR,2021-10-12,ГАЗПРОМ ао,GAZP,111028,20770329964.8,367.27,362.25,368.85,364.99,365.58,364.1,56815900,365.65,365.65,364.99,19098195425.6,19098195425.6,19098195425.6,0.0,3,SUR,-1.54,
TQBR,2021-10-13,ГАЗПРОМ ао,GAZP,200313,36658998919.3,365.24,352.71,365.44,358.85,358.74,362.77,102186900,358.27,358.27,358.85,31852083499.1,31852083499.1,31852083499.1,0.0,3,SUR,-0.37,
TQBR,2021-10-14,ГАЗПРОМ ао,GAZP,114161,22017965360.2,366.4,364.35,369.7,365.69,367.4,367.0,59934070,367.43,367.43,365.69,20441045653.3,20441045653.3,20441045653.3,0.0,3,SUR,1.17,
TQBR,2021-10-15,ГАЗПРОМ ао,GAZP,63711,13212539847.0,368.4,366.61,369.35,367.62,367.98,367.76,35905630,367.98,367.98,367.62,12377248388.1,12377248388.1,12377248388.1,0.0,3,SUR,0.21,
TQBR,2021-10-18,ГАЗПРОМ ао,GAZP,85526,15676228046.5,365.01,360.15,366.45,364.99,363.76,363.5,43094820,363.63,363.63,364.99,14221822330.8,14221822330.8,14221822330.8,0.0,3,SUR,-1.16,
TQBR,2021-10-19,ГАЗПРОМ ао,GAZP,88118,18872863702.6,364.98,362.24,368.83,367.0,366.16,368.83,51542530,366.05,366.05,367.0,17309120863.8,17309120863.8,17309120863.8,0.0,3,SUR,1.47,
TQBR,2021-10-20,ГАЗПРОМ ао,GAZP,71536,14523228993.2,367.99,365.5,370.75,369.25,367.67,369.97,39499280,367.39,367.39,369.25,12702185255.4,12702185255.4,12702185255.4,0.0,3,SUR,0.31,
TQBR,2021-10-21,ГАЗПРОМ ао,GAZP,95609,16993430443.1,368.0,360.88,370.19,362.0,365.42,363.37,46503390,365.63,365.63,362.0,15179472275.3,15179472275.3,15179472275.3,0.0,3,SUR,-1.78,
TQBR,2021-10-22,ГАЗПРОМ ао,GAZP,99943,17498004677.6,361.4,357.48,364.19,358.29,361.29,358.12,48431440,361.7,361.7,358.29,15251606945.1,15251606945.1,15251606945.1,0.0,3,SUR,-1.44,
TQBR,2021-10-25,ГАЗПРОМ ао,GAZP,95004,20765248577.4,359.99,356.69,365.84,364.04,362.13,364.84,57341870,361.96,361.96,364.04,19330461673.3,19330461673.3,19330461673.3,0.0,3,SUR,1.88,
TQBR,2021-10-26,ГАЗПРОМ ао,GAZP,93886,18964513424.6,365.0,362.54,369.33,364.95,366.52,364.82,51744950,366.66,366.66,364.95,17125553305.1,17125553305.1,17125553305.1,0.0,3,SUR,-0.01,
TQBR,2021-10-27,ГАЗПРОМ ао,GAZP,61990,11152464668.7,363.29,361.18,365.49,364.64,363.51,362.17,30679710,363.47,363.47,364.64,9824404343.0,9824404343.0,9824404343.0,0.0,3,SUR,-0.73,
TQBR,2021-10-28,ГАЗПРОМ ао,GAZP,150805,30818475636.2,360.98,351.62,362.02,352.37,355.91,353.21,86591740,356.03,356.03,352.37,29082327522.6,29082327522.6,29082327522.6,0.0,3,SUR,-2.47,
TQBR,2021-10-29,ГАЗПРОМ ао,GAZP,132886,26198915753.5,351.1,345.4,352.6,349.94,349.2,350.18,75024390,349.11,349.11,349.94,23993720044.2,23993720044.2,23993720044.2,0.0,3,SUR,-0.86,
TQBR,2021-11-01,ГАЗПРОМ ао,GAZP,106452,16546096190.7,350.2,350.2,359.3,356.67,355.8,359.1,46501290,355.63,355.63,356.67,15185483194.3,15185483194.3,15185483194.3,0.0,3,SUR,2.55,
TQBR,2021-11-02,ГАЗПРОМ ао,GAZP,83372,15248918051.3,359.24,351.24,360.0,352.91,354.58,352.48,43005590,354.68,354.68,352.91,14430376312.7,14430376312.7,14430376312.7,0.0,3,SUR,-1.84,
TQBR,2021-11-03,ГАЗПРОМ ао,GAZP,82705,13261294948.7,350.56,346.62,353.86,350.74,349.9,353.02,37903170,349.62,349.62,350.74,11066918274.4,11066918274.4,11066918274.4,0.0,3,SUR,0.15,
TQBR,2021-11-05,ГАЗПРОМ ао,GAZP,59675,9041236470.1,352.0,349.23,354.8,350.85,351.43,350.6,25727240,351.49,351.49,350.85,8377589648.0,8377589648.0,8377589648.0,0.0,3,SUR,-0.69,
TQBR,2021-11-08,ГАЗПРОМ ао,GAZP,82629,14044862743.0,353.0,348.34,356.34,352.19,352.85,351.47,39809120,352.86,352.86,352.19,13336275814.2,13336275814.2,13336275814.2,0.0,3,SUR,0.25,
TQBR,2021-11-09,ГАЗПРОМ ао,GAZP,68527,10889389508.6,351.06,346.99,353.61,349.63,350.83,349.46,31042610,351.4,351.4,349.63,8356619074.2,8356619074.2,8356619074.2,0.0,3,SUR,-0.57,
TQBR,2021-11-10,ГАЗПРОМ ао,GAZP,74955,12372310345.5,349.99,344.2,351.25,350.0,348.77,345.8,35473970,349.57,349.57,350.0,8821817056.0,8821817056.0,8821817056.0,0.0,3,SUR,-1.05,
TQBR,2021-11-11,ГАЗПРОМ ао,GAZP,84793,13935252775.5,346.94,343.8,348.43,346.84,345.96,347.44,40279860,345.82,345.82,346.84,12209427181.2,12209427181.2,12209427181.2,0.0,3,SUR,0.47,
TQBR,2021-11-12,ГАЗПРОМ ао,GAZP,234107,42716304773.5,347.0,331.0,347.15,334.98,335.89,333.6,127208680,335.93,335.93,334.98,39199436197.4,39199436197.4,39199436197.4,0.0,3,SUR,-3.98,
TQBR,2021-11-15,ГАЗПРОМ ао,GAZP,119434,21724684827.3,333.8,333.67,341.81,339.0,338.12,340.3,64250540,337.99,337.99,339.0,19757855674.0,19757855674.0,19757855674.0,0.0,3,SUR,2.01,
TQBR,2021-11-16,ГАЗПРОМ ао,GAZP,121490,21771558174.2,341.48,331.61,342.85,336.0,336.67,336.79,64668540,336.67,336.67,336.0,20687451141.6,20687451141.6,20687451141.6,0.0,3,SUR,-1.03,
TQBR,2021-11-17,ГАЗПРОМ ао,GAZP,145021,27134321284.6,336.0,334.83,351.82,350.26,343.26,349.98,79029610,342.28,342.28,350.26,22767561356.4,22767561356.4,22767561356.4,0.0,3,SUR,3.92,
TQBR,2021-11-18,ГАЗПРОМ ао,GAZP,186516,35999190308.6,350.05,342.28,359.32,345.3,352.38,345.56,102199020,352.79,352.79,345.3,32968237256.8,32968237256.8,32968237256.8,0.0,3,SUR,-1.26,
TQBR,2021-11-19,ГАЗПРОМ ао,GAZP,150227,32620118095.1,348.47,334.2,350.73,336.98,339.69,337.62,96027860,339.83,339.83,336.98,30540768019.1,30540768019.1,30540768019.1,0.0,3,SUR,-2.3,
TQBR,2021-11-22,ГАЗПРОМ ао,GAZP,254038,49234686093.7,334.99,316.66,335.68,324.6,324.98,319.2,151496580,325.39,325.39,324.6,44559474858.9,44559474858.9,44559474858.9,0.0,3,SUR,-5.46,
TQBR,2021-11-23,ГАЗПРОМ ао,GAZP,233536,49423149834.5,316.09,310.62,341.77,337.51,328.18,341.77,150584250,327.51,327.51,337.51,46345344722.6,46345344722.6,46345344722.6,0.0,3,SUR,7.07,
TQBR,2021-11-24,ГАЗПРОМ ао,GAZP,147233,31669007291.8,343.87,332.75,348.0,335.37,337.98,338.3,93699350,337.99,337.99,335.37,29479514285.9,29479514285.9,29479514285.9,0.0,3,SUR,-1.02,
TQBR,2021-11-25,ГАЗПРОМ ао,GAZP,91125,16531160691.7,340.0,335.7,343.0,338.0,338.83,337.55,48788260,338.89,338.89,338.0,15529451668.2,15529451668.2,15529451668.2,0.0,3,SUR,-0.22,
TQBR,2021-11-26,ГАЗПРОМ ао,GAZP,155364,34105755430.2,325.0,320.1,332.0,327.3,327.9,326.0,104012060,328.05,328.05,327.3,30327344420.2,30327344420.2,30327344420.2,0.0,3,SUR,-3.42,
TQBR,2021-11-29,ГАЗПРОМ ао,GAZP,177650,33714261473.0,335.0,331.96,345.33,337.8,338.16,339.2,99631910,338.26,338.26,337.8,30728629720.7,30728629720.7,30728629720.7,0.0,3,SUR,4.05,
TQBR,2021-11-30,ГАЗПРОМ ао,GAZP,155717,43953663452.1,332.5,331.5,342.55,338.12,336.66,334.24,130559830,337.28,337.28,338.12,37141065446.1,37141065446.1,37141065446.1,0.0,3,SUR,-1.46,
TQBR,2021-12-01,ГАЗПРОМ ао,GAZP,158151,32105402979.8,338.51,337.61,350.37,349.28,344.59,345.21,93124760,344.47,344.47,349.28,26843816467.8,26843816467.8,26843816467.8,0.0,3,SUR,3.28,
TQBR,2021-12-02,ГАЗПРОМ ао,GAZP,127143,26327054881.8,347.3,344.8,352.67,350.31,348.77,350.3,75484820,348.65,348.65,350.31,23992259526.6,23992259526.6,23992259526.6,0.0,3,SUR,1.47,
TQBR,2021-12-03,ГАЗПРОМ ао,GAZP,97774,18014708471.8,351.5,343.21,353.13,346.54,348.38,345.99,51710280,349.02,349.02,346.54,15201981932.3,15201981932.3,15201981932.3,0.0,3,SUR,-1.23,
TQBR,2021-12-06,ГАЗПРОМ ао,GAZP,141347,24034988274.3,347.21,333.35,349.36,335.5,338.43,338.94,71017940,338.13,338.13,335.5,21324282904.7,21324282904.7,21324282904.7,0.0,3,SUR,-2.04,
TQBR,2021-12-07,ГАЗПРОМ ао,GAZP,136888,25610487424.6,339.25,333.43,346.0,342.6,339.15,344.96,75514200,338.11,338.11,342.6,20170300200.4,20170300200.4,20170300200.4,0.0,3,SUR,1.78,
TQBR,2021-12-08,ГАЗПРОМ ао,GAZP,131062,26896018038.6,346.0,336.53,348.47,337.11,343.38,340.5,78326320,343.54,343.54,337.11,23473363573.4,23473363573.4,23473363573.4,0.0,3,SUR,-1.29,
TQBR,2021-12-09,ГАЗПРОМ ао,GAZP,99319,20862286440.2,341.28,335.72,344.2,337.83,339.7,336.6,61413030,339.92,339.92,337.83,18485038347.9,18485038347.9,18485038347.9,0.0,3,SUR,-1.15,
TQBR,2021-12-10,ГАЗПРОМ ао,GAZP,92272,14902677404.7,337.36,329.98,338.31,330.8,333.79,332.0,44649420,333.86,333.86,330.8,13137358685.9,13137358685.9,13137358685.9,0.0,3,SUR,-1.37,
TQBR,2021-12-13,ГАЗПРОМ ао,GAZP,258709,45027620904.0,333.08,305.76,334.88,317.35,320.32,307.26,140582280,322.03,322.03,317.35,35587404016.9,35587404016.9,35587404016.9,0.0,3,SUR,-7.45,
TQBR,2021-12-14,ГАЗПРОМ ао,GAZP,264768,52550895406.5,307.0,289.78,320.0,317.22,311.54,319.35,168689260,315.89,315.89,317.22,36668872032.8,36668872032.8,36668872032.8,0.0,3,SUR,3.93,
TQBR,2021-12-15,ГАЗПРОМ ао,GAZP,132014,25612929899.7,319.58,316.5,325.83,319.09,321.15,324.09,79752150,320.92,320.92,319.09,18375726018.0,18375726018.0,18375726018.0,0.0,3,SUR,1.48,
TQBR,2021-12-16,ГАЗПРОМ ао,GAZP,169882,31472021479.0,326.17,325.38,332.3,328.34,329.52,328.39,95509910,329.83,329.83,328.34,25120390083.3,25120390083.3,25120390083.3,0.0,3,SUR,1.33,
TQBR,2021-12-17,ГАЗПРОМ ао,GAZP,103427,23498440277.1,327.98,323.03,329.7,325.36,325.9,327.3,72102360,325.71,325.71,325.36,20558370394.0,20558370394.0,20558370394.0,0.0,3,SUR,-0.33,
TQBR,2021-12-20,ГАЗПРОМ ао,GAZP,125333,22780183805.2,323.97,316.11,326.0,324.64,321.56,325.9,70846810,321.1,321.1,324.64,18184952344.1,18184952344.1,18184952344.1,0.0,3,SUR,-0.43,
TQBR,2021-12-21,ГАЗПРОМ ао,GAZP,145462,26663667181.6,326.61,326.5,339.88,335.84,332.94,339.88,80085260,331.8,331.8,335.84,19895969471.0,19895969471.0,19895969471.0,0.0,3,SUR,4.29,
TQBR,2021-12-22,ГАЗПРОМ ао,GAZP,180121,33357428295.0,340.0,339.29,349.59,347.62,344.49,345.55,96838060,344.5,344.5,347.62,25645281649.7,25645281649.7,25645281649.7,0.0,3,SUR,1.67,
TQBR,2021-12-23,ГАЗПРОМ ао,GAZP,132655,24701019925.7,346.1,337.0,348.32,341.58,342.31,339.81,72151400,342.08,342.08,341.58,20221162969.0,20221162969.0,20221162969.0,0.0,3,SUR,-1.66,
TQBR,2021-12-24,ГАЗПРОМ ао,GAZP,84843,13162742272.2,339.26,334.55,340.98,339.24,337.44,338.79,39008160,337.17,337.17,339.24,9477007088.4,9477007088.4,9477007088.4,0.0,3,SUR,-0.3,
TQBR,2021-12-27,ГАЗПРОМ ао,GAZP,70424,10234480044.3,339.7,339.33,343.97,343.0,341.95,343.97,29930500,342.02,342.02,343.0,7609241937.6,7609241937.6,7609241937.6,0.0,3,SUR,1.53,
TQBR,2021-12-28,ГАЗПРОМ ао,GAZP,77104,12035969995.0,344.0,342.55,346.6,345.48,345.29,343.23,34857640,345.6,345.6,345.48,8499948416.1,8499948416.1,8499948416.1,0.0,3,SUR,-0.22,
TQBR,2021-12-29,ГАЗПРОМ ао,GAZP,90074,14625314868.7,343.43,337.13,344.48,339.19,340.04,340.33,43011360,339.78,339.78,339.19,11554225455.8,11554225455.8,11554225455.8,0.0,3,SUR,-0.84,
TQBR,2021-12-30,ГАЗПРОМ ао,GAZP,82737,13942836363.1,340.75,337.4,344.0,343.28,341.21,342.39,40856900,341.21,341.21,343.28,12100916965.4,12100916965.4,12100916965.4,0.0,3,SUR,0.61,
TQBR,2022-01-03,ГАЗПРОМ ао,GAZP,102719,14049786413.6,345.0,344.3,353.88,350.9,350.21,353.73,40118360,350.62,350.62,350.9,10426978198.3,10426978198.3,10426978198.3,0.0,3,SUR,3.31,
TQBR,2022-01-04,ГАЗПРОМ ао,GAZP,109063,18613756907.7,353.98,348.35,358.1,352.7,353.15,352.55,52707650,352.57,352.57,352.7,14450970741.8,14450970741.8,14450970741.8,0.0,3,SUR,-0.33,
TQBR,2022-01-05,ГАЗПРОМ ао,GAZP,164974,27818263774.4,351.9,331.55,353.5,345.2,343.54,335.0,80976450,347.54,347.54,345.2,14077314667.6,14077314667.6,14077314667.6,0.0,3,SUR,-4.98,
TQBR,2022-01-06,ГАЗПРОМ ао,GAZP,136655,25458415508.6,335.9,330.11,347.67,343.98,341.26,346.13,74599950,341.5,341.5,343.98,17836074177.9,17836074177.9,17836074177.9,0.0,3,SUR,3.32,
TQBR,2022-01-07,ГАЗПРОМ ао,GAZP,0,0.0,,,,346.56,,,0,341.5,343.98,346.56,17836074177.9,1155772.8,17836074177.9,0.0,3,SUR,,
TQBR,2022-01-10,ГАЗПРОМ ао,GAZP,121753,17645900852.8,348.56,340.51,351.0,342.46,345.36,344.0,51090750,345.04,345.04,342.46,13668964403.0,13668964403.0,13668964403.0,0.0,3,SUR,-0.62,
TQBR,2022-01-11,ГАЗПРОМ ао,GAZP,78443,14424717107.6,344.68,341.27,347.0,342.22,343.7,343.74,41969410,343.62,343.62,342.22,11739338872.2,11739338872.2,11739338872.2,0.0,3,SUR,-0.08,
TQBR,2022-01-12,ГАЗПРОМ ао,GAZP,108232,18459005855.8,344.48,339.57,348.64,346.9,345.3,347.43,53456250,345.4,345.4,346.9,15387217527.5,15387217527.5,15387217527.5,0.0,3,SUR,1.07,
TQBR,2022-01-13,ГАЗПРОМ ао,GAZP,194209,40075191158.8,347.01,333.49,347.5,334.69,338.81,337.6,118269470,338.9,338.9,334.69,33163276527.9,33163276527.9,33163276527.9,0.0,3,SUR,-2.83,
TQBR,2022-01-14,ГАЗПРОМ ао,GAZP,221668,39984841400.5,338.59,321.51,340.96,332.21,331.62,335.76,120568340,330.93,330.93,332.21,34482427861.2,34482427861.2,34482427861.2,0.0,3,SUR,-0.55,
TQBR,2022-01-17,ГАЗПРОМ ао,GAZP,182406,31873356333.6,335.9,319.17,338.95,327.3,328.83,327.81,96946290,328.09,328.09,327.3,26207481594.3,26207481594.3,26207481594.3,0.0,3,SUR,-2.37,
TQBR,2022-01-18,ГАЗПРОМ ао,GAZP,374102,67931962524.0,329.11,296.7,329.3,299.47,308.62,301.11,220122140,308.99,308.99,299.47,56367292346.0,56367292346.0,56367292346.0,0.0,3,SUR,-8.14,
TQBR,2022-01-19,ГАЗПРОМ ао,GAZP,374527,67619835390.9,299.0,282.72,320.42,316.83,307.16,318.36,220090450,311.57,311.57,316.83,51244744319.0,51244744319.0,51244744319.0,0.0,3,SUR,5.73,
TQBR,2022-01-20,ГАЗПРОМ ао,GAZP,232265,41253801322.2,318.4,310.07,326.69,318.1,316.67,310.42,130272450,316.19,316.19,318.1,31312375053.4,31312375053.4,31312375053.4,0.0,3,SUR,-2.49,
TQBR,2022-01-21,ГАЗПРОМ ао,GAZP,197266,37295311721.4,309.49,303.5,321.99,313.47,313.0,311.6,119138170,314.18,314.18,313.47,29064204920.7,29064204920.7,29064204920.7,0.0,3,SUR,0.38,
TQBR,2022-01-24,ГАЗПРОМ ао,GAZP,412482,69206152250.1,310.8,280.6,314.0,292.75,292.56,294.59,236552480,291.93,291.93,292.75,60260015127.8,60260015127.8,60260015127.8,0.0,3,SUR,-5.46,
TQBR,2022-01-25,ГАЗПРОМ ао,GAZP,229378,42470714906.6,293.94,289.62,305.0,294.34,296.62,302.96,143186690,295.63,295.63,294.34,29298637398.2,29298637398.2,29298637398.2,0.0,3,SUR,2.84,
TQBR,2022-01-26,ГАЗПРОМ ао,GAZP,222767,37750723752.0,302.9,293.7,307.7,302.42,301.82,299.6,125078000,301.63,301.63,302.42,27339972379.6,27339972379.6,27339972379.6,0.0,3,SUR,-1.11,
TQBR,2022-01-27,ГАЗПРОМ ао,GAZP,333005,68501410536.0,296.93,294.0,330.0,323.02,317.02,325.25,216081130,317.4,317.4,323.02,59569292966.4,59569292966.4,59569292966.4,0.0,3,SUR,8.56,
TQBR,2022-01-28,ГАЗПРОМ ао,GAZP,204702,38206834185.5,325.5,322.05,334.9,328.88,328.69,329.58,116239740,328.26,328.26,328.88,28279136758.1,28279136758.1,28279136758.1,0.0,3,SUR,1.33,
TQBR,2022-01-31,ГАЗПРОМ ао,GAZP,141780,23307105681.9,330.9,330.52,336.41,331.1,333.35,334.8,69919140,333.44,333.44,331.1,17824895184.6,17824895184.6,17824895184.6,0.0,3,SUR,1.58,
TQBR,2022-02-01,ГАЗПРОМ ао,GAZP,142361,22512250305.6,334.95,325.3,336.63,329.8,331.0,330.95,68010800,331.12,331.12,329.8,15991341245.0,15991341245.0,15991341245.0,0.0,3,SUR,-1.15,
TQBR,2022-02-02,ГАЗПРОМ ао,GAZP,101744,18085881557.2,332.39,325.7,333.7,330.94,330.27,331.7,54760820,330.14,330.14,330.94,14890414517.3,14890414517.3,14890414517.3,0.0,3,SUR,0.23,
TQBR,2022-02-03,ГАЗПРОМ ао,GAZP,114834,18763605610.7,330.0,322.3,331.0,324.82,325.75,323.75,57601360,325.66,325.66,324.82,15167103806.3,15167103806.3,15167103806.3,0.0,3,SUR,-2.4,
TQBR,2022-02-04,ГАЗПРОМ ао,GAZP,165959,28956936055.9,325.5,320.88,334.5,321.5,326.62,324.6,88655550,326.99,326.99,321.5,24646786502.3,24646786502.3,24646786502.3,0.0,3,SUR,0.26,
TQBR,2022-02-07,ГАЗПРОМ ао,GAZP,114705,18071846393.8,324.51,316.64,327.44,320.89,320.93,321.25,56310540,320.65,320.65,320.89,15009182973.0,15009182973.0,15009182973.0,0.0,3,SUR,-1.03,
TQBR,2022-02-08,ГАЗПРОМ ао,GAZP,138397,25521822182.7,321.45,319.0,331.87,331.25,327.35,331.7,77966650,327.45,327.45,331.25,22235499418.1,22235499418.1,22235499418.1,0.0,3,SUR,3.25,
TQBR,2022-02-09,ГАЗПРОМ ао,GAZP,128451,21133097245.3,332.3,330.18,336.0,335.63,334.0,335.08,63273270,333.84,333.84,335.63,16161657136.1,16161657136.1,16161657136.1,0.0,3,SUR,1.02,
TQBR,2022-02-10,ГАЗПРОМ ао,GAZP,130975,20476565881.6,335.41,328.1,335.47,331.06,330.62,328.93,61934110,330.28,330.28,331.06,16246558357.5,16246558357.5,16246558357.5,0.0,3,SUR,-1.84,
TQBR,2022-02-11,ГАЗПРОМ ао,GAZP,209628,32493791824.6,328.97,316.2,328.97,323.88,322.43,318.1,100771640,323.09,323.09,323.88,22549774599.0,22549774599.0,22549774599.0,0.0,3,SUR,-3.29,
TQBR,2022-02-14,ГАЗПРОМ ао,GAZP,232631,38313359200.6,314.1,303.25,324.9,321.67,315.78,321.85,121315290,316.89,316.89,321.67,25841310246.9,25841310246.9,25841310246.9,0.0,3,SUR,1.18,
TQBR,2022-02-15,ГАЗПРОМ ао,GAZP,184583,32107612535.7,322.43,322.43,335.5,332.16,331.4,333.6,96884740,331.98,331.98,332.16,26952439343.8,26952439343.8,26952439343.8,0.0,3,SUR,3.65,
TQBR,2022-02-16,ГАЗПРОМ ао,GAZP,147824,25955539662.1,335.86,331.62,339.98,335.3,336.25,336.5,77190530,335.93,335.93,335.3,18189288420.6,18189288420.6,18189288420.6,0.0,3,SUR,0.87,
TQBR,2022-02-17,ГАЗПРОМ ао,GAZP,184173,33476549405.5,336.37,322.04,336.37,324.46,327.67,323.51,102164080,327.29,327.29,324.46,25203320679.5,25203320679.5,25203320679.5,0.0,3,SUR,-3.86,
TQBR,2022-02-18,ГАЗПРОМ ао,GAZP,250944,39589976977.6,325.51,306.7,329.32,310.81,315.58,309.48,125466600,316.0,316.0,310.81,31428967980.9,31428967980.9,31428967980.9,0.0,3,SUR,-4.34,
TQBR,2022-02-21,ГАЗПРОМ ао,GAZP,796371,117077290074.7,309.48,241.0,318.9,278.15,283.27,257.3,413310930,288.33,288.33,278.15,81585319101.1,81585319101.1,81585319101.1,0.0,3,SUR,-16.86,
TQBR,2022-02-22,ГАЗПРОМ ао,GAZP,602983,87288172116.2,253.95,246.7,284.07,279.2,268.62,283.51,324950590,268.05,268.05,279.2,61130158798.3,61130158798.3,61130158798.3,0.0,3,SUR,10.19,
TQBR,2022-02-23,ГАЗПРОМ ао,GAZP,0,0.0,,,,283.35,,,0,268.05,279.2,283.35,61130158798.3,15612864.0,61130158798.3,0.0,3,SUR,,
TQBR,2022-02-24,ГАЗПРОМ ао,GAZP,820665,73517073921.3,255.02,126.53,255.02,189.1,177.46,210.0,414024040,169.05,169.05,189.1,53917376079.31,53917376079.31,53917376079.31,0.0,3,SUR,-25.93,
TQBR,2022-02-25,ГАЗПРОМ ао,GAZP,446781,46878977855.9,208.01,191.6,244.94,238.0,221.39,228.0,211877250,220.54,220.54,238.0,42144497699.9,42144497699.9,42144497699.9,0.0,3,SUR,8.57,
TQBR,2022-02-28,ГАЗПРОМ ао,GAZP,0,0.0,,,,228.55,,,0,220.54,238.0,228.55,42144497699.9,518840.0,42144497699.9,0.0,3,SUR,,
TQBR,2022-03-01,ГАЗПРОМ ао,GAZP,0,0.0,,,,228.55,,,0,220.54,238.0,228.55,42144497699.9,518840.0,42144497699.9,0.0,3,SUR,,
TQBR,2022-03-02,ГАЗПРОМ ао,GAZP,0,0.0,,,,228.55,,,0,188.35,238.0,228.55,96061873779.22,518840.0,96061873779.22,0.0,3,SUR,,
TQBR,2022-03-03,ГАЗПРОМ ао,GAZP,0,0.0,,,,228.55,,,0,220.54,238.0,228.55,42144497699.9,518840.0,42144497699.9,0.0,3,SUR,,
TQBR,2022-03-04,ГАЗПРОМ ао,GAZP,0,0.0,,,,228.55,,,0,233.86,238.0,228.55,239000000000.0,518840.0,239000000000.0,0.0,3,SUR,,
TQBR,2022-03-09,ГАЗПРОМ ао,GAZP,0,0.0,,,,228.55,,,0,212.97,238.0,228.55,157192032577.52,518840.0,157192032577.52,0.0,3,SUR,,
TQBR,2022-03-10,ГАЗПРОМ ао,GAZP,0,0.0,,,,228.55,,,0,188.35,238.0,228.55,96061873779.22,518840.0,96061873779.22,0.0,3,SUR,,
TQBR,2022-03-11,ГАЗПРОМ ао,GAZP,0,0.0,,,,228.55,,,0,188.35,238.0,228.55,96061873779.22,518840.0,96061873779.22,0.0,3,SUR,,
TQBR,2022-03-14,ГАЗПРОМ ао,GAZP,0,0.0,,,,228.55,,,0,220.54,238.0,228.55,42144497699.9,518840.0,42144497699.9,0.0,3,SUR,,
TQBR,2022-03-15,ГАЗПРОМ ао,GAZP,0,0.0,,,,228.55,,,0,,238.0,228.55,0.0,518840.0,0.0,0.0,3,SUR,,
TQBR,2022-03-16,ГАЗПРОМ ао,GAZP,0,0.0,,,,228.55,,,0,,238.0,228.55,0.0,518840.0,0.0,0.0,3,SUR,,
TQBR,2022-03-17,ГАЗПРОМ ао,GAZP,0,0.0,,,,228.55,,,0,,238.0,228.55,0.0,518840.0,0.0,0.0,3,SUR,,
TQBR,2022-03-18,ГАЗПРОМ ао,GAZP,0,0.0,,,,228.55,,,0,,238.0,228.55,0.0,518840.0,0.0,0.0,3,SUR,,
TQBR,2022-03-21,ГАЗПРОМ ао,GAZP,0,0.0,,,,228.55,,,0,,238.0,228.55,0.0,518840.0,0.0,0.0,3,SUR,,
TQBR,2022-03-22,ГАЗПРОМ ао,GAZP,0,0.0,,,,228.55,,,0,,238.0,228.55,0.0,518840.0,0.0,0.0,3,SUR,,
TQBR,2022-03-23,ГАЗПРОМ ао,GAZP,0,0.0,,,,228.55,,,0,,238.0,228.55,0.0,518840.0,0.0,0.0,3,SUR,,
TQBR,2022-03-24,ГАЗПРОМ ао,GAZP,290298,22512248266.0,251.41,232.0,278.9,258.51,262.17,258.51,85870120,262.17,262.17,258.51,22512248266.0,22512248266.0,22512248266.0,0.0,3,SUR,13.38,
TQBR,2022-03-25,ГАЗПРОМ ао,GAZP,203511,16175205703.0,263.99,225.6,269.33,227.0,240.04,227.0,67384870,240.04,240.04,227.0,16175205703.0,16175205703.0,16175205703.0,0.0,3,SUR,-12.19,
TQBR,2022-03-28,ГАЗПРОМ ао,GAZP,116821,5637501908.0,225.0,213.03,229.45,218.6,223.27,218.6,25249730,223.27,223.27,218.6,5637501908.0,5637501908.0,5637501908.0,0.0,3,SUR,-3.7,
TQBR,2022-03-29,ГАЗПРОМ ао,GAZP,162106,8780454694.2,220.0,206.0,226.0,208.0,217.33,208.0,40380090,217.45,217.45,208.0,8780454694.2,8780454694.2,8780454694.2,0.0,3,SUR,-4.85,
TQBR,2022-03-30,ГАЗПРОМ ао,GAZP,92298,8337661490.8,211.0,210.52,219.41,216.0,215.46,216.0,38680160,215.55,215.55,216.0,8337661490.8,8337661490.8,8337661490.8,0.0,3,SUR,3.85,
TQBR,2022-03-31,ГАЗПРОМ ао,GAZP,305917,19803292468.6,218.98,217.1,249.0,242.48,235.3,242.48,84081100,235.53,235.53,242.48,19803292468.6,19803292468.6,19803292468.6,0.0,3,SUR,12.26,
TQBR,2022-04-01,ГАЗПРОМ ао,GAZP,215110,12714734101.7,245.9,242.48,258.7,251.4,251.0,251.4,50666270,250.95,250.95,251.4,12714734101.7,12714734101.7,12714734101.7,0.0,3,SUR,3.68,
TQBR,2022-04-04,ГАЗПРОМ ао,GAZP,153886,10333590044.0,254.03,237.31,259.99,252.9,251.68,252.9,41058980,251.68,251.68,252.9,10333590044.0,10333590044.0,10333590044.0,0.0,3,SUR,0.6,
TQBR,2022-04-05,ГАЗПРОМ ао,GAZP,156107,9790904007.1,254.0,231.45,256.39,243.5,244.92,243.5,39973220,244.94,244.94,243.5,9790904007.1,9790904007.1,9790904007.1,0.0,3,SUR,-3.72,
TQBR,2022-04-06,ГАЗПРОМ ао,GAZP,83962,5012277771.2,238.41,234.41,247.8,239.7,243.38,239.7,20595350,243.37,243.37,239.7,5012277771.2,5012277771.2,5012277771.2,0.0,3,SUR,-1.56,
TQBR,2022-04-07,ГАЗПРОМ ао,GAZP,84857,5434875701.5,240.04,239.13,246.8,245.0,242.43,245.0,22416890,242.45,242.45,245.0,5434875701.5,5434875701.5,5434875701.5,0.0,3,SUR,2.21,
TQBR,2022-04-08,ГАЗПРОМ ао,GAZP,64711,3598954977.3,246.79,240.0,246.79,241.07,242.38,241.07,14845610,242.43,242.43,241.07,3598954977.3,3598954977.3,3598954977.3,0.0,3,SUR,-1.6,
TQBR,2022-04-11,ГАЗПРОМ ао,GAZP,72546,3747244837.6,241.9,234.16,242.78,234.55,238.98,234.55,15676960,239.03,239.03,234.55,3747244837.6,3747244837.6,3747244837.6,0.0,3,SUR,-2.7,
TQBR,2022-04-12,ГАЗПРОМ ао,GAZP,104488,6129927530.6,234.0,223.0,236.63,236.3,229.57,236.3,26676990,229.78,229.78,236.3,6129927530.6,6129927530.6,6129927530.6,0.0,3,SUR,0.75,
TQBR,2022-04-13,ГАЗПРОМ ао,GAZP,57711,2993823236.2,238.0,232.13,239.64,234.87,235.68,234.87,12702160,235.69,235.69,234.87,2993823236.2,2993823236.2,2993823236.2,0.0,3,SUR,-0.61,
TQBR,2022-04-14,ГАЗПРОМ ао,GAZP,95429,4995104822.5,235.0,221.1,235.5,222.11,227.46,222.11,21964490,227.42,227.42,222.11,4995104822.5,4995104822.5,4995104822.5,0.0,3,SUR,-5.43,
TQBR,2022-04-15,ГАЗПРОМ ао,GAZP,83668,4438647556.8,222.0,215.74,226.65,224.0,222.14,224.0,19981170,222.14,222.14,224.0,4438647556.8,4438647556.8,4438647556.8,0.0,3,SUR,0.85,
TQBR,2022-04-18,ГАЗПРОМ ао,GAZP,75585,3444776595.7,224.1,216.6,226.0,216.99,220.36,216.99,15632330,220.36,220.36,216.99,3444776595.7,3444776595.7,3444776595.7,0.0,3,SUR,-3.13,
TQBR,2022-04-19,ГАЗПРОМ ао,GAZP,122387,6552986795.6,216.9,207.0,222.0,220.72,213.37,220.72,30711040,213.38,213.38,220.72,6552986795.6,6552986795.6,6552986795.6,0.0,3,SUR,1.72,
TQBR,2022-04-20,ГАЗПРОМ ао,GAZP,118138,7492867161.9,221.43,215.63,229.84,218.92,223.36,218.92,33617060,222.89,222.89,218.92,7492867161.9,7492867161.9,7492867161.9,0.0,3,SUR,-0.82,
TQBR,2022-04-21,ГАЗПРОМ ао,GAZP,91872,5237565194.7,220.0,210.29,221.0,210.29,215.42,210.29,24332810,215.25,215.25,210.29,5237565194.7,5237565194.7,5237565194.7,0.0,3,SUR,-3.94,
TQBR,2022-04-22,ГАЗПРОМ ао,GAZP,102582,6059844665.6,210.5,207.01,215.0,208.0,210.51,208.0,28813400,210.31,210.31,208.0,6059844665.6,6059844665.6,6059844665.6,0.0,3,SUR,-1.09,
TQBR,2022-04-25,ГАЗПРОМ ао,GAZP,84209,3878725277.8,209.95,201.12,209.95,206.35,205.61,206.35,18864290,205.61,205.61,206.35,3878725277.8,3878725277.8,3878725277.8,0.0,3,SUR,-0.79,
TQBR,2022-04-26,ГАЗПРОМ ао,GAZP,129749,10255227736.3,207.97,206.54,229.74,225.85,220.35,225.85,46546720,220.32,220.32,225.85,10255227736.3,10255227736.3,10255227736.3,0.0,3,SUR,9.45,
TQBR,2022-04-27,ГАЗПРОМ ао,GAZP,133506,11234713986.5,226.01,221.61,237.5,237.15,232.51,237.15,48324930,232.48,232.48,237.15,11234713986.5,11234713986.5,11234713986.5,0.0,3,SUR,5.0,
TQBR,2022-04-28,ГАЗПРОМ ао,GAZP,205034,16701157842.4,239.4,235.5,249.0,237.53,241.76,237.53,69099750,241.7,241.7,237.53,16701157842.4,16701157842.4,16701157842.4,0.0,3,SUR,0.16,
TQBR,2022-04-29,ГАЗПРОМ ао,GAZP,126616,10522782313.1,238.55,238.0,245.43,240.4,242.06,240.4,43469200,242.07,242.07,240.4,10522782313.1,10522782313.1,10522782313.1,0.0,3,SUR,1.21,
TQBR,2022-05-04,ГАЗПРОМ ао,GAZP,82828,4975812141.9,241.0,233.12,244.39,234.16,237.02,234.16,20992990,237.02,237.02,234.16,4975812141.9,4975812141.9,4975812141.9,0.0,3,SUR,-2.6,
TQBR,2022-05-05,ГАЗПРОМ ао,GAZP,59917,3522423229.6,235.54,235.08,239.4,238.6,237.65,238.6,14822190,237.65,237.65,238.6,3522423229.6,3522423229.6,3522423229.6,0.0,3,SUR,1.9,
TQBR,2022-05-06,ГАЗПРОМ ао,GAZP,68157,4300030312.4,238.5,235.1,242.92,240.1,238.75,240.1,18010420,238.75,238.75,240.1,4300030312.4,4300030312.4,4300030312.4,0.0,3,SUR,0.63,
TQBR,2022-05-11,ГАЗПРОМ ао,GAZP,64986,4000148049.3,239.8,237.58,243.35,241.99,240.93,241.99,16603030,240.93,240.93,241.99,4000148049.3,4000148049.3,4000148049.3,0.0,3,SUR,0.79,
TQBR,2022-05-12,ГАЗПРОМ ао,GAZP,81373,5744197011.9,241.89,227.22,241.89,230.56,235.32,230.56,24430110,235.13,235.13,230.56,5744197011.9,5744197011.9,5744197011.9,0.0,3,SUR,-4.72,
TQBR,2022-05-13,ГАЗПРОМ ао,GAZP,68374,4058045433.8,232.5,229.02,237.2,235.52,233.83,235.52,17353200,233.85,233.85,235.52,4058045433.8,4058045433.8,4058045433.8,0.0,3,SUR,2.15,
TQBR,2022-05-16,ГАЗПРОМ ао,GAZP,105652,6855961421.3,234.0,233.11,246.95,244.2,242.22,244.2,28311920,242.16,242.16,244.2,6855961421.3,6855961421.3,6855961421.3,0.0,3,SUR,3.69,
TQBR,2022-05-17,ГАЗПРОМ ао,GAZP,182407,15154451594.2,246.01,245.3,260.0,258.8,252.49,258.8,60032370,252.44,252.44,258.8,15154451594.2,15154451594.2,15154451594.2,0.0,3,SUR,5.98,
TQBR,2022-05-18,ГАЗПРОМ ао,GAZP,170787,13621059741.6,261.1,261.0,269.42,264.84,265.88,264.84,51227600,265.89,265.89,264.84,13621059741.6,13621059741.6,13621059741.6,0.0,3,SUR,2.33,
TQBR,2022-05-19,ГАЗПРОМ ао,GAZP,87517,6651990429.1,268.0,262.65,269.78,266.68,266.27,266.68,24980910,266.28,266.28,266.68,6651990429.1,6651990429.1,6651990429.1,0.0,3,SUR,0.69,
TQBR,2022-05-20,ГАЗПРОМ ао,GAZP,97041,7288273691.2,268.46,260.41,268.9,263.0,264.0,263.0,27615130,263.92,263.92,263.0,7288273691.2,7288273691.2,7288273691.2,0.0,3,SUR,-1.38,
TQBR,2022-05-23,ГАЗПРОМ ао,GAZP,100010,8168992604.1,265.44,263.0,273.0,263.0,266.68,263.0,30637540,266.63,266.63,263.0,8168992604.1,8168992604.1,8168992604.1,0.0,3,SUR,0.0,
TQBR,2022-05-24,ГАЗПРОМ ао,GAZP,166035,13576114030.7,263.0,250.4,267.29,265.8,259.23,265.8,52381290,259.18,259.18,265.8,13576114030.7,13576114030.7,13576114030.7,0.0,3,SUR,1.06,
TQBR,2022-05-25,ГАЗПРОМ ао,GAZP,121378,10079705215.5,268.48,263.8,271.66,271.4,268.43,271.4,37552300,268.42,268.42,271.4,10079705215.5,10079705215.5,10079705215.5,0.0,3,SUR,2.11,
TQBR,2022-05-26,ГАЗПРОМ ао,GAZP,403317,40927672812.3,273.0,245.0,298.31,295.89,279.59,295.89,146408540,279.54,279.54,295.89,40927672812.3,40927672812.3,40927672812.3,0.0,3,SUR,9.02,
TQBR,2022-05-27,ГАЗПРОМ ао,GAZP,179937,16239153061.1,300.0,293.53,305.0,294.5,298.88,294.5,54310020,299.01,299.01,294.5,16239153061.1,16239153061.1,16239153061.1,0.0,3,SUR,-0.47,
TQBR,2022-05-30,ГАЗПРОМ ао,GAZP,105521,9259315059.3,298.61,296.28,302.0,300.8,299.36,300.8,30930880,299.36,299.36,300.8,9259315059.3,9259315059.3,9259315059.3,0.0,3,SUR,2.14,
TQBR,2022-05-31,ГАЗПРОМ ао,GAZP,80507,5838208140.5,302.0,293.51,302.0,293.75,297.82,293.75,19592220,297.99,297.99,293.75,5838208140.5,5838208140.5,5838208140.5,0.0,3,SUR,-2.34,
TQBR,2022-06-01,ГАЗПРОМ ао,GAZP,77471,6702972572.6,293.5,290.25,299.5,297.69,296.75,297.69,22582050,296.83,296.83,297.69,6702972572.6,6702972572.6,6702972572.6,0.0,3,SUR,1.34,
TQBR,2022-06-02,ГАЗПРОМ ао,GAZP,71422,4955951028.0,297.69,294.9,299.33,296.0,296.59,296.0,16707880,296.62,296.62,296.0,4955951028.0,4955951028.0,4955951028.0,0.0,3,SUR,-0.57,
TQBR,2022-06-03,ГАЗПРОМ ао,GAZP,63869,5531758469.6,296.05,291.0,297.24,297.0,294.75,297.0,18775010,294.63,294.63,297.0,5531758469.6,5531758469.6,5531758469.6,0.0,3,SUR,0.34,
TQBR,2022-06-06,ГАЗПРОМ ао,GAZP,59280,4406169290.2,298.0,295.12,299.0,296.5,296.73,296.5,14848710,296.74,296.74,296.5,4406169290.2,4406169290.2,4406169290.2,0.0,3,SUR,-0.17,
TQBR,2022-06-07,ГАЗПРОМ ао,GAZP,56351,4651008297.8,297.42,294.52,298.69,297.99,296.56,297.99,15684380,296.54,296.54,297.99,4651008297.8,4651008297.8,4651008297.8,0.0,3,SUR,0.5,
TQBR,2022-06-08,ГАЗПРОМ ао,GAZP,117506,12354027758.9,298.8,298.16,309.6,308.0,305.87,308.0,40392440,305.85,305.85,308.0,12354027758.9,12354027758.9,12354027758.9,0.0,3,SUR,3.36,
TQBR,2022-06-09,ГАЗПРОМ ао,GAZP,82653,8101534836.7,310.0,303.2,310.52,306.5,306.27,306.5,26451350,306.28,306.28,306.5,8101534836.7,8101534836.7,8101534836.7,0.0,3,SUR,-0.49,
TQBR,2022-06-10,ГАЗПРОМ ао,GAZP,69741,6282397148.6,306.48,305.06,310.98,309.2,308.67,309.2,20352100,308.69,308.69,309.2,6282397148.6,6282397148.6,6282397148.6,0.0,3,SUR,0.88,
TQBR,2022-06-14,ГАЗПРОМ ао,GAZP,139432,15111685646.3,308.98,307.0,322.77,317.69,317.88,317.69,47542290,317.86,317.86,317.69,15111685646.3,15111685646.3,15111685646.3,0.0,3,SUR,2.75,
TQBR,2022-06-15,ГАЗПРОМ ао,GAZP,112389,10719931359.9,319.0,314.11,322.99,316.2,318.15,316.2,33734980,317.77,317.77,316.2,10719931359.9,10719931359.9,10719931359.9,0.0,3,SUR,-0.47,
TQBR,2022-06-16,ГАЗПРОМ ао,GAZP,78299,7450574565.3,316.5,314.5,318.25,316.99,316.38,316.99,23547120,316.41,316.41,316.99,7450574565.3,7450574565.3,7450574565.3,0.0,3,SUR,0.25,
TQBR,2022-06-17,ГАЗПРОМ ао,GAZP,53192,4138348662.5,317.54,313.5,317.7,315.5,315.19,315.5,13129490,315.19,315.19,315.5,4138348662.5,4138348662.5,4138348662.5,0.0,3,SUR,-0.47,
TQBR,2022-06-20,ГАЗПРОМ ао,GAZP,83212,6623275073.4,316.06,311.0,318.0,311.98,314.19,311.98,21076640,314.25,314.25,311.98,6623275073.4,6623275073.4,6623275073.4,0.0,3,SUR,-1.12,
TQBR,2022-06-21,ГАЗПРОМ ао,GAZP,161079,15468590553.4,312.31,300.77,312.86,301.58,305.35,301.58,50661420,305.33,305.33,301.58,15468590553.4,15468590553.4,15468590553.4,0.0,3,SUR,-3.33,
TQBR,2022-06-22,ГАЗПРОМ ао,GAZP,157286,14528985042.7,300.1,294.36,301.91,295.8,297.46,295.8,48837190,297.5,297.5,295.8,14528985042.7,14528985042.7,14528985042.7,0.0,3,SUR,-1.92,
TQBR,2022-06-23,ГАЗПРОМ ао,GAZP,141810,13867822395.4,295.81,291.1,304.6,303.5,296.55,303.5,46762610,296.56,296.56,303.5,13867822395.4,13867822395.4,13867822395.4,0.0,3,SUR,2.6,
TQBR,2022-06-24,ГАЗПРОМ ао,GAZP,114209,10779351236.8,304.0,295.55,307.45,296.0,299.97,296.0,35940500,299.92,299.92,296.0,10779351236.8,10779351236.8,10779351236.8,0.0,3,SUR,-2.47,
TQBR,2022-06-27,ГАЗПРОМ ао,GAZP,88749,6597921154.9,296.0,295.1,299.8,296.2,297.23,296.2,22197920,297.23,297.23,296.2,6597921154.9,6597921154.9,6597921154.9,0.0,3,SUR,0.07,
TQBR,2022-06-28,ГАЗПРОМ ао,GAZP,130066,11910884327.0,296.9,293.22,303.88,297.2,298.05,297.2,39961760,298.06,298.06,297.2,11910884327.0,11910884327.0,11910884327.0,0.0,3,SUR,0.34,
TQBR,2022-06-29,ГАЗПРОМ ао,GAZP,109772,10163790935.6,297.91,293.8,300.78,297.65,297.41,297.65,34170360,297.44,297.44,297.65,10163790935.6,10163790935.6,10163790935.6,0.0,3,SUR,0.15,
TQBR,2022-06-30,ГАЗПРОМ ао,GAZP,774022,69716321208.5,299.5,200.0,310.82,207.0,226.72,207.0,308032430,226.33,226.33,207.0,69716321208.5,69716321208.5,69716321208.5,0.0,3,SUR,-30.46,
TQBR,2022-07-01,ГАЗПРОМ ао,GAZP,340142,22242591175.1,200.48,186.2,201.85,192.5,194.5,192.5,114378500,194.46,194.46,192.5,22242591175.1,22242591175.1,22242591175.1,0.0,3,SUR,-7.0,
TQBR,2022-07-04,ГАЗПРОМ ао,GAZP,269443,15535554688.7,191.99,181.2,195.44,186.25,187.24,186.25,82969140,187.24,187.24,186.25,15535554688.7,15535554688.7,15535554688.7,0.0,3,SUR,-3.25,
TQBR,2022-07-05,ГАЗПРОМ ао,GAZP,227514,14696711693.9,186.25,185.2,199.87,197.3,193.27,197.3,76016250,193.34,193.34,197.3,14696711693.9,14696711693.9,14696711693.9,0.0,3,SUR,5.93,
TQBR,2022-07-06,ГАЗПРОМ ао,GAZP,261165,16536536151.0,197.78,194.44,205.78,195.42,200.64,195.42,82419920,200.64,200.64,195.42,16536536151.0,16536536151.0,16536536151.0,0.0,3,SUR,-0.95,
TQBR,2022-07-07,ГАЗПРОМ ао,GAZP,144929,8590236520.8,195.42,192.36,199.47,197.92,196.36,197.92,43747570,196.36,196.36,197.92,8590236520.8,8590236520.8,8590236520.8,0.0,3,SUR,1.28,
TQBR,2022-07-08,ГАЗПРОМ ао,GAZP,102016,5742674292.5,200.0,196.57,201.87,198.0,198.75,198.0,28893760,198.75,198.75,198.0,5742674292.5,5742674292.5,5742674292.5,0.0,3,SUR,0.04,
TQBR,2022-07-11,ГАЗПРОМ ао,GAZP,167414,8974838874.8,198.0,188.79,199.43,188.9,192.76,188.9,46550690,192.8,192.8,188.9,8974838874.8,8974838874.8,8974838874.8,0.0,3,SUR,-4.6,
TQBR,2022-07-12,ГАЗПРОМ ао,GAZP,159922,8807325588.6,189.15,184.0,193.0,191.4,187.83,191.4,46890990,187.83,187.83,191.4,8807325588.6,8807325588.6,8807325588.6,0.0,3,SUR,1.32,
TQBR,2022-07-13,ГАЗПРОМ ао,GAZP,112506,6260334482.6,191.22,185.3,194.0,186.0,188.26,186.0,33253510,188.26,188.26,186.0,6260334482.6,6260334482.6,6260334482.6,0.0,3,SUR,-2.82,
TQBR,2022-07-14,ГАЗПРОМ ао,GAZP,100723,5409360950.1,186.37,183.11,188.1,184.55,185.73,184.55,29125140,185.73,185.73,184.55,5409360950.1,5409360950.1,5409360950.1,0.0,3,SUR,-0.78,
TQBR,2022-07-15,ГАЗПРОМ ао,GAZP,75843,4297332424.7,184.6,183.22,188.9,187.61,186.41,187.61,23052570,186.41,186.41,187.61,4297332424.7,4297332424.7,4297332424.7,0.0,3,SUR,1.66,
TQBR,2022-07-18,ГАЗПРОМ ао,GAZP,62712,3182143693.5,189.0,185.52,189.5,186.7,187.31,186.7,16988830,187.31,187.31,186.7,3182143693.5,3182143693.5,3182143693.5,0.0,3,SUR,-0.49,
TQBR,2022-07-19,ГАЗПРОМ ао,GAZP,70747,4215014868.1,186.0,184.6,189.6,189.51,186.49,189.51,22601570,186.49,186.49,189.51,4215014868.1,4215014868.1,4215014868.1,0.0,3,SUR,1.51,
TQBR,2022-07-20,ГАЗПРОМ ао,GAZP,130672,8528995138.6,190.0,190.0,195.8,193.3,193.5,193.3,44078600,193.5,193.5,193.3,8528995138.6,8528995138.6,8528995138.6,0.0,3,SUR,2.0,
TQBR,2022-07-21,ГАЗПРОМ ао,GAZP,83996,5299213221.6,194.65,188.0,195.45,189.59,190.52,189.59,27814900,190.52,190.52,189.59,5299213221.6,5299213221.6,5299213221.6,0.0,3,SUR,-1.92,
TQBR,2022-07-22,ГАЗПРОМ ао,GAZP,62327,3420879384.9,189.0,188.6,192.95,192.25,191.45,192.25,17869300,191.44,191.44,192.25,3420879384.9,3420879384.9,3420879384.9,0.0,3,SUR,1.4,
TQBR,2022-07-25,ГАЗПРОМ ао,GAZP,71674,4273112899.0,192.6,190.56,194.65,192.0,193.02,192.0,22138550,193.02,193.02,192.0,4273112899.0,4273112899.0,4273112899.0,0.0,3,SUR,-0.13,
TQBR,2022-07-26,ГАЗПРОМ ао,GAZP,64406,3864679645.0,192.0,191.2,194.49,193.95,193.19,193.95,20004890,193.19,193.19,193.95,3864679645.0,3864679645.0,3864679645.0,0.0,3,SUR,1.02,
TQBR,2022-07-27,ГАЗПРОМ ао,GAZP,95891,5565438177.7,194.5,194.1,197.5,196.49,196.01,196.49,28393430,196.01,196.01,196.49,5565438177.7,5565438177.7,5565438177.7,0.0,3,SUR,1.31,
TQBR,2022-07-28,ГАЗПРОМ ао,GAZP,71745,4331580641.8,198.0,195.0,198.79,196.25,196.74,196.25,22017040,196.74,196.74,196.25,4331580641.8,4331580641.8,4331580641.8,0.0,3,SUR,-0.12,
TQBR,2022-07-29,ГАЗПРОМ ао,GAZP,50945,2761271661.3,196.25,193.5,196.8,195.26,195.12,195.26,14151520,195.12,195.12,195.26,2761271661.3,2761271661.3,2761271661.3,0.0,3,SUR,-0.5,
TQBR,2022-08-01,ГАЗПРОМ ао,GAZP,48056,2525738874.3,194.5,192.0,194.69,192.0,193.06,192.0,13080650,193.09,193.09,192.0,2525738874.3,2525738874.3,2525738874.3,0.0,3,SUR,-1.67,
TQBR,2022-08-02,ГАЗПРОМ ао,GAZP,80632,4583483590.6,191.56,186.8,191.68,187.16,188.6,187.16,24300060,188.62,188.62,187.16,4583483590.6,4583483590.6,4583483590.6,0.0,3,SUR,-2.52,
TQBR,2022-08-03,ГАЗПРОМ ао,GAZP,42125,2265618331.6,187.51,186.31,188.97,187.04,187.81,187.04,12063310,187.81,187.81,187.04,2265618331.6,2265618331.6,2265618331.6,0.0,3,SUR,-0.06,
TQBR,2022-08-04,ГАЗПРОМ ао,GAZP,55835,2477401905.3,187.0,184.3,187.22,184.9,185.48,184.9,13353850,185.52,185.52,184.9,2477401905.3,2477401905.3,2477401905.3,0.0,3,SUR,-1.14,
TQBR,2022-08-05,ГАЗПРОМ ао,GAZP,158690,8786618233.8,184.7,175.75,185.62,176.58,178.96,176.58,49095300,178.97,178.97,176.58,8786618233.8,8786618233.8,8786618233.8,0.0,3,SUR,-4.5,
TQBR,2022-08-08,ГАЗПРОМ ао,GAZP,92298,5952031552.7,180.0,177.25,181.82,177.86,179.32,177.86,33176870,179.4,179.4,177.86,5952031552.7,5952031552.7,5952031552.7,0.0,3,SUR,0.72,
TQBR,2022-08-09,ГАЗПРОМ ао,GAZP,78043,4335812122.5,178.0,175.2,181.38,181.04,177.44,181.04,24425460,177.51,177.51,181.04,4335812122.5,4335812122.5,4335812122.5,0.0,3,SUR,1.79,
TQBR,2022-08-10,ГАЗПРОМ ао,GAZP,66593,3689666299.6,181.04,178.53,182.33,178.81,180.31,178.81,20457670,180.36,180.36,178.81,3689666299.6,3689666299.6,3689666299.6,0.0,3,SUR,-1.23,
TQBR,2022-08-11,ГАЗПРОМ ао,GAZP,112234,4737649646.3,179.49,173.51,180.63,174.1,176.79,174.1,26791740,176.83,176.83,174.1,4737649646.3,4737649646.3,4737649646.3,0.0,3,SUR,-2.63,
TQBR,2022-08-12,ГАЗПРОМ ао,GAZP,76250,3566318422.3,174.5,172.29,175.88,174.36,173.85,174.36,20504730,173.93,173.93,174.36,3566318422.3,3566318422.3,3566318422.3,0.0,3,SUR,0.15,
TQBR,2022-08-15,ГАЗПРОМ ао,GAZP,72198,3212875207.0,174.01,172.4,175.5,174.8,173.58,174.8,18502690,173.64,173.64,174.8,3212875207.0,3212875207.0,3212875207.0,0.0,3,SUR,0.25,
TQBR,2022-08-16,ГАЗПРОМ ао,GAZP,113051,5929273182.8,175.5,174.7,181.61,181.3,179.22,181.3,33089780,179.19,179.19,181.3,5929273182.8,5929273182.8,5929273182.8,0.0,3,SUR,3.72,
TQBR,2022-08-17,ГАЗПРОМ ао,GAZP,82488,4330322783.8,181.9,176.4,182.49,176.5,178.66,176.5,24237120,178.66,178.66,176.5,4330322783.8,4330322783.8,4330322783.8,0.0,3,SUR,-2.65,
TQBR,2022-08-18,ГАЗПРОМ ао,GAZP,60851,2841732723.0,176.3,175.5,179.37,178.87,177.08,178.87,16035660,177.21,177.21,178.87,2841732723.0,2841732723.0,2841732723.0,0.0,3,SUR,1.34,
TQBR,2022-08-19,ГАЗПРОМ ао,GAZP,36735,1635528371.4,178.78,176.6,178.9,177.6,177.42,177.6,9218560,177.42,177.42,177.6,1635528371.4,1635528371.4,1635528371.4,0.0,3,SUR,-0.71,
TQBR,2022-08-22,ГАЗПРОМ ао,GAZP,80195,4108761126.8,177.4,176.88,182.2,181.7,180.24,181.7,22797150,180.23,180.23,181.7,4108761126.8,4108761126.8,4108761126.8,0.0,3,SUR,2.31,
TQBR,2022-08-23,ГАЗПРОМ ао,GAZP,74073,4966884316.3,182.39,182.1,185.8,184.3,184.52,184.3,26932120,184.42,184.42,184.3,4966884316.3,4966884316.3,4966884316.3,0.0,3,SUR,1.43,
TQBR,2022-08-24,ГАЗПРОМ ао,GAZP,54929,3228747880.5,184.7,182.19,186.66,182.83,183.95,182.83,17562350,183.84,183.84,182.83,3228747880.5,3228747880.5,3228747880.5,0.0,3,SUR,-0.8,
TQBR,2022-08-25,ГАЗПРОМ ао,GAZP,52086,2723967334.7,183.0,180.8,184.6,181.9,182.73,181.9,14907210,182.73,182.73,181.9,2723967334.7,2723967334.7,2723967334.7,0.0,3,SUR,-0.51,
TQBR,2022-08-26,ГАЗПРОМ ао,GAZP,46733,2371276448.9,181.7,180.5,184.2,183.62,182.15,183.62,13018100,182.15,182.15,183.62,2371276448.9,2371276448.9,2371276448.9,0.0,3,SUR,0.95,
TQBR,2022-08-29,ГАЗПРОМ ао,GAZP,81591,5703325782.7,183.15,182.65,190.0,190.0,186.52,190.0,30577150,186.52,186.52,190.0,5703325782.7,5703325782.7,5703325782.7,0.0,3,SUR,3.47,
TQBR,2022-08-30,ГАЗПРОМ ао,GAZP,248623,22184742616.6,190.45,190.45,204.2,204.0,197.14,204.0,112562060,197.09,197.09,204.0,22184742616.6,22184742616.6,22184742616.6,0.0,3,SUR,7.37,
TQBR,2022-08-31,ГАЗПРОМ ао,GAZP,485842,61122930849.2,224.4,224.4,275.96,254.9,255.28,254.9,239413560,255.3,255.3,254.9,61122930849.19,61122930849.19,61122930849.19,0.0,3,SUR,24.95,
TQBR,2022-09-01,ГАЗПРОМ ао,GAZP,214955,21015873556.1,258.0,247.62,259.85,249.11,251.16,249.11,83676830,251.16,251.16,249.11,21015873556.1,21015873556.1,21015873556.1,0.0,3,SUR,-2.27,
TQBR,2022-09-02,ГАЗПРОМ ао,GAZP,103396,9487742756.7,249.68,246.22,253.95,252.8,251.11,252.8,37791570,251.05,251.05,252.8,9487742756.7,9487742756.7,9487742756.7,0.0,3,SUR,1.48,
TQBR,2022-09-05,ГАЗПРОМ ао,GAZP,83689,7604255372.2,251.0,248.55,252.11,250.0,250.49,250.0,30359680,250.47,250.47,250.0,7604255372.2,7604255372.2,7604255372.2,0.0,3,SUR,-1.11,
TQBR,2022-09-06,ГАЗПРОМ ао,GAZP,140349,12722300531.2,249.99,241.0,250.2,246.0,246.65,246.0,51580940,246.65,246.65,246.0,12722300531.2,12722300531.2,12722300531.2,0.0,3,SUR,-1.6,
TQBR,2022-09-07,ГАЗПРОМ ао,GAZP,90164,7674774856.9,245.8,241.55,245.8,241.55,243.68,241.55,31496650,243.67,243.67,241.55,7674774856.9,7674774856.9,7674774856.9,0.0,3,SUR,-1.81,
TQBR,2022-09-08,ГАЗПРОМ ао,GAZP,114415,9425666948.5,241.55,237.84,245.3,243.95,240.79,243.95,39144110,240.79,240.79,243.95,9425666948.5,9425666948.5,9425666948.5,0.0,3,SUR,0.99,
TQBR,2022-09-09,ГАЗПРОМ ао,GAZP,81353,6673071756.0,244.48,242.16,247.2,245.34,244.57,245.34,27284440,244.57,244.57,245.34,6673071756.0,6673071756.0,6673071756.0,0.0,3,SUR,0.57,
TQBR,2022-09-12,ГАЗПРОМ ао,GAZP,97573,7643370938.7,243.99,241.06,247.0,242.98,244.26,243.3,31291710,244.32,244.32,242.98,7284107684.6,7284107684.6,7284107684.6,0.0,3,SUR,-0.83,
TQBR,2022-09-13,ГАЗПРОМ ао,GAZP,83172,5267000864.8,243.9,241.8,245.29,243.0,243.42,242.64,21638060,243.45,243.45,243.0,5004527808.5,5004527808.5,5004527808.5,0.0,3,SUR,-0.27,
TQBR,2022-09-14,ГАЗПРОМ ао,GAZP,69497,4787686086.0,242.29,240.0,243.39,243.39,241.38,243.32,19834970,241.26,241.26,243.39,4463482213.8,4463482213.8,4463482213.8,0.0,3,SUR,0.28,
TQBR,2022-09-15,ГАЗПРОМ ао,GAZP,68179,5391572918.9,243.32,241.91,244.3,243.9,243.25,243.68,22166490,243.2,243.2,243.9,5101434962.1,5101434962.1,5101434962.1,0.0,3,SUR,0.15,
TQBR,2022-09-16,ГАЗПРОМ ао,GAZP,104894,9150260099.4,243.67,241.83,248.2,243.55,244.76,243.8,37380700,244.86,244.86,243.55,8751288959.0,8751288959.0,8751288959.0,0.0,3,SUR,0.05,
TQBR,2022-09-19,ГАЗПРОМ ао,GAZP,61923,5213363476.2,243.19,242.71,245.91,243.43,244.31,244.21,21338940,244.33,244.33,243.43,4932761814.8,4932761814.8,4932761814.8,0.0,3,SUR,0.17,
TQBR,2022-09-20,ГАЗПРОМ ао,GAZP,513843,48455278279.3,242.4,200.01,243.45,218.21,227.3,221.15,213251680,228.79,228.79,218.21,40147223577.5,40147223577.5,40147223577.5,0.0,3,SUR,-9.44,
TQBR,2022-09-21,ГАЗПРОМ ао,GAZP,252361,21120339536.0,196.5,192.0,218.78,213.5,210.8,214.07,100156140,210.69,210.69,213.5,20257688273.8,20257688273.8,20257688273.8,0.0,3,SUR,-3.2,
TQBR,2022-09-22,ГАЗПРОМ ао,GAZP,302541,28918694437.1,215.01,215.01,237.77,232.9,228.72,231.45,126460980,228.47,228.47,232.9,27472152670.5,27472152670.5,27472152670.5,0.0,3,SUR,8.12,
TQBR,2022-09-23,ГАЗПРОМ ао,GAZP,177992,14240811813.6,233.4,222.22,234.5,224.25,226.34,224.84,62916290,226.52,226.52,224.25,13381491035.6,13381491035.6,13381491035.6,0.0,3,SUR,-2.86,
TQBR,2022-09-26,ГАЗПРОМ ао,GAZP,276422,22059937055.6,219.0,200.62,221.9,211.65,212.21,206.0,103858500,212.67,212.67,211.65,20597868854.5,20597868854.5,20597868854.5,0.0,3,SUR,-8.38,
TQBR,2022-09-27,ГАЗПРОМ ао,GAZP,197860,17267568977.2,211.36,207.12,217.36,214.2,212.24,217.3,81350390,212.0,212.0,214.2,15560160051.5,15560160051.5,15560160051.5,0.0,3,SUR,5.49,
TQBR,2022-09-28,ГАЗПРОМ ао,GAZP,217404,18077971880.2,217.0,208.66,223.7,212.34,216.7,217.38,83423270,216.74,216.74,212.34,16151099564.4,16151099564.4,16151099564.4,0.0,3,SUR,0.04,
TQBR,2022-09-29,ГАЗПРОМ ао,GAZP,200857,15290503525.7,219.5,210.51,226.8,217.26,217.64,226.46,70257170,215.11,215.11,217.26,9948337643.8,9948337643.8,9948337643.8,0.0,3,SUR,4.18,
TQBR,2022-09-30,ГАЗПРОМ ао,GAZP,591917,54576888661.7,231.68,189.42,238.72,216.11,221.68,217.7,245888420,222.09,222.09,216.11,52914371087.0,52914371087.0,52914371087.0,0.0,3,SUR,-3.87,
TQBR,2022-10-03,ГАЗПРОМ ао,GAZP,160291,10961390772.3,219.0,213.63,220.55,215.13,216.18,215.83,50702010,216.24,216.24,215.13,10043019319.6,10043019319.6,10043019319.6,0.0,3,SUR,-0.86,
TQBR,2022-10-04,ГАЗПРОМ ао,GAZP,169310,10529464370.9,216.48,208.8,216.7,211.3,211.56,210.72,49758590,211.63,211.63,211.3,9983174579.8,9983174579.8,9983174579.8,0.0,3,SUR,-2.37,
TQBR,2022-10-05,ГАЗПРОМ ао,GAZP,176797,11025582132.0,211.5,202.85,211.5,208.5,207.14,209.05,53221220,206.83,206.83,208.5,9804377415.2,9804377415.2,9804377415.2,0.0,3,SUR,-0.79,
TQBR,2022-10-06,ГАЗПРОМ ао,GAZP,159283,11035697069.4,210.0,209.06,216.88,213.0,213.64,212.86,51655640,213.7,213.7,213.0,10184910173.8,10184910173.8,10184910173.8,0.0,3,SUR,1.82,
TQBR,2022-10-07,ГАЗПРОМ ао,GAZP,322650,20733482647.0,212.84,195.01,212.84,201.4,204.24,195.15,101567600,206.02,206.02,201.4,15755376976.6,15755376976.6,15755376976.6,0.0,3,SUR,-8.32,
TQBR,2022-10-10,ГАЗПРОМ ао,GAZP,384939,18531837178.7,181.26,137.1,181.26,163.8,157.52,163.89,117002020,158.2,158.2,163.8,17865616441.8,17865616441.8,17865616441.8,0.0,3,SUR,-16.02,
TQBR,2022-10-11,ГАЗПРОМ ао,GAZP,118080,5401316843.5,163.89,159.62,165.2,163.0,162.38,162.89,33263090,162.34,162.34,163.0,5126048392.1,5126048392.1,5126048392.1,0.0,3,SUR,-0.61,
TQBR,2022-10-12,ГАЗПРОМ ао,GAZP,75023,2948736970.9,163.5,160.31,164.0,161.97,161.95,161.8,18207590,161.95,161.95,161.97,2777606587.5,2777606587.5,2777606587.5,0.0,3,SUR,-0.67,
TQBR,2022-10-13,ГАЗПРОМ ао,GAZP,79600,3192376497.8,161.69,159.48,162.45,161.0,160.87,160.84,19844500,160.86,160.86,161.0,2984715248.9,2984715248.9,2984715248.9,0.0,3,SUR,-0.59,
TQBR,2022-10-14,ГАЗПРОМ ао,GAZP,66548,2459720807.5,161.0,158.64,161.16,159.38,159.67,159.6,15405020,159.68,159.68,159.38,2255806628.0,2255806628.0,2255806628.0,0.0,3,SUR,-0.77,
TQBR,2022-10-17,ГАЗПРОМ ао,GAZP,93742,4354445805.9,160.0,159.6,163.8,162.5,162.19,163.24,26848530,162.15,162.15,162.5,3979461196.0,3979461196.0,3979461196.0,0.0,3,SUR,2.28,
TQBR,2022-10-18,ГАЗПРОМ ао,GAZP,82120,3375691012.0,164.0,159.1,164.64,163.0,162.35,160.2,20793190,163.09,163.09,163.0,2245778756.5,2245778756.5,2245778756.5,0.0,3,SUR,-1.86,
TQBR,2022-10-19,ГАЗПРОМ ао,GAZP,92884,3769974585.7,159.1,157.4,161.5,160.46,159.34,161.29,23659150,159.16,159.16,160.46,3382806444.2,3382806444.2,3382806444.2,0.0,3,SUR,0.68,
TQBR,2022-10-20,ГАЗПРОМ ао,GAZP,56870,2316699303.1,161.69,160.15,162.48,160.6,161.3,160.75,14362750,161.35,161.35,160.6,2108591045.6,2108591045.6,2108591045.6,0.0,3,SUR,-0.33,
TQBR,2022-10-21,ГАЗПРОМ ао,GAZP,119177,5837664258.5,160.0,159.03,169.96,163.0,164.24,166.99,35542660,160.73,160.73,163.0,2335519250.9,2335519250.9,2335519250.9,0.0,3,SUR,3.88,
TQBR,2022-10-24,ГАЗПРОМ ао,GAZP,86914,4322758360.5,168.0,164.82,168.88,165.9,166.67,165.47,25935680,166.74,166.74,165.9,4034000110.4,4034000110.4,4034000110.4,0.0,3,SUR,-0.91,
TQBR,2022-10-25,ГАЗПРОМ ао,GAZP,160649,8084532324.4,166.0,164.22,174.69,173.79,169.7,172.38,47641350,169.12,169.12,173.79,6818760051.0,6818760051.0,6818760051.0,0.0,3,SUR,4.18,
TQBR,2022-10-26,ГАЗПРОМ ао,GAZP,129136,5913060031.6,173.16,168.7,173.42,171.49,171.0,171.98,34577420,170.87,170.87,171.49,5170604351.7,5170604351.7,5170604351.7,0.0,3,SUR,-0.23,
TQBR,2022-10-27,ГАЗПРОМ ао,GAZP,103263,4032360383.7,172.5,171.3,173.98,173.06,172.94,172.47,23317060,172.93,172.93,173.06,3651010483.4,3651010483.4,3651010483.4,0.0,3,SUR,0.28,
TQBR,2022-10-28,ГАЗПРОМ ао,GAZP,106055,5077443486.4,171.89,169.41,172.35,170.3,170.58,170.73,29765070,170.58,170.58,170.3,4732625416.6,4732625416.6,4732625416.6,0.0,3,SUR,-1.01,
TQBR,2022-10-31,ГАЗПРОМ ао,GAZP,76502,2727443256.5,170.73,169.21,171.5,170.0,170.14,170.27,16029910,170.15,170.15,170.0,2503826294.9,2503826294.9,2503826294.9,0.0,3,SUR,-0.27,
TQBR,2022-11-01,ГАЗПРОМ ао,GAZP,72189,2867717776.4,170.9,169.75,171.29,170.0,170.5,169.92,16818990,170.54,170.54,170.0,2650006200.5,2650006200.5,2650006200.5,0.0,3,SUR,-0.21,
TQBR,2022-11-02,ГАЗПРОМ ао,GAZP,64031,3129559954.8,169.92,167.1,170.45,170.29,169.41,167.72,18473590,169.58,169.58,170.29,2476277808.7,2476277808.7,2476277808.7,0.0,3,SUR,-1.29,
TQBR,2022-11-03,ГАЗПРОМ ао,GAZP,68438,3055304138.8,167.01,166.68,169.65,169.47,168.0,169.14,18183990,167.88,167.88,169.47,2729677367.7,2729677367.7,2729677367.7,0.0,3,SUR,0.85,
TQBR,2022-11-07,ГАЗПРОМ ао,GAZP,70942,3755004290.7,171.01,169.52,171.59,169.99,171.19,169.85,22049230,170.34,170.34,169.99,3352566510.2,3352566510.2,3352566510.2,0.0,3,SUR,0.42,
TQBR,2022-11-08,ГАЗПРОМ ао,GAZP,73338,4310289556.8,170.05,169.17,172.0,170.0,170.56,169.97,25270830,170.64,170.64,170.0,3845579386.2,3845579386.2,3845579386.2,0.0,3,SUR,0.07,
TQBR,2022-11-09,ГАЗПРОМ ао,GAZP,74068,3217087747.1,169.84,166.15,170.32,168.1,168.48,167.1,19094240,168.85,168.85,168.1,2515930272.2,2515930272.2,2515930272.2,0.0,3,SUR,-1.69,
TQBR,2022-11-10,ГАЗПРОМ ао,GAZP,65900,4045026362.9,167.5,167.18,170.18,168.4,168.71,168.9,23976360,168.7,168.7,168.4,3605427790.9,3605427790.9,3605427790.9,0.0,3,SUR,1.08,
TQBR,2022-11-11,ГАЗПРОМ ао,GAZP,59046,2805412862.2,169.27,167.51,170.6,169.96,168.98,169.86,16602030,168.76,168.76,169.96,2301166368.0,2301166368.0,2301166368.0,0.0,3,SUR,0.57,
TQBR,2022-11-14,ГАЗПРОМ ао,GAZP,95537,5099357899.2,170.84,166.51,171.92,169.63,169.52,169.6,30081630,169.53,169.53,169.63,4650279455.9,4650279455.9,4650279455.9,0.0,3,SUR,-0.15,
TQBR,2022-11-15,ГАЗПРОМ ао,GAZP,103651,5546018252.5,171.08,161.79,171.3,169.25,166.93,166.25,33224560,169.43,169.43,169.25,2275939137.3,2275939137.3,2275939137.3,0.0,3,SUR,-1.98,
TQBR,2022-11-16,ГАЗПРОМ ао,GAZP,44706,2379288173.5,166.6,166.6,169.15,168.88,168.27,168.76,14139420,168.24,168.24,168.88,2174511323.2,2174511323.2,2174511323.2,0.0,3,SUR,1.51,
TQBR,2022-11-17,ГАЗПРОМ ао,GAZP,40579,1845288771.9,168.8,168.01,169.8,168.81,168.96,168.99,10921310,169.01,169.01,168.81,1637168281.2,1637168281.2,1637168281.2,0.0,3,SUR,0.14,
TQBR,2022-11-18,ГАЗПРОМ ао,GAZP,39112,1707708802.8,169.2,167.51,169.25,168.69,168.35,168.79,10143350,168.33,168.33,168.69,1569773465.6,1569773465.6,1569773465.6,0.0,3,SUR,-0.12,
TQBR,2022-11-21,ГАЗПРОМ ао,GAZP,37387,1725563831.4,168.55,167.0,168.67,167.64,167.67,168.13,10291110,167.64,167.64,167.64,1430722307.0,1430722307.0,1430722307.0,0.0,3,SUR,-0.39,
TQBR,2022-11-22,ГАЗПРОМ ао,GAZP,32746,1670496169.7,167.89,167.45,168.5,168.29,167.91,168.08,9949620,167.88,167.88,168.29,1456966952.2,1456966952.2,1456966952.2,0.0,3,SUR,-0.03,
TQBR,2022-11-23,ГАЗПРОМ ао,GAZP,52774,3106199281.2,168.2,167.5,170.6,169.0,169.13,169.15,18366230,169.15,169.15,169.0,2868885778.3,2868885778.3,2868885778.3,0.0,3,SUR,0.64,
TQBR,2022-11-24,ГАЗПРОМ ао,GAZP,37467,1833298407.6,169.41,168.6,170.87,169.29,169.64,168.96,10807160,169.67,169.67,169.29,1739652361.9,1739652361.9,1739652361.9,0.0,3,SUR,-0.11,
TQBR,2022-11-25,ГАЗПРОМ ао,GAZP,29052,1721053291.9,169.48,168.1,169.53,169.18,168.85,169.03,10192570,168.84,168.84,169.18,1582243067.0,1582243067.0,1582243067.0,0.0,3,SUR,0.04,
TQBR,2022-11-28,ГАЗПРОМ ао,GAZP,31453,1609190446.1,168.0,167.52,168.67,168.6,168.12,168.1,9571790,168.1,168.1,168.6,1502722932.5,1502722932.5,1502722932.5,0.0,3,SUR,-0.55,
TQBR,2022-11-29,ГАЗПРОМ ао,GAZP,27743,1649290018.2,168.59,167.92,169.0,168.0,168.22,168.1,9804330,168.22,168.22,168.0,1554965755.1,1554965755.1,1554965755.1,0.0,3,SUR,0.0,
TQBR,2022-11-30,ГАЗПРОМ ао,GAZP,36738,1988506921.7,167.99,167.6,168.19,167.7,167.97,167.7,11838510,168.01,168.01,167.7,1731141977.3,1731141977.3,1731141977.3,0.0,3,SUR,-0.24,
TQBR,2022-12-01,ГАЗПРОМ ао,GAZP,43814,2006640899.9,167.99,166.31,168.76,167.0,167.35,166.98,11990650,167.4,167.4,167.0,1833927137.3,1833927137.3,1833927137.3,0.0,3,SUR,-0.43,
TQBR,2022-12-02,ГАЗПРОМ ао,GAZP,68029,3370384786.5,167.0,164.18,167.19,166.08,165.37,165.86,20380560,165.35,165.35,166.08,3213962071.0,3213962071.0,3213962071.0,0.0,3,SUR,-0.67,
TQBR,2022-12-05,ГАЗПРОМ ао,GAZP,48930,2035084951.9,165.59,164.58,167.2,165.61,165.82,165.03,12272960,165.9,165.9,165.61,1791652860.1,1791652860.1,1791652860.1,0.0,3,SUR,-0.5,
TQBR,2022-12-06,ГАЗПРОМ ао,GAZP,50833,2217066674.3,165.02,163.12,165.68,165.0,164.36,164.3,13489070,164.36,164.36,165.0,2009419795.6,2009419795.6,2009419795.6,0.0,3,SUR,-0.44,
TQBR,2022-12-07,ГАЗПРОМ ао,GAZP,44044,1835794912.2,164.3,162.7,164.33,164.19,163.53,163.7,11225820,163.5,163.5,164.19,1690369702.8,1690369702.8,1690369702.8,0.0,3,SUR,-0.37,
TQBR,2022-12-08,ГАЗПРОМ ао,GAZP,35460,1443685494.0,163.56,162.71,163.99,163.75,163.18,163.0,8847010,163.17,163.17,163.75,1262694968.3,1262694968.3,1262694968.3,0.0,3,SUR,-0.43,
TQBR,2022-12-09,ГАЗПРОМ ао,GAZP,32376,1355191749.5,163.0,162.4,163.48,163.29,162.91,162.75,8318520,162.9,162.9,163.29,1130364574.8,1130364574.8,1130364574.8,0.0,3,SUR,-0.15,
TQBR,2022-12-12,ГАЗПРОМ ао,GAZP,58011,2142970046.0,163.24,161.85,163.81,162.98,162.65,162.89,13175480,162.63,162.63,162.98,2013444476.7,2013444476.7,2013444476.7,0.0,3,SUR,0.09,
TQBR,2022-12-13,ГАЗПРОМ ао,GAZP,34438,1380328165.4,162.96,162.0,163.44,162.8,162.49,162.4,8494600,162.53,162.53,162.8,1180720210.9,1180720210.9,1180720210.9,0.0,3,SUR,-0.3,
TQBR,2022-12-14,ГАЗПРОМ ао,GAZP,54910,2241346517.5,162.26,160.25,162.49,160.97,161.42,160.74,13893850,161.34,161.34,160.97,2018320213.1,2018320213.1,2018320213.1,0.0,3,SUR,-1.02,
TQBR,2022-12-15,ГАЗПРОМ ао,GAZP,75898,3515817550.7,160.74,157.72,161.25,160.74,159.64,160.31,22023150,159.56,159.56,160.74,3235579786.6,3235579786.6,3235579786.6,0.0,3,SUR,-0.27,
TQBR,2022-12-16,ГАЗПРОМ ао,GAZP,41178,2210039020.9,160.21,159.95,162.48,160.61,161.0,160.24,13726830,161.08,161.08,160.61,1983032146.1,1983032146.1,1983032146.1,0.0,3,SUR,-0.04,
TQBR,2022-12-19,ГАЗПРОМ ао,GAZP,68996,3061478808.1,159.9,157.0,160.12,157.8,158.34,157.61,19335040,158.38,158.38,157.8,2783217001.3,2783217001.3,2783217001.3,0.0,3,SUR,-1.64,
TQBR,2022-12-20,ГАЗПРОМ ао,GAZP,52589,2480615172.4,157.49,157.38,159.45,158.95,158.29,158.94,15671170,158.25,158.25,158.95,2282808754.7,2282808754.7,2282808754.7,0.0,3,SUR,0.84,
TQBR,2022-12-21,ГАЗПРОМ ао,GAZP,63780,2610768158.9,159.44,156.5,160.0,157.48,157.99,157.59,16525360,158.03,158.03,157.48,2418001395.5,2418001395.5,2418001395.5,0.0,3,SUR,-0.85,
TQBR,2022-12-22,ГАЗПРОМ ао,GAZP,41778,1670602807.1,157.69,157.12,159.0,157.97,158.03,157.95,10571570,158.03,158.03,157.97,1534698829.0,1534698829.0,1534698829.0,0.0,3,SUR,0.23,
TQBR,2022-12-23,ГАЗПРОМ ао,GAZP,75277,3733521068.1,157.95,157.22,162.5,162.0,160.24,160.89,23300170,160.11,160.11,162.0,3208999228.6,3208999228.6,3208999228.6,0.0,3,SUR,1.86,
TQBR,2022-12-26,ГАЗПРОМ ао,GAZP,45583,2452915067.7,161.73,160.8,163.1,162.3,161.92,162.12,15149270,161.9,161.9,162.3,2267001318.7,2267001318.7,2267001318.7,0.0,3,SUR,0.76,
TQBR,2022-12-27,ГАЗПРОМ ао,GAZP,60645,3324014480.6,162.46,161.98,164.98,163.31,163.47,164.07,20333960,163.45,163.45,163.31,3103367189.3,3103367189.3,3103367189.3,0.0,3,SUR,1.2,
TQBR,2022-12-28,ГАЗПРОМ ао,GAZP,50273,2215405965.2,164.25,161.81,164.79,162.38,162.76,161.82,13612100,162.84,162.84,162.38,1908943045.9,1908943045.9,1908943045.9,0.0,3,SUR,-1.37,
TQBR,2022-12-29,ГАЗПРОМ ао,GAZP,35087,1501165204.5,161.8,161.74,163.38,162.99,162.57,162.91,9234560,162.53,162.53,162.99,1352576432.1,1352576432.1,1352576432.1,0.0,3,SUR,0.67,
TQBR,2022-12-30,ГАЗПРОМ ао,GAZP,41834,1894595741.6,162.91,161.8,164.0,162.72,162.72,162.56,11643310,162.72,162.72,162.72,1698373791.0,1698373791.0,1698373791.0,0.0,3,SUR,-0.21,
TQBR,2023-01-03,ГАЗПРОМ ао,GAZP,29525,1044850941.1,163.0,162.33,164.36,163.79,163.61,163.52,6386140,163.61,163.61,163.79,963445910.8,963445910.8,963445910.8,0.0,3,SUR,0.59,
TQBR,2023-01-04,ГАЗПРОМ ао,GAZP,29637,1085745294.4,163.48,162.06,163.48,162.76,162.61,162.51,6677170,162.6,162.6,162.76,956852284.1,956852284.1,956852284.1,0.0,3,SUR,-0.62,
TQBR,2023-01-05,ГАЗПРОМ ао,GAZP,35362,1228094649.1,162.5,160.71,162.85,161.25,161.46,161.2,7605990,161.47,161.47,161.25,1155011809.0,1155011809.0,1155011809.0,0.0,3,SUR,-0.81,
TQBR,2023-01-06,ГАЗПРОМ ао,GAZP,25182,849778959.6,161.2,161.1,162.59,162.0,161.95,162.1,5247160,161.97,161.97,162.0,711780481.2,711780481.2,711780481.2,0.0,3,SUR,0.56,
TQBR,2023-01-09,ГАЗПРОМ ао,GAZP,40900,1585386826.3,162.99,161.88,163.49,163.44,162.66,162.71,9747070,162.62,162.62,163.44,1377586589.2,1377586589.2,1377586589.2,0.0,3,SUR,0.38,
TQBR,2023-01-10,ГАЗПРОМ ао,GAZP,32299,1190522691.1,162.71,161.44,162.98,162.6,162.01,162.1,7348430,162.0,162.0,162.6,1102981002.5,1102981002.5,1102981002.5,0.0,3,SUR,-0.37,
TQBR,2023-01-11,ГАЗПРОМ ао,GAZP,77413,4149931139.6,162.05,161.7,167.19,165.61,164.37,165.83,25247100,164.24,164.24,165.61,3747264480.8,3747264480.8,3747264480.8,0.0,3,SUR,2.3,
TQBR,2023-01-12,ГАЗПРОМ ао,GAZP,48382,1874103142.7,165.71,163.75,165.79,164.3,164.76,164.17,11374610,164.85,164.85,164.3,1620912659.0,1620912659.0,1620912659.0,0.0,3,SUR,-1.0,
TQBR,2023-01-13,ГАЗПРОМ ао,GAZP,45711,2015473574.0,164.3,163.5,165.73,165.0,164.51,164.56,12251190,164.49,164.49,165.0,1825525227.8,1825525227.8,1825525227.8,0.0,3,SUR,0.24,
TQBR,2023-01-16,ГАЗПРОМ ао,GAZP,51587,2437420932.8,165.1,164.9,166.8,166.14,165.97,165.8,14684580,166.0,166.0,,2198189747.5,2198189747.5,,0.0,3,SUR,0.75,
TQBR,2023-01-17,ГАЗПРОМ ао,GAZP,80027,2958615256.0,165.8,162.0,165.92,162.63,163.72,162.33,18071260,163.96,163.96,,2463277496.1,2463277496.1,,0.0,3,SUR,-2.09,
TQBR,2023-01-18,ГАЗПРОМ ао,GAZP,58266,2352881804.1,162.52,160.81,163.96,162.86,162.55,162.18,14474410,162.56,162.56,,2133119507.5,2133119507.5,,0.0,3,SUR,-0.09,
TQBR,2023-01-19,ГАЗПРОМ ао,GAZP,65095,2515325207.9,161.99,160.01,162.49,160.99,160.85,160.53,15637850,160.88,160.88,,2319518104.3,2319518104.3,,0.0,3,SUR,-1.02,
TQBR,2023-01-20,ГАЗПРОМ ао,GAZP,75354,2633982076.0,160.56,158.55,161.45,158.9,159.41,158.85,16523360,159.47,159.47,,2392087601.3,2392087601.3,,0.0,3,SUR,-1.05,
TQBR,2023-01-23,ГАЗПРОМ ао,GAZP,55902,2407230654.3,158.85,158.2,160.49,160.0,159.46,160.06,15094450,159.44,159.44,,2210746907.0,2210746907.0,,0.0,3,SUR,0.76,
TQBR,2023-01-24,ГАЗПРОМ ао,GAZP,73060,2639081898.0,160.3,157.44,160.83,157.95,158.8,157.88,16620430,158.94,158.94,,2246836608.5,2246836608.5,,0.0,3,SUR,-1.36,
TQBR,2023-01-25,ГАЗПРОМ ао,GAZP,60439,2457914846.9,157.9,156.71,159.13,158.39,157.83,158.99,15570640,157.74,157.74,,2186996692.1,2186996692.1,,0.0,3,SUR,0.7,
TQBR,2023-01-26,ГАЗПРОМ ао,GAZP,53370,1957310744.3,159.12,157.13,159.43,157.24,158.04,157.58,12385230,158.08,158.08,,1761272506.3,1761272506.3,,0.0,3,SUR,-0.89,
TQBR,2023-01-27,ГАЗПРОМ ао,GAZP,57773,1946923280.5,157.58,156.91,159.33,159.15,158.37,159.08,12293860,158.3,158.3,,1748221601.8,1748221601.8,,0.0,3,SUR,0.95,
TQBR,2023-01-30,ГАЗПРОМ ао,GAZP,52003,1701425563.3,159.08,157.7,159.67,159.04,158.41,158.41,10740220,158.37,158.37,,1491647898.8,1491647898.8,,0.0,3,SUR,-0.42,
TQBR,2023-01-31,ГАЗПРОМ ао,GAZP,54266,2400534530.3,158.41,158.0,160.0,158.57,158.67,158.1,15129060,158.71,158.71,,2063783192.0,2063783192.0,,0.0,3,SUR,-0.2,
TQBR,2023-02-01,ГАЗПРОМ ао,GAZP,58427,2252680652.1,158.3,157.54,158.66,158.49,158.18,158.12,14240340,158.2,158.2,,1977807490.6,1977807490.6,,0.0,3,SUR,0.01,
TQBR,2023-02-02,ГАЗПРОМ ао,GAZP,50638,1895520588.2,158.44,157.31,158.59,158.27,158.07,158.1,11991300,158.07,158.07,,1635439985.3,1635439985.3,,0.0,3,SUR,-0.01,
TQBR,2023-02-03,ГАЗПРОМ ао,GAZP,169646,11193078018.2,158.09,156.76,163.96,162.18,160.96,160.87,69539880,160.95,160.95,,10226129868.6,10226129868.6,,0.0,3,SUR,1.75,
TQBR,2023-02-06,ГАЗПРОМ ао,GAZP,88911,4503125915.8,160.68,158.91,161.76,159.2,159.98,160.14,28144330,160.03,160.03,,3973170748.7,3973170748.7,,0.0,3,SUR,-0.45,
TQBR,2023-02-07,ГАЗПРОМ ао,GAZP,51876,2234074832.6,160.5,159.51,161.35,159.61,160.09,159.87,13954930,160.11,160.11,,2037194403.7,2037194403.7,,0.0,3,SUR,-0.17,
TQBR,2023-02-08,ГАЗПРОМ ао,GAZP,65896,2651241562.4,160.01,157.82,160.42,158.32,158.86,158.18,16688290,158.95,158.95,,2351906160.1,2351906160.1,,0.0,3,SUR,-1.06,
TQBR,2023-02-09,ГАЗПРОМ ао,GAZP,78359,4405526876.1,158.5,157.6,160.44,159.15,159.27,159.19,27661050,159.27,159.27,,4177089847.7,4177089847.7,,0.0,3,SUR,0.64,
TQBR,2023-02-10,ГАЗПРОМ ао,GAZP,38975,1567193270.8,159.07,158.32,159.46,158.86,158.71,158.68,9874270,158.71,158.71,,1391371299.2,1391371299.2,,0.0,3,SUR,-0.32,
TQBR,2023-02-13,ГАЗПРОМ ао,GAZP,49934,1808640473.5,159.47,158.0,159.47,158.49,158.39,158.01,11418540,158.43,158.43,,1564170798.0,1564170798.0,,0.0,3,SUR,-0.42,
TQBR,2023-02-14,ГАЗПРОМ ао,GAZP,75546,2916539344.5,157.9,155.13,158.1,156.35,156.68,156.52,18614580,156.69,156.69,,2746902399.7,2746902399.7,,0.0,3,SUR,-0.94,
TQBR,2023-02-15,ГАЗПРОМ ао,GAZP,109199,4250342138.5,156.05,150.6,156.07,153.3,154.19,153.09,27565120,155.03,155.03,,2791635177.3,2791635177.3,,0.0,3,SUR,-2.19,
TQBR,2023-02-16,ГАЗПРОМ ао,GAZP,61756,2652065953.5,154.01,151.62,154.5,153.1,153.07,153.56,17324800,153.07,153.07,,2413622002.3,2413622002.3,,0.0,3,SUR,0.31,
TQBR,2023-02-17,ГАЗПРОМ ао,GAZP,46431,2041943661.3,153.4,152.83,155.08,153.78,153.94,153.62,13264910,153.97,153.97,,1874881879.1,1874881879.1,,0.0,3,SUR,0.04,
TQBR,2023-02-20,ГАЗПРОМ ао,GAZP,61894,2339971352.4,153.62,151.62,154.3,154.1,152.77,153.24,15317010,152.68,152.68,,2074719198.1,2074719198.1,,0.0,3,SUR,-0.25,
TQBR,2023-02-21,ГАЗПРОМ ао,GAZP,62025,3320203737.1,153.61,153.61,156.43,154.65,155.18,154.97,21395970,155.2,155.2,,3061381070.4,3061381070.4,,0.0,3,SUR,1.13,
TQBR,2023-02-22,ГАЗПРОМ ао,GAZP,44537,1806072363.0,154.89,153.5,156.4,155.67,154.97,155.31,11653990,154.88,154.88,,1552320640.7,1552320640.7,,0.0,3,SUR,0.22,
TQBR,2023-02-24,ГАЗПРОМ ао,GAZP,42056,1547378406.1,155.53,153.72,156.98,154.15,155.08,154.22,9977840,155.17,155.17,,1408422202.3,1408422202.3,,0.0,3,SUR,-0.7,
TQBR,2023-02-27,ГАЗПРОМ ао,GAZP,63454,2670360571.4,153.9,153.5,157.3,156.52,155.88,156.34,17130630,155.82,155.82,,2455650298.3,2455650298.3,,0.0,3,SUR,1.37,
TQBR,2023-02-28,ГАЗПРОМ ао,GAZP,65005,2891641712.6,156.49,155.56,158.09,157.72,156.83,157.66,18437840,156.75,156.75,,2567599526.4,2567599526.4,,0.0,3,SUR,0.84,
TQBR,2023-03-01,ГАЗПРОМ ао,GAZP,161635,10984803563.6,158.0,157.99,164.56,162.44,162.17,164.5,67730800,162.01,162.01,,9846168334.0,9846168334.0,,0.0,3,SUR,4.34,
TQBR,2023-03-02,ГАЗПРОМ ао,GAZP,121923,8600470910.3,164.18,159.5,164.34,161.19,161.68,160.9,53198820,161.7,161.7,,8162082865.0,8162082865.0,,0.0,3,SUR,-2.19,
TQBR,2023-03-03,ГАЗПРОМ ао,GAZP,55951,3459794984.0,161.2,160.9,163.3,161.8,162.19,162.27,21331010,162.19,162.19,,3082815667.4,3082815667.4,,0.0,3,SUR,0.85,
TQBR,2023-03-06,ГАЗПРОМ ао,GAZP,55185,3190445492.4,163.2,162.52,164.3,163.71,163.5,163.35,19513700,163.5,163.5,,2893426206.7,2893426206.7,,0.0,3,SUR,0.67,
TQBR,2023-03-07,ГАЗПРОМ ао,GAZP,41462,2257065464.7,163.8,162.0,163.85,162.9,162.92,162.57,13857120,162.91,162.91,,2022662873.2,2022662873.2,,0.0,3,SUR,-0.48,
TQBR,2023-03-09,ГАЗПРОМ ао,GAZP,49964,2258108682.8,162.21,161.12,163.18,161.75,161.86,161.21,13951080,161.92,161.92,,1971905388.0,1971905388.0,,0.0,3,SUR,-0.84,
TQBR,2023-03-10,ГАЗПРОМ ао,GAZP,50840,2764175212.1,160.5,159.51,161.29,160.2,160.31,160.04,17242280,160.34,160.34,,2512627712.6,2512627712.6,,0.0,3,SUR,-0.73,
TQBR,2023-03-13,ГАЗПРОМ ао,GAZP,61616,3232817932.3,160.35,158.3,161.62,159.3,159.71,159.03,20242370,159.76,159.76,,2982265246.7,2982265246.7,,0.0,3,SUR,-0.63,
TQBR,2023-03-14,ГАЗПРОМ ао,GAZP,46692,2809175624.6,158.89,158.55,161.4,161.17,160.42,161.0,17511280,160.37,160.37,,2256505918.1,2256505918.1,,0.0,3,SUR,1.24,
TQBR,2023-03-15,ГАЗПРОМ ао,GAZP,81362,3999602129.9,161.69,158.05,162.48,159.15,160.27,159.68,24955980,160.39,160.39,,3555655416.4,3555655416.4,,0.0,3,SUR,-0.82,
TQBR,2023-03-16,ГАЗПРОМ ао,GAZP,51155,3336229190.9,159.85,158.5,160.83,159.28,159.49,159.71,20918470,159.48,159.48,,3164222921.4,3164222921.4,,0.0,3,SUR,0.02,
TQBR,2023-03-17,ГАЗПРОМ ао,GAZP,102457,6779687719.9,160.19,159.85,164.41,163.08,162.36,163.29,41756740,162.28,162.28,,6205396759.0,6205396759.0,,0.0,3,SUR,2.24,
TQBR,2023-03-20,ГАЗПРОМ ао,GAZP,267702,21978388873.0,164.4,164.14,176.86,173.33,171.57,175.7,128096680,170.61,170.61,,17228498213.1,17228498213.1,,0.0,3,SUR,7.6,
TQBR,2023-03-21,ГАЗПРОМ ао,GAZP,201901,18597619015.2,176.0,168.66,177.25,172.13,173.05,170.55,107470840,173.43,173.43,,16126501289.7,16126501289.7,,0.0,3,SUR,-2.93,
TQBR,2023-03-22,ГАЗПРОМ ао,GAZP,90333,6595773445.0,170.0,167.7,171.38,169.72,169.38,168.72,38941190,169.38,169.38,,5879315611.3,5879315611.3,,0.0,3,SUR,-1.07,
TQBR,2023-03-23,ГАЗПРОМ ао,GAZP,52443,3165567592.3,168.72,167.82,169.71,169.1,168.78,168.84,18755770,168.75,168.75,,2845253693.0,2845253693.0,,0.0,3,SUR,0.07,
TQBR,2023-03-24,ГАЗПРОМ ао,GAZP,43606,2492467994.2,169.23,168.01,169.49,169.0,168.68,169.03,14775980,168.66,168.66,,2131875543.1,2131875543.1,,0.0,3,SUR,0.11,
TQBR,2023-03-27,ГАЗПРОМ ао,GAZP,83789,6190973001.5,170.2,169.74,173.25,172.3,171.82,172.33,36031430,171.66,171.66,,4966979178.7,4966979178.7,,0.0,3,SUR,1.95,
TQBR,2023-03-28,ГАЗПРОМ ао,GAZP,74028,4614333299.5,172.94,169.1,172.94,170.72,170.58,171.07,27050730,170.57,170.57,,4313476022.0,4313476022.0,,0.0,3,SUR,-0.73,
TQBR,2023-03-29,ГАЗПРОМ ао,GAZP,59297,3841502396.6,171.58,169.41,172.5,170.68,171.13,170.95,22448680,171.15,171.15,,3369403337.2,3369403337.2,,0.0,3,SUR,-0.07,
TQBR,2023-03-30,ГАЗПРОМ ао,GAZP,41954,2517969423.5,170.78,170.02,171.8,171.27,171.13,171.71,14713810,171.09,171.09,,2245198220.7,2245198220.7,,0.0,3,SUR,0.44,
TQBR,2023-03-31,ГАЗПРОМ ао,GAZP,89990,5331859695.0,172.0,168.14,172.71,169.7,169.9,169.83,31382430,169.91,169.91,,4833118641.7,4833118641.7,,0.0,3,SUR,-1.09,
TQBR,2023-04-03,ГАЗПРОМ ао,GAZP,68103,3879998447.2,170.99,169.0,171.5,169.75,170.24,170.38,22791210,170.25,170.25,,3552894437.1,3552894437.1,,0.0,3,SUR,0.32,
TQBR,2023-04-04,ГАЗПРОМ ао,GAZP,149732,12722343198.6,171.0,170.14,176.0,171.11,173.81,172.55,73197080,173.91,173.91,,12004630529.9,12004630529.9,,0.0,3,SUR,1.27,
TQBR,2023-04-05,ГАЗПРОМ ао,GAZP,68565,5691178694.1,172.55,170.58,174.48,173.18,172.95,173.86,32905650,172.88,172.88,,5115873426.4,5115873426.4,,0.0,3,SUR,0.76,
TQBR,2023-04-06,ГАЗПРОМ ао,GAZP,78984,5243774027.6,174.02,171.3,175.0,172.05,173.34,171.6,30250960,173.5,173.5,,4644383854.0,4644383854.0,,0.0,3,SUR,-1.3,
TQBR,2023-04-07,ГАЗПРОМ ао,GAZP,54102,3088837815.7,171.5,171.29,173.18,172.36,172.3,173.09,17927510,172.23,172.23,,2571765798.3,2571765798.3,,0.0,3,SUR,0.87,
TQBR,2023-04-10,ГАЗПРОМ ао,GAZP,64768,4070633698.5,173.55,173.23,175.2,174.38,174.18,174.54,23369990,174.01,174.01,,3124470286.3,3124470286.3,,0.0,3,SUR,0.84,
TQBR,2023-04-11,ГАЗПРОМ ао,GAZP,238181,21115983704.3,175.5,175.2,182.5,176.32,178.64,177.18,118205120,178.79,178.79,,19467037339.2,19467037339.2,,0.0,3,SUR,1.51,
TQBR,2023-04-12,ГАЗПРОМ ао,GAZP,75247,6649787119.1,178.32,175.55,179.78,177.96,177.72,178.75,37417720,177.66,177.66,,6221933042.8,6221933042.8,,0.0,3,SUR,0.89,
TQBR,2023-04-13,ГАЗПРОМ ао,GAZP,64827,5501320772.2,179.1,176.8,180.59,178.94,178.78,178.73,30771170,178.78,178.78,,4986761779.4,4986761779.4,,0.0,3,SUR,-0.01,
TQBR,2023-04-14,ГАЗПРОМ ао,GAZP,46702,3637495474.9,179.0,177.1,180.1,178.52,178.48,179.5,20380880,178.12,178.12,,2529891852.8,2529891852.8,,0.0,3,SUR,0.43,
TQBR,2023-04-17,ГАЗПРОМ ао,GAZP,62214,5197513669.4,180.85,180.08,182.15,181.57,181.13,181.99,28695010,180.99,180.99,,4355450357.6,4355450357.6,,0.0,3,SUR,1.39,
TQBR,2023-04-18,ГАЗПРОМ ао,GAZP,81734,7610476924.7,182.41,182.0,184.97,184.0,183.35,184.39,41506690,183.29,183.29,,6975758769.3,6975758769.3,,0.0,3,SUR,1.32,
TQBR,2023-04-19,ГАЗПРОМ ао,GAZP,91863,8765679161.1,184.33,180.3,185.32,182.21,182.81,182.01,47950670,182.89,182.89,,7955801401.5,7955801401.5,,0.0,3,SUR,-1.29,
TQBR,2023-04-20,ГАЗПРОМ ао,GAZP,77680,6986765788.9,182.03,178.64,182.72,182.21,180.94,181.74,38613080,180.85,180.85,,6320810058.1,6320810058.1,,0.0,3,SUR,-0.15,
TQBR,2023-04-21,ГАЗПРОМ ао,GAZP,43926,3814045319.7,182.0,181.21,183.49,182.38,182.12,181.72,20942550,182.14,182.14,,3363349757.2,3363349757.2,,0.0,3,SUR,-0.01,
TQBR,2023-04-24,ГАЗПРОМ ао,GAZP,94516,8023727873.2,181.48,170.63,183.88,181.53,180.81,181.56,44375970,180.76,180.76,,7639020039.5,7639020039.5,,0.0,3,SUR,-0.09,
TQBR,2023-04-25,ГАЗПРОМ ао,GAZP,79345,5264677004.9,181.5,178.0,182.11,179.75,179.85,178.93,29273380,180.07,180.07,,4350126950.5,4350126950.5,,0.0,3,SUR,-1.45,
TQBR,2023-04-26,ГАЗПРОМ ао,GAZP,50093,2970144472.7,179.05,178.03,179.84,178.53,178.81,178.38,16609200,178.88,178.88,,2548376012.7,2548376012.7,,0.0,3,SUR,-0.31,
TQBR,2023-04-27,ГАЗПРОМ ао,GAZP,98930,8971213128.8,178.24,177.62,184.87,183.0,182.02,183.95,49286970,181.61,181.61,,7086840738.9,7086840738.9,,0.0,3,SUR,3.12,
TQBR,2023-04-28,ГАЗПРОМ ао,GAZP,92932,7081386704.2,184.4,179.64,185.0,181.6,182.29,181.13,38845710,182.39,182.39,,6542688080.2,6542688080.2,,0.0,3,SUR,-1.53,
TQBR,2023-05-02,ГАЗПРОМ ао,GAZP,92710,5919315024.5,181.0,175.8,181.86,178.5,178.85,177.97,33096090,178.93,178.93,,5291977206.7,5291977206.7,,0.0,3,SUR,-1.74,
TQBR,2023-05-03,ГАЗПРОМ ао,GAZP,110606,6582387384.6,177.76,172.15,177.79,172.65,174.77,172.87,37664120,175.15,175.15,,5383886253.8,5383886253.8,,0.0,3,SUR,-2.87,
TQBR,2023-05-04,ГАЗПРОМ ао,GAZP,62106,3544238041.3,173.23,172.01,174.24,172.55,173.13,173.66,20471210,173.11,173.11,,3206613008.3,3206613008.3,,0.0,3,SUR,0.46,
TQBR,2023-05-05,ГАЗПРОМ ао,GAZP,69223,3941511301.3,173.66,171.16,175.48,173.49,173.67,172.09,22696940,174.0,174.0,,3127152146.4,3127152146.4,,0.0,3,SUR,-0.9,
TQBR,2023-05-08,ГАЗПРОМ ао,GAZP,32753,1967488779.8,172.6,170.65,172.91,171.5,171.22,170.84,11491060,171.25,171.25,,1656080400.2,1656080400.2,,0.0,3,SUR,-0.73,
TQBR,2023-05-10,ГАЗПРОМ ао,GAZP,129896,8898739132.5,171.3,171.12,176.74,175.34,174.56,175.53,50981740,174.43,174.43,,8071496914.6,8071496914.6,,0.0,3,SUR,2.75,
TQBR,2023-05-11,ГАЗПРОМ ао,GAZP,125646,8831777335.5,176.19,171.61,178.11,176.2,175.43,174.13,50340780,176.29,176.29,,5953848778.3,5953848778.3,,0.0,3,SUR,-0.8,
TQBR,2023-05-12,ГАЗПРОМ ао,GAZP,62107,4067980492.2,174.3,172.61,175.0,173.3,173.47,173.95,23451420,173.47,173.47,,3443140653.3,3443140653.3,,0.0,3,SUR,-0.1,
TQBR,2023-05-15,ГАЗПРОМ ао,GAZP,127307,9927708131.7,174.69,173.2,179.83,173.9,176.73,179.04,56172480,174.36,174.36,,3860192723.3,3860192723.3,,0.0,3,SUR,2.93,
TQBR,2023-05-16,ГАЗПРОМ ао,GAZP,127082,9170996739.3,179.9,176.73,181.8,177.02,178.97,177.05,51242280,179.08,179.08,,8513721750.5,8513721750.5,,0.0,3,SUR,-1.11,
TQBR,2023-05-17,ГАЗПРОМ ао,GAZP,96620,6519315162.2,176.9,174.72,178.38,175.89,176.07,176.3,37026420,176.05,176.05,,5809673683.1,5809673683.1,,0.0,3,SUR,-0.42,
TQBR,2023-05-18,ГАЗПРОМ ао,GAZP,88874,5987331625.5,176.45,174.6,177.62,175.01,176.02,175.26,34013060,176.13,176.13,,5334918167.7,5334918167.7,,0.0,3,SUR,-0.59,
TQBR,2023-05-19,ГАЗПРОМ ао,GAZP,90064,5541996580.6,174.95,172.86,175.09,173.97,174.09,174.43,31830910,174.09,174.09,,4809420676.0,4809420676.0,,0.0,3,SUR,-0.47,
TQBR,2023-05-22,ГАЗПРОМ ао,GAZP,115786,7608333770.9,175.22,170.85,175.5,172.41,172.96,172.47,43986730,173.03,173.03,,6903870197.6,6903870197.6,,0.0,3,SUR,-1.12,
TQBR,2023-05-23,ГАЗПРОМ ао,GAZP,325884,30530117505.9,172.88,165.1,179.6,167.62,168.87,166.59,180771400,169.0,169.0,,28652794653.6,28652794653.6,,0.0,3,SUR,-3.41,
TQBR,2023-05-24,ГАЗПРОМ ао,GAZP,152501,10795264498.3,165.51,161.84,166.3,163.88,163.69,162.96,65947320,163.75,163.75,,9995978355.4,9995978355.4,,0.0,3,SUR,-2.18,
TQBR,2023-05-25,ГАЗПРОМ ао,GAZP,132624,6365425104.4,163.0,160.47,163.0,160.85,161.54,162.3,39403460,161.5,161.5,,5268148642.6,5268148642.6,,0.0,3,SUR,-0.41,
TQBR,2023-05-26,ГАЗПРОМ ао,GAZP,119864,6186226308.3,162.0,161.69,165.4,164.2,164.18,164.48,37679970,164.12,164.12,,5601195257.8,5601195257.8,,0.0,3,SUR,1.34,
TQBR,2023-05-29,ГАЗПРОМ ао,GAZP,120582,5595236678.2,165.9,162.45,167.05,164.0,164.06,163.6,34102090,164.12,164.12,,5177499865.5,5177499865.5,,0.0,3,SUR,-0.54,
TQBR,2023-05-30,ГАЗПРОМ ао,GAZP,107183,6639781903.9,162.15,161.5,165.4,161.7,163.18,161.9,40687470,163.32,163.32,,5976719535.0,5976719535.0,,0.0,3,SUR,-1.04,
TQBR,2023-05-31,ГАЗПРОМ ао,GAZP,67121,3731878853.9,161.51,160.9,163.3,163.09,162.36,162.94,22984880,162.33,162.33,,3455542898.5,3455542898.5,,0.0,3,SUR,0.64,
TQBR,2023-06-01,ГАЗПРОМ ао,GAZP,60991,3039591632.1,162.9,161.5,163.47,162.2,162.38,161.55,18719310,162.47,162.47,,2605385109.4,2605385109.4,,0.0,3,SUR,-0.85,
TQBR,2023-06-02,ГАЗПРОМ ао,GAZP,53902,2736960527.5,161.01,161.01,163.4,163.21,162.5,162.58,16843170,162.48,162.48,,2399802303.3,2399802303.3,,0.0,3,SUR,0.64,
TQBR,2023-06-05,ГАЗПРОМ ао,GAZP,84518,4830792453.8,162.58,161.6,164.6,162.7,163.16,162.47,29606900,163.29,163.29,,4307330468.5,4307330468.5,,0.0,3,SUR,-0.07,
TQBR,2023-06-06,ГАЗПРОМ ао,GAZP,49097,2978118642.4,162.0,161.69,163.85,162.57,162.77,163.16,18296880,162.74,162.74,,2697232672.0,2697232672.0,,0.0,3,SUR,0.42,
TQBR,2023-06-07,ГАЗПРОМ ао,GAZP,100713,5346253301.8,163.2,162.67,165.87,164.42,164.91,164.65,32420190,164.92,164.92,,5064710942.5,5064710942.5,,0.0,3,SUR,0.91,
TQBR,2023-06-08,ГАЗПРОМ ао,GAZP,58271,3588008849.7,164.65,164.14,166.6,166.6,165.85,166.18,21633750,165.81,165.81,,3158996207.6,3158996207.6,,0.0,3,SUR,0.93,
TQBR,2023-06-09,ГАЗПРОМ ао,GAZP,59367,3452601140.6,166.48,164.94,167.81,165.47,166.46,165.58,20740950,166.67,166.67,,2878888895.8,2878888895.8,,0.0,3,SUR,-0.36,
TQBR,2023-06-13,ГАЗПРОМ ао,GAZP,61500,3902287503.9,165.62,165.62,168.54,168.0,167.31,168.43,23323940,167.1,167.1,,3140634546.8,3140634546.8,,0.0,3,SUR,1.72,
TQBR,2023-06-14,ГАЗПРОМ ао,GAZP,54084,3155474321.9,168.63,167.01,169.38,167.5,168.09,167.88,18772800,168.12,168.12,,2807926594.3,2807926594.3,,0.0,3,SUR,-0.33,
TQBR,2023-06-15,ГАЗПРОМ ао,GAZP,105112,7662980280.8,168.0,166.66,172.0,171.0,169.85,171.86,45115400,169.69,169.69,,6840063395.6,6840063395.6,,0.0,3,SUR,2.37,
TQBR,2023-06-16,ГАЗПРОМ ао,GAZP,67014,4317362648.9,171.85,169.22,172.46,170.48,170.28,169.87,25354110,170.35,170.35,,3598209889.5,3598209889.5,,0.0,3,SUR,-1.16,
TQBR,2023-06-19,ГАЗПРОМ ао,GAZP,60704,3996430471.4,170.48,168.3,171.5,170.65,169.9,170.19,23524920,169.85,169.85,,3721374662.8,3721374662.8,,0.0,3,SUR,0.19,
TQBR,2023-06-20,ГАЗПРОМ ао,GAZP,50833,3123816935.2,170.08,168.42,170.97,169.65,169.82,169.64,18394650,169.83,169.83,,2923855893.2,2923855893.2,,0.0,3,SUR,-0.32,
TQBR,2023-06-21,ГАЗПРОМ ао,GAZP,67231,3284523474.6,170.18,169.16,171.78,170.52,170.5,170.2,19263530,170.5,170.5,,2998511641.4,2998511641.4,,0.0,3,SUR,0.33,
TQBR,2023-06-22,ГАЗПРОМ ао,GAZP,50634,2922961687.2,170.0,167.73,170.55,169.75,169.56,168.41,17241690,170.02,170.02,,1539160564.0,1539160564.0,,0.0,3,SUR,-1.05,
TQBR,2023-06-23,ГАЗПРОМ ао,GAZP,85166,5222259321.4,168.19,165.21,168.94,168.33,167.21,165.8,31230930,167.75,167.75,,2918784373.0,2918784373.0,,0.0,3,SUR,-1.55,
TQBR,2023-06-26,ГАЗПРОМ ао,GAZP,65360,4649369384.7,167.52,165.0,168.6,167.01,166.97,166.91,27845180,167.28,167.28,,3043168424.7,3043168424.7,,0.0,3,SUR,0.67,
TQBR,2023-06-27,ГАЗПРОМ ао,GAZP,38248,2322921611.5,167.42,166.0,167.45,166.52,166.72,166.45,13933250,166.79,166.79,,1855730114.8,1855730114.8,,0.0,3,SUR,-0.28,
TQBR,2023-06-28,ГАЗПРОМ ао,GAZP,46842,2811394616.0,166.7,166.05,168.64,168.0,167.36,168.05,16798010,167.28,167.28,,2474311482.7,2474311482.7,,0.0,3,SUR,0.96,
TQBR,2023-06-29,ГАЗПРОМ ао,GAZP,47763,3100717337.6,168.05,167.5,169.89,168.0,168.66,167.88,18384430,168.71,168.71,,2858453996.4,2858453996.4,,0.0,3,SUR,-0.1,
TQBR,2023-06-30,ГАЗПРОМ ао,GAZP,44103,2618711320.3,167.2,166.3,167.7,167.62,166.9,166.86,15690440,166.88,166.88,,2298133269.8,2298133269.8,,0.0,3,SUR,-0.61,
TQBR,2023-07-03,ГАЗПРОМ ао,GAZP,34048,1787294640.4,167.29,166.7,167.8,166.75,167.17,166.82,10691490,167.2,167.2,,1637029881.1,1637029881.1,,0.0,3,SUR,-0.02,
TQBR,2023-07-04,ГАЗПРОМ ао,GAZP,43912,2473261128.1,166.9,165.26,167.0,166.4,166.09,165.5,14891330,166.15,166.15,,1977635184.7,1977635184.7,,0.0,3,SUR,-0.79,
TQBR,2023-07-05,ГАЗПРОМ ао,GAZP,42316,2419336044.6,166.01,165.02,166.65,165.35,165.85,165.71,14587340,165.86,165.86,,2130806065.7,2130806065.7,,0.0,3,SUR,0.13,
TQBR,2023-07-06,ГАЗПРОМ ао,GAZP,41486,2562731173.7,166.0,165.91,167.28,166.98,166.67,166.36,15375700,166.69,166.69,,2295271717.1,2295271717.1,,0.0,3,SUR,0.39,
TQBR,2023-07-07,ГАЗПРОМ ао,GAZP,33786,1703841055.4,166.5,165.8,166.81,166.81,166.27,166.34,10246700,166.24,166.24,,1421236793.8,1421236793.8,,0.0,3,SUR,-0.01,
TQBR,2023-07-10,ГАЗПРОМ ао,GAZP,58922,3273531452.4,167.6,166.93,168.75,167.7,167.68,167.59,19521720,167.7,167.7,,2977758525.0,2977758525.0,,0.0,3,SUR,0.75,
TQBR,2023-07-11,ГАЗПРОМ ао,GAZP,50305,2736663054.8,167.6,167.12,169.0,168.46,168.14,168.85,16276140,168.03,168.03,,2284605453.1,2284605453.1,,0.0,3,SUR,0.75,
TQBR,2023-07-12,ГАЗПРОМ ао,GAZP,60654,4193169568.5,168.99,168.93,170.79,170.45,170.1,170.3,24651530,170.13,170.13,,3610076876.7,3610076876.7,,0.0,3,SUR,0.86,
TQBR,2023-07-13,ГАЗПРОМ ао,GAZP,60402,3382773769.5,170.51,168.12,170.93,169.03,169.38,168.96,19970470,169.41,169.41,,3139317445.4,3139317445.4,,0.0,3,SUR,-0.79,
TQBR,2023-07-14,ГАЗПРОМ ао,GAZP,47077,2051443195.6,168.56,168.3,170.0,169.84,169.39,169.7,12111020,169.28,169.28,,1584427029.5,1584427029.5,,0.0,3,SUR,0.44,
TQBR,2023-07-17,ГАЗПРОМ ао,GAZP,77483,4191819021.9,169.0,168.61,171.6,170.45,170.43,170.63,24594290,170.43,170.43,,3787698932.1,3787698932.1,,0.0,3,SUR,0.55,
TQBR,2023-07-18,ГАЗПРОМ ао,GAZP,141748,8254328471.2,171.0,170.67,175.27,174.5,173.18,174.89,47642660,172.97,172.97,,6941668227.8,6941668227.8,,0.0,3,SUR,2.5,
TQBR,2023-07-19,ГАЗПРОМ ао,GAZP,86122,5655707930.7,175.5,172.51,175.7,173.04,173.65,173.04,32568590,173.74,173.74,,4946153892.7,4946153892.7,,0.0,3,SUR,-1.06,
TQBR,2023-07-20,ГАЗПРОМ ао,GAZP,84637,5008733837.5,172.68,168.55,173.19,171.93,171.43,169.92,29217050,172.07,172.07,,3253854991.5,3253854991.5,,0.0,3,SUR,-1.8,
TQBR,2023-07-21,ГАЗПРОМ ао,GAZP,62474,2874773902.1,170.31,169.77,171.97,171.6,170.94,171.19,16817830,170.88,170.88,,2536786301.2,2536786301.2,,0.0,3,SUR,0.75,
TQBR,2023-07-24,ГАЗПРОМ ао,GAZP,54863,2620599427.5,171.3,170.69,172.5,171.89,171.66,171.98,15265810,171.63,171.63,,2307459554.6,2307459554.6,,0.0,3,SUR,0.46,
TQBR,2023-07-25,ГАЗПРОМ ао,GAZP,51572,2405104811.2,172.2,171.4,172.7,172.47,172.05,171.86,13979060,172.01,172.01,,1926909784.4,1926909784.4,,0.0,3,SUR,-0.07,
TQBR,2023-07-26,ГАЗПРОМ ао,GAZP,51786,2556725023.8,171.86,170.31,171.93,171.82,171.33,171.35,14922820,171.31,171.31,,2332074682.0,2332074682.0,,0.0,3,SUR,-0.3,
TQBR,2023-07-27,ГАЗПРОМ ао,GAZP,49736,2926802143.9,171.64,171.35,173.1,172.03,172.39,172.0,16977850,172.42,172.42,,2569289497.2,2569289497.2,,0.0,3,SUR,0.38,
TQBR,2023-07-28,ГАЗПРОМ ао,GAZP,49042,2681350141.6,171.9,170.0,172.4,171.95,171.7,171.44,15616780,171.88,171.88,,1805414132.4,1805414132.4,,0.0,3,SUR,-0.33,
TQBR,2023-07-31,ГАЗПРОМ ао,GAZP,95797,7024189809.6,171.98,171.8,175.14,173.99,173.54,174.33,40474660,173.3,173.3,,5544564462.7,5544564462.7,,0.0,3,SUR,1.69,
TQBR,2023-08-01,ГАЗПРОМ ао,GAZP,109332,6161372616.5,175.1,172.38,175.44,172.8,173.83,173.21,35445070,173.95,173.95,,5408329042.0,5408329042.0,,0.0,3,SUR,-0.64,
TQBR,2023-08-02,ГАЗПРОМ ао,GAZP,95635,6044974780.8,172.9,172.5,175.21,173.9,174.03,174.07,34736230,174.02,174.02,,5610652822.4,5610652822.4,,0.0,3,SUR,0.5,
TQBR,2023-08-03,ГАЗПРОМ ао,GAZP,127474,10676503645.1,173.94,173.15,177.35,176.63,175.58,177.1,60808220,175.42,175.42,,9490498712.1,9490498712.1,,0.0,3,SUR,1.74,
TQBR,2023-08-04,ГАЗПРОМ ао,GAZP,187538,11591545451.3,177.0,172.8,177.88,174.23,175.62,173.46,65999320,175.91,175.91,,10132819486.8,10132819486.8,,0.0,3,SUR,-2.06,
TQBR,2023-08-07,ГАЗПРОМ ао,GAZP,98483,5539635758.6,174.25,171.05,175.3,172.53,173.82,172.52,31870860,174.16,174.16,,4311704959.1,4311704959.1,,0.0,3,SUR,-0.54,
TQBR,2023-08-08,ГАЗПРОМ ао,GAZP,91230,5004210662.0,172.2,170.6,173.64,172.1,172.0,172.71,29094830,171.96,171.96,,4655085050.6,4655085050.6,,0.0,3,SUR,0.11,
TQBR,2023-08-09,ГАЗПРОМ ао,GAZP,70969,5480719725.2,173.5,171.69,175.0,173.3,173.53,174.51,31584180,173.48,173.48,,4899520724.8,4899520724.8,,0.0,3,SUR,1.04,
TQBR,2023-08-10,ГАЗПРОМ ао,GAZP,134903,8970249139.0,175.22,175.0,177.1,176.48,176.28,176.65,50886330,176.28,176.28,,8061390673.9,8061390673.9,,0.0,3,SUR,1.23,
TQBR,2023-08-11,ГАЗПРОМ ао,GAZP,71103,4146308484.7,176.79,175.21,177.0,175.5,175.97,176.35,23562150,175.95,175.95,,3535409466.6,3535409466.6,,0.0,3,SUR,-0.17,
TQBR,2023-08-14,ГАЗПРОМ ао,GAZP,355910,29453624603.7,178.0,175.53,183.89,177.0,180.25,177.09,163423360,180.6,180.6,,26470381433.1,26470381433.1,,0.0,3,SUR,0.42,
TQBR,2023-08-15,ГАЗПРОМ ао,GAZP,163317,12507148707.9,175.53,175.02,179.35,176.11,177.31,176.16,70539510,177.42,177.42,,11420471297.3,11420471297.3,,0.0,3,SUR,-0.53,
TQBR,2023-08-16,ГАЗПРОМ ао,GAZP,115865,8505810501.1,176.23,172.9,177.1,173.82,174.36,174.14,48782530,174.38,174.38,,7977406608.3,7977406608.3,,0.0,3,SUR,-1.15,
TQBR,2023-08-17,ГАЗПРОМ ао,GAZP,60041,4488848628.6,174.71,172.8,174.95,173.75,173.83,174.14,25823720,173.82,173.82,,4031280116.0,4031280116.0,,0.0,3,SUR,0.0,
TQBR,2023-08-18,ГАЗПРОМ ао,GAZP,57968,3387532671.2,174.3,173.12,175.71,175.2,174.3,175.48,19434880,173.96,173.96,,2491436602.3,2491436602.3,,0.0,3,SUR,0.77,
TQBR,2023-08-21,ГАЗПРОМ ао,GAZP,73473,4779109574.0,176.23,175.76,177.7,176.25,176.68,176.36,27050170,176.71,176.71,,4358675548.1,4358675548.1,,0.0,3,SUR,0.5,
TQBR,2023-08-22,ГАЗПРОМ ао,GAZP,51243,3203139946.6,176.4,175.18,177.0,176.25,175.99,176.48,18200810,175.91,175.91,,2627289561.2,2627289561.2,,0.0,3,SUR,0.07,
TQBR,2023-08-23,ГАЗПРОМ ао,GAZP,75795,5089357043.1,176.79,173.02,176.93,174.82,174.94,173.65,29092300,175.49,175.49,,3318834902.6,3318834902.6,,0.0,3,SUR,-1.6,
TQBR,2023-08-24,ГАЗПРОМ ао,GAZP,46008,2907697198.1,174.05,173.62,175.92,175.2,174.49,174.97,16660510,174.34,174.34,,2336399239.5,2336399239.5,,0.0,3,SUR,0.76,
TQBR,2023-08-25,ГАЗПРОМ ао,GAZP,42412,2952795921.0,175.05,174.11,175.35,175.19,174.69,174.7,16900260,174.68,174.68,,2551701494.1,2551701494.1,,0.0,3,SUR,-0.15,
TQBR,2023-08-28,ГАЗПРОМ ао,GAZP,75950,4454081239.0,174.75,174.75,176.8,176.35,176.06,176.2,25295280,176.03,176.03,,3793380216.2,3793380216.2,,0.0,3,SUR,0.86,
TQBR,2023-08-29,ГАЗПРОМ ао,GAZP,196692,17986727500.7,176.39,175.5,181.37,179.3,179.24,178.69,100349910,179.18,179.18,,13818348293.4,13818348293.4,,0.0,3,SUR,1.41,
TQBR,2023-08-30,ГАЗПРОМ ао,GAZP,89815,6659191613.3,178.9,176.77,178.9,177.21,177.68,177.47,37475940,177.71,177.71,,6144124414.4,6144124414.4,,0.0,3,SUR,-0.68,
TQBR,2023-08-31,ГАЗПРОМ ао,GAZP,120188,4695808686.6,178.0,177.15,179.14,177.94,178.06,177.99,26372180,178.07,178.07,,4317177801.8,4317177801.8,,0.0,3,SUR,0.29,
TQBR,2023-09-01,ГАЗПРОМ ао,GAZP,73099,3068401539.0,178.0,177.6,178.85,178.85,178.21,178.22,17217010,178.19,178.19,,2611399414.1,2611399414.1,,0.0,3,SUR,0.13,
TQBR,2023-09-04,ГАЗПРОМ ао,GAZP,129653,8351929456.2,179.31,178.84,181.81,180.91,180.36,181.11,46306690,180.24,180.24,,6841440981.4,6841440981.4,,0.0,3,SUR,1.62,
TQBR,2023-09-05,ГАЗПРОМ ао,GAZP,129799,10377698991.9,181.2,179.0,182.8,179.8,181.03,182.48,57327070,180.69,180.69,,6630466171.3,6630466171.3,,0.0,3,SUR,0.76,
TQBR,2023-09-06,ГАЗПРОМ ао,GAZP,135318,8324748395.5,183.19,180.63,184.0,181.32,182.37,180.96,45647780,182.56,182.56,,7185302104.4,7185302104.4,,0.0,3,SUR,-0.83,
TQBR,2023-09-07,ГАЗПРОМ ао,GAZP,132197,9210536988.3,180.95,176.5,181.68,177.05,178.81,177.64,51507780,178.91,178.91,,8513501645.9,8513501645.9,,0.0,3,SUR,-1.83,
TQBR,2023-09-08,ГАЗПРОМ ао,GAZP,75978,5390934877.5,177.94,175.51,178.17,175.7,176.29,175.95,30580330,176.31,176.31,,4992043570.1,4992043570.1,,0.0,3,SUR,-0.95,
TQBR,2023-09-11,ГАЗПРОМ ао,GAZP,69154,4728843541.2,176.02,174.02,177.44,175.2,175.54,174.64,26939270,175.75,175.75,,3904385567.4,3904385567.4,,0.0,3,SUR,-0.74,
TQBR,2023-09-12,ГАЗПРОМ ао,GAZP,71883,4095738663.9,175.23,174.8,177.7,176.5,175.92,177.62,23280280,175.62,175.62,,3216595027.2,3216595027.2,,0.0,3,SUR,1.71,
TQBR,2023-09-13,ГАЗПРОМ ао,GAZP,67192,4202466729.0,177.8,174.3,178.0,174.57,175.76,174.94,23907000,175.91,175.91,,3701933501.4,3701933501.4,,0.0,3,SUR,-1.51,
TQBR,2023-09-14,ГАЗПРОМ ао,GAZP,93919,6138757899.7,175.25,173.06,175.39,174.7,173.93,173.52,35295220,173.92,173.92,,5632268891.8,5632268891.8,,0.0,3,SUR,-0.81,
TQBR,2023-09-15,ГАЗПРОМ ао,GAZP,51120,3291806960.7,173.5,173.25,174.76,174.3,173.92,173.79,18926830,173.92,173.92,,2864458766.7,2864458766.7,,0.0,3,SUR,0.16,
TQBR,2023-09-18,ГАЗПРОМ ао,GAZP,54692,3558741069.9,174.48,172.05,174.66,172.65,173.17,172.8,20549190,173.36,173.36,,2876813436.3,2876813436.3,,0.0,3,SUR,-0.57,
TQBR,2023-09-19,ГАЗПРОМ ао,GAZP,108180,7383093717.9,172.99,168.6,173.94,170.48,170.8,168.93,43228590,170.93,170.93,,6658742656.5,6658742656.5,,0.0,3,SUR,-2.24,
TQBR,2023-09-20,ГАЗПРОМ ао,GAZP,88135,5780048550.2,169.3,167.1,170.25,169.19,168.83,169.11,34236440,168.79,168.79,,5392660061.6,5392660061.6,,0.0,3,SUR,0.11,
TQBR,2023-09-21,ГАЗПРОМ ао,GAZP,155651,5085063849.2,168.5,165.72,169.38,166.05,167.37,165.85,30389420,167.5,167.5,,4486785607.4,4486785607.4,,0.0,3,SUR,-1.93,
TQBR,2023-09-22,ГАЗПРОМ ао,GAZP,96782,3747348722.8,166.12,165.1,167.0,166.7,166.16,166.7,22550620,166.11,166.11,,3344478770.0,3344478770.0,,0.0,3,SUR,0.51,
TQBR,2023-09-25,ГАЗПРОМ ао,GAZP,91155,4045203375.1,166.7,165.2,168.05,166.8,166.24,165.87,24330710,166.26,166.26,,3718949612.6,3718949612.6,,0.0,3,SUR,-0.5,
TQBR,2023-09-26,ГАЗПРОМ ао,GAZP,77764,4406158553.6,165.83,163.51,165.85,165.85,164.74,165.36,26742780,164.7,164.7,,3977897540.0,3977897540.0,,0.0,3,SUR,-0.31,
TQBR,2023-09-27,ГАЗПРОМ ао,GAZP,56677,3079865224.5,165.8,165.11,166.92,165.51,166.13,165.53,18538940,166.17,166.17,,2729422170.4,2729422170.4,,0.0,3,SUR,0.1,
TQBR,2023-09-28,ГАЗПРОМ ао,GAZP,81149,4828071261.9,165.93,165.31,169.77,167.17,167.44,169.58,28834110,166.74,166.74,,3082554549.7,3082554549.7,,0.0,3,SUR,2.45,
TQBR,2023-09-29,ГАЗПРОМ ао,GAZP,87304,6055733001.8,169.2,166.6,170.39,167.7,168.27,167.09,35987790,168.37,168.37,,5493519953.8,5493519953.8,,0.0,3,SUR,-1.47,
TQBR,2023-10-02,ГАЗПРОМ ао,GAZP,117852,4077382279.5,167.83,165.51,168.86,165.8,167.16,166.08,24391830,167.25,167.25,,3739224276.6,3739224276.6,,0.0,3,SUR,-0.6,
TQBR,2023-10-03,ГАЗПРОМ ао,GAZP,53889,2882611966.6,166.0,164.81,167.25,166.97,165.89,166.75,17376720,165.8,165.8,,2611098720.7,2611098720.7,,0.0,3,SUR,0.4,
TQBR,2023-10-04,ГАЗПРОМ ао,GAZP,57905,3347154730.5,166.61,165.15,167.59,165.8,166.04,165.4,20157430,166.11,166.11,,3021370964.1,3021370964.1,,0.0,3,SUR,-0.81,
TQBR,2023-10-05,ГАЗПРОМ ао,GAZP,50125,2532191513.0,165.7,164.84,166.1,165.36,165.39,166.06,15310360,165.34,165.34,,2219243073.7,2219243073.7,,0.0,3,SUR,0.4,
TQBR,2023-10-06,ГАЗПРОМ ао,GAZP,52606,3039374088.8,166.29,165.1,166.86,166.15,165.87,166.59,18321670,165.72,165.72,,2366418441.3,2366418441.3,,0.0,3,SUR,0.32,
TQBR,2023-10-09,ГАЗПРОМ ао,GAZP,73968,3637688571.1,167.3,166.62,167.97,167.3,167.26,167.06,21747660,167.28,167.28,,3321963866.4,3321963866.4,,0.0,3,SUR,0.28,
TQBR,2023-10-10,ГАЗПРОМ ао,GAZP,59273,3115964353.2,167.37,166.86,168.8,167.33,167.66,168.03,18583580,167.66,167.66,,2622086502.7,2622086502.7,,0.0,3,SUR,0.58,
TQBR,2023-10-11,ГАЗПРОМ ао,GAZP,128481,10147222474.5,168.5,167.3,171.4,169.6,169.17,167.89,59982320,168.97,168.97,,6325469007.4,6325469007.4,,0.0,3,SUR,-0.08,
TQBR,2023-10-12,ГАЗПРОМ ао,GAZP,67454,5381001213.6,167.9,167.4,169.8,169.56,168.95,169.5,31850340,168.92,168.92,,4901532916.6,4901532916.6,,0.0,3,SUR,0.96,
TQBR,2023-10-13,ГАЗПРОМ ао,GAZP,90204,6540513137.1,169.9,167.15,170.79,169.72,169.36,170.2,38618230,169.26,169.26,,5492883054.5,5492883054.5,,0.0,3,SUR,0.41,
TQBR,2023-10-16,ГАЗПРОМ ао,GAZP,105234,7158742369.7,170.5,170.5,172.91,172.13,172.13,172.55,41588030,172.08,172.08,,6423834657.3,6423834657.3,,0.0,3,SUR,1.38,
TQBR,2023-10-17,ГАЗПРОМ ао,GAZP,59067,4603960927.5,172.75,171.03,173.3,172.0,172.07,171.97,26755630,172.1,172.1,,3872866586.4,3872866586.4,,0.0,3,SUR,-0.34,
TQBR,2023-10-18,ГАЗПРОМ ао,GAZP,72437,5460248174.3,172.67,168.7,172.68,170.55,170.93,170.18,31942840,171.0,171.0,,4982488878.0,4982488878.0,,0.0,3,SUR,-1.04,
TQBR,2023-10-19,ГАЗПРОМ ао,GAZP,67456,5389232663.1,169.97,168.3,171.0,170.79,169.78,170.38,31739180,169.71,169.71,,4817361026.3,4817361026.3,,0.0,3,SUR,0.12,
TQBR,2023-10-20,ГАЗПРОМ ао,GAZP,58780,4329009285.6,170.38,169.12,172.15,171.85,170.63,171.39,25370360,170.34,170.34,,3374436582.9,3374436582.9,,0.0,3,SUR,0.59,
TQBR,2023-10-23,ГАЗПРОМ ао,GAZP,56419,3409732694.2,171.8,169.9,172.44,171.0,170.93,170.39,19946320,171.02,171.02,,2985337203.3,2985337203.3,,0.0,3,SUR,-0.58,
TQBR,2023-10-24,ГАЗПРОМ ао,GAZP,47322,2756746957.2,170.4,169.76,171.24,170.8,170.42,170.19,16175990,170.42,170.42,,2331154643.9,2331154643.9,,0.0,3,SUR,-0.12,
TQBR,2023-10-25,ГАЗПРОМ ао,GAZP,56897,3078457165.3,170.2,169.0,170.5,169.99,169.82,169.62,18127820,169.8,169.8,,2713195023.7,2713195023.7,,0.0,3,SUR,-0.33,
TQBR,2023-10-26,ГАЗПРОМ ао,GAZP,63347,3570802268.9,169.99,168.4,170.47,168.66,169.37,168.45,21080880,169.47,169.47,,3219081139.4,3219081139.4,,0.0,3,SUR,-0.69,
TQBR,2023-10-27,ГАЗПРОМ ао,GAZP,60355,3625078454.2,168.36,167.17,169.45,167.71,168.04,167.26,21573910,168.12,168.12,,2913796203.3,2913796203.3,,0.0,3,SUR,-0.71,
TQBR,2023-10-30,ГАЗПРОМ ао,GAZP,61374,2752708358.5,167.26,166.35,168.44,167.73,167.4,167.16,16443790,167.4,167.4,,2485194347.8,2485194347.8,,0.0,3,SUR,-0.06,
TQBR,2023-10-31,ГАЗПРОМ ао,GAZP,59160,2890276336.2,167.0,166.7,168.42,168.24,167.49,167.88,17254470,167.4,167.4,,2464634611.9,2464634611.9,,0.0,3,SUR,0.43,
TQBR,2023-11-01,ГАЗПРОМ ао,GAZP,69840,3570860519.1,167.88,167.83,170.23,169.52,169.17,170.08,21107710,169.07,169.07,,3022524344.9,3022524344.9,,0.0,3,SUR,1.31,
TQBR,2023-11-02,ГАЗПРОМ ао,GAZP,70360,4490830191.2,170.44,168.0,171.31,168.47,169.62,168.18,26482540,169.77,169.77,,3854297515.2,3854297515.2,,0.0,3,SUR,-1.12,
TQBR,2023-11-03,ГАЗПРОМ ао,GAZP,50680,2807007485.0,168.2,167.5,170.0,169.63,168.6,169.19,16647470,168.4,168.4,,2252385485.8,2252385485.8,,0.0,3,SUR,0.6,
TQBR,2023-11-06,ГАЗПРОМ ао,GAZP,28969,1584570766.3,169.05,168.83,170.29,169.94,169.62,169.48,9341830,169.63,169.63,,1330280968.2,1330280968.2,,0.0,3,SUR,0.17,
TQBR,2023-11-07,ГАЗПРОМ ао,GAZP,58219,3694152617.9,169.1,167.2,169.98,169.73,169.03,168.53,21854410,169.21,169.21,,2420893168.6,2420893168.6,,0.0,3,SUR,-0.56,
TQBR,2023-11-08,ГАЗПРОМ ао,GAZP,41567,2601467852.0,168.8,168.47,169.44,168.65,168.82,168.49,15410210,168.84,168.84,,2273746353.1,2273746353.1,,0.0,3,SUR,-0.02,
TQBR,2023-11-09,ГАЗПРОМ ао,GAZP,49765,3538018373.9,168.5,167.58,169.63,169.17,168.34,168.16,21016130,168.3,168.3,,3008014999.1,3008014999.1,,0.0,3,SUR,-0.2,
TQBR,2023-11-10,ГАЗПРОМ ао,GAZP,42994,2183567834.7,168.23,167.62,168.48,168.17,168.08,168.25,12991180,168.07,168.07,,1784214236.7,1784214236.7,,0.0,3,SUR,0.05,
TQBR,2023-11-13,ГАЗПРОМ ао,GAZP,42945,2288621694.6,168.25,167.7,168.89,168.5,168.17,167.85,13608990,168.22,168.22,,1836456399.4,1836456399.4,,0.0,3,SUR,-0.24,
TQBR,2023-11-14,ГАЗПРОМ ао,GAZP,77560,4224478190.8,167.27,165.62,167.29,166.65,166.29,165.86,25406310,166.29,166.29,,3922514720.2,3922514720.2,,0.0,3,SUR,-1.19,
TQBR,2023-11-15,ГАЗПРОМ ао,GAZP,44062,2133661700.5,165.8,165.52,167.0,167.0,166.32,166.46,12828590,166.27,166.27,,1882644964.7,1882644964.7,,0.0,3,SUR,0.36,
TQBR,2023-11-16,ГАЗПРОМ ао,GAZP,42689,2150451836.6,166.26,165.2,166.81,166.44,166.12,165.48,12945550,166.22,166.22,,1644340923.5,1644340923.5,,0.0,3,SUR,-0.59,
TQBR,2023-11-17,ГАЗПРОМ ао,GAZP,69009,3982894829.4,165.4,163.48,165.74,165.74,164.62,165.31,24194180,164.55,164.55,,3571824384.1,3571824384.1,,0.0,3,SUR,-0.1,
TQBR,2023-11-20,ГАЗПРОМ ао,GAZP,41121,2096927735.5,165.2,164.64,166.64,165.88,165.78,165.51,12648660,165.79,165.79,,1943562038.6,1943562038.6,,0.0,3,SUR,0.12,
TQBR,2023-11-21,ГАЗПРОМ ао,GAZP,37143,1886646575.1,165.4,164.5,165.68,165.68,165.09,165.15,11427460,165.06,165.06,,1615380474.6,1615380474.6,,0.0,3,SUR,-0.22,
TQBR,2023-11-22,ГАЗПРОМ ао,GAZP,30985,1910525065.5,165.3,164.82,166.2,165.48,165.52,165.37,11543230,165.52,165.52,,1613375777.8,1613375777.8,,0.0,3,SUR,0.13,
TQBR,2023-11-23,ГАЗПРОМ ао,GAZP,31122,1785149063.9,165.37,164.02,165.69,164.86,164.93,164.11,10824190,165.08,165.08,,1320181088.8,1320181088.8,,0.0,3,SUR,-0.76,
TQBR,2023-11-24,ГАЗПРОМ ао,GAZP,31055,2237577969.7,164.2,164.1,165.19,165.0,164.71,164.71,13584670,164.7,164.7,,1990005635.3,1990005635.3,,0.0,3,SUR,0.37,
TQBR,2023-11-27,ГАЗПРОМ ао,GAZP,69312,3873568765.4,165.19,162.01,165.37,163.24,163.43,162.79,23704520,163.53,163.53,,3316944112.8,3316944112.8,,0.0,3,SUR,-1.17,
TQBR,2023-11-28,ГАЗПРОМ ао,GAZP,43479,2743637587.2,162.91,161.55,164.83,164.79,163.11,164.21,16819340,162.96,162.96,,2391772929.7,2391772929.7,,0.0,3,SUR,0.87,
TQBR,2023-11-29,ГАЗПРОМ ао,GAZP,39531,2842070131.7,164.0,162.71,165.63,162.71,164.08,163.17,17322090,164.19,164.19,,2488874537.7,2488874537.7,,0.0,3,SUR,-0.63,
TQBR,2023-11-30,ГАЗПРОМ ао,GAZP,33461,2012156766.1,163.17,162.12,164.62,163.33,163.41,163.23,12315690,163.34,163.34,,1723395419.1,1723395419.1,,0.0,3,SUR,0.04,
TQBR,2023-12-01,ГАЗПРОМ ао,GAZP,28279,1787548136.1,163.22,162.56,164.22,163.7,163.47,162.61,10935260,163.62,163.62,,1394339741.9,1394339741.9,,0.0,3,SUR,-0.38,
TQBR,2023-12-04,ГАЗПРОМ ао,GAZP,56472,3543152329.7,162.48,159.81,162.48,160.57,161.06,160.01,22003990,161.31,161.31,,2631518306.6,2631518306.6,,0.0,3,SUR,-1.6,
TQBR,2023-12-05,ГАЗПРОМ ао,GAZP,38748,2413459647.4,160.17,159.1,161.44,160.62,160.54,160.46,15034370,160.5,160.5,,2122530017.2,2122530017.2,,0.0,3,SUR,0.28,
TQBR,2023-12-06,ГАЗПРОМ ао,GAZP,46562,2485076747.2,160.73,158.5,161.41,159.16,159.77,158.74,15554310,160.08,160.08,,1870498394.8,1870498394.8,,0.0,3,SUR,-1.07,
TQBR,2023-12-07,ГАЗПРОМ ао,GAZP,100986,7846300877.1,158.8,157.26,164.77,162.33,161.69,163.38,48532400,161.55,161.55,,7021850094.5,7021850094.5,,0.0,3,SUR,2.92,
TQBR,2023-12-08,ГАЗПРОМ ао,GAZP,49940,3269043000.0,163.9,160.5,164.17,162.22,161.87,161.5,20195940,161.88,161.88,,2929511129.2,2929511129.2,,0.0,3,SUR,-1.15,
TQBR,2023-12-11,ГАЗПРОМ ао,GAZP,102977,8755452181.6,161.47,160.19,167.14,165.2,165.03,164.87,53056350,164.93,164.93,,7486605945.0,7486605945.0,,0.0,3,SUR,2.09,
TQBR,2023-12-12,ГАЗПРОМ ао,GAZP,53042,4154114158.8,164.87,161.82,165.54,162.5,163.49,162.46,25407880,163.6,163.6,,3784507385.9,3784507385.9,,0.0,3,SUR,-1.46,
TQBR,2023-12-13,ГАЗПРОМ ао,GAZP,35293,2192310756.6,161.99,161.82,164.5,164.14,163.69,163.92,13393230,163.64,163.64,,1851132039.3,1851132039.3,,0.0,3,SUR,0.9,
TQBR,2023-12-14,ГАЗПРОМ ао,GAZP,43672,2765389227.8,164.05,160.81,164.76,161.7,162.71,160.89,16996980,162.98,162.98,,2344659947.7,2344659947.7,,0.0,3,SUR,-1.85,
TQBR,2023-12-15,ГАЗПРОМ ао,GAZP,53001,3901661003.6,161.05,161.02,164.42,163.8,163.07,164.2,23929260,162.96,162.96,,3466660939.6,3466660939.6,,0.0,3,SUR,2.06,
TQBR,2023-12-18,ГАЗПРОМ ао,GAZP,69696,5510130065.8,164.99,164.99,167.32,166.03,166.31,167.0,33132260,166.3,166.3,,4875134177.5,4875134177.5,,0.0,3,SUR,1.71,
TQBR,2023-12-19,ГАЗПРОМ ао,GAZP,66753,6392815762.3,167.17,165.12,168.89,165.45,166.34,165.48,38430430,166.42,166.42,,5911301064.8,5911301064.8,,0.0,3,SUR,-0.91,
TQBR,2023-12-20,ГАЗПРОМ ао,GAZP,59550,4537205894.4,165.33,163.12,165.33,164.2,164.11,163.56,27649170,164.13,164.13,,4155288022.5,4155288022.5,,0.0,3,SUR,-1.16,
TQBR,2023-12-21,ГАЗПРОМ ао,GAZP,63473,4294570391.5,163.32,161.19,163.71,161.52,162.25,161.57,26473840,162.26,162.26,,4003376372.3,4003376372.3,,0.0,3,SUR,-1.22,
TQBR,2023-12-22,ГАЗПРОМ ао,GAZP,37025,2504497747.3,161.91,161.62,163.2,162.23,162.45,162.09,15417240,162.48,162.48,,2227736904.5,2227736904.5,,0.0,3,SUR,0.32,
TQBR,2023-12-25,ГАЗПРОМ ао,GAZP,49068,3620946364.8,162.49,160.4,162.77,161.13,161.65,161.09,22398910,161.71,161.71,,3323338625.6,3323338625.6,,0.0,3,SUR,-0.62,
TQBR,2023-12-26,ГАЗПРОМ ао,GAZP,37716,2998905866.6,161.45,160.77,161.8,160.88,161.37,161.0,18585180,161.39,161.39,,2694614495.5,2694614495.5,,0.0,3,SUR,-0.06,
TQBR,2023-12-27,ГАЗПРОМ ао,GAZP,65479,3810323035.5,161.2,159.81,161.4,160.0,160.54,159.86,23733870,160.62,160.62,,3272954299.6,3272954299.6,,0.0,3,SUR,-0.71,
TQBR,2023-12-28,ГАЗПРОМ ао,GAZP,51475,3967073642.0,159.98,158.22,160.38,160.34,159.49,159.14,24873460,159.46,159.46,,3225211756.2,3225211756.2,,0.0,3,SUR,-0.45,
TQBR,2023-12-29,ГАЗПРОМ ао,GAZP,45291,3084349639.9,159.49,159.14,160.79,159.89,160.05,159.52,19270880,160.11,160.11,,2593164969.6,2593164969.6,,0.0,3,SUR,0.24,
TQBR,2024-01-03,ГАЗПРОМ ао,GAZP,26749,1307474252.6,159.73,159.73,161.58,161.38,161.06,161.44,8117860,161.03,161.03,,1094683103.4,1094683103.4,,0.0,3,SUR,1.2,
TQBR,2024-01-04,ГАЗПРОМ ао,GAZP,21254,788260866.1,161.51,161.0,161.64,161.19,161.23,161.25,4888930,161.24,161.24,,663321052.2,663321052.2,,0.0,3,SUR,-0.12,
TQBR,2024-01-05,ГАЗПРОМ ао,GAZP,34689,1420674692.6,161.2,161.07,162.3,162.1,161.72,161.94,8784940,161.67,161.67,,1169318704.7,1169318704.7,,0.0,3,SUR,0.43,
TQBR,2024-01-08,ГАЗПРОМ ао,GAZP,38512,1819109200.4,162.44,162.0,163.2,163.0,162.81,163.05,11173290,162.8,162.8,,1661244745.4,1661244745.4,,0.0,3,SUR,0.69,
TQBR,2024-01-09,ГАЗПРОМ ао,GAZP,28323,1559294366.6,163.01,161.77,163.06,162.25,162.3,162.41,9608200,162.29,162.29,,1333145247.4,1333145247.4,,0.0,3,SUR,-0.39,
TQBR,2024-01-10,ГАЗПРОМ ао,GAZP,28900,1752104199.6,162.41,162.0,163.7,163.05,162.95,162.87,10752210,162.96,162.96,,1545591527.5,1545591527.5,,0.0,3,SUR,0.28,
TQBR,2024-01-11,ГАЗПРОМ ао,GAZP,37450,2129089523.1,162.96,161.93,162.96,162.86,162.49,162.5,13102580,162.49,162.49,,1791655481.1,1791655481.1,,0.0,3,SUR,-0.23,
TQBR,2024-01-12,ГАЗПРОМ ао,GAZP,34461,2408912555.3,162.52,162.2,163.98,163.43,163.19,163.37,14760600,163.14,163.14,,2019771273.5,2019771273.5,,0.0,3,SUR,0.54,
TQBR,2024-01-15,ГАЗПРОМ ао,GAZP,29609,1812941980.7,163.8,163.26,164.4,163.75,163.7,163.34,11074540,163.73,163.73,,1646888403.2,1646888403.2,,0.0,3,SUR,-0.02,
TQBR,2024-01-16,ГАЗПРОМ ао,GAZP,34785,1990960893.3,163.2,162.37,164.18,163.79,163.15,163.22,12202210,163.11,163.11,,1738032292.5,1738032292.5,,0.0,3,SUR,-0.07,
TQBR,2024-01-17,ГАЗПРОМ ао,GAZP,23398,1419723220.1,163.48,163.0,164.2,164.0,163.69,164.04,8673260,163.65,163.65,,1226883458.2,1226883458.2,,0.0,3,SUR,0.5,
TQBR,2024-01-18,ГАЗПРОМ ао,GAZP,98117,6550125303.8,164.12,164.12,167.55,166.46,166.25,166.52,39396100,166.24,166.24,,6100125979.6,6100125979.6,,0.0,3,SUR,1.51,
TQBR,2024-01-19,ГАЗПРОМ ао,GAZP,46308,3917484197.3,166.52,165.2,167.62,166.33,166.18,165.9,23573690,166.2,166.2,,3537854410.6,3537854410.6,,0.0,3,SUR,-0.37,
TQBR,2024-01-22,ГАЗПРОМ ао,GAZP,28711,2160795411.0,165.98,165.26,167.0,166.38,166.02,166.06,13014740,166.01,166.01,,1913718233.5,1913718233.5,,0.0,3,SUR,0.1,
TQBR,2024-01-23,ГАЗПРОМ ао,GAZP,60823,4923465845.6,166.49,165.6,168.96,167.6,167.63,168.31,29371870,167.59,167.59,,4513039477.1,4513039477.1,,0.0,3,SUR,1.35,
TQBR,2024-01-24,ГАЗПРОМ ао,GAZP,39955,3072922026.8,168.36,166.2,168.63,166.63,167.15,166.36,18385460,167.21,167.21,,2765607248.8,2765607248.8,,0.0,3,SUR,-1.16,
TQBR,2024-01-25,ГАЗПРОМ ао,GAZP,28692,2688587991.2,166.36,165.36,166.94,165.75,166.1,165.42,16186240,166.18,166.18,,2310451504.7,2310451504.7,,0.0,3,SUR,-0.57,
TQBR,2024-01-26,ГАЗПРОМ ао,GAZP,47831,3458173947.4,165.65,163.65,165.95,163.97,164.68,163.99,21001700,164.76,164.76,,2995678366.2,2995678366.2,,0.0,3,SUR,-0.86,
TQBR,2024-01-29,ГАЗПРОМ ао,GAZP,43106,2797090045.6,164.0,162.85,164.49,163.67,163.51,163.5,17106520,163.52,163.52,,2521574637.2,2521574637.2,,0.0,3,SUR,-0.3,
TQBR,2024-01-30,ГАЗПРОМ ао,GAZP,48036,2913178456.5,163.31,162.71,163.79,163.49,163.24,163.22,17847070,163.23,163.23,,2712229081.8,2712229081.8,,0.0,3,SUR,-0.17,
TQBR,2024-01-31,ГАЗПРОМ ао,GAZP,82146,6554763102.6,163.42,162.9,166.48,165.39,164.89,166.33,39753230,164.68,164.68,,5515489481.0,5515489481.0,,0.0,3,SUR,1.91,
TQBR,2024-02-01,ГАЗПРОМ ао,GAZP,41237,3465685668.3,166.75,164.8,166.75,165.62,165.74,165.25,20908970,165.79,165.79,,3117394836.3,3117394836.3,,0.0,3,SUR,-0.65,
TQBR,2024-02-02,ГАЗПРОМ ао,GAZP,58362,5433847970.8,165.15,164.4,167.85,166.24,165.96,164.4,32746310,166.38,166.38,,3621422917.9,3621422917.9,,0.0,3,SUR,-0.51,
TQBR,2024-02-05,ГАЗПРОМ ао,GAZP,43880,2961255466.5,164.42,163.55,165.22,165.14,164.5,164.87,18001250,164.44,164.44,,2658158775.7,2658158775.7,,0.0,3,SUR,0.29,
TQBR,2024-02-06,ГАЗПРОМ ао,GAZP,27613,2167754340.1,164.87,164.04,165.12,164.6,164.46,164.56,13180720,164.46,164.46,,1963418004.6,1963418004.6,,0.0,3,SUR,-0.19,
TQBR,2024-02-07,ГАЗПРОМ ао,GAZP,39573,2703272856.3,164.56,164.34,165.59,165.19,164.86,164.62,16397610,164.89,164.89,,2172948201.8,2172948201.8,,0.0,3,SUR,0.04,
TQBR,2024-02-08,ГАЗПРОМ ао,GAZP,52976,2910360530.9,164.62,163.1,164.96,163.88,163.87,163.21,17761670,163.97,163.97,,2390035034.3,2390035034.3,,0.0,3,SUR,-0.86,
TQBR,2024-02-09,ГАЗПРОМ ао,GAZP,28403,2018669579.2,163.48,163.2,163.97,163.89,163.59,163.23,12339840,163.63,163.63,,1671027967.3,1671027967.3,,0.0,3,SUR,0.01,
TQBR,2024-02-12,ГАЗПРОМ ао,GAZP,44920,2915254118.0,163.28,162.21,163.5,163.15,162.76,162.49,17911680,162.76,162.76,,2666959926.6,2666959926.6,,0.0,3,SUR,-0.45,
TQBR,2024-02-13,ГАЗПРОМ ао,GAZP,42380,2455503614.7,162.6,162.0,163.9,162.02,162.63,162.29,15099210,162.68,162.68,,2124357374.1,2124357374.1,,0.0,3,SUR,-0.12,
TQBR,2024-02-14,ГАЗПРОМ ао,GAZP,59042,3568984779.9,162.38,161.07,162.88,162.19,161.88,161.92,22048780,161.87,161.87,,3228613987.0,3228613987.0,,0.0,3,SUR,-0.23,
TQBR,2024-02-15,ГАЗПРОМ ао,GAZP,42707,2693109541.4,162.09,161.31,162.61,162.0,161.88,161.59,16636650,161.9,161.9,,2425143644.5,2425143644.5,,0.0,3,SUR,-0.2,
TQBR,2024-02-16,ГАЗПРОМ ао,GAZP,48559,2771008557.8,161.98,161.1,162.0,161.57,161.55,161.19,17152230,161.59,161.59,,2454537767.5,2454537767.5,,0.0,3,SUR,-0.25,
TQBR,2024-02-19,ГАЗПРОМ ао,GAZP,44814,2103055452.0,161.34,160.84,162.2,161.57,161.4,161.24,13029740,161.37,161.37,,1721353220.0,1721353220.0,,0.0,3,SUR,0.03,
TQBR,2024-02-20,ГАЗПРОМ ао,GAZP,63986,3502727049.3,161.21,159.16,161.64,160.07,160.21,159.5,21865050,160.57,160.57,,1991690846.6,1991690846.6,,0.0,3,SUR,-1.08,
TQBR,2024-02-21,ГАЗПРОМ ао,GAZP,60225,3584855243.1,159.6,158.3,160.23,158.3,159.18,158.64,22520820,159.26,159.26,,3016763944.5,3016763944.5,,0.0,3,SUR,-0.54,
TQBR,2024-02-22,ГАЗПРОМ ао,GAZP,49743,2801450984.8,159.0,158.0,159.1,158.1,158.42,158.12,17683620,158.47,158.47,,2329332784.2,2329332784.2,,0.0,3,SUR,-0.33,
TQBR,2024-02-26,ГАЗПРОМ ао,GAZP,61175,2654971626.5,158.92,158.85,160.56,159.78,159.67,160.09,16627580,159.66,159.66,,2286592442.4,2286592442.4,,0.0,3,SUR,1.25,
TQBR,2024-02-27,ГАЗПРОМ ао,GAZP,47436,1929796217.3,160.15,158.81,160.15,159.38,159.16,159.04,12124860,159.17,159.17,,1658606805.3,1658606805.3,,0.0,3,SUR,-0.66,
TQBR,2024-02-28,ГАЗПРОМ ао,GAZP,77521,5439632857.3,159.19,159.05,162.27,161.02,161.32,160.65,33721440,161.37,161.37,,4859570075.3,4859570075.3,,0.0,3,SUR,1.01,
TQBR,2024-02-29,ГАЗПРОМ ао,GAZP,59879,2920068231.9,160.65,160.0,162.3,161.6,161.17,161.82,18118980,161.04,161.04,,2468312810.7,2468312810.7,,0.0,3,SUR,0.73,
TQBR,2024-03-01,ГАЗПРОМ ао,GAZP,42410,2964198759.9,161.82,161.18,163.1,161.71,161.98,161.34,18294730,162.11,162.11,,2571446329.5,2571446329.5,,0.0,3,SUR,-0.3,
TQBR,2024-03-04,ГАЗПРОМ ао,GAZP,47319,2675613501.4,161.49,160.86,162.0,161.52,161.39,161.24,16580320,161.38,161.38,,2386149446.7,2386149446.7,,0.0,3,SUR,-0.06,
TQBR,2024-03-05,ГАЗПРОМ ао,GAZP,33804,2279177993.9,161.24,160.23,161.8,161.48,161.15,160.98,14143780,161.14,161.14,,2088388157.5,2088388157.5,,0.0,3,SUR,-0.16,
TQBR,2024-03-06,ГАЗПРОМ ао,GAZP,39107,2197105789.7,160.98,160.5,162.0,161.59,161.31,161.65,13620420,161.28,161.28,,1954339785.3,1954339785.3,,0.0,3,SUR,0.42,
TQBR,2024-03-07,ГАЗПРОМ ао,GAZP,34385,2291972456.8,161.65,160.75,162.3,161.06,161.25,160.91,14213540,161.32,161.32,,1902109590.7,1902109590.7,,0.0,3,SUR,-0.46,
TQBR,2024-03-11,ГАЗПРОМ ао,GAZP,40103,2557496551.1,161.03,160.51,161.28,160.82,160.74,160.56,15911070,160.74,160.74,,2344999739.1,2344999739.1,,0.0,3,SUR,-0.22,
TQBR,2024-03-12,ГАЗПРОМ ао,GAZP,57189,4299894057.8,160.79,160.56,163.31,162.81,162.03,162.99,26531930,161.99,161.99,,3904577549.4,3904577549.4,,0.0,3,SUR,1.51,
TQBR,2024-03-13,ГАЗПРОМ ао,GAZP,42006,3112073982.8,163.2,161.1,163.22,161.78,162.04,161.77,19204640,162.15,162.15,,2628411342.8,2628411342.8,,0.0,3,SUR,-0.75,
TQBR,2024-03-14,ГАЗПРОМ ао,GAZP,26828,2258497381.5,161.8,160.53,161.81,161.26,161.15,161.1,14016060,161.15,161.15,,2084079072.2,2084079072.2,,0.0,3,SUR,-0.41,
TQBR,2024-03-15,ГАЗПРОМ ао,GAZP,30625,2274446264.2,161.1,160.04,161.42,160.52,160.7,160.86,14155970,160.66,160.66,,2038271455.7,2038271455.7,,0.0,3,SUR,-0.15,
TQBR,2024-03-18,ГАЗПРОМ ао,GAZP,36815,2296434989.0,161.1,160.31,161.43,160.72,160.84,160.58,14279600,160.86,160.86,,2058325927.4,2058325927.4,,0.0,3,SUR,-0.17,
TQBR,2024-03-19,ГАЗПРОМ ао,GAZP,82359,6109615397.0,160.5,158.04,161.25,158.37,159.56,158.55,38302470,159.62,159.62,,5413382995.8,5413382995.8,,0.0,3,SUR,-1.26,
TQBR,2024-03-20,ГАЗПРОМ ао,GAZP,57411,3337828048.7,158.6,157.75,158.98,158.22,158.32,158.42,21082210,158.32,158.32,,3056562884.0,3056562884.0,,0.0,3,SUR,-0.08,
TQBR,2024-03-21,ГАЗПРОМ ао,GAZP,52569,2872303137.9,158.79,157.87,159.16,158.48,158.48,158.28,18125670,158.48,158.48,,2607114221.2,2607114221.2,,0.0,3,SUR,-0.09,
TQBR,2024-03-22,ГАЗПРОМ ао,GAZP,80911,4432181438.0,158.33,156.0,158.69,157.22,157.37,156.44,28164310,157.85,157.85,,2687684734.2,2687684734.2,,0.0,3,SUR,-1.16,
TQBR,2024-03-25,ГАЗПРОМ ао,GAZP,65538,4237311474.9,157.19,155.75,158.97,156.99,156.98,158.84,26977690,156.47,156.47,,2980911575.2,2980911575.2,,0.0,3,SUR,1.53,
TQBR,2024-03-26,ГАЗПРОМ ао,GAZP,62103,4424201237.4,159.1,156.9,159.45,158.09,157.68,157.94,28042540,157.72,157.72,,3997358602.8,3997358602.8,,0.0,3,SUR,-0.57,
TQBR,2024-03-27,ГАЗПРОМ ао,GAZP,27799,1872255953.0,158.0,157.2,158.6,157.87,157.65,157.79,11874900,157.71,157.71,,1540130487.6,1540130487.6,,0.0,3,SUR,-0.09,
TQBR,2024-03-28,ГАЗПРОМ ао,GAZP,28803,1610102475.5,157.79,157.04,157.95,157.57,157.34,157.05,10233230,157.35,157.35,,1410799131.2,1410799131.2,,0.0,3,SUR,-0.47,
TQBR,2024-03-29,ГАЗПРОМ ао,GAZP,47566,2525880279.3,157.02,156.51,157.9,157.74,157.18,157.22,16069360,157.16,157.16,,2155850545.9,2155850545.9,,0.0,3,SUR,0.11,
TQBR,2024-04-01,ГАЗПРОМ ао,GAZP,41841,2649269169.7,157.63,157.43,158.25,158.02,157.92,158.06,16774670,157.93,157.93,,2360817816.3,2360817816.3,,0.0,3,SUR,0.53,
TQBR,2024-04-02,ГАЗПРОМ ао,GAZP,127584,11723619289.3,158.11,157.51,164.98,162.02,162.17,164.18,72249810,159.99,159.99,,4585078989.9,4585078989.9,,0.0,3,SUR,3.87,
TQBR,2024-04-03,ГАЗПРОМ ао,GAZP,84771,7035870489.4,164.05,162.12,165.36,163.5,163.39,162.63,43058980,163.44,163.44,,6418762758.7,6418762758.7,,0.0,3,SUR,-0.94,
TQBR,2024-04-04,ГАЗПРОМ ао,GAZP,66002,4925561148.3,162.76,161.52,164.3,163.51,162.76,162.69,30264090,162.69,162.69,,4335667184.8,4335667184.8,,0.0,3,SUR,0.04,
TQBR,2024-04-05,ГАЗПРОМ ао,GAZP,41332,3736491740.3,162.75,162.1,164.63,163.57,163.66,163.59,22832950,163.65,163.65,,3315483186.1,3315483186.1,,0.0,3,SUR,0.55,
TQBR,2024-04-08,ГАЗПРОМ ао,GAZP,40787,2709310440.9,164.0,163.57,164.9,163.67,164.19,163.89,16501080,164.21,164.21,,2509444317.7,2509444317.7,,0.0,3,SUR,0.18,
TQBR,2024-04-09,ГАЗПРОМ ао,GAZP,46100,4787296143.2,164.0,163.49,165.79,163.88,164.67,164.08,29074240,164.71,164.71,,4358999595.4,4358999595.4,,0.0,3,SUR,0.12,
TQBR,2024-04-10,ГАЗПРОМ ао,GAZP,50338,3831243423.7,164.1,163.59,165.94,164.99,164.99,164.74,23220690,165.02,165.02,,3338934548.6,3338934548.6,,0.0,3,SUR,0.4,
TQBR,2024-04-11,ГАЗПРОМ ао,GAZP,57191,5098319127.5,164.97,164.15,166.33,166.06,165.53,166.24,30798110,165.47,165.47,,4417851569.2,4417851569.2,,0.0,3,SUR,0.91,
TQBR,2024-04-12,ГАЗПРОМ ао,GAZP,53665,4366297017.8,166.52,164.69,166.8,165.3,165.75,164.83,26345100,165.9,165.9,,3560893748.3,3560893748.3,,0.0,3,SUR,-0.85,
TQBR,2024-04-15,ГАЗПРОМ ао,GAZP,55046,3553977885.3,165.0,163.27,165.66,164.35,164.43,163.33,21614160,164.63,164.63,,2633502254.2,2633502254.2,,0.0,3,SUR,-0.91,
TQBR,2024-04-16,ГАЗПРОМ ао,GAZP,45686,3160277364.2,163.34,162.65,164.78,164.1,163.79,164.38,19294750,163.71,163.71,,2734575020.9,2734575020.9,,0.0,3,SUR,0.64,
TQBR,2024-04-17,ГАЗПРОМ ао,GAZP,50181,3310308057.5,164.52,163.78,165.68,165.37,164.92,164.62,20072810,164.91,164.91,,2883923194.2,2883923194.2,,0.0,3,SUR,0.15,
TQBR,2024-04-18,ГАЗПРОМ ао,GAZP,41831,2911946649.9,164.71,163.85,166.1,165.62,165.18,165.4,17628510,165.05,165.05,,2359651011.5,2359651011.5,,0.0,3,SUR,0.47,
TQBR,2024-04-19,ГАЗПРОМ ао,GAZP,69041,6050693634.1,165.52,165.0,168.15,167.28,166.99,167.03,36227630,166.99,166.99,,5409802083.6,5409802083.6,,0.0,3,SUR,0.99,
TQBR,2024-04-22,ГАЗПРОМ ао,GAZP,54834,4489689559.9,167.2,165.55,167.89,166.14,166.5,166.77,26962760,166.54,166.54,,3950184262.5,3950184262.5,,0.0,3,SUR,-0.16,
TQBR,2024-04-23,ГАЗПРОМ ао,GAZP,67169,5767102736.1,166.59,162.62,167.43,163.3,164.84,163.7,34991960,165.04,165.04,,4875634788.6,4875634788.6,,0.0,3,SUR,-1.84,
TQBR,2024-04-24,ГАЗПРОМ ао,GAZP,55717,3400581809.3,163.7,162.62,164.41,163.11,163.37,162.86,20812190,163.44,163.44,,3054643469.1,3054643469.1,,0.0,3,SUR,-0.51,
TQBR,2024-04-25,ГАЗПРОМ ао,GAZP,33834,2384889184.4,163.0,162.67,164.2,163.05,163.32,163.35,14602630,163.33,163.33,,2171111399.4,2171111399.4,,0.0,3,SUR,0.3,
TQBR,2024-04-26,ГАЗПРОМ ао,GAZP,48921,3768304481.3,163.49,162.11,164.19,162.11,163.0,162.46,23118270,163.07,163.07,,3301099877.8,3301099877.8,,0.0,3,SUR,-0.54,
TQBR,2024-04-27,ГАЗПРОМ ао,GAZP,55864,5129156528.6,162.69,161.7,166.49,164.8,164.15,164.06,31254970,164.0,164.0,,4279116922.2,4279116922.2,,0.0,3,SUR,0.98,
TQBR,2024-04-29,ГАЗПРОМ ао,GAZP,21513,1286689229.6,164.1,163.83,165.24,164.35,164.38,164.03,7827440,164.43,164.43,,1028946361.3,1028946361.3,,0.0,3,SUR,-0.02,
TQBR,2024-04-30,ГАЗПРОМ ао,GAZP,18580,1177588505.4,164.35,163.22,164.55,163.59,163.79,163.22,7189500,163.85,163.85,,1007310201.9,1007310201.9,,0.0,3,SUR,-0.49,
TQBR,2024-05-02,ГАЗПРОМ ао,GAZP,205517,18680409155.9,163.29,156.38,165.36,157.65,159.2,157.75,117419850,159.27,159.27,,16719147767.9,16719147767.9,,0.0,3,SUR,-3.35,
TQBR,2024-05-03,ГАЗПРОМ ао,GAZP,146181,10298217980.0,157.4,154.0,157.74,155.02,155.36,155.2,66285240,155.39,155.39,,9351412134.0,9351412134.0,,0.0,3,SUR,-1.62,
TQBR,2024-05-06,ГАЗПРОМ ао,GAZP,64423,4177666037.4,155.31,153.0,155.76,153.45,154.44,153.64,27052990,154.56,154.56,,3544409129.6,3544409129.6,,0.0,3,SUR,-1.01,
TQBR,2024-05-07,ГАЗПРОМ ао,GAZP,40596,2558628110.5,154.0,153.5,154.96,154.37,154.13,154.16,16599840,154.12,154.12,,2300197874.1,2300197874.1,,0.0,3,SUR,0.34,
TQBR,2024-05-08,ГАЗПРОМ ао,GAZP,29653,1486673966.6,154.21,154.16,154.75,154.25,154.47,154.22,9624330,154.49,154.49,,1298542381.8,1298542381.8,,0.0,3,SUR,0.04,
TQBR,2024-05-10,ГАЗПРОМ ао,GAZP,17811,777018205.6,154.22,154.22,154.89,154.59,154.56,154.58,5027180,154.56,154.56,,624244343.5,624244343.5,,0.0,3,SUR,0.23,
TQBR,2024-05-13,ГАЗПРОМ ао,GAZP,63769,5717482135.5,155.2,154.91,158.65,155.52,156.52,157.9,36528160,155.83,155.83,,3318129093.7,3318129093.7,,0.0,3,SUR,2.15,
TQBR,2024-05-14,ГАЗПРОМ ао,GAZP,39675,2935355993.3,157.98,155.82,158.4,156.21,156.86,156.16,18712660,157.01,157.01,,2438804060.7,2438804060.7,,0.0,3,SUR,-1.1,
TQBR,2024-05-15,ГАЗПРОМ ао,GAZP,47101,4248747383.3,156.31,154.91,157.29,156.75,155.94,156.97,27244510,155.87,155.87,,3826277143.0,3826277143.0,,0.0,3,SUR,0.52,
TQBR,2024-05-16,ГАЗПРОМ ао,GAZP,44398,3907370758.5,157.0,156.67,158.1,157.25,157.51,157.88,24806910,157.49,157.49,,2862279240.3,2862279240.3,,0.0,3,SUR,0.58,
TQBR,2024-05-17,ГАЗПРОМ ао,GAZP,86506,6348279478.4,158.35,154.75,158.35,155.06,155.86,155.17,40725570,155.95,155.95,,5763191319.2,5763191319.2,,0.0,3,SUR,-1.72,
TQBR,2024-05-20,ГАЗПРОМ ао,GAZP,269078,20688960736.1,155.31,145.01,155.69,151.8,149.12,145.03,138805570,152.78,152.78,,7301017148.3,7301017148.3,,0.0,3,SUR,-6.53,
TQBR,2024-05-21,ГАЗПРОМ ао,GAZP,357286,24892287053.1,144.24,137.35,145.68,139.43,140.25,139.54,177488970,140.28,140.28,,23750142213.4,23750142213.4,,0.0,3,SUR,-3.79,
TQBR,2024-05-22,ГАЗПРОМ ао,GAZP,119630,7607938081.5,139.8,138.67,142.2,139.38,140.54,139.25,54149780,140.66,140.66,,6737522976.2,6737522976.2,,0.0,3,SUR,-0.21,
TQBR,2024-05-23,ГАЗПРОМ ао,GAZP,220693,15031879509.8,139.08,133.17,139.08,134.9,135.66,134.69,110788890,135.81,135.81,,12622588834.2,12622588834.2,,0.0,3,SUR,-3.27,
TQBR,2024-05-24,ГАЗПРОМ ао,GAZP,121510,7916905636.2,134.9,133.0,136.45,133.75,134.6,133.34,58821300,134.78,134.78,,6856055167.2,6856055167.2,,0.0,3,SUR,-1.0,
TQBR,2024-05-27,ГАЗПРОМ ао,GAZP,180199,11666820376.4,134.2,127.56,134.69,127.7,130.65,128.42,89295170,131.08,131.08,,9914853998.3,9914853998.3,,0.0,3,SUR,-3.69,
TQBR,2024-05-28,ГАЗПРОМ ао,GAZP,139605,8216202367.2,128.77,126.82,131.75,128.09,129.45,128.47,63491780,129.71,129.71,,6911931942.9,6911931942.9,,0.0,3,SUR,0.04,
TQBR,2024-05-29,ГАЗПРОМ ао,GAZP,87174,5791813262.9,129.0,127.12,129.82,128.26,128.39,128.89,45104880,128.37,128.37,,5029495090.3,5029495090.3,,0.0,3,SUR,0.33,
TQBR,2024-05-30,ГАЗПРОМ ао,GAZP,103051,5763740096.4,129.5,123.26,129.53,126.79,126.94,124.93,45410680,127.86,127.86,,3366628008.2,3366628008.2,,0.0,3,SUR,-3.07,
TQBR,2024-05-31,ГАЗПРОМ ао,GAZP,142932,9476443226.7,125.0,123.81,127.92,126.31,125.97,126.46,75228150,126.29,126.29,,7001079563.5,7001079563.5,,0.0,3,SUR,1.22,
TQBR,2024-06-03,ГАЗПРОМ ао,GAZP,133397,8827348763.2,126.68,122.09,128.61,123.09,124.83,124.14,70714210,124.94,124.94,,7960438809.9,7960438809.9,,0.0,3,SUR,-1.83,
TQBR,2024-06-04,ГАЗПРОМ ао,GAZP,78934,4315571053.1,124.22,122.75,125.16,123.81,124.09,125.1,34773460,124.02,124.02,,3542155424.1,3542155424.1,,0.0,3,SUR,0.77,
TQBR,2024-06-05,ГАЗПРОМ ао,GAZP,94292,4676878351.5,125.72,123.63,126.5,124.35,125.21,124.02,37352190,125.42,125.42,,3928024731.8,3928024731.8,,0.0,3,SUR,-0.86,
TQBR,2024-06-06,ГАЗПРОМ ао,GAZP,49111,2564140806.4,124.1,123.38,124.94,123.55,123.97,123.6,20684110,124.01,124.01,,2239186860.5,2239186860.5,,0.0,3,SUR,-0.34,
TQBR,2024-06-07,ГАЗПРОМ ао,GAZP,93579,5888741202.0,123.8,122.16,125.82,122.5,123.85,122.78,47549190,124.09,124.09,,4843778619.2,4843778619.2,,0.0,3,SUR,-0.66,
TQBR,2024-06-10,ГАЗПРОМ ао,GAZP,176757,10249425658.2,123.05,117.54,123.64,118.45,120.24,119.0,85242800,120.85,120.85,,7720659357.8,7720659357.8,,0.0,3,SUR,-3.08,
TQBR,2024-06-11,ГАЗПРОМ ао,GAZP,139224,7364183157.5,119.15,116.33,119.34,117.68,117.81,117.53,62511320,117.81,117.81,,6689447648.8,6689447648.8,,0.0,3,SUR,-1.24,
TQBR,2024-06-13,ГАЗПРОМ ао,GAZP,133077,8225165268.4,113.0,112.07,119.93,119.63,117.09,119.63,70245160,116.75,116.75,,7122084992.9,7122084992.9,,0.0,3,SUR,1.79,
TQBR,2024-06-14,ГАЗПРОМ ао,GAZP,96870,6033207897.3,119.96,118.89,122.01,121.41,120.57,121.65,50038450,120.4,120.4,,5170297459.7,5170297459.7,,0.0,3,SUR,1.69,
TQBR,2024-06-17,ГАЗПРОМ ао,GAZP,65089,3520935904.9,122.34,120.79,122.68,121.56,121.9,121.54,28884630,121.94,121.94,,3124774676.9,3124774676.9,,0.0,3,SUR,-0.09,
TQBR,2024-06-18,ГАЗПРОМ ао,GAZP,80895,4889619670.9,121.54,117.18,122.04,118.1,119.49,118.02,40921970,119.75,119.75,,4143067454.6,4143067454.6,,0.0,3,SUR,-2.9,
TQBR,2024-06-19,ГАЗПРОМ ао,GAZP,150727,8589750729.0,118.02,112.54,118.5,113.06,114.99,113.85,74701120,115.36,115.36,,6918292955.8,6918292955.8,,0.0,3,SUR,-3.53,
TQBR,2024-06-20,ГАЗПРОМ ао,GAZP,253077,19844586421.5,114.3,110.0,116.39,115.63,112.56,115.92,176304340,112.38,112.38,,18642138339.1,18642138339.1,,0.0,3,SUR,1.82,
TQBR,2024-06-21,ГАЗПРОМ ао,GAZP,84559,5319741097.6,116.0,114.14,117.25,115.57,115.75,115.4,45955860,115.77,115.77,,4804105389.9,4804105389.9,,0.0,3,SUR,-0.45,
TQBR,2024-06-24,ГАЗПРОМ ао,GAZP,67580,3146135954.4,115.4,113.2,116.35,113.5,114.57,113.67,27459870,114.7,114.7,,2731756485.1,2731756485.1,,0.0,3,SUR,-1.5,
TQBR,2024-06-25,ГАЗПРОМ ао,GAZP,66537,3648871553.9,114.01,112.46,115.09,113.79,113.7,114.97,32091500,113.41,113.41,,2765344056.7,2765344056.7,,0.0,3,SUR,1.14,
TQBR,2024-06-26,ГАЗПРОМ ао,GAZP,73469,4609402133.7,115.02,114.65,117.25,116.89,116.17,117.0,39678830,116.09,116.09,,4082038029.3,4082038029.3,,0.0,3,SUR,1.77,
TQBR,2024-06-27,ГАЗПРОМ ао,GAZP,75849,3612999431.6,117.05,115.4,118.37,116.02,116.81,115.65,30930680,116.95,116.95,,3108380000.3,3108380000.3,,0.0,3,SUR,-1.15,
TQBR,2024-06-28,ГАЗПРОМ ао,GAZP,62858,2773041958.5,116.33,114.88,116.65,116.0,115.69,115.94,23970340,115.67,115.67,,2431645080.3,2431645080.3,,0.0,3,SUR,0.25,
TQBR,2024-07-01,ГАЗПРОМ ао,GAZP,113288,7143603999.4,116.0,116.0,121.82,119.62,119.06,121.4,59999040,118.31,118.31,,4974431881.7,4974431881.7,,0.0,3,SUR,4.71,
TQBR,2024-07-02,ГАЗПРОМ ао,GAZP,203297,16202487296.6,121.4,120.76,127.25,126.63,124.54,126.2,130099950,124.37,124.37,,14709349917.8,14709349917.8,,0.0,3,SUR,3.95,
TQBR,2024-07-03,ГАЗПРОМ ао,GAZP,228314,20988833695.0,126.22,124.14,129.45,126.29,126.97,124.96,165369260,127.25,127.25,,18092377511.7,18092377511.7,,0.0,3,SUR,-0.98,
TQBR,2024-07-04,ГАЗПРОМ ао,GAZP,106682,10042032086.3,125.0,121.7,126.8,122.61,124.1,122.17,80922630,124.29,124.29,,8989833117.1,8989833117.1,,0.0,3,SUR,-2.23,
TQBR,2024-07-05,ГАЗПРОМ ао,GAZP,147736,15535648638.6,122.01,121.2,127.0,126.43,124.66,126.74,124619040,124.46,124.46,,13978336670.9,13978336670.9,,0.0,3,SUR,3.74,
TQBR,2024-07-08,ГАЗПРОМ ао,GAZP,125396,11427153433.2,127.5,125.25,128.84,127.26,127.16,127.74,89852870,127.17,127.17,,10715488919.8,10715488919.8,,0.0,3,SUR,0.79,
TQBR,2024-07-09,ГАЗПРОМ ао,GAZP,128028,11423736210.1,128.0,123.15,128.97,124.0,126.35,124.05,90409910,126.79,126.79,,9713755445.1,9713755445.1,,0.0,3,SUR,-2.89,
TQBR,2024-07-10,ГАЗПРОМ ао,GAZP,144082,12127617959.4,123.98,117.75,125.0,119.43,121.6,117.81,99730430,122.05,122.05,,10410039998.2,10410039998.2,,0.0,3,SUR,-5.03,
TQBR,2024-07-11,ГАЗПРОМ ао,GAZP,103532,8725122051.9,117.6,117.6,122.7,121.04,120.84,121.75,72196900,120.76,120.76,,7946021838.5,7946021838.5,,0.0,3,SUR,3.34,
TQBR,2024-07-12,ГАЗПРОМ ао,GAZP,78042,5784882828.9,121.9,118.23,122.47,119.4,119.99,119.65,48210120,120.09,120.09,,5219400745.1,5219400745.1,,0.0,3,SUR,-1.72,
TQBR,2024-07-15,ГАЗПРОМ ао,GAZP,86228,4849082352.2,120.0,118.52,120.99,118.74,119.65,119.28,40528050,119.73,119.73,,4338795533.8,4338795533.8,,0.0,3,SUR,-0.31,
TQBR,2024-07-16,ГАЗПРОМ ао,GAZP,122523,11444481764.7,119.28,118.61,126.01,123.87,122.13,124.74,93665430,121.9,121.9,,9716039186.0,9716039186.0,,0.0,3,SUR,4.58,
TQBR,2024-07-17,ГАЗПРОМ ао,GAZP,90115,8431946083.0,125.23,123.21,126.83,125.36,125.23,124.46,67304690,125.35,125.35,,7250618323.3,7250618323.3,,0.0,3,SUR,-0.22,
TQBR,2024-07-18,ГАЗПРОМ ао,GAZP,112716,11425579258.3,124.46,123.38,129.85,128.73,127.2,129.81,89804920,126.72,126.72,,9023900138.3,9023900138.3,,0.0,3,SUR,4.3,
TQBR,2024-07-19,ГАЗПРОМ ао,GAZP,138885,12146736203.6,130.1,128.79,132.47,130.82,130.61,130.88,92987450,130.69,130.69,,10391064630.5,10391064630.5,,0.0,3,SUR,0.82,
TQBR,2024-07-22,ГАЗПРОМ ао,GAZP,79751,7010714877.6,131.96,130.28,132.81,131.27,131.58,131.61,53280240,131.58,131.58,,6409198566.2,6409198566.2,,0.0,3,SUR,0.56,
TQBR,2024-07-23,ГАЗПРОМ ао,GAZP,88676,9144417335.8,131.65,129.57,135.0,133.77,132.22,134.07,69161410,131.54,131.54,,6621575212.8,6621575212.8,,0.0,3,SUR,1.87,
TQBR,2024-07-24,ГАЗПРОМ ао,GAZP,104385,8724390964.4,134.07,133.42,137.28,136.71,136.16,136.73,64078490,136.11,136.11,,8113335880.9,8113335880.9,,0.0,3,SUR,1.98,
TQBR,2024-07-25,ГАЗПРОМ ао,GAZP,67754,5577962937.3,136.75,134.87,137.14,135.87,135.89,135.1,41046810,135.93,135.93,,5037114688.4,5037114688.4,,0.0,3,SUR,-1.19,
TQBR,2024-07-26,ГАЗПРОМ ао,GAZP,120015,11050840441.6,135.1,132.59,136.68,134.55,134.54,135.0,82134230,134.56,134.56,,10106662104.4,10106662104.4,,0.0,3,SUR,-0.07,
TQBR,2024-07-29,ГАЗПРОМ ао,GAZP,99372,8523682929.4,134.49,130.12,134.77,130.53,131.87,130.99,64635080,131.97,131.97,,7746233322.3,7746233322.3,,0.0,3,SUR,-2.97,
TQBR,2024-07-30,ГАЗПРОМ ао,GAZP,79110,7056737320.3,130.8,130.46,134.07,132.89,132.74,132.4,53203780,132.65,132.65,,6371814796.9,6371814796.9,,0.0,3,SUR,1.08,
TQBR,2024-07-31,ГАЗПРОМ ао,GAZP,71158,6450683203.9,132.32,132.01,134.49,133.3,133.28,133.31,48397120,133.3,133.3,,5781813673.5,5781813673.5,,0.0,3,SUR,0.69,
TQBR,2024-08-01,ГАЗПРОМ ао,GAZP,49130,3937204700.9,133.48,131.51,134.35,132.48,132.95,132.05,29614440,133.29,133.29,,2772806278.2,2772806278.2,,0.0,3,SUR,-0.95,
TQBR,2024-08-02,ГАЗПРОМ ао,GAZP,63708,5341145635.9,132.05,129.66,132.6,131.31,131.16,131.45,40721860,131.16,131.16,,4693780624.0,4693780624.0,,0.0,3,SUR,-0.45,
TQBR,2024-08-05,ГАЗПРОМ ао,GAZP,93966,7664270902.2,129.05,127.0,130.54,127.85,128.46,127.25,59664760,128.53,128.53,,6974909466.9,6974909466.9,,0.0,3,SUR,-3.2,
TQBR,2024-08-06,ГАЗПРОМ ао,GAZP,59528,4782022392.4,128.39,127.34,129.6,128.41,128.63,128.7,37177160,128.62,128.62,,4417942605.9,4417942605.9,,0.0,3,SUR,1.14,
TQBR,2024-08-07,ГАЗПРОМ ао,GAZP,90359,7926295276.2,128.87,126.18,130.34,130.07,128.32,129.84,61768160,128.16,128.16,,7051308399.5,7051308399.5,,0.0,3,SUR,0.89,
TQBR,2024-08-08,ГАЗПРОМ ао,GAZP,70202,5080995518.7,130.01,127.36,130.91,128.38,129.27,128.14,39306320,129.6,129.6,,4036724548.7,4036724548.7,,0.0,3,SUR,-1.31,
TQBR,2024-08-09,ГАЗПРОМ ао,GAZP,47365,3788538635.7,128.01,127.27,129.76,129.09,128.77,128.64,29420480,128.78,128.78,,3259792852.5,3259792852.5,,0.0,3,SUR,0.39,
TQBR,2024-08-12,ГАЗПРОМ ао,GAZP,56764,3310914456.1,128.39,127.11,129.35,128.22,128.19,128.71,25827740,128.15,128.15,,2894231697.5,2894231697.5,,0.0,3,SUR,0.05,
TQBR,2024-08-13,ГАЗПРОМ ао,GAZP,48049,3094082924.2,128.72,128.72,130.8,130.03,129.9,130.49,23818940,129.88,129.88,,2819432257.4,2819432257.4,,0.0,3,SUR,1.38,
TQBR,2024-08-14,ГАЗПРОМ ао,GAZP,48669,2839682925.0,130.8,129.51,131.49,129.99,130.62,129.84,21740580,130.76,130.76,,2453822823.4,2453822823.4,,0.0,3,SUR,-0.5,
TQBR,2024-08-15,ГАЗПРОМ ао,GAZP,50228,3303646853.5,129.99,127.01,130.31,127.63,128.41,127.6,25727960,128.5,128.5,,3003842840.9,3003842840.9,,0.0,3,SUR,-1.73,
TQBR,2024-08-16,ГАЗПРОМ ао,GAZP,54483,3867226337.2,127.6,125.26,128.24,126.6,127.0,126.36,30450500,127.46,127.46,,2545052559.4,2545052559.4,,0.0,3,SUR,-0.97,
TQBR,2024-08-19,ГАЗПРОМ ао,GAZP,55355,3856370744.6,126.4,125.21,127.69,125.75,126.33,126.29,30525030,126.38,126.38,,3475545991.0,3475545991.0,,0.0,3,SUR,-0.06,
TQBR,2024-08-20,ГАЗПРОМ ао,GAZP,56234,3562171741.0,126.29,125.33,127.64,125.5,126.41,125.85,28180250,126.5,126.5,,3128167434.2,3128167434.2,,0.0,3,SUR,-0.35,
TQBR,2024-08-21,ГАЗПРОМ ао,GAZP,60973,4470910620.6,125.46,123.03,126.4,123.66,124.26,123.38,35983860,124.37,124.37,,3899499750.4,3899499750.4,,0.0,3,SUR,-1.96,
TQBR,2024-08-22,ГАЗПРОМ ао,GAZP,91657,6771273476.6,123.39,117.84,123.97,119.0,120.51,118.51,56198040,121.1,121.1,,5150008488.7,5150008488.7,,0.0,3,SUR,-3.95,
TQBR,2024-08-23,ГАЗПРОМ ао,GAZP,109499,7081635112.2,118.2,115.0,119.24,116.26,116.74,116.81,60663060,116.77,116.77,,6157993662.2,6157993662.2,,0.0,3,SUR,-1.43,
TQBR,2024-08-26,ГАЗПРОМ ао,GAZP,151327,15278568645.5,119.5,119.49,128.01,124.61,123.88,126.8,123258220,123.77,123.77,,13881300252.5,13881300252.5,,0.0,3,SUR,8.55,
TQBR,2024-08-27,ГАЗПРОМ ао,GAZP,114085,11597080050.9,127.3,122.52,127.98,122.93,124.99,124.47,92790430,125.11,125.11,,10582767164.1,10582767164.1,,0.0,3,SUR,-1.84,
TQBR,2024-08-28,ГАЗПРОМ ао,GAZP,92948,8765763277.6,124.34,121.0,125.67,122.6,123.21,124.51,71155350,123.05,123.05,,7677011998.6,7677011998.6,,0.0,3,SUR,0.03,
TQBR,2024-08-29,ГАЗПРОМ ао,GAZP,194429,21060417374.1,124.5,123.55,130.91,129.58,127.51,130.27,165047240,127.03,127.03,,16482108865.6,16482108865.6,,0.0,3,SUR,4.63,
TQBR,2024-08-30,ГАЗПРОМ ао,GAZP,156844,15366474860.6,130.89,122.6,131.3,123.61,126.35,122.97,121617930,126.77,126.77,,13605689874.3,13605689874.3,,0.0,3,SUR,-5.6,
TQBR,2024-09-02,ГАЗПРОМ ао,GAZP,129344,10203760776.8,122.9,121.43,124.73,123.52,123.06,123.86,82918950,123.14,123.14,,8645951939.2,8645951939.2,,0.0,3,SUR,0.72,
TQBR,2024-09-03,ГАЗПРОМ ао,GAZP,147286,10349017978.2,124.2,118.6,125.5,120.13,122.5,120.6,84484940,122.74,122.74,,9322108953.7,9322108953.7,,0.0,3,SUR,-2.63,
TQBR,2024-09-04,ГАЗПРОМ ао,GAZP,85726,5551131789.0,120.6,119.66,122.9,122.4,121.18,122.46,45807220,120.99,120.99,,4844994369.6,4844994369.6,,0.0,3,SUR,1.54,
TQBR,2024-09-05,ГАЗПРОМ ао,GAZP,79065,6195577461.4,123.5,121.54,124.95,124.04,123.77,123.76,50102670,123.66,123.66,,5412383124.2,5412383124.2,,0.0,3,SUR,1.06,
TQBR,2024-09-06,ГАЗПРОМ ао,GAZP,44155,3070098242.4,123.76,122.26,124.6,122.61,123.37,123.0,24886060,123.41,123.41,,2729335833.2,2729335833.2,,0.0,3,SUR,-0.61,
TQBR,2024-09-09,ГАЗПРОМ ао,GAZP,59035,3944759125.2,123.62,123.2,125.48,124.84,124.43,125.04,31700150,124.33,124.33,,3255966367.0,3255966367.0,,0.0,3,SUR,1.66,
TQBR,2024-09-10,ГАЗПРОМ ао,GAZP,51055,3478188642.5,125.5,122.82,125.96,123.26,124.13,123.44,28019560,124.31,124.31,,2973335266.8,2973335266.8,,0.0,3,SUR,-1.28,
TQBR,2024-09-11,ГАЗПРОМ ао,GAZP,40540,2718755672.0,123.4,121.35,123.67,121.99,122.56,121.62,22183380,122.77,122.77,,2124885803.9,2124885803.9,,0.0,3,SUR,-1.47,
TQBR,2024-09-12,ГАЗПРОМ ао,GAZP,88174,5574138112.3,121.6,117.32,121.84,118.08,119.17,118.78,46788690,119.24,119.24,,4866369441.2,4866369441.2,,0.0,3,SUR,-2.34,
TQBR,2024-09-13,ГАЗПРОМ ао,GAZP,104048,6601300305.1,118.79,116.01,119.97,119.87,118.28,119.91,55825340,118.07,118.07,,5849718238.4,5849718238.4,,0.0,3,SUR,0.95,
TQBR,2024-09-16,ГАЗПРОМ ао,GAZP,68809,4709985732.0,120.6,119.52,122.62,122.13,121.22,121.73,38854810,121.12,121.12,,4220695955.7,4220695955.7,,0.0,3,SUR,1.52,
TQBR,2024-09-17,ГАЗПРОМ ао,GAZP,68036,4486207287.7,121.91,120.17,123.47,122.98,121.65,123.1,36877510,121.52,121.52,,4059303363.1,4059303363.1,,0.0,3,SUR,1.13,
TQBR,2024-09-18,ГАЗПРОМ ао,GAZP,55445,3757442967.3,122.53,121.9,123.9,122.26,122.6,122.18,30649560,122.63,122.63,,3377015147.6,3377015147.6,,0.0,3,SUR,-0.75,
TQBR,2024-09-19,ГАЗПРОМ ао,GAZP,72006,5300176453.2,121.9,121.21,123.39,122.4,122.16,122.24,43382140,122.17,122.17,,5087252765.0,5087252765.0,,0.0,3,SUR,0.05,
TQBR,2024-09-20,ГАЗПРОМ ао,GAZP,43350,3496051671.3,122.3,121.86,123.18,122.23,122.59,122.4,28518020,122.62,122.62,,3040343214.7,3040343214.7,,0.0,3,SUR,0.13,
TQBR,2024-09-23,ГАЗПРОМ ао,GAZP,196325,17630528174.5,122.65,122.62,130.8,122.92,127.5,130.35,138227980,123.55,123.55,,3503206143.0,3503206143.0,,0.0,3,SUR,6.5,
TQBR,2024-09-24,ГАЗПРОМ ао,GAZP,362627,40107942060.0,130.9,130.66,139.9,138.83,135.25,139.71,296528780,134.59,134.59,,33880129822.7,33880129822.7,,0.0,3,SUR,7.18,
TQBR,2024-09-25,ГАЗПРОМ ао,GAZP,201529,20590540025.5,140.5,134.29,140.99,136.02,137.22,135.44,150051920,137.59,137.59,,17265558634.0,17265558634.0,,0.0,3,SUR,-3.06,
TQBR,2024-09-26,ГАЗПРОМ ао,GAZP,190410,17933597062.1,134.91,133.64,138.48,136.99,135.91,137.35,131197240,136.68,136.68,,16906719690.7,16906719690.7,,0.0,3,SUR,1.41,
TQBR,2024-09-27,ГАЗПРОМ ао,GAZP,119176,12010377860.5,137.55,136.4,141.77,141.0,139.29,140.5,86225140,138.98,138.98,,9373913699.0,9373913699.0,,0.0,3,SUR,2.29,
TQBR,2024-09-30,ГАЗПРОМ ао,GAZP,297795,33372954701.4,140.5,136.82,144.2,140.0,140.78,138.19,237070920,140.99,140.99,,29942608701.9,29942608701.9,,0.0,3,SUR,-1.64,
TQBR,2024-10-01,ГАЗПРОМ ао,GAZP,135967,13456946353.8,137.9,134.44,139.2,134.9,136.54,136.21,98557620,136.76,136.76,,11314223606.6,11314223606.6,,0.0,3,SUR,-1.43,
TQBR,2024-10-02,ГАЗПРОМ ао,GAZP,103392,8957149638.5,136.22,131.7,137.16,132.27,134.05,132.12,66820150,134.34,134.34,,7743349485.5,7743349485.5,,0.0,3,SUR,-3.0,
TQBR,2024-10-03,ГАЗПРОМ ао,GAZP,89429,7580263127.7,131.6,130.32,134.16,133.11,132.14,133.87,57363130,132.0,132.0,,6944006442.8,6944006442.8,,0.0,3,SUR,1.32,
TQBR,2024-10-04,ГАЗПРОМ ао,GAZP,53049,3836329966.8,134.06,132.03,134.49,133.15,133.22,133.32,28796380,133.23,133.23,,3365830987.3,3365830987.3,,0.0,3,SUR,-0.41,
TQBR,2024-10-07,ГАЗПРОМ ао,GAZP,102802,3371137638.1,133.32,131.6,133.66,132.65,132.43,133.5,25456730,132.34,132.34,,2822701349.4,2822701349.4,,0.0,3,SUR,0.14,
TQBR,2024-10-08,ГАЗПРОМ ао,GAZP,50700,4291477268.2,133.11,132.9,134.88,133.44,133.91,133.83,32048400,133.94,133.94,,3822757519.5,3822757519.5,,0.0,3,SUR,0.25,
TQBR,2024-10-09,ГАЗПРОМ ао,GAZP,40044,2578402601.9,133.77,131.5,133.92,131.8,132.41,132.51,19471090,132.43,132.43,,2208583242.8,2208583242.8,,0.0,3,SUR,-0.99,
TQBR,2024-10-10,ГАЗПРОМ ао,GAZP,53594,2335107371.4,132.5,132.15,133.49,132.6,132.76,132.69,17588930,132.75,132.75,,2075200493.5,2075200493.5,,0.0,3,SUR,0.14,
TQBR,2024-10-11,ГАЗПРОМ ао,GAZP,38461,2850881736.1,132.94,131.52,132.94,132.28,132.02,131.82,21593520,132.0,132.0,,2304341520.6,2304341520.6,,0.0,3,SUR,-0.66,
TQBR,2024-10-14,ГАЗПРОМ ао,GAZP,78071,4587872154.6,131.5,130.51,133.35,132.1,131.97,131.92,34766880,131.96,131.96,,4186597120.8,4186597120.8,,0.0,3,SUR,0.08,
TQBR,2024-10-15,ГАЗПРОМ ао,GAZP,68708,3770973580.2,131.85,131.43,134.4,134.4,133.19,133.97,28313540,133.07,133.07,,3297591913.8,3297591913.8,,0.0,3,SUR,1.55,
TQBR,2024-10-16,ГАЗПРОМ ао,GAZP,119854,10710554978.1,134.03,133.96,138.8,136.34,137.04,137.24,78152550,137.06,137.06,,9901292949.2,9901292949.2,,0.0,3,SUR,2.44,
TQBR,2024-10-17,ГАЗПРОМ ао,GAZP,106704,6739423470.6,137.49,134.8,138.29,136.61,136.63,136.05,49328930,136.66,136.66,,6070226819.2,6070226819.2,,0.0,3,SUR,-0.87,
TQBR,2024-10-18,ГАЗПРОМ ао,GAZP,73069,3596031251.5,136.27,134.8,137.3,135.08,135.93,135.67,26454740,135.96,135.96,,3295487368.9,3295487368.9,,0.0,3,SUR,-0.28,
TQBR,2024-10-21,ГАЗПРОМ ао,GAZP,38263,2616561103.2,135.68,135.11,136.6,135.46,135.88,135.97,19256570,135.89,135.89,,2405441524.9,2405441524.9,,0.0,3,SUR,0.22,
TQBR,2024-10-22,ГАЗПРОМ ао,GAZP,85755,7634629442.4,136.12,135.51,140.08,136.65,138.01,136.24,55318450,138.2,138.2,,6871538290.4,6871538290.4,,0.0,3,SUR,0.2,
TQBR,2024-10-23,ГАЗПРОМ ао,GAZP,63139,4881067144.4,136.0,134.13,137.5,136.27,135.96,134.76,35901510,136.33,136.33,,3611953430.5,3611953430.5,,0.0,3,SUR,-1.09,
TQBR,2024-10-24,ГАЗПРОМ ао,GAZP,59554,3850666767.8,134.94,132.15,135.2,134.2,133.63,134.12,28816490,133.56,133.56,,3472715245.3,3472715245.3,,0.0,3,SUR,-0.47,
TQBR,2024-10-25,ГАЗПРОМ ао,GAZP,86741,7390971495.1,134.15,132.0,136.5,132.5,134.0,133.0,55157550,134.1,134.1,,6821317188.4,6821317188.4,,0.0,3,SUR,-0.84,
TQBR,2024-10-28,ГАЗПРОМ ао,GAZP,162619,10274186409.1,131.98,123.5,132.26,124.81,127.69,124.87,80459410,128.36,128.36,,8495360864.1,8495360864.1,,0.0,3,SUR,-6.11,
TQBR,2024-10-29,ГАЗПРОМ ао,GAZP,137851,8399437958.8,125.12,121.85,126.96,126.0,124.88,125.97,67274150,124.74,124.74,,7708915369.7,7708915369.7,,0.0,3,SUR,0.88,
TQBR,2024-10-30,ГАЗПРОМ ао,GAZP,110214,4422021290.7,126.16,123.52,127.2,125.99,125.4,123.8,35262440,125.63,125.63,,3590247310.4,3590247310.4,,0.0,3,SUR,-1.72,
TQBR,2024-10-31,ГАЗПРОМ ао,GAZP,77026,4294283523.6,123.16,122.25,124.94,123.35,123.48,123.44,34777610,123.55,123.55,,3852980977.8,3852980977.8,,0.0,3,SUR,-0.29,
TQBR,2024-11-01,ГАЗПРОМ ао,GAZP,49445,3059849484.5,123.8,122.71,125.67,124.45,124.05,125.6,24664670,123.73,123.73,,2391836306.8,2391836306.8,,0.0,3,SUR,1.75,
TQBR,2024-11-02,ГАЗПРОМ ао,GAZP,62448,4141881994.6,125.74,125.01,129.3,128.04,127.36,128.7,32521880,127.1,127.1,,3484344456.4,3484344456.4,,0.0,3,SUR,2.47,
TQBR,2024-11-05,ГАЗПРОМ ао,GAZP,47228,2963177854.0,129.0,127.37,129.37,128.72,128.42,128.77,23073860,128.34,128.34,,2509599948.6,2509599948.6,,0.0,3,SUR,0.05,
TQBR,2024-11-06,ГАЗПРОМ ао,GAZP,148056,14595114886.2,133.11,130.4,136.59,131.6,133.63,131.92,109221520,133.7,133.7,,14126660055.1,14126660055.1,,0.0,3,SUR,2.45,
TQBR,2024-11-07,ГАЗПРОМ ао,GAZP,80885,6954340409.2,131.85,129.65,135.54,133.45,132.19,135.52,52608800,131.28,131.28,,5031134570.7,5031134570.7,,0.0,3,SUR,2.73,
TQBR,2024-11-08,ГАЗПРОМ ао,GAZP,99122,8728222333.0,135.8,133.64,137.0,135.0,135.29,135.9,64515570,135.19,135.19,,7228378203.2,7228378203.2,,0.0,3,SUR,0.28,
TQBR,2024-11-11,ГАЗПРОМ ао,GAZP,81097,6260789860.8,137.2,135.24,138.33,138.09,136.71,138.12,45791540,136.58,136.58,,5564108375.6,5564108375.6,,0.0,3,SUR,1.63,
TQBR,2024-11-12,ГАЗПРОМ ао,GAZP,58258,4502172890.8,137.82,134.64,137.82,135.4,136.09,135.16,33078360,136.2,136.2,,4122856755.6,4122856755.6,,0.0,3,SUR,-2.14,
TQBR,2024-11-13,ГАЗПРОМ ао,GAZP,65162,4387980568.7,134.9,132.27,136.65,135.77,134.78,132.6,32556660,135.55,135.55,,2524818580.0,2524818580.0,,0.0,3,SUR,-1.89,
TQBR,2024-11-14,ГАЗПРОМ ао,GAZP,70139,5362699890.5,132.02,130.67,133.34,131.0,132.29,131.61,40544900,132.37,132.37,,4743609055.5,4743609055.5,,0.0,3,SUR,-0.75,
TQBR,2024-11-15,ГАЗПРОМ ао,GAZP,96969,6379226527.1,131.61,131.02,134.0,132.75,132.49,133.37,48146470,132.4,132.4,,5538330103.0,5538330103.0,,0.0,3,SUR,1.34,
TQBR,2024-11-18,ГАЗПРОМ ао,GAZP,100217,7842758694.4,129.5,128.75,130.73,130.0,129.83,129.12,60407760,129.86,129.86,,7076207613.6,7076207613.6,,0.0,3,SUR,-3.19,
TQBR,2024-11-19,ГАЗПРОМ ао,GAZP,105522,7485912921.1,128.98,123.8,129.38,124.7,126.54,125.49,59160940,126.69,126.69,,6696574555.5,6696574555.5,,0.0,3,SUR,-2.81,
TQBR,2024-11-20,ГАЗПРОМ ао,GAZP,111062,7624058173.6,126.0,120.36,126.78,121.93,123.44,121.89,61761810,124.32,124.32,,5508005729.4,5508005729.4,,0.0,3,SUR,-2.87,
TQBR,2024-11-21,ГАЗПРОМ ао,GAZP,118318,9446569324.7,122.2,119.62,124.35,121.4,121.93,124.1,77481690,121.8,121.8,,7368686469.1,7368686469.1,,0.0,3,SUR,1.81,
TQBR,2024-11-22,ГАЗПРОМ ао,GAZP,109286,8709271055.9,124.25,118.4,124.32,119.44,120.9,119.47,72089820,120.94,120.94,,7238047108.5,7238047108.5,,0.0,3,SUR,-3.73,
TQBR,2024-11-25,ГАЗПРОМ ао,GAZP,101284,6357891878.8,119.5,116.06,120.45,117.35,118.13,117.44,53827410,118.36,118.36,,5239816647.3,5239816647.3,,0.0,3,SUR,-1.7,
TQBR,2024-11-26,ГАЗПРОМ ао,GAZP,112793,6850074525.3,117.25,114.01,119.43,114.9,116.23,114.5,58959310,116.38,116.38,,6075142888.7,6075142888.7,,0.0,3,SUR,-2.5,
TQBR,2024-11-27,ГАЗПРОМ ао,GAZP,184952,10794942273.9,115.0,112.34,119.81,118.28,115.87,119.41,93159920,115.36,115.36,,9195652544.0,9195652544.0,,0.0,3,SUR,4.29,
TQBR,2024-11-28,ГАЗПРОМ ао,GAZP,100558,6536478221.1,120.0,118.25,121.5,120.6,120.1,120.29,54425530,120.02,120.02,,5717020941.7,5717020941.7,,0.0,3,SUR,0.74,
TQBR,2024-11-29,ГАЗПРОМ ао,GAZP,118225,9006040351.7,120.29,119.6,124.9,123.59,123.1,124.29,73153340,122.82,122.82,,6161578025.4,6161578025.4,,0.0,3,SUR,3.33,
TQBR,2024-12-02,ГАЗПРОМ ао,GAZP,71445,5313599469.3,125.0,123.51,125.45,124.0,124.4,123.9,42710420,124.44,124.44,,4987597785.0,4987597785.0,,0.0,3,SUR,-0.31,
TQBR,2024-12-03,ГАЗПРОМ ао,GAZP,71808,4259717548.2,123.9,120.71,124.0,121.54,122.37,121.48,34810040,122.52,122.52,,3767410365.7,3767410365.7,,0.0,3,SUR,-1.95,
TQBR,2024-12-04,ГАЗПРОМ ао,GAZP,126755,10312675012.8,121.5,114.13,123.46,115.49,118.03,115.3,87366410,119.29,119.29,,7203894902.6,7203894902.6,,0.0,3,SUR,-5.09,
TQBR,2024-12-05,ГАЗПРОМ ао,GAZP,145536,10936283837.4,115.8,113.0,117.46,116.12,115.33,116.63,94830050,115.15,115.15,,9769570701.8,9769570701.8,,0.0,3,SUR,1.15,
TQBR,2024-12-06,ГАЗПРОМ ао,GAZP,76843,5540453578.2,117.17,113.9,117.32,114.98,115.3,114.99,48053970,115.34,115.34,,4869354042.0,4869354042.0,,0.0,3,SUR,-1.41,
TQBR,2024-12-09,ГАЗПРОМ ао,GAZP,97235,4867517847.1,115.76,115.0,117.86,117.37,116.31,117.06,41851750,116.2,116.2,,4373693099.4,4373693099.4,,0.0,3,SUR,1.8,
TQBR,2024-12-10,ГАЗПРОМ ао,GAZP,73334,4468946727.5,117.4,114.5,117.47,115.04,115.58,114.7,38672000,115.62,115.62,,4108180825.1,4108180825.1,,0.0,3,SUR,-2.02,
TQBR,2024-12-11,ГАЗПРОМ ао,GAZP,75203,5460758961.4,114.6,113.75,116.0,114.31,114.8,115.16,47568650,114.81,114.81,,4257856693.0,4257856693.0,,0.0,3,SUR,0.4,
TQBR,2024-12-12,ГАЗПРОМ ао,GAZP,69736,4589406939.7,115.16,113.0,115.4,113.4,114.05,113.1,40241950,114.2,114.2,,3777420137.9,3777420137.9,,0.0,3,SUR,-1.79,
TQBR,2024-12-13,ГАЗПРОМ ао,GAZP,60613,3881509318.1,113.0,112.46,114.2,113.14,112.99,112.86,34353520,112.99,112.99,,3426110666.2,3426110666.2,,0.0,3,SUR,-0.21,
TQBR,2024-12-16,ГАЗПРОМ ао,GAZP,149662,8614039290.0,112.69,108.11,112.8,108.96,110.22,108.71,78161020,110.7,110.7,,6094028448.0,6094028448.0,,0.0,3,SUR,-3.68,
TQBR,2024-12-17,ГАЗПРОМ ао,GAZP,124879,7280286536.6,108.72,106.1,109.47,106.6,107.62,107.26,67650770,107.69,107.69,,6286234865.4,6286234865.4,,0.0,3,SUR,-1.33,
TQBR,2024-12-18,ГАЗПРОМ ао,GAZP,125880,8428005306.3,107.46,105.22,108.57,106.66,106.6,108.05,79060770,106.21,106.21,,6219070538.1,6219070538.1,,0.0,3,SUR,0.74,
TQBR,2024-12-19,ГАЗПРОМ ао,GAZP,229569,17833687116.3,108.0,106.0,111.16,107.46,108.44,107.16,164458790,108.51,108.51,,16939348446.6,16939348446.6,,0.0,3,SUR,-0.82,
TQBR,2024-12-20,ГАЗПРОМ ао,GAZP,224481,17462372060.6,107.16,106.88,116.42,115.77,112.61,115.24,155013740,112.4,112.4,,15900615609.8,15900615609.8,,0.0,3,SUR,7.54,
TQBR,2024-12-23,ГАЗПРОМ ао,GAZP,154175,11422170381.0,117.18,116.58,120.99,119.45,118.57,119.75,96363630,118.44,118.44,,10404488521.0,10404488521.0,,0.0,3,SUR,3.91,
TQBR,2024-12-24,ГАЗПРОМ ао,GAZP,147108,13238791688.7,119.97,118.48,123.25,122.4,121.44,121.7,109011190,121.4,121.4,,12322756948.5,12322756948.5,,0.0,3,SUR,1.63,
TQBR,2024-12-25,ГАЗПРОМ ао,GAZP,214417,21217900947.6,121.71,121.12,128.71,126.48,125.64,128.11,168881530,125.34,125.34,,18355197253.0,18355197253.0,,0.0,3,SUR,5.27,
TQBR,2024-12-26,ГАЗПРОМ ао,GAZP,158954,13234472599.8,128.4,125.72,129.6,128.2,127.94,126.89,103442830,128.25,128.25,,10318470677.7,10318470677.7,,0.0,3,SUR,-0.95,
TQBR,2024-12-27,ГАЗПРОМ ао,GAZP,72988,6361730319.7,126.89,126.41,128.3,127.5,127.54,127.79,49876270,127.52,127.52,,5476172516.4,5476172516.4,,0.0,3,SUR,0.71,
TQBR,2024-12-28,ГАЗПРОМ ао,GAZP,72254,6852777187.7,127.79,127.7,130.0,128.8,129.22,129.6,53033190,129.21,129.21,,5977048117.5,5977048117.5,,0.0,3,SUR,1.42,
TQBR,2024-12-30,ГАЗПРОМ ао,GAZP,76477,6976178027.7,130.05,130.05,133.36,132.42,131.97,133.12,52862990,131.72,131.72,,5192562087.8,5192562087.8,,0.0,3,SUR,2.72,
TQBR,2025-01-03,ГАЗПРОМ ао,GAZP,83470,5836326465.1,132.9,128.2,133.0,128.98,129.47,128.66,45077800,129.55,129.55,,5251799870.7,5251799870.7,,0.0,3,SUR,-3.35,
TQBR,2025-01-06,ГАЗПРОМ ао,GAZP,41649,3026768485.9,128.0,126.53,128.44,127.94,127.7,128.34,23704570,127.64,127.64,,2604004206.0,2604004206.0,,0.0,3,SUR,-0.25,
TQBR,2025-01-08,ГАЗПРОМ ао,GAZP,38428,2783477817.5,128.24,128.14,129.89,129.65,129.3,129.45,21526650,129.27,129.27,,2426491381.9,2426491381.9,,0.0,3,SUR,0.86,
TQBR,2025-01-09,ГАЗПРОМ ао,GAZP,107005,8331499772.0,129.68,123.51,129.68,124.2,125.92,124.01,66156670,126.26,126.26,,7128909329.2,7128909329.2,,0.0,3,SUR,-4.2,
TQBR,2025-01-10,ГАЗПРОМ ао,GAZP,143593,12813294507.4,124.51,121.31,127.37,126.3,124.81,126.6,102667730,124.67,124.67,,11761418310.7,11761418310.7,,0.0,3,SUR,2.09,
TQBR,2025-01-13,ГАЗПРОМ ао,GAZP,196327,13404551556.5,127.96,127.72,132.68,131.93,130.26,131.47,102891820,130.12,130.12,,11231340270.6,11231340270.6,,0.0,3,SUR,3.85,
TQBR,2025-01-14,ГАЗПРОМ ао,GAZP,183845,12176254187.0,131.0,130.0,134.82,132.83,133.11,132.99,91468470,133.16,133.16,,10779797734.1,10779797734.1,,0.0,3,SUR,1.16,
TQBR,2025-01-15,ГАЗПРОМ ао,GAZP,131431,10131531604.2,133.1,131.85,136.52,132.5,134.0,136.36,75606700,132.89,132.89,,5122151347.7,5122151347.7,,0.0,3,SUR,2.53,
TQBR,2025-01-16,ГАЗПРОМ ао,GAZP,105507,9859906915.7,136.36,134.11,137.66,135.92,135.99,135.33,72504860,136.05,136.05,,8877531971.2,8877531971.2,,0.0,3,SUR,-0.76,
TQBR,2025-01-17,ГАЗПРОМ ао,GAZP,100607,9401581815.9,135.33,134.7,139.17,138.55,137.54,138.76,68351940,137.34,137.34,,7997016130.6,7997016130.6,,0.0,3,SUR,2.53,
TQBR,2025-01-20,ГАЗПРОМ ао,GAZP,109411,11029184775.5,140.14,136.55,140.96,137.82,138.76,137.1,79485480,139.05,139.05,,8706152194.5,8706152194.5,,0.0,3,SUR,-1.2,
TQBR,2025-01-21,ГАЗПРОМ ао,GAZP,100492,6989787015.4,137.1,135.22,138.89,137.41,136.92,138.01,51049100,136.84,136.84,,6145900181.9,6145900181.9,,0.0,3,SUR,0.66,
TQBR,2025-01-22,ГАЗПРОМ ао,GAZP,119089,7739858107.9,138.15,136.0,139.59,138.65,137.75,136.83,56189470,137.94,137.94,,5009689158.3,5009689158.3,,0.0,3,SUR,-0.86,
TQBR,2025-01-23,ГАЗПРОМ ао,GAZP,59899,5104777626.1,136.79,135.55,138.0,136.1,136.66,137.84,37353350,136.52,136.52,,3523163711.6,3523163711.6,,0.0,3,SUR,0.74,
TQBR,2025-01-24,ГАЗПРОМ ао,GAZP,56932,5668028894.0,138.31,137.07,139.31,137.5,138.25,138.43,40997950,138.27,138.27,,4929850808.9,4929850808.9,,0.0,3,SUR,0.43,
TQBR,2025-01-27,ГАЗПРОМ ао,GAZP,79664,6290797310.5,138.43,133.82,138.96,135.55,136.0,134.26,46261010,136.49,136.49,,4193486970.9,4193486970.9,,0.0,3,SUR,-3.01,
TQBR,2025-01-28,ГАЗПРОМ ао,GAZP,101161,10141457647.6,134.03,132.77,138.75,137.3,135.83,137.54,74617870,135.92,135.92,,8704432250.1,8704432250.1,,0.0,3,SUR,2.44,
TQBR,2025-01-29,ГАЗПРОМ ао,GAZP,56365,4520217107.9,137.78,136.0,139.0,137.25,137.27,137.05,32928780,137.21,137.21,,3367143208.3,3367143208.3,,0.0,3,SUR,-0.36,
TQBR,2025-01-30,ГАЗПРОМ ао,GAZP,98025,9383066313.5,137.05,136.79,140.77,139.87,138.96,140.47,67516680,138.66,138.66,,6977233355.7,6977233355.7,,0.0,3,SUR,2.5,
TQBR,2025-01-31,ГАЗПРОМ ао,GAZP,148859,14868400816.8,140.55,139.6,144.29,140.19,141.95,140.84,104745440,142.15,142.15,,11607790691.8,11607790691.8,,0.0,3,SUR,0.26,
TQBR,2025-02-03,ГАЗПРОМ ао,GAZP,101491,8619989728.8,140.45,138.4,142.15,139.58,140.35,139.63,61419880,140.47,140.47,,6438748191.8,6438748191.8,,0.0,3,SUR,-0.86,
TQBR,2025-02-04,ГАЗПРОМ ао,GAZP,79813,6967768064.9,139.95,136.6,140.58,138.01,138.26,136.84,50420110,138.34,138.34,,5298763593.6,5298763593.6,,0.0,3,SUR,-2.0,
TQBR,2025-02-05,ГАЗПРОМ ао,GAZP,86978,9293505834.3,136.85,136.1,140.49,139.15,138.32,140.45,67187500,138.0,138.0,,6630689137.3,6630689137.3,,0.0,3,SUR,2.64,
TQBR,2025-02-06,ГАЗПРОМ ао,GAZP,112178,10343046246.6,140.52,139.1,143.43,141.9,141.23,141.98,73238430,141.19,141.19,,8832530760.0,8832530760.0,,0.0,3,SUR,1.09,
TQBR,2025-02-07,ГАЗПРОМ ао,GAZP,64182,5620473598.1,142.2,141.01,143.13,142.0,142.11,141.9,39550870,142.05,142.05,,4304662047.6,4304662047.6,,0.0,3,SUR,-0.06,
TQBR,2025-02-10,ГАЗПРОМ ао,GAZP,90807,8945796246.0,142.67,141.93,144.62,144.1,143.48,142.46,62348530,143.74,143.74,,5685598824.7,5685598824.7,,0.0,3,SUR,0.39,
TQBR,2025-02-11,ГАЗПРОМ ао,GAZP,79042,6663974172.6,142.28,140.77,143.9,142.53,142.51,142.97,46769990,142.33,142.33,,5008766993.6,5008766993.6,,0.0,3,SUR,0.36,
TQBR,2025-02-12,ГАЗПРОМ ао,GAZP,232088,34848041637.2,143.03,143.03,154.6,146.75,149.42,154.6,233150190,146.16,146.16,,14593091622.1,14593091622.1,,0.0,3,SUR,8.13,
TQBR,2025-02-13,ГАЗПРОМ ао,GAZP,666320,87982590489.0,159.1,156.33,175.19,167.0,165.15,166.32,533021120,165.51,165.51,,79759643259.39,79759643259.39,,0.0,3,SUR,7.58,
TQBR,2025-02-14,ГАЗПРОМ ао,GAZP,442098,55042132529.2,169.94,163.07,173.93,165.99,169.1,168.1,325611890,168.78,168.78,,40466857231.3,40466857231.3,,0.0,3,SUR,1.07,
TQBR,2025-02-17,ГАЗПРОМ ао,GAZP,309512,37377111963.5,172.02,171.1,180.05,176.01,174.51,180.05,214122040,173.46,173.46,,20411113444.5,20411113444.5,,0.0,3,SUR,7.11,
TQBR,2025-02-18,ГАЗПРОМ ао,GAZP,405134,56022723157.1,181.0,169.0,184.8,173.3,175.51,171.2,319221210,175.13,175.13,,39871612914.0,39871612914.0,,0.0,3,SUR,-4.92,
TQBR,2025-02-19,ГАЗПРОМ ао,GAZP,208180,24250819162.2,172.22,169.12,177.8,172.7,172.63,176.25,140445300,171.24,171.24,,13480015506.5,13480015506.5,,0.0,3,SUR,2.95,
TQBR,2025-02-20,ГАЗПРОМ ао,GAZP,156369,14777846145.9,176.26,172.23,176.44,172.8,174.2,173.0,84843560,174.21,174.21,,11332699546.6,11332699546.6,,0.0,3,SUR,-1.84,
TQBR,2025-02-21,ГАЗПРОМ ао,GAZP,140120,17384025258.8,173.0,167.61,174.38,170.3,170.61,171.09,101892300,170.54,170.54,,14310130957.0,14310130957.0,,0.0,3,SUR,-1.1,
TQBR,2025-02-24,ГАЗПРОМ ао,GAZP,166581,20013153567.6,170.47,169.22,177.2,172.0,172.45,177.16,115933550,170.53,170.53,,9174272177.5,9174272177.5,,0.0,3,SUR,3.55,
TQBR,2025-02-25,ГАЗПРОМ ао,GAZP,146765,17871363498.7,177.2,173.74,179.77,174.34,176.77,175.1,101106090,176.78,176.78,,12309629824.7,12309629824.7,,0.0,3,SUR,-1.16,
TQBR,2025-02-26,ГАЗПРОМ ао,GAZP,160118,17466274842.9,175.7,168.75,175.7,171.4,171.2,169.26,102026480,171.52,171.52,,12799166533.7,12799166533.7,,0.0,3,SUR,-3.34,
TQBR,2025-02-27,ГАЗПРОМ ао,GAZP,180686,19565679523.4,169.26,166.22,171.84,169.88,169.26,166.7,115618730,169.94,169.94,,11997385689.7,11997385689.7,,0.0,3,SUR,-1.51,
TQBR,2025-02-28,ГАЗПРОМ ао,GAZP,196449,24516216582.8,166.34,163.53,172.0,167.7,167.42,170.87,146393550,165.68,165.68,,12270589947.3,12270589947.3,,0.0,3,SUR,2.5,
TQBR,2025-03-03,ГАЗПРОМ ао,GAZP,233009,25935189098.1,171.5,163.35,172.73,165.18,167.26,169.26,154916540,165.94,165.94,,14145823129.1,14145823129.1,,0.0,3,SUR,-0.94,2025-03-03
TQBR,2025-03-04,ГАЗПРОМ ао,GAZP,142294,17093331636.6,170.0,169.55,175.3,172.6,172.14,173.92,99290710,171.48,171.48,,10369958380.1,10369958380.1,,0.0,3,SUR,2.75,2025-03-04
TQBR,2025-03-05,ГАЗПРОМ ао,GAZP,200411,22812024309.1,173.55,170.26,178.0,175.5,174.09,170.95,131050640,174.97,174.97,,13948511687.9,13948511687.9,,0.0,3,SUR,-1.71,2025-03-05
TQBR,2025-03-06,ГАЗПРОМ ао,GAZP,129800,14941438914.5,171.0,170.0,175.71,172.67,172.73,172.93,86510360,172.76,172.76,,11407651972.1,11407651972.1,,0.0,3,SUR,1.16,2025-03-06
TQBR,2025-03-07,ГАЗПРОМ ао,GAZP,132891,14594423612.8,172.6,168.13,174.79,169.89,171.67,171.56,85018390,171.54,171.54,,10589921836.7,10589921836.7,,0.0,3,SUR,-0.79,2025-03-07
TQBR,2025-03-10,ГАЗПРОМ ао,GAZP,87923,6077621380.1,171.97,170.15,172.78,171.35,171.63,171.09,35410310,171.74,171.74,,4465889920.2,4465889920.2,,0.0,3,SUR,-0.27,2025-03-10
TQBR,2025-03-11,ГАЗПРОМ ао,GAZP,103829,10429004015.2,171.09,169.15,172.5,170.33,170.57,170.42,61143390,170.56,170.56,,6074422246.6,6074422246.6,,0.0,3,SUR,-0.39,2025-03-11
TQBR,2025-03-12,ГАЗПРОМ ао,GAZP,85898,7850052119.2,170.42,167.7,171.14,168.69,168.86,168.29,46487190,168.76,168.76,,6098762581.5,6098762581.5,,0.0,3,SUR,-1.25,2025-03-12
TQBR,2025-03-13,ГАЗПРОМ ао,GAZP,293423,35632547378.8,168.3,160.71,171.7,163.4,165.95,168.11,214675050,163.59,163.59,,19537882855.8,19537882855.8,,0.0,3,SUR,-0.11,2025-03-13
TQBR,2025-03-14,ГАЗПРОМ ао,GAZP,184801,18578209590.7,167.22,164.38,171.47,169.35,167.95,170.45,110594810,167.82,167.82,,12847794860.7,12847794860.7,,0.0,3,SUR,1.39,2025-03-14
TQBR,2025-03-17,ГАЗПРОМ ао,GAZP,175763,20109642250.2,170.45,170.34,174.84,173.99,173.42,172.73,115976400,173.87,173.87,,11299232829.3,11299232829.3,,0.0,3,SUR,1.34,2025-03-17
TQBR,2025-03-18,ГАЗПРОМ ао,GAZP,199136,24346427543.1,173.39,167.55,174.48,172.14,171.83,168.52,141726140,172.56,172.56,,12829654837.6,12829654837.6,,0.0,3,SUR,-2.44,2025-03-18
TQBR,2025-03-19,ГАЗПРОМ ао,GAZP,124887,12440205765.6,169.0,165.57,169.78,168.51,167.72,168.33,74132780,167.56,167.56,,10250280553.0,10250280553.0,,0.0,3,SUR,-0.11,2025-03-19
TQBR,2025-03-20,ГАЗПРОМ ао,GAZP,129072,13962226698.7,168.7,165.67,169.0,168.33,167.27,168.09,83481470,167.16,167.16,,12723850125.3,12723850125.3,,0.0,3,SUR,-0.14,2025-03-20
TQBR,2025-03-21,ГАЗПРОМ ао,GAZP,87784,9091998331.9,167.0,166.02,168.94,166.08,167.37,166.61,54323230,167.54,167.54,,6827591211.1,6827591211.1,,0.0,3,SUR,-0.88,2025-03-21
TQBR,2025-03-24,ГАЗПРОМ ао,GAZP,95010,7375063040.5,166.4,163.11,166.63,165.0,164.96,164.56,44708200,165.2,165.2,,3952202569.6,3952202569.6,,0.0,3,SUR,-1.23,2025-03-24
TQBR,2025-03-25,ГАЗПРОМ ао,GAZP,132298,13809820041.0,164.95,160.25,166.33,163.5,163.21,164.46,84616820,162.84,162.84,,10996815805.7,10996815805.7,,0.0,3,SUR,-0.06,2025-03-25
TQBR,2025-03-26,ГАЗПРОМ ао,GAZP,106341,9633207630.2,165.2,161.21,167.26,162.1,164.15,161.85,58679870,164.11,164.11,,6337696814.3,6337696814.3,,0.0,3,SUR,-1.59,2025-03-26
TQBR,2025-03-27,ГАЗПРОМ ао,GAZP,151328,14357911490.0,161.5,154.9,162.4,155.92,158.07,155.25,90863590,158.13,158.13,,11838338905.5,11838338905.5,,0.0,3,SUR,-4.08,2025-03-27
TQBR,2025-03-28,ГАЗПРОМ ао,GAZP,275809,25400695144.4,155.0,145.2,156.11,148.44,149.8,145.43,169580410,149.71,149.71,,19525324309.7,19525324309.7,,0.0,3,SUR,-6.33,2025-03-28
TQBR,2025-03-31,ГАЗПРОМ ао,GAZP,164741,16456641987.0,145.41,140.5,147.49,146.0,144.61,145.69,113809760,145.28,145.28,,9081748829.3,9081748829.3,,0.0,3,SUR,0.18,2025-03-31
TQBR,2025-04-01,ГАЗПРОМ ао,GAZP,231697,22085686628.5,146.09,136.7,147.82,139.6,141.5,137.5,156100030,142.37,142.37,,14795217988.7,14795217988.7,,0.0,3,SUR,-5.62,2025-04-01
TQBR,2025-04-02,ГАЗПРОМ ао,GAZP,147944,14861210955.4,137.5,135.44,139.98,137.18,138.36,139.23,107535040,138.39,138.39,,9642886002.9,9642886002.9,,0.0,3,SUR,1.26,2025-04-02
TQBR,2025-04-03,ГАЗПРОМ ао,GAZP,244248,20480609394.1,139.8,130.73,143.01,132.24,135.72,134.54,150937530,136.01,136.01,,13436739529.4,13436739529.4,,0.0,3,SUR,-3.37,2025-04-03
TQBR,2025-04-04,ГАЗПРОМ ао,GAZP,292426,23219423756.6,136.0,126.4,136.66,128.0,129.93,126.7,178689570,129.77,129.77,,16929078156.7,16929078156.7,,0.0,3,SUR,-5.83,2025-04-04
TQBR,2025-04-07,ГАЗПРОМ ао,GAZP,412259,30742811660.5,126.0,118.1,129.69,125.45,124.56,125.57,246777960,124.91,124.91,,17596000997.2,17596000997.2,,0.0,3,SUR,-0.89,2025-04-07
TQBR,2025-04-08,ГАЗПРОМ ао,GAZP,175041,13892614258.6,126.6,121.36,128.94,125.58,125.5,121.91,110693830,126.31,126.31,,7163912612.7,7163912612.7,,0.0,3,SUR,-2.91,2025-04-08
TQBR,2025-04-09,ГАЗПРОМ ао,GAZP,286336,26007411241.1,120.77,116.6,128.62,119.99,122.0,127.76,213129370,119.66,119.66,,14131803289.6,14131803289.6,,0.0,3,SUR,4.8,2025-04-09
TQBR,2025-04-10,ГАЗПРОМ ао,GAZP,206866,19555112628.8,128.48,124.64,131.0,127.44,127.56,127.77,153296370,127.78,127.78,,13415115717.1,13415115717.1,,0.0,3,SUR,0.01,2025-04-10
TQBR,2025-04-11,ГАЗПРОМ ао,GAZP,171098,16605849192.2,127.76,127.38,133.59,131.99,131.31,132.91,126458420,131.1,131.1,,10568234659.5,10568234659.5,,0.0,3,SUR,4.02,2025-04-11
TQBR,2025-04-14,ГАЗПРОМ ао,GAZP,187940,17090365859.8,134.36,130.66,137.0,132.22,134.08,132.05,127461650,133.64,133.64,,8086217226.2,8086217226.2,,0.0,3,SUR,-0.65,2025-04-14
TQBR,2025-04-15,ГАЗПРОМ ао,GAZP,107632,10642221554.2,132.0,129.74,134.3,130.69,131.84,131.6,80694900,131.79,131.79,,8234126862.4,8234126862.4,,0.0,3,SUR,-0.34,2025-04-15
TQBR,2025-04-16,ГАЗПРОМ ао,GAZP,121009,11186914379.7,131.6,129.02,134.0,133.25,131.69,132.0,84950240,131.64,131.64,,8452141255.3,8452141255.3,,0.0,3,SUR,0.3,2025-04-16
TQBR,2025-04-17,ГАЗПРОМ ао,GAZP,150545,14878322000.8,132.52,132.4,137.48,133.5,134.57,136.79,110560710,133.93,133.93,,8059946630.2,8059946630.2,,0.0,3,SUR,3.63,2025-04-17
TQBR,2025-04-18,ГАЗПРОМ ао,GAZP,124652,13030765150.0,134.6,133.03,136.31,135.45,134.71,134.77,96727500,134.67,134.67,,9306464302.1,9306464302.1,,0.0,3,SUR,-1.48,2025-04-18
TQBR,2025-04-21,ГАЗПРОМ ао,GAZP,162723,13169660086.1,136.4,135.29,140.0,138.91,137.99,139.53,95448040,137.99,137.99,,9369107471.5,9369107471.5,,0.0,3,SUR,3.53,2025-04-21
TQBR,2025-04-22,ГАЗПРОМ ао,GAZP,205887,25994138520.8,139.8,138.51,146.79,142.0,142.64,145.0,182226180,140.47,140.47,,9699353870.0,9699353870.0,,0.0,3,SUR,3.92,2025-04-22
TQBR,2025-04-23,ГАЗПРОМ ао,GAZP,221605,28191171435.7,145.25,138.58,145.97,142.24,142.08,143.38,198410840,140.56,140.56,,14234780556.9,14234780556.9,,0.0,3,SUR,-1.12,2025-04-23
TQBR,2025-04-24,ГАЗПРОМ ао,GAZP,126761,15252321623.1,144.0,143.54,146.78,144.71,144.93,144.29,105241790,145.15,145.15,,10866510623.9,10866510623.9,,0.0,3,SUR,0.63,2025-04-24
TQBR,2025-04-25,ГАЗПРОМ ао,GAZP,213707,25314277255.9,145.03,144.64,150.8,149.21,148.32,150.23,170697220,148.33,148.33,,20288488053.8,20288488053.8,,0.0,3,SUR,4.12,2025-04-25
TQBR,2025-04-28,ГАЗПРОМ ао,GAZP,357175,42374946017.0,152.0,149.05,157.45,154.91,153.22,153.27,276547850,153.47,153.47,,22917919693.1,22917919693.1,,0.0,3,SUR,2.02,2025-04-28
TQBR,2025-04-29,ГАЗПРОМ ао,GAZP,184973,20053070594.6,153.27,147.21,154.5,151.0,151.52,149.25,132410920,152.64,152.64,,12318271618.7,12318271618.7,,0.0,3,SUR,-2.62,2025-04-29
TQBR,2025-04-30,ГАЗПРОМ ао,GAZP,276083,30563699524.5,149.34,147.11,153.95,149.99,150.56,149.89,203045570,150.91,150.91,,24117214750.2,24117214750.2,,0.0,3,SUR,0.43,2025-04-30
TQBR,2025-05-02,ГАЗПРОМ ао,GAZP,157499,15268309779.1,149.7,138.15,149.7,143.49,144.25,138.89,105845280,145.01,145.01,,7484571220.5,7484571220.5,,0.0,3,SUR,-7.34,2025-05-02
TQBR,2025-05-05,ГАЗПРОМ ао,GAZP,327670,30374133807.6,138.98,131.53,141.85,133.3,137.2,135.09,221380320,136.68,136.68,,16530726925.3,16530726925.3,,0.0,3,SUR,-2.74,2025-05-05
TQBR,2025-05-06,ГАЗПРОМ ао,GAZP,255969,28033854368.7,134.92,132.33,139.5,138.42,136.82,137.71,204858750,136.89,136.89,,18154717080.6,18154717080.6,,0.0,3,SUR,1.94,2025-05-06
TQBR,2025-05-07,ГАЗПРОМ ао,GAZP,133831,15677343438.9,137.76,136.76,140.38,139.34,138.76,139.9,112962170,138.71,138.71,,11284467159.0,11284467159.0,,0.0,3,SUR,1.59,2025-05-07
TQBR,2025-05-08,ГАЗПРОМ ао,GAZP,168365,20801527313.9,140.06,140.03,144.77,142.82,142.66,142.9,145783600,142.83,142.83,,15444193355.0,15444193355.0,,0.0,3,SUR,2.14,2025-05-08
TQBR,2025-05-12,ГАЗПРОМ ао,GAZP,259716,30806473567.4,144.05,143.1,149.39,146.49,146.7,146.73,210041920,146.97,146.97,,15200018615.8,15200018615.8,,0.0,3,SUR,2.68,2025-05-12
TQBR,2025-05-13,ГАЗПРОМ ао,GAZP,102472,11717583178.4,146.98,144.83,147.5,146.43,146.09,145.64,80206180,145.97,145.97,,8985816138.5,8985816138.5,,0.0,3,SUR,-0.74,2025-05-13
TQBR,2025-05-14,ГАЗПРОМ ао,GAZP,123557,14683371591.9,145.93,141.59,146.8,145.68,144.88,141.74,101414090,145.61,145.61,,8465401533.8,8465401533.8,,0.0,3,SUR,-2.68,2025-05-14
TQBR,2025-05-15,ГАЗПРОМ ао,GAZP,196941,21687739398.4,141.65,137.86,143.18,139.3,140.23,139.44,154679680,140.04,140.04,,17259428996.2,17259428996.2,,0.0,3,SUR,-1.62,2025-05-15
TQBR,2025-05-16,ГАЗПРОМ ао,GAZP,205757,25563539344.9,139.89,133.5,140.82,137.76,137.41,139.1,186039790,137.18,137.18,,21889011105.6,21889011105.6,,0.0,3,SUR,-0.24,2025-05-16
TQBR,2025-05-19,ГАЗПРОМ ао,GAZP,239091,27043447494.9,139.4,138.88,143.64,142.0,141.54,139.72,191063900,141.64,141.64,,8789106454.7,8789106454.7,,0.0,3,SUR,0.45,2025-05-19
TQBR,2025-05-20,ГАЗПРОМ ао,GAZP,147415,13182824337.1,140.02,134.99,140.5,137.0,137.75,137.1,95710800,138.45,138.45,,7041113453.6,7041113453.6,,0.0,3,SUR,-1.88,2025-05-20
TQBR,2025-05-21,ГАЗПРОМ ао,GAZP,172757,18736666160.3,137.0,135.25,141.99,136.5,137.48,136.5,136285100,137.58,137.58,,15584982579.8,15584982579.8,,0.0,3,SUR,-0.44,2025-05-21
TQBR,2025-05-22,ГАЗПРОМ ао,GAZP,218064,25001943915.0,136.2,130.07,136.84,131.41,132.29,130.87,188984160,132.23,132.23,,20172082130.0,20172082130.0,,0.0,3,SUR,-4.12,2025-05-22
TQBR,2025-05-23,ГАЗПРОМ ао,GAZP,104029,10016490474.2,131.0,128.81,131.5,130.59,130.29,131.13,76880440,130.39,130.39,,6623498473.8,6623498473.8,,0.0,3,SUR,0.2,2025-05-23
TQBR,2025-05-26,ГАЗПРОМ ао,GAZP,169755,15045825958.2,130.67,124.18,130.98,124.51,126.37,125.52,119026370,126.05,126.05,,9516788186.7,9516788186.7,,0.0,3,SUR,-4.28,2025-05-26
TQBR,2025-05-27,ГАЗПРОМ ао,GAZP,124872,13355304882.8,125.38,122.57,127.82,127.51,125.62,127.41,106322530,125.92,125.92,,8428305512.2,8428305512.2,,0.0,3,SUR,1.51,2025-05-27
TQBR,2025-05-28,ГАЗПРОМ ао,GAZP,117673,12750064267.6,127.41,127.05,132.4,129.21,129.56,131.95,98404920,128.85,128.85,,7400377431.9,7400377431.9,,0.0,3,SUR,3.56,2025-05-28
TQBR,2025-05-29,ГАЗПРОМ ао,GAZP,95412,8683091664.9,132.3,129.21,132.4,130.8,130.95,129.42,66316700,131.24,131.24,,5135624026.8,5135624026.8,,0.0,3,SUR,-1.92,2025-05-29
TQBR,2025-05-30,ГАЗПРОМ ао,GAZP,113436,11078352120.3,129.35,128.33,133.05,132.5,131.04,132.26,84542380,131.04,131.04,,8458184621.8,8458184621.8,,0.0,3,SUR,2.19,2025-05-30
TQBR,2025-06-02,ГАЗПРОМ ао,GAZP,223018,19719295978.4,132.37,126.8,132.95,131.17,129.31,129.87,152458650,129.04,129.04,,9973344232.3,9973344232.3,,0.0,3,SUR,-1.81,2025-06-02
TQBR,2025-06-03,ГАЗПРОМ ао,GAZP,95211,7347469351.0,130.05,128.64,131.18,130.25,130.0,130.56,56516870,129.81,129.81,,5239495204.3,5239495204.3,,0.0,3,SUR,0.53,2025-06-03
TQBR,2025-06-04,ГАЗПРОМ ао,GAZP,121419,9987629218.9,130.57,128.72,132.43,129.62,130.54,129.58,76519600,130.69,130.69,,7766904640.7,7766904640.7,,0.0,3,SUR,-0.75,2025-06-04
TQBR,2025-06-05,ГАЗПРОМ ао,GAZP,87411,5070813028.2,129.9,128.91,130.46,129.6,129.62,129.48,39116740,129.66,129.66,,3524964253.3,3524964253.3,,0.0,3,SUR,-0.08,2025-06-05
TQBR,2025-06-06,ГАЗПРОМ ао,GAZP,176176,14534591764.6,129.4,125.51,132.4,125.8,128.87,125.56,112797100,129.13,129.13,,12910480360.6,12910480360.6,,0.0,3,SUR,-3.03,2025-06-06
TQBR,2025-06-09,ГАЗПРОМ ао,GAZP,138301,8455173002.3,125.67,122.67,126.5,122.82,124.17,123.5,68090870,123.74,123.74,,5501586543.2,5501586543.2,,0.0,3,SUR,-1.64,2025-06-09
TQBR,2025-06-10,ГАЗПРОМ ао,GAZP,73926,5869531110.4,123.88,121.85,124.27,123.3,122.85,122.8,47777960,122.73,122.73,,4545123907.9,4545123907.9,,0.0,3,SUR,-0.57,2025-06-10
TQBR,2025-06-11,ГАЗПРОМ ао,GAZP,61974,3679815384.0,123.06,122.22,123.59,122.88,122.85,122.84,29945840,122.92,122.92,,2623833313.5,2623833313.5,,0.0,3,SUR,0.03,2025-06-11
TQBR,2025-06-13,ГАЗПРОМ ао,GAZP,37977,2508021902.2,124.1,123.06,124.49,123.6,123.68,123.39,20278100,123.61,123.61,,1366388199.6,1366388199.6,,0.0,3,SUR,0.45,2025-06-13
TQBR,2025-06-16,ГАЗПРОМ ао,GAZP,106379,7612797361.1,123.85,122.66,126.75,122.93,124.3,123.05,61236260,123.9,123.9,,3426109105.0,3426109105.0,,0.0,3,SUR,-0.28,2025-06-16
TQBR,2025-06-17,ГАЗПРОМ ао,GAZP,136267,8928275183.1,123.18,122.68,128.0,126.99,125.78,127.17,70981050,125.44,125.44,,6175907617.9,6175907617.9,,0.0,3,SUR,3.35,2025-06-17
TQBR,2025-06-18,ГАЗПРОМ ао,GAZP,92801,6512042203.7,127.44,125.51,127.87,126.75,126.78,126.67,51366530,126.75,126.75,,4608238973.3,4608238973.3,,0.0,3,SUR,-0.39,2025-06-18
TQBR,2025-06-19,ГАЗПРОМ ао,GAZP,81093,6031461833.7,126.94,125.0,127.35,126.17,126.1,125.92,47831440,126.02,126.02,,5122204459.6,5122204459.6,,0.0,3,SUR,-0.59,2025-06-19
TQBR,2025-06-20,ГАЗПРОМ ао,GAZP,67518,5810824059.8,125.82,123.4,126.66,123.42,125.12,124.27,46445250,125.37,125.37,,4284669536.2,4284669536.2,,0.0,3,SUR,-1.31,2025-06-20
TQBR,2025-06-23,ГАЗПРОМ ао,GAZP,74851,5311065774.6,124.88,123.51,125.82,125.23,124.73,124.28,42578240,124.74,124.74,,3658549604.3,3658549604.3,,0.0,3,SUR,0.01,2025-06-23
TQBR,2025-06-24,ГАЗПРОМ ао,GAZP,74189,4917582580.3,124.25,122.86,125.4,124.67,124.03,125.13,39648080,123.76,123.76,,3430606907.0,3430606907.0,,0.0,3,SUR,0.68,2025-06-24
TQBR,2025-06-25,ГАЗПРОМ ао,GAZP,100302,5310341220.3,125.01,124.53,126.99,126.63,125.9,126.35,42176260,125.9,125.9,,4032518645.7,4032518645.7,,0.0,3,SUR,0.97,2025-06-25
TQBR,2025-06-26,ГАЗПРОМ ао,GAZP,79396,4655175805.6,126.4,125.43,128.24,127.11,126.8,126.69,36709800,126.86,126.86,,3862107790.8,3862107790.8,,0.0,3,SUR,0.27,2025-06-26
TQBR,2025-06-27,ГАЗПРОМ ао,GAZP,81236,6764798463.1,126.76,125.57,128.19,126.83,126.73,127.59,53371930,126.64,126.64,,5494180021.9,5494180021.9,,0.0,3,SUR,0.71,2025-06-27
TQBR,2025-06-30,ГАЗПРОМ ао,GAZP,135302,9585982134.6,127.62,126.3,130.55,130.03,128.56,129.89,74582900,128.72,128.72,,7086926747.6,7086926747.6,,0.0,3,SUR,1.8,2025-06-30
TQBR,2025-07-01,ГАЗПРОМ ао,GAZP,96391,6925191289.2,129.98,127.9,131.17,129.7,129.63,128.26,53430410,129.73,129.73,,4319022331.1,4319022331.1,,0.0,3,SUR,-1.25,2025-07-01
TQBR,2025-07-02,ГАЗПРОМ ао,GAZP,65484,5802463583.3,128.45,126.26,129.2,126.72,127.68,127.11,45445110,127.6,127.6,,4116383262.3,4116383262.3,,0.0,3,SUR,-0.9,2025-07-02
TQBR,2025-07-03,ГАЗПРОМ ао,GAZP,90002,6192077552.2,127.12,126.3,129.4,128.67,128.19,127.85,48314630,128.25,128.25,,4951625788.7,4951625788.7,,0.0,3,SUR,0.58,2025-07-03
TQBR,2025-07-04,ГАЗПРОМ ао,GAZP,59096,4509262991.0,127.39,126.6,128.8,127.31,127.67,127.83,35326400,127.71,127.71,,3460806183.3,3460806183.3,,0.0,3,SUR,-0.02,2025-07-04
TQBR,2025-07-07,ГАЗПРОМ ао,GAZP,97210,6445037366.9,127.72,123.33,127.91,123.62,125.15,124.02,51492920,125.08,125.08,,5157371379.6,5157371379.6,,0.0,3,SUR,-2.98,2025-07-07
TQBR,2025-07-08,ГАЗПРОМ ао,GAZP,100053,6009538508.0,123.7,120.89,124.7,123.89,123.08,121.03,48836530,123.53,123.53,,3350067329.6,3350067329.6,,0.0,3,SUR,-2.41,2025-07-08
TQBR,2025-07-09,ГАЗПРОМ ао,GAZP,100485,7120841225.2,121.02,118.11,122.16,118.72,120.19,119.67,59248710,120.19,120.19,,5281143676.6,5281143676.6,,0.0,3,SUR,-1.12,2025-07-09
TQBR,2025-07-10,ГАЗПРОМ ао,GAZP,57778,4511660828.4,120.0,119.37,121.42,120.6,120.39,120.32,37475380,120.46,120.46,,3519158738.4,3519158738.4,,0.0,3,SUR,0.54,2025-07-10
TQBR,2025-07-11,ГАЗПРОМ ао,GAZP,88576,7220882059.4,120.33,116.02,120.59,116.04,117.95,116.24,61242280,118.07,118.07,,5429314221.8,5429314221.8,,0.0,3,SUR,-3.39,2025-07-11
TQBR,2025-07-14,ГАЗПРОМ ао,GAZP,136455,12417274881.1,116.39,115.0,122.5,121.27,118.63,122.3,104644150,118.42,118.42,,7328695302.5,7328695302.5,,0.0,3,SUR,5.21,2025-07-14
TQBR,2025-07-15,ГАЗПРОМ ао,GAZP,68472,5058997839.6,122.5,121.17,122.8,121.79,121.96,121.63,41481520,121.87,121.87,,3559199478.8,3559199478.8,,0.0,3,SUR,-0.55,2025-07-15
TQBR,2025-07-16,ГАЗПРОМ ао,GAZP,75916,6796027248.6,121.79,120.85,123.8,122.97,122.68,122.83,55391840,122.75,122.75,,5495003256.7,5495003256.7,,0.0,3,SUR,0.99,2025-07-16
TQBR,2025-07-17,ГАЗПРОМ ао,GAZP,60303,4646601019.6,122.85,120.63,123.6,121.63,122.15,120.8,38041300,122.49,122.49,,3102995495.1,3102995495.1,,0.0,3,SUR,-1.65,2025-07-17
TQBR,2025-07-18,ГАЗПРОМ ао,GAZP,114761,11292888802.1,120.76,120.11,126.85,126.3,124.36,126.75,90816870,124.21,124.21,,9286595888.3,9286595888.3,,0.0,3,SUR,4.93,2025-07-18
TQBR,2025-07-21,ГАЗПРОМ ао,GAZP,111659,9467240917.1,126.76,126.58,129.81,127.82,128.01,128.34,73959710,127.82,127.82,,4210076024.6,4210076024.6,,0.0,3,SUR,1.25,2025-07-21
TQBR,2025-07-22,ГАЗПРОМ ао,GAZP,79149,5690275375.6,128.15,127.3,129.63,128.67,128.57,129.07,44261960,128.56,128.56,,4553043358.6,4553043358.6,,0.0,3,SUR,0.57,2025-07-22
TQBR,2025-07-23,ГАЗПРОМ ао,GAZP,78567,6495020796.3,129.1,128.8,130.3,129.81,129.55,129.2,50133820,129.54,129.54,,4139588705.4,4139588705.4,,0.0,3,SUR,0.1,2025-07-23
TQBR,2025-07-24,ГАЗПРОМ ао,GAZP,48590,4219295282.8,129.01,127.01,129.69,127.4,128.21,128.04,32916610,128.15,128.15,,3303203993.7,3303203993.7,,0.0,3,SUR,-0.9,2025-07-24
TQBR,2025-07-25,ГАЗПРОМ ао,GAZP,93564,7178685223.6,128.25,125.67,129.15,126.18,127.31,126.5,56385550,127.4,127.4,,6165668307.9,6165668307.9,,0.0,3,SUR,-1.2,2025-07-25
TQBR,2025-07-28,ГАЗПРОМ ао,GAZP,121867,8644178392.2,126.63,122.02,126.82,122.78,123.91,122.86,69765370,123.67,123.67,,6474056104.3,6474056104.3,,0.0,3,SUR,-2.88,2025-07-28
TQBR,2025-07-29,ГАЗПРОМ ао,GAZP,63322,4821486411.9,123.28,122.05,123.91,123.53,122.98,122.69,39206960,123.09,123.09,,3235234003.0,3235234003.0,,0.0,3,SUR,-0.14,2025-07-29
TQBR,2025-07-30,ГАЗПРОМ ао,GAZP,56683,3383639771.1,122.7,121.0,122.89,121.31,121.82,121.34,27774960,121.82,121.82,,2630549384.6,2630549384.6,,0.0,3,SUR,-1.1,2025-07-30
TQBR,2025-07-31,ГАЗПРОМ ао,GAZP,51524,3453339564.1,121.48,120.7,122.84,122.12,121.86,122.57,28338610,121.72,121.72,,2440329800.5,2440329800.5,,0.0,3,SUR,1.01,2025-07-31
TQBR,2025-08-01,ГАЗПРОМ ао,GAZP,88252,5999200310.6,123.01,120.12,124.84,122.03,122.66,121.63,48907340,122.91,122.91,,2710635765.4,2710635765.4,,0.0,3,SUR,-0.77,2025-08-01
TQBR,2025-08-04,ГАЗПРОМ ао,GAZP,119057,8116760056.0,122.33,121.75,126.05,125.8,124.4,125.94,65248890,124.37,124.37,,6466553919.1,6466553919.1,,0.0,3,SUR,3.54,2025-08-04
TQBR,2025-08-05,ГАЗПРОМ ао,GAZP,70935,6238047266.9,125.9,124.8,126.82,125.95,125.73,125.98,49613660,125.54,125.54,,4059814454.5,4059814454.5,,0.0,3,SUR,0.03,2025-08-05
TQBR,2025-08-06,ГАЗПРОМ ао,GAZP,201550,23966402689.4,126.29,123.73,132.9,124.4,128.58,130.11,186385460,125.28,125.28,,5314047474.2,5314047474.2,,0.0,3,SUR,3.28,2025-08-06
TQBR,2025-08-07,ГАЗПРОМ ао,GAZP,287971,39617824509.7,130.2,129.4,136.0,132.69,133.85,134.24,295955340,134.24,134.24,,29338696447.6,29338696447.6,,0.0,3,SUR,3.17,2025-08-07
TQBR,2025-08-08,ГАЗПРОМ ао,GAZP,197233,28921919855.6,134.74,132.6,141.58,137.77,136.7,141.16,211552510,135.48,135.48,,17812556031.0,17812556031.0,,0.0,3,SUR,5.15,2025-08-08
TQBR,2025-08-11,ГАЗПРОМ ао,GAZP,204589,27043450408.3,144.1,137.9,144.4,140.0,141.69,140.0,190876130,141.67,141.67,,15650977555.4,15650977555.4,,0.0,3,SUR,-0.82,2025-08-11
TQBR,2025-08-12,ГАЗПРОМ ао,GAZP,97520,10836606158.5,140.0,138.52,141.43,141.0,139.95,140.8,77423880,139.93,139.93,,7905416591.7,7905416591.7,,0.0,3,SUR,0.57,2025-08-12
TQBR,2025-08-13,ГАЗПРОМ ао,GAZP,105884,13336591029.3,141.0,138.95,141.94,140.06,140.2,139.39,95113520,140.16,140.16,,10396141199.8,10396141199.8,,0.0,3,SUR,-1.0,2025-08-13
TQBR,2025-08-14,ГАЗПРОМ ао,GAZP,119536,14817512782.4,139.37,137.16,140.79,139.48,138.91,140.26,106670580,138.76,138.76,,10774893993.0,10774893993.0,,0.0,3,SUR,0.62,2025-08-14
TQBR,2025-08-15,ГАЗПРОМ ао,GAZP,131842,16616447647.4,140.4,139.67,143.45,142.91,141.79,142.53,117191480,141.48,141.48,,10546205909.3,10546205909.3,,0.0,3,SUR,1.62,2025-08-15
TQBR,2025-08-18,ГАЗПРОМ ао,GAZP,187360,26402615866.0,138.14,135.69,141.98,137.67,138.39,139.5,190784870,137.77,137.77,,7569648528.4,7569648528.4,,0.0,3,SUR,-2.13,2025-08-18
TQBR,2025-08-19,ГАЗПРОМ ао,GAZP,103621,14180845608.9,140.5,136.88,140.8,137.77,139.19,137.81,101884930,139.33,139.33,,8875444200.2,8875444200.2,,0.0,3,SUR,-1.21,2025-08-19
TQBR,2025-08-20,ГАЗПРОМ ао,GAZP,94689,10397274678.8,137.82,134.7,138.44,135.47,136.3,135.31,76288910,136.35,136.35,,8545058066.2,8545058066.2,,0.0,3,SUR,-1.81,2025-08-20
TQBR,2025-08-21,ГАЗПРОМ ао,GAZP,136519,15614289293.1,135.21,130.34,135.48,130.77,132.82,131.13,117557300,133.04,133.04,,12504831827.0,12504831827.0,,0.0,3,SUR,-3.09,2025-08-21
TQBR,2025-08-22,ГАЗПРОМ ао,GAZP,95499,8392335724.4,131.15,130.38,132.73,132.0,131.71,132.57,63726330,131.71,131.71,,6387272211.8,6387272211.8,,0.0,3,SUR,1.1,2025-08-22
TQBR,2025-08-25,ГАЗПРОМ ао,GAZP,113197,8768790188.6,132.56,129.7,132.9,132.0,131.25,132.38,66811410,130.84,130.84,,6042940427.4,6042940427.4,,0.0,3,SUR,-0.14,2025-08-25
TQBR,2025-08-26,ГАЗПРОМ ао,GAZP,74262,7513436766.2,132.24,132.1,134.44,132.8,133.39,133.69,56329870,133.49,133.49,,5320069605.6,5320069605.6,,0.0,3,SUR,0.99,2025-08-26
TQBR,2025-08-27,ГАЗПРОМ ао,GAZP,80521,8553935029.0,133.32,132.83,136.26,135.23,134.88,135.51,63420020,134.77,134.77,,6238015314.4,6238015314.4,,0.0,3,SUR,1.36,2025-08-27
TQBR,2025-08-28,ГАЗПРОМ ао,GAZP,90671,10267189564.6,135.86,131.52,135.89,134.7,133.92,133.25,76666090,134.92,134.92,,4686087015.0,4686087015.0,,0.0,3,SUR,-1.67,2025-08-28
TQBR,2025-08-29,ГАЗПРОМ ао,GAZP,127689,12593753842.9,133.7,131.89,136.47,135.38,134.55,135.88,93599280,134.42,134.42,,10194544856.6,10194544856.6,,0.0,3,SUR,1.97,2025-08-29
TQBR,2025-09-01,ГАЗПРОМ ао,GAZP,105509,9655400252.6,135.86,133.85,137.45,134.38,135.79,134.91,71105180,135.69,135.69,,4979064869.6,4979064869.6,,0.0,3,SUR,-0.71,2025-09-01
TQBR,2025-09-02,ГАЗПРОМ ао,GAZP,176446,16322331494.4,135.03,130.45,136.41,130.7,133.06,132.18,122662420,132.71,132.71,,10782198770.0,10782198770.0,,0.0,3,SUR,-2.02,2025-09-02
TQBR,2025-09-03,ГАЗПРОМ ао,GAZP,70611,6334240367.2,132.34,130.68,132.68,131.1,131.58,132.18,48140000,131.47,131.47,,4187970201.7,4187970201.7,,0.0,3,SUR,0.0,2025-09-03
TQBR,2025-09-04,ГАЗПРОМ ао,GAZP,79980,7486688990.4,132.17,129.83,132.59,130.49,131.2,130.8,57063950,131.18,131.18,,5692432802.7,5692432802.7,,0.0,3,SUR,-1.04,2025-09-04
TQBR,2025-09-05,ГАЗПРОМ ао,GAZP,58173,5256124252.8,131.0,130.91,132.5,132.0,131.83,131.87,39869800,131.92,131.92,,3988981267.1,3988981267.1,,0.0,3,SUR,0.82,2025-09-05
TQBR,2025-09-08,ГАЗПРОМ ао,GAZP,75752,6433510045.6,132.0,131.6,134.0,133.24,133.13,133.48,48323960,133.29,133.29,,4258522927.1,4258522927.1,,0.0,3,SUR,1.22,2025-09-08
TQBR,2025-09-09,ГАЗПРОМ ао,GAZP,52242,4510576465.8,133.65,132.52,133.96,133.5,133.15,133.52,33873600,133.07,133.07,,3452153277.7,3452153277.7,,0.0,3,SUR,0.03,2025-09-09
TQBR,2025-09-10,ГАЗПРОМ ао,GAZP,102838,8247337752.1,133.48,130.07,133.58,130.35,131.52,130.73,62725880,131.46,131.46,,5828874452.0,5828874452.0,,0.0,3,SUR,-2.09,2025-09-10
TQBR,2025-09-11,ГАЗПРОМ ао,GAZP,80234,6420967560.3,130.96,128.88,131.33,130.3,130.01,130.02,49394930,129.9,129.9,,5450897591.5,5450897591.5,,0.0,3,SUR,-0.54,2025-09-11
TQBR,2025-09-12,ГАЗПРОМ ао,GAZP,126985,10771827670.7,130.33,125.15,130.45,125.71,127.3,125.44,84610920,127.5,127.5,,8988581285.6,8988581285.6,,0.0,3,SUR,-3.52,2025-09-12
TQBR,2025-09-15,ГАЗПРОМ ао,GAZP,116370,9100376276.0,125.43,123.5,126.6,124.0,124.68,124.07,72988830,124.37,124.37,,6195580182.5,6195580182.5,,0.0,3,SUR,-1.09,2025-09-15
TQBR,2025-09-16,ГАЗПРОМ ао,GAZP,92279,8452102835.7,124.07,121.81,125.33,123.14,123.27,122.58,68568340,123.09,123.09,,6806310170.6,6806310170.6,,0.0,3,SUR,-1.2,2025-09-16
TQBR,2025-09-17,ГАЗПРОМ ао,GAZP,85730,6538503558.5,122.62,121.87,125.44,124.56,123.41,125.0,52979900,123.18,123.18,,4912325592.4,4912325592.4,,0.0,3,SUR,1.97,2025-09-17
TQBR,2025-09-18,ГАЗПРОМ ао,GAZP,108386,9129111693.6,125.28,122.16,125.28,122.97,123.14,122.77,74130390,123.11,123.11,,7802469719.4,7802469719.4,,0.0,3,SUR,-1.78,2025-09-18
TQBR,2025-09-19,ГАЗПРОМ ао,GAZP,102538,9061688670.9,122.85,120.0,123.8,120.82,121.99,120.44,74312600,122.21,122.21,,6575441230.7,6575441230.7,,0.0,3,SUR,-1.9,2025-09-19
TQBR,2025-09-22,ГАЗПРОМ ао,GAZP,137730,10234737407.3,120.5,117.72,120.97,119.57,119.33,119.5,85770530,119.16,119.16,,8445040301.2,8445040301.2,,0.0,3,SUR,-0.78,2025-09-22
TQBR,2025-09-23,ГАЗПРОМ ао,GAZP,96645,8883859851.2,119.52,116.86,121.5,120.41,119.32,117.11,74457750,120.46,120.46,,4497276102.7,4497276102.7,,0.0,3,SUR,-2.0,2025-09-23
TQBR,2025-09-24,ГАЗПРОМ ао,GAZP,101269,8686220758.5,117.66,115.88,119.66,118.7,117.86,118.9,73704390,118.0,118.0,,6321136204.3,6321136204.3,,0.0,3,SUR,1.53,2025-09-24
TQBR,2025-09-25,ГАЗПРОМ ао,GAZP,57734,4349225817.9,118.95,116.68,119.4,117.78,118.16,117.66,36809930,118.42,118.42,,2879408901.5,2879408901.5,,0.0,3,SUR,-1.04,2025-09-25
TQBR,2025-09-26,ГАЗПРОМ ао,GAZP,78741,6736804590.8,117.6,117.06,120.55,120.0,118.66,120.15,56771260,118.37,118.37,,4886722057.3,4886722057.3,,0.0,3,SUR,2.12,2025-09-26
TQBR,2025-09-29,ГАЗПРОМ ао,GAZP,125664,8275969461.7,119.95,116.36,120.59,116.87,118.62,117.05,69773310,118.76,118.76,,5917569978.8,5917569978.8,,0.0,3,SUR,-2.58,2025-09-29
TQBR,2025-09-30,ГАЗПРОМ ао,GAZP,76230,5844046846.3,117.07,116.11,118.49,118.27,117.33,118.19,49803700,117.3,117.3,,4774730958.9,4774730958.9,,0.0,3,SUR,0.97,2025-09-30
TQBR,2025-10-01,ГАЗПРОМ ао,GAZP,87140,7621284386.3,118.24,115.5,118.99,116.19,117.17,116.43,65042000,117.18,117.18,,6273189972.1,6273189972.1,,0.0,3,SUR,-1.49,2025-10-01
TQBR,2025-10-02,ГАЗПРОМ ао,GAZP,72125,5122356449.7,116.37,115.26,117.45,116.45,116.45,116.07,43987840,116.58,116.58,,3629455121.8,3629455121.8,,0.0,3,SUR,-0.31,2025-10-02
TQBR,2025-10-03,ГАЗПРОМ ао,GAZP,70981,4813001069.7,116.11,114.85,117.11,115.99,115.94,115.09,41513210,116.22,116.22,,3080835404.6,3080835404.6,,0.0,3,SUR,-0.84,2025-10-03
TQBR,2025-10-06,ГАЗПРОМ ао,GAZP,161649,12377115928.6,115.24,113.49,119.44,119.26,116.68,119.17,106080170,117.22,117.22,,8257894478.9,8257894478.9,,0.0,3,SUR,3.55,2025-10-06
TQBR,2025-10-07,ГАЗПРОМ ао,GAZP,76188,6784244056.4,118.76,117.74,120.22,118.96,118.97,118.74,57025760,119.1,119.1,,5142307836.1,5142307836.1,,0.0,3,SUR,-0.36,2025-10-07
TQBR,2025-10-08,ГАЗПРОМ ао,GAZP,134532,9879951168.2,118.74,113.39,119.33,114.25,115.8,114.22,85323350,115.95,115.95,,7965667037.6,7965667037.6,,0.0,3,SUR,-3.81,2025-10-08
TQBR,2025-10-09,ГАЗПРОМ ао,GAZP,138339,11800655615.9,114.94,111.81,117.8,117.35,115.14,116.83,102488900,115.1,115.1,,9705778327.0,9705778327.0,,0.0,3,SUR,2.29,2025-10-09
TQBR,2025-10-10,ГАЗПРОМ ао,GAZP,73696,6701534901.3,116.84,115.11,118.08,116.0,116.41,115.18,57570610,116.45,116.45,,5735915805.5,5735915805.5,,0.0,3,SUR,-1.41,2025-10-10
TQBR,2025-10-13,ГАЗПРОМ ао,GAZP,104304,7835014206.5,115.0,114.34,117.46,115.82,115.99,115.84,67544360,116.05,116.05,,6170846749.2,6170846749.2,,0.0,3,SUR,0.57,2025-10-13
TQBR,2025-10-14,ГАЗПРОМ ао,GAZP,56248,4552271909.0,116.04,114.27,116.39,115.18,115.29,115.27,39482640,115.3,115.3,,3774521128.8,3774521128.8,,0.0,3,SUR,-0.49,2025-10-14
TQBR,2025-10-15,ГАЗПРОМ ао,GAZP,68745,5402824421.7,115.31,114.5,117.26,115.5,115.84,115.13,46640120,115.94,115.94,,4609609572.4,4609609572.4,,0.0,3,SUR,-0.12,2025-10-15
TQBR,2025-10-16,ГАЗПРОМ ао,GAZP,175177,20405652827.5,115.13,114.79,124.64,118.31,120.14,124.36,169825180,117.13,117.13,,7477037603.1,7477037603.1,,0.0,3,SUR,8.02,2025-10-16
TQBR,2025-10-17,ГАЗПРОМ ао,GAZP,124430,12767700899.2,124.36,122.55,126.75,124.5,124.16,124.74,102807290,123.84,123.84,,6469620296.2,6469620296.2,,0.0,3,SUR,0.31,2025-10-17
TQBR,2025-10-20,ГАЗПРОМ ао,GAZP,143441,11566858265.5,126.0,125.1,127.78,126.83,126.5,126.02,91437670,126.91,126.91,,6370251200.8,6370251200.8,,0.0,3,SUR,1.03,2025-10-20
TQBR,2025-10-21,ГАЗПРОМ ао,GAZP,167294,20386762341.2,126.0,117.5,126.19,119.0,121.39,120.9,167947320,121.21,121.21,,11038613035.8,11038613035.8,,0.0,3,SUR,-4.06,2025-10-21
TQBR,2025-10-22,ГАЗПРОМ ао,GAZP,98927,10170973007.0,121.23,117.61,122.2,120.84,120.07,119.14,84718710,121.06,121.06,,4723538376.8,4723538376.8,,0.0,3,SUR,-1.46,2025-10-22
TQBR,2025-10-23,ГАЗПРОМ ао,GAZP,88753,7284126456.9,116.0,115.0,118.79,118.0,117.03,117.8,62241710,117.11,117.11,,4275622347.6,4275622347.6,,0.0,3,SUR,-1.12,2025-10-23
TQBR,2025-10-24,ГАЗПРОМ ао,GAZP,98856,6693484564.9,117.9,115.73,119.09,116.76,117.37,116.94,57038810,117.33,117.33,,5754225002.0,5754225002.0,,0.0,3,SUR,-0.73,2025-10-24
TQBR,2025-10-27,ГАЗПРОМ ао,GAZP,76718,5374154168.4,116.94,115.1,116.98,115.65,115.8,115.16,46407070,115.79,115.79,,4042992060.6,4042992060.6,,0.0,3,SUR,-1.52,2025-10-27
TQBR,2025-10-28,ГАЗПРОМ ао,GAZP,71304,5600987848.8,115.3,114.35,117.46,115.95,116.37,116.43,48131180,116.57,116.57,,3839178819.2,3839178819.2,,0.0,3,SUR,1.1,2025-10-28
TQBR,2025-10-29,ГАЗПРОМ ао,GAZP,48958,3577048833.8,116.6,115.85,117.35,116.6,116.57,116.37,30684620,116.59,116.59,,2763529762.6,2763529762.6,,0.0,3,SUR,-0.05,2025-10-29
TQBR,2025-10-30,ГАЗПРОМ ао,GAZP,77003,5837691866.7,116.35,116.03,118.29,117.16,117.29,117.25,49775350,117.34,117.34,,4945765465.6,4945765465.6,,0.0,3,SUR,0.76,2025-10-30
TQBR,2025-10-31,ГАЗПРОМ ао,GAZP,53577,3736745911.9,117.1,115.48,117.59,116.1,116.39,116.11,32105100,116.43,116.43,,2386127091.1,2386127091.1,,0.0,3,SUR,-0.97,2025-10-31
TQBR,2025-11-01,ГАЗПРОМ ао,GAZP,18049,1052253989.4,116.35,115.95,116.6,116.38,116.3,116.2,9047650,116.32,116.32,,744500729.2,744500729.2,,0.0,3,SUR,0.08,2025-11-01
TQBR,2025-11-03,ГАЗПРОМ ао,GAZP,36798,2198961416.7,116.65,116.43,118.1,117.6,117.43,117.52,18724960,117.55,117.55,,1467361581.5,1467361581.5,,0.0,3,SUR,1.14,2025-11-03
TQBR,2025-11-05,ГАЗПРОМ ао,GAZP,52539,3934841876.5,117.39,116.15,117.51,116.68,116.79,116.46,33692050,116.79,116.79,,3304212307.7,3304212307.7,,0.0,3,SUR,-0.9,2025-11-05
TQBR,2025-11-06,ГАЗПРОМ ао,GAZP,39170,2686293882.6,116.59,116.23,117.4,116.87,116.76,117.12,23007810,116.58,116.58,,1665509298.7,1665509298.7,,0.0,3,SUR,0.57,2025-11-06
TQBR,2025-11-07,ГАЗПРОМ ао,GAZP,116914,9973300025.2,117.0,116.86,121.29,120.4,119.79,120.45,83253630,119.99,119.99,,6827190330.8,6827190330.8,,0.0,3,SUR,2.84,2025-11-07
TQBR,2025-11-10,ГАЗПРОМ ао,GAZP,128009,8623376631.0,120.52,119.26,122.84,119.59,121.12,119.34,71198200,121.3,121.3,,5957381718.5,5957381718.5,,0.0,3,SUR,-0.92,2025-11-10
TQBR,2025-11-11,ГАЗПРОМ ао,GAZP,55099,4425798543.7,119.6,119.01,121.8,120.56,120.51,121.53,36726630,120.38,120.38,,3079195566.9,3079195566.9,,0.0,3,SUR,1.84,2025-11-11
TQBR,2025-11-12,ГАЗПРОМ ао,GAZP,70956,4937319920.7,121.55,118.42,121.9,119.74,119.9,119.14,41179240,120.18,120.18,,3112103139.8,3112103139.8,,0.0,3,SUR,-1.97,2025-11-12
TQBR,2025-11-13,ГАЗПРОМ ао,GAZP,50603,3193990783.8,119.14,118.65,120.13,119.49,119.31,119.28,26770470,119.22,119.22,,2236850483.5,2236850483.5,,0.0,3,SUR,0.12,2025-11-13
TQBR,2025-11-14,ГАЗПРОМ ао,GAZP,47346,3672423205.5,119.25,117.63,119.91,117.85,118.53,118.16,30982730,118.57,118.57,,3038274531.9,3038274531.9,,0.0,3,SUR,-0.94,2025-11-14
TQBR,2025-11-17,ГАЗПРОМ ао,GAZP,77057,5297064965.7,118.33,117.02,119.71,118.93,118.55,118.14,44709580,118.6,118.6,,4145357109.8,4145357109.8,,0.0,3,SUR,-0.02,2025-11-17
TQBR,2025-11-18,ГАЗПРОМ ао,GAZP,124883,11526862799.5,118.15,117.7,122.5,121.8,121.17,121.06,95132540,121.23,121.23,,10036729593.5,10036729593.5,,0.0,3,SUR,2.47,2025-11-18
TQBR,2025-11-19,ГАЗПРОМ ао,GAZP,183918,18334888866.7,121.62,121.42,127.0,125.77,124.4,124.0,147439850,124.43,124.43,,13162274972.9,13162274972.9,,0.0,3,SUR,2.43,2025-11-19
TQBR,2025-11-20,ГАЗПРОМ ао,GAZP,151642,16356586149.0,124.23,122.64,129.29,123.65,125.85,128.11,129960600,124.05,124.05,,5683583397.8,5683583397.8,,0.0,3,SUR,3.31,2025-11-20
TQBR,2025-11-21,ГАЗПРОМ ао,GAZP,107870,12101623854.5,128.19,125.35,128.82,127.4,127.09,127.06,95214780,126.69,126.69,,6655073099.7,6655073099.7,,0.0,3,SUR,-0.82,2025-11-21
TQBR,2025-11-24,ГАЗПРОМ ао,GAZP,120471,11367320340.6,128.01,124.53,130.0,125.33,127.12,126.0,89431820,126.71,126.71,,7980751491.5,7980751491.5,,0.0,3,SUR,-0.83,2025-11-24
TQBR,2025-11-25,ГАЗПРОМ ао,GAZP,109339,12108817740.6,126.03,125.1,128.8,128.15,127.17,127.6,95219070,127.0,127.0,,8374060539.4,8374060539.4,,0.0,3,SUR,1.27,2025-11-25
TQBR,2025-11-26,ГАЗПРОМ ао,GAZP,50132,3528633792.3,127.58,126.3,127.58,126.99,126.91,126.6,27804640,126.85,126.85,,2241775786.3,2241775786.3,,0.0,3,SUR,-0.78,2025-11-26
TQBR,2025-11-27,ГАЗПРОМ ао,GAZP,91337,8504058187.6,126.6,123.07,127.34,124.11,125.2,124.06,67947950,125.16,125.16,,7286639889.5,7286639889.5,,0.0,3,SUR,-2.01,2025-11-27
TQBR,2025-11-28,ГАЗПРОМ ао,GAZP,75792,8720680051.5,124.04,123.62,128.32,127.7,126.09,127.7,69162180,125.96,125.96,,6837530997.0,6837530997.0,,0.0,3,SUR,2.93,2025-11-28
TQBR,2025-12-01,ГАЗПРОМ ао,GAZP,107819,9883004098.8,127.7,127.11,129.21,128.3,128.23,127.8,77074730,128.33,128.33,,6071732455.2,6071732455.2,,0.0,3,SUR,0.08,2025-12-01
TQBR,2025-12-02,ГАЗПРОМ ао,GAZP,72221,7011790292.7,127.78,126.1,128.89,126.85,127.64,127.02,54932090,127.74,127.74,,5228410461.1,5228410461.1,,0.0,3,SUR,-0.61,2025-12-02
TQBR,2025-12-03,ГАЗПРОМ ао,GAZP,92909,8539315069.8,125.0,123.71,125.6,125.3,124.58,125.01,68542370,124.34,124.34,,5409106480.5,5409106480.5,,0.0,3,SUR,-1.58,2025-12-03
TQBR,2025-12-04,ГАЗПРОМ ао,GAZP,43573,3777027006.4,125.39,125.17,126.46,125.65,125.87,125.32,30008300,125.99,125.99,,2572814965.9,2572814965.9,,0.0,3,SUR,0.25,2025-12-04
TQBR,2025-12-05,ГАЗПРОМ ао,GAZP,84641,7836333211.7,125.35,125.22,128.8,128.54,127.67,128.67,61368000,127.71,127.71,,6802050354.6,6802050354.6,,0.0,3,SUR,2.67,2025-12-05
