BOARDID,TRADEDATE,SHORTNAME,SECID,NUMTRADES,VALUE,OPEN,LOW,HIGH,LEGALCLOSEPRICE,WAPRICE,CLOSE,VOLUME,MARKETPRICE2,MARKETPRICE3,ADMITTEDQUOTE,MP2VALTRD,MARKETPRICE3TRADESVALUE,ADMITTEDVALUE,WAVAL,TRADINGSESSION,CURRENCYID,TRENDCLSPR,TRADE_SESSION_DATE
TQBR,2013-03-25,ЛУКОЙЛ,LKOH,301,62920708.6,1951.7,1920.7,1963.7,1922.6,1939.5,1922.0,32441,1939.8,1939.8,1939.8,1590844757.83,1590844757.83,1590844757.83,,3,SUR,,
TQBR,2013-03-26,ЛУКОЙЛ,LKOH,24,7035671.0,1920.5,1919.8,1944.5,1938.7,1926.0,1944.5,3653,1930.0,1930.0,1930.0,1951924638.22,1951924638.22,1951924638.22,,3,SUR,1.17,
TQBR,2013-03-27,ЛУКОЙЛ,LKOH,19,3738545.3,1942.3,1930.0,1971.2,1970.5,1943.1,1969.7,1924,1947.9,1947.9,1947.9,2411451230.72,2411451230.72,2411451230.72,,3,SUR,1.3,
TQBR,2013-03-28,ЛУКОЙЛ,LKOH,33,6719742.2,1958.8,1958.5,1994.6,1994.6,1977.6,1993.2,3398,1974.1,1974.1,1974.1,1536170152.23,1536170152.23,1536170152.23,,3,SUR,1.19,
TQBR,2013-03-29,ЛУКОЙЛ,LKOH,25,3814674.4,1999.1,1996.2,2003.7,2003.1,1999.3,2003.4,1908,1998.3,1998.3,1998.3,562458786.68,562458786.68,562458786.68,,3,SUR,0.51,
TQBR,2013-04-01,ЛУКОЙЛ,LKOH,177,41558417.2,1993.4,1978.2,1998.4,1976.6,1989.5,1978.2,20889,1986.8,1986.8,1986.8,1011703596.96,1011703596.96,1011703596.96,,3,SUR,-1.26,
TQBR,2013-04-02,ЛУКОЙЛ,LKOH,65,13848330.2,1983.0,1982.9,2002.2,1989.4,1989.4,2002.2,6961,1987.6,1987.6,1987.6,959316665.67,959316665.67,959316665.67,,3,SUR,1.21,
TQBR,2013-04-03,ЛУКОЙЛ,LKOH,97,25643878.3,1990.0,1976.0,2001.1,1973.8,1988.7,1978.9,12895,1984.9,1984.9,1984.9,1568355685.18,1568355685.18,1568355685.18,,3,SUR,-1.16,
TQBR,2013-04-04,ЛУКОЙЛ,LKOH,57,14390882.2,1970.0,1963.4,1984.3,1966.4,1970.8,1966.9,7302,1972.1,1972.1,1972.1,1458951961.57,1458951961.57,1458951961.57,,3,SUR,-0.61,
TQBR,2013-04-05,ЛУКОЙЛ,LKOH,93,30225812.7,1967.3,1936.8,1977.2,1935.7,1951.1,1942.8,15492,1950.5,1950.5,1950.5,2571985780.72,2571985780.72,2571985780.72,,3,SUR,-1.23,
TQBR,2013-04-08,ЛУКОЙЛ,LKOH,55,17523939.6,1948.9,1920.0,1957.5,1920.6,1943.0,1924.3,9019,1940.2,1940.2,1940.2,1775767249.69,1775767249.69,1775767249.69,,3,SUR,-0.95,
TQBR,2013-04-09,ЛУКОЙЛ,LKOH,56,16214323.5,1927.2,1927.2,1965.9,1961.0,1942.3,1965.9,8348,1944.5,1944.5,1944.5,1653489115.17,1653489115.17,1653489115.17,,3,SUR,2.16,
TQBR,2013-04-10,ЛУКОЙЛ,LKOH,83,24843089.6,1963.7,1940.0,1967.7,1945.4,1956.9,1942.3,12695,1952.7,1952.7,1952.7,1288321998.62,1288321998.62,1288321998.62,,3,SUR,-1.2,
TQBR,2013-04-11,ЛУКОЙЛ,LKOH,145,38555939.8,1947.9,1906.5,1947.9,1924.1,1927.0,1920.0,20008,1925.8,1925.8,1925.8,2036106347.18,2036106347.18,2036106347.18,,3,SUR,-1.15,
TQBR,2013-04-12,ЛУКОЙЛ,LKOH,63,19024040.7,1923.4,1916.6,1935.0,1929.0,1925.5,1934.4,9880,1925.6,1925.6,1925.6,1223507929.43,1223507929.43,1223507929.43,,3,SUR,0.75,
TQBR,2013-04-15,ЛУКОЙЛ,LKOH,124,41346351.3,1931.4,1883.0,1931.4,1889.6,1906.9,1886.0,21683,1904.8,1904.8,1904.8,2004349731.05,2004349731.05,2004349731.05,,3,SUR,-2.5,
TQBR,2013-04-16,ЛУКОЙЛ,LKOH,45,12425067.4,1884.3,1883.3,1909.3,1900.4,1898.4,1899.4,6545,1900.7,1900.7,1900.7,1227023117.28,1227023117.28,1227023117.28,,3,SUR,0.71,
TQBR,2013-04-17,ЛУКОЙЛ,LKOH,91,26628018.2,1894.0,1874.9,1900.0,1902.2,1890.9,1892.3,14082,1893.8,1893.8,1893.8,1546470090.01,1546470090.01,1546470090.01,,3,SUR,-0.37,
TQBR,2013-04-18,ЛУКОЙЛ,LKOH,88,22931619.6,1915.0,1893.9,1920.3,1894.1,1908.6,1893.9,12015,1909.0,1909.0,1909.0,1548731474.43,1548731474.43,1548731474.43,,3,SUR,0.08,
TQBR,2013-04-19,ЛУКОЙЛ,LKOH,60,16245508.5,1900.5,1858.3,1904.3,1881.7,1878.7,1887.6,8647,1881.8,1881.8,1881.8,1764536731.28,1764536731.28,1764536731.28,,3,SUR,-0.33,
TQBR,2013-04-22,ЛУКОЙЛ,LKOH,86,23217067.7,1898.9,1849.7,1906.5,1860.1,1883.7,1849.7,12325,1877.2,1877.2,1877.2,1819406586.82,1819406586.82,1819406586.82,,3,SUR,-2.01,
TQBR,2013-04-23,ЛУКОЙЛ,LKOH,91,27440332.5,1853.6,1848.1,1898.9,1899.1,1860.1,1890.6,14752,1875.3,1875.3,1875.3,2017690583.96,2017690583.96,2017690583.96,,3,SUR,2.21,
TQBR,2013-04-24,ЛУКОЙЛ,LKOH,120,30493040.5,1903.8,1903.8,1964.4,1963.9,1936.6,1963.5,15746,1937.8,1937.8,1937.8,2255444295.85,2255444295.85,2255444295.85,,3,SUR,3.86,
TQBR,2013-04-25,ЛУКОЙЛ,LKOH,227,64036681.7,1965.0,1935.0,1965.0,1957.4,1951.8,1960.0,32809,1950.9,1950.9,1950.9,2074250172.17,2074250172.17,2074250172.17,,3,SUR,-0.18,
TQBR,2013-04-26,ЛУКОЙЛ,LKOH,360,87621881.1,1950.6,1942.7,1978.1,1960.8,1961.3,1965.5,44675,1959.0,1959.0,1959.0,1654431079.17,1654431079.17,1654431079.17,,3,SUR,0.28,
TQBR,2013-04-29,ЛУКОЙЛ,LKOH,147,35511565.2,1965.3,1930.4,1972.7,1929.4,1955.7,1935.9,18158,1946.2,1946.2,1946.2,902922051.63,902922051.63,902922051.63,,3,SUR,-1.51,
TQBR,2013-04-30,ЛУКОЙЛ,LKOH,186,53989438.0,1934.9,1931.9,1974.0,1970.3,1945.8,1963.8,27747,1951.1,1951.1,1951.1,1620838433.53,1620838433.53,1620838433.53,,3,SUR,1.44,
TQBR,2013-05-02,ЛУКОЙЛ,LKOH,260,77662701.1,1972.3,1965.6,1993.5,1976.7,1977.6,1974.7,39271,1980.2,1980.2,1980.2,1031553525.41,1031553525.41,1031553525.41,,3,SUR,0.56,
TQBR,2013-05-03,ЛУКОЙЛ,LKOH,363,88556980.8,1995.0,1967.4,2008.7,2003.1,1988.0,2008.7,44545,1988.0,1988.0,1988.0,1019445191.74,1019445191.74,1019445191.74,,3,SUR,1.72,
TQBR,2013-05-06,ЛУКОЙЛ,LKOH,607,95671093.7,2007.3,2002.5,2016.8,2014.9,2012.1,2016.6,47547,2013.1,2013.1,2013.1,1254100903.58,1254100903.58,1254100903.58,,3,SUR,0.39,
TQBR,2013-05-07,ЛУКОЙЛ,LKOH,287,71687128.8,2011.2,2008.1,2038.0,2038.2,2021.7,2038.0,35459,2026.6,2026.6,2026.6,2883113814.3,2883113814.3,2883113814.3,,3,SUR,1.06,
TQBR,2013-05-08,ЛУКОЙЛ,LKOH,235,70717416.7,2039.3,2010.8,2039.5,2036.4,2028.3,2035.0,34866,2027.1,2027.1,2027.1,1890869360.96,1890869360.96,1890869360.96,,3,SUR,-0.15,
TQBR,2013-05-10,ЛУКОЙЛ,LKOH,181,66806794.4,2029.2,1985.0,2030.0,2035.1,2003.2,2000.9,33350,2041.0,2041.0,2041.0,1081377890.81,1081377890.81,1081377890.81,,3,SUR,-1.68,
TQBR,2013-05-13,ЛУКОЙЛ,LKOH,347,116816102.7,1977.7,1968.1,2007.9,2050.3,1985.9,2005.0,58822,2036.6,2036.6,2036.6,2139137498.69,2139137498.69,2139137498.69,,3,SUR,0.2,
TQBR,2013-05-14,ЛУКОЙЛ,LKOH,312,77227743.8,2007.8,2004.8,2037.1,2021.3,2026.3,2015.6,38112,2022.8,2022.8,2022.8,2158254957.02,2158254957.02,2158254957.02,,3,SUR,0.53,
TQBR,2013-05-15,ЛУКОЙЛ,LKOH,133,28193735.1,2023.8,1997.1,2029.0,2020.4,2013.3,2017.0,14004,2013.8,2013.8,2013.8,1181042349.23,1181042349.23,1181042349.23,,3,SUR,0.07,
TQBR,2013-05-16,ЛУКОЙЛ,LKOH,82,22858418.3,2020.1,2001.7,2020.1,1998.3,2011.5,2002.0,11364,2007.5,2007.5,2007.5,1125355746.43,1125355746.43,1125355746.43,,3,SUR,-0.74,
TQBR,2013-05-17,ЛУКОЙЛ,LKOH,120,35870742.5,2004.3,1999.4,2040.5,2023.6,2015.9,2023.0,17794,2020.9,2020.9,2020.9,1277106965.52,1277106965.52,1277106965.52,,3,SUR,1.05,
TQBR,2013-05-20,ЛУКОЙЛ,LKOH,63,15672024.4,2029.8,2007.1,2032.5,2023.5,2018.6,2026.0,7764,2020.2,2020.2,2020.2,989072867.15,989072867.15,989072867.15,,3,SUR,0.15,
TQBR,2013-05-21,ЛУКОЙЛ,LKOH,173,31716635.2,2022.8,2013.2,2049.6,2045.9,2027.1,2045.5,15646,2034.7,2034.7,2034.7,1140207309.58,1140207309.58,1140207309.58,,3,SUR,0.96,
TQBR,2013-05-22,ЛУКОЙЛ,LKOH,162,26561296.1,2045.5,2042.1,2084.5,2080.3,2056.8,2083.6,12914,2067.4,2067.4,2067.4,2510633678.33,2510633678.33,2510633678.33,,3,SUR,1.86,
TQBR,2013-05-23,ЛУКОЙЛ,LKOH,244,47257394.3,2051.8,2027.1,2058.6,2030.5,2044.4,2037.6,23116,2044.2,2044.2,2044.2,2692806991.61,2692806991.61,2692806991.61,,3,SUR,-2.21,
TQBR,2013-05-24,ЛУКОЙЛ,LKOH,497,111926381.5,2037.2,1998.6,2037.2,2012.9,2012.1,2006.1,55627,2014.5,2014.5,2014.5,1938128790.78,1938128790.78,1938128790.78,,3,SUR,-1.55,
TQBR,2013-05-27,ЛУКОЙЛ,LKOH,231,48382448.4,2020.3,1992.0,2020.3,1994.3,2003.0,1995.1,24155,1999.6,1999.6,1999.6,1127447404.59,1127447404.59,1127447404.59,,3,SUR,-0.55,
TQBR,2013-05-28,ЛУКОЙЛ,LKOH,202,44949111.0,2005.6,2001.5,2024.0,2015.0,2015.7,2016.0,22300,2015.1,2015.1,2015.1,2022222079.42,2022222079.42,2022222079.42,,3,SUR,1.05,
TQBR,2013-05-29,ЛУКОЙЛ,LKOH,165,32619168.6,1996.2,1941.2,1997.0,1944.2,1972.6,1941.2,16536,1967.3,1967.3,1967.3,2992848190.92,2992848190.92,2992848190.92,,3,SUR,-3.71,
TQBR,2013-05-30,ЛУКОЙЛ,LKOH,286,66071027.3,1937.3,1917.1,1962.0,1922.6,1940.4,1925.3,34050,1938.9,1938.9,1938.9,2330865105.92,2330865105.92,2330865105.92,,3,SUR,-0.82,
TQBR,2013-05-31,ЛУКОЙЛ,LKOH,431,108330089.0,1933.0,1870.2,1938.6,1878.2,1897.5,1874.1,57090,1894.5,1894.5,1894.5,3126798808.81,3126798808.81,3126798808.81,,3,SUR,-2.66,
TQBR,2013-06-03,ЛУКОЙЛ,LKOH,525,128485309.8,1860.0,1853.0,1912.0,1880.3,1882.1,1891.0,68268,1885.4,1885.4,1885.4,3059063632.17,3059063632.17,3059063632.17,,3,SUR,0.9,
TQBR,2013-06-04,ЛУКОЙЛ,LKOH,552,92857862.7,1891.6,1876.5,1914.6,1880.4,1896.6,1882.5,48960,1896.0,1896.0,1896.0,1714146275.34,1714146275.34,1714146275.34,,3,SUR,-0.45,
TQBR,2013-06-05,ЛУКОЙЛ,LKOH,573,116526334.5,1870.0,1852.0,1907.7,1879.7,1881.2,1880.1,61943,1883.5,1883.5,1883.5,2776214766.17,2776214766.17,2776214766.17,,3,SUR,-0.13,
TQBR,2013-06-06,ЛУКОЙЛ,LKOH,60,16486322.7,1876.6,1867.0,1889.0,1869.4,1875.6,1873.2,8790,1878.9,1878.9,1878.9,1710424901.88,1710424901.88,1710424901.88,,3,SUR,-0.37,
TQBR,2013-06-07,ЛУКОЙЛ,LKOH,565,131006157.6,1889.5,1876.3,1940.4,1915.2,1894.1,1912.4,69165,1906.0,1906.0,1906.0,2564239467.31,2564239467.31,2564239467.31,,3,SUR,2.09,
TQBR,2013-06-10,ЛУКОЙЛ,LKOH,238,64963685.9,1914.5,1878.3,1942.5,1893.9,1912.6,1888.0,33966,1910.7,1910.7,1910.7,1971830523.91,1971830523.91,1971830523.91,,3,SUR,-1.28,
TQBR,2013-06-11,ЛУКОЙЛ,LKOH,351,94793850.8,1881.7,1850.3,1905.9,1862.3,1874.9,1862.2,50560,1865.5,1865.5,1865.5,2639145832.71,2639145832.71,2639145832.71,,3,SUR,-1.37,
TQBR,2013-06-13,ЛУКОЙЛ,LKOH,557,161348360.2,1825.9,1825.9,1869.4,1848.3,1855.9,1850.5,86940,1854.2,1854.2,1854.2,2818141432.17,2818141432.17,2818141432.17,,3,SUR,-0.63,
TQBR,2013-06-14,ЛУКОЙЛ,LKOH,231,60324218.2,1860.8,1838.7,1872.8,1861.2,1853.1,1866.4,32553,1853.3,1853.3,1853.3,2529300837.04,2529300837.04,2529300837.04,,3,SUR,0.86,
TQBR,2013-06-17,ЛУКОЙЛ,LKOH,290,71923025.3,1871.0,1830.0,1897.3,1879.4,1885.2,1876.2,38152,1886.7,1886.7,1886.7,3270442473.15,3270442473.15,3270442473.15,,3,SUR,0.53,
TQBR,2013-06-18,ЛУКОЙЛ,LKOH,166,35460789.7,1883.9,1877.8,1901.4,1896.2,1888.2,1890.0,18780,1892.2,1892.2,1892.2,2011851556.7,2011851556.7,2011851556.7,,3,SUR,0.74,
TQBR,2013-06-19,ЛУКОЙЛ,LKOH,203,54663547.5,1897.2,1874.0,1897.9,1883.0,1885.6,1884.8,28990,1882.3,1882.3,1882.3,1691777322.27,1691777322.27,1691777322.27,,3,SUR,-0.28,
TQBR,2013-06-20,ЛУКОЙЛ,LKOH,151,39033053.2,1859.8,1848.6,1891.1,1865.8,1863.6,1864.7,20945,1869.6,1869.6,1869.6,2115750593.65,2115750593.65,2115750593.65,,3,SUR,-1.07,
TQBR,2013-06-21,ЛУКОЙЛ,LKOH,317,72708507.1,1864.0,1794.2,1877.9,1798.1,1856.7,1794.2,39161,1836.8,1836.8,1836.8,3512600976.25,3512600976.25,3512600976.25,,3,SUR,-3.78,
TQBR,2013-06-24,ЛУКОЙЛ,LKOH,211,50170595.8,1788.0,1783.5,1814.8,1788.3,1800.6,1790.4,27864,1796.1,1796.1,1796.1,2488594876.01,2488594876.01,2488594876.01,,3,SUR,-0.21,
TQBR,2013-06-25,ЛУКОЙЛ,LKOH,202,44245159.6,1800.5,1793.5,1836.5,1816.3,1813.2,1820.0,24402,1815.7,1815.7,1815.7,2264228111.15,2264228111.15,2264228111.15,,3,SUR,1.65,
TQBR,2013-06-26,ЛУКОЙЛ,LKOH,461,48819858.6,1822.5,1817.8,1867.6,1867.4,1840.9,1865.0,26519,1846.8,1846.8,1846.8,2538775955.13,2538775955.13,2538775955.13,,3,SUR,2.47,
TQBR,2013-06-27,ЛУКОЙЛ,LKOH,151,38188047.1,1864.0,1840.9,1869.3,1859.1,1856.3,1855.7,20572,1853.0,1853.0,1853.0,1970301900.4,1970301900.4,1970301900.4,,3,SUR,-0.5,
TQBR,2013-06-28,ЛУКОЙЛ,LKOH,322,59860726.0,1862.1,1857.3,1894.0,1887.5,1876.0,1892.6,31908,1877.2,1877.2,1877.2,2358678720.74,2358678720.74,2358678720.74,,3,SUR,1.99,
TQBR,2013-07-01,ЛУКОЙЛ,LKOH,365,96493732.1,1889.3,1883.3,1911.6,1911.9,1892.1,1910.3,50998,1898.0,1898.0,1898.0,1442053069.29,1442053069.29,1442053069.29,,3,SUR,0.94,
TQBR,2013-07-02,ЛУКОЙЛ,LKOH,193,38269356.5,1912.4,1902.1,1920.5,1917.7,1913.3,1913.8,20002,1913.6,1913.6,1913.6,1315598835.14,1315598835.14,1315598835.14,,3,SUR,0.18,
TQBR,2013-07-03,ЛУКОЙЛ,LKOH,324,93899643.5,1903.5,1902.4,1942.5,1924.2,1922.4,1924.3,48844,1924.2,1924.2,1924.2,1718707000.89,1718707000.89,1718707000.89,,3,SUR,0.55,
TQBR,2013-07-04,ЛУКОЙЛ,LKOH,121,32578090.9,1935.3,1916.3,1935.3,1932.1,1923.7,1925.5,16935,1925.1,1925.1,1925.1,926424234.98,926424234.98,926424234.98,,3,SUR,0.06,
TQBR,2013-07-05,ЛУКОЙЛ,LKOH,203,55431175.8,1932.0,1913.4,1945.9,1915.5,1930.5,1915.9,28714,1929.1,1929.1,1929.1,1253826298.4,1253826298.4,1253826298.4,,3,SUR,-0.5,
TQBR,2013-07-08,ЛУКОЙЛ,LKOH,78,16021024.8,1911.2,1908.1,1936.4,1919.1,1918.5,1920.0,8351,1919.4,1919.4,1919.4,875218115.13,875218115.13,875218115.13,,3,SUR,0.21,
TQBR,2013-07-09,ЛУКОЙЛ,LKOH,319,86024575.7,1922.0,1905.4,1924.0,1912.6,1915.1,1911.2,44918,1912.8,1912.8,1912.8,1033313708.36,1033313708.36,1033313708.36,,3,SUR,-0.46,
TQBR,2013-07-10,ЛУКОЙЛ,LKOH,485,110357930.8,1917.2,1887.1,1918.3,1893.7,1898.0,1894.1,58145,1898.4,1898.4,1898.4,1409268948.02,1409268948.02,1409268948.02,,3,SUR,-0.89,
TQBR,2013-07-11,ЛУКОЙЛ,LKOH,402,93579727.9,1908.1,1906.0,1957.3,1954.8,1926.5,1957.3,48576,1937.1,1937.1,1937.1,2620697775.59,2620697775.59,2620697775.59,,3,SUR,3.34,
TQBR,2013-07-12,ЛУКОЙЛ,LKOH,399,112993436.0,1965.0,1965.0,1992.7,1988.5,1979.4,1988.0,57085,1980.3,1980.3,1980.3,2462108563.39,2462108563.39,2462108563.39,,3,SUR,1.57,
TQBR,2013-07-15,ЛУКОЙЛ,LKOH,636,174100224.3,1995.4,1987.2,2001.0,1993.8,1994.1,1991.9,87308,1994.4,1994.4,1994.4,1462307102.51,1462307102.51,1462307102.51,,3,SUR,0.2,
TQBR,2013-07-16,ЛУКОЙЛ,LKOH,395,93517174.9,1996.7,1982.1,2006.7,1993.2,1992.2,1993.5,46941,1993.4,1993.4,1993.4,2401452171.23,2401452171.23,2401452171.23,,3,SUR,0.08,
TQBR,2013-07-17,ЛУКОЙЛ,LKOH,115,22184454.9,2003.0,1979.4,2003.0,1994.3,1994.5,1994.3,11123,1995.2,1995.2,1995.2,2219877166.55,2219877166.55,2219877166.55,,3,SUR,0.04,
TQBR,2013-07-18,ЛУКОЙЛ,LKOH,565,138956772.7,2000.0,1971.5,2017.9,2000.1,1992.2,1998.5,69752,1993.1,1993.1,1993.1,2667920515.77,2667920515.77,2667920515.77,,3,SUR,0.21,
TQBR,2013-07-19,ЛУКОЙЛ,LKOH,232,71158525.1,2005.0,1995.4,2020.0,2018.9,2006.2,2016.2,35470,2012.5,2012.5,2012.5,1767698246.2,1767698246.2,1767698246.2,,3,SUR,0.89,
TQBR,2013-07-22,ЛУКОЙЛ,LKOH,219,61646503.1,2023.0,1996.7,2023.0,2005.1,2009.4,2008.8,30679,2009.7,2009.7,2009.7,1247038315.23,1247038315.23,1247038315.23,,3,SUR,-0.37,
TQBR,2013-07-23,ЛУКОЙЛ,LKOH,275,81367084.7,2012.4,2012.4,2028.5,2016.8,2020.6,2019.6,40268,2022.0,2022.0,2022.0,1233136196.95,1233136196.95,1233136196.95,,3,SUR,0.54,
TQBR,2013-07-24,ЛУКОЙЛ,LKOH,445,111505424.4,2012.2,1986.2,2022.6,2003.9,2009.7,2004.9,55483,2005.4,2005.4,2005.4,1882512049.89,1882512049.89,1882512049.89,,3,SUR,-0.73,
TQBR,2013-07-25,ЛУКОЙЛ,LKOH,568,203281647.1,2001.0,1985.4,2002.3,1993.5,1996.2,1986.1,101835,1994.1,1994.1,1994.1,2069054713.12,2069054713.12,2069054713.12,,3,SUR,-0.94,
TQBR,2013-07-26,ЛУКОЙЛ,LKOH,211,44963961.1,1999.0,1978.4,2005.0,1990.5,1989.3,1991.4,22603,1989.1,1989.1,1989.1,927715584.3,927715584.3,927715584.3,,3,SUR,0.27,
TQBR,2013-07-29,ЛУКОЙЛ,LKOH,302,68061829.0,1991.0,1976.7,1997.4,1977.5,1985.2,1976.7,34285,1984.2,1984.2,1984.2,964638398.72,964638398.72,964638398.72,,3,SUR,-0.74,
TQBR,2013-07-30,ЛУКОЙЛ,LKOH,234,50328478.7,1989.9,1969.6,1997.7,1971.9,1983.9,1969.6,25368,1982.7,1982.7,1982.7,1414729033.27,1414729033.27,1414729033.27,,3,SUR,-0.36,
TQBR,2013-07-31,ЛУКОЙЛ,LKOH,237,55687490.4,1975.3,1952.9,1977.5,1949.7,1965.9,1964.4,28326,1964.9,1964.9,1964.9,1487399364.5,1487399364.5,1487399364.5,,3,SUR,-0.26,
TQBR,2013-08-01,ЛУКОЙЛ,LKOH,277,73835187.3,1965.3,1960.7,1979.0,1963.7,1971.9,1960.7,37443,1969.5,1969.5,1969.5,2508819280.94,2508819280.94,2508819280.94,,3,SUR,-0.19,
TQBR,2013-08-02,ЛУКОЙЛ,LKOH,345,88580826.8,1975.3,1952.2,1975.7,1957.9,1960.3,1958.1,45188,1961.0,1961.0,1961.0,1260947799.49,1260947799.49,1260947799.49,,3,SUR,-0.13,
TQBR,2013-08-05,ЛУКОЙЛ,LKOH,136,32367928.0,1963.8,1950.8,1968.1,1960.8,1960.3,1961.0,16512,1960.3,1960.3,1960.3,1087090679.42,1087090679.42,1087090679.42,,3,SUR,0.15,
TQBR,2013-08-06,ЛУКОЙЛ,LKOH,661,126726361.4,1958.0,1898.0,1959.3,1902.5,1930.4,1898.0,65648,1921.8,1921.8,1921.8,2172024529.52,2172024529.52,2172024529.52,,3,SUR,-3.21,
TQBR,2013-08-07,ЛУКОЙЛ,LKOH,477,96326185.7,1893.0,1893.0,1919.8,1906.2,1910.4,1907.0,50421,1910.2,1910.2,1910.2,1291636140.33,1291636140.33,1291636140.33,,3,SUR,0.47,
TQBR,2013-08-08,ЛУКОЙЛ,LKOH,876,164317410.4,1915.3,1894.5,1915.3,1903.5,1901.9,1902.6,86397,1903.0,1903.0,1903.0,2940710236.59,2940710236.59,2940710236.59,,3,SUR,-0.23,
TQBR,2013-08-09,ЛУКОЙЛ,LKOH,744,165468318.1,1912.2,1900.6,1927.1,1922.7,1911.2,1923.5,86578,1913.7,1913.7,1913.7,2384352200.53,2384352200.53,2384352200.53,,3,SUR,1.1,
TQBR,2013-08-12,ЛУКОЙЛ,LKOH,744,181058079.1,1922.4,1918.5,1938.3,1919.9,1929.1,1922.8,93858,1926.2,1926.2,1926.2,2006677904.5,2006677904.5,2006677904.5,,3,SUR,-0.04,
TQBR,2013-08-13,ЛУКОЙЛ,LKOH,614,124747865.3,1932.1,1927.9,1959.6,1949.2,1947.1,1952.4,64070,1945.5,1945.5,1945.5,2247884280.73,2247884280.73,2247884280.73,,3,SUR,1.54,
TQBR,2013-08-14,ЛУКОЙЛ,LKOH,1938,366436533.9,1914.0,1894.4,1940.1,1978.9,1918.7,1937.4,190979,1958.2,1958.2,1958.2,2487840752.79,2487840752.79,2487840752.79,,3,SUR,-0.77,
TQBR,2013-08-15,ЛУКОЙЛ,LKOH,926,222381090.2,1930.0,1899.7,1943.6,1945.0,1925.0,1906.0,115525,1967.0,1967.0,1967.0,2723409573.22,2723409573.22,2723409573.22,,3,SUR,-1.62,
TQBR,2013-08-16,ЛУКОЙЛ,LKOH,1417,308174426.2,1911.4,1892.0,1927.8,1919.4,1912.1,1918.0,161173,1914.5,1914.5,1914.5,2430692132.88,2430692132.88,2430692132.88,,3,SUR,0.63,
TQBR,2013-08-19,ЛУКОЙЛ,LKOH,578,116372922.8,1918.0,1903.8,1921.2,1907.1,1912.7,1906.9,60843,1913.3,1913.3,1913.3,1368351477.83,1368351477.83,1368351477.83,,3,SUR,-0.58,
TQBR,2013-08-20,ЛУКОЙЛ,LKOH,557,73794540.8,1898.1,1884.7,1905.9,1905.8,1893.0,1903.0,38983,1893.1,1893.1,1893.1,1584155792.41,1584155792.41,1584155792.41,,3,SUR,-0.2,
TQBR,2013-08-21,ЛУКОЙЛ,LKOH,1214,115893812.3,1902.6,1887.8,1922.1,1905.3,1906.5,1905.0,60788,1905.2,1905.2,1905.2,1647671769.98,1647671769.98,1647671769.98,,3,SUR,0.11,
TQBR,2013-08-22,ЛУКОЙЛ,LKOH,741,106690464.5,1892.3,1892.3,1960.0,1955.3,1921.5,1948.6,55526,1937.0,1937.0,1937.0,2521923078.01,2521923078.01,2521923078.01,,3,SUR,2.29,
TQBR,2013-08-23,ЛУКОЙЛ,LKOH,631,119268026.4,1956.1,1946.3,1967.3,1946.3,1955.4,1947.3,60993,1954.9,1954.9,1954.9,1948256929.39,1948256929.39,1948256929.39,,3,SUR,-0.07,
TQBR,2013-08-26,ЛУКОЙЛ,LKOH,490,54554069.5,1963.8,1938.5,1967.3,1944.4,1952.3,1942.4,27944,1953.1,1953.1,1953.1,806384612.26,806384612.26,806384612.26,,3,SUR,-0.25,
TQBR,2013-08-27,ЛУКОЙЛ,LKOH,1090,183472687.0,1933.6,1919.3,1957.0,1946.8,1940.3,1949.3,94559,1937.5,1937.5,1937.5,1567012797.04,1567012797.04,1567012797.04,,3,SUR,0.36,
TQBR,2013-08-28,ЛУКОЙЛ,LKOH,1059,193280162.7,1950.0,1924.5,1968.4,1960.6,1943.3,1960.5,99460,1947.1,1947.1,1947.1,2499526942.8,2499526942.8,2499526942.8,,3,SUR,0.57,
TQBR,2013-08-29,ЛУКОЙЛ,LKOH,972,131101455.6,1967.9,1950.2,1973.7,1950.6,1962.0,1950.8,66822,1960.2,1960.2,1960.2,1623649568.78,1623649568.78,1623649568.78,,3,SUR,-0.49,
TQBR,2013-08-30,ЛУКОЙЛ,LKOH,593,91917750.4,1953.5,1917.4,1963.8,1924.6,1937.6,1924.2,47439,1932.3,1932.3,1932.3,1773401087.6,1773401087.6,1773401087.6,,3,SUR,-1.36,
TQBR,2013-09-02,ЛУКОЙЛ,LKOH,8027,735250938.0,1930.5,1924.0,1949.8,1942.8,1939.7,1945.1,379052,1939.7,1939.7,1939.7,735214270.3,735214270.3,735214270.3,,3,SUR,1.09,
TQBR,2013-09-03,ЛУКОЙЛ,LKOH,14056,1490892654.0,1950.5,1932.1,1961.5,1935.8,1945.5,1942.5,766330,1945.5,1945.5,1945.5,1490781263.3,1490781263.3,1490781263.3,,3,SUR,-0.13,
TQBR,2013-09-04,ЛУКОЙЛ,LKOH,9227,941647947.5,1943.0,1922.0,1948.0,1929.8,1930.3,1929.9,487836,1930.3,1930.3,1930.3,941569750.23,941569750.23,941569750.23,,3,SUR,-0.65,
TQBR,2013-09-05,ЛУКОЙЛ,LKOH,18079,2250506599.2,1935.1,1930.6,1997.8,1980.0,1960.3,1993.0,1148021,1960.3,1960.3,1960.3,2250625621.0,2250625621.0,2250625621.0,,3,SUR,3.27,
TQBR,2013-09-06,ЛУКОЙЛ,LKOH,26261,3337362922.1,1990.0,1981.1,2043.0,1999.2,2010.1,2000.2,1660317,2010.1,2010.1,2010.1,3335279680.18,3335279680.18,3335279680.18,,3,SUR,0.36,
TQBR,2013-09-09,ЛУКОЙЛ,LKOH,21329,2636788494.1,2002.5,2002.5,2044.4,2020.0,2027.6,2020.0,1300434,2027.6,2027.6,2027.6,2636116680.64,2636116680.64,2636116680.64,,3,SUR,0.99,
TQBR,2013-09-10,ЛУКОЙЛ,LKOH,19115,2924380920.9,2025.1,1991.1,2042.7,2014.0,2019.4,2002.0,1448134,2019.4,2019.4,2019.4,2924848499.4,2924848499.4,2924848499.4,,3,SUR,-0.89,
TQBR,2013-09-11,ЛУКОЙЛ,LKOH,17273,1885395610.5,2004.5,2000.5,2026.3,2026.0,2013.8,2023.1,936221,2013.8,2013.8,2013.8,1885229248.78,1885229248.78,1885229248.78,,3,SUR,1.05,
TQBR,2013-09-12,ЛУКОЙЛ,LKOH,17826,2618680248.8,2025.0,2000.1,2035.0,2008.0,2017.8,2008.8,1297804,2017.8,2017.8,2017.8,2618465562.62,2618465562.62,2618465562.62,,3,SUR,-0.71,
TQBR,2013-09-13,ЛУКОЙЛ,LKOH,12597,1464425098.6,2005.6,1997.3,2018.0,2006.1,2005.7,2006.6,730136,2005.7,2005.7,2005.7,1464631885.23,1464631885.23,1464631885.23,,3,SUR,-0.11,
TQBR,2013-09-16,ЛУКОЙЛ,LKOH,19758,2852359144.1,2013.3,2010.1,2030.9,2026.3,2023.9,2029.0,1409337,2023.8,2023.8,2023.8,2939181567.14,2939181567.14,2939181567.14,,3,SUR,1.12,
TQBR,2013-09-17,ЛУКОЙЛ,LKOH,11403,1600375217.0,2020.3,2014.9,2031.0,2031.0,2023.5,2029.9,790905,2023.5,2023.5,2023.5,1615658908.5,1615658908.5,1615658908.5,,3,SUR,0.04,
TQBR,2013-09-18,ЛУКОЙЛ,LKOH,12193,1664951810.0,2036.4,2010.0,2036.4,2019.9,2022.9,2017.5,823072,2022.9,2022.9,2022.9,1674091896.38,1674091896.38,1674091896.38,,3,SUR,-0.61,
TQBR,2013-09-19,ЛУКОЙЛ,LKOH,19648,3848363722.9,2043.1,2025.0,2069.8,2030.5,2037.2,2036.7,1889065,2037.2,2037.2,2037.2,3843857535.08,3843857535.08,3843857535.08,,3,SUR,0.95,
TQBR,2013-09-20,ЛУКОЙЛ,LKOH,16923,4673558892.9,2025.6,2023.5,2044.5,2040.0,2033.6,2025.0,2298198,2033.6,2033.6,2033.6,4675965437.6,4675965437.6,4675965437.6,,3,SUR,-0.57,
TQBR,2013-09-23,ЛУКОЙЛ,LKOH,16878,2098518015.9,2026.1,2026.1,2044.2,2043.4,2036.2,2042.1,1030581,2036.2,2036.2,2036.2,2098256817.03,2098256817.03,2098256817.03,,3,SUR,0.84,
TQBR,2013-09-24,ЛУКОЙЛ,LKOH,17888,2455043727.5,2038.5,2030.1,2057.8,2043.3,2043.5,2043.0,1201384,2043.5,2043.5,2043.5,2454970328.15,2454970328.15,2454970328.15,,3,SUR,0.04,
TQBR,2013-09-25,ЛУКОЙЛ,LKOH,18514,2646025761.0,2044.5,2040.0,2079.3,2078.0,2058.7,2079.0,1285304,2058.7,2058.7,2058.7,2648834431.5,2648834431.5,2648834431.5,,3,SUR,1.76,
TQBR,2013-09-26,ЛУКОЙЛ,LKOH,17594,2839990304.7,2081.0,2067.2,2089.2,2073.5,2075.2,2082.0,1368558,2075.2,2075.2,2075.2,2843168294.6,2843168294.6,2843168294.6,,3,SUR,0.14,
TQBR,2013-09-27,ЛУКОЙЛ,LKOH,22588,2570912939.7,2071.8,2062.6,2085.2,2080.0,2071.8,2083.0,1240883,2071.8,2071.8,2071.8,2570906798.98,2570906798.98,2570906798.98,,3,SUR,0.05,
TQBR,2013-09-30,ЛУКОЙЛ,LKOH,14290,1901998566.1,2069.0,2045.8,2085.0,2050.2,2064.2,2054.9,921414,2064.2,2064.2,2064.2,1901620077.97,1901620077.97,1901620077.97,,3,SUR,-1.35,
TQBR,2013-10-01,ЛУКОЙЛ,LKOH,11432,1295405950.1,2062.4,2040.1,2062.4,2048.3,2048.1,2046.1,632499,2048.1,2048.1,2048.1,1294995529.88,1294995529.88,1294995529.88,,3,SUR,-0.43,
TQBR,2013-10-02,ЛУКОЙЛ,LKOH,12627,1824092963.5,2046.5,2022.3,2054.9,2029.0,2033.9,2029.3,896842,2033.9,2033.9,2033.9,1825614004.5,1825614004.5,1825614004.5,,3,SUR,-0.82,
TQBR,2013-10-03,ЛУКОЙЛ,LKOH,15793,1800720406.1,2035.0,2021.5,2043.8,2035.5,2033.8,2037.9,885382,2033.8,2033.8,2033.8,1800516901.1,1800516901.1,1800516901.1,,3,SUR,0.42,
TQBR,2013-10-04,ЛУКОЙЛ,LKOH,10605,1919293408.9,1983.6,1983.6,2056.9,2054.9,2047.1,2055.0,937570,2047.1,2047.1,2047.1,1919190261.7,1919190261.7,1919190261.7,,3,SUR,0.84,
TQBR,2013-10-07,ЛУКОЙЛ,LKOH,20811,1999006102.4,2044.6,2040.5,2067.0,2067.0,2051.9,2062.5,974214,2051.9,2051.9,2051.9,1998535844.4,1998535844.4,1998535844.4,,3,SUR,0.36,
TQBR,2013-10-08,ЛУКОЙЛ,LKOH,19526,5158850255.5,2064.5,2061.1,2112.0,2102.0,2092.0,2112.0,2465991,2092.0,2092.0,2092.0,5158692531.5,5158692531.5,5158692531.5,,3,SUR,2.4,
TQBR,2013-10-09,ЛУКОЙЛ,LKOH,14665,2736219418.6,2107.9,2103.1,2122.6,2103.8,2111.4,2111.6,1295918,2111.4,2111.4,2111.4,2736226099.75,2736226099.75,2736226099.75,,3,SUR,-0.02,
TQBR,2013-10-10,ЛУКОЙЛ,LKOH,11812,2096486655.4,2119.0,2112.4,2131.3,2122.4,2120.7,2120.0,988567,2120.7,2120.7,2120.7,2094304356.4,2094304356.4,2094304356.4,,3,SUR,0.4,
TQBR,2013-10-11,ЛУКОЙЛ,LKOH,11356,1726764698.8,2140.0,2107.0,2140.0,2124.1,2116.8,2119.0,815754,2116.7,2116.7,2116.7,1722379771.95,1722379771.95,1722379771.95,,3,SUR,-0.05,
TQBR,2013-10-14,ЛУКОЙЛ,LKOH,9545,1476545461.4,2073.0,2073.0,2114.7,2105.0,2105.2,2107.0,701378,2105.2,2105.2,2105.2,1475923561.4,1475923561.4,1475923561.4,,3,SUR,-0.57,
TQBR,2013-10-15,ЛУКОЙЛ,LKOH,14731,1793080794.7,2082.5,2082.5,2137.0,2136.5,2128.3,2136.0,842506,2128.3,2128.3,2128.3,1790273674.4,1790273674.4,1790273674.4,,3,SUR,1.38,
TQBR,2013-10-16,ЛУКОЙЛ,LKOH,10589,1452304891.9,2130.2,2119.6,2136.8,2125.3,2130.7,2125.1,681596,2130.7,2130.7,2130.7,1451589146.64,1451589146.64,1451589146.64,,3,SUR,-0.51,
TQBR,2013-10-17,ЛУКОЙЛ,LKOH,13485,2445800151.7,2125.5,2084.0,2133.9,2095.0,2096.6,2092.3,1166535,2096.6,2096.6,2096.6,2444719501.28,2444719501.28,2444719501.28,,3,SUR,-1.54,
TQBR,2013-10-18,ЛУКОЙЛ,LKOH,12563,2083331838.0,2099.9,2088.0,2124.0,2119.0,2109.9,2122.1,987387,2110.0,2110.0,2110.0,2083607316.93,2083607316.93,2083607316.93,,3,SUR,1.42,
TQBR,2013-10-21,ЛУКОЙЛ,LKOH,11897,1340021016.8,2121.6,2104.4,2126.3,2119.0,2117.8,2117.6,632755,2117.8,2117.8,2117.8,1339813100.0,1339813100.0,1339813100.0,,3,SUR,-0.21,
TQBR,2013-10-22,ЛУКОЙЛ,LKOH,13112,1821065410.1,2106.0,2096.6,2120.1,2100.1,2105.4,2108.0,864957,2105.4,2105.4,2105.4,1820654740.1,1820654740.1,1820654740.1,,3,SUR,-0.45,
TQBR,2013-10-23,ЛУКОЙЛ,LKOH,15206,1643025535.0,2100.0,2078.2,2103.8,2087.0,2087.8,2087.5,786949,2087.8,2087.8,2087.8,1642853335.0,1642853335.0,1642853335.0,,3,SUR,-0.97,
TQBR,2013-10-24,ЛУКОЙЛ,LKOH,13514,1555706741.2,2088.3,2067.0,2090.0,2074.0,2076.3,2071.1,749261,2076.3,2076.3,2076.3,1555533412.3,1555533412.3,1555533412.3,,3,SUR,-0.79,
TQBR,2013-10-25,ЛУКОЙЛ,LKOH,12370,1608374949.1,2071.0,2060.0,2094.0,2090.0,2081.0,2094.0,772877,2081.0,2081.0,2081.0,1608314890.1,1608314890.1,1608314890.1,,3,SUR,1.11,
TQBR,2013-10-28,ЛУКОЙЛ,LKOH,11744,1439583305.5,2096.0,2090.3,2117.0,2097.1,2103.2,2097.9,684466,2103.2,2103.2,2103.2,1437269329.5,1437269329.5,1437269329.5,,3,SUR,0.19,
TQBR,2013-10-29,ЛУКОЙЛ,LKOH,18291,1559607153.1,2097.5,2093.4,2121.0,2107.0,2108.1,2107.2,739828,2108.1,2108.1,2108.1,1559554715.6,1559554715.6,1559554715.6,,3,SUR,0.44,
TQBR,2013-10-30,ЛУКОЙЛ,LKOH,17723,1640278766.2,2112.9,2081.7,2122.0,2090.1,2103.9,2089.9,779637,2103.9,2103.9,2103.9,1640232245.43,1640232245.43,1640232245.43,,3,SUR,-0.82,
TQBR,2013-10-31,ЛУКОЙЛ,LKOH,21223,2305395885.8,2080.5,2072.1,2104.0,2104.0,2091.5,2102.4,1102259,2091.5,2091.5,2091.5,2304014433.8,2304014433.8,2304014433.8,,3,SUR,0.6,
TQBR,2013-11-01,ЛУКОЙЛ,LKOH,11124,1323034106.4,2108.5,2097.9,2120.6,2110.0,2111.7,2112.0,626528,2111.7,2111.7,2111.7,1322184380.9,1322184380.9,1322184380.9,,3,SUR,0.46,
TQBR,2013-11-05,ЛУКОЙЛ,LKOH,14906,1965911147.8,2119.9,2088.0,2120.9,2092.0,2102.4,2093.9,935068,2102.4,2102.4,2102.4,1965487167.8,1965487167.8,1965487167.8,,3,SUR,-0.86,
TQBR,2013-11-06,ЛУКОЙЛ,LKOH,17743,2075042663.2,2100.0,2082.0,2106.4,2086.0,2091.6,2087.4,992085,2091.6,2091.6,2091.6,2074790634.36,2074790634.36,2074790634.36,,3,SUR,-0.31,
TQBR,2013-11-07,ЛУКОЙЛ,LKOH,14493,2086889424.4,2087.9,2084.8,2103.7,2093.2,2093.6,2093.0,996787,2093.6,2093.6,2093.6,2086734953.71,2086734953.71,2086734953.71,,3,SUR,0.27,
TQBR,2013-11-08,ЛУКОЙЛ,LKOH,18234,2369689458.9,2070.0,2060.2,2085.0,2067.0,2069.0,2064.1,1145339,2069.0,2069.0,2069.0,2361517048.34,2361517048.34,2361517048.34,,3,SUR,-1.38,
TQBR,2013-11-11,ЛУКОЙЛ,LKOH,11546,1569879208.0,2070.0,2057.5,2081.0,2057.5,2065.7,2059.6,759973,2065.7,2065.7,2065.7,1568508861.84,1568508861.84,1568508861.84,,3,SUR,-0.22,
TQBR,2013-11-12,ЛУКОЙЛ,LKOH,26824,2128308480.9,2070.3,2056.5,2079.6,2074.9,2071.5,2079.0,1027425,2071.5,2071.5,2071.5,2128329232.99,2128329232.99,2128329232.99,,3,SUR,0.94,
TQBR,2013-11-13,ЛУКОЙЛ,LKOH,22998,2825916866.1,2066.9,2043.0,2071.0,2043.0,2055.5,2048.5,1374831,2055.5,2055.5,2055.5,2826053715.63,2826053715.63,2826053715.63,,3,SUR,-1.47,
TQBR,2013-11-14,ЛУКОЙЛ,LKOH,17395,2418716826.6,2066.0,2053.7,2087.9,2070.9,2071.0,2078.2,1167906,2071.0,2071.0,2071.0,2412969227.02,2412969227.02,2412969227.02,,3,SUR,1.45,
TQBR,2013-11-15,ЛУКОЙЛ,LKOH,11424,1385663128.2,2081.5,2067.2,2095.0,2070.0,2080.2,2071.0,666132,2080.2,2080.2,2080.2,1385817159.91,1385817159.91,1385817159.91,,3,SUR,-0.35,
TQBR,2013-11-18,ЛУКОЙЛ,LKOH,18599,1980923463.9,2020.2,2020.2,2092.0,2092.0,2080.5,2092.0,952160,2080.5,2080.5,2080.5,1980905582.57,1980905582.57,1980905582.57,,3,SUR,1.01,
TQBR,2013-11-19,ЛУКОЙЛ,LKOH,13817,1661145567.3,2090.0,2082.5,2102.5,2087.2,2089.4,2087.0,795019,2089.4,2089.4,2089.4,1660516527.8,1660516527.8,1660516527.8,,3,SUR,-0.24,
TQBR,2013-11-20,ЛУКОЙЛ,LKOH,13732,1495026290.8,2073.6,2063.0,2084.1,2084.0,2073.3,2084.1,721086,2073.3,2073.3,2073.3,1494833432.93,1494833432.93,1494833432.93,,3,SUR,-0.14,
TQBR,2013-11-21,ЛУКОЙЛ,LKOH,11468,1594559045.6,2075.2,2057.3,2076.0,2069.1,2064.9,2066.4,772239,2064.9,2064.9,2064.9,1594332796.8,1594332796.8,1594332796.8,,3,SUR,-0.85,
TQBR,2013-11-22,ЛУКОЙЛ,LKOH,12441,1926784557.4,2077.0,2063.5,2087.0,2085.1,2075.9,2084.3,928183,2075.9,2075.9,2075.9,1925056488.42,1925056488.42,1925056488.42,,3,SUR,0.87,
TQBR,2013-11-25,ЛУКОЙЛ,LKOH,13676,1968406077.0,2082.1,2078.0,2092.2,2079.4,2085.7,2080.2,943766,2085.7,2085.7,2085.7,1968318729.58,1968318729.58,1968318729.58,,3,SUR,-0.2,
TQBR,2013-11-26,ЛУКОЙЛ,LKOH,19575,3509116503.4,2085.0,2055.0,2086.4,2067.9,2075.0,2070.1,1691164,2075.0,2075.0,2075.0,3508682815.65,3508682815.65,3508682815.65,,3,SUR,-0.49,
TQBR,2013-11-27,ЛУКОЙЛ,LKOH,24086,3277582578.5,2070.0,2039.0,2075.0,2053.9,2053.1,2054.1,1596412,2053.1,2053.1,2053.1,3277414778.47,3277414778.47,3277414778.47,,3,SUR,-0.77,
TQBR,2013-11-28,ЛУКОЙЛ,LKOH,10132,1645910667.8,2054.6,2048.0,2072.6,2048.0,2058.4,2050.1,799603,2058.4,2058.4,2058.4,1649075572.7,1649075572.7,1649075572.7,,3,SUR,-0.19,
TQBR,2013-11-29,ЛУКОЙЛ,LKOH,15188,2302590299.4,2067.0,2034.8,2067.0,2041.1,2042.9,2042.8,1127125,2042.9,2042.9,2042.9,2302193219.4,2302193219.4,2302193219.4,,3,SUR,-0.36,
TQBR,2013-12-02,ЛУКОЙЛ,LKOH,11075,1568310715.7,2047.5,2033.0,2056.3,2035.2,2042.8,2033.6,767744,2042.7,2042.7,2042.7,1566736005.47,1566736005.47,1566736005.47,,3,SUR,-0.45,
TQBR,2013-12-03,ЛУКОЙЛ,LKOH,23866,4423827464.1,2031.6,1989.6,2035.4,1999.8,2009.4,2000.1,2201521,2009.4,2009.4,2009.4,4423712372.58,4423712372.58,4423712372.58,,3,SUR,-1.65,
TQBR,2013-12-04,ЛУКОЙЛ,LKOH,21934,4558081780.3,2001.0,1973.7,2004.0,1985.2,1990.1,1982.5,2290382,1990.1,1990.1,1990.1,4557837658.33,4557837658.33,4557837658.33,,3,SUR,-0.88,
TQBR,2013-12-05,ЛУКОЙЛ,LKOH,18774,3421554435.4,1984.5,1957.7,1996.0,1960.4,1974.9,1961.1,1732547,1974.9,1974.9,1974.9,3421566297.6,3421566297.6,3421566297.6,,3,SUR,-1.08,
TQBR,2013-12-06,ЛУКОЙЛ,LKOH,18204,2235949812.0,1964.0,1953.0,1979.9,1970.0,1968.8,1970.0,1135676,1968.8,1968.8,1968.8,2235928208.0,2235928208.0,2235928208.0,,3,SUR,0.45,
TQBR,2013-12-09,ЛУКОЙЛ,LKOH,18286,2781674446.2,1975.0,1962.3,1998.7,1996.9,1983.7,1994.6,1402295,1983.7,1983.7,1983.7,2781457196.2,2781457196.2,2781457196.2,,3,SUR,1.25,
TQBR,2013-12-10,ЛУКОЙЛ,LKOH,18307,2487996700.3,1994.8,1986.5,2005.4,1998.9,1995.6,1999.7,1246750,1995.6,1995.6,1995.6,2487270593.1,2487270593.1,2487270593.1,,3,SUR,0.26,
TQBR,2013-12-11,ЛУКОЙЛ,LKOH,12725,2440420960.3,1995.3,1979.4,2005.0,1998.1,1995.0,2002.5,1223294,1995.0,1995.0,1995.0,2440301242.3,2440301242.3,2440301242.3,,3,SUR,0.14,
TQBR,2013-12-12,ЛУКОЙЛ,LKOH,33302,2685565247.4,1985.8,1979.3,2002.9,1997.9,1993.8,1997.5,1346929,1993.8,1993.8,1993.8,2684552496.12,2684552496.12,2684552496.12,,3,SUR,-0.25,
TQBR,2013-12-13,ЛУКОЙЛ,LKOH,18337,3229328928.8,1999.9,1991.0,2014.0,1998.9,2002.6,1998.3,1612573,2002.6,2002.6,2002.6,3228896960.5,3228896960.5,3228896960.5,,3,SUR,0.04,
TQBR,2013-12-16,ЛУКОЙЛ,LKOH,24587,2834549571.5,1994.9,1988.0,2013.3,2013.0,1997.4,2011.6,1419136,1997.3,1997.3,1997.3,2848639415.25,2848639415.25,2848639415.25,,3,SUR,0.67,
TQBR,2013-12-17,ЛУКОЙЛ,LKOH,16720,2314707108.3,2010.3,2009.0,2025.8,2022.3,2020.3,2022.3,1145732,2020.3,2020.3,2020.3,2319990591.39,2319990591.39,2319990591.39,,3,SUR,0.53,
TQBR,2013-12-18,ЛУКОЙЛ,LKOH,15708,2144226007.6,2021.0,2010.0,2032.6,2016.3,2018.5,2018.3,1062311,2018.5,2018.5,2018.5,2144167398.6,2144167398.6,2144167398.6,,3,SUR,-0.2,
TQBR,2013-12-19,ЛУКОЙЛ,LKOH,27701,2797397756.3,2030.0,2019.0,2047.5,2035.6,2033.0,2037.6,1375996,2033.0,2033.0,2033.0,2788668756.3,2788668756.3,2788668756.3,,3,SUR,0.96,
TQBR,2013-12-20,ЛУКОЙЛ,LKOH,16083,1657322660.2,2037.6,2019.3,2040.1,2027.0,2028.7,2033.0,816947,2028.7,2028.7,2028.7,1657306359.4,1657306359.4,1657306359.4,,3,SUR,-0.23,
TQBR,2013-12-23,ЛУКОЙЛ,LKOH,13489,1806585103.9,2035.1,2018.0,2043.3,2023.0,2028.9,2025.8,890414,2028.9,2028.9,2028.9,1805215486.44,1805215486.44,1805215486.44,,3,SUR,-0.35,
TQBR,2013-12-24,ЛУКОЙЛ,LKOH,6726,1161751224.4,2026.2,2012.1,2026.8,2013.1,2017.8,2014.8,575745,2017.8,2017.8,2017.8,1161574764.92,1161574764.92,1161574764.92,,3,SUR,-0.54,
TQBR,2013-12-25,ЛУКОЙЛ,LKOH,5965,1128211030.9,2014.8,2005.3,2020.9,2005.3,2015.4,2006.5,559784,2015.4,2015.4,2015.4,1129723090.9,1129723090.9,1129723090.9,,3,SUR,-0.41,
TQBR,2013-12-26,ЛУКОЙЛ,LKOH,4619,539652241.5,2006.5,2002.1,2019.6,2016.0,2012.3,2016.2,268172,2012.3,2012.3,2012.3,539570618.0,539570618.0,539570618.0,,3,SUR,0.48,
TQBR,2013-12-27,ЛУКОЙЛ,LKOH,5962,651863283.3,1984.1,1984.1,2016.6,2006.0,2010.8,2007.3,324183,2010.8,2010.8,2010.8,651786126.75,651786126.75,651786126.75,,3,SUR,-0.44,
TQBR,2013-12-30,ЛУКОЙЛ,LKOH,9018,946563799.3,2005.9,2003.9,2040.0,2040.0,2026.4,2039.7,467116,2026.4,2026.4,2026.4,946227066.21,946227066.21,946227066.21,,3,SUR,1.61,
TQBR,2014-01-06,ЛУКОЙЛ,LKOH,10678,1623557473.3,2007.5,1990.0,2023.0,1990.0,2006.7,1990.2,809076,2006.7,2006.7,2006.7,1618064951.24,1618064951.24,1618064951.24,,3,SUR,-2.43,
TQBR,2014-01-08,ЛУКОЙЛ,LKOH,21336,1313941365.1,1994.9,1953.4,1994.9,1956.0,1974.0,1959.1,665615,1974.0,1974.0,1974.0,1313587887.4,1313587887.4,1313587887.4,,3,SUR,-1.56,
TQBR,2014-01-09,ЛУКОЙЛ,LKOH,18458,2385826079.8,1961.1,1952.3,1979.9,1979.2,1972.1,1979.1,1209783,1972.1,1972.1,1972.1,2385749384.2,2385749384.2,2385749384.2,,3,SUR,1.02,
TQBR,2014-01-10,ЛУКОЙЛ,LKOH,18156,2155509522.1,1977.0,1965.4,1998.0,1992.9,1982.6,1991.6,1087232,1982.6,1982.6,1982.6,2155406718.1,2155406718.1,2155406718.1,,3,SUR,0.63,
TQBR,2014-01-13,ЛУКОЙЛ,LKOH,13593,2211242084.6,1982.7,1981.0,2016.5,2001.0,2002.4,2001.1,1104271,2002.4,2002.4,2002.4,2211115191.8,2211115191.8,2211115191.8,,3,SUR,0.48,
TQBR,2014-01-14,ЛУКОЙЛ,LKOH,15919,2490230527.2,1988.3,1965.3,1993.7,1980.0,1979.0,1980.0,1258339,1979.0,1979.0,1979.0,2489486610.36,2489486610.36,2489486610.36,,3,SUR,-1.05,
TQBR,2014-01-15,ЛУКОЙЛ,LKOH,13477,2204744941.7,1988.5,1981.0,2000.2,1989.1,1992.2,1999.9,1106670,1992.2,1992.2,1992.2,2204605746.7,2204605746.7,2204605746.7,,3,SUR,1.01,
TQBR,2014-01-16,ЛУКОЙЛ,LKOH,11758,1836684819.4,1998.6,1975.9,1998.6,1975.9,1987.7,1979.6,924031,1987.7,1987.7,1987.7,1835781452.2,1835781452.2,1835781452.2,,3,SUR,-1.02,
TQBR,2014-01-17,ЛУКОЙЛ,LKOH,17486,1831275540.5,1979.6,1972.6,2001.0,1980.9,1987.1,1978.4,921576,1987.1,1987.1,1987.1,1830915253.3,1830915253.3,1830915253.3,,3,SUR,-0.06,
TQBR,2014-01-20,ЛУКОЙЛ,LKOH,11300,1542098103.9,1980.2,1970.7,1999.0,1997.0,1989.7,1998.5,775057,1989.7,1989.7,1989.7,1541737707.5,1541737707.5,1541737707.5,,3,SUR,1.02,
TQBR,2014-01-21,ЛУКОЙЛ,LKOH,10827,1745710452.6,2000.5,1996.0,2007.6,2000.1,2002.1,2000.5,871950,2002.1,2002.1,2002.1,1742807727.1,1742807727.1,1742807727.1,,3,SUR,0.1,
TQBR,2014-01-22,ЛУКОЙЛ,LKOH,13155,2157645737.9,2000.5,1990.5,2005.5,2000.0,1995.5,2001.4,1081239,1995.5,1995.5,1995.5,2157433684.9,2157433684.9,2157433684.9,,3,SUR,0.04,
TQBR,2014-01-23,ЛУКОЙЛ,LKOH,14017,2253448533.6,2000.5,1976.4,2015.9,1980.1,2002.4,1978.1,1125377,2002.4,2002.4,2002.4,2252788463.6,2252788463.6,2252788463.6,,3,SUR,-1.16,
TQBR,2014-01-24,ЛУКОЙЛ,LKOH,27822,4886422944.7,1970.0,1952.0,1979.3,1952.0,1970.7,1956.9,2479538,1970.7,1970.7,1970.7,4884179069.7,4884179069.7,4884179069.7,,3,SUR,-1.07,
TQBR,2014-01-27,ЛУКОЙЛ,LKOH,24832,3658107258.3,1950.0,1946.0,1982.3,1961.0,1967.1,1961.9,1859619,1967.1,1967.1,1967.1,3656978208.3,3656978208.3,3656978208.3,,3,SUR,0.26,
TQBR,2014-01-28,ЛУКОЙЛ,LKOH,22415,2733785996.2,1961.9,1957.0,1988.0,1974.6,1972.0,1973.3,1386287,1972.0,1972.0,1972.0,2733470130.3,2733470130.3,2733470130.3,,3,SUR,0.58,
TQBR,2014-01-29,ЛУКОЙЛ,LKOH,25099,3915182471.9,1984.0,1951.0,2001.7,1960.9,1983.2,1960.0,1974169,1983.2,1983.2,1983.2,3913462343.9,3913462343.9,3913462343.9,,3,SUR,-0.67,
TQBR,2014-01-30,ЛУКОЙЛ,LKOH,26824,4149768397.9,1965.1,1962.3,2001.0,1996.7,1985.2,1997.9,2090335,1985.2,1985.2,1985.2,4149277122.9,4149277122.9,4149277122.9,,3,SUR,1.93,
TQBR,2014-01-31,ЛУКОЙЛ,LKOH,25356,2899891070.9,1997.9,1981.0,2009.0,1983.1,1995.2,1989.0,1453464,1995.2,1995.2,1995.2,2899337652.6,2899337652.6,2899337652.6,,3,SUR,-0.45,
TQBR,2014-02-03,ЛУКОЙЛ,LKOH,14744,2320386209.6,1993.1,1966.4,2007.5,1967.0,1987.8,1966.8,1167340,1987.8,1987.8,1987.8,2319305949.4,2319305949.4,2319305949.4,,3,SUR,-1.12,
TQBR,2014-02-04,ЛУКОЙЛ,LKOH,24886,2122445055.7,1961.1,1957.2,1983.5,1969.1,1972.1,1970.1,1076237,1972.1,1972.1,1972.1,2119395910.8,2119395910.8,2119395910.8,,3,SUR,0.17,
TQBR,2014-02-05,ЛУКОЙЛ,LKOH,13512,1995483570.2,1972.0,1960.5,1979.7,1965.2,1969.6,1965.0,1013161,1969.6,1969.6,1969.6,1995028034.2,1995028034.2,1995028034.2,,3,SUR,-0.26,
TQBR,2014-02-06,ЛУКОЙЛ,LKOH,17418,1922324576.6,1970.7,1960.7,1974.9,1970.1,1967.3,1969.1,977121,1967.3,1967.3,1967.3,1921930436.6,1921930436.6,1921930436.6,,3,SUR,0.21,
TQBR,2014-02-07,ЛУКОЙЛ,LKOH,16999,2263525694.6,1979.0,1966.5,1992.4,1975.5,1978.2,1975.1,1144232,1978.2,1978.2,1978.2,2263125936.6,2263125936.6,2263125936.6,,3,SUR,0.3,
TQBR,2014-02-10,ЛУКОЙЛ,LKOH,15628,1457774091.0,1979.0,1973.4,1997.1,1987.5,1987.4,1988.1,733515,1987.4,1987.4,1987.4,1457407976.0,1457407976.0,1457407976.0,,3,SUR,0.66,
TQBR,2014-02-11,ЛУКОЙЛ,LKOH,24179,2289633221.1,1989.1,1981.4,2018.3,2016.4,2003.7,2015.5,1142727,2003.7,2003.7,2003.7,2289549738.35,2289549738.35,2289549738.35,,3,SUR,1.38,
TQBR,2014-02-12,ЛУКОЙЛ,LKOH,12359,1463717837.3,2024.1,2013.6,2038.0,2030.0,2025.8,2028.2,722540,2025.8,2025.8,2025.8,1461675521.82,1461675521.82,1461675521.82,,3,SUR,0.63,
TQBR,2014-02-13,ЛУКОЙЛ,LKOH,14574,2377722715.8,2021.0,2014.0,2032.5,2027.0,2022.5,2023.0,1175613,2022.5,2022.5,2022.5,2377021428.8,2377021428.8,2377021428.8,,3,SUR,-0.26,
TQBR,2014-02-14,ЛУКОЙЛ,LKOH,18332,2725108611.9,2030.3,2021.1,2043.7,2039.0,2033.9,2039.3,1339871,2033.9,2033.9,2033.9,2723447823.46,2723447823.46,2723447823.46,,3,SUR,0.81,
TQBR,2014-02-17,ЛУКОЙЛ,LKOH,13544,2018527595.9,2039.3,2039.3,2067.6,2049.0,2053.4,2049.0,983005,2053.4,2053.4,2053.4,2016467114.0,2016467114.0,2016467114.0,,3,SUR,0.48,
TQBR,2014-02-18,ЛУКОЙЛ,LKOH,11593,2692137847.5,2051.0,2030.4,2063.4,2041.1,2044.8,2040.7,1316563,2044.8,2044.8,2044.8,2691957547.69,2691957547.69,2691957547.69,,3,SUR,-0.41,
TQBR,2014-02-19,ЛУКОЙЛ,LKOH,26899,5940435697.0,2033.7,1997.7,2052.7,2027.3,2025.2,2029.1,2933248,2025.2,2025.2,2025.2,5940425289.8,5940425289.8,5940425289.8,,3,SUR,-0.57,
TQBR,2014-02-20,ЛУКОЙЛ,LKOH,28181,3857131897.7,2019.0,2001.1,2043.8,2038.5,2025.9,2042.0,1903901,2025.9,2025.9,2025.9,3854083207.7,3854083207.7,3854083207.7,,3,SUR,0.64,
TQBR,2014-02-21,ЛУКОЙЛ,LKOH,20869,1520406102.1,2045.5,2029.3,2055.0,2029.3,2038.8,2030.9,745743,2038.8,2038.8,2038.8,1517096488.3,1517096488.3,1517096488.3,,3,SUR,-0.54,
TQBR,2014-02-24,ЛУКОЙЛ,LKOH,12914,933522219.2,2030.3,2015.6,2037.8,2033.3,2027.5,2030.3,460421,2027.5,2027.5,2027.5,932547675.2,932547675.2,932547675.2,,3,SUR,-0.03,
TQBR,2014-02-25,ЛУКОЙЛ,LKOH,13742,1592605690.0,2033.0,2000.2,2036.9,2007.6,2011.4,2010.9,791773,2011.4,2011.4,2011.4,1592282443.0,1592282443.0,1592282443.0,,3,SUR,-0.96,
TQBR,2014-02-26,ЛУКОЙЛ,LKOH,25206,1835342297.7,2012.3,2000.0,2023.5,2009.0,2010.2,2009.0,913025,2010.2,2010.2,2010.2,1835225439.5,1835225439.5,1835225439.5,,3,SUR,-0.09,
TQBR,2014-02-27,ЛУКОЙЛ,LKOH,21491,2690937286.7,2010.2,1962.9,2020.0,2003.0,1992.9,2002.0,1350236,1992.9,1992.9,1992.9,2690654668.3,2690654668.3,2690654668.3,,3,SUR,-0.35,
TQBR,2014-02-28,ЛУКОЙЛ,LKOH,31070,5760132916.1,1995.7,1963.0,2025.9,1967.6,1986.8,1963.0,2899146,1986.8,1986.8,1986.8,5758513106.7,5758513106.7,5758513106.7,,3,SUR,-1.95,
TQBR,2014-03-03,ЛУКОЙЛ,LKOH,68767,9747319220.0,1932.0,1715.0,1939.9,1835.0,1819.9,1817.2,5355859,1819.9,1819.9,1819.9,9744228871.0,9744228871.0,9744228871.0,,3,SUR,-7.43,
TQBR,2014-03-04,ЛУКОЙЛ,LKOH,55304,7185015080.8,1839.0,1836.4,1933.2,1909.0,1893.2,1899.7,3795207,1893.2,1893.2,1893.2,7182236397.8,7182236397.8,7182236397.8,,3,SUR,4.54,
TQBR,2014-03-05,ЛУКОЙЛ,LKOH,29773,3984436740.9,1911.0,1871.0,1939.9,1923.0,1902.3,1920.0,2094544,1902.3,1902.3,1902.3,3983479129.9,3983479129.9,3983479129.9,,3,SUR,1.07,
TQBR,2014-03-06,ЛУКОЙЛ,LKOH,54557,6196547198.0,1921.0,1826.2,1939.8,1895.0,1885.0,1890.0,3287296,1885.0,1885.0,1885.0,6195478416.0,6195478416.0,6195478416.0,,3,SUR,-1.56,
TQBR,2014-03-07,ЛУКОЙЛ,LKOH,35334,4589335909.0,1880.4,1871.0,1970.3,1957.1,1934.4,1959.5,2372456,1934.4,1934.4,1934.4,4589010599.8,4589010599.8,4589010599.8,,3,SUR,3.68,
TQBR,2014-03-11,ЛУКОЙЛ,LKOH,29307,3399472014.9,1950.0,1934.0,1968.9,1940.0,1946.3,1938.4,1746609,1946.3,1946.3,1946.3,3398740764.9,3398740764.9,3398740764.9,,3,SUR,-1.08,
TQBR,2014-03-12,ЛУКОЙЛ,LKOH,45341,4676374989.7,1921.1,1881.5,1934.0,1895.0,1904.9,1888.5,2454902,1904.9,1904.9,1904.9,4675852429.4,4675852429.4,4675852429.4,,3,SUR,-2.57,
TQBR,2014-03-13,ЛУКОЙЛ,LKOH,28705,4118414398.4,1947.0,1831.0,1947.0,1838.8,1867.9,1842.0,2204854,1867.8,1867.8,1867.8,4115863828.4,4115863828.4,4115863828.4,,3,SUR,-2.46,
TQBR,2014-03-14,ЛУКОЙЛ,LKOH,50266,6944223319.4,1820.0,1762.6,1882.4,1881.8,1842.2,1882.0,3769591,1842.2,1842.2,1842.2,6943322484.53,6943322484.53,6943322484.53,,3,SUR,2.17,
TQBR,2014-03-17,ЛУКОЙЛ,LKOH,51719,9046610837.7,1885.0,1843.0,1929.0,1882.2,1878.1,1897.1,4816951,1878.1,1878.1,1878.1,9048452967.66,9048452967.66,9048452967.66,,3,SUR,0.8,
TQBR,2014-03-18,ЛУКОЙЛ,LKOH,39269,4301371644.8,1900.0,1853.0,1919.5,1910.0,1886.0,1914.7,2280738,1885.9,1885.9,1885.9,4295464503.9,4295464503.9,4295464503.9,,3,SUR,0.93,
TQBR,2014-03-19,ЛУКОЙЛ,LKOH,31270,3319425962.0,1910.0,1872.3,1936.9,1884.8,1895.9,1886.0,1750821,1895.9,1895.9,1895.9,3318684257.9,3318684257.9,3318684257.9,,3,SUR,-1.5,
TQBR,2014-03-20,ЛУКОЙЛ,LKOH,26226,2326964089.2,1871.0,1862.6,1902.4,1888.7,1886.6,1892.0,1233431,1886.6,1886.6,1886.6,2325618419.91,2325618419.91,2325618419.91,,3,SUR,0.32,
TQBR,2014-03-21,ЛУКОЙЛ,LKOH,39730,5215914550.9,1850.0,1821.0,1925.4,1910.0,1878.0,1910.0,2777338,1878.1,1878.1,1878.1,5209416630.29,5209416630.29,5209416630.29,,3,SUR,0.95,
TQBR,2014-03-24,ЛУКОЙЛ,LKOH,36307,2589132644.1,1904.9,1863.8,1945.0,1870.0,1897.8,1869.4,1364289,1897.8,1897.8,1897.8,2585827805.0,2585827805.0,2585827805.0,,3,SUR,-2.13,
TQBR,2014-03-25,ЛУКОЙЛ,LKOH,26044,2834648420.8,1875.1,1853.6,1904.9,1877.3,1887.1,1879.5,1502134,1887.1,1887.1,1887.1,2830485698.8,2830485698.8,2830485698.8,,3,SUR,0.54,
TQBR,2014-03-26,ЛУКОЙЛ,LKOH,31622,2600624808.2,1889.0,1881.1,1935.0,1919.0,1910.7,1920.0,1361075,1910.7,1910.7,1910.7,2599595303.2,2599595303.2,2599595303.2,,3,SUR,2.15,
TQBR,2014-03-27,ЛУКОЙЛ,LKOH,28191,1938072683.5,1912.0,1881.4,1919.0,1908.0,1897.8,1909.0,1021222,1897.8,1897.8,1897.8,1937873835.5,1937873835.5,1937873835.5,,3,SUR,-0.57,
TQBR,2014-03-28,ЛУКОЙЛ,LKOH,19350,2210936976.9,1915.0,1900.4,1928.4,1900.6,1916.7,1906.0,1153487,1916.7,1916.7,1916.7,2210305026.9,2210305026.9,2210305026.9,,3,SUR,-0.16,
TQBR,2014-03-31,ЛУКОЙЛ,LKOH,21639,2467394482.7,1922.3,1900.0,1961.9,1960.0,1932.8,1960.0,1276576,1932.8,1932.8,1932.8,2466144987.7,2466144987.7,2466144987.7,,3,SUR,2.83,
TQBR,2014-04-01,ЛУКОЙЛ,LKOH,25324,2670632314.3,1955.1,1943.3,1973.5,1965.6,1959.8,1965.6,1362683,1959.8,1959.8,1959.8,2670344914.6,2670344914.6,2670344914.6,,3,SUR,0.0,
TQBR,2014-04-02,ЛУКОЙЛ,LKOH,18680,1932157874.2,1960.0,1923.9,1969.9,1954.0,1947.0,1954.0,992362,1947.0,1947.0,1947.0,1929631434.2,1929631434.2,1929631434.2,,3,SUR,0.0,
TQBR,2014-04-03,ЛУКОЙЛ,LKOH,14884,1585044386.5,1956.0,1940.2,1964.9,1954.0,1950.0,1954.0,812864,1949.9,1949.9,1949.9,1584690350.5,1584690350.5,1584690350.5,,3,SUR,0.0,
TQBR,2014-04-04,ЛУКОЙЛ,LKOH,18136,1999545696.1,1959.3,1938.0,1982.0,1966.0,1958.5,1966.0,1020976,1958.5,1958.5,1958.5,1999524143.8,1999524143.8,1999524143.8,,3,SUR,0.0,
TQBR,2014-04-07,ЛУКОЙЛ,LKOH,27127,3229899797.9,1950.0,1901.1,1954.8,1920.0,1925.9,1920.0,1677094,1925.9,1925.9,1925.9,3228877997.9,3228877997.9,3228877997.9,,3,SUR,0.0,
TQBR,2014-04-08,ЛУКОЙЛ,LKOH,26506,3165540673.7,1920.0,1894.6,1937.7,1920.0,1919.1,1920.0,1649508,1919.1,1919.1,1919.1,3163225153.7,3163225153.7,3163225153.7,,3,SUR,0.0,
TQBR,2014-04-09,ЛУКОЙЛ,LKOH,21464,2634203026.8,1922.9,1888.8,1926.4,1900.0,1902.4,1900.0,1384686,1902.4,1902.4,1902.4,2634135725.3,2634135725.3,2634135725.3,,3,SUR,0.0,
TQBR,2014-04-10,ЛУКОЙЛ,LKOH,23490,3173433931.6,1910.0,1890.1,1915.2,1914.3,1902.7,1914.3,1667895,1902.7,1902.7,1902.7,3171378771.6,3171378771.6,3171378771.6,,3,SUR,0.0,
TQBR,2014-04-11,ЛУКОЙЛ,LKOH,19391,2427570551.9,1898.1,1883.2,1922.9,1898.1,1908.6,1898.1,1271930,1908.6,1908.6,1908.6,2426723999.3,2426723999.3,2426723999.3,,3,SUR,0.0,
TQBR,2014-04-14,ЛУКОЙЛ,LKOH,20013,2423116481.1,1881.9,1873.3,1902.7,1880.0,1882.3,1880.0,1287347,1882.3,1882.3,1882.3,2411411063.1,2411411063.1,2411411063.1,,3,SUR,0.0,
TQBR,2014-04-15,ЛУКОЙЛ,LKOH,18538,1902134060.0,1880.0,1843.3,1885.3,1850.0,1864.1,1850.0,1020387,1864.1,1864.1,1864.1,1901910340.0,1901910340.0,1901910340.0,,3,SUR,0.0,
TQBR,2014-04-16,ЛУКОЙЛ,LKOH,30069,2519824023.3,1895.8,1833.0,1895.8,1865.0,1850.9,1865.0,1361424,1850.9,1850.9,1850.9,2519528278.5,2519528278.5,2519528278.5,,3,SUR,0.0,
TQBR,2014-04-17,ЛУКОЙЛ,LKOH,18655,1646879516.5,1873.6,1841.0,1883.0,1872.0,1864.1,1872.0,883479,1864.1,1864.1,1864.1,1645775966.1,1645775966.1,1645775966.1,,3,SUR,0.0,
TQBR,2014-04-18,ЛУКОЙЛ,LKOH,14027,1563293600.8,1900.0,1895.0,1923.0,1899.9,1911.4,1899.9,817876,1911.5,1911.5,1911.5,1546526100.8,1546526100.8,1546526100.8,,3,SUR,0.0,
TQBR,2014-04-21,ЛУКОЙЛ,LKOH,17573,1458737225.3,1906.0,1881.0,1923.0,1889.0,1902.7,1889.0,766651,1902.7,1902.7,1902.7,1458647643.3,1458647643.3,1458647643.3,,3,SUR,0.0,
TQBR,2014-04-22,ЛУКОЙЛ,LKOH,18455,1655177000.7,1890.0,1862.6,1890.5,1873.4,1875.3,1873.4,882642,1875.2,1875.2,1875.2,1648051700.7,1648051700.7,1648051700.7,,3,SUR,0.0,
TQBR,2014-04-23,ЛУКОЙЛ,LKOH,14267,1298098523.2,1879.1,1863.3,1882.9,1880.1,1873.2,1880.1,692986,1873.2,1873.2,1873.2,1296208148.6,1296208148.6,1296208148.6,,3,SUR,0.0,
TQBR,2014-04-24,ЛУКОЙЛ,LKOH,25973,2711729324.2,1885.0,1842.3,1895.5,1856.7,1870.4,1856.7,1449802,1870.4,1870.4,1870.4,2711701049.2,2711701049.2,2711701049.2,,3,SUR,0.0,
TQBR,2014-04-25,ЛУКОЙЛ,LKOH,21152,2733664906.9,1856.2,1828.2,1866.5,1838.0,1848.8,1838.0,1478607,1848.8,1848.8,1848.8,2733486711.7,2733486711.7,2733486711.7,,3,SUR,0.0,
TQBR,2014-04-28,ЛУКОЙЛ,LKOH,22738,2184982080.2,1818.1,1815.6,1876.0,1865.0,1846.1,1865.0,1183596,1846.1,1846.1,1846.1,2184071212.1,2184071212.1,2184071212.1,,3,SUR,0.0,
TQBR,2014-04-29,ЛУКОЙЛ,LKOH,21275,2017925408.2,1884.0,1871.0,1899.9,1889.3,1885.6,1889.3,1070149,1885.7,1885.7,1885.7,2010148256.2,2010148256.2,2010148256.2,,3,SUR,0.0,
TQBR,2014-04-30,ЛУКОЙЛ,LKOH,13064,1370700623.3,1891.9,1860.5,1895.0,1880.1,1877.0,1880.1,730257,1877.0,1877.0,1877.0,1370677920.5,1370677920.5,1370677920.5,,3,SUR,0.0,
TQBR,2014-05-02,ЛУКОЙЛ,LKOH,10214,853610263.5,1865.0,1862.5,1889.9,1884.1,1878.9,1884.1,454313,1878.9,1878.9,1878.9,853045168.5,853045168.5,853045168.5,,3,SUR,0.0,
TQBR,2014-05-05,ЛУКОЙЛ,LKOH,12056,1033053674.2,1874.3,1850.5,1884.0,1866.0,1861.3,1866.0,555026,1861.3,1861.3,1861.3,1032958084.9,1032958084.9,1032958084.9,,3,SUR,0.0,
TQBR,2014-05-06,ЛУКОЙЛ,LKOH,16046,1751130763.5,1870.0,1860.3,1898.0,1878.9,1882.9,1878.9,930030,1882.9,1882.9,1882.9,1750773593.5,1750773593.5,1750773593.5,,3,SUR,0.0,
TQBR,2014-05-07,ЛУКОЙЛ,LKOH,30375,3092830450.1,1870.0,1869.0,1938.0,1919.0,1910.5,1919.0,1618829,1910.6,1910.6,1910.6,3091482180.1,3091482180.1,3091482180.1,,3,SUR,0.0,
TQBR,2014-05-08,ЛУКОЙЛ,LKOH,23527,2360556753.1,1920.0,1909.3,1956.4,1942.8,1934.0,1942.8,1220582,1934.0,1934.0,1934.0,2360460753.1,2360460753.1,2360460753.1,,3,SUR,0.0,
TQBR,2014-05-12,ЛУКОЙЛ,LKOH,22510,1955017291.2,1935.0,1923.1,1967.0,1950.0,1949.1,1950.0,1003047,1949.1,1949.1,1949.1,1954843141.2,1954843141.2,1954843141.2,,3,SUR,0.0,
TQBR,2014-05-13,ЛУКОЙЛ,LKOH,23061,1873268122.5,1951.6,1921.7,1964.5,1931.3,1945.9,1931.3,962696,1945.9,1945.9,1945.9,1873262267.7,1873262267.7,1873262267.7,,3,SUR,0.0,
TQBR,2014-05-14,ЛУКОЙЛ,LKOH,26483,2567624559.2,1931.4,1908.5,1931.6,1910.9,1916.6,1910.9,1339659,1916.6,1916.6,1916.6,2567499018.2,2567499018.2,2567499018.2,,3,SUR,0.0,
TQBR,2014-05-15,ЛУКОЙЛ,LKOH,22826,2325752545.1,1911.3,1889.0,1929.5,1890.0,1907.0,1890.0,1219578,1907.0,1907.0,1907.0,2325699028.7,2325699028.7,2325699028.7,,3,SUR,0.0,
TQBR,2014-05-16,ЛУКОЙЛ,LKOH,18551,1835417308.7,1894.9,1881.0,1919.0,1919.0,1899.5,1919.0,966261,1899.5,1899.5,1899.5,1834191308.4,1834191308.4,1834191308.4,,3,SUR,0.0,
TQBR,2014-05-19,ЛУКОЙЛ,LKOH,23405,2655150815.6,1915.0,1914.6,1954.8,1938.0,1939.6,1938.0,1368914,1939.6,1939.6,1939.6,2654802285.6,2654802285.6,2654802285.6,,3,SUR,0.0,
TQBR,2014-05-20,ЛУКОЙЛ,LKOH,24736,2884238055.3,1939.5,1938.0,1979.0,1979.0,1955.7,1979.0,1474751,1955.7,1955.7,1955.7,2883821062.8,2883821062.8,2883821062.8,,3,SUR,0.0,
TQBR,2014-05-21,ЛУКОЙЛ,LKOH,24675,2989438505.6,1989.7,1962.0,2005.3,1995.0,1984.9,1995.0,1506062,1984.9,1984.9,1984.9,2984066315.6,2984066315.6,2984066315.6,,3,SUR,0.0,
TQBR,2014-05-22,ЛУКОЙЛ,LKOH,20144,2070012365.0,1995.3,1953.0,1999.7,1965.2,1974.4,1965.2,1048420,1974.4,1974.4,1974.4,2069413775.0,2069413775.0,2069413775.0,,3,SUR,0.0,
TQBR,2014-05-23,ЛУКОЙЛ,LKOH,16973,1656732777.8,1967.0,1947.7,1975.0,1957.0,1959.5,1957.0,845473,1959.5,1959.5,1959.5,1655434557.8,1655434557.8,1655434557.8,,3,SUR,0.0,
TQBR,2014-05-26,ЛУКОЙЛ,LKOH,12487,960100557.8,1960.8,1958.5,1984.2,1972.0,1973.8,1972.0,486429,1973.8,1973.8,1973.8,960031929.8,960031929.8,960031929.8,,3,SUR,0.0,
TQBR,2014-05-27,ЛУКОЙЛ,LKOH,21329,2756891638.9,1972.0,1922.3,1972.0,1930.3,1939.9,1930.3,1421152,1939.9,1939.9,1939.9,2755730130.9,2755730130.9,2755730130.9,,3,SUR,0.0,
TQBR,2014-05-28,ЛУКОЙЛ,LKOH,15593,1471290857.1,1937.0,1923.0,1949.4,1944.9,1936.7,1944.9,759673,1936.7,1936.7,1936.7,1471106842.1,1471106842.1,1471106842.1,,3,SUR,0.0,
TQBR,2014-05-29,ЛУКОЙЛ,LKOH,22007,2189704633.4,1949.8,1943.1,1977.9,1977.7,1963.2,1977.7,1115359,1963.2,1963.2,1963.2,2189304924.4,2189304924.4,2189304924.4,,3,SUR,0.0,
TQBR,2014-05-30,ЛУКОЙЛ,LKOH,19315,2671578143.1,1978.0,1965.5,1989.9,1968.0,1976.2,1968.0,1351881,1976.2,1976.2,1976.2,2671578143.1,2671578143.1,2671578143.1,,3,SUR,0.0,
TQBR,2014-06-02,ЛУКОЙЛ,LKOH,22738,2567260378.5,1978.5,1977.1,2041.7,2037.0,2016.3,2037.0,1273242,2016.3,2016.3,2016.3,2567161453.5,2567161453.5,2567161453.5,,3,SUR,0.0,
TQBR,2014-06-03,ЛУКОЙЛ,LKOH,21928,2278008799.1,2027.0,2020.0,2052.0,2050.0,2035.4,2050.0,1119187,2035.4,2035.4,2035.4,2275945313.1,2275945313.1,2275945313.1,,3,SUR,0.0,
TQBR,2014-06-04,ЛУКОЙЛ,LKOH,12345,1782737989.6,1992.6,1992.6,2058.5,2047.0,2047.3,2047.0,870770,2047.4,2047.4,2047.4,1779749089.6,1779749089.6,1779749089.6,,3,SUR,0.0,
TQBR,2014-06-05,ЛУКОЙЛ,LKOH,17227,1723029950.4,2039.1,2028.7,2059.9,2035.0,2039.9,2035.0,844652,2039.9,2039.9,2039.9,1722836235.9,1722836235.9,1722836235.9,,3,SUR,0.0,
TQBR,2014-06-06,ЛУКОЙЛ,LKOH,22207,2289435097.5,2035.5,2015.3,2045.5,2030.6,2031.1,2030.6,1127201,2031.1,2031.1,2031.1,2288824447.5,2288824447.5,2288824447.5,,3,SUR,0.0,
TQBR,2014-06-09,ЛУКОЙЛ,LKOH,13416,1453771996.3,2030.8,2018.0,2045.0,2025.0,2029.4,2025.0,716361,2029.4,2029.4,2029.4,1453355682.3,1453355682.3,1453355682.3,,3,SUR,-0.28,
TQBR,2014-06-10,ЛУКОЙЛ,LKOH,17363,1982352590.8,2028.1,2017.6,2069.5,2061.4,2047.3,2061.4,968280,2047.3,2047.3,2047.3,1982147752.7,1982147752.7,1982147752.7,,3,SUR,1.8,
TQBR,2014-06-11,ЛУКОЙЛ,LKOH,20540,2342312889.7,2051.1,2051.1,2097.9,2097.9,2075.3,2097.9,1128673,2075.3,2075.3,2075.3,2339221882.0,2339221882.0,2339221882.0,,3,SUR,1.77,
TQBR,2014-06-16,ЛУКОЙЛ,LKOH,41925,7933673285.0,2092.2,2067.3,2153.3,2149.0,2132.3,2149.0,3720757,2132.3,2132.3,2132.3,7933372008.2,7933372008.2,7933372008.2,,3,SUR,2.44,
TQBR,2014-06-17,ЛУКОЙЛ,LKOH,21724,3205007847.3,2205.1,2122.5,2205.1,2130.0,2144.6,2130.0,1494451,2144.6,2144.6,2144.6,3202776286.1,3202776286.1,3202776286.1,,3,SUR,-0.88,
TQBR,2014-06-18,ЛУКОЙЛ,LKOH,16950,2410984096.6,2135.0,2121.8,2152.3,2126.9,2134.3,2126.9,1129635,2134.3,2134.3,2134.3,2410892291.6,2410892291.6,2410892291.6,,3,SUR,-0.15,
TQBR,2014-06-19,ЛУКОЙЛ,LKOH,19307,2425401185.6,2140.0,2112.0,2147.9,2112.1,2127.3,2112.1,1140105,2127.3,2127.3,2127.3,2424896145.6,2424896145.6,2424896145.6,,3,SUR,-0.7,
TQBR,2014-06-20,ЛУКОЙЛ,LKOH,15335,2248343272.6,2119.0,2086.1,2127.3,2100.0,2106.3,2100.0,1067446,2106.3,2106.3,2106.3,2247993637.6,2247993637.6,2247993637.6,,3,SUR,-0.57,
TQBR,2014-06-23,ЛУКОЙЛ,LKOH,18788,2396474709.4,2122.6,2073.5,2122.6,2082.6,2092.8,2082.6,1145096,2092.8,2092.8,2092.8,2396236978.2,2396236978.2,2396236978.2,,3,SUR,-0.83,
TQBR,2014-06-24,ЛУКОЙЛ,LKOH,22423,2384330740.9,2084.3,2078.0,2105.0,2099.1,2091.3,2099.1,1140093,2091.3,2091.3,2091.3,2384249453.2,2384249453.2,2384249453.2,,3,SUR,0.79,
TQBR,2014-06-25,ЛУКОЙЛ,LKOH,20878,2609683622.6,2087.2,2035.1,2103.9,2037.4,2066.0,2037.4,1263150,2066.0,2066.0,2066.0,2609072073.0,2609072073.0,2609072073.0,,3,SUR,-2.94,
TQBR,2014-06-26,ЛУКОЙЛ,LKOH,24279,3398984682.0,2049.0,2021.6,2061.4,2028.6,2039.4,2028.6,1666665,2039.4,2039.4,2039.4,3398685528.0,3398685528.0,3398685528.0,,3,SUR,-0.43,
TQBR,2014-06-27,ЛУКОЙЛ,LKOH,16016,1537116285.0,2030.7,2007.0,2036.5,2021.0,2020.3,2021.0,760846,2020.3,2020.3,2020.3,1536003461.4,1536003461.4,1536003461.4,,3,SUR,-0.37,
TQBR,2014-06-30,ЛУКОЙЛ,LKOH,12282,1459462121.1,2020.5,2012.0,2036.0,2036.0,2024.6,2036.0,720849,2024.6,2024.6,2024.6,1459411608.6,1459411608.6,1459411608.6,,3,SUR,0.74,
TQBR,2014-07-01,ЛУКОЙЛ,LKOH,14219,2019742059.2,2035.1,2022.3,2065.4,2063.9,2046.6,2063.9,986895,2046.6,2046.6,2046.6,2019678971.1,2019678971.1,2019678971.1,,3,SUR,1.37,
TQBR,2014-07-02,ЛУКОЙЛ,LKOH,16822,2158466748.8,2065.9,2060.9,2110.3,2110.0,2086.3,2110.0,1034589,2086.3,2086.3,2086.3,2158220906.7,2158220906.7,2158220906.7,,3,SUR,2.23,
TQBR,2014-07-03,ЛУКОЙЛ,LKOH,14763,1353327180.8,2113.0,2086.0,2114.3,2089.9,2101.4,2089.9,644019,2101.4,2101.4,2101.4,1353166592.8,1353166592.8,1353166592.8,,3,SUR,-0.95,
TQBR,2014-07-04,ЛУКОЙЛ,LKOH,15977,1681407149.2,2095.0,2048.2,2100.9,2062.9,2078.0,2062.9,809144,2078.0,2078.0,2078.0,1680778649.2,1680778649.2,1680778649.2,,3,SUR,-1.29,
TQBR,2014-07-07,ЛУКОЙЛ,LKOH,20343,2271690390.0,2062.0,2055.9,2126.0,2113.0,2101.7,2113.0,1080900,2101.7,2101.7,2101.7,2270638770.0,2270638770.0,2270638770.0,,3,SUR,2.43,
TQBR,2014-07-08,ЛУКОЙЛ,LKOH,23892,2301389570.2,2112.6,2112.6,2143.0,2122.9,2129.9,2122.9,1080527,2129.9,2129.9,2129.9,2301334642.6,2301334642.6,2301334642.6,,3,SUR,0.47,
TQBR,2014-07-09,ЛУКОЙЛ,LKOH,20396,1947128042.9,2120.5,2075.2,2120.9,2104.9,2099.4,2104.9,927449,2099.4,2099.4,2099.4,1947111078.9,1947111078.9,1947111078.9,,3,SUR,-0.85,
TQBR,2014-07-10,ЛУКОЙЛ,LKOH,26360,2500744545.8,2104.8,2065.0,2115.4,2093.2,2090.3,2093.2,1196359,2090.3,2090.3,2090.3,2500513017.8,2500513017.8,2500513017.8,,3,SUR,-0.56,
TQBR,2014-07-11,ЛУКОЙЛ,LKOH,27011,2712771776.6,2100.1,2082.1,2113.9,2105.0,2098.5,2105.0,1292720,2098.5,2098.5,2098.5,2712141746.6,2712141746.6,2712141746.6,,3,SUR,0.56,
TQBR,2014-07-14,ЛУКОЙЛ,LKOH,22318,2963994686.1,2055.0,2015.3,2073.1,2016.5,2047.5,2016.5,1447650,2047.4,2047.4,2047.4,2960817656.1,2960817656.1,2960817656.1,,3,SUR,-4.2,
TQBR,2014-07-15,ЛУКОЙЛ,LKOH,21501,2629358210.7,2017.8,2006.0,2043.0,2018.0,2023.9,2018.0,1299149,2023.9,2023.9,2023.9,2627289965.7,2627289965.7,2627289965.7,,3,SUR,0.07,
TQBR,2014-07-16,ЛУКОЙЛ,LKOH,23389,2730254418.6,2018.0,2009.7,2054.9,2050.8,2035.5,2050.8,1341344,2035.5,2035.5,2035.5,2730111140.6,2730111140.6,2730111140.6,,3,SUR,1.63,
TQBR,2014-07-17,ЛУКОЙЛ,LKOH,32307,4149369608.7,2030.0,1975.4,2045.0,2004.8,2004.1,2004.8,2070446,2004.1,2004.1,2004.1,4147497948.7,4147497948.7,4147497948.7,,3,SUR,-2.24,
TQBR,2014-07-18,ЛУКОЙЛ,LKOH,28899,3317499601.1,1971.0,1963.0,1996.0,1990.0,1978.4,1990.0,1676898,1978.4,1978.4,1978.4,3313005721.1,3313005721.1,3313005721.1,,3,SUR,-0.74,
TQBR,2014-07-21,ЛУКОЙЛ,LKOH,21759,2416042932.5,1986.6,1936.2,1991.5,1940.0,1957.2,1940.0,1234420,1957.2,1957.2,1957.2,2415842285.9,2415842285.9,2415842285.9,,3,SUR,-2.51,
TQBR,2014-07-22,ЛУКОЙЛ,LKOH,21502,2744635510.2,1954.0,1951.0,1978.8,1970.0,1969.1,1970.0,1393861,1969.1,1969.1,1969.1,2743715176.2,2743715176.2,2743715176.2,,3,SUR,1.55,
TQBR,2014-07-23,ЛУКОЙЛ,LKOH,16434,1747637615.6,2006.4,1964.6,2006.4,1980.5,1976.3,1980.5,884278,1976.3,1976.3,1976.3,1745454652.4,1745454652.4,1745454652.4,,3,SUR,0.53,
TQBR,2014-07-24,ЛУКОЙЛ,LKOH,19299,1988211066.5,1965.6,1965.6,2005.0,2005.0,1986.2,2005.0,1001003,1986.3,1986.3,1986.3,1978373238.5,1978373238.5,1978373238.5,,3,SUR,1.24,
TQBR,2014-07-25,ЛУКОЙЛ,LKOH,18232,2092703240.2,2000.1,1970.1,2004.0,1976.7,1980.5,1976.7,1056643,1980.5,1980.5,1980.5,2092127211.4,2092127211.4,2092127211.4,,3,SUR,-1.41,
TQBR,2014-07-28,ЛУКОЙЛ,LKOH,16416,1653501774.0,1967.5,1948.0,1979.7,1957.0,1961.0,1957.0,843184,1961.0,1961.0,1961.0,1652911524.0,1652911524.0,1652911524.0,,3,SUR,-1.0,
TQBR,2014-07-29,ЛУКОЙЛ,LKOH,15490,1665015244.4,1963.4,1951.5,1985.0,1975.0,1972.3,1975.0,844187,1972.3,1972.3,1972.3,1664818904.4,1664818904.4,1664818904.4,,3,SUR,0.92,
TQBR,2014-07-30,ЛУКОЙЛ,LKOH,23877,3198538413.1,1966.0,1962.2,2040.0,2005.3,2009.1,2005.3,1591992,2009.2,2009.2,2009.2,3197691067.1,3197691067.1,3197691067.1,,3,SUR,1.53,
TQBR,2014-07-31,ЛУКОЙЛ,LKOH,15720,2113195171.7,2007.5,1990.5,2025.0,2000.9,2006.7,2000.9,1053071,2006.7,2006.7,2006.7,2113036579.2,2113036579.2,2113036579.2,,3,SUR,-0.22,
TQBR,2014-08-01,ЛУКОЙЛ,LKOH,14297,1475052635.5,1998.0,1973.5,2004.3,1995.3,1988.3,1995.3,741881,1988.3,1988.3,1988.3,1474397291.5,1474397291.5,1474397291.5,,3,SUR,-0.28,
TQBR,2014-08-04,ЛУКОЙЛ,LKOH,12625,1457781213.2,2001.8,1966.0,2009.9,1984.9,1983.2,1984.9,735068,1983.2,1983.2,1983.2,1457322801.0,1457322801.0,1457322801.0,,3,SUR,-0.52,
TQBR,2014-08-05,ЛУКОЙЛ,LKOH,11591,1392696274.9,1985.3,1957.0,1986.9,1957.0,1966.5,1957.0,708207,1966.5,1966.5,1966.5,1392354803.3,1392354803.3,1392354803.3,,3,SUR,-1.41,
TQBR,2014-08-06,ЛУКОЙЛ,LKOH,22313,2359982656.7,1957.0,1926.7,1983.9,1929.8,1952.2,1929.8,1208890,1952.2,1952.2,1952.2,2358918048.7,2358918048.7,2358918048.7,,3,SUR,-1.39,
TQBR,2014-08-07,ЛУКОЙЛ,LKOH,17383,1871971848.1,1921.0,1911.5,1949.0,1932.7,1926.0,1932.7,971939,1926.0,1926.0,1926.0,1869244028.1,1869244028.1,1869244028.1,,3,SUR,0.15,
TQBR,2014-08-08,ЛУКОЙЛ,LKOH,17244,2500955489.5,1935.0,1924.9,1974.0,1928.3,1951.5,1928.3,1281580,1951.5,1951.5,1951.5,2500955489.5,2500955489.5,2500955489.5,,3,SUR,-0.23,
TQBR,2014-08-11,ЛУКОЙЛ,LKOH,12173,1956572350.5,1962.0,1941.1,1963.0,1947.1,1952.4,1947.1,1002131,1952.4,1952.4,1952.4,1946526910.5,1946526910.5,1946526910.5,,3,SUR,0.97,
TQBR,2014-08-12,ЛУКОЙЛ,LKOH,13743,1672951942.2,1952.8,1944.2,1973.7,1953.7,1960.0,1953.7,853532,1960.0,1960.0,1960.0,1672811340.6,1672811340.6,1672811340.6,,3,SUR,0.34,
TQBR,2014-08-13,ЛУКОЙЛ,LKOH,18994,2147073037.9,1954.4,1954.4,1988.2,1974.9,1978.0,1974.9,1085504,1978.0,1978.0,1978.0,2147028086.7,2147028086.7,2147028086.7,,3,SUR,1.09,
TQBR,2014-08-14,ЛУКОЙЛ,LKOH,16894,2015569027.7,1973.5,1966.5,2002.1,1991.0,1987.2,1991.0,1014262,1987.2,1987.2,1987.2,2015353916.2,2015353916.2,2015353916.2,,3,SUR,0.82,
TQBR,2014-08-15,ЛУКОЙЛ,LKOH,15720,2048819749.3,1991.7,1988.0,2026.2,2011.1,2010.5,2011.1,1019061,2010.5,2010.5,2010.5,2048817757.6,2048817757.6,2048817757.6,,3,SUR,1.01,
TQBR,2014-08-18,ЛУКОЙЛ,LKOH,8336,714542865.4,2016.4,2009.1,2043.0,2043.0,2028.9,2043.0,352191,2028.9,2028.9,2028.9,714389619.0,714389619.0,714389619.0,,3,SUR,1.59,
TQBR,2014-08-19,ЛУКОЙЛ,LKOH,15085,1635036864.3,2043.0,2043.0,2076.7,2063.9,2063.7,2063.9,792281,2063.7,2063.7,2063.7,1634652780.3,1634652780.3,1634652780.3,,3,SUR,1.02,
TQBR,2014-08-20,ЛУКОЙЛ,LKOH,11257,2011356517.0,2060.0,2053.0,2086.5,2085.0,2074.0,2085.0,969786,2074.0,2074.0,2074.0,2007848337.0,2007848337.0,2007848337.0,,3,SUR,1.02,
TQBR,2014-08-21,ЛУКОЙЛ,LKOH,12806,1660556130.8,2080.0,2080.0,2108.7,2100.6,2096.4,2100.6,792093,2096.4,2096.4,2096.4,1659622210.8,1659622210.8,1659622210.8,,3,SUR,0.75,
TQBR,2014-08-22,ЛУКОЙЛ,LKOH,15152,1429980120.1,2100.0,2058.3,2100.5,2085.0,2074.7,2085.0,689251,2074.7,2074.7,2074.7,1429541220.1,1429541220.1,1429541220.1,,3,SUR,-0.74,
TQBR,2014-08-25,ЛУКОЙЛ,LKOH,7511,610304197.5,2069.4,2069.4,2092.0,2088.0,2085.6,2088.0,292630,2085.6,2085.6,2085.6,609464021.1,609464021.1,609464021.1,,3,SUR,0.14,
TQBR,2014-08-26,ЛУКОЙЛ,LKOH,11014,1360744114.2,2048.4,2048.4,2096.8,2068.0,2082.5,2068.0,653404,2082.5,2082.5,2082.5,1360623258.6,1360623258.6,1360623258.6,,3,SUR,-0.96,
TQBR,2014-08-27,ЛУКОЙЛ,LKOH,13139,1228270127.1,2073.2,2067.4,2107.1,2096.5,2093.9,2096.5,586592,2093.9,2093.9,2093.9,1228079392.7,1228079392.7,1228079392.7,,3,SUR,1.38,
TQBR,2014-08-28,ЛУКОЙЛ,LKOH,19005,2482532411.3,2052.5,2052.5,2096.1,2083.0,2078.1,2083.0,1194636,2078.1,2078.1,2078.1,2481319383.8,2481319383.8,2481319383.8,,3,SUR,-0.64,
TQBR,2014-08-29,ЛУКОЙЛ,LKOH,14422,2089009150.6,2074.1,2054.9,2094.2,2055.0,2069.3,2055.0,1009544,2069.3,2069.3,2069.3,2088861889.5,2088861889.5,2088861889.5,,3,SUR,-1.34,
TQBR,2014-09-01,ЛУКОЙЛ,LKOH,20961,2203537966.5,1985.3,1985.3,2097.3,2034.9,2057.3,2034.9,1071060,2058.9,2058.9,2058.9,2157876066.5,2157876066.5,2157876066.5,,3,SUR,-0.98,
TQBR,2014-09-02,ЛУКОЙЛ,LKOH,10974,1366410225.1,2016.1,2016.1,2050.9,2042.1,2038.1,2042.1,670447,2038.1,2038.1,2038.1,1365813459.5,1365813459.5,1365813459.5,,3,SUR,0.35,
TQBR,2014-09-03,ЛУКОЙЛ,LKOH,35234,4098267134.4,2044.0,2041.1,2127.0,2115.0,2088.5,2115.0,1962280,2088.5,2088.5,2088.5,4097666198.4,4097666198.4,4097666198.4,,3,SUR,3.57,
TQBR,2014-09-04,ЛУКОЙЛ,LKOH,17064,2107860486.4,2115.5,2106.5,2134.9,2131.5,2122.2,2131.5,993246,2122.2,2122.2,2122.2,2107202565.9,2107202565.9,2107202565.9,,3,SUR,0.78,
TQBR,2014-09-05,ЛУКОЙЛ,LKOH,19171,2049860413.6,2120.0,2114.1,2169.4,2163.0,2145.8,2163.0,955277,2145.8,2145.8,2145.8,2049733213.6,2049733213.6,2049733213.6,,3,SUR,1.48,
TQBR,2014-09-08,ЛУКОЙЛ,LKOH,16861,2319794947.3,2157.0,2146.0,2179.0,2153.3,2162.2,2153.3,1072894,2162.2,2162.2,2162.2,2319687097.3,2319687097.3,2319687097.3,,3,SUR,-0.45,
TQBR,2014-09-09,ЛУКОЙЛ,LKOH,10621,1207913991.2,2153.0,2150.7,2172.0,2163.6,2161.8,2163.6,558755,2161.8,2161.8,2161.8,1207629795.2,1207629795.2,1207629795.2,,3,SUR,0.48,
TQBR,2014-09-10,ЛУКОЙЛ,LKOH,11739,1300627018.8,2157.0,2151.2,2169.0,2163.0,2160.1,2163.0,602117,2160.1,2160.1,2160.1,1300400533.8,1300400533.8,1300400533.8,,3,SUR,-0.03,
TQBR,2014-09-11,ЛУКОЙЛ,LKOH,15915,1926548728.2,2174.8,2148.7,2174.8,2149.2,2163.9,2149.2,890331,2163.9,2163.9,2163.9,1926437813.4,1926437813.4,1926437813.4,,3,SUR,-0.64,
TQBR,2014-09-12,ЛУКОЙЛ,LKOH,22190,2499040755.2,2151.1,2143.2,2194.7,2163.1,2172.1,2163.1,1150537,2172.1,2172.1,2172.1,2498511584.6,2498511584.6,2498511584.6,,3,SUR,0.65,
TQBR,2014-09-15,ЛУКОЙЛ,LKOH,23847,3877682276.3,2156.9,2154.0,2183.0,2174.9,2166.3,2174.9,1790034,2166.3,2166.3,2166.3,3877518351.9,3877518351.9,3877518351.9,,3,SUR,0.55,
TQBR,2014-09-16,ЛУКОЙЛ,LKOH,17849,2193729709.8,2169.5,2166.2,2199.0,2185.0,2184.3,2185.0,1004336,2184.3,2184.3,2184.3,2193462861.3,2193462861.3,2193462861.3,,3,SUR,0.46,
TQBR,2014-09-17,ЛУКОЙЛ,LKOH,21022,2934282466.5,2185.0,2130.0,2197.7,2141.5,2156.7,2141.5,1360520,2156.7,2156.7,2156.7,2933585451.5,2933585451.5,2933585451.5,,3,SUR,-1.99,
TQBR,2014-09-18,ЛУКОЙЛ,LKOH,14631,1662928029.3,2142.1,2117.4,2155.0,2130.0,2135.1,2130.0,778862,2135.1,2135.1,2135.1,1662842345.3,1662842345.3,1662842345.3,,3,SUR,-0.54,
TQBR,2014-09-19,ЛУКОЙЛ,LKOH,31519,3963668527.9,2129.9,2065.0,2130.8,2071.0,2090.9,2071.0,1895677,2090.9,2090.9,2090.9,3962384198.2,3962384198.2,3962384198.2,,3,SUR,-2.77,
TQBR,2014-09-22,ЛУКОЙЛ,LKOH,14621,1718793092.5,2069.4,2047.7,2090.0,2050.0,2061.6,2050.0,833702,2061.6,2061.6,2061.6,1718716524.7,1718716524.7,1718716524.7,,3,SUR,-1.01,
TQBR,2014-09-23,ЛУКОЙЛ,LKOH,18968,3099560605.4,2058.6,2030.1,2068.6,2049.6,2043.9,2049.6,1516474,2043.9,2043.9,2043.9,3099533843.6,3099533843.6,3099533843.6,,3,SUR,-0.02,
TQBR,2014-09-24,ЛУКОЙЛ,LKOH,15284,2086215509.2,2055.0,2046.6,2072.6,2059.1,2061.8,2059.1,1011822,2061.8,2061.8,2061.8,2084160509.2,2084160509.2,2084160509.2,,3,SUR,0.46,
TQBR,2014-09-25,ЛУКОЙЛ,LKOH,17337,2573520167.1,2065.7,2043.5,2087.8,2043.5,2070.8,2043.5,1242759,2070.8,2070.8,2070.8,2573284677.3,2573284677.3,2573284677.3,,3,SUR,-0.76,
TQBR,2014-09-26,ЛУКОЙЛ,LKOH,14356,2038579369.9,2040.0,2033.7,2074.8,2064.9,2055.9,2064.9,991570,2055.9,2055.9,2055.9,2035343929.9,2035343929.9,2035343929.9,,3,SUR,1.05,
TQBR,2014-09-29,ЛУКОЙЛ,LKOH,19706,2464631320.9,2066.0,2004.0,2085.0,2007.9,2041.5,2007.9,1207236,2041.5,2041.5,2041.5,2463868966.9,2463868966.9,2463868966.9,,3,SUR,-2.76,
TQBR,2014-09-30,ЛУКОЙЛ,LKOH,21813,2462583311.2,2016.9,1999.3,2049.1,2015.0,2020.9,2015.0,1218547,2020.9,2020.9,2020.9,2462478432.4,2462478432.4,2462478432.4,,3,SUR,0.35,
TQBR,2014-10-01,ЛУКОЙЛ,LKOH,15005,2154377665.8,2010.0,1990.0,2028.3,1993.5,2013.2,1993.5,1070123,2013.2,2013.2,2013.2,2153688235.8,2153688235.8,2153688235.8,,3,SUR,-1.07,
TQBR,2014-10-02,ЛУКОЙЛ,LKOH,21829,2867351618.4,1988.0,1960.5,2003.7,1964.0,1985.0,1964.0,1444474,1985.0,1985.0,1985.0,2866401354.4,2866401354.4,2866401354.4,,3,SUR,-1.48,
TQBR,2014-10-03,ЛУКОЙЛ,LKOH,15220,2011662891.1,1975.0,1972.4,2010.0,1990.0,1993.7,1990.0,1008988,1993.8,1993.8,1993.8,2008303416.1,2008303416.1,2008303416.1,,3,SUR,1.32,
TQBR,2014-10-06,ЛУКОЙЛ,LKOH,17753,1730353462.0,2000.2,2000.2,2052.0,2042.0,2030.8,2042.0,852036,2030.9,2030.9,2030.9,1730079434.6,1730079434.6,1730079434.6,,3,SUR,2.61,
TQBR,2014-10-07,ЛУКОЙЛ,LKOH,13545,1625098440.2,2042.0,2004.4,2045.0,2007.6,2020.2,2007.6,804431,2020.2,2020.2,2020.2,1624459294.2,1624459294.2,1624459294.2,,3,SUR,-1.68,
TQBR,2014-10-08,ЛУКОЙЛ,LKOH,18203,2670689950.6,1995.0,1976.0,2009.5,1976.0,1989.6,1976.0,1342358,1989.5,1989.5,1989.5,2668274005.6,2668274005.6,2668274005.6,,3,SUR,-1.57,
TQBR,2014-10-09,ЛУКОЙЛ,LKOH,20243,2531532595.6,1999.1,1971.1,2024.0,1980.0,1997.6,1980.0,1267299,1997.6,1997.6,1997.6,2529333585.6,2529333585.6,2529333585.6,,3,SUR,0.2,
TQBR,2014-10-10,ЛУКОЙЛ,LKOH,21674,2925429695.1,1965.0,1921.0,1971.7,1925.1,1946.5,1925.1,1502941,1946.3,1946.3,1946.3,2898941495.1,2898941495.1,2898941495.1,,3,SUR,-2.77,
TQBR,2014-10-13,ЛУКОЙЛ,LKOH,18783,2538791429.5,1916.0,1913.0,1995.0,1978.0,1967.2,1978.0,1290556,1967.2,1967.2,1967.2,2537461725.5,2537461725.5,2537461725.5,,3,SUR,2.75,
TQBR,2014-10-14,ЛУКОЙЛ,LKOH,20544,3214892637.3,1982.9,1978.4,2040.2,2005.4,2011.8,2005.4,1598011,2011.8,2011.8,2011.8,3214317596.3,3214317596.3,3214317596.3,,3,SUR,1.39,
TQBR,2014-10-15,ЛУКОЙЛ,LKOH,19898,2682744205.5,2004.0,1970.4,2009.0,1980.0,1991.4,1980.0,1347161,1991.4,1991.4,1991.4,2682343405.5,2682343405.5,2682343405.5,,3,SUR,-1.27,
TQBR,2014-10-16,ЛУКОЙЛ,LKOH,23942,2966788524.1,1982.0,1945.7,2005.0,1955.0,1972.3,1955.0,1504249,1972.3,1972.3,1972.3,2965529954.1,2965529954.1,2965529954.1,,3,SUR,-1.26,
TQBR,2014-10-17,ЛУКОЙЛ,LKOH,17406,2436791812.8,1974.0,1965.6,2003.0,1986.6,1987.3,1986.6,1226169,1987.3,1987.3,1987.3,2434468414.8,2434468414.8,2434468414.8,,3,SUR,1.62,
TQBR,2014-10-20,ЛУКОЙЛ,LKOH,16572,2258552903.0,1994.7,1972.0,2003.0,1978.0,1981.5,1978.0,1139845,1981.4,1981.4,1981.4,2256494372.6,2256494372.6,2256494372.6,,3,SUR,-0.43,
TQBR,2014-10-21,ЛУКОЙЛ,LKOH,17132,2521257588.0,1926.1,1926.1,1998.3,1990.0,1977.4,1990.0,1275039,1977.4,1977.4,1977.4,2520876220.2,2520876220.2,2520876220.2,,3,SUR,0.61,
TQBR,2014-10-22,ЛУКОЙЛ,LKOH,27595,3385412664.0,1994.9,1958.5,2009.0,1964.9,1984.1,1964.9,1706310,1984.1,1984.1,1984.1,3384961816.6,3384961816.6,3384961816.6,,3,SUR,-1.26,
TQBR,2014-10-23,ЛУКОЙЛ,LKOH,24165,3099985251.4,1963.0,1916.7,1968.3,1932.3,1934.7,1932.3,1602278,1934.7,1934.7,1934.7,3099092086.4,3099092086.4,3099092086.4,,3,SUR,-1.66,
TQBR,2014-10-24,ЛУКОЙЛ,LKOH,16595,1803517151.6,1930.4,1917.8,1957.5,1948.5,1934.2,1948.5,932438,1934.2,1934.2,1934.2,1803190914.0,1803190914.0,1803190914.0,,3,SUR,0.84,
TQBR,2014-10-27,ЛУКОЙЛ,LKOH,21662,2754499228.1,1960.0,1960.0,2003.8,1991.9,1988.5,1991.9,1385211,1988.5,1988.5,1988.5,2753505508.1,2753505508.1,2753505508.1,,3,SUR,2.23,
TQBR,2014-10-28,ЛУКОЙЛ,LKOH,19526,2418759731.0,1995.5,1995.5,2034.6,2014.0,2015.3,2014.0,1200225,2015.3,2015.3,2015.3,2418508298.0,2418508298.0,2418508298.0,,3,SUR,1.11,
TQBR,2014-10-29,ЛУКОЙЛ,LKOH,28610,3361195138.2,2020.0,1993.0,2042.5,2042.5,2013.9,2042.5,1669036,2013.9,2013.9,2013.9,3360298258.2,3360298258.2,3360298258.2,,3,SUR,1.42,
TQBR,2014-10-30,ЛУКОЙЛ,LKOH,34695,4160074010.7,2034.1,2011.0,2069.9,2055.0,2043.6,2055.0,2035665,2043.6,2043.6,2043.6,4159164768.0,4159164768.0,4159164768.0,,3,SUR,0.61,
TQBR,2014-10-31,ЛУКОЙЛ,LKOH,35427,5917560800.3,2064.2,2051.0,2120.0,2120.0,2091.3,2120.0,2829582,2091.3,2091.3,2091.3,5917251170.3,5917251170.3,5917251170.3,,3,SUR,3.16,
TQBR,2014-11-03,ЛУКОЙЛ,LKOH,11017,1371786493.8,2116.4,2100.2,2124.7,2117.0,2113.2,2117.0,649159,2113.2,2113.2,2113.2,1371678557.4,1371678557.4,1371678557.4,,3,SUR,-0.14,
TQBR,2014-11-05,ЛУКОЙЛ,LKOH,23808,3832468285.7,2102.9,2072.2,2133.5,2127.7,2105.0,2127.7,1820616,2105.0,2105.0,2105.0,3831988824.5,3831988824.5,3831988824.5,,3,SUR,0.51,
TQBR,2014-11-06,ЛУКОЙЛ,LKOH,25518,3619114766.4,2120.5,2120.5,2169.0,2132.7,2147.3,2132.7,1685405,2147.3,2147.3,2147.3,3618364109.4,3618364109.4,3618364109.4,,3,SUR,0.23,
TQBR,2014-11-07,ЛУКОЙЛ,LKOH,43124,6011400049.6,2139.5,2120.0,2178.0,2126.5,2149.4,2126.5,2796778,2149.4,2149.4,2149.4,6010612713.6,6010612713.6,6010612713.6,,3,SUR,-0.29,
TQBR,2014-11-10,ЛУКОЙЛ,LKOH,27629,3752879217.3,2145.0,2122.0,2160.0,2139.9,2138.2,2139.9,1755155,2138.2,2138.2,2138.2,3752664717.3,3752664717.3,3752664717.3,,3,SUR,0.63,
TQBR,2014-11-11,ЛУКОЙЛ,LKOH,22569,1995837130.7,2145.5,2125.1,2163.7,2125.1,2145.2,2125.1,930388,2145.2,2145.2,2145.2,1995581816.2,1995581816.2,1995581816.2,,3,SUR,-0.69,
TQBR,2014-11-12,ЛУКОЙЛ,LKOH,15728,2292530734.7,2127.9,2113.2,2149.6,2126.0,2131.5,2126.0,1075546,2131.5,2131.5,2131.5,2292415828.1,2292415828.1,2292415828.1,,3,SUR,0.04,
TQBR,2014-11-13,ЛУКОЙЛ,LKOH,19216,2560620946.5,2132.2,2078.2,2147.9,2083.6,2113.7,2083.6,1211441,2113.7,2113.7,2113.7,2560478089.1,2560478089.1,2560478089.1,,3,SUR,-1.99,
TQBR,2014-11-14,ЛУКОЙЛ,LKOH,20771,2670460911.1,2076.0,2065.0,2099.0,2084.0,2084.6,2084.0,1281024,2084.6,2084.6,2084.6,2669514255.1,2669514255.1,2669514255.1,,3,SUR,0.02,
TQBR,2014-11-17,ЛУКОЙЛ,LKOH,13715,1575490333.2,2081.7,2071.4,2102.7,2085.0,2092.0,2085.0,753096,2092.0,2092.0,2092.0,1575382084.8,1575382084.8,1575382084.8,,3,SUR,0.05,
TQBR,2014-11-18,ЛУКОЙЛ,LKOH,32371,3450114629.1,2097.4,2065.1,2144.7,2132.3,2112.6,2132.3,1633097,2112.6,2112.6,2112.6,3450007661.7,3450007661.7,3450007661.7,,3,SUR,2.27,
TQBR,2014-11-19,ЛУКОЙЛ,LKOH,15456,2341160099.8,2134.0,2128.1,2180.0,2180.0,2155.0,2180.0,1086397,2155.0,2155.0,2155.0,2340592455.8,2340592455.8,2340592455.8,,3,SUR,2.24,
TQBR,2014-11-20,ЛУКОЙЛ,LKOH,20785,2808836162.9,2180.0,2180.0,2233.8,2230.0,2211.6,2230.0,1270047,2211.6,2211.6,2211.6,2808190882.9,2808190882.9,2808190882.9,,3,SUR,2.29,
TQBR,2014-11-21,ЛУКОЙЛ,LKOH,28026,3405558597.7,2236.0,2205.2,2291.0,2280.4,2240.9,2280.4,1519743,2240.9,2240.9,2240.9,3405093509.7,3405093509.7,3405093509.7,,3,SUR,2.26,
TQBR,2014-11-24,ЛУКОЙЛ,LKOH,17077,2116952579.5,2280.5,2245.2,2293.9,2261.3,2270.0,2261.3,932560,2270.0,2270.0,2270.0,2116592260.5,2116592260.5,2116592260.5,,3,SUR,-0.84,
TQBR,2014-11-25,ЛУКОЙЛ,LKOH,12834,2223280249.2,2259.2,2232.9,2281.5,2259.1,2256.1,2259.1,985441,2256.1,2256.1,2256.1,2223250879.6,2223250879.6,2223250879.6,,3,SUR,-0.1,
TQBR,2014-11-26,ЛУКОЙЛ,LKOH,19027,2809167823.6,2253.5,2245.2,2280.0,2280.0,2264.8,2280.0,1240385,2264.8,2264.8,2264.8,2808976276.1,2808976276.1,2808976276.1,,3,SUR,0.93,
TQBR,2014-11-27,ЛУКОЙЛ,LKOH,30904,4320473436.9,2273.6,2260.0,2331.6,2295.0,2290.8,2295.0,1885996,2290.8,2290.8,2290.8,4319438948.9,4319438948.9,4319438948.9,,3,SUR,0.66,
TQBR,2014-11-28,ЛУКОЙЛ,LKOH,31147,4332873154.1,2281.6,2270.6,2324.7,2291.7,2299.1,2291.7,1884628,2299.1,2299.1,2299.1,4331673032.5,4331673032.5,4331673032.5,,3,SUR,-0.14,
TQBR,2014-12-01,ЛУКОЙЛ,LKOH,47494,6634350616.4,2280.0,2278.1,2462.0,2418.1,2391.2,2418.1,2774453,2391.3,2391.3,2391.3,6633105736.4,6633105736.4,6633105736.4,,3,SUR,5.52,
TQBR,2014-12-02,ЛУКОЙЛ,LKOH,28296,4662264565.7,2425.0,2373.8,2467.7,2449.9,2421.8,2449.9,1925110,2421.8,2421.8,2421.8,4660875040.7,4660875040.7,4660875040.7,,3,SUR,1.32,
TQBR,2014-12-03,ЛУКОЙЛ,LKOH,36757,5597567263.2,2455.2,2434.0,2578.5,2573.0,2516.8,2573.0,2224086,2516.8,2516.8,2516.8,5595662028.0,5595662028.0,5595662028.0,,3,SUR,5.02,
TQBR,2014-12-04,ЛУКОЙЛ,LKOH,36569,6491862543.2,2550.0,2477.0,2593.8,2490.1,2540.2,2490.1,2555646,2540.2,2540.2,2540.2,6484158993.2,6484158993.2,6484158993.2,,3,SUR,-3.22,
TQBR,2014-12-05,ЛУКОЙЛ,LKOH,29780,3844098783.8,2486.5,2391.1,2518.9,2391.1,2443.0,2391.1,1573522,2443.0,2443.0,2443.0,3843917269.3,3843917269.3,3843917269.3,,3,SUR,-3.98,
TQBR,2014-12-08,ЛУКОЙЛ,LKOH,25262,4221285449.0,2390.0,2340.0,2439.0,2355.0,2393.2,2355.0,1763842,2393.2,2393.2,2393.2,4216151729.0,4216151729.0,4216151729.0,,3,SUR,-1.51,
TQBR,2014-12-09,ЛУКОЙЛ,LKOH,19424,3019162001.5,2340.4,2315.5,2373.5,2318.0,2344.6,2318.0,1287687,2344.6,2344.6,2344.6,3018775835.5,3018775835.5,3018775835.5,,3,SUR,-1.57,
TQBR,2014-12-10,ЛУКОЙЛ,LKOH,16987,2711485499.6,2325.1,2292.4,2365.0,2296.0,2334.1,2296.0,1161686,2334.1,2334.1,2334.1,2711252989.6,2711252989.6,2711252989.6,,3,SUR,-0.95,
TQBR,2014-12-11,ЛУКОЙЛ,LKOH,25795,4403379828.4,2297.0,2202.5,2309.0,2223.4,2257.1,2223.4,1950868,2257.1,2257.1,2257.1,4403154722.4,4403154722.4,4403154722.4,,3,SUR,-3.16,
TQBR,2014-12-12,ЛУКОЙЛ,LKOH,33598,5764977029.8,2219.0,2146.6,2319.0,2292.3,2268.1,2292.3,2541740,2268.1,2268.1,2268.1,5764650836.8,5764650836.8,5764650836.8,,3,SUR,3.1,
TQBR,2014-12-15,ЛУКОЙЛ,LKOH,36648,6535183478.3,2230.3,2173.3,2366.8,2264.0,2278.5,2264.0,2868241,2278.6,2278.6,2278.6,6510614493.5,6510614493.5,6510614493.5,,3,SUR,-1.23,
TQBR,2014-12-16,ЛУКОЙЛ,LKOH,49653,7323159318.2,2245.0,2053.6,2479.7,2359.0,2296.6,2359.0,3188712,2296.6,2296.6,2296.6,7322813588.2,7322813588.2,7322813588.2,,3,SUR,4.2,
TQBR,2014-12-17,ЛУКОЙЛ,LKOH,52358,6773891216.8,2360.8,2211.0,2480.0,2263.0,2299.5,2263.0,2945815,2299.5,2299.5,2299.5,6772335449.6,6772335449.6,6772335449.6,,3,SUR,-4.07,
TQBR,2014-12-18,ЛУКОЙЛ,LKOH,44440,6014464421.4,2299.5,2239.0,2474.1,2370.0,2384.2,2370.0,2522668,2384.2,2384.2,2384.2,6013737779.4,6013737779.4,6013737779.4,,3,SUR,4.73,
TQBR,2014-12-19,ЛУКОЙЛ,LKOH,36661,2917073562.9,2369.5,2229.0,2385.0,2300.0,2286.0,2300.0,1276066,2286.0,2286.0,2286.0,2915775076.9,2915775076.9,2915775076.9,,3,SUR,-2.95,
TQBR,2014-12-22,ЛУКОЙЛ,LKOH,36496,3693503096.5,2310.0,2280.5,2419.4,2363.5,2344.8,2363.5,1575158,2344.9,2344.9,2344.9,3690248306.5,3690248306.5,3690248306.5,,3,SUR,2.76,
TQBR,2014-12-23,ЛУКОЙЛ,LKOH,34929,3087030145.7,2368.0,2231.0,2456.9,2260.0,2325.3,2260.0,1327571,2325.3,2325.3,2325.3,3086615745.7,3086615745.7,3086615745.7,,3,SUR,-4.38,
TQBR,2014-12-24,ЛУКОЙЛ,LKOH,19966,1554317560.2,2250.5,2214.3,2270.0,2236.0,2247.0,2236.0,691724,2247.0,2247.0,2247.0,1553842704.7,1553842704.7,1553842704.7,,3,SUR,-1.06,
TQBR,2014-12-25,ЛУКОЙЛ,LKOH,13890,1247960295.7,2179.9,2145.0,2210.0,2205.7,2185.1,2205.7,571112,2185.2,2185.2,2185.2,1238349116.6,1238349116.6,1238349116.6,,3,SUR,-1.36,
TQBR,2014-12-26,ЛУКОЙЛ,LKOH,12135,1185549197.1,2307.4,2202.3,2307.4,2264.0,2256.5,2264.0,525389,2256.5,2256.5,2256.5,1184395497.1,1184395497.1,1184395497.1,,3,SUR,2.64,
TQBR,2014-12-29,ЛУКОЙЛ,LKOH,24474,2684390453.1,2261.7,2236.1,2460.0,2298.9,2331.2,2298.9,1151529,2331.2,2331.2,2331.2,2683926804.6,2683926804.6,2683926804.6,,3,SUR,1.54,
TQBR,2014-12-30,ЛУКОЙЛ,LKOH,21575,1890028334.8,2285.5,2183.6,2296.1,2225.0,2217.5,2225.0,852338,2217.4,2217.4,2217.4,1889408964.3,1889408964.3,1889408964.3,,3,SUR,-3.21,
TQBR,2015-01-05,ЛУКОЙЛ,LKOH,13327,1297335327.2,2201.0,2200.9,2317.0,2295.0,2284.3,2295.0,567928,2284.4,2284.4,2284.4,1296628806.2,1296628806.2,1296628806.2,,3,SUR,3.15,
TQBR,2015-01-06,ЛУКОЙЛ,LKOH,16170,1887255125.5,2290.1,2281.5,2376.0,2345.0,2326.3,2345.0,811259,2326.3,2326.3,2326.3,1886755883.7,1886755883.7,1886755883.7,,3,SUR,2.18,
TQBR,2015-01-08,ЛУКОЙЛ,LKOH,29487,2760980047.1,2371.0,2361.0,2595.1,2572.0,2509.9,2572.0,1100028,2510.0,2510.0,2510.0,2760237924.1,2760237924.1,2760237924.1,,3,SUR,9.68,
TQBR,2015-01-09,ЛУКОЙЛ,LKOH,32246,3004726351.5,2565.0,2452.5,2579.0,2461.0,2495.5,2461.0,1204061,2495.5,2495.5,2495.5,3004079971.5,3004079971.5,3004079971.5,,3,SUR,-4.32,
TQBR,2015-01-12,ЛУКОЙЛ,LKOH,19441,2248148645.3,2460.1,2441.4,2519.0,2477.0,2472.3,2477.0,909352,2472.3,2472.3,2472.3,2247447516.8,2247447516.8,2247447516.8,,3,SUR,0.65,
TQBR,2015-01-13,ЛУКОЙЛ,LKOH,30558,3310918976.5,2515.0,2461.9,2553.0,2522.0,2514.4,2522.0,1316805,2514.4,2514.4,2514.4,3310793226.5,3310793226.5,3310793226.5,,3,SUR,1.82,
TQBR,2015-01-14,ЛУКОЙЛ,LKOH,17541,1943511374.4,2520.0,2502.2,2588.0,2588.0,2541.2,2588.0,764796,2541.2,2541.2,2541.2,1942500854.4,1942500854.4,1942500854.4,,3,SUR,2.62,
TQBR,2015-01-15,ЛУКОЙЛ,LKOH,29109,3370922995.5,2599.0,2573.0,2653.0,2618.9,2620.3,2618.9,1286474,2620.3,2620.3,2620.3,3367432538.5,3367432538.5,3367432538.5,,3,SUR,1.19,
TQBR,2015-01-16,ЛУКОЙЛ,LKOH,23433,2948357655.6,2614.0,2590.0,2748.5,2736.0,2689.7,2736.0,1096152,2689.7,2689.7,2689.7,2948072729.6,2948072729.6,2948072729.6,,3,SUR,4.47,
TQBR,2015-01-19,ЛУКОЙЛ,LKOH,40076,4642687452.0,2732.0,2631.6,2828.1,2640.0,2739.5,2640.0,1694747,2739.5,2739.5,2739.5,4642083680.0,4642083680.0,4642083680.0,,3,SUR,-3.51,
TQBR,2015-01-20,ЛУКОЙЛ,LKOH,26263,2800997095.9,2652.5,2596.2,2675.5,2628.7,2640.2,2628.7,1060901,2640.2,2640.2,2640.2,2800188083.4,2800188083.4,2800188083.4,,3,SUR,-0.43,
TQBR,2015-01-21,ЛУКОЙЛ,LKOH,22591,3027827802.3,2640.0,2615.7,2765.0,2752.0,2694.7,2752.0,1123626,2694.7,2694.7,2694.7,3027313002.3,3027313002.3,3027313002.3,,3,SUR,4.69,
TQBR,2015-01-22,ЛУКОЙЛ,LKOH,40232,5861174208.8,2760.0,2744.6,2937.9,2820.0,2850.6,2820.0,2056100,2850.6,2850.6,2850.6,5860848528.8,5860848528.8,5860848528.8,,3,SUR,2.47,
TQBR,2015-01-23,ЛУКОЙЛ,LKOH,30813,4708612264.4,2849.5,2835.5,2938.0,2849.0,2887.8,2849.0,1630521,2887.8,2887.8,2887.8,4707680477.9,4707680477.9,4707680477.9,,3,SUR,1.03,
TQBR,2015-01-26,ЛУКОЙЛ,LKOH,28902,3995313806.3,2820.0,2757.0,2869.0,2864.9,2810.6,2864.9,1421534,2810.6,2810.6,2810.6,3992961926.3,3992961926.3,3992961926.3,,3,SUR,0.56,
TQBR,2015-01-27,ЛУКОЙЛ,LKOH,24514,3381926533.3,2830.3,2830.3,2943.2,2925.1,2914.2,2925.1,1160516,2914.2,2914.2,2914.2,3379735881.1,3379735881.1,3379735881.1,,3,SUR,2.1,
TQBR,2015-01-28,ЛУКОЙЛ,LKOH,29905,3874400196.7,2939.1,2849.1,2998.5,2865.2,2936.6,2865.2,1319361,2936.6,2936.6,2936.6,3872472147.1,3872472147.1,3872472147.1,,3,SUR,-2.05,
TQBR,2015-01-29,ЛУКОЙЛ,LKOH,24394,3770021822.7,2853.1,2840.0,2914.9,2845.2,2883.6,2845.2,1307404,2883.6,2883.6,2883.6,3768452617.7,3768452617.7,3768452617.7,,3,SUR,-0.7,
TQBR,2015-01-30,ЛУКОЙЛ,LKOH,27694,3400496841.7,2864.0,2759.0,2885.0,2789.9,2819.5,2789.9,1206070,2819.5,2819.5,2819.5,3398681065.7,3398681065.7,3398681065.7,,3,SUR,-1.94,
TQBR,2015-02-02,ЛУКОЙЛ,LKOH,31387,4636195064.7,2809.5,2697.6,2819.9,2750.1,2764.5,2750.1,1677028,2764.5,2764.5,2764.5,4631815054.2,4631815054.2,4631815054.2,,3,SUR,-1.43,
TQBR,2015-02-03,ЛУКОЙЛ,LKOH,29874,3517874018.0,2761.4,2761.1,2903.9,2851.5,2832.6,2851.5,1241930,2832.6,2832.6,2832.6,3516805356.2,3516805356.2,3516805356.2,,3,SUR,3.69,
TQBR,2015-02-04,ЛУКОЙЛ,LKOH,29902,3634463111.6,2875.8,2840.7,2933.0,2910.0,2888.4,2910.0,1258315,2888.4,2888.4,2888.4,3633614750.6,3633614750.6,3633614750.6,,3,SUR,2.05,
TQBR,2015-02-05,ЛУКОЙЛ,LKOH,42054,6182546251.0,2900.0,2885.4,3030.0,2996.0,2964.1,2996.0,2085778,2964.2,2964.2,2964.2,6180582951.0,6180582951.0,6180582951.0,,3,SUR,2.96,
TQBR,2015-02-06,ЛУКОЙЛ,LKOH,43857,6696870576.6,3019.9,2988.0,3150.0,3120.1,3109.9,3120.1,2153379,3109.9,3109.9,3109.9,6696224318.0,6696224318.0,6696224318.0,,3,SUR,4.14,
TQBR,2015-02-09,ЛУКОЙЛ,LKOH,48690,8417156379.8,3118.1,3015.5,3297.7,3016.0,3138.3,3016.0,2682117,3138.3,3138.3,3138.3,8414749206.6,8414749206.6,8414749206.6,,3,SUR,-3.34,
TQBR,2015-02-10,ЛУКОЙЛ,LKOH,27197,3818663579.8,3004.0,2956.0,3058.0,3000.0,3009.4,3000.0,1268918,3009.4,3009.4,3009.4,3816368523.8,3816368523.8,3816368523.8,,3,SUR,-0.53,
TQBR,2015-02-11,ЛУКОЙЛ,LKOH,27618,4366710593.2,3040.0,3020.2,3123.9,3069.1,3073.7,3069.1,1420664,3073.7,3073.7,3073.7,4362785953.2,4362785953.2,4362785953.2,,3,SUR,2.3,
TQBR,2015-02-12,ЛУКОЙЛ,LKOH,44538,7297522500.1,3099.9,3023.0,3207.8,3120.0,3124.2,3120.0,2335825,3124.2,3124.2,3124.2,7295811355.3,7295811355.3,7295811355.3,,3,SUR,1.66,
TQBR,2015-02-13,ЛУКОЙЛ,LKOH,25890,3275587336.0,3162.5,3102.3,3199.0,3135.0,3141.1,3135.0,1042826,3141.1,3141.1,3141.1,3273892236.0,3273892236.0,3273892236.0,,3,SUR,0.48,
TQBR,2015-02-16,ЛУКОЙЛ,LKOH,21208,2759520212.2,3136.6,2995.2,3143.9,3020.0,3035.6,3020.0,909061,3035.6,3035.6,3035.6,2759203415.6,2759203415.6,2759203415.6,,3,SUR,-3.67,
TQBR,2015-02-17,ЛУКОЙЛ,LKOH,27318,3361890345.0,3030.0,2990.1,3094.5,3010.0,3037.2,3010.0,1106891,3037.3,3037.3,3037.3,3355324335.0,3355324335.0,3355324335.0,,3,SUR,-0.33,
TQBR,2015-02-18,ЛУКОЙЛ,LKOH,25576,3555583955.0,3043.5,2995.2,3071.2,3000.0,3027.7,3000.0,1174351,3027.7,3027.7,3027.7,3555227865.5,3555227865.5,3555227865.5,,3,SUR,-0.33,
TQBR,2015-02-19,ЛУКОЙЛ,LKOH,23457,3160882247.6,3000.0,2917.0,3024.5,2994.8,2961.5,2994.8,1067331,2961.5,2961.5,2961.5,3159487247.6,3159487247.6,3159487247.6,,3,SUR,-0.17,
TQBR,2015-02-20,ЛУКОЙЛ,LKOH,18261,2305559733.5,3013.0,2950.0,3019.0,2990.0,2978.7,2990.0,774018,2978.7,2978.7,2978.7,2303920661.5,2303920661.5,2303920661.5,,3,SUR,-0.16,
TQBR,2015-02-24,ЛУКОЙЛ,LKOH,16776,2094776816.5,2941.7,2931.4,3001.0,3001.0,2968.7,3001.0,705628,2968.7,2968.7,2968.7,2089525882.0,2089525882.0,2089525882.0,,3,SUR,0.37,
TQBR,2015-02-25,ЛУКОЙЛ,LKOH,27125,4394201888.0,3000.5,2907.0,3001.6,2933.4,2936.8,2933.4,1496232,2936.8,2936.8,2936.8,4393145712.0,4393145712.0,4393145712.0,,3,SUR,-2.25,
TQBR,2015-02-26,ЛУКОЙЛ,LKOH,21176,3025030704.9,2950.0,2895.2,2967.0,2935.0,2937.1,2935.0,1029949,2937.1,2937.1,2937.1,3023588154.9,3023588154.9,3023588154.9,,3,SUR,0.05,
TQBR,2015-02-27,ЛУКОЙЛ,LKOH,20725,3115508952.5,2918.9,2905.0,2995.5,2981.2,2964.9,2981.2,1050780,2965.0,2965.0,2965.0,3113728423.5,3113728423.5,3113728423.5,,3,SUR,1.57,
TQBR,2015-03-02,ЛУКОЙЛ,LKOH,20680,2815735745.7,2990.5,2976.0,3045.4,3027.2,3018.0,3027.2,932968,3018.0,3018.0,3018.0,2815583230.2,2815583230.2,2815583230.2,,3,SUR,1.54,
TQBR,2015-03-03,ЛУКОЙЛ,LKOH,24323,3524974388.1,3015.4,2988.0,3099.5,3009.5,3047.5,3009.5,1156669,3047.5,3047.5,3047.5,3524814571.9,3524814571.9,3524814571.9,,3,SUR,-0.58,
TQBR,2015-03-04,ЛУКОЙЛ,LKOH,21332,3131029952.2,3009.5,2937.0,3037.0,2955.0,2972.1,2955.0,1053466,2972.1,2972.1,2972.1,3129916437.2,3129916437.2,3129916437.2,,3,SUR,-1.81,
TQBR,2015-03-05,ЛУКОЙЛ,LKOH,25679,3345252170.5,2960.0,2902.0,2977.2,2915.0,2938.7,2915.0,1138327,2938.7,2938.7,2938.7,3342605930.5,3342605930.5,3342605930.5,,3,SUR,-1.35,
TQBR,2015-03-06,ЛУКОЙЛ,LKOH,22074,2870310482.6,2925.5,2800.0,2925.5,2800.0,2851.7,2800.0,1006521,2851.7,2851.7,2851.7,2869353844.1,2869353844.1,2869353844.1,,3,SUR,-3.95,
TQBR,2015-03-10,ЛУКОЙЛ,LKOH,30074,4287590036.3,2780.0,2687.1,2800.9,2699.0,2732.3,2699.0,1569223,2732.2,2732.2,2732.2,4277645976.3,4277645976.3,4277645976.3,,3,SUR,-3.61,
TQBR,2015-03-11,ЛУКОЙЛ,LKOH,28576,3512173612.7,2721.2,2699.0,2784.3,2726.9,2746.6,2726.9,1278719,2746.6,2746.6,2746.6,3510347687.5,3510347687.5,3510347687.5,,3,SUR,1.03,
TQBR,2015-03-12,ЛУКОЙЛ,LKOH,21387,2442858031.9,2739.5,2705.0,2765.0,2733.9,2737.3,2733.9,892449,2737.3,2737.3,2737.3,2441655391.4,2441655391.4,2441655391.4,,3,SUR,0.26,
TQBR,2015-03-13,ЛУКОЙЛ,LKOH,28274,3134717832.8,2734.0,2651.0,2754.0,2659.0,2691.7,2659.0,1164574,2691.7,2691.7,2691.7,3133870292.8,3133870292.8,3133870292.8,,3,SUR,-2.74,
TQBR,2015-03-16,ЛУКОЙЛ,LKOH,31536,4256063906.0,2653.5,2625.0,2696.7,2666.0,2664.1,2666.0,1597555,2664.1,2664.1,2664.1,4254676125.5,4254676125.5,4254676125.5,,3,SUR,0.26,
TQBR,2015-03-17,ЛУКОЙЛ,LKOH,20712,2958080843.1,2680.0,2667.0,2710.0,2689.0,2692.0,2689.0,1098842,2692.0,2692.0,2692.0,2957306323.1,2957306323.1,2957306323.1,,3,SUR,0.86,
TQBR,2015-03-18,ЛУКОЙЛ,LKOH,18530,2540272060.8,2694.2,2683.9,2742.9,2735.0,2721.7,2735.0,933337,2721.7,2721.7,2721.7,2539299454.6,2539299454.6,2539299454.6,,3,SUR,1.71,
TQBR,2015-03-19,ЛУКОЙЛ,LKOH,25693,3234945411.1,2760.0,2673.4,2773.9,2689.8,2720.7,2689.8,1189007,2720.7,2720.7,2720.7,3232425531.1,3232425531.1,3232425531.1,,3,SUR,-1.65,
TQBR,2015-03-20,ЛУКОЙЛ,LKOH,29211,4089198646.5,2688.4,2672.3,2766.4,2710.0,2730.8,2710.0,1497453,2730.8,2730.8,2730.8,4088798074.9,4088798074.9,4088798074.9,,3,SUR,0.75,
TQBR,2015-03-23,ЛУКОЙЛ,LKOH,19133,2454075782.2,2725.0,2667.3,2746.9,2679.9,2706.0,2679.9,906908,2706.0,2706.0,2706.0,2453132932.2,2453132932.2,2453132932.2,,3,SUR,-1.11,
TQBR,2015-03-24,ЛУКОЙЛ,LKOH,18940,2200686257.7,2689.3,2647.6,2715.2,2709.7,2687.3,2709.7,818921,2687.3,2687.3,2687.3,2200110747.5,2200110747.5,2200110747.5,,3,SUR,1.11,
TQBR,2015-03-25,ЛУКОЙЛ,LKOH,25947,3266515347.9,2833.8,2630.0,2833.8,2697.3,2674.1,2697.3,1221540,2673.9,2673.9,2673.9,3262264647.9,3262264647.9,3262264647.9,,3,SUR,-0.46,
TQBR,2015-03-26,ЛУКОЙЛ,LKOH,33173,4261736405.2,2716.5,2622.7,2753.0,2623.0,2685.0,2623.0,1587218,2685.0,2685.0,2685.0,4260120087.7,4260120087.7,4260120087.7,,3,SUR,-2.75,
TQBR,2015-03-27,ЛУКОЙЛ,LKOH,16877,1846201296.5,2629.5,2577.0,2655.0,2577.0,2611.7,2577.0,706896,2611.7,2611.7,2611.7,1845869979.5,1845869979.5,1845869979.5,,3,SUR,-1.75,
TQBR,2015-03-30,ЛУКОЙЛ,LKOH,17039,1520185207.8,2577.0,2577.0,2668.4,2657.0,2633.2,2657.0,577308,2633.3,2633.3,2633.3,1518430270.8,1518430270.8,1518430270.8,,3,SUR,3.1,
TQBR,2015-03-31,ЛУКОЙЛ,LKOH,19641,2215556038.0,2657.0,2645.1,2705.0,2705.0,2674.5,2705.0,828403,2674.5,2674.5,2674.5,2214424156.0,2214424156.0,2214424156.0,,3,SUR,1.81,
TQBR,2015-04-01,ЛУКОЙЛ,LKOH,21361,3098937298.6,2690.1,2675.2,2759.5,2755.0,2726.8,2755.0,1136471,2726.8,2726.8,2726.8,3098353546.9,3098353546.9,3098353546.9,,3,SUR,1.85,
TQBR,2015-04-02,ЛУКОЙЛ,LKOH,20404,2477112416.2,2755.0,2723.8,2790.1,2780.5,2754.8,2780.5,899208,2754.8,2754.8,2754.8,2476487031.2,2476487031.2,2476487031.2,,3,SUR,0.93,
TQBR,2015-04-03,ЛУКОЙЛ,LKOH,12407,1252612442.4,2782.3,2772.7,2831.1,2824.8,2802.5,2824.8,446970,2802.5,2802.5,2802.5,1251455005.6,1251455005.6,1251455005.6,,3,SUR,1.59,
TQBR,2015-04-06,ЛУКОЙЛ,LKOH,16505,1788370781.1,2816.2,2791.0,2850.1,2823.3,2822.2,2823.3,633687,2822.2,2822.2,2822.2,1788080712.5,1788080712.5,1788080712.5,,3,SUR,-0.05,
TQBR,2015-04-07,ЛУКОЙЛ,LKOH,28026,3807893838.5,2819.5,2760.0,2826.9,2790.0,2781.4,2790.0,1369080,2781.3,2781.3,2781.3,3807372231.0,3807372231.0,3807372231.0,,3,SUR,-1.18,
TQBR,2015-04-08,ЛУКОЙЛ,LKOH,18522,2233744044.8,2780.0,2727.0,2780.0,2755.0,2746.4,2755.0,813328,2746.4,2746.4,2746.4,2233354844.8,2233354844.8,2233354844.8,,3,SUR,-1.25,
TQBR,2015-04-09,ЛУКОЙЛ,LKOH,25015,3758428284.0,2744.2,2660.5,2744.9,2707.8,2687.8,2707.8,1398314,2687.8,2687.8,2687.8,3758293818.2,3758293818.2,3758293818.2,,3,SUR,-1.71,
TQBR,2015-04-10,ЛУКОЙЛ,LKOH,29767,3878381423.8,2706.0,2600.0,2706.9,2634.9,2646.4,2634.9,1465527,2646.4,2646.4,2646.4,3877166429.8,3877166429.8,3877166429.8,,3,SUR,-2.69,
TQBR,2015-04-13,ЛУКОЙЛ,LKOH,27564,3297820608.3,2655.0,2612.0,2683.0,2617.0,2653.3,2617.0,1242925,2653.3,2653.3,2653.3,3294966483.3,3294966483.3,3294966483.3,,3,SUR,-0.68,
TQBR,2015-04-14,ЛУКОЙЛ,LKOH,27488,3383485206.7,2622.6,2546.0,2639.8,2559.0,2588.1,2559.0,1307341,2588.0,2588.0,2588.0,3381457936.9,3381457936.9,3381457936.9,,3,SUR,-2.22,
TQBR,2015-04-15,ЛУКОЙЛ,LKOH,24329,2803385163.2,2559.0,2532.1,2600.0,2595.0,2568.8,2595.0,1091308,2568.8,2568.8,2568.8,2802451128.2,2802451128.2,2802451128.2,,3,SUR,1.41,
TQBR,2015-04-16,ЛУКОЙЛ,LKOH,27621,3528137936.8,2599.5,2541.1,2609.0,2580.0,2565.3,2580.0,1375315,2565.3,2565.3,2565.3,3523435441.3,3523435441.3,3523435441.3,,3,SUR,-0.58,
TQBR,2015-04-17,ЛУКОЙЛ,LKOH,32869,3928685494.7,2580.0,2562.0,2616.6,2576.0,2590.1,2576.0,1516805,2590.1,2590.1,2590.1,3926879494.7,3926879494.7,3926879494.7,,3,SUR,-0.16,
TQBR,2015-04-20,ЛУКОЙЛ,LKOH,28804,3673551082.3,2593.3,2563.7,2697.0,2670.0,2641.0,2670.0,1390956,2641.0,2641.0,2641.0,3672687513.4,3672687513.4,3672687513.4,,3,SUR,3.65,
TQBR,2015-04-21,ЛУКОЙЛ,LKOH,27684,2872902551.5,2675.0,2675.0,2738.0,2728.2,2716.4,2728.2,1057609,2716.4,2716.4,2716.4,2871433976.5,2871433976.5,2871433976.5,,3,SUR,2.18,
TQBR,2015-04-22,ЛУКОЙЛ,LKOH,27478,3116977500.7,2729.1,2625.6,2745.0,2639.5,2679.8,2639.5,1163130,2679.8,2679.8,2679.8,3116658196.0,3116658196.0,3116658196.0,,3,SUR,-3.25,
TQBR,2015-04-23,ЛУКОЙЛ,LKOH,34536,3966505563.3,2637.5,2570.0,2644.0,2592.0,2595.7,2592.0,1528100,2595.7,2595.7,2595.7,3965645738.3,3965645738.3,3965645738.3,,3,SUR,-1.8,
TQBR,2015-04-24,ЛУКОЙЛ,LKOH,47036,3164001068.7,2598.6,2576.0,2675.0,2645.0,2638.3,2645.0,1199252,2638.3,2638.3,2638.3,3163751603.1,3163751603.1,3163751603.1,,3,SUR,2.04,
TQBR,2015-04-27,ЛУКОЙЛ,LKOH,20168,2343415830.1,2640.0,2633.1,2700.0,2662.0,2676.9,2662.0,875427,2676.9,2676.9,2676.9,2340657030.1,2340657030.1,2340657030.1,,3,SUR,0.64,
TQBR,2015-04-28,ЛУКОЙЛ,LKOH,26916,2790856933.0,2658.5,2635.5,2688.1,2644.9,2658.5,2644.9,1049784,2658.5,2658.5,2658.5,2790676155.0,2790676155.0,2790676155.0,,3,SUR,-0.64,
TQBR,2015-04-29,ЛУКОЙЛ,LKOH,26546,2519607116.2,2644.9,2605.5,2683.4,2610.0,2646.1,2610.0,952186,2646.1,2646.1,2646.1,2518879768.7,2518879768.7,2518879768.7,,3,SUR,-1.32,
TQBR,2015-04-30,ЛУКОЙЛ,LKOH,19339,2133470032.8,2611.0,2601.0,2658.0,2645.6,2633.3,2645.6,810185,2633.4,2633.4,2633.4,2128950391.8,2128950391.8,2128950391.8,,3,SUR,1.36,
TQBR,2015-05-05,ЛУКОЙЛ,LKOH,28328,3731107581.4,2657.0,2645.8,2699.6,2655.0,2673.6,2655.0,1395540,2673.6,2673.6,2673.6,3730546954.4,3730546954.4,3730546954.4,,3,SUR,0.36,
TQBR,2015-05-06,ЛУКОЙЛ,LKOH,19152,2103094508.4,2647.0,2611.6,2667.0,2660.0,2639.7,2660.0,796720,2639.7,2639.7,2639.7,2097279049.4,2097279049.4,2097279049.4,,3,SUR,0.19,
TQBR,2015-05-07,ЛУКОЙЛ,LKOH,23531,2521731438.2,2649.9,2621.1,2674.7,2650.5,2651.3,2650.5,951128,2651.3,2651.3,2651.3,2519566469.9,2519566469.9,2519566469.9,,3,SUR,-0.36,
TQBR,2015-05-08,ЛУКОЙЛ,LKOH,13930,1782181689.4,2655.0,2637.1,2698.0,2691.6,2671.4,2691.6,667130,2671.4,2671.4,2671.4,1780832949.4,1780832949.4,1780832949.4,,3,SUR,1.55,
TQBR,2015-05-12,ЛУКОЙЛ,LKOH,19012,2313990033.5,2691.6,2665.0,2712.0,2698.6,2690.9,2698.6,859923,2690.9,2690.9,2690.9,2313825845.9,2313825845.9,2313825845.9,,3,SUR,0.26,
TQBR,2015-05-13,ЛУКОЙЛ,LKOH,26102,3339443036.8,2699.6,2611.7,2708.0,2620.0,2642.4,2620.0,1263777,2642.4,2642.4,2642.4,3338506275.6,3338506275.6,3338506275.6,,3,SUR,-2.91,
TQBR,2015-05-14,ЛУКОЙЛ,LKOH,16873,1836480790.8,2635.9,2605.6,2652.3,2610.1,2623.9,2610.1,699893,2623.9,2623.9,2623.9,1831999760.8,1831999760.8,1831999760.8,,3,SUR,-0.38,
TQBR,2015-05-15,ЛУКОЙЛ,LKOH,16148,1762800405.5,2624.0,2563.7,2627.6,2595.0,2594.0,2595.0,679576,2594.0,2594.0,2594.0,1762493397.5,1762493397.5,1762493397.5,,3,SUR,-0.58,
TQBR,2015-05-18,ЛУКОЙЛ,LKOH,15078,1725490925.3,2594.0,2550.0,2598.0,2550.0,2568.3,2550.0,671831,2568.3,2568.3,2568.3,1724562273.3,1724562273.3,1724562273.3,,3,SUR,-1.73,
TQBR,2015-05-19,ЛУКОЙЛ,LKOH,19207,2322390244.2,2554.0,2503.3,2559.0,2530.0,2524.2,2530.0,920057,2524.2,2524.2,2524.2,2320883384.2,2320883384.2,2320883384.2,,3,SUR,-0.78,
TQBR,2015-05-20,ЛУКОЙЛ,LKOH,19993,2237259740.5,2526.7,2473.1,2540.7,2481.1,2493.5,2481.1,897223,2493.5,2493.5,2493.5,2237151092.4,2237151092.4,2237151092.4,,3,SUR,-1.93,
TQBR,2015-05-21,ЛУКОЙЛ,LKOH,25116,2302889927.2,2485.4,2471.1,2527.0,2523.0,2497.9,2523.0,921942,2497.9,2497.9,2497.9,2302850160.8,2302850160.8,2302850160.8,,3,SUR,1.69,
TQBR,2015-05-22,ЛУКОЙЛ,LKOH,15939,1612470869.6,2520.0,2507.1,2543.0,2537.0,2530.9,2537.0,637123,2530.9,2530.9,2530.9,1611866069.6,1611866069.6,1611866069.6,,3,SUR,0.55,
TQBR,2015-05-25,ЛУКОЙЛ,LKOH,13614,1144678798.1,2537.4,2480.4,2537.8,2502.2,2499.8,2502.2,457917,2499.8,2499.8,2499.8,1144653424.1,1144653424.1,1144653424.1,,3,SUR,-1.37,
TQBR,2015-05-26,ЛУКОЙЛ,LKOH,15978,1524595155.2,2505.5,2496.4,2527.0,2508.0,2511.4,2508.0,607078,2511.4,2511.4,2511.4,1524580122.2,1524580122.2,1524580122.2,,3,SUR,0.23,
TQBR,2015-05-27,ЛУКОЙЛ,LKOH,23592,2783280029.9,2510.8,2462.0,2550.0,2541.8,2511.4,2541.8,1108269,2511.4,2511.4,2511.4,2783222281.5,2783222281.5,2783222281.5,,3,SUR,1.35,
TQBR,2015-05-28,ЛУКОЙЛ,LKOH,22225,2579275711.6,2539.0,2523.1,2593.5,2563.8,2567.6,2563.8,1004535,2567.6,2567.6,2567.6,2578732365.6,2578732365.6,2578732365.6,,3,SUR,0.87,
TQBR,2015-05-29,ЛУКОЙЛ,LKOH,28309,4146495352.2,2571.0,2461.3,2596.0,2461.3,2547.0,2461.3,1627997,2547.0,2547.0,2547.0,4146230539.2,4146230539.2,4146230539.2,,3,SUR,-4.0,
TQBR,2015-06-01,ЛУКОЙЛ,LKOH,27974,2536121177.3,2485.0,2446.5,2515.0,2447.5,2487.2,2447.5,1019662,2487.2,2487.2,2487.2,2536121177.3,2536121177.3,2536121177.3,,3,SUR,-0.56,
TQBR,2015-06-02,ЛУКОЙЛ,LKOH,21233,2799203067.9,2453.0,2440.1,2522.9,2515.0,2483.1,2515.0,1127312,2483.1,2483.1,2483.1,2799203067.9,2799203067.9,2799203067.9,,3,SUR,2.76,
TQBR,2015-06-03,ЛУКОЙЛ,LKOH,26624,2806043472.7,2515.1,2426.7,2521.9,2480.3,2476.2,2480.3,1133223,2476.2,2476.2,2476.2,2806043472.7,2806043472.7,2806043472.7,,3,SUR,-1.38,
TQBR,2015-06-04,ЛУКОЙЛ,LKOH,35787,3053893375.4,2486.0,2471.4,2534.0,2525.0,2508.1,2525.0,1217597,2508.1,2508.1,2508.1,3053893375.4,3053893375.4,3053893375.4,,3,SUR,1.8,
TQBR,2015-06-05,ЛУКОЙЛ,LKOH,21378,2234763972.9,2525.0,2517.2,2577.3,2570.0,2547.6,2570.0,877209,2547.6,2547.6,2547.6,2234763972.9,2234763972.9,2234763972.9,,3,SUR,1.78,
TQBR,2015-06-08,ЛУКОЙЛ,LKOH,21800,2213722550.8,2575.0,2546.8,2597.6,2551.9,2571.1,2551.9,860993,2571.1,2571.1,2571.1,2213722550.8,2213722550.8,2213722550.8,,3,SUR,-0.7,
TQBR,2015-06-09,ЛУКОЙЛ,LKOH,20753,2336366126.4,2560.5,2535.5,2617.0,2606.0,2582.3,2606.0,904776,2582.3,2582.3,2582.3,2336366126.4,2336366126.4,2336366126.4,,3,SUR,2.12,
TQBR,2015-06-10,ЛУКОЙЛ,LKOH,21370,2799462173.9,2611.0,2538.0,2612.9,2551.3,2568.5,2551.3,1089907,2568.5,2568.5,2568.5,2799462173.9,2799462173.9,2799462173.9,,3,SUR,-2.1,
TQBR,2015-06-11,ЛУКОЙЛ,LKOH,24482,2751246354.1,2564.9,2491.3,2565.0,2506.9,2517.2,2506.9,1092966,2517.2,2517.2,2517.2,2751246354.1,2751246354.1,2751246354.1,,3,SUR,-1.74,
TQBR,2015-06-15,ЛУКОЙЛ,LKOH,34297,3755694196.0,2498.0,2427.5,2498.0,2481.7,2455.3,2481.7,1529652,2455.3,2455.3,2455.3,3755694196.0,3755694196.0,3755694196.0,,3,SUR,-1.01,
TQBR,2015-06-16,ЛУКОЙЛ,LKOH,15881,2175194054.6,2484.8,2452.1,2511.8,2500.3,2483.9,2500.3,875719,2483.9,2483.9,2483.9,2175194054.6,2175194054.6,2175194054.6,,3,SUR,0.75,
TQBR,2015-06-17,ЛУКОЙЛ,LKOH,19534,1879546673.5,2500.6,2471.0,2513.9,2475.0,2493.6,2475.0,753748,2493.6,2493.6,2493.6,1879546673.5,1879546673.5,1879546673.5,,3,SUR,-1.01,
TQBR,2015-06-18,ЛУКОЙЛ,LKOH,14357,1626370416.6,2480.0,2458.1,2492.7,2476.0,2472.7,2476.0,657723,2472.7,2472.7,2472.7,1626370416.6,1626370416.6,1626370416.6,,3,SUR,0.04,
TQBR,2015-06-19,ЛУКОЙЛ,LKOH,12638,1781458015.0,2474.0,2467.1,2495.5,2474.4,2483.3,2474.4,717369,2483.3,2483.3,2483.3,1781458015.0,1781458015.0,1781458015.0,,3,SUR,-0.06,
TQBR,2015-06-22,ЛУКОЙЛ,LKOH,11426,1448567570.9,2485.0,2481.7,2512.3,2487.0,2497.3,2487.0,580051,2497.3,2497.3,2497.3,1448567570.9,1448567570.9,1448567570.9,,3,SUR,0.51,
TQBR,2015-06-23,ЛУКОЙЛ,LKOH,12071,1399418888.2,2491.0,2465.0,2497.1,2469.0,2480.0,2469.0,564290,2480.0,2480.0,2480.0,1399418888.2,1399418888.2,1399418888.2,,3,SUR,-0.72,
TQBR,2015-06-24,ЛУКОЙЛ,LKOH,20169,2040770854.7,2477.0,2426.9,2482.4,2445.0,2447.1,2445.0,833965,2447.1,2447.1,2447.1,2040770854.7,2040770854.7,2040770854.7,,3,SUR,-0.97,
TQBR,2015-06-25,ЛУКОЙЛ,LKOH,14340,1560836544.9,2437.0,2406.0,2454.6,2406.0,2427.4,2406.0,643011,2427.4,2427.4,2427.4,1560836544.9,1560836544.9,1560836544.9,,3,SUR,-1.6,
TQBR,2015-06-26,ЛУКОЙЛ,LKOH,12099,1843668515.6,2408.0,2391.8,2417.0,2401.7,2403.6,2401.7,767043,2403.6,2403.6,2403.6,1843668515.6,1843668515.6,1843668515.6,,3,SUR,-0.18,
TQBR,2015-06-29,ЛУКОЙЛ,LKOH,11599,1453515528.9,2365.0,2361.2,2432.0,2408.0,2408.7,2408.0,603439,2408.7,2408.7,2408.7,1453515528.9,1453515528.9,1453515528.9,,3,SUR,0.26,
TQBR,2015-06-30,ЛУКОЙЛ,LKOH,19791,3002505637.5,2413.0,2401.8,2473.0,2469.9,2448.8,2469.9,1226106,2448.8,2448.8,2448.8,3002505637.5,3002505637.5,3002505637.5,,3,SUR,2.57,
TQBR,2015-07-01,ЛУКОЙЛ,LKOH,13753,1686612323.7,2469.9,2425.0,2485.7,2429.2,2456.4,2429.2,686606,2456.4,2456.4,2456.4,1686612323.7,1686612323.7,1686612323.7,,3,SUR,-1.65,
TQBR,2015-07-02,ЛУКОЙЛ,LKOH,9814,1057549674.2,2431.0,2428.4,2465.2,2455.0,2446.3,2455.0,432312,2446.3,2446.3,2446.3,1057549674.2,1057549674.2,1057549674.2,,3,SUR,1.06,
TQBR,2015-07-03,ЛУКОЙЛ,LKOH,8286,1015557142.4,2458.4,2418.3,2461.5,2425.3,2433.7,2425.3,417292,2433.7,2433.7,2433.7,1015557142.4,1015557142.4,1015557142.4,,3,SUR,-1.21,
TQBR,2015-07-06,ЛУКОЙЛ,LKOH,9773,1385223848.2,2409.0,2400.1,2462.0,2460.0,2434.5,2460.0,569008,2434.5,2434.5,2434.5,1385223848.2,1385223848.2,1385223848.2,,3,SUR,1.43,
TQBR,2015-07-07,ЛУКОЙЛ,LKOH,13491,2590932203.1,2460.0,2446.0,2481.4,2465.0,2463.3,2465.0,1051834,2463.3,2463.3,2463.3,2590932203.1,2590932203.1,2590932203.1,,3,SUR,0.2,
TQBR,2015-07-08,ЛУКОЙЛ,LKOH,15004,2035562040.7,2465.0,2431.6,2479.8,2470.0,2453.2,2470.0,829767,2453.2,2453.2,2453.2,2035562040.7,2035562040.7,2035562040.7,,3,SUR,0.2,
TQBR,2015-07-09,ЛУКОЙЛ,LKOH,16600,2544506523.4,2475.0,2456.5,2488.8,2484.6,2471.3,2484.6,1029639,2471.3,2471.3,2471.3,2544506523.4,2544506523.4,2544506523.4,,3,SUR,0.59,
TQBR,2015-07-10,ЛУКОЙЛ,LKOH,17617,2326313337.8,2483.1,2460.0,2486.8,2465.0,2472.5,2465.0,940885,2472.5,2472.5,2472.5,2326313337.8,2326313337.8,2326313337.8,,3,SUR,-0.79,
TQBR,2015-07-13,ЛУКОЙЛ,LKOH,23752,2318496678.1,2397.0,2374.1,2436.7,2435.6,2403.6,2435.6,964596,2403.6,2403.6,2403.6,2318496678.1,2318496678.1,2318496678.1,,3,SUR,-1.19,
TQBR,2015-07-14,ЛУКОЙЛ,LKOH,27252,2516655640.1,2425.3,2390.0,2439.0,2421.9,2408.6,2421.9,1044877,2408.6,2408.6,2408.6,2516655640.1,2516655640.1,2516655640.1,,3,SUR,-0.56,
TQBR,2015-07-15,ЛУКОЙЛ,LKOH,20997,2372589056.2,2424.5,2409.4,2460.0,2460.0,2438.6,2460.0,972932,2438.6,2438.6,2438.6,2372589056.2,2372589056.2,2372589056.2,,3,SUR,1.57,
TQBR,2015-07-16,ЛУКОЙЛ,LKOH,13772,1339500755.9,2457.9,2436.1,2467.7,2461.6,2452.9,2461.6,546084,2452.9,2452.9,2452.9,1339500755.9,1339500755.9,1339500755.9,,3,SUR,0.07,
TQBR,2015-07-17,ЛУКОЙЛ,LKOH,14257,1856295026.9,2455.0,2450.0,2483.0,2465.4,2467.5,2465.4,752303,2467.5,2467.5,2467.5,1856295026.9,1856295026.9,1856295026.9,,3,SUR,0.15,
TQBR,2015-07-20,ЛУКОЙЛ,LKOH,12092,1435410486.9,2459.2,2410.0,2467.1,2428.2,2440.4,2428.2,588193,2440.4,2440.4,2440.4,1435410486.9,1435410486.9,1435410486.9,,3,SUR,-1.51,
TQBR,2015-07-21,ЛУКОЙЛ,LKOH,14324,1813743893.4,2415.2,2401.1,2447.0,2442.0,2425.4,2442.0,747806,2425.4,2425.4,2425.4,1813743893.4,1813743893.4,1813743893.4,,3,SUR,0.57,
TQBR,2015-07-22,ЛУКОЙЛ,LKOH,15011,2219506970.9,2432.1,2424.1,2465.0,2465.0,2442.9,2465.0,908548,2442.9,2442.9,2442.9,2219506970.9,2219506970.9,2219506970.9,,3,SUR,0.94,
TQBR,2015-07-23,ЛУКОЙЛ,LKOH,12378,1487599166.9,2454.9,2436.4,2473.0,2462.5,2459.3,2462.5,604880,2459.3,2459.3,2459.3,1487599166.9,1487599166.9,1487599166.9,,3,SUR,-0.1,
TQBR,2015-07-24,ЛУКОЙЛ,LKOH,16107,1965879203.4,2462.0,2442.5,2493.0,2468.9,2469.5,2468.9,796053,2469.5,2469.5,2469.5,1965879203.4,1965879203.4,1965879203.4,,3,SUR,0.26,
TQBR,2015-07-27,ЛУКОЙЛ,LKOH,24961,2953625775.3,2472.1,2385.0,2472.1,2398.9,2419.6,2398.9,1220718,2419.6,2419.6,2419.6,2953625775.3,2953625775.3,2953625775.3,,3,SUR,-2.84,
TQBR,2015-07-28,ЛУКОЙЛ,LKOH,20006,3089745811.5,2400.9,2395.1,2458.2,2433.4,2433.2,2433.4,1269812,2433.2,2433.2,2433.2,3089745811.5,3089745811.5,3089745811.5,,3,SUR,1.44,
TQBR,2015-07-29,ЛУКОЙЛ,LKOH,17390,2046407088.3,2439.0,2407.0,2460.0,2430.9,2434.0,2430.9,840755,2434.0,2434.0,2434.0,2046407088.3,2046407088.3,2046407088.3,,3,SUR,-0.1,
TQBR,2015-07-30,ЛУКОЙЛ,LKOH,15629,1579500734.2,2433.0,2416.1,2458.4,2441.0,2439.7,2441.0,647407,2439.7,2439.7,2439.7,1579500734.2,1579500734.2,1579500734.2,,3,SUR,0.42,
TQBR,2015-07-31,ЛУКОЙЛ,LKOH,23825,3221825840.8,2439.7,2429.4,2537.6,2537.6,2485.7,2537.6,1296128,2485.7,2485.7,2485.7,3221825840.8,3221825840.8,3221825840.8,,3,SUR,3.96,
TQBR,2015-08-03,ЛУКОЙЛ,LKOH,20006,2869683720.9,2527.0,2491.0,2564.8,2509.1,2520.0,2509.1,1138985,2519.5,2519.5,2519.5,2869683720.9,2869683720.9,2869683720.9,,3,SUR,-1.12,
TQBR,2015-08-04,ЛУКОЙЛ,LKOH,19258,3013132237.9,2510.0,2478.0,2526.0,2507.4,2502.2,2507.4,1204286,2502.0,2502.0,2502.0,3013132237.9,3013132237.9,3013132237.9,,3,SUR,-0.07,
TQBR,2015-08-05,ЛУКОЙЛ,LKOH,18094,2530428751.1,2514.0,2487.9,2546.5,2529.0,2521.7,2529.0,1003339,2522.0,2522.0,2522.0,2530428751.1,2530428751.1,2530428751.1,,3,SUR,0.86,
TQBR,2015-08-06,ЛУКОЙЛ,LKOH,24166,2816695575.0,2524.9,2474.0,2539.0,2491.6,2505.1,2491.6,1124821,2504.1,2504.1,2504.1,2816695575.0,2816695575.0,2816695575.0,,3,SUR,-1.48,
TQBR,2015-08-07,ЛУКОЙЛ,LKOH,13870,1806092138.9,2492.1,2481.0,2525.7,2520.0,2510.6,2520.0,719432,2510.4,2510.4,2510.4,1806092138.9,1806092138.9,1806092138.9,,3,SUR,1.14,
TQBR,2015-08-10,ЛУКОЙЛ,LKOH,14414,2037214893.5,2520.5,2490.0,2531.4,2531.0,2514.8,2531.0,810124,2514.7,2514.7,2514.7,2037214893.5,2037214893.5,2037214893.5,,3,SUR,0.44,
TQBR,2015-08-11,ЛУКОЙЛ,LKOH,16319,2517811574.6,2533.0,2503.9,2569.0,2519.7,2541.8,2519.7,990668,2541.5,2541.5,2541.5,2517811574.6,2517811574.6,2517811574.6,,3,SUR,-0.45,
TQBR,2015-08-12,ЛУКОЙЛ,LKOH,13857,2371316129.8,2509.8,2470.0,2544.0,2539.5,2515.4,2539.5,942675,2515.5,2515.5,2515.5,2371316129.8,2371316129.8,2371316129.8,,3,SUR,0.79,
TQBR,2015-08-13,ЛУКОЙЛ,LKOH,17438,2891403599.6,2541.0,2520.0,2570.0,2548.2,2543.6,2548.2,1136489,2544.2,2544.2,2544.2,2891403599.6,2891403599.6,2891403599.6,,3,SUR,0.34,
TQBR,2015-08-14,ЛУКОЙЛ,LKOH,19371,2991760272.2,2546.9,2536.0,2584.3,2561.1,2566.0,2561.1,1165619,2566.7,2566.7,2566.7,2991760272.2,2991760272.2,2991760272.2,,3,SUR,0.51,
TQBR,2015-08-17,ЛУКОЙЛ,LKOH,13684,2091053488.0,2562.9,2526.1,2564.0,2554.9,2546.6,2554.9,820828,2547.5,2547.5,2547.5,2091053488.0,2091053488.0,2091053488.0,,3,SUR,-0.24,
TQBR,2015-08-18,ЛУКОЙЛ,LKOH,17193,2273206023.3,2545.0,2488.4,2546.0,2491.0,2510.8,2491.0,905200,2511.3,2511.3,2511.3,2273206023.3,2273206023.3,2273206023.3,,3,SUR,-2.5,
TQBR,2015-08-19,ЛУКОЙЛ,LKOH,21426,2956978781.9,2493.8,2451.5,2500.0,2468.5,2480.8,2468.5,1192388,2479.9,2479.9,2479.9,2956978781.9,2956978781.9,2956978781.9,,3,SUR,-0.9,
TQBR,2015-08-20,ЛУКОЙЛ,LKOH,20645,2898417373.9,2470.1,2446.7,2490.0,2487.1,2473.1,2487.1,1171990,2473.1,2473.1,2473.1,2898417373.9,2898417373.9,2898417373.9,,3,SUR,0.75,
TQBR,2015-08-21,ЛУКОЙЛ,LKOH,20619,2487852533.2,2465.3,2411.0,2475.4,2412.0,2445.3,2412.0,1017674,2444.6,2444.6,2444.6,2487852533.2,2487852533.2,2487852533.2,,3,SUR,-3.02,
TQBR,2015-08-24,ЛУКОЙЛ,LKOH,37863,5353526430.2,2380.0,2288.7,2425.6,2347.0,2369.4,2347.0,2259415,2369.4,2369.4,2369.4,5353526430.2,5353526430.2,5353526430.2,,3,SUR,-2.69,
TQBR,2015-08-25,ЛУКОЙЛ,LKOH,22941,3232856534.3,2355.0,2350.2,2405.5,2381.0,2377.7,2381.0,1359877,2377.3,2377.3,2377.3,3232856534.3,3232856534.3,3232856534.3,,3,SUR,1.45,
TQBR,2015-08-26,ЛУКОЙЛ,LKOH,18989,2990481484.8,2379.9,2332.5,2379.9,2355.0,2354.5,2355.0,1269988,2354.7,2354.7,2354.7,2990481484.8,2990481484.8,2990481484.8,,3,SUR,-1.09,
TQBR,2015-08-27,ЛУКОЙЛ,LKOH,22590,3350979685.4,2375.0,2365.0,2424.0,2424.0,2398.2,2424.0,1397267,2398.2,2398.2,2398.2,3350979685.4,3350979685.4,3350979685.4,,3,SUR,2.93,
TQBR,2015-08-28,ЛУКОЙЛ,LKOH,37894,5484045086.6,2438.0,2409.1,2520.0,2520.0,2466.1,2520.0,2225420,2464.3,2464.3,2464.3,5484045086.6,5484045086.6,5484045086.6,,3,SUR,3.96,
TQBR,2015-08-31,ЛУКОЙЛ,LKOH,18831,2609305185.1,2505.3,2483.4,2545.0,2531.0,2511.0,2531.0,1038504,2512.6,2512.6,2512.6,2609305185.1,2609305185.1,2609305185.1,,3,SUR,0.44,
TQBR,2015-09-01,ЛУКОЙЛ,LKOH,25886,3600932834.0,2535.4,2436.0,2537.9,2455.0,2473.9,2455.0,1455375,2474.2,2474.2,2474.2,3600932834.0,3600932834.0,3600932834.0,,3,SUR,-3.0,
TQBR,2015-09-02,ЛУКОЙЛ,LKOH,22385,2736608781.8,2439.0,2425.2,2469.9,2440.0,2449.7,2440.0,1117125,2449.7,2449.7,2449.7,2736608781.8,2736608781.8,2736608781.8,,3,SUR,-0.61,
TQBR,2015-09-03,ЛУКОЙЛ,LKOH,19825,2704924303.6,2454.0,2450.2,2506.4,2503.0,2474.7,2503.0,1093005,2474.8,2474.8,2474.8,2704924303.6,2704924303.6,2704924303.6,,3,SUR,2.58,
TQBR,2015-09-04,ЛУКОЙЛ,LKOH,15706,2078798621.2,2493.9,2448.2,2498.4,2458.0,2470.1,2458.0,841609,2470.0,2470.0,2470.0,2078798621.2,2078798621.2,2078798621.2,,3,SUR,-1.8,
TQBR,2015-09-07,ЛУКОЙЛ,LKOH,8248,1016770145.0,2458.0,2441.0,2472.9,2446.7,2455.8,2446.7,414028,2455.8,2455.8,2455.8,1016770145.0,1016770145.0,1016770145.0,,3,SUR,-0.46,
TQBR,2015-09-08,ЛУКОЙЛ,LKOH,15037,1926654579.2,2455.9,2455.9,2499.0,2462.1,2478.0,2462.1,777502,2478.0,2478.0,2478.0,1926654579.2,1926654579.2,1926654579.2,,3,SUR,0.63,
TQBR,2015-09-09,ЛУКОЙЛ,LKOH,14777,2214142182.4,2475.0,2471.0,2513.7,2501.2,2500.1,2501.2,885589,2500.2,2500.2,2500.2,2214142182.4,2214142182.4,2214142182.4,,3,SUR,1.59,
TQBR,2015-09-10,ЛУКОЙЛ,LKOH,14137,2153996096.1,2489.0,2477.7,2514.7,2489.0,2496.1,2489.0,862966,2496.0,2496.0,2496.0,2153996096.1,2153996096.1,2153996096.1,,3,SUR,-0.49,
TQBR,2015-09-11,ЛУКОЙЛ,LKOH,9609,1327957285.0,2500.0,2475.0,2503.0,2487.6,2489.0,2487.6,533508,2489.1,2489.1,2489.1,1327957285.0,1327957285.0,1327957285.0,,3,SUR,-0.06,
TQBR,2015-09-14,ЛУКОЙЛ,LKOH,14954,2270117422.6,2492.7,2484.6,2542.5,2524.5,2523.6,2524.5,899746,2523.1,2523.1,2523.1,2270117422.6,2270117422.6,2270117422.6,,3,SUR,1.48,
TQBR,2015-09-15,ЛУКОЙЛ,LKOH,16012,2427110185.4,2524.6,2464.0,2528.7,2478.1,2486.2,2478.1,976141,2486.4,2486.4,2486.4,2427110185.4,2427110185.4,2427110185.4,,3,SUR,-1.84,
TQBR,2015-09-16,ЛУКОЙЛ,LKOH,13832,1972765851.1,2485.1,2462.9,2495.8,2475.0,2482.0,2475.0,794854,2481.9,2481.9,2481.9,1972765851.1,1972765851.1,1972765851.1,,3,SUR,-0.13,
TQBR,2015-09-17,ЛУКОЙЛ,LKOH,16834,2064566927.4,2481.5,2425.0,2481.5,2439.0,2446.2,2439.0,844088,2445.9,2445.9,2445.9,2064566927.4,2064566927.4,2064566927.4,,3,SUR,-1.45,
TQBR,2015-09-18,ЛУКОЙЛ,LKOH,22461,3151227512.0,2443.0,2393.5,2450.7,2403.8,2421.7,2403.8,1301250,2421.7,2421.7,2421.7,3151227512.0,3151227512.0,3151227512.0,,3,SUR,-1.44,
TQBR,2015-09-21,ЛУКОЙЛ,LKOH,39132,5144527897.5,2410.0,2308.0,2412.8,2331.1,2341.2,2331.1,2198077,2340.5,2340.5,2340.5,5144527897.5,5144527897.5,5144527897.5,,3,SUR,-3.02,
TQBR,2015-09-22,ЛУКОЙЛ,LKOH,53036,6313948830.5,2335.0,2208.1,2337.0,2225.9,2257.1,2225.9,2797278,2257.2,2257.2,2257.2,6313948830.5,6313948830.5,6313948830.5,,3,SUR,-4.51,
TQBR,2015-09-23,ЛУКОЙЛ,LKOH,31642,4182211167.7,2230.0,2202.2,2248.9,2203.0,2221.3,2203.0,1882671,2221.4,2221.4,2221.4,4182211167.7,4182211167.7,4182211167.7,,3,SUR,-1.03,
TQBR,2015-09-24,ЛУКОЙЛ,LKOH,41676,5552492944.9,2210.0,2151.0,2232.0,2185.0,2182.6,2185.0,2544145,2182.5,2182.5,2182.5,5552492944.9,5552492944.9,5552492944.9,,3,SUR,-0.82,
TQBR,2015-09-25,ЛУКОЙЛ,LKOH,22073,3021573460.7,2200.0,2200.0,2247.0,2240.0,2229.1,2240.0,1355556,2229.0,2229.0,2229.0,3021573460.7,3021573460.7,3021573460.7,,3,SUR,2.52,
TQBR,2015-09-28,ЛУКОЙЛ,LKOH,29530,3795626903.3,2243.0,2205.6,2286.0,2241.9,2251.0,2241.9,1686102,2251.1,2251.1,2251.1,3795626903.3,3795626903.3,3795626903.3,,3,SUR,0.08,
TQBR,2015-09-29,ЛУКОЙЛ,LKOH,21317,2863239419.4,2234.6,2211.7,2268.4,2261.0,2249.3,2261.0,1274254,2247.0,2247.0,2247.0,2863239419.4,2863239419.4,2863239419.4,,3,SUR,0.85,
TQBR,2015-09-30,ЛУКОЙЛ,LKOH,24578,3359526203.6,2262.2,2215.5,2292.0,2242.9,2260.7,2242.9,1486011,2260.8,2260.8,2260.8,3359526203.6,3359526203.6,3359526203.6,,3,SUR,-0.8,
TQBR,2015-10-01,ЛУКОЙЛ,LKOH,33075,3929294078.7,2251.0,2161.0,2257.9,2184.0,2196.6,2184.0,1788846,2196.6,2196.6,2196.6,3929294078.7,3929294078.7,3929294078.7,,3,SUR,-2.63,
TQBR,2015-10-02,ЛУКОЙЛ,LKOH,29262,3557267549.3,2183.8,2126.0,2200.0,2140.0,2157.1,2140.0,1649497,2156.6,2156.6,2156.6,3557267549.3,3557267549.3,3557267549.3,,3,SUR,-2.01,
TQBR,2015-10-05,ЛУКОЙЛ,LKOH,23798,3505592506.1,2159.9,2155.0,2205.0,2196.0,2178.9,2196.0,1608915,2178.9,2178.9,2178.9,3505592506.1,3505592506.1,3505592506.1,,3,SUR,2.62,
TQBR,2015-10-06,ЛУКОЙЛ,LKOH,21038,3125086384.4,2201.8,2200.0,2244.4,2238.0,2220.2,2238.0,1407480,2220.3,2220.3,2220.3,3125086384.4,3125086384.4,3125086384.4,,3,SUR,1.91,
TQBR,2015-10-07,ЛУКОЙЛ,LKOH,26879,4407627440.5,2244.0,2225.1,2280.0,2279.0,2256.0,2279.0,1953796,2255.9,2255.9,2255.9,4407627440.5,4407627440.5,4407627440.5,,3,SUR,1.83,
TQBR,2015-10-08,ЛУКОЙЛ,LKOH,24772,4078057857.6,2263.0,2257.3,2307.8,2294.0,2286.5,2294.0,1783590,2286.4,2286.4,2286.4,4078057857.6,4078057857.6,4078057857.6,,3,SUR,0.66,
TQBR,2015-10-09,ЛУКОЙЛ,LKOH,52424,8282878685.3,2310.0,2310.0,2421.9,2400.1,2371.1,2400.1,3491241,2372.5,2372.5,2372.5,8282878685.3,8282878685.3,8282878685.3,,3,SUR,4.63,
TQBR,2015-10-12,ЛУКОЙЛ,LKOH,26227,4042871576.6,2405.0,2315.7,2429.1,2340.2,2369.7,2340.2,1705942,2369.9,2369.9,2369.9,4042871576.6,4042871576.6,4042871576.6,,3,SUR,-2.5,
TQBR,2015-10-13,ЛУКОЙЛ,LKOH,19317,2903765513.1,2329.8,2320.0,2366.5,2350.0,2343.5,2350.0,1239065,2343.5,2343.5,2343.5,2903765513.1,2903765513.1,2903765513.1,,3,SUR,0.42,
TQBR,2015-10-14,ЛУКОЙЛ,LKOH,19533,2972169749.5,2343.5,2316.0,2372.6,2341.0,2344.9,2341.0,1267497,2344.9,2344.9,2344.9,2972169749.5,2972169749.5,2972169749.5,,3,SUR,-0.38,
TQBR,2015-10-15,ЛУКОЙЛ,LKOH,16565,2424382696.7,2355.0,2320.0,2363.0,2320.0,2344.2,2320.0,1034149,2344.3,2344.3,2344.3,2424382696.7,2424382696.7,2424382696.7,,3,SUR,-0.9,
TQBR,2015-10-16,ЛУКОЙЛ,LKOH,22977,2817690753.3,2344.9,2292.7,2344.9,2303.8,2312.8,2303.8,1218646,2312.1,2312.1,2312.1,2817690753.3,2817690753.3,2817690753.3,,3,SUR,-0.7,
TQBR,2015-10-19,ЛУКОЙЛ,LKOH,24868,1974179919.9,2307.0,2287.3,2323.3,2315.0,2305.4,2315.0,856408,2305.2,2305.2,2305.2,1974179919.9,1974179919.9,1974179919.9,,3,SUR,0.49,
TQBR,2015-10-20,ЛУКОЙЛ,LKOH,16985,1984592803.2,2314.9,2301.0,2336.5,2332.9,2322.5,2332.9,854469,2322.6,2322.6,2322.6,1984592803.2,1984592803.2,1984592803.2,,3,SUR,0.77,
TQBR,2015-10-21,ЛУКОЙЛ,LKOH,20009,2049669116.4,2326.0,2303.1,2346.7,2310.9,2320.3,2310.9,883285,2320.5,2320.5,2320.5,2049669116.4,2049669116.4,2049669116.4,,3,SUR,-0.94,
TQBR,2015-10-22,ЛУКОЙЛ,LKOH,17518,1849995641.7,2311.9,2306.0,2347.3,2334.5,2331.2,2334.5,793596,2331.2,2331.2,2331.2,1849995641.7,1849995641.7,1849995641.7,,3,SUR,1.02,
TQBR,2015-10-23,ЛУКОЙЛ,LKOH,22487,3445916551.7,2343.0,2318.4,2363.4,2336.7,2342.2,2336.7,1471431,2341.9,2341.9,2341.9,3445916551.7,3445916551.7,3445916551.7,,3,SUR,0.09,
TQBR,2015-10-26,ЛУКОЙЛ,LKOH,21697,2742757478.6,2337.0,2280.4,2340.7,2298.0,2302.6,2298.0,1191229,2302.5,2302.5,2302.5,2742757478.6,2742757478.6,2742757478.6,,3,SUR,-1.66,
TQBR,2015-10-27,ЛУКОЙЛ,LKOH,30900,3724441461.7,2280.0,2254.2,2350.6,2350.6,2296.0,2350.6,1622345,2295.7,2295.7,2295.7,3724441461.7,3724441461.7,3724441461.7,,3,SUR,2.29,
TQBR,2015-10-28,ЛУКОЙЛ,LKOH,17307,2423857753.9,2345.0,2323.3,2366.0,2357.0,2346.6,2357.0,1032963,2346.5,2346.5,2346.5,2423857753.9,2423857753.9,2423857753.9,,3,SUR,0.27,
TQBR,2015-10-29,ЛУКОЙЛ,LKOH,14915,2042609867.0,2353.5,2325.9,2367.5,2341.5,2347.6,2341.5,870026,2347.8,2347.8,2347.8,2042609867.0,2042609867.0,2042609867.0,,3,SUR,-0.66,
TQBR,2015-10-30,ЛУКОЙЛ,LKOH,13903,1909938953.5,2336.0,2319.0,2365.0,2320.0,2339.9,2320.0,816553,2339.0,2339.0,2339.0,1909938953.5,1909938953.5,1909938953.5,,3,SUR,-0.92,
TQBR,2015-11-02,ЛУКОЙЛ,LKOH,26586,3270776164.2,2319.8,2305.1,2412.0,2412.0,2371.7,2412.0,1377711,2374.1,2374.1,2374.1,3270776164.2,3270776164.2,3270776164.2,,3,SUR,3.97,
TQBR,2015-11-03,ЛУКОЙЛ,LKOH,26541,4113550325.8,2418.0,2404.0,2489.5,2483.9,2451.8,2483.9,1676322,2453.9,2453.9,2453.9,4113550325.8,4113550325.8,4113550325.8,,3,SUR,2.98,
TQBR,2015-11-05,ЛУКОЙЛ,LKOH,31810,4309474654.4,2495.0,2466.3,2536.2,2489.6,2504.5,2489.6,1721004,2504.0,2504.0,2504.0,4309474654.4,4309474654.4,4309474654.4,,3,SUR,0.23,
TQBR,2015-11-06,ЛУКОЙЛ,LKOH,26968,3958064317.0,2490.0,2476.0,2539.3,2511.8,2513.8,2511.8,1573645,2515.2,2515.2,2515.2,3958064317.0,3958064317.0,3958064317.0,,3,SUR,0.89,
TQBR,2015-11-09,ЛУКОЙЛ,LKOH,15928,2085980462.3,2514.9,2499.2,2549.4,2530.0,2524.5,2530.0,826181,2524.8,2524.8,2524.8,2085980462.3,2085980462.3,2085980462.3,,3,SUR,0.72,
TQBR,2015-11-10,ЛУКОЙЛ,LKOH,16088,2187746813.1,2534.9,2500.2,2534.9,2520.0,2515.3,2520.0,869955,2514.8,2514.8,2514.8,2187746813.1,2187746813.1,2187746813.1,,3,SUR,-0.4,
TQBR,2015-11-11,ЛУКОЙЛ,LKOH,19488,2421297412.7,2512.1,2502.7,2572.3,2548.0,2537.8,2548.0,952891,2541.0,2541.0,2541.0,2421297412.7,2421297412.7,2421297412.7,,3,SUR,1.11,
TQBR,2015-11-12,ЛУКОЙЛ,LKOH,13095,2049622559.1,2538.0,2537.0,2569.9,2555.0,2551.3,2555.0,803212,2551.8,2551.8,2551.8,2049622559.1,2049622559.1,2049622559.1,,3,SUR,0.27,
TQBR,2015-11-13,ЛУКОЙЛ,LKOH,20897,3185921186.2,2540.5,2477.2,2561.0,2485.0,2522.7,2485.0,1264295,2519.9,2519.9,2519.9,3185921186.2,3185921186.2,3185921186.2,,3,SUR,-2.74,
TQBR,2015-11-16,ЛУКОЙЛ,LKOH,17816,2173443001.6,2480.0,2474.0,2512.6,2476.0,2491.1,2476.0,872459,2491.2,2491.2,2491.2,2173443001.6,2173443001.6,2173443001.6,,3,SUR,-0.36,
TQBR,2015-11-17,ЛУКОЙЛ,LKOH,22168,3113406010.8,2490.0,2485.5,2541.9,2524.5,2511.8,2524.5,1238385,2514.1,2514.1,2514.1,3113406010.8,3113406010.8,3113406010.8,,3,SUR,1.96,
TQBR,2015-11-18,ЛУКОЙЛ,LKOH,21851,3113763183.8,2530.0,2500.0,2546.3,2526.0,2525.8,2526.0,1232323,2526.7,2526.7,2526.7,3113763183.8,3113763183.8,3113763183.8,,3,SUR,0.06,
TQBR,2015-11-19,ЛУКОЙЛ,LKOH,19198,3316744047.1,2539.9,2515.5,2568.8,2534.0,2544.4,2534.0,1303734,2544.0,2544.0,2544.0,3316744047.1,3316744047.1,3316744047.1,,3,SUR,0.32,
TQBR,2015-11-20,ЛУКОЙЛ,LKOH,12432,1775430977.4,2525.2,2511.0,2552.0,2540.0,2526.7,2540.0,701838,2529.7,2529.7,2529.7,1775430977.4,1775430977.4,1775430977.4,,3,SUR,0.24,
TQBR,2015-11-23,ЛУКОЙЛ,LKOH,29882,4623066020.9,2537.0,2515.0,2654.0,2652.8,2601.7,2652.8,1774721,2605.0,2605.0,2605.0,4623066020.9,4623066020.9,4623066020.9,,3,SUR,4.44,
TQBR,2015-11-24,ЛУКОЙЛ,LKOH,29473,4725958854.3,2655.0,2546.9,2664.5,2576.9,2599.1,2576.9,1818501,2598.8,2598.8,2598.8,4725958854.3,4725958854.3,4725958854.3,,3,SUR,-2.86,
TQBR,2015-11-25,ЛУКОЙЛ,LKOH,15683,2442960496.7,2573.5,2571.2,2622.0,2606.9,2594.1,2606.9,941355,2595.2,2595.2,2595.2,2442960496.7,2442960496.7,2442960496.7,,3,SUR,1.16,
TQBR,2015-11-26,ЛУКОЙЛ,LKOH,14791,2060952152.8,2611.7,2576.4,2625.8,2598.6,2603.0,2598.6,791621,2603.5,2603.5,2603.5,2060952152.8,2060952152.8,2060952152.8,,3,SUR,-0.32,
TQBR,2015-11-27,ЛУКОЙЛ,LKOH,21683,3319242448.0,2590.2,2534.4,2592.8,2539.4,2559.5,2539.4,1297859,2557.5,2557.5,2557.5,3319242448.0,3319242448.0,3319242448.0,,3,SUR,-2.28,
TQBR,2015-11-30,ЛУКОЙЛ,LKOH,21451,2972004937.7,2531.6,2506.4,2573.3,2534.1,2547.1,2534.1,1166769,2547.2,2547.2,2547.2,2972004937.7,2972004937.7,2972004937.7,,3,SUR,-0.21,
TQBR,2015-12-01,ЛУКОЙЛ,LKOH,14584,1657676048.7,2549.0,2518.0,2563.9,2559.0,2545.5,2559.0,651235,2545.4,2545.4,2545.4,1657676048.7,1657676048.7,1657676048.7,,3,SUR,0.98,
TQBR,2015-12-02,ЛУКОЙЛ,LKOH,13968,1549798342.3,2559.0,2520.0,2575.0,2535.4,2546.6,2535.4,608502,2546.9,2546.9,2546.9,1549798342.3,1549798342.3,1549798342.3,,3,SUR,-0.92,
TQBR,2015-12-03,ЛУКОЙЛ,LKOH,13792,1707190666.1,2525.5,2525.3,2570.0,2559.0,2550.9,2559.0,668360,2554.3,2554.3,2554.3,1707190666.1,1707190666.1,1707190666.1,,3,SUR,0.93,
TQBR,2015-12-04,ЛУКОЙЛ,LKOH,25986,3585381527.0,2560.0,2478.8,2579.6,2489.9,2510.5,2489.9,1429326,2508.4,2508.4,2508.4,3585381527.0,3585381527.0,3585381527.0,,3,SUR,-2.7,
TQBR,2015-12-07,ЛУКОЙЛ,LKOH,27909,2776197168.3,2490.5,2405.5,2503.0,2410.0,2446.0,2410.0,1135320,2445.3,2445.3,2445.3,2776197168.3,2776197168.3,2776197168.3,,3,SUR,-3.21,
TQBR,2015-12-08,ЛУКОЙЛ,LKOH,23626,2620193446.2,2409.8,2350.0,2424.0,2377.9,2377.0,2377.9,1102444,2376.7,2376.7,2376.7,2620193446.2,2620193446.2,2620193446.2,,3,SUR,-1.33,
TQBR,2015-12-09,ЛУКОЙЛ,LKOH,17668,2222820875.0,2384.9,2360.0,2409.5,2385.1,2387.8,2385.1,931029,2387.5,2387.5,2387.5,2222820875.0,2222820875.0,2222820875.0,,3,SUR,0.3,
TQBR,2015-12-10,ЛУКОЙЛ,LKOH,19614,2583464772.5,2380.0,2370.0,2445.0,2445.0,2410.0,2445.0,1071891,2410.2,2410.2,2410.2,2583464772.5,2583464772.5,2583464772.5,,3,SUR,2.51,
TQBR,2015-12-11,ЛУКОЙЛ,LKOH,14009,1694319899.8,2439.0,2428.2,2461.1,2450.0,2447.2,2450.0,692622,2446.2,2446.2,2446.2,1694319899.8,1694319899.8,1694319899.8,,3,SUR,0.2,
TQBR,2015-12-14,ЛУКОЙЛ,LKOH,18318,2317614259.5,2430.0,2399.8,2456.0,2432.8,2426.8,2432.8,955044,2426.7,2426.7,2426.7,2317614259.5,2317614259.5,2317614259.5,,3,SUR,-0.7,
TQBR,2015-12-15,ЛУКОЙЛ,LKOH,16978,2578947744.2,2435.1,2426.0,2468.6,2446.8,2450.6,2446.8,1052408,2450.5,2450.5,2450.5,2578947744.2,2578947744.2,2578947744.2,,3,SUR,0.58,
TQBR,2015-12-16,ЛУКОЙЛ,LKOH,15313,2621305861.4,2451.2,2400.0,2456.9,2415.0,2435.9,2415.0,1080827,2425.3,2425.3,2425.3,2621305861.4,2621305861.4,2621305861.4,,3,SUR,-1.3,
TQBR,2015-12-17,ЛУКОЙЛ,LKOH,20587,2963830699.2,2420.1,2380.4,2453.7,2427.0,2427.6,2427.0,1227327,2414.9,2414.9,2414.9,2963830699.2,2963830699.2,2963830699.2,,3,SUR,0.5,
TQBR,2015-12-18,ЛУКОЙЛ,LKOH,25295,3222075757.5,2414.0,2327.1,2418.0,2327.1,2371.6,2327.1,1367160,2356.8,2356.8,2356.8,3222075757.5,3222075757.5,3222075757.5,,3,SUR,-4.12,
TQBR,2015-12-21,ЛУКОЙЛ,LKOH,12059,1536639901.4,2333.6,2317.4,2343.9,2338.7,2329.8,2338.7,659634,2329.5,2329.5,2329.5,1536639901.4,1536639901.4,1536639901.4,,3,SUR,0.5,
TQBR,2015-12-22,ЛУКОЙЛ,LKOH,18710,2403398496.5,2340.0,2293.1,2348.6,2327.0,2315.5,2327.0,1037796,2315.9,2315.9,2315.9,2403398496.5,2403398496.5,2403398496.5,,3,SUR,-0.5,
TQBR,2015-12-23,ЛУКОЙЛ,LKOH,18601,2413039730.0,2270.7,2270.1,2338.0,2317.0,2310.8,2317.0,1044237,2310.8,2310.8,2310.8,2413039730.0,2413039730.0,2413039730.0,,3,SUR,-0.43,
TQBR,2015-12-24,ЛУКОЙЛ,LKOH,15140,1436853383.2,2330.0,2317.0,2357.0,2325.3,2338.5,2325.3,614452,2338.4,2338.4,2338.4,1436853383.2,1436853383.2,1436853383.2,,3,SUR,0.36,
TQBR,2015-12-25,ЛУКОЙЛ,LKOH,6369,491374385.6,2334.8,2305.7,2340.0,2310.2,2318.7,2310.2,211907,2318.8,2318.8,2318.8,491374385.6,491374385.6,491374385.6,,3,SUR,-0.65,
TQBR,2015-12-28,ЛУКОЙЛ,LKOH,8047,672694957.2,2308.0,2294.4,2317.4,2309.9,2306.7,2309.9,291641,2306.6,2306.6,2306.6,672694957.2,672694957.2,672694957.2,,3,SUR,-0.01,
TQBR,2015-12-29,ЛУКОЙЛ,LKOH,14878,1455266681.6,2309.9,2303.9,2353.6,2353.6,2330.3,2353.6,624311,2331.0,2331.0,2331.0,1455266681.6,1455266681.6,1455266681.6,,3,SUR,1.89,
TQBR,2015-12-30,ЛУКОЙЛ,LKOH,14048,1388898737.7,2353.0,2335.1,2375.9,2345.9,2352.5,2345.9,590371,2352.6,2352.6,2352.6,1388898737.7,1388898737.7,1388898737.7,,3,SUR,-0.33,
TQBR,2016-01-04,ЛУКОЙЛ,LKOH,11031,1034382344.3,2354.0,2309.3,2356.0,2310.2,2322.6,2310.2,445334,2322.7,2322.7,2310.2,1034382344.3,1034382344.3,1034382344.3,,3,SUR,-1.52,
TQBR,2016-01-05,ЛУКОЙЛ,LKOH,14573,1508780856.6,2310.2,2304.1,2386.7,2380.0,2354.1,2380.0,640945,2354.0,2354.0,2380.0,1508780856.6,1508780856.6,1508780856.6,,3,SUR,3.02,
TQBR,2016-01-06,ЛУКОЙЛ,LKOH,14044,1451383311.9,2375.2,2364.6,2403.4,2378.0,2384.9,2378.0,608554,2385.0,2385.0,2378.0,1451383311.9,1451383311.9,1451383311.9,,3,SUR,-0.08,
TQBR,2016-01-11,ЛУКОЙЛ,LKOH,23630,2271403870.8,2319.8,2257.1,2342.7,2257.9,2294.9,2257.9,989720,2295.0,2295.0,2257.9,2271403870.8,2271403870.8,2271403870.8,,3,SUR,-5.05,
TQBR,2016-01-12,ЛУКОЙЛ,LKOH,24990,2631466923.6,2225.0,2217.2,2269.2,2223.5,2243.7,2223.5,1172810,2243.7,2243.7,2223.5,2631466923.6,2631466923.6,2631466923.6,,3,SUR,-1.52,
TQBR,2016-01-13,ЛУКОЙЛ,LKOH,21235,2049842144.8,2235.7,2221.0,2276.7,2225.0,2250.4,2225.0,910835,2250.5,2250.5,2225.0,2049842144.8,2049842144.8,2049842144.8,,3,SUR,0.07,
TQBR,2016-01-14,ЛУКОЙЛ,LKOH,27415,3224416787.3,2213.8,2160.0,2231.4,2188.9,2185.0,2188.9,1475496,2185.3,2185.3,2188.9,3224416787.3,3224416787.3,3224416787.3,,3,SUR,-1.62,
TQBR,2016-01-15,ЛУКОЙЛ,LKOH,47273,5106295836.7,2186.0,2040.1,2194.9,2098.0,2110.2,2098.0,2420236,2109.8,2109.8,2098.0,5106295836.7,5106295836.7,5106295836.7,,3,SUR,-4.15,
TQBR,2016-01-18,ЛУКОЙЛ,LKOH,24589,2773915451.4,2070.0,2062.3,2155.8,2112.1,2138.4,2112.1,1307910,2120.9,2120.9,2112.1,2773915451.4,2773915451.4,2773915451.4,,3,SUR,0.67,
TQBR,2016-01-19,ЛУКОЙЛ,LKOH,25364,3114999440.4,2123.0,2121.0,2198.0,2150.0,2168.1,2150.0,1436608,2168.3,2168.3,2150.0,3114999440.4,3114999440.4,3114999440.4,,3,SUR,1.79,
TQBR,2016-01-20,ЛУКОЙЛ,LKOH,26148,3396174138.9,2115.0,2088.0,2147.0,2145.3,2116.5,2145.3,1604686,2116.4,2116.4,2145.3,3396174138.9,3396174138.9,3396174138.9,,3,SUR,-0.22,
TQBR,2016-01-21,ЛУКОЙЛ,LKOH,27376,3147295778.2,2140.0,2140.0,2233.8,2212.8,2190.3,2212.8,1436923,2190.3,2190.3,2212.8,3147295778.2,3147295778.2,3147295778.2,,3,SUR,3.15,
TQBR,2016-01-22,ЛУКОЙЛ,LKOH,35093,4693483056.1,2269.0,2228.8,2367.1,2340.9,2301.0,2340.9,2039578,2301.2,2301.2,2340.9,4693483056.1,4693483056.1,4693483056.1,,3,SUR,5.79,
TQBR,2016-01-25,ЛУКОЙЛ,LKOH,23160,2676673136.4,2360.0,2297.9,2360.0,2349.0,2326.1,2349.0,1150632,2326.3,2326.3,2349.0,2676673136.4,2676673136.4,2676673136.4,,3,SUR,0.35,
TQBR,2016-01-26,ЛУКОЙЛ,LKOH,20558,2792248881.4,2302.5,2302.2,2358.9,2320.0,2337.2,2320.0,1194746,2337.1,2337.1,2320.0,2792248881.4,2792248881.4,2792248881.4,,3,SUR,-1.23,
TQBR,2016-01-27,ЛУКОЙЛ,LKOH,26024,2943394787.8,2331.0,2318.0,2400.5,2400.5,2370.7,2400.5,1242181,2369.5,2369.5,2400.5,2943394787.8,2943394787.8,2943394787.8,,3,SUR,3.47,
TQBR,2016-01-28,ЛУКОЙЛ,LKOH,32084,4416090080.0,2398.0,2383.2,2495.0,2495.0,2435.1,2495.0,1813596,2435.0,2435.0,2495.0,4416090080.0,4416090080.0,4416090080.0,,3,SUR,3.94,
TQBR,2016-01-29,ЛУКОЙЛ,LKOH,30974,4822153701.9,2508.2,2466.3,2569.0,2569.0,2516.8,2569.0,1915980,2516.8,2516.8,2569.0,4822153701.9,4822153701.9,4822153701.9,,3,SUR,2.97,
TQBR,2016-02-01,ЛУКОЙЛ,LKOH,20688,3297813034.5,2560.5,2491.5,2562.0,2547.0,2525.0,2547.0,1306024,2525.0,2525.0,2547.0,3297813034.5,3297813034.5,3297813034.5,,3,SUR,-0.86,
TQBR,2016-02-02,ЛУКОЙЛ,LKOH,21656,3037559429.5,2505.0,2477.5,2559.0,2491.0,2512.5,2491.0,1209025,2512.5,2512.5,2491.0,3037559429.5,3037559429.5,3037559429.5,,3,SUR,-2.2,
TQBR,2016-02-03,ЛУКОЙЛ,LKOH,14867,2079364507.5,2479.0,2462.5,2502.0,2475.5,2485.0,2475.5,836850,2485.0,2485.0,2475.5,2079364507.5,2079364507.5,2079364507.5,,3,SUR,-0.62,
TQBR,2016-02-04,ЛУКОЙЛ,LKOH,19664,3143250351.5,2538.0,2520.5,2575.0,2553.5,2543.5,2553.5,1235767,2543.5,2543.5,2553.5,3143250351.5,3143250351.5,3143250351.5,,3,SUR,3.15,
TQBR,2016-02-05,ЛУКОЙЛ,LKOH,18899,2479549734.0,2538.5,2524.5,2600.0,2594.0,2570.5,2594.0,964690,2570.5,2570.5,2594.0,2479549734.0,2479549734.0,2479549734.0,,3,SUR,1.59,
TQBR,2016-02-08,ЛУКОЙЛ,LKOH,25924,3278845829.5,2585.0,2465.5,2597.5,2482.5,2529.0,2482.5,1296329,2529.5,2529.5,2482.5,3278845829.5,3278845829.5,3278845829.5,,3,SUR,-4.3,
TQBR,2016-02-09,ЛУКОЙЛ,LKOH,33675,4218420912.0,2457.0,2376.0,2486.5,2387.5,2417.0,2387.5,1745333,2417.0,2417.0,2387.5,4218420912.0,4218420912.0,4218420912.0,,3,SUR,-3.83,
TQBR,2016-02-10,ЛУКОЙЛ,LKOH,20611,2627595609.0,2375.5,2357.0,2413.5,2382.5,2385.5,2382.5,1101497,2385.5,2385.5,2382.5,2627595609.0,2627595609.0,2627595609.0,,3,SUR,-0.21,
TQBR,2016-02-11,ЛУКОЙЛ,LKOH,24494,3125265424.0,2375.5,2334.0,2398.0,2392.0,2358.5,2392.0,1325056,2358.5,2358.5,2392.0,3125265424.0,3125265424.0,3125265424.0,,3,SUR,0.4,
TQBR,2016-02-12,ЛУКОЙЛ,LKOH,20572,2250232231.5,2407.0,2386.5,2427.0,2396.0,2410.0,2396.0,933618,2410.0,2410.0,2396.0,2250232231.5,2250232231.5,2250232231.5,,3,SUR,0.17,
TQBR,2016-02-15,ЛУКОЙЛ,LKOH,14090,1763869073.5,2421.0,2396.0,2451.5,2429.0,2424.5,2429.0,727531,2424.5,2424.5,2429.0,1763869073.5,1763869073.5,1763869073.5,,3,SUR,1.38,
TQBR,2016-02-16,ЛУКОЙЛ,LKOH,20596,2419617357.5,2450.0,2433.5,2476.5,2450.0,2459.0,2450.0,984012,2459.0,2459.0,2450.0,2419617357.5,2419617357.5,2419617357.5,,3,SUR,0.86,
TQBR,2016-02-17,ЛУКОЙЛ,LKOH,16161,2116826939.0,2450.0,2434.0,2489.5,2467.0,2466.0,2467.0,858367,2466.0,2466.0,2467.0,2116826939.0,2116826939.0,2116826939.0,,3,SUR,0.69,
TQBR,2016-02-18,ЛУКОЙЛ,LKOH,26478,3752319661.0,2481.5,2480.0,2586.0,2565.0,2538.0,2565.0,1478740,2537.5,2537.5,2565.0,3752319661.0,3752319661.0,3752319661.0,,3,SUR,3.97,
TQBR,2016-02-19,ЛУКОЙЛ,LKOH,19561,2739954188.0,2540.0,2490.0,2546.5,2540.0,2528.0,2540.0,1085733,2523.5,2523.5,2540.0,2739954188.0,2739954188.0,2739954188.0,,3,SUR,-0.97,
TQBR,2016-02-20,ЛУКОЙЛ,LKOH,3758,299203642.5,2532.0,2521.0,2545.5,2529.0,2533.0,2529.0,118108,2533.5,2533.5,2529.0,299203642.5,299203642.5,299203642.5,,3,SUR,-0.43,
TQBR,2016-02-22,ЛУКОЙЛ,LKOH,12861,1774587020.5,2535.5,2534.0,2624.0,2610.0,2584.0,2610.0,686933,2583.5,2583.5,2610.0,1774587020.5,1774587020.5,1774587020.5,,3,SUR,3.2,
TQBR,2016-02-24,ЛУКОЙЛ,LKOH,20751,3142694119.5,2579.0,2535.0,2592.0,2550.0,2571.0,2550.0,1227478,2560.5,2560.5,2550.0,3142694119.5,3142694119.5,3142694119.5,,3,SUR,-2.3,
TQBR,2016-02-25,ЛУКОЙЛ,LKOH,25813,3944935612.5,2569.0,2502.5,2600.0,2551.5,2561.0,2551.5,1540048,2561.5,2561.5,2551.5,3944935612.5,3944935612.5,3944935612.5,,3,SUR,0.06,
TQBR,2016-02-26,ЛУКОЙЛ,LKOH,21405,3252698450.5,2572.0,2572.0,2618.0,2587.0,2598.5,2587.0,1251720,2598.5,2598.5,2587.0,3252698450.5,3252698450.5,3252698450.5,,3,SUR,1.39,
TQBR,2016-02-29,ЛУКОЙЛ,LKOH,30281,4123782564.0,2578.5,2552.0,2686.0,2686.0,2636.0,2686.0,1563750,2637.0,2637.0,2686.0,4123782564.0,4123782564.0,4123782564.0,,3,SUR,3.83,
TQBR,2016-03-01,ЛУКОЙЛ,LKOH,15925,2266032646.5,2686.5,2680.0,2718.0,2699.0,2699.0,2699.0,839604,2699.0,2699.0,2699.0,2266032646.5,2266032646.5,2266032646.5,,3,SUR,0.48,
TQBR,2016-03-02,ЛУКОЙЛ,LKOH,25729,4190327764.5,2720.0,2627.0,2721.5,2640.0,2663.0,2640.0,1573855,2662.5,2662.5,2640.0,4190327764.5,4190327764.5,4190327764.5,,3,SUR,-2.19,
TQBR,2016-03-03,ЛУКОЙЛ,LKOH,26137,3578465815.5,2645.0,2640.0,2700.0,2700.0,2672.5,2700.0,1339148,2672.0,2672.0,2700.0,3578465815.5,3578465815.5,3578465815.5,,3,SUR,2.27,
TQBR,2016-03-04,ЛУКОЙЛ,LKOH,17785,2783438581.5,2709.5,2687.0,2775.0,2775.0,2729.0,2775.0,1019660,2730.0,2730.0,2775.0,2783438581.5,2783438581.5,2783438581.5,,3,SUR,2.78,
TQBR,2016-03-07,ЛУКОЙЛ,LKOH,15575,2408086251.0,2810.0,2781.0,2840.0,2840.0,2808.0,2840.0,857679,2807.5,2807.5,2840.0,2408086251.0,2408086251.0,2408086251.0,,3,SUR,2.34,
TQBR,2016-03-09,ЛУКОЙЛ,LKOH,24052,3354677245.5,2819.0,2715.0,2832.0,2744.0,2767.5,2744.0,1212375,2767.0,2767.0,2744.0,3354677245.5,3354677245.5,3354677245.5,,3,SUR,-3.38,
TQBR,2016-03-10,ЛУКОЙЛ,LKOH,29267,3368000184.0,2745.0,2669.0,2750.0,2692.0,2707.5,2692.0,1243573,2708.5,2708.5,2692.0,3368000184.0,3368000184.0,3368000184.0,,3,SUR,-1.9,
TQBR,2016-03-11,ЛУКОЙЛ,LKOH,19473,2835872718.5,2701.0,2651.0,2706.5,2669.0,2678.0,2669.0,1058947,2678.0,2678.0,2669.0,2835872718.5,2835872718.5,2835872718.5,,3,SUR,-0.85,
TQBR,2016-03-14,ЛУКОЙЛ,LKOH,16051,2489291659.0,2679.5,2630.0,2679.5,2658.5,2647.5,2658.5,940331,2647.5,2647.5,2658.5,2489291659.0,2489291659.0,2489291659.0,,3,SUR,-0.39,
TQBR,2016-03-15,ЛУКОЙЛ,LKOH,20267,4791833020.5,2667.5,2639.5,2689.0,2647.5,2663.5,2647.5,1799226,2663.5,2663.5,2647.5,4791833020.5,4791833020.5,4791833020.5,,3,SUR,-0.41,
TQBR,2016-03-16,ЛУКОЙЛ,LKOH,16027,2254333179.5,2656.5,2642.0,2703.0,2703.0,2667.5,2703.0,845050,2667.5,2667.5,2703.0,2254333179.5,2254333179.5,2254333179.5,,3,SUR,2.1,
TQBR,2016-03-17,ЛУКОЙЛ,LKOH,26291,4657536195.0,2715.0,2715.0,2765.5,2750.0,2738.5,2750.0,1700513,2739.0,2739.0,2750.0,4657536195.0,4657536195.0,4657536195.0,,3,SUR,1.74,
TQBR,2016-03-18,ЛУКОЙЛ,LKOH,29247,5261604991.5,2764.5,2740.0,2833.5,2810.0,2791.5,2810.0,1884889,2791.5,2791.5,2810.0,5261604991.5,5261604991.5,5261604991.5,,3,SUR,2.18,
TQBR,2016-03-21,ЛУКОЙЛ,LKOH,23487,3656636480.5,2785.0,2737.0,2802.5,2784.5,2767.5,2784.5,1321289,2767.5,2767.5,2784.5,3656636480.5,3656636480.5,3656636480.5,,3,SUR,-0.91,
TQBR,2016-03-22,ЛУКОЙЛ,LKOH,23580,4155069513.5,2790.0,2720.5,2816.0,2740.0,2755.5,2740.0,1507841,2755.5,2755.5,2740.0,4155069513.5,4155069513.5,4155069513.5,,3,SUR,-1.6,
TQBR,2016-03-23,ЛУКОЙЛ,LKOH,19657,3287091122.0,2732.0,2665.0,2732.0,2687.5,2694.0,2687.5,1220474,2693.5,2693.5,2687.5,3287091122.0,3287091122.0,3287091122.0,,3,SUR,-1.92,
TQBR,2016-03-24,ЛУКОЙЛ,LKOH,19154,2562254869.5,2670.0,2603.0,2687.0,2615.0,2642.5,2615.0,969682,2642.5,2642.5,2615.0,2562254869.5,2562254869.5,2562254869.5,,3,SUR,-2.7,
TQBR,2016-03-25,ЛУКОЙЛ,LKOH,6829,853998308.5,2629.0,2605.0,2647.0,2607.5,2620.5,2607.5,325868,2620.5,2620.5,2607.5,853998308.5,853998308.5,853998308.5,,3,SUR,-0.29,
TQBR,2016-03-28,ЛУКОЙЛ,LKOH,13623,1582114053.0,2622.0,2558.5,2638.0,2570.0,2590.0,2570.0,610857,2590.0,2590.0,2570.0,1582114053.0,1582114053.0,1582114053.0,,3,SUR,-1.44,
TQBR,2016-03-29,ЛУКОЙЛ,LKOH,19832,2731036508.5,2574.0,2547.5,2614.5,2614.5,2573.5,2614.5,1061009,2574.0,2574.0,2614.5,2731036508.5,2731036508.5,2731036508.5,,3,SUR,1.73,
TQBR,2016-03-30,ЛУКОЙЛ,LKOH,21008,3254345219.5,2632.0,2580.5,2639.5,2610.0,2610.5,2610.0,1246754,2610.5,2610.5,2610.0,3254345219.5,3254345219.5,3254345219.5,,3,SUR,-0.17,
TQBR,2016-03-31,ЛУКОЙЛ,LKOH,27440,4391882662.0,2608.0,2576.0,2622.0,2622.0,2598.0,2622.0,1690529,2598.0,2598.0,2622.0,4391882662.0,4391882662.0,4391882662.0,,3,SUR,0.46,
TQBR,2016-04-01,ЛУКОЙЛ,LKOH,18726,3496100477.0,2603.5,2575.0,2635.0,2625.0,2596.0,2625.0,1346763,2596.0,2596.0,2625.0,3496100477.0,3496100477.0,3496100477.0,,3,SUR,0.11,
TQBR,2016-04-04,ЛУКОЙЛ,LKOH,19224,2813629764.5,2612.0,2612.0,2707.0,2692.0,2659.5,2692.0,1058151,2659.0,2659.0,2692.0,2813629764.5,2813629764.5,2813629764.5,,3,SUR,2.55,
TQBR,2016-04-05,ЛУКОЙЛ,LKOH,16626,2869736713.0,2676.0,2665.5,2703.0,2698.5,2689.5,2698.5,1067047,2689.5,2689.5,2698.5,2869736713.0,2869736713.0,2869736713.0,,3,SUR,0.24,
TQBR,2016-04-06,ЛУКОЙЛ,LKOH,17497,2900155656.0,2716.0,2690.0,2732.0,2715.0,2712.0,2715.0,1069410,2712.0,2712.0,2715.0,2900155656.0,2900155656.0,2900155656.0,,3,SUR,0.61,
TQBR,2016-04-07,ЛУКОЙЛ,LKOH,15244,2568661262.0,2725.5,2700.0,2743.5,2722.0,2717.0,2722.0,945307,2717.5,2717.5,2722.0,2568661262.0,2568661262.0,2568661262.0,,3,SUR,0.26,
TQBR,2016-04-08,ЛУКОЙЛ,LKOH,17657,2752742413.0,2727.0,2720.0,2783.0,2777.5,2758.0,2777.5,997773,2759.0,2759.0,2777.5,2752742413.0,2752742413.0,2752742413.0,,3,SUR,2.04,
TQBR,2016-04-11,ЛУКОЙЛ,LKOH,19019,3440936587.0,2765.0,2759.0,2830.0,2798.0,2801.0,2798.0,1228476,2801.0,2801.0,2798.0,3440936587.0,3440936587.0,3440936587.0,,3,SUR,0.74,
TQBR,2016-04-12,ЛУКОЙЛ,LKOH,16798,3328914172.5,2798.5,2757.0,2800.0,2775.0,2780.0,2775.0,1197407,2780.0,2780.0,2775.0,3328914172.5,3328914172.5,3328914172.5,,3,SUR,-0.82,
TQBR,2016-04-13,ЛУКОЙЛ,LKOH,17667,3478717150.5,2785.0,2784.5,2850.0,2824.0,2823.5,2824.0,1231961,2823.5,2823.5,2824.0,3478717150.5,3478717150.5,3478717150.5,,3,SUR,1.77,
TQBR,2016-04-14,ЛУКОЙЛ,LKOH,24688,4286667422.0,2818.5,2790.5,2892.0,2814.5,2841.5,2814.5,1508331,2842.0,2842.0,2814.5,4286667422.0,4286667422.0,4286667422.0,,3,SUR,-0.34,
TQBR,2016-04-15,ЛУКОЙЛ,LKOH,10989,1761217243.5,2820.0,2801.5,2835.0,2822.5,2813.0,2822.5,626066,2813.0,2813.0,2822.5,1761217243.5,1761217243.5,1761217243.5,,3,SUR,0.28,
TQBR,2016-04-18,ЛУКОЙЛ,LKOH,25324,5365852627.0,2771.0,2719.5,2790.0,2777.0,2761.0,2777.0,1943394,2761.0,2761.0,2777.0,5365852627.0,5365852627.0,5365852627.0,,3,SUR,-1.61,
TQBR,2016-04-19,ЛУКОЙЛ,LKOH,23795,3761701879.5,2775.5,2770.0,2825.0,2815.5,2803.0,2815.5,1342001,2803.0,2803.0,2815.5,3761701879.5,3761701879.5,3761701879.5,,3,SUR,1.39,
TQBR,2016-04-20,ЛУКОЙЛ,LKOH,23080,4267838052.0,2797.5,2787.0,2884.5,2870.0,2846.5,2870.0,1499483,2846.0,2846.0,2870.0,4267838052.0,4267838052.0,4267838052.0,,3,SUR,1.94,
TQBR,2016-04-21,ЛУКОЙЛ,LKOH,21921,3967882716.0,2885.0,2832.0,2902.0,2890.0,2866.0,2890.0,1384380,2866.0,2866.0,2890.0,3967882716.0,3967882716.0,3967882716.0,,3,SUR,0.7,
TQBR,2016-04-22,ЛУКОЙЛ,LKOH,17502,2572846853.5,2885.0,2851.5,2901.5,2890.0,2875.0,2890.0,894934,2875.0,2875.0,2890.0,2572846853.5,2572846853.5,2572846853.5,,3,SUR,0.0,
TQBR,2016-04-25,ЛУКОЙЛ,LKOH,17568,2527212741.5,2883.0,2827.0,2885.0,2853.0,2850.5,2853.0,886662,2850.5,2850.5,2853.0,2527212741.5,2527212741.5,2527212741.5,,3,SUR,-1.28,
TQBR,2016-04-26,ЛУКОЙЛ,LKOH,15792,2152314782.0,2857.0,2781.0,2860.0,2796.0,2807.5,2796.0,766587,2807.5,2807.5,2796.0,2152314782.0,2152314782.0,2152314782.0,,3,SUR,-2.0,
TQBR,2016-04-27,ЛУКОЙЛ,LKOH,21558,3060239540.5,2809.0,2704.0,2811.5,2733.0,2749.0,2733.0,1113251,2749.0,2749.0,2733.0,3060239540.5,3060239540.5,3060239540.5,,3,SUR,-2.25,
TQBR,2016-04-28,ЛУКОЙЛ,LKOH,25797,2749863804.0,2736.0,2662.5,2800.0,2800.0,2760.5,2800.0,996117,2760.5,2760.5,2800.0,2749863804.0,2749863804.0,2749863804.0,,3,SUR,2.45,
TQBR,2016-04-29,ЛУКОЙЛ,LKOH,20025,2406836522.0,2804.0,2707.5,2808.5,2752.0,2765.5,2752.0,870460,2765.0,2765.0,2752.0,2406836522.0,2406836522.0,2406836522.0,,3,SUR,-1.71,
TQBR,2016-05-04,ЛУКОЙЛ,LKOH,21175,2553756709.5,2716.0,2645.0,2750.5,2698.5,2686.5,2698.5,950567,2686.5,2686.5,2698.5,2553756709.5,2553756709.5,2553756709.5,,3,SUR,-1.94,
TQBR,2016-05-05,ЛУКОЙЛ,LKOH,18094,2158008056.0,2698.5,2615.5,2698.5,2630.0,2644.5,2630.0,816027,2644.5,2644.5,2630.0,2158008056.0,2158008056.0,2158008056.0,,3,SUR,-2.54,
TQBR,2016-05-06,ЛУКОЙЛ,LKOH,16890,2783040915.5,2624.5,2601.0,2648.0,2629.0,2627.5,2629.0,1059266,2627.5,2627.5,2629.0,2783040915.5,2783040915.5,2783040915.5,,3,SUR,-0.04,
TQBR,2016-05-10,ЛУКОЙЛ,LKOH,20362,2790898448.0,2624.5,2563.0,2655.5,2585.5,2598.5,2585.5,1074024,2598.5,2598.5,2585.5,2790898448.0,2790898448.0,2790898448.0,,3,SUR,-1.65,
TQBR,2016-05-11,ЛУКОЙЛ,LKOH,17217,3204579230.5,2598.0,2597.0,2667.5,2642.5,2641.5,2642.5,1213150,2641.5,2641.5,2642.5,3204579230.5,3204579230.5,3204579230.5,,3,SUR,2.2,
TQBR,2016-05-12,ЛУКОЙЛ,LKOH,22147,3762270560.5,2653.0,2640.0,2725.0,2673.5,2684.0,2673.5,1401848,2684.0,2684.0,2673.5,3762270560.5,3762270560.5,3762270560.5,,3,SUR,1.17,
TQBR,2016-05-13,ЛУКОЙЛ,LKOH,23185,3487980506.0,2674.0,2616.5,2699.5,2699.5,2651.0,2699.5,1316183,2650.0,2650.0,2699.5,3487980506.0,3487980506.0,3487980506.0,,3,SUR,0.97,
TQBR,2016-05-16,ЛУКОЙЛ,LKOH,19868,2276811006.0,2705.0,2658.0,2722.0,2662.0,2698.5,2662.0,843887,2698.0,2698.0,2662.0,2276811006.0,2276811006.0,2276811006.0,,3,SUR,-1.39,
TQBR,2016-05-17,ЛУКОЙЛ,LKOH,18435,2704898060.0,2655.5,2606.5,2684.0,2671.5,2641.5,2671.5,1024347,2640.5,2640.5,2671.5,2704898060.0,2704898060.0,2704898060.0,,3,SUR,0.36,
TQBR,2016-05-18,ЛУКОЙЛ,LKOH,18197,2811398223.0,2669.0,2647.0,2707.0,2707.0,2673.5,2707.0,1051571,2673.5,2673.5,2707.0,2811398223.0,2811398223.0,2811398223.0,,3,SUR,1.33,
TQBR,2016-05-19,ЛУКОЙЛ,LKOH,19786,3272308436.5,2687.0,2650.0,2721.0,2695.5,2688.0,2695.5,1217199,2688.5,2688.5,2695.5,3272308436.5,3272308436.5,3272308436.5,,3,SUR,-0.42,
TQBR,2016-05-20,ЛУКОЙЛ,LKOH,23012,2834003760.0,2716.0,2683.0,2736.5,2712.0,2714.0,2712.0,1044311,2714.0,2714.0,2712.0,2834003760.0,2834003760.0,2834003760.0,,3,SUR,0.61,
TQBR,2016-05-23,ЛУКОЙЛ,LKOH,18599,2386186786.0,2702.0,2646.5,2715.5,2647.0,2672.5,2647.0,893454,2670.5,2670.5,2647.0,2386186786.0,2386186786.0,2386186786.0,,3,SUR,-2.4,
TQBR,2016-05-24,ЛУКОЙЛ,LKOH,13924,2068197422.0,2649.0,2646.0,2682.0,2656.5,2666.5,2656.5,775256,2668.0,2668.0,2656.5,2068197422.0,2068197422.0,2068197422.0,,3,SUR,0.36,
TQBR,2016-05-25,ЛУКОЙЛ,LKOH,15548,2691997595.0,2668.0,2650.5,2705.0,2650.5,2679.0,2650.5,1004642,2679.5,2679.5,2650.5,2691997595.0,2691997595.0,2691997595.0,,3,SUR,-0.23,
TQBR,2016-05-26,ЛУКОЙЛ,LKOH,23089,3198511601.5,2680.0,2634.0,2708.0,2678.0,2679.0,2678.0,1194150,2678.5,2678.5,2678.0,3198511601.5,3198511601.5,3198511601.5,,3,SUR,1.04,
TQBR,2016-05-27,ЛУКОЙЛ,LKOH,13364,2074378712.0,2680.5,2663.0,2715.0,2682.0,2688.5,2682.0,771387,2689.0,2689.0,2682.0,2074378712.0,2074378712.0,2074378712.0,,3,SUR,0.15,
TQBR,2016-05-30,ЛУКОЙЛ,LKOH,8121,860049384.5,2682.0,2682.0,2711.0,2695.5,2697.5,2695.5,318569,2699.5,2699.5,2695.5,860049384.5,860049384.5,860049384.5,,3,SUR,0.5,
TQBR,2016-05-31,ЛУКОЙЛ,LKOH,59236,14572458344.5,2690.0,2523.0,2700.5,2570.0,2600.0,2570.0,5606321,2599.5,2599.5,2570.0,14572458344.5,14572458344.5,14572458344.5,,3,SUR,-4.66,
TQBR,2016-06-01,ЛУКОЙЛ,LKOH,33147,6565882927.0,2597.0,2556.0,2612.0,2580.0,2588.5,2580.0,2536457,2588.5,2588.5,2580.0,6565882927.0,6565882927.0,6565882927.0,,3,SUR,0.39,
TQBR,2016-06-02,ЛУКОЙЛ,LKOH,18546,2528264361.0,2589.0,2572.0,2607.5,2597.0,2589.0,2597.0,976492,2589.0,2589.0,2597.0,2528264361.0,2528264361.0,2528264361.0,,3,SUR,0.66,
TQBR,2016-06-03,ЛУКОЙЛ,LKOH,19953,3293639933.0,2611.0,2565.0,2629.0,2587.0,2600.0,2587.0,1267024,2599.5,2599.5,2587.0,3293639933.0,3293639933.0,3293639933.0,,3,SUR,-0.39,
TQBR,2016-06-06,ЛУКОЙЛ,LKOH,15513,2598206698.5,2598.0,2560.0,2625.0,2613.0,2609.5,2613.0,995653,2609.5,2609.5,2613.0,2598206698.5,2598206698.5,2598206698.5,,3,SUR,1.01,
TQBR,2016-06-07,ЛУКОЙЛ,LKOH,21170,3317377104.5,2622.0,2617.0,2692.0,2681.5,2661.0,2681.5,1246032,2662.5,2662.5,2681.5,3317377104.5,3317377104.5,3317377104.5,,3,SUR,2.62,
TQBR,2016-06-08,ЛУКОЙЛ,LKOH,15586,2443760206.0,2669.5,2645.0,2690.0,2680.5,2671.0,2680.5,914961,2671.0,2671.0,2680.5,2443760206.0,2443760206.0,2443760206.0,,3,SUR,-0.04,
TQBR,2016-06-09,ЛУКОЙЛ,LKOH,10706,1472914318.0,2676.0,2629.5,2680.5,2635.0,2655.5,2635.0,557060,2644.0,2644.0,2635.0,1472914318.0,1472914318.0,1472914318.0,,3,SUR,-1.7,
TQBR,2016-06-10,ЛУКОЙЛ,LKOH,12530,1768803418.5,2635.0,2610.0,2662.0,2636.0,2641.0,2636.0,670439,2638.5,2638.5,2636.0,1768803418.5,1768803418.5,1768803418.5,,3,SUR,0.04,
TQBR,2016-06-14,ЛУКОЙЛ,LKOH,15289,2111595831.0,2633.5,2615.0,2684.0,2670.0,2649.5,2670.0,796416,2651.5,2651.5,2670.0,2111595831.0,2111595831.0,2111595831.0,,3,SUR,1.29,
TQBR,2016-06-15,ЛУКОЙЛ,LKOH,18756,2577628867.0,2670.0,2633.0,2688.5,2637.5,2659.0,2637.5,969431,2659.0,2659.0,2637.5,2577628867.0,2577628867.0,2577628867.0,,3,SUR,-1.22,
TQBR,2016-06-16,ЛУКОЙЛ,LKOH,15183,2176776629.5,2627.0,2577.0,2636.5,2624.0,2604.0,2624.0,836357,2602.5,2602.5,2624.0,2176776629.5,2176776629.5,2176776629.5,,3,SUR,-0.51,
TQBR,2016-06-17,ЛУКОЙЛ,LKOH,14089,2351480313.0,2630.5,2611.0,2652.5,2647.0,2636.0,2647.0,892109,2636.0,2636.0,2647.0,2351480313.0,2351480313.0,2351480313.0,,3,SUR,0.88,
TQBR,2016-06-20,ЛУКОЙЛ,LKOH,11587,1620655521.5,2655.0,2624.0,2672.0,2643.5,2645.5,2643.5,612729,2645.0,2645.0,2643.5,1620655521.5,1620655521.5,1620655521.5,,3,SUR,-0.13,
TQBR,2016-06-21,ЛУКОЙЛ,LKOH,15594,1983437953.0,2644.5,2602.0,2658.0,2658.0,2630.0,2658.0,754288,2629.5,2629.5,2658.0,1983437953.0,1983437953.0,1983437953.0,,3,SUR,0.55,
TQBR,2016-06-22,ЛУКОЙЛ,LKOH,12865,1457491754.5,2654.0,2631.5,2664.5,2660.0,2647.5,2660.0,550592,2647.0,2647.0,2660.0,1457491754.5,1457491754.5,1457491754.5,,3,SUR,0.08,
TQBR,2016-06-23,ЛУКОЙЛ,LKOH,15033,2183293864.5,2659.0,2642.0,2730.0,2730.0,2682.0,2730.0,813683,2683.0,2683.0,2730.0,2183293864.5,2183293864.5,2183293864.5,,3,SUR,2.63,
TQBR,2016-06-24,ЛУКОЙЛ,LKOH,23305,3616489043.5,2667.0,2585.0,2728.0,2725.0,2650.5,2725.0,1364638,2650.0,2650.0,2725.0,3616489043.5,3616489043.5,3616489043.5,,3,SUR,-0.18,
TQBR,2016-06-27,ЛУКОЙЛ,LKOH,16169,2137753722.0,2707.0,2631.0,2712.0,2631.0,2665.5,2631.0,802595,2663.5,2663.5,2631.0,2137753722.0,2137753722.0,2137753722.0,,3,SUR,-3.45,
TQBR,2016-06-28,ЛУКОЙЛ,LKOH,11212,1600891403.5,2647.0,2612.0,2669.5,2628.0,2645.0,2628.0,605211,2645.0,2645.0,2628.0,1600891403.5,1600891403.5,1600891403.5,,3,SUR,-0.11,
TQBR,2016-06-29,ЛУКОЙЛ,LKOH,9172,1367061024.0,2640.0,2629.5,2670.0,2668.0,2653.0,2668.0,515088,2654.0,2654.0,2668.0,1367061024.0,1367061024.0,1367061024.0,,3,SUR,1.52,
TQBR,2016-06-30,ЛУКОЙЛ,LKOH,12535,1548475760.0,2669.5,2657.0,2703.0,2684.0,2680.0,2684.0,577657,2680.5,2680.5,2684.0,1548475760.0,1548475760.0,1548475760.0,,3,SUR,0.6,
TQBR,2016-07-01,ЛУКОЙЛ,LKOH,7894,1026150798.0,2690.0,2654.5,2708.0,2707.0,2686.0,2707.0,382171,2685.0,2685.0,2707.0,1026150798.0,1026150798.0,1026150798.0,,3,SUR,0.86,
TQBR,2016-07-04,ЛУКОЙЛ,LKOH,8431,1282893975.0,2714.0,2707.0,2763.0,2745.0,2741.0,2745.0,467632,2743.5,2743.5,2745.0,1282893975.0,1282893975.0,1282893975.0,,3,SUR,1.4,
TQBR,2016-07-05,ЛУКОЙЛ,LKOH,12601,1423061668.5,2733.5,2717.0,2774.5,2769.5,2748.5,2769.5,517505,2750.0,2750.0,2769.5,1423061668.5,1423061668.5,1423061668.5,,3,SUR,0.89,
TQBR,2016-07-06,ЛУКОЙЛ,LKOH,9778,1546599090.5,2760.0,2724.5,2767.0,2732.0,2742.0,2732.0,564295,2741.0,2741.0,2732.0,1546599090.5,1546599090.5,1546599090.5,,3,SUR,-1.35,
TQBR,2016-07-07,ЛУКОЙЛ,LKOH,13288,1636403971.0,2759.5,2736.0,2786.0,2748.0,2766.5,2748.0,591366,2767.0,2767.0,2748.0,1636403971.0,1636403971.0,1636403971.0,,3,SUR,0.59,
TQBR,2016-07-08,ЛУКОЙЛ,LKOH,33241,5319670833.5,2755.0,2707.0,2788.5,2788.0,2746.0,2788.0,1937256,2746.0,2746.0,2788.0,5319670833.5,5319670833.5,5319670833.5,,3,SUR,1.46,
TQBR,2016-07-11,ЛУКОЙЛ,LKOH,16722,2203159447.5,2714.5,2693.0,2757.5,2752.0,2725.5,2752.0,808439,2725.0,2725.0,2752.0,2203159447.5,2203159447.5,2203159447.5,,3,SUR,-1.29,
TQBR,2016-07-12,ЛУКОЙЛ,LKOH,13288,2023792559.0,2750.0,2736.0,2791.0,2777.0,2764.5,2777.0,731785,2765.5,2765.5,2777.0,2023792559.0,2023792559.0,2023792559.0,,3,SUR,0.91,
TQBR,2016-07-13,ЛУКОЙЛ,LKOH,13455,1881358207.5,2775.0,2721.5,2786.0,2741.0,2750.5,2741.0,684206,2749.5,2749.5,2741.0,1881358207.5,1881358207.5,1881358207.5,,3,SUR,-1.3,
TQBR,2016-07-14,ЛУКОЙЛ,LKOH,12038,1694999606.5,2740.5,2717.0,2787.0,2770.0,2758.0,2770.0,614219,2759.5,2759.5,2770.0,1694999606.5,1694999606.5,1694999606.5,,3,SUR,1.06,
TQBR,2016-07-15,ЛУКОЙЛ,LKOH,14560,1665674203.5,2758.0,2756.5,2798.0,2792.5,2776.0,2792.5,599615,2778.0,2778.0,2792.5,1665674203.5,1665674203.5,1665674203.5,,3,SUR,0.81,
TQBR,2016-07-18,ЛУКОЙЛ,LKOH,9419,1398715769.0,2780.5,2757.0,2810.0,2799.0,2783.5,2799.0,502269,2785.0,2785.0,2799.0,1398715769.0,1398715769.0,1398715769.0,,3,SUR,0.23,
TQBR,2016-07-19,ЛУКОЙЛ,LKOH,11444,1711381913.0,2786.0,2786.0,2831.5,2828.0,2809.0,2828.0,608813,2811.0,2811.0,2828.0,1711381913.0,1711381913.0,1711381913.0,,3,SUR,1.04,
TQBR,2016-07-20,ЛУКОЙЛ,LKOH,12120,1611409453.0,2816.0,2777.0,2857.0,2840.5,2816.0,2840.5,572288,2815.5,2815.5,2840.5,1611409453.0,1611409453.0,1611409453.0,,3,SUR,0.44,
TQBR,2016-07-21,ЛУКОЙЛ,LKOH,8991,987546285.0,2852.5,2827.5,2870.0,2858.0,2849.0,2858.0,346681,2848.5,2848.5,2858.0,987546285.0,987546285.0,987546285.0,,3,SUR,0.62,
TQBR,2016-07-22,ЛУКОЙЛ,LKOH,6958,802281971.5,2850.0,2836.0,2870.0,2855.0,2854.0,2855.0,281023,2855.0,2855.0,2855.0,802281971.5,802281971.5,802281971.5,,3,SUR,-0.1,
TQBR,2016-07-25,ЛУКОЙЛ,LKOH,14229,1726232505.0,2850.5,2801.0,2882.0,2829.0,2841.0,2829.0,607725,2840.5,2840.5,2829.0,1726232505.0,1726232505.0,1726232505.0,,3,SUR,-0.91,
TQBR,2016-07-26,ЛУКОЙЛ,LKOH,10927,1400128968.0,2825.5,2780.0,2834.5,2821.0,2808.0,2821.0,498841,2807.0,2807.0,2821.0,1400128968.0,1400128968.0,1400128968.0,,3,SUR,-0.28,
TQBR,2016-07-27,ЛУКОЙЛ,LKOH,10259,1386320430.0,2812.0,2808.0,2853.0,2836.5,2830.5,2836.5,489521,2832.0,2832.0,2836.5,1386320430.0,1386320430.0,1386320430.0,,3,SUR,0.55,
TQBR,2016-07-28,ЛУКОЙЛ,LKOH,12796,1664310039.0,2831.5,2820.5,2887.0,2887.0,2859.5,2887.0,581680,2861.0,2861.0,2887.0,1664310039.0,1664310039.0,1664310039.0,,3,SUR,1.78,
TQBR,2016-07-29,ЛУКОЙЛ,LKOH,14999,2035705107.5,2880.0,2850.0,2897.0,2867.0,2873.0,2867.0,708612,2873.0,2873.0,2867.0,2035705107.5,2035705107.5,2035705107.5,,3,SUR,-0.69,
TQBR,2016-08-01,ЛУКОЙЛ,LKOH,16793,1399305518.5,2877.0,2865.0,2910.0,2886.0,2887.0,2886.0,484536,2888.0,2888.0,2886.0,1399305518.5,1399305518.5,1399305518.5,,3,SUR,0.66,
TQBR,2016-08-02,ЛУКОЙЛ,LKOH,21046,2295800152.0,2878.5,2764.0,2885.0,2781.0,2812.5,2781.0,817323,2809.0,2809.0,2781.0,2295800152.0,2295800152.0,2295800152.0,,3,SUR,-3.64,
TQBR,2016-08-03,ЛУКОЙЛ,LKOH,16043,1889363003.5,2780.5,2740.0,2808.5,2797.0,2771.5,2797.0,681765,2771.5,2771.5,2797.0,1889363003.5,1889363003.5,1889363003.5,,3,SUR,0.58,
TQBR,2016-08-04,ЛУКОЙЛ,LKOH,15723,1725741842.5,2809.5,2795.0,2839.5,2839.5,2818.5,2839.5,612162,2819.0,2819.0,2839.5,1725741842.5,1725741842.5,1725741842.5,,3,SUR,1.52,
TQBR,2016-08-05,ЛУКОЙЛ,LKOH,12867,1193724786.5,2831.0,2787.0,2848.0,2815.0,2815.0,2815.0,424341,2813.0,2813.0,2815.0,1193724786.5,1193724786.5,1193724786.5,,3,SUR,-0.86,
TQBR,2016-08-08,ЛУКОЙЛ,LKOH,7586,977222723.5,2817.5,2808.5,2842.5,2842.5,2822.0,2842.5,346204,2822.5,2822.5,2842.5,977222723.5,977222723.5,977222723.5,,3,SUR,0.98,
TQBR,2016-08-09,ЛУКОЙЛ,LKOH,26924,1367579762.5,2832.5,2804.0,2842.5,2806.0,2822.5,2806.0,484626,2822.0,2822.0,2806.0,1367579762.5,1367579762.5,1367579762.5,,3,SUR,-1.28,
TQBR,2016-08-10,ЛУКОЙЛ,LKOH,18922,2369507414.0,2805.0,2731.5,2813.0,2738.0,2768.5,2738.0,856421,2767.0,2767.0,2738.0,2369507414.0,2369507414.0,2369507414.0,,3,SUR,-2.42,
TQBR,2016-08-11,ЛУКОЙЛ,LKOH,13331,1637176964.5,2730.0,2730.0,2785.0,2785.0,2756.5,2785.0,593550,2758.5,2758.5,2785.0,1637176964.5,1637176964.5,1637176964.5,,3,SUR,1.72,
TQBR,2016-08-12,ЛУКОЙЛ,LKOH,19028,2327873531.0,2787.0,2779.5,2877.0,2870.0,2832.0,2870.0,821270,2834.5,2834.5,2870.0,2327873531.0,2327873531.0,2327873531.0,,3,SUR,3.05,
TQBR,2016-08-15,ЛУКОЙЛ,LKOH,16861,2346300826.5,2874.5,2858.0,2949.0,2922.5,2907.0,2922.5,806538,2909.0,2909.0,2922.5,2346300826.5,2346300826.5,2346300826.5,,3,SUR,1.83,
TQBR,2016-08-16,ЛУКОЙЛ,LKOH,21318,2335289553.0,2924.5,2895.0,2979.0,2932.5,2922.0,2932.5,794458,2939.5,2939.5,2932.5,2335289553.0,2335289553.0,2335289553.0,,3,SUR,0.34,
TQBR,2016-08-17,ЛУКОЙЛ,LKOH,13531,1719891881.0,2921.0,2883.5,2937.5,2932.0,2913.5,2932.0,590676,2911.5,2911.5,2932.0,1719891881.0,1719891881.0,1719891881.0,,3,SUR,-0.02,
TQBR,2016-08-18,ЛУКОЙЛ,LKOH,8727,1082360964.5,2935.0,2925.5,2964.5,2956.5,2946.0,2956.5,367848,2942.5,2942.5,2956.5,1082360964.5,1082360964.5,1082360964.5,,3,SUR,0.84,
TQBR,2016-08-19,ЛУКОЙЛ,LKOH,11764,843986409.0,2960.0,2942.0,2969.0,2948.0,2950.0,2948.0,285476,2956.5,2956.5,2948.0,843986409.0,843986409.0,843986409.0,,3,SUR,-0.29,
TQBR,2016-08-22,ЛУКОЙЛ,LKOH,11658,1512284003.0,2941.0,2901.5,2985.0,2985.0,2946.5,2985.0,513199,2947.0,2947.0,2985.0,1512284003.0,1512284003.0,1512284003.0,,3,SUR,1.26,
TQBR,2016-08-23,ЛУКОЙЛ,LKOH,12822,1942287939.0,2970.0,2967.0,3024.0,3014.0,2999.0,3014.0,647160,3001.0,3001.0,3014.0,1942287939.0,1942287939.0,1942287939.0,,3,SUR,0.97,
TQBR,2016-08-24,ЛУКОЙЛ,LKOH,8985,1211273650.0,3003.5,2997.5,3035.0,3035.0,3010.5,3035.0,401264,3018.5,3018.5,3035.0,1211273650.0,1211273650.0,1211273650.0,,3,SUR,0.7,
TQBR,2016-08-25,ЛУКОЙЛ,LKOH,12636,1749103666.5,3028.0,3005.0,3049.5,3049.0,3026.5,3049.0,578625,3023.0,3023.0,3049.0,1749103666.5,1749103666.5,1749103666.5,,3,SUR,0.46,
TQBR,2016-08-26,ЛУКОЙЛ,LKOH,14193,1982185484.5,3031.0,2994.5,3044.0,3025.0,3019.0,3025.0,656805,3018.0,3018.0,3025.0,1982185484.5,1982185484.5,1982185484.5,,3,SUR,-0.79,
TQBR,2016-08-29,ЛУКОЙЛ,LKOH,9137,1352913869.0,3000.5,2964.0,3003.0,2990.5,2984.0,2990.5,453685,2982.0,2982.0,2990.5,1352913869.0,1352913869.0,1352913869.0,,3,SUR,-1.14,
TQBR,2016-08-30,ЛУКОЙЛ,LKOH,9023,968599890.5,2990.0,2980.0,3014.5,2989.5,3002.0,2989.5,323096,2998.0,2998.0,2989.5,968599890.5,968599890.5,968599890.5,,3,SUR,-0.03,
TQBR,2016-08-31,ЛУКОЙЛ,LKOH,22741,2114290759.0,2978.5,2913.0,2991.0,2913.0,2943.0,2913.0,719038,2940.5,2940.5,2913.0,2114290759.0,2114290759.0,2114290759.0,,3,SUR,-2.56,
TQBR,2016-09-01,ЛУКОЙЛ,LKOH,11908,1382299189.5,2939.0,2923.0,2964.0,2938.0,2952.5,2938.0,469821,2942.0,2942.0,2938.0,1382299189.5,1382299189.5,1382299189.5,,3,SUR,0.86,
TQBR,2016-09-02,ЛУКОЙЛ,LKOH,14344,1733257138.0,2944.5,2940.0,3008.5,3003.0,2978.5,3003.0,581512,2980.5,2980.5,3003.0,1733257138.0,1733257138.0,1733257138.0,,3,SUR,2.21,
TQBR,2016-09-05,ЛУКОЙЛ,LKOH,16303,2086080692.5,3010.0,2996.0,3064.0,3053.0,3038.0,3053.0,686176,3040.0,3040.0,3053.0,2086080692.5,2086080692.5,2086080692.5,,3,SUR,1.67,
TQBR,2016-09-06,ЛУКОЙЛ,LKOH,12377,1860981336.0,3065.0,3037.0,3090.0,3085.0,3065.5,3085.0,607023,3066.0,3066.0,3085.0,1860981336.0,1860981336.0,1860981336.0,,3,SUR,1.05,
TQBR,2016-09-07,ЛУКОЙЛ,LKOH,11874,1609046992.0,3085.5,3068.5,3102.0,3084.0,3088.5,3084.0,520921,3089.0,3089.0,3084.0,1609046992.0,1609046992.0,1609046992.0,,3,SUR,-0.03,
TQBR,2016-09-08,ЛУКОЙЛ,LKOH,13773,2100160922.0,3100.0,3073.0,3108.5,3108.0,3092.5,3108.0,679252,3092.0,3092.0,3108.0,2100160922.0,2100160922.0,2100160922.0,,3,SUR,0.78,
TQBR,2016-09-09,ЛУКОЙЛ,LKOH,9800,1164042210.5,3092.0,3060.5,3100.5,3060.5,3081.0,3060.5,377995,3079.5,3079.5,3060.5,1164042210.5,1164042210.5,1164042210.5,,3,SUR,-1.53,
TQBR,2016-09-12,ЛУКОЙЛ,LKOH,17175,2202127281.5,3031.5,3012.5,3060.0,3045.5,3041.5,3045.5,724133,3041.0,3041.0,3045.5,2202127281.5,2202127281.5,2202127281.5,,3,SUR,-0.49,
TQBR,2016-09-13,ЛУКОЙЛ,LKOH,9711,1318917714.5,3045.0,3018.0,3064.5,3037.5,3035.5,3037.5,434671,3034.5,3034.5,3037.5,1318917714.5,1318917714.5,1318917714.5,,3,SUR,-0.26,
TQBR,2016-09-14,ЛУКОЙЛ,LKOH,12022,1662637535.0,3038.0,3011.0,3070.5,3054.0,3044.0,3054.0,546107,3044.5,3044.5,3054.0,1662637535.0,1662637535.0,1662637535.0,,3,SUR,0.54,
TQBR,2016-09-15,ЛУКОЙЛ,LKOH,15023,1916340312.0,3054.0,3023.5,3068.0,3057.0,3051.0,3057.0,628191,3050.5,3050.5,3057.0,1916340312.0,1916340312.0,1916340312.0,,3,SUR,0.1,
TQBR,2016-09-16,ЛУКОЙЛ,LKOH,14740,3787008161.5,3056.0,2900.0,3056.0,3028.0,3023.0,3028.0,1255799,3015.5,3015.5,3028.0,3787008161.5,3787008161.5,3787008161.5,,3,SUR,-0.95,
TQBR,2016-09-19,ЛУКОЙЛ,LKOH,11597,1821254638.5,3029.0,3000.0,3036.0,3018.0,3020.5,3018.0,603122,3019.5,3019.5,3018.0,1821254638.5,1821254638.5,1821254638.5,,3,SUR,-0.33,
TQBR,2016-09-20,ЛУКОЙЛ,LKOH,9218,1439172607.5,3011.0,2990.5,3055.0,3055.0,3021.5,3055.0,476151,3022.5,3022.5,3055.0,1439172607.5,1439172607.5,1439172607.5,,3,SUR,1.23,
TQBR,2016-09-21,ЛУКОЙЛ,LKOH,9475,1288339027.0,3056.5,3033.0,3069.5,3048.5,3050.5,3048.5,422408,3050.0,3050.0,3048.5,1288339027.0,1288339027.0,1288339027.0,,3,SUR,-0.21,
TQBR,2016-09-22,ЛУКОЙЛ,LKOH,15811,2217743317.0,3065.0,3045.0,3125.0,3125.0,3096.5,3125.0,715735,3098.5,3098.5,3125.0,2217743317.0,2217743317.0,2217743317.0,,3,SUR,2.51,
TQBR,2016-09-23,ЛУКОЙЛ,LKOH,13277,1858988791.0,3114.5,3055.0,3118.0,3085.5,3083.5,3085.5,603365,3081.0,3081.0,3085.5,1858988791.0,1858988791.0,1858988791.0,,3,SUR,-1.26,
TQBR,2016-09-26,ЛУКОЙЛ,LKOH,10092,1648904599.5,3061.0,3041.0,3067.5,3060.0,3052.5,3060.0,540043,3053.5,3053.5,3060.0,1648904599.5,1648904599.5,1648904599.5,,3,SUR,-0.83,
TQBR,2016-09-27,ЛУКОЙЛ,LKOH,11878,1919126437.5,3050.5,3018.0,3058.5,3028.0,3035.0,3028.0,632561,3034.0,3034.0,3028.0,1919126437.5,1919126437.5,1919126437.5,,3,SUR,-1.05,
TQBR,2016-09-28,ЛУКОЙЛ,LKOH,10579,1317395666.0,3038.5,3005.0,3045.5,3010.5,3028.5,3010.5,435058,3028.0,3028.0,3010.5,1317395666.0,1317395666.0,1317395666.0,,3,SUR,-0.58,
TQBR,2016-09-29,ЛУКОЙЛ,LKOH,11873,1533389203.0,3050.0,3043.0,3093.0,3082.0,3075.5,3082.0,498494,3076.0,3076.0,3082.0,1533389203.0,1533389203.0,1533389203.0,,3,SUR,2.38,
TQBR,2016-09-30,ЛУКОЙЛ,LKOH,11947,1952398387.5,3066.0,3056.5,3093.0,3068.0,3081.5,3068.0,635003,3074.5,3074.5,3068.0,1952398387.5,1952398387.5,1952398387.5,,3,SUR,-0.45,
TQBR,2016-10-03,ЛУКОЙЛ,LKOH,8020,1001856995.0,3062.0,3050.5,3085.0,3075.0,3065.5,3075.0,326747,3066.0,3066.0,3075.0,1001856995.0,1001856995.0,1001856995.0,,3,SUR,0.23,
TQBR,2016-10-04,ЛУКОЙЛ,LKOH,9564,1155894179.5,3062.5,3055.0,3084.0,3077.0,3069.0,3077.0,376552,3069.5,3069.5,3077.0,1155894179.5,1155894179.5,1155894179.5,,3,SUR,0.07,
TQBR,2016-10-05,ЛУКОЙЛ,LKOH,9445,1412936881.0,3070.0,3042.0,3082.0,3076.0,3057.0,3076.0,462447,3055.5,3055.5,3076.0,1412936881.0,1412936881.0,1412936881.0,,3,SUR,-0.03,
TQBR,2016-10-06,ЛУКОЙЛ,LKOH,6716,1085212365.5,3066.5,3040.0,3073.5,3070.0,3056.0,3070.0,355323,3054.0,3054.0,3070.0,1085212365.5,1085212365.5,1085212365.5,,3,SUR,-0.2,
TQBR,2016-10-07,ЛУКОЙЛ,LKOH,11123,1381589394.5,3070.5,3036.0,3082.0,3050.0,3060.0,3050.0,451698,3058.5,3058.5,3050.0,1381589394.5,1381589394.5,1381589394.5,,3,SUR,-0.65,
TQBR,2016-10-10,ЛУКОЙЛ,LKOH,9566,1246973041.0,3037.0,3037.0,3092.5,3077.5,3068.0,3077.5,405956,3071.5,3071.5,3077.5,1246973041.0,1246973041.0,1246973041.0,,3,SUR,0.9,
TQBR,2016-10-11,ЛУКОЙЛ,LKOH,10928,1257278851.0,3068.0,3059.0,3110.0,3104.0,3088.0,3104.0,406788,3090.5,3090.5,3104.0,1257278851.0,1257278851.0,1257278851.0,,3,SUR,0.86,
TQBR,2016-10-12,ЛУКОЙЛ,LKOH,9472,1474641211.0,3100.0,3091.0,3125.0,3117.5,3108.5,3117.5,474283,3109.0,3109.0,3117.5,1474641211.0,1474641211.0,1474641211.0,,3,SUR,0.43,
TQBR,2016-10-13,ЛУКОЙЛ,LKOH,10761,1469972610.0,3120.0,3060.0,3124.0,3084.5,3088.5,3084.5,476473,3085.0,3085.0,3084.5,1469972610.0,1469972610.0,1469972610.0,,3,SUR,-1.06,
TQBR,2016-10-14,ЛУКОЙЛ,LKOH,5956,905551683.5,3083.5,3057.5,3087.0,3064.0,3076.0,3064.0,294522,3074.5,3074.5,3064.0,905551683.5,905551683.5,905551683.5,,3,SUR,-0.66,
TQBR,2016-10-17,ЛУКОЙЛ,LKOH,11624,1335723555.0,3070.0,3027.0,3070.0,3030.0,3049.0,3030.0,438454,3046.5,3046.5,3030.0,1335723555.0,1335723555.0,1335723555.0,,3,SUR,-1.11,
TQBR,2016-10-18,ЛУКОЙЛ,LKOH,10389,1195748576.0,3049.5,3031.0,3069.0,3050.0,3052.0,3050.0,391716,3052.5,3052.5,3050.0,1195748576.0,1195748576.0,1195748576.0,,3,SUR,0.66,
TQBR,2016-10-19,ЛУКОЙЛ,LKOH,9037,1079494590.0,3052.0,3014.0,3056.0,3048.0,3039.0,3048.0,355414,3037.5,3037.5,3048.0,1079494590.0,1079494590.0,1079494590.0,,3,SUR,-0.07,
TQBR,2016-10-20,ЛУКОЙЛ,LKOH,9156,1303150301.0,3040.5,3011.0,3054.0,3037.5,3030.5,3037.5,430151,3029.5,3029.5,3037.5,1303150301.0,1303150301.0,1303150301.0,,3,SUR,-0.34,
TQBR,2016-10-21,ЛУКОЙЛ,LKOH,12043,1106119449.0,3030.0,3017.5,3078.5,3071.0,3051.5,3071.0,362148,3054.5,3054.5,3071.0,1106119449.0,1106119449.0,1106119449.0,,3,SUR,1.1,
TQBR,2016-10-24,ЛУКОЙЛ,LKOH,12983,1275678530.0,3071.5,3057.0,3100.0,3094.5,3079.0,3094.5,414211,3080.0,3080.0,3094.5,1275678530.0,1275678530.0,1275678530.0,,3,SUR,0.77,
TQBR,2016-10-25,ЛУКОЙЛ,LKOH,14069,1532820783.5,3093.0,3071.5,3110.0,3098.0,3096.0,3098.0,495070,3096.0,3096.0,3098.0,1532820783.5,1532820783.5,1532820783.5,,3,SUR,0.11,
TQBR,2016-10-26,ЛУКОЙЛ,LKOH,13479,1590486556.5,3096.0,3044.0,3097.5,3081.5,3071.0,3081.5,518331,3068.5,3068.5,3081.5,1590486556.5,1590486556.5,1590486556.5,,3,SUR,-0.53,
TQBR,2016-10-27,ЛУКОЙЛ,LKOH,11824,1266665482.5,3080.0,3074.5,3104.5,3099.0,3087.5,3099.0,410098,3088.5,3088.5,3099.0,1266665482.5,1266665482.5,1266665482.5,,3,SUR,0.57,
TQBR,2016-10-28,ЛУКОЙЛ,LKOH,7235,901397157.0,3085.0,3073.0,3104.0,3104.0,3086.5,3104.0,292011,3087.0,3087.0,3104.0,901397157.0,901397157.0,901397157.0,,3,SUR,0.16,
TQBR,2016-10-31,ЛУКОЙЛ,LKOH,10014,1412511203.5,3089.0,3078.0,3104.5,3100.0,3095.5,3100.0,456204,3096.0,3096.0,3100.0,1412511203.5,1412511203.5,1412511203.5,,3,SUR,-0.13,
TQBR,2016-11-01,ЛУКОЙЛ,LKOH,12153,1920500129.0,3095.0,3095.0,3127.0,3106.0,3110.5,3106.0,617121,3112.0,3112.0,3106.0,1920500129.0,1920500129.0,1920500129.0,,3,SUR,0.19,
TQBR,2016-11-02,ЛУКОЙЛ,LKOH,23186,3870969074.0,3080.5,2962.0,3091.5,2983.0,3031.5,2983.0,1278851,3027.0,3027.0,2983.0,3870969074.0,3870969074.0,3870969074.0,,3,SUR,-3.96,
TQBR,2016-11-03,ЛУКОЙЛ,LKOH,23945,1584925256.5,2994.0,2952.5,3013.0,2984.0,2984.0,2984.0,531414,2982.5,2982.5,2984.0,1584925256.5,1584925256.5,1584925256.5,,3,SUR,0.03,
TQBR,2016-11-07,ЛУКОЙЛ,LKOH,18135,2063215627.5,2986.0,2965.0,3025.0,2991.0,2999.5,2991.0,687607,3000.5,3000.5,2991.0,2063215627.5,2063215627.5,2063215627.5,,3,SUR,0.23,
TQBR,2016-11-08,ЛУКОЙЛ,LKOH,20973,1615872899.5,3011.0,3006.0,3055.0,3030.0,3029.0,3030.0,533127,3031.0,3031.0,3030.0,1615872899.5,1615872899.5,1615872899.5,,3,SUR,1.3,
TQBR,2016-11-09,ЛУКОЙЛ,LKOH,20107,2960658710.5,2968.0,2967.0,3093.0,3058.5,3048.0,3058.5,970089,3052.0,3052.0,3058.5,2960658710.5,2960658710.5,2960658710.5,,3,SUR,0.94,
TQBR,2016-11-10,ЛУКОЙЛ,LKOH,27323,4352892633.0,3091.0,3052.5,3218.5,3145.0,3137.0,3145.0,1386702,3139.0,3139.0,3145.0,4352892633.0,4352892633.0,4352892633.0,,3,SUR,2.83,
TQBR,2016-11-11,ЛУКОЙЛ,LKOH,18373,3134957029.5,3140.5,3092.0,3189.0,3092.0,3138.0,3092.0,999147,3137.5,3137.5,3092.0,3134957029.5,3134957029.5,3134957029.5,,3,SUR,-1.69,
TQBR,2016-11-14,ЛУКОЙЛ,LKOH,15865,2208559696.0,3110.0,3048.0,3123.5,3064.0,3081.5,3064.0,717214,3079.5,3079.5,3064.0,2208559696.0,2208559696.0,2208559696.0,,3,SUR,-0.91,
TQBR,2016-11-15,ЛУКОЙЛ,LKOH,13267,1757731325.5,3070.5,3030.0,3079.5,3043.0,3050.5,3043.0,576443,3049.5,3049.5,3043.0,1757731325.5,1757731325.5,1757731325.5,,3,SUR,-0.69,
TQBR,2016-11-16,ЛУКОЙЛ,LKOH,12806,1725216498.0,3059.5,3041.0,3103.0,3063.0,3072.5,3063.0,561262,3074.0,3074.0,3063.0,1725216498.0,1725216498.0,1725216498.0,,3,SUR,0.66,
TQBR,2016-11-17,ЛУКОЙЛ,LKOH,11618,1400129695.5,3060.0,3055.0,3113.0,3105.0,3084.5,3105.0,453544,3087.0,3087.0,3105.0,1400129695.5,1400129695.5,1400129695.5,,3,SUR,1.37,
TQBR,2016-11-18,ЛУКОЙЛ,LKOH,10802,1232115890.5,3097.0,3082.5,3121.0,3084.5,3101.5,3084.5,397201,3102.0,3102.0,3084.5,1232115890.5,1232115890.5,1232115890.5,,3,SUR,-0.66,
TQBR,2016-11-21,ЛУКОЙЛ,LKOH,10442,1203964587.0,3109.5,3085.5,3135.5,3127.0,3111.0,3127.0,386958,3111.5,3111.5,3127.0,1203964587.0,1203964587.0,1203964587.0,,3,SUR,1.38,
TQBR,2016-11-22,ЛУКОЙЛ,LKOH,10825,1515044696.0,3139.0,3109.0,3150.0,3112.0,3132.0,3112.0,483846,3131.5,3131.5,3112.0,1515044696.0,1515044696.0,1515044696.0,,3,SUR,-0.48,
TQBR,2016-11-23,ЛУКОЙЛ,LKOH,12318,1574713359.0,3113.0,3113.0,3175.0,3175.0,3141.0,3175.0,500486,3146.5,3146.5,3175.0,1574713359.0,1574713359.0,1574713359.0,,3,SUR,2.02,
TQBR,2016-11-24,ЛУКОЙЛ,LKOH,7920,751520028.0,3173.0,3158.5,3189.5,3176.5,3174.5,3176.5,236729,3174.5,3174.5,3176.5,751520028.0,751520028.0,751520028.0,,3,SUR,0.05,
TQBR,2016-11-25,ЛУКОЙЛ,LKOH,6380,991319004.0,3173.0,3146.5,3180.0,3154.5,3161.5,3154.5,313760,3159.5,3159.5,3154.5,991319004.0,991319004.0,991319004.0,,3,SUR,-0.69,
TQBR,2016-11-28,ЛУКОЙЛ,LKOH,9406,1728214391.0,3154.5,3100.0,3165.5,3145.5,3122.0,3145.5,552483,3128.0,3128.0,3145.5,1728214391.0,1728214391.0,1728214391.0,,3,SUR,-0.29,
TQBR,2016-11-29,ЛУКОЙЛ,LKOH,11809,2961512661.5,3141.5,3124.5,3169.5,3147.0,3142.0,3147.0,940061,3150.5,3150.5,3147.0,2961512661.5,2961512661.5,2961512661.5,,3,SUR,0.05,
TQBR,2016-11-30,ЛУКОЙЛ,LKOH,21158,3560840427.0,3150.0,3149.0,3197.0,3188.0,3164.0,3188.0,1121074,3176.5,3176.5,3188.0,3560840427.0,3560840427.0,3560840427.0,,3,SUR,1.3,
TQBR,2016-12-01,ЛУКОЙЛ,LKOH,12279,2413458132.5,3189.0,3183.0,3219.5,3210.0,3195.5,3210.0,755172,3196.0,3196.0,3210.0,2413458132.5,2413458132.5,2413458132.5,,3,SUR,0.69,
TQBR,2016-12-02,ЛУКОЙЛ,LKOH,19944,3399912354.0,3199.0,3192.0,3312.5,3286.0,3265.5,3286.0,1040571,3267.5,3267.5,3286.0,3399912354.0,3399912354.0,3399912354.0,,3,SUR,2.37,
TQBR,2016-12-05,ЛУКОЙЛ,LKOH,16230,2518747281.5,3285.0,3280.0,3329.5,3300.0,3308.5,3300.0,761077,3309.5,3309.5,3300.0,2518747281.5,2518747281.5,2518747281.5,,3,SUR,0.43,
TQBR,2016-12-06,ЛУКОЙЛ,LKOH,15327,2277522226.5,3295.0,3256.0,3337.0,3267.5,3289.5,3267.5,692432,3289.0,3289.0,3267.5,2277522226.5,2277522226.5,2277522226.5,,3,SUR,-0.98,
TQBR,2016-12-07,ЛУКОЙЛ,LKOH,7934,1159928596.0,3271.5,3268.0,3299.0,3287.0,3281.5,3287.0,353280,3283.5,3283.5,3287.0,1159928596.0,1159928596.0,1159928596.0,,3,SUR,0.6,
TQBR,2016-12-08,ЛУКОЙЛ,LKOH,14490,2608870697.0,3298.0,3295.5,3362.0,3359.5,3322.0,3359.5,784849,3324.0,3324.0,3359.5,2608870697.0,2608870697.0,2608870697.0,,3,SUR,2.21,
TQBR,2016-12-09,ЛУКОЙЛ,LKOH,10548,1788406265.0,3364.0,3343.5,3385.0,3371.0,3362.0,3371.0,531970,3362.0,3362.0,3371.0,1788406265.0,1788406265.0,1788406265.0,,3,SUR,0.34,
TQBR,2016-12-12,ЛУКОЙЛ,LKOH,15715,2780083262.0,3385.0,3347.0,3430.0,3375.0,3377.0,3375.0,823375,3376.5,3376.5,3375.0,2780083262.0,2780083262.0,2780083262.0,,3,SUR,0.12,
TQBR,2016-12-13,ЛУКОЙЛ,LKOH,19043,2802842552.5,3357.0,3317.0,3406.0,3328.5,3348.0,3328.5,837393,3347.0,3347.0,3328.5,2802842552.5,2802842552.5,2802842552.5,,3,SUR,-1.38,
TQBR,2016-12-14,ЛУКОЙЛ,LKOH,14697,2003161545.0,3330.0,3303.5,3360.0,3352.0,3330.5,3352.0,601464,3330.5,3330.5,3352.0,2003161545.0,2003161545.0,2003161545.0,,3,SUR,0.71,
TQBR,2016-12-15,ЛУКОЙЛ,LKOH,29301,5636218265.0,3325.5,3297.0,3399.0,3383.5,3365.5,3383.5,1674025,3367.0,3367.0,3383.5,5636218265.0,5636218265.0,5636218265.0,,3,SUR,0.94,
TQBR,2016-12-16,ЛУКОЙЛ,LKOH,18140,3577901171.0,3404.0,3352.0,3414.0,3352.0,3375.0,3352.0,1060633,3373.5,3373.5,3352.0,3577901171.0,3577901171.0,3577901171.0,,3,SUR,-0.93,
TQBR,2016-12-19,ЛУКОЙЛ,LKOH,9438,1490578650.0,3357.0,3335.0,3374.0,3350.5,3355.0,3350.5,444346,3354.5,3354.5,3350.5,1490578650.0,1490578650.0,1490578650.0,,3,SUR,-0.04,
TQBR,2016-12-20,ЛУКОЙЛ,LKOH,12790,2023887353.0,3350.5,3343.0,3425.0,3415.0,3389.0,3415.0,596560,3392.5,3392.5,3415.0,2023887353.0,2023887353.0,2023887353.0,,3,SUR,1.93,
TQBR,2016-12-21,ЛУКОЙЛ,LKOH,32883,2729623738.5,3411.0,3390.0,3477.5,3439.0,3427.0,3439.0,796676,3426.5,3426.5,3439.0,2729623738.5,2729623738.5,2729623738.5,,3,SUR,0.7,
TQBR,2016-12-22,ЛУКОЙЛ,LKOH,13301,2198702733.0,3370.0,3343.5,3379.5,3368.0,3362.5,3368.0,653986,3362.0,3362.0,3368.0,2198702733.0,2198702733.0,2198702733.0,,3,SUR,-2.06,
TQBR,2016-12-23,ЛУКОЙЛ,LKOH,10408,1549977178.0,3347.5,3347.5,3415.0,3396.0,3391.0,3396.0,456823,3393.0,3393.0,3396.0,1549977178.0,1549977178.0,1549977178.0,,3,SUR,0.83,
TQBR,2016-12-26,ЛУКОЙЛ,LKOH,2989,343238419.0,3405.0,3385.0,3423.0,3418.0,3399.0,3418.0,100713,3408.0,3408.0,3418.0,343238419.0,343238419.0,343238419.0,,3,SUR,0.65,
TQBR,2016-12-27,ЛУКОЙЛ,LKOH,4612,735296683.5,3418.5,3403.5,3433.0,3428.5,3423.0,3428.5,214802,3423.0,3423.0,3428.5,735296683.5,735296683.5,735296683.5,,3,SUR,0.31,
TQBR,2016-12-28,ЛУКОЙЛ,LKOH,11323,1845019897.5,3432.5,3343.5,3435.0,3344.0,3390.0,3344.0,544308,3389.5,3389.5,3344.0,1845019897.5,1845019897.5,1845019897.5,,3,SUR,-2.46,
TQBR,2016-12-29,ЛУКОЙЛ,LKOH,12507,1514315580.0,3345.0,3334.0,3432.5,3424.5,3379.5,3424.5,447985,3380.5,3380.5,3424.5,1514315580.0,1514315580.0,1514315580.0,,3,SUR,2.41,
TQBR,2016-12-30,ЛУКОЙЛ,LKOH,9877,2213573984.0,3420.0,3402.5,3449.0,3449.0,3428.0,3449.0,645685,3428.5,3428.5,3449.0,2213573984.0,2213573984.0,2213573984.0,,3,SUR,0.72,
TQBR,2017-01-03,ЛУКОЙЛ,LKOH,11451,2465225181.5,3445.0,3442.5,3582.0,3575.0,3520.5,3575.0,700138,3521.0,3521.0,3575.0,2465225181.5,2465225181.5,2465225181.5,,3,SUR,3.65,
TQBR,2017-01-04,ЛУКОЙЛ,LKOH,12195,1756864235.5,3560.0,3456.0,3560.0,3479.5,3492.0,3479.5,503239,3491.0,3491.0,3479.5,1756864235.5,1756864235.5,1756864235.5,,3,SUR,-2.67,
TQBR,2017-01-05,ЛУКОЙЛ,LKOH,16950,2216412703.5,3484.0,3367.5,3494.0,3379.0,3420.0,3379.0,648238,3419.0,3419.0,3379.0,2216412703.5,2216412703.5,2216412703.5,,3,SUR,-2.89,
TQBR,2017-01-06,ЛУКОЙЛ,LKOH,10428,1133185966.5,3380.5,3337.0,3404.5,3365.0,3365.0,3365.0,336808,3364.5,3364.5,3365.0,1133185966.5,1133185966.5,1133185966.5,,3,SUR,-0.41,
TQBR,2017-01-09,ЛУКОЙЛ,LKOH,10631,1023927709.0,3373.0,3353.0,3392.5,3384.5,3369.0,3384.5,303953,3368.5,3368.5,3384.5,1023927709.0,1023927709.0,1023927709.0,,3,SUR,0.58,
TQBR,2017-01-10,ЛУКОЙЛ,LKOH,12171,1739992004.5,3372.0,3368.5,3406.5,3399.0,3392.0,3399.0,512965,3392.0,3392.0,3399.0,1739992004.5,1739992004.5,1739992004.5,,3,SUR,0.43,
TQBR,2017-01-11,ЛУКОЙЛ,LKOH,6514,1025645641.0,3387.5,3380.5,3404.0,3394.5,3392.0,3394.5,302371,3392.0,3392.0,3394.5,1025645641.0,1025645641.0,1025645641.0,,3,SUR,-0.13,
TQBR,2017-01-12,ЛУКОЙЛ,LKOH,15860,2598101391.0,3404.0,3287.5,3410.0,3300.0,3341.0,3300.0,777973,3339.5,3339.5,3300.0,2598101391.0,2598101391.0,2598101391.0,,3,SUR,-2.78,
TQBR,2017-01-13,ЛУКОЙЛ,LKOH,18919,2072678329.0,3300.0,3243.5,3319.5,3290.0,3281.5,3290.0,631637,3281.5,3281.5,3290.0,2072678329.0,2072678329.0,2072678329.0,,3,SUR,-0.3,
TQBR,2017-01-16,ЛУКОЙЛ,LKOH,11969,1732791115.0,3295.0,3236.5,3298.0,3240.0,3266.5,3240.0,530947,3263.5,3263.5,3240.0,1732791115.0,1732791115.0,1732791115.0,,3,SUR,-1.52,
TQBR,2017-01-17,ЛУКОЙЛ,LKOH,13974,1904591985.0,3240.0,3208.0,3259.5,3233.0,3232.0,3233.0,589385,3231.5,3231.5,3233.0,1904591985.0,1904591985.0,1904591985.0,,3,SUR,-0.22,
TQBR,2017-01-18,ЛУКОЙЛ,LKOH,14875,2028472505.0,3240.0,3202.0,3266.0,3224.0,3232.5,3224.0,627609,3232.0,3232.0,3224.0,2028472505.0,2028472505.0,2028472505.0,,3,SUR,-0.28,
TQBR,2017-01-19,ЛУКОЙЛ,LKOH,12803,2027209328.0,3233.0,3183.5,3239.0,3195.0,3208.0,3195.0,632244,3206.5,3206.5,3195.0,2027209328.0,2027209328.0,2027209328.0,,3,SUR,-0.9,
TQBR,2017-01-20,ЛУКОЙЛ,LKOH,15290,2008358600.5,3192.0,3177.0,3241.5,3180.0,3197.5,3180.0,628003,3198.0,3198.0,3180.0,2008358600.5,2008358600.5,2008358600.5,,3,SUR,-0.47,
TQBR,2017-01-23,ЛУКОЙЛ,LKOH,11874,1329843750.0,3196.0,3146.5,3196.0,3176.5,3165.0,3176.5,420621,3161.5,3161.5,3176.5,1329843750.0,1329843750.0,1329843750.0,,3,SUR,-0.11,
TQBR,2017-01-24,ЛУКОЙЛ,LKOH,27509,2779930059.5,3185.0,3147.5,3203.0,3190.0,3173.0,3190.0,876239,3172.5,3172.5,3190.0,2779930059.5,2779930059.5,2779930059.5,,3,SUR,0.42,
TQBR,2017-01-25,ЛУКОЙЛ,LKOH,17028,2398099649.5,3194.0,3154.0,3219.0,3215.0,3189.5,3215.0,751933,3189.0,3189.0,3215.0,2398099649.5,2398099649.5,2398099649.5,,3,SUR,0.78,
TQBR,2017-01-26,ЛУКОЙЛ,LKOH,31874,4780278782.0,3218.5,3218.0,3378.5,3376.5,3293.0,3376.5,1450895,3294.5,3294.5,3376.5,4780278782.0,4780278782.0,4780278782.0,,3,SUR,5.02,
TQBR,2017-01-27,ЛУКОЙЛ,LKOH,35381,4832922571.0,3372.5,3335.5,3494.0,3486.0,3427.0,3486.0,1409010,3430.0,3430.0,3486.0,4832922571.0,4832922571.0,4832922571.0,,3,SUR,3.24,
TQBR,2017-01-30,ЛУКОЙЛ,LKOH,27751,2251704550.5,3470.5,3397.5,3479.5,3408.0,3430.5,3408.0,657283,3426.0,3426.0,3408.0,2251704550.5,2251704550.5,2251704550.5,,3,SUR,-2.24,
TQBR,2017-01-31,ЛУКОЙЛ,LKOH,15877,2474636235.5,3406.0,3360.0,3424.5,3370.0,3384.0,3370.0,731667,3382.0,3382.0,3370.0,2474636235.5,2474636235.5,2474636235.5,,3,SUR,-1.12,
TQBR,2017-02-01,ЛУКОЙЛ,LKOH,15536,2096507096.5,3375.0,3346.5,3394.0,3375.0,3368.0,3375.0,622620,3367.0,3367.0,3375.0,2096507096.5,2096507096.5,2096507096.5,,3,SUR,0.15,
TQBR,2017-02-02,ЛУКОЙЛ,LKOH,13335,2044574763.5,3380.0,3345.0,3405.0,3364.5,3373.5,3364.5,606159,3373.0,3373.0,3364.5,2044574763.5,2044574763.5,2044574763.5,,3,SUR,-0.31,
TQBR,2017-02-03,ЛУКОЙЛ,LKOH,11973,1618809711.5,3372.0,3347.5,3387.0,3370.5,3368.5,3370.5,480672,3368.0,3368.0,3370.5,1618809711.5,1618809711.5,1618809711.5,,3,SUR,0.18,
TQBR,2017-02-06,ЛУКОЙЛ,LKOH,17286,2350526675.0,3380.5,3316.5,3384.5,3338.0,3341.5,3338.0,704151,3338.0,3338.0,3338.0,2350526675.0,2350526675.0,2350526675.0,,3,SUR,-0.96,
TQBR,2017-02-07,ЛУКОЙЛ,LKOH,10279,1478510706.5,3337.0,3308.0,3380.0,3379.0,3349.0,3379.0,441264,3350.5,3350.5,3379.0,1478510706.5,1478510706.5,1478510706.5,,3,SUR,1.23,
TQBR,2017-02-08,ЛУКОЙЛ,LKOH,20030,2962068772.0,3370.0,3271.0,3377.5,3299.0,3326.5,3299.0,891223,3323.5,3323.5,3299.0,2962068772.0,2962068772.0,2962068772.0,,3,SUR,-2.37,
TQBR,2017-02-09,ЛУКОЙЛ,LKOH,19497,2432649501.0,3311.0,3256.0,3328.0,3266.5,3293.0,3266.5,739024,3291.5,3291.5,3266.5,2432649501.0,2432649501.0,2432649501.0,,3,SUR,-0.99,
TQBR,2017-02-10,ЛУКОЙЛ,LKOH,15446,2176764359.0,3275.0,3233.0,3298.0,3245.5,3256.5,3245.5,668104,3258.0,3258.0,3245.5,2176764359.0,2176764359.0,2176764359.0,,3,SUR,-0.64,
TQBR,2017-02-13,ЛУКОЙЛ,LKOH,14277,2114906331.5,3261.5,3221.0,3279.0,3279.0,3252.0,3279.0,650494,3251.0,3251.0,3279.0,2114906331.5,2114906331.5,2114906331.5,,3,SUR,1.03,
TQBR,2017-02-14,ЛУКОЙЛ,LKOH,16469,1663461025.0,3279.0,3239.0,3279.5,3250.0,3258.5,3250.0,510783,3256.5,3256.5,3250.0,1663461025.0,1663461025.0,1663461025.0,,3,SUR,-0.88,
TQBR,2017-02-15,ЛУКОЙЛ,LKOH,18306,2502975566.5,3242.0,3173.0,3248.0,3211.0,3214.5,3211.0,778957,3213.0,3213.0,3211.0,2502975566.5,2502975566.5,2502975566.5,,3,SUR,-1.2,
TQBR,2017-02-16,ЛУКОЙЛ,LKOH,9033,1275352043.0,3202.5,3180.0,3233.0,3232.0,3204.0,3232.0,397994,3204.5,3204.5,3232.0,1275352043.0,1275352043.0,1275352043.0,,3,SUR,0.65,
TQBR,2017-02-17,ЛУКОЙЛ,LKOH,14463,2110408242.0,3239.0,3168.0,3244.0,3198.5,3205.5,3198.5,658816,3203.5,3203.5,3198.5,2110408242.0,2110408242.0,2110408242.0,,3,SUR,-1.04,
TQBR,2017-02-20,ЛУКОЙЛ,LKOH,13081,1517881058.0,3208.0,3157.0,3217.5,3180.0,3180.0,3180.0,477667,3177.5,3177.5,3180.0,1517881058.0,1517881058.0,1517881058.0,,3,SUR,-0.58,
TQBR,2017-02-21,ЛУКОЙЛ,LKOH,10378,1390931620.5,3175.0,3161.0,3218.5,3199.5,3198.5,3199.5,434554,3201.0,3201.0,3199.5,1390931620.5,1390931620.5,1390931620.5,,3,SUR,0.61,
TQBR,2017-02-22,ЛУКОЙЛ,LKOH,13482,2026369387.0,3209.5,3149.0,3215.0,3175.5,3178.5,3175.5,637961,3176.5,3176.5,3175.5,2026369387.0,2026369387.0,2026369387.0,,3,SUR,-0.75,
TQBR,2017-02-24,ЛУКОЙЛ,LKOH,7897,931782426.5,3165.5,3127.5,3185.0,3184.0,3161.0,3184.0,294854,3160.0,3160.0,3184.0,931782426.5,931782426.5,931782426.5,,3,SUR,0.27,
TQBR,2017-02-27,ЛУКОЙЛ,LKOH,13525,1717796867.0,3179.5,3115.0,3189.0,3135.0,3139.5,3135.0,547910,3135.0,3135.0,3135.0,1717796867.0,1717796867.0,1717796867.0,,3,SUR,-1.54,
TQBR,2017-02-28,ЛУКОЙЛ,LKOH,16116,2745199559.0,3140.0,3077.5,3145.0,3086.0,3104.0,3086.0,884754,3103.0,3103.0,3086.0,2745199559.0,2745199559.0,2745199559.0,,3,SUR,-1.56,
TQBR,2017-03-01,ЛУКОЙЛ,LKOH,11490,1772230503.5,3090.0,3076.5,3137.0,3120.0,3113.0,3120.0,569160,3114.0,3114.0,3120.0,1772230503.5,1772230503.5,1772230503.5,,3,SUR,1.1,
TQBR,2017-03-02,ЛУКОЙЛ,LKOH,12221,1718164513.0,3125.0,3080.5,3130.5,3086.0,3107.5,3086.0,553071,3106.5,3106.5,3086.0,1718164513.0,1718164513.0,1718164513.0,,3,SUR,-1.09,
TQBR,2017-03-03,ЛУКОЙЛ,LKOH,16390,2008654140.0,3086.5,3033.0,3090.0,3085.0,3068.5,3085.0,654728,3068.0,3068.0,3085.0,2008654140.0,2008654140.0,2008654140.0,,3,SUR,-0.03,
TQBR,2017-03-06,ЛУКОЙЛ,LKOH,9122,1158428745.0,3073.0,3055.0,3108.5,3078.5,3077.0,3078.5,376471,3077.0,3077.0,3078.5,1158428745.0,1158428745.0,1158428745.0,,3,SUR,-0.21,
TQBR,2017-03-07,ЛУКОЙЛ,LKOH,17931,2079104331.0,3080.0,3045.0,3099.0,3070.0,3064.5,3070.0,678348,3065.0,3065.0,3070.0,2079104331.0,2079104331.0,2079104331.0,,3,SUR,-0.28,
TQBR,2017-03-09,ЛУКОЙЛ,LKOH,26940,3660341151.0,3025.0,2937.0,3049.0,2970.0,2989.5,2970.0,1224984,2988.0,2988.0,2970.0,3660341151.0,3660341151.0,3660341151.0,,3,SUR,-3.26,
TQBR,2017-03-10,ЛУКОЙЛ,LKOH,14096,1860369582.0,2970.5,2955.0,3054.0,3028.0,3015.0,3028.0,617101,3014.5,3014.5,3028.0,1860369582.0,1860369582.0,1860369582.0,,3,SUR,1.95,
TQBR,2017-03-13,ЛУКОЙЛ,LKOH,10264,1252408468.5,3020.0,3014.5,3085.0,3051.0,3060.0,3051.0,409317,3060.0,3060.0,3051.0,1252408468.5,1252408468.5,1252408468.5,,3,SUR,0.76,
TQBR,2017-03-14,ЛУКОЙЛ,LKOH,17533,2148795438.5,3063.5,3043.0,3118.0,3080.0,3081.0,3080.0,697452,3081.0,3081.0,3080.0,2148795438.5,2148795438.5,2148795438.5,,3,SUR,0.95,
TQBR,2017-03-15,ЛУКОЙЛ,LKOH,17801,2348545603.5,3095.0,3067.5,3122.0,3088.0,3094.5,3088.0,758775,3095.0,3095.0,3088.0,2348545603.5,2348545603.5,2348545603.5,,3,SUR,0.26,
TQBR,2017-03-16,ЛУКОЙЛ,LKOH,20466,3139449984.0,3121.0,3075.5,3147.5,3095.0,3102.0,3095.0,1012186,3101.5,3101.5,3095.0,3139449984.0,3139449984.0,3139449984.0,,3,SUR,0.23,
TQBR,2017-03-17,ЛУКОЙЛ,LKOH,24251,3454177104.0,3090.0,3082.0,3158.5,3130.0,3123.0,3130.0,1105956,3123.5,3123.5,3130.0,3454177104.0,3454177104.0,3454177104.0,,3,SUR,1.13,
TQBR,2017-03-20,ЛУКОЙЛ,LKOH,17929,1973951227.5,3132.5,3056.0,3145.0,3092.5,3091.5,3092.5,638473,3091.5,3091.5,3092.5,1973951227.5,1973951227.5,1973951227.5,,3,SUR,-1.2,
TQBR,2017-03-21,ЛУКОЙЛ,LKOH,14724,1716886630.0,3092.5,3080.0,3120.0,3101.0,3102.0,3101.0,553481,3102.0,3102.0,3101.0,1716886630.0,1716886630.0,1716886630.0,,3,SUR,0.27,
TQBR,2017-03-22,ЛУКОЙЛ,LKOH,17482,2422071249.0,3082.0,3069.0,3120.5,3120.5,3097.0,3120.5,782131,3097.0,3097.0,3120.5,2422071249.0,2422071249.0,2422071249.0,,3,SUR,0.63,
TQBR,2017-03-23,ЛУКОЙЛ,LKOH,16271,2313531959.0,3121.0,3052.0,3139.0,3066.0,3086.0,3066.0,749708,3086.0,3086.0,3066.0,2313531959.0,2313531959.0,2313531959.0,,3,SUR,-1.75,
TQBR,2017-03-24,ЛУКОЙЛ,LKOH,12367,1575046839.5,3067.5,3014.0,3082.0,3017.5,3041.5,3017.5,517876,3041.5,3041.5,3017.5,1575046839.5,1575046839.5,1575046839.5,,3,SUR,-1.58,
TQBR,2017-03-27,ЛУКОЙЛ,LKOH,12841,1275955911.5,3000.0,2954.5,3017.0,3003.0,2984.0,3003.0,427673,2983.5,2983.5,3003.0,1275955911.5,1275955911.5,1275955911.5,,3,SUR,-0.48,
TQBR,2017-03-28,ЛУКОЙЛ,LKOH,14722,1569059333.0,3005.0,2985.5,3055.0,3055.0,3021.5,3055.0,519223,3022.0,3022.0,3055.0,1569059333.0,1569059333.0,1569059333.0,,3,SUR,1.73,
TQBR,2017-03-29,ЛУКОЙЛ,LKOH,15750,1428716126.0,3054.5,3022.5,3066.0,3061.0,3048.5,3061.0,468846,3047.5,3047.5,3061.0,1428716126.0,1428716126.0,1428716126.0,,3,SUR,0.2,
TQBR,2017-03-30,ЛУКОЙЛ,LKOH,19813,2346146179.5,3061.0,2977.0,3064.5,2982.0,3008.0,2982.0,780406,3006.5,3006.5,2982.0,2346146179.5,2346146179.5,2346146179.5,,3,SUR,-2.58,
TQBR,2017-03-31,ЛУКОЙЛ,LKOH,12954,1591653238.0,2990.0,2969.0,3003.5,2981.0,2991.0,2981.0,532916,2986.5,2986.5,2981.0,1591653238.0,1591653238.0,1591653238.0,,3,SUR,-0.03,
TQBR,2017-04-03,ЛУКОЙЛ,LKOH,10646,1073526160.5,2991.0,2979.5,3027.0,3026.5,3010.5,3026.5,356462,3011.5,3011.5,3026.5,1073526160.5,1073526160.5,1073526160.5,,3,SUR,1.53,
TQBR,2017-04-04,ЛУКОЙЛ,LKOH,12280,1386360505.5,3014.0,3014.0,3063.0,3050.0,3042.0,3050.0,455535,3043.5,3043.5,3050.0,1386360505.5,1386360505.5,1386360505.5,,3,SUR,0.78,
TQBR,2017-04-05,ЛУКОЙЛ,LKOH,14515,1642099682.5,3058.5,3030.0,3063.5,3057.0,3051.5,3057.0,538141,3051.5,3051.5,3057.0,1642099682.5,1642099682.5,1642099682.5,,3,SUR,0.23,
TQBR,2017-04-06,ЛУКОЙЛ,LKOH,12395,1439421349.5,3045.0,3026.0,3065.0,3057.5,3050.5,3057.5,471903,3050.0,3050.0,3057.5,1439421349.5,1439421349.5,1439421349.5,,3,SUR,0.02,
TQBR,2017-04-07,ЛУКОЙЛ,LKOH,21120,2393481322.5,3037.0,2955.0,3057.5,2991.0,2989.5,2991.0,800567,2989.5,2989.5,2991.0,2393481322.5,2393481322.5,2393481322.5,,3,SUR,-2.17,
TQBR,2017-04-10,ЛУКОЙЛ,LKOH,16137,2053230037.0,2980.0,2923.5,2989.0,2956.0,2954.5,2956.0,694880,2955.0,2955.0,2956.0,2053230037.0,2053230037.0,2053230037.0,,3,SUR,-1.17,
TQBR,2017-04-11,ЛУКОЙЛ,LKOH,18077,1466313546.5,2953.5,2941.0,2996.5,2968.0,2960.0,2968.0,493902,2969.0,2969.0,2968.0,1466313546.5,1466313546.5,1466313546.5,,3,SUR,0.41,
TQBR,2017-04-12,ЛУКОЙЛ,LKOH,16450,1679603237.0,2980.0,2908.0,2985.0,2949.5,2946.0,2949.5,570820,2942.5,2942.5,2949.5,1679603237.0,1679603237.0,1679603237.0,,3,SUR,-0.62,
TQBR,2017-04-13,ЛУКОЙЛ,LKOH,20351,2002513587.0,2952.0,2866.0,2958.0,2910.0,2903.0,2910.0,689840,2903.0,2903.0,2910.0,2002513587.0,2002513587.0,2002513587.0,,3,SUR,-1.34,
TQBR,2017-04-14,ЛУКОЙЛ,LKOH,4104,394481757.0,2915.0,2856.0,2915.0,2864.5,2877.0,2864.5,137148,2876.5,2876.5,2864.5,394481757.0,394481757.0,394481757.0,,3,SUR,-1.56,
TQBR,2017-04-17,ЛУКОЙЛ,LKOH,9982,748413589.5,2846.0,2835.0,2890.0,2880.0,2860.5,2880.0,261646,2860.5,2860.5,2880.0,748413589.5,748413589.5,748413589.5,,3,SUR,0.54,
TQBR,2017-04-18,ЛУКОЙЛ,LKOH,13994,1358480295.0,2881.0,2816.5,2893.5,2828.5,2842.0,2828.5,478019,2842.0,2842.0,2828.5,1358480295.0,1358480295.0,1358480295.0,,3,SUR,-1.79,
TQBR,2017-04-19,ЛУКОЙЛ,LKOH,17276,2305922541.0,2839.0,2822.5,2892.0,2859.0,2867.5,2859.0,804330,2867.0,2867.0,2859.0,2305922541.0,2305922541.0,2305922541.0,,3,SUR,1.08,
TQBR,2017-04-20,ЛУКОЙЛ,LKOH,17800,1982603333.0,2843.0,2805.0,2871.5,2858.0,2831.0,2858.0,700369,2831.0,2831.0,2858.0,1982603333.0,1982603333.0,1982603333.0,,3,SUR,-0.03,
TQBR,2017-04-21,ЛУКОЙЛ,LKOH,14705,1193914904.0,2864.0,2826.0,2870.0,2850.0,2855.0,2850.0,418180,2855.0,2855.0,2850.0,1193914904.0,1193914904.0,1193914904.0,,3,SUR,-0.28,
TQBR,2017-04-24,ЛУКОЙЛ,LKOH,17697,2117996551.0,2876.0,2865.0,2924.5,2919.0,2904.5,2919.0,729191,2904.5,2904.5,2919.0,2117996551.0,2117996551.0,2117996551.0,,3,SUR,2.42,
TQBR,2017-04-25,ЛУКОЙЛ,LKOH,18729,1730250853.0,2928.0,2887.0,2957.5,2957.0,2927.5,2957.0,591054,2927.5,2927.5,2957.0,1730250853.0,1730250853.0,1730250853.0,,3,SUR,1.3,
TQBR,2017-04-26,ЛУКОЙЛ,LKOH,15941,1553312495.0,2964.0,2922.0,2984.5,2970.0,2956.5,2970.0,525392,2956.5,2956.5,2970.0,1553312495.0,1553312495.0,1553312495.0,,3,SUR,0.44,
TQBR,2017-04-27,ЛУКОЙЛ,LKOH,20200,2014062848.5,2960.0,2878.0,2964.5,2885.0,2912.0,2885.0,691682,2912.0,2912.0,2885.0,2014062848.5,2014062848.5,2014062848.5,,3,SUR,-2.86,
TQBR,2017-04-28,ЛУКОЙЛ,LKOH,21024,2957101083.0,2897.0,2814.0,2902.5,2818.0,2847.5,2818.0,1038657,2847.0,2847.0,2818.0,2957101083.0,2957101083.0,2957101083.0,,3,SUR,-2.32,
TQBR,2017-05-02,ЛУКОЙЛ,LKOH,19033,2519586738.0,2835.5,2820.5,2900.0,2864.0,2868.5,2864.0,878683,2867.5,2867.5,2864.0,2519586738.0,2519586738.0,2519586738.0,,3,SUR,1.63,
TQBR,2017-05-03,ЛУКОЙЛ,LKOH,32276,3761410027.5,2858.5,2753.5,2868.0,2770.0,2787.5,2770.0,1349296,2787.5,2787.5,2770.0,3761410027.5,3761410027.5,3761410027.5,,3,SUR,-3.28,
TQBR,2017-05-04,ЛУКОЙЛ,LKOH,16194,2152160144.0,2778.0,2768.5,2818.0,2780.0,2791.0,2780.0,771128,2791.0,2791.0,2780.0,2152160144.0,2152160144.0,2152160144.0,,3,SUR,0.36,
TQBR,2017-05-05,ЛУКОЙЛ,LKOH,14889,1721174080.0,2771.0,2764.0,2816.0,2811.5,2798.5,2811.5,615162,2798.0,2798.0,2811.5,1721174080.0,1721174080.0,1721174080.0,,3,SUR,1.13,
TQBR,2017-05-10,ЛУКОЙЛ,LKOH,19472,2489067201.0,2851.0,2846.5,2917.0,2917.0,2883.0,2917.0,863318,2883.0,2883.0,2917.0,2489067201.0,2489067201.0,2489067201.0,,3,SUR,3.75,
TQBR,2017-05-11,ЛУКОЙЛ,LKOH,14161,1984205287.0,2908.0,2824.0,2911.0,2840.0,2877.0,2840.0,693595,2861.0,2861.0,2840.0,1984205287.0,1984205287.0,1984205287.0,,3,SUR,-2.64,
TQBR,2017-05-12,ЛУКОЙЛ,LKOH,15745,1578586418.5,2845.0,2796.5,2856.0,2856.0,2826.0,2856.0,558606,2826.0,2826.0,2856.0,1578586418.5,1578586418.5,1578586418.5,,3,SUR,0.56,
TQBR,2017-05-15,ЛУКОЙЛ,LKOH,10799,1350454683.0,2866.0,2850.0,2890.0,2876.0,2871.0,2876.0,470352,2871.0,2871.0,2876.0,1350454683.0,1350454683.0,1350454683.0,,3,SUR,0.7,
TQBR,2017-05-16,ЛУКОЙЛ,LKOH,13482,1968988518.0,2868.5,2860.5,2907.5,2890.5,2884.5,2890.5,682286,2886.0,2886.0,2890.5,1968988518.0,1968988518.0,1968988518.0,,3,SUR,0.5,
TQBR,2017-05-17,ЛУКОЙЛ,LKOH,13410,1563869145.5,2880.0,2841.0,2900.0,2870.0,2874.5,2870.0,544110,2874.0,2874.0,2870.0,1563869145.5,1563869145.5,1563869145.5,,3,SUR,-0.71,
TQBR,2017-05-18,ЛУКОЙЛ,LKOH,20400,2328512750.0,2861.0,2822.5,2877.0,2877.0,2850.5,2877.0,816708,2851.0,2851.0,2877.0,2328512750.0,2328512750.0,2328512750.0,,3,SUR,0.24,
TQBR,2017-05-19,ЛУКОЙЛ,LKOH,13264,1830079057.0,2882.0,2845.0,2891.0,2850.0,2872.5,2850.0,637181,2872.0,2872.0,2850.0,1830079057.0,1830079057.0,1830079057.0,,3,SUR,-0.94,
TQBR,2017-05-22,ЛУКОЙЛ,LKOH,17822,1678663769.5,2850.0,2800.0,2850.0,2811.0,2814.5,2811.0,595265,2820.0,2820.0,2811.0,1678663769.5,1678663769.5,1678663769.5,,3,SUR,-1.37,
TQBR,2017-05-23,ЛУКОЙЛ,LKOH,12616,1401162212.0,2805.0,2800.0,2830.0,2825.0,2822.5,2825.0,497572,2816.0,2816.0,2825.0,1401162212.0,1401162212.0,1401162212.0,,3,SUR,0.5,
TQBR,2017-05-24,ЛУКОЙЛ,LKOH,11508,1620629235.5,2820.5,2772.0,2830.0,2804.0,2795.0,2804.0,580285,2793.0,2793.0,2804.0,1620629235.5,1620629235.5,1620629235.5,,3,SUR,-0.74,
TQBR,2017-05-25,ЛУКОЙЛ,LKOH,13636,1754059696.0,2810.0,2781.0,2847.0,2798.0,2815.0,2798.0,623073,2815.0,2815.0,2798.0,1754059696.0,1754059696.0,1754059696.0,,3,SUR,-0.21,
TQBR,2017-05-26,ЛУКОЙЛ,LKOH,15954,1724741537.0,2800.0,2757.0,2800.0,2796.5,2775.0,2796.5,621558,2775.0,2775.0,2796.5,1724741537.0,1724741537.0,1724741537.0,,3,SUR,-0.05,
TQBR,2017-05-29,ЛУКОЙЛ,LKOH,7856,786442853.0,2780.0,2777.5,2810.0,2794.5,2796.0,2794.5,281068,2798.0,2798.0,2794.5,786442853.0,786442853.0,786442853.0,,3,SUR,-0.07,
TQBR,2017-05-30,ЛУКОЙЛ,LKOH,17179,1927849956.5,2791.0,2763.0,2840.0,2825.0,2787.0,2825.0,685567,2812.0,2812.0,2825.0,1927849956.5,1927849956.5,1927849956.5,,3,SUR,1.09,
TQBR,2017-05-31,ЛУКОЙЛ,LKOH,24451,2881280600.5,2820.0,2715.0,2831.0,2753.0,2769.0,2753.0,1040753,2768.5,2768.5,2753.0,2881280600.5,2881280600.5,2881280600.5,,3,SUR,-2.55,
TQBR,2017-06-01,ЛУКОЙЛ,LKOH,19900,2985169816.0,2753.0,2680.0,2760.0,2700.0,2700.0,2700.0,1105587,2700.0,2700.0,2700.0,2985169816.0,2985169816.0,2985169816.0,,3,SUR,-1.93,
TQBR,2017-06-02,ЛУКОЙЛ,LKOH,28633,2496799879.0,2700.0,2674.0,2745.0,2734.0,2716.0,2734.0,919258,2716.0,2716.0,2734.0,2496799879.0,2496799879.0,2496799879.0,,3,SUR,1.26,
TQBR,2017-06-05,ЛУКОЙЛ,LKOH,11458,877116295.0,2748.0,2713.0,2755.0,2734.5,2733.5,2734.5,320853,2733.5,2733.5,2734.5,877116295.0,877116295.0,877116295.0,,3,SUR,0.02,
TQBR,2017-06-06,ЛУКОЙЛ,LKOH,16318,1689575549.5,2732.5,2690.5,2743.0,2721.5,2718.0,2721.5,621846,2717.0,2717.0,2721.5,1689575549.5,1689575549.5,1689575549.5,,3,SUR,-0.48,
TQBR,2017-06-07,ЛУКОЙЛ,LKOH,15162,1443821612.0,2725.0,2700.0,2753.0,2705.0,2742.0,2705.0,530508,2721.5,2721.5,2705.0,1443821612.0,1443821612.0,1443821612.0,,3,SUR,-0.61,
TQBR,2017-06-08,ЛУКОЙЛ,LKOH,15247,1555275927.0,2712.0,2695.0,2740.5,2735.0,2703.5,2735.0,572620,2716.0,2716.0,2735.0,1555275927.0,1555275927.0,1555275927.0,,3,SUR,1.11,
TQBR,2017-06-09,ЛУКОЙЛ,LKOH,15674,1648862374.5,2732.0,2717.0,2774.0,2774.0,2755.0,2774.0,598565,2754.5,2754.5,2774.0,1648862374.5,1648862374.5,1648862374.5,,3,SUR,1.43,
TQBR,2017-06-13,ЛУКОЙЛ,LKOH,16502,1652072676.0,2760.0,2739.0,2784.0,2760.5,2744.5,2760.5,598743,2759.0,2759.0,2760.5,1652072676.0,1652072676.0,1652072676.0,,3,SUR,-0.49,
TQBR,2017-06-14,ЛУКОЙЛ,LKOH,14823,2114829756.5,2762.5,2713.0,2773.0,2730.0,2739.5,2730.0,772008,2739.5,2739.5,2730.0,2114829756.5,2114829756.5,2114829756.5,,3,SUR,-1.1,
TQBR,2017-06-15,ЛУКОЙЛ,LKOH,42743,6919371393.5,2703.5,2601.0,2721.0,2712.0,2645.5,2712.0,2615524,2645.5,2645.5,2712.0,6919371393.5,6919371393.5,6919371393.5,,3,SUR,-0.66,
TQBR,2017-06-16,ЛУКОЙЛ,LKOH,15506,2561160524.0,2712.0,2685.0,2728.0,2685.0,2700.5,2685.0,948446,2700.5,2700.5,2685.0,2561160524.0,2561160524.0,2561160524.0,,3,SUR,-1.0,
TQBR,2017-06-19,ЛУКОЙЛ,LKOH,23750,2241540954.5,2699.5,2699.5,2782.0,2779.5,2752.5,2779.5,814465,2752.0,2752.0,2779.5,2241540954.5,2241540954.5,2241540954.5,,3,SUR,3.52,
TQBR,2017-06-20,ЛУКОЙЛ,LKOH,16667,1701491236.5,2771.0,2748.0,2804.0,2769.0,2771.5,2769.0,613907,2771.5,2771.5,2769.0,1701491236.5,1701491236.5,1701491236.5,,3,SUR,-0.38,
TQBR,2017-06-21,ЛУКОЙЛ,LKOH,25538,2941329743.0,2761.5,2705.0,2761.5,2728.5,2729.5,2728.5,1077654,2729.5,2729.5,2728.5,2941329743.0,2941329743.0,2941329743.0,,3,SUR,-1.46,
TQBR,2017-06-22,ЛУКОЙЛ,LKOH,17477,2279273941.5,2717.0,2701.0,2760.5,2760.5,2731.0,2760.5,834600,2731.0,2731.0,2760.5,2279273941.5,2279273941.5,2279273941.5,,3,SUR,1.17,
TQBR,2017-06-23,ЛУКОЙЛ,LKOH,13934,1743415590.0,2750.0,2727.5,2800.0,2775.0,2773.0,2775.0,628486,2774.0,2774.0,2775.0,1743415590.0,1743415590.0,1743415590.0,,3,SUR,0.53,
TQBR,2017-06-26,ЛУКОЙЛ,LKOH,12463,1468133789.5,2789.0,2756.5,2812.0,2767.0,2789.5,2767.0,526270,2789.5,2789.5,2767.0,1468133789.5,1468133789.5,1468133789.5,,3,SUR,-0.29,
TQBR,2017-06-27,ЛУКОЙЛ,LKOH,11789,1564591316.0,2764.5,2740.5,2815.0,2800.0,2755.5,2800.0,561896,2784.5,2784.5,2800.0,1564591316.0,1564591316.0,1564591316.0,,3,SUR,1.19,
TQBR,2017-06-28,ЛУКОЙЛ,LKOH,30528,1879784091.0,2772.5,2770.5,2875.0,2874.5,2855.0,2874.5,663282,2834.0,2834.0,2874.5,1879784091.0,1879784091.0,1879784091.0,,3,SUR,2.66,
TQBR,2017-06-29,ЛУКОЙЛ,LKOH,17668,2075269599.5,2876.0,2860.0,2904.0,2873.0,2881.0,2873.0,720328,2881.0,2881.0,2873.0,2075269599.5,2075269599.5,2075269599.5,,3,SUR,-0.05,
TQBR,2017-06-30,ЛУКОЙЛ,LKOH,12722,2081627122.5,2879.0,2860.0,2915.5,2872.5,2886.5,2872.5,721101,2886.5,2886.5,2872.5,2081627122.5,2081627122.5,2081627122.5,,3,SUR,-0.02,
TQBR,2017-07-03,ЛУКОЙЛ,LKOH,15655,1728593468.5,2882.5,2853.5,2921.0,2920.0,2890.0,2920.0,598099,2890.0,2890.0,2920.0,1728593468.5,1728593468.5,1728593468.5,,3,SUR,1.65,
TQBR,2017-07-04,ЛУКОЙЛ,LKOH,15398,1526264238.0,2928.0,2895.5,2945.0,2933.0,2921.5,2933.0,522116,2923.0,2923.0,2933.0,1526264238.0,1526264238.0,1526264238.0,,3,SUR,0.45,
TQBR,2017-07-05,ЛУКОЙЛ,LKOH,11786,1728611649.0,2928.0,2916.0,2952.0,2951.5,2935.5,2951.5,588898,2935.5,2935.5,2951.5,1728611649.0,1728611649.0,1728611649.0,,3,SUR,0.63,
TQBR,2017-07-06,ЛУКОЙЛ,LKOH,16778,2112762952.5,2952.5,2944.5,2985.0,2985.0,2964.0,2985.0,712894,2963.5,2963.5,2985.0,2112762952.5,2112762952.5,2112762952.5,,3,SUR,1.14,
TQBR,2017-07-07,ЛУКОЙЛ,LKOH,27618,3114973757.0,2885.0,2835.0,2885.0,2856.0,2852.5,2856.0,1092060,2852.5,2852.5,2856.0,3114973757.0,3114973757.0,3114973757.0,,3,SUR,-4.32,
TQBR,2017-07-10,ЛУКОЙЛ,LKOH,11466,1411105133.0,2859.0,2843.5,2883.0,2859.0,2861.0,2859.0,493249,2861.0,2861.0,2859.0,1411105133.0,1411105133.0,1411105133.0,,3,SUR,0.11,
TQBR,2017-07-11,ЛУКОЙЛ,LKOH,16066,1388345731.0,2861.0,2830.0,2875.0,2875.0,2853.5,2875.0,486536,2853.5,2853.5,2875.0,1388345731.0,1388345731.0,1388345731.0,,3,SUR,0.56,
TQBR,2017-07-12,ЛУКОЙЛ,LKOH,15893,2079379317.0,2882.0,2877.0,2917.0,2914.5,2898.0,2914.5,717409,2898.5,2898.5,2914.5,2079379317.0,2079379317.0,2079379317.0,,3,SUR,1.37,
TQBR,2017-07-13,ЛУКОЙЛ,LKOH,13009,1615446521.5,2920.0,2893.5,2931.0,2908.5,2911.0,2908.5,554946,2911.0,2911.0,2908.5,1615446521.5,1615446521.5,1615446521.5,,3,SUR,-0.21,
TQBR,2017-07-14,ЛУКОЙЛ,LKOH,10390,1507825072.0,2914.0,2901.0,2935.0,2923.0,2918.5,2923.0,516598,2919.0,2919.0,2923.0,1507825072.0,1507825072.0,1507825072.0,,3,SUR,0.5,
TQBR,2017-07-17,ЛУКОЙЛ,LKOH,14068,2166531753.0,2930.0,2857.5,2941.0,2880.0,2886.0,2880.0,750679,2886.0,2886.0,2880.0,2166531753.0,2166531753.0,2166531753.0,,3,SUR,-1.47,
TQBR,2017-07-18,ЛУКОЙЛ,LKOH,12930,1502022474.5,2866.5,2831.5,2894.0,2840.0,2862.5,2840.0,524675,2863.0,2863.0,2840.0,1502022474.5,1502022474.5,1502022474.5,,3,SUR,-1.39,
TQBR,2017-07-19,ЛУКОЙЛ,LKOH,12463,1414681098.5,2834.5,2834.5,2896.0,2896.0,2868.5,2896.0,493217,2868.5,2868.5,2896.0,1414681098.5,1414681098.5,1414681098.5,,3,SUR,1.97,
TQBR,2017-07-20,ЛУКОЙЛ,LKOH,10478,1166961404.5,2896.5,2875.5,2910.0,2896.0,2891.5,2896.0,403590,2891.5,2891.5,2896.0,1166961404.5,1166961404.5,1166961404.5,,3,SUR,0.0,
TQBR,2017-07-21,ЛУКОЙЛ,LKOH,10643,1087104079.0,2881.5,2837.5,2887.5,2842.0,2858.5,2842.0,380327,2858.5,2858.5,2842.0,1087104079.0,1087104079.0,1087104079.0,,3,SUR,-1.86,
TQBR,2017-07-24,ЛУКОЙЛ,LKOH,18214,1928545944.0,2838.0,2793.0,2853.5,2826.5,2822.5,2826.5,683267,2822.5,2822.5,2826.5,1928545944.0,1928545944.0,1928545944.0,,3,SUR,-0.55,
TQBR,2017-07-25,ЛУКОЙЛ,LKOH,16144,1599991442.5,2826.5,2799.5,2835.0,2835.0,2818.0,2835.0,567795,2818.0,2818.0,2835.0,1599991442.5,1599991442.5,1599991442.5,,3,SUR,0.3,
TQBR,2017-07-26,ЛУКОЙЛ,LKOH,14656,1732591678.5,2846.0,2806.5,2860.0,2833.0,2831.0,2833.0,612043,2831.0,2831.0,2833.0,1732591678.5,1732591678.5,1732591678.5,,3,SUR,-0.07,
TQBR,2017-07-27,ЛУКОЙЛ,LKOH,10167,1182669502.0,2834.5,2825.0,2851.5,2851.5,2839.0,2851.5,416584,2839.0,2839.0,2851.5,1182669502.0,1182669502.0,1182669502.0,,3,SUR,0.65,
TQBR,2017-07-28,ЛУКОЙЛ,LKOH,14376,1575080589.0,2835.0,2771.5,2837.5,2794.0,2799.0,2794.0,562763,2799.0,2799.0,2794.0,1575080589.0,1575080589.0,1575080589.0,,3,SUR,-2.02,
TQBR,2017-07-31,ЛУКОЙЛ,LKOH,17482,2199970429.5,2803.0,2752.0,2833.5,2797.5,2793.5,2797.5,787483,2793.5,2793.5,2797.5,2199970429.5,2199970429.5,2199970429.5,,3,SUR,0.13,
TQBR,2017-08-01,ЛУКОЙЛ,LKOH,16339,2158499200.0,2811.5,2801.0,2884.5,2864.5,2857.0,2864.5,755748,2856.0,2856.0,2864.5,2158499200.0,2158499200.0,2158499200.0,,3,SUR,2.39,
TQBR,2017-08-02,ЛУКОЙЛ,LKOH,18915,2200165963.0,2865.0,2861.5,2945.0,2938.0,2885.0,2938.0,754761,2915.0,2915.0,2938.0,2200165963.0,2200165963.0,2200165963.0,,3,SUR,2.57,
TQBR,2017-08-03,ЛУКОЙЛ,LKOH,14636,1361160991.5,2940.0,2911.5,2960.5,2930.0,2928.5,2930.0,463532,2936.5,2936.5,2930.0,1361160991.5,1361160991.5,1361160991.5,,3,SUR,-0.27,
TQBR,2017-08-04,ЛУКОЙЛ,LKOH,12870,1269349905.5,2915.5,2885.0,2924.5,2903.0,2902.0,2903.0,437426,2902.0,2902.0,2903.0,1269349905.5,1269349905.5,1269349905.5,,3,SUR,-0.92,
TQBR,2017-08-07,ЛУКОЙЛ,LKOH,10500,1135597329.5,2901.0,2900.5,2944.5,2917.5,2928.5,2917.5,387768,2928.5,2928.5,2917.5,1135597329.5,1135597329.5,1135597329.5,,3,SUR,0.5,
TQBR,2017-08-08,ЛУКОЙЛ,LKOH,15278,1654239639.0,2923.5,2911.0,2974.5,2974.0,2955.0,2974.0,559899,2954.5,2954.5,2974.0,1654239639.0,1654239639.0,1654239639.0,,3,SUR,1.94,
TQBR,2017-08-09,ЛУКОЙЛ,LKOH,10565,1193293036.5,2957.5,2936.5,2968.0,2939.0,2950.0,2939.0,404508,2950.0,2950.0,2939.0,1193293036.5,1193293036.5,1193293036.5,,3,SUR,-1.18,
TQBR,2017-08-10,ЛУКОЙЛ,LKOH,11148,1374141900.5,2944.0,2896.0,2953.0,2901.5,2923.5,2901.5,470067,2923.5,2923.5,2901.5,1374141900.5,1374141900.5,1374141900.5,,3,SUR,-1.28,
TQBR,2017-08-11,ЛУКОЙЛ,LKOH,14052,1614032761.0,2890.0,2860.0,2906.0,2860.0,2878.5,2860.0,560718,2878.5,2878.5,2860.0,1614032761.0,1614032761.0,1614032761.0,,3,SUR,-1.43,
TQBR,2017-08-14,ЛУКОЙЛ,LKOH,9242,1057071583.0,2879.5,2872.0,2912.5,2883.5,2890.0,2883.5,365787,2890.0,2890.0,2883.5,1057071583.0,1057071583.0,1057071583.0,,3,SUR,0.82,
TQBR,2017-08-15,ЛУКОЙЛ,LKOH,15124,1447317402.5,2875.0,2846.5,2888.0,2874.0,2866.5,2874.0,504860,2867.0,2867.0,2874.0,1447317402.5,1447317402.5,1447317402.5,,3,SUR,-0.33,
TQBR,2017-08-16,ЛУКОЙЛ,LKOH,12083,1347811130.5,2885.0,2842.0,2894.0,2846.5,2873.0,2846.5,469112,2873.0,2873.0,2846.5,1347811130.5,1347811130.5,1347811130.5,,3,SUR,-0.96,
TQBR,2017-08-17,ЛУКОЙЛ,LKOH,12677,1073100589.5,2847.0,2841.0,2862.5,2841.0,2849.5,2841.0,376579,2849.5,2849.5,2841.0,1073100589.5,1073100589.5,1073100589.5,,3,SUR,-0.19,
TQBR,2017-08-18,ЛУКОЙЛ,LKOH,13869,1340547245.5,2835.5,2803.5,2842.0,2829.0,2818.0,2829.0,475687,2818.0,2818.0,2829.0,1340547245.5,1340547245.5,1340547245.5,,3,SUR,-0.42,
TQBR,2017-08-21,ЛУКОЙЛ,LKOH,13445,1056254391.5,2831.0,2824.0,2862.0,2854.5,2846.5,2854.5,371041,2846.5,2846.5,2854.5,1056254391.5,1056254391.5,1056254391.5,,3,SUR,0.9,
TQBR,2017-08-22,ЛУКОЙЛ,LKOH,11821,1467589782.5,2860.0,2835.0,2897.0,2897.0,2870.5,2897.0,511325,2870.0,2870.0,2897.0,1467589782.5,1467589782.5,1467589782.5,,3,SUR,1.49,
TQBR,2017-08-23,ЛУКОЙЛ,LKOH,10847,1264827979.0,2890.0,2860.0,2893.5,2893.5,2873.0,2893.5,440121,2874.0,2874.0,2893.5,1264827979.0,1264827979.0,1264827979.0,,3,SUR,-0.12,
TQBR,2017-08-24,ЛУКОЙЛ,LKOH,10010,922493171.5,2889.0,2867.5,2903.5,2894.0,2887.5,2894.0,319413,2888.0,2888.0,2894.0,922493171.5,922493171.5,922493171.5,,3,SUR,0.02,
TQBR,2017-08-25,ЛУКОЙЛ,LKOH,8068,889696855.5,2910.0,2897.0,2940.0,2915.0,2909.0,2915.0,305830,2909.0,2909.0,2915.0,889696855.5,889696855.5,889696855.5,,3,SUR,0.73,
TQBR,2017-08-28,ЛУКОЙЛ,LKOH,12291,1011240248.5,2915.0,2888.0,2929.5,2920.0,2908.0,2920.0,347692,2908.5,2908.5,2920.0,1011240248.5,1011240248.5,1011240248.5,,3,SUR,0.17,
TQBR,2017-08-29,ЛУКОЙЛ,LKOH,16986,1877364453.5,2911.5,2860.0,2914.5,2894.0,2882.0,2894.0,651423,2882.0,2882.0,2894.0,1877364453.5,1877364453.5,1877364453.5,,3,SUR,-0.89,
TQBR,2017-08-30,ЛУКОЙЛ,LKOH,12680,1688168457.5,2900.0,2885.0,2915.5,2905.0,2897.0,2905.0,582751,2897.0,2897.0,2905.0,1688168457.5,1688168457.5,1688168457.5,,3,SUR,0.38,
TQBR,2017-08-31,ЛУКОЙЛ,LKOH,19909,2676254160.0,2894.5,2890.5,2952.0,2940.5,2927.5,2940.5,913810,2928.5,2928.5,2940.5,2676254160.0,2676254160.0,2676254160.0,,3,SUR,1.22,
TQBR,2017-09-01,ЛУКОЙЛ,LKOH,12683,1295675033.0,2940.5,2914.0,2954.5,2915.0,2933.0,2915.0,441761,2933.0,2933.0,2915.0,1295675033.0,1295675033.0,1295675033.0,,3,SUR,-0.87,
TQBR,2017-09-04,ЛУКОЙЛ,LKOH,9884,1107827146.0,2908.0,2878.5,2922.5,2895.0,2900.0,2895.0,381970,2900.5,2900.5,2895.0,1107827146.0,1107827146.0,1107827146.0,,3,SUR,-0.69,
TQBR,2017-09-05,ЛУКОЙЛ,LKOH,15204,1523620937.5,2907.0,2863.5,2915.5,2883.5,2884.5,2883.5,528220,2884.5,2884.5,2883.5,1523620937.5,1523620937.5,1523620937.5,,3,SUR,-0.4,
TQBR,2017-09-06,ЛУКОЙЛ,LKOH,17253,2193411015.0,2888.0,2855.5,2919.0,2919.0,2881.0,2919.0,761368,2881.0,2881.0,2919.0,2193411015.0,2193411015.0,2193411015.0,,3,SUR,1.23,
TQBR,2017-09-07,ЛУКОЙЛ,LKOH,12608,1606545391.5,2915.0,2876.0,2919.0,2876.0,2898.0,2876.0,554329,2898.0,2898.0,2876.0,1606545391.5,1606545391.5,1606545391.5,,3,SUR,-1.47,
TQBR,2017-09-08,ЛУКОЙЛ,LKOH,12997,1559940614.5,2887.5,2884.0,2928.0,2925.0,2911.0,2925.0,535898,2911.0,2911.0,2925.0,1559940614.5,1559940614.5,1559940614.5,,3,SUR,1.7,
TQBR,2017-09-11,ЛУКОЙЛ,LKOH,13089,1352373873.0,2931.0,2906.5,2939.0,2909.0,2920.0,2909.0,463153,2920.0,2920.0,2909.0,1352373873.0,1352373873.0,1352373873.0,,3,SUR,-0.55,
TQBR,2017-09-12,ЛУКОЙЛ,LKOH,13537,1337661550.0,2913.0,2913.0,2965.0,2961.5,2938.5,2961.5,455251,2938.5,2938.5,2961.5,1337661550.0,1337661550.0,1337661550.0,,3,SUR,1.8,
TQBR,2017-09-13,ЛУКОЙЛ,LKOH,20234,2396120302.5,2961.5,2938.0,2975.0,2938.0,2960.0,2938.0,809541,2960.0,2960.0,2938.0,2396120302.5,2396120302.5,2396120302.5,,3,SUR,-0.79,
TQBR,2017-09-14,ЛУКОЙЛ,LKOH,15327,2050010274.5,2940.0,2926.5,2983.0,2970.0,2954.0,2970.0,693934,2954.0,2954.0,2970.0,2050010274.5,2050010274.5,2050010274.5,,3,SUR,1.09,
TQBR,2017-09-15,ЛУКОЙЛ,LKOH,22450,3255716769.5,2966.0,2950.0,2995.5,2978.5,2971.5,2978.5,1095633,2971.5,2971.5,2978.5,3255716769.5,3255716769.5,3255716769.5,,3,SUR,0.29,
TQBR,2017-09-18,ЛУКОЙЛ,LKOH,23204,4235370935.5,2986.0,2975.0,3048.0,3032.5,3025.0,3032.5,1399657,3026.0,3026.0,3032.5,4235370935.5,4235370935.5,4235370935.5,,3,SUR,1.81,
TQBR,2017-09-19,ЛУКОЙЛ,LKOH,14286,1902918383.5,3025.0,3016.0,3060.0,3025.0,3039.5,3025.0,626204,3039.0,3039.0,3025.0,1902918383.5,1902918383.5,1902918383.5,,3,SUR,-0.25,
TQBR,2017-09-20,ЛУКОЙЛ,LKOH,19259,2644510740.5,3022.0,2975.0,3030.0,2985.0,2997.5,2985.0,882295,2997.5,2997.5,2985.0,2644510740.5,2644510740.5,2644510740.5,,3,SUR,-1.32,
TQBR,2017-09-21,ЛУКОЙЛ,LKOH,18758,2619096781.0,2996.5,2987.0,3018.5,2991.5,3005.5,2991.5,871434,3005.5,3005.5,2991.5,2619096781.0,2619096781.0,2619096781.0,,3,SUR,0.22,
TQBR,2017-09-22,ЛУКОЙЛ,LKOH,14732,2311078988.0,2994.0,2948.0,2994.0,2970.0,2966.0,2970.0,779297,2965.5,2965.5,2970.0,2311078988.0,2311078988.0,2311078988.0,,3,SUR,-0.72,
TQBR,2017-09-25,ЛУКОЙЛ,LKOH,16210,2462307947.5,2977.0,2962.5,3041.0,3039.5,3005.5,3039.5,818676,3007.5,3007.5,3039.5,2462307947.5,2462307947.5,2462307947.5,,3,SUR,2.34,
TQBR,2017-09-26,ЛУКОЙЛ,LKOH,14998,2022438675.0,3047.0,3017.0,3065.5,3022.0,3046.0,3022.0,664068,3045.5,3045.5,3022.0,2022438675.0,2022438675.0,2022438675.0,,3,SUR,-0.58,
TQBR,2017-09-27,ЛУКОЙЛ,LKOH,11742,1702342204.0,3020.0,3019.5,3065.0,3064.5,3045.5,3064.5,558882,3046.0,3046.0,3064.5,1702342204.0,1702342204.0,1702342204.0,,3,SUR,1.41,
TQBR,2017-09-28,ЛУКОЙЛ,LKOH,14501,1677623516.0,3060.0,3050.0,3085.0,3065.0,3065.0,3065.0,547322,3065.0,3065.0,3065.0,1677623516.0,1677623516.0,1677623516.0,,3,SUR,0.02,
TQBR,2017-09-29,ЛУКОЙЛ,LKOH,10309,1318304738.5,3055.5,3049.5,3072.5,3064.0,3061.5,3064.0,430627,3061.5,3061.5,3064.0,1318304738.5,1318304738.5,1318304738.5,,3,SUR,-0.03,
TQBR,2017-10-02,ЛУКОЙЛ,LKOH,8451,1229152172.5,3064.0,3025.0,3068.0,3044.5,3046.0,3044.5,403613,3045.5,3045.5,3044.5,1229152172.5,1229152172.5,1229152172.5,,3,SUR,-0.64,
TQBR,2017-10-03,ЛУКОЙЛ,LKOH,10513,1192223198.5,3042.0,3031.0,3058.0,3054.0,3045.0,3054.0,391559,3045.0,3045.0,3054.0,1192223198.5,1192223198.5,1192223198.5,,3,SUR,0.31,
TQBR,2017-10-04,ЛУКОЙЛ,LKOH,7917,1273298372.5,3045.0,3035.0,3054.0,3038.5,3042.5,3038.5,418492,3042.5,3042.5,3038.5,1273298372.5,1273298372.5,1273298372.5,,3,SUR,-0.51,
TQBR,2017-10-05,ЛУКОЙЛ,LKOH,9917,1377766676.0,3032.5,3032.5,3064.0,3054.0,3051.0,3054.0,451583,3051.0,3051.0,3054.0,1377766676.0,1377766676.0,1377766676.0,,3,SUR,0.51,
TQBR,2017-10-06,ЛУКОЙЛ,LKOH,9994,1337370691.0,3052.5,3052.5,3075.5,3060.0,3065.0,3060.0,436330,3065.0,3065.0,3060.0,1337370691.0,1337370691.0,1337370691.0,,3,SUR,0.2,
TQBR,2017-10-09,ЛУКОЙЛ,LKOH,8713,1305027379.0,3060.0,3039.5,3069.5,3052.5,3050.0,3052.5,427875,3050.0,3050.0,3052.5,1305027379.0,1305027379.0,1305027379.0,,3,SUR,-0.25,
TQBR,2017-10-10,ЛУКОЙЛ,LKOH,11912,1632180724.0,3053.5,3007.0,3053.5,3037.5,3028.0,3037.5,539005,3028.0,3028.0,3037.5,1632180724.0,1632180724.0,1632180724.0,,3,SUR,-0.49,
TQBR,2017-10-11,ЛУКОЙЛ,LKOH,8637,1247955862.0,3042.0,3036.0,3059.0,3040.0,3046.5,3040.0,409609,3046.5,3046.5,3040.0,1247955862.0,1247955862.0,1247955862.0,,3,SUR,0.08,
TQBR,2017-10-12,ЛУКОЙЛ,LKOH,5713,709260726.0,3040.5,3016.5,3046.0,3035.0,3033.0,3035.0,233850,3033.0,3033.0,3035.0,709260726.0,709260726.0,709260726.0,,3,SUR,-0.16,
TQBR,2017-10-13,ЛУКОЙЛ,LKOH,8348,1450002354.0,3040.0,3009.0,3040.0,3018.0,3021.5,3018.0,479870,3021.5,3021.5,3018.0,1450002354.0,1450002354.0,1450002354.0,,3,SUR,-0.56,
TQBR,2017-10-16,ЛУКОЙЛ,LKOH,9291,1283864572.0,3033.5,3002.0,3033.5,3020.0,3015.5,3020.0,425762,3015.5,3015.5,3020.0,1283864572.0,1283864572.0,1283864572.0,,3,SUR,0.07,
TQBR,2017-10-17,ЛУКОЙЛ,LKOH,13483,1645113439.0,3023.5,2977.0,3028.0,3003.0,3005.0,3003.0,547548,3004.5,3004.5,3003.0,1645113439.0,1645113439.0,1645113439.0,,3,SUR,-0.56,
TQBR,2017-10-18,ЛУКОЙЛ,LKOH,9521,1223147216.0,3008.0,2997.0,3021.5,3011.0,3010.0,3011.0,406363,3010.0,3010.0,3011.0,1223147216.0,1223147216.0,1223147216.0,,3,SUR,0.27,
TQBR,2017-10-19,ЛУКОЙЛ,LKOH,9385,1252994646.0,3018.5,2975.5,3018.5,2985.0,2986.5,2985.0,419568,2986.5,2986.5,2985.0,1252994646.0,1252994646.0,1252994646.0,,3,SUR,-0.86,
TQBR,2017-10-20,ЛУКОЙЛ,LKOH,9005,1279536325.0,2994.0,2980.5,3007.0,2994.0,2996.5,2994.0,427034,2996.5,2996.5,2994.0,1279536325.0,1279536325.0,1279536325.0,,3,SUR,0.3,
TQBR,2017-10-23,ЛУКОЙЛ,LKOH,8778,1183273345.5,3000.5,2983.0,3008.0,2997.0,2999.0,2997.0,394546,2999.0,2999.0,2997.0,1183273345.5,1183273345.5,1183273345.5,,3,SUR,0.1,
TQBR,2017-10-24,ЛУКОЙЛ,LKOH,7888,1022006306.0,2995.0,2995.0,3026.0,3018.0,3017.0,3018.0,338777,3017.0,3017.0,3018.0,1022006306.0,1022006306.0,1022006306.0,,3,SUR,0.7,
TQBR,2017-10-25,ЛУКОЙЛ,LKOH,14872,1885000286.0,3029.0,3005.0,3046.0,3005.0,3027.0,3005.0,622707,3027.0,3027.0,3005.0,1885000286.0,1885000286.0,1885000286.0,,3,SUR,-0.43,
TQBR,2017-10-26,ЛУКОЙЛ,LKOH,12989,1573868297.0,3005.0,2990.5,3025.0,2996.0,3004.0,2996.0,523980,3003.5,3003.5,2996.0,1573868297.0,1573868297.0,1573868297.0,,3,SUR,-0.3,
TQBR,2017-10-27,ЛУКОЙЛ,LKOH,13897,2201007324.5,3009.5,3009.5,3067.0,3064.5,3042.0,3064.5,723515,3042.0,3042.0,3064.5,2201007324.5,2201007324.5,2201007324.5,,3,SUR,2.29,
TQBR,2017-10-30,ЛУКОЙЛ,LKOH,16670,2522336373.5,3067.5,3041.0,3097.5,3058.0,3077.0,3058.0,819778,3077.0,3077.0,3058.0,2522336373.5,2522336373.5,2522336373.5,,3,SUR,-0.21,
TQBR,2017-10-31,ЛУКОЙЛ,LKOH,16753,3194282509.5,3063.5,3060.0,3134.0,3096.0,3111.0,3096.0,1026700,3111.0,3111.0,3096.0,3194282509.5,3194282509.5,3194282509.5,,3,SUR,1.24,
TQBR,2017-11-01,ЛУКОЙЛ,LKOH,14769,2301522666.5,3110.0,3101.5,3157.0,3144.5,3138.0,3144.5,733533,3137.5,3137.5,3144.5,2301522666.5,2301522666.5,2301522666.5,,3,SUR,1.57,
TQBR,2017-11-02,ЛУКОЙЛ,LKOH,7680,1212029042.5,3142.0,3125.0,3150.0,3150.0,3139.0,3150.0,386101,3139.0,3139.0,3150.0,1212029042.5,1212029042.5,1212029042.5,,3,SUR,0.17,
TQBR,2017-11-03,ЛУКОЙЛ,LKOH,14161,2014921626.5,3155.0,3155.0,3203.0,3168.5,3181.5,3168.5,633299,3181.5,3181.5,3168.5,2014921626.5,2014921626.5,2014921626.5,,3,SUR,0.59,
TQBR,2017-11-07,ЛУКОЙЛ,LKOH,32966,5302794131.0,3211.0,3210.0,3365.0,3325.0,3310.0,3325.0,1602026,3310.0,3310.0,3325.0,5302794131.0,5302794131.0,5302794131.0,,3,SUR,4.94,
TQBR,2017-11-08,ЛУКОЙЛ,LKOH,13268,2040207270.0,3317.0,3311.0,3386.0,3336.0,3365.0,3336.0,606331,3365.0,3365.0,3336.0,2040207270.0,2040207270.0,2040207270.0,,3,SUR,0.33,
TQBR,2017-11-09,ЛУКОЙЛ,LKOH,16525,2916350236.5,3346.0,3286.0,3373.0,3368.0,3341.5,3368.0,872736,3341.5,3341.5,3368.0,2916350236.5,2916350236.5,2916350236.5,,3,SUR,0.96,
TQBR,2017-11-10,ЛУКОЙЛ,LKOH,10117,1905193677.5,3361.5,3322.0,3368.0,3344.5,3344.5,3344.5,569553,3345.0,3345.0,3344.5,1905193677.5,1905193677.5,1905193677.5,,3,SUR,-0.7,
TQBR,2017-11-13,ЛУКОЙЛ,LKOH,16629,2954492084.5,3344.5,3323.5,3415.0,3326.0,3361.5,3326.0,878871,3361.5,3361.5,3326.0,2954492084.5,2954492084.5,2954492084.5,,3,SUR,-0.55,
TQBR,2017-11-14,ЛУКОЙЛ,LKOH,12556,2933214862.0,3318.5,3305.0,3359.0,3325.0,3337.5,3325.0,878920,3337.5,3337.5,3325.0,2933214862.0,2933214862.0,2933214862.0,,3,SUR,-0.03,
TQBR,2017-11-15,ЛУКОЙЛ,LKOH,11409,1994933165.0,3322.0,3276.5,3330.0,3296.0,3300.0,3296.0,604362,3301.0,3301.0,3296.0,1994933165.0,1994933165.0,1994933165.0,,3,SUR,-0.87,
TQBR,2017-11-16,ЛУКОЙЛ,LKOH,13270,1934347255.0,3325.5,3289.0,3368.0,3304.0,3320.5,3304.0,582493,3321.0,3321.0,3304.0,1934347255.0,1934347255.0,1934347255.0,,3,SUR,0.24,
TQBR,2017-11-17,ЛУКОЙЛ,LKOH,7938,1098026064.0,3293.5,3293.0,3360.0,3304.5,3308.5,3304.5,331874,3308.5,3308.5,3304.5,1098026064.0,1098026064.0,1098026064.0,,3,SUR,0.02,
TQBR,2017-11-20,ЛУКОЙЛ,LKOH,7444,744381488.5,3296.5,3262.5,3316.5,3281.0,3287.5,3281.0,226458,3287.0,3287.0,3281.0,744381488.5,744381488.5,744381488.5,,3,SUR,-0.71,
TQBR,2017-11-21,ЛУКОЙЛ,LKOH,9161,1193700421.0,3290.0,3279.5,3327.5,3319.5,3305.0,3319.5,361075,3306.0,3306.0,3319.5,1193700421.0,1193700421.0,1193700421.0,,3,SUR,1.17,
TQBR,2017-11-22,ЛУКОЙЛ,LKOH,12364,1579943054.5,3330.0,3311.5,3369.0,3369.0,3351.5,3369.0,471462,3351.0,3351.0,3369.0,1579943054.5,1579943054.5,1579943054.5,,3,SUR,1.49,
TQBR,2017-11-23,ЛУКОЙЛ,LKOH,7320,1146028156.0,3374.5,3334.5,3380.0,3380.0,3357.0,3380.0,341392,3357.0,3357.0,3380.0,1146028156.0,1146028156.0,1146028156.0,,3,SUR,0.33,
TQBR,2017-11-24,ЛУКОЙЛ,LKOH,7918,1207860974.0,3388.0,3371.5,3420.0,3395.0,3393.5,3395.0,355911,3393.5,3393.5,3395.0,1207860974.0,1207860974.0,1207860974.0,,3,SUR,0.44,
TQBR,2017-11-27,ЛУКОЙЛ,LKOH,9221,1336024686.0,3389.5,3353.5,3413.5,3365.0,3372.0,3365.0,396195,3372.0,3372.0,3365.0,1336024686.0,1336024686.0,1336024686.0,,3,SUR,-0.88,
TQBR,2017-11-28,ЛУКОЙЛ,LKOH,10793,1649461313.5,3368.5,3298.5,3370.0,3343.0,3329.0,3343.0,495486,3329.0,3329.0,3343.0,1649461313.5,1649461313.5,1649461313.5,,3,SUR,-0.65,
TQBR,2017-11-29,ЛУКОЙЛ,LKOH,18037,2261156872.5,3342.0,3271.0,3345.0,3308.5,3308.5,3308.5,683420,3308.5,3308.5,3308.5,2261156872.5,2261156872.5,2261156872.5,,3,SUR,-1.03,
TQBR,2017-11-30,ЛУКОЙЛ,LKOH,14055,2586085253.0,3305.5,3262.5,3335.0,3292.5,3300.5,3292.5,783625,3300.0,3300.0,3292.5,2586085253.0,2586085253.0,2586085253.0,,3,SUR,-0.48,
TQBR,2017-12-01,ЛУКОЙЛ,LKOH,8966,1320594605.5,3290.0,3267.0,3353.0,3344.0,3312.5,3344.0,398612,3313.0,3313.0,3344.0,1320594605.5,1320594605.5,1320594605.5,,3,SUR,1.56,
TQBR,2017-12-04,ЛУКОЙЛ,LKOH,11553,2060412878.5,3344.0,3303.5,3392.5,3390.5,3365.5,3390.5,612226,3365.5,3365.5,3390.5,2060412878.5,2060412878.5,2060412878.5,,3,SUR,1.39,
TQBR,2017-12-05,ЛУКОЙЛ,LKOH,8287,1400021581.0,3378.0,3352.0,3405.0,3403.0,3382.5,3403.0,413929,3382.5,3382.5,3403.0,1400021581.0,1400021581.0,1400021581.0,,3,SUR,0.37,
TQBR,2017-12-06,ЛУКОЙЛ,LKOH,9735,1501463145.0,3390.0,3372.0,3403.5,3403.0,3390.0,3403.0,442898,3390.0,3390.0,3403.0,1501463145.0,1501463145.0,1501463145.0,,3,SUR,0.0,
TQBR,2017-12-07,ЛУКОЙЛ,LKOH,9556,1425896829.5,3390.0,3360.0,3396.0,3374.5,3380.0,3374.5,421846,3380.0,3380.0,3374.5,1425896829.5,1425896829.5,1425896829.5,,3,SUR,-0.84,
TQBR,2017-12-08,ЛУКОЙЛ,LKOH,6801,1276410415.0,3374.5,3370.5,3393.0,3388.5,3382.5,3388.5,377371,3382.5,3382.5,3388.5,1276410415.0,1276410415.0,1276410415.0,,3,SUR,0.41,
TQBR,2017-12-11,ЛУКОЙЛ,LKOH,10593,2070114653.5,3395.0,3390.0,3440.0,3432.5,3426.0,3432.5,604251,3426.0,3426.0,3432.5,2070114653.5,2070114653.5,2070114653.5,,3,SUR,1.3,
TQBR,2017-12-12,ЛУКОЙЛ,LKOH,7898,1758407405.0,3445.0,3426.5,3473.5,3473.5,3448.5,3473.5,509866,3449.0,3449.0,3473.5,1758407405.0,1758407405.0,1758407405.0,,3,SUR,1.19,
TQBR,2017-12-13,ЛУКОЙЛ,LKOH,6654,1128133760.5,3463.0,3440.5,3467.5,3458.0,3453.5,3458.0,326642,3453.5,3453.5,3458.0,1128133760.5,1128133760.5,1128133760.5,,3,SUR,-0.45,
TQBR,2017-12-14,ЛУКОЙЛ,LKOH,8442,1254474026.5,3452.0,3424.0,3467.5,3453.5,3439.0,3453.5,364791,3439.0,3439.0,3453.5,1254474026.5,1254474026.5,1254474026.5,,3,SUR,-0.13,
TQBR,2017-12-15,ЛУКОЙЛ,LKOH,10397,2597706810.5,3447.0,3391.5,3457.0,3420.0,3424.5,3420.0,758576,3424.5,3424.5,3420.0,2597706810.5,2597706810.5,2597706810.5,,3,SUR,-0.97,
TQBR,2017-12-18,ЛУКОЙЛ,LKOH,9659,1379428542.0,3420.0,3362.5,3445.5,3395.5,3406.5,3395.5,404964,3406.5,3406.5,3395.5,1379428542.0,1379428542.0,1379428542.0,,3,SUR,-0.72,
TQBR,2017-12-19,ЛУКОЙЛ,LKOH,11021,1441745056.5,3400.5,3371.5,3421.5,3402.0,3397.0,3402.0,424432,3397.0,3397.0,3402.0,1441745056.5,1441745056.5,1441745056.5,,3,SUR,0.19,
TQBR,2017-12-20,ЛУКОЙЛ,LKOH,10683,1815739989.5,3408.0,3373.0,3419.0,3373.0,3390.5,3373.0,535501,3390.5,3390.5,3373.0,1815739989.5,1815739989.5,1815739989.5,,3,SUR,-0.85,
TQBR,2017-12-21,ЛУКОЙЛ,LKOH,15111,2351268058.5,3311.0,3285.0,3332.5,3332.5,3304.0,3332.5,711628,3304.0,3304.0,3332.5,2351268058.5,2351268058.5,2351268058.5,,3,SUR,-1.2,
TQBR,2017-12-22,ЛУКОЙЛ,LKOH,5322,703397045.5,3332.5,3318.0,3356.0,3347.0,3339.5,3347.0,210614,3339.5,3339.5,3347.0,703397045.5,703397045.5,703397045.5,,3,SUR,0.44,
TQBR,2017-12-25,ЛУКОЙЛ,LKOH,2915,322535905.0,3350.5,3320.0,3359.5,3320.0,3335.0,3320.0,96715,3335.0,3335.0,3320.0,322535905.0,322535905.0,322535905.0,,3,SUR,-0.81,
TQBR,2017-12-26,ЛУКОЙЛ,LKOH,3621,490976426.0,3315.0,3283.5,3324.5,3288.0,3299.0,3288.0,148820,3299.0,3299.0,3288.0,490976426.0,490976426.0,490976426.0,,3,SUR,-0.96,
TQBR,2017-12-27,ЛУКОЙЛ,LKOH,9080,2146880475.5,3297.0,3269.0,3312.0,3283.5,3295.5,3283.5,651458,3295.5,3295.5,3283.5,2146880475.5,2146880475.5,2146880475.5,,3,SUR,-0.14,
TQBR,2017-12-28,ЛУКОЙЛ,LKOH,5969,755473211.0,3283.5,3262.5,3317.0,3317.0,3289.5,3317.0,229654,3289.5,3289.5,3317.0,755473211.0,755473211.0,755473211.0,,3,SUR,1.02,
TQBR,2017-12-29,ЛУКОЙЛ,LKOH,5920,950211361.5,3308.0,3278.5,3334.5,3334.5,3319.0,3334.5,286272,3319.5,3319.5,3334.5,950211361.5,950211361.5,950211361.5,,3,SUR,0.53,
TQBR,2018-01-03,ЛУКОЙЛ,LKOH,8879,1346153196.0,3340.0,3340.0,3421.5,3421.5,3400.0,3421.5,395934,3400.0,3400.0,3421.5,1346153196.0,1346153196.0,1346153196.0,,3,SUR,2.61,
TQBR,2018-01-04,ЛУКОЙЛ,LKOH,13685,2426750341.0,3428.0,3392.5,3501.0,3501.0,3456.5,3501.0,702060,3456.5,3456.5,3501.0,2426750341.0,2426750341.0,2426750341.0,,3,SUR,2.32,
TQBR,2018-01-05,ЛУКОЙЛ,LKOH,13008,2111284621.0,3499.5,3491.0,3569.5,3569.5,3532.5,3569.5,597634,3532.5,3532.5,3569.5,2111284621.0,2111284621.0,2111284621.0,,3,SUR,1.96,
TQBR,2018-01-09,ЛУКОЙЛ,LKOH,19082,3087868031.5,3575.0,3575.0,3647.5,3628.5,3622.5,3628.5,852342,3623.0,3623.0,3628.5,3087868031.5,3087868031.5,3087868031.5,,3,SUR,1.65,
TQBR,2018-01-10,ЛУКОЙЛ,LKOH,16130,3720431146.5,3640.0,3594.5,3649.0,3641.0,3628.5,3641.0,1025327,3628.5,3628.5,3641.0,3720431146.5,3720431146.5,3720431146.5,,3,SUR,0.34,
TQBR,2018-01-11,ЛУКОЙЛ,LKOH,13437,2437952799.0,3644.5,3610.0,3689.5,3687.5,3664.5,3687.5,665221,3665.0,3665.0,3687.5,2437952799.0,2437952799.0,2437952799.0,,3,SUR,1.28,
TQBR,2018-01-12,ЛУКОЙЛ,LKOH,52715,10306419535.5,3677.0,3650.0,3942.0,3908.0,3843.0,3908.0,2678400,3848.0,3848.0,3908.0,10306419535.5,10306419535.5,10306419535.5,,3,SUR,5.98,
TQBR,2018-01-15,ЛУКОЙЛ,LKOH,24288,3630202404.0,3932.0,3876.5,3985.0,3876.5,3911.0,3876.5,928147,3911.0,3911.0,3876.5,3630202404.0,3630202404.0,3630202404.0,,3,SUR,-0.81,
TQBR,2018-01-16,ЛУКОЙЛ,LKOH,27220,4427636509.5,3887.0,3767.5,3897.0,3862.0,3822.5,3862.0,1158201,3823.0,3823.0,3862.0,4427636509.5,4427636509.5,4427636509.5,,3,SUR,-0.37,
TQBR,2018-01-17,ЛУКОЙЛ,LKOH,19205,3106610526.0,3846.5,3811.0,3868.5,3851.5,3844.0,3851.5,808217,3844.0,3844.0,3851.5,3106610526.0,3106610526.0,3106610526.0,,3,SUR,-0.27,
TQBR,2018-01-18,ЛУКОЙЛ,LKOH,20994,3789328096.5,3866.0,3842.5,3890.0,3855.0,3868.5,3855.0,979560,3868.5,3868.5,3855.0,3789328096.5,3789328096.5,3789328096.5,,3,SUR,0.09,
TQBR,2018-01-19,ЛУКОЙЛ,LKOH,13210,2542759712.5,3850.0,3801.0,3885.5,3825.5,3835.5,3825.5,662931,3835.5,3835.5,3825.5,2542759712.5,2542759712.5,2542759712.5,,3,SUR,-0.77,
TQBR,2018-01-22,ЛУКОЙЛ,LKOH,11286,2353717219.0,3830.0,3812.0,3871.0,3870.0,3851.0,3870.0,611168,3851.0,3851.0,3870.0,2353717219.0,2353717219.0,2353717219.0,,3,SUR,1.16,
TQBR,2018-01-23,ЛУКОЙЛ,LKOH,16030,3171642846.0,3870.0,3791.0,3870.0,3841.5,3828.5,3841.5,828465,3828.5,3828.5,3841.5,3171642846.0,3171642846.0,3171642846.0,,3,SUR,-0.74,
TQBR,2018-01-24,ЛУКОЙЛ,LKOH,9051,2013828756.0,3841.0,3808.0,3852.5,3850.0,3838.0,3850.0,524751,3837.5,3837.5,3850.0,2013828756.0,2013828756.0,2013828756.0,,3,SUR,0.22,
TQBR,2018-01-25,ЛУКОЙЛ,LKOH,16290,4175849681.5,3860.0,3808.0,3860.0,3825.0,3832.5,3825.0,1089571,3832.5,3832.5,3825.0,4175849681.5,4175849681.5,4175849681.5,,3,SUR,-0.65,
TQBR,2018-01-26,ЛУКОЙЛ,LKOH,12928,2395558120.5,3824.5,3780.5,3828.0,3821.0,3810.5,3821.0,628670,3810.5,3810.5,3821.0,2395558120.5,2395558120.5,2395558120.5,,3,SUR,-0.1,
TQBR,2018-01-29,ЛУКОЙЛ,LKOH,15519,2754593835.5,3825.0,3759.0,3830.5,3778.0,3785.5,3778.0,727704,3785.5,3785.5,3778.0,2754593835.5,2754593835.5,2754593835.5,,3,SUR,-1.13,
TQBR,2018-01-30,ЛУКОЙЛ,LKOH,16230,3099157696.0,3753.0,3703.0,3816.0,3713.0,3746.0,3713.0,827378,3746.0,3746.0,3713.0,3099157696.0,3099157696.0,3099157696.0,,3,SUR,-1.72,
TQBR,2018-01-31,ЛУКОЙЛ,LKOH,17795,3855591731.0,3700.0,3697.0,3759.0,3728.0,3721.5,3728.0,1036121,3721.0,3721.0,3728.0,3855591731.0,3855591731.0,3855591731.0,,3,SUR,0.4,
TQBR,2018-02-01,ЛУКОЙЛ,LKOH,9634,1899849160.5,3733.0,3722.5,3762.5,3760.5,3749.0,3760.5,506782,3749.0,3749.0,3760.5,1899849160.5,1899849160.5,1899849160.5,,3,SUR,0.87,
TQBR,2018-02-02,ЛУКОЙЛ,LKOH,12394,2613370217.5,3754.0,3741.0,3798.0,3797.0,3776.0,3797.0,692059,3776.0,3776.0,3797.0,2613370217.5,2613370217.5,2613370217.5,,3,SUR,0.97,
TQBR,2018-02-05,ЛУКОЙЛ,LKOH,13116,2725544563.5,3770.0,3746.0,3787.5,3752.0,3761.0,3752.0,724635,3761.5,3761.5,3752.0,2725544563.5,2725544563.5,2725544563.5,,3,SUR,-1.19,
TQBR,2018-02-06,ЛУКОЙЛ,LKOH,28629,6603290176.0,3677.0,3611.5,3718.0,3655.5,3665.5,3655.5,1801395,3665.5,3665.5,3655.5,6603290176.0,6603290176.0,6603290176.0,,3,SUR,-2.57,
TQBR,2018-02-07,ЛУКОЙЛ,LKOH,14892,3199967408.5,3686.5,3675.0,3754.0,3735.0,3712.0,3735.0,862033,3712.0,3712.0,3735.0,3199967408.5,3199967408.5,3199967408.5,,3,SUR,2.17,
TQBR,2018-02-08,ЛУКОЙЛ,LKOH,15075,3736726630.0,3715.5,3681.0,3750.5,3686.0,3714.0,3686.0,1006162,3714.0,3714.0,3686.0,3736726630.0,3736726630.0,3736726630.0,,3,SUR,-1.31,
TQBR,2018-02-09,ЛУКОЙЛ,LKOH,24857,4683141227.0,3650.0,3615.0,3679.5,3617.5,3645.0,3617.5,1284861,3645.0,3645.0,3617.5,4683141227.0,4683141227.0,4683141227.0,,3,SUR,-1.86,
TQBR,2018-02-12,ЛУКОЙЛ,LKOH,17469,2729021513.0,3639.0,3621.0,3682.5,3656.5,3658.0,3656.5,746034,3658.0,3658.0,3656.5,2729021513.0,2729021513.0,2729021513.0,,3,SUR,1.08,
TQBR,2018-02-13,ЛУКОЙЛ,LKOH,18451,3077410119.0,3662.5,3650.0,3737.0,3729.5,3703.5,3729.5,830901,3703.5,3703.5,3729.5,3077410119.0,3077410119.0,3077410119.0,,3,SUR,2.0,
TQBR,2018-02-14,ЛУКОЙЛ,LKOH,14193,2528333198.5,3735.0,3685.0,3751.5,3709.0,3715.0,3709.0,680598,3715.0,3715.0,3709.0,2528333198.5,2528333198.5,2528333198.5,,3,SUR,-0.55,
TQBR,2018-02-15,ЛУКОЙЛ,LKOH,15009,3181330979.0,3735.0,3726.5,3767.0,3730.0,3742.5,3730.0,850067,3742.5,3742.5,3730.0,3181330979.0,3181330979.0,3181330979.0,,3,SUR,0.57,
TQBR,2018-02-16,ЛУКОЙЛ,LKOH,17232,3005842028.5,3745.0,3735.0,3819.0,3751.0,3777.0,3751.0,795779,3777.0,3777.0,3751.0,3005842028.5,3005842028.5,3005842028.5,,3,SUR,0.56,
TQBR,2018-02-19,ЛУКОЙЛ,LKOH,10358,1470110864.0,3755.0,3705.5,3778.0,3715.0,3729.5,3715.0,394167,3729.5,3729.5,3715.0,1470110864.0,1470110864.0,1470110864.0,,3,SUR,-0.96,
TQBR,2018-02-20,ЛУКОЙЛ,LKOH,8331,1347001200.5,3711.0,3686.5,3744.0,3744.0,3720.5,3744.0,362064,3720.5,3720.5,3744.0,1347001200.5,1347001200.5,1347001200.5,,3,SUR,0.78,
TQBR,2018-02-21,ЛУКОЙЛ,LKOH,12188,2211292422.0,3732.0,3731.5,3819.0,3808.5,3786.5,3808.5,584030,3786.5,3786.5,3808.5,2211292422.0,2211292422.0,2211292422.0,,3,SUR,1.72,
TQBR,2018-02-22,ЛУКОЙЛ,LKOH,14880,2946523637.5,3795.0,3772.0,3836.0,3836.0,3814.0,3836.0,772462,3814.5,3814.5,3836.0,2946523637.5,2946523637.5,2946523637.5,,3,SUR,0.72,
TQBR,2018-02-26,ЛУКОЙЛ,LKOH,16198,2619007057.5,3870.0,3814.0,3899.0,3839.5,3845.5,3839.5,681081,3845.5,3845.5,3839.5,2619007057.5,2619007057.5,2619007057.5,,3,SUR,0.09,
TQBR,2018-02-27,ЛУКОЙЛ,LKOH,14974,2525870820.0,3835.0,3786.0,3855.5,3838.5,3832.0,3838.5,659167,3832.0,3832.0,3838.5,2525870820.0,2525870820.0,2525870820.0,,3,SUR,-0.03,
TQBR,2018-02-28,ЛУКОЙЛ,LKOH,12473,3006234695.0,3817.5,3775.0,3832.5,3776.5,3789.0,3776.5,793371,3789.0,3789.0,3776.5,3006234695.0,3006234695.0,3006234695.0,,3,SUR,-1.62,
TQBR,2018-03-01,ЛУКОЙЛ,LKOH,12965,2187621564.5,3767.5,3741.0,3790.0,3754.0,3765.5,3754.0,580995,3765.5,3765.5,3754.0,2187621564.5,2187621564.5,2187621564.5,,3,SUR,-0.6,
TQBR,2018-03-02,ЛУКОЙЛ,LKOH,14461,2092457870.5,3749.5,3675.5,3769.0,3749.5,3723.0,3749.5,562008,3723.0,3723.0,3749.5,2092457870.5,2092457870.5,2092457870.5,,3,SUR,-0.12,
TQBR,2018-03-05,ЛУКОЙЛ,LKOH,9237,1404904717.5,3752.5,3726.5,3786.0,3730.0,3755.0,3730.0,374161,3755.0,3755.0,3730.0,1404904717.5,1404904717.5,1404904717.5,,3,SUR,-0.52,
TQBR,2018-03-06,ЛУКОЙЛ,LKOH,14926,2415511391.5,3740.5,3727.5,3766.0,3744.0,3746.0,3744.0,645004,3745.0,3745.0,3744.0,2415511391.5,2415511391.5,2415511391.5,,3,SUR,0.38,
TQBR,2018-03-07,ЛУКОЙЛ,LKOH,14687,2513038685.5,3725.0,3690.0,3726.0,3721.0,3707.0,3721.0,677931,3707.0,3707.0,3721.0,2513038685.5,2513038685.5,2513038685.5,,3,SUR,-0.61,
TQBR,2018-03-09,ЛУКОЙЛ,LKOH,6799,1217931895.0,3710.0,3706.0,3789.0,3789.0,3745.0,3789.0,325236,3745.0,3745.0,3789.0,1217931895.0,1217931895.0,1217931895.0,,3,SUR,1.83,
TQBR,2018-03-12,ЛУКОЙЛ,LKOH,9202,1409238921.5,3785.0,3740.0,3794.0,3770.0,3771.0,3770.0,373705,3771.0,3771.0,3770.0,1409238921.5,1409238921.5,1409238921.5,,3,SUR,-0.5,
TQBR,2018-03-13,ЛУКОЙЛ,LKOH,10220,1909590618.5,3767.0,3742.0,3776.0,3773.0,3760.0,3773.0,507869,3760.0,3760.0,3773.0,1909590618.5,1909590618.5,1909590618.5,,3,SUR,0.08,
TQBR,2018-03-14,ЛУКОЙЛ,LKOH,10789,1888893742.0,3757.5,3735.0,3776.0,3742.0,3755.5,3742.0,502987,3755.5,3755.5,3742.0,1888893742.0,1888893742.0,1888893742.0,,3,SUR,-0.82,
TQBR,2018-03-15,ЛУКОЙЛ,LKOH,17769,3550792316.0,3743.5,3718.5,3800.0,3800.0,3765.5,3800.0,943034,3765.5,3765.5,3800.0,3550792316.0,3550792316.0,3550792316.0,,3,SUR,1.55,
TQBR,2018-03-16,ЛУКОЙЛ,LKOH,14104,4566491648.5,3798.0,3773.5,3874.5,3874.5,3845.5,3874.5,1187540,3845.5,3845.5,3874.5,4566491648.5,4566491648.5,4566491648.5,,3,SUR,1.96,
TQBR,2018-03-19,ЛУКОЙЛ,LKOH,11563,2233822824.0,3873.5,3807.5,3880.0,3815.0,3838.0,3815.0,582051,3838.0,3838.0,3815.0,2233822824.0,2233822824.0,2233822824.0,,3,SUR,-1.54,
TQBR,2018-03-20,ЛУКОЙЛ,LKOH,13087,2854959360.5,3827.5,3792.0,3869.5,3860.0,3831.0,3860.0,745211,3831.0,3831.0,3860.0,2854959360.5,2854959360.5,2854959360.5,,3,SUR,1.18,
TQBR,2018-03-21,ЛУКОЙЛ,LKOH,17400,3044993537.5,3865.0,3849.0,3937.0,3874.0,3886.0,3874.0,783536,3886.0,3886.0,3874.0,3044993537.5,3044993537.5,3044993537.5,,3,SUR,0.36,
TQBR,2018-03-22,ЛУКОЙЛ,LKOH,11042,2338902041.0,3889.5,3829.0,3903.0,3857.0,3858.5,3857.0,606156,3858.5,3858.5,3857.0,2338902041.0,2338902041.0,2338902041.0,,3,SUR,-0.44,
TQBR,2018-03-23,ЛУКОЙЛ,LKOH,20510,4269640116.0,3838.0,3818.0,3915.0,3874.5,3876.0,3874.5,1101805,3875.0,3875.0,3874.5,4269640116.0,4269640116.0,4269640116.0,,3,SUR,0.45,
TQBR,2018-03-26,ЛУКОЙЛ,LKOH,14134,2457518292.0,3875.0,3800.0,3889.0,3800.0,3847.0,3800.0,638825,3847.0,3847.0,3800.0,2457518292.0,2457518292.0,2457518292.0,,3,SUR,-1.92,
TQBR,2018-03-27,ЛУКОЙЛ,LKOH,19010,3445556826.5,3831.0,3820.0,3909.0,3878.0,3871.5,3878.0,889949,3871.5,3871.5,3878.0,3445556826.5,3445556826.5,3445556826.5,,3,SUR,2.05,
TQBR,2018-03-28,ЛУКОЙЛ,LKOH,17777,2775209083.0,3858.0,3850.5,3947.0,3927.0,3904.5,3927.0,710820,3904.0,3904.0,3927.0,2775209083.0,2775209083.0,2775209083.0,,3,SUR,1.26,
TQBR,2018-03-29,ЛУКОЙЛ,LKOH,20425,3407321165.0,3936.5,3916.5,3991.5,3991.5,3956.5,3991.5,861187,3956.5,3956.5,3991.5,3407321165.0,3407321165.0,3407321165.0,,3,SUR,1.64,
TQBR,2018-03-30,ЛУКОЙЛ,LKOH,7215,1057804301.0,3988.0,3961.0,4004.0,3961.0,3980.5,3961.0,265745,3980.5,3980.5,3961.0,1057804301.0,1057804301.0,1057804301.0,,3,SUR,-0.76,
TQBR,2018-04-02,ЛУКОЙЛ,LKOH,9969,1728590370.0,3963.5,3955.5,4005.0,3955.5,3979.5,3955.5,434373,3979.5,3979.5,3955.5,1728590370.0,1728590370.0,1728590370.0,,3,SUR,-0.14,
TQBR,2018-04-03,ЛУКОЙЛ,LKOH,11072,1816155638.5,3960.0,3920.5,3975.0,3951.0,3942.5,3951.0,460652,3942.5,3942.5,3951.0,1816155638.5,1816155638.5,1816155638.5,,3,SUR,-0.11,
TQBR,2018-04-04,ЛУКОЙЛ,LKOH,14904,2533974402.5,3945.0,3897.0,3966.0,3939.0,3931.0,3939.0,644640,3931.0,3931.0,3939.0,2533974402.5,2533974402.5,2533974402.5,,3,SUR,-0.3,
TQBR,2018-04-05,ЛУКОЙЛ,LKOH,13648,2449515029.0,3940.5,3940.5,3990.0,3990.0,3969.5,3990.0,617054,3969.5,3969.5,3990.0,2449515029.0,2449515029.0,2449515029.0,,3,SUR,1.29,
TQBR,2018-04-06,ЛУКОЙЛ,LKOH,12018,2250549894.0,3967.5,3918.5,3972.5,3939.0,3944.0,3939.0,570606,3944.0,3944.0,3939.0,2250549894.0,2250549894.0,2250549894.0,,3,SUR,-1.28,
TQBR,2018-04-09,ЛУКОЙЛ,LKOH,66507,10851052189.0,3919.5,3532.5,3920.5,3620.0,3731.0,3620.0,2908801,3730.5,3730.5,3620.0,10851052189.0,10851052189.0,10851052189.0,,3,SUR,-8.1,
TQBR,2018-04-10,ЛУКОЙЛ,LKOH,44771,8330990816.5,3646.5,3621.0,3935.0,3900.0,3814.0,3900.0,2183915,3814.5,3814.5,3900.0,8330990816.5,8330990816.5,8330990816.5,,3,SUR,7.73,
TQBR,2018-04-11,ЛУКОЙЛ,LKOH,47975,8205654892.5,3872.0,3865.0,4077.0,4070.0,3996.5,4070.0,2053395,3996.0,3996.0,4070.0,8205654892.5,8205654892.5,8205654892.5,,3,SUR,4.36,
TQBR,2018-04-12,ЛУКОЙЛ,LKOH,28225,4727836292.5,4077.0,3944.5,4098.0,3979.0,3991.5,3979.0,1184424,3991.5,3991.5,3979.0,4727836292.5,4727836292.5,4727836292.5,,3,SUR,-2.24,
TQBR,2018-04-13,ЛУКОЙЛ,LKOH,33980,4662834454.0,3990.0,3882.5,3990.0,3902.0,3927.5,3902.0,1187189,3927.5,3927.5,3902.0,4662834454.0,4662834454.0,4662834454.0,,3,SUR,-1.94,
TQBR,2018-04-16,ЛУКОЙЛ,LKOH,17034,2937764372.5,3877.0,3851.5,3935.5,3892.0,3886.0,3892.0,755970,3886.0,3886.0,3892.0,2937764372.5,2937764372.5,2937764372.5,,3,SUR,-0.26,
TQBR,2018-04-17,ЛУКОЙЛ,LKOH,19057,3988070559.0,3912.5,3905.0,3951.0,3940.0,3929.0,3940.0,1015039,3929.0,3929.0,3940.0,3988070559.0,3988070559.0,3988070559.0,,3,SUR,1.23,
TQBR,2018-04-18,ЛУКОЙЛ,LKOH,22225,4357493251.0,3935.5,3927.5,4033.5,4030.0,4006.0,4030.0,1087745,4006.0,4006.0,4030.0,4357493251.0,4357493251.0,4357493251.0,,3,SUR,2.28,
TQBR,2018-04-19,ЛУКОЙЛ,LKOH,17832,2839007841.5,4030.0,3994.0,4056.0,4015.0,4025.5,4015.0,705236,4025.5,4025.5,4015.0,2839007841.5,2839007841.5,2839007841.5,,3,SUR,-0.37,
TQBR,2018-04-20,ЛУКОЙЛ,LKOH,10265,1734086026.5,4008.0,3965.0,4029.0,3985.0,3997.5,3985.0,433760,3998.0,3998.0,3985.0,1734086026.5,1734086026.5,1734086026.5,,3,SUR,-0.75,
TQBR,2018-04-23,ЛУКОЙЛ,LKOH,19658,3252545319.0,3981.5,3933.0,4019.0,3974.0,3969.5,3974.0,819372,3969.5,3969.5,3974.0,3252545319.0,3252545319.0,3252545319.0,,3,SUR,-0.28,
TQBR,2018-04-24,ЛУКОЙЛ,LKOH,16407,2943598039.5,4000.5,3980.0,4063.0,3999.5,4021.0,3999.5,732044,4021.0,4021.0,3999.5,2943598039.5,2943598039.5,2943598039.5,,3,SUR,0.64,
TQBR,2018-04-25,ЛУКОЙЛ,LKOH,11410,2025745919.0,3973.5,3950.5,4029.0,4029.0,3997.5,4029.0,506747,3997.5,3997.5,4029.0,2025745919.0,2025745919.0,2025745919.0,,3,SUR,0.74,
TQBR,2018-04-26,ЛУКОЙЛ,LKOH,24427,3932943433.5,4029.5,4016.5,4157.0,4140.0,4105.5,4140.0,957780,4106.5,4106.5,4140.0,3932943433.5,3932943433.5,3932943433.5,,3,SUR,2.76,
TQBR,2018-04-27,ЛУКОЙЛ,LKOH,16326,3337120576.0,4140.5,4140.5,4215.0,4212.0,4190.0,4212.0,796268,4191.0,4191.0,4212.0,3337120576.0,3337120576.0,3337120576.0,,3,SUR,1.74,
TQBR,2018-04-28,ЛУКОЙЛ,LKOH,4536,352260204.5,4202.0,4170.0,4202.0,4178.5,4179.5,4178.5,84288,4179.0,4179.0,4178.5,352260204.5,352260204.5,352260204.5,,3,SUR,-0.8,
TQBR,2018-04-30,ЛУКОЙЛ,LKOH,11922,2255573352.0,4171.0,4156.5,4243.0,4156.5,4200.0,4156.5,537010,4200.0,4200.0,4156.5,2255573352.0,2255573352.0,2255573352.0,,3,SUR,-0.53,
TQBR,2018-05-02,ЛУКОЙЛ,LKOH,12461,2412508445.0,4155.0,4141.0,4206.0,4141.0,4170.0,4141.0,578521,4170.0,4170.0,4141.0,2412508445.0,2412508445.0,2412508445.0,,3,SUR,-0.37,
TQBR,2018-05-03,ЛУКОЙЛ,LKOH,16087,2932707179.5,4137.5,4068.0,4160.5,4068.0,4113.5,4068.0,712980,4113.5,4113.5,4068.0,2932707179.5,2932707179.5,2932707179.5,,3,SUR,-1.76,
TQBR,2018-05-04,ЛУКОЙЛ,LKOH,12377,2298374250.0,4089.5,4080.5,4128.0,4108.0,4103.0,4108.0,560144,4103.0,4103.0,4108.0,2298374250.0,2298374250.0,2298374250.0,,3,SUR,0.98,
TQBR,2018-05-07,ЛУКОЙЛ,LKOH,8605,1237129341.5,4111.0,4111.0,4176.0,4121.0,4144.0,4121.0,298539,4144.0,4144.0,4121.0,1237129341.5,1237129341.5,1237129341.5,,3,SUR,0.32,
TQBR,2018-05-08,ЛУКОЙЛ,LKOH,13303,2872808345.0,4110.5,4086.5,4180.0,4180.0,4142.0,4180.0,693559,4142.0,4142.0,4180.0,2872808345.0,2872808345.0,2872808345.0,,3,SUR,1.43,
TQBR,2018-05-10,ЛУКОЙЛ,LKOH,17933,3839581304.5,4225.0,4209.5,4288.0,4235.0,4251.5,4235.0,903164,4251.5,4251.5,4235.0,3839581304.5,3839581304.5,3839581304.5,,3,SUR,1.32,
TQBR,2018-05-11,ЛУКОЙЛ,LKOH,20480,4105123154.5,4250.0,4236.0,4383.0,4383.0,4319.0,4383.0,950563,4318.5,4318.5,4383.0,4105123154.5,4105123154.5,4105123154.5,,3,SUR,3.49,
TQBR,2018-05-14,ЛУКОЙЛ,LKOH,16644,3549419744.0,4372.5,4322.5,4407.5,4407.5,4355.0,4407.5,814988,4355.0,4355.0,4407.5,3549419744.0,3549419744.0,3549419744.0,,3,SUR,0.56,
TQBR,2018-05-15,ЛУКОЙЛ,LKOH,17528,3778232888.5,4379.5,4355.0,4404.0,4392.0,4381.5,4392.0,862316,4381.5,4381.5,4392.0,3778232888.5,3778232888.5,3778232888.5,,3,SUR,-0.35,
TQBR,2018-05-16,ЛУКОЙЛ,LKOH,18745,3329790238.0,4380.0,4347.5,4418.0,4410.0,4386.0,4410.0,759144,4386.0,4386.0,4410.0,3329790238.0,3329790238.0,3329790238.0,,3,SUR,0.41,
TQBR,2018-05-17,ЛУКОЙЛ,LKOH,14800,2956946353.5,4409.0,4354.0,4430.5,4354.0,4394.0,4354.0,672983,4394.0,4394.0,4354.0,2956946353.5,2956946353.5,2956946353.5,,3,SUR,-1.27,
TQBR,2018-05-18,ЛУКОЙЛ,LKOH,16548,3379650844.5,4364.0,4354.5,4450.0,4450.0,4413.5,4450.0,765743,4413.5,4413.5,4450.0,3379650844.5,3379650844.5,3379650844.5,,3,SUR,2.2,
TQBR,2018-05-21,ЛУКОЙЛ,LKOH,13899,2204396534.5,4449.0,4398.5,4453.5,4398.5,4424.5,4398.5,498242,4424.5,4424.5,4398.5,2204396534.5,2204396534.5,2204396534.5,,3,SUR,-1.16,
TQBR,2018-05-22,ЛУКОЙЛ,LKOH,17978,3269385942.0,4407.5,4337.0,4414.5,4360.0,4358.5,4360.0,750105,4358.5,4358.5,4360.0,3269385942.0,3269385942.0,3269385942.0,,3,SUR,-0.88,
TQBR,2018-05-23,ЛУКОЙЛ,LKOH,19249,3385361225.5,4338.5,4251.5,4338.5,4263.0,4284.5,4263.0,790126,4284.5,4284.5,4263.0,3385361225.5,3385361225.5,3385361225.5,,3,SUR,-2.22,
TQBR,2018-05-24,ЛУКОЙЛ,LKOH,13083,2412468976.5,4283.0,4230.0,4298.5,4230.0,4258.0,4230.0,566530,4258.5,4258.5,4230.0,2412468976.5,2412468976.5,2412468976.5,,3,SUR,-0.77,
TQBR,2018-05-25,ЛУКОЙЛ,LKOH,14915,3261293929.0,4246.0,4206.0,4281.5,4248.0,4251.5,4248.0,767247,4250.5,4250.5,4248.0,3261293929.0,3261293929.0,3261293929.0,,3,SUR,0.43,
TQBR,2018-05-28,ЛУКОЙЛ,LKOH,12938,1288528385.5,4253.5,4217.0,4300.5,4290.0,4276.0,4290.0,301323,4276.0,4276.0,4290.0,1288528385.5,1288528385.5,1288528385.5,,3,SUR,0.99,
TQBR,2018-05-29,ЛУКОЙЛ,LKOH,20308,3539942103.0,4292.0,4163.0,4298.5,4224.0,4218.5,4224.0,839253,4218.0,4218.0,4224.0,3539942103.0,3539942103.0,3539942103.0,,3,SUR,-1.54,
TQBR,2018-05-30,ЛУКОЙЛ,LKOH,18226,2934767387.0,4224.0,4181.5,4268.0,4246.5,4220.0,4246.5,695454,4220.0,4220.0,4246.5,2934767387.0,2934767387.0,2934767387.0,,3,SUR,0.53,
TQBR,2018-05-31,ЛУКОЙЛ,LKOH,17167,6379072491.5,4255.0,4157.5,4262.0,4209.0,4211.5,4209.0,1514571,4212.0,4212.0,4209.0,6379072491.5,6379072491.5,6379072491.5,,3,SUR,-0.88,
TQBR,2018-06-01,ЛУКОЙЛ,LKOH,15358,3176061457.0,4210.0,4180.5,4258.0,4205.5,4229.5,4205.5,750947,4229.5,4229.5,4205.5,3176061457.0,3176061457.0,3176061457.0,,3,SUR,-0.08,
TQBR,2018-06-04,ЛУКОЙЛ,LKOH,20817,3201779931.5,4224.5,4224.5,4304.5,4299.0,4282.0,4299.0,747686,4282.5,4282.5,4299.0,3201779931.5,3201779931.5,3201779931.5,,3,SUR,2.22,
TQBR,2018-06-05,ЛУКОЙЛ,LKOH,23407,4545348636.0,4297.5,4248.5,4313.5,4278.0,4283.0,4278.0,1061259,4283.0,4283.0,4278.0,4545348636.0,4545348636.0,4545348636.0,,3,SUR,-0.49,
TQBR,2018-06-06,ЛУКОЙЛ,LKOH,11933,2227998575.5,4285.0,4212.5,4285.0,4264.5,4246.5,4264.5,524848,4245.0,4245.0,4264.5,2227998575.5,2227998575.5,2227998575.5,,3,SUR,-0.32,
TQBR,2018-06-07,ЛУКОЙЛ,LKOH,11979,2214354165.0,4270.0,4250.0,4292.0,4250.0,4274.0,4250.0,518073,4274.0,4274.0,4250.0,2214354165.0,2214354165.0,2214354165.0,,3,SUR,-0.34,
TQBR,2018-06-08,ЛУКОЙЛ,LKOH,19415,3955953812.0,4235.0,4159.5,4282.5,4159.5,4209.0,4159.5,939857,4209.0,4209.0,4159.5,3955953812.0,3955953812.0,3955953812.0,,3,SUR,-2.13,
TQBR,2018-06-09,ЛУКОЙЛ,LKOH,2521,226216679.5,4172.5,4168.5,4198.0,4191.0,4186.0,4191.0,54043,4186.0,4186.0,4191.0,226216679.5,226216679.5,226216679.5,,3,SUR,0.76,
TQBR,2018-06-11,ЛУКОЙЛ,LKOH,7926,1255448559.5,4194.0,4140.0,4199.5,4159.5,4165.5,4159.5,301390,4165.5,4165.5,4159.5,1255448559.5,1255448559.5,1255448559.5,,3,SUR,-0.75,
TQBR,2018-06-13,ЛУКОЙЛ,LKOH,17180,3243710683.5,4181.5,4140.0,4208.5,4140.0,4169.0,4140.0,778022,4169.0,4169.0,4140.0,3243710683.5,3243710683.5,3243710683.5,,3,SUR,-0.47,
TQBR,2018-06-14,ЛУКОЙЛ,LKOH,14117,2323202200.0,4120.0,4083.0,4136.0,4090.0,4106.0,4090.0,565773,4106.0,4106.0,4090.0,2323202200.0,2323202200.0,2323202200.0,,3,SUR,-1.21,
TQBR,2018-06-15,ЛУКОЙЛ,LKOH,20480,6484988700.5,4102.5,4053.0,4137.0,4055.0,4073.0,4055.0,1592602,4072.0,4072.0,4055.0,6484988700.5,6484988700.5,6484988700.5,,3,SUR,-0.86,
TQBR,2018-06-18,ЛУКОЙЛ,LKOH,15889,2337362990.5,4039.0,4018.0,4082.0,4045.5,4051.0,4045.5,576993,4051.0,4051.0,4045.5,2337362990.5,2337362990.5,2337362990.5,,3,SUR,-0.23,
TQBR,2018-06-19,ЛУКОЙЛ,LKOH,16725,3370262704.5,4035.0,4006.0,4108.5,4091.0,4039.5,4091.0,834287,4039.5,4039.5,4091.0,3370262704.5,3370262704.5,3370262704.5,,3,SUR,1.12,
TQBR,2018-06-20,ЛУКОЙЛ,LKOH,17370,3277930117.0,4100.0,4097.5,4161.5,4132.0,4131.5,4132.0,793363,4131.5,4131.5,4132.0,3277930117.0,3277930117.0,3277930117.0,,3,SUR,1.0,
TQBR,2018-06-21,ЛУКОЙЛ,LKOH,16497,2874219517.0,4138.5,4117.5,4171.5,4135.0,4145.0,4135.0,693440,4145.0,4145.0,4135.0,2874219517.0,2874219517.0,2874219517.0,,3,SUR,0.07,
TQBR,2018-06-22,ЛУКОЙЛ,LKOH,11469,2794982262.5,4155.0,4125.0,4189.0,4125.0,4151.5,4125.0,673234,4151.5,4151.5,4125.0,2794982262.5,2794982262.5,2794982262.5,,3,SUR,-0.24,
TQBR,2018-06-25,ЛУКОЙЛ,LKOH,9091,2027390950.0,4110.0,4110.0,4167.5,4140.0,4142.0,4140.0,489461,4142.0,4142.0,4140.0,2027390950.0,2027390950.0,2027390950.0,,3,SUR,0.36,
TQBR,2018-06-26,ЛУКОЙЛ,LKOH,8992,1745941497.5,4151.0,4128.0,4173.0,4154.0,4152.0,4154.0,420499,4152.0,4152.0,4154.0,1745941497.5,1745941497.5,1745941497.5,,3,SUR,0.34,
TQBR,2018-06-27,ЛУКОЙЛ,LKOH,13676,2502944698.5,4173.5,4172.0,4259.0,4222.0,4217.0,4222.0,593532,4217.0,4217.0,4222.0,2502944698.5,2502944698.5,2502944698.5,,3,SUR,1.64,
TQBR,2018-06-28,ЛУКОЙЛ,LKOH,11880,2879259325.5,4220.0,4212.5,4272.0,4230.5,4241.0,4230.5,678883,4241.0,4241.0,4230.5,2879259325.5,2879259325.5,2879259325.5,,3,SUR,0.2,
TQBR,2018-06-29,ЛУКОЙЛ,LKOH,15484,4356733414.5,4255.0,4250.5,4355.0,4350.0,4307.5,4350.0,1011525,4307.0,4307.0,4350.0,4356733414.5,4356733414.5,4356733414.5,,3,SUR,2.82,
TQBR,2018-07-02,ЛУКОЙЛ,LKOH,18230,3724817759.5,4335.0,4319.5,4401.0,4376.0,4360.5,4376.0,854184,4360.5,4360.5,4376.0,3724817759.5,3724817759.5,3724817759.5,,3,SUR,0.6,
TQBR,2018-07-03,ЛУКОЙЛ,LKOH,14353,2391209864.0,4366.0,4322.0,4393.0,4325.0,4350.5,4325.0,549601,4351.0,4351.0,4325.0,2391209864.0,2391209864.0,2391209864.0,,3,SUR,-1.17,
TQBR,2018-07-04,ЛУКОЙЛ,LKOH,3866,662435963.5,4335.0,4326.5,4349.5,4334.5,4338.0,4334.5,152697,4338.0,4338.0,4334.5,662435963.5,662435963.5,662435963.5,,3,SUR,0.22,
TQBR,2018-07-05,ЛУКОЙЛ,LKOH,12772,3049281584.5,4331.0,4326.0,4462.0,4462.0,4398.5,4462.0,693251,4398.5,4398.5,4462.0,3049281584.5,3049281584.5,3049281584.5,,3,SUR,2.94,
TQBR,2018-07-06,ЛУКОЙЛ,LKOH,25398,3255034180.0,4452.0,4351.5,4452.0,4415.5,4391.0,4415.5,741241,4391.5,4391.5,4415.5,3255034180.0,3255034180.0,3255034180.0,,3,SUR,-1.04,
TQBR,2018-07-09,ЛУКОЙЛ,LKOH,13652,2915768387.0,4406.0,4406.0,4460.0,4452.0,4442.0,4452.0,656440,4442.0,4442.0,4452.0,2915768387.0,2915768387.0,2915768387.0,,3,SUR,0.83,
TQBR,2018-07-10,ЛУКОЙЛ,LKOH,22495,4460279336.5,4369.0,4336.0,4409.5,4355.0,4373.5,4355.0,1019915,4373.0,4373.0,4355.0,4460279336.5,4460279336.5,4460279336.5,,3,SUR,-2.18,
TQBR,2018-07-11,ЛУКОЙЛ,LKOH,14076,2560778865.5,4346.0,4280.0,4350.0,4280.0,4302.5,4280.0,595247,4302.0,4302.0,4280.0,2560787575.5,2560787575.5,2560787575.5,,3,SUR,-1.72,
TQBR,2018-07-12,ЛУКОЙЛ,LKOH,15713,3009859610.0,4272.0,4223.0,4302.5,4236.0,4262.5,4236.0,706179,4262.0,4262.0,4236.0,3009859610.0,3009859610.0,3009859610.0,,3,SUR,-1.03,
TQBR,2018-07-13,ЛУКОЙЛ,LKOH,13739,2409932280.5,4231.5,4231.5,4333.5,4319.0,4302.5,4319.0,560147,4302.5,4302.5,4319.0,2409932280.5,2409932280.5,2409932280.5,,3,SUR,1.96,
TQBR,2018-07-16,ЛУКОЙЛ,LKOH,10682,1985105056.5,4320.0,4265.0,4347.0,4300.5,4311.5,4300.5,460429,4311.5,4311.5,4300.5,1985105056.5,1985105056.5,1985105056.5,,3,SUR,-0.43,
TQBR,2018-07-17,ЛУКОЙЛ,LKOH,12122,2392940588.0,4287.5,4200.0,4287.5,4262.5,4240.5,4262.5,564322,4240.5,4240.5,4262.5,2392940588.0,2392940588.0,2392940588.0,,3,SUR,-0.88,
TQBR,2018-07-18,ЛУКОЙЛ,LKOH,14298,2590941631.5,4269.0,4240.0,4308.5,4299.0,4279.0,4299.0,605500,4279.0,4279.0,4299.0,2590941631.5,2590941631.5,2590941631.5,,3,SUR,0.86,
TQBR,2018-07-19,ЛУКОЙЛ,LKOH,15213,2484842322.0,4295.0,4269.5,4334.0,4334.0,4301.0,4334.0,577713,4301.0,4301.0,4334.0,2484842322.0,2484842322.0,2484842322.0,,3,SUR,0.81,
TQBR,2018-07-20,ЛУКОЙЛ,LKOH,11480,2518352638.0,4341.5,4286.0,4357.5,4300.0,4314.5,4300.0,583727,4314.5,4314.5,4300.0,2518352638.0,2518352638.0,2518352638.0,,3,SUR,-0.78,
TQBR,2018-07-23,ЛУКОЙЛ,LKOH,11132,1912859342.0,4295.0,4276.5,4382.5,4340.0,4328.5,4340.0,441943,4328.5,4328.5,4340.0,1912859342.0,1912859342.0,1912859342.0,,3,SUR,0.93,
TQBR,2018-07-24,ЛУКОЙЛ,LKOH,8041,1453279604.5,4360.0,4317.5,4360.0,4322.0,4337.0,4322.0,335070,4337.0,4337.0,4322.0,1453279604.5,1453279604.5,1453279604.5,,3,SUR,-0.41,
TQBR,2018-07-25,ЛУКОЙЛ,LKOH,11222,2065426350.0,4313.0,4305.0,4396.0,4385.0,4365.0,4385.0,473223,4364.5,4364.5,4385.0,2065426350.0,2065426350.0,2065426350.0,,3,SUR,1.46,
TQBR,2018-07-26,ЛУКОЙЛ,LKOH,9749,2321204972.5,4400.0,4387.5,4421.0,4420.0,4407.0,4420.0,526688,4407.0,4407.0,4420.0,2321204972.5,2321204972.5,2321204972.5,,3,SUR,0.8,
TQBR,2018-07-27,ЛУКОЙЛ,LKOH,7566,1581600806.5,4417.5,4383.0,4426.0,4425.0,4405.0,4425.0,359062,4405.0,4405.0,4425.0,1581600806.5,1581600806.5,1581600806.5,,3,SUR,0.11,
TQBR,2018-07-30,ЛУКОЙЛ,LKOH,9772,1967006982.5,4400.5,4370.5,4430.0,4410.0,4405.0,4410.0,446564,4405.0,4405.0,4410.0,1967006982.5,1967006982.5,1967006982.5,,3,SUR,-0.34,
TQBR,2018-07-31,ЛУКОЙЛ,LKOH,18642,3574942273.0,4400.5,4377.5,4488.0,4451.5,4445.0,4451.5,804159,4445.5,4445.5,4451.5,3574942273.0,3574942273.0,3574942273.0,,3,SUR,0.94,
TQBR,2018-08-01,ЛУКОЙЛ,LKOH,11022,2299351028.5,4460.0,4454.5,4509.0,4494.0,4481.0,4494.0,513113,4481.0,4481.0,4494.0,2299351028.5,2299351028.5,2299351028.5,,3,SUR,0.95,
TQBR,2018-08-02,ЛУКОЙЛ,LKOH,10207,1994929121.0,4480.0,4478.0,4527.0,4501.5,4504.0,4501.5,442911,4504.0,4504.0,4501.5,1994929121.0,1994929121.0,1994929121.0,,3,SUR,0.17,
TQBR,2018-08-03,ЛУКОЙЛ,LKOH,10165,2157742278.5,4494.5,4467.5,4529.0,4499.5,4496.5,4499.5,479872,4496.5,4496.5,4499.5,2157742278.5,2157742278.5,2157742278.5,,3,SUR,-0.04,
TQBR,2018-08-06,ЛУКОЙЛ,LKOH,9256,1840373156.0,4500.0,4450.0,4517.0,4479.0,4482.5,4479.0,410588,4482.5,4482.5,4479.0,1840373156.0,1840373156.0,1840373156.0,,3,SUR,-0.46,
TQBR,2018-08-07,ЛУКОЙЛ,LKOH,8971,1933790331.0,4479.5,4472.0,4539.0,4520.0,4514.0,4520.0,428396,4514.0,4514.0,4520.0,1933790331.0,1933790331.0,1933790331.0,,3,SUR,0.92,
TQBR,2018-08-08,ЛУКОЙЛ,LKOH,11008,2408297385.5,4520.0,4448.0,4525.0,4499.0,4487.0,4499.0,536737,4487.0,4487.0,4499.0,2408297385.5,2408297385.5,2408297385.5,,3,SUR,-0.46,
TQBR,2018-08-09,ЛУКОЙЛ,LKOH,15041,3191567629.5,4490.0,4490.0,4598.0,4598.0,4538.5,4598.0,703235,4538.5,4538.5,4598.0,3191567629.5,3191567629.5,3191567629.5,,3,SUR,2.2,
TQBR,2018-08-10,ЛУКОЙЛ,LKOH,16020,3086270417.0,4594.0,4546.0,4648.0,4577.0,4587.0,4577.0,672844,4587.0,4587.0,4577.0,3086270417.0,3086270417.0,3086270417.0,,3,SUR,-0.46,
TQBR,2018-08-13,ЛУКОЙЛ,LKOH,16812,3314497063.0,4560.0,4521.5,4601.5,4541.0,4550.5,4541.0,728393,4550.5,4550.5,4541.0,3314497063.0,3314497063.0,3314497063.0,,3,SUR,-0.79,
TQBR,2018-08-14,ЛУКОЙЛ,LKOH,14887,3395385597.0,4560.0,4452.5,4579.0,4460.0,4496.0,4460.0,755229,4496.0,4496.0,4460.0,3395385597.0,3395385597.0,3395385597.0,,3,SUR,-1.78,
TQBR,2018-08-15,ЛУКОЙЛ,LKOH,16234,3908717728.0,4448.0,4361.5,4465.0,4428.5,4407.5,4428.5,886845,4407.5,4407.5,4428.5,3908717728.0,3908717728.0,3908717728.0,,3,SUR,-0.71,
TQBR,2018-08-16,ЛУКОЙЛ,LKOH,9211,1912309310.5,4428.0,4351.5,4440.0,4396.0,4387.0,4396.0,435882,4387.0,4387.0,4396.0,1912309310.5,1912309310.5,1912309310.5,,3,SUR,-0.73,
TQBR,2018-08-17,ЛУКОЙЛ,LKOH,8900,1904465539.0,4382.0,4358.0,4418.0,4375.0,4377.0,4375.0,435110,4377.0,4377.0,4375.0,1904465539.0,1904465539.0,1904465539.0,,3,SUR,-0.48,
TQBR,2018-08-20,ЛУКОЙЛ,LKOH,7364,1182091582.5,4395.0,4370.0,4425.0,4386.0,4397.5,4386.0,268812,4397.5,4397.5,4386.0,1182091582.5,1182091582.5,1182091582.5,,3,SUR,0.25,
TQBR,2018-08-21,ЛУКОЙЛ,LKOH,10268,2259149048.5,4395.0,4353.0,4466.5,4465.0,4418.5,4465.0,511221,4419.0,4419.0,4465.0,2259149048.5,2259149048.5,2259149048.5,,3,SUR,1.8,
TQBR,2018-08-22,ЛУКОЙЛ,LKOH,10699,2271181876.0,4472.0,4449.0,4512.5,4512.5,4472.5,4512.5,507810,4472.5,4472.5,4512.5,2271181876.0,2271181876.0,2271181876.0,,3,SUR,1.06,
TQBR,2018-08-23,ЛУКОЙЛ,LKOH,13135,2942406017.0,4515.0,4421.0,4541.0,4450.0,4480.5,4450.0,656777,4480.0,4480.0,4450.0,2942406017.0,2942406017.0,2942406017.0,,3,SUR,-1.39,
TQBR,2018-08-24,ЛУКОЙЛ,LKOH,12282,2828609963.5,4450.0,4423.0,4531.5,4500.5,4493.0,4500.5,629549,4493.0,4493.0,4500.5,2828609963.5,2828609963.5,2828609963.5,,3,SUR,1.13,
TQBR,2018-08-27,ЛУКОЙЛ,LKOH,6706,1135563096.0,4502.0,4492.0,4577.0,4577.0,4544.0,4577.0,249917,4544.0,4544.0,4577.0,1135563096.0,1135563096.0,1135563096.0,,3,SUR,1.7,
TQBR,2018-08-28,ЛУКОЙЛ,LKOH,8475,1855202913.5,4580.5,4545.0,4598.0,4587.5,4572.0,4587.5,405787,4572.0,4572.0,4587.5,1855202913.5,1855202913.5,1855202913.5,,3,SUR,0.23,
TQBR,2018-08-29,ЛУКОЙЛ,LKOH,14929,2976337426.5,4590.0,4585.0,4687.5,4638.5,4642.0,4638.5,641159,4642.0,4642.0,4638.5,2976337426.5,2976337426.5,2976337426.5,,3,SUR,1.11,
TQBR,2018-08-30,ЛУКОЙЛ,LKOH,17068,3229642485.5,4663.0,4640.5,4738.0,4702.0,4695.0,4702.0,687858,4695.0,4695.0,4702.0,3229642485.5,3229642485.5,3229642485.5,,3,SUR,1.37,
TQBR,2018-08-31,ЛУКОЙЛ,LKOH,12629,3342823473.5,4695.0,4663.0,4719.5,4700.5,4697.0,4700.5,711666,4697.0,4697.0,4700.5,3342823473.5,3342823473.5,3342823473.5,,3,SUR,-0.03,
TQBR,2018-09-03,ЛУКОЙЛ,LKOH,7570,1357876334.5,4698.0,4685.5,4749.0,4728.0,4723.0,4728.0,287508,4723.0,4723.0,4728.0,1357876334.5,1357876334.5,1357876334.5,,3,SUR,0.59,
TQBR,2018-09-04,ЛУКОЙЛ,LKOH,8461,1665613254.0,4747.0,4704.5,4762.5,4717.0,4731.0,4717.0,352050,4731.0,4731.0,4717.0,1665613254.0,1665613254.0,1665613254.0,,3,SUR,-0.23,
TQBR,2018-09-05,ЛУКОЙЛ,LKOH,11840,2475906801.0,4704.0,4637.0,4710.5,4637.0,4676.5,4637.0,529456,4676.5,4676.5,4637.0,2475906801.0,2475906801.0,2475906801.0,,3,SUR,-1.7,
TQBR,2018-09-06,ЛУКОЙЛ,LKOH,11918,2691461290.0,4628.0,4594.0,4650.0,4610.5,4625.0,4610.5,581929,4625.0,4625.0,4610.5,2691461290.0,2691461290.0,2691461290.0,,3,SUR,-0.57,
TQBR,2018-09-07,ЛУКОЙЛ,LKOH,13033,2772142007.5,4620.0,4547.0,4649.0,4623.0,4594.0,4623.0,603403,4594.0,4594.0,4623.0,2772142007.5,2772142007.5,2772142007.5,,3,SUR,0.27,
TQBR,2018-09-10,ЛУКОЙЛ,LKOH,9879,1933274792.5,4648.5,4643.0,4715.0,4688.5,4678.5,4688.5,413242,4678.5,4678.5,4688.5,1933274792.5,1933274792.5,1933274792.5,,3,SUR,1.42,
TQBR,2018-09-11,ЛУКОЙЛ,LKOH,15060,3607934306.0,4677.0,4665.5,4746.5,4706.5,4706.5,4706.5,766622,4706.5,4706.5,4706.5,3607934306.0,3607934306.0,3607934306.0,,3,SUR,0.38,
TQBR,2018-09-12,ЛУКОЙЛ,LKOH,14365,2747162056.0,4705.0,4622.5,4744.5,4622.5,4679.0,4622.5,587167,4678.5,4678.5,4622.5,2747162056.0,2747162056.0,2747162056.0,,3,SUR,-1.78,
TQBR,2018-09-13,ЛУКОЙЛ,LKOH,14275,2738430716.0,4621.0,4608.0,4688.5,4659.0,4651.5,4659.0,588717,4651.5,4651.5,4659.0,2738430716.0,2738430716.0,2738430716.0,,3,SUR,0.79,
TQBR,2018-09-14,ЛУКОЙЛ,LKOH,9578,2045421679.0,4650.0,4603.0,4670.0,4604.0,4625.5,4604.0,442226,4625.5,4625.5,4604.0,2045421679.0,2045421679.0,2045421679.0,,3,SUR,-1.18,
TQBR,2018-09-17,ЛУКОЙЛ,LKOH,9476,2096881690.0,4619.0,4572.0,4643.0,4631.0,4615.0,4631.0,454385,4615.0,4615.0,4631.0,2096881690.0,2096881690.0,2096881690.0,,3,SUR,0.59,
TQBR,2018-09-18,ЛУКОЙЛ,LKOH,13480,3240580037.5,4630.0,4601.5,4697.0,4685.0,4638.0,4685.0,698734,4638.0,4638.0,4685.0,3240580037.5,3240580037.5,3240580037.5,,3,SUR,1.17,
TQBR,2018-09-19,ЛУКОЙЛ,LKOH,12469,2868956819.0,4692.0,4673.5,4726.5,4719.0,4707.0,4719.0,609508,4707.0,4707.0,4719.0,2868956819.0,2868956819.0,2868956819.0,,3,SUR,0.73,
TQBR,2018-09-20,ЛУКОЙЛ,LKOH,25030,7901491407.5,4709.5,4676.5,4735.0,4701.0,4711.0,4701.0,1677197,4711.0,4711.0,4701.0,7901491407.5,7901491407.5,7901491407.5,,3,SUR,-0.38,
TQBR,2018-09-21,ЛУКОЙЛ,LKOH,10844,6680207578.5,4686.5,4678.5,4755.0,4737.5,4732.0,4737.5,1411763,4732.0,4732.0,4737.5,6680207578.5,6680207578.5,6680207578.5,,3,SUR,0.78,
TQBR,2018-09-24,ЛУКОЙЛ,LKOH,12022,2937465409.5,4747.0,4724.5,4798.0,4780.0,4769.5,4780.0,615869,4769.5,4769.5,4780.0,2937465409.5,2937465409.5,2937465409.5,,3,SUR,0.9,
TQBR,2018-09-25,ЛУКОЙЛ,LKOH,16268,3495138322.0,4800.0,4780.0,4900.0,4900.0,4846.0,4900.0,721203,4846.5,4846.5,4900.0,3495138322.0,3495138322.0,3495138322.0,,3,SUR,2.51,
TQBR,2018-09-26,ЛУКОЙЛ,LKOH,18329,4505749957.5,4899.0,4777.0,4908.5,4828.5,4824.0,4828.5,934054,4824.0,4824.0,4828.5,4505749957.5,4505749957.5,4505749957.5,,3,SUR,-1.46,
TQBR,2018-09-27,ЛУКОЙЛ,LKOH,19644,5566022062.0,4821.0,4813.0,4952.5,4952.0,4911.5,4952.0,1133318,4911.5,4911.5,4952.0,5566022062.0,5566022062.0,5566022062.0,,3,SUR,2.56,
TQBR,2018-09-28,ЛУКОЙЛ,LKOH,19418,3798547892.5,4945.0,4930.5,5042.5,5022.0,4988.5,5022.0,761477,4988.5,4988.5,5022.0,3798547892.5,3798547892.5,3798547892.5,,3,SUR,1.41,
TQBR,2018-10-01,ЛУКОЙЛ,LKOH,19699,4761613361.0,5045.0,4980.0,5115.0,5016.0,5039.0,5016.0,944915,5039.0,5039.0,5016.0,4761613361.0,4761613361.0,4761613361.0,,3,SUR,-0.12,
TQBR,2018-10-02,ЛУКОЙЛ,LKOH,20007,4152006486.0,5033.0,4877.0,5037.5,4898.5,4926.0,4898.5,842901,4926.0,4926.0,4898.5,4152006486.0,4152006486.0,4152006486.0,,3,SUR,-2.34,
TQBR,2018-10-03,ЛУКОЙЛ,LKOH,23320,5134714849.0,4912.5,4905.0,5055.0,5035.0,4999.0,5035.0,1027078,4999.5,4999.5,5035.0,5134714849.0,5134714849.0,5134714849.0,,3,SUR,2.79,
TQBR,2018-10-04,ЛУКОЙЛ,LKOH,15786,4017154692.0,5024.0,4956.0,5035.0,4990.0,4990.0,4990.0,804543,4993.0,4993.0,4990.0,4017154692.0,4017154692.0,4017154692.0,,3,SUR,-0.89,
TQBR,2018-10-05,ЛУКОЙЛ,LKOH,12187,2516859351.0,4989.0,4962.5,5043.5,4987.0,5002.5,4987.0,503118,5002.5,5002.5,4987.0,2516859351.0,2516859351.0,2516859351.0,,3,SUR,-0.06,
TQBR,2018-10-08,ЛУКОЙЛ,LKOH,10800,1897711360.0,4982.5,4941.5,5015.0,4966.0,4968.5,4966.0,381963,4968.5,4968.5,4966.0,1897711360.0,1897711360.0,1897711360.0,,3,SUR,-0.42,
TQBR,2018-10-09,ЛУКОЙЛ,LKOH,11064,2184691509.5,4981.5,4970.5,5031.0,4971.5,5001.5,4971.5,436837,5001.0,5001.0,4971.5,2184691509.5,2184691509.5,2184691509.5,,3,SUR,0.11,
TQBR,2018-10-10,ЛУКОЙЛ,LKOH,10103,1951437926.5,4993.5,4901.5,4993.5,4901.5,4940.0,4901.5,395030,4940.0,4940.0,4901.5,1951437926.5,1951437926.5,1951437926.5,,3,SUR,-1.41,
TQBR,2018-10-11,ЛУКОЙЛ,LKOH,20758,4562950076.0,4840.0,4770.5,4883.0,4804.0,4817.0,4804.0,947246,4817.0,4817.0,4804.0,4562950076.0,4562950076.0,4562950076.0,,3,SUR,-1.99,
TQBR,2018-10-12,ЛУКОЙЛ,LKOH,11720,2316111813.5,4850.0,4806.0,4880.5,4806.0,4839.5,4806.0,478564,4839.5,4839.5,4806.0,2316111813.5,2316111813.5,2316111813.5,,3,SUR,0.04,
TQBR,2018-10-15,ЛУКОЙЛ,LKOH,10460,2075637199.5,4837.0,4733.0,4837.0,4747.0,4762.0,4747.0,435853,4762.0,4762.0,4747.0,2075637199.5,2075637199.5,2075637199.5,,3,SUR,-1.23,
TQBR,2018-10-16,ЛУКОЙЛ,LKOH,11790,2229627777.5,4755.0,4721.5,4797.0,4795.0,4762.5,4795.0,468178,4762.5,4762.5,4795.0,2229627777.5,2229627777.5,2229627777.5,,3,SUR,1.01,
TQBR,2018-10-17,ЛУКОЙЛ,LKOH,10583,1887904061.0,4820.0,4732.0,4832.5,4773.0,4778.0,4773.0,395161,4777.5,4777.5,4773.0,1887904061.0,1887904061.0,1887904061.0,,3,SUR,-0.46,
TQBR,2018-10-18,ЛУКОЙЛ,LKOH,11546,2157003247.5,4749.0,4682.0,4770.0,4694.5,4712.5,4694.5,457730,4712.5,4712.5,4694.5,2157003247.5,2157003247.5,2157003247.5,,3,SUR,-1.64,
TQBR,2018-10-19,ЛУКОЙЛ,LKOH,16136,3127018152.0,4709.5,4665.5,4750.0,4693.0,4718.0,4693.0,662876,4717.5,4717.5,4693.0,3127018152.0,3127018152.0,3127018152.0,,3,SUR,-0.03,
TQBR,2018-10-22,ЛУКОЙЛ,LKOH,10409,1795379282.0,4710.0,4635.5,4725.0,4673.5,4679.0,4673.5,383719,4679.0,4679.0,4673.5,1795379282.0,1795379282.0,1795379282.0,,3,SUR,-0.42,
TQBR,2018-10-23,ЛУКОЙЛ,LKOH,63017,13533749900.0,4691.0,4691.0,4896.0,4770.0,4819.0,4770.0,2808341,4819.0,4819.0,4770.0,13533749900.0,13533749900.0,13533749900.0,,3,SUR,2.06,
TQBR,2018-10-24,ЛУКОЙЛ,LKOH,62482,32650209025.0,4825.0,4798.0,4995.0,4995.0,4937.0,4995.0,6612873,4937.5,4937.5,4995.0,32650209025.0,32650209025.0,32650209025.0,,3,SUR,4.72,
TQBR,2018-10-25,ЛУКОЙЛ,LKOH,32330,8828278554.5,4940.0,4886.0,4968.0,4943.0,4931.0,4943.0,1790415,4931.0,4931.0,4943.0,8828278554.5,8828278554.5,8828278554.5,,3,SUR,-1.04,
TQBR,2018-10-26,ЛУКОЙЛ,LKOH,19666,5271926604.0,4921.0,4806.0,4924.5,4888.5,4855.0,4888.5,1085876,4855.0,4855.0,4888.5,5271926604.0,5271926604.0,5271926604.0,,3,SUR,-1.1,
TQBR,2018-10-29,ЛУКОЙЛ,LKOH,14759,3057029139.5,4885.0,4856.0,4926.5,4872.5,4892.0,4872.5,624901,4892.0,4892.0,4872.5,3057029139.5,3057029139.5,3057029139.5,,3,SUR,-0.33,
TQBR,2018-10-30,ЛУКОЙЛ,LKOH,17619,4022220633.5,4841.0,4726.0,4855.0,4778.5,4790.0,4778.5,840102,4788.0,4788.0,4778.5,4022220633.5,4022220633.5,4022220633.5,,3,SUR,-1.93,
TQBR,2018-10-31,ЛУКОЙЛ,LKOH,17419,3917884411.5,4800.5,4800.5,4946.0,4945.0,4903.0,4945.0,799085,4903.0,4903.0,4945.0,3917884411.5,3917884411.5,3917884411.5,,3,SUR,3.48,
TQBR,2018-11-01,ЛУКОЙЛ,LKOH,17369,3426276294.5,4910.0,4861.5,5004.0,4937.0,4927.5,4937.0,695196,4928.5,4928.5,4937.0,3426276294.5,3426276294.5,3426276294.5,,3,SUR,-0.16,
TQBR,2018-11-02,ЛУКОЙЛ,LKOH,16206,4447935276.0,4948.0,4910.0,5004.5,4980.0,4964.5,4980.0,895847,4965.0,4965.0,4980.0,4447935276.0,4447935276.0,4447935276.0,,3,SUR,0.87,
TQBR,2018-11-06,ЛУКОЙЛ,LKOH,19891,4590374522.0,5000.0,4976.0,5083.0,5055.0,5042.5,5055.0,910145,5043.5,5043.5,5055.0,4590374522.0,4590374522.0,4590374522.0,,3,SUR,1.51,
TQBR,2018-11-07,ЛУКОЙЛ,LKOH,17771,3748074424.5,5054.5,5016.0,5174.5,5174.5,5116.0,5174.5,732623,5116.0,5116.0,5174.5,3748074424.5,3748074424.5,3748074424.5,,3,SUR,2.36,
TQBR,2018-11-08,ЛУКОЙЛ,LKOH,14629,3038662080.0,5176.0,5130.0,5192.5,5160.0,5159.5,5160.0,588944,5159.5,5159.5,5160.0,3038662080.0,3038662080.0,3038662080.0,,3,SUR,-0.28,
TQBR,2018-11-09,ЛУКОЙЛ,LKOH,19577,4535913273.0,5136.0,4996.5,5147.5,5094.5,5061.5,5094.5,896172,5061.5,5061.5,5094.5,4535913273.0,4535913273.0,4535913273.0,,3,SUR,-1.27,
TQBR,2018-11-12,ЛУКОЙЛ,LKOH,15874,2684477367.5,5101.5,5101.5,5191.0,5129.0,5147.5,5129.0,521518,5147.5,5147.5,5129.0,2684477367.5,2684477367.5,2684477367.5,,3,SUR,0.68,
TQBR,2018-11-13,ЛУКОЙЛ,LKOH,30909,6243901390.5,5119.0,4941.0,5126.5,4959.5,5009.5,4959.5,1246408,5009.5,5009.5,4959.5,6243901390.5,6243901390.5,6243901390.5,,3,SUR,-3.3,
TQBR,2018-11-14,ЛУКОЙЛ,LKOH,26048,4698594326.5,4923.0,4831.5,4933.0,4856.5,4871.5,4856.5,964537,4871.5,4871.5,4856.5,4698594326.5,4698594326.5,4698594326.5,,3,SUR,-2.08,
TQBR,2018-11-15,ЛУКОЙЛ,LKOH,16807,2768163886.5,4864.5,4835.0,4914.0,4854.0,4865.0,4854.0,569079,4864.5,4864.5,4854.0,2768163886.5,2768163886.5,2768163886.5,,3,SUR,-0.05,
TQBR,2018-11-16,ЛУКОЙЛ,LKOH,18263,3189919180.5,4860.5,4813.0,4915.0,4824.0,4863.0,4824.0,655941,4863.0,4863.0,4824.0,3189919180.5,3189919180.5,3189919180.5,,3,SUR,-0.62,
TQBR,2018-11-19,ЛУКОЙЛ,LKOH,14557,2897731288.5,4850.0,4820.0,4912.0,4845.5,4867.0,4845.5,595428,4866.5,4866.5,4845.5,2897731288.5,2897731288.5,2897731288.5,,3,SUR,0.45,
TQBR,2018-11-20,ЛУКОЙЛ,LKOH,18714,2966224393.5,4820.0,4743.0,4830.0,4809.5,4781.5,4809.5,620325,4781.5,4781.5,4809.5,2966224393.5,2966224393.5,2966224393.5,,3,SUR,-0.74,
TQBR,2018-11-21,ЛУКОЙЛ,LKOH,19123,3036627680.0,4799.0,4766.0,4835.0,4800.0,4800.5,4800.0,632581,4800.5,4800.5,4800.0,3036627680.0,3036627680.0,3036627680.0,,3,SUR,-0.2,
TQBR,2018-11-22,ЛУКОЙЛ,LKOH,11314,2087245656.0,4791.5,4755.0,4819.0,4813.5,4791.0,4813.5,435668,4791.0,4791.0,4813.5,2087245656.0,2087245656.0,2087245656.0,,3,SUR,0.28,
TQBR,2018-11-23,ЛУКОЙЛ,LKOH,25409,5598164640.0,4800.0,4624.5,4800.0,4670.0,4711.0,4670.0,1188339,4711.0,4711.0,4670.0,5598164640.0,5598164640.0,5598164640.0,,3,SUR,-2.98,
TQBR,2018-11-26,ЛУКОЙЛ,LKOH,26059,5374226387.5,4699.5,4555.0,4699.5,4623.0,4613.0,4623.0,1165029,4613.0,4613.0,4623.0,5374226387.5,5374226387.5,5374226387.5,,3,SUR,-1.01,
TQBR,2018-11-27,ЛУКОЙЛ,LKOH,18946,4838257787.5,4632.0,4609.0,4703.0,4689.0,4640.5,4689.0,1042648,4640.5,4640.5,4689.0,4838257787.5,4838257787.5,4838257787.5,,3,SUR,1.43,
TQBR,2018-11-28,ЛУКОЙЛ,LKOH,21471,3666045612.5,4699.0,4655.5,4758.0,4717.5,4708.0,4717.5,778668,4708.0,4708.0,4717.5,3666045612.5,3666045612.5,3666045612.5,,3,SUR,0.61,
TQBR,2018-11-29,ЛУКОЙЛ,LKOH,30118,6058757313.0,4729.0,4659.0,4796.0,4766.0,4741.0,4766.0,1277988,4741.0,4741.0,4766.0,6058757313.0,6058757313.0,6058757313.0,,3,SUR,1.03,
TQBR,2018-11-30,ЛУКОЙЛ,LKOH,30030,6876901575.0,4771.0,4765.0,4900.0,4896.0,4867.0,4896.0,1412897,4867.0,4867.0,4896.0,6876901575.0,6876901575.0,6876901575.0,,3,SUR,2.73,
TQBR,2018-12-03,ЛУКОЙЛ,LKOH,34003,7092348651.5,4995.0,4952.0,5098.5,5098.5,5067.5,5098.5,1399629,5067.5,5067.5,5098.5,7092348651.5,7092348651.5,7092348651.5,,3,SUR,4.14,
TQBR,2018-12-04,ЛУКОЙЛ,LKOH,35221,6579119080.5,5100.0,5030.0,5221.0,5209.0,5179.0,5209.0,1270270,5179.5,5179.5,5209.0,6579119080.5,6579119080.5,6579119080.5,,3,SUR,2.17,
TQBR,2018-12-05,ЛУКОЙЛ,LKOH,24735,4905891027.5,5156.0,5129.5,5260.0,5260.0,5197.5,5260.0,943848,5198.0,5198.0,5260.0,4905891027.5,4905891027.5,4905891027.5,,3,SUR,0.98,
TQBR,2018-12-06,ЛУКОЙЛ,LKOH,34801,7009417895.0,5220.0,5084.0,5325.0,5162.5,5147.0,5162.5,1361884,5147.0,5147.0,5162.5,7009417895.0,7009417895.0,7009417895.0,,3,SUR,-1.85,
TQBR,2018-12-07,ЛУКОЙЛ,LKOH,35055,7714860736.0,5170.0,5103.0,5321.5,5266.5,5241.5,5266.5,1471855,5241.5,5241.5,5266.5,7714860736.0,7714860736.0,7714860736.0,,3,SUR,2.01,
TQBR,2018-12-10,ЛУКОЙЛ,LKOH,28746,5606639091.0,5249.0,5149.0,5342.0,5173.5,5224.5,5173.5,1073265,5224.0,5224.0,5173.5,5606639091.0,5606639091.0,5606639091.0,,3,SUR,-1.77,
TQBR,2018-12-11,ЛУКОЙЛ,LKOH,25482,4620048271.0,5151.0,5114.0,5289.5,5267.0,5220.5,5267.0,884766,5222.0,5222.0,5267.0,4620048271.0,4620048271.0,4620048271.0,,3,SUR,1.81,
TQBR,2018-12-12,ЛУКОЙЛ,LKOH,22658,4312088485.5,5250.0,5102.0,5270.0,5102.0,5174.0,5102.0,833397,5174.0,5174.0,5102.0,4312088485.5,4312088485.5,4312088485.5,,3,SUR,-3.13,
TQBR,2018-12-13,ЛУКОЙЛ,LKOH,25714,4596388957.0,5105.0,5040.5,5156.0,5131.5,5096.0,5131.5,901995,5096.0,5096.0,5131.5,4596388957.0,4596388957.0,4596388957.0,,3,SUR,0.58,
TQBR,2018-12-14,ЛУКОЙЛ,LKOH,19974,3752152209.0,5119.5,5079.0,5141.5,5100.0,5108.5,5100.0,734502,5108.5,5108.5,5100.0,3752152209.0,3752152209.0,3752152209.0,,3,SUR,-0.61,
TQBR,2018-12-17,ЛУКОЙЛ,LKOH,16122,3216500918.0,5091.0,5071.0,5137.5,5100.0,5106.0,5100.0,629951,5106.0,5106.0,5100.0,3216500918.0,3216500918.0,3216500918.0,,3,SUR,0.0,
TQBR,2018-12-18,ЛУКОЙЛ,LKOH,34776,6951287882.0,5049.0,4900.0,5049.5,4925.0,4945.0,4925.0,1405909,4944.5,4944.5,4925.0,6951287882.0,6951287882.0,6951287882.0,,3,SUR,-3.43,
TQBR,2018-12-19,ЛУКОЙЛ,LKOH,23372,4582175240.5,4890.0,4865.0,4928.5,4910.0,4893.0,4910.0,936443,4893.0,4893.0,4910.0,4582175240.5,4582175240.5,4582175240.5,,3,SUR,-0.3,
TQBR,2018-12-20,ЛУКОЙЛ,LKOH,44045,7437871463.0,4830.0,4716.5,4838.5,4808.5,4775.0,4808.5,1557668,4775.0,4775.0,4808.5,7437871463.0,7437871463.0,7437871463.0,,3,SUR,-2.07,
TQBR,2018-12-21,ЛУКОЙЛ,LKOH,31976,11173135532.5,4789.5,4745.0,4954.0,4930.0,4893.0,4930.0,2283579,4893.0,4893.0,4930.0,11173135532.5,11173135532.5,11173135532.5,,3,SUR,2.53,
TQBR,2018-12-24,ЛУКОЙЛ,LKOH,17213,3061239431.5,4900.0,4842.5,4966.0,4909.0,4910.5,4909.0,623396,4910.5,4910.5,4909.0,3061239431.5,3061239431.5,3061239431.5,,3,SUR,-0.43,
TQBR,2018-12-25,ЛУКОЙЛ,LKOH,9716,1289375756.0,4841.0,4744.5,4842.5,4810.0,4792.0,4810.0,269077,4792.0,4792.0,4810.0,1289375756.0,1289375756.0,1289375756.0,,3,SUR,-2.02,
TQBR,2018-12-26,ЛУКОЙЛ,LKOH,6311,882531834.0,4829.0,4803.0,4859.0,4829.5,4833.5,4829.5,182587,4833.5,4833.5,4829.5,882531834.0,882531834.0,882531834.0,,3,SUR,0.41,
TQBR,2018-12-27,ЛУКОЙЛ,LKOH,13172,2420990677.5,4901.0,4858.0,4925.5,4884.0,4893.5,4884.0,494744,4893.5,4893.5,4884.0,2420990677.5,2420990677.5,2420990677.5,,3,SUR,1.13,
TQBR,2018-12-28,ЛУКОЙЛ,LKOH,18637,3290737092.0,4911.0,4901.5,5009.5,4955.5,4965.5,4955.5,662664,4966.0,4966.0,4955.5,3290737092.0,3290737092.0,3290737092.0,,3,SUR,1.46,
TQBR,2018-12-29,ЛУКОЙЛ,LKOH,6058,285574346.0,4975.0,4965.0,5000.0,4997.0,4986.0,4997.0,57279,4985.5,4985.5,4997.0,285574346.0,285574346.0,285574346.0,,3,SUR,0.84,
TQBR,2019-01-03,ЛУКОЙЛ,LKOH,16881,3143864937.5,4984.0,4886.5,5050.0,5007.0,4974.5,5007.0,632153,4973.5,4973.5,5007.0,3143864937.5,3143864937.5,3143864937.5,,3,SUR,0.2,
TQBR,2019-01-04,ЛУКОЙЛ,LKOH,10246,1775079431.5,5021.0,5021.0,5083.0,5074.5,5061.0,5074.5,350743,5061.0,5061.0,5074.5,1775079431.5,1775079431.5,1775079431.5,,3,SUR,1.35,
TQBR,2019-01-08,ЛУКОЙЛ,LKOH,26371,4951378795.5,5037.0,4964.5,5056.0,5039.0,5004.0,5039.0,989453,5004.0,5004.0,5039.0,4951378795.5,4951378795.5,4951378795.5,,3,SUR,-0.7,
TQBR,2019-01-09,ЛУКОЙЛ,LKOH,19087,4148359675.0,5050.0,5025.0,5077.0,5060.0,5053.5,5060.0,820940,5053.0,5053.0,5060.0,4148359675.0,4148359675.0,4148359675.0,,3,SUR,0.42,
TQBR,2019-01-10,ЛУКОЙЛ,LKOH,19504,4114282628.5,5048.5,5004.0,5152.0,5152.0,5094.0,5152.0,807655,5094.0,5094.0,5152.0,4114282628.5,4114282628.5,4114282628.5,,3,SUR,1.82,
TQBR,2019-01-11,ЛУКОЙЛ,LKOH,16131,3535339472.5,5153.5,5135.5,5212.0,5200.0,5178.0,5200.0,682434,5180.5,5180.5,5200.0,3535339472.5,3535339472.5,3535339472.5,,3,SUR,0.93,
TQBR,2019-01-14,ЛУКОЙЛ,LKOH,11112,2164434110.5,5187.0,5134.5,5200.0,5200.0,5173.5,5200.0,418371,5173.5,5173.5,5200.0,2164434110.5,2164434110.5,2164434110.5,,3,SUR,0.0,
TQBR,2019-01-15,ЛУКОЙЛ,LKOH,17099,3172283801.0,5213.5,5125.0,5237.5,5195.0,5191.5,5195.0,611109,5191.0,5191.0,5195.0,3172283801.0,3172283801.0,3172283801.0,,3,SUR,-0.1,
TQBR,2019-01-16,ЛУКОЙЛ,LKOH,11566,2613201940.5,5197.0,5114.0,5209.5,5129.0,5153.5,5129.0,507299,5151.0,5151.0,5129.0,2613201940.5,2613201940.5,2613201940.5,,3,SUR,-1.27,
TQBR,2019-01-17,ЛУКОЙЛ,LKOH,18669,3610831398.5,5120.0,5060.0,5187.0,5184.5,5124.5,5184.5,704441,5126.0,5126.0,5184.5,3610831398.5,3610831398.5,3610831398.5,,3,SUR,1.08,
TQBR,2019-01-18,ЛУКОЙЛ,LKOH,15594,3031326769.0,5194.0,5143.0,5206.0,5193.5,5177.0,5193.5,585467,5177.5,5177.5,5193.5,3031326769.0,3031326769.0,3031326769.0,,3,SUR,0.17,
TQBR,2019-01-21,ЛУКОЙЛ,LKOH,8358,1456446521.0,5207.0,5180.5,5224.0,5200.0,5202.0,5200.0,279987,5202.0,5202.0,5200.0,1456446521.0,1456446521.0,1456446521.0,,3,SUR,0.13,
TQBR,2019-01-22,ЛУКОЙЛ,LKOH,14985,3380712317.0,5187.0,5158.5,5212.0,5186.0,5189.0,5186.0,651497,5189.0,5189.0,5186.0,3380712317.0,3380712317.0,3380712317.0,,3,SUR,-0.27,
TQBR,2019-01-23,ЛУКОЙЛ,LKOH,12560,3083455419.0,5190.5,5176.5,5222.0,5205.5,5199.0,5205.5,593066,5199.0,5199.0,5205.5,3083455419.0,3083455419.0,3083455419.0,,3,SUR,0.38,
TQBR,2019-01-24,ЛУКОЙЛ,LKOH,14362,3316688641.0,5185.5,5143.5,5196.5,5196.5,5175.0,5196.5,640887,5175.0,5175.0,5196.5,3316688641.0,3316688641.0,3316688641.0,,3,SUR,-0.17,
TQBR,2019-01-25,ЛУКОЙЛ,LKOH,14194,3475357549.0,5196.0,5183.5,5246.0,5215.0,5208.0,5215.0,667326,5208.0,5208.0,5215.0,3475357549.0,3475357549.0,3475357549.0,,3,SUR,0.36,
TQBR,2019-01-28,ЛУКОЙЛ,LKOH,15055,3407178808.0,5212.0,5143.0,5215.0,5165.0,5163.5,5165.0,659844,5163.5,5163.5,5165.0,3407178808.0,3407178808.0,3407178808.0,,3,SUR,-0.96,
TQBR,2019-01-29,ЛУКОЙЛ,LKOH,12513,2671619567.0,5150.0,5136.0,5215.0,5196.5,5187.5,5196.5,515004,5187.5,5187.5,5196.5,2671619567.0,2671619567.0,2671619567.0,,3,SUR,0.61,
TQBR,2019-01-30,ЛУКОЙЛ,LKOH,8448,2379397380.0,5184.5,5184.0,5227.0,5227.0,5208.5,5227.0,456853,5208.0,5208.0,5227.0,2379397380.0,2379397380.0,2379397380.0,,3,SUR,0.59,
TQBR,2019-01-31,ЛУКОЙЛ,LKOH,17196,4170476608.5,5240.0,5228.0,5300.0,5272.5,5271.5,5272.5,791137,5271.5,5271.5,5272.5,4170476608.5,4170476608.5,4170476608.5,,3,SUR,0.87,
TQBR,2019-02-01,ЛУКОЙЛ,LKOH,14533,2898746804.0,5267.5,5241.0,5329.5,5319.5,5304.5,5319.5,546468,5304.5,5304.5,5319.5,2898746804.0,2898746804.0,2898746804.0,,3,SUR,0.89,
TQBR,2019-02-04,ЛУКОЙЛ,LKOH,16744,2627890649.0,5333.0,5314.5,5406.0,5350.0,5369.5,5350.0,489423,5369.5,5369.5,5350.0,2627890649.0,2627890649.0,2627890649.0,,3,SUR,0.57,
TQBR,2019-02-05,ЛУКОЙЛ,LKOH,13732,2136334706.5,5363.5,5363.0,5435.0,5435.0,5408.0,5435.0,395021,5408.0,5408.0,5435.0,2136334706.5,2136334706.5,2136334706.5,,3,SUR,1.59,
TQBR,2019-02-06,ЛУКОЙЛ,LKOH,15545,3103196553.5,5439.0,5402.5,5488.5,5461.0,5452.0,5461.0,569203,5452.0,5452.0,5461.0,3103196553.5,3103196553.5,3103196553.5,,3,SUR,0.48,
TQBR,2019-02-07,ЛУКОЙЛ,LKOH,18188,3038843975.0,5444.0,5385.0,5464.5,5385.0,5420.5,5385.0,560613,5420.5,5420.5,5385.0,3038843975.0,3038843975.0,3038843975.0,,3,SUR,-1.39,
TQBR,2019-02-08,ЛУКОЙЛ,LKOH,14475,2779676343.5,5369.5,5334.5,5403.0,5386.0,5366.5,5386.0,517950,5366.5,5366.5,5386.0,2779676343.5,2779676343.5,2779676343.5,,3,SUR,0.02,
TQBR,2019-02-11,ЛУКОЙЛ,LKOH,13758,2305211488.5,5381.5,5380.0,5440.0,5419.5,5414.0,5419.5,425813,5413.5,5413.5,5419.5,2305211488.5,2305211488.5,2305211488.5,,3,SUR,0.62,
TQBR,2019-02-12,ЛУКОЙЛ,LKOH,12775,2381619995.5,5421.5,5391.5,5475.5,5439.0,5436.5,5439.0,438101,5436.0,5436.0,5439.0,2381619995.5,2381619995.5,2381619995.5,,3,SUR,0.36,
TQBR,2019-02-13,ЛУКОЙЛ,LKOH,19878,4029948325.5,5434.0,5313.0,5435.5,5351.0,5370.0,5351.0,750434,5370.0,5370.0,5351.0,4029948325.5,4029948325.5,4029948325.5,,3,SUR,-1.62,
TQBR,2019-02-14,ЛУКОЙЛ,LKOH,24663,4335754819.5,5312.0,5291.0,5395.0,5360.5,5341.0,5360.5,811821,5341.0,5341.0,5360.5,4335754819.5,4335754819.5,4335754819.5,,3,SUR,0.18,
TQBR,2019-02-15,ЛУКОЙЛ,LKOH,12646,2467596306.0,5388.0,5361.5,5448.0,5426.0,5417.0,5426.0,455541,5417.0,5417.0,5426.0,2467596306.0,2467596306.0,2467596306.0,,3,SUR,1.22,
TQBR,2019-02-18,ЛУКОЙЛ,LKOH,14410,2753505692.0,5454.0,5404.0,5485.5,5483.5,5446.5,5483.5,505508,5447.0,5447.0,5483.5,2753505692.0,2753505692.0,2753505692.0,,3,SUR,1.06,
TQBR,2019-02-19,ЛУКОЙЛ,LKOH,14885,2832267423.0,5483.5,5428.5,5496.0,5443.5,5460.0,5443.5,518735,5460.0,5460.0,5443.5,2832267423.0,2832267423.0,2832267423.0,,3,SUR,-0.73,
TQBR,2019-02-20,ЛУКОЙЛ,LKOH,17022,3186804119.0,5454.0,5438.5,5495.0,5445.0,5458.5,5445.0,583804,5458.5,5458.5,5445.0,3186804119.0,3186804119.0,3186804119.0,,3,SUR,0.03,
TQBR,2019-02-21,ЛУКОЙЛ,LKOH,12697,2573562105.0,5438.0,5416.0,5465.5,5447.5,5440.5,5447.5,473013,5441.0,5441.0,5447.5,2573562105.0,2573562105.0,2573562105.0,,3,SUR,0.05,
TQBR,2019-02-22,ЛУКОЙЛ,LKOH,14932,3139593163.5,5452.0,5445.5,5527.0,5527.0,5498.0,5527.0,570935,5499.0,5499.0,5527.0,3139593163.5,3139593163.5,3139593163.5,,3,SUR,1.46,
TQBR,2019-02-25,ЛУКОЙЛ,LKOH,20066,3041400570.0,5531.0,5496.5,5587.5,5533.0,5542.5,5533.0,548742,5542.5,5542.5,5533.0,3041400570.0,3041400570.0,3041400570.0,,3,SUR,0.11,
TQBR,2019-02-26,ЛУКОЙЛ,LKOH,15747,3280402987.0,5510.0,5455.5,5551.0,5551.0,5513.0,5551.0,595094,5512.5,5512.5,5551.0,3280402987.0,3280402987.0,3280402987.0,,3,SUR,0.33,
TQBR,2019-02-27,ЛУКОЙЛ,LKOH,15379,2629127335.5,5561.0,5526.5,5581.0,5580.0,5559.5,5580.0,472896,5559.5,5559.5,5580.0,2629127335.5,2629127335.5,2629127335.5,,3,SUR,0.52,
TQBR,2019-02-28,ЛУКОЙЛ,LKOH,14149,4703567058.0,5574.0,5501.0,5587.5,5501.0,5520.0,5501.0,852105,5520.0,5520.0,5501.0,4703567058.0,4703567058.0,4703567058.0,,3,SUR,-1.42,
TQBR,2019-03-01,ЛУКОЙЛ,LKOH,15380,2681941340.5,5517.0,5488.0,5535.0,5500.5,5507.5,5500.5,486945,5507.5,5507.5,5500.5,2681941340.5,2681941340.5,2681941340.5,,3,SUR,-0.01,
TQBR,2019-03-04,ЛУКОЙЛ,LKOH,12318,2344367502.5,5502.5,5467.0,5550.0,5546.5,5513.0,5546.5,425266,5512.5,5512.5,5546.5,2344367502.5,2344367502.5,2344367502.5,,3,SUR,0.84,
TQBR,2019-03-05,ЛУКОЙЛ,LKOH,21832,3639745595.0,5535.0,5530.0,5660.0,5622.5,5609.0,5622.5,649004,5608.0,5608.0,5622.5,3639745595.0,3639745595.0,3639745595.0,,3,SUR,1.37,
TQBR,2019-03-06,ЛУКОЙЛ,LKOH,22692,4384867104.0,5603.0,5603.0,5730.0,5713.0,5694.0,5713.0,770123,5693.5,5693.5,5713.0,4384867104.0,4384867104.0,4384867104.0,,3,SUR,1.61,
TQBR,2019-03-07,ЛУКОЙЛ,LKOH,20973,3531650066.5,5690.0,5642.5,5719.5,5677.0,5683.5,5677.0,621335,5684.0,5684.0,5677.0,3531650066.5,3531650066.5,3531650066.5,,3,SUR,-0.63,
TQBR,2019-03-11,ЛУКОЙЛ,LKOH,20024,3714686845.0,5649.0,5561.0,5669.0,5561.0,5592.0,5561.0,664261,5592.0,5592.0,5561.0,3714686845.0,3714686845.0,3714686845.0,,3,SUR,-2.04,
TQBR,2019-03-12,ЛУКОЙЛ,LKOH,15893,3120755451.5,5584.0,5571.0,5618.5,5576.0,5591.0,5576.0,558181,5591.0,5591.0,5576.0,3120755451.5,3120755451.5,3120755451.5,,3,SUR,0.27,
TQBR,2019-03-13,ЛУКОЙЛ,LKOH,12667,2959005443.0,5574.0,5542.5,5609.0,5609.0,5581.0,5609.0,530205,5581.0,5581.0,5609.0,2959005443.0,2959005443.0,2959005443.0,,3,SUR,0.59,
TQBR,2019-03-14,ЛУКОЙЛ,LKOH,12664,2529306511.0,5616.0,5580.0,5627.0,5608.0,5602.5,5608.0,451468,5602.5,5602.5,5608.0,2529306511.0,2529306511.0,2529306511.0,,3,SUR,-0.02,
TQBR,2019-03-15,ЛУКОЙЛ,LKOH,14650,5574979000.5,5608.0,5575.5,5662.5,5662.5,5636.0,5662.5,988959,5637.0,5637.0,5662.5,5574979000.5,5574979000.5,5574979000.5,,3,SUR,0.97,
TQBR,2019-03-18,ЛУКОЙЛ,LKOH,13196,2717396984.5,5625.5,5600.0,5674.5,5610.0,5626.5,5610.0,482950,5626.5,5626.5,5610.0,2717396984.5,2717396984.5,2717396984.5,,3,SUR,-0.93,
TQBR,2019-03-19,ЛУКОЙЛ,LKOH,14561,3116303454.0,5615.0,5595.0,5682.5,5682.5,5644.0,5682.5,552152,5644.0,5644.0,5682.5,3116303454.0,3116303454.0,3116303454.0,,3,SUR,1.29,
TQBR,2019-03-20,ЛУКОЙЛ,LKOH,21064,3907750283.5,5682.5,5664.0,5770.0,5770.0,5728.5,5770.0,682158,5728.5,5728.5,5770.0,3907750283.5,3907750283.5,3907750283.5,,3,SUR,1.54,
TQBR,2019-03-21,ЛУКОЙЛ,LKOH,28294,6417173140.0,5773.0,5730.0,5793.5,5759.0,5759.0,5759.0,1114265,5759.0,5759.0,5759.0,6417173140.0,6417173140.0,6417173140.0,,3,SUR,-0.19,
TQBR,2019-03-22,ЛУКОЙЛ,LKOH,17499,4049498373.5,5759.0,5732.0,5799.0,5793.5,5777.5,5793.5,700914,5777.5,5777.5,5793.5,4049498373.5,4049498373.5,4049498373.5,,3,SUR,0.6,
TQBR,2019-03-25,ЛУКОЙЛ,LKOH,17325,3962184570.5,5760.0,5729.0,5775.0,5740.0,5752.0,5740.0,688816,5752.0,5752.0,5740.0,3962184570.5,3962184570.5,3962184570.5,,3,SUR,-0.92,
TQBR,2019-03-26,ЛУКОЙЛ,LKOH,13055,2818727456.5,5749.0,5728.5,5819.5,5809.0,5795.0,5809.0,486415,5795.0,5795.0,5809.0,2818727456.5,2818727456.5,2818727456.5,,3,SUR,1.2,
TQBR,2019-03-27,ЛУКОЙЛ,LKOH,18714,3166670383.0,5805.0,5802.5,5859.5,5850.0,5840.5,5850.0,542224,5840.0,5840.0,5850.0,3166670383.0,3166670383.0,3166670383.0,,3,SUR,0.71,
TQBR,2019-03-28,ЛУКОЙЛ,LKOH,19936,3790324154.0,5840.0,5809.0,5890.0,5880.0,5864.0,5880.0,646392,5864.0,5864.0,5880.0,3790324154.0,3790324154.0,3790324154.0,,3,SUR,0.51,
TQBR,2019-03-29,ЛУКОЙЛ,LKOH,17913,4160496975.5,5881.5,5841.0,5895.0,5894.0,5872.5,5894.0,708494,5872.5,5872.5,5894.0,4160496975.5,4160496975.5,4160496975.5,,3,SUR,0.24,
TQBR,2019-04-01,ЛУКОЙЛ,LKOH,13116,2576223637.0,5893.0,5878.5,5942.5,5909.0,5920.0,5909.0,435156,5920.0,5920.0,5909.0,2576223637.0,2576223637.0,2576223637.0,,3,SUR,0.25,
TQBR,2019-04-02,ЛУКОЙЛ,LKOH,15558,3431369870.0,5919.0,5902.0,5958.0,5958.0,5925.0,5958.0,579149,5925.0,5925.0,5958.0,3431369870.0,3431369870.0,3431369870.0,,3,SUR,0.83,
TQBR,2019-04-03,ЛУКОЙЛ,LKOH,17629,3550212349.0,5961.0,5926.0,5996.0,5926.0,5956.5,5926.0,596004,5956.5,5956.5,5926.0,3550212349.0,3550212349.0,3550212349.0,,3,SUR,-0.54,
TQBR,2019-04-04,ЛУКОЙЛ,LKOH,17725,3676098257.0,5929.0,5863.0,5942.5,5865.0,5895.0,5865.0,623610,5895.0,5895.0,5865.0,3676098257.0,3676098257.0,3676098257.0,,3,SUR,-1.03,
TQBR,2019-04-05,ЛУКОЙЛ,LKOH,14470,2775956545.5,5865.0,5822.0,5905.0,5822.0,5863.5,5822.0,473476,5863.0,5863.0,5822.0,2775956545.5,2775956545.5,2775956545.5,,3,SUR,-0.73,
TQBR,2019-04-08,ЛУКОЙЛ,LKOH,15762,3615421460.0,5851.5,5800.5,5866.5,5826.0,5832.5,5826.0,619901,5832.5,5832.5,5826.0,3615421460.0,3615421460.0,3615421460.0,,3,SUR,0.07,
TQBR,2019-04-09,ЛУКОЙЛ,LKOH,23567,6136160541.5,5851.0,5695.0,5851.0,5736.0,5746.0,5736.0,1067819,5746.5,5746.5,5736.0,6136160541.5,6136160541.5,6136160541.5,,3,SUR,-1.54,
TQBR,2019-04-10,ЛУКОЙЛ,LKOH,17236,4355453441.5,5736.0,5685.5,5738.5,5692.0,5707.0,5692.0,763177,5707.0,5707.0,5692.0,4355453441.5,4355453441.5,4355453441.5,,3,SUR,-0.77,
TQBR,2019-04-11,ЛУКОЙЛ,LKOH,19311,4017742275.5,5689.5,5627.5,5695.0,5630.0,5656.5,5630.0,710264,5656.5,5656.5,5630.0,4017742275.5,4017742275.5,4017742275.5,,3,SUR,-1.09,
TQBR,2019-04-12,ЛУКОЙЛ,LKOH,16530,3420333704.0,5632.0,5573.5,5647.5,5600.0,5606.0,5600.0,610130,5606.0,5606.0,5600.0,3420333704.0,3420333704.0,3420333704.0,,3,SUR,-0.53,
TQBR,2019-04-15,ЛУКОЙЛ,LKOH,13594,2438226668.5,5601.0,5586.0,5637.5,5590.0,5603.5,5590.0,435112,5603.5,5603.5,5590.0,2438226668.5,2438226668.5,2438226668.5,,3,SUR,-0.18,
TQBR,2019-04-16,ЛУКОЙЛ,LKOH,18675,4111929099.0,5603.0,5563.0,5662.0,5609.5,5605.5,5609.5,733561,5605.5,5605.5,5609.5,4111929099.0,4111929099.0,4111929099.0,,3,SUR,0.35,
TQBR,2019-04-17,ЛУКОЙЛ,LKOH,18763,3661778104.5,5630.0,5548.0,5650.0,5584.0,5594.5,5584.0,654558,5594.5,5594.5,5584.0,3661778104.5,3661778104.5,3661778104.5,,3,SUR,-0.45,
TQBR,2019-04-18,ЛУКОЙЛ,LKOH,11399,2627878565.5,5584.0,5570.0,5610.0,5610.0,5595.5,5610.0,469684,5595.0,5595.0,5610.0,2627878565.5,2627878565.5,2627878565.5,,3,SUR,0.47,
TQBR,2019-04-19,ЛУКОЙЛ,LKOH,3236,469835639.5,5620.0,5600.0,5632.5,5602.0,5608.5,5602.0,83771,5608.5,5608.5,5602.0,469835639.5,469835639.5,469835639.5,,3,SUR,-0.14,
TQBR,2019-04-22,ЛУКОЙЛ,LKOH,10871,1568061865.5,5625.0,5621.5,5696.5,5690.0,5663.5,5690.0,276852,5664.0,5664.0,5690.0,1568061865.5,1568061865.5,1568061865.5,,3,SUR,1.57,
TQBR,2019-04-23,ЛУКОЙЛ,LKOH,25322,4710988511.5,5700.0,5700.0,5833.5,5780.0,5780.5,5780.0,814827,5781.5,5781.5,5780.0,4710988511.5,4710988511.5,4710988511.5,,3,SUR,1.58,
TQBR,2019-04-24,ЛУКОЙЛ,LKOH,17437,3663380175.5,5778.0,5713.5,5800.0,5760.0,5748.0,5760.0,637310,5748.0,5748.0,5760.0,3663380175.5,3663380175.5,3663380175.5,,3,SUR,-0.35,
TQBR,2019-04-25,ЛУКОЙЛ,LKOH,21844,4642674716.5,5768.0,5648.5,5787.0,5648.5,5709.5,5648.5,813292,5708.5,5708.5,5648.5,4642674716.5,4642674716.5,4642674716.5,,3,SUR,-1.94,
TQBR,2019-04-26,ЛУКОЙЛ,LKOH,17395,3762347412.5,5648.0,5585.0,5648.0,5588.0,5601.0,5588.0,671743,5601.0,5601.0,5588.0,3762347412.5,3762347412.5,3762347412.5,,3,SUR,-1.07,
TQBR,2019-04-29,ЛУКОЙЛ,LKOH,16154,2582756245.5,5612.0,5545.5,5650.0,5552.0,5595.0,5552.0,461635,5595.0,5595.0,5552.0,2582756245.5,2582756245.5,2582756245.5,,3,SUR,-0.64,
TQBR,2019-04-30,ЛУКОЙЛ,LKOH,20482,5085840649.5,5560.0,5475.0,5581.0,5511.0,5500.0,5511.0,924698,5500.0,5500.0,5511.0,5085840649.5,5085840649.5,5085840649.5,,3,SUR,-0.74,
TQBR,2019-05-02,ЛУКОЙЛ,LKOH,13226,3059449039.5,5510.0,5506.5,5574.0,5551.0,5547.0,5551.0,551551,5547.0,5547.0,5551.0,3059449039.5,3059449039.5,3059449039.5,,3,SUR,0.73,
TQBR,2019-05-03,ЛУКОЙЛ,LKOH,21170,4005325041.5,5571.5,5444.0,5599.5,5453.0,5492.0,5453.0,729286,5492.0,5492.0,5453.0,4005325041.5,4005325041.5,4005325041.5,,3,SUR,-1.77,
TQBR,2019-05-06,ЛУКОЙЛ,LKOH,14092,2390528856.5,5421.0,5369.0,5478.0,5478.0,5442.5,5478.0,439246,5442.5,5442.5,5478.0,2390528856.5,2390528856.5,2390528856.5,,3,SUR,0.46,
TQBR,2019-05-07,ЛУКОЙЛ,LKOH,26313,6325116322.0,5470.5,5362.0,5479.5,5405.5,5396.0,5405.5,1172134,5396.0,5396.0,5405.5,6325116322.0,6325116322.0,6325116322.0,,3,SUR,-1.32,
TQBR,2019-05-08,ЛУКОЙЛ,LKOH,19320,4303294921.0,5400.5,5331.0,5406.5,5331.0,5364.0,5331.0,802222,5364.0,5364.0,5331.0,4303294921.0,4303294921.0,4303294921.0,,3,SUR,-1.38,
TQBR,2019-05-10,ЛУКОЙЛ,LKOH,17614,3637079162.5,5315.5,5258.0,5349.5,5290.0,5297.5,5290.0,686582,5297.5,5297.5,5290.0,3637079162.5,3637079162.5,3637079162.5,,3,SUR,-0.77,
TQBR,2019-05-13,ЛУКОЙЛ,LKOH,19728,4378996815.5,5300.0,5287.5,5378.0,5350.0,5329.0,5350.0,821742,5329.0,5329.0,5350.0,4378996815.5,4378996815.5,4378996815.5,,3,SUR,1.13,
TQBR,2019-05-14,ЛУКОЙЛ,LKOH,47205,11555664281.5,5330.5,5165.0,5340.0,5188.5,5219.5,5188.5,2213843,5219.5,5219.5,5188.5,11555664281.5,11555664281.5,11555664281.5,,3,SUR,-3.02,
TQBR,2019-05-15,ЛУКОЙЛ,LKOH,37976,8832215797.0,5206.5,5000.0,5206.5,5000.0,5078.0,5000.0,1739424,5077.5,5077.5,5000.0,8832215797.0,8832215797.0,8832215797.0,,3,SUR,-3.63,
TQBR,2019-05-16,ЛУКОЙЛ,LKOH,59227,15049144923.0,5000.0,4980.0,5297.5,5200.0,5189.0,5200.0,2899451,5190.5,5190.5,5200.0,15049144923.0,15049144923.0,15049144923.0,,3,SUR,4.0,
TQBR,2019-05-17,ЛУКОЙЛ,LKOH,28039,7355382397.5,5170.0,5170.0,5292.5,5260.0,5236.5,5260.0,1404659,5236.5,5236.5,5260.0,7355382397.5,7355382397.5,7355382397.5,,3,SUR,1.15,
TQBR,2019-05-20,ЛУКОЙЛ,LKOH,21344,5134692739.5,5254.5,5172.5,5289.0,5172.5,5214.0,5172.5,984747,5214.0,5214.0,5172.5,5134692739.5,5134692739.5,5134692739.5,,3,SUR,-1.66,
TQBR,2019-05-21,ЛУКОЙЛ,LKOH,28595,5986338159.0,5190.0,5173.0,5329.5,5300.0,5284.0,5300.0,1132972,5283.5,5283.5,5300.0,5986338159.0,5986338159.0,5986338159.0,,3,SUR,2.46,
TQBR,2019-05-22,ЛУКОЙЛ,LKOH,20044,3983629606.5,5299.5,5281.0,5364.5,5317.5,5332.5,5317.5,747069,5332.5,5332.5,5317.5,3983629606.5,3983629606.5,3983629606.5,,3,SUR,0.33,
TQBR,2019-05-23,ЛУКОЙЛ,LKOH,18047,4597766272.5,5300.0,5260.0,5308.0,5275.0,5290.0,5275.0,869165,5290.0,5290.0,5275.0,4597766272.5,4597766272.5,4597766272.5,,3,SUR,-0.8,
TQBR,2019-05-24,ЛУКОЙЛ,LKOH,14562,4474859037.5,5289.0,5227.5,5313.0,5240.0,5276.0,5240.0,848174,5276.0,5276.0,5240.0,4474859037.5,4474859037.5,4474859037.5,,3,SUR,-0.66,
TQBR,2019-05-27,ЛУКОЙЛ,LKOH,10878,2674405933.0,5250.0,5198.0,5277.0,5220.0,5224.0,5220.0,511953,5224.0,5224.0,5220.0,2674405933.0,2674405933.0,2674405933.0,,3,SUR,-0.38,
TQBR,2019-05-28,ЛУКОЙЛ,LKOH,37480,33595912766.5,5245.0,5055.0,5272.0,5100.0,5117.0,5100.0,6565822,5117.0,5117.0,5100.0,33595912766.5,33595912766.5,33595912766.5,,3,SUR,-2.3,
TQBR,2019-05-29,ЛУКОЙЛ,LKOH,32569,8476197299.5,5094.0,5064.5,5249.0,5240.0,5169.5,5240.0,1640216,5167.5,5167.5,5240.0,8476197299.5,8476197299.5,8476197299.5,,3,SUR,2.75,
TQBR,2019-05-30,ЛУКОЙЛ,LKOH,29604,5468542139.0,5260.0,5205.0,5324.0,5230.0,5256.5,5230.0,1040325,5256.5,5256.5,5230.0,5468542139.0,5468542139.0,5468542139.0,,3,SUR,-0.19,
TQBR,2019-05-31,ЛУКОЙЛ,LKOH,17232,4597535951.5,5200.0,5185.0,5268.5,5268.5,5241.0,5268.5,877247,5241.0,5241.0,5268.5,4597535951.5,4597535951.5,4597535951.5,,3,SUR,0.74,
TQBR,2019-06-03,ЛУКОЙЛ,LKOH,19679,4681353688.5,5256.0,5226.0,5287.0,5254.5,5249.5,5254.5,891610,5250.5,5250.5,5254.5,4681353688.5,4681353688.5,4681353688.5,,3,SUR,-0.27,
TQBR,2019-06-04,ЛУКОЙЛ,LKOH,24485,5808768877.5,5250.5,5142.5,5276.5,5170.0,5184.0,5170.0,1120517,5184.0,5184.0,5170.0,5808768877.5,5808768877.5,5808768877.5,,3,SUR,-1.61,
TQBR,2019-06-05,ЛУКОЙЛ,LKOH,22919,4680545985.0,5179.5,5090.0,5184.5,5103.0,5129.5,5103.0,912447,5129.5,5129.5,5103.0,4680545985.0,4680545985.0,4680545985.0,,3,SUR,-1.3,
TQBR,2019-06-06,ЛУКОЙЛ,LKOH,17012,4104678124.5,5105.0,5095.0,5157.0,5156.5,5129.0,5156.5,800241,5129.5,5129.5,5156.5,4104678124.5,4104678124.5,4104678124.5,,3,SUR,1.05,
TQBR,2019-06-07,ЛУКОЙЛ,LKOH,16974,6609602582.0,5170.0,5115.0,5184.0,5133.0,5140.5,5133.0,1285920,5140.0,5140.0,5133.0,6609602582.0,6609602582.0,6609602582.0,,3,SUR,-0.46,
TQBR,2019-06-10,ЛУКОЙЛ,LKOH,15711,3115759835.5,5140.0,5140.0,5186.0,5181.0,5173.5,5181.0,602248,5173.5,5173.5,5181.0,3115759835.5,3115759835.5,3115759835.5,,3,SUR,0.94,
TQBR,2019-06-11,ЛУКОЙЛ,LKOH,20573,5495596451.0,5175.0,5165.0,5247.0,5237.0,5212.5,5237.0,1054336,5212.5,5212.5,5237.0,5495596451.0,5495596451.0,5495596451.0,,3,SUR,1.08,
TQBR,2019-06-13,ЛУКОЙЛ,LKOH,19589,5196201213.5,5210.0,5155.0,5229.0,5210.5,5196.0,5210.5,1000055,5196.0,5196.0,5210.5,5196201213.5,5196201213.5,5196201213.5,,3,SUR,-0.51,
TQBR,2019-06-14,ЛУКОЙЛ,LKOH,14498,3873137524.0,5192.0,5178.5,5236.5,5178.5,5201.0,5178.5,744740,5200.5,5200.5,5178.5,3873137524.0,3873137524.0,3873137524.0,,3,SUR,-0.61,
TQBR,2019-06-17,ЛУКОЙЛ,LKOH,15220,4035114248.5,5178.0,5163.0,5220.5,5190.0,5197.0,5190.0,776446,5197.0,5197.0,5190.0,4035114248.5,4035114248.5,4035114248.5,,3,SUR,0.22,
TQBR,2019-06-18,ЛУКОЙЛ,LKOH,19309,4865701221.0,5183.0,5157.5,5230.0,5230.0,5198.0,5230.0,936099,5198.0,5198.0,5230.0,4865701221.0,4865701221.0,4865701221.0,,3,SUR,0.77,
TQBR,2019-06-19,ЛУКОЙЛ,LKOH,23213,4480097360.0,5231.0,5169.0,5255.5,5245.0,5225.0,5245.0,857438,5225.0,5225.0,5245.0,4480097360.0,4480097360.0,4480097360.0,,3,SUR,0.29,
TQBR,2019-06-20,ЛУКОЙЛ,LKOH,41049,8851198548.5,5267.0,5258.5,5357.5,5320.0,5320.0,5320.0,1663692,5320.0,5320.0,5320.0,8851198548.5,8851198548.5,8851198548.5,,3,SUR,1.43,
TQBR,2019-06-21,ЛУКОЙЛ,LKOH,18746,8209678963.0,5307.0,5268.5,5338.0,5338.0,5314.0,5338.0,1544936,5314.0,5314.0,5338.0,8209678963.0,8209678963.0,8209678963.0,,3,SUR,0.34,
TQBR,2019-06-24,ЛУКОЙЛ,LKOH,16229,3017709177.0,5338.0,5270.0,5349.0,5270.0,5309.5,5270.0,568356,5309.5,5309.5,5270.0,3017709177.0,3017709177.0,3017709177.0,,3,SUR,-1.27,
TQBR,2019-06-25,ЛУКОЙЛ,LKOH,13392,3154531700.5,5264.0,5252.5,5311.5,5309.5,5287.5,5309.5,596594,5287.5,5287.5,5309.5,3154531700.5,3154531700.5,3154531700.5,,3,SUR,0.75,
TQBR,2019-06-26,ЛУКОЙЛ,LKOH,14790,3628982209.5,5307.5,5307.5,5379.0,5358.5,5339.0,5358.5,679718,5339.0,5339.0,5358.5,3628982209.5,3628982209.5,3628982209.5,,3,SUR,0.92,
TQBR,2019-06-27,ЛУКОЙЛ,LKOH,15456,2987793038.5,5365.0,5344.0,5417.0,5380.0,5374.5,5380.0,555938,5374.5,5374.5,5380.0,2987793038.5,2987793038.5,2987793038.5,,3,SUR,0.4,
TQBR,2019-06-28,ЛУКОЙЛ,LKOH,16289,4151477517.5,5380.0,5292.5,5401.5,5305.0,5340.0,5305.0,777518,5339.5,5339.5,5305.0,4151477517.5,4151477517.5,4151477517.5,,3,SUR,-1.39,
TQBR,2019-07-01,ЛУКОЙЛ,LKOH,17672,3108354674.5,5358.0,5352.5,5414.0,5378.5,5388.5,5378.5,576904,5388.0,5388.0,5378.5,3108354674.5,3108354674.5,3108354674.5,,3,SUR,1.39,
TQBR,2019-07-02,ЛУКОЙЛ,LKOH,10677,2875927620.0,5388.0,5359.0,5409.5,5372.0,5378.5,5372.0,534736,5378.0,5378.0,5372.0,2875927620.0,2875927620.0,2875927620.0,,3,SUR,-0.12,
TQBR,2019-07-03,ЛУКОЙЛ,LKOH,14915,3274382456.0,5378.0,5326.5,5387.5,5345.5,5353.5,5345.5,611671,5353.0,5353.0,5345.5,3274382456.0,3274382456.0,3274382456.0,,3,SUR,-0.49,
TQBR,2019-07-04,ЛУКОЙЛ,LKOH,16701,4030923476.0,5346.0,5340.5,5479.5,5464.5,5423.0,5464.5,743542,5421.0,5421.0,5464.5,4030923476.0,4030923476.0,4030923476.0,,3,SUR,2.23,
TQBR,2019-07-05,ЛУКОЙЛ,LKOH,23474,5657394687.0,5469.0,5431.0,5530.0,5460.0,5471.0,5460.0,1034667,5468.0,5468.0,5460.0,5657394687.0,5657394687.0,5657394687.0,,3,SUR,-0.08,
TQBR,2019-07-08,ЛУКОЙЛ,LKOH,17885,3628686580.0,5326.0,5310.0,5379.0,5357.5,5350.5,5357.5,678262,5350.0,5350.0,5357.5,3628686580.0,3628686580.0,3628686580.0,,3,SUR,-1.88,
TQBR,2019-07-09,ЛУКОЙЛ,LKOH,17987,2536425876.5,5357.5,5353.0,5389.0,5374.0,5374.5,5374.0,471887,5375.0,5375.0,5374.0,2536425876.5,2536425876.5,2536425876.5,,3,SUR,0.31,
TQBR,2019-07-10,ЛУКОЙЛ,LKOH,19741,3343172324.5,5374.0,5312.0,5376.0,5365.0,5350.5,5365.0,624830,5350.5,5350.5,5365.0,3343172324.5,3343172324.5,3343172324.5,,3,SUR,-0.17,
TQBR,2019-07-11,ЛУКОЙЛ,LKOH,25858,3797738083.5,5368.5,5250.0,5374.5,5270.0,5295.0,5270.0,717382,5294.0,5294.0,5270.0,3797738083.5,3797738083.5,3797738083.5,,3,SUR,-1.77,
TQBR,2019-07-12,ЛУКОЙЛ,LKOH,17635,2671869286.5,5266.0,5210.5,5287.0,5263.0,5249.0,5263.0,509042,5249.0,5249.0,5263.0,2671869286.5,2671869286.5,2671869286.5,,3,SUR,-0.13,
TQBR,2019-07-15,ЛУКОЙЛ,LKOH,19350,3474518099.0,5254.0,5151.5,5263.5,5178.5,5182.5,5178.5,670344,5183.0,5183.0,5178.5,3474518099.0,3474518099.0,3474518099.0,,3,SUR,-1.61,
TQBR,2019-07-16,ЛУКОЙЛ,LKOH,15667,3401982644.5,5177.0,5125.0,5200.5,5190.5,5155.5,5190.5,659691,5157.0,5157.0,5190.5,3401982644.5,3401982644.5,3401982644.5,,3,SUR,0.23,
TQBR,2019-07-17,ЛУКОЙЛ,LKOH,12259,3016143197.5,5190.0,5172.0,5243.0,5206.0,5202.5,5206.0,579687,5203.0,5203.0,5206.0,3016143197.5,3016143197.5,3016143197.5,,3,SUR,0.3,
TQBR,2019-07-18,ЛУКОЙЛ,LKOH,9586,1892372537.5,5197.5,5166.0,5223.5,5166.0,5190.0,5166.0,364670,5189.5,5189.5,5166.0,1892372537.5,1892372537.5,1892372537.5,,3,SUR,-0.77,
TQBR,2019-07-19,ЛУКОЙЛ,LKOH,7179,1480865348.0,5185.0,5185.0,5235.0,5200.5,5213.0,5200.5,284084,5213.0,5213.0,5200.5,1480865348.0,1480865348.0,1480865348.0,,3,SUR,0.67,
TQBR,2019-07-22,ЛУКОЙЛ,LKOH,8515,1870956734.5,5215.5,5165.5,5240.0,5165.5,5207.5,5165.5,359312,5207.0,5207.0,5165.5,1870956734.5,1870956734.5,1870956734.5,,3,SUR,-0.67,
TQBR,2019-07-23,ЛУКОЙЛ,LKOH,7543,1550731188.0,5175.0,5166.5,5215.0,5202.5,5197.0,5202.5,298386,5197.0,5197.0,5202.5,1550731188.0,1550731188.0,1550731188.0,,3,SUR,0.72,
TQBR,2019-07-24,ЛУКОЙЛ,LKOH,13470,2774291233.5,5204.5,5117.0,5205.0,5134.5,5156.5,5134.5,538083,5156.0,5156.0,5134.5,2774291233.5,2774291233.5,2774291233.5,,3,SUR,-1.31,
TQBR,2019-07-25,ЛУКОЙЛ,LKOH,19718,4273641703.0,5147.0,5062.0,5155.0,5096.5,5096.5,5096.5,838535,5096.5,5096.5,5096.5,4273641703.0,4273641703.0,4273641703.0,,3,SUR,-0.74,
TQBR,2019-07-26,ЛУКОЙЛ,LKOH,19156,4504321419.5,5094.0,5065.0,5150.5,5075.0,5112.0,5075.0,881244,5111.5,5111.5,5075.0,4504321419.5,4504321419.5,4504321419.5,,3,SUR,-0.42,
TQBR,2019-07-29,ЛУКОЙЛ,LKOH,8755,1985001657.5,5076.0,5070.0,5118.0,5094.5,5089.5,5094.5,390034,5089.5,5089.5,5094.5,1985001657.5,1985001657.5,1985001657.5,,3,SUR,0.38,
TQBR,2019-07-30,ЛУКОЙЛ,LKOH,15224,3488058398.5,5085.5,5056.0,5106.5,5105.0,5089.0,5105.0,685392,5089.0,5089.0,5105.0,3488058398.5,3488058398.5,3488058398.5,,3,SUR,0.21,
TQBR,2019-07-31,ЛУКОЙЛ,LKOH,20742,6045471877.0,5111.0,5102.5,5262.0,5226.5,5211.0,5226.5,1160288,5210.5,5210.5,5226.5,6045471877.0,6045471877.0,6045471877.0,,3,SUR,2.38,
TQBR,2019-08-01,ЛУКОЙЛ,LKOH,17214,3862679490.5,5205.5,5194.0,5288.5,5220.5,5232.5,5220.5,738210,5232.5,5232.5,5220.5,3862679490.5,3862679490.5,3862679490.5,,3,SUR,-0.11,
TQBR,2019-08-02,ЛУКОЙЛ,LKOH,22131,5303722214.0,5168.5,5110.0,5245.0,5130.0,5168.5,5130.0,1026138,5168.5,5168.5,5130.0,5303722214.0,5303722214.0,5303722214.0,,3,SUR,-1.73,
TQBR,2019-08-05,ЛУКОЙЛ,LKOH,25729,5546366695.0,5130.0,5073.5,5169.0,5139.0,5122.5,5139.0,1082766,5122.5,5122.5,5139.0,5546366695.0,5546366695.0,5546366695.0,,3,SUR,0.18,
TQBR,2019-08-06,ЛУКОЙЛ,LKOH,26708,6823481188.0,5135.0,5120.5,5234.5,5234.5,5189.0,5234.5,1314452,5191.0,5191.0,5234.5,6823481188.0,6823481188.0,6823481188.0,,3,SUR,1.86,
TQBR,2019-08-07,ЛУКОЙЛ,LKOH,18467,6027927812.0,5234.0,5160.0,5262.5,5210.0,5208.0,5210.0,1157490,5208.0,5208.0,5210.0,6027927812.0,6027927812.0,6027927812.0,,3,SUR,-0.47,
TQBR,2019-08-08,ЛУКОЙЛ,LKOH,18311,5335592630.5,5236.5,5236.5,5302.5,5268.0,5278.5,5268.0,1010794,5278.5,5278.5,5268.0,5335592630.5,5335592630.5,5335592630.5,,3,SUR,1.11,
TQBR,2019-08-09,ЛУКОЙЛ,LKOH,12926,4032336941.5,5275.0,5230.5,5287.0,5287.0,5258.0,5287.0,766914,5258.0,5258.0,5287.0,4032336941.5,4032336941.5,4032336941.5,,3,SUR,0.36,
TQBR,2019-08-12,ЛУКОЙЛ,LKOH,14364,3835797730.0,5319.5,5292.0,5344.0,5320.0,5319.5,5320.0,721090,5319.5,5319.5,5320.0,3835797730.0,3835797730.0,3835797730.0,,3,SUR,0.62,
TQBR,2019-08-13,ЛУКОЙЛ,LKOH,15863,4218282662.0,5329.5,5263.5,5330.0,5276.0,5293.0,5276.0,796943,5293.0,5293.0,5276.0,4218282662.0,4218282662.0,4218282662.0,,3,SUR,-0.83,
TQBR,2019-08-14,ЛУКОЙЛ,LKOH,19387,4886291525.5,5265.5,5090.5,5283.0,5106.5,5175.5,5106.5,944164,5175.5,5175.5,5106.5,4886291525.5,4886291525.5,4886291525.5,,3,SUR,-3.21,
TQBR,2019-08-15,ЛУКОЙЛ,LKOH,19827,4500329536.0,5115.0,5023.5,5123.5,5023.5,5066.0,5023.5,888302,5066.0,5066.0,5023.5,4500329536.0,4500329536.0,4500329536.0,,3,SUR,-1.63,
TQBR,2019-08-16,ЛУКОЙЛ,LKOH,23471,5236533327.0,5048.0,4982.0,5125.0,5000.0,5064.5,5000.0,1041926,5026.0,5026.0,5000.0,5236533327.0,5236533327.0,5236533327.0,,3,SUR,-0.47,
TQBR,2019-08-19,ЛУКОЙЛ,LKOH,36013,9851442182.0,5030.0,4996.0,5298.0,5240.0,5142.5,5240.0,1904327,5173.0,5173.0,5240.0,9851442182.0,9851442182.0,9851442182.0,,3,SUR,4.8,
TQBR,2019-08-20,ЛУКОЙЛ,LKOH,26195,5551296342.5,5260.0,5203.0,5326.5,5326.5,5270.0,5326.5,1053295,5270.5,5270.5,5326.5,5551296342.5,5551296342.5,5551296342.5,,3,SUR,1.65,
TQBR,2019-08-21,ЛУКОЙЛ,LKOH,17749,4178979380.5,5335.0,5254.0,5336.0,5278.0,5283.5,5278.0,790942,5283.5,5283.5,5278.0,4178979380.5,4178979380.5,4178979380.5,,3,SUR,-0.91,
TQBR,2019-08-22,ЛУКОЙЛ,LKOH,14119,3166428492.0,5287.5,5231.0,5305.0,5275.0,5266.0,5275.0,601288,5266.0,5266.0,5275.0,3166428492.0,3166428492.0,3166428492.0,,3,SUR,-0.06,
TQBR,2019-08-23,ЛУКОЙЛ,LKOH,18023,3864834219.0,5278.0,5158.5,5286.5,5183.5,5205.5,5183.5,742478,5205.5,5205.5,5183.5,3864834219.0,3864834219.0,3864834219.0,,3,SUR,-1.73,
TQBR,2019-08-26,ЛУКОЙЛ,LKOH,13211,2911379917.5,5147.0,5097.5,5210.0,5115.0,5143.5,5115.0,566049,5143.5,5143.5,5115.0,2911379917.5,2911379917.5,2911379917.5,,3,SUR,-1.32,
TQBR,2019-08-27,ЛУКОЙЛ,LKOH,23462,14482060162.0,5124.0,5035.0,5124.0,5086.5,5079.0,5086.5,2851824,5078.0,5078.0,5086.5,14482060162.0,14482060162.0,14482060162.0,,3,SUR,-0.56,
TQBR,2019-08-28,ЛУКОЙЛ,LKOH,35155,9878751055.5,5095.5,5055.5,5242.5,5195.0,5166.0,5195.0,1911636,5167.5,5167.5,5195.0,9878751055.5,9878751055.5,9878751055.5,,3,SUR,2.13,
TQBR,2019-08-29,ЛУКОЙЛ,LKOH,34398,10151946201.0,5219.5,5199.0,5391.0,5356.0,5320.0,5356.0,1905558,5327.5,5327.5,5356.0,10151946201.0,10151946201.0,10151946201.0,,3,SUR,3.1,
TQBR,2019-08-30,ЛУКОЙЛ,LKOH,15616,3971119029.0,5356.0,5327.0,5395.0,5379.5,5365.5,5379.5,740271,5364.5,5364.5,5379.5,3971119029.0,3971119029.0,3971119029.0,,3,SUR,0.44,
TQBR,2019-09-02,ЛУКОЙЛ,LKOH,20862,4606308380.0,5366.0,5342.0,5506.0,5475.0,5459.5,5475.0,843920,5458.0,5458.0,5475.0,4606308380.0,4606308380.0,4606308380.0,,3,SUR,1.78,
TQBR,2019-09-03,ЛУКОЙЛ,LKOH,16868,3615884260.0,5452.0,5371.0,5469.0,5419.0,5412.5,5419.0,667867,5414.0,5414.0,5419.0,3615884260.0,3615884260.0,3615884260.0,,3,SUR,-1.02,
TQBR,2019-09-04,ЛУКОЙЛ,LKOH,15512,3721555610.0,5434.5,5426.5,5476.0,5450.0,5442.0,5450.0,683721,5443.0,5443.0,5450.0,3721555610.0,3721555610.0,3721555610.0,,3,SUR,0.57,
TQBR,2019-09-05,ЛУКОЙЛ,LKOH,18956,4378901783.0,5460.0,5460.0,5549.5,5524.5,5511.0,5524.5,794565,5511.0,5511.0,5524.5,4378901783.0,4378901783.0,4378901783.0,,3,SUR,1.37,
TQBR,2019-09-06,ЛУКОЙЛ,LKOH,15857,3813337182.5,5525.5,5465.0,5555.0,5526.5,5507.0,5526.5,692582,5506.0,5506.0,5526.5,3813337182.5,3813337182.5,3813337182.5,,3,SUR,0.04,
TQBR,2019-09-09,ЛУКОЙЛ,LKOH,10233,2163944498.0,5537.0,5471.0,5568.0,5500.0,5496.0,5500.0,393729,5496.0,5496.0,5500.0,2163944498.0,2163944498.0,2163944498.0,,3,SUR,-0.48,
TQBR,2019-09-10,ЛУКОЙЛ,LKOH,10792,2648231858.0,5500.5,5427.0,5504.5,5476.0,5457.0,5476.0,485280,5457.0,5457.0,5476.0,2648231858.0,2648231858.0,2648231858.0,,3,SUR,-0.44,
TQBR,2019-09-11,ЛУКОЙЛ,LKOH,14667,3856213869.5,5478.5,5437.0,5540.0,5540.0,5519.5,5540.0,698686,5519.0,5519.0,5540.0,3856213869.5,3856213869.5,3856213869.5,,3,SUR,1.17,
TQBR,2019-09-12,ЛУКОЙЛ,LKOH,18942,4649454281.5,5525.0,5387.5,5536.5,5429.5,5450.5,5429.5,853194,5449.5,5449.5,5429.5,4649454281.5,4649454281.5,4649454281.5,,3,SUR,-1.99,
TQBR,2019-09-13,ЛУКОЙЛ,LKOH,17451,3426885640.0,5406.5,5340.5,5409.5,5377.5,5369.0,5377.5,638231,5369.5,5369.5,5377.5,3426885640.0,3426885640.0,3426885640.0,,3,SUR,-0.96,
TQBR,2019-09-16,ЛУКОЙЛ,LKOH,34774,10391637696.5,5484.0,5479.5,5582.5,5559.0,5535.0,5559.0,1877393,5535.0,5535.0,5559.0,10391637696.5,10391637696.5,10391637696.5,,3,SUR,3.38,
TQBR,2019-09-17,ЛУКОЙЛ,LKOH,24301,5557494514.0,5560.0,5416.0,5600.0,5472.5,5522.0,5472.5,1006856,5519.5,5519.5,5472.5,5557494514.0,5557494514.0,5557494514.0,,3,SUR,-1.56,
TQBR,2019-09-18,ЛУКОЙЛ,LKOH,11892,3128766121.0,5465.0,5420.0,5480.5,5467.0,5455.5,5467.0,573525,5455.5,5455.5,5467.0,3128766121.0,3128766121.0,3128766121.0,,3,SUR,-0.1,
TQBR,2019-09-19,ЛУКОЙЛ,LKOH,28571,6027068213.0,5455.0,5382.0,5470.5,5391.0,5410.5,5391.0,1113944,5410.5,5410.5,5391.0,6027068213.0,6027068213.0,6027068213.0,,3,SUR,-1.39,
TQBR,2019-09-20,ЛУКОЙЛ,LKOH,11175,8606021222.0,5389.0,5371.0,5489.0,5489.0,5450.5,5489.0,1578781,5451.0,5451.0,5489.0,8606021222.0,8606021222.0,8606021222.0,,3,SUR,1.82,
TQBR,2019-09-23,ЛУКОЙЛ,LKOH,17155,3373938221.0,5460.0,5403.0,5460.0,5420.0,5421.5,5420.0,622325,5421.5,5421.5,5420.0,3373938221.0,3373938221.0,3373938221.0,,3,SUR,-1.26,
TQBR,2019-09-24,ЛУКОЙЛ,LKOH,18949,3699441722.0,5424.0,5317.5,5438.5,5337.5,5374.5,5337.5,688395,5374.0,5374.0,5337.5,3699441722.0,3699441722.0,3699441722.0,,3,SUR,-1.52,
TQBR,2019-09-25,ЛУКОЙЛ,LKOH,14439,3332269574.0,5326.5,5265.5,5343.5,5343.5,5299.0,5343.5,628849,5299.0,5299.0,5343.5,3332269574.0,3332269574.0,3332269574.0,,3,SUR,0.11,
TQBR,2019-09-26,ЛУКОЙЛ,LKOH,13277,3323817098.5,5345.0,5321.0,5399.0,5387.5,5366.5,5387.5,619344,5366.5,5366.5,5387.5,3323817098.5,3323817098.5,3323817098.5,,3,SUR,0.82,
TQBR,2019-09-27,ЛУКОЙЛ,LKOH,10033,2238021980.5,5383.0,5370.0,5439.5,5405.0,5404.0,5405.0,414147,5404.0,5404.0,5405.0,2238021980.5,2238021980.5,2238021980.5,,3,SUR,0.32,
TQBR,2019-09-30,ЛУКОЙЛ,LKOH,13158,2582304000.0,5406.0,5375.5,5435.0,5387.5,5406.5,5387.5,477623,5406.5,5406.5,5387.5,2582304000.0,2582304000.0,2582304000.0,,3,SUR,-0.32,
TQBR,2019-10-01,ЛУКОЙЛ,LKOH,45761,9438410260.0,5390.0,5385.0,5750.0,5530.0,5566.0,5530.0,1695589,5566.5,5566.5,5530.0,9438410260.0,9438410260.0,9438410260.0,,3,SUR,2.65,
TQBR,2019-10-02,ЛУКОЙЛ,LKOH,22927,4914663506.0,5530.0,5405.0,5560.0,5410.0,5455.5,5410.0,900852,5455.5,5455.5,5410.0,4914663506.0,4914663506.0,4914663506.0,,3,SUR,-2.17,
TQBR,2019-10-03,ЛУКОЙЛ,LKOH,15879,3596379467.5,5411.0,5354.0,5450.0,5362.5,5393.0,5362.5,666857,5393.0,5393.0,5362.5,3596379467.5,3596379467.5,3596379467.5,,3,SUR,-0.88,
TQBR,2019-10-04,ЛУКОЙЛ,LKOH,16084,3364218785.5,5384.0,5300.0,5413.5,5335.0,5365.0,5335.0,626907,5366.5,5366.5,5335.0,3364218785.5,3364218785.5,3364218785.5,,3,SUR,-0.51,
TQBR,2019-10-07,ЛУКОЙЛ,LKOH,14930,2254252518.5,5341.0,5321.0,5388.5,5367.0,5361.0,5367.0,420486,5361.0,5361.0,5367.0,2254252518.5,2254252518.5,2254252518.5,,3,SUR,0.6,
TQBR,2019-10-08,ЛУКОЙЛ,LKOH,17841,2919057232.0,5376.0,5315.0,5382.0,5320.0,5332.5,5320.0,547392,5332.5,5332.5,5320.0,2919057232.0,2919057232.0,2919057232.0,,3,SUR,-0.88,
TQBR,2019-10-09,ЛУКОЙЛ,LKOH,15868,2824729163.0,5319.0,5290.0,5337.5,5304.0,5309.0,5304.0,532105,5308.5,5308.5,5304.0,2824729163.0,2824729163.0,2824729163.0,,3,SUR,-0.3,
TQBR,2019-10-10,ЛУКОЙЛ,LKOH,12516,2194074408.5,5308.0,5261.0,5347.0,5318.5,5306.5,5318.5,413506,5306.0,5306.0,5318.5,2194074408.5,2194074408.5,2194074408.5,,3,SUR,0.27,
TQBR,2019-10-11,ЛУКОЙЛ,LKOH,24051,4486927031.0,5350.0,5335.0,5466.5,5425.0,5424.5,5425.0,827177,5424.5,5424.5,5425.0,4486927031.0,4486927031.0,4486927031.0,,3,SUR,2.0,
TQBR,2019-10-14,ЛУКОЙЛ,LKOH,18266,3562646537.5,5448.5,5387.0,5466.0,5450.0,5421.0,5450.0,657236,5420.5,5420.5,5450.0,3562646537.5,3562646537.5,3562646537.5,,3,SUR,0.46,
TQBR,2019-10-15,ЛУКОЙЛ,LKOH,41232,9953453112.5,5446.0,5413.5,5622.5,5601.5,5572.5,5601.5,1786560,5571.5,5571.5,5601.5,9953453112.5,9953453112.5,9953453112.5,,3,SUR,2.78,
TQBR,2019-10-16,ЛУКОЙЛ,LKOH,78484,21803867864.0,5618.0,5578.0,5803.5,5710.0,5691.5,5710.0,3832134,5689.5,5689.5,5710.0,21803867864.0,21803867864.0,21803867864.0,,3,SUR,1.94,
TQBR,2019-10-17,ЛУКОЙЛ,LKOH,42609,10052713400.5,5730.0,5697.0,5817.0,5715.0,5756.5,5715.0,1746329,5756.5,5756.5,5715.0,10052713400.5,10052713400.5,10052713400.5,,3,SUR,0.09,
TQBR,2019-10-18,ЛУКОЙЛ,LKOH,16238,4100866356.0,5716.0,5698.0,5748.0,5720.0,5713.0,5720.0,717802,5713.0,5713.0,5720.0,4100866356.0,4100866356.0,4100866356.0,,3,SUR,0.09,
TQBR,2019-10-21,ЛУКОЙЛ,LKOH,27745,6204117440.5,5722.0,5705.5,5808.5,5768.0,5775.0,5768.0,1074335,5775.0,5775.0,5768.0,6204117440.5,6204117440.5,6204117440.5,,3,SUR,0.84,
TQBR,2019-10-22,ЛУКОЙЛ,LKOH,28141,7022820430.5,5800.0,5771.0,5860.5,5860.5,5812.5,5860.5,1208186,5812.5,5812.5,5860.5,7022820430.5,7022820430.5,7022820430.5,,3,SUR,1.6,
TQBR,2019-10-23,ЛУКОЙЛ,LKOH,23407,6319612681.0,5849.5,5828.0,5976.0,5976.0,5902.5,5976.0,1070604,5903.0,5903.0,5976.0,6319612681.0,6319612681.0,6319612681.0,,3,SUR,1.97,
TQBR,2019-10-24,ЛУКОЙЛ,LKOH,39726,10518100059.5,5960.0,5957.0,6156.0,6150.0,6079.5,6150.0,1730214,6079.0,6079.0,6150.0,10518100059.5,10518100059.5,10518100059.5,,3,SUR,2.91,
TQBR,2019-10-25,ЛУКОЙЛ,LKOH,27788,5433556519.5,6121.0,6026.5,6150.0,6117.5,6089.5,6117.5,892202,6090.0,6090.0,6117.5,5433556519.5,5433556519.5,5433556519.5,,3,SUR,-0.53,
TQBR,2019-10-28,ЛУКОЙЛ,LKOH,51070,11205719615.0,6128.5,5881.0,6194.0,5916.0,5990.5,5916.0,1870618,5990.5,5990.5,5916.0,11205719615.0,11205719615.0,11205719615.0,,3,SUR,-3.29,
TQBR,2019-10-29,ЛУКОЙЛ,LKOH,43765,10953235939.5,5920.0,5775.5,5950.0,5820.0,5824.0,5820.0,1880721,5824.0,5824.0,5820.0,10953235939.5,10953235939.5,10953235939.5,,3,SUR,-1.62,
TQBR,2019-10-30,ЛУКОЙЛ,LKOH,35608,7433603655.0,5808.0,5775.0,5896.0,5850.0,5839.0,5850.0,1273087,5839.0,5839.0,5850.0,7433603655.0,7433603655.0,7433603655.0,,3,SUR,0.52,
TQBR,2019-10-31,ЛУКОЙЛ,LKOH,29302,7670269677.0,5854.0,5854.0,5977.0,5919.5,5928.5,5919.5,1293941,5928.0,5928.0,5919.5,7670269677.0,7670269677.0,7670269677.0,,3,SUR,1.19,
TQBR,2019-11-01,ЛУКОЙЛ,LKOH,21544,4782277766.5,5933.5,5923.0,6045.0,6021.0,5994.5,6021.0,797741,5995.0,5995.0,6021.0,4782277766.5,4782277766.5,4782277766.5,,3,SUR,1.71,
TQBR,2019-11-05,ЛУКОЙЛ,LKOH,21703,4936435467.5,6066.5,5955.0,6098.0,6008.0,6009.0,6008.0,821452,6009.5,6009.5,6008.0,4936435467.5,4936435467.5,4936435467.5,,3,SUR,-0.22,
TQBR,2019-11-06,ЛУКОЙЛ,LKOH,30143,6206694239.0,6003.5,5971.0,6140.0,6140.0,6075.5,6140.0,1021395,6076.5,6076.5,6140.0,6206694239.0,6206694239.0,6206694239.0,,3,SUR,2.2,
TQBR,2019-11-07,ЛУКОЙЛ,LKOH,28455,6406483447.5,6105.0,6081.0,6144.0,6133.5,6115.5,6133.5,1047562,6115.5,6115.5,6133.5,6406483447.5,6406483447.5,6406483447.5,,3,SUR,-0.11,
TQBR,2019-11-08,ЛУКОЙЛ,LKOH,23399,4409574286.0,6120.0,6000.0,6135.0,6040.0,6047.5,6040.0,729133,6047.5,6047.5,6040.0,4409574286.0,4409574286.0,4409574286.0,,3,SUR,-1.52,
TQBR,2019-11-11,ЛУКОЙЛ,LKOH,19244,3723387419.0,6000.0,5958.5,6048.0,6048.0,6006.0,6048.0,619945,6006.0,6006.0,6048.0,3723387419.0,3723387419.0,3723387419.0,,3,SUR,0.13,
TQBR,2019-11-12,ЛУКОЙЛ,LKOH,17510,3831402711.5,6044.0,5991.0,6098.5,6033.0,6047.5,6033.0,633653,6046.5,6046.5,6033.0,3831402711.5,3831402711.5,3831402711.5,,3,SUR,-0.25,
TQBR,2019-11-13,ЛУКОЙЛ,LKOH,14340,3190623025.0,6004.5,5976.0,6053.0,6050.0,6021.0,6050.0,529921,6021.0,6021.0,6050.0,3190623025.0,3190623025.0,3190623025.0,,3,SUR,0.28,
TQBR,2019-11-14,ЛУКОЙЛ,LKOH,30047,6315126289.5,6062.0,6005.5,6165.0,6084.5,6101.0,6084.5,1035327,6099.5,6099.5,6084.5,6315126289.5,6315126289.5,6315126289.5,,3,SUR,0.57,
TQBR,2019-11-15,ЛУКОЙЛ,LKOH,25473,5280377361.0,6096.0,6073.5,6170.0,6161.0,6120.5,6161.0,862770,6120.5,6120.5,6161.0,5280377361.0,5280377361.0,5280377361.0,,3,SUR,1.26,
TQBR,2019-11-18,ЛУКОЙЛ,LKOH,21493,4124815185.0,6177.5,6066.5,6194.0,6077.0,6111.5,6077.0,674965,6111.0,6111.0,6077.0,4124815185.0,4124815185.0,4124815185.0,,3,SUR,-1.36,
TQBR,2019-11-19,ЛУКОЙЛ,LKOH,15140,3270855241.5,6090.0,6071.0,6137.0,6090.0,6097.0,6090.0,536467,6097.0,6097.0,6090.0,3270855241.5,3270855241.5,3270855241.5,,3,SUR,0.21,
TQBR,2019-11-20,ЛУКОЙЛ,LKOH,15434,3210836565.5,6066.5,6025.5,6110.0,6084.5,6070.5,6084.5,528908,6070.5,6070.5,6084.5,3210836565.5,3210836565.5,3210836565.5,,3,SUR,-0.09,
TQBR,2019-11-21,ЛУКОЙЛ,LKOH,12008,2656175874.5,6050.0,6035.0,6088.0,6087.5,6064.5,6087.5,437969,6065.0,6065.0,6087.5,2656175874.5,2656175874.5,2656175874.5,,3,SUR,0.05,
TQBR,2019-11-22,ЛУКОЙЛ,LKOH,17609,3894867504.5,6062.0,6062.0,6155.0,6120.0,6120.0,6120.0,636349,6120.5,6120.5,6120.0,3894867504.5,3894867504.5,3894867504.5,,3,SUR,0.53,
TQBR,2019-11-25,ЛУКОЙЛ,LKOH,11448,2407381926.5,6135.0,6090.0,6137.5,6103.0,6106.5,6103.0,394176,6107.5,6107.5,6103.0,2407381926.5,2407381926.5,2407381926.5,,3,SUR,-0.28,
TQBR,2019-11-26,ЛУКОЙЛ,LKOH,38032,14114065405.5,6105.0,6060.0,6150.0,6060.0,6084.0,6060.0,2320007,6083.5,6083.5,6060.0,14114065405.5,14114065405.5,14114065405.5,,3,SUR,-0.7,
TQBR,2019-11-27,ЛУКОЙЛ,LKOH,24369,5110340509.0,6069.0,6060.0,6125.5,6065.0,6088.0,6065.0,839412,6088.0,6088.0,6065.0,5110340509.0,5110340509.0,5110340509.0,,3,SUR,0.08,
TQBR,2019-11-28,ЛУКОЙЛ,LKOH,19853,4421505296.5,6078.0,6034.0,6133.0,6120.0,6100.0,6120.0,724816,6100.0,6100.0,6120.0,4421505296.5,4421505296.5,4421505296.5,,3,SUR,0.91,
TQBR,2019-11-29,ЛУКОЙЛ,LKOH,20695,4289207562.0,6120.0,6084.5,6159.5,6137.5,6124.5,6137.5,700302,6125.0,6125.0,6137.5,4289207562.0,4289207562.0,4289207562.0,,3,SUR,0.29,
TQBR,2019-12-02,ЛУКОЙЛ,LKOH,29283,5856401597.0,6150.0,6121.5,6227.5,6159.5,6186.5,6159.5,946654,6186.5,6186.5,6159.5,5856401597.0,5856401597.0,5856401597.0,,3,SUR,0.36,
TQBR,2019-12-03,ЛУКОЙЛ,LKOH,29694,5560431656.5,6159.5,6031.5,6181.0,6040.0,6093.5,6040.0,912501,6093.5,6093.5,6040.0,5560431656.5,5560431656.5,5560431656.5,,3,SUR,-1.94,
TQBR,2019-12-04,ЛУКОЙЛ,LKOH,18747,4147191659.5,6051.5,6025.5,6106.5,6073.0,6076.5,6073.0,682503,6076.5,6076.5,6073.0,4147191659.5,4147191659.5,4147191659.5,,3,SUR,0.55,
TQBR,2019-12-05,ЛУКОЙЛ,LKOH,19073,4066073742.0,6082.0,6054.5,6128.5,6121.5,6094.5,6121.5,667172,6094.5,6094.5,6121.5,4066073742.0,4066073742.0,4066073742.0,,3,SUR,0.8,
TQBR,2019-12-06,ЛУКОЙЛ,LKOH,17061,4402175717.0,6126.0,6112.5,6220.0,6220.0,6161.5,6220.0,714458,6161.5,6161.5,6220.0,4402175717.0,4402175717.0,4402175717.0,,3,SUR,1.61,
TQBR,2019-12-09,ЛУКОЙЛ,LKOH,21916,4806077774.0,6236.0,6182.0,6254.5,6182.0,6202.5,6182.0,774803,6203.0,6203.0,6182.0,4806077774.0,4806077774.0,4806077774.0,,3,SUR,-0.61,
TQBR,2019-12-10,ЛУКОЙЛ,LKOH,25546,5174168201.5,6176.0,6090.0,6191.5,6095.0,6126.0,6095.0,844629,6126.0,6126.0,6095.0,5174168201.5,5174168201.5,5174168201.5,,3,SUR,-1.41,
TQBR,2019-12-11,ЛУКОЙЛ,LKOH,23164,5626530241.0,6088.5,6080.0,6169.0,6110.0,6132.0,6110.0,917654,6131.5,6131.5,6110.0,5626530241.0,5626530241.0,5626530241.0,,3,SUR,0.25,
TQBR,2019-12-12,ЛУКОЙЛ,LKOH,30365,11104607816.0,6152.0,6100.0,6165.0,6136.0,6133.0,6136.0,1810421,6133.5,6133.5,6136.0,11104607816.0,11104607816.0,11104607816.0,,3,SUR,0.43,
TQBR,2019-12-13,ЛУКОЙЛ,LKOH,29124,7051564968.5,6164.5,6145.0,6197.0,6168.0,6171.5,6168.0,1142550,6172.0,6172.0,6168.0,7051564968.5,7051564968.5,7051564968.5,,3,SUR,0.52,
TQBR,2019-12-16,ЛУКОЙЛ,LKOH,21511,4359929449.5,6170.0,6170.0,6212.5,6190.0,6191.5,6190.0,704074,6192.5,6192.5,6190.0,4359929449.5,4359929449.5,4359929449.5,,3,SUR,0.36,
TQBR,2019-12-17,ЛУКОЙЛ,LKOH,23382,5452463847.5,6193.0,6187.5,6238.5,6226.0,6217.5,6226.0,876963,6217.5,6217.5,6226.0,5452463847.5,5452463847.5,5452463847.5,,3,SUR,0.58,
TQBR,2019-12-18,ЛУКОЙЛ,LKOH,25291,6291217381.0,6227.0,6224.5,6258.5,6250.5,6247.0,6250.5,1007116,6247.0,6247.0,6250.5,6291217381.0,6291217381.0,6291217381.0,,3,SUR,0.39,
TQBR,2019-12-19,ЛУКОЙЛ,LKOH,59556,9881848636.5,6090.0,6048.5,6150.0,6079.0,6096.0,6079.0,1621047,6096.0,6096.0,6079.0,9881848636.5,9881848636.5,9881848636.5,,3,SUR,-2.74,
TQBR,2019-12-20,ЛУКОЙЛ,LKOH,26203,14138626946.0,6090.0,6046.0,6097.0,6079.5,6075.0,6079.5,2327379,6075.0,6075.0,6079.5,14138626946.0,14138626946.0,14138626946.0,,3,SUR,0.01,
TQBR,2019-12-23,ЛУКОЙЛ,LKOH,13180,4662585245.5,6075.5,6068.5,6095.0,6082.0,6078.0,6082.0,767139,6078.0,6078.0,6082.0,4662585245.5,4662585245.5,4662585245.5,,3,SUR,0.04,
TQBR,2019-12-24,ЛУКОЙЛ,LKOH,8764,2283452609.0,6084.5,6050.0,6084.5,6080.5,6077.0,6080.5,375764,6077.0,6077.0,6080.5,2283452609.0,2283452609.0,2283452609.0,,3,SUR,-0.02,
TQBR,2019-12-25,ЛУКОЙЛ,LKOH,7405,1436131475.5,6082.5,6073.0,6089.5,6081.0,6081.0,6081.0,236162,6081.0,6081.0,6081.0,1436131475.5,1436131475.5,1436131475.5,,3,SUR,0.01,
TQBR,2019-12-26,ЛУКОЙЛ,LKOH,8041,1534399491.0,6080.0,6076.0,6090.0,6085.0,6083.5,6085.0,252200,6084.0,6084.0,6085.0,1534399491.0,1534399491.0,1534399491.0,,3,SUR,0.07,
TQBR,2019-12-27,ЛУКОЙЛ,LKOH,17105,2820287649.5,6091.0,6086.5,6155.0,6150.0,6136.5,6150.0,459574,6136.5,6136.5,6150.0,2820287649.5,2820287649.5,2820287649.5,,3,SUR,1.07,
TQBR,2019-12-30,ЛУКОЙЛ,LKOH,11825,2449778422.5,6153.0,6144.0,6174.5,6169.0,6161.5,6169.0,397600,6161.5,6161.5,6169.0,2449778422.5,2449778422.5,2449778422.5,,3,SUR,0.31,
TQBR,2020-01-03,ЛУКОЙЛ,LKOH,20286,4978405148.0,6203.5,6185.0,6294.0,6294.0,6255.5,6294.0,795869,6255.5,6255.5,6294.0,4978405148.0,4978405148.0,4978405148.0,,3,SUR,2.03,
TQBR,2020-01-06,ЛУКОЙЛ,LKOH,19599,4776622835.5,6300.0,6284.5,6382.0,6382.0,6330.5,6382.0,754518,6330.5,6330.5,6382.0,4776622835.5,4776622835.5,4776622835.5,,3,SUR,1.4,
TQBR,2020-01-08,ЛУКОЙЛ,LKOH,24477,6324533280.5,6400.0,6350.5,6513.0,6496.5,6478.0,6496.5,976346,6478.0,6478.0,6496.5,6324533280.5,6324533280.5,6324533280.5,,3,SUR,1.79,
TQBR,2020-01-09,ЛУКОЙЛ,LKOH,27180,5725088014.5,6450.0,6393.5,6523.5,6430.0,6462.0,6430.0,885962,6462.0,6462.0,6430.0,5725088014.5,5725088014.5,5725088014.5,,3,SUR,-1.02,
TQBR,2020-01-10,ЛУКОЙЛ,LKOH,16850,3226923568.0,6430.5,6395.0,6505.0,6490.0,6465.0,6490.0,499118,6465.5,6465.5,6490.0,3226923568.0,3226923568.0,3226923568.0,,3,SUR,0.93,
TQBR,2020-01-13,ЛУКОЙЛ,LKOH,16934,3760978390.0,6492.0,6465.0,6541.5,6530.0,6505.0,6530.0,578058,6506.0,6506.0,6530.0,3760978390.0,3760978390.0,3760978390.0,,3,SUR,0.62,
TQBR,2020-01-14,ЛУКОЙЛ,LKOH,17721,4695217110.5,6541.5,6459.5,6566.5,6520.5,6523.0,6520.5,719815,6523.0,6523.0,6520.5,4695217110.5,4695217110.5,4695217110.5,,3,SUR,-0.15,
TQBR,2020-01-15,ЛУКОЙЛ,LKOH,23155,6885404355.0,6519.0,6480.0,6574.0,6552.5,6536.0,6552.5,1053456,6536.0,6536.0,6552.5,6885404355.0,6885404355.0,6885404355.0,,3,SUR,0.49,
TQBR,2020-01-16,ЛУКОЙЛ,LKOH,18632,6720963300.0,6558.0,6542.0,6596.0,6590.0,6577.0,6590.0,1021851,6577.0,6577.0,6590.0,6720963300.0,6720963300.0,6720963300.0,,3,SUR,0.57,
TQBR,2020-01-17,ЛУКОЙЛ,LKOH,22005,8076205817.0,6590.0,6581.0,6714.5,6685.0,6675.0,6685.0,1209943,6675.0,6675.0,6685.0,8076205817.0,8076205817.0,8076205817.0,,3,SUR,1.44,
TQBR,2020-01-20,ЛУКОЙЛ,LKOH,14827,3002805625.5,6700.0,6684.5,6770.0,6717.0,6721.0,6717.0,446766,6721.0,6721.0,6717.0,3002805625.5,3002805625.5,3002805625.5,,3,SUR,0.48,
TQBR,2020-01-21,ЛУКОЙЛ,LKOH,20355,3664091540.0,6689.0,6611.0,6716.0,6708.5,6677.0,6708.5,548726,6677.5,6677.5,6708.5,3664091540.0,3664091540.0,3664091540.0,,3,SUR,-0.13,
TQBR,2020-01-22,ЛУКОЙЛ,LKOH,22160,5845338233.5,6719.0,6655.5,6810.0,6655.5,6736.5,6655.5,868105,6733.5,6733.5,6655.5,5845338233.5,5845338233.5,5845338233.5,,3,SUR,-0.79,
TQBR,2020-01-23,ЛУКОЙЛ,LKOH,30051,8037273385.0,6611.0,6536.5,6633.5,6590.0,6588.5,6590.0,1219853,6588.5,6588.5,6590.0,8037273385.0,8037273385.0,8037273385.0,,3,SUR,-0.98,
TQBR,2020-01-24,ЛУКОЙЛ,LKOH,13026,3363990109.0,6604.0,6592.5,6650.0,6620.0,6624.5,6620.0,507801,6624.5,6624.5,6620.0,3363990109.0,3363990109.0,3363990109.0,,3,SUR,0.46,
TQBR,2020-01-27,ЛУКОЙЛ,LKOH,30354,7010422009.5,6540.0,6413.0,6569.5,6545.0,6503.0,6545.0,1078056,6503.0,6503.0,6545.0,7010422009.5,7010422009.5,7010422009.5,,3,SUR,-1.13,
TQBR,2020-01-28,ЛУКОЙЛ,LKOH,18375,5057063092.0,6565.0,6503.5,6657.0,6650.0,6562.5,6650.0,770628,6562.5,6562.5,6650.0,5057063092.0,5057063092.0,5057063092.0,,3,SUR,1.6,
TQBR,2020-01-29,ЛУКОЙЛ,LKOH,25219,6320580494.5,6695.5,6601.5,6726.0,6633.0,6663.5,6633.0,948595,6663.0,6663.0,6633.0,6320580494.5,6320580494.5,6320580494.5,,3,SUR,-0.26,
TQBR,2020-01-30,ЛУКОЙЛ,LKOH,35469,10385322551.0,6499.0,6415.0,6535.0,6443.5,6466.5,6443.5,1606076,6466.5,6466.5,6443.5,10385322551.0,10385322551.0,10385322551.0,,3,SUR,-2.86,
TQBR,2020-01-31,ЛУКОЙЛ,LKOH,40306,11655409234.0,6635.0,6540.5,6670.0,6550.5,6599.0,6550.5,1766739,6597.0,6597.0,6550.5,11655409234.0,11655409234.0,11655409234.0,,3,SUR,1.66,
TQBR,2020-02-03,ЛУКОЙЛ,LKOH,32196,17632863443.0,6517.0,6517.0,6600.0,6594.5,6585.0,6594.5,2677679,6585.0,6585.0,6594.5,17632863443.0,17632863443.0,17632863443.0,,3,SUR,0.67,
TQBR,2020-02-04,ЛУКОЙЛ,LKOH,49388,10907141966.5,6602.5,6490.0,6633.0,6500.0,6531.0,6500.0,1671202,6526.5,6526.5,6500.0,10907141966.5,10907141966.5,10907141966.5,,3,SUR,-1.43,
TQBR,2020-02-05,ЛУКОЙЛ,LKOH,38364,7228477692.5,6517.5,6452.0,6595.0,6550.5,6539.5,6550.5,1105363,6539.5,6539.5,6550.5,7228477692.5,7228477692.5,7228477692.5,,3,SUR,0.78,
TQBR,2020-02-06,ЛУКОЙЛ,LKOH,20836,4493389381.0,6587.5,6501.0,6605.0,6506.5,6546.5,6506.5,686416,6546.0,6546.0,6506.5,4493389381.0,4493389381.0,4493389381.0,,3,SUR,-0.67,
TQBR,2020-02-07,ЛУКОЙЛ,LKOH,26014,6096741134.5,6506.5,6405.0,6529.0,6450.5,6448.0,6450.5,946056,6444.5,6444.5,6450.5,6096741134.5,6096741134.5,6096741134.5,,3,SUR,-0.86,
TQBR,2020-02-10,ЛУКОЙЛ,LKOH,24542,6123472458.5,6450.5,6350.0,6451.5,6410.0,6390.0,6410.0,958337,6389.5,6389.5,6410.0,6123472458.5,6123472458.5,6123472458.5,,3,SUR,-0.63,
TQBR,2020-02-11,ЛУКОЙЛ,LKOH,34152,8244508392.5,6423.0,6324.5,6441.5,6397.5,6377.5,6397.5,1293245,6375.0,6375.0,6397.5,8244508392.5,8244508392.5,8244508392.5,,3,SUR,-0.2,
TQBR,2020-02-12,ЛУКОЙЛ,LKOH,18757,6106672634.0,6397.0,6384.5,6466.0,6466.0,6423.5,6466.0,950696,6423.5,6423.5,6466.0,6106672634.0,6106672634.0,6106672634.0,,3,SUR,1.07,
TQBR,2020-02-13,ЛУКОЙЛ,LKOH,23672,4604710603.5,6455.0,6388.0,6500.0,6470.5,6455.5,6470.5,713241,6456.0,6456.0,6470.5,4604710603.5,4604710603.5,4604710603.5,,3,SUR,0.07,
TQBR,2020-02-14,ЛУКОЙЛ,LKOH,15955,3129797239.5,6486.0,6410.0,6498.0,6451.0,6458.5,6451.0,484610,6458.5,6458.5,6451.0,3129797239.5,3129797239.5,3129797239.5,,3,SUR,-0.3,
TQBR,2020-02-17,ЛУКОЙЛ,LKOH,9148,2262983028.0,6439.0,6431.0,6483.5,6463.0,6451.0,6463.0,350713,6452.5,6452.5,6463.0,2262983028.0,2262983028.0,2262983028.0,,3,SUR,0.19,
TQBR,2020-02-18,ЛУКОЙЛ,LKOH,20395,4557384237.5,6441.0,6350.5,6442.0,6378.5,6382.0,6378.5,714080,6382.0,6382.0,6378.5,4557384237.5,4557384237.5,4557384237.5,,3,SUR,-1.31,
TQBR,2020-02-19,ЛУКОЙЛ,LKOH,20389,4128817862.5,6407.0,6405.0,6516.0,6509.0,6482.5,6509.0,636803,6483.5,6483.5,6509.0,4128817862.5,4128817862.5,4128817862.5,,3,SUR,2.05,
TQBR,2020-02-20,ЛУКОЙЛ,LKOH,20574,4843288390.5,6522.0,6492.5,6560.0,6543.5,6531.0,6543.5,741578,6531.0,6531.0,6543.5,4843288390.5,4843288390.5,4843288390.5,,3,SUR,0.53,
TQBR,2020-02-21,ЛУКОЙЛ,LKOH,21660,3977096596.0,6519.0,6450.0,6527.5,6450.0,6482.5,6450.0,613524,6482.5,6482.5,6450.0,3977096596.0,3977096596.0,3977096596.0,,3,SUR,-1.43,
TQBR,2020-02-25,ЛУКОЙЛ,LKOH,47105,9022311464.0,6300.0,6150.5,6348.5,6165.0,6249.0,6165.0,1443783,6249.0,6249.0,6165.0,9022311464.0,9022311464.0,9022311464.0,,3,SUR,-4.42,
TQBR,2020-02-26,ЛУКОЙЛ,LKOH,41532,10207519443.5,6150.0,6105.5,6268.0,6256.5,6199.0,6256.5,1646844,6198.0,6198.0,6256.5,10207519443.5,10207519443.5,10207519443.5,,3,SUR,1.48,
TQBR,2020-02-27,ЛУКОЙЛ,LKOH,42606,9159965996.0,6140.0,6000.0,6186.0,6000.0,6067.5,6000.0,1509864,6066.5,6066.5,6000.0,9159965996.0,9159965996.0,9159965996.0,,3,SUR,-4.1,
TQBR,2020-02-28,ЛУКОЙЛ,LKOH,67352,17933355465.5,5840.0,5607.0,5870.0,5699.5,5719.0,5699.5,3136177,5718.0,5718.0,5699.5,17933355465.5,17933355465.5,17933355465.5,,3,SUR,-5.01,
TQBR,2020-03-02,ЛУКОЙЛ,LKOH,58497,16502932989.5,5815.0,5540.0,5897.5,5550.0,5664.0,5550.0,2913732,5664.0,5664.0,5550.0,16502932989.5,16502932989.5,16502932989.5,,3,SUR,-2.62,
TQBR,2020-03-03,ЛУКОЙЛ,LKOH,50978,11274693630.5,5700.0,5661.0,5900.0,5782.0,5766.0,5782.0,1955344,5766.0,5766.0,5782.0,11274693630.5,11274693630.5,11274693630.5,,3,SUR,4.18,
TQBR,2020-03-04,ЛУКОЙЛ,LKOH,41399,9402841441.5,5740.5,5701.5,5928.5,5908.5,5862.5,5908.5,1603921,5862.5,5862.5,5908.5,9402841441.5,9402841441.5,9402841441.5,,3,SUR,2.19,
TQBR,2020-03-05,ЛУКОЙЛ,LKOH,40868,9037221997.0,5980.0,5830.0,5996.0,5862.5,5893.5,5862.5,1533383,5893.5,5893.5,5862.5,9037221997.0,9037221997.0,9037221997.0,,3,SUR,-0.78,
TQBR,2020-03-06,ЛУКОЙЛ,LKOH,60998,12751615245.0,5744.5,5534.5,5775.0,5592.0,5616.5,5592.0,2270105,5617.0,5617.0,5592.0,12751615245.0,12751615245.0,12751615245.0,,3,SUR,-4.61,
TQBR,2020-03-10,ЛУКОЙЛ,LKOH,177266,36018601666.5,5033.0,4450.0,5083.0,4549.0,4786.5,4549.0,7526760,4785.5,4785.5,4549.0,36018601666.5,36018601666.5,36018601666.5,,3,SUR,-18.65,
TQBR,2020-03-11,ЛУКОЙЛ,LKOH,114448,22876939682.0,4651.0,4520.0,4988.0,4908.0,4753.0,4908.0,4816839,4749.5,4749.5,4908.0,22876939682.0,22876939682.0,22876939682.0,,3,SUR,7.89,
TQBR,2020-03-12,ЛУКОЙЛ,LKOH,92162,17014492904.5,4625.0,4487.5,4745.5,4511.5,4613.0,4511.5,3688507,4613.0,4613.0,4511.5,17014492904.5,17014492904.5,17014492904.5,,3,SUR,-8.08,
TQBR,2020-03-13,ЛУКОЙЛ,LKOH,85788,16870371188.0,4500.0,4414.0,4760.0,4414.0,4594.5,4414.0,3674323,4591.5,4591.5,4414.0,16870371188.0,16870371188.0,16870371188.0,,3,SUR,-2.16,
TQBR,2020-03-16,ЛУКОЙЛ,LKOH,73187,10914535213.5,4414.0,4102.0,4414.0,4251.0,4223.5,4251.0,2584084,4224.0,4224.0,4251.0,10914535213.5,10914535213.5,10914535213.5,,3,SUR,-3.69,
TQBR,2020-03-17,ЛУКОЙЛ,LKOH,58589,9332824554.5,4215.0,4030.0,4326.5,4168.5,4153.0,4168.5,2247349,4153.0,4153.0,4168.5,9332824554.5,9332824554.5,9332824554.5,,3,SUR,-1.94,
TQBR,2020-03-18,ЛУКОЙЛ,LKOH,89505,14192038853.5,4050.5,3744.0,4145.0,3754.0,3892.0,3754.0,3646263,3892.0,3892.0,3754.0,14192038853.5,14192038853.5,14192038853.5,,3,SUR,-9.94,
TQBR,2020-03-19,ЛУКОЙЛ,LKOH,112117,19395357038.5,3830.0,3663.0,4484.5,4333.0,4059.0,4333.0,4777045,4060.0,4060.0,4333.0,19395357038.5,19395357038.5,19395357038.5,,3,SUR,15.42,
TQBR,2020-03-20,ЛУКОЙЛ,LKOH,107554,22946546429.5,4501.0,4408.0,4745.0,4472.5,4565.5,4472.5,5026033,4565.5,4565.5,4472.5,22946546429.5,22946546429.5,22946546429.5,,3,SUR,3.22,
TQBR,2020-03-23,ЛУКОЙЛ,LKOH,78410,14453611912.0,4250.0,4122.0,4409.0,4175.5,4237.5,4175.5,3410036,4238.5,4238.5,4175.5,14453611912.0,14453611912.0,14453611912.0,,3,SUR,-6.64,
TQBR,2020-03-24,ЛУКОЙЛ,LKOH,63955,10781299045.0,4500.0,4362.5,4550.0,4494.0,4475.5,4494.0,2409326,4475.0,4475.0,4494.0,10781299045.0,10781299045.0,10781299045.0,,3,SUR,7.63,
TQBR,2020-03-25,ЛУКОЙЛ,LKOH,83781,13253738569.0,4596.0,4400.0,4725.0,4590.0,4569.0,4590.0,2900489,4569.5,4569.5,4590.0,13253738569.0,13253738569.0,13253738569.0,,3,SUR,2.14,
TQBR,2020-03-26,ЛУКОЙЛ,LKOH,51791,9265913811.0,4555.0,4484.5,4700.0,4700.0,4628.5,4700.0,2001929,4628.5,4628.5,4700.0,9265913811.0,9265913811.0,9265913811.0,,3,SUR,2.4,
TQBR,2020-03-27,ЛУКОЙЛ,LKOH,61456,9523766886.5,4699.0,4401.5,4745.0,4430.0,4545.5,4430.0,2095726,4544.5,4544.5,4430.0,9523766886.5,9523766886.5,9523766886.5,,3,SUR,-5.74,
TQBR,2020-03-30,ЛУКОЙЛ,LKOH,46010,7592631327.5,4355.0,4313.0,4459.0,4459.0,4401.5,4459.0,1725236,4401.0,4401.0,4459.0,7592631327.5,7592631327.5,7592631327.5,,3,SUR,0.65,
TQBR,2020-03-31,ЛУКОЙЛ,LKOH,61665,11267610442.5,4550.0,4501.0,4715.0,4715.0,4630.5,4715.0,2433310,4630.5,4630.5,4715.0,11267610442.5,11267610442.5,11267610442.5,,3,SUR,5.74,
TQBR,2020-04-01,ЛУКОЙЛ,LKOH,49996,8971266558.0,4596.0,4564.0,4734.5,4674.5,4673.0,4674.5,1919728,4673.0,4673.0,4674.5,8971266558.0,8971266558.0,8971266558.0,,3,SUR,-0.86,
TQBR,2020-04-02,ЛУКОЙЛ,LKOH,112519,19126494592.5,4865.0,4787.5,5229.5,5050.0,4953.0,5050.0,3860103,4955.0,4955.0,5050.0,19126494592.5,19126494592.5,19126494592.5,,3,SUR,8.03,
TQBR,2020-04-03,ЛУКОЙЛ,LKOH,94375,16282810727.0,5050.0,4927.0,5364.0,5204.5,5197.0,5204.5,3133078,5197.0,5197.0,5204.5,16282810727.0,16282810727.0,16282810727.0,,3,SUR,3.06,
TQBR,2020-04-06,ЛУКОЙЛ,LKOH,68223,11817524401.0,5212.0,5064.0,5270.0,5163.0,5147.0,5163.0,2296193,5146.5,5146.5,5163.0,11817524401.0,11817524401.0,11817524401.0,,3,SUR,-0.8,
TQBR,2020-04-07,ЛУКОЙЛ,LKOH,57062,9507159368.5,5260.0,5052.5,5260.0,5118.0,5159.5,5118.0,1842884,5159.0,5159.0,5118.0,9507159368.5,9507159368.5,9507159368.5,,3,SUR,-0.87,
TQBR,2020-04-08,ЛУКОЙЛ,LKOH,52181,9838332000.0,5063.0,5036.5,5175.0,5140.0,5106.0,5140.0,1926786,5106.0,5106.0,5140.0,9838332000.0,9838332000.0,9838332000.0,,3,SUR,0.43,
TQBR,2020-04-09,ЛУКОЙЛ,LKOH,72399,11894937808.0,5198.0,5052.0,5275.0,5201.0,5180.0,5201.0,2296255,5180.0,5180.0,5201.0,11894937808.0,11894937808.0,11894937808.0,,3,SUR,1.19,
TQBR,2020-04-10,ЛУКОЙЛ,LKOH,30065,3653151660.5,5120.0,5064.0,5139.5,5130.0,5098.5,5130.0,716521,5098.5,5098.5,5130.0,3653151660.5,3653151660.5,3653151660.5,,3,SUR,-1.37,
TQBR,2020-04-13,ЛУКОЙЛ,LKOH,37629,4735890189.0,5118.5,4933.0,5125.0,5040.0,5029.5,5040.0,941577,5029.5,5029.5,5040.0,4735890189.0,4735890189.0,4735890189.0,,3,SUR,-1.75,
TQBR,2020-04-14,ЛУКОЙЛ,LKOH,71414,10105909550.0,5088.0,4825.0,5119.5,4844.0,4927.5,4844.0,2050966,4927.5,4927.5,4844.0,10105909550.0,10105909550.0,10105909550.0,,3,SUR,-3.89,
TQBR,2020-04-15,ЛУКОЙЛ,LKOH,89873,12179441075.5,4800.0,4453.0,4800.0,4484.0,4590.0,4484.0,2653586,4590.0,4590.0,4484.0,12179441075.5,12179441075.5,12179441075.5,,3,SUR,-7.43,
TQBR,2020-04-16,ЛУКОЙЛ,LKOH,98960,15461714269.0,4501.5,4365.0,4631.0,4561.5,4523.5,4561.5,3418181,4523.5,4523.5,4561.5,15461714269.0,15461714269.0,15461714269.0,,3,SUR,1.73,
TQBR,2020-04-17,ЛУКОЙЛ,LKOH,52824,7803092053.5,4696.0,4545.0,4697.0,4620.0,4613.0,4620.0,1691455,4613.0,4613.0,4620.0,7803092053.5,7803092053.5,7803092053.5,,3,SUR,1.28,
TQBR,2020-04-20,ЛУКОЙЛ,LKOH,56001,8610499872.0,4559.5,4455.0,4637.0,4522.5,4527.0,4522.5,1901928,4527.0,4527.0,4522.5,8610499872.0,8610499872.0,8610499872.0,,3,SUR,-2.11,
TQBR,2020-04-21,ЛУКОЙЛ,LKOH,105589,16675998443.0,4402.0,4281.0,4533.5,4475.0,4384.5,4475.0,3803184,4384.5,4384.5,4475.0,16675998443.0,16675998443.0,16675998443.0,,3,SUR,-1.05,
TQBR,2020-04-22,ЛУКОЙЛ,LKOH,94275,16029316042.5,4416.5,4385.5,4810.5,4810.5,4657.0,4810.5,3441491,4657.5,4657.5,4810.5,16029316042.5,16029316042.5,16029316042.5,,3,SUR,7.5,
TQBR,2020-04-23,ЛУКОЙЛ,LKOH,76529,12463858062.0,4894.5,4730.0,4979.5,4902.5,4859.5,4902.5,2564752,4859.5,4859.5,4902.5,12463858062.0,12463858062.0,12463858062.0,,3,SUR,1.91,
TQBR,2020-04-24,ЛУКОЙЛ,LKOH,57097,8876119504.5,4874.5,4720.0,4876.0,4745.5,4798.0,4745.5,1849964,4798.0,4798.0,4745.5,8876119504.5,8876119504.5,8876119504.5,,3,SUR,-3.2,
TQBR,2020-04-27,ЛУКОЙЛ,LKOH,58615,7932888861.5,4745.0,4620.0,4790.0,4650.0,4699.5,4650.0,1687755,4700.5,4700.5,4650.0,7932888861.5,7932888861.5,7932888861.5,,3,SUR,-2.01,
TQBR,2020-04-28,ЛУКОЙЛ,LKOH,70899,12983189664.5,4624.0,4621.0,4808.0,4738.5,4744.5,4738.5,2736525,4744.5,4744.5,4738.5,12983189664.5,12983189664.5,12983189664.5,,3,SUR,1.9,
TQBR,2020-04-29,ЛУКОЙЛ,LKOH,76291,14074726264.5,4779.0,4750.0,4940.0,4897.0,4872.0,4897.0,2888562,4872.5,4872.5,4897.0,14074726264.5,14074726264.5,14074726264.5,,3,SUR,3.34,
TQBR,2020-04-30,ЛУКОЙЛ,LKOH,79936,14887804048.0,4940.0,4816.5,5040.0,4826.5,4906.5,4826.5,3034509,4906.0,4906.0,4826.5,14887804048.0,14887804048.0,14887804048.0,,3,SUR,-1.44,
TQBR,2020-05-04,ЛУКОЙЛ,LKOH,35271,6089001272.0,4787.0,4751.5,4909.5,4848.5,4827.0,4848.5,1261445,4827.0,4827.0,4848.5,6089001272.0,6089001272.0,6089001272.0,,3,SUR,0.46,
TQBR,2020-05-05,ЛУКОЙЛ,LKOH,41445,7062591075.0,4950.0,4880.0,4985.0,4975.0,4937.0,4975.0,1430540,4937.0,4937.0,4975.0,7062591075.0,7062591075.0,7062591075.0,,3,SUR,2.61,
TQBR,2020-05-06,ЛУКОЙЛ,LKOH,58654,9184578927.0,5000.0,4825.0,5014.5,4857.5,4918.5,4857.5,1867699,4917.5,4917.5,4857.5,9184578927.0,9184578927.0,9184578927.0,,3,SUR,-2.36,
TQBR,2020-05-07,ЛУКОЙЛ,LKOH,47020,8367149526.5,4865.0,4825.0,4950.0,4839.0,4883.0,4839.0,1713477,4883.0,4883.0,4839.0,8367149526.5,8367149526.5,8367149526.5,,3,SUR,-0.38,
TQBR,2020-05-08,ЛУКОЙЛ,LKOH,46023,7761144390.0,4862.5,4733.0,4879.0,4832.0,4795.5,4832.0,1618465,4795.5,4795.5,4832.0,7761144390.0,7761144390.0,7761144390.0,,3,SUR,-0.14,
TQBR,2020-05-12,ЛУКОЙЛ,LKOH,38098,6422465004.0,4841.0,4824.0,4928.0,4897.5,4894.5,4897.5,1312203,4894.5,4894.5,4897.5,6422465004.0,6422465004.0,6422465004.0,,3,SUR,1.36,
TQBR,2020-05-13,ЛУКОЙЛ,LKOH,32807,5587687821.0,4877.5,4815.5,4896.0,4819.0,4853.0,4819.0,1151391,4853.0,4853.0,4819.0,5587687821.0,5587687821.0,5587687821.0,,3,SUR,-1.6,
TQBR,2020-05-14,ЛУКОЙЛ,LKOH,44850,7118757926.0,4800.0,4773.0,4870.0,4870.0,4829.0,4870.0,1474143,4829.0,4829.0,4870.0,7118757926.0,7118757926.0,7118757926.0,,3,SUR,1.06,
TQBR,2020-05-15,ЛУКОЙЛ,LKOH,43369,8176442557.5,4933.0,4874.5,4968.0,4874.5,4926.5,4874.5,1659668,4926.5,4926.5,4874.5,8176442557.5,8176442557.5,8176442557.5,,3,SUR,0.09,
TQBR,2020-05-18,ЛУКОЙЛ,LKOH,70244,12799098537.0,4978.5,4935.0,5191.5,5170.5,5083.5,5170.5,2517559,5084.0,5084.0,5170.5,12799098537.0,12799098537.0,12799098537.0,,3,SUR,6.07,
TQBR,2020-05-19,ЛУКОЙЛ,LKOH,60748,11059882321.0,5193.0,5178.5,5285.0,5272.0,5249.0,5272.0,2107046,5249.0,5249.0,5272.0,11059882321.0,11059882321.0,11059882321.0,,3,SUR,1.96,
TQBR,2020-05-20,ЛУКОЙЛ,LKOH,62497,12092906399.5,5275.0,5238.0,5471.0,5450.0,5395.5,5450.0,2241360,5395.5,5395.5,5450.0,12092906399.5,12092906399.5,12092906399.5,,3,SUR,3.38,
TQBR,2020-05-21,ЛУКОЙЛ,LKOH,72022,14368929317.0,5459.0,5227.0,5548.0,5286.0,5402.5,5286.0,2659586,5402.5,5402.5,5286.0,14368929317.0,14368929317.0,14368929317.0,,3,SUR,-3.01,
TQBR,2020-05-22,ЛУКОЙЛ,LKOH,42330,8404528584.0,5190.5,5166.0,5348.0,5317.0,5280.5,5317.0,1591595,5280.5,5280.5,5317.0,8404528584.0,8404528584.0,8404528584.0,,3,SUR,0.59,
TQBR,2020-05-25,ЛУКОЙЛ,LKOH,20926,3331913680.5,5349.5,5344.0,5420.0,5412.5,5382.5,5412.5,619003,5382.5,5382.5,5412.5,3331913680.5,3331913680.5,3331913680.5,,3,SUR,1.8,
TQBR,2020-05-26,ЛУКОЙЛ,LKOH,46429,8843059858.0,5500.0,5435.0,5539.5,5445.0,5499.0,5445.0,1608166,5499.0,5499.0,5445.0,8843059858.0,8843059858.0,8843059858.0,,3,SUR,0.6,
TQBR,2020-05-27,ЛУКОЙЛ,LKOH,53109,9402052754.5,5424.0,5285.0,5515.5,5352.5,5395.5,5352.5,1740887,5400.5,5400.5,5352.5,9402052754.5,9402052754.5,9402052754.5,,3,SUR,-1.7,
TQBR,2020-05-28,ЛУКОЙЛ,LKOH,39564,7509624282.5,5355.0,5309.0,5484.5,5392.0,5391.0,5392.0,1392948,5391.0,5391.0,5392.0,7509624282.5,7509624282.5,7509624282.5,,3,SUR,0.74,
TQBR,2020-05-29,ЛУКОЙЛ,LKOH,49362,12919451107.0,5380.0,5224.0,5380.0,5242.5,5267.5,5242.5,2452558,5267.5,5267.5,5242.5,12919451107.0,12919451107.0,12919451107.0,,3,SUR,-2.77,
TQBR,2020-06-01,ЛУКОЙЛ,LKOH,36271,7011079787.0,5349.5,5269.0,5412.5,5318.0,5330.0,5318.0,1315398,5330.0,5330.0,5318.0,7011079787.0,7011079787.0,7011079787.0,,3,SUR,1.44,
TQBR,2020-06-02,ЛУКОЙЛ,LKOH,39806,7317836691.0,5357.0,5340.0,5433.0,5400.0,5392.0,5400.0,1356984,5392.5,5392.5,5400.0,7317836691.0,7317836691.0,7317836691.0,,3,SUR,1.54,
TQBR,2020-06-03,ЛУКОЙЛ,LKOH,48289,11418383824.0,5450.0,5424.0,5566.5,5549.5,5477.5,5549.5,2084320,5478.0,5478.0,5549.5,11418383824.0,11418383824.0,11418383824.0,,3,SUR,2.77,
TQBR,2020-06-04,ЛУКОЙЛ,LKOH,35651,8107827225.0,5530.5,5430.0,5553.0,5430.0,5475.0,5430.0,1480863,5475.0,5475.0,5430.0,8107827225.0,8107827225.0,8107827225.0,,3,SUR,-2.15,
TQBR,2020-06-05,ЛУКОЙЛ,LKOH,34275,6683616591.0,5475.0,5434.0,5511.5,5460.0,5479.0,5460.0,1219880,5479.0,5479.0,5460.0,6683616591.0,6683616591.0,6683616591.0,,3,SUR,0.55,
TQBR,2020-06-08,ЛУКОЙЛ,LKOH,45789,8473264076.0,5490.0,5351.0,5527.5,5372.0,5441.5,5372.0,1556899,5442.5,5442.5,5372.0,8473264076.0,8473264076.0,8473264076.0,,3,SUR,-1.61,
TQBR,2020-06-09,ЛУКОЙЛ,LKOH,37819,7451984498.5,5400.0,5305.5,5428.5,5425.0,5362.5,5425.0,1389731,5362.0,5362.0,5425.0,7451984498.5,7451984498.5,7451984498.5,,3,SUR,0.99,
TQBR,2020-06-10,ЛУКОЙЛ,LKOH,41952,8162884568.0,5410.0,5314.0,5432.0,5342.0,5362.0,5342.0,1522348,5362.0,5362.0,5342.0,8162884568.0,8162884568.0,8162884568.0,,3,SUR,-1.53,
TQBR,2020-06-11,ЛУКОЙЛ,LKOH,39028,7636533088.0,5305.0,5269.0,5355.5,5350.0,5304.0,5350.0,1439733,5304.0,5304.0,5350.0,7636533088.0,7636533088.0,7636533088.0,,3,SUR,0.15,
TQBR,2020-06-15,ЛУКОЙЛ,LKOH,45742,9151601987.0,5220.0,5120.0,5278.0,5264.0,5213.5,5264.0,1755519,5213.0,5213.0,5264.0,9151601987.0,9151601987.0,9151601987.0,,3,SUR,-1.61,
TQBR,2020-06-16,ЛУКОЙЛ,LKOH,41084,8667714649.5,5327.0,5310.0,5474.5,5392.0,5403.0,5392.0,1603882,5404.0,5404.0,5392.0,8667714649.5,8667714649.5,8667714649.5,,3,SUR,2.43,
TQBR,2020-06-17,ЛУКОЙЛ,LKOH,34835,7274647440.5,5418.0,5301.0,5441.5,5343.0,5362.5,5343.0,1356719,5362.0,5362.0,5343.0,7274647440.5,7274647440.5,7274647440.5,,3,SUR,-0.91,
TQBR,2020-06-18,ЛУКОЙЛ,LKOH,33756,6551632982.0,5330.0,5290.0,5376.0,5347.0,5331.0,5347.0,1228987,5331.0,5331.0,5347.0,6551632982.0,6551632982.0,6551632982.0,,3,SUR,0.07,
TQBR,2020-06-19,ЛУКОЙЛ,LKOH,30634,10223386621.5,5411.5,5389.0,5490.0,5460.0,5452.0,5460.0,1875155,5452.0,5452.0,5460.0,10223386621.5,10223386621.5,10223386621.5,,3,SUR,2.11,
TQBR,2020-06-22,ЛУКОЙЛ,LKOH,24849,5200983859.5,5436.5,5392.0,5504.5,5461.0,5452.5,5469.0,953886,5452.5,5452.5,5461.0,5101025796.5,5101025796.5,5101025796.5,0.0,3,SUR,0.16,
TQBR,2020-06-23,ЛУКОЙЛ,LKOH,29162,5221015229.5,5480.0,5437.5,5507.0,5474.0,5462.5,5452.0,955678,5463.5,5463.5,5474.0,5014288365.0,5014288365.0,5014288365.0,0.0,3,SUR,-0.31,
TQBR,2020-06-25,ЛУКОЙЛ,LKOH,39587,8319403214.5,5325.0,5310.5,5402.0,5366.5,5343.0,5394.0,1556993,5341.0,5341.0,5366.5,7903072115.0,7903072115.0,7903072115.0,0.0,3,SUR,-1.06,
TQBR,2020-06-26,ЛУКОЙЛ,LKOH,22369,4113997860.0,5388.0,5303.0,5407.0,5325.0,5350.5,5321.5,768876,5352.0,5352.0,5325.0,3951420807.5,3951420807.5,3951420807.5,0.0,3,SUR,-1.34,
TQBR,2020-06-29,ЛУКОЙЛ,LKOH,29373,5173237734.5,5303.0,5266.5,5327.0,5310.0,5296.5,5315.0,976763,5295.5,5295.5,5310.0,4937774002.5,4937774002.5,4937774002.5,0.0,3,SUR,-0.12,
TQBR,2020-06-30,ЛУКОЙЛ,LKOH,23235,4882842532.5,5310.0,5279.5,5355.0,5279.5,5318.5,5313.0,918107,5319.5,5319.5,5279.5,4643700809.5,4643700809.5,4643700809.5,0.0,3,SUR,-0.04,
TQBR,2020-07-02,ЛУКОЙЛ,LKOH,25712,5565190272.0,5339.5,5322.5,5422.0,5413.5,5372.0,5416.0,1035932,5371.0,5371.0,5413.5,5406976337.5,5406976337.5,5406976337.5,0.0,3,SUR,1.94,
TQBR,2020-07-03,ЛУКОЙЛ,LKOH,16411,2599228256.0,5415.5,5375.5,5431.0,5416.5,5400.5,5416.5,481273,5399.5,5399.5,5416.5,2459827102.5,2459827102.5,2459827102.5,0.0,3,SUR,0.01,
TQBR,2020-07-06,ЛУКОЙЛ,LKOH,29936,6180303028.5,5451.5,5450.0,5512.0,5475.0,5483.0,5483.5,1127200,5483.5,5483.5,5475.0,5991084411.5,5991084411.5,5991084411.5,0.0,3,SUR,1.24,
TQBR,2020-07-07,ЛУКОЙЛ,LKOH,25991,5543223727.0,5475.0,5429.5,5492.5,5480.0,5469.0,5464.0,1013493,5469.0,5469.0,5480.0,5319083926.5,5319083926.5,5319083926.5,0.0,3,SUR,-0.36,
TQBR,2020-07-08,ЛУКОЙЛ,LKOH,36922,7753038974.0,5465.0,5405.0,5479.0,5430.5,5439.5,5457.0,1425218,5440.0,5440.0,5430.5,7190683475.0,7190683475.0,7190683475.0,0.0,3,SUR,-0.13,
TQBR,2020-07-09,ЛУКОЙЛ,LKOH,74742,8741650293.0,5157.5,5061.0,5175.0,5085.5,5120.0,5087.0,1707338,5121.0,5121.0,5085.5,8452464242.5,8452464242.5,8452464242.5,0.0,3,SUR,-6.78,
TQBR,2020-07-10,ЛУКОЙЛ,LKOH,31920,5151587228.0,5048.5,5026.5,5103.0,5100.0,5065.0,5098.0,1016953,5064.5,5064.5,5100.0,4845433807.5,4845433807.5,4845433807.5,0.0,3,SUR,0.22,
TQBR,2020-07-13,ЛУКОЙЛ,LKOH,53249,6088290795.0,5116.0,4909.0,5133.5,4956.5,5007.5,4926.5,1215943,5013.0,5013.0,4956.5,5622624585.5,5622624585.5,5622624585.5,0.0,3,SUR,-3.36,
TQBR,2020-07-14,ЛУКОЙЛ,LKOH,61996,9922712463.0,4933.5,4784.0,4933.5,4868.0,4851.5,4884.0,2045003,4851.5,4851.5,4868.0,9584779889.5,9584779889.5,9584779889.5,0.0,3,SUR,-0.86,
TQBR,2020-07-15,ЛУКОЙЛ,LKOH,47563,10173755982.5,4901.5,4865.0,4997.0,4931.5,4941.5,4949.5,2058939,4941.0,4941.0,4931.5,9917881563.5,9917881563.5,9917881563.5,0.0,3,SUR,1.34,
TQBR,2020-07-16,ЛУКОЙЛ,LKOH,21757,3930059888.5,4929.0,4895.0,4974.0,4962.5,4940.5,4944.5,795472,4940.0,4940.0,4962.5,3784847303.5,3784847303.5,3784847303.5,0.0,3,SUR,-0.1,
TQBR,2020-07-17,ЛУКОЙЛ,LKOH,17920,2759295191.5,4950.5,4911.0,4972.0,4950.0,4940.5,4946.5,558511,4940.5,4940.5,4950.0,2679537055.0,2679537055.0,2679537055.0,0.0,3,SUR,0.04,
TQBR,2020-07-20,ЛУКОЙЛ,LKOH,23684,4205954662.0,4948.0,4910.0,4970.0,4933.0,4932.5,4937.0,852694,4932.5,4932.5,4933.0,4035607735.0,4035607735.0,4035607735.0,0.0,3,SUR,-0.19,
TQBR,2020-07-21,ЛУКОЙЛ,LKOH,41654,7668607293.5,4955.0,4932.5,5005.0,4970.0,4966.5,4953.0,1544015,4967.0,4967.0,4970.0,7374789912.5,7374789912.5,7374789912.5,0.0,3,SUR,0.32,
TQBR,2020-07-22,ЛУКОЙЛ,LKOH,36613,6535734813.5,4964.5,4953.0,5063.0,5011.0,5021.0,5037.0,1301767,5020.5,5020.5,5011.0,6381681983.0,6381681983.0,6381681983.0,0.0,3,SUR,1.7,
TQBR,2020-07-23,ЛУКОЙЛ,LKOH,35795,5213697029.0,5060.0,4963.5,5089.5,5003.0,5026.5,4974.0,1037388,5029.0,5029.0,5003.0,4889552209.5,4889552209.5,4889552209.5,0.0,3,SUR,-1.25,
TQBR,2020-07-24,ЛУКОЙЛ,LKOH,27609,5663494646.0,4968.0,4941.5,5010.0,4984.0,4977.0,4987.0,1137981,4976.5,4976.5,4984.0,5441259806.0,5441259806.0,5441259806.0,0.0,3,SUR,0.26,
TQBR,2020-07-27,ЛУКОЙЛ,LKOH,28582,4817316205.0,4992.5,4978.0,5039.0,4990.0,5008.0,5013.5,962018,5007.5,5007.5,4990.0,4674197675.5,4674197675.5,4674197675.5,0.0,3,SUR,0.53,
TQBR,2020-07-28,ЛУКОЙЛ,LKOH,26645,5519774462.0,5021.5,4976.5,5050.0,5050.0,5011.5,5023.0,1101369,5010.5,5010.5,5050.0,5202140603.0,5202140603.0,5202140603.0,0.0,3,SUR,0.19,
TQBR,2020-07-29,ЛУКОЙЛ,LKOH,48001,9326580261.5,5034.0,5022.0,5193.0,5188.5,5119.5,5184.5,1821741,5118.0,5118.0,5188.5,9085814939.5,9085814939.5,9085814939.5,0.0,3,SUR,3.22,
TQBR,2020-07-30,ЛУКОЙЛ,LKOH,31362,5820719723.0,5170.0,5055.0,5178.0,5073.5,5115.0,5115.0,1138124,5115.0,5115.0,5073.5,5555810399.0,5555810399.0,5555810399.0,0.0,3,SUR,-1.34,
TQBR,2020-07-31,ЛУКОЙЛ,LKOH,23476,4389704225.0,5114.0,5051.0,5130.0,5083.0,5085.5,5087.5,863152,5086.5,5086.5,5083.0,4162376693.5,4162376693.5,4162376693.5,0.0,3,SUR,-0.54,
TQBR,2020-08-03,ЛУКОЙЛ,LKOH,28763,4180205339.0,5071.0,5028.0,5087.0,5044.0,5052.5,5037.0,827349,5053.0,5053.0,5044.0,3838571311.5,3838571311.5,3838571311.5,0.0,3,SUR,-0.99,
TQBR,2020-08-04,ЛУКОЙЛ,LKOH,26221,3922693263.5,5052.5,5002.0,5060.0,5015.0,5022.5,5038.5,781024,5021.5,5021.5,5015.0,3627216068.0,3627216068.0,3627216068.0,0.0,3,SUR,0.03,
TQBR,2020-08-05,ЛУКОЙЛ,LKOH,36641,6136539150.0,5051.0,5042.0,5155.0,5154.5,5111.5,5136.0,1200589,5110.0,5110.0,5154.5,5865557113.0,5865557113.0,5865557113.0,0.0,3,SUR,1.94,
TQBR,2020-08-06,ЛУКОЙЛ,LKOH,25592,4523189918.0,5150.5,5091.0,5174.0,5124.0,5127.0,5130.0,882244,5127.0,5127.0,5124.0,4402841664.5,4402841664.5,4402841664.5,0.0,3,SUR,-0.12,
TQBR,2020-08-07,ЛУКОЙЛ,LKOH,18501,2831712446.0,5112.5,5066.0,5125.5,5085.5,5096.5,5088.0,555614,5097.0,5097.0,5085.5,2677332175.5,2677332175.5,2677332175.5,0.0,3,SUR,-0.82,
TQBR,2020-08-10,ЛУКОЙЛ,LKOH,18442,3325880202.5,5100.0,5090.0,5153.0,5090.0,5121.5,5112.0,649398,5122.5,5122.5,5090.0,3127673734.5,3127673734.5,3127673734.5,0.0,3,SUR,0.47,
TQBR,2020-08-11,ЛУКОЙЛ,LKOH,36515,6738036359.0,5115.0,5113.0,5210.0,5197.0,5172.0,5170.0,1302635,5172.5,5172.5,5197.0,6359986153.0,6359986153.0,6359986153.0,0.0,3,SUR,1.13,
TQBR,2020-08-12,ЛУКОЙЛ,LKOH,29791,5716837643.5,5188.5,5188.0,5303.5,5300.0,5249.5,5303.0,1089062,5246.0,5246.0,5300.0,5305681109.5,5305681109.5,5305681109.5,0.0,3,SUR,2.57,
TQBR,2020-08-13,ЛУКОЙЛ,LKOH,27739,5429684991.5,5300.0,5252.5,5387.0,5323.0,5303.0,5312.0,1023846,5302.5,5302.5,5323.0,5156182484.5,5156182484.5,5156182484.5,0.0,3,SUR,0.17,
TQBR,2020-08-14,ЛУКОЙЛ,LKOH,19521,3779638267.0,5323.0,5234.5,5324.0,5282.0,5271.5,5284.5,716916,5272.0,5272.0,5282.0,3661959574.5,3661959574.5,3661959574.5,0.0,3,SUR,-0.52,
TQBR,2020-08-17,ЛУКОЙЛ,LKOH,21025,3580651759.5,5303.0,5235.0,5321.5,5264.5,5277.5,5281.5,678496,5277.5,5277.5,5264.5,3459952973.5,3459952973.5,3459952973.5,0.0,3,SUR,-0.06,
TQBR,2020-08-18,ЛУКОЙЛ,LKOH,18233,3733736824.0,5255.0,5231.0,5296.0,5268.0,5272.5,5268.5,708172,5272.0,5272.0,5268.0,3633785373.5,3633785373.5,3633785373.5,0.0,3,SUR,-0.25,
TQBR,2020-08-19,ЛУКОЙЛ,LKOH,17817,3326538358.0,5266.0,5233.0,5313.0,5245.0,5281.0,5246.5,629903,5284.0,5284.0,5245.0,3014231546.0,3014231546.0,3014231546.0,0.0,3,SUR,-0.42,
TQBR,2020-08-20,ЛУКОЙЛ,LKOH,36941,6309902799.5,5220.0,5088.0,5231.0,5088.0,5162.5,5137.5,1222612,5163.0,5163.0,5088.0,6002131102.0,6002131102.0,6002131102.0,0.0,3,SUR,-2.08,
TQBR,2020-08-21,ЛУКОЙЛ,LKOH,31441,5294345375.0,5150.5,5027.0,5158.0,5081.5,5088.5,5092.5,1040443,5088.5,5088.5,5081.5,5201279039.0,5201279039.0,5201279039.0,0.0,3,SUR,-0.88,
TQBR,2020-08-24,ЛУКОЙЛ,LKOH,26319,4536881222.0,5110.0,5103.5,5198.0,5176.0,5154.0,5186.0,880228,5153.5,5153.5,5176.0,4389434291.0,4389434291.0,4389434291.0,0.0,3,SUR,1.84,
TQBR,2020-08-25,ЛУКОЙЛ,LKOH,23255,5050998717.5,5199.5,5145.0,5228.0,5220.0,5191.0,5220.0,972995,5190.5,5190.5,5220.0,4904905970.5,4904905970.5,4904905970.5,0.0,3,SUR,0.66,
TQBR,2020-08-26,ЛУКОЙЛ,LKOH,22047,4185331696.5,5230.0,5197.0,5288.0,5280.5,5257.0,5278.0,796121,5256.5,5256.5,5280.5,4063520265.5,4063520265.5,4063520265.5,0.0,3,SUR,1.11,
TQBR,2020-08-27,ЛУКОЙЛ,LKOH,28609,5359853097.0,5286.0,5154.0,5292.5,5187.0,5199.5,5174.0,1030676,5201.5,5201.5,5187.0,5138943861.0,5138943861.0,5138943861.0,0.0,3,SUR,-1.97,
TQBR,2020-08-28,ЛУКОЙЛ,LKOH,29511,3962123669.5,5170.0,5056.5,5178.5,5056.5,5093.5,5082.0,777889,5094.5,5094.5,5056.5,3794147884.5,3794147884.5,3794147884.5,0.0,3,SUR,-1.78,
TQBR,2020-08-31,ЛУКОЙЛ,LKOH,36120,7114939661.5,5095.5,4960.0,5128.5,4970.0,5021.0,4991.0,1417013,5022.0,5022.0,4970.0,6833179978.5,6833179978.5,6833179978.5,0.0,3,SUR,-1.79,
TQBR,2020-09-01,ЛУКОЙЛ,LKOH,43304,6369910033.0,5010.0,4917.0,5016.0,4922.0,4949.5,4949.0,1287005,4950.0,4950.0,4922.0,6131010760.0,6131010760.0,6131010760.0,0.0,3,SUR,-0.84,
TQBR,2020-09-02,ЛУКОЙЛ,LKOH,52647,7589542471.5,4952.5,4828.5,4978.5,4845.0,4909.5,4852.0,1545931,4912.0,4912.0,4845.0,7256163456.0,7256163456.0,7256163456.0,0.0,3,SUR,-1.96,
TQBR,2020-09-03,ЛУКОЙЛ,LKOH,53430,7326664814.0,4840.0,4795.5,4898.0,4837.0,4838.5,4814.0,1514280,4839.0,4839.0,4837.0,7032810343.0,7032810343.0,7032810343.0,0.0,3,SUR,-0.78,
TQBR,2020-09-04,ЛУКОЙЛ,LKOH,29111,4672231392.0,4802.0,4802.0,4888.0,4829.5,4844.0,4858.0,964480,4844.0,4844.0,4829.5,4459537737.5,4459537737.5,4459537737.5,0.0,3,SUR,0.91,
TQBR,2020-09-07,ЛУКОЙЛ,LKOH,29520,3114778804.0,4829.0,4790.0,4850.0,4790.0,4809.5,4795.0,647618,4810.0,4810.0,4790.0,2984484373.0,2984484373.0,2984484373.0,0.0,3,SUR,-1.3,
TQBR,2020-09-08,ЛУКОЙЛ,LKOH,47435,6184044214.0,4801.0,4684.5,4822.0,4710.0,4748.5,4719.5,1302271,4749.5,4749.5,4710.0,6004885718.5,6004885718.5,6004885718.5,0.0,3,SUR,-1.57,
TQBR,2020-09-09,ЛУКОЙЛ,LKOH,37767,5086465871.0,4701.0,4664.0,4758.5,4681.0,4700.5,4709.0,1082040,4700.5,4700.5,4681.0,4898101706.0,4898101706.0,4898101706.0,0.0,3,SUR,-0.22,
TQBR,2020-09-10,ЛУКОЙЛ,LKOH,42739,5009443984.0,4716.0,4631.5,4736.0,4672.0,4669.5,4661.0,1072846,4669.5,4669.5,4672.0,4771900204.5,4771900204.5,4771900204.5,0.0,3,SUR,-1.02,
TQBR,2020-09-11,ЛУКОЙЛ,LKOH,30685,3868722621.0,4667.5,4645.5,4749.0,4734.5,4703.5,4725.5,822491,4702.5,4702.5,4734.5,3706455773.0,3706455773.0,3706455773.0,0.0,3,SUR,1.38,
TQBR,2020-09-14,ЛУКОЙЛ,LKOH,31761,4512226628.5,4749.5,4733.0,4804.5,4736.0,4768.0,4752.5,946469,4768.0,4768.0,4736.0,4345017327.0,4345017327.0,4345017327.0,0.0,3,SUR,0.57,
TQBR,2020-09-15,ЛУКОЙЛ,LKOH,44193,7244407803.0,4755.0,4735.0,4884.0,4876.0,4832.5,4876.0,1499032,4831.5,4831.5,4876.0,7004682015.5,7004682015.5,7004682015.5,0.0,3,SUR,2.6,
TQBR,2020-09-16,ЛУКОЙЛ,LKOH,40680,6596566206.5,4893.0,4821.5,4929.5,4847.5,4871.5,4863.5,1354314,4871.5,4871.5,4847.5,6340397601.0,6340397601.0,6340397601.0,0.0,3,SUR,-0.26,
TQBR,2020-09-17,ЛУКОЙЛ,LKOH,42831,7359571961.0,4813.5,4750.5,4821.0,4790.0,4776.0,4793.5,1540812,4776.0,4776.0,4790.0,7174070701.0,7174070701.0,7174070701.0,0.0,3,SUR,-1.44,
TQBR,2020-09-18,ЛУКОЙЛ,LKOH,55183,13709403184.0,4805.0,4655.0,4815.5,4694.5,4702.5,4677.0,2915521,4703.0,4703.0,4694.5,13349784006.0,13349784006.0,13349784006.0,0.0,3,SUR,-2.43,
TQBR,2020-09-21,ЛУКОЙЛ,LKOH,92632,10512931949.0,4664.0,4462.0,4665.0,4480.0,4540.5,4511.0,2314832,4543.5,4543.5,4480.0,10083027108.0,10083027108.0,10083027108.0,0.0,3,SUR,-3.55,
TQBR,2020-09-22,ЛУКОЙЛ,LKOH,44751,6549543326.5,4504.0,4458.0,4560.0,4491.0,4518.5,4529.0,1449534,4519.0,4519.0,4491.0,6257069348.0,6257069348.0,6257069348.0,0.0,3,SUR,0.4,
TQBR,2020-09-23,ЛУКОЙЛ,LKOH,46986,6022292425.0,4525.0,4443.5,4542.0,4478.0,4496.0,4456.0,1339531,4497.0,4497.0,4478.0,5700848538.5,5700848538.5,5700848538.5,0.0,3,SUR,-1.61,
TQBR,2020-09-24,ЛУКОЙЛ,LKOH,46304,7317539011.5,4459.5,4410.0,4584.5,4569.0,4502.0,4563.0,1625362,4499.0,4499.0,4569.0,6941327346.5,6941327346.5,6941327346.5,0.0,3,SUR,2.4,
TQBR,2020-09-25,ЛУКОЙЛ,LKOH,34637,5282276791.5,4578.5,4478.0,4600.5,4563.5,4538.5,4560.0,1163926,4537.5,4537.5,4563.5,5062437839.5,5062437839.5,5062437839.5,0.0,3,SUR,-0.07,
TQBR,2020-09-28,ЛУКОЙЛ,LKOH,30805,4850560741.5,4574.5,4552.0,4634.5,4605.0,4603.0,4627.0,1053803,4602.5,4602.5,4605.0,4674775046.0,4674775046.0,4674775046.0,0.0,3,SUR,1.47,
TQBR,2020-09-29,ЛУКОЙЛ,LKOH,46803,7242326318.0,4629.0,4484.0,4644.5,4500.0,4536.0,4508.5,1596613,4537.5,4537.5,4500.0,6921961178.0,6921961178.0,6921961178.0,0.0,3,SUR,-2.56,
TQBR,2020-09-30,ЛУКОЙЛ,LKOH,30707,4567755483.0,4487.0,4457.0,4520.5,4482.0,4484.0,4470.0,1018573,4484.5,4484.5,4482.0,4339273689.5,4339273689.5,4339273689.5,0.0,3,SUR,-0.85,
TQBR,2020-10-01,ЛУКОЙЛ,LKOH,41670,4555590308.5,4489.0,4390.5,4506.5,4405.5,4443.0,4408.5,1025318,4445.5,4445.5,4405.5,4239510146.5,4239510146.5,4239510146.5,0.0,3,SUR,-1.38,
TQBR,2020-10-02,ЛУКОЙЛ,LKOH,41798,5311197409.5,4376.5,4313.0,4382.5,4358.0,4353.0,4379.0,1220040,4352.0,4352.0,4358.0,5052491586.5,5052491586.5,5052491586.5,0.0,3,SUR,-0.67,
TQBR,2020-10-05,ЛУКОЙЛ,LKOH,36609,5444122245.5,4405.5,4363.5,4487.0,4474.0,4428.0,4479.0,1229441,4426.0,4426.0,4474.0,5152485546.5,5152485546.5,5152485546.5,0.0,3,SUR,2.28,
TQBR,2020-10-06,ЛУКОЙЛ,LKOH,34614,5242823234.0,4492.0,4486.5,4563.5,4521.5,4535.0,4519.5,1156151,4536.5,4536.5,4521.5,4547599647.5,4547599647.5,4547599647.5,0.0,3,SUR,0.9,
TQBR,2020-10-07,ЛУКОЙЛ,LKOH,36408,5225693399.5,4504.0,4398.5,4527.0,4453.5,4457.0,4474.0,1172361,4457.0,4457.0,4453.5,4996436328.5,4996436328.5,4996436328.5,0.0,3,SUR,-1.01,
TQBR,2020-10-08,ЛУКОЙЛ,LKOH,28076,4273260596.5,4481.5,4431.0,4503.0,4491.0,4475.5,4498.0,954794,4475.0,4475.0,4491.0,4091663081.0,4091663081.0,4091663081.0,0.0,3,SUR,0.54,
TQBR,2020-10-09,ЛУКОЙЛ,LKOH,26353,3800951243.0,4510.0,4411.0,4510.5,4453.5,4453.5,4451.5,853414,4453.5,4453.5,4453.5,3645936757.0,3645936757.0,3645936757.0,0.0,3,SUR,-1.03,
TQBR,2020-10-12,ЛУКОЙЛ,LKOH,20500,2731834479.0,4444.0,4428.0,4493.5,4453.5,4461.0,4445.0,612369,4462.5,4462.5,4453.5,2539556948.0,2539556948.0,2539556948.0,0.0,3,SUR,-0.15,
TQBR,2020-10-13,ЛУКОЙЛ,LKOH,29284,3527455088.5,4440.0,4364.0,4473.0,4371.5,4416.0,4374.5,798784,4418.0,4418.0,4371.5,3337417828.5,3337417828.5,3337417828.5,0.0,3,SUR,-1.59,
TQBR,2020-10-14,ЛУКОЙЛ,LKOH,29380,4055654347.0,4371.5,4326.0,4385.5,4343.0,4351.0,4364.5,932158,4350.5,4350.5,4343.0,3815026046.5,3815026046.5,3815026046.5,0.0,3,SUR,-0.23,
TQBR,2020-10-15,ЛУКОЙЛ,LKOH,56322,6213115290.5,4352.0,4231.0,4362.5,4265.5,4292.0,4271.0,1447902,4292.0,4292.0,4265.5,5969526098.5,5969526098.5,5969526098.5,0.0,3,SUR,-2.14,
TQBR,2020-10-16,ЛУКОЙЛ,LKOH,40775,6310284441.5,4260.0,4200.5,4301.0,4274.5,4254.0,4253.0,1483662,4252.5,4252.5,4274.5,6137976630.5,6137976630.5,6137976630.5,0.0,3,SUR,-0.42,
TQBR,2020-10-19,ЛУКОЙЛ,LKOH,33838,3484508366.5,4280.0,4171.0,4296.0,4199.5,4227.0,4194.0,824375,4231.0,4231.0,4199.5,3155550180.0,3155550180.0,3155550180.0,0.0,3,SUR,-1.39,
TQBR,2020-10-20,ЛУКОЙЛ,LKOH,31492,4023463713.0,4185.0,4164.0,4289.0,4260.0,4228.5,4270.0,951566,4225.0,4225.0,4260.0,3749402955.0,3749402955.0,3749402955.0,0.0,3,SUR,1.81,
TQBR,2020-10-21,ЛУКОЙЛ,LKOH,24522,3705958264.5,4297.0,4202.0,4297.0,4204.0,4235.0,4211.5,875044,4236.5,4236.5,4204.0,3495086193.0,3495086193.0,3495086193.0,0.0,3,SUR,-1.37,
TQBR,2020-10-22,ЛУКОЙЛ,LKOH,30925,4641978349.5,4190.0,4182.0,4318.0,4299.0,4270.0,4307.5,1087150,4267.5,4267.5,4299.0,4271867169.0,4271867169.0,4271867169.0,0.0,3,SUR,2.28,
TQBR,2020-10-23,ЛУКОЙЛ,LKOH,30369,4356726495.0,4305.0,4287.5,4374.5,4324.5,4339.0,4325.0,1004104,4340.0,4340.0,4324.5,4143714964.5,4143714964.5,4143714964.5,0.0,3,SUR,0.41,
TQBR,2020-10-26,ЛУКОЙЛ,LKOH,29115,3768731216.5,4289.5,4205.0,4301.5,4225.5,4259.0,4223.0,884878,4266.0,4266.0,4225.5,3220527746.5,3220527746.5,3220527746.5,0.0,3,SUR,-2.36,
TQBR,2020-10-27,ЛУКОЙЛ,LKOH,46270,5150760495.0,4235.0,4111.0,4249.5,4115.0,4157.5,4123.5,1238276,4162.5,4162.5,4115.0,4764600113.5,4764600113.5,4764600113.5,0.0,3,SUR,-2.36,
TQBR,2020-10-28,ЛУКОЙЛ,LKOH,68765,8089081597.0,4095.0,3961.0,4109.5,4016.0,4026.0,4012.5,2009306,4026.0,4026.0,4016.0,7674677102.5,7674677102.5,7674677102.5,0.0,3,SUR,-2.69,
TQBR,2020-10-29,ЛУКОЙЛ,LKOH,46661,5558009434.5,4035.5,3996.0,4080.0,4048.5,4039.5,4057.5,1375834,4039.0,4039.0,4048.5,5223877788.5,5223877788.5,5223877788.5,0.0,3,SUR,1.12,
TQBR,2020-10-30,ЛУКОЙЛ,LKOH,35938,4961063844.0,4001.0,3970.0,4089.0,4045.0,4039.0,4050.0,1228320,4038.0,4038.0,4045.0,4651273468.0,4651273468.0,4651273468.0,0.0,3,SUR,-0.18,
TQBR,2020-11-02,ЛУКОЙЛ,LKOH,42258,6962591546.5,4020.0,3992.0,4165.0,4116.5,4098.0,4162.0,1698996,4094.0,4094.0,4116.5,6466791626.0,6466791626.0,6466791626.0,0.0,3,SUR,2.77,
TQBR,2020-11-03,ЛУКОЙЛ,LKOH,36771,6476535293.5,4160.0,4160.0,4269.5,4234.5,4231.5,4252.0,1530896,4230.5,4230.5,4234.5,6129503532.5,6129503532.5,6129503532.5,0.0,3,SUR,2.16,
TQBR,2020-11-05,ЛУКОЙЛ,LKOH,40755,6060308874.0,4300.5,4279.5,4379.0,4343.5,4332.5,4321.5,1398804,4332.5,4332.5,4343.5,5468897150.5,5468897150.5,5468897150.5,0.0,3,SUR,1.63,
TQBR,2020-11-06,ЛУКОЙЛ,LKOH,38723,5941812128.5,4306.0,4272.0,4418.5,4414.0,4350.0,4396.0,1366027,4346.5,4346.5,4414.0,5568142466.5,5568142466.5,5568142466.5,0.0,3,SUR,1.72,
TQBR,2020-11-09,ЛУКОЙЛ,LKOH,112339,21342707726.5,4455.0,4420.0,4820.0,4815.0,4668.0,4755.0,4572008,4658.5,4658.5,4815.0,19619694123.0,19619694123.0,19619694123.0,0.0,3,SUR,8.17,
TQBR,2020-11-10,ЛУКОЙЛ,LKOH,85034,15868397635.0,4750.0,4702.0,4950.0,4914.0,4851.0,4884.5,3271228,4849.0,4849.0,4914.0,14744600391.0,14744600391.0,14744600391.0,0.0,3,SUR,2.72,
TQBR,2020-11-11,ЛУКОЙЛ,LKOH,74651,13241249552.5,4920.5,4916.5,4996.0,4985.5,4963.5,4945.0,2667838,4962.0,4962.0,4985.5,12012720622.5,12012720622.5,12012720622.5,0.0,3,SUR,1.24,
TQBR,2020-11-12,ЛУКОЙЛ,LKOH,53538,9126273381.5,4900.0,4821.5,4939.5,4900.0,4892.5,4853.0,1865295,4893.5,4893.5,4900.0,8571992100.0,8571992100.0,8571992100.0,0.0,3,SUR,-1.86,
TQBR,2020-11-13,ЛУКОЙЛ,LKOH,34345,4578916786.0,4830.0,4795.0,4900.0,4827.5,4832.5,4879.0,947188,4830.0,4830.0,4827.5,4011093840.0,4011093840.0,4011093840.0,0.0,3,SUR,0.54,
TQBR,2020-11-16,ЛУКОЙЛ,LKOH,41785,6892529956.5,4901.0,4861.0,4949.5,4926.0,4908.0,4932.5,1404218,4908.0,4908.0,4926.0,6565800912.5,6565800912.5,6565800912.5,0.0,3,SUR,1.1,
TQBR,2020-11-17,ЛУКОЙЛ,LKOH,43868,7339605390.0,4943.0,4796.5,4954.0,4850.0,4849.5,4864.0,1513399,4849.0,4849.0,4850.0,6873035904.5,6873035904.5,6873035904.5,0.0,3,SUR,-1.39,
TQBR,2020-11-18,ЛУКОЙЛ,LKOH,39060,6711197079.5,4841.0,4818.0,4972.0,4958.5,4906.5,4890.0,1367818,4904.5,4904.5,4958.5,6246803788.5,6246803788.5,6246803788.5,0.0,3,SUR,0.53,
TQBR,2020-11-19,ЛУКОЙЛ,LKOH,32019,5941013837.0,4880.0,4850.0,4937.0,4904.0,4893.5,4916.0,1214118,4892.5,4892.5,4904.0,5645546616.0,5645546616.0,5645546616.0,0.0,3,SUR,0.53,
TQBR,2020-11-20,ЛУКОЙЛ,LKOH,22781,3770922756.5,4915.0,4877.5,4952.0,4920.5,4914.0,4948.5,767359,4909.0,4909.0,4920.5,3161247412.5,3161247412.5,3161247412.5,0.0,3,SUR,0.66,
TQBR,2020-11-23,ЛУКОЙЛ,LKOH,54810,9022681037.0,4962.0,4945.5,5046.5,4975.0,4996.0,5026.5,1805934,4994.5,4994.5,4975.0,8139477603.0,8139477603.0,8139477603.0,0.0,3,SUR,1.58,
TQBR,2020-11-24,ЛУКОЙЛ,LKOH,57949,10803464891.0,5056.0,5050.0,5179.5,5117.0,5089.5,5179.5,2122623,5080.5,5080.5,5117.0,9476585388.0,9476585388.0,9476585388.0,0.0,3,SUR,3.04,
TQBR,2020-11-25,ЛУКОЙЛ,LKOH,92836,16719203468.0,5192.0,5141.5,5395.0,5379.5,5320.5,5392.5,3141954,5317.0,5317.0,5379.5,15615420553.5,15615420553.5,15615420553.5,0.0,3,SUR,4.11,
TQBR,2020-11-26,ЛУКОЙЛ,LKOH,52929,9677154680.5,5396.0,5236.0,5400.0,5260.0,5297.0,5243.0,1827082,5298.5,5298.5,5260.0,9282383515.0,9282383515.0,9282383515.0,0.0,3,SUR,-2.77,
TQBR,2020-11-27,ЛУКОЙЛ,LKOH,42307,8596033686.5,5230.0,5164.5,5269.5,5245.0,5207.5,5260.0,1650507,5204.5,5204.5,5245.0,7946062913.5,7946062913.5,7946062913.5,0.0,3,SUR,0.32,
TQBR,2020-11-30,ЛУКОЙЛ,LKOH,73590,18883190110.0,5200.0,4982.0,5250.0,5031.0,5073.0,5063.0,3722676,5077.0,5077.0,5031.0,16980351608.5,16980351608.5,16980351608.5,0.0,3,SUR,-3.75,
TQBR,2020-12-01,ЛУКОЙЛ,LKOH,38626,7640894460.0,5072.0,5022.0,5121.0,5049.0,5067.0,5058.5,1507829,5068.5,5068.5,5049.0,7171411681.0,7171411681.0,7171411681.0,0.0,3,SUR,-0.09,
TQBR,2020-12-02,ЛУКОЙЛ,LKOH,42753,7886009170.0,5034.0,5024.0,5199.0,5173.0,5105.5,5167.0,1544646,5095.5,5095.5,5173.0,6940812815.0,6940812815.0,6940812815.0,0.0,3,SUR,2.14,
TQBR,2020-12-03,ЛУКОЙЛ,LKOH,66900,10197957803.0,5172.0,4988.0,5184.5,5048.0,5064.5,5053.0,2013518,5065.0,5065.0,5048.0,9542422790.5,9542422790.5,9542422790.5,0.0,3,SUR,-2.21,
TQBR,2020-12-04,ЛУКОЙЛ,LKOH,55631,7793534572.5,5122.0,5090.5,5195.0,5135.0,5146.0,5122.0,1514440,5148.5,5148.5,5135.0,7284379112.0,7284379112.0,7284379112.0,0.0,3,SUR,1.37,
TQBR,2020-12-07,ЛУКОЙЛ,LKOH,45746,6021678573.5,5103.5,5035.5,5143.0,5062.0,5079.0,5039.5,1185738,5081.0,5081.0,5062.0,5393081590.0,5393081590.0,5393081590.0,0.0,3,SUR,-1.61,
TQBR,2020-12-08,ЛУКОЙЛ,LKOH,41736,6335224096.0,5015.5,4953.0,5059.0,4999.0,5004.5,4994.0,1265912,5005.0,5005.0,4999.0,6016659589.5,6016659589.5,6016659589.5,0.0,3,SUR,-0.9,
TQBR,2020-12-09,ЛУКОЙЛ,LKOH,45684,7846021837.0,5004.0,4980.0,5128.0,5058.0,5064.0,5023.0,1549389,5067.0,5067.0,5058.0,7187306079.0,7187306079.0,7187306079.0,0.0,3,SUR,0.58,
TQBR,2020-12-10,ЛУКОЙЛ,LKOH,72295,13427454304.5,5006.5,5005.5,5338.0,5315.5,5198.5,5287.0,2582921,5185.5,5185.5,5315.5,11804131597.0,11804131597.0,11804131597.0,0.0,3,SUR,5.26,
TQBR,2020-12-11,ЛУКОЙЛ,LKOH,67566,12203253769.0,5298.5,5275.0,5420.0,5411.0,5356.5,5380.0,2278053,5354.0,5354.0,5411.0,11058641284.5,11058641284.5,11058641284.5,0.0,3,SUR,1.76,
TQBR,2020-12-14,ЛУКОЙЛ,LKOH,59726,11361329125.5,5420.0,5262.0,5494.0,5299.0,5383.5,5325.0,2110358,5388.0,5388.0,5299.0,10695915327.0,10695915327.0,10695915327.0,0.0,3,SUR,-1.02,
TQBR,2020-12-15,ЛУКОЙЛ,LKOH,40250,7895490170.5,5306.5,5220.0,5399.5,5230.0,5307.0,5297.5,1487749,5309.5,5309.5,5230.0,7368038561.0,7368038561.0,7368038561.0,0.0,3,SUR,-0.52,
TQBR,2020-12-16,ЛУКОЙЛ,LKOH,57204,11899803877.5,5299.5,5105.0,5307.0,5180.0,5204.5,5174.0,2286551,5206.0,5206.0,5180.0,11155639668.5,11155639668.5,11155639668.5,0.0,3,SUR,-2.33,
TQBR,2020-12-17,ЛУКОЙЛ,LKOH,59676,10440023823.5,5180.0,5104.0,5244.5,5157.0,5177.0,5188.0,2016282,5178.0,5178.0,5157.0,10125918721.5,10125918721.5,10125918721.5,0.0,3,SUR,0.27,
TQBR,2020-12-18,ЛУКОЙЛ,LKOH,38990,13986159382.5,5173.0,5075.0,5176.5,5149.0,5131.5,5140.0,2725306,5131.5,5131.5,5149.0,13302795620.5,13302795620.5,13302795620.5,0.0,3,SUR,-0.93,
TQBR,2020-12-21,ЛУКОЙЛ,LKOH,64994,12413391255.0,5061.5,4938.5,5115.0,5043.0,5048.5,5095.5,2458741,5046.5,5046.5,5043.0,11718989803.0,11718989803.0,11718989803.0,0.0,3,SUR,-0.87,
TQBR,2020-12-22,ЛУКОЙЛ,LKOH,32621,5915022759.0,5040.5,5040.5,5138.0,5090.5,5097.0,5073.0,1160624,5097.0,5097.0,5090.5,5496365498.5,5496365498.5,5496365498.5,0.0,3,SUR,-0.44,
TQBR,2020-12-23,ЛУКОЙЛ,LKOH,21457,3357922245.5,5070.0,5047.5,5130.0,5104.0,5094.0,5107.0,659202,5090.0,5090.0,5104.0,2806870238.0,2806870238.0,2806870238.0,0.0,3,SUR,0.67,
TQBR,2020-12-24,ЛУКОЙЛ,LKOH,16222,2220706511.0,5128.5,5082.5,5148.0,5115.0,5110.0,5105.5,434562,5110.5,5110.5,5115.0,2084124574.5,2084124574.5,2084124574.5,0.0,3,SUR,-0.03,
TQBR,2020-12-25,ЛУКОЙЛ,LKOH,7786,686967545.5,5114.5,5087.5,5114.5,5108.0,5099.0,5106.0,134720,5098.0,5098.0,5108.0,614240367.5,614240367.5,614240367.5,0.0,3,SUR,0.01,
TQBR,2020-12-28,ЛУКОЙЛ,LKOH,19812,3527345296.0,5114.0,5101.0,5175.5,5102.0,5125.0,5101.5,688228,5126.5,5126.5,5102.0,3166042382.0,3166042382.0,3166042382.0,0.0,3,SUR,-0.09,
TQBR,2020-12-29,ЛУКОЙЛ,LKOH,20297,3400989120.5,5115.5,5114.0,5170.0,5156.5,5143.5,5143.0,661210,5143.5,5143.5,5156.5,3141089739.5,3141089739.5,3141089739.5,0.0,3,SUR,0.81,
TQBR,2020-12-30,ЛУКОЙЛ,LKOH,20236,4093773401.5,5149.5,5146.0,5204.0,5168.0,5182.0,5169.5,790048,5182.0,5182.0,5168.0,3863064539.5,3863064539.5,3863064539.5,0.0,3,SUR,0.52,
TQBR,2021-01-04,ЛУКОЙЛ,LKOH,25148,4077814489.0,5238.5,5186.5,5274.5,5243.5,5239.0,5212.5,778343,5243.5,5243.5,5243.5,3534439785.5,3534439785.5,3534439785.5,0.0,3,SUR,0.83,
TQBR,2021-01-05,ЛУКОЙЛ,LKOH,33260,6222500542.5,5214.5,5180.0,5359.0,5311.0,5278.0,5358.5,1178943,5265.0,5265.0,5311.0,5159927106.5,5159927106.5,5159927106.5,0.0,3,SUR,2.8,
TQBR,2021-01-06,ЛУКОЙЛ,LKOH,38447,7490176190.5,5375.0,5304.0,5401.0,5395.0,5369.5,5376.5,1394998,5367.5,5367.5,5395.0,6804506193.5,6804506193.5,6804506193.5,0.0,3,SUR,0.34,
TQBR,2021-01-08,ЛУКОЙЛ,LKOH,55384,11402549102.0,5450.0,5425.0,5557.5,5521.0,5509.0,5556.5,2070143,5506.5,5506.5,5521.0,10717623852.0,10717623852.0,10717623852.0,0.0,3,SUR,3.35,
TQBR,2021-01-11,ЛУКОЙЛ,LKOH,49387,11409883557.0,5510.0,5451.0,5639.0,5600.0,5572.0,5599.0,2047794,5571.0,5571.0,5600.0,11003470110.0,11003470110.0,11003470110.0,0.0,3,SUR,0.76,
TQBR,2021-01-12,ЛУКОЙЛ,LKOH,44998,9932069867.5,5616.0,5615.0,5724.5,5705.0,5685.0,5721.0,1747049,5684.0,5684.0,5705.0,9317986952.5,9317986952.5,9317986952.5,0.0,3,SUR,2.18,
TQBR,2021-01-13,ЛУКОЙЛ,LKOH,48343,11786341617.0,5750.0,5706.0,5827.0,5787.0,5761.5,5755.0,2045581,5761.0,5761.0,5787.0,11067061709.5,11067061709.5,11067061709.5,0.0,3,SUR,0.59,
TQBR,2021-01-14,ЛУКОЙЛ,LKOH,56332,12369392481.5,5750.0,5715.0,5957.5,5907.5,5868.0,5937.0,2106542,5868.5,5868.5,5907.5,11572096065.0,11572096065.0,11572096065.0,0.0,3,SUR,3.16,
TQBR,2021-01-15,ЛУКОЙЛ,LKOH,50951,11349931000.5,5882.5,5852.0,5995.0,5900.0,5925.0,5888.5,1915743,5928.0,5928.0,5900.0,10504813974.0,10504813974.0,10504813974.0,0.0,3,SUR,-0.82,
TQBR,2021-01-18,ЛУКОЙЛ,LKOH,34058,7659285796.0,5865.0,5802.5,5902.0,5877.0,5854.0,5873.0,1308036,5855.0,5855.0,5877.0,7512106052.5,7512106052.5,7512106052.5,0.0,3,SUR,-0.26,
TQBR,2021-01-19,ЛУКОЙЛ,LKOH,32747,7353644946.0,5913.0,5854.0,5968.0,5883.0,5913.0,5892.0,1243631,5917.0,5917.0,5883.0,6681709167.0,6681709167.0,6681709167.0,0.0,3,SUR,0.32,
TQBR,2021-01-20,ЛУКОЙЛ,LKOH,26223,5704963137.0,5907.0,5843.0,5962.0,5864.5,5903.0,5864.0,966472,5906.5,5906.5,5864.5,5264714289.0,5264714289.0,5264714289.0,0.0,3,SUR,-0.48,
TQBR,2021-01-21,ЛУКОЙЛ,LKOH,44944,10584074044.0,5884.5,5710.0,5921.5,5767.5,5776.5,5771.0,1832271,5776.5,5776.5,5767.5,10170754958.5,10170754958.5,10170754958.5,0.0,3,SUR,-1.59,
TQBR,2021-01-22,ЛУКОЙЛ,LKOH,41942,9356268615.5,5701.0,5626.0,5787.0,5729.0,5708.0,5740.5,1639101,5707.0,5707.0,5729.0,8924589399.0,8924589399.0,8924589399.0,0.0,3,SUR,-0.53,
TQBR,2021-01-25,ЛУКОЙЛ,LKOH,37928,7557730686.5,5755.0,5675.0,5797.5,5728.5,5721.5,5722.0,1320901,5723.5,5723.5,5728.5,7070807660.5,7070807660.5,7070807660.5,0.0,3,SUR,-0.32,
TQBR,2021-01-26,ЛУКОЙЛ,LKOH,45134,9120974839.5,5681.0,5553.0,5703.5,5590.0,5622.5,5595.5,1622050,5624.0,5624.0,5590.0,8849063189.5,8849063189.5,8849063189.5,0.0,3,SUR,-2.21,
TQBR,2021-01-27,ЛУКОЙЛ,LKOH,45343,9599811633.0,5619.5,5484.0,5631.0,5500.5,5538.5,5499.5,1733280,5540.0,5540.0,5500.5,9057371734.0,9057371734.0,9057371734.0,0.0,3,SUR,-1.72,
TQBR,2021-01-28,ЛУКОЙЛ,LKOH,41764,9340965397.0,5467.0,5442.5,5617.0,5580.0,5540.5,5575.0,1686020,5538.5,5538.5,5580.0,8878779222.5,8878779222.5,8878779222.5,0.0,3,SUR,1.37,
TQBR,2021-01-29,ЛУКОЙЛ,LKOH,53001,11023222997.5,5552.0,5365.5,5561.5,5401.0,5452.0,5377.0,2021903,5456.5,5456.5,5401.0,10382753657.5,10382753657.5,10382753657.5,0.0,3,SUR,-3.55,
TQBR,2021-02-01,ЛУКОЙЛ,LKOH,48737,11308462385.0,5420.0,5296.5,5426.0,5316.0,5350.0,5406.0,2113706,5349.0,5349.0,5316.0,10638200013.5,10638200013.5,10638200013.5,0.0,3,SUR,0.54,
TQBR,2021-02-02,ЛУКОЙЛ,LKOH,56832,13486476730.5,5427.5,5407.5,5577.0,5560.0,5502.5,5516.0,2451039,5501.0,5501.0,5560.0,12566322025.5,12566322025.5,12566322025.5,0.0,3,SUR,2.03,
TQBR,2021-02-03,ЛУКОЙЛ,LKOH,50770,10005040691.5,5554.0,5491.5,5642.0,5526.5,5560.0,5555.0,1799457,5561.0,5561.0,5526.5,9472743535.5,9472743535.5,9472743535.5,0.0,3,SUR,0.71,
TQBR,2021-02-04,ЛУКОЙЛ,LKOH,50910,12822850449.5,5565.0,5529.0,5728.5,5664.5,5645.5,5699.5,2271731,5643.0,5643.0,5664.5,12032242461.0,12032242461.0,12032242461.0,0.0,3,SUR,2.6,
TQBR,2021-02-05,ЛУКОЙЛ,LKOH,33061,6418080468.0,5742.0,5644.0,5770.5,5700.0,5697.5,5715.0,1126362,5698.0,5698.0,5700.0,6074047834.5,6074047834.5,6074047834.5,0.0,3,SUR,0.27,
TQBR,2021-02-08,ЛУКОЙЛ,LKOH,29073,5544754061.5,5750.0,5698.0,5797.5,5747.0,5752.0,5758.0,963993,5752.5,5752.5,5747.0,5096042542.5,5096042542.5,5096042542.5,0.0,3,SUR,0.75,
TQBR,2021-02-09,ЛУКОЙЛ,LKOH,30579,6018300785.5,5780.5,5654.0,5796.0,5688.5,5728.0,5695.0,1051082,5730.0,5730.0,5688.5,5494168670.0,5494168670.0,5494168670.0,0.0,3,SUR,-1.09,
TQBR,2021-02-10,ЛУКОЙЛ,LKOH,34448,7527315013.0,5699.5,5560.0,5712.5,5571.0,5614.0,5594.5,1340820,5615.5,5615.5,5571.0,6859915532.5,6859915532.5,6859915532.5,0.0,3,SUR,-1.76,
TQBR,2021-02-11,ЛУКОЙЛ,LKOH,22351,3968372046.5,5581.0,5546.0,5690.0,5668.5,5621.0,5641.5,705999,5617.5,5617.5,5668.5,3488131581.0,3488131581.0,3488131581.0,0.0,3,SUR,0.84,
TQBR,2021-02-12,ЛУКОЙЛ,LKOH,37980,7107380825.5,5624.5,5501.0,5756.5,5706.0,5616.5,5756.0,1265401,5598.5,5598.5,5706.0,6131675990.0,6131675990.0,6131675990.0,0.0,3,SUR,2.03,
TQBR,2021-02-15,ЛУКОЙЛ,LKOH,35863,6666841299.5,5820.0,5772.0,5910.0,5887.5,5836.0,5909.5,1142351,5831.0,5831.0,5887.5,6082744954.0,6082744954.0,6082744954.0,0.0,3,SUR,2.67,
TQBR,2021-02-16,ЛУКОЙЛ,LKOH,29952,5483598164.5,5918.0,5805.5,5930.0,5865.0,5872.0,5868.5,933839,5874.0,5874.0,5865.0,5076908873.5,5076908873.5,5076908873.5,0.0,3,SUR,-0.69,
TQBR,2021-02-17,ЛУКОЙЛ,LKOH,33203,7425242190.5,5865.0,5682.0,5876.5,5688.5,5778.0,5768.5,1285106,5785.5,5785.5,5688.5,6548713242.5,6548713242.5,6548713242.5,0.0,3,SUR,-1.7,
TQBR,2021-02-18,ЛУКОЙЛ,LKOH,35186,7148180284.0,5761.0,5588.5,5784.0,5603.5,5659.5,5615.0,1263225,5661.0,5661.0,5603.5,6716156740.5,6716156740.5,6716156740.5,0.0,3,SUR,-2.66,
TQBR,2021-02-19,ЛУКОЙЛ,LKOH,30775,6982051464.0,5576.0,5561.0,5697.0,5665.5,5615.0,5656.0,1243506,5611.5,5611.5,5665.5,6477698916.5,6477698916.5,6477698916.5,0.0,3,SUR,0.73,
TQBR,2021-02-20,ЛУКОЙЛ,LKOH,6067,692471820.0,5657.0,5602.5,5659.0,5635.0,5624.5,5633.0,123120,5624.0,5624.0,5635.0,659941943.5,659941943.5,659941943.5,0.0,3,SUR,-0.41,
TQBR,2021-02-22,ЛУКОЙЛ,LKOH,29466,6823626951.5,5650.5,5592.0,5797.0,5771.5,5724.5,5786.0,1191981,5718.0,5718.0,5771.5,6119251309.5,6119251309.5,6119251309.5,0.0,3,SUR,2.72,
TQBR,2021-02-24,ЛУКОЙЛ,LKOH,32315,6536899945.0,5751.0,5676.5,5791.0,5750.0,5740.5,5788.5,1138744,5737.0,5737.0,5750.0,5986016220.0,5986016220.0,5986016220.0,0.0,3,SUR,0.04,
TQBR,2021-02-25,ЛУКОЙЛ,LKOH,41926,9624675015.5,5804.5,5731.0,5888.0,5858.0,5833.0,5740.5,1650247,5839.0,5839.0,5858.0,8498326558.0,8498326558.0,8498326558.0,0.0,3,SUR,-0.83,
TQBR,2021-02-26,ЛУКОЙЛ,LKOH,45848,14150008675.5,5707.0,5545.0,5794.5,5603.5,5642.0,5575.5,2508179,5649.5,5649.5,5603.5,12731229650.0,12731229650.0,12731229650.0,0.0,3,SUR,-2.87,
TQBR,2021-03-01,ЛУКОЙЛ,LKOH,29342,5859759342.0,5623.0,5590.5,5660.0,5644.0,5625.5,5634.0,1041586,5625.0,5625.0,5644.0,5336286690.0,5336286690.0,5336286690.0,0.0,3,SUR,1.05,
TQBR,2021-03-02,ЛУКОЙЛ,LKOH,21000,4347140472.0,5610.0,5592.0,5676.0,5650.5,5635.0,5648.5,771443,5633.5,5633.5,5650.5,4092675613.5,4092675613.5,4092675613.5,0.0,3,SUR,0.26,
TQBR,2021-03-03,ЛУКОЙЛ,LKOH,22405,5073206354.5,5682.0,5631.5,5747.5,5715.0,5706.5,5701.0,889035,5705.5,5705.5,5715.0,4792365731.0,4792365731.0,4792365731.0,0.0,3,SUR,0.93,
TQBR,2021-03-04,ЛУКОЙЛ,LKOH,53393,11296821336.0,5719.0,5690.0,5955.0,5814.5,5809.0,5806.0,1944534,5770.5,5770.5,5814.5,7593937581.5,7593937581.5,7593937581.5,0.0,3,SUR,1.84,
TQBR,2021-03-05,ЛУКОЙЛ,LKOH,102733,23380991632.0,5852.0,5852.0,6245.0,6197.5,6089.5,6236.0,3839237,6082.0,6082.0,6197.5,21714511016.5,21714511016.5,21714511016.5,0.0,3,SUR,7.41,
TQBR,2021-03-09,ЛУКОЙЛ,LKOH,60003,12505093248.0,6200.0,6167.0,6405.0,6306.5,6319.5,6305.0,1978806,6320.5,6320.5,6306.5,11888407416.5,11888407416.5,11888407416.5,0.0,3,SUR,1.11,
TQBR,2021-03-10,ЛУКОЙЛ,LKOH,50913,10151007350.0,6276.0,6084.0,6300.5,6115.0,6174.5,6127.5,1644012,6178.0,6178.0,6115.0,9646415259.0,9646415259.0,9646415259.0,0.0,3,SUR,-2.82,
TQBR,2021-03-11,ЛУКОЙЛ,LKOH,43222,9494222389.5,6150.0,6109.5,6339.0,6307.5,6220.5,6339.0,1526249,6213.5,6213.5,6307.5,8855754021.0,8855754021.0,8855754021.0,0.0,3,SUR,3.45,
TQBR,2021-03-12,ЛУКОЙЛ,LKOH,30850,6018351349.5,6310.5,6267.0,6377.0,6357.0,6330.5,6356.0,950677,6328.0,6328.0,6357.0,5445335563.5,5445335563.5,5445335563.5,0.0,3,SUR,0.27,
TQBR,2021-03-15,ЛУКОЙЛ,LKOH,42445,10951115093.5,6381.0,6360.0,6480.0,6478.5,6422.5,6472.5,1704619,6423.0,6423.0,6478.5,10416131541.5,10416131541.5,10416131541.5,0.0,3,SUR,1.83,
TQBR,2021-03-16,ЛУКОЙЛ,LKOH,42078,12204244928.0,6451.0,6314.0,6470.5,6470.0,6384.0,6445.0,1911379,6382.5,6382.5,6470.0,11639021537.5,11639021537.5,11639021537.5,0.0,3,SUR,-0.42,
TQBR,2021-03-17,ЛУКОЙЛ,LKOH,41472,10211414731.5,6450.0,6294.0,6475.0,6334.5,6341.5,6363.0,1610167,6341.0,6341.0,6334.5,9373871804.5,9373871804.5,9373871804.5,0.0,3,SUR,-1.27,
TQBR,2021-03-18,ЛУКОЙЛ,LKOH,54365,13279964586.0,6369.0,6059.0,6373.5,6196.0,6219.5,6083.0,2135207,6232.5,6232.5,6196.0,11836140526.5,11836140526.5,11836140526.5,0.0,3,SUR,-4.4,
TQBR,2021-03-19,ЛУКОЙЛ,LKOH,57006,17563882869.0,6073.0,5960.0,6149.0,6023.5,6041.0,6078.0,2907248,6040.0,6040.0,6023.5,16460190631.0,16460190631.0,16460190631.0,0.0,3,SUR,-0.08,
TQBR,2021-03-22,ЛУКОЙЛ,LKOH,30766,7433760099.0,6063.0,5980.0,6167.0,6150.0,6102.5,6118.0,1218133,6101.0,6101.0,6150.0,6901964627.0,6901964627.0,6901964627.0,0.0,3,SUR,0.66,
TQBR,2021-03-23,ЛУКОЙЛ,LKOH,45175,10404917676.0,6088.0,5951.0,6098.0,5985.5,6009.5,5961.0,1731389,6012.0,6012.0,5985.5,9572619371.5,9572619371.5,9572619371.5,0.0,3,SUR,-2.57,
TQBR,2021-03-24,ЛУКОЙЛ,LKOH,40122,9348056382.0,5999.5,5976.0,6231.0,6204.5,6121.0,6162.5,1527101,6113.5,6113.5,6204.5,8272136522.5,8272136522.5,8272136522.5,0.0,3,SUR,3.38,
TQBR,2021-03-25,ЛУКОЙЛ,LKOH,28901,7114405438.5,6155.0,6056.0,6195.5,6105.5,6123.0,6182.0,1161877,6121.0,6121.0,6105.5,6558210904.5,6558210904.5,6558210904.5,0.0,3,SUR,0.32,
TQBR,2021-03-26,ЛУКОЙЛ,LKOH,29185,7467800246.5,6200.0,6194.0,6289.0,6230.0,6235.5,6283.0,1197568,6234.5,6234.5,6230.0,6781790576.5,6781790576.5,6781790576.5,0.0,3,SUR,1.63,
TQBR,2021-03-29,ЛУКОЙЛ,LKOH,24902,5101901456.0,6233.0,6174.0,6278.0,6270.5,6233.0,6257.5,818553,6231.0,6231.0,6270.5,4831728354.0,4831728354.0,4831728354.0,0.0,3,SUR,-0.41,
TQBR,2021-03-30,ЛУКОЙЛ,LKOH,29600,5861607722.5,6268.0,6125.5,6316.5,6172.5,6200.0,6155.0,945193,6203.5,6203.5,6172.5,5557862289.0,5557862289.0,5557862289.0,0.0,3,SUR,-1.64,
TQBR,2021-03-31,ЛУКОЙЛ,LKOH,23576,5107062265.5,6172.5,6097.5,6188.0,6119.5,6123.5,6111.5,833984,6124.0,6124.0,6119.5,4818736764.5,4818736764.5,4818736764.5,0.0,3,SUR,-0.71,
TQBR,2021-04-01,ЛУКОЙЛ,LKOH,39524,6990252044.5,6152.5,6015.0,6189.0,6061.5,6110.5,6112.0,1143940,6112.0,6112.0,6061.5,6333926062.0,6333926062.0,6333926062.0,0.0,3,SUR,0.01,
TQBR,2021-04-02,ЛУКОЙЛ,LKOH,11744,1439189890.0,6120.5,6076.5,6137.0,6102.0,6094.5,6108.5,236119,6094.5,6094.5,6102.0,1305915020.5,1305915020.5,1305915020.5,0.0,3,SUR,-0.06,
TQBR,2021-04-05,ЛУКОЙЛ,LKOH,37332,5131336964.5,6095.0,5951.0,6095.0,5985.0,5990.5,5990.5,856536,5992.5,5992.5,5985.0,4574659474.0,4574659474.0,4574659474.0,0.0,3,SUR,-1.93,
TQBR,2021-04-06,ЛУКОЙЛ,LKOH,41549,6941509219.5,6008.0,5871.5,6024.0,5901.5,5923.0,5891.0,1171924,5924.5,5924.5,5901.5,6568389893.5,6568389893.5,6568389893.5,0.0,3,SUR,-1.66,
TQBR,2021-04-07,ЛУКОЙЛ,LKOH,40193,8438899721.0,5893.5,5842.0,6001.0,5952.5,5924.0,5978.0,1424539,5922.0,5922.0,5952.5,8068493129.5,8068493129.5,8068493129.5,0.0,3,SUR,1.48,
TQBR,2021-04-08,ЛУКОЙЛ,LKOH,22828,4603528981.0,5990.0,5945.0,6068.0,5986.5,5989.5,6008.5,768587,5989.0,5989.0,5986.5,4294853267.5,4294853267.5,4294853267.5,0.0,3,SUR,0.51,
TQBR,2021-04-09,ЛУКОЙЛ,LKOH,29846,6802448356.0,6001.0,5867.0,6006.0,5933.0,5924.5,5933.0,1148067,5924.5,5924.5,5933.0,6559936799.5,6559936799.5,6559936799.5,0.0,3,SUR,-1.26,
TQBR,2021-04-12,ЛУКОЙЛ,LKOH,32314,7600635073.5,5900.0,5886.5,6037.0,5991.5,5977.0,6020.0,1271608,5976.5,5976.5,5991.5,7346732878.5,7346732878.5,7346732878.5,0.0,3,SUR,1.47,
TQBR,2021-04-13,ЛУКОЙЛ,LKOH,24761,4502560801.0,6003.5,5946.5,6055.0,5983.0,5984.0,6044.5,752392,5974.5,5974.5,5983.0,3675229412.5,3675229412.5,3675229412.5,0.0,3,SUR,0.41,
TQBR,2021-04-14,ЛУКОЙЛ,LKOH,39253,8172682373.5,6080.0,5975.0,6168.5,6157.0,6084.5,6134.0,1343550,6078.0,6078.0,6157.0,7592244459.0,7592244459.0,7592244459.0,0.0,3,SUR,1.48,
TQBR,2021-04-15,ЛУКОЙЛ,LKOH,29656,7239219056.5,6088.5,6017.0,6118.5,6075.5,6063.0,6054.5,1194216,6062.0,6062.0,6075.5,6939839300.5,6939839300.5,6939839300.5,0.0,3,SUR,-1.3,
TQBR,2021-04-16,ЛУКОЙЛ,LKOH,22499,4623717159.0,6089.0,6025.0,6104.0,6062.5,6072.0,6066.0,761537,6072.0,6072.0,6062.5,4438323723.5,4438323723.5,4438323723.5,0.0,3,SUR,0.19,
TQBR,2021-04-19,ЛУКОЙЛ,LKOH,17775,3354798341.0,6059.0,5986.0,6087.0,6009.0,6037.5,6007.0,555681,6039.5,6039.5,6009.0,3074656209.0,3074656209.0,3074656209.0,0.0,3,SUR,-0.97,
TQBR,2021-04-20,ЛУКОЙЛ,LKOH,43564,8582491300.5,6021.5,5840.0,6061.0,5890.0,5917.5,5897.0,1450363,5919.0,5919.0,5890.0,8086673001.5,8086673001.5,8086673001.5,0.0,3,SUR,-1.83,
TQBR,2021-04-21,ЛУКОЙЛ,LKOH,24026,5045854900.0,5882.0,5876.5,5966.5,5934.5,5931.0,5946.0,850747,5930.5,5930.5,5934.5,4757697669.0,4757697669.0,4757697669.0,0.0,3,SUR,0.83,
TQBR,2021-04-22,ЛУКОЙЛ,LKOH,36225,7804994496.5,5945.0,5886.5,6057.0,6025.0,5976.0,5999.0,1305530,5977.0,5977.0,6025.0,7481460498.0,7481460498.0,7481460498.0,0.0,3,SUR,0.89,
TQBR,2021-04-23,ЛУКОЙЛ,LKOH,19921,5102110216.0,6020.0,5931.0,6027.5,5950.0,5960.5,5950.0,855974,5960.5,5960.5,5950.0,4937710350.5,4937710350.5,4937710350.5,0.0,3,SUR,-0.82,
TQBR,2021-04-26,ЛУКОЙЛ,LKOH,25783,4975916607.0,5952.0,5892.5,5971.0,5895.0,5916.0,5919.0,841031,5916.5,5916.5,5895.0,4644315548.0,4644315548.0,4644315548.0,0.0,3,SUR,-0.52,
TQBR,2021-04-27,ЛУКОЙЛ,LKOH,25122,4518307334.0,5917.0,5870.5,5966.5,5883.5,5918.5,5903.5,763487,5920.0,5920.0,5883.5,4167593039.5,4167593039.5,4167593039.5,0.0,3,SUR,-0.26,
TQBR,2021-04-28,ЛУКОЙЛ,LKOH,27764,5250021125.5,5906.0,5844.0,5945.0,5889.5,5888.5,5901.0,891582,5888.5,5888.5,5889.5,4872476755.0,4872476755.0,4872476755.0,0.0,3,SUR,-0.04,
TQBR,2021-04-29,ЛУКОЙЛ,LKOH,25698,6050317169.5,5931.0,5875.0,5945.0,5929.0,5913.5,5926.0,1023222,5913.0,5913.0,5929.0,5699698450.0,5699698450.0,5699698450.0,0.0,3,SUR,0.42,
TQBR,2021-04-30,ЛУКОЙЛ,LKOH,35746,8030011446.0,5917.5,5760.0,5945.0,5796.5,5827.5,5805.0,1379074,5823.5,5823.5,5796.5,7752235121.5,7752235121.5,7752235121.5,0.0,3,SUR,-2.04,
TQBR,2021-05-04,ЛУКОЙЛ,LKOH,34341,8137735052.5,5824.0,5815.0,5999.0,5975.0,5922.5,5991.0,1373584,5920.5,5920.5,5975.0,7620594239.0,7620594239.0,7620594239.0,0.0,3,SUR,3.2,
TQBR,2021-05-05,ЛУКОЙЛ,LKOH,36827,8174538873.0,6010.0,5985.5,6156.0,6145.0,6094.5,6122.0,1341451,6092.5,6092.5,6145.0,7713321713.0,7713321713.0,7713321713.0,0.0,3,SUR,2.19,
TQBR,2021-05-06,ЛУКОЙЛ,LKOH,30976,6227723723.5,6122.0,6061.0,6185.0,6081.0,6121.5,6087.0,1017307,6124.5,6124.5,6081.0,5873037842.0,5873037842.0,5873037842.0,0.0,3,SUR,-0.57,
TQBR,2021-05-07,ЛУКОЙЛ,LKOH,16693,4426118486.0,6104.0,6042.5,6122.5,6092.0,6093.5,6088.0,726508,6092.5,6092.5,6092.0,4235924283.5,4235924283.5,4235924283.5,0.0,3,SUR,0.02,
TQBR,2021-05-10,ЛУКОЙЛ,LKOH,24083,6408379097.5,6097.0,6093.0,6203.0,6131.0,6143.0,6118.0,1043015,6145.0,6145.0,6131.0,6188384398.0,6188384398.0,6188384398.0,0.0,3,SUR,0.49,
TQBR,2021-05-11,ЛУКОЙЛ,LKOH,31126,7496227778.5,6093.5,5948.0,6093.5,6003.5,6008.0,6021.0,1247646,6008.0,6008.0,6003.5,7202254762.5,7202254762.5,7202254762.5,0.0,3,SUR,-1.59,
TQBR,2021-05-12,ЛУКОЙЛ,LKOH,46095,8685052657.5,6028.0,6003.5,6205.0,6178.0,6092.5,6119.0,1425406,6090.5,6090.5,6178.0,8131907361.5,8131907361.5,8131907361.5,0.0,3,SUR,1.63,
TQBR,2021-05-13,ЛУКОЙЛ,LKOH,34759,7119467268.0,6100.0,5999.5,6127.0,6023.5,6061.5,6040.0,1174685,6062.0,6062.0,6023.5,6771641220.5,6771641220.5,6771641220.5,0.0,3,SUR,-1.29,
TQBR,2021-05-14,ЛУКОЙЛ,LKOH,15829,3058628894.0,6052.5,6002.0,6077.0,6039.5,6044.5,6050.0,506014,6044.0,6044.0,6039.5,2744346104.5,2744346104.5,2744346104.5,0.0,3,SUR,0.17,
TQBR,2021-05-17,ЛУКОЙЛ,LKOH,47897,10209081766.5,6020.0,5868.5,6026.0,5920.5,5931.5,5976.0,1721230,5929.5,5929.5,5920.5,9615430302.0,9615430302.0,9615430302.0,0.0,3,SUR,-1.22,
TQBR,2021-05-18,ЛУКОЙЛ,LKOH,36665,10841644225.0,6000.0,5962.5,6043.0,6016.0,6006.5,5994.0,1805082,6007.0,6007.0,6016.0,9985882646.5,9985882646.5,9985882646.5,0.0,3,SUR,0.3,
TQBR,2021-05-19,ЛУКОЙЛ,LKOH,44679,10175044787.5,5969.0,5767.5,5978.0,5830.0,5867.0,5862.5,1734941,5866.0,5866.0,5830.0,9498100531.0,9498100531.0,9498100531.0,0.0,3,SUR,-2.19,
TQBR,2021-05-20,ЛУКОЙЛ,LKOH,43442,7738014581.5,5855.0,5681.0,5863.5,5724.0,5727.5,5711.0,1350818,5729.0,5729.0,5724.0,7347010495.0,7347010495.0,7347010495.0,0.0,3,SUR,-2.58,
TQBR,2021-05-21,ЛУКОЙЛ,LKOH,33877,6493009058.0,5719.0,5697.0,5852.0,5825.5,5782.0,5800.5,1123385,5778.5,5778.5,5825.5,6141262371.5,6141262371.5,6141262371.5,0.0,3,SUR,1.57,
TQBR,2021-05-24,ЛУКОЙЛ,LKOH,19218,3327023398.5,5831.5,5774.0,5859.5,5800.5,5813.0,5818.0,572345,5813.0,5813.0,5800.5,3116646900.0,3116646900.0,3116646900.0,0.0,3,SUR,0.3,
TQBR,2021-05-25,ЛУКОЙЛ,LKOH,33527,6429984478.5,5835.0,5823.0,5975.5,5920.0,5918.0,5913.0,1086511,5917.5,5917.5,5920.0,6166673257.5,6166673257.5,6166673257.5,0.0,3,SUR,1.63,
TQBR,2021-05-26,ЛУКОЙЛ,LKOH,34390,7019599038.5,5923.0,5918.0,6019.5,6010.0,5981.0,6016.5,1173581,5980.5,5980.5,6010.0,6798764906.0,6798764906.0,6798764906.0,0.0,3,SUR,1.75,
TQBR,2021-05-27,ЛУКОЙЛ,LKOH,25207,9639609741.5,6000.0,5915.0,6012.0,5993.5,5978.5,5992.0,1612395,5978.0,5978.0,5993.5,9344909878.5,9344909878.5,9344909878.5,0.0,3,SUR,-0.41,
TQBR,2021-05-28,ЛУКОЙЛ,LKOH,18478,4384537747.0,6012.0,5936.0,6030.0,5950.0,5971.0,5955.0,734305,5972.0,5972.0,5950.0,4055288513.5,4055288513.5,4055288513.5,0.0,3,SUR,-0.62,
TQBR,2021-05-31,ЛУКОЙЛ,LKOH,14305,2355473407.5,5957.0,5951.0,6010.5,5996.0,5992.0,5993.0,393169,5991.0,5991.0,5996.0,2264449740.5,2264449740.5,2264449740.5,0.0,3,SUR,0.64,
TQBR,2021-06-01,ЛУКОЙЛ,LKOH,52287,12843625595.0,6021.0,6017.0,6223.0,6191.0,6168.5,6210.0,2081713,6169.0,6169.0,6191.0,12343213266.5,12343213266.5,12343213266.5,0.0,3,SUR,3.62,
TQBR,2021-06-02,ЛУКОЙЛ,LKOH,53889,14176708606.0,6222.0,6215.0,6430.0,6409.0,6330.0,6428.0,2239304,6326.0,6326.0,6409.0,13242660591.0,13242660591.0,13242660591.0,0.0,3,SUR,3.51,
TQBR,2021-06-03,ЛУКОЙЛ,LKOH,48033,12579901685.5,6460.0,6327.0,6499.0,6487.0,6429.5,6474.5,1956653,6427.0,6427.0,6487.0,11864627775.5,11864627775.5,11864627775.5,0.0,3,SUR,0.72,
TQBR,2021-06-04,ЛУКОЙЛ,LKOH,42371,9900642216.5,6472.0,6442.0,6570.0,6500.0,6497.0,6511.0,1523774,6497.5,6497.5,6500.0,9650184940.0,9650184940.0,9650184940.0,0.0,3,SUR,0.56,
TQBR,2021-06-07,ЛУКОЙЛ,LKOH,26821,6010644279.0,6489.5,6460.0,6590.0,6575.0,6547.0,6555.0,919194,6538.0,6538.0,6575.0,5762714363.0,5762714363.0,5762714363.0,0.0,3,SUR,0.68,
TQBR,2021-06-08,ЛУКОЙЛ,LKOH,34898,8921438413.5,6530.0,6400.0,6564.5,6483.0,6496.5,6504.5,1372864,6499.0,6499.0,6483.0,8363895345.5,8363895345.5,8363895345.5,0.0,3,SUR,-0.77,
TQBR,2021-06-09,ЛУКОЙЛ,LKOH,26330,6176684696.0,6525.0,6487.0,6595.5,6571.5,6551.0,6587.0,942956,6549.0,6549.0,6571.5,5827100497.5,5827100497.5,5827100497.5,0.0,3,SUR,1.27,
TQBR,2021-06-10,ЛУКОЙЛ,LKOH,31471,7186321028.0,6575.5,6548.0,6660.5,6568.0,6600.5,6570.0,1088751,6602.5,6602.5,6568.0,6730716331.0,6730716331.0,6730716331.0,0.0,3,SUR,-0.26,
TQBR,2021-06-11,ЛУКОЙЛ,LKOH,19834,3783212148.0,6570.0,6488.0,6607.5,6507.0,6537.5,6518.5,578710,6538.5,6538.5,6507.0,3540451436.0,3540451436.0,3540451436.0,0.0,3,SUR,-0.78,
TQBR,2021-06-14,ЛУКОЙЛ,LKOH,17017,3782411071.5,6528.0,6447.0,6547.5,6516.5,6503.5,6515.0,581598,6503.5,6503.5,6516.5,3483524036.5,3483524036.5,3483524036.5,0.0,3,SUR,-0.05,
TQBR,2021-06-15,ЛУКОЙЛ,LKOH,23051,5368331258.0,6530.0,6431.0,6530.0,6492.0,6484.5,6504.5,827998,6483.0,6483.0,6492.0,5161230381.5,5161230381.5,5161230381.5,0.0,3,SUR,-0.16,
TQBR,2021-06-16,ЛУКОЙЛ,LKOH,29565,7774762631.5,6524.0,6522.5,6637.5,6622.0,6581.0,6591.5,1181404,6579.5,6579.5,6622.0,6772108953.0,6772108953.0,6772108953.0,0.0,3,SUR,1.34,
TQBR,2021-06-17,ЛУКОЙЛ,LKOH,44263,11195024290.0,6570.0,6560.5,6746.0,6665.5,6670.0,6669.5,1678653,6670.5,6670.5,6665.5,10595796476.0,10595796476.0,10595796476.0,0.0,3,SUR,1.18,
TQBR,2021-06-18,ЛУКОЙЛ,LKOH,27399,12406307578.0,6640.0,6606.0,6710.0,6649.5,6651.5,6653.0,1865165,6651.5,6651.5,6649.5,12051952727.5,12051952727.5,12051952727.5,0.0,3,SUR,-0.25,
TQBR,2021-06-21,ЛУКОЙЛ,LKOH,17663,4576814281.5,6645.0,6603.0,6700.0,6660.5,6660.5,6697.0,687141,6660.0,6660.0,6660.5,4397043946.5,4397043946.5,4397043946.5,0.0,3,SUR,0.66,
TQBR,2021-06-22,ЛУКОЙЛ,LKOH,27725,7185987434.0,6737.5,6663.0,6769.0,6692.0,6701.5,6715.5,1072490,6700.0,6700.0,6692.0,6879493100.0,6879493100.0,6879493100.0,0.0,3,SUR,0.28,
TQBR,2021-06-23,ЛУКОЙЛ,LKOH,26243,7081400960.0,6733.0,6621.0,6741.5,6634.0,6667.0,6633.0,1062165,6668.0,6668.0,6634.0,6799669035.5,6799669035.5,6799669035.5,0.0,3,SUR,-1.23,
TQBR,2021-06-24,ЛУКОЙЛ,LKOH,31594,9955635247.5,6632.5,6620.0,6759.0,6759.0,6710.0,6725.0,1483768,6708.5,6708.5,6759.0,9614225119.0,9614225119.0,9614225119.0,0.0,3,SUR,1.39,
TQBR,2021-06-25,ЛУКОЙЛ,LKOH,25362,5970984244.0,6712.0,6710.5,6813.0,6800.0,6769.0,6810.0,882066,6767.0,6767.0,6800.0,5561895958.0,5561895958.0,5561895958.0,0.0,3,SUR,1.26,
TQBR,2021-06-28,ЛУКОЙЛ,LKOH,24744,5484070270.5,6810.0,6744.0,6867.0,6768.5,6814.5,6759.0,805119,6814.0,6814.0,6768.5,5241965788.0,5241965788.0,5241965788.0,0.0,3,SUR,-0.75,
TQBR,2021-06-29,ЛУКОЙЛ,LKOH,33039,8594539991.5,6730.5,6642.5,6749.0,6679.0,6689.5,6685.0,1285234,6687.0,6687.0,6679.0,8473977435.5,8473977435.5,8473977435.5,0.0,3,SUR,-1.09,
TQBR,2021-06-30,ЛУКОЙЛ,LKOH,29988,7706712340.0,6686.0,6617.0,6804.5,6757.0,6726.5,6762.5,1145816,6724.0,6724.0,6757.0,7353714489.0,7353714489.0,7353714489.0,0.0,3,SUR,1.16,
TQBR,2021-07-01,ЛУКОЙЛ,LKOH,43286,10325256039.5,6770.0,6762.0,7013.0,6996.5,6926.0,7010.0,1490962,6919.5,6919.5,6996.5,9305583603.0,9305583603.0,9305583603.0,0.0,3,SUR,3.66,
TQBR,2021-07-02,ЛУКОЙЛ,LKOH,32760,6856638239.5,6827.0,6810.5,6920.0,6832.0,6859.0,6849.0,999683,6859.0,6859.0,6832.0,6725946444.5,6725946444.5,6725946444.5,0.0,3,SUR,-2.3,
TQBR,2021-07-05,ЛУКОЙЛ,LKOH,16795,2636050823.5,6878.0,6767.0,6878.0,6819.0,6808.5,6845.0,387183,6805.5,6805.5,6819.0,2412519810.5,2412519810.5,2412519810.5,0.0,3,SUR,-0.06,
TQBR,2021-07-06,ЛУКОЙЛ,LKOH,32895,10609901573.0,6870.0,6824.0,6939.0,6857.5,6873.5,6829.0,1543291,6876.0,6876.0,6857.5,10250375780.5,10250375780.5,10250375780.5,0.0,3,SUR,-0.23,
TQBR,2021-07-07,ЛУКОЙЛ,LKOH,26128,6370796307.5,6825.0,6732.5,6904.5,6763.5,6814.0,6782.0,935129,6815.5,6815.5,6763.5,6011619717.5,6011619717.5,6011619717.5,0.0,3,SUR,-0.69,
TQBR,2021-07-08,ЛУКОЙЛ,LKOH,29623,6850765258.5,6740.0,6597.0,6750.0,6675.5,6654.5,6684.0,1030130,6649.0,6649.0,6675.5,6573785697.0,6573785697.0,6573785697.0,0.0,3,SUR,-1.45,
TQBR,2021-07-09,ЛУКОЙЛ,LKOH,19724,5623091976.5,6668.0,6618.0,6717.0,6636.0,6658.5,6655.0,844390,6659.5,6659.5,6636.0,5474123048.5,5474123048.5,5474123048.5,0.0,3,SUR,-0.43,
TQBR,2021-07-12,ЛУКОЙЛ,LKOH,15249,3560275432.0,6650.0,6573.0,6650.0,6583.0,6593.0,6611.0,539896,6594.0,6594.0,6583.0,3360180834.0,3360180834.0,3360180834.0,0.0,3,SUR,-0.66,
TQBR,2021-07-13,ЛУКОЙЛ,LKOH,16771,4298392247.5,6625.0,6580.0,6646.0,6615.5,6610.0,6637.0,650198,6609.0,6609.0,6615.5,3992385819.0,3992385819.0,3992385819.0,0.0,3,SUR,0.39,
TQBR,2021-07-14,ЛУКОЙЛ,LKOH,31702,7574928633.0,6631.0,6562.0,6750.0,6574.0,6645.0,6566.0,1139931,6648.5,6648.5,6574.0,7189588973.0,7189588973.0,7189588973.0,0.0,3,SUR,-1.07,
TQBR,2021-07-15,ЛУКОЙЛ,LKOH,35537,6294358808.5,6550.0,6403.0,6552.0,6441.0,6459.5,6430.5,974161,6462.5,6462.5,6441.0,6036856524.5,6036856524.5,6036856524.5,0.0,3,SUR,-2.06,
TQBR,2021-07-16,ЛУКОЙЛ,LKOH,25340,5008780152.5,6397.0,6327.5,6479.5,6383.5,6395.5,6362.0,783182,6396.5,6396.5,6383.5,4670079345.5,4670079345.5,4670079345.5,0.0,3,SUR,-1.07,
TQBR,2021-07-19,ЛУКОЙЛ,LKOH,27864,5812814557.0,6303.5,6213.5,6339.0,6235.5,6264.0,6228.0,927952,6266.0,6266.0,6235.5,5528605146.0,5528605146.0,5528605146.0,0.0,3,SUR,-2.11,
TQBR,2021-07-20,ЛУКОЙЛ,LKOH,28545,6575337615.5,6270.0,6205.0,6330.0,6290.0,6260.0,6307.5,1050384,6257.5,6257.5,6290.0,6274004635.5,6274004635.5,6274004635.5,0.0,3,SUR,1.28,
TQBR,2021-07-21,ЛУКОЙЛ,LKOH,23999,5796549402.5,6291.0,6265.5,6408.5,6391.5,6370.0,6393.0,910007,6368.0,6368.0,6391.5,5419931031.0,5419931031.0,5419931031.0,0.0,3,SUR,1.36,
TQBR,2021-07-22,ЛУКОЙЛ,LKOH,25530,5565796301.0,6401.5,6330.5,6467.0,6445.5,6420.5,6456.0,866931,6418.5,6418.5,6445.5,5294899626.0,5294899626.0,5294899626.0,0.0,3,SUR,0.99,
TQBR,2021-07-23,ЛУКОЙЛ,LKOH,21321,4729910969.5,6467.5,6380.5,6477.5,6416.0,6417.0,6433.5,737085,6417.0,6417.0,6416.0,4575793758.5,4575793758.5,4575793758.5,0.0,3,SUR,-0.35,
TQBR,2021-07-26,ЛУКОЙЛ,LKOH,18661,4112424195.0,6371.0,6315.0,6408.0,6347.5,6363.5,6405.0,646238,6363.0,6363.0,6347.5,3842070923.5,3842070923.5,3842070923.5,0.0,3,SUR,-0.44,
TQBR,2021-07-27,ЛУКОЙЛ,LKOH,16949,4108568490.0,6375.0,6292.0,6401.5,6330.0,6333.5,6332.5,648657,6334.0,6334.0,6330.0,3993330582.5,3993330582.5,3993330582.5,0.0,3,SUR,-1.13,
TQBR,2021-07-28,ЛУКОЙЛ,LKOH,18977,4393758636.5,6346.0,6342.0,6427.0,6422.0,6389.5,6415.0,687712,6386.5,6386.5,6422.0,4057841712.5,4057841712.5,4057841712.5,0.0,3,SUR,1.3,
TQBR,2021-07-29,ЛУКОЙЛ,LKOH,24749,4332152377.0,6445.0,6382.5,6455.5,6406.5,6417.5,6416.0,675045,6417.0,6417.0,6406.5,4056112472.0,4056112472.0,4056112472.0,0.0,3,SUR,0.02,
TQBR,2021-07-30,ЛУКОЙЛ,LKOH,29489,7124932305.0,6395.0,6266.5,6402.0,6281.0,6305.0,6299.0,1129971,6305.5,6305.5,6281.0,6867718999.0,6867718999.0,6867718999.0,0.0,3,SUR,-1.82,
TQBR,2021-08-02,ЛУКОЙЛ,LKOH,24418,5648269391.5,6308.5,6260.0,6380.0,6335.0,6322.0,6308.0,893449,6322.0,6322.0,6335.0,5350969812.5,5350969812.5,5350969812.5,0.0,3,SUR,0.14,
TQBR,2021-08-03,ЛУКОЙЛ,LKOH,26453,6270516262.0,6302.0,6205.5,6330.0,6268.0,6273.0,6297.0,999608,6273.0,6273.0,6268.0,6031057513.5,6031057513.5,6031057513.5,0.0,3,SUR,-0.17,
TQBR,2021-08-04,ЛУКОЙЛ,LKOH,24662,4740437794.5,6310.0,6226.0,6333.5,6254.0,6273.5,6235.0,755593,6275.5,6275.5,6254.0,4459653428.5,4459653428.5,4459653428.5,0.0,3,SUR,-0.98,
TQBR,2021-08-05,ЛУКОЙЛ,LKOH,18630,3622762582.5,6215.0,6211.5,6312.0,6290.0,6262.5,6312.0,578500,6259.5,6259.5,6290.0,3334633961.5,3334633961.5,3334633961.5,0.0,3,SUR,1.23,
TQBR,2021-08-06,ЛУКОЙЛ,LKOH,20426,4565185896.5,6319.0,6227.0,6328.5,6231.0,6272.5,6236.0,727805,6273.5,6273.5,6231.0,4429748847.5,4429748847.5,4429748847.5,0.0,3,SUR,-1.2,
TQBR,2021-08-09,ЛУКОЙЛ,LKOH,26540,4930119759.5,6198.0,6110.5,6310.0,6292.0,6234.0,6290.0,790810,6230.5,6230.5,6292.0,4660216512.0,4660216512.0,4660216512.0,0.0,3,SUR,0.87,
TQBR,2021-08-10,ЛУКОЙЛ,LKOH,28482,6368041472.0,6324.5,6322.0,6427.5,6421.0,6382.5,6423.5,997680,6381.5,6381.5,6421.0,6150136381.0,6150136381.0,6150136381.0,0.0,3,SUR,2.12,
TQBR,2021-08-11,ЛУКОЙЛ,LKOH,26682,5923891368.5,6438.0,6400.0,6487.5,6444.0,6449.5,6450.0,918499,6449.0,6449.0,6444.0,5596635716.0,5596635716.0,5596635716.0,0.0,3,SUR,0.41,
TQBR,2021-08-12,ЛУКОЙЛ,LKOH,21172,4038968994.0,6450.0,6431.5,6530.0,6506.0,6499.5,6504.5,621417,6499.5,6499.5,6506.0,3828281670.0,3828281670.0,3828281670.0,0.0,3,SUR,0.84,
TQBR,2021-08-13,ЛУКОЙЛ,LKOH,18057,3692285948.5,6490.0,6406.0,6512.0,6416.5,6448.5,6429.5,572572,6449.5,6449.5,6416.5,3556042110.0,3556042110.0,3556042110.0,0.0,3,SUR,-1.15,
TQBR,2021-08-16,ЛУКОЙЛ,LKOH,18750,4015061833.0,6400.0,6369.5,6503.0,6487.5,6455.0,6495.5,622022,6453.0,6453.0,6487.5,3846619114.5,3846619114.5,3846619114.5,0.0,3,SUR,1.03,
TQBR,2021-08-17,ЛУКОЙЛ,LKOH,30063,7522146313.0,6475.0,6441.5,6615.0,6600.0,6534.5,6567.5,1150414,6537.0,6537.0,6600.0,7130301092.5,7130301092.5,7130301092.5,0.0,3,SUR,1.11,
TQBR,2021-08-18,ЛУКОЙЛ,LKOH,26180,4958507421.0,6605.0,6444.5,6615.0,6523.5,6546.5,6445.0,757476,6553.0,6553.0,6523.5,4419566064.5,4419566064.5,4419566064.5,0.0,3,SUR,-1.87,
TQBR,2021-08-19,ЛУКОЙЛ,LKOH,37573,7835449199.5,6401.0,6255.0,6424.5,6303.5,6331.0,6332.0,1237533,6331.5,6331.5,6303.5,7506242149.5,7506242149.5,7506242149.5,0.0,3,SUR,-1.75,
TQBR,2021-08-20,ЛУКОЙЛ,LKOH,17510,3537589214.0,6315.0,6262.5,6348.0,6309.0,6301.0,6339.5,561424,6300.0,6300.0,6309.0,3385240068.0,3385240068.0,3385240068.0,0.0,3,SUR,0.12,
TQBR,2021-08-23,ЛУКОЙЛ,LKOH,21178,4836127518.0,6394.0,6371.0,6489.0,6469.0,6427.5,6475.5,752252,6426.5,6426.5,6469.0,4608000099.5,4608000099.5,4608000099.5,0.0,3,SUR,2.15,
TQBR,2021-08-24,ЛУКОЙЛ,LKOH,18442,4096344877.5,6500.0,6408.0,6521.5,6473.5,6456.5,6488.0,634445,6455.5,6455.5,6473.5,3916251015.0,3916251015.0,3916251015.0,0.0,3,SUR,0.19,
TQBR,2021-08-25,ЛУКОЙЛ,LKOH,12585,2622773191.0,6462.0,6420.5,6483.0,6454.0,6443.5,6431.0,407057,6442.0,6442.0,6454.0,2344007494.0,2344007494.0,2344007494.0,0.0,3,SUR,-0.88,
TQBR,2021-08-26,ЛУКОЙЛ,LKOH,18711,3887807422.0,6420.0,6308.0,6430.0,6349.5,6367.5,6343.5,610562,6369.5,6369.5,6349.5,3655105558.5,3655105558.5,3655105558.5,0.0,3,SUR,-1.36,
TQBR,2021-08-27,ЛУКОЙЛ,LKOH,22463,4917061286.5,6373.0,6325.5,6443.0,6432.0,6380.5,6429.5,770489,6377.5,6377.5,6432.0,4524222483.5,4524222483.5,4524222483.5,0.0,3,SUR,1.36,
TQBR,2021-08-30,ЛУКОЙЛ,LKOH,18581,3247888743.0,6445.0,6403.5,6471.5,6438.0,6433.5,6439.0,504822,6433.5,6433.5,6438.0,3002554514.5,3002554514.5,3002554514.5,0.0,3,SUR,0.15,
TQBR,2021-08-31,ЛУКОЙЛ,LKOH,53882,12950625967.0,6438.0,6221.0,6449.0,6261.5,6295.5,6283.5,2057150,6296.5,6296.5,6261.5,12295445713.5,12295445713.5,12295445713.5,0.0,3,SUR,-2.41,
TQBR,2021-09-01,ЛУКОЙЛ,LKOH,31762,6992235491.0,6300.0,6264.0,6351.0,6325.0,6316.5,6334.0,1106990,6315.5,6315.5,6325.0,6591628407.0,6591628407.0,6591628407.0,0.0,3,SUR,0.8,
TQBR,2021-09-02,ЛУКОЙЛ,LKOH,40430,7172633028.0,6330.0,6278.5,6408.0,6400.5,6350.5,6350.5,1129794,6347.0,6347.0,6400.5,6740040563.0,6740040563.0,6740040563.0,0.0,3,SUR,0.26,
TQBR,2021-09-03,ЛУКОЙЛ,LKOH,24165,4137942290.5,6364.0,6301.0,6366.0,6348.0,6330.5,6330.0,653649,6330.0,6330.0,6348.0,3834297825.0,3834297825.0,3834297825.0,0.0,3,SUR,-0.32,
TQBR,2021-09-06,ЛУКОЙЛ,LKOH,24927,3558926521.5,6327.0,6314.5,6372.0,6328.5,6337.5,6325.0,561608,6337.5,6337.5,6328.5,3332551607.5,3332551607.5,3332551607.5,0.0,3,SUR,-0.08,
TQBR,2021-09-07,ЛУКОЙЛ,LKOH,21492,4980795952.5,6335.0,6268.5,6338.5,6281.0,6290.5,6280.0,791767,6291.0,6291.0,6281.0,4808485191.5,4808485191.5,4808485191.5,0.0,3,SUR,-0.71,
TQBR,2021-09-08,ЛУКОЙЛ,LKOH,26348,6817861597.5,6282.0,6246.5,6354.0,6349.0,6318.0,6341.5,1079330,6315.5,6315.5,6349.0,6546954308.0,6546954308.0,6546954308.0,0.0,3,SUR,0.98,
TQBR,2021-09-09,ЛУКОЙЛ,LKOH,22994,5221015285.0,6330.0,6261.0,6354.5,6324.0,6305.0,6269.5,828093,6306.0,6306.0,6324.0,4894108623.0,4894108623.0,4894108623.0,0.0,3,SUR,-1.14,
TQBR,2021-09-10,ЛУКОЙЛ,LKOH,18612,4723347596.0,6300.0,6272.0,6339.0,6300.0,6301.5,6300.0,749569,6301.5,6301.5,6300.0,4397007520.5,4397007520.5,4397007520.5,0.0,3,SUR,0.49,
TQBR,2021-09-13,ЛУКОЙЛ,LKOH,23823,5131608363.0,6321.0,6308.0,6423.5,6409.5,6360.5,6420.5,806702,6356.5,6356.5,6409.5,4692538760.0,4692538760.0,4692538760.0,0.0,3,SUR,1.91,
TQBR,2021-09-14,ЛУКОЙЛ,LKOH,58707,11961545574.0,6441.0,6428.5,6600.0,6600.0,6522.5,6570.0,1833739,6520.5,6520.5,6600.0,11429079377.0,11429079377.0,11429079377.0,0.0,3,SUR,2.33,
TQBR,2021-09-15,ЛУКОЙЛ,LKOH,48659,10005003309.0,6600.0,6583.5,6767.0,6715.5,6706.0,6724.5,1492013,6705.5,6705.5,6715.5,9406848420.0,9406848420.0,9406848420.0,0.0,3,SUR,2.35,
TQBR,2021-09-16,ЛУКОЙЛ,LKOH,51416,11816394198.0,6693.0,6565.0,6800.0,6674.0,6700.5,6664.0,1763382,6707.5,6707.5,6674.0,10877817920.5,10877817920.5,10877817920.5,0.0,3,SUR,-0.9,
TQBR,2021-09-17,ЛУКОЙЛ,LKOH,24872,8801507500.0,6670.5,6565.0,6673.0,6608.5,6602.5,6600.5,1333070,6602.5,6602.5,6608.5,8502126525.5,8502126525.5,8502126525.5,0.0,3,SUR,-0.95,
TQBR,2021-09-20,ЛУКОЙЛ,LKOH,25470,5685553842.5,6540.0,6494.0,6596.5,6562.5,6538.5,6551.0,869585,6538.0,6538.0,6562.5,5213582193.5,5213582193.5,5213582193.5,0.0,3,SUR,-0.75,
TQBR,2021-09-21,ЛУКОЙЛ,LKOH,24905,6068730012.0,6579.0,6557.0,6660.0,6585.0,6611.0,6605.0,917997,6612.0,6612.0,6585.0,5705012349.5,5705012349.5,5705012349.5,0.0,3,SUR,0.82,
TQBR,2021-09-22,ЛУКОЙЛ,LKOH,20065,4468548191.5,6652.5,6622.0,6721.5,6701.0,6677.5,6702.0,669169,6675.0,6675.0,6701.0,4052294846.5,4052294846.5,4052294846.5,0.0,3,SUR,1.47,
TQBR,2021-09-23,ЛУКОЙЛ,LKOH,24383,6548468913.0,6750.0,6707.0,6801.0,6789.5,6764.5,6801.0,968046,6763.0,6763.0,6789.5,6184040519.0,6184040519.0,6184040519.0,0.0,3,SUR,1.48,
TQBR,2021-09-24,ЛУКОЙЛ,LKOH,22981,5613683042.0,6800.0,6740.5,6859.5,6825.5,6799.5,6825.0,825317,6800.0,6800.0,6825.5,5139836169.0,5139836169.0,5139836169.0,0.0,3,SUR,0.35,
TQBR,2021-09-27,ЛУКОЙЛ,LKOH,37644,9844056632.5,6900.0,6871.0,7003.0,6954.0,6959.5,6986.0,1414529,6959.0,6959.0,6954.0,9442656102.0,9442656102.0,9442656102.0,0.0,3,SUR,2.36,
TQBR,2021-09-28,ЛУКОЙЛ,LKOH,45420,10413433801.0,7015.0,6964.0,7141.5,7004.0,7060.5,6968.0,1474733,7064.5,7064.5,7004.0,9889293421.0,9889293421.0,9889293421.0,0.0,3,SUR,-0.26,
TQBR,2021-09-29,ЛУКОЙЛ,LKOH,27986,7354099211.5,6929.0,6900.5,7030.0,6984.5,6967.5,6992.0,1055481,6967.0,6967.0,6984.5,6935600514.5,6935600514.5,6935600514.5,0.0,3,SUR,0.34,
TQBR,2021-09-30,ЛУКОЙЛ,LKOH,34230,9905758039.5,7010.0,6850.5,7039.0,6932.0,6935.5,6903.5,1428208,6937.0,6937.0,6932.0,9459140335.0,9459140335.0,9459140335.0,0.0,3,SUR,-1.27,
TQBR,2021-10-01,ЛУКОЙЛ,LKOH,19410,4830924576.0,6866.0,6835.0,6990.0,6925.0,6917.5,6987.5,698375,6915.0,6915.0,6925.0,4557053899.0,4557053899.0,4557053899.0,0.0,3,SUR,1.22,
TQBR,2021-10-04,ЛУКОЙЛ,LKOH,39088,11091765496.0,7000.0,6940.5,7160.5,7113.0,7059.0,7134.5,1571166,7056.5,7056.5,7113.0,10560856513.0,10560856513.0,10560856513.0,0.0,3,SUR,2.1,
TQBR,2021-10-05,ЛУКОЙЛ,LKOH,44685,12169304491.5,7160.0,7123.0,7417.0,7342.0,7291.5,7346.5,1668884,7290.0,7290.0,7342.0,11564281348.0,11564281348.0,11564281348.0,0.0,3,SUR,2.97,
TQBR,2021-10-06,ЛУКОЙЛ,LKOH,48908,11129257607.5,7410.0,7030.0,7417.0,7049.0,7171.0,7096.0,1551968,7178.5,7178.5,7049.0,10215283167.0,10215283167.0,10215283167.0,0.0,3,SUR,-3.41,
TQBR,2021-10-07,ЛУКОЙЛ,LKOH,32865,9120171325.5,7132.0,6984.5,7189.5,7129.5,7107.0,7165.0,1283224,7105.5,7105.5,7129.5,8463790648.0,8463790648.0,8463790648.0,0.0,3,SUR,0.97,
TQBR,2021-10-08,ЛУКОЙЛ,LKOH,24051,6675987128.0,7205.0,7170.5,7279.0,7232.5,7232.0,7220.0,923158,7232.0,7232.0,7232.5,6282418614.5,6282418614.5,6282418614.5,0.0,3,SUR,0.77,
TQBR,2021-10-11,ЛУКОЙЛ,LKOH,21420,5405364358.5,7299.5,7253.0,7320.0,7265.5,7285.0,7264.0,741966,7286.0,7286.0,7265.5,5183996884.0,5183996884.0,5183996884.0,0.0,3,SUR,0.61,
TQBR,2021-10-12,ЛУКОЙЛ,LKOH,23289,5969695335.5,7210.0,7192.0,7332.0,7331.0,7291.5,7306.0,818744,7290.0,7290.0,7331.0,5617776910.0,5617776910.0,5617776910.0,0.0,3,SUR,0.58,
TQBR,2021-10-13,ЛУКОЙЛ,LKOH,44068,9063182422.0,7333.0,7070.5,7333.5,7243.5,7204.0,7252.0,1258068,7202.5,7202.5,7243.5,8737645100.0,8737645100.0,8737645100.0,0.0,3,SUR,-0.74,
TQBR,2021-10-14,ЛУКОЙЛ,LKOH,27795,5844816870.0,7285.5,7172.0,7319.0,7186.5,7255.5,7215.0,805588,7261.0,7261.0,7186.5,5309625567.0,5309625567.0,5309625567.0,0.0,3,SUR,-0.51,
TQBR,2021-10-15,ЛУКОЙЛ,LKOH,24395,6916139126.5,7252.0,7195.0,7318.0,7310.5,7267.0,7306.5,951697,7265.0,7265.0,7310.5,6515238061.0,6515238061.0,6515238061.0,0.0,3,SUR,1.27,
TQBR,2021-10-18,ЛУКОЙЛ,LKOH,25238,5218888689.5,7320.0,7271.5,7364.0,7343.0,7325.5,7319.0,712413,7324.0,7324.0,7343.0,4669625946.0,4669625946.0,4669625946.0,0.0,3,SUR,0.17,
TQBR,2021-10-19,ЛУКОЙЛ,LKOH,25633,5570368023.0,7336.0,7240.5,7373.0,7355.0,7316.5,7373.0,761337,7313.0,7313.0,7355.0,5077208988.0,5077208988.0,5077208988.0,0.0,3,SUR,0.74,
TQBR,2021-10-20,ЛУКОЙЛ,LKOH,28368,6317866883.0,7363.0,7320.0,7460.0,7423.0,7380.5,7439.0,855926,7375.5,7375.5,7423.0,5718286962.5,5718286962.5,5718286962.5,0.0,3,SUR,0.9,
TQBR,2021-10-21,ЛУКОЙЛ,LKOH,32097,6798228799.0,7400.0,7202.5,7429.0,7228.5,7309.0,7232.0,930442,7312.0,7312.0,7228.5,6292407254.0,6292407254.0,6292407254.0,0.0,3,SUR,-2.78,
TQBR,2021-10-22,ЛУКОЙЛ,LKOH,26902,5930559904.0,7213.0,7172.0,7314.5,7206.0,7247.5,7200.0,818275,7258.0,7258.0,7206.0,5068620358.0,5068620358.0,5068620358.0,0.0,3,SUR,-0.44,
TQBR,2021-10-25,ЛУКОЙЛ,LKOH,37541,9990883605.5,7239.0,7215.0,7483.0,7471.5,7377.0,7441.5,1354312,7374.0,7374.0,7471.5,9497494036.0,9497494036.0,9497494036.0,0.0,3,SUR,3.35,
TQBR,2021-10-26,ЛУКОЙЛ,LKOH,33849,8479516163.5,7449.0,7381.0,7525.0,7440.5,7469.5,7440.5,1135365,7470.0,7470.0,7440.5,8025865279.5,8025865279.5,8025865279.5,0.0,3,SUR,-0.01,
TQBR,2021-10-27,ЛУКОЙЛ,LKOH,25613,5510642342.5,7405.0,7322.0,7486.5,7340.0,7383.5,7323.5,747021,7379.0,7379.0,7340.0,5072828415.0,5072828415.0,5072828415.0,0.0,3,SUR,-1.57,
TQBR,2021-10-28,ЛУКОЙЛ,LKOH,39050,10038135510.5,7286.0,7190.0,7320.0,7233.5,7251.0,7288.5,1384419,7249.5,7249.5,7233.5,9506024019.0,9506024019.0,9506024019.0,0.0,3,SUR,-0.48,
TQBR,2021-10-29,ЛУКОЙЛ,LKOH,36782,9457263055.5,7260.0,7118.0,7315.0,7239.5,7207.5,7272.5,1312102,7206.0,7206.0,7239.5,9056294634.0,9056294634.0,9056294634.0,0.0,3,SUR,-0.22,
TQBR,2021-11-01,ЛУКОЙЛ,LKOH,20350,4338594027.5,7265.0,7242.0,7327.5,7289.5,7289.0,7293.0,595251,7290.0,7290.0,7289.5,3743435284.0,3743435284.0,3743435284.0,0.0,3,SUR,0.28,
TQBR,2021-11-02,ЛУКОЙЛ,LKOH,31508,6890117564.5,7304.0,7193.5,7394.0,7246.5,7275.0,7214.0,947121,7277.5,7277.5,7246.5,6610261383.5,6610261383.5,6610261383.5,0.0,3,SUR,-1.08,
TQBR,2021-11-03,ЛУКОЙЛ,LKOH,22081,4263036221.0,7190.0,7125.0,7202.5,7158.0,7159.0,7175.0,595460,7158.5,7158.5,7158.0,3747331163.0,3747331163.0,3747331163.0,0.0,3,SUR,-0.54,
TQBR,2021-11-05,ЛУКОЙЛ,LKOH,23398,4247779392.5,7132.0,7082.0,7205.0,7182.0,7153.5,7199.0,593784,7151.0,7151.0,7182.0,3823927283.5,3823927283.5,3823927283.5,0.0,3,SUR,0.33,
TQBR,2021-11-08,ЛУКОЙЛ,LKOH,18643,3699498485.5,7240.0,7202.0,7275.0,7244.0,7235.5,7208.5,511334,7235.5,7235.5,7244.0,3364840311.0,3364840311.0,3364840311.0,0.0,3,SUR,0.13,
TQBR,2021-11-09,ЛУКОЙЛ,LKOH,25972,5700286685.5,7200.0,7117.5,7255.0,7152.0,7192.5,7188.0,792617,7193.5,7193.5,7152.0,5361267587.5,5361267587.5,5361267587.5,0.0,3,SUR,-0.28,
TQBR,2021-11-10,ЛУКОЙЛ,LKOH,23374,4730782051.0,7209.0,7120.0,7266.0,7218.5,7209.5,7137.5,656157,7217.5,7217.5,7218.5,3927722090.0,3927722090.0,3927722090.0,0.0,3,SUR,-0.7,
TQBR,2021-11-11,ЛУКОЙЛ,LKOH,43105,7698887279.0,7158.0,6969.0,7171.0,7089.0,7055.5,7094.5,1091134,7050.5,7050.5,7089.0,6940456091.0,6940456091.0,6940456091.0,0.0,3,SUR,-0.6,
TQBR,2021-11-12,ЛУКОЙЛ,LKOH,62295,13387901342.5,7061.5,6835.0,7067.0,6910.5,6906.0,6878.0,1938669,6908.5,6908.5,6910.5,12301829613.5,12301829613.5,12301829613.5,0.0,3,SUR,-3.05,
TQBR,2021-11-15,ЛУКОЙЛ,LKOH,30441,6299250183.0,6852.0,6815.0,6979.5,6943.5,6922.0,6918.5,910006,6922.0,6922.0,6943.5,5972749172.5,5972749172.5,5972749172.5,0.0,3,SUR,0.59,
TQBR,2021-11-16,ЛУКОЙЛ,LKOH,29875,5899651163.0,6956.0,6905.0,7006.0,6975.0,6961.0,6946.5,847550,6962.5,6962.5,6975.0,5376836920.0,5376836920.0,5376836920.0,0.0,3,SUR,0.4,
TQBR,2021-11-17,ЛУКОЙЛ,LKOH,40415,7900257055.0,6945.0,6840.0,6950.0,6946.5,6894.5,6884.5,1145790,6895.5,6895.5,6946.5,7220889187.0,7220889187.0,7220889187.0,0.0,3,SUR,-0.89,
TQBR,2021-11-18,ЛУКОЙЛ,LKOH,29270,5572514984.0,6832.0,6783.5,6887.0,6808.0,6838.5,6840.0,815008,6839.5,6839.5,6808.0,4860823197.5,4860823197.5,4860823197.5,0.0,3,SUR,-0.65,
TQBR,2021-11-19,ЛУКОЙЛ,LKOH,41277,9242827134.0,6897.0,6660.0,6902.5,6664.5,6730.0,6709.0,1373425,6732.0,6732.0,6664.5,8604233939.5,8604233939.5,8604233939.5,0.0,3,SUR,-1.92,
TQBR,2021-11-22,ЛУКОЙЛ,LKOH,58649,11602659207.5,6690.0,6532.0,6756.5,6610.0,6617.0,6575.5,1753618,6619.0,6619.0,6610.0,10647771737.5,10647771737.5,10647771737.5,0.0,3,SUR,-1.99,
TQBR,2021-11-23,ЛУКОЙЛ,LKOH,55667,10600226719.5,6551.0,6490.0,6837.0,6751.0,6667.5,6829.5,1589865,6655.0,6655.0,6751.0,9696037105.5,9696037105.5,9696037105.5,0.0,3,SUR,3.86,
TQBR,2021-11-24,ЛУКОЙЛ,LKOH,45063,9327774977.5,6850.5,6686.5,6891.0,6838.5,6791.5,6814.5,1373375,6790.5,6790.5,6838.5,8901013071.5,8901013071.5,8901013071.5,0.0,3,SUR,-0.22,
TQBR,2021-11-25,ЛУКОЙЛ,LKOH,39019,7267457201.0,6814.5,6655.0,6890.5,6678.5,6741.5,6661.5,1077941,6748.0,6748.0,6678.5,6715945297.0,6715945297.0,6715945297.0,0.0,3,SUR,-2.25,
TQBR,2021-11-26,ЛУКОЙЛ,LKOH,74860,14039254853.5,6462.0,6335.5,6516.5,6385.0,6446.0,6374.0,2178016,6450.0,6450.0,6385.0,12901768544.0,12901768544.0,12901768544.0,0.0,3,SUR,-4.32,
TQBR,2021-11-29,ЛУКОЙЛ,LKOH,53892,11963519682.5,6510.0,6480.0,6713.0,6636.5,6606.0,6616.0,1810788,6604.0,6604.0,6636.5,11083537469.5,11083537469.5,11083537469.5,0.0,3,SUR,3.8,
TQBR,2021-11-30,ЛУКОЙЛ,LKOH,60762,17924129598.0,6502.0,6418.5,6688.5,6591.0,6567.5,6513.0,2729250,6575.5,6575.5,6591.0,16287407176.5,16287407176.5,16287407176.5,0.0,3,SUR,-1.56,
TQBR,2021-12-01,ЛУКОЙЛ,LKOH,55906,11602367568.5,6600.0,6543.0,6740.5,6645.0,6661.5,6576.5,1741752,6669.5,6669.5,6645.0,10420787572.0,10420787572.0,10420787572.0,0.0,3,SUR,0.97,
TQBR,2021-12-02,ЛУКОЙЛ,LKOH,43788,9762557650.5,6611.0,6558.0,6768.0,6721.5,6673.5,6732.0,1462843,6669.5,6669.5,6721.5,8918731740.0,8918731740.0,8918731740.0,0.0,3,SUR,2.36,
TQBR,2021-12-03,ЛУКОЙЛ,LKOH,33158,5639545686.5,6751.0,6571.5,6770.0,6668.0,6686.5,6639.5,843400,6701.5,6701.5,6668.0,4678954593.5,4678954593.5,4678954593.5,0.0,3,SUR,-1.37,
TQBR,2021-12-06,ЛУКОЙЛ,LKOH,40116,7770943097.5,6690.0,6500.0,6740.0,6615.5,6615.0,6650.0,1174784,6611.0,6611.0,6615.5,6897420373.0,6897420373.0,6897420373.0,0.0,3,SUR,0.16,
TQBR,2021-12-07,ЛУКОЙЛ,LKOH,51876,14548277665.5,6664.0,6645.0,6766.5,6727.5,6718.5,6720.5,2165697,6720.0,6720.0,6727.5,12795500610.0,12795500610.0,12795500610.0,0.0,3,SUR,1.06,
TQBR,2021-12-08,ЛУКОЙЛ,LKOH,59435,13756999967.5,6721.0,6510.0,6784.5,6518.0,6626.5,6574.5,2076631,6627.0,6627.0,6518.0,12801135103.0,12801135103.0,12801135103.0,0.0,3,SUR,-2.17,
TQBR,2021-12-09,ЛУКОЙЛ,LKOH,36605,8080842859.0,6594.0,6501.5,6636.0,6613.5,6588.0,6619.0,1226562,6587.0,6587.0,6613.5,7503732277.5,7503732277.5,7503732277.5,0.0,3,SUR,0.68,
TQBR,2021-12-10,ЛУКОЙЛ,LKOH,26715,4471002533.5,6624.5,6568.5,6673.0,6597.0,6620.5,6619.5,675348,6621.5,6621.5,6597.0,4031613612.0,4031613612.0,4031613612.0,0.0,3,SUR,0.01,
TQBR,2021-12-13,ЛУКОЙЛ,LKOH,61060,10006699925.5,6630.0,6352.0,6700.0,6390.0,6497.5,6376.0,1539832,6503.0,6503.0,6390.0,8542039891.0,8542039891.0,8542039891.0,0.0,3,SUR,-3.68,
TQBR,2021-12-14,ЛУКОЙЛ,LKOH,67976,13545531534.0,6399.5,5912.5,6628.0,6594.5,6493.5,6592.0,2086361,6523.0,6523.0,6594.5,11226914646.0,11226914646.0,11226914646.0,0.0,3,SUR,3.39,
TQBR,2021-12-15,ЛУКОЙЛ,LKOH,37723,7334725998.0,6591.0,6447.0,6625.0,6499.0,6535.5,6595.0,1122112,6532.0,6532.0,6499.0,5944265724.0,5944265724.0,5944265724.0,0.0,3,SUR,0.05,
TQBR,2021-12-16,ЛУКОЙЛ,LKOH,61277,11756261135.0,6604.5,6595.0,6779.0,6779.0,6707.5,6729.0,1752948,6709.5,6709.5,6779.0,10267689607.5,10267689607.5,10267689607.5,0.0,3,SUR,2.03,
TQBR,2021-12-17,ЛУКОЙЛ,LKOH,50942,13416265031.5,6737.5,6603.5,6765.0,6628.0,6661.5,6670.0,2014454,6659.5,6659.5,6628.0,11856240270.5,11856240270.5,11856240270.5,0.0,3,SUR,-0.88,
TQBR,2021-12-20,ЛУКОЙЛ,LKOH,69170,10877576841.5,6344.0,6237.0,6368.0,6316.5,6304.0,6328.5,1725550,6301.0,6301.0,6316.5,9360890794.0,9360890794.0,9360890794.0,0.0,3,SUR,-5.12,
TQBR,2021-12-21,ЛУКОЙЛ,LKOH,39014,7086546790.5,6350.0,6285.0,6428.0,6316.0,6329.0,6348.5,1119668,6325.5,6325.5,6316.0,6166738208.5,6166738208.5,6166738208.5,0.0,3,SUR,0.32,
TQBR,2021-12-22,ЛУКОЙЛ,LKOH,28265,5332761232.0,6368.5,6319.5,6393.5,6365.0,6356.5,6349.5,838937,6357.5,6357.5,6365.0,4506093618.5,4506093618.5,4506093618.5,0.0,3,SUR,0.02,
TQBR,2021-12-23,ЛУКОЙЛ,LKOH,27025,4208237309.0,6359.0,6285.0,6380.0,6307.0,6324.0,6304.5,665462,6322.5,6322.5,6307.0,3622446304.5,3622446304.5,3622446304.5,0.0,3,SUR,-0.71,
TQBR,2021-12-24,ЛУКОЙЛ,LKOH,20885,2424502670.0,6300.0,6220.5,6328.0,6328.0,6284.0,6313.5,385833,6281.5,6281.5,6328.0,2175300460.0,2175300460.0,2175300460.0,0.0,3,SUR,0.14,
TQBR,2021-12-27,ЛУКОЙЛ,LKOH,21065,3276279729.0,6321.5,6315.0,6398.5,6361.0,6354.0,6397.5,515599,6351.0,6351.0,6361.0,2648092770.0,2648092770.0,2648092770.0,0.0,3,SUR,1.33,
TQBR,2021-12-28,ЛУКОЙЛ,LKOH,39357,6450217371.0,6395.0,6377.0,6559.5,6477.5,6484.5,6478.0,994800,6489.0,6489.0,6477.5,5777002515.0,5777002515.0,5777002515.0,0.0,3,SUR,1.26,
TQBR,2021-12-29,ЛУКОЙЛ,LKOH,30694,5455007323.5,6488.0,6421.0,6525.0,6487.5,6475.5,6516.0,842308,6475.0,6475.0,6487.5,4750660629.0,4750660629.0,4750660629.0,0.0,3,SUR,0.59,
TQBR,2021-12-30,ЛУКОЙЛ,LKOH,24753,5033022870.0,6516.5,6480.0,6597.0,6570.0,6550.5,6573.0,768283,6550.5,6550.5,6570.0,4584339735.5,4584339735.5,4584339735.5,0.0,3,SUR,0.87,
TQBR,2022-01-03,ЛУКОЙЛ,LKOH,28301,4068314285.5,6592.0,6586.0,6705.5,6649.0,6659.5,6683.0,610921,6666.5,6666.5,6649.0,3302554558.0,3302554558.0,3302554558.0,0.0,3,SUR,1.67,
TQBR,2022-01-04,ЛУКОЙЛ,LKOH,24243,3690693844.5,6688.0,6627.0,6741.0,6731.0,6695.5,6728.0,551239,6693.5,6693.5,6731.0,3053130785.5,3053130785.5,3053130785.5,0.0,3,SUR,0.67,
TQBR,2022-01-05,ЛУКОЙЛ,LKOH,37341,6479964870.5,6715.5,6501.0,6755.0,6674.0,6660.5,6522.0,972892,6696.0,6696.0,6674.0,4144608244.5,4144608244.5,4144608244.5,0.0,3,SUR,-3.06,
TQBR,2022-01-06,ЛУКОЙЛ,LKOH,31667,5991768597.5,6530.0,6459.0,6706.0,6661.5,6610.5,6699.0,906403,6610.5,6610.5,6661.5,5050882561.0,5050882561.0,5050882561.0,0.0,3,SUR,2.71,
TQBR,2022-01-07,ЛУКОЙЛ,LKOH,0,0.0,,,,6693.5,,,0,6610.5,6661.5,6693.5,5050882561.0,1125793.5,5050882561.0,0.0,3,SUR,,
TQBR,2022-01-10,ЛУКОЙЛ,LKOH,44912,8383118384.5,6730.0,6650.5,6880.0,6710.0,6768.5,6775.0,1238121,6774.0,6774.0,6710.0,7261473100.5,7261473100.5,7261473100.5,0.0,3,SUR,1.13,
TQBR,2022-01-11,ЛУКОЙЛ,LKOH,31855,6290801628.5,6799.0,6732.5,6850.0,6770.0,6791.5,6816.0,926296,6787.5,6787.5,6770.0,5310540686.5,5310540686.5,5310540686.5,0.0,3,SUR,0.61,
TQBR,2022-01-12,ЛУКОЙЛ,LKOH,48565,8767774553.5,6814.5,6770.0,6969.0,6934.0,6913.5,6960.0,1268243,6915.5,6915.5,6934.0,7798512938.0,7798512938.0,7798512938.0,0.0,3,SUR,2.11,
TQBR,2022-01-13,ЛУКОЙЛ,LKOH,57330,11958036613.0,6927.0,6610.0,6951.5,6636.0,6764.5,6665.0,1767811,6772.0,6772.0,6636.0,10386039366.0,10386039366.0,10386039366.0,0.0,3,SUR,-4.24,
TQBR,2022-01-14,ЛУКОЙЛ,LKOH,67376,13721169516.0,6699.0,6469.0,6791.0,6630.0,6603.0,6659.0,2077166,6599.5,6599.5,6630.0,12084938630.0,12084938630.0,12084938630.0,0.0,3,SUR,-0.09,
TQBR,2022-01-17,ЛУКОЙЛ,LKOH,49827,10384206287.0,6668.0,6445.0,6734.0,6512.5,6572.5,6516.0,1581542,6563.0,6563.0,6512.5,9093299866.5,9093299866.5,9093299866.5,0.0,3,SUR,-2.15,
TQBR,2022-01-18,ЛУКОЙЛ,LKOH,99099,23206910512.0,6548.0,6132.0,6587.0,6151.5,6312.5,6250.0,3676435,6310.0,6310.0,6151.5,20875263993.5,20875263993.5,20875263993.5,0.0,3,SUR,-4.08,
TQBR,2022-01-19,ЛУКОЙЛ,LKOH,94171,20885991769.5,6250.0,6020.0,6670.0,6496.0,6453.5,6494.0,3237227,6492.0,6492.0,6496.0,17847193320.5,17847193320.5,17847193320.5,0.0,3,SUR,3.9,
TQBR,2022-01-20,ЛУКОЙЛ,LKOH,61549,14532458432.5,6549.0,6324.0,6683.0,6510.0,6496.0,6430.0,2237789,6488.0,6488.0,6510.0,12507595817.0,12507595817.0,12507595817.0,0.0,3,SUR,-0.99,
TQBR,2022-01-21,ЛУКОЙЛ,LKOH,53900,12473188618.0,6400.0,6310.0,6514.0,6471.0,6428.0,6420.0,1940586,6432.0,6432.0,6471.0,11084594287.5,11084594287.5,11084594287.5,0.0,3,SUR,-0.16,
TQBR,2022-01-24,ЛУКОЙЛ,LKOH,94008,18335321555.0,6445.0,6078.0,6479.0,6210.0,6245.5,6293.0,2935738,6249.0,6249.0,6210.0,16281406017.5,16281406017.5,16281406017.5,0.0,3,SUR,-1.98,
TQBR,2022-01-25,ЛУКОЙЛ,LKOH,71937,13196587335.5,6270.0,6177.5,6562.5,6352.0,6337.0,6543.0,2082348,6317.0,6317.0,6352.0,10382887500.0,10382887500.0,10382887500.0,0.0,3,SUR,3.97,
TQBR,2022-01-26,ЛУКОЙЛ,LKOH,67532,14643131608.5,6542.0,6405.0,6690.0,6575.0,6581.0,6525.5,2225385,6583.0,6583.0,6575.0,11998145154.5,11998145154.5,11998145154.5,0.0,3,SUR,-0.27,
TQBR,2022-01-27,ЛУКОЙЛ,LKOH,78161,14274953045.0,6498.0,6432.0,6900.0,6809.0,6741.0,6811.5,2117689,6745.5,6745.5,6809.0,12271552438.0,12271552438.0,12271552438.0,0.0,3,SUR,4.38,
TQBR,2022-01-28,ЛУКОЙЛ,LKOH,56056,10838937321.0,6784.0,6755.0,6945.0,6809.0,6839.0,6775.0,1584821,6842.5,6842.5,6809.0,9318229450.0,9318229450.0,9318229450.0,0.0,3,SUR,-0.54,
TQBR,2022-01-31,ЛУКОЙЛ,LKOH,45774,8854018619.5,6810.0,6780.0,6910.0,6829.5,6830.5,6878.0,1296194,6826.0,6826.0,6829.5,7532214658.5,7532214658.5,7532214658.5,0.0,3,SUR,1.52,
TQBR,2022-02-01,ЛУКОЙЛ,LKOH,45890,8531973805.0,6884.0,6826.0,7013.5,6949.5,6940.5,6976.0,1229137,6946.5,6946.5,6949.5,7309146513.5,7309146513.5,7309146513.5,0.0,3,SUR,1.42,
TQBR,2022-02-02,ЛУКОЙЛ,LKOH,42064,6877484289.5,6975.0,6936.0,7050.0,7016.0,6996.5,7040.0,983000,6993.0,6993.0,7016.0,5721981677.5,5721981677.5,5721981677.5,0.0,3,SUR,0.92,
TQBR,2022-02-03,ЛУКОЙЛ,LKOH,49263,9114897322.0,7026.5,6794.5,7030.0,6835.0,6896.0,6865.5,1321908,6893.0,6893.0,6835.0,7671106321.5,7671106321.5,7671106321.5,0.0,3,SUR,-2.48,
TQBR,2022-02-04,ЛУКОЙЛ,LKOH,60246,12297107522.0,6897.0,6892.0,7110.0,6951.5,7010.5,7010.0,1754048,7017.5,7017.5,6951.5,10844269753.5,10844269753.5,10844269753.5,0.0,3,SUR,2.1,
TQBR,2022-02-07,ЛУКОЙЛ,LKOH,34342,6795479194.5,7047.0,6825.5,7060.0,6967.5,6954.5,6988.0,977367,6947.5,6947.5,6967.5,6040962718.5,6040962718.5,6040962718.5,0.0,3,SUR,-0.31,
TQBR,2022-02-08,ЛУКОЙЛ,LKOH,33148,6514277909.5,6985.0,6938.0,7044.0,7010.0,6995.0,6957.5,931306,7001.5,7001.5,7010.0,5107765935.5,5107765935.5,5107765935.5,0.0,3,SUR,-0.44,
TQBR,2022-02-09,ЛУКОЙЛ,LKOH,43454,10771957611.0,6966.5,6900.0,7009.0,7009.0,6962.0,6973.5,1547296,6960.0,6960.0,7009.0,9347325563.0,9347325563.0,9347325563.0,0.0,3,SUR,0.23,
TQBR,2022-02-10,ЛУКОЙЛ,LKOH,41175,9637185960.5,6970.0,6894.0,7084.0,7050.0,6986.5,6984.5,1378641,6986.0,6986.0,7050.0,8276541472.5,8276541472.5,8276541472.5,0.0,3,SUR,0.16,
TQBR,2022-02-11,ЛУКОЙЛ,LKOH,66952,12886377636.5,6960.0,6624.5,7000.0,6861.0,6822.5,6707.5,1888816,6848.0,6848.0,6861.0,9243025629.5,9243025629.5,9243025629.5,0.0,3,SUR,-3.97,
TQBR,2022-02-14,ЛУКОЙЛ,LKOH,65148,13163255380.0,6684.0,6524.5,6885.0,6800.5,6750.0,6796.0,1950018,6754.0,6754.0,6800.5,10141902059.0,10141902059.0,10141902059.0,0.0,3,SUR,1.32,
TQBR,2022-02-15,ЛУКОЙЛ,LKOH,54328,12422532448.0,6840.0,6783.0,7077.5,6982.0,6983.0,6979.0,1778946,6990.5,6990.5,6982.0,11256204967.5,11256204967.5,11256204967.5,0.0,3,SUR,2.69,
TQBR,2022-02-16,ЛУКОЙЛ,LKOH,42778,8227240915.5,7028.0,6902.5,7068.0,6994.0,6972.0,6970.0,1180028,6965.5,6965.5,6994.0,6739477966.5,6739477966.5,6739477966.5,0.0,3,SUR,-0.13,
TQBR,2022-02-17,ЛУКОЙЛ,LKOH,61418,11769951469.5,6956.5,6650.0,6968.0,6691.0,6764.0,6733.0,1740140,6750.5,6750.5,6691.0,9673545779.5,9673545779.5,9673545779.5,0.0,3,SUR,-3.4,
TQBR,2022-02-18,ЛУКОЙЛ,LKOH,67318,11216107500.0,6739.0,6415.0,6832.0,6549.0,6599.5,6456.5,1700147,6606.5,6606.5,6549.0,9085311573.0,9085311573.0,9085311573.0,0.0,3,SUR,-4.11,
TQBR,2022-02-21,ЛУКОЙЛ,LKOH,190430,27804252194.0,6480.0,5609.5,6649.0,6010.0,6126.5,5810.0,4538212,6164.5,6164.5,6010.0,22070821791.5,22070821791.5,22070821791.5,0.0,3,SUR,-10.01,
TQBR,2022-02-22,ЛУКОЙЛ,LKOH,217983,33796896837.5,5805.0,5479.0,6050.0,5970.0,5726.0,6020.0,5901625,5693.0,5693.0,5970.0,27502425858.5,27502425858.5,27502425858.5,0.0,3,SUR,3.61,
TQBR,2022-02-23,ЛУКОЙЛ,LKOH,0,0.0,,,,6011.5,,,0,5693.0,5970.0,6011.5,27502425858.5,1534290.0,27502425858.5,0.0,3,SUR,,
TQBR,2022-02-24,ЛУКОЙЛ,LKOH,209870,19442324890.0,5410.5,3019.5,5410.5,4000.0,4121.0,4650.0,4692673,4038.0,4038.0,4000.0,15340183179.5,15340183179.5,15340183179.5,0.0,3,SUR,-22.76,
TQBR,2022-02-25,ЛУКОЙЛ,LKOH,101828,10098149463.0,4400.0,4400.0,5360.0,5153.5,5000.5,4915.0,2013374,5021.5,5021.5,5153.5,9234197141.0,9234197141.0,9234197141.0,0.0,3,SUR,5.7,
TQBR,2022-02-28,ЛУКОЙЛ,LKOH,0,0.0,,,,4921.0,,,0,5021.5,5153.5,4921.0,9234197141.0,1649120.0,9234197141.0,0.0,3,SUR,,
TQBR,2022-03-01,ЛУКОЙЛ,LKOH,0,0.0,,,,4921.0,,,0,5021.5,5153.5,4921.0,9234197141.0,1649120.0,9234197141.0,0.0,3,SUR,,
TQBR,2022-03-02,ЛУКОЙЛ,LKOH,0,0.0,,,,4921.0,,,0,4359.0,5153.5,4921.0,24574380320.5,1649120.0,24574380320.5,0.0,3,SUR,,
TQBR,2022-03-03,ЛУКОЙЛ,LKOH,0,0.0,,,,4921.0,,,0,5021.5,5153.5,4921.0,9234197141.0,1649120.0,9234197141.0,0.0,3,SUR,,
TQBR,2022-03-04,ЛУКОЙЛ,LKOH,0,0.0,,,,4921.0,,,0,5277.5,5153.5,4921.0,74147627971.0,1649120.0,74147627971.0,0.0,3,SUR,,
TQBR,2022-03-09,ЛУКОЙЛ,LKOH,0,0.0,,,,4921.0,,,0,4974.5,5153.5,4921.0,52076806179.0,1649120.0,52076806179.0,0.0,3,SUR,,
TQBR,2022-03-10,ЛУКОЙЛ,LKOH,0,0.0,,,,4921.0,,,0,4359.0,5153.5,4921.0,24574380320.5,1649120.0,24574380320.5,0.0,3,SUR,,
TQBR,2022-03-11,ЛУКОЙЛ,LKOH,0,0.0,,,,4921.0,,,0,4359.0,5153.5,4921.0,24574380320.5,1649120.0,24574380320.5,0.0,3,SUR,,
TQBR,2022-03-14,ЛУКОЙЛ,LKOH,0,0.0,,,,4921.0,,,0,5021.5,5153.5,4921.0,9234197141.0,1649120.0,9234197141.0,0.0,3,SUR,,
TQBR,2022-03-15,ЛУКОЙЛ,LKOH,0,0.0,,,,4921.0,,,0,,5153.5,4921.0,0.0,1649120.0,0.0,0.0,3,SUR,,
TQBR,2022-03-16,ЛУКОЙЛ,LKOH,0,0.0,,,,4921.0,,,0,,5153.5,4921.0,0.0,1649120.0,0.0,0.0,3,SUR,,
TQBR,2022-03-17,ЛУКОЙЛ,LKOH,0,0.0,,,,4921.0,,,0,,5153.5,4921.0,0.0,1649120.0,0.0,0.0,3,SUR,,
TQBR,2022-03-18,ЛУКОЙЛ,LKOH,0,0.0,,,,4921.0,,,0,,5153.5,4921.0,0.0,1649120.0,0.0,0.0,3,SUR,,
TQBR,2022-03-21,ЛУКОЙЛ,LKOH,0,0.0,,,,4921.0,,,0,,5153.5,4921.0,0.0,1649120.0,0.0,0.0,3,SUR,,
TQBR,2022-03-22,ЛУКОЙЛ,LKOH,0,0.0,,,,4921.0,,,0,,5153.5,4921.0,0.0,1649120.0,0.0,0.0,3,SUR,,
TQBR,2022-03-23,ЛУКОЙЛ,LKOH,0,0.0,,,,4921.0,,,0,,5153.5,4921.0,0.0,1649120.0,0.0,0.0,3,SUR,,
TQBR,2022-03-24,ЛУКОЙЛ,LKOH,78622,6814309072.0,5302.5,5300.0,5993.0,5525.0,5663.5,5525.0,1203273,5663.0,5663.0,5525.0,6814309072.0,6814309072.0,6814309072.0,0.0,3,SUR,12.41,
TQBR,2022-03-25,ЛУКОЙЛ,LKOH,49809,4627299784.5,5600.0,5022.0,5761.0,5206.0,5287.5,5206.0,875180,5287.5,5287.5,5206.0,4627299784.5,4627299784.5,4627299784.5,0.0,3,SUR,-5.77,
TQBR,2022-03-28,ЛУКОЙЛ,LKOH,22470,1163852904.5,5200.0,4915.0,5200.0,5118.0,5085.5,5118.0,228856,5085.5,5085.5,5118.0,1163852904.5,1163852904.5,1163852904.5,0.0,3,SUR,-1.69,
TQBR,2022-03-29,ЛУКОЙЛ,LKOH,43674,3213395124.0,5118.0,4800.0,5350.0,4922.0,5003.0,4922.0,642270,5003.0,5003.0,4922.0,3213395124.0,3213395124.0,3213395124.0,0.0,3,SUR,-3.83,
TQBR,2022-03-30,ЛУКОЙЛ,LKOH,19965,1453478559.0,5050.0,5000.0,5140.0,5140.0,5041.0,5140.0,287528,5055.0,5055.0,5140.0,1453478559.0,1453478559.0,1453478559.0,0.0,3,SUR,4.43,
TQBR,2022-03-31,ЛУКОЙЛ,LKOH,39861,2501517955.5,5120.0,5100.0,5680.0,5680.0,5343.5,5680.0,469075,5333.0,5333.0,5680.0,2501517955.5,2501517955.5,2501517955.5,0.0,3,SUR,10.51,
TQBR,2022-04-01,ЛУКОЙЛ,LKOH,38387,2214141019.0,5660.0,5450.0,5868.0,5601.0,5742.0,5601.0,385732,5740.0,5740.0,5601.0,2214141019.0,2214141019.0,2214141019.0,0.0,3,SUR,-1.39,
TQBR,2022-04-04,ЛУКОЙЛ,LKOH,27689,1688768272.0,5698.0,5395.0,5750.0,5557.0,5551.5,5557.0,304176,5552.0,5552.0,5557.0,1688768272.0,1688768272.0,1688768272.0,0.0,3,SUR,-0.79,
TQBR,2022-04-05,ЛУКОЙЛ,LKOH,23296,1332293772.0,5574.0,5220.0,5590.0,5314.0,5438.0,5314.0,245013,5437.5,5437.5,5314.0,1332293772.0,1332293772.0,1332293772.0,0.0,3,SUR,-4.37,
TQBR,2022-04-06,ЛУКОЙЛ,LKOH,16689,1056922621.0,5314.0,5224.5,5514.0,5266.0,5410.5,5266.0,195342,5410.5,5410.5,5266.0,1056922621.0,1056922621.0,1056922621.0,0.0,3,SUR,-0.9,
TQBR,2022-04-07,ЛУКОЙЛ,LKOH,18207,1397918669.5,5260.0,5240.0,5356.0,5280.0,5282.0,5280.0,264677,5281.5,5281.5,5280.0,1397918669.5,1397918669.5,1397918669.5,0.0,3,SUR,0.27,
TQBR,2022-04-08,ЛУКОЙЛ,LKOH,18553,1035411888.5,5299.5,5087.0,5319.5,5226.5,5185.0,5226.5,199667,5185.5,5185.5,5226.5,1035411888.5,1035411888.5,1035411888.5,0.0,3,SUR,-1.01,
TQBR,2022-04-11,ЛУКОЙЛ,LKOH,15641,765009318.5,5225.0,5184.0,5385.0,5190.0,5289.5,5190.0,144622,5289.5,5289.5,5190.0,765009318.5,765009318.5,765009318.5,0.0,3,SUR,-0.7,
TQBR,2022-04-12,ЛУКОЙЛ,LKOH,17657,1120683236.5,5200.0,5026.0,5250.0,5145.0,5096.5,5145.0,219888,5096.5,5096.5,5145.0,1120683236.5,1120683236.5,1120683236.5,0.0,3,SUR,-0.87,
TQBR,2022-04-13,ЛУКОЙЛ,LKOH,16211,825571286.5,5179.5,5056.0,5209.0,5106.0,5129.5,5106.0,160929,5130.0,5130.0,5106.0,825571286.5,825571286.5,825571286.5,0.0,3,SUR,-0.76,
TQBR,2022-04-14,ЛУКОЙЛ,LKOH,20735,989963227.5,5115.5,4862.0,5120.0,4879.5,4971.5,4879.5,199123,4971.5,4971.5,4879.5,989963227.5,989963227.5,989963227.5,0.0,3,SUR,-4.44,
TQBR,2022-04-15,ЛУКОЙЛ,LKOH,16515,735527773.5,4879.0,4800.0,4956.0,4893.0,4860.5,4893.0,151321,4860.5,4860.5,4893.0,735527773.5,735527773.5,735527773.5,0.0,3,SUR,0.28,
TQBR,2022-04-18,ЛУКОЙЛ,LKOH,36007,1890870624.5,4913.0,4524.0,4948.0,4549.0,4601.5,4549.0,407463,4640.5,4640.5,4549.0,1890870624.5,1890870624.5,1890870624.5,0.0,3,SUR,-7.03,
TQBR,2022-04-19,ЛУКОЙЛ,LKOH,51656,3050932168.5,4592.0,4108.0,4592.0,4485.0,4321.5,4485.0,708763,4304.5,4304.5,4485.0,3050932168.5,3050932168.5,3050932168.5,0.0,3,SUR,-1.41,
TQBR,2022-04-20,ЛУКОЙЛ,LKOH,39738,3179975168.5,4498.5,4215.5,4536.0,4310.0,4412.0,4310.0,726085,4379.5,4379.5,4310.0,3179975168.5,3179975168.5,3179975168.5,0.0,3,SUR,-3.9,
TQBR,2022-04-21,ЛУКОЙЛ,LKOH,83222,4985711071.5,4331.5,3910.0,4340.0,3974.0,4081.5,3974.0,1217428,4095.5,4095.5,3974.0,4985711071.5,4985711071.5,4985711071.5,0.0,3,SUR,-7.8,
TQBR,2022-04-22,ЛУКОЙЛ,LKOH,114895,6356485536.0,3974.0,3682.0,4044.0,3828.0,3875.5,3828.0,1648909,3855.0,3855.0,3828.0,6356485536.0,6356485536.0,6356485536.0,0.0,3,SUR,-3.67,
TQBR,2022-04-25,ЛУКОЙЛ,LKOH,44858,2175604500.0,3828.0,3710.5,3994.0,3931.0,3875.5,3931.0,560388,3882.5,3882.5,3931.0,2175604500.0,2175604500.0,2175604500.0,0.0,3,SUR,2.69,
TQBR,2022-04-26,ЛУКОЙЛ,LKOH,79327,5762371808.0,3970.5,3960.5,4587.5,4292.0,4257.5,4292.0,1354489,4254.5,4254.5,4292.0,5762371808.0,5762371808.0,5762371808.0,0.0,3,SUR,9.18,
TQBR,2022-04-27,ЛУКОЙЛ,LKOH,51852,3480994204.5,4325.0,4276.0,4559.0,4550.0,4440.5,4550.0,783960,4440.5,4440.5,4550.0,3480994204.5,3480994204.5,3480994204.5,0.0,3,SUR,6.01,
TQBR,2022-04-28,ЛУКОЙЛ,LKOH,57665,4185700996.0,4551.0,4318.0,4740.0,4381.0,4524.5,4381.0,923456,4532.5,4532.5,4381.0,4185700996.0,4185700996.0,4185700996.0,0.0,3,SUR,-3.71,
TQBR,2022-04-29,ЛУКОЙЛ,LKOH,48785,3959317350.5,4410.0,4380.0,4717.0,4699.5,4569.0,4699.5,865620,4574.0,4574.0,4699.5,3959317350.5,3959317350.5,3959317350.5,0.0,3,SUR,7.27,
TQBR,2022-05-04,ЛУКОЙЛ,LKOH,31317,2052932625.5,4747.0,4526.0,4772.5,4552.0,4622.5,4552.0,443415,4630.0,4630.0,4552.0,2052932625.5,2052932625.5,2052932625.5,0.0,3,SUR,-3.14,
TQBR,2022-05-05,ЛУКОЙЛ,LKOH,18549,1071142744.5,4602.0,4600.5,4689.5,4675.0,4650.0,4675.0,230329,4650.5,4650.5,4675.0,1071142744.5,1071142744.5,1071142744.5,0.0,3,SUR,2.7,
TQBR,2022-05-06,ЛУКОЙЛ,LKOH,16493,1743649657.5,4689.0,4568.0,4690.0,4635.5,4637.0,4635.5,376027,4637.0,4637.0,4635.5,1743649657.5,1743649657.5,1743649657.5,0.0,3,SUR,-0.84,
TQBR,2022-05-11,ЛУКОЙЛ,LKOH,22029,1115880659.5,4640.0,4539.0,4699.0,4600.0,4607.0,4600.0,242217,4607.0,4607.0,4600.0,1115880659.5,1115880659.5,1115880659.5,0.0,3,SUR,-0.77,
TQBR,2022-05-12,ЛУКОЙЛ,LKOH,35851,2342346597.5,4550.0,4325.5,4581.0,4362.5,4459.0,4362.5,525898,4454.0,4454.0,4362.5,2342346597.5,2342346597.5,2342346597.5,0.0,3,SUR,-5.16,
TQBR,2022-05-13,ЛУКОЙЛ,LKOH,22518,1189852862.5,4400.0,4300.0,4439.0,4380.0,4373.0,4380.0,272066,4373.5,4373.5,4380.0,1189852862.5,1189852862.5,1189852862.5,0.0,3,SUR,0.4,
TQBR,2022-05-16,ЛУКОЙЛ,LKOH,59828,5201272284.5,4380.0,4380.0,4669.5,4523.5,4573.0,4523.5,1136184,4578.0,4578.0,4523.5,5201272284.5,5201272284.5,5201272284.5,0.0,3,SUR,3.28,
TQBR,2022-05-17,ЛУКОЙЛ,LKOH,34012,1752876711.0,4543.0,4400.0,4589.0,4500.0,4511.0,4500.0,388536,4511.5,4511.5,4500.0,1752876711.0,1752876711.0,1752876711.0,0.0,3,SUR,-0.52,
TQBR,2022-05-18,ЛУКОЙЛ,LKOH,18642,1240052723.0,4520.0,4480.0,4565.0,4483.5,4528.5,4483.5,273956,4526.5,4526.5,4483.5,1240052723.0,1240052723.0,1240052723.0,0.0,3,SUR,-0.37,
TQBR,2022-05-19,ЛУКОЙЛ,LKOH,18061,1015947034.5,4483.5,4381.5,4509.5,4415.5,4420.5,4415.5,229822,4420.5,4420.5,4415.5,1015947034.5,1015947034.5,1015947034.5,0.0,3,SUR,-1.52,
TQBR,2022-05-20,ЛУКОЙЛ,LKOH,26606,1319044250.0,4419.0,4258.0,4449.0,4279.0,4321.5,4279.0,304795,4327.5,4327.5,4279.0,1319044250.0,1319044250.0,1319044250.0,0.0,3,SUR,-3.09,
TQBR,2022-05-23,ЛУКОЙЛ,LKOH,30348,1382147486.5,4305.0,4031.0,4350.0,4050.0,4149.0,4050.0,332955,4151.0,4151.0,4050.0,1382147486.5,1382147486.5,1382147486.5,0.0,3,SUR,-5.35,
TQBR,2022-05-24,ЛУКОЙЛ,LKOH,46505,1993906554.5,4050.0,3882.0,4062.5,3942.0,3969.0,3942.0,501949,3972.5,3972.5,3942.0,1993906554.5,1993906554.5,1993906554.5,0.0,3,SUR,-2.67,
TQBR,2022-05-25,ЛУКОЙЛ,LKOH,30051,1380038222.0,3999.0,3975.0,4148.0,4148.0,4067.0,4148.0,339337,4067.0,4067.0,4148.0,1380038222.0,1380038222.0,1380038222.0,0.0,3,SUR,5.23,
TQBR,2022-05-26,ЛУКОЙЛ,LKOH,37477,2061383969.5,4160.0,4085.0,4298.5,4263.0,4222.5,4263.0,488502,4220.0,4220.0,4263.0,2061383969.5,2061383969.5,2061383969.5,0.0,3,SUR,2.77,
TQBR,2022-05-27,ЛУКОЙЛ,LKOH,34907,2047238025.0,4285.0,4255.0,4359.5,4290.0,4310.0,4290.0,475101,4309.0,4309.0,4290.0,2047238025.0,2047238025.0,2047238025.0,0.0,3,SUR,0.63,
TQBR,2022-05-30,ЛУКОЙЛ,LKOH,31992,1751508661.0,4351.0,4100.0,4380.0,4220.0,4212.0,4220.0,415915,4211.0,4211.0,4220.0,1751508661.0,1751508661.0,1751508661.0,0.0,3,SUR,-1.63,
TQBR,2022-05-31,ЛУКОЙЛ,LKOH,26853,1248218857.5,4180.0,4043.0,4199.0,4061.5,4092.0,4061.5,305244,4089.0,4089.0,4061.5,1248218857.5,1248218857.5,1248218857.5,0.0,3,SUR,-3.76,
TQBR,2022-06-01,ЛУКОЙЛ,LKOH,25181,1521563560.5,4050.0,4003.0,4125.0,4074.0,4080.0,4074.0,373116,4078.0,4078.0,4074.0,1521563560.5,1521563560.5,1521563560.5,0.0,3,SUR,0.31,
TQBR,2022-06-02,ЛУКОЙЛ,LKOH,24646,1266559211.5,4078.0,3993.0,4085.5,4035.0,4030.5,4035.0,314254,4030.5,4030.5,4035.0,1266559211.5,1266559211.5,1266559211.5,0.0,3,SUR,-0.96,
TQBR,2022-06-03,ЛУКОЙЛ,LKOH,29425,1351007569.0,4040.0,3930.0,4070.0,3980.5,3978.0,3980.5,339606,3978.0,3978.0,3980.5,1351007569.0,1351007569.0,1351007569.0,0.0,3,SUR,-1.35,
TQBR,2022-06-06,ЛУКОЙЛ,LKOH,25419,1156440686.5,3985.0,3927.0,4028.0,3940.0,3970.5,3940.0,291266,3970.5,3970.5,3940.0,1156440686.5,1156440686.5,1156440686.5,0.0,3,SUR,-1.02,
TQBR,2022-06-07,ЛУКОЙЛ,LKOH,35553,1782515545.0,3940.0,3816.0,3970.0,3959.5,3894.5,3959.5,457704,3894.5,3894.5,3959.5,1782515545.0,1782515545.0,1782515545.0,0.0,3,SUR,0.49,
TQBR,2022-06-08,ЛУКОЙЛ,LKOH,30857,1742921451.5,3968.0,3864.0,4050.0,3945.5,3987.0,3945.5,437125,3987.0,3987.0,3945.5,1742921451.5,1742921451.5,1742921451.5,0.0,3,SUR,-0.35,
TQBR,2022-06-09,ЛУКОЙЛ,LKOH,24324,1125731944.0,3954.0,3865.0,3956.5,3876.0,3891.0,3876.0,289287,3891.5,3891.5,3876.0,1125731944.0,1125731944.0,1125731944.0,0.0,3,SUR,-1.76,
TQBR,2022-06-10,ЛУКОЙЛ,LKOH,24725,1401695093.5,3865.0,3830.0,3903.0,3898.0,3867.5,3898.0,362443,3867.5,3867.5,3898.0,1401695093.5,1401695093.5,1401695093.5,0.0,3,SUR,0.57,
TQBR,2022-06-14,ЛУКОЙЛ,LKOH,24024,1162724098.5,3881.0,3846.0,3927.5,3891.5,3883.5,3891.5,299314,3884.5,3884.5,3891.5,1162724098.5,1162724098.5,1162724098.5,0.0,3,SUR,-0.17,
TQBR,2022-06-15,ЛУКОЙЛ,LKOH,41381,2909752432.5,3880.0,3880.0,4125.0,4115.0,4011.5,4115.0,725308,4011.5,4011.5,4115.0,2909752432.5,2909752432.5,2909752432.5,0.0,3,SUR,5.74,
TQBR,2022-06-16,ЛУКОЙЛ,LKOH,66674,4596571110.0,4116.5,4105.0,4300.0,4261.5,4219.5,4261.5,1089748,4218.0,4218.0,4261.5,4596571110.0,4596571110.0,4596571110.0,0.0,3,SUR,3.56,
TQBR,2022-06-17,ЛУКОЙЛ,LKOH,34454,2113654624.5,4289.5,4137.0,4326.0,4182.0,4238.0,4182.0,499050,4235.5,4235.5,4182.0,2113654624.5,2113654624.5,2113654624.5,0.0,3,SUR,-1.87,
TQBR,2022-06-20,ЛУКОЙЛ,LKOH,37360,1937251058.0,4202.0,4128.0,4245.0,4209.5,4202.0,4209.5,461006,4202.0,4202.0,4209.5,1937251058.0,1937251058.0,1937251058.0,0.0,3,SUR,0.66,
TQBR,2022-06-21,ЛУКОЙЛ,LKOH,39295,2449192293.5,4239.0,4031.5,4279.5,4045.0,4148.5,4045.0,590551,4147.5,4147.5,4045.0,2449192293.5,2449192293.5,2449192293.5,0.0,3,SUR,-3.91,
TQBR,2022-06-22,ЛУКОЙЛ,LKOH,46953,3033661367.5,3990.0,3932.5,4179.5,4139.0,4072.5,4139.0,745924,4067.0,4067.0,4139.0,3033661367.5,3033661367.5,3033661367.5,0.0,3,SUR,2.32,
TQBR,2022-06-23,ЛУКОЙЛ,LKOH,27248,2734069906.0,4140.5,4076.5,4207.0,4150.0,4160.5,4150.0,657194,4160.0,4160.0,4150.0,2734069906.0,2734069906.0,2734069906.0,0.0,3,SUR,0.27,
TQBR,2022-06-24,ЛУКОЙЛ,LKOH,21965,1287037782.5,4149.0,4044.5,4160.0,4100.0,4110.5,4100.0,314432,4093.0,4093.0,4100.0,1287037782.5,1287037782.5,1287037782.5,0.0,3,SUR,-1.2,
TQBR,2022-06-27,ЛУКОЙЛ,LKOH,15866,916201820.5,4100.0,4056.0,4120.0,4100.0,4098.5,4100.0,223537,4098.5,4098.5,4100.0,916201820.5,916201820.5,916201820.5,0.0,3,SUR,0.0,
TQBR,2022-06-28,ЛУКОЙЛ,LKOH,27036,1591190201.0,4109.5,3983.0,4109.5,3989.5,4036.5,3989.5,394209,4036.5,4036.5,3989.5,1591190201.0,1591190201.0,1591190201.0,0.0,3,SUR,-2.7,
TQBR,2022-06-29,ЛУКОЙЛ,LKOH,34927,1769675697.0,3980.0,3920.5,4078.0,4015.0,3998.5,4015.0,442797,3996.5,3996.5,4015.0,1769675697.0,1769675697.0,1769675697.0,0.0,3,SUR,0.64,
TQBR,2022-06-30,ЛУКОЙЛ,LKOH,55042,2977542713.5,4000.0,3865.0,4056.5,3905.0,3960.5,3905.0,751500,3962.0,3962.0,3905.0,2977542713.5,2977542713.5,2977542713.5,0.0,3,SUR,-2.74,
TQBR,2022-07-01,ЛУКОЙЛ,LKOH,33418,1995358044.0,3915.0,3876.0,4002.5,3944.0,3955.5,3944.0,504465,3955.5,3955.5,3944.0,1995358044.0,1995358044.0,1995358044.0,0.0,3,SUR,1.0,
TQBR,2022-07-04,ЛУКОЙЛ,LKOH,34424,1688102730.5,3946.0,3944.0,4095.0,3949.5,4009.0,3949.5,421077,4009.0,4009.0,3949.5,1688102730.5,1688102730.5,1688102730.5,0.0,3,SUR,0.14,
TQBR,2022-07-05,ЛУКОЙЛ,LKOH,30289,1760896813.5,3950.5,3905.0,4048.0,4015.0,3976.0,4015.0,442662,3978.0,3978.0,4015.0,1760896813.5,1760896813.5,1760896813.5,0.0,3,SUR,1.66,
TQBR,2022-07-06,ЛУКОЙЛ,LKOH,37892,2443548291.0,4000.0,3945.0,4150.0,3962.0,4048.0,3962.0,603617,4048.0,4048.0,3962.0,2443548291.0,2443548291.0,2443548291.0,0.0,3,SUR,-1.32,
TQBR,2022-07-07,ЛУКОЙЛ,LKOH,23496,1347187280.5,3963.0,3940.0,4010.0,3956.0,3966.5,3956.0,339571,3967.5,3967.5,3956.0,1347187280.5,1347187280.5,1347187280.5,0.0,3,SUR,-0.15,
TQBR,2022-07-08,ЛУКОЙЛ,LKOH,25199,1411795022.5,3959.5,3902.5,3980.0,3911.0,3925.5,3911.0,359490,3927.0,3927.0,3911.0,1411795022.5,1411795022.5,1411795022.5,0.0,3,SUR,-1.14,
TQBR,2022-07-11,ЛУКОЙЛ,LKOH,41502,2077150988.0,3900.0,3802.5,3920.0,3848.5,3849.0,3848.5,539588,3849.5,3849.5,3848.5,2077150988.0,2077150988.0,2077150988.0,0.0,3,SUR,-1.6,
TQBR,2022-07-12,ЛУКОЙЛ,LKOH,39922,1892844468.0,3830.0,3713.0,3846.0,3752.0,3767.0,3752.0,502248,3768.5,3768.5,3752.0,1892844468.0,1892844468.0,1892844468.0,0.0,3,SUR,-2.51,
TQBR,2022-07-13,ЛУКОЙЛ,LKOH,45756,2146799406.0,3757.0,3619.0,3767.0,3645.5,3666.5,3645.5,585484,3666.5,3666.5,3645.5,2146799406.0,2146799406.0,2146799406.0,0.0,3,SUR,-2.84,
TQBR,2022-07-14,ЛУКОЙЛ,LKOH,48380,2216859675.0,3645.5,3551.0,3710.0,3608.0,3633.5,3608.0,610142,3633.5,3633.5,3608.0,2216859675.0,2216859675.0,2216859675.0,0.0,3,SUR,-1.03,
TQBR,2022-07-15,ЛУКОЙЛ,LKOH,26308,1683420511.0,3643.5,3580.0,3710.0,3709.0,3646.5,3709.0,461637,3646.5,3646.5,3709.0,1683420511.0,1683420511.0,1683420511.0,0.0,3,SUR,2.8,
TQBR,2022-07-18,ЛУКОЙЛ,LKOH,31659,1416161571.0,3721.0,3613.0,3777.0,3645.0,3667.5,3645.0,386000,3669.0,3669.0,3645.0,1416161571.0,1416161571.0,1416161571.0,0.0,3,SUR,-1.73,
TQBR,2022-07-19,ЛУКОЙЛ,LKOH,26152,1103271430.5,3645.0,3567.0,3654.5,3600.0,3596.0,3600.0,306816,3596.0,3596.0,3600.0,1103271430.5,1103271430.5,1103271430.5,0.0,3,SUR,-1.23,
TQBR,2022-07-20,ЛУКОЙЛ,LKOH,24084,1266720328.5,3601.0,3556.5,3664.0,3580.0,3613.0,3580.0,350246,3616.5,3616.5,3580.0,1266720328.5,1266720328.5,1266720328.5,0.0,3,SUR,-0.56,
TQBR,2022-07-21,ЛУКОЙЛ,LKOH,30383,1712797049.0,3577.0,3482.5,3577.5,3539.5,3524.5,3539.5,485936,3524.5,3524.5,3539.5,1712797049.0,1712797049.0,1712797049.0,0.0,3,SUR,-1.13,
TQBR,2022-07-22,ЛУКОЙЛ,LKOH,32051,2085092149.5,3552.0,3551.0,3688.0,3688.0,3625.0,3688.0,575224,3625.0,3625.0,3688.0,2085092149.5,2085092149.5,2085092149.5,0.0,3,SUR,4.2,
TQBR,2022-07-25,ЛУКОЙЛ,LKOH,21990,1359117735.0,3672.0,3637.0,3709.5,3669.0,3676.0,3669.0,369717,3676.0,3676.0,3669.0,1359117735.0,1359117735.0,1359117735.0,0.0,3,SUR,-0.52,
TQBR,2022-07-26,ЛУКОЙЛ,LKOH,31762,2036729705.0,3694.0,3675.5,3825.0,3825.0,3743.0,3825.0,544414,3741.0,3741.0,3825.0,2036729705.0,2036729705.0,2036729705.0,0.0,3,SUR,4.25,
TQBR,2022-07-27,ЛУКОЙЛ,LKOH,26255,1879332980.0,3850.0,3810.0,3878.0,3847.5,3846.0,3847.5,488725,3845.5,3845.5,3847.5,1879332980.0,1879332980.0,1879332980.0,0.0,3,SUR,0.59,
TQBR,2022-07-28,ЛУКОЙЛ,LKOH,24377,1614444718.5,3870.0,3770.0,3885.0,3831.0,3817.0,3831.0,423004,3816.5,3816.5,3831.0,1614444718.5,1614444718.5,1614444718.5,0.0,3,SUR,-0.43,
TQBR,2022-07-29,ЛУКОЙЛ,LKOH,18505,1062685598.0,3830.0,3809.5,3880.0,3877.0,3851.0,3877.0,275990,3850.5,3850.5,3877.0,1062685598.0,1062685598.0,1062685598.0,0.0,3,SUR,1.2,
TQBR,2022-08-01,ЛУКОЙЛ,LKOH,60907,3999700998.5,3883.0,3825.5,4030.0,3931.0,3960.0,3931.0,1010266,3959.0,3959.0,3931.0,3999700998.5,3999700998.5,3999700998.5,0.0,3,SUR,1.39,
TQBR,2022-08-02,ЛУКОЙЛ,LKOH,38485,2262855436.0,3930.5,3795.0,3965.5,3823.0,3863.5,3823.0,585713,3863.5,3863.5,3823.0,2262855436.0,2262855436.0,2262855436.0,0.0,3,SUR,-2.75,
TQBR,2022-08-03,ЛУКОЙЛ,LKOH,18990,1520968106.5,3823.0,3784.0,3855.0,3799.0,3817.0,3799.0,398600,3816.0,3816.0,3799.0,1520968106.5,1520968106.5,1520968106.5,0.0,3,SUR,-0.63,
TQBR,2022-08-04,ЛУКОЙЛ,LKOH,23456,1403285748.5,3800.0,3712.0,3816.0,3720.0,3746.5,3720.0,374530,3747.0,3747.0,3720.0,1403285748.5,1403285748.5,1403285748.5,0.0,3,SUR,-2.08,
TQBR,2022-08-05,ЛУКОЙЛ,LKOH,27887,1400989419.5,3720.0,3659.5,3746.0,3679.5,3692.5,3679.5,379687,3690.0,3690.0,3679.5,1400989419.5,1400989419.5,1400989419.5,0.0,3,SUR,-1.09,
TQBR,2022-08-08,ЛУКОЙЛ,LKOH,28831,1340422164.0,3779.0,3720.0,3819.0,3720.0,3762.5,3720.0,356659,3758.5,3758.5,3720.0,1340422164.0,1340422164.0,1340422164.0,0.0,3,SUR,1.1,
TQBR,2022-08-09,ЛУКОЙЛ,LKOH,29263,1735818378.5,3720.0,3701.5,3895.0,3895.0,3800.5,3895.0,456809,3800.0,3800.0,3895.0,1735818378.5,1735818378.5,1735818378.5,0.0,3,SUR,4.7,
TQBR,2022-08-10,ЛУКОЙЛ,LKOH,30575,1750500361.0,3895.0,3825.0,3910.0,3890.0,3866.0,3890.0,452727,3866.5,3866.5,3890.0,1750500361.0,1750500361.0,1750500361.0,0.0,3,SUR,-0.13,
TQBR,2022-08-11,ЛУКОЙЛ,LKOH,27207,1964647024.0,3899.0,3875.0,3963.0,3925.0,3921.5,3925.0,500967,3921.5,3921.5,3925.0,1964647024.0,1964647024.0,1964647024.0,0.0,3,SUR,0.9,
TQBR,2022-08-12,ЛУКОЙЛ,LKOH,23353,1576116769.0,3935.0,3901.0,3979.0,3940.5,3946.0,3940.5,399401,3946.0,3946.0,3940.5,1576116769.0,1576116769.0,1576116769.0,0.0,3,SUR,0.39,
TQBR,2022-08-15,ЛУКОЙЛ,LKOH,21914,1361112624.5,3945.0,3904.5,4005.0,3959.0,3946.5,3959.0,344898,3946.5,3946.5,3959.0,1361112624.5,1361112624.5,1361112624.5,0.0,3,SUR,0.47,
TQBR,2022-08-16,ЛУКОЙЛ,LKOH,23202,1721794588.0,3977.0,3936.0,4025.0,4018.0,3988.0,4018.0,431901,3986.5,3986.5,4018.0,1721794588.0,1721794588.0,1721794588.0,0.0,3,SUR,1.49,
TQBR,2022-08-17,ЛУКОЙЛ,LKOH,27213,2008182292.5,4020.0,3907.0,4044.0,3907.0,3980.0,3907.0,504381,3981.5,3981.5,3907.0,2008182292.5,2008182292.5,2008182292.5,0.0,3,SUR,-2.76,
TQBR,2022-08-18,ЛУКОЙЛ,LKOH,19260,1258250956.5,3906.5,3878.0,3942.0,3920.0,3912.0,3920.0,321619,3912.0,3912.0,3920.0,1258250956.5,1258250956.5,1258250956.5,0.0,3,SUR,0.33,
TQBR,2022-08-19,ЛУКОЙЛ,LKOH,22033,1494482969.0,3945.0,3894.0,3974.0,3972.0,3932.0,3972.0,380080,3932.0,3932.0,3972.0,1494482969.0,1494482969.0,1494482969.0,0.0,3,SUR,1.33,
TQBR,2022-08-22,ЛУКОЙЛ,LKOH,29371,1583321896.0,3968.0,3944.5,4028.5,4017.0,3995.5,4017.0,396278,3995.5,3995.5,4017.0,1583321896.0,1583321896.0,1583321896.0,0.0,3,SUR,1.13,
TQBR,2022-08-23,ЛУКОЙЛ,LKOH,27418,1628372007.0,4022.0,4016.0,4099.0,4098.0,4066.0,4098.0,400484,4066.0,4066.0,4098.0,1628372007.0,1628372007.0,1628372007.0,0.0,3,SUR,2.02,
TQBR,2022-08-24,ЛУКОЙЛ,LKOH,25236,1254522965.5,4103.0,4066.0,4128.0,4117.0,4096.5,4117.0,306254,4096.5,4096.5,4117.0,1254522965.5,1254522965.5,1254522965.5,0.0,3,SUR,0.46,
TQBR,2022-08-25,ЛУКОЙЛ,LKOH,26333,1650044353.0,4125.0,4047.0,4143.5,4055.0,4100.0,4055.0,402471,4100.0,4100.0,4055.0,1650044353.0,1650044353.0,1650044353.0,0.0,3,SUR,-1.51,
TQBR,2022-08-26,ЛУКОЙЛ,LKOH,16238,1144554982.5,4056.0,4046.5,4115.0,4115.0,4082.0,4115.0,280373,4082.5,4082.5,4115.0,1144554982.5,1144554982.5,1144554982.5,0.0,3,SUR,1.48,
TQBR,2022-08-29,ЛУКОЙЛ,LKOH,28520,1883922706.0,4114.0,4088.5,4207.0,4186.0,4168.0,4186.0,451999,4168.0,4168.0,4186.0,1883922706.0,1883922706.0,1883922706.0,0.0,3,SUR,1.73,
TQBR,2022-08-30,ЛУКОЙЛ,LKOH,33373,2053542426.0,4198.0,4120.0,4220.0,4140.0,4167.0,4140.0,492812,4167.0,4167.0,4140.0,2053542426.0,2053542426.0,2053542426.0,0.0,3,SUR,-1.1,
TQBR,2022-08-31,ЛУКОЙЛ,LKOH,57250,5465757702.0,4300.0,4161.5,4300.0,4270.0,4237.0,4270.0,1290069,4237.0,4237.0,4270.0,5465757702.0,5465757702.0,5465757702.0,0.0,3,SUR,3.14,
TQBR,2022-09-01,ЛУКОЙЛ,LKOH,125638,11094947667.5,4250.0,4221.0,4773.0,4722.0,4524.5,4722.0,2450494,4527.5,4527.5,4722.0,11094947667.5,11094947667.5,11094947667.5,0.0,3,SUR,10.59,
TQBR,2022-09-02,ЛУКОЙЛ,LKOH,84843,8122770159.5,4660.0,4556.0,4714.5,4595.0,4614.5,4595.0,1760288,4614.5,4614.5,4595.0,8122770159.5,8122770159.5,8122770159.5,0.0,3,SUR,-2.69,
TQBR,2022-09-05,ЛУКОЙЛ,LKOH,63881,5190190777.0,4619.5,4483.0,4690.0,4658.0,4610.0,4658.0,1126019,4609.5,4609.5,4658.0,5190190777.0,5190190777.0,5190190777.0,0.0,3,SUR,1.37,
TQBR,2022-09-06,ЛУКОЙЛ,LKOH,59268,4957164647.0,4660.0,4410.5,4666.5,4545.0,4544.5,4545.0,1090840,4544.5,4544.5,4545.0,4957164647.0,4957164647.0,4957164647.0,0.0,3,SUR,-2.43,
TQBR,2022-09-07,ЛУКОЙЛ,LKOH,42935,3621545142.0,4545.0,4420.0,4545.0,4420.0,4493.0,4420.0,805982,4493.5,4493.5,4420.0,3621545142.0,3621545142.0,3621545142.0,0.0,3,SUR,-2.75,
TQBR,2022-09-08,ЛУКОЙЛ,LKOH,28245,1877731100.0,4400.0,4376.0,4432.5,4410.0,4400.0,4410.0,426722,4400.5,4400.5,4410.0,1877731100.0,1877731100.0,1877731100.0,0.0,3,SUR,-0.23,
TQBR,2022-09-09,ЛУКОЙЛ,LKOH,29326,2301615453.5,4437.0,4401.5,4500.0,4470.0,4466.5,4470.0,515383,4466.0,4466.0,4470.0,2301615453.5,2301615453.5,2301615453.5,0.0,3,SUR,1.36,
TQBR,2022-09-12,ЛУКОЙЛ,LKOH,41294,2816391588.0,4460.0,4426.5,4591.5,4548.0,4542.0,4560.0,620069,4542.0,4542.0,4548.0,2734610200.0,2734610200.0,2734610200.0,0.0,3,SUR,2.01,
TQBR,2022-09-13,ЛУКОЙЛ,LKOH,26780,1872731513.5,4570.0,4510.0,4588.5,4541.0,4557.5,4542.5,411138,4555.5,4555.5,4541.0,1811491077.5,1811491077.5,1811491077.5,0.0,3,SUR,-0.38,
TQBR,2022-09-14,ЛУКОЙЛ,LKOH,40637,3553574359.5,4531.0,4403.5,4548.0,4484.0,4473.5,4472.0,795168,4468.5,4468.5,4484.0,3371815846.0,3371815846.0,3371815846.0,0.0,3,SUR,-1.55,
TQBR,2022-09-15,ЛУКОЙЛ,LKOH,35540,2724604933.5,4471.0,4436.0,4558.0,4550.0,4511.5,4530.0,603939,4510.5,4510.5,4550.0,2630380666.5,2630380666.5,2630380666.5,0.0,3,SUR,1.3,
TQBR,2022-09-16,ЛУКОЙЛ,LKOH,30441,2162856545.0,4539.0,4475.0,4580.0,4499.0,4527.0,4519.0,477748,4528.0,4528.0,4499.0,2052090650.0,2052090650.0,2052090650.0,0.0,3,SUR,-0.24,
TQBR,2022-09-19,ЛУКОЙЛ,LKOH,24859,1576394763.0,4524.5,4445.0,4548.0,4495.0,4495.5,4496.0,350560,4497.0,4497.0,4495.0,1528652914.5,1528652914.5,1528652914.5,0.0,3,SUR,-0.51,
TQBR,2022-09-20,ЛУКОЙЛ,LKOH,154247,10901565357.0,4478.0,3830.0,4494.0,4025.0,4166.5,4055.0,2618662,4181.5,4181.5,4025.0,9571232021.5,9571232021.5,9571232021.5,0.0,3,SUR,-9.81,
TQBR,2022-09-21,ЛУКОЙЛ,LKOH,81103,5836410555.5,3622.5,3622.5,4044.0,3950.0,3909.5,3955.0,1492869,3908.0,3908.0,3950.0,5673297210.0,5673297210.0,5673297210.0,0.0,3,SUR,-2.47,
TQBR,2022-09-22,ЛУКОЙЛ,LKOH,45941,2938910555.0,3955.0,3951.5,4095.5,4038.0,4025.0,4011.0,730068,4026.0,4026.0,4038.0,2858828937.5,2858828937.5,2858828937.5,0.0,3,SUR,1.42,
TQBR,2022-09-23,ЛУКОЙЛ,LKOH,54986,3757025835.5,4014.0,3875.0,4037.0,3920.0,3942.5,3948.5,952665,3944.5,3944.5,3920.0,3542650416.5,3542650416.5,3542650416.5,0.0,3,SUR,-1.56,
TQBR,2022-09-26,ЛУКОЙЛ,LKOH,80524,5530415413.0,3856.0,3605.5,3882.0,3750.0,3747.5,3708.0,1476193,3747.0,3747.0,3750.0,5292231610.0,5292231610.0,5292231610.0,0.0,3,SUR,-6.09,
TQBR,2022-09-27,ЛУКОЙЛ,LKOH,48465,3134188787.0,3800.0,3715.0,3924.0,3800.0,3824.5,3865.0,819062,3826.5,3826.5,3800.0,2991553783.0,2991553783.0,2991553783.0,0.0,3,SUR,4.23,
TQBR,2022-09-28,ЛУКОЙЛ,LKOH,38716,2555762572.0,3840.0,3806.5,3967.0,3900.0,3876.5,3907.5,659396,3871.0,3871.0,3900.0,2304317634.5,2304317634.5,2304317634.5,0.0,3,SUR,1.1,
TQBR,2022-09-29,ЛУКОЙЛ,LKOH,43962,2931606939.5,3948.0,3809.0,3958.0,3900.0,3880.0,3882.5,755528,3879.0,3879.0,3900.0,2703559486.0,2703559486.0,2703559486.0,0.0,3,SUR,-0.64,
TQBR,2022-09-30,ЛУКОЙЛ,LKOH,52060,3314841929.5,3891.0,3750.0,4088.0,3907.0,3892.0,3965.0,851752,3889.5,3889.5,3907.0,3189541962.0,3189541962.0,3189541962.0,0.0,3,SUR,2.12,
TQBR,2022-10-03,ЛУКОЙЛ,LKOH,38125,2179985318.5,3971.0,3912.5,4092.0,4043.0,4000.5,4077.0,544909,3992.5,3992.5,4043.0,1948429465.0,1948429465.0,1948429465.0,0.0,3,SUR,2.82,
TQBR,2022-10-04,ЛУКОЙЛ,LKOH,43854,2729177719.0,4100.0,3961.5,4140.0,4090.5,4051.0,4094.0,673711,4047.5,4047.5,4090.5,2545820947.5,2545820947.5,2545820947.5,0.0,3,SUR,0.42,
TQBR,2022-10-05,ЛУКОЙЛ,LKOH,54005,3382589997.5,4088.5,4000.0,4189.0,4103.5,4087.0,4102.5,827581,4086.5,4086.5,4103.5,3237093170.0,3237093170.0,3237093170.0,0.0,3,SUR,0.21,
TQBR,2022-10-06,ЛУКОЙЛ,LKOH,37044,1937012642.5,4123.0,4010.0,4158.0,4037.5,4092.0,4041.0,473225,4097.5,4097.5,4037.5,1796049953.5,1796049953.5,1796049953.5,0.0,3,SUR,-1.5,
TQBR,2022-10-07,ЛУКОЙЛ,LKOH,44094,2295624356.5,4025.0,3850.0,4030.0,3989.0,3978.0,3875.0,577138,3984.5,3984.5,3989.0,1945927808.5,1945927808.5,1945927808.5,0.0,3,SUR,-4.11,
TQBR,2022-10-10,ЛУКОЙЛ,LKOH,49492,3262121832.5,3778.0,3757.0,4069.0,4039.5,3944.0,4035.0,827969,3936.5,3936.5,4039.5,3136845066.5,3136845066.5,3136845066.5,0.0,3,SUR,4.13,
TQBR,2022-10-11,ЛУКОЙЛ,LKOH,40685,2721724739.0,4040.0,4012.5,4188.0,4106.0,4094.5,4170.0,665088,4084.0,4084.0,4106.0,2386974825.5,2386974825.5,2386974825.5,0.0,3,SUR,3.35,
TQBR,2022-10-12,ЛУКОЙЛ,LKOH,40710,3352139334.5,4181.0,4135.0,4280.0,4144.5,4211.5,4149.0,797244,4209.0,4209.0,4144.5,3111192332.0,3111192332.0,3111192332.0,0.0,3,SUR,-0.5,
TQBR,2022-10-13,ЛУКОЙЛ,LKOH,35491,2669257591.5,4150.0,4118.0,4261.5,4162.5,4190.5,4185.5,636889,4191.5,4191.5,4162.5,2541930459.5,2541930459.5,2541930459.5,0.0,3,SUR,0.88,
TQBR,2022-10-14,ЛУКОЙЛ,LKOH,30046,2004313473.0,4199.0,4090.0,4203.0,4140.0,4131.0,4139.0,485061,4131.5,4131.5,4140.0,1818214681.0,1818214681.0,1818214681.0,0.0,3,SUR,-1.11,
TQBR,2022-10-17,ЛУКОЙЛ,LKOH,31167,2152990150.5,4150.0,4113.0,4220.0,4212.0,4173.5,4212.5,515655,4173.0,4173.0,4212.0,2005199783.0,2005199783.0,2005199783.0,0.0,3,SUR,1.78,
TQBR,2022-10-18,ЛУКОЙЛ,LKOH,41052,3253640069.0,4255.0,4207.0,4359.0,4300.5,4272.5,4240.0,761617,4275.5,4275.5,4300.5,2601759127.5,2601759127.5,2601759127.5,0.0,3,SUR,0.65,
TQBR,2022-10-19,ЛУКОЙЛ,LKOH,47421,3886714532.0,4210.5,4106.5,4277.0,4156.0,4165.5,4204.5,932503,4167.5,4167.5,4156.0,3541880941.5,3541880941.5,3541880941.5,0.0,3,SUR,-0.84,
TQBR,2022-10-20,ЛУКОЙЛ,LKOH,51537,4517198691.0,4220.0,4180.5,4400.0,4378.0,4305.0,4380.5,1049531,4296.0,4296.0,4378.0,3988205830.0,3988205830.0,3988205830.0,0.0,3,SUR,4.19,
TQBR,2022-10-21,ЛУКОЙЛ,LKOH,47671,3768094344.0,4399.0,4350.5,4462.0,4412.5,4406.5,4433.0,855199,4403.5,4403.5,4412.5,3412193922.0,3412193922.0,3412193922.0,0.0,3,SUR,1.2,
TQBR,2022-10-24,ЛУКОЙЛ,LKOH,34525,2815250665.0,4474.0,4385.5,4491.0,4456.5,4445.5,4439.5,633248,4446.5,4446.5,4456.5,2651906042.5,2651906042.5,2651906042.5,0.0,3,SUR,0.15,
TQBR,2022-10-25,ЛУКОЙЛ,LKOH,38923,2939758843.5,4465.0,4436.0,4579.5,4559.0,4515.0,4569.5,651312,4510.0,4510.0,4559.0,2701502338.5,2701502338.5,2701502338.5,0.0,3,SUR,2.93,
TQBR,2022-10-26,ЛУКОЙЛ,LKOH,40727,3056766763.5,4574.0,4512.5,4624.0,4587.0,4573.5,4613.5,668598,4568.0,4568.0,4587.0,2750594395.5,2750594395.5,2750594395.5,0.0,3,SUR,0.96,
TQBR,2022-10-27,ЛУКОЙЛ,LKOH,50597,3698936902.5,4623.5,4592.0,4746.5,4746.5,4686.5,4724.0,789173,4683.5,4683.5,4746.5,3412735105.0,3412735105.0,3412735105.0,0.0,3,SUR,2.4,
TQBR,2022-10-28,ЛУКОЙЛ,LKOH,128412,10867749116.0,4712.0,4516.0,4800.0,4711.5,4674.5,4700.5,2324509,4674.5,4674.5,4711.5,10350014477.0,10350014477.0,10350014477.0,0.0,3,SUR,-0.5,
TQBR,2022-10-31,ЛУКОЙЛ,LKOH,46252,3037751279.0,4730.0,4659.0,4765.0,4681.0,4708.5,4695.5,645169,4709.5,4709.5,4681.0,2853124384.5,2853124384.5,2853124384.5,0.0,3,SUR,-0.11,
TQBR,2022-11-01,ЛУКОЙЛ,LKOH,27167,1610334164.5,4725.0,4660.0,4729.5,4686.0,4691.5,4700.0,343265,4689.5,4689.5,4686.0,1359876906.5,1359876906.5,1359876906.5,0.0,3,SUR,0.1,
TQBR,2022-11-02,ЛУКОЙЛ,LKOH,57686,4708106556.0,4710.0,4626.5,4788.0,4699.0,4708.0,4670.0,999931,4712.5,4712.5,4699.0,4154880587.5,4154880587.5,4154880587.5,0.0,3,SUR,-0.64,
TQBR,2022-11-03,ЛУКОЙЛ,LKOH,46156,2595691958.0,4670.0,4620.0,4687.0,4675.0,4655.5,4687.0,557486,4653.5,4653.5,4675.0,2334453857.5,2334453857.5,2334453857.5,0.0,3,SUR,0.36,
TQBR,2022-11-07,ЛУКОЙЛ,LKOH,45126,3201645643.0,4718.0,4695.0,4732.0,4720.0,4711.0,4723.5,679575,4710.5,4710.5,4720.0,2869344028.5,2869344028.5,2869344028.5,0.0,3,SUR,0.78,
TQBR,2022-11-08,ЛУКОЙЛ,LKOH,24519,1611305950.0,4723.5,4688.0,4725.0,4714.0,4705.5,4697.5,342418,4706.0,4706.0,4714.0,1355873257.5,1355873257.5,1355873257.5,0.0,3,SUR,-0.55,
TQBR,2022-11-09,ЛУКОЙЛ,LKOH,41748,2258107007.5,4698.0,4600.0,4713.0,4645.5,4668.0,4632.0,483762,4688.5,4688.5,4645.5,1499105337.0,1499105337.0,1499105337.0,0.0,3,SUR,-1.39,
TQBR,2022-11-10,ЛУКОЙЛ,LKOH,32908,2257363275.0,4633.0,4625.5,4694.5,4688.0,4661.5,4681.0,484272,4658.5,4658.5,4688.0,1978638464.0,1978638464.0,1978638464.0,0.0,3,SUR,1.06,
TQBR,2022-11-11,ЛУКОЙЛ,LKOH,25330,1718410433.0,4690.5,4648.5,4694.0,4655.0,4664.5,4670.0,368320,4665.5,4665.5,4655.0,1547591213.0,1547591213.0,1547591213.0,0.0,3,SUR,-0.23,
TQBR,2022-11-14,ЛУКОЙЛ,LKOH,24254,1727931326.5,4680.0,4654.0,4684.5,4670.0,4669.5,4658.5,370000,4671.0,4671.0,4670.0,1549360494.5,1549360494.5,1549360494.5,0.0,3,SUR,-0.25,
TQBR,2022-11-15,ЛУКОЙЛ,LKOH,59770,3937243559.0,4660.0,4427.0,4676.0,4632.0,4586.5,4565.0,858460,4639.0,4639.0,4632.0,1740003985.5,1740003985.5,1740003985.5,0.0,3,SUR,-2.01,
TQBR,2022-11-16,ЛУКОЙЛ,LKOH,28000,1933639298.5,4596.0,4576.5,4670.0,4661.5,4638.0,4661.5,416935,4636.5,4636.5,4661.5,1801304438.5,1801304438.5,1801304438.5,0.0,3,SUR,2.11,
TQBR,2022-11-17,ЛУКОЙЛ,LKOH,20357,1206517784.0,4662.0,4602.0,4666.0,4623.0,4625.5,4621.0,260762,4628.5,4628.5,4623.0,1068003897.0,1068003897.0,1068003897.0,0.0,3,SUR,-0.87,
TQBR,2022-11-18,ЛУКОЙЛ,LKOH,18950,1164191941.5,4583.0,4583.0,4641.0,4628.0,4609.0,4623.0,252615,4606.5,4606.5,4628.0,1012438324.0,1012438324.0,1012438324.0,0.0,3,SUR,0.04,
TQBR,2022-11-21,ЛУКОЙЛ,LKOH,28498,1925733029.0,4623.0,4555.0,4625.0,4578.5,4586.5,4605.5,419865,4584.0,4584.0,4578.5,1523798178.5,1523798178.5,1523798178.5,0.0,3,SUR,-0.38,
TQBR,2022-11-22,ЛУКОЙЛ,LKOH,20320,1501319927.0,4608.0,4581.0,4646.5,4620.0,4617.5,4618.0,325156,4617.5,4617.5,4620.0,1252163602.0,1252163602.0,1252163602.0,0.0,3,SUR,0.27,
TQBR,2022-11-23,ЛУКОЙЛ,LKOH,42224,2859007759.0,4628.0,4610.0,4719.0,4674.0,4674.0,4679.0,611651,4674.5,4674.5,4674.0,2654558817.0,2654558817.0,2654558817.0,0.0,3,SUR,1.32,
TQBR,2022-11-24,ЛУКОЙЛ,LKOH,19564,1033060414.0,4680.0,4653.0,4707.0,4667.0,4673.0,4664.0,221070,4673.5,4673.5,4667.0,951896701.5,951896701.5,951896701.5,0.0,3,SUR,-0.32,
TQBR,2022-11-25,ЛУКОЙЛ,LKOH,18897,1091356298.5,4668.0,4635.0,4678.5,4670.0,4658.5,4669.0,234262,4658.0,4658.0,4670.0,984137343.0,984137343.0,984137343.0,0.0,3,SUR,0.11,
TQBR,2022-11-28,ЛУКОЙЛ,LKOH,41467,2114925633.0,4647.0,4590.0,4657.0,4619.0,4617.5,4624.0,457960,4616.5,4616.5,4619.0,1878956398.0,1878956398.0,1878956398.0,0.0,3,SUR,-0.96,
TQBR,2022-11-29,ЛУКОЙЛ,LKOH,38665,2113094839.5,4631.0,4595.0,4648.0,4607.0,4611.0,4602.0,458143,4613.0,4613.0,4607.0,1958650087.0,1958650087.0,1958650087.0,0.0,3,SUR,-0.48,
TQBR,2022-11-30,ЛУКОЙЛ,LKOH,29942,1542999559.5,4603.0,4584.0,4618.0,4598.0,4596.0,4614.5,335624,4596.5,4596.5,4598.0,1321071346.0,1321071346.0,1321071346.0,0.0,3,SUR,0.27,
TQBR,2022-12-01,ЛУКОЙЛ,LKOH,25822,1485117613.5,4618.0,4572.5,4623.5,4599.5,4596.0,4599.5,323109,4596.5,4596.5,4599.5,1303360979.0,1303360979.0,1303360979.0,0.0,3,SUR,-0.33,
TQBR,2022-12-02,ЛУКОЙЛ,LKOH,28351,1470740702.0,4590.0,4574.0,4598.0,4585.0,4585.5,4577.5,320743,4586.0,4586.0,4585.0,1227612360.5,1227612360.5,1227612360.5,0.0,3,SUR,-0.48,
TQBR,2022-12-05,ЛУКОЙЛ,LKOH,55680,4223889587.5,4589.5,4575.0,4649.0,4635.0,4613.5,4619.0,915566,4610.5,4610.5,4635.0,3623163224.0,3623163224.0,3623163224.0,0.0,3,SUR,0.91,
TQBR,2022-12-06,ЛУКОЙЛ,LKOH,27305,2018470698.5,4632.5,4586.0,4633.0,4624.0,4614.5,4603.5,437627,4614.5,4614.5,4624.0,1655219219.5,1655219219.5,1655219219.5,0.0,3,SUR,-0.34,
TQBR,2022-12-07,ЛУКОЙЛ,LKOH,20207,1215201737.0,4610.0,4580.0,4612.0,4603.5,4600.0,4592.5,264166,4601.0,4601.0,4603.5,1024017819.5,1024017819.5,1024017819.5,0.0,3,SUR,-0.24,
TQBR,2022-12-08,ЛУКОЙЛ,LKOH,30394,1303808301.5,4600.0,4565.0,4602.0,4592.0,4580.0,4578.0,284671,4579.5,4579.5,4592.0,1178836038.5,1178836038.5,1178836038.5,0.0,3,SUR,-0.32,
TQBR,2022-12-09,ЛУКОЙЛ,LKOH,20228,1027656340.0,4583.0,4570.0,4586.0,4585.0,4578.0,4583.0,224466,4578.0,4578.0,4585.0,853485680.5,853485680.5,853485680.5,0.0,3,SUR,0.11,
TQBR,2022-12-12,ЛУКОЙЛ,LKOH,25732,1492273780.5,4595.0,4575.0,4607.0,4588.0,4587.5,4583.5,325265,4588.0,4588.0,4588.0,1334610086.0,1334610086.0,1334610086.0,0.0,3,SUR,0.01,
TQBR,2022-12-13,ЛУКОЙЛ,LKOH,30045,1882311920.0,4596.0,4560.0,4596.0,4580.0,4573.5,4577.5,411496,4574.5,4574.5,4580.0,1752479910.0,1752479910.0,1752479910.0,0.0,3,SUR,-0.13,
TQBR,2022-12-14,ЛУКОЙЛ,LKOH,29148,2557386235.5,4580.0,4560.0,4604.0,4589.0,4586.0,4590.5,557598,4586.5,4586.5,4589.0,2298657183.0,2298657183.0,2298657183.0,0.0,3,SUR,0.28,
TQBR,2022-12-15,ЛУКОЙЛ,LKOH,48057,3288284640.5,4591.0,4511.0,4599.5,4520.0,4551.0,4521.0,722358,4555.0,4555.0,4520.0,2934283450.5,2934283450.5,2934283450.5,0.0,3,SUR,-1.51,
TQBR,2022-12-16,ЛУКОЙЛ,LKOH,40128,2882635492.5,4526.5,4501.0,4590.0,4585.0,4551.0,4580.0,633257,4547.0,4547.0,4585.0,2451661944.5,2451661944.5,2451661944.5,0.0,3,SUR,1.31,
TQBR,2022-12-19,ЛУКОЙЛ,LKOH,70674,5751233574.0,4585.0,4530.5,4625.0,4606.5,4577.5,4625.0,1255747,4572.5,4572.5,4606.5,4538197323.5,4538197323.5,4538197323.5,0.0,3,SUR,0.98,
TQBR,2022-12-20,ЛУКОЙЛ,LKOH,123412,7667062519.0,4146.0,3883.5,4146.0,4072.5,4032.0,4076.0,1893759,4047.5,4047.5,4072.5,7334790398.5,7334790398.5,7334790398.5,0.0,3,SUR,-11.87,
TQBR,2022-12-21,ЛУКОЙЛ,LKOH,61598,2831008007.5,4085.0,3997.0,4095.0,4032.0,4040.5,4040.5,700517,4042.0,4042.0,4032.0,2648240316.5,2648240316.5,2648240316.5,0.0,3,SUR,-0.87,
TQBR,2022-12-22,ЛУКОЙЛ,LKOH,35831,1729769779.0,4050.0,4017.0,4058.5,4035.0,4035.5,4027.5,428577,4037.0,4037.0,4035.0,1574107667.0,1574107667.0,1574107667.0,0.0,3,SUR,-0.32,
TQBR,2022-12-23,ЛУКОЙЛ,LKOH,38532,1654490765.0,4022.0,3985.0,4024.5,4007.0,4000.5,4010.5,413409,4001.0,4001.0,4007.0,1497024416.0,1497024416.0,1497024416.0,0.0,3,SUR,-0.42,
TQBR,2022-12-26,ЛУКОЙЛ,LKOH,33270,1530609943.5,4014.0,4000.0,4047.0,4019.5,4020.5,4010.0,380715,4020.5,4020.5,4019.5,1426444953.0,1426444953.0,1426444953.0,0.0,3,SUR,-0.01,
TQBR,2022-12-27,ЛУКОЙЛ,LKOH,29455,1577606423.5,4020.0,4011.0,4035.0,4027.5,4020.5,4028.5,392368,4019.5,4019.5,4027.5,1405245413.5,1405245413.5,1405245413.5,0.0,3,SUR,0.46,
TQBR,2022-12-28,ЛУКОЙЛ,LKOH,31081,1508073585.0,4032.5,4010.0,4040.0,4028.5,4020.5,4015.5,374999,4021.5,4021.5,4028.5,1291943504.0,1291943504.0,1291943504.0,0.0,3,SUR,-0.32,
TQBR,2022-12-29,ЛУКОЙЛ,LKOH,29632,1105671633.5,4017.0,4015.5,4035.0,4019.0,4024.0,4022.0,274674,4025.0,4025.0,4019.0,997367663.5,997367663.5,997367663.5,0.0,3,SUR,0.16,
TQBR,2022-12-30,ЛУКОЙЛ,LKOH,34476,1844567992.5,4030.5,4022.5,4088.0,4072.5,4058.5,4069.5,454463,4056.5,4056.5,4072.5,1597514939.5,1597514939.5,1597514939.5,0.0,3,SUR,1.18,
TQBR,2023-01-03,ЛУКОЙЛ,LKOH,28310,1323451321.5,4082.0,4075.5,4139.0,4136.0,4117.5,4123.5,321492,4115.0,4115.0,4136.0,1152085402.0,1152085402.0,1152085402.0,0.0,3,SUR,1.33,
TQBR,2023-01-04,ЛУКОЙЛ,LKOH,32888,1675337847.5,4124.0,4090.0,4165.5,4123.0,4128.5,4116.0,405820,4129.0,4129.0,4123.0,1570980897.5,1570980897.5,1570980897.5,0.0,3,SUR,-0.18,
TQBR,2023-01-05,ЛУКОЙЛ,LKOH,18572,721588023.0,4121.5,4081.5,4127.0,4085.0,4095.0,4087.0,176209,4095.5,4095.5,4085.0,678720461.5,678720461.5,678720461.5,0.0,3,SUR,-0.7,
TQBR,2023-01-06,ЛУКОЙЛ,LKOH,17940,983235157.5,4088.0,4085.0,4118.0,4098.0,4099.0,4089.0,239862,4100.5,4100.5,4098.0,827066477.0,827066477.0,827066477.0,0.0,3,SUR,0.05,
TQBR,2023-01-09,ЛУКОЙЛ,LKOH,28910,1463759207.0,4105.0,4093.0,4123.0,4100.5,4109.0,4110.0,356313,4107.5,4107.5,4100.5,1285806478.5,1285806478.5,1285806478.5,0.0,3,SUR,0.51,
TQBR,2023-01-10,ЛУКОЙЛ,LKOH,22501,1173639565.5,4100.0,4063.5,4104.0,4080.0,4080.5,4079.0,287625,4081.0,4081.0,4080.0,1054599396.5,1054599396.5,1054599396.5,0.0,3,SUR,-0.75,
TQBR,2023-01-11,ЛУКОЙЛ,LKOH,20239,1080758322.0,4080.0,4065.5,4099.0,4097.5,4088.5,4090.5,264357,4087.5,4087.5,4097.5,921690377.0,921690377.0,921690377.0,0.0,3,SUR,0.28,
TQBR,2023-01-12,ЛУКОЙЛ,LKOH,17426,715946693.0,4091.0,4071.0,4094.0,4074.5,4080.5,4078.5,175454,4080.5,4080.5,4074.5,630471628.0,630471628.0,630471628.0,0.0,3,SUR,-0.29,
TQBR,2023-01-13,ЛУКОЙЛ,LKOH,18928,908029500.5,4080.0,4068.0,4090.0,4078.0,4076.5,4074.0,222760,4076.5,4076.5,4078.0,832117222.5,832117222.5,832117222.5,0.0,3,SUR,-0.11,
TQBR,2023-01-16,ЛУКОЙЛ,LKOH,43572,1884934076.0,4078.0,4045.0,4096.5,4074.0,4068.0,4052.0,463287,4073.0,4073.0,,1463134868.5,1463134868.5,,0.0,3,SUR,-0.54,
TQBR,2023-01-17,ЛУКОЙЛ,LKOH,27664,1321905727.5,4052.5,4015.0,4060.5,4041.0,4046.0,4025.0,326706,4052.5,4052.5,,949268207.0,949268207.0,,0.0,3,SUR,-0.67,
TQBR,2023-01-18,ЛУКОЙЛ,LKOH,23450,1090318317.5,4037.5,4012.0,4049.0,4020.0,4027.5,4021.0,270721,4029.0,4029.0,,915814780.0,915814780.0,,0.0,3,SUR,-0.1,
TQBR,2023-01-19,ЛУКОЙЛ,LKOH,41867,1653199759.0,4019.5,3974.0,4020.0,3987.0,3990.5,3981.0,414205,3992.0,3992.0,,1510852907.0,1510852907.0,,0.0,3,SUR,-0.99,
TQBR,2023-01-20,ЛУКОЙЛ,LKOH,32740,1519366048.0,3982.0,3925.0,3995.0,3950.0,3955.0,3944.0,384133,3957.0,3957.0,,1344398734.0,1344398734.0,,0.0,3,SUR,-0.93,
TQBR,2023-01-23,ЛУКОЙЛ,LKOH,28588,1348859927.0,3950.0,3944.5,3979.5,3969.0,3962.5,3972.5,340221,3964.0,3964.0,,1229177515.0,1229177515.0,,0.0,3,SUR,0.72,
TQBR,2023-01-24,ЛУКОЙЛ,LKOH,30179,1175887636.5,3986.0,3930.5,3990.0,3950.5,3968.0,3942.5,296368,3971.0,3971.0,,1024084133.0,1024084133.0,,0.0,3,SUR,-0.76,
TQBR,2023-01-25,ЛУКОЙЛ,LKOH,47097,2123666057.5,3949.0,3900.5,3960.0,3915.0,3915.0,3923.5,542133,3917.0,3917.0,,1992342503.5,1992342503.5,,0.0,3,SUR,-0.48,
TQBR,2023-01-26,ЛУКОЙЛ,LKOH,26513,1277184590.0,3924.0,3901.5,3935.0,3907.0,3911.5,3911.0,326405,3913.0,3913.0,,1191357581.0,1191357581.0,,0.0,3,SUR,-0.32,
TQBR,2023-01-27,ЛУКОЙЛ,LKOH,38024,1848495797.0,3911.0,3892.5,3920.0,3919.0,3902.5,3917.0,473474,3903.0,3903.0,,1696765056.0,1696765056.0,,0.0,3,SUR,0.15,
TQBR,2023-01-30,ЛУКОЙЛ,LKOH,27795,1264910914.0,3929.0,3917.0,3954.0,3946.5,3936.0,3947.5,321296,3935.0,3935.0,,1103778219.5,1103778219.5,,0.0,3,SUR,0.78,
TQBR,2023-01-31,ЛУКОЙЛ,LKOH,28838,1492309310.5,3947.0,3925.5,3972.5,3959.0,3951.0,3955.0,377660,3951.0,3951.0,,1374622755.0,1374622755.0,,0.0,3,SUR,0.19,
TQBR,2023-02-01,ЛУКОЙЛ,LKOH,30540,1405755240.5,3959.5,3935.0,3989.0,3949.5,3962.5,3955.5,354764,3963.5,3963.5,,1293882465.5,1293882465.5,,0.0,3,SUR,0.01,
TQBR,2023-02-02,ЛУКОЙЛ,LKOH,43859,2225428819.5,3955.5,3900.5,3960.0,3922.0,3918.5,3918.5,567894,3919.0,3919.0,,1956737916.5,1956737916.5,,0.0,3,SUR,-0.94,
TQBR,2023-02-03,ЛУКОЙЛ,LKOH,44350,2148637468.5,3918.0,3880.0,3920.0,3920.0,3898.5,3907.5,551146,3898.0,3898.0,,2008170267.5,2008170267.5,,0.0,3,SUR,-0.28,
TQBR,2023-02-06,ЛУКОЙЛ,LKOH,31034,1621779204.0,3908.0,3902.0,3946.5,3945.0,3931.5,3941.0,412519,3930.5,3930.5,,1505162958.5,1505162958.5,,0.0,3,SUR,0.86,
TQBR,2023-02-07,ЛУКОЙЛ,LKOH,27563,1545373167.5,3950.5,3931.0,3977.0,3951.5,3956.0,3968.0,390661,3954.5,3954.5,,1382495082.0,1382495082.0,,0.0,3,SUR,0.69,
TQBR,2023-02-08,ЛУКОЙЛ,LKOH,35344,2112386504.0,3979.0,3903.0,3998.5,3940.0,3957.5,3930.5,533759,3960.0,3960.0,,1943653514.0,1943653514.0,,0.0,3,SUR,-0.95,
TQBR,2023-02-09,ЛУКОЙЛ,LKOH,19983,1163574598.0,3949.0,3907.5,3960.0,3938.0,3937.0,3914.0,295567,3940.0,3940.0,,933380046.5,933380046.5,,0.0,3,SUR,-0.42,
TQBR,2023-02-10,ЛУКОЙЛ,LKOH,25749,1237710536.5,3915.0,3903.5,3969.5,3927.0,3921.5,3921.5,315593,3919.5,3919.5,,995328753.0,995328753.0,,0.0,3,SUR,0.19,
TQBR,2023-02-13,ЛУКОЙЛ,LKOH,22466,1121401431.5,3941.5,3911.0,3948.0,3939.5,3932.5,3928.5,285214,3931.5,3931.5,,1035121981.5,1035121981.5,,0.0,3,SUR,0.18,
TQBR,2023-02-14,ЛУКОЙЛ,LKOH,20901,1127435826.5,3928.5,3905.0,3937.0,3928.5,3919.5,3914.5,287643,3920.0,3920.0,,1041015741.0,1041015741.0,,0.0,3,SUR,-0.36,
TQBR,2023-02-15,ЛУКОЙЛ,LKOH,56429,2705432669.5,3903.0,3800.0,3906.0,3860.0,3858.0,3829.0,701274,3867.0,3867.0,,2134158377.5,2134158377.5,,0.0,3,SUR,-2.18,
TQBR,2023-02-16,ЛУКОЙЛ,LKOH,24486,1316400571.5,3840.0,3811.5,3873.5,3811.5,3844.0,3830.0,342417,3846.5,3846.5,,1197768327.5,1197768327.5,,0.0,3,SUR,0.03,
TQBR,2023-02-17,ЛУКОЙЛ,LKOH,17354,962446135.5,3830.0,3802.5,3860.0,3840.0,3840.5,3840.0,250591,3840.5,3840.5,,900225595.0,900225595.0,,0.0,3,SUR,0.26,
TQBR,2023-02-20,ЛУКОЙЛ,LKOH,29943,1744116175.5,3849.5,3804.0,3927.5,3907.0,3864.5,3905.0,451382,3860.0,3860.0,,1560697968.0,1560697968.0,,0.0,3,SUR,1.69,
TQBR,2023-02-21,ЛУКОЙЛ,LKOH,25609,1466258639.0,3912.0,3901.5,3950.0,3921.0,3924.5,3914.5,373583,3925.5,3925.5,,1380669477.0,1380669477.0,,0.0,3,SUR,0.24,
TQBR,2023-02-22,ЛУКОЙЛ,LKOH,15232,763701290.0,3915.5,3873.0,3925.0,3917.0,3903.5,3909.5,195649,3902.0,3902.0,,688055100.5,688055100.5,,0.0,3,SUR,-0.13,
TQBR,2023-02-24,ЛУКОЙЛ,LKOH,10628,482759286.0,3916.0,3880.0,3925.0,3897.5,3904.0,3901.0,123659,3904.0,3904.0,,441028990.0,441028990.0,,0.0,3,SUR,-0.22,
TQBR,2023-02-27,ЛУКОЙЛ,LKOH,22383,1241072275.0,3881.5,3881.5,3920.0,3904.5,3908.0,3903.0,317560,3908.5,3908.5,,1126002422.0,1126002422.0,,0.0,3,SUR,0.05,
TQBR,2023-02-28,ЛУКОЙЛ,LKOH,62680,4667836468.0,3905.5,3903.0,4021.0,3965.0,3972.5,3990.0,1174897,3972.0,3972.0,,4359899553.5,4359899553.5,,0.0,3,SUR,2.23,
TQBR,2023-03-01,ЛУКОЙЛ,LKOH,52501,3335690108.0,4012.0,3978.0,4060.0,4042.0,4028.0,4056.0,827958,4027.5,4027.5,,3079282808.5,3079282808.5,,0.0,3,SUR,1.65,
TQBR,2023-03-02,ЛУКОЙЛ,LKOH,66449,4080875317.0,4056.5,3966.0,4078.0,4024.0,4026.5,4004.0,1013506,4027.0,4027.0,,3923321333.5,3923321333.5,,0.0,3,SUR,-1.28,
TQBR,2023-03-03,ЛУКОЙЛ,LKOH,26989,1884848205.0,4003.0,4001.5,4048.0,4030.0,4032.0,4030.5,467509,4031.5,4031.5,,1656395108.0,1656395108.0,,0.0,3,SUR,0.66,
TQBR,2023-03-06,ЛУКОЙЛ,LKOH,47890,3141144950.0,4048.0,4045.5,4129.0,4112.0,4093.5,4111.5,767483,4091.5,4091.5,,2938208790.5,2938208790.5,,0.0,3,SUR,2.01,
TQBR,2023-03-07,ЛУКОЙЛ,LKOH,27066,1838129744.0,4124.5,4090.0,4138.0,4124.0,4117.5,4125.0,446449,4117.0,4117.0,,1525371826.5,1525371826.5,,0.0,3,SUR,0.33,
TQBR,2023-03-09,ЛУКОЙЛ,LKOH,24407,1518196262.0,4125.0,4099.0,4136.0,4122.0,4114.0,4105.0,369041,4113.5,4113.5,,1326721938.5,1326721938.5,,0.0,3,SUR,-0.48,
TQBR,2023-03-10,ЛУКОЙЛ,LKOH,27699,1682036033.5,4088.0,4035.0,4111.0,4079.5,4085.0,4085.0,411767,4085.0,4085.0,,1540526857.0,1540526857.0,,0.0,3,SUR,-0.49,
TQBR,2023-03-13,ЛУКОЙЛ,LKOH,30779,1871834479.5,4090.5,4039.0,4120.0,4070.0,4081.5,4066.0,458634,4082.5,4082.5,,1749560430.5,1749560430.5,,0.0,3,SUR,-0.47,
TQBR,2023-03-14,ЛУКОЙЛ,LKOH,25427,1482053216.5,4059.0,4044.0,4095.0,4093.0,4068.0,4063.0,364334,4068.0,4068.0,,1160207329.0,1160207329.0,,0.0,3,SUR,-0.07,
TQBR,2023-03-15,ЛУКОЙЛ,LKOH,41832,2180120857.5,4077.0,4009.0,4079.0,4032.0,4038.5,4022.0,540003,4040.5,4040.5,,1857615383.5,1857615383.5,,0.0,3,SUR,-1.01,
TQBR,2023-03-16,ЛУКОЙЛ,LKOH,33005,2538548960.5,4013.0,4011.0,4092.0,4064.0,4039.5,4084.0,628469,4034.5,4034.5,,2226760875.5,2226760875.5,,0.0,3,SUR,1.54,
TQBR,2023-03-17,ЛУКОЙЛ,LKOH,58486,3791985622.5,4095.0,4073.0,4140.0,4124.5,4113.5,4111.5,921975,4113.0,4113.0,,3548892042.5,3548892042.5,,0.0,3,SUR,0.67,
TQBR,2023-03-20,ЛУКОЙЛ,LKOH,61942,4017478711.5,4128.0,4090.5,4247.5,4240.0,4180.5,4228.5,961015,4172.5,4172.5,,3463352373.5,3463352373.5,,0.0,3,SUR,2.85,
TQBR,2023-03-21,ЛУКОЙЛ,LKOH,53358,3748527430.5,4230.0,4167.5,4287.5,4227.0,4227.5,4216.5,886701,4232.5,4232.5,,3094228651.0,3094228651.0,,0.0,3,SUR,-0.28,
TQBR,2023-03-22,ЛУКОЙЛ,LKOH,24758,1772355509.5,4216.0,4184.0,4254.0,4228.0,4221.5,4192.5,419844,4225.5,4225.5,,1381468258.5,1381468258.5,,0.0,3,SUR,-0.57,
TQBR,2023-03-23,ЛУКОЙЛ,LKOH,25998,1563789918.0,4199.5,4159.0,4215.0,4180.0,4182.0,4177.5,373939,4183.0,4183.0,,1415358556.5,1415358556.5,,0.0,3,SUR,-0.36,
TQBR,2023-03-24,ЛУКОЙЛ,LKOH,16873,1017039867.5,4178.0,4158.0,4221.0,4210.0,4195.0,4206.5,242457,4193.0,4193.0,,888013605.5,888013605.5,,0.0,3,SUR,0.69,
TQBR,2023-03-27,ЛУКОЙЛ,LKOH,36802,2508887838.5,4230.0,4217.0,4343.5,4305.5,4277.5,4322.0,586534,4264.5,4264.5,,1950792032.0,1950792032.0,,0.0,3,SUR,2.75,
TQBR,2023-03-28,ЛУКОЙЛ,LKOH,31521,2114506351.0,4331.0,4271.0,4350.5,4327.5,4310.5,4320.0,490573,4309.0,4309.0,,1922943239.0,1922943239.0,,0.0,3,SUR,-0.05,
TQBR,2023-03-29,ЛУКОЙЛ,LKOH,27429,1827180782.5,4323.0,4294.0,4360.0,4351.5,4331.5,4342.0,421821,4331.0,4331.0,,1727538204.5,1727538204.5,,0.0,3,SUR,0.51,
TQBR,2023-03-30,ЛУКОЙЛ,LKOH,29059,1921369366.5,4349.5,4320.0,4388.5,4388.5,4364.5,4382.5,440238,4363.0,4363.0,,1783231935.5,1783231935.5,,0.0,3,SUR,0.93,
TQBR,2023-03-31,ЛУКОЙЛ,LKOH,47897,2927309853.0,4379.0,4280.5,4389.0,4359.0,4333.0,4352.5,675588,4331.5,4331.5,,2709833564.5,2709833564.5,,0.0,3,SUR,-0.68,
TQBR,2023-04-03,ЛУКОЙЛ,LKOH,64557,5059469766.5,4499.5,4422.0,4508.5,4451.0,4472.0,4473.5,1131475,4472.0,4472.0,,4638416355.5,4638416355.5,,0.0,3,SUR,2.78,
TQBR,2023-04-04,ЛУКОЙЛ,LKOH,45051,4159083536.5,4491.5,4476.5,4575.5,4500.0,4530.5,4510.5,918078,4532.5,4532.5,,3819770826.0,3819770826.0,,0.0,3,SUR,0.83,
TQBR,2023-04-05,ЛУКОЙЛ,LKOH,31106,2515854873.5,4509.5,4460.0,4545.0,4545.0,4497.5,4540.0,559414,4492.5,4492.5,,2200248980.5,2200248980.5,,0.0,3,SUR,0.65,
TQBR,2023-04-06,ЛУКОЙЛ,LKOH,53912,4307253711.0,4541.5,4475.5,4623.5,4577.5,4592.5,4585.0,937866,4596.0,4596.0,,3754900105.0,3754900105.0,,0.0,3,SUR,0.99,
TQBR,2023-04-07,ЛУКОЙЛ,LKOH,44008,2953973772.0,4610.5,4520.0,4638.5,4600.0,4597.0,4637.0,642433,4594.5,4594.5,,2552411786.5,2552411786.5,,0.0,3,SUR,1.13,
TQBR,2023-04-10,ЛУКОЙЛ,LKOH,42214,2812793727.0,4636.0,4620.0,4661.0,4644.5,4643.0,4650.5,605838,4642.0,4642.0,,2476868286.0,2476868286.0,,0.0,3,SUR,0.29,
TQBR,2023-04-11,ЛУКОЙЛ,LKOH,48561,4178663868.5,4650.5,4575.0,4689.0,4645.0,4651.0,4620.0,898479,4653.0,4653.0,,3833251484.5,3833251484.5,,0.0,3,SUR,-0.66,
TQBR,2023-04-12,ЛУКОЙЛ,LKOH,44531,4384764374.5,4668.0,4630.0,4728.5,4650.0,4674.0,4670.0,937989,4674.5,4674.5,,4002074442.0,4002074442.0,,0.0,3,SUR,1.08,
TQBR,2023-04-13,ЛУКОЙЛ,LKOH,49697,4181063102.0,4686.0,4590.0,4686.0,4640.0,4629.0,4612.5,903150,4630.5,4630.5,,3810776107.0,3810776107.0,,0.0,3,SUR,-1.23,
TQBR,2023-04-14,ЛУКОЙЛ,LKOH,53041,4383066870.0,4612.5,4553.5,4629.0,4608.0,4584.5,4618.0,956035,4581.5,4581.5,,3915166044.5,3915166044.5,,0.0,3,SUR,0.12,
TQBR,2023-04-17,ЛУКОЙЛ,LKOH,43453,3084899392.5,4660.0,4629.5,4670.0,4650.0,4649.5,4640.0,663501,4651.0,4651.0,,2496643389.0,2496643389.0,,0.0,3,SUR,0.48,
TQBR,2023-04-18,ЛУКОЙЛ,LKOH,53327,4088555102.0,4649.5,4583.5,4658.0,4614.0,4614.0,4599.5,886105,4615.0,4615.0,,3517518245.0,3517518245.0,,0.0,3,SUR,-0.87,
TQBR,2023-04-19,ЛУКОЙЛ,LKOH,64601,5631231077.0,4600.0,4528.0,4609.5,4550.0,4566.5,4539.5,1233167,4568.0,4568.0,,5126072056.5,5126072056.5,,0.0,3,SUR,-1.3,
TQBR,2023-04-20,ЛУКОЙЛ,LKOH,147622,17086297863.5,4539.5,4462.0,4794.5,4760.0,4667.0,4746.0,3660601,4662.0,4662.0,,16006882600.5,16006882600.5,,0.0,3,SUR,4.55,
TQBR,2023-04-21,ЛУКОЙЛ,LKOH,39564,4055912112.5,4759.5,4711.0,4776.5,4726.5,4742.0,4729.5,855354,4743.0,4743.0,,3724059491.0,3724059491.0,,0.0,3,SUR,-0.35,
TQBR,2023-04-24,ЛУКОЙЛ,LKOH,32894,2508114138.5,4728.5,4692.5,4750.0,4714.0,4721.5,4710.5,531210,4722.0,4722.0,,2344218853.0,2344218853.0,,0.0,3,SUR,-0.4,
TQBR,2023-04-25,ЛУКОЙЛ,LKOH,20894,1840732536.0,4714.0,4678.0,4720.0,4708.0,4700.5,4689.0,391565,4702.5,4702.5,,1610024287.5,1610024287.5,,0.0,3,SUR,-0.46,
TQBR,2023-04-26,ЛУКОЙЛ,LKOH,42835,3019460582.5,4695.0,4627.5,4706.0,4680.0,4667.5,4659.0,646923,4666.5,4666.5,,2539862806.0,2539862806.0,,0.0,3,SUR,-0.64,
TQBR,2023-04-27,ЛУКОЙЛ,LKOH,24108,2394979843.5,4659.0,4655.0,4710.5,4689.0,4689.0,4700.0,510777,4688.5,4688.5,,2189737358.5,2189737358.5,,0.0,3,SUR,0.88,
TQBR,2023-04-28,ЛУКОЙЛ,LKOH,29084,2530129370.5,4710.0,4641.5,4710.0,4690.0,4675.0,4674.5,541274,4674.5,4674.5,,2292034495.0,2292034495.0,,0.0,3,SUR,-0.54,
TQBR,2023-05-02,ЛУКОЙЛ,LKOH,47444,3966339730.5,4680.0,4552.0,4705.0,4610.0,4628.0,4581.0,856737,4634.0,4634.0,,3574631813.0,3574631813.0,,0.0,3,SUR,-2.0,
TQBR,2023-05-03,ЛУКОЙЛ,LKOH,62958,5062956176.5,4581.0,4491.0,4638.0,4521.0,4569.0,4508.5,1108207,4582.0,4582.0,,4039432966.0,4039432966.0,,0.0,3,SUR,-1.58,
TQBR,2023-05-04,ЛУКОЙЛ,LKOH,27224,2231532965.5,4529.5,4512.5,4564.5,4515.0,4536.0,4547.5,491929,4536.5,4536.5,,2003490678.5,2003490678.5,,0.0,3,SUR,0.87,
TQBR,2023-05-05,ЛУКОЙЛ,LKOH,26116,1964045634.0,4547.5,4501.5,4557.5,4528.0,4528.0,4509.0,433747,4531.5,4531.5,,1590527084.5,1590527084.5,,0.0,3,SUR,-0.85,
TQBR,2023-05-08,ЛУКОЙЛ,LKOH,19250,1658042916.5,4524.5,4517.5,4599.5,4558.5,4561.0,4564.5,363539,4559.5,4559.5,,1407013320.0,1407013320.0,,0.0,3,SUR,1.23,
TQBR,2023-05-10,ЛУКОЙЛ,LKOH,57647,4704659900.5,4560.0,4559.0,4716.0,4672.0,4667.0,4716.0,1008279,4660.0,4660.0,,4041243476.5,4041243476.5,,0.0,3,SUR,3.32,
TQBR,2023-05-11,ЛУКОЙЛ,LKOH,113328,11337129330.0,4728.5,4681.0,4849.5,4817.5,4787.5,4788.5,2368559,4803.5,4803.5,,7475723557.5,7475723557.5,,0.0,3,SUR,1.54,
TQBR,2023-05-12,ЛУКОЙЛ,LKOH,46638,4674851704.0,4800.0,4751.0,4842.5,4802.5,4802.5,4819.0,973509,4801.5,4801.5,,4152843609.5,4152843609.5,,0.0,3,SUR,0.64,
TQBR,2023-05-15,ЛУКОЙЛ,LKOH,100794,9306615680.0,4840.0,4838.0,5055.0,4980.0,4952.0,5045.5,1879341,4934.5,4934.5,,7128523663.0,7128523663.0,,0.0,3,SUR,4.7,
TQBR,2023-05-16,ЛУКОЙЛ,LKOH,77583,7558944142.5,5068.0,5020.5,5120.0,5075.0,5085.0,5086.0,1486446,5085.0,5085.0,,7149217312.5,7149217312.5,,0.0,3,SUR,0.8,
TQBR,2023-05-17,ЛУКОЙЛ,LKOH,37892,3524580159.5,5094.5,5060.5,5120.0,5088.5,5087.0,5097.0,692804,5087.0,5087.0,,3139218121.0,3139218121.0,,0.0,3,SUR,0.22,
TQBR,2023-05-18,ЛУКОЙЛ,LKOH,35564,3387053164.5,5110.0,5070.0,5120.0,5096.0,5090.5,5075.0,665351,5092.5,5092.5,,2913621687.5,2913621687.5,,0.0,3,SUR,-0.43,
TQBR,2023-05-19,ЛУКОЙЛ,LKOH,40028,3378909996.5,5070.0,5013.0,5078.5,5059.0,5047.5,5078.5,669407,5046.5,5046.5,,2981627018.0,2981627018.0,,0.0,3,SUR,0.07,
TQBR,2023-05-22,ЛУКОЙЛ,LKOH,27346,2385761006.5,5112.0,5057.0,5116.0,5068.0,5081.5,5090.0,469490,5081.5,5081.5,,2083192395.0,2083192395.0,,0.0,3,SUR,0.23,
TQBR,2023-05-23,ЛУКОЙЛ,LKOH,42137,4757087119.0,5094.0,5065.0,5174.0,5115.0,5113.0,5173.0,930012,5094.0,5094.0,,2891654765.0,2891654765.0,,0.0,3,SUR,1.63,
TQBR,2023-05-24,ЛУКОЙЛ,LKOH,43450,4938393893.0,5185.0,5142.0,5215.0,5190.5,5172.5,5192.0,953702,5173.0,5173.0,,3949901825.0,3949901825.0,,0.0,3,SUR,0.37,
TQBR,2023-05-25,ЛУКОЙЛ,LKOH,67775,4462642673.0,5198.0,5160.5,5209.0,5200.0,5195.5,5203.5,858843,5195.5,5195.5,,4018983275.5,4018983275.5,,0.0,3,SUR,0.22,
TQBR,2023-05-26,ЛУКОЙЛ,LKOH,55157,5139367859.0,5207.5,5203.0,5298.5,5276.0,5247.0,5296.5,979241,5238.5,5238.5,,4147015075.5,4147015075.5,,0.0,3,SUR,1.79,
TQBR,2023-05-29,ЛУКОЙЛ,LKOH,105470,12141850403.0,5341.0,5332.0,5547.5,5533.0,5478.5,5538.5,2215860,5473.5,5473.5,,10874737946.5,10874737946.5,,0.0,3,SUR,4.57,
TQBR,2023-05-30,ЛУКОЙЛ,LKOH,128916,14462701872.0,5515.0,5461.5,5698.5,5501.0,5599.5,5530.0,2582957,5605.0,5605.0,,13055445696.5,13055445696.5,,0.0,3,SUR,-0.15,
TQBR,2023-05-31,ЛУКОЙЛ,LKOH,67664,6324434583.5,5590.5,5505.0,5594.0,5575.0,5556.0,5569.0,1138315,5553.5,5553.5,,5370767144.0,5370767144.0,,0.0,3,SUR,0.71,
TQBR,2023-06-01,ЛУКОЙЛ,LKOH,98016,9935747200.0,5570.0,5540.0,5685.0,5653.0,5628.5,5684.0,1765312,5616.5,5616.5,,7044051004.5,7044051004.5,,0.0,3,SUR,2.07,
TQBR,2023-06-02,ЛУКОЙЛ,LKOH,196226,17412550068.0,5303.0,5302.0,5454.0,5361.5,5388.5,5383.0,3232253,5387.5,5387.5,,16702463718.5,16702463718.5,,0.0,3,SUR,-5.3,
TQBR,2023-06-05,ЛУКОЙЛ,LKOH,153372,11035204917.0,5401.0,5155.5,5420.0,5232.0,5272.0,5166.5,2093226,5280.0,5280.0,,10116872041.5,10116872041.5,,0.0,3,SUR,-4.02,
TQBR,2023-06-06,ЛУКОЙЛ,LKOH,118728,11124598806.0,5145.0,4962.5,5175.5,5123.0,5064.0,5149.5,2197270,5055.5,5055.5,,10264730424.5,10264730424.5,,0.0,3,SUR,-0.33,
TQBR,2023-06-07,ЛУКОЙЛ,LKOH,81510,4772425825.0,5164.5,5073.0,5164.5,5124.5,5113.5,5101.0,933289,5115.0,5115.0,,4385800026.5,4385800026.5,,0.0,3,SUR,-0.94,
TQBR,2023-06-08,ЛУКОЙЛ,LKOH,73030,3756669177.5,5101.0,5041.0,5111.0,5085.0,5069.5,5065.0,741006,5069.5,5069.5,,3458250397.5,3458250397.5,,0.0,3,SUR,-0.71,
TQBR,2023-06-09,ЛУКОЙЛ,LKOH,36980,2658745072.0,5082.0,5070.0,5112.5,5086.0,5088.5,5077.0,522435,5090.5,5090.5,,2350189690.5,2350189690.5,,0.0,3,SUR,0.24,
TQBR,2023-06-13,ЛУКОЙЛ,LKOH,68458,7162980383.5,5092.0,5077.0,5265.5,5233.0,5205.5,5264.0,1376175,5198.0,5198.0,,6243669302.5,6243669302.5,,0.0,3,SUR,3.68,
TQBR,2023-06-14,ЛУКОЙЛ,LKOH,47546,4867280057.5,5299.0,5205.5,5324.0,5235.0,5258.0,5246.0,925722,5258.5,5258.5,,4380610557.5,4380610557.5,,0.0,3,SUR,-0.34,
TQBR,2023-06-15,ЛУКОЙЛ,LKOH,53952,5576232224.5,5251.5,5226.0,5319.5,5298.5,5278.0,5302.5,1056143,5277.5,5277.5,,4918955359.0,4918955359.0,,0.0,3,SUR,1.08,
TQBR,2023-06-16,ЛУКОЙЛ,LKOH,34389,3012883537.0,5309.5,5243.5,5330.0,5284.5,5276.0,5260.5,571053,5278.5,5278.5,,2521927821.5,2521927821.5,,0.0,3,SUR,-0.79,
TQBR,2023-06-19,ЛУКОЙЛ,LKOH,51460,4036066120.5,5262.0,5177.0,5297.5,5228.5,5217.0,5194.0,773461,5219.5,5219.5,,3660272514.5,3660272514.5,,0.0,3,SUR,-1.26,
TQBR,2023-06-20,ЛУКОЙЛ,LKOH,57862,5029426926.5,5190.0,5081.0,5194.0,5165.0,5142.5,5150.5,977789,5143.0,5143.0,,4736003152.5,4736003152.5,,0.0,3,SUR,-0.84,
TQBR,2023-06-21,ЛУКОЙЛ,LKOH,38283,3311940340.0,5152.5,5110.0,5166.5,5148.5,5135.0,5125.0,644977,5135.0,5135.0,,3061624754.0,3061624754.0,,0.0,3,SUR,-0.5,
TQBR,2023-06-22,ЛУКОЙЛ,LKOH,38366,3107143307.5,5134.0,5103.0,5189.0,5163.0,5146.5,5137.0,603808,5147.0,5147.0,,2526274611.5,2526274611.5,,0.0,3,SUR,0.23,
TQBR,2023-06-23,ЛУКОЙЛ,LKOH,65445,5422282936.5,5130.0,5004.0,5145.0,5127.5,5076.0,5030.0,1068303,5100.0,5100.0,,3053861674.0,3053861674.0,,0.0,3,SUR,-2.08,
TQBR,2023-06-26,ЛУКОЙЛ,LKOH,73317,6010509695.5,5100.0,4965.0,5114.0,5056.5,5049.0,5048.5,1190426,5070.5,5070.5,,3311450319.5,3311450319.5,,0.0,3,SUR,0.37,
TQBR,2023-06-27,ЛУКОЙЛ,LKOH,50424,4740654477.5,5077.0,5031.0,5158.5,5133.0,5128.5,5138.0,924408,5128.0,5128.0,,4236069533.5,4236069533.5,,0.0,3,SUR,1.77,
TQBR,2023-06-28,ЛУКОЙЛ,LKOH,49579,3598742609.0,5150.0,5082.0,5155.0,5119.0,5119.5,5108.0,702887,5121.5,5121.5,,3225402515.5,3225402515.5,,0.0,3,SUR,-0.58,
TQBR,2023-06-29,ЛУКОЙЛ,LKOH,39355,3807086554.0,5116.5,5096.0,5150.0,5135.0,5129.5,5124.0,742239,5129.5,5129.5,,3453555209.0,3453555209.0,,0.0,3,SUR,0.31,
TQBR,2023-06-30,ЛУКОЙЛ,LKOH,32906,3629031080.0,5127.0,5063.0,5139.0,5114.5,5099.5,5079.0,711614,5099.0,5099.0,,3129211891.0,3129211891.0,,0.0,3,SUR,-0.88,
TQBR,2023-07-03,ЛУКОЙЛ,LKOH,32042,3260193013.5,5099.0,5080.0,5123.0,5095.5,5106.5,5095.5,638455,5107.0,5107.0,,3044383531.5,3044383531.5,,0.0,3,SUR,0.32,
TQBR,2023-07-04,ЛУКОЙЛ,LKOH,70267,7617815970.5,5110.0,5082.0,5260.0,5243.0,5189.0,5209.0,1467875,5183.0,5183.0,,6108713690.0,6108713690.0,,0.0,3,SUR,2.23,
TQBR,2023-07-05,ЛУКОЙЛ,LKOH,61041,6382574352.0,5225.0,5221.5,5311.0,5275.0,5277.5,5298.5,1209399,5276.5,5276.5,,5812426663.0,5812426663.0,,0.0,3,SUR,1.72,
TQBR,2023-07-06,ЛУКОЙЛ,LKOH,67535,7543814801.0,5320.0,5304.0,5390.0,5315.5,5351.0,5347.0,1410043,5350.5,5350.5,,7177062271.5,7177062271.5,,0.0,3,SUR,0.92,
TQBR,2023-07-07,ЛУКОЙЛ,LKOH,51984,7025318572.0,5362.0,5326.0,5446.5,5420.0,5407.5,5439.5,1299189,5404.5,5404.5,,6157351847.0,6157351847.0,,0.0,3,SUR,1.73,
TQBR,2023-07-10,ЛУКОЙЛ,LKOH,62380,5981493667.0,5475.5,5404.0,5505.5,5436.0,5451.5,5436.0,1097047,5454.5,5454.5,,5518796523.0,5518796523.0,,0.0,3,SUR,-0.06,
TQBR,2023-07-11,ЛУКОЙЛ,LKOH,38346,3740344228.0,5440.5,5366.5,5449.5,5422.0,5410.5,5439.0,691228,5408.5,5408.5,,3285345178.0,3285345178.0,,0.0,3,SUR,0.06,
TQBR,2023-07-12,ЛУКОЙЛ,LKOH,55616,6751311312.5,5442.0,5377.5,5535.0,5515.0,5494.0,5500.0,1229029,5499.0,5499.0,,5087249154.0,5087249154.0,,0.0,3,SUR,1.12,
TQBR,2023-07-13,ЛУКОЙЛ,LKOH,36789,3967481491.5,5531.0,5461.0,5549.5,5501.5,5502.0,5498.0,721187,5501.5,5501.5,,3751942318.5,3751942318.5,,0.0,3,SUR,-0.04,
TQBR,2023-07-14,ЛУКОЙЛ,LKOH,35426,4371988986.5,5488.0,5450.0,5550.0,5515.0,5521.0,5514.0,792177,5519.0,5519.0,,4076733660.0,4076733660.0,,0.0,3,SUR,0.29,
TQBR,2023-07-17,ЛУКОЙЛ,LKOH,47942,4227845386.0,5490.0,5462.5,5535.0,5510.5,5507.5,5503.0,767646,5507.5,5507.5,,3857388806.0,3857388806.0,,0.0,3,SUR,-0.2,
TQBR,2023-07-18,ЛУКОЙЛ,LKOH,55752,6377872411.5,5514.5,5481.0,5585.0,5535.0,5544.5,5537.5,1150298,5544.5,5544.5,,6009081309.0,6009081309.0,,0.0,3,SUR,0.63,
TQBR,2023-07-19,ЛУКОЙЛ,LKOH,39945,3371241853.5,5541.0,5495.0,5568.0,5515.0,5518.5,5518.0,610875,5520.5,5520.5,,2874412557.0,2874412557.0,,0.0,3,SUR,-0.35,
TQBR,2023-07-20,ЛУКОЙЛ,LKOH,61230,4715606423.0,5518.0,5381.0,5520.0,5447.5,5458.0,5394.0,864108,5474.0,5474.0,,3500384037.5,3500384037.5,,0.0,3,SUR,-2.25,
TQBR,2023-07-21,ЛУКОЙЛ,LKOH,50422,3518231790.5,5410.0,5397.5,5505.0,5492.0,5468.0,5505.0,643480,5463.5,5463.5,,3096264131.0,3096264131.0,,0.0,3,SUR,2.06,
TQBR,2023-07-24,ЛУКОЙЛ,LKOH,35582,3456821530.0,5508.0,5491.0,5554.0,5504.0,5519.5,5545.5,626210,5514.5,5514.5,,2438517185.0,2438517185.0,,0.0,3,SUR,0.74,
TQBR,2023-07-25,ЛУКОЙЛ,LKOH,67998,6844368601.5,5555.5,5532.5,5649.5,5645.0,5601.0,5633.5,1221979,5596.0,5596.0,,6067790143.5,6067790143.5,,0.0,3,SUR,1.59,
TQBR,2023-07-26,ЛУКОЙЛ,LKOH,42594,4302002825.5,5636.0,5591.0,5665.5,5623.5,5631.0,5626.0,763971,5631.0,5631.0,,4023637663.5,4023637663.5,,0.0,3,SUR,-0.13,
TQBR,2023-07-27,ЛУКОЙЛ,LKOH,34587,3591962804.5,5638.0,5637.5,5678.0,5661.5,5666.0,5668.0,633923,5666.0,5666.0,,3192870684.5,3192870684.5,,0.0,3,SUR,0.75,
TQBR,2023-07-28,ЛУКОЙЛ,LKOH,90171,10788401148.5,5679.0,5654.5,5917.0,5829.5,5780.0,5896.0,1866234,5746.5,5746.5,,7854021558.0,7854021558.0,,0.0,3,SUR,4.02,
TQBR,2023-07-31,ЛУКОЙЛ,LKOH,83645,9279307154.0,5952.5,5905.5,5999.5,5955.0,5961.5,5938.0,1556499,5963.0,5963.0,,8642207717.5,8642207717.5,,0.0,3,SUR,0.71,
TQBR,2023-08-01,ЛУКОЙЛ,LKOH,79693,8019253542.5,5940.5,5883.0,6049.0,6002.5,5978.5,6008.0,1341457,5975.5,5975.5,,7342466062.0,7342466062.0,,0.0,3,SUR,1.18,
TQBR,2023-08-02,ЛУКОЙЛ,LKOH,85842,7986643495.5,6008.0,5960.0,6123.0,6042.0,6068.0,6069.5,1316225,6068.5,6068.5,,7363949912.5,7363949912.5,,0.0,3,SUR,1.02,
TQBR,2023-08-03,ЛУКОЙЛ,LKOH,62454,6117297819.5,6066.0,6040.0,6168.0,6121.5,6119.0,6155.0,999735,6112.5,6112.5,,5146305017.5,5146305017.5,,0.0,3,SUR,1.41,
TQBR,2023-08-04,ЛУКОЙЛ,LKOH,138391,17457885116.5,6170.0,5951.5,6270.0,6051.0,6144.5,6103.0,2841306,6162.0,6162.0,,14804313835.0,14804313835.0,,0.0,3,SUR,-0.84,
TQBR,2023-08-07,ЛУКОЙЛ,LKOH,86092,8623913811.0,6177.0,5975.0,6210.0,6052.5,6117.5,6048.5,1409863,6143.5,6143.5,,6762590528.5,6762590528.5,,0.0,3,SUR,-0.89,
TQBR,2023-08-08,ЛУКОЙЛ,LKOH,80577,9358005945.0,6040.0,5925.0,6135.0,6080.0,6022.0,6124.5,1553747,6015.5,6015.5,,8668640720.0,8668640720.0,,0.0,3,SUR,1.26,
TQBR,2023-08-09,ЛУКОЙЛ,LKOH,50996,5782564052.5,6130.0,6073.0,6185.0,6130.0,6145.0,6171.5,941045,6144.0,6144.0,,5201815172.5,5201815172.5,,0.0,3,SUR,0.77,
TQBR,2023-08-10,ЛУКОЙЛ,LKOH,58456,6349833883.5,6185.0,6155.0,6258.0,6249.0,6216.5,6252.0,1021463,6211.5,6211.5,,5486766353.5,5486766353.5,,0.0,3,SUR,1.3,
TQBR,2023-08-11,ЛУКОЙЛ,LKOH,51669,4930413401.5,6265.0,6205.0,6287.0,6245.0,6249.5,6284.5,788917,6243.5,6243.5,,3930407854.0,3930407854.0,,0.0,3,SUR,0.52,
TQBR,2023-08-14,ЛУКОЙЛ,LKOH,166049,19004042624.5,6322.0,6011.5,6428.0,6196.5,6259.5,6127.5,3036111,6287.5,6287.5,,15850079012.0,15850079012.0,,0.0,3,SUR,-2.5,
TQBR,2023-08-15,ЛУКОЙЛ,LKOH,108499,14110258518.5,6089.5,6008.0,6290.0,6183.0,6202.5,6131.5,2275173,6206.0,6206.0,,12766994091.5,12766994091.5,,0.0,3,SUR,0.07,
TQBR,2023-08-16,ЛУКОЙЛ,LKOH,98392,12107406770.0,6156.5,5990.5,6198.0,6094.0,6077.5,6094.5,1992176,6075.5,6075.5,,11023868894.5,11023868894.5,,0.0,3,SUR,-0.6,
TQBR,2023-08-17,ЛУКОЙЛ,LKOH,47066,5517545139.0,6160.0,6062.0,6167.0,6113.0,6126.5,6162.0,900508,6125.5,6125.5,,4904633197.5,4904633197.5,,0.0,3,SUR,1.11,
TQBR,2023-08-18,ЛУКОЙЛ,LKOH,50689,5699273253.5,6167.0,6122.5,6285.0,6249.5,6203.5,6277.5,918710,6188.0,6188.0,,4543523108.5,4543523108.5,,0.0,3,SUR,1.87,
TQBR,2023-08-21,ЛУКОЙЛ,LKOH,59767,7489249639.0,6295.0,6237.0,6338.0,6260.0,6293.0,6265.5,1190057,6295.0,6295.0,,6996827463.5,6996827463.5,,0.0,3,SUR,-0.19,
TQBR,2023-08-22,ЛУКОЙЛ,LKOH,196503,34763622728.0,6265.5,6216.5,6677.0,6567.0,6554.5,6606.5,5303696,6550.0,6550.0,,31562009448.0,31562009448.0,,0.0,3,SUR,5.44,
TQBR,2023-08-23,ЛУКОЙЛ,LKOH,148188,19178937933.5,6632.0,6364.0,6654.0,6545.0,6502.0,6412.5,2949873,6530.5,6530.5,,13519599509.0,13519599509.0,,0.0,3,SUR,-2.94,
TQBR,2023-08-24,ЛУКОЙЛ,LKOH,60566,8050637122.5,6497.5,6432.0,6571.5,6515.0,6498.5,6561.5,1238864,6486.0,6486.0,,6480020370.5,6480020370.5,,0.0,3,SUR,2.32,
TQBR,2023-08-25,ЛУКОЙЛ,LKOH,41442,5012840120.5,6562.5,6513.5,6592.5,6560.0,6558.0,6566.0,764285,6558.5,6558.5,,4333530522.0,4333530522.0,,0.0,3,SUR,0.07,
TQBR,2023-08-28,ЛУКОЙЛ,LKOH,52135,6044555485.0,6570.5,6560.0,6665.0,6620.5,6614.0,6662.0,913840,6608.5,6608.5,,4969796239.5,4969796239.5,,0.0,3,SUR,1.46,
TQBR,2023-08-29,ЛУКОЙЛ,LKOH,81422,13005805291.5,6673.5,6636.0,6780.0,6715.0,6696.0,6779.5,1942005,6683.5,6683.5,,10379938177.5,10379938177.5,,0.0,3,SUR,1.76,
TQBR,2023-08-30,ЛУКОЙЛ,LKOH,106659,14808316303.0,6789.0,6760.0,6900.0,6842.0,6842.5,6837.0,2164120,6842.0,6842.0,,13811182940.5,13811182940.5,,0.0,3,SUR,0.85,
TQBR,2023-08-31,ЛУКОЙЛ,LKOH,49663,5613714283.5,6858.5,6788.0,6875.0,6840.0,6827.5,6830.0,822172,6827.5,6827.5,,5067041432.0,5067041432.0,,0.0,3,SUR,-0.1,
TQBR,2023-09-01,ЛУКОЙЛ,LKOH,43880,4826501395.5,6839.0,6784.0,6848.0,6823.0,6804.5,6819.0,709297,6803.5,6803.5,,4342151068.5,4342151068.5,,0.0,3,SUR,-0.16,
TQBR,2023-09-04,ЛУКОЙЛ,LKOH,44825,4511135560.0,6844.0,6825.0,6870.0,6860.0,6844.5,6850.0,659054,6844.0,6844.0,,4056818486.5,4056818486.5,,0.0,3,SUR,0.45,
TQBR,2023-09-05,ЛУКОЙЛ,LKOH,55042,8247482246.0,6860.0,6847.0,6940.0,6900.5,6894.5,6916.0,1196241,6893.0,6893.0,,7583469804.0,7583469804.0,,0.0,3,SUR,0.96,
TQBR,2023-09-06,ЛУКОЙЛ,LKOH,42413,5300634718.5,6915.0,6832.5,6916.0,6855.5,6875.5,6867.5,770873,6877.0,6877.0,,4866784463.5,4866784463.5,,0.0,3,SUR,-0.7,
TQBR,2023-09-07,ЛУКОЙЛ,LKOH,115884,15293150277.0,6855.5,6571.5,6880.0,6645.0,6721.0,6666.5,2276051,6722.5,6722.5,,13821346081.5,13821346081.5,,0.0,3,SUR,-2.93,
TQBR,2023-09-08,ЛУКОЙЛ,LKOH,72461,8784859683.5,6660.0,6533.0,6724.0,6628.0,6612.0,6625.0,1328582,6611.5,6611.5,,8279689583.5,8279689583.5,,0.0,3,SUR,-0.62,
TQBR,2023-09-11,ЛУКОЙЛ,LKOH,74155,8506116922.0,6625.0,6435.0,6625.0,6529.0,6530.5,6456.0,1302524,6541.0,6541.0,,7136591591.0,7136591591.0,,0.0,3,SUR,-2.55,
TQBR,2023-09-12,ЛУКОЙЛ,LKOH,70724,10200209140.5,6500.0,6480.0,6730.0,6648.0,6620.5,6729.0,1540652,6602.0,6602.0,,8124845030.0,8124845030.0,,0.0,3,SUR,4.23,
TQBR,2023-09-13,ЛУКОЙЛ,LKOH,47933,7484237944.0,6738.0,6576.0,6739.0,6630.5,6653.5,6610.0,1124756,6660.0,6660.0,,6564294211.0,6564294211.0,,0.0,3,SUR,-1.77,
TQBR,2023-09-14,ЛУКОЙЛ,LKOH,80681,13452699372.0,6603.0,6346.0,6633.0,6538.0,6489.5,6519.0,2073404,6485.5,6485.5,,12321943851.0,12321943851.0,,0.0,3,SUR,-1.38,
TQBR,2023-09-15,ЛУКОЙЛ,LKOH,54170,8010328261.5,6520.0,6501.0,6609.0,6561.5,6549.0,6553.0,1223115,6548.5,6548.5,,7400517437.0,7400517437.0,,0.0,3,SUR,0.52,
TQBR,2023-09-18,ЛУКОЙЛ,LKOH,54031,6032646905.0,6600.0,6476.0,6655.0,6518.0,6570.0,6526.0,918186,6582.0,6582.0,,5154806483.0,5154806483.0,,0.0,3,SUR,-0.41,
TQBR,2023-09-19,ЛУКОЙЛ,LKOH,85445,9841699462.0,6525.5,6326.5,6560.0,6420.5,6424.0,6344.0,1532037,6429.5,6429.5,,8635581849.5,8635581849.5,,0.0,3,SUR,-2.79,
TQBR,2023-09-20,ЛУКОЙЛ,LKOH,83145,11983960679.0,6350.0,6280.0,6499.0,6432.5,6412.0,6423.0,1870029,6407.5,6407.5,,11276733220.5,11276733220.5,,0.0,3,SUR,1.25,
TQBR,2023-09-21,ЛУКОЙЛ,LKOH,89876,9343044898.5,6400.0,6350.0,6428.0,6400.0,6388.5,6379.0,1462407,6389.0,6389.0,,8640268784.5,8640268784.5,,0.0,3,SUR,-0.69,
TQBR,2023-09-22,ЛУКОЙЛ,LKOH,52840,7180645807.5,6397.0,6305.0,6517.0,6504.5,6449.5,6495.0,1113523,6445.0,6445.0,,6652516547.5,6652516547.5,,0.0,3,SUR,1.82,
TQBR,2023-09-25,ЛУКОЙЛ,LKOH,43421,4461752401.0,6500.0,6426.0,6525.0,6467.0,6456.0,6449.0,691002,6458.0,6458.0,,4104185545.5,4104185545.5,,0.0,3,SUR,-0.71,
TQBR,2023-09-26,ЛУКОЙЛ,LKOH,52095,5995033305.5,6430.0,6322.0,6438.0,6409.0,6375.5,6386.0,940344,6373.5,6373.5,,5459392923.5,5459392923.5,,0.0,3,SUR,-0.98,
TQBR,2023-09-27,ЛУКОЙЛ,LKOH,43811,4718821532.0,6412.0,6404.5,6500.0,6473.5,6461.0,6490.0,730314,6459.5,6459.5,,4309024557.5,4309024557.5,,0.0,3,SUR,1.63,
TQBR,2023-09-28,ЛУКОЙЛ,LKOH,53010,6499171205.5,6502.0,6501.5,6645.5,6629.0,6583.0,6645.5,987307,6578.0,6578.0,,5826085847.5,5826085847.5,,0.0,3,SUR,2.4,
TQBR,2023-09-29,ЛУКОЙЛ,LKOH,53890,6383255566.5,6650.0,6603.5,6700.0,6687.0,6657.5,6677.0,958782,6654.5,6654.5,,5614196926.5,5614196926.5,,0.0,3,SUR,0.47,
TQBR,2023-10-02,ЛУКОЙЛ,LKOH,58520,7477418536.5,6716.5,6658.5,6797.5,6714.5,6744.0,6720.0,1108736,6745.5,6745.5,,7063478642.5,7063478642.5,,0.0,3,SUR,0.64,
TQBR,2023-10-03,ЛУКОЙЛ,LKOH,51433,6402644543.0,6720.0,6636.5,6784.0,6761.0,6709.5,6754.5,954481,6699.5,6699.5,,5515706802.5,5515706802.5,,0.0,3,SUR,0.51,
TQBR,2023-10-04,ЛУКОЙЛ,LKOH,49907,6119352880.5,6740.0,6659.5,6815.0,6721.5,6755.5,6660.5,905828,6769.5,6769.5,,5034005197.5,5034005197.5,,0.0,3,SUR,-1.39,
TQBR,2023-10-05,ЛУКОЙЛ,LKOH,39729,4974584504.5,6706.0,6645.0,6759.5,6725.0,6710.5,6721.5,741317,6712.0,6712.0,,4207678787.5,4207678787.5,,0.0,3,SUR,0.92,
TQBR,2023-10-06,ЛУКОЙЛ,LKOH,35379,5318510792.5,6749.5,6717.0,6797.0,6774.5,6760.5,6797.0,786722,6756.0,6756.0,,4545304424.0,4545304424.0,,0.0,3,SUR,1.12,
TQBR,2023-10-09,ЛУКОЙЛ,LKOH,64428,7615757279.0,6880.0,6822.0,6895.5,6870.0,6868.0,6863.5,1108933,6870.0,6870.0,,6776850595.0,6776850595.0,,0.0,3,SUR,0.98,
TQBR,2023-10-10,ЛУКОЙЛ,LKOH,40870,3783193246.5,6874.0,6822.5,6880.0,6837.0,6851.0,6853.5,552196,6852.5,6852.5,,3324262793.5,3324262793.5,,0.0,3,SUR,-0.15,
TQBR,2023-10-11,ЛУКОЙЛ,LKOH,190370,24211871421.0,6864.5,6835.5,7099.5,7059.0,6982.5,6890.5,3467588,6989.0,6989.0,,16594455184.0,16594455184.0,,0.0,3,SUR,0.54,
TQBR,2023-10-12,ЛУКОЙЛ,LKOH,153937,19156873466.5,6862.5,6848.0,7154.0,7075.5,7043.0,7120.0,2719991,7039.5,7039.5,,17895082413.0,17895082413.0,,0.0,3,SUR,3.33,
TQBR,2023-10-13,ЛУКОЙЛ,LKOH,125166,12045578400.0,7143.0,7136.0,7250.0,7193.0,7183.5,7244.0,1676799,7179.0,7179.0,,10484115811.5,10484115811.5,,0.0,3,SUR,1.74,
TQBR,2023-10-16,ЛУКОЙЛ,LKOH,98665,10756652843.5,7275.0,7234.5,7349.0,7328.5,7313.0,7335.0,1470908,7311.0,7311.0,,9825325921.5,9825325921.5,,0.0,3,SUR,1.26,
TQBR,2023-10-17,ЛУКОЙЛ,LKOH,78993,11994355450.5,7347.5,7264.0,7394.0,7371.0,7350.5,7384.5,1631765,7349.5,7349.5,,10807276451.0,10807276451.0,,0.0,3,SUR,0.67,
TQBR,2023-10-18,ЛУКОЙЛ,LKOH,127679,19287541900.5,7399.0,7365.0,7535.0,7471.0,7461.0,7488.0,2585069,7459.0,7459.0,,17894840780.0,17894840780.0,,0.0,3,SUR,1.4,
TQBR,2023-10-19,ЛУКОЙЛ,LKOH,64360,7344739430.5,7480.0,7416.5,7495.0,7464.5,7461.0,7486.0,984445,7457.0,7457.0,,6145082017.5,6145082017.5,,0.0,3,SUR,-0.03,
TQBR,2023-10-20,ЛУКОЙЛ,LKOH,57085,7331130887.0,7499.5,7405.0,7509.5,7501.0,7456.5,7491.5,982823,7455.0,7455.0,,6415187216.5,6415187216.5,,0.0,3,SUR,0.07,
TQBR,2023-10-23,ЛУКОЙЛ,LKOH,55850,6435329390.0,7510.5,7452.5,7549.0,7480.0,7494.5,7462.5,858639,7496.5,7496.5,,5910981417.5,5910981417.5,,0.0,3,SUR,-0.39,
TQBR,2023-10-24,ЛУКОЙЛ,LKOH,47492,6097159788.0,7478.0,7417.0,7487.5,7440.0,7448.5,7444.0,818518,7450.5,7450.5,,5512264037.5,5512264037.5,,0.0,3,SUR,-0.25,
TQBR,2023-10-25,ЛУКОЙЛ,LKOH,81186,9703001231.0,7430.0,7207.0,7444.0,7369.0,7368.0,7437.5,1316783,7359.5,7359.5,,8177755085.5,8177755085.5,,0.0,3,SUR,-0.09,
TQBR,2023-10-26,ЛУКОЙЛ,LKOH,154268,21199150043.0,7455.0,7211.0,7498.0,7230.0,7325.0,7228.5,2894431,7329.5,7329.5,,19580552826.0,19580552826.0,,0.0,3,SUR,-2.81,
TQBR,2023-10-27,ЛУКОЙЛ,LKOH,99353,13143808612.0,7227.0,7136.5,7338.0,7245.0,7248.5,7318.0,1813293,7238.5,7238.5,,11169040420.5,11169040420.5,,0.0,3,SUR,1.24,
TQBR,2023-10-30,ЛУКОЙЛ,LKOH,56673,5590503605.5,7299.5,7228.0,7315.0,7257.0,7263.5,7248.0,769661,7264.5,7264.5,,5135020445.0,5135020445.0,,0.0,3,SUR,-0.96,
TQBR,2023-10-31,ЛУКОЙЛ,LKOH,66847,7324583067.5,7231.0,7107.0,7264.0,7169.5,7165.5,7150.5,1022090,7167.0,7167.0,,6719144392.0,6719144392.0,,0.0,3,SUR,-1.35,
TQBR,2023-11-01,ЛУКОЙЛ,LKOH,40579,4422248663.0,7152.0,7130.5,7266.0,7240.5,7219.0,7240.0,612587,7216.5,7216.5,,3875123966.5,3875123966.5,,0.0,3,SUR,1.25,
TQBR,2023-11-02,ЛУКОЙЛ,LKOH,33674,3464689242.0,7257.5,7217.0,7292.0,7218.0,7259.5,7253.5,477286,7261.5,7261.5,,2928918439.0,2928918439.0,,0.0,3,SUR,0.19,
TQBR,2023-11-03,ЛУКОЙЛ,LKOH,29997,2640865560.0,7268.0,7210.5,7278.0,7235.0,7236.0,7238.0,364963,7236.5,7236.5,,2269153281.0,2269153281.0,,0.0,3,SUR,-0.21,
TQBR,2023-11-06,ЛУКОЙЛ,LKOH,37962,4691426773.0,7243.0,7221.0,7387.5,7354.5,7306.0,7376.0,642147,7291.5,7291.5,,3855766243.0,3855766243.0,,0.0,3,SUR,1.91,
TQBR,2023-11-07,ЛУКОЙЛ,LKOH,42336,4365604413.5,7370.0,7295.5,7380.0,7350.0,7338.5,7333.5,594815,7338.5,7338.5,,3769022393.0,3769022393.0,,0.0,3,SUR,-0.58,
TQBR,2023-11-08,ЛУКОЙЛ,LKOH,45508,4242614703.0,7341.0,7277.0,7373.0,7310.0,7321.0,7295.0,579529,7327.5,7327.5,,3247150071.0,3247150071.0,,0.0,3,SUR,-0.52,
TQBR,2023-11-09,ЛУКОЙЛ,LKOH,44381,4272139882.0,7291.0,7221.0,7307.0,7298.0,7264.5,7260.0,587978,7265.0,7265.0,,3670163247.5,3670163247.5,,0.0,3,SUR,-0.48,
TQBR,2023-11-10,ЛУКОЙЛ,LKOH,38811,3613089648.5,7270.0,7238.5,7304.5,7289.0,7272.0,7288.5,496782,7272.0,7272.0,,3142928855.0,3142928855.0,,0.0,3,SUR,0.39,
TQBR,2023-11-13,ЛУКОЙЛ,LKOH,40807,3232073953.5,7296.0,7270.0,7325.0,7297.5,7286.5,7277.5,443491,7289.0,7289.0,,2871877109.0,2871877109.0,,0.0,3,SUR,-0.15,
TQBR,2023-11-14,ЛУКОЙЛ,LKOH,47108,4417222693.5,7285.0,7165.0,7285.0,7211.0,7219.5,7200.0,611766,7221.5,7221.5,,4085161407.0,4085161407.0,,0.0,3,SUR,-1.06,
TQBR,2023-11-15,ЛУКОЙЛ,LKOH,42616,4384254064.0,7184.0,7138.0,7257.0,7233.0,7196.0,7224.0,609132,7194.5,7194.5,,3986780792.5,3986780792.5,,0.0,3,SUR,0.33,
TQBR,2023-11-16,ЛУКОЙЛ,LKOH,42404,3989935421.5,7221.5,7120.5,7236.0,7152.0,7176.0,7135.5,556002,7187.0,7187.0,,3094462849.0,3094462849.0,,0.0,3,SUR,-1.23,
TQBR,2023-11-17,ЛУКОЙЛ,LKOH,45926,5469443818.0,7135.5,7080.5,7234.0,7228.5,7156.0,7225.5,764211,7152.0,7152.0,,5032698247.5,5032698247.5,,0.0,3,SUR,1.26,
TQBR,2023-11-20,ЛУКОЙЛ,LKOH,32985,3053218347.0,7225.5,7161.0,7226.0,7211.0,7192.0,7194.5,424449,7193.0,7193.0,,2847253817.5,2847253817.5,,0.0,3,SUR,-0.43,
TQBR,2023-11-21,ЛУКОЙЛ,LKOH,29013,3459120952.0,7180.5,7137.5,7216.0,7200.0,7173.5,7209.0,482152,7171.5,7171.5,,3070864828.0,3070864828.0,,0.0,3,SUR,0.2,
TQBR,2023-11-22,ЛУКОЙЛ,LKOH,43897,4927911800.5,7211.0,7207.0,7299.0,7290.0,7272.5,7299.0,677597,7270.5,7270.5,,4325399078.0,4325399078.0,,0.0,3,SUR,1.25,
TQBR,2023-11-23,ЛУКОЙЛ,LKOH,25250,2855176400.5,7301.0,7251.5,7330.0,7266.0,7284.5,7258.0,391940,7287.0,7287.0,,2564496086.0,2564496086.0,,0.0,3,SUR,-0.56,
TQBR,2023-11-24,ЛУКОЙЛ,LKOH,24894,3054082635.0,7262.0,7255.0,7320.0,7295.0,7292.5,7295.0,418784,7293.0,7293.0,,2727745541.5,2727745541.5,,0.0,3,SUR,0.51,
TQBR,2023-11-27,ЛУКОЙЛ,LKOH,42301,4427711087.5,7301.0,7212.0,7345.0,7235.5,7273.5,7222.5,608767,7277.5,7277.5,,4061305869.0,4061305869.0,,0.0,3,SUR,-0.99,
TQBR,2023-11-28,ЛУКОЙЛ,LKOH,25596,2897395247.0,7223.0,7161.0,7245.5,7216.0,7204.5,7238.0,402137,7202.0,7202.0,,2616180897.5,2616180897.5,,0.0,3,SUR,0.21,
TQBR,2023-11-29,ЛУКОЙЛ,LKOH,20422,2186359454.0,7229.0,7186.0,7238.0,7187.0,7203.0,7202.0,303508,7204.0,7204.0,,1900557413.0,1900557413.0,,0.0,3,SUR,-0.5,
TQBR,2023-11-30,ЛУКОЙЛ,LKOH,34332,4412087952.0,7205.5,7170.0,7285.5,7275.0,7242.0,7239.0,609305,7240.0,7240.0,,3729544834.5,3729544834.5,,0.0,3,SUR,0.51,
TQBR,2023-12-01,ЛУКОЙЛ,LKOH,29332,3542441636.5,7239.0,7162.5,7272.5,7209.5,7213.5,7175.5,491058,7223.5,7223.5,,2552963674.0,2552963674.0,,0.0,3,SUR,-0.88,
TQBR,2023-12-04,ЛУКОЙЛ,LKOH,37387,4788913271.0,7170.0,7110.5,7199.5,7150.5,7149.0,7132.5,669869,7151.5,7151.5,,4157536981.0,4157536981.0,,0.0,3,SUR,-0.6,
TQBR,2023-12-05,ЛУКОЙЛ,LKOH,34668,4011708213.5,7136.0,7136.0,7250.0,7223.5,7199.0,7248.5,557087,7197.0,7197.0,,3549194571.0,3549194571.0,,0.0,3,SUR,1.63,
TQBR,2023-12-06,ЛУКОЙЛ,LKOH,44700,4651215848.0,7269.0,7051.5,7275.0,7131.0,7163.5,7138.0,649125,7184.5,7184.5,,3475422416.0,3475422416.0,,0.0,3,SUR,-1.52,
TQBR,2023-12-07,ЛУКОЙЛ,LKOH,34357,3389576439.5,7145.0,7071.0,7173.0,7085.0,7103.0,7092.0,477114,7106.0,7106.0,,3110996591.5,3110996591.5,,0.0,3,SUR,-0.64,
TQBR,2023-12-08,ЛУКОЙЛ,LKOH,24803,3037811215.5,7119.0,7092.0,7173.0,7144.0,7140.5,7140.0,425360,7140.5,7140.5,,2466202932.5,2466202932.5,,0.0,3,SUR,0.68,
TQBR,2023-12-11,ЛУКОЙЛ,LKOH,62476,7226245836.5,7183.0,6929.0,7189.0,6985.0,7041.0,6977.0,1026520,7052.0,7052.0,,6059758679.0,6059758679.0,,0.0,3,SUR,-2.28,
TQBR,2023-12-12,ЛУКОЙЛ,LKOH,85988,9760700890.0,7000.0,6813.0,7100.0,7002.5,6964.0,7014.5,1401749,6959.5,6959.5,,8943240946.0,8943240946.0,,0.0,3,SUR,0.54,
TQBR,2023-12-13,ЛУКОЙЛ,LKOH,40222,4013886916.0,7000.0,6914.0,7062.5,7042.0,7015.0,7043.5,572310,7010.0,7010.0,,3478875550.0,3478875550.0,,0.0,3,SUR,0.41,
TQBR,2023-12-14,ЛУКОЙЛ,LKOH,69338,8501875338.5,7040.0,6850.5,7084.5,6914.5,6945.0,6860.0,1224201,6974.5,6974.5,,5863390584.5,5863390584.5,,0.0,3,SUR,-2.61,
TQBR,2023-12-15,ЛУКОЙЛ,LKOH,165833,15694991256.0,6397.0,6381.0,6632.0,6550.0,6464.0,6560.0,2428092,6448.0,6448.0,,13866998885.5,13866998885.5,,0.0,3,SUR,-4.37,
TQBR,2023-12-18,ЛУКОЙЛ,LKOH,75067,8404694444.0,6580.0,6526.0,6761.5,6702.0,6647.5,6723.5,1264279,6639.0,6639.0,,7509861308.5,7509861308.5,,0.0,3,SUR,2.49,
TQBR,2023-12-19,ЛУКОЙЛ,LKOH,40709,4564286692.5,6735.0,6690.0,6771.0,6697.5,6718.5,6709.0,679319,6719.5,6719.5,,4192785408.0,4192785408.0,,0.0,3,SUR,-0.22,
TQBR,2023-12-20,ЛУКОЙЛ,LKOH,49022,6625886529.5,6709.5,6696.0,6849.0,6779.0,6769.0,6735.0,978865,6778.5,6778.5,,4978427779.5,4978427779.5,,0.0,3,SUR,0.39,
TQBR,2023-12-21,ЛУКОЙЛ,LKOH,51371,6938357522.0,6730.0,6633.5,6774.0,6712.5,6701.0,6702.0,1035385,6700.5,6700.5,,6643572297.0,6643572297.0,,0.0,3,SUR,-0.49,
TQBR,2023-12-22,ЛУКОЙЛ,LKOH,36915,3665596022.5,6711.0,6708.5,6795.0,6739.0,6757.5,6732.5,542520,6759.5,6759.5,,3277911209.5,3277911209.5,,0.0,3,SUR,0.46,
TQBR,2023-12-25,ЛУКОЙЛ,LKOH,25442,2429499408.5,6748.0,6730.0,6784.0,6760.0,6757.0,6744.0,359571,6757.5,6757.5,,2190534710.0,2190534710.0,,0.0,3,SUR,0.17,
TQBR,2023-12-26,ЛУКОЙЛ,LKOH,30647,2916986787.5,6750.0,6720.0,6771.0,6745.0,6747.0,6771.0,432323,6744.5,6744.5,,2467947984.0,2467947984.0,,0.0,3,SUR,0.4,
TQBR,2023-12-27,ЛУКОЙЛ,LKOH,35826,3382380613.5,6773.0,6761.0,6840.0,6775.5,6804.0,6768.0,497103,6808.0,6808.0,,2916898479.5,2916898479.5,,0.0,3,SUR,-0.04,
TQBR,2023-12-28,ЛУКОЙЛ,LKOH,28748,2981552710.0,6767.5,6725.5,6802.5,6785.0,6759.5,6767.0,441134,6757.0,6757.0,,2590256528.0,2590256528.0,,0.0,3,SUR,-0.01,
TQBR,2023-12-29,ЛУКОЙЛ,LKOH,22799,1890360872.5,6784.0,6729.0,6784.0,6768.0,6754.5,6739.0,279875,6755.0,6755.0,,1559691966.5,1559691966.5,,0.0,3,SUR,-0.41,
TQBR,2024-01-03,ЛУКОЙЛ,LKOH,16391,1372507245.5,6774.0,6745.5,6805.0,6802.0,6778.5,6803.5,202485,6774.5,6774.5,,1152503043.0,1152503043.0,,0.0,3,SUR,0.96,
TQBR,2024-01-04,ЛУКОЙЛ,LKOH,17712,1244240299.5,6804.5,6763.5,6811.5,6784.5,6784.0,6771.0,183411,6786.5,6786.5,,975508151.0,975508151.0,,0.0,3,SUR,-0.48,
TQBR,2024-01-05,ЛУКОЙЛ,LKOH,11366,729658423.5,6771.5,6770.5,6794.5,6781.5,6781.0,6780.0,107606,6782.5,6782.5,,542241649.5,542241649.5,,0.0,3,SUR,0.13,
TQBR,2024-01-08,ЛУКОЙЛ,LKOH,20119,1463377928.0,6783.0,6756.0,6804.5,6789.0,6782.5,6766.5,215760,6784.0,6784.0,,1259019385.5,1259019385.5,,0.0,3,SUR,-0.2,
TQBR,2024-01-09,ЛУКОЙЛ,LKOH,44705,5812051156.0,6780.0,6750.5,6942.0,6911.5,6864.0,6931.0,846711,6856.5,6856.5,,5103498408.5,5103498408.5,,0.0,3,SUR,2.43,
TQBR,2024-01-10,ЛУКОЙЛ,LKOH,44733,4977477890.0,6935.0,6923.0,7023.0,6953.0,6984.5,6957.0,712613,6989.0,6989.0,,4405198640.5,4405198640.5,,0.0,3,SUR,0.38,
TQBR,2024-01-11,ЛУКОЙЛ,LKOH,27303,2950278954.5,6965.0,6930.5,6995.0,6990.0,6965.0,6972.5,423594,6964.0,6964.0,,2659262172.5,2659262172.5,,0.0,3,SUR,0.22,
TQBR,2024-01-12,ЛУКОЙЛ,LKOH,26574,2854221989.0,7005.0,6962.0,7011.0,6962.0,6991.5,6965.0,408235,6994.0,6994.0,,2569853719.0,2569853719.0,,0.0,3,SUR,-0.11,
TQBR,2024-01-15,ЛУКОЙЛ,LKOH,43844,3937548742.0,6950.0,6874.0,6968.5,6890.0,6911.0,6889.5,569684,6914.5,6914.5,,3530064661.5,3530064661.5,,0.0,3,SUR,-1.08,
TQBR,2024-01-16,ЛУКОЙЛ,LKOH,34262,3211522264.5,6884.5,6826.0,6885.5,6862.5,6854.0,6857.0,468624,6853.0,6853.0,,2992710626.0,2992710626.0,,0.0,3,SUR,-0.47,
TQBR,2024-01-17,ЛУКОЙЛ,LKOH,25042,2100605182.0,6859.5,6830.0,6919.5,6888.5,6871.0,6910.0,305722,6865.5,6865.5,,1737797857.5,1737797857.5,,0.0,3,SUR,0.77,
TQBR,2024-01-18,ЛУКОЙЛ,LKOH,25940,1925720882.5,6923.0,6846.0,6930.0,6860.0,6883.5,6857.5,279760,6888.0,6888.0,,1665392557.5,1665392557.5,,0.0,3,SUR,-0.76,
TQBR,2024-01-19,ЛУКОЙЛ,LKOH,25811,2301192109.0,6858.0,6800.5,6883.0,6865.0,6843.0,6834.5,336358,6841.5,6841.5,,2147344819.0,2147344819.0,,0.0,3,SUR,-0.34,
TQBR,2024-01-22,ЛУКОЙЛ,LKOH,16269,1371760083.0,6830.0,6815.5,6859.0,6838.0,6840.5,6840.0,200555,6839.5,6839.5,,1194716103.5,1194716103.5,,0.0,3,SUR,0.08,
TQBR,2024-01-23,ЛУКОЙЛ,LKOH,28331,2417796849.0,6840.0,6782.0,6850.0,6802.5,6805.5,6799.5,355179,6808.0,6808.0,,2222611608.5,2222611608.5,,0.0,3,SUR,-0.59,
TQBR,2024-01-24,ЛУКОЙЛ,LKOH,28956,3189411586.0,6798.0,6754.0,6828.0,6800.0,6791.0,6795.0,469629,6790.5,6790.5,,2970435362.5,2970435362.5,,0.0,3,SUR,-0.07,
TQBR,2024-01-25,ЛУКОЙЛ,LKOH,23355,2177749189.5,6810.5,6760.5,6819.5,6774.0,6778.5,6809.0,321262,6777.5,6777.5,,1874693457.5,1874693457.5,,0.0,3,SUR,0.21,
TQBR,2024-01-26,ЛУКОЙЛ,LKOH,40150,4640997419.0,6829.0,6801.0,6920.0,6862.0,6864.0,6901.0,676152,6861.0,6861.0,,4064771359.5,4064771359.5,,0.0,3,SUR,1.35,
TQBR,2024-01-29,ЛУКОЙЛ,LKOH,37209,4110070040.0,6918.0,6911.0,6975.0,6933.0,6950.5,6943.0,591425,6950.0,6950.0,,3862847299.0,3862847299.0,,0.0,3,SUR,0.61,
TQBR,2024-01-30,ЛУКОЙЛ,LKOH,41898,4537844505.5,6945.0,6933.0,7007.0,6990.0,6982.5,6994.0,649956,6981.0,6981.0,,4146079480.5,4146079480.5,,0.0,3,SUR,0.73,
TQBR,2024-01-31,ЛУКОЙЛ,LKOH,52914,6669626209.0,7000.0,7000.0,7122.0,7095.5,7084.0,7090.5,941356,7084.5,7084.5,,6278496793.0,6278496793.0,,0.0,3,SUR,1.38,
TQBR,2024-02-01,ЛУКОЙЛ,LKOH,36845,4084656193.0,7105.0,7059.0,7145.0,7095.0,7095.0,7093.5,575655,7098.5,7098.5,,3452984983.0,3452984983.0,,0.0,3,SUR,0.04,
TQBR,2024-02-02,ЛУКОЙЛ,LKOH,41400,4077562876.5,7094.0,7050.0,7127.0,7114.5,7101.5,7114.0,574253,7100.0,7100.0,,3663456651.0,3663456651.0,,0.0,3,SUR,0.29,
TQBR,2024-02-05,ЛУКОЙЛ,LKOH,36794,3833973277.5,7099.0,7094.0,7185.0,7128.0,7143.5,7137.5,536657,7145.0,7145.0,,3567510760.0,3567510760.0,,0.0,3,SUR,0.33,
TQBR,2024-02-06,ЛУКОЙЛ,LKOH,22648,2447432468.5,7145.0,7115.0,7171.0,7154.0,7153.5,7163.0,342130,7152.5,7152.5,,2213384516.0,2213384516.0,,0.0,3,SUR,0.36,
TQBR,2024-02-07,ЛУКОЙЛ,LKOH,40280,5646172199.0,7170.0,7160.5,7272.5,7251.5,7226.0,7265.0,781313,7222.0,7222.0,,4988570003.0,4988570003.0,,0.0,3,SUR,1.42,
TQBR,2024-02-08,ЛУКОЙЛ,LKOH,58351,4649052792.0,7272.0,7191.0,7288.0,7248.0,7248.0,7231.5,641629,7247.5,7247.5,,4232328665.5,4232328665.5,,0.0,3,SUR,-0.46,
TQBR,2024-02-09,ЛУКОЙЛ,LKOH,27781,2511326507.0,7232.0,7182.5,7260.0,7260.0,7234.5,7238.5,347142,7233.0,7233.0,,2274299973.5,2274299973.5,,0.0,3,SUR,0.1,
TQBR,2024-02-12,ЛУКОЙЛ,LKOH,21063,2284461195.0,7240.0,7223.0,7280.0,7280.0,7252.0,7280.0,314983,7250.0,7250.0,,2048212481.5,2048212481.5,,0.0,3,SUR,0.57,
TQBR,2024-02-13,ЛУКОЙЛ,LKOH,28953,3550810198.0,7297.0,7231.0,7311.0,7255.5,7281.0,7269.0,487680,7283.0,7283.0,,3138890138.0,3138890138.0,,0.0,3,SUR,-0.15,
TQBR,2024-02-14,ЛУКОЙЛ,LKOH,23390,2468547011.5,7275.0,7200.5,7283.0,7250.0,7247.5,7220.5,340611,7253.0,7253.0,,1992463628.0,1992463628.0,,0.0,3,SUR,-0.67,
TQBR,2024-02-15,ЛУКОЙЛ,LKOH,24831,2857860764.5,7205.0,7184.0,7295.0,7273.0,7257.0,7282.5,393724,7255.5,7255.5,,2547694139.0,2547694139.0,,0.0,3,SUR,0.86,
TQBR,2024-02-16,ЛУКОЙЛ,LKOH,33113,3691976534.5,7294.0,7205.0,7300.0,7227.0,7248.0,7224.5,509615,7246.5,7246.5,,3385580649.5,3385580649.5,,0.0,3,SUR,-0.8,
TQBR,2024-02-19,ЛУКОЙЛ,LKOH,31534,2893065603.5,7233.0,7187.5,7240.5,7199.5,7208.5,7188.0,401308,7210.0,7210.0,,2494535363.5,2494535363.5,,0.0,3,SUR,-0.51,
TQBR,2024-02-20,ЛУКОЙЛ,LKOH,50044,4925594727.5,7188.0,7070.5,7192.5,7120.0,7140.0,7081.0,690280,7158.0,7158.0,,3184560456.0,3184560456.0,,0.0,3,SUR,-1.49,
TQBR,2024-02-21,ЛУКОЙЛ,LKOH,73438,7418005622.0,7080.0,6962.0,7115.0,6993.0,7020.5,6990.5,1056631,7022.5,7022.5,,7004894746.0,7004894746.0,,0.0,3,SUR,-1.28,
TQBR,2024-02-22,ЛУКОЙЛ,LKOH,56826,4711677618.5,7000.5,6970.0,7040.0,6981.5,7002.5,7021.5,672857,7001.5,7001.5,,4296243936.0,4296243936.0,,0.0,3,SUR,0.44,
TQBR,2024-02-26,ЛУКОЙЛ,LKOH,41587,4376222449.5,7150.5,7103.5,7178.5,7142.5,7141.5,7164.0,612660,7142.5,7142.5,,4091246038.0,4091246038.0,,0.0,3,SUR,2.03,
TQBR,2024-02-27,ЛУКОЙЛ,LKOH,17735,2441390737.0,7159.5,7104.0,7163.0,7117.5,7132.5,7141.5,342224,7132.0,7132.0,,2064647693.5,2064647693.5,,0.0,3,SUR,-0.31,
TQBR,2024-02-28,ЛУКОЙЛ,LKOH,35607,5306222030.5,7155.0,7130.5,7276.0,7202.0,7212.5,7261.5,735475,7200.5,7200.5,,3721200081.0,3721200081.0,,0.0,3,SUR,1.68,
TQBR,2024-02-29,ЛУКОЙЛ,LKOH,55903,8352765169.0,7263.0,7220.0,7402.0,7397.0,7311.5,7378.0,1141422,7298.5,7298.5,,6436200507.5,6436200507.5,,0.0,3,SUR,1.6,
TQBR,2024-03-01,ЛУКОЙЛ,LKOH,54477,7209979106.5,7387.0,7372.5,7464.0,7444.0,7416.0,7463.5,971874,7413.5,7413.5,,6245484227.0,6245484227.0,,0.0,3,SUR,1.16,
TQBR,2024-03-04,ЛУКОЙЛ,LKOH,78745,14280512562.5,7477.5,7351.5,7534.0,7503.0,7471.5,7511.5,1911151,7470.0,7470.0,,13270597776.5,13270597776.5,,0.0,3,SUR,0.64,
TQBR,2024-03-05,ЛУКОЙЛ,LKOH,50853,7798224374.5,7515.0,7430.5,7544.5,7510.0,7493.0,7499.5,1040586,7493.0,7493.0,,7205087461.5,7205087461.5,,0.0,3,SUR,-0.16,
TQBR,2024-03-06,ЛУКОЙЛ,LKOH,41833,6449174077.0,7499.5,7470.0,7561.5,7517.0,7517.0,7483.0,857869,7521.5,7521.5,,5331405184.0,5331405184.0,,0.0,3,SUR,-0.22,
TQBR,2024-03-07,ЛУКОЙЛ,LKOH,23044,3193618714.5,7488.0,7457.0,7517.0,7501.0,7488.0,7513.0,426452,7486.5,7486.5,,2777950336.5,2777950336.5,,0.0,3,SUR,0.4,
TQBR,2024-03-11,ЛУКОЙЛ,LKOH,36713,4904561692.5,7537.0,7523.5,7592.5,7545.0,7560.0,7554.5,648724,7561.0,7561.0,,4450239492.0,4450239492.0,,0.0,3,SUR,0.55,
TQBR,2024-03-12,ЛУКОЙЛ,LKOH,61376,8368198283.5,7539.0,7481.5,7575.5,7540.0,7527.0,7536.5,1111543,7528.5,7528.5,,7614312781.0,7614312781.0,,0.0,3,SUR,-0.24,
TQBR,2024-03-13,ЛУКОЙЛ,LKOH,80719,9177460026.5,7538.0,7409.5,7554.5,7433.5,7459.5,7426.0,1230308,7463.5,7463.5,,8168527683.5,8168527683.5,,0.0,3,SUR,-1.47,
TQBR,2024-03-14,ЛУКОЙЛ,LKOH,85611,10237405866.0,7426.0,7320.0,7434.5,7354.0,7365.5,7370.0,1389788,7366.5,7366.5,,9525701904.5,9525701904.5,,0.0,3,SUR,-0.75,
TQBR,2024-03-15,ЛУКОЙЛ,LKOH,37148,5805478409.5,7365.5,7336.5,7404.0,7365.0,7362.5,7380.0,788252,7364.0,7364.0,,5304668787.5,5304668787.5,,0.0,3,SUR,0.14,
TQBR,2024-03-18,ЛУКОЙЛ,LKOH,38124,4429020792.0,7390.5,7309.5,7397.5,7338.5,7354.5,7344.0,602099,7359.0,7359.0,,3856618030.0,3856618030.0,,0.0,3,SUR,-0.49,
TQBR,2024-03-19,ЛУКОЙЛ,LKOH,73125,8488644049.5,7349.0,7250.0,7349.0,7313.0,7310.0,7333.5,1161411,7308.5,7308.5,,7441788834.5,7441788834.5,,0.0,3,SUR,-0.14,
TQBR,2024-03-20,ЛУКОЙЛ,LKOH,57057,8583791573.0,7338.5,7337.5,7460.0,7370.0,7413.0,7438.5,1157982,7412.5,7412.5,,7750038782.0,7750038782.0,,0.0,3,SUR,1.43,
TQBR,2024-03-21,ЛУКОЙЛ,LKOH,46500,4806375139.0,7450.0,7370.0,7454.5,7420.0,7413.5,7417.5,648324,7413.5,7413.5,,4482900258.5,4482900258.5,,0.0,3,SUR,-0.28,
TQBR,2024-03-22,ЛУКОЙЛ,LKOH,153555,25798186626.0,7420.0,7184.5,7538.0,7350.0,7377.0,7303.0,3496776,7394.0,7394.0,,21669970843.5,21669970843.5,,0.0,3,SUR,-1.54,
TQBR,2024-03-25,ЛУКОЙЛ,LKOH,45908,6470404680.0,7305.0,7303.0,7452.0,7431.0,7374.0,7438.0,877301,7370.5,7370.5,,5824986663.5,5824986663.5,,0.0,3,SUR,1.85,
TQBR,2024-03-26,ЛУКОЙЛ,LKOH,32678,4167015304.0,7454.5,7380.0,7455.0,7429.0,7413.5,7419.0,562109,7413.0,7413.0,,3707893893.5,3707893893.5,,0.0,3,SUR,-0.26,
TQBR,2024-03-27,ЛУКОЙЛ,LKOH,31389,3871127557.0,7425.5,7404.5,7497.0,7497.0,7449.5,7493.0,519706,7443.5,7443.5,,3323342744.0,3323342744.0,,0.0,3,SUR,1.0,
TQBR,2024-03-28,ЛУКОЙЛ,LKOH,45393,3728290013.0,7495.0,7430.5,7517.0,7484.0,7473.5,7481.0,498911,7473.0,7473.0,,3368953918.0,3368953918.0,,0.0,3,SUR,-0.16,
TQBR,2024-03-29,ЛУКОЙЛ,LKOH,38352,5309786123.5,7481.5,7460.0,7578.0,7564.0,7529.5,7551.0,705061,7529.5,7529.5,,4877531702.0,4877531702.0,,0.0,3,SUR,0.94,
TQBR,2024-04-01,ЛУКОЙЛ,LKOH,39852,5655560883.5,7574.0,7573.0,7666.0,7657.0,7628.5,7665.0,741367,7626.5,7626.5,,5160153167.0,5160153167.0,,0.0,3,SUR,1.51,
TQBR,2024-04-02,ЛУКОЙЛ,LKOH,24941,2935739088.0,7679.5,7625.0,7689.0,7650.5,7652.5,7654.0,383628,7652.5,7652.5,,2661715045.0,2661715045.0,,0.0,3,SUR,-0.14,
TQBR,2024-04-03,ЛУКОЙЛ,LKOH,21721,2429698021.5,7654.0,7641.0,7699.0,7667.0,7672.5,7686.5,316677,7671.5,7671.5,,2084149907.0,2084149907.0,,0.0,3,SUR,0.42,
TQBR,2024-04-04,ЛУКОЙЛ,LKOH,39684,5719872333.5,7687.5,7678.0,7783.5,7762.0,7747.5,7727.5,738307,7746.5,7746.5,,4972501410.0,4972501410.0,,0.0,3,SUR,0.53,
TQBR,2024-04-05,ЛУКОЙЛ,LKOH,48842,8146536254.5,7730.5,7654.0,7777.5,7729.0,7703.0,7662.5,1058107,7704.5,7704.5,,5679600550.5,5679600550.5,,0.0,3,SUR,-0.84,
TQBR,2024-04-08,ЛУКОЙЛ,LKOH,33631,5145050974.0,7700.0,7662.5,7777.0,7771.0,7730.0,7767.0,665595,7727.0,7727.0,,4590102503.5,4590102503.5,,0.0,3,SUR,1.36,
TQBR,2024-04-09,ЛУКОЙЛ,LKOH,51351,6678737910.0,7770.0,7740.0,7844.0,7763.0,7805.5,7786.5,855572,7808.0,7808.0,,6129840726.5,6129840726.5,,0.0,3,SUR,0.25,
TQBR,2024-04-10,ЛУКОЙЛ,LKOH,23697,3030625357.0,7802.5,7755.0,7837.0,7825.5,7810.0,7825.0,388050,7808.0,7808.0,,2668595371.5,2668595371.5,,0.0,3,SUR,0.49,
TQBR,2024-04-11,ЛУКОЙЛ,LKOH,38788,3245978515.5,7835.0,7827.0,7870.0,7830.0,7848.0,7836.5,413546,7850.0,7850.0,,2924041730.0,2924041730.0,,0.0,3,SUR,0.15,
TQBR,2024-04-12,ЛУКОЙЛ,LKOH,26145,3735924097.0,7840.0,7785.0,7865.0,7833.5,7821.5,7839.5,477639,7820.5,7820.5,,3152194061.5,3152194061.5,,0.0,3,SUR,0.04,
TQBR,2024-04-15,ЛУКОЙЛ,LKOH,34945,4298701437.5,7853.0,7849.5,7931.0,7890.0,7894.5,7920.5,544524,7893.0,7893.0,,3921874130.0,3921874130.0,,0.0,3,SUR,1.03,
TQBR,2024-04-16,ЛУКОЙЛ,LKOH,22864,3277092998.5,7929.5,7870.0,7929.5,7875.0,7897.5,7897.0,414942,7898.5,7898.5,,2998702909.5,2998702909.5,,0.0,3,SUR,-0.3,
TQBR,2024-04-17,ЛУКОЙЛ,LKOH,25627,3491166459.0,7897.0,7855.5,7918.0,7885.5,7889.0,7886.0,442533,7890.5,7890.5,,2951475933.0,2951475933.0,,0.0,3,SUR,-0.14,
TQBR,2024-04-18,ЛУКОЙЛ,LKOH,30186,4232011660.0,7888.0,7800.0,7897.5,7839.0,7843.5,7840.0,539551,7843.5,7843.5,,3429251285.0,3429251285.0,,0.0,3,SUR,-0.58,
TQBR,2024-04-19,ЛУКОЙЛ,LKOH,27827,4962729209.0,7860.0,7790.0,7868.5,7845.0,7823.5,7835.5,634310,7823.0,7823.0,,4706555005.0,4706555005.0,,0.0,3,SUR,-0.06,
TQBR,2024-04-22,ЛУКОЙЛ,LKOH,38118,5243909745.5,7836.0,7803.0,7878.0,7850.0,7834.5,7827.5,669392,7832.0,7832.0,,4529749939.0,4529749939.0,,0.0,3,SUR,-0.1,
TQBR,2024-04-23,ЛУКОЙЛ,LKOH,30830,4029556333.5,7849.5,7806.0,7886.5,7820.0,7845.5,7840.0,513602,7847.5,7847.5,,3626875911.0,3626875911.0,,0.0,3,SUR,0.16,
TQBR,2024-04-24,ЛУКОЙЛ,LKOH,26376,2737409933.0,7846.5,7803.5,7854.0,7816.5,7827.5,7820.5,349688,7829.0,7829.0,,2499978100.5,2499978100.5,,0.0,3,SUR,-0.25,
TQBR,2024-04-25,ЛУКОЙЛ,LKOH,21466,2395854945.0,7820.5,7809.5,7831.5,7827.5,7817.5,7827.5,306477,7817.0,7817.0,,2203852187.5,2203852187.5,,0.0,3,SUR,0.09,
TQBR,2024-04-26,ЛУКОЙЛ,LKOH,44966,6116032952.5,7828.0,7810.0,7940.0,7885.0,7872.0,7929.5,776863,7857.0,7857.0,,4411984013.0,4411984013.0,,0.0,3,SUR,1.3,
TQBR,2024-04-27,ЛУКОЙЛ,LKOH,34514,5229831036.0,7931.0,7931.0,8018.5,7997.0,7982.5,8002.5,655090,7980.0,7980.0,,4410440044.0,4410440044.0,,0.0,3,SUR,0.92,
TQBR,2024-04-29,ЛУКОЙЛ,LKOH,41811,4875540178.0,8018.0,8016.0,8161.5,8142.0,8109.5,8152.0,601155,8102.5,8102.5,,4117208463.5,4117208463.5,,0.0,3,SUR,1.87,
TQBR,2024-04-30,ЛУКОЙЛ,LKOH,31284,3532834568.5,8152.5,8080.0,8175.0,8097.0,8112.5,8085.5,435472,8115.5,8115.5,,3056777786.0,3056777786.0,,0.0,3,SUR,-0.82,
TQBR,2024-05-02,ЛУКОЙЛ,LKOH,42979,4568439192.0,8096.5,8037.0,8125.0,8075.0,8076.5,8104.5,565657,8075.5,8075.5,,4057483173.5,4057483173.5,,0.0,3,SUR,0.23,
TQBR,2024-05-03,ЛУКОЙЛ,LKOH,44704,4603847800.0,8098.5,8010.0,8100.0,8099.0,8066.5,8075.5,570748,8063.0,8063.0,,3940723156.5,3940723156.5,,0.0,3,SUR,-0.36,
TQBR,2024-05-06,ЛУКОЙЛ,LKOH,129034,20536829449.5,8075.0,7901.0,8089.0,7971.0,7975.0,8026.5,2575025,7973.0,7973.0,,17451116797.5,17451116797.5,,0.0,3,SUR,-0.61,
TQBR,2024-05-07,ЛУКОЙЛ,LKOH,163695,18768522763.0,7594.0,7574.0,7763.5,7726.5,7708.0,7722.5,2435049,7707.0,7707.0,,17904065069.0,17904065069.0,,0.0,3,SUR,-3.79,
TQBR,2024-05-08,ЛУКОЙЛ,LKOH,48734,5280587119.0,7754.5,7691.0,7772.0,7705.0,7712.5,7714.0,684609,7713.5,7713.5,,4861558659.0,4861558659.0,,0.0,3,SUR,-0.11,
TQBR,2024-05-10,ЛУКОЙЛ,LKOH,17434,1685692287.0,7720.0,7710.0,7726.0,7724.0,7720.5,7713.5,218336,7722.5,7722.5,,1281417962.5,1281417962.5,,0.0,3,SUR,-0.01,
TQBR,2024-05-13,ЛУКОЙЛ,LKOH,37874,3889987061.0,7730.0,7676.0,7732.0,7701.0,7701.5,7689.0,505076,7703.5,7703.5,,3339503225.0,3339503225.0,,0.0,3,SUR,-0.32,
TQBR,2024-05-14,ЛУКОЙЛ,LKOH,34182,3824557719.0,7690.0,7670.0,7710.0,7674.0,7695.0,7672.0,497046,7696.5,7696.5,,3430382963.0,3430382963.0,,0.0,3,SUR,-0.22,
TQBR,2024-05-15,ЛУКОЙЛ,LKOH,36663,3455305421.0,7677.0,7640.0,7692.0,7640.0,7656.5,7655.5,451308,7656.5,7656.5,,3140064206.5,3140064206.5,,0.0,3,SUR,-0.22,
TQBR,2024-05-16,ЛУКОЙЛ,LKOH,31387,3981825253.0,7655.5,7633.0,7724.5,7691.0,7680.5,7715.0,518430,7674.5,7674.5,,3307914536.5,3307914536.5,,0.0,3,SUR,0.78,
TQBR,2024-05-17,ЛУКОЙЛ,LKOH,57078,7904004082.0,7730.0,7729.0,7871.5,7856.5,7818.5,7854.5,1011059,7813.5,7813.5,,6983248837.5,6983248837.5,,0.0,3,SUR,1.81,
TQBR,2024-05-20,ЛУКОЙЛ,LKOH,52726,6779800196.0,7897.0,7752.0,7938.0,7800.0,7844.5,7834.5,864245,7852.0,7852.0,,5665754557.0,5665754557.0,,0.0,3,SUR,-0.25,
TQBR,2024-05-21,ЛУКОЙЛ,LKOH,55986,5772964104.0,7835.0,7788.0,7900.0,7804.5,7844.5,7848.0,735946,7846.5,7846.5,,5174911110.0,5174911110.0,,0.0,3,SUR,0.17,
TQBR,2024-05-22,ЛУКОЙЛ,LKOH,33036,3445298647.0,7849.5,7805.0,7879.0,7837.0,7847.5,7820.0,439080,7851.5,7851.5,,2842533468.0,2842533468.0,,0.0,3,SUR,-0.36,
TQBR,2024-05-23,ЛУКОЙЛ,LKOH,28981,3898636210.5,7820.0,7777.5,7861.0,7861.0,7817.5,7841.5,498714,7814.5,7814.5,,3547531622.0,3547531622.0,,0.0,3,SUR,0.27,
TQBR,2024-05-24,ЛУКОЙЛ,LKOH,63380,6629032315.0,7840.5,7701.0,7858.5,7750.0,7759.0,7720.0,854290,7761.5,7761.5,,6165697281.0,6165697281.0,,0.0,3,SUR,-1.55,
TQBR,2024-05-27,ЛУКОЙЛ,LKOH,81457,8693729557.5,7719.5,7479.0,7750.0,7600.0,7611.0,7541.5,1142239,7638.5,7638.5,,6362533836.0,6362533836.0,,0.0,3,SUR,-2.31,
TQBR,2024-05-28,ЛУКОЙЛ,LKOH,58417,6626714084.5,7553.0,7431.0,7700.0,7605.0,7611.0,7590.0,870710,7612.0,7612.0,,6036550967.5,6036550967.5,,0.0,3,SUR,0.64,
TQBR,2024-05-29,ЛУКОЙЛ,LKOH,28532,3069684941.5,7600.0,7582.5,7689.0,7653.0,7625.5,7684.0,402549,7620.5,7620.5,,2682025737.5,2682025737.5,,0.0,3,SUR,1.24,
TQBR,2024-05-30,ЛУКОЙЛ,LKOH,35394,4119122813.5,7698.0,7551.0,7722.5,7600.0,7650.5,7567.0,538412,7676.5,7676.5,,2944475946.5,2944475946.5,,0.0,3,SUR,-1.52,
TQBR,2024-05-31,ЛУКОЙЛ,LKOH,77531,8612603369.5,7567.0,7301.0,7607.0,7409.5,7452.5,7355.5,1155650,7504.5,7504.5,,5393210732.0,5393210732.0,,0.0,3,SUR,-2.8,
TQBR,2024-06-03,ЛУКОЙЛ,LKOH,101069,12181809285.5,7392.0,7161.0,7479.5,7200.0,7298.5,7252.0,1669856,7299.0,7299.0,,11308379510.5,11308379510.5,,0.0,3,SUR,-1.41,
TQBR,2024-06-04,ЛУКОЙЛ,LKOH,62997,7649877204.5,7249.0,7185.0,7454.5,7315.0,7311.5,7426.0,1046272,7299.5,7299.5,,6706870958.5,6706870958.5,,0.0,3,SUR,2.4,
TQBR,2024-06-05,ЛУКОЙЛ,LKOH,47918,5625924844.5,7439.0,7377.0,7544.0,7484.5,7458.0,7412.5,754429,7465.0,7465.0,,4786652389.5,4786652389.5,,0.0,3,SUR,-0.18,
TQBR,2024-06-06,ЛУКОЙЛ,LKOH,30192,3012794141.0,7430.0,7351.0,7478.5,7403.0,7411.0,7398.0,406546,7410.5,7410.5,,2748087453.0,2748087453.0,,0.0,3,SUR,-0.2,
TQBR,2024-06-07,ЛУКОЙЛ,LKOH,57279,7964655365.5,7401.0,7401.0,7599.0,7469.0,7490.0,7489.0,1063345,7492.0,7492.0,,7320082745.0,7320082745.0,,0.0,3,SUR,1.23,
TQBR,2024-06-10,ЛУКОЙЛ,LKOH,56770,5812928506.0,7520.0,7261.0,7523.5,7330.0,7398.5,7315.0,785549,7425.0,7425.0,,4515169712.0,4515169712.0,,0.0,3,SUR,-2.32,
TQBR,2024-06-11,ЛУКОЙЛ,LKOH,51463,5091569578.5,7315.0,7235.0,7370.0,7276.0,7286.5,7290.0,698787,7286.0,7286.0,,4802189553.5,4802189553.5,,0.0,3,SUR,-0.34,
TQBR,2024-06-13,ЛУКОЙЛ,LKOH,84758,9135778887.0,7050.0,6923.0,7276.0,7248.0,7150.0,7178.5,1277680,7145.0,7145.0,,8351020804.5,8351020804.5,,0.0,3,SUR,-1.53,
TQBR,2024-06-14,ЛУКОЙЛ,LKOH,47639,5382415779.5,7198.0,7181.5,7403.5,7393.0,7313.0,7368.0,735998,7308.5,7308.5,,4856635245.5,4856635245.5,,0.0,3,SUR,2.64,
TQBR,2024-06-17,ЛУКОЙЛ,LKOH,41763,4452094004.5,7375.0,7202.0,7390.5,7243.0,7279.0,7203.0,611618,7289.0,7289.0,,3772872856.5,3772872856.5,,0.0,3,SUR,-2.24,
TQBR,2024-06-18,ЛУКОЙЛ,LKOH,68987,7251758641.0,7203.0,6993.5,7234.0,7089.0,7123.5,7036.0,1018445,7158.5,7158.5,,5156813002.0,5156813002.0,,0.0,3,SUR,-2.32,
TQBR,2024-06-19,ЛУКОЙЛ,LKOH,106159,9689661742.5,7045.0,6806.0,7107.5,6902.0,6958.5,6885.0,1393012,6985.5,6985.5,,7522405086.5,7522405086.5,,0.0,3,SUR,-2.15,
TQBR,2024-06-20,ЛУКОЙЛ,LKOH,243194,31748452648.5,6885.5,6633.5,7171.0,7163.0,6883.0,7112.5,4612673,6869.5,6869.5,,29958443308.5,29958443308.5,,0.0,3,SUR,3.3,
TQBR,2024-06-21,ЛУКОЙЛ,LKOH,54279,6394082925.5,7124.0,7024.0,7191.5,7105.0,7108.0,7084.0,899558,7110.0,7110.0,,5905033741.5,5905033741.5,,0.0,3,SUR,-0.4,
TQBR,2024-06-24,ЛУКОЙЛ,LKOH,35834,5061262073.0,7070.0,7032.5,7125.0,7092.5,7089.5,7051.5,713882,7092.0,7092.0,,4677762426.0,4677762426.0,,0.0,3,SUR,-0.46,
TQBR,2024-06-25,ЛУКОЙЛ,LKOH,42766,5256214923.5,7077.0,7002.0,7246.5,7138.0,7113.0,7204.0,738989,7089.5,7089.5,,4069964722.0,4069964722.0,,0.0,3,SUR,2.16,
TQBR,2024-06-26,ЛУКОЙЛ,LKOH,49278,5388307365.0,7229.5,7194.5,7313.0,7280.0,7265.0,7275.0,741739,7264.0,7264.0,,5078388157.5,5078388157.5,,0.0,3,SUR,0.99,
TQBR,2024-06-27,ЛУКОЙЛ,LKOH,45300,4822388079.0,7280.0,7161.0,7293.0,7216.5,7222.0,7227.0,667991,7219.5,7219.5,,4535071753.5,4535071753.5,,0.0,3,SUR,-0.66,
TQBR,2024-06-28,ЛУКОЙЛ,LKOH,31837,2914097633.0,7226.5,7172.0,7271.5,7209.0,7219.0,7211.0,403655,7220.5,7220.5,,2639980295.5,2639980295.5,,0.0,3,SUR,-0.22,
TQBR,2024-07-01,ЛУКОЙЛ,LKOH,33132,3688631463.5,7200.5,7190.0,7330.0,7300.0,7251.5,7326.0,508703,7241.5,7241.5,,3139270037.5,3139270037.5,,0.0,3,SUR,1.59,
TQBR,2024-07-02,ЛУКОЙЛ,LKOH,44371,4494853006.5,7346.0,7285.0,7358.0,7325.0,7325.5,7309.5,613544,7327.0,7327.0,,4266455394.0,4266455394.0,,0.0,3,SUR,-0.23,
TQBR,2024-07-03,ЛУКОЙЛ,LKOH,29965,3174489483.0,7320.0,7220.0,7321.0,7269.5,7280.5,7230.5,436086,7289.5,7289.5,,2533391506.5,2533391506.5,,0.0,3,SUR,-1.08,
TQBR,2024-07-04,ЛУКОЙЛ,LKOH,41252,5425994501.5,7222.0,7080.0,7260.0,7101.5,7161.0,7109.5,757640,7166.0,7166.0,,5002059176.0,5002059176.0,,0.0,3,SUR,-1.67,
TQBR,2024-07-05,ЛУКОЙЛ,LKOH,64402,10215105996.5,7109.5,7035.0,7255.0,7192.0,7168.5,7201.0,1424892,7167.0,7167.0,,9639016843.0,9639016843.0,,0.0,3,SUR,1.29,
TQBR,2024-07-08,ЛУКОЙЛ,LKOH,58816,4905124153.5,7230.0,7080.5,7255.0,7106.0,7160.5,7097.0,685099,7163.5,7163.5,,4568379094.5,4568379094.5,,0.0,3,SUR,-1.44,
TQBR,2024-07-09,ЛУКОЙЛ,LKOH,57170,6402430607.5,7100.0,6930.0,7121.5,6995.0,7020.0,6941.0,911953,7029.0,7029.0,,5398312929.5,5398312929.5,,0.0,3,SUR,-2.2,
TQBR,2024-07-10,ЛУКОЙЛ,LKOH,93615,11592819481.0,6940.0,6681.0,6978.0,6772.5,6827.0,6689.0,1698272,6854.0,6854.0,,9242638480.0,9242638480.0,,0.0,3,SUR,-3.63,
TQBR,2024-07-11,ЛУКОЙЛ,LKOH,83492,9074849351.5,6689.5,6681.0,6995.5,6910.0,6871.0,6969.5,1320713,6857.5,6857.5,,7948306050.0,7948306050.0,,0.0,3,SUR,4.19,
TQBR,2024-07-12,ЛУКОЙЛ,LKOH,49079,5378892975.0,6997.0,6830.5,7046.0,6867.0,6900.0,6908.0,779534,6901.5,6901.5,,4950983963.5,4950983963.5,,0.0,3,SUR,-0.88,
TQBR,2024-07-15,ЛУКОЙЛ,LKOH,51534,5340547066.5,6924.0,6771.0,6925.0,6807.0,6821.0,6827.0,783115,6819.5,6819.5,,4760150139.0,4760150139.0,,0.0,3,SUR,-1.17,
TQBR,2024-07-16,ЛУКОЙЛ,LKOH,63316,6481774217.5,6820.0,6727.5,6898.5,6831.5,6806.0,6881.0,952553,6796.0,6796.0,,5566748210.5,5566748210.5,,0.0,3,SUR,0.79,
TQBR,2024-07-17,ЛУКОЙЛ,LKOH,54480,3958318423.5,6881.0,6788.0,6905.0,6811.0,6844.0,6814.0,578382,6847.0,6847.0,,3576977712.5,3576977712.5,,0.0,3,SUR,-0.97,
TQBR,2024-07-18,ЛУКОЙЛ,LKOH,43161,3794354377.0,6813.5,6760.0,6950.0,6906.0,6845.0,6931.5,554360,6826.0,6826.0,,3015533157.5,3015533157.5,,0.0,3,SUR,1.72,
TQBR,2024-07-19,ЛУКОЙЛ,LKOH,41111,4275570472.5,6930.5,6871.5,6991.5,6935.0,6938.0,6913.0,616236,6939.5,6939.5,,3999672935.0,3999672935.0,,0.0,3,SUR,-0.27,
TQBR,2024-07-22,ЛУКОЙЛ,LKOH,53541,5234925108.0,6963.0,6934.5,7025.0,6982.5,6988.5,7008.0,749045,6988.0,6988.0,,4851423357.5,4851423357.5,,0.0,3,SUR,1.37,
TQBR,2024-07-23,ЛУКОЙЛ,LKOH,27667,3444516522.0,7008.5,6950.0,7023.0,6980.0,6978.0,6973.0,493630,6977.5,6977.5,,3179256405.0,3179256405.0,,0.0,3,SUR,-0.5,
TQBR,2024-07-24,ЛУКОЙЛ,LKOH,41047,5134651490.5,6961.0,6933.0,7025.0,6983.0,6962.0,6939.5,737494,6964.5,6964.5,,4501883768.5,4501883768.5,,0.0,3,SUR,-0.48,
TQBR,2024-07-25,ЛУКОЙЛ,LKOH,33184,3005585372.0,6939.5,6884.5,6965.0,6947.5,6930.5,6902.5,433637,6936.0,6936.0,,2255009757.0,2255009757.0,,0.0,3,SUR,-0.53,
TQBR,2024-07-26,ЛУКОЙЛ,LKOH,81641,10418989417.5,6905.0,6859.5,6984.0,6910.5,6921.0,6890.0,1505430,6923.5,6923.5,,9327486742.5,9327486742.5,,0.0,3,SUR,-0.18,
TQBR,2024-07-29,ЛУКОЙЛ,LKOH,66323,11164210250.5,6891.0,6706.5,6892.5,6715.0,6780.5,6727.5,1646706,6785.0,6785.0,,10220812296.0,10220812296.0,,0.0,3,SUR,-2.36,
TQBR,2024-07-30,ЛУКОЙЛ,LKOH,72314,8030016855.0,6727.0,6705.0,6830.0,6795.0,6763.5,6805.5,1187235,6761.5,6761.5,,7669085912.0,7669085912.0,,0.0,3,SUR,1.16,
TQBR,2024-07-31,ЛУКОЙЛ,LKOH,45757,6017597679.0,6820.0,6731.0,6830.0,6738.0,6777.5,6759.5,887783,6781.0,6781.0,,5488773554.0,5488773554.0,,0.0,3,SUR,-0.68,
TQBR,2024-08-01,ЛУКОЙЛ,LKOH,53060,5441271817.0,6759.0,6678.0,6770.0,6705.0,6725.0,6687.0,809491,6727.0,6727.0,,4612416732.0,4612416732.0,,0.0,3,SUR,-1.07,
TQBR,2024-08-02,ЛУКОЙЛ,LKOH,64192,5335472176.5,6679.5,6577.0,6715.0,6611.0,6632.0,6591.0,804496,6638.5,6638.5,,4522108965.0,4522108965.0,,0.0,3,SUR,-1.44,
TQBR,2024-08-05,ЛУКОЙЛ,LKOH,139797,13417659175.5,6498.0,6336.5,6543.5,6432.0,6419.5,6417.5,2088915,6423.0,6423.0,,12421367642.0,12421367642.0,,0.0,3,SUR,-2.63,
TQBR,2024-08-06,ЛУКОЙЛ,LKOH,51492,5538224091.0,6480.0,6356.0,6498.0,6426.5,6432.0,6447.0,861008,6431.5,6431.5,,5093210197.5,5093210197.5,,0.0,3,SUR,0.46,
TQBR,2024-08-07,ЛУКОЙЛ,LKOH,70201,7983693995.0,6450.0,6357.5,6548.5,6531.0,6447.5,6505.0,1237949,6437.5,6437.5,,6646518415.0,6646518415.0,,0.0,3,SUR,0.9,
TQBR,2024-08-08,ЛУКОЙЛ,LKOH,73542,6062528840.0,6515.5,6403.0,6551.5,6447.0,6477.5,6410.5,935807,6489.0,6489.0,,5170979405.0,5170979405.0,,0.0,3,SUR,-1.45,
TQBR,2024-08-09,ЛУКОЙЛ,LKOH,38758,3779150765.0,6420.0,6385.0,6489.5,6412.0,6432.5,6408.5,587504,6435.0,6435.0,,3448076772.5,3448076772.5,,0.0,3,SUR,-0.03,
TQBR,2024-08-12,ЛУКОЙЛ,LKOH,80517,6270217972.0,6404.0,6311.0,6462.0,6406.0,6384.5,6448.5,981979,6379.0,6379.0,,5584508213.5,5584508213.5,,0.0,3,SUR,0.62,
TQBR,2024-08-13,ЛУКОЙЛ,LKOH,56025,5192616528.5,6460.5,6410.5,6469.5,6446.5,6440.0,6444.5,806252,6440.5,6440.5,,4655201520.5,4655201520.5,,0.0,3,SUR,-0.06,
TQBR,2024-08-14,ЛУКОЙЛ,LKOH,62785,7950452533.5,6449.0,6371.5,6539.0,6421.5,6456.5,6385.0,1231282,6463.0,6463.0,,7308571849.0,7308571849.0,,0.0,3,SUR,-0.92,
TQBR,2024-08-15,ЛУКОЙЛ,LKOH,63715,4403672616.0,6398.0,6334.0,6418.0,6353.0,6368.5,6347.0,691372,6371.5,6371.5,,3935078050.5,3935078050.5,,0.0,3,SUR,-0.6,
TQBR,2024-08-16,ЛУКОЙЛ,LKOH,62035,5592435486.5,6355.0,6226.5,6360.0,6304.5,6298.0,6239.5,888102,6316.5,6316.5,,3771528630.5,3771528630.5,,0.0,3,SUR,-1.69,
TQBR,2024-08-19,ЛУКОЙЛ,LKOH,90105,7640343093.0,6255.0,6103.5,6284.0,6151.0,6199.5,6138.5,1232327,6214.0,6214.0,,6397258634.0,6397258634.0,,0.0,3,SUR,-1.62,
TQBR,2024-08-20,ЛУКОЙЛ,LKOH,127644,9270319132.0,6140.0,6050.0,6248.0,6156.5,6159.5,6147.5,1504834,6162.5,6162.5,,8361393606.5,8361393606.5,,0.0,3,SUR,0.15,
TQBR,2024-08-21,ЛУКОЙЛ,LKOH,108968,12213500323.0,6155.0,6107.0,6325.0,6275.0,6241.0,6309.5,1957283,6236.5,6236.5,,11038043380.0,11038043380.0,,0.0,3,SUR,2.64,
TQBR,2024-08-22,ЛУКОЙЛ,LKOH,178539,25228282440.0,6314.0,6278.0,6538.5,6430.0,6415.5,6419.0,3933131,6417.0,6417.0,,22492322105.0,22492322105.0,,0.0,3,SUR,1.74,
TQBR,2024-08-23,ЛУКОЙЛ,LKOH,111409,9599269438.5,6420.0,6320.0,6472.0,6350.0,6384.5,6428.0,1503388,6383.5,6383.5,,8067530058.0,8067530058.0,,0.0,3,SUR,0.14,
TQBR,2024-08-26,ЛУКОЙЛ,LKOH,123490,12542439401.0,6591.0,6506.0,6677.0,6598.0,6599.0,6645.0,1900761,6597.5,6597.5,,11925975241.0,11925975241.0,,0.0,3,SUR,3.38,
TQBR,2024-08-27,ЛУКОЙЛ,LKOH,77426,7348931758.5,6645.0,6458.0,6680.0,6501.0,6554.5,6526.5,1121065,6563.0,6563.0,,6547594851.0,6547594851.0,,0.0,3,SUR,-1.78,
TQBR,2024-08-28,ЛУКОЙЛ,LKOH,71760,9735298847.5,6522.0,6302.5,6522.5,6395.5,6401.0,6389.0,1520944,6400.5,6400.5,,8951303223.5,8951303223.5,,0.0,3,SUR,-2.11,
TQBR,2024-08-29,ЛУКОЙЛ,LKOH,76069,10021032518.0,6401.0,6250.5,6411.0,6295.0,6318.5,6324.0,1585477,6319.5,6319.5,,9173951961.0,9173951961.0,,0.0,3,SUR,-1.02,
TQBR,2024-08-30,ЛУКОЙЛ,LKOH,117368,9634920054.0,6330.0,6118.0,6334.0,6203.0,6225.0,6145.0,1548065,6237.5,6237.5,,7858537832.0,7858537832.0,,0.0,3,SUR,-2.83,
TQBR,2024-09-02,ЛУКОЙЛ,LKOH,101875,12876024284.5,6135.0,6040.5,6205.0,6083.0,6100.5,6115.0,2109620,6106.0,6106.0,,11418329111.5,11418329111.5,,0.0,3,SUR,-0.49,
TQBR,2024-09-03,ЛУКОЙЛ,LKOH,85950,12881869956.5,6150.5,6069.0,6246.5,6145.0,6159.5,6184.0,2089894,6163.5,6163.5,,12278640523.0,12278640523.0,,0.0,3,SUR,1.13,
TQBR,2024-09-04,ЛУКОЙЛ,LKOH,61974,8528051212.0,6189.0,6171.0,6297.0,6235.0,6204.0,6265.0,1373273,6197.5,6197.5,,6948312195.0,6948312195.0,,0.0,3,SUR,1.31,
TQBR,2024-09-05,ЛУКОЙЛ,LKOH,59265,6601525792.5,6281.0,6235.0,6360.0,6289.0,6303.5,6272.0,1047129,6307.0,6307.0,,5951035816.5,5951035816.5,,0.0,3,SUR,0.11,
TQBR,2024-09-06,ЛУКОЙЛ,LKOH,42271,5580521889.5,6287.0,6232.0,6357.0,6294.0,6312.5,6332.0,883982,6312.0,6312.0,,4881121064.5,4881121064.5,,0.0,3,SUR,0.96,
TQBR,2024-09-09,ЛУКОЙЛ,LKOH,66785,7322960662.0,6348.0,6348.0,6525.5,6496.5,6452.5,6520.0,1134535,6446.0,6446.0,,6379973608.5,6379973608.5,,0.0,3,SUR,2.97,
TQBR,2024-09-10,ЛУКОЙЛ,LKOH,57923,6768569702.5,6536.0,6376.0,6548.5,6439.0,6465.0,6435.0,1047003,6473.0,6473.0,,5864616634.0,5864616634.0,,0.0,3,SUR,-1.3,
TQBR,2024-09-11,ЛУКОЙЛ,LKOH,41423,6231233415.5,6448.0,6402.0,6500.0,6490.0,6457.5,6413.5,964773,6461.5,6461.5,,4946311663.0,4946311663.0,,0.0,3,SUR,-0.33,
TQBR,2024-09-12,ЛУКОЙЛ,LKOH,52605,6771796811.0,6420.0,6370.5,6448.0,6400.0,6408.0,6448.0,1056700,6408.0,6408.0,,5680273709.5,5680273709.5,,0.0,3,SUR,0.54,
TQBR,2024-09-13,ЛУКОЙЛ,LKOH,76749,10153320503.5,6453.5,6304.0,6625.0,6591.0,6473.0,6624.5,1568669,6459.0,6459.0,,9085400715.5,9085400715.5,,0.0,3,SUR,2.74,
TQBR,2024-09-16,ЛУКОЙЛ,LKOH,75129,10805152178.0,6650.0,6581.5,6824.5,6800.0,6734.0,6820.5,1604887,6723.5,6723.5,,9590679101.5,9590679101.5,,0.0,3,SUR,2.96,
TQBR,2024-09-17,ЛУКОЙЛ,LKOH,54065,7242952606.0,6847.0,6742.0,6860.0,6828.5,6803.5,6803.0,1064602,6798.0,6798.0,,6246434338.5,6246434338.5,,0.0,3,SUR,-0.26,
TQBR,2024-09-18,ЛУКОЙЛ,LKOH,50977,5601361528.5,6803.0,6730.5,6831.0,6755.0,6769.5,6745.5,827432,6771.5,6771.5,,5157456372.5,5157456372.5,,0.0,3,SUR,-0.85,
TQBR,2024-09-19,ЛУКОЙЛ,LKOH,52986,7521262073.5,6750.0,6718.0,6830.0,6794.0,6768.5,6811.0,1111079,6766.0,6766.0,,6991758166.5,6991758166.5,,0.0,3,SUR,0.97,
TQBR,2024-09-20,ЛУКОЙЛ,LKOH,35878,5175940435.0,6815.5,6812.5,6898.0,6870.0,6867.0,6897.5,753711,6865.0,6865.0,,4422766195.0,4422766195.0,,0.0,3,SUR,1.27,
TQBR,2024-09-23,ЛУКОЙЛ,LKOH,45716,6185084276.5,6900.0,6899.0,7000.0,6980.0,6963.5,6982.5,888222,6962.5,6962.5,,5521698240.5,5521698240.5,,0.0,3,SUR,1.23,
TQBR,2024-09-24,ЛУКОЙЛ,LKOH,54433,7060348882.5,6985.0,6865.5,7050.5,6954.0,6965.5,6954.5,1013610,6965.5,6965.5,,6655078373.0,6655078373.0,,0.0,3,SUR,-0.4,
TQBR,2024-09-25,ЛУКОЙЛ,LKOH,58083,5707168209.5,6954.5,6860.0,6990.0,6860.0,6922.0,6867.0,824516,6928.0,6928.0,,5009013533.5,5009013533.5,,0.0,3,SUR,-1.26,
TQBR,2024-09-26,ЛУКОЙЛ,LKOH,43003,5859750516.5,6849.0,6770.0,6890.0,6878.5,6815.0,6890.0,859841,6811.0,6811.0,,5528012281.5,5528012281.5,,0.0,3,SUR,0.33,
TQBR,2024-09-27,ЛУКОЙЛ,LKOH,30860,3794592928.0,6908.0,6831.5,6946.0,6920.0,6886.0,6914.5,550853,6886.5,6886.5,,3495645333.0,3495645333.0,,0.0,3,SUR,0.36,
TQBR,2024-09-30,ЛУКОЙЛ,LKOH,42021,4915762583.0,6948.5,6852.0,6972.5,6959.5,6930.5,6874.0,709120,6936.0,6936.0,,4351625417.5,4351625417.5,,0.0,3,SUR,-0.59,
TQBR,2024-10-01,ЛУКОЙЛ,LKOH,67381,9612025796.0,6875.0,6773.5,6995.5,6883.0,6868.0,6969.0,1399542,6841.0,6841.0,,6883450493.5,6883450493.5,,0.0,3,SUR,1.38,
TQBR,2024-10-02,ЛУКОЙЛ,LKOH,49331,7074932867.5,6969.0,6781.5,6980.0,6843.5,6898.0,6816.5,1025658,6914.5,6914.5,,5973126717.5,5973126717.5,,0.0,3,SUR,-2.19,
TQBR,2024-10-03,ЛУКОЙЛ,LKOH,73230,7298976007.0,6820.0,6780.5,6957.0,6887.0,6861.5,6956.0,1063795,6847.5,6847.5,,6083112442.5,6083112442.5,,0.0,3,SUR,2.05,
TQBR,2024-10-04,ЛУКОЙЛ,LKOH,77119,8485637357.5,6960.0,6925.5,7076.5,7000.0,7008.0,7009.0,1210876,7008.5,7008.5,,7679652228.0,7679652228.0,,0.0,3,SUR,0.76,
TQBR,2024-10-07,ЛУКОЙЛ,LKOH,60839,6762230369.0,7025.0,6956.0,7066.0,7009.0,7017.0,7055.0,963664,7012.0,7012.0,,5626581512.5,5626581512.5,,0.0,3,SUR,0.66,
TQBR,2024-10-08,ЛУКОЙЛ,LKOH,43403,5250618990.0,7043.0,6960.5,7055.0,7004.0,7007.0,6973.5,749417,7009.0,7009.0,,4493600263.5,4493600263.5,,0.0,3,SUR,-1.16,
TQBR,2024-10-09,ЛУКОЙЛ,LKOH,60896,6681874228.5,6973.5,6861.0,6991.0,6870.0,6889.0,6883.5,968062,6905.0,6905.0,,6042672753.5,6042672753.5,,0.0,3,SUR,-1.29,
TQBR,2024-10-10,ЛУКОЙЛ,LKOH,53568,8511756818.5,6892.0,6845.0,6904.5,6857.0,6853.0,6857.0,1238377,6874.0,6874.0,,7802730349.0,7802730349.0,,0.0,3,SUR,-0.38,
TQBR,2024-10-11,ЛУКОЙЛ,LKOH,72391,10306099875.5,6858.0,6792.0,6882.5,6864.5,6788.5,6837.0,1511100,6817.0,6817.0,,9487248730.5,9487248730.5,,0.0,3,SUR,-0.29,
TQBR,2024-10-14,ЛУКОЙЛ,LKOH,72329,10187388345.0,6824.0,6785.0,6947.5,6920.0,6845.0,6931.5,1482262,6870.5,6870.5,,9785455979.5,9785455979.5,,0.0,3,SUR,1.38,
TQBR,2024-10-15,ЛУКОЙЛ,LKOH,67257,5742534571.5,6911.0,6878.5,7019.0,7000.0,6968.0,6991.0,824416,6964.0,6964.0,,5417550015.5,5417550015.5,,0.0,3,SUR,0.86,
TQBR,2024-10-16,ЛУКОЙЛ,LKOH,50951,5653266361.0,6997.0,6928.5,7055.0,6967.5,6990.5,6980.0,808905,6989.5,6989.5,,5305001386.0,5305001386.0,,0.0,3,SUR,-0.16,
TQBR,2024-10-17,ЛУКОЙЛ,LKOH,36083,4425982686.0,6982.0,6924.0,7009.0,6927.5,6961.0,6931.5,635784,6963.5,6963.5,,4141595206.5,4141595206.5,,0.0,3,SUR,-0.69,
TQBR,2024-10-18,ЛУКОЙЛ,LKOH,47252,6762986714.5,6915.5,6906.0,6995.5,6950.0,6949.0,6963.0,973265,6947.5,6947.5,,6179840710.0,6179840710.0,,0.0,3,SUR,0.45,
TQBR,2024-10-21,ЛУКОЙЛ,LKOH,45838,5397533978.0,6979.5,6963.0,7047.0,7001.0,7016.5,7020.0,769308,7016.5,7016.5,,5036244116.0,5036244116.0,,0.0,3,SUR,0.82,
TQBR,2024-10-22,ЛУКОЙЛ,LKOH,70141,5156818887.0,7008.5,6945.0,7024.0,6953.0,6982.0,6950.0,738603,6984.0,6984.0,,4778524548.5,4778524548.5,,0.0,3,SUR,-1.0,
TQBR,2024-10-23,ЛУКОЙЛ,LKOH,63109,5215222788.0,6945.0,6910.0,7016.5,6951.0,6962.0,6920.0,749290,6965.0,6965.0,,4492705242.0,4492705242.0,,0.0,3,SUR,-0.43,
TQBR,2024-10-24,ЛУКОЙЛ,LKOH,39128,4088383758.0,6920.0,6890.0,6986.0,6950.5,6936.0,6958.5,589487,6934.5,6934.5,,3878883865.0,3878883865.0,,0.0,3,SUR,0.56,
TQBR,2024-10-25,ЛУКОЙЛ,LKOH,174817,18248827668.5,6970.0,6721.5,7080.0,6794.5,6921.0,6750.5,2637080,6938.5,6938.5,,16385091286.5,16385091286.5,,0.0,3,SUR,-2.99,
TQBR,2024-10-28,ЛУКОЙЛ,LKOH,115069,16274513453.0,6695.0,6580.0,6785.0,6715.0,6698.5,6733.5,2429892,6696.5,6696.5,,14351961433.0,14351961433.0,,0.0,3,SUR,-0.25,
TQBR,2024-10-29,ЛУКОЙЛ,LKOH,61562,7876714019.5,6749.0,6708.0,6866.0,6830.0,6785.0,6837.0,1160800,6780.5,6780.5,,7287617139.5,7287617139.5,,0.0,3,SUR,1.54,
TQBR,2024-10-30,ЛУКОЙЛ,LKOH,62776,6217817380.0,6855.0,6773.5,6894.0,6857.5,6843.0,6792.0,908779,6846.0,6846.0,,5394855741.5,5394855741.5,,0.0,3,SUR,-0.66,
TQBR,2024-10-31,ЛУКОЙЛ,LKOH,57132,5428919113.0,6792.0,6747.0,6869.0,6792.5,6807.0,6794.5,797571,6809.5,6809.5,,4845940313.5,4845940313.5,,0.0,3,SUR,0.04,
TQBR,2024-11-01,ЛУКОЙЛ,LKOH,64675,6028476726.0,6805.5,6720.5,6850.0,6800.5,6782.5,6844.5,888732,6778.5,6778.5,,5494944954.5,5494944954.5,,0.0,3,SUR,0.74,
TQBR,2024-11-02,ЛУКОЙЛ,LKOH,38133,2607875067.0,6839.0,6810.0,6865.0,6828.5,6843.5,6842.0,381130,6844.0,6844.0,,2334240704.5,2334240704.5,,0.0,3,SUR,-0.04,
TQBR,2024-11-05,ЛУКОЙЛ,LKOH,34062,3522276653.5,6867.0,6821.0,6920.0,6863.0,6869.5,6873.0,512809,6868.0,6868.0,,3185754673.0,3185754673.0,,0.0,3,SUR,0.45,
TQBR,2024-11-06,ЛУКОЙЛ,LKOH,88378,9302846538.5,6999.5,6933.5,7098.5,7000.0,7018.0,6996.5,1325613,7019.0,7019.0,,8865183677.0,8865183677.0,,0.0,3,SUR,1.8,
TQBR,2024-11-07,ЛУКОЙЛ,LKOH,42244,4716114392.5,6994.0,6950.0,7139.0,7050.0,7025.5,7132.0,671029,7004.5,7004.5,,3386368266.5,3386368266.5,,0.0,3,SUR,1.94,
TQBR,2024-11-08,ЛУКОЙЛ,LKOH,69965,6828808905.5,7150.0,7061.0,7192.0,7080.5,7124.5,7172.0,958430,7116.5,7116.5,,5388994237.0,5388994237.0,,0.0,3,SUR,0.56,
TQBR,2024-11-11,ЛУКОЙЛ,LKOH,107757,11033293010.0,7205.5,6995.0,7235.0,7000.0,7086.5,7022.5,1556463,7094.0,7094.0,,10190520268.0,10190520268.0,,0.0,3,SUR,-2.08,
TQBR,2024-11-12,ЛУКОЙЛ,LKOH,47978,4844381202.0,7025.0,6967.0,7071.5,6999.0,7006.5,6990.0,691473,7007.0,7007.0,,4344950340.5,4344950340.5,,0.0,3,SUR,-0.46,
TQBR,2024-11-13,ЛУКОЙЛ,LKOH,71862,5174987861.5,6990.0,6918.0,7048.0,7000.0,6994.5,6925.0,739997,7005.5,7005.5,,3927441245.5,3927441245.5,,0.0,3,SUR,-0.93,
TQBR,2024-11-14,ЛУКОЙЛ,LKOH,69085,6062226361.0,6924.5,6900.0,7013.5,6930.0,6951.5,6932.5,872290,6951.5,6951.5,,5661248368.5,5661248368.5,,0.0,3,SUR,0.11,
TQBR,2024-11-15,ЛУКОЙЛ,LKOH,32290,3524203226.0,6932.5,6911.0,7037.0,7014.5,6973.0,7021.0,505412,6961.5,6961.5,,2889516566.0,2889516566.0,,0.0,3,SUR,1.28,
TQBR,2024-11-18,ЛУКОЙЛ,LKOH,43168,4365123153.5,6957.0,6874.0,7008.0,7000.0,6976.0,6955.5,625828,6974.5,6974.5,,3986046219.0,3986046219.0,,0.0,3,SUR,-0.93,
TQBR,2024-11-19,ЛУКОЙЛ,LKOH,60552,5970434825.0,6958.0,6810.0,6991.5,6835.0,6891.0,6842.0,866383,6897.0,6897.0,,5397109369.5,5397109369.5,,0.0,3,SUR,-1.63,
TQBR,2024-11-20,ЛУКОЙЛ,LKOH,47412,5894726203.0,6851.0,6776.0,6952.5,6802.0,6870.0,6798.5,858069,6883.0,6883.0,,5024526067.5,5024526067.5,,0.0,3,SUR,-0.64,
TQBR,2024-11-21,ЛУКОЙЛ,LKOH,53654,7146708797.5,6810.0,6768.0,6949.0,6821.5,6834.0,6938.5,1045777,6821.5,6821.5,,5371655241.0,5371655241.0,,0.0,3,SUR,2.06,
TQBR,2024-11-22,ЛУКОЙЛ,LKOH,44495,4141645999.5,6941.0,6868.0,6998.0,6924.5,6921.5,6940.0,598338,6912.5,6912.5,,3288892521.5,3288892521.5,,0.0,3,SUR,0.02,
TQBR,2024-11-25,ЛУКОЙЛ,LKOH,45513,5717370901.0,6946.0,6835.5,6979.0,6919.0,6898.0,6886.5,828826,6899.0,6899.0,,5018389914.0,5018389914.0,,0.0,3,SUR,-0.77,
TQBR,2024-11-26,ЛУКОЙЛ,LKOH,53167,6777218261.5,6870.5,6820.5,6930.0,6833.0,6872.5,6869.5,986149,6874.5,6874.5,,6050213554.5,6050213554.5,,0.0,3,SUR,-0.25,
TQBR,2024-11-27,ЛУКОЙЛ,LKOH,69253,10132032756.0,6870.0,6770.0,6916.5,6856.0,6841.5,6896.5,1480873,6838.0,6838.0,,9288164506.5,9288164506.5,,0.0,3,SUR,0.39,
TQBR,2024-11-28,ЛУКОЙЛ,LKOH,45085,8532743263.0,6943.5,6818.0,6943.5,6890.0,6866.0,6905.5,1242835,6861.5,6861.5,,7762481401.5,7762481401.5,,0.0,3,SUR,0.13,
TQBR,2024-11-29,ЛУКОЙЛ,LKOH,52103,8908600122.5,6905.0,6832.0,6910.0,6885.0,6858.5,6860.5,1298921,6857.5,6857.5,,8337484292.0,8337484292.0,,0.0,3,SUR,-0.65,
TQBR,2024-12-02,ЛУКОЙЛ,LKOH,52193,9465677174.5,6880.0,6799.0,6880.0,6826.5,6832.5,6810.0,1385540,6832.5,6832.5,,9108742220.5,9108742220.5,,0.0,3,SUR,-0.74,
TQBR,2024-12-03,ЛУКОЙЛ,LKOH,42800,5679650406.5,6812.0,6713.5,6823.0,6758.5,6768.5,6771.0,839251,6767.5,6767.5,,5215284816.0,5215284816.0,,0.0,3,SUR,-0.57,
TQBR,2024-12-04,ЛУКОЙЛ,LKOH,44999,6454057534.5,6784.5,6714.0,6812.0,6726.0,6752.0,6720.5,956078,6756.5,6756.5,,5190782392.0,5190782392.0,,0.0,3,SUR,-0.75,
TQBR,2024-12-05,ЛУКОЙЛ,LKOH,58682,6599434311.0,6725.5,6676.5,6861.0,6783.5,6761.5,6841.0,975760,6753.5,6753.5,,5784732204.5,5784732204.5,,0.0,3,SUR,1.79,
TQBR,2024-12-06,ЛУКОЙЛ,LKOH,44518,4390866716.0,6860.0,6800.0,6913.5,6850.0,6844.5,6860.0,641205,6847.0,6847.0,,4158947946.5,4158947946.5,,0.0,3,SUR,0.28,
TQBR,2024-12-09,ЛУКОЙЛ,LKOH,40154,4950657527.5,6877.0,6844.0,6997.0,6980.0,6923.0,6973.0,715056,6918.5,6918.5,,4528536978.5,4528536978.5,,0.0,3,SUR,1.65,
TQBR,2024-12-10,ЛУКОЙЛ,LKOH,45270,4804774031.5,6995.5,6880.0,6995.5,6900.5,6931.0,6894.0,693187,6933.5,6933.5,,4496513539.5,4496513539.5,,0.0,3,SUR,-1.13,
TQBR,2024-12-11,ЛУКОЙЛ,LKOH,33387,4798394194.0,6894.0,6821.0,6914.0,6865.0,6864.0,6895.5,699084,6861.0,6861.0,,4246157171.5,4246157171.5,,0.0,3,SUR,0.02,
TQBR,2024-12-12,ЛУКОЙЛ,LKOH,41664,4744015112.5,6898.0,6862.0,6959.5,6886.0,6905.5,6862.5,686966,6910.0,6910.0,,4161900819.0,4161900819.0,,0.0,3,SUR,-0.48,
TQBR,2024-12-13,ЛУКОЙЛ,LKOH,35977,4444705544.0,6868.5,6750.0,6884.5,6809.5,6837.5,6800.0,652618,6812.5,6812.5,,3964356923.5,3964356923.5,,0.0,3,SUR,-0.91,
TQBR,2024-12-16,ЛУКОЙЛ,LKOH,60917,7550441345.0,6770.0,6685.5,6787.5,6736.0,6736.0,6779.5,1120955,6735.5,6735.5,,5855846759.0,5855846759.0,,0.0,3,SUR,-0.3,
TQBR,2024-12-17,ЛУКОЙЛ,LKOH,96976,9275025962.5,6330.0,6256.0,6398.0,6267.0,6320.5,6290.5,1466988,6324.5,6324.5,,8766725575.5,8766725575.5,,0.0,3,SUR,-7.21,
TQBR,2024-12-18,ЛУКОЙЛ,LKOH,42514,4610329183.0,6297.0,6238.0,6395.0,6342.0,6315.5,6375.0,729988,6297.5,6297.5,,3468466198.5,3468466198.5,,0.0,3,SUR,1.34,
TQBR,2024-12-19,ЛУКОЙЛ,LKOH,77037,11900442464.5,6379.5,6263.0,6492.0,6263.0,6381.5,6294.0,1864781,6386.0,6386.0,,11378145953.5,11378145953.5,,0.0,3,SUR,-1.27,
TQBR,2024-12-20,ЛУКОЙЛ,LKOH,109409,14156739044.5,6294.0,6280.0,6804.0,6728.0,6563.0,6725.0,2156227,6553.0,6553.0,,13111918095.5,13111918095.5,,0.0,3,SUR,6.85,
TQBR,2024-12-23,ЛУКОЙЛ,LKOH,70450,7177585526.0,6787.0,6761.0,6980.0,6894.5,6895.0,6919.0,1041273,6893.0,6893.0,,6827098995.0,6827098995.0,,0.0,3,SUR,2.88,
TQBR,2024-12-24,ЛУКОЙЛ,LKOH,55159,4989193949.0,6919.0,6825.0,6960.5,6847.5,6891.5,6833.0,724126,6893.5,6893.5,,4555493542.0,4555493542.0,,0.0,3,SUR,-1.24,
TQBR,2024-12-25,ЛУКОЙЛ,LKOH,59733,7291924636.0,6830.0,6787.5,7006.5,6969.5,6919.0,6987.5,1053928,6913.5,6913.5,,6688403070.5,6688403070.5,,0.0,3,SUR,2.26,
TQBR,2024-12-26,ЛУКОЙЛ,LKOH,54796,6224649528.0,6988.0,6988.0,7096.5,7030.0,7048.0,7003.0,883163,7051.0,7051.0,,5695371310.0,5695371310.0,,0.0,3,SUR,0.22,
TQBR,2024-12-27,ЛУКОЙЛ,LKOH,33538,3990323085.5,7019.0,6921.5,7038.0,6959.0,6973.5,6990.5,572201,6971.5,6971.5,,3400765550.0,3400765550.0,,0.0,3,SUR,-0.18,
TQBR,2024-12-28,ЛУКОЙЛ,LKOH,25877,3174950855.5,6990.5,6955.5,7012.0,6975.0,6991.0,6998.0,454148,6990.5,6990.5,,2793489361.0,2793489361.0,,0.0,3,SUR,0.11,
TQBR,2024-12-30,ЛУКОЙЛ,LKOH,53942,5560649924.5,7011.0,7003.0,7260.0,7240.5,7176.0,7235.0,774886,7170.0,7170.0,,4876615920.0,4876615920.0,,0.0,3,SUR,3.39,
TQBR,2025-01-03,ЛУКОЙЛ,LKOH,25070,1874743272.5,7255.0,7101.0,7260.0,7125.0,7153.0,7122.0,262096,7156.5,7156.5,,1692432297.5,1692432297.5,,0.0,3,SUR,-1.56,
TQBR,2025-01-06,ЛУКОЙЛ,LKOH,23406,1576880769.0,7114.5,7070.0,7160.0,7108.0,7112.5,7088.0,221706,7118.5,7118.5,,1180620752.5,1180620752.5,,0.0,3,SUR,-0.48,
TQBR,2025-01-08,ЛУКОЙЛ,LKOH,24820,1737360404.5,7090.0,7045.0,7124.0,7110.0,7091.0,7089.0,245014,7090.0,7090.0,,1530465458.5,1530465458.5,,0.0,3,SUR,0.01,
TQBR,2025-01-09,ЛУКОЙЛ,LKOH,43570,3804100800.0,7100.0,6933.0,7117.5,6994.5,7022.0,6947.5,542286,7024.5,7024.5,,3239585445.5,3239585445.5,,0.0,3,SUR,-2.0,
TQBR,2025-01-10,ЛУКОЙЛ,LKOH,85669,11926474901.0,6972.5,6901.5,7146.0,7030.0,7030.5,7022.5,1696373,7032.5,7032.5,,10928168860.0,10928168860.0,,0.0,3,SUR,1.08,
TQBR,2025-01-13,ЛУКОЙЛ,LKOH,55342,4935683288.5,7110.0,6979.5,7110.0,7037.0,7042.0,7010.5,700870,7044.5,7044.5,,4552738561.5,4552738561.5,,0.0,3,SUR,-0.17,
TQBR,2025-01-14,ЛУКОЙЛ,LKOH,49453,4465363527.0,7010.5,6980.0,7129.5,7100.5,7071.5,7115.5,631568,7066.0,7066.0,,3990462694.0,3990462694.0,,0.0,3,SUR,1.5,
TQBR,2025-01-15,ЛУКОЙЛ,LKOH,47132,4401272371.0,7125.0,7070.0,7180.0,7076.0,7119.5,7178.5,618061,7109.5,7109.5,,3064146169.5,3064146169.5,,0.0,3,SUR,0.89,
TQBR,2025-01-16,ЛУКОЙЛ,LKOH,38468,4069122748.5,7190.0,7170.5,7255.0,7210.0,7222.5,7208.0,563475,7222.0,7222.0,,3703760412.0,3703760412.0,,0.0,3,SUR,0.41,
TQBR,2025-01-17,ЛУКОЙЛ,LKOH,49690,4690781349.5,7204.0,7190.0,7345.0,7318.5,7282.0,7342.0,644153,7276.0,7276.0,,4148922175.0,4148922175.0,,0.0,3,SUR,1.86,
TQBR,2025-01-20,ЛУКОЙЛ,LKOH,59515,6364559201.0,7376.0,7165.0,7400.0,7252.5,7294.5,7194.0,872440,7317.0,7317.0,,4944506922.0,4944506922.0,,0.0,3,SUR,-2.02,
TQBR,2025-01-21,ЛУКОЙЛ,LKOH,33499,2953928543.0,7240.5,7141.0,7243.0,7220.5,7192.5,7239.5,410714,7189.0,7189.0,,2698605778.5,2698605778.5,,0.0,3,SUR,0.63,
TQBR,2025-01-22,ЛУКОЙЛ,LKOH,42774,3903222031.0,7243.5,7206.0,7287.5,7265.0,7246.5,7215.0,538641,7250.0,7250.0,,3118548607.0,3118548607.0,,0.0,3,SUR,-0.34,
TQBR,2025-01-23,ЛУКОЙЛ,LKOH,30496,3284186641.0,7220.0,7140.0,7220.0,7190.0,7181.5,7215.0,457326,7182.0,7182.0,,2575316718.0,2575316718.0,,0.0,3,SUR,0.0,
TQBR,2025-01-24,ЛУКОЙЛ,LKOH,27789,2498038599.0,7216.0,7160.0,7226.0,7196.5,7192.0,7199.5,347307,7192.5,7192.5,,2207784049.0,2207784049.0,,0.0,3,SUR,-0.21,
TQBR,2025-01-27,ЛУКОЙЛ,LKOH,49664,3565115561.0,7199.0,7013.0,7199.0,7040.5,7083.5,7065.5,503135,7088.0,7088.0,,2840963412.0,2840963412.0,,0.0,3,SUR,-1.86,
TQBR,2025-01-28,ЛУКОЙЛ,LKOH,27271,3273351302.0,7065.5,7040.0,7176.0,7168.0,7119.0,7160.0,459802,7116.5,7116.5,,2838417791.0,2838417791.0,,0.0,3,SUR,1.34,
TQBR,2025-01-29,ЛУКОЙЛ,LKOH,28428,3929860267.0,7157.0,7117.5,7236.5,7236.5,7184.0,7192.0,546981,7183.0,7183.0,,3275567156.0,3275567156.0,,0.0,3,SUR,0.45,
TQBR,2025-01-30,ЛУКОЙЛ,LKOH,34946,2756863269.0,7185.0,7152.5,7214.5,7190.0,7176.0,7166.0,384311,7173.5,7173.5,,2426518423.0,2426518423.0,,0.0,3,SUR,-0.36,
TQBR,2025-01-31,ЛУКОЙЛ,LKOH,56493,3885562270.5,7161.0,7141.0,7202.0,7193.0,7174.5,7171.0,541516,7173.5,7173.5,,3383583038.5,3383583038.5,,0.0,3,SUR,0.07,
TQBR,2025-02-03,ЛУКОЙЛ,LKOH,34785,3074981080.0,7160.0,7104.5,7206.0,7176.0,7163.0,7170.0,429275,7165.5,7165.5,,2476794950.5,2476794950.5,,0.0,3,SUR,-0.01,
TQBR,2025-02-04,ЛУКОЙЛ,LKOH,34743,3001507047.5,7170.0,7066.0,7187.5,7120.0,7128.0,7093.5,421017,7132.0,7132.0,,2510229764.5,2510229764.5,,0.0,3,SUR,-1.07,
TQBR,2025-02-05,ЛУКОЙЛ,LKOH,26852,2643411589.5,7080.5,7080.5,7184.5,7120.0,7137.5,7171.0,370359,7129.5,7129.5,,1749405773.0,1749405773.0,,0.0,3,SUR,1.09,
TQBR,2025-02-06,ЛУКОЙЛ,LKOH,36240,4027278234.5,7181.0,7140.0,7215.0,7150.0,7179.0,7141.0,560984,7180.5,7180.5,,3370395781.0,3370395781.0,,0.0,3,SUR,-0.42,
TQBR,2025-02-07,ЛУКОЙЛ,LKOH,29475,2332406575.5,7150.0,7120.0,7180.0,7162.0,7152.0,7148.0,326119,7152.0,7152.0,,1919189591.0,1919189591.0,,0.0,3,SUR,0.1,
TQBR,2025-02-10,ЛУКОЙЛ,LKOH,49278,4117764315.0,7175.0,7130.0,7230.0,7198.5,7191.0,7147.5,572659,7196.5,7196.5,,2883947652.5,2883947652.5,,0.0,3,SUR,-0.01,
TQBR,2025-02-11,ЛУКОЙЛ,LKOH,43117,4415083704.0,7147.5,7147.5,7289.5,7270.0,7236.0,7271.0,610101,7236.5,7236.5,,3891579140.5,3891579140.5,,0.0,3,SUR,1.73,
TQBR,2025-02-12,ЛУКОЙЛ,LKOH,97291,11336970584.0,7275.0,7217.0,7685.0,7256.0,7402.0,7676.0,1531462,7280.5,7280.5,,3972180777.0,3972180777.0,,0.0,3,SUR,5.57,
TQBR,2025-02-13,ЛУКОЙЛ,LKOH,152511,20032749729.5,7680.0,7390.0,7981.5,7479.0,7628.0,7534.0,2625855,7550.5,7550.5,,13657666029.0,13657666029.0,,0.0,3,SUR,-1.85,
TQBR,2025-02-14,ЛУКОЙЛ,LKOH,93104,11716816608.5,7444.5,7285.0,7734.0,7473.5,7586.5,7492.5,1544608,7590.5,7590.5,,9993749962.0,9993749962.0,,0.0,3,SUR,-0.55,
TQBR,2025-02-17,ЛУКОЙЛ,LKOH,70277,8011772247.5,7575.0,7550.0,7819.0,7750.0,7695.5,7784.5,1041127,7690.5,7690.5,,5846988599.5,5846988599.5,,0.0,3,SUR,3.9,
TQBR,2025-02-18,ЛУКОЙЛ,LKOH,66547,8174307786.0,7799.5,7589.0,7835.0,7670.0,7711.0,7644.5,1060072,7713.5,7713.5,,6608948204.5,6608948204.5,,0.0,3,SUR,-1.8,
TQBR,2025-02-19,ЛУКОЙЛ,LKOH,37540,4564777576.0,7647.0,7590.0,7760.0,7680.0,7676.5,7714.5,594657,7665.0,7665.0,,3346989094.5,3346989094.5,,0.0,3,SUR,0.92,
TQBR,2025-02-20,ЛУКОЙЛ,LKOH,30033,3396369977.5,7737.0,7684.5,7780.0,7720.0,7726.5,7720.0,439558,7728.5,7728.5,,2729452481.5,2729452481.5,,0.0,3,SUR,0.07,
TQBR,2025-02-21,ЛУКОЙЛ,LKOH,43010,4994086932.0,7721.0,7636.5,7790.0,7703.5,7707.0,7709.5,648005,7706.0,7706.0,,4331167636.0,4331167636.0,,0.0,3,SUR,-0.14,
TQBR,2025-02-24,ЛУКОЙЛ,LKOH,38385,4532616600.5,7710.0,7650.0,7744.5,7735.0,7699.5,7737.5,588691,7694.0,7694.0,,3638878258.0,3638878258.0,,0.0,3,SUR,0.36,
TQBR,2025-02-25,ЛУКОЙЛ,LKOH,56705,5784850515.0,7737.5,7690.0,7805.0,7709.0,7764.5,7729.0,745085,7770.5,7770.5,,4818663208.0,4818663208.0,,0.0,3,SUR,-0.11,
TQBR,2025-02-26,ЛУКОЙЛ,LKOH,70317,6867279073.0,7729.0,7511.0,7764.5,7648.5,7609.0,7555.0,902492,7615.5,7615.5,,5486560400.0,5486560400.0,,0.0,3,SUR,-2.25,
TQBR,2025-02-27,ЛУКОЙЛ,LKOH,55981,5089633570.0,7570.0,7466.5,7630.0,7549.0,7544.0,7497.0,674650,7552.0,7552.0,,3699209954.5,3699209954.5,,0.0,3,SUR,-0.77,
TQBR,2025-02-28,ЛУКОЙЛ,LKOH,69455,5919015358.5,7497.0,7390.0,7559.5,7460.0,7462.0,7546.5,793380,7438.0,7438.0,,3810930899.0,3810930899.0,,0.0,3,SUR,0.66,
TQBR,2025-03-03,ЛУКОЙЛ,LKOH,90109,8220481709.0,7559.5,7266.5,7580.0,7310.0,7350.5,7341.5,1118343,7341.0,7341.0,,6131087618.0,6131087618.0,,0.0,3,SUR,-2.72,2025-03-03
TQBR,2025-03-04,ЛУКОЙЛ,LKOH,99437,10122512494.5,7356.0,7245.0,7472.0,7295.5,7357.5,7393.0,1375930,7353.5,7353.5,,7478011669.0,7478011669.0,,0.0,3,SUR,0.7,2025-03-04
TQBR,2025-03-05,ЛУКОЙЛ,LKOH,76463,7704132373.0,7405.5,7230.0,7405.5,7300.0,7308.5,7241.0,1054109,7315.0,7315.0,,5562943934.0,5562943934.0,,0.0,3,SUR,-2.06,2025-03-05
TQBR,2025-03-06,ЛУКОЙЛ,LKOH,62482,6062306963.5,7250.0,7130.0,7284.5,7202.5,7185.5,7175.0,843624,7180.5,7180.5,,5101143298.5,5101143298.5,,0.0,3,SUR,-0.91,2025-03-06
TQBR,2025-03-07,ЛУКОЙЛ,LKOH,59954,7453073888.5,7200.0,7100.5,7305.5,7150.0,7206.5,7225.0,1034167,7206.5,7206.5,,6177062431.0,6177062431.0,,0.0,3,SUR,0.7,2025-03-07
TQBR,2025-03-10,ЛУКОЙЛ,LKOH,42999,3949740535.5,7230.0,7161.5,7260.0,7201.5,7210.5,7185.0,547759,7212.0,7212.0,,3234905844.5,3234905844.5,,0.0,3,SUR,-0.55,2025-03-10
TQBR,2025-03-11,ЛУКОЙЛ,LKOH,36693,3875766585.0,7185.0,7156.0,7278.5,7225.0,7215.0,7248.5,537137,7206.0,7206.0,,2218770248.0,2218770248.0,,0.0,3,SUR,0.88,2025-03-11
TQBR,2025-03-12,ЛУКОЙЛ,LKOH,26960,2824174665.5,7257.5,7180.0,7259.0,7204.0,7209.0,7205.0,391736,7209.0,7209.0,,2315861330.5,2315861330.5,,0.0,3,SUR,-0.6,2025-03-12
TQBR,2025-03-13,ЛУКОЙЛ,LKOH,59737,7141136568.0,7207.0,7095.0,7242.0,7100.5,7166.0,7130.0,996398,7145.5,7145.5,,4116379684.5,4116379684.5,,0.0,3,SUR,-1.04,2025-03-13
TQBR,2025-03-14,ЛУКОЙЛ,LKOH,49929,4091845965.5,7120.0,7081.5,7180.0,7170.0,7134.5,7149.5,573471,7132.0,7132.0,,3347304838.5,3347304838.5,,0.0,3,SUR,0.27,2025-03-14
TQBR,2025-03-17,ЛУКОЙЛ,LKOH,61888,5280964317.0,7163.0,7152.0,7272.0,7218.0,7223.0,7222.5,731164,7224.5,7224.5,,3637040548.0,3637040548.0,,0.0,3,SUR,1.02,2025-03-17
TQBR,2025-03-18,ЛУКОЙЛ,LKOH,86553,6808048960.0,7223.5,7157.0,7299.0,7269.0,7233.5,7183.0,940983,7244.0,7244.0,,4143900307.5,4143900307.5,,0.0,3,SUR,-0.55,2025-03-18
TQBR,2025-03-19,ЛУКОЙЛ,LKOH,39009,4018203501.0,7200.0,7150.0,7278.5,7240.0,7212.0,7221.0,557196,7208.0,7208.0,,3206975744.5,3206975744.5,,0.0,3,SUR,0.53,2025-03-19
TQBR,2025-03-20,ЛУКОЙЛ,LKOH,61067,10019849701.0,7221.5,7175.0,7316.5,7304.0,7244.5,7293.5,1383149,7240.0,7240.0,,8952998047.5,8952998047.5,,0.0,3,SUR,1.0,2025-03-20
TQBR,2025-03-21,ЛУКОЙЛ,LKOH,74752,7705739727.5,7300.0,7299.0,7398.0,7311.5,7324.5,7346.5,1047881,7358.5,7358.5,,6420452058.0,6420452058.0,,0.0,3,SUR,0.73,2025-03-21
TQBR,2025-03-24,ЛУКОЙЛ,LKOH,69893,7262479315.0,7350.0,7250.5,7385.5,7270.0,7295.5,7291.0,995514,7290.0,7290.0,,4991609231.5,4991609231.5,,0.0,3,SUR,-0.76,2025-03-24
TQBR,2025-03-25,ЛУКОЙЛ,LKOH,73579,7453456778.5,7291.0,7184.0,7330.0,7256.0,7247.0,7265.0,1028467,7241.5,7241.5,,6471583009.5,6471583009.5,,0.0,3,SUR,-0.36,2025-03-25
TQBR,2025-03-26,ЛУКОЙЛ,LKOH,43901,3854353266.5,7275.5,7180.0,7309.0,7213.0,7225.5,7185.0,533574,7227.5,7227.5,,2872372436.5,2872372436.5,,0.0,3,SUR,-1.1,2025-03-26
TQBR,2025-03-27,ЛУКОЙЛ,LKOH,43822,4176983024.0,7200.0,7097.0,7200.0,7133.0,7147.5,7108.5,584404,7152.5,7152.5,,3063954125.5,3063954125.5,,0.0,3,SUR,-1.06,2025-03-27
TQBR,2025-03-28,ЛУКОЙЛ,LKOH,58571,5232721123.5,7108.0,7048.0,7129.5,7062.5,7081.0,7064.5,739006,7082.0,7082.0,,4199032278.0,4199032278.0,,0.0,3,SUR,-0.62,2025-03-28
TQBR,2025-03-31,ЛУКОЙЛ,LKOH,93452,8522786243.0,7065.0,6800.0,7114.5,7030.5,7009.5,7026.5,1216507,7054.5,7054.5,,3773600356.5,3773600356.5,,0.0,3,SUR,-0.54,2025-03-31
TQBR,2025-04-01,ЛУКОЙЛ,LKOH,60490,6073751966.0,7038.5,6887.5,7104.0,6920.0,6973.5,6905.0,871014,6993.0,6993.0,,3773226669.0,3773226669.0,,0.0,3,SUR,-1.73,2025-04-01
TQBR,2025-04-02,ЛУКОЙЛ,LKOH,50233,4967960701.5,6892.0,6851.0,6989.0,6876.0,6902.5,6978.0,719619,6893.0,6893.0,,3652706592.5,3652706592.5,,0.0,3,SUR,1.06,2025-04-02
TQBR,2025-04-03,ЛУКОЙЛ,LKOH,94434,6964994270.0,6977.0,6700.0,7030.0,6719.5,6842.0,6802.0,1018617,6836.5,6836.5,,5113437294.5,5113437294.5,,0.0,3,SUR,-2.52,2025-04-03
TQBR,2025-04-04,ЛУКОЙЛ,LKOH,154720,12367482540.5,6818.0,6445.5,6824.5,6522.5,6611.5,6445.5,1870665,6641.0,6641.0,,8991141402.5,8991141402.5,,0.0,3,SUR,-5.24,2025-04-04
TQBR,2025-04-07,ЛУКОЙЛ,LKOH,202742,18616026365.5,6430.0,6275.5,6596.0,6351.0,6382.0,6349.5,2916075,6369.5,6369.5,,12032577483.0,12032577483.0,,0.0,3,SUR,-1.49,2025-04-07
TQBR,2025-04-08,ЛУКОЙЛ,LKOH,82929,7083580292.0,6399.5,6278.0,6478.0,6400.5,6383.5,6283.5,1109619,6407.0,6407.0,,3572197228.0,3572197228.0,,0.0,3,SUR,-1.04,2025-04-08
TQBR,2025-04-09,ЛУКОЙЛ,LKOH,129488,12665046575.0,6270.0,6110.0,6550.0,6208.5,6273.0,6507.0,2014898,6208.0,6208.0,,7454722393.0,7454722393.0,,0.0,3,SUR,3.56,2025-04-09
TQBR,2025-04-10,ЛУКОЙЛ,LKOH,71999,6801974556.0,6520.0,6305.0,6530.0,6393.0,6403.0,6375.5,1062122,6404.0,6404.0,,4880176003.0,4880176003.0,,0.0,3,SUR,-2.02,2025-04-10
TQBR,2025-04-11,ЛУКОЙЛ,LKOH,57837,5269667809.0,6375.5,6374.5,6533.0,6508.5,6484.0,6508.0,811795,6494.0,6494.0,,3725387752.5,3725387752.5,,0.0,3,SUR,2.08,2025-04-11
TQBR,2025-04-14,ЛУКОЙЛ,LKOH,58654,4579416679.0,6522.0,6427.5,6599.0,6498.0,6510.5,6474.0,703350,6498.5,6498.5,,2102726786.0,2102726786.0,,0.0,3,SUR,-0.52,2025-04-14
TQBR,2025-04-15,ЛУКОЙЛ,LKOH,31140,2098914900.5,6475.0,6410.0,6520.0,6460.0,6472.0,6466.0,324288,6469.0,6469.0,,1650959068.5,1650959068.5,,0.0,3,SUR,-0.12,2025-04-15
TQBR,2025-04-16,ЛУКОЙЛ,LKOH,45112,2960611956.0,6467.0,6410.0,6550.0,6545.0,6483.0,6515.0,456729,6477.0,6477.0,,2203758818.0,2203758818.0,,0.0,3,SUR,0.76,2025-04-16
TQBR,2025-04-17,ЛУКОЙЛ,LKOH,51763,5306623413.5,6530.0,6517.0,6720.0,6623.0,6598.0,6719.0,803595,6579.5,6579.5,,3494437213.5,3494437213.5,,0.0,3,SUR,3.13,2025-04-17
TQBR,2025-04-18,ЛУКОЙЛ,LKOH,52068,4918864902.5,6676.0,6500.0,6699.5,6628.0,6597.0,6629.5,745494,6584.5,6584.5,,3955115862.0,3955115862.0,,0.0,3,SUR,-1.33,2025-04-18
TQBR,2025-04-21,ЛУКОЙЛ,LKOH,46901,3492143305.5,6675.5,6631.5,6765.0,6730.0,6699.5,6732.5,521145,6699.0,6699.0,,2653227619.0,2653227619.0,,0.0,3,SUR,1.55,2025-04-21
TQBR,2025-04-22,ЛУКОЙЛ,LKOH,48832,5003732215.5,6743.0,6672.0,6825.0,6759.5,6742.0,6764.0,742046,6717.0,6717.0,,3060548750.5,3060548750.5,,0.0,3,SUR,0.47,2025-04-22
TQBR,2025-04-23,ЛУКОЙЛ,LKOH,38002,4157943175.0,6777.0,6678.0,6789.0,6748.0,6731.0,6743.0,617549,6733.0,6733.0,,2929667689.5,2929667689.5,,0.0,3,SUR,-0.31,2025-04-23
TQBR,2025-04-24,ЛУКОЙЛ,LKOH,33903,2997681008.0,6746.0,6680.0,6800.0,6713.0,6745.5,6683.5,444399,6754.5,6754.5,,2171134662.0,2171134662.0,,0.0,3,SUR,-0.88,2025-04-24
TQBR,2025-04-25,ЛУКОЙЛ,LKOH,41109,4659979486.5,6693.5,6693.0,6875.0,6875.0,6795.0,6856.5,685458,6794.5,6794.5,,3882959166.5,3882959166.5,,0.0,3,SUR,2.59,2025-04-25
TQBR,2025-04-28,ЛУКОЙЛ,LKOH,61806,5344514419.0,6878.0,6805.0,6963.0,6909.0,6884.5,6827.0,776244,6881.0,6881.0,,3122257437.0,3122257437.0,,0.0,3,SUR,-0.43,2025-04-28
TQBR,2025-04-29,ЛУКОЙЛ,LKOH,35159,2846235795.0,6827.0,6700.0,6868.0,6760.0,6797.0,6725.0,419378,6801.0,6801.0,,1940319311.5,1940319311.5,,0.0,3,SUR,-1.49,2025-04-29
TQBR,2025-04-30,ЛУКОЙЛ,LKOH,54823,4575063179.0,6725.0,6595.0,6763.0,6665.0,6659.5,6684.0,686926,6658.0,6658.0,,3435331797.0,3435331797.0,,0.0,3,SUR,-0.61,2025-04-30
TQBR,2025-05-02,ЛУКОЙЛ,LKOH,33281,2558868261.0,6685.0,6485.0,6703.5,6540.0,6576.5,6504.0,389091,6592.5,6592.5,,1638566929.5,1638566929.5,,0.0,3,SUR,-2.69,2025-05-02
TQBR,2025-05-05,ЛУКОЙЛ,LKOH,89371,6269532269.0,6504.0,6285.0,6574.5,6300.5,6382.5,6335.5,982184,6358.5,6358.5,,4362805453.5,4362805453.5,,0.0,3,SUR,-2.59,2025-05-05
TQBR,2025-05-06,ЛУКОЙЛ,LKOH,53749,4461472359.0,6338.5,6292.5,6462.5,6425.0,6386.0,6373.5,698328,6390.5,6390.5,,3082292492.5,3082292492.5,,0.0,3,SUR,0.6,2025-05-06
TQBR,2025-05-07,ЛУКОЙЛ,LKOH,44614,4127670998.0,6380.5,6340.0,6497.0,6448.0,6435.0,6458.5,641411,6432.5,6432.5,,3303740183.0,3303740183.0,,0.0,3,SUR,1.33,2025-05-07
TQBR,2025-05-08,ЛУКОЙЛ,LKOH,23512,1857310762.0,6455.0,6451.0,6536.0,6512.5,6510.5,6535.0,285275,6509.5,6509.5,,1173564533.5,1173564533.5,,0.0,3,SUR,1.18,2025-05-08
TQBR,2025-05-12,ЛУКОЙЛ,LKOH,69293,5849667109.5,6563.0,6560.0,6800.0,6745.0,6719.0,6775.0,870633,6735.0,6735.0,,3715294815.0,3715294815.0,,0.0,3,SUR,3.67,2025-05-12
TQBR,2025-05-13,ЛУКОЙЛ,LKOH,33613,2609230170.0,6774.0,6704.0,6790.0,6779.5,6753.0,6773.0,386161,6752.5,6752.5,,2052850368.0,2052850368.0,,0.0,3,SUR,-0.03,2025-05-13
TQBR,2025-05-14,ЛУКОЙЛ,LKOH,33835,2832491770.5,6785.0,6660.0,6840.0,6765.0,6758.5,6699.5,419199,6773.0,6773.0,,1816036453.0,1816036453.0,,0.0,3,SUR,-1.09,2025-05-14
TQBR,2025-05-15,ЛУКОЙЛ,LKOH,64085,4632209916.0,6680.0,6540.5,6732.5,6584.0,6608.0,6612.0,700940,6601.0,6601.0,,3864653773.5,3864653773.5,,0.0,3,SUR,-1.31,2025-05-15
TQBR,2025-05-16,ЛУКОЙЛ,LKOH,55316,4844726927.5,6611.5,6491.0,6689.0,6590.0,6587.0,6605.0,735470,6585.0,6585.0,,4242192719.5,4242192719.5,,0.0,3,SUR,-0.11,2025-05-16
TQBR,2025-05-19,ЛУКОЙЛ,LKOH,59494,4728007049.5,6620.0,6611.5,6740.0,6677.5,6672.0,6636.5,708464,6668.5,6668.5,,2024383488.0,2024383488.0,,0.0,3,SUR,0.48,2025-05-19
TQBR,2025-05-20,ЛУКОЙЛ,LKOH,39168,2197445224.5,6649.5,6561.5,6667.5,6561.5,6610.0,6584.0,332451,6612.0,6612.0,,1695768772.5,1695768772.5,,0.0,3,SUR,-0.79,2025-05-20
TQBR,2025-05-21,ЛУКОЙЛ,LKOH,29041,2480528888.5,6594.0,6575.0,6670.0,6592.0,6611.5,6604.5,375152,6615.0,6615.0,,2055929165.0,2055929165.0,,0.0,3,SUR,0.31,2025-05-21
TQBR,2025-05-22,ЛУКОЙЛ,LKOH,58769,4571884723.0,6608.0,6470.0,6617.0,6551.5,6520.0,6528.0,701004,6515.5,6515.5,,3852096017.5,3852096017.5,,0.0,3,SUR,-1.16,2025-05-22
TQBR,2025-05-23,ЛУКОЙЛ,LKOH,27327,2179598032.0,6482.0,6482.0,6561.5,6530.0,6527.0,6550.0,333906,6528.0,6528.0,,1569140465.0,1569140465.0,,0.0,3,SUR,0.34,2025-05-23
TQBR,2025-05-26,ЛУКОЙЛ,LKOH,65137,4043394160.0,6557.5,6400.0,6569.0,6402.0,6470.5,6440.0,624919,6467.0,6467.0,,3133896538.5,3133896538.5,,0.0,3,SUR,-1.68,2025-05-26
TQBR,2025-05-27,ЛУКОЙЛ,LKOH,45178,3025410537.0,6438.0,6371.5,6498.0,6470.0,6455.5,6486.0,469003,6460.0,6460.0,,2016353928.5,2016353928.5,,0.0,3,SUR,0.71,2025-05-27
TQBR,2025-05-28,ЛУКОЙЛ,LKOH,55798,4889897063.0,6486.0,6444.0,6687.0,6600.5,6586.5,6686.0,742303,6583.0,6583.0,,3360832084.5,3360832084.5,,0.0,3,SUR,3.08,2025-05-28
TQBR,2025-05-29,ЛУКОЙЛ,LKOH,70546,5774368377.0,6695.5,6650.0,6815.0,6700.5,6723.0,6680.5,858764,6720.5,6720.5,,3811254800.5,3811254800.5,,0.0,3,SUR,-0.08,2025-05-29
TQBR,2025-05-30,ЛУКОЙЛ,LKOH,59990,5083316070.5,6680.5,6651.0,6764.0,6738.0,6724.5,6749.0,755821,6724.5,6724.5,,3873580582.5,3873580582.5,,0.0,3,SUR,1.03,2025-05-30
TQBR,2025-06-02,ЛУКОЙЛ,LKOH,118340,11645523643.5,6761.5,6673.0,6834.0,6766.0,6753.5,6834.0,1723663,6742.0,6742.0,,5938633978.0,5938633978.0,,0.0,3,SUR,1.26,2025-06-02
TQBR,2025-06-03,ЛУКОЙЛ,LKOH,119374,11553538049.5,6360.0,6350.0,6497.5,6440.0,6446.0,6473.0,1793592,6441.5,6441.5,,5268062909.0,5268062909.0,,0.0,3,SUR,-5.28,2025-06-03
TQBR,2025-06-04,ЛУКОЙЛ,LKOH,53697,4553461472.0,6473.0,6422.0,6487.5,6443.0,6460.0,6431.5,704634,6464.5,6464.5,,3550892949.5,3550892949.5,,0.0,3,SUR,-0.64,2025-06-04
TQBR,2025-06-05,ЛУКОЙЛ,LKOH,42806,2734708414.5,6448.0,6437.5,6472.0,6469.5,6455.5,6453.0,423557,6458.5,6458.5,,2062645435.5,2062645435.5,,0.0,3,SUR,0.33,2025-06-05
TQBR,2025-06-06,ЛУКОЙЛ,LKOH,84325,6989779243.5,6454.0,6330.0,6545.0,6337.5,6437.0,6344.5,1085870,6446.0,6446.0,,6107762274.5,6107762274.5,,0.0,3,SUR,-1.68,2025-06-06
TQBR,2025-06-09,ЛУКОЙЛ,LKOH,83075,4258817759.0,6345.0,6221.5,6383.0,6240.0,6291.0,6249.0,676991,6277.0,6277.0,,2951014410.0,2951014410.0,,0.0,3,SUR,-1.51,2025-06-09
TQBR,2025-06-10,ЛУКОЙЛ,LKOH,76055,4401851910.0,6272.0,6138.0,6283.0,6190.0,6187.0,6195.5,711261,6184.5,6184.5,,3803879896.5,3803879896.5,,0.0,3,SUR,-0.86,2025-06-10
TQBR,2025-06-11,ЛУКОЙЛ,LKOH,57711,3393086881.5,6195.5,6145.0,6231.5,6162.5,6183.0,6173.5,548759,6186.0,6186.0,,2661883109.0,2661883109.0,,0.0,3,SUR,-0.36,2025-06-11
TQBR,2025-06-13,ЛУКОЙЛ,LKOH,86724,8825876668.5,6291.0,6227.5,6384.0,6318.0,6325.0,6380.0,1395364,6330.0,6330.0,,5808780669.5,5808780669.5,,0.0,3,SUR,3.34,2025-06-13
TQBR,2025-06-16,ЛУКОЙЛ,LKOH,126398,11383564449.0,6414.0,6250.0,6568.5,6255.5,6377.5,6269.0,1784216,6307.5,6307.5,,4164110495.0,4164110495.0,,0.0,3,SUR,-1.74,2025-06-16
TQBR,2025-06-17,ЛУКОЙЛ,LKOH,67751,5911141175.0,6274.5,6238.0,6430.0,6379.5,6346.0,6408.0,931235,6327.5,6327.5,,3697629825.0,3697629825.0,,0.0,3,SUR,2.22,2025-06-17
TQBR,2025-06-18,ЛУКОЙЛ,LKOH,69451,3977074292.0,6420.0,6350.5,6428.0,6390.5,6391.0,6383.5,622260,6390.5,6390.5,,3275779699.0,3275779699.0,,0.0,3,SUR,-0.38,2025-06-18
TQBR,2025-06-19,ЛУКОЙЛ,LKOH,72669,5288332875.5,6385.5,6311.5,6409.0,6350.0,6355.5,6336.0,832038,6354.0,6354.0,,4739301402.5,4739301402.5,,0.0,3,SUR,-0.74,2025-06-19
TQBR,2025-06-20,ЛУКОЙЛ,LKOH,55645,2990267080.0,6322.5,6260.0,6358.5,6283.5,6301.0,6281.0,474471,6303.5,6303.5,,2438535991.5,2438535991.5,,0.0,3,SUR,-0.87,2025-06-20
TQBR,2025-06-23,ЛУКОЙЛ,LKOH,78905,5561636928.5,6388.5,6230.0,6390.0,6305.5,6308.0,6242.0,881606,6300.0,6300.0,,3268677105.5,3268677105.5,,0.0,3,SUR,-0.62,2025-06-23
TQBR,2025-06-24,ЛУКОЙЛ,LKOH,85467,5520766075.5,6245.0,6110.0,6247.5,6177.5,6166.0,6208.5,895184,6154.5,6154.5,,3990248107.0,3990248107.0,,0.0,3,SUR,-0.54,2025-06-24
TQBR,2025-06-25,ЛУКОЙЛ,LKOH,57169,2863134549.0,6218.5,6185.5,6268.5,6250.0,6218.5,6236.5,460327,6216.0,6216.0,,2227888171.0,2227888171.0,,0.0,3,SUR,0.45,2025-06-25
TQBR,2025-06-26,ЛУКОЙЛ,LKOH,42806,1934638229.0,6250.0,6202.0,6258.0,6233.5,6222.0,6205.5,310907,6222.0,6222.0,,1621856376.0,1621856376.0,,0.0,3,SUR,-0.5,2025-06-26
TQBR,2025-06-27,ЛУКОЙЛ,LKOH,48242,3532893200.5,6216.0,6186.5,6289.5,6260.5,6238.0,6274.0,566188,6233.5,6233.5,,2873179301.5,2873179301.5,,0.0,3,SUR,1.1,2025-06-27
TQBR,2025-06-30,ЛУКОЙЛ,LKOH,69475,4041902237.0,6275.0,6225.0,6336.0,6332.5,6291.0,6307.5,642733,6289.0,6289.0,,3236504953.0,3236504953.0,,0.0,3,SUR,0.53,2025-06-30
TQBR,2025-07-01,ЛУКОЙЛ,LKOH,49427,2973298808.0,6325.0,6291.0,6348.0,6327.5,6329.0,6306.0,469849,6329.5,6329.5,,2484619069.5,2484619069.5,,0.0,3,SUR,-0.02,2025-07-01
TQBR,2025-07-02,ЛУКОЙЛ,LKOH,59049,4297801654.0,6318.0,6186.0,6327.0,6208.0,6261.5,6234.0,686614,6260.5,6260.5,,3704991345.0,3704991345.0,,0.0,3,SUR,-1.14,2025-07-02
TQBR,2025-07-03,ЛУКОЙЛ,LKOH,71263,5088594547.0,6240.0,6127.5,6244.0,6140.5,6181.5,6138.0,823226,6184.0,6184.0,,4481950341.0,4481950341.0,,0.0,3,SUR,-1.54,2025-07-03
TQBR,2025-07-04,ЛУКОЙЛ,LKOH,67597,5476685699.0,6131.0,6089.0,6178.0,6140.0,6138.5,6151.5,892097,6130.5,6130.5,,3090026232.0,3090026232.0,,0.0,3,SUR,0.22,2025-07-04
TQBR,2025-07-07,ЛУКОЙЛ,LKOH,54390,2536769074.0,6151.5,6100.0,6165.0,6114.0,6126.5,6110.5,414031,6124.5,6124.5,,1808363452.0,1808363452.0,,0.0,3,SUR,-0.67,2025-07-07
TQBR,2025-07-08,ЛУКОЙЛ,LKOH,83189,4670884857.5,6105.0,6000.0,6122.0,6057.0,6051.5,6013.0,771812,6056.5,6056.5,,3480993711.5,3480993711.5,,0.0,3,SUR,-1.6,2025-07-08
TQBR,2025-07-09,ЛУКОЙЛ,LKOH,100355,7633671324.0,6013.0,5886.5,6223.0,5913.5,5949.0,5934.0,1283003,5948.5,5948.5,,6573679105.5,6573679105.5,,0.0,3,SUR,-1.31,2025-07-09
TQBR,2025-07-10,ЛУКОЙЛ,LKOH,40034,2834548267.5,5944.0,5903.0,5967.0,5959.0,5943.0,5932.5,476900,5943.0,5943.0,,2294207785.0,2294207785.0,,0.0,3,SUR,-0.03,2025-07-10
TQBR,2025-07-11,ЛУКОЙЛ,LKOH,94510,6806744328.0,5932.0,5706.0,5941.5,5735.0,5802.0,5737.5,1173251,5803.5,5803.5,,5387586306.0,5387586306.0,,0.0,3,SUR,-3.29,2025-07-11
TQBR,2025-07-14,ЛУКОЙЛ,LKOH,106193,9341163102.0,5740.5,5626.0,5946.5,5851.5,5765.0,5933.0,1619981,5742.5,5742.5,,5417314688.5,5417314688.5,,0.0,3,SUR,3.41,2025-07-14
TQBR,2025-07-15,ЛУКОЙЛ,LKOH,50508,3789497325.0,5937.0,5904.0,5980.0,5930.0,5934.0,5913.5,638520,5933.0,5933.0,,2694772739.5,2694772739.5,,0.0,3,SUR,-0.33,2025-07-15
TQBR,2025-07-16,ЛУКОЙЛ,LKOH,36387,3725244229.5,5916.0,5887.0,5974.5,5929.5,5940.0,5943.0,627174,5940.5,5940.5,,3055254105.0,3055254105.0,,0.0,3,SUR,0.5,2025-07-16
TQBR,2025-07-17,ЛУКОЙЛ,LKOH,42171,3643891548.5,5943.0,5910.5,6009.0,5930.0,5964.0,5925.5,610953,5970.0,5970.0,,2866380065.5,2866380065.5,,0.0,3,SUR,-0.29,2025-07-17
TQBR,2025-07-18,ЛУКОЙЛ,LKOH,47864,4592123445.0,5925.5,5909.0,6115.0,6065.5,6028.5,6114.5,761806,6027.0,6027.0,,3619584943.0,3619584943.0,,0.0,3,SUR,3.19,2025-07-18
TQBR,2025-07-21,ЛУКОЙЛ,LKOH,65102,4472635801.5,6128.0,6120.0,6219.0,6167.0,6184.5,6170.0,723310,6186.5,6186.5,,2581970383.5,2581970383.5,,0.0,3,SUR,0.91,2025-07-21
TQBR,2025-07-22,ЛУКОЙЛ,LKOH,32061,2792968151.5,6170.0,6127.0,6210.0,6185.5,6173.5,6196.5,452398,6177.0,6177.0,,2087329896.5,2087329896.5,,0.0,3,SUR,0.43,2025-07-22
TQBR,2025-07-23,ЛУКОЙЛ,LKOH,47404,2993147224.5,6197.0,6190.0,6249.5,6224.0,6220.5,6190.0,481180,6223.5,6223.5,,2372529496.0,2372529496.0,,0.0,3,SUR,-0.1,2025-07-23
TQBR,2025-07-24,ЛУКОЙЛ,LKOH,39508,2130639763.5,6177.0,6150.5,6216.0,6159.0,6179.5,6169.0,344760,6179.5,6179.5,,1756048814.5,1756048814.5,,0.0,3,SUR,-0.34,2025-07-24
TQBR,2025-07-25,ЛУКОЙЛ,LKOH,58334,4095344056.5,6169.0,6050.0,6196.5,6058.0,6156.0,6074.5,668285,6132.5,6132.5,,3562643358.5,3562643358.5,,0.0,3,SUR,-1.53,2025-07-25
TQBR,2025-07-28,ЛУКОЙЛ,LKOH,61653,4768822058.0,6095.0,5969.0,6118.0,5985.0,6031.5,5981.5,790699,6030.5,6030.5,,3817685096.0,3817685096.0,,0.0,3,SUR,-1.53,2025-07-28
TQBR,2025-07-29,ЛУКОЙЛ,LKOH,34125,2825664776.0,5993.0,5955.0,6030.5,6009.0,6002.5,6005.0,470750,6009.5,6009.5,,1673772320.0,1673772320.0,,0.0,3,SUR,0.39,2025-07-29
TQBR,2025-07-30,ЛУКОЙЛ,LKOH,40472,2946112362.0,6005.0,5902.0,6026.0,5924.5,5948.0,5925.5,495343,5945.5,5945.5,,2453434077.5,2453434077.5,,0.0,3,SUR,-1.32,2025-07-30
TQBR,2025-07-31,ЛУКОЙЛ,LKOH,32923,2765019588.5,5925.0,5870.5,5968.5,5924.0,5915.5,5922.0,467390,5912.0,5912.0,,2275377574.5,2275377574.5,,0.0,3,SUR,-0.06,2025-07-31
TQBR,2025-08-01,ЛУКОЙЛ,LKOH,39653,2479541535.5,5930.0,5888.0,5948.0,5920.0,5926.5,5910.5,418382,5929.0,5929.0,,1719876395.5,1719876395.5,,0.0,3,SUR,-0.19,2025-08-01
TQBR,2025-08-04,ЛУКОЙЛ,LKOH,86649,5117225840.0,5924.0,5924.0,6099.0,6064.0,6026.0,6097.5,849201,6019.0,6019.0,,4148166965.0,4148166965.0,,0.0,3,SUR,3.16,2025-08-04
TQBR,2025-08-05,ЛУКОЙЛ,LKOH,38251,3513120678.5,6083.5,6034.5,6110.5,6060.0,6059.0,6081.0,578750,6065.5,6065.5,,2446822559.0,2446822559.0,,0.0,3,SUR,-0.27,2025-08-05
TQBR,2025-08-06,ЛУКОЙЛ,LKOH,68086,7078345789.0,6083.0,5985.0,6250.0,6001.5,6101.5,6170.0,1159821,6046.5,6046.5,,2611563618.5,2611563618.5,,0.0,3,SUR,1.46,2025-08-06
TQBR,2025-08-07,ЛУКОЙЛ,LKOH,79531,8534766580.0,6169.0,6111.5,6296.0,6225.0,6219.0,6202.5,1372471,6228.5,6228.5,,6310540123.5,6310540123.5,,0.0,3,SUR,0.53,2025-08-07
TQBR,2025-08-08,ЛУКОЙЛ,LKOH,40769,4245448716.0,6224.0,6179.5,6331.5,6250.0,6221.5,6320.0,680073,6231.0,6231.0,,2983854628.0,2983854628.0,,0.0,3,SUR,1.89,2025-08-08
TQBR,2025-08-11,ЛУКОЙЛ,LKOH,56647,5032144511.5,6355.0,6319.0,6430.0,6323.5,6365.5,6336.5,790467,6355.0,6355.0,,3008686307.0,3008686307.0,,0.0,3,SUR,0.26,2025-08-11
TQBR,2025-08-12,ЛУКОЙЛ,LKOH,35117,2688030931.5,6356.5,6291.5,6396.0,6370.0,6355.0,6385.0,422948,6358.0,6358.0,,2161325866.5,2161325866.5,,0.0,3,SUR,0.77,2025-08-12
TQBR,2025-08-13,ЛУКОЙЛ,LKOH,29053,2949241004.5,6385.0,6322.0,6395.0,6355.0,6358.0,6336.0,463900,6358.0,6358.0,,2421613898.5,2421613898.5,,0.0,3,SUR,-0.77,2025-08-13
TQBR,2025-08-14,ЛУКОЙЛ,LKOH,35069,3393588285.0,6336.0,6283.0,6403.5,6386.0,6358.0,6387.0,533809,6356.0,6356.0,,2706258425.5,2706258425.5,,0.0,3,SUR,0.8,2025-08-14
TQBR,2025-08-15,ЛУКОЙЛ,LKOH,36538,3579764468.5,6401.0,6380.5,6475.0,6445.5,6431.0,6444.0,556602,6423.0,6423.0,,2084013834.0,2084013834.0,,0.0,3,SUR,0.89,2025-08-15
TQBR,2025-08-18,ЛУКОЙЛ,LKOH,59147,5240968106.0,6393.0,6275.0,6491.5,6355.0,6365.5,6420.0,823277,6359.0,6359.0,,1733886207.5,1733886207.5,,0.0,3,SUR,-0.37,2025-08-18
TQBR,2025-08-19,ЛУКОЙЛ,LKOH,35729,2689767131.5,6420.0,6340.0,6439.5,6360.0,6387.5,6365.0,421125,6388.5,6388.5,,1811506979.5,1811506979.5,,0.0,3,SUR,-0.86,2025-08-19
TQBR,2025-08-20,ЛУКОЙЛ,LKOH,27334,2052356408.0,6365.5,6300.0,6382.0,6339.0,6330.0,6311.5,324176,6331.5,6331.5,,1660806876.0,1660806876.0,,0.0,3,SUR,-0.84,2025-08-20
TQBR,2025-08-21,ЛУКОЙЛ,LKOH,30158,2800880908.0,6311.5,6234.0,6342.5,6260.0,6289.5,6249.0,445332,6297.0,6297.0,,2269741212.0,2269741212.0,,0.0,3,SUR,-0.99,2025-08-21
TQBR,2025-08-22,ЛУКОЙЛ,LKOH,29964,2869825011.5,6249.0,6237.5,6340.0,6321.0,6287.0,6326.0,456464,6285.5,6285.5,,2393280945.5,2393280945.5,,0.0,3,SUR,1.23,2025-08-22
TQBR,2025-08-25,ЛУКОЙЛ,LKOH,36288,2371562008.5,6326.0,6223.0,6340.0,6282.0,6263.0,6275.5,378636,6254.5,6254.5,,1784865867.5,1784865867.5,,0.0,3,SUR,-0.8,2025-08-25
TQBR,2025-08-26,ЛУКОЙЛ,LKOH,19601,2105428763.5,6283.0,6255.5,6315.0,6273.5,6290.0,6280.0,334709,6291.0,6291.0,,1796797644.0,1796797644.0,,0.0,3,SUR,0.07,2025-08-26
TQBR,2025-08-27,ЛУКОЙЛ,LKOH,18550,1717993347.0,6281.0,6272.0,6329.5,6293.5,6304.0,6323.0,272509,6303.5,6303.5,,1397243277.5,1397243277.5,,0.0,3,SUR,0.68,2025-08-27
TQBR,2025-08-28,ЛУКОЙЛ,LKOH,25438,2054930397.0,6328.0,6250.0,6343.5,6328.0,6303.5,6273.5,326001,6313.5,6313.5,,1069994538.0,1069994538.0,,0.0,3,SUR,-0.78,2025-08-28
TQBR,2025-08-29,ЛУКОЙЛ,LKOH,148605,23487140131.0,6280.5,6235.0,6595.0,6428.0,6461.0,6430.5,3635668,6462.5,6462.5,,22315500300.5,22315500300.5,,0.0,3,SUR,2.5,2025-08-29
TQBR,2025-09-01,ЛУКОЙЛ,LKOH,36523,3889605401.5,6443.5,6352.5,6459.0,6361.0,6412.0,6370.0,606628,6412.0,6412.0,,2548314237.5,2548314237.5,,0.0,3,SUR,-0.94,2025-09-01
TQBR,2025-09-02,ЛУКОЙЛ,LKOH,37593,3287424884.5,6368.5,6282.5,6374.0,6315.0,6324.0,6336.5,519787,6322.5,6322.5,,2414262868.5,2414262868.5,,0.0,3,SUR,-0.53,2025-09-02
TQBR,2025-09-03,ЛУКОЙЛ,LKOH,32011,2865170407.5,6336.5,6310.0,6405.5,6393.0,6355.5,6393.0,450714,6349.0,6349.0,,2251179734.5,2251179734.5,,0.0,3,SUR,0.89,2025-09-03
TQBR,2025-09-04,ЛУКОЙЛ,LKOH,54676,4904502339.0,6399.0,6371.5,6487.5,6423.0,6441.5,6464.0,761386,6442.5,6442.5,,4207697321.5,4207697321.5,,0.0,3,SUR,1.11,2025-09-04
TQBR,2025-09-05,ЛУКОЙЛ,LKOH,31922,3123843713.5,6470.0,6450.5,6498.0,6484.0,6475.5,6472.0,482370,6475.5,6475.5,,2484244617.0,2484244617.0,,0.0,3,SUR,0.12,2025-09-05
TQBR,2025-09-08,ЛУКОЙЛ,LKOH,32291,2971115219.5,6472.0,6440.0,6508.5,6480.5,6477.5,6465.0,458616,6478.5,6478.5,,2064100793.5,2064100793.5,,0.0,3,SUR,-0.11,2025-09-08
TQBR,2025-09-09,ЛУКОЙЛ,LKOH,24047,2977962886.5,6483.5,6442.5,6502.5,6488.0,6478.0,6484.5,459661,6479.0,6479.0,,2617647812.0,2617647812.0,,0.0,3,SUR,0.3,2025-09-09
TQBR,2025-09-10,ЛУКОЙЛ,LKOH,48010,5822861641.5,6484.5,6460.0,6595.0,6532.5,6546.5,6537.5,889425,6553.0,6553.0,,4918396511.0,4918396511.0,,0.0,3,SUR,0.82,2025-09-10
TQBR,2025-09-11,ЛУКОЙЛ,LKOH,43152,4915338319.0,6537.5,6522.0,6657.5,6619.5,6588.0,6626.5,746013,6586.5,6586.5,,4089892435.0,4089892435.0,,0.0,3,SUR,1.36,2025-09-11
TQBR,2025-09-12,ЛУКОЙЛ,LKOH,66276,7055597088.0,6624.5,6405.5,6669.0,6448.0,6505.0,6448.0,1084472,6506.0,6506.0,,5752498558.5,5752498558.5,,0.0,3,SUR,-2.69,2025-09-12
TQBR,2025-09-15,ЛУКОЙЛ,LKOH,45811,3837861772.0,6455.0,6370.5,6500.0,6423.5,6421.5,6420.0,597686,6411.0,6411.0,,2561052496.0,2561052496.0,,0.0,3,SUR,-0.43,2025-09-15
TQBR,2025-09-16,ЛУКОЙЛ,LKOH,33933,3356421111.0,6422.0,6317.0,6456.0,6365.0,6370.5,6370.5,526817,6367.0,6367.0,,2984023371.5,2984023371.5,,0.0,3,SUR,-0.77,2025-09-16
TQBR,2025-09-17,ЛУКОЙЛ,LKOH,28818,3251025401.0,6375.5,6334.5,6421.5,6358.5,6376.5,6380.0,509827,6376.5,6376.5,,2711776636.0,2711776636.0,,0.0,3,SUR,0.15,2025-09-17
TQBR,2025-09-18,ЛУКОЙЛ,LKOH,56168,6162669296.0,6381.0,6265.0,6395.5,6373.5,6318.0,6325.5,975310,6316.0,6316.0,,5721495731.0,5721495731.0,,0.0,3,SUR,-0.85,2025-09-18
TQBR,2025-09-19,ЛУКОЙЛ,LKOH,51828,3353611764.0,6326.0,6235.5,6355.0,6262.0,6299.5,6239.0,532652,6303.0,6303.0,,2694540017.5,2694540017.5,,0.0,3,SUR,-1.37,2025-09-19
TQBR,2025-09-22,ЛУКОЙЛ,LKOH,50604,4372545522.0,6238.5,6135.5,6279.5,6218.5,6192.5,6268.5,706028,6183.0,6183.0,,3602583456.0,3602583456.0,,0.0,3,SUR,0.47,2025-09-22
TQBR,2025-09-23,ЛУКОЙЛ,LKOH,36618,3602321065.0,6273.5,6111.5,6298.5,6253.0,6223.5,6140.0,578862,6257.0,6257.0,,1902725444.0,1902725444.0,,0.0,3,SUR,-2.05,2025-09-23
TQBR,2025-09-24,ЛУКОЙЛ,LKOH,41701,4195195102.5,6140.5,6070.5,6239.0,6190.5,6157.5,6189.0,681292,6163.5,6163.5,,3260774017.0,3260774017.0,,0.0,3,SUR,0.8,2025-09-24
TQBR,2025-09-25,ЛУКОЙЛ,LKOH,26060,2209009626.5,6190.0,6108.0,6209.5,6149.5,6155.0,6123.0,358880,6161.0,6161.0,,1571948795.0,1571948795.0,,0.0,3,SUR,-1.07,2025-09-25
TQBR,2025-09-26,ЛУКОЙЛ,LKOH,29398,3103772086.0,6123.0,6090.5,6245.0,6198.5,6161.5,6228.0,503674,6153.0,6153.0,,2261551209.5,2261551209.5,,0.0,3,SUR,1.71,2025-09-26
TQBR,2025-09-29,ЛУКОЙЛ,LKOH,56621,3813042695.5,6228.0,6073.0,6264.0,6099.0,6178.0,6093.0,617325,6194.0,6194.0,,2824879786.0,2824879786.0,,0.0,3,SUR,-2.17,2025-09-29
TQBR,2025-09-30,ЛУКОЙЛ,LKOH,53260,4576919733.5,6095.0,6005.0,6135.0,6111.0,6057.5,6082.5,755503,6053.0,6053.0,,3802720501.5,3802720501.5,,0.0,3,SUR,-0.17,2025-09-30
TQBR,2025-10-01,ЛУКОЙЛ,LKOH,34141,2619226419.5,6093.0,6007.5,6116.0,6034.5,6050.0,6048.5,432809,6053.0,6053.0,,2046886908.5,2046886908.5,,0.0,3,SUR,-0.56,2025-10-01
TQBR,2025-10-02,ЛУКОЙЛ,LKOH,38726,2948740633.0,6042.0,5991.0,6080.5,6029.0,6025.5,6026.5,489379,6029.0,6029.0,,2232821859.5,2232821859.5,,0.0,3,SUR,-0.36,2025-10-02
TQBR,2025-10-03,ЛУКОЙЛ,LKOH,56957,3474285325.5,6030.0,5911.0,6060.0,5927.5,5980.5,5914.0,581202,5985.0,5985.0,,2852671358.0,2852671358.0,,0.0,3,SUR,-1.87,2025-10-03
TQBR,2025-10-06,ЛУКОЙЛ,LKOH,76957,6106265352.0,5920.0,5856.0,6132.0,6100.5,5976.5,6110.0,1021691,5992.5,5992.5,,3776907641.0,3776907641.0,,0.0,3,SUR,3.31,2025-10-06
TQBR,2025-10-07,ЛУКОЙЛ,LKOH,35277,2918901806.5,6100.0,6075.5,6165.5,6144.0,6126.0,6134.0,476478,6126.5,6126.5,,2227846931.5,2227846931.5,,0.0,3,SUR,0.39,2025-10-07
TQBR,2025-10-08,ЛУКОЙЛ,LKOH,60174,5265338664.0,6135.0,5880.0,6160.0,5914.5,6009.5,5952.0,876289,6023.5,6023.5,,4152496641.0,4152496641.0,,0.0,3,SUR,-2.97,2025-10-08
TQBR,2025-10-09,ЛУКОЙЛ,LKOH,61620,5765681395.0,5968.0,5831.0,6113.5,6100.0,5998.0,6096.0,961149,5993.5,5993.5,,5006700066.0,5006700066.0,,0.0,3,SUR,2.42,2025-10-09
TQBR,2025-10-10,ЛУКОЙЛ,LKOH,46336,3861631949.0,6104.0,5950.0,6139.0,6000.0,6038.5,5964.0,639529,6040.0,6040.0,,3179589902.5,3179589902.5,,0.0,3,SUR,-2.17,2025-10-10
TQBR,2025-10-13,ЛУКОЙЛ,LKOH,48084,3919710874.0,5964.0,5901.5,6043.0,5951.5,5970.5,5950.0,656436,5967.5,5967.5,,3055135558.0,3055135558.0,,0.0,3,SUR,-0.23,2025-10-13
TQBR,2025-10-14,ЛУКОЙЛ,LKOH,37985,2796117360.0,5956.0,5858.0,5967.5,5874.0,5897.0,5888.0,474117,5898.5,5898.5,,2398779098.0,2398779098.0,,0.0,3,SUR,-1.04,2025-10-14
TQBR,2025-10-15,ЛУКОЙЛ,LKOH,43658,3106386250.5,5885.0,5835.0,5909.0,5857.0,5864.0,5835.0,529727,5866.5,5866.5,,2463381216.5,2463381216.5,,0.0,3,SUR,-0.9,2025-10-15
TQBR,2025-10-16,ЛУКОЙЛ,LKOH,80769,8547530619.0,5837.0,5802.0,6194.5,5996.0,6014.5,6185.0,1420620,5918.0,5918.0,,4078246297.5,4078246297.5,,0.0,3,SUR,6.0,2025-10-16
TQBR,2025-10-17,ЛУКОЙЛ,LKOH,65500,6575359456.0,6189.5,6130.0,6343.5,6283.5,6237.0,6312.5,1054187,6234.5,6234.5,,4505869012.5,4505869012.5,,0.0,3,SUR,2.06,2025-10-17
TQBR,2025-10-20,ЛУКОЙЛ,LKOH,54022,4943066726.5,6328.0,6321.5,6444.0,6353.0,6379.5,6374.0,774775,6368.0,6368.0,,2164049035.5,2164049035.5,,0.0,3,SUR,0.97,2025-10-20
TQBR,2025-10-21,ЛУКОЙЛ,LKOH,55616,6203216329.5,6374.0,6080.0,6388.0,6156.5,6230.0,6266.0,995723,6227.0,6227.0,,3503973059.0,3503973059.0,,0.0,3,SUR,-1.69,2025-10-21
TQBR,2025-10-22,ЛУКОЙЛ,LKOH,45872,5363867455.0,6262.5,6017.5,6296.0,6270.0,6183.0,6052.0,867613,6251.0,6251.0,,2197553646.5,2197553646.5,,0.0,3,SUR,-3.42,2025-10-22
TQBR,2025-10-23,ЛУКОЙЛ,LKOH,214967,22454660493.5,5898.0,5680.0,5919.5,5760.0,5779.5,5761.0,3885121,5763.5,5763.5,,16693825645.5,16693825645.5,,0.0,3,SUR,-4.81,2025-10-23
TQBR,2025-10-24,ЛУКОЙЛ,LKOH,103172,8110121906.5,5759.0,5607.0,5800.0,5628.5,5698.0,5636.0,1423272,5704.0,5704.0,,6130992282.0,6130992282.0,,0.0,3,SUR,-2.17,2025-10-24
TQBR,2025-10-27,ЛУКОЙЛ,LKOH,243433,26351492519.5,5636.0,5226.0,5638.0,5350.0,5355.5,5237.0,4920994,5346.0,5346.0,,19704549569.5,19704549569.5,,0.0,3,SUR,-7.08,2025-10-27
TQBR,2025-10-28,ЛУКОЙЛ,LKOH,192275,25639691508.0,5215.0,5077.5,5500.0,5433.0,5337.0,5461.0,4803971,5400.5,5400.5,,14999924754.0,14999924754.0,,0.0,3,SUR,4.28,2025-10-28
TQBR,2025-10-29,ЛУКОЙЛ,LKOH,73630,9594510906.0,5455.5,5353.0,5492.0,5389.0,5422.0,5387.5,1769472,5424.5,5424.5,,7385229180.5,7385229180.5,,0.0,3,SUR,-1.35,2025-10-29
TQBR,2025-10-30,ЛУКОЙЛ,LKOH,95038,13122351263.0,5392.0,5351.5,5560.0,5503.0,5494.5,5508.0,2388291,5502.5,5502.5,,11036924437.5,11036924437.5,,0.0,3,SUR,2.24,2025-10-30
TQBR,2025-10-31,ЛУКОЙЛ,LKOH,51107,5756551306.5,5515.0,5396.0,5543.5,5453.0,5461.0,5443.0,1054099,5465.0,5465.0,,3991745205.0,3991745205.0,,0.0,3,SUR,-1.18,2025-10-31
TQBR,2025-11-01,ЛУКОЙЛ,LKOH,23566,1957315106.0,5443.0,5434.0,5489.0,5462.5,5462.5,5475.0,358314,5462.0,5462.0,,1399156694.0,1399156694.0,,0.0,3,SUR,0.59,2025-11-01
TQBR,2025-11-03,ЛУКОЙЛ,LKOH,33867,3463553938.5,5480.0,5475.0,5598.5,5571.0,5565.0,5580.0,622402,5566.5,5566.5,,2072447075.0,2072447075.0,,0.0,3,SUR,1.92,2025-11-03
TQBR,2025-11-05,ЛУКОЙЛ,LKOH,63107,6064999855.5,5581.0,5456.0,5584.5,5467.5,5513.5,5490.5,1100026,5512.5,5512.5,,4796423991.0,4796423991.0,,0.0,3,SUR,-1.6,2025-11-05
TQBR,2025-11-06,ЛУКОЙЛ,LKOH,35589,4021238996.5,5500.0,5417.0,5506.5,5440.0,5451.5,5453.5,737655,5447.0,5447.0,,2918401818.0,2918401818.0,,0.0,3,SUR,-0.67,2025-11-06
TQBR,2025-11-07,ЛУКОЙЛ,LKOH,133799,13645469312.0,5320.0,5223.0,5350.0,5296.5,5302.0,5324.0,2573520,5314.0,5314.0,,7161807393.5,7161807393.5,,0.0,3,SUR,-2.37,2025-11-07
TQBR,2025-11-10,ЛУКОЙЛ,LKOH,154448,16408038260.0,5325.0,5125.0,5365.5,5142.0,5221.5,5140.5,3142340,5211.5,5211.5,,12386494767.0,12386494767.0,,0.0,3,SUR,-3.45,2025-11-10
TQBR,2025-11-11,ЛУКОЙЛ,LKOH,69609,6960641824.0,5136.0,5090.0,5173.5,5128.0,5131.5,5156.5,1356325,5128.0,5128.0,,4144963528.0,4144963528.0,,0.0,3,SUR,0.31,2025-11-11
TQBR,2025-11-12,ЛУКОЙЛ,LKOH,195156,21203449824.0,5156.0,4900.0,5164.5,4928.0,4991.0,4918.0,4249218,5000.5,5000.5,,17104106993.0,17104106993.0,,0.0,3,SUR,-4.63,2025-11-12
TQBR,2025-11-13,ЛУКОЙЛ,LKOH,169470,22598143352.5,4918.0,4815.0,4995.0,4930.0,4902.0,4954.5,4610026,4890.0,4890.0,,18215364607.5,18215364607.5,,0.0,3,SUR,0.74,2025-11-13
TQBR,2025-11-14,ЛУКОЙЛ,LKOH,120124,16787130852.5,4970.0,4913.0,5143.0,5008.0,5003.0,5114.5,3355036,4964.0,4964.0,,9523839131.5,9523839131.5,,0.0,3,SUR,3.23,2025-11-14
TQBR,2025-11-17,ЛУКОЙЛ,LKOH,131093,14208045386.5,5134.5,4857.5,5137.0,4905.0,4952.0,4886.0,2869200,4920.5,4920.5,,6797496809.5,6797496809.5,,0.0,3,SUR,-4.47,2025-11-17
TQBR,2025-11-18,ЛУКОЙЛ,LKOH,120976,17497647181.5,4880.0,4841.5,5097.0,5062.0,4999.0,5058.5,3500456,5001.5,5001.5,,13474719081.5,13474719081.5,,0.0,3,SUR,3.53,2025-11-18
TQBR,2025-11-19,ЛУКОЙЛ,LKOH,188033,30752669187.5,5065.0,5037.0,5378.0,5300.0,5242.0,5275.0,5866212,5239.5,5239.5,,24015007502.0,24015007502.0,,0.0,3,SUR,4.28,2025-11-19
TQBR,2025-11-20,ЛУКОЙЛ,LKOH,187870,25176107299.5,5290.0,5251.0,5499.5,5312.0,5375.0,5470.0,4683248,5353.5,5353.5,,14881816017.0,14881816017.0,,0.0,3,SUR,3.7,2025-11-20
TQBR,2025-11-21,ЛУКОЙЛ,LKOH,157098,22535325362.0,5495.0,5428.0,5591.5,5498.5,5496.5,5503.0,4099870,5490.0,5490.0,,15819207012.5,15819207012.5,,0.0,3,SUR,0.6,2025-11-21
TQBR,2025-11-24,ЛУКОЙЛ,LKOH,88478,10373021045.0,5525.5,5439.0,5589.0,5494.5,5501.5,5505.0,1885502,5490.5,5490.5,,7934388495.5,7934388495.5,,0.0,3,SUR,0.04,2025-11-24
TQBR,2025-11-25,ЛУКОЙЛ,LKOH,77832,10029478926.0,5520.0,5412.0,5559.5,5520.0,5493.5,5520.0,1825746,5484.5,5484.5,,7608256542.5,7608256542.5,,0.0,3,SUR,0.27,2025-11-25
TQBR,2025-11-26,ЛУКОЙЛ,LKOH,30576,3061981331.0,5510.0,5463.0,5523.0,5485.0,5485.0,5471.0,558275,5482.0,5482.0,,2222467787.5,2222467787.5,,0.0,3,SUR,-0.89,2025-11-26
TQBR,2025-11-27,ЛУКОЙЛ,LKOH,42476,4993747685.5,5471.0,5351.0,5498.0,5402.5,5426.5,5409.5,920274,5427.0,5427.0,,3719738263.0,3719738263.0,,0.0,3,SUR,-1.12,2025-11-27
TQBR,2025-11-28,ЛУКОЙЛ,LKOH,50657,5624002748.5,5405.0,5381.0,5565.0,5526.0,5469.0,5531.5,1027961,5464.5,5464.5,,4086412021.5,4086412021.5,,0.0,3,SUR,2.26,2025-11-28
TQBR,2025-12-01,ЛУКОЙЛ,LKOH,54524,5477122513.0,5532.0,5487.5,5568.0,5537.5,5533.0,5529.5,989974,5530.0,5530.0,,3556752536.0,3556752536.0,,0.0,3,SUR,-0.04,2025-12-01
TQBR,2025-12-02,ЛУКОЙЛ,LKOH,32132,3316389213.0,5530.0,5460.5,5542.0,5482.0,5511.0,5504.5,601799,5511.5,5511.5,,2401827899.5,2401827899.5,,0.0,3,SUR,-0.45,2025-12-02
TQBR,2025-12-03,ЛУКОЙЛ,LKOH,43086,4194451169.5,5448.5,5400.0,5463.0,5452.5,5429.0,5449.0,772636,5424.0,5424.0,,2627069486.0,2627069486.0,,0.0,3,SUR,-1.01,2025-12-03
TQBR,2025-12-04,ЛУКОЙЛ,LKOH,21808,2033104531.0,5460.0,5436.5,5484.0,5451.5,5455.0,5443.5,372695,5454.5,5454.5,,1524424734.5,1524424734.5,,0.0,3,SUR,-0.1,2025-12-04
TQBR,2025-12-05,ЛУКОЙЛ,LKOH,49766,5931425536.0,5456.0,5450.0,5585.0,5555.0,5535.5,5555.0,1071677,5537.0,5537.0,,5045080725.5,5045080725.5,,0.0,3,SUR,2.05,2025-12-05
