,SECID,BOARDID,SHORTNAME,PREVPRICE,LOTSIZE,FACEVALUE,STATUS,BOARDNAME,DECIMALS,SECNAME,REMARKS,MARKETCODE,INSTRID,SECTORID,MINSTEP,PREVWAPRICE,FACEUNIT,PREVDATE,ISSUESIZE,ISIN,LATNAME,REGNUMBER,PREVLEGALCLOSEPRICE,CURRENCYID,SECTYPE,LISTLEVEL,SETTLEDATE
0,ABIO,SMAL,iАРТГЕН ао,73.24,1,0.1,A,Т+: Неполные лоты (акции) - безадрес.,2,"ПАО ""Артген""",,FNDT,EQIN,,0.02,68.94,SUR,2025-12-04,92645451,RU000A0JNAB6,ARTGEN ao,1-01-08902-A,,SUR,1,2,2025-12-08
1,ABRD,SMAL,АбрауДюрсо,156.2,1,1.0,A,Т+: Неполные лоты (акции) - безадрес.,1,Абрау-Дюрсо ПАО ао,,FNDT,EQIN,,0.2,158.2,SUR,2025-12-04,108889117,RU000A0JS5T7,Abrau-Durso ao,1-02-12500-A,,SUR,1,3,2025-12-08
2,AFKS,SMAL,Система ао,13.366,1,0.09,A,Т+: Неполные лоты (акции) - безадрес.,3,"АФК ""Система"" ПАО ао",,FNDT,EQIN,,0.001,13.286,SUR,2025-12-04,9650000000,RU000A0DQZE3,AFK Sistema,1-05-01669-A,,SUR,1,1,2025-12-08
3,AFLT,SMAL,Аэрофлот,56.01,1,1.0,A,Т+: Неполные лоты (акции) - безадрес.,2,Аэрофлот-росс.авиалин(ПАО)ао,,FNDT,EQIN,,0.01,56.15,SUR,2025-12-04,3975771215,RU0009062285,Aeroflot,1-01-00010-A,,SUR,1,1,2025-12-08
4,ALRS,SMAL,АЛРОСА ао,39.7,1,0.5,A,Т+: Неполные лоты (акции) - безадрес.,2,АЛРОСА ПАО ао,,FNDT,EQIN,,0.01,39.77,SUR,2025-12-04,7364965630,RU0007252813,ALROSA ao,1-03-40046-N,,SUR,1,1,2025-12-08
5,AMEZ,SMAL,АшинскийМЗ,71.6,1,1.0,N,Т+: Неполные лоты (акции) - безадрес.,2,Ашинский метзавод ПАО ао,,FNDT,EQIN,,0.05,68.05,SUR,2025-12-04,498454822,RU000A0B88G6,Ashinckiy metzavod PAO,1-03-45219-D,,SUR,1,3,2025-12-08
6,APRI,SMAL,АПРИ,15.618,1,1.0,A,Т+: Неполные лоты (акции) - безадрес.,3,АПРИ,,FNDT,EQIN,,0.002,17.328,SUR,2025-12-04,1115439217,RU000A108LJ5,APRI,1-01-12464-K,,SUR,1,3,2025-12-08
7,APTK,SMAL,Аптеки36и6,8.872,1,0.64,A,Т+: Неполные лоты (акции) - безадрес.,3,"ПАО ""Аптечная сеть 36,6"" ао",,FNDT,EQIN,,0.002,8.346,SUR,2025-12-04,7630433826,RU0008081765,"Apteki 36,6",1-01-07335-A,,SUR,1,2,2025-12-08
8,ARSA,SMAL,Арсагера,7.71,1,1.0,A,Т+: Неполные лоты (акции) - безадрес.,2,УК Арсагера ПАО-ао,,FNDT,EQIN,,0.01,8.5,SUR,2025-12-04,123817165,RU000A0JP0Q7,UK Arsagera,1-01-03163-D,,SUR,1,3,2025-12-08
9,ASSB,SMAL,АстрЭнСб,2.3,1,0.007,A,Т+: Неполные лоты (акции) - безадрес.,3,"""Астраханская ЭСК"" ПАО",,FNDT,EQIN,,0.005,2.56,SUR,2025-12-04,773900078,RU000A0D8MM8,Astrakhan Energo Sbyt,1-01-55064-E,,SUR,1,3,2025-12-08
10,BISVP,SMAL,БашИнСв ап,9.6,1,1.0,A,Т+: Неполные лоты (акции) - безадрес.,2,Башинформсвязь(ПАО) ап,,FNDT,EQIN,,0.01,9.24,SUR,2025-12-04,36165270,RU0009100176,BashInformSvyaz ap,2-01-00011-A,,SUR,2,3,2025-12-08
11,BLNG,SMAL,Белон ао,11.52,1,0.01,A,Т+: Неполные лоты (акции) - безадрес.,2,Белон ОАО ао,,FNDT,EQIN,,0.01,11.77,SUR,2025-12-04,1150000000,RU000A0J2QG8,Belon ao,1-06-10167-F,,SUR,1,3,2025-12-08
12,BSPB,SMAL,БСП ао,336.94,1,1.0,A,Т+: Неполные лоты (акции) - безадрес.,2,"ПАО ""Банк ""Санкт-Петербург"" ао",,FNDT,EQIN,,0.01,325.91,SUR,2025-12-04,445368521,RU0009100945,BSP,10300436B,,SUR,1,1,2025-12-08
13,BSPBP,SMAL,БСП ап,63.7,1,1.0,A,Т+: Неполные лоты (акции) - безадрес.,2,Банк Санкт-Петербург ап,,FNDT,EQIN,,0.05,53.9,SUR,2025-12-04,20100000,RU000A0JP0U9,BSP ap,20100436B,,SUR,2,3,2025-12-08
14,CARM,SMAL,СТГ,1.8355,1,1.0,A,Т+: Неполные лоты (акции) - безадрес.,4,СТГ ао,,FNDT,EQIN,,0.0005,1.833,SUR,2025-12-04,2917616015,RU000A105NV2,STG,1-01-03536-G,,SUR,1,3,2025-12-08
15,CBOM,SMAL,МКБ ао,7.794,1,1.0,A,Т+: Неполные лоты (акции) - безадрес.,3,"""МКБ"" ПАО ао",,FNDT,EQIN,,0.001,7.855,SUR,2025-12-04,33429709866,RU000A0JUG31,MKB ao,10101978B,,SUR,1,1,2025-12-08
16,CHGZ,SMAL,РН-ЗапСиб,77.0,1,0.1,A,Т+: Неполные лоты (акции) - безадрес.,1,РН-Западная Сибирь ПАО ао,,FNDT,EQIN,,0.2,76.4,SUR,2025-12-04,26771420,RU0009082291,RN-Western Siberia ao,1-01-00185-A,,SUR,1,3,2025-12-08
17,CNTL,SMAL,Телеграф,7.4,1,1.0,A,Т+: Неполные лоты (акции) - безадрес.,2,"""Центральный Телеграф"" ПАО ао",,FNDT,EQIN,,0.02,9.72,SUR,2025-12-04,166167000,RU0007665147,Centrlnyi Telegraf,1-03-00327-A,,SUR,1,3,2025-12-08
18,CNTLP,SMAL,Телеграф-п,4.72,1,1.0,A,Т+: Неполные лоты (акции) - безадрес.,2,"""Центральный Телеграф"" ПАО ап",,FNDT,EQIN,,0.02,6.12,SUR,2025-12-04,55389000,RU0007665139,Centrlnyi Telegraf ap,2-03-00327-A,,SUR,2,3,2025-12-08
19,DIOD,SMAL,ЗаводДИОД,8.88,1,0.01,A,Т+: Неполные лоты (акции) - безадрес.,2,Завод ДИОД ПАО ао,,FNDT,EQIN,,0.01,9.04,SUR,2025-12-04,91500000,RU000A0JQWC1,Zavod DIOD ao,1-03-06923-A,,SUR,1,3,2025-12-08
20,DVEC,SMAL,ДЭК ао,1.62,1,1.0,A,Т+: Неполные лоты (акции) - безадрес.,3,"""ДЭК"" ПАО ао",,FNDT,EQIN,,0.001,1.774,SUR,2025-12-04,17223107804,RU000A0JP2W1,DEC,1-01-55275-E,,SUR,1,3,2025-12-08
21,EELT,SMAL,ЕвроЭлтех,8.6,1,1.0,A,Т+: Неполные лоты (акции) - безадрес.,2,"""ЕвропЭлектротехника"" ПАО ао",,FNDT,EQIN,,0.02,10.04,SUR,2025-12-04,551813000,RU000A0JWW54,European Eltech,1-01-83993-H,,SUR,1,3,2025-12-08
22,ELFV,SMAL,ЭЛ5Энер ао,0.497,1,1.0,A,Т+: Неполные лоты (акции) - безадрес.,4,"""ЭЛ5-Энерго"" ПАО",,FNDT,EQIN,,0.0002,0.4982,SUR,2025-12-04,35371898370,RU000A0F5UN3,El5-Ener,1-01-50077-A,,SUR,1,1,2025-12-08
23,ELMT,SMAL,iЭлемент,0.1298,1,0.05,A,Т+: Неполные лоты (акции) - безадрес.,5,Элемент,,FNDT,EQIN,,5e-05,0.1132,SUR,2025-12-04,469725539040,RU000A102093,ELEMENT,1-01-16673-A,,SUR,1,3,2025-12-08
24,FEES,SMAL,Россети,0.07144,1,0.5,A,Т+: Неполные лоты (акции) - безадрес.,5,"""ФСК - Россети"" ПАО",,FNDT,EQIN,,2e-05,0.07122,SUR,2025-12-04,2113460101477,RU000A0JPNN9,FGC ROSSETI,1-01-65018-D,,SUR,1,1,2025-12-08
25,FESH,SMAL,ДВМП ао,52.43,1,1.0,A,Т+: Неполные лоты (акции) - безадрес.,2,ДВ морское пароходство ПАО ао,,FNDT,EQIN,,0.01,52.76,SUR,2025-12-04,2951250000,RU0008992318,DVMP ao,1-03-00032-A,,SUR,1,2,2025-12-08
26,FIXR,SMAL,Фикс Прайс,0.6016,1,0.001,A,Т+: Неполные лоты (акции) - безадрес.,4,ПАО Фикс Прайс,,FNDT,EQIN,,0.0001,0.5981,SUR,2025-12-04,100000000000,RU000A10B5G8,Fix Price PJSC,1-01-08699-G,,SUR,1,1,2025-12-08
27,FLOT,SMAL,Совкомфлот,79.73,1,1.0,A,Т+: Неполные лоты (акции) - безадрес.,2,Совкомфлот ао,,FNDT,EQIN,,0.01,79.78,SUR,2025-12-04,2374993901,RU000A0JXNU8,Sovcomflot,1-01-10613-A,,SUR,1,1,2025-12-08
28,GAZA,SMAL,ГАЗ ао,575.0,1,1.0,A,Т+: Неполные лоты (акции) - безадрес.,0,ГАЗ ПАО ао,,FNDT,EQIN,,1.0,547.0,SUR,2025-12-04,18520260,RU0009034268,Gaz ao,1-01-00029-A,,SUR,1,3,2025-12-08
29,GAZAP,SMAL,ГАЗ ап,396.0,1,1.0,A,Т+: Неполные лоты (акции) - безадрес.,1,ГАЗ ПАО ап,,FNDT,EQIN,,0.5,396.0,SUR,2025-12-04,1453500,RU000A0ZYHF5,Gaz (pref),2-02-00029-A,,SUR,2,3,2025-12-08
30,GAZC,SMAL,ГАЗКОН-ао,296.0,1,10.0,A,Т+: Неполные лоты (акции) - безадрес.,0,ГАЗКОН (ПАО) ао,,FNDT,EQIN,,1.0,340.0,SUR,2025-12-04,225381601,RU000A0JQG86,Gazkon ao,1-01-09870-A,,SUR,1,3,2025-12-08
31,GAZP,SMAL,ГАЗПРОМ ао,125.04,1,5.0,A,Т+: Неполные лоты (акции) - безадрес.,2,"""Газпром"" (ПАО) ао",,FNDT,EQIN,,0.01,125.87,SUR,2025-12-04,23673512900,RU0007661625,Gazprom,1-02-00028-A,,SUR,1,1,2025-12-08
32,GAZS,SMAL,ГАЗ-сервис,,1,10.0,A,Т+: Неполные лоты (акции) - безадрес.,0,ГАЗ-сервис (ПАО) ао,,FNDT,EQIN,,1.0,340.0,SUR,2025-12-04,206508967,RU000A0JQG78,Gaz-servis ao,1-01-09871-A,,SUR,1,3,2025-12-08
33,GAZT,SMAL,ГАЗ-Тек ао,,1,100.0,A,Т+: Неполные лоты (акции) - безадрес.,1,ГАЗ-Тек ПАО ао,,FNDT,EQIN,,0.5,91.0,SUR,2025-12-04,471428300,RU000A0JS199,GAZ-Tek PAO ao,1-01-12996-A,,SUR,1,3,2025-12-08
34,GECO,SMAL,iГЕНЕТИКО,27.36,1,0.01,A,Т+: Неполные лоты (акции) - безадрес.,2,ЦГРМ ГЕНЕТИКО ао,,FNDT,EQIN,,0.01,23.93,SUR,2025-12-04,90000000,RU000A105BN4,GENETICO,1-01-87198-H,,SUR,1,3,2025-12-08
35,GEMA,SMAL,iММЦБ ао,110.3,1,0.01,A,Т+: Неполные лоты (акции) - безадрес.,1,ПАО ММЦБ ао,,FNDT,EQIN,,0.1,115.1,SUR,2025-12-04,14929920,RU000A100GC7,IMCB PJSC,1-01-85932-H,,SUR,1,3,2025-12-08
36,GMKN,SMAL,ГМКНорНик,130.26,1,0.01,A,Т+: Неполные лоты (акции) - безадрес.,2,"ГМК ""Нор.Никель"" ПАО ао",,FNDT,EQIN,,0.02,129.66,SUR,2025-12-04,15286339700,RU0007288411,NorNickel GMK,1-01-40155-F,,SUR,1,1,2025-12-08
37,GTRK,SMAL,ГТМ ао,264.4,1,100.0,A,Т+: Неполные лоты (акции) - безадрес.,1,"ПАО ""ГТМ"" ао",,FNDT,EQIN,,0.1,170.6,SUR,2025-12-04,58462120,RU000A0ZYD22,GTM,1-01-84907-H,,SUR,1,3,2025-12-08
38,HIMCP,SMAL,Химпром ап,16.36,1,1.0,A,Т+: Неполные лоты (акции) - безадрес.,2,Химпром ПАО ап,,FNDT,EQIN,,0.02,18.04,SUR,2025-12-04,229631402,RU0009099006,Himprom ap,2-01-55076-D,,SUR,2,3,2025-12-08
39,HYDR,SMAL,РусГидро,0.3925,1,1.0,A,Т+: Неполные лоты (акции) - безадрес.,4,"ПАО ""РусГидро""",,FNDT,EQIN,,0.0001,0.3905,SUR,2025-12-04,444793377038,RU000A0JPKH7,RusGidro,1-01-55038-E,,SUR,1,1,2025-12-08
40,IRAO,SMAL,ИнтерРАОао,3.032,1,2.809767,A,Т+: Неполные лоты (акции) - безадрес.,4,"""Интер РАО"" ПАО ао",,FNDT,EQIN,,0.0005,2.884,SUR,2025-12-04,104400000000,RU000A0JPNM1,Inter RAO ao,1-04-33498-E,,SUR,1,1,2025-12-08
41,IRKT,SMAL,Яковлев-3,22.82,1,3.0,A,Т+: Неполные лоты (акции) - безадрес.,2,"""Яковлев"" ПАО ак.об.-3",,FNDT,EQIN,,0.02,25.9,SUR,2025-12-04,12051279624,RU0006752979,Yakovlev-3,1-03-00040-A,,SUR,1,3,2025-12-08
42,JNOS,SMAL,Славн-ЯНОС,16.6,1,1.0,A,Т+: Неполные лоты (акции) - безадрес.,2,Славнефть-ЯНОС (ПАО) ао,,FNDT,EQIN,,0.05,16.8,SUR,2025-12-04,932654723,RU0009100895,Slavneft-JANOS,1-01-00199-A,,SUR,1,3,2025-12-08
43,JNOSP,SMAL,Слав-ЯНОСп,8.98,1,1.0,A,Т+: Неполные лоты (акции) - безадрес.,2,Славнефть-ЯНОС (ПАО) ап,,FNDT,EQIN,,0.02,9.4,SUR,2025-12-04,310884574,RU0009101927,Slavneft-JANOS (pref),2-01-00199-A,,SUR,2,3,2025-12-08
44,KAZT,SMAL,Куйбазот,408.2,1,1.0,A,Т+: Неполные лоты (акции) - безадрес.,1,Куйбышевазот ПАО ао,,FNDT,EQIN,,0.2,424.8,SUR,2025-12-04,176582530,RU000A0B9BV2,Kuib.Azot ao,1-01-00067-A,,SUR,1,3,2025-12-08
45,KAZTP,SMAL,Куйбазот-п,448.5,1,1.0,A,Т+: Неполные лоты (акции) - безадрес.,1,Куйбышевазот ПАО ап,,FNDT,EQIN,,0.5,444.5,SUR,2025-12-04,3204795,RU000A0B9BW0,Kuibishevazot ap,2-01-00067-A,,SUR,2,3,2025-12-08
46,KBSB,SMAL,ТНСэКубань,535.0,1,0.56,A,Т+: Неполные лоты (акции) - безадрес.,1,ТНС энерго Кубань ПАО ао,,FNDT,EQIN,,0.5,795.5,SUR,2025-12-04,17869440,RU000A0JNJ11,TNS energo Kuban Company,1-01-55218-E,,SUR,1,3,2025-12-08
47,KCHE,SMAL,КамчатЭ ао,0.359,1,0.1,A,Т+: Неполные лоты (акции) - безадрес.,3,Камчатскэнерго ПАО ао,,FNDT,EQIN,,0.001,0.426,SUR,2025-12-04,58294409860,RU0006753498,Kamchatskenergo,1-02-00235-A,,SUR,1,3,2025-12-08
48,KCHEP,SMAL,КамчатЭ ап,0.64,1,0.1,A,Т+: Неполные лоты (акции) - безадрес.,3,Камчатскэнерго ПАО ап,,FNDT,EQIN,,0.005,0.795,SUR,2025-12-04,183062052,RU0006753480,Kamchatskenergo (pref),2-02-00235-A,,SUR,2,3,2025-12-08
49,KGKC,SMAL,КурганГКао,39.2,1,7.2,A,Т+: Неполные лоты (акции) - безадрес.,1,Курганская генер.комп.ПАО ао,,FNDT,EQIN,,0.2,43.4,SUR,2025-12-04,122453406,RU000A0JP120,Kurganskaja Gener.Kompanija,1-01-55226-E,,SUR,1,3,2025-12-08
50,KGKCP,SMAL,КурганГКап,50.2,1,7.2,A,Т+: Неполные лоты (акции) - безадрес.,1,Курганская генер. комп. ПАО ап,,FNDT,EQIN,,0.2,51.2,SUR,2025-12-04,14393052,RU000A0JP138,Kurganskaja Gener.Kompanija ap,2-01-55226-E,,SUR,2,3,2025-12-08
51,KLSB,SMAL,КалужскСК,17.02,1,0.2,A,Т+: Неполные лоты (акции) - безадрес.,2,"ао""Калужская сбыт.комп.""ПАО",,FNDT,EQIN,,0.01,19.73,SUR,2025-12-04,91487347,RU000A0DKZK3,Kalugsk. Sbyt. Company ao,1-01-65057-D,,SUR,1,3,2025-12-08
52,KLVZ,SMAL,Кристалл,2.87,1,0.01,A,Т+: Неполные лоты (акции) - безадрес.,3,Алкогольная Группа Кристалл,,FNDT,EQIN,,0.002,3.2,SUR,2025-12-04,921052700,RU000A107KX0,KLVZ KRISTALL,1-01-05421-G,,SUR,1,3,2025-12-08
53,KMAZ,SMAL,КАМАЗ,87.7,1,50.0,A,Т+: Неполные лоты (акции) - безадрес.,1,КАМАЗ ПАО,,FNDT,EQIN,,0.1,86.7,SUR,2025-12-04,707229559,RU0008959580,KAMAZ,1-08-55010-D,,SUR,1,2,2025-12-08
54,KRKOP,SMAL,ТКЗКК ап,13.28,1,1.0,A,Т+: Неполные лоты (акции) - безадрес.,2,ТКЗ Красный котельщик ПАО ап,,FNDT,EQIN,,0.02,13.64,SUR,2025-12-04,71086000,RU0009098131,TKZ Krasny Kotelshchik ap,2-01-30301-E,,SUR,2,3,2025-12-08
55,KROT,SMAL,КрасОкт-ао,1010.0,1,1.0,A,Т+: Неполные лоты (акции) - безадрес.,0,"""КрасныйОктябрь"" ПАО - ао",,FNDT,EQIN,,1.0,1067.0,SUR,2025-12-04,9217583,RU0008913850,KrasnyiOctyabr,1-02-00060-A,,SUR,1,3,2025-12-08
56,KROTP,SMAL,КрасОкт-1п,492.0,1,1.0,A,Т+: Неполные лоты (акции) - безадрес.,0,КрасныйОктябрь-1п,,FNDT,EQIN,,1.0,451.0,SUR,2025-12-04,1474549,RU0008913868,KrasnyiOctabr-1(pr),2-01-00060-A,,SUR,2,3,2025-12-08
57,KRSB,SMAL,Красэсб ао,22.0,1,0.02,A,Т+: Неполные лоты (акции) - безадрес.,2,Красноярскэнергосбыт ао,,FNDT,EQIN,,0.02,22.0,SUR,2025-12-04,596039612,RU000A0HMLY1,Krashojarskenergosbyt,1-01-55147-E,,SUR,1,3,2025-12-08
58,KRSBP,SMAL,Красэсб ап,22.36,1,0.02,A,Т+: Неполные лоты (акции) - безадрес.,2,Красноярскэнергосбыт ап,,FNDT,EQIN,,0.02,22.9,SUR,2025-12-04,168993328,RU000A0HMLZ8,Krashojarskenergosbyt pref.,2-01-55147-E,,SUR,2,3,2025-12-08
59,KUZB,SMAL,КузнецкийБ,0.0302,1,0.01,A,Т+: Неполные лоты (акции) - безадрес.,5,"Банк ""Кузнецкий"" ПАО ао",,FNDT,EQIN,,5e-05,0.03485,SUR,2025-12-04,22503490875,RU000A0JSQ66,"Bank ""Kuzneckiy""",10100609B,,SUR,1,3,2025-12-08
60,KZOS,SMAL,ОргСинт ао,65.5,1,1.0,A,Т+: Неполные лоты (акции) - безадрес.,1,"ПАО ""Органический синтез"" ао",,FNDT,EQIN,,0.1,64.7,SUR,2025-12-04,1785114000,RU0009089825,PAO Organicheskiy Sintez ao,1-02-55245-D,,SUR,1,3,2025-12-08
61,KZOSP,SMAL,ОргСинт ап,17.31,1,1.0,A,Т+: Неполные лоты (акции) - безадрес.,2,"ПАО ""Органический синтез"" ап",,FNDT,EQIN,,0.01,16.78,SUR,2025-12-04,119596000,RU0006753456,PAO Organicheskiy Sintez ap,2-02-55245-D,,SUR,2,3,2025-12-08
62,LIFE,SMAL,Фармсинтез,3.085,1,5.0,A,Т+: Неполные лоты (акции) - безадрес.,3,Фармсинтез ПАО ао,,FNDT,EQIN,,0.005,2.995,SUR,2025-12-04,440394854,RU000A0JR514,Farmsintez ao,1-02-09669-J,,SUR,1,3,2025-12-08
63,LPSB,SMAL,ЛЭСК ао,65.0,1,0.22,A,Т+: Неполные лоты (акции) - безадрес.,2,Липецкая энергосбыт.ком.ОАО ао,,FNDT,EQIN,,0.05,67.2,SUR,2025-12-04,155521950,RU000A0D8MR7,LESK ao,1-01-65097-D,,SUR,1,3,2025-12-08
64,LSNG,SMAL,РСетиЛЭ,14.87,1,1.0,A,Т+: Неполные лоты (акции) - безадрес.,2,Россети Ленэнерго ПАО-ао,,FNDT,EQIN,,0.01,15.16,SUR,2025-12-04,8523785320,RU0009034490,Rosseti LenEnrg,1-01-00073-A,,SUR,1,3,2025-12-08
65,LSNGP,SMAL,РСетиЛЭ-п,269.0,1,1.0,A,Т+: Неполные лоты (акции) - безадрес.,2,Россети Ленэнерго ПАО-ап,,FNDT,EQIN,,0.05,277.9,SUR,2025-12-04,93264311,RU0009092134,Rosseti LenEnrg (pref),2-01-00073-A,,SUR,2,3,2025-12-08
66,LVHK,SMAL,Левенгук,24.25,1,10.0,A,Т+: Неполные лоты (акции) - безадрес.,2,Левенгук ПАО ао,,FNDT,EQIN,,0.05,24.05,SUR,2025-12-04,52940000,RU000A0JT7Y2,Levenguk ao,1-01-04329-D,,SUR,1,3,2025-12-08
67,MAGE,SMAL,МагадЭн ао,3.12,1,1.0,A,Т+: Неполные лоты (акции) - безадрес.,2,"""Магаданэнерго"" ПАО ао",,FNDT,EQIN,,0.01,2.94,SUR,2025-12-04,463838268,RU0006758919,Magadanenergo ao,1-01-00254-A,,SUR,1,3,2025-12-08
68,MAGEP,SMAL,МагадЭн ап,2.14,1,1.0,A,Т+: Неполные лоты (акции) - безадрес.,2,"""Магаданэнерго"" ПАО ап",,FNDT,EQIN,,0.01,2.05,SUR,2025-12-04,145673254,RU0006758893,Magadanenergo ap,2-01-00254-A,,SUR,2,3,2025-12-08
69,MAGN,SMAL,ММК,26.69,1,1.0,A,Т+: Неполные лоты (акции) - безадрес.,3,"""Магнитогорск.мет.комб"" ПАО ао",,FNDT,EQIN,,0.005,26.195,SUR,2025-12-04,11174330000,RU0009084396,MMK,1-03-00078-A,,SUR,1,1,2025-12-08
70,MFGS,SMAL,Мегион-ао,392.0,1,25.0,A,Т+: Неполные лоты (акции) - безадрес.,0,"ао ""Славнефть-Мегионнефтегаз""",,FNDT,EQIN,,1.0,376.0,SUR,2025-12-04,99474705,RU0009011126,Megion,1-03-00149-A,,SUR,1,3,2025-12-08
71,MFGSP,SMAL,Мегион-ап,206.0,1,25.0,A,Т+: Неполные лоты (акции) - безадрес.,1,ап Мегионнефтегаз,,FNDT,EQIN,,0.5,207.5,SUR,2025-12-04,33056875,RU0009011134,Megion (pref),2-03-00149-A,,SUR,2,3,2025-12-08
72,MGKL,SMAL,МГКЛ,2.403,1,0.01,A,Т+: Неполные лоты (акции) - безадрес.,4,МГКЛ ао,,FNDT,EQIN,,0.0005,2.392,SUR,2025-12-04,1268545000,RU000A0JVJQ8,MGKL,1-01-11915-A,,SUR,1,3,2025-12-08
73,MISB,SMAL,ТНСэнМарЭл,38.7,1,0.1,A,Т+: Неполные лоты (акции) - безадрес.,1,ТНС энерго Марий Эл ПАО ао,,FNDT,EQIN,,0.1,51.4,SUR,2025-12-04,121847780,RU000A0D8K33,TNS energo Mariy El ao,1-01-50086-A,,SUR,1,3,2025-12-08
74,MISBP,SMAL,ТНСэМаЭл-п,36.9,1,0.1,A,Т+: Неполные лоты (акции) - безадрес.,1,ТНС энерго Марий Эл ПАО ап,,FNDT,EQIN,,0.1,47.9,SUR,2025-12-04,10652220,RU000A0D8K41,TNS energo Mariy El (pref),2-01-50086-A,,SUR,2,3,2025-12-08
75,MOEX,SMAL,МосБиржа,169.75,1,1.0,A,Т+: Неполные лоты (акции) - безадрес.,2,ПАО Московская Биржа,,FNDT,EQIN,,0.01,170.63,SUR,2025-12-04,2276401458,RU000A0JR4A1,MoscowExchange,1-05-08443-H,,SUR,1,1,2025-12-08
76,MRKC,SMAL,РоссЦентр,0.7792,1,0.1,A,Т+: Неполные лоты (акции) - безадрес.,4,"ПАО ""Россети Центр"" ао",,FNDT,EQIN,,0.0002,0.7438,SUR,2025-12-04,42217941468,RU000A0JPPL8,Rosseti Centr,1-01-10214-A,,SUR,1,2,2025-12-08
77,MRKK,SMAL,Россети СК,17.68,1,1.0,A,Т+: Неполные лоты (акции) - безадрес.,2,Россети Сев. Кавказ ао,,FNDT,EQIN,,0.02,16.54,SUR,2025-12-04,2093354170,RU000A0JPPQ7,Rosseti Severnyy Kavkaz ao,1-01-34747-E,,SUR,1,3,2025-12-08
78,MRKP,SMAL,РСетиЦП ао,0.5079,1,0.1,A,Т+: Неполные лоты (акции) - безадрес.,4,Россети Центр и Приволжье ао,,FNDT,EQIN,,0.0001,0.4884,SUR,2025-12-04,112697817043,RU000A0JPN96,Rosseti Centr i Privoljye ao,1-01-12665-E,,SUR,1,2,2025-12-08
79,MRKS,SMAL,РсетСиб ао,0.4785,1,0.1,A,Т+: Неполные лоты (акции) - безадрес.,4,Россети Сибирь ао,,FNDT,EQIN,,0.0005,0.498,SUR,2025-12-04,94815163249,RU000A0JPPF0,Rosseti Sibir,1-01-12044-F,,SUR,1,3,2025-12-08
80,MRKU,SMAL,Россети Ур,0.426,1,0.1,A,Т+: Неполные лоты (акции) - безадрес.,4,Россети Урал (ПАО) ао,,FNDT,EQIN,,0.0002,0.4274,SUR,2025-12-04,87430485711,RU000A0JPPT1,Rosseti Ural ao,1-01-32501-D,,SUR,1,2,2025-12-08
81,MRKV,SMAL,РсетВол ао,0.13735,1,0.1,A,Т+: Неполные лоты (акции) - безадрес.,5,Россети Волга ао,,FNDT,EQIN,,5e-05,0.13315,SUR,2025-12-04,188307958732,RU000A0JPPN4,Rosseti Volga,1-01-04247-E,,SUR,1,2,2025-12-08
82,MRKY,SMAL,РоссЮг ао,0.07495,1,0.1,A,Т+: Неполные лоты (акции) - безадрес.,5,Россети Юг  (ПАО) ао,,FNDT,EQIN,,5e-05,0.0755,SUR,2025-12-04,151641426354,RU000A0JPPG8,Rosseti South ao,1-01-34956-E,,SUR,1,3,2025-12-08
83,MRKZ,SMAL,РСетиСЗ ао,0.0976,1,0.1,A,Т+: Неполные лоты (акции) - безадрес.,5,ПАО Россети Северо-Запад ао,,FNDT,EQIN,,5e-05,0.09705,SUR,2025-12-04,95785923138,RU000A0JPPB9,Rosseti Severo-Zapad,1-01-03347-D,,SUR,1,2,2025-12-08
84,MRSB,SMAL,МордЭнСб,0.998,1,0.0136,A,Т+: Неполные лоты (акции) - безадрес.,3,Мордовск.энергсбыт.комп.ПАО ао,,FNDT,EQIN,,0.002,1.004,SUR,2025-12-04,1345037710,RU000A0D9AJ7,Mordovskaya EnergoSbyt Comp.,1-01-55055-E,,SUR,1,3,2025-12-08
85,MSNG,SMAL,+МосЭнерго,1.901,1,1.0,A,Т+: Неполные лоты (акции) - безадрес.,4,МосЭнерго акции обыкн.,,FNDT,EQIN,,0.0005,1.941,SUR,2025-12-04,39749359700,RU0008958863,MosEnrg,1-01-00085-A,,SUR,1,1,2025-12-08
86,MSRS,SMAL,РСетиМР ао,1.425,1,0.5,A,Т+: Неполные лоты (акции) - безадрес.,4,ПАО Россети Моск.рег. ао,,FNDT,EQIN,,0.0005,1.43,SUR,2025-12-04,48707091574,RU000A0ET7Y7,Rosseti Moscow Region,1-01-65116-D,,SUR,1,2,2025-12-08
87,MSTT,SMAL,Мостотрест,111.65,1,0.14,A,Т+: Неполные лоты (акции) - безадрес.,2,"ПАО ""МОСТОТРЕСТ"" ао",,FNDT,EQIN,,0.05,110.6,SUR,2025-12-04,282215500,RU0009177331,Mostotrest,1-03-02472-A,,SUR,1,3,2025-12-08
88,MTLRP,SMAL,Мечел ап,69.35,1,10.0,A,Т+: Неполные лоты (акции) - безадрес.,2,Мечел ПАО ап,,FNDT,EQIN,,0.05,66.3,SUR,2025-12-04,138756915,RU000A0JPV70,Mechel pref.,2-01-55005-E,,SUR,2,1,2025-12-08
89,MTSS,SMAL,МТС-ао,214.85,1,0.1,A,Т+: Неполные лоты (акции) - безадрес.,2,Мобильные ТелеСистемы ПАО ао,,FNDT,EQIN,,0.05,213.15,SUR,2025-12-04,1998381575,RU0007775219,MTS,1-01-04715-A,,SUR,1,1,2025-12-08
90,NAUK,SMAL,iНПОНаука,484.0,1,0.2,A,Т+: Неполные лоты (акции) - безадрес.,1,НПО Наука ао,,FNDT,EQIN,,0.5,442.0,SUR,2025-12-04,11789500,RU000A0JRPX9,NPO Nauka ao,1-01-04440-A,,SUR,1,3,2025-12-08
91,NFAZ,SMAL,НЕФАЗ,330.5,1,1.0,A,Т+: Неполные лоты (акции) - безадрес.,1,НЕФАЗ ПАО ао,,FNDT,EQIN,,0.5,284.0,SUR,2025-12-04,8038896,RU0009115604,NEFAZ PAO ao,1-01-30520-D,,SUR,1,3,2025-12-08
92,NKHP,SMAL,НКХП ао,507.0,1,1.0,A,Т+: Неполные лоты (акции) - безадрес.,1,НКХП ПАО ао,,FNDT,EQIN,,0.5,512.5,SUR,2025-12-04,67597000,RU000A0BLWD7,NKHP ao,1-03-35684-E,,SUR,1,3,2025-12-08
93,NKNC,SMAL,НКНХ ао,80.0,1,1.0,A,Т+: Неполные лоты (акции) - безадрес.,2,"""Нижнекамскнефтехим"" ПАО ао",,FNDT,EQIN,,0.05,79.9,SUR,2025-12-04,1611256000,RU0009100507,Niznekamskneftekhim ao,1-02-00096-A,,SUR,1,3,2025-12-08
94,NKNCP,SMAL,НКНХ ап,62.7,1,1.0,A,Т+: Неполные лоты (акции) - безадрес.,2,"""Нижнекамскнефтехим"" ПАО ап",,FNDT,EQIN,,0.02,62.52,SUR,2025-12-04,218983750,RU0006765096,Niznekamskneftekhim (pref),2-02-00096-A,,SUR,2,3,2025-12-08
95,NKSH,SMAL,Нижкамшина,34.8,1,1.0,A,Т+: Неполные лоты (акции) - безадрес.,2,Нижнекамскшина ПАО ао,,FNDT,EQIN,,0.05,38.55,SUR,2025-12-04,63731171,RU0009100515,Nizhnekamskshina ao,1-02-55032-D,,SUR,1,3,2025-12-08
96,NLMK,SMAL,НЛМК ао,105.52,1,1.0,A,Т+: Неполные лоты (акции) - безадрес.,2,"ПАО ""НЛМК"" ао",,FNDT,EQIN,,0.02,105.74,SUR,2025-12-04,5993227240,RU0009046452,NLMK ao,1-01-00102-A,,SUR,1,1,2025-12-08
97,NMTP,SMAL,НМТП ао,8.96,1,0.01,A,Т+: Неполные лоты (акции) - безадрес.,3,НМТП (ПАО) ао,,FNDT,EQIN,,0.005,8.915,SUR,2025-12-04,19259815400,RU0009084446,NMTP,1-01-30251-E,,SUR,1,3,2025-12-08
98,NSVZ,SMAL,iНаукаСвяз,289.0,1,1.0,A,Т+: Неполные лоты (акции) - безадрес.,1,Наука-Связь ПАО ао,,FNDT,EQIN,,0.5,234.5,SUR,2025-12-04,15701562,RU000A0JQLB6,Nauka-Svyaz ao,1-01-12689-A,,SUR,1,3,2025-12-08
99,OGKB,SMAL,ОГК-2 ао,0.3243,1,0.3627,A,Т+: Неполные лоты (акции) - безадрес.,4,ОГК-2 ПАО ао,,FNDT,EQIN,,0.0001,0.3225,SUR,2025-12-04,136207331098,RU000A0JNG55,OGK-2,1-02-65105-D,,SUR,1,2,2025-12-08
100,OKEY,SMAL,OKEY-гдр,24.48,1,0.0,A,Т+: Неполные лоты (акции) - безадрес.,2,ГДР OKEY Group S.A. ORD SHS,,FNDT,EQIN,,0.01,33.02,USD,2025-12-04,0,US6708662019,GDR OKEY Group ORD SHS,,,SUR,D,3,2025-12-08
101,OZPH,SMAL,iОзонФарм,46.0,1,0.02,A,Т+: Неполные лоты (акции) - безадрес.,2,Озон Фармацевтика,,FNDT,EQIN,,0.01,50.66,SUR,2025-12-04,1167690558,RU000A109B25,Ozon Pharmaceuticals,1-01-10877-P,,SUR,1,1,2025-12-08
102,PMSB,SMAL,ПермьЭнСб,250.1,1,3.25,A,Т+: Неполные лоты (акции) - безадрес.,1,"""Пермэнергосбыт"" ПАО ао",,FNDT,EQIN,,0.1,423.7,SUR,2025-12-04,36210960,RU000A0ET123,Perm' EnergoSbyt,1-01-55084-E,,SUR,1,3,2025-12-08
103,PMSBP,SMAL,ПермьЭнС-п,338.6,1,3.25,A,Т+: Неполные лоты (акции) - безадрес.,1,"""Пермэнергосбыт"" ПАО ап",,FNDT,EQIN,,0.2,450.0,SUR,2025-12-04,11353500,RU000A0ET156,Perm' EnergoSbyt (pref),2-01-55084-E,,SUR,2,3,2025-12-08
104,PRFN,SMAL,ТЕПЛАНТ ао,4.254,1,0.1,A,Т+: Неполные лоты (акции) - безадрес.,3,ТЕПЛАНТ восток (ПАО) ао,,FNDT,EQIN,,0.002,3.97,SUR,2025-12-04,838287450,RU000A0JNXF9,TEPLANT vostok,1-01-45194-D,,SUR,1,3,2025-12-08
105,RASP,SMAL,Распадская,153.9,1,0.004,A,Т+: Неполные лоты (акции) - безадрес.,2,ПАО Распадская ао,,FNDT,EQIN,,0.05,170.05,SUR,2025-12-04,665733918,RU000A0B90N8,Raspadskaya,1-04-21725-N,,SUR,1,2,2025-12-08
106,RBCM,SMAL,ГК РБК ао,13.36,1,0.00064,A,Т+: Неполные лоты (акции) - безадрес.,3,ГК РБК ПАО ао,,FNDT,EQIN,,0.005,11.2,SUR,2025-12-04,365631010,RU000A0JR6A6,GK RBK ao,1-02-56413-H,,SUR,1,3,2025-12-08
107,RDRB,SMAL,РДБанк ао,121.5,1,124.0,A,Т+: Неполные лоты (акции) - безадрес.,1,РоссийскийДорож Банк ПАО ао,,FNDT,EQIN,,0.5,137.5,SUR,2025-12-04,27492735,RU000A0JU6Q7,RosDor Bank ao,10201573B,,SUR,1,3,2025-12-08
108,RENI,SMAL,Ренессанс,101.0,1,9.88,A,Т+: Неполные лоты (акции) - безадрес.,2,Ренессанс Страхование ао,,FNDT,EQIN,,0.02,97.72,SUR,2025-12-04,556952780,RU000A0ZZM04,Renaissance Insurance,1-01-10601-Z,,SUR,1,1,2025-12-08
109,RGSS,SMAL,РГС СК ао,0.2048,1,0.03,A,Т+: Неполные лоты (акции) - безадрес.,4,Росгосстрах СК ПАО ао,,FNDT,EQIN,,0.0002,0.2016,SUR,2025-12-04,489503740915,RU0008010855,Rosgosstrakh ao,1-03-10003-Z,,SUR,1,3,2025-12-08
110,ROLO,SMAL,Русолово,0.5052,1,0.1,A,Т+: Неполные лоты (акции) - безадрес.,4,"""Русолово"" ПАО ао",,FNDT,EQIN,,0.0002,0.507,SUR,2025-12-04,30001000000,RU000A0JU1B0,Rusolovo PAO ao,1-01-15065-A,,SUR,1,3,2025-12-08
111,ROST,SMAL,РОСИНТЕРао,121.0,1,169.7,A,Т+: Неполные лоты (акции) - безадрес.,1,РОСИНТЕР РЕСТОРАНТС (ПАО),,FNDT,EQIN,,0.2,103.4,SUR,2025-12-04,16305334,RU000A0JP922,ROSINTER RESTAURANTS ao,1-02-55033-E,,SUR,1,3,2025-12-08
112,RTKM,SMAL,Ростел -ао,58.98,1,0.0025,A,Т+: Неполные лоты (акции) - безадрес.,2,Ростелеком (ПАО) ао.,,FNDT,EQIN,,0.01,58.3,SUR,2025-12-04,3282997929,RU0008943394,Rostelecom,1-01-00124-A,,SUR,1,1,2025-12-08
113,RTKMP,SMAL,Ростел -ап,52.6,1,0.0025,A,Т+: Неполные лоты (акции) - безадрес.,2,Ростелеком (ПАО) ап.,,FNDT,EQIN,,0.05,57.6,SUR,2025-12-04,209565147,RU0009046700,Rostelecom- (pref),2-01-00124-A,,SUR,2,1,2025-12-08
114,RTSB,SMAL,ТНСэнРст,3.0,1,0.02,A,Т+: Неполные лоты (акции) - безадрес.,3,ТНС энерго Ростов. ПАО ао,,FNDT,EQIN,,0.005,3.255,SUR,2025-12-04,8128764676,RU000A0D8PB4,TNS energo Rostov-na-Dony ao,1-01-50095-A,,SUR,1,3,2025-12-08
115,RTSBP,SMAL,ТНСэнРст-п,1.48,1,0.02,A,Т+: Неполные лоты (акции) - безадрес.,3,ТНС энерго Ростов. ПАО ап,,FNDT,EQIN,,0.002,1.492,SUR,2025-12-04,925737256,RU000A0D8PC2,TNS energo Rostov-na-Dony(prf),2-01-50095-A,,SUR,2,3,2025-12-08
116,RU000A0ERGA7,SMAL,ПИФСбер-КН,291.0,1,0.0,N,Т+: Неполные лоты (акции) - безадрес.,0,ПИФСбербанк Комм.недвижимость,,FNDT,IFA1,,1.0,381.0,SUR,2025-12-04,15681349,RU000A0ERGA7,PIF Kommercheskaya Nedvizhimos,0252-74113866,,SUR,B,3,2025-12-08
117,RU000A0JPZL7,SMAL,АкБрс-Инв,,1,0.0,A,Т+: Неполные лоты (акции) - безадрес.,2,"Ак Барс ПИФ ""АК БАРС-Инвестиц""",,FNDT,IFA1,,0.01,,SUR,2025-12-04,12745532,RU000A0JPZL7,AK BARS-Investitsii,1076-58229138,,SUR,B,3,2025-12-08
118,RU000A0JR282,SMAL,ПИФ Акции,45.0,1,0.0,A,Т+: Неполные лоты (акции) - безадрес.,2,ОПИФ ВИМ Акции,,FNDT,IFA1,,0.05,50.1,SUR,2025-12-04,0,RU000A0JR282,Equity Fund,0968-94131582,,SUR,9,3,2025-12-08
119,RU000A0JR2A5,SMAL,ПИФСбалан,,1,0.0,A,Т+: Неполные лоты (акции) - безадрес.,2,ОПИФ ВИМ-Сбалансированн инвест,,FNDT,IFA1,,0.05,14.55,SUR,2025-12-04,0,RU000A0JR2A5,Balanced Fund,0962-94131346,,SUR,9,3,2025-12-08
120,RU000A0JR2C1,SMAL,ПИФКазна,73.7,1,0.0,A,Т+: Неполные лоты (акции) - безадрес.,2,ОПИФ ВИМ Казначейский,,FNDT,IFA1,,0.05,104.2,SUR,2025-12-04,0,RU000A0JR2C1,Treasury Fund,0089-59893097,,SUR,9,3,2025-12-08
121,RU000A106XE5,SMAL,Саммит,,1,0.0,A,Т+: Неполные лоты (акции) - безадрес.,2,ИПИФ Саммит,,FNDT,IFA1,,0.01,,SUR,2025-12-04,0,RU000A106XE5,IPIF Sammeet,5617-СД,,SUR,A,3,2025-12-08
122,RU000A108RS3,SMAL,ПИФЗалЗайм,,1,0.0,A,Т+: Неполные лоты (акции) - безадрес.,0,ЗПИФ Залоговые займы,,FNDT,IFA1,,5.0,1600.0,SUR,2025-12-04,0,RU000A108RS3,ZPIF Zalogovye zajmy,6147-СД,,SUR,B,3,2025-12-08
123,RUAL,SMAL,РУСАЛ ао,30.93,1,0.656517,A,Т+: Неполные лоты (акции) - безадрес.,3,РУСАЛ ОК МКПАО ао,,FNDT,EQIN,,0.005,31.16,SUR,2025-12-04,15193014862,RU000A1025V3,RUSAL ao,1-01-16677-A,,SUR,1,1,2025-12-08
124,RUSI,SMAL,ИКРУСС-ИНВ,57.3,1,1.0,A,Т+: Неполные лоты (акции) - безадрес.,1,РУСС-ИНВЕСТ ИК ПАО ао,,FNDT,EQIN,,0.1,63.8,SUR,2025-12-04,109000000,RU000A0JQ9W5,RUSS-INVEST IC ao,1-01-00409-A,,SUR,1,3,2025-12-08
125,RZSB,SMAL,РязЭнСб,33.0,1,0.05,A,Т+: Неполные лоты (акции) - безадрес.,2,"""Рязанская энергосб.комп"" ПАО",,FNDT,EQIN,,0.02,33.78,SUR,2025-12-04,206940220,RU000A0D9AF5,"JSC ""Ryazanenergosbyt""",1-01-50092-A,,SUR,1,3,2025-12-08
126,SAGO,SMAL,СамарЭн-ао,2.1,1,0.25,A,Т+: Неполные лоты (акции) - безадрес.,3,Самараэнерго (ПАО) - ао,,FNDT,EQIN,,0.005,2.665,SUR,2025-12-04,3480630296,RU0009098255,SamaraEnergo ao,1-02-00127-A,,SUR,1,3,2025-12-08
127,SAGOP,SMAL,СамарЭн-ап,2.085,1,0.01,A,Т+: Неполные лоты (акции) - безадрес.,3,Самараэнерго (ПАО) - ап,,FNDT,EQIN,,0.005,2.64,SUR,2025-12-04,364918444,RU0009084495,SamaraEnergo(pref),2-02-00127-A,,SUR,2,3,2025-12-08
128,SARE,SMAL,СаратЭн-ао,0.387,1,0.02,A,Т+: Неполные лоты (акции) - безадрес.,3,Саратовэнерго(ПАО)-ао,,FNDT,EQIN,,0.001,0.49,SUR,2025-12-04,4865127996,RU0009100754,SaratovEnergo ao,1-02-00132-A,,SUR,1,3,2025-12-08
129,SAREP,SMAL,СаратЭн-ап,0.404,1,0.02113,A,Т+: Неполные лоты (акции) - безадрес.,4,Саратовэнерго(ПАО)-ап,,FNDT,EQIN,,0.0005,0.34,SUR,2025-12-04,1493316000,RU0009100762,SaratovEnergo (pref),2-02-00132-A,,SUR,2,3,2025-12-08
130,SELG,SMAL,Селигдар,42.99,1,1.0,A,Т+: Неполные лоты (акции) - безадрес.,2,"ПАО ""Селигдар""  ао",,FNDT,EQIN,,0.01,43.54,SUR,2025-12-04,1030000000,RU000A0JPR50,Seligdar,1-01-32694-F,,SUR,1,1,2025-12-08
131,SGZH,SMAL,Сегежа,1.18,1,0.1,A,Т+: Неполные лоты (акции) - безадрес.,3,Сегежа ао,,FNDT,EQIN,,0.001,1.218,SUR,2025-12-04,78450000000,RU000A102XG9,Segezha,1-01-87154-H,,SUR,1,1,2025-12-08
132,SLEN,SMAL,Сахэнер ао,3.28,1,10.0,A,Т+: Неполные лоты (акции) - безадрес.,3,"ПАО ""Сахалинэнерго"" ао",,FNDT,EQIN,,0.005,3.185,SUR,2025-12-04,2237123773,RU0009280465,Sakhalinenergo ao,1-03-00272-A,,SUR,1,3,2025-12-08
133,SNGS,SMAL,Сургнфгз,21.395,1,1.0,A,Т+: Неполные лоты (акции) - безадрес.,3,Сургутнефтегаз ПАО акции об.,,FNDT,EQIN,,0.005,21.62,SUR,2025-12-04,35725994705,RU0008926258,Surgut,1-01-00155-A,,SUR,1,2,2025-12-08
134,SNGSP,SMAL,Сургнфгз-п,38.095,1,1.0,A,Т+: Неполные лоты (акции) - безадрес.,3,Сургутнефтегаз ПАО ап,,FNDT,EQIN,,0.005,38.2,SUR,2025-12-04,7701998235,RU0009029524,Surgut-pref,2-01-00155-A,,SUR,2,2,2025-12-08
135,SOFL,SMAL,iСофтлайн,76.6,1,0.001499992500037,A,Т+: Неполные лоты (акции) - безадрес.,2,Софтлайн ао,,FNDT,EQIN,,0.02,79.02,SUR,2025-12-04,400002000,RU000A0ZZBC2,Softline,1-01-45848-H,,SUR,1,2,2025-12-08
136,STSB,SMAL,СтаврЭнСб,3.6,1,0.0048,A,Т+: Неполные лоты (акции) - безадрес.,3,Ставрополэнергосбыт ПАО ао,,FNDT,EQIN,,0.005,3.6,SUR,2025-12-04,859074636,RU000A0ET1W4,StavropolEnergoSbyt,1-01-50119-A,,SUR,1,3,2025-12-08
137,STSBP,SMAL,СтаврЭнСбп,4.665,1,0.0048,A,Т+: Неполные лоты (акции) - безадрес.,3,Ставрополэнергосбыт ПАО ап,,FNDT,EQIN,,0.005,4.915,SUR,2025-12-04,262100364,RU000A0ET1Z7,StavropolEnergoSbyt (pref),2-01-50119-A,,SUR,2,3,2025-12-08
138,SVCB,SMAL,Совкомбанк,13.515,1,0.1,A,Т+: Неполные лоты (акции) - безадрес.,3,Совкомбанк ао,,FNDT,EQIN,,0.005,12.67,SUR,2025-12-04,22516228905,RU000A0ZZAC4,Sovcombank,10100963B,,SUR,1,1,2025-12-08
139,TASB,SMAL,ТамбЭнСб,1.26,1,0.02,A,Т+: Неполные лоты (акции) - безадрес.,3,"ао""Тамбов.энергсбыт.комп.""ПАО",,FNDT,EQIN,,0.002,1.264,SUR,2025-12-04,1525986880,RU000A0D8NG8,Tambov EnergoSbyt Company,1-01-65100-D,,SUR,1,3,2025-12-08
140,TASBP,SMAL,ТамбЭнСб-п,0.8,1,0.02,A,Т+: Неполные лоты (акции) - безадрес.,3,"ап""Тамбов.энергсбыт.комп.""ПАО",,FNDT,EQIN,,0.002,0.942,SUR,2025-12-04,217961420,RU000A0D8NH6,Tambov EnergoSbyt Comp. (pref),2-01-65100-D,,SUR,2,3,2025-12-08
141,TGKA,SMAL,ТГК-1,0.005454,1,0.01,A,Т+: Неполные лоты (акции) - безадрес.,6,"ао ПАО ""ТГК-1""",,FNDT,EQIN,,2e-06,0.005916,SUR,2025-12-04,3854341416571,RU000A0JNUD0,TGK-1,1-01-03388-D,,SUR,1,1,2025-12-08
142,TGKB,SMAL,ТГК-2,0.00546,1,0.01,A,Т+: Неполные лоты (акции) - безадрес.,6,"ао ПАО ""ТГК-2""",,FNDT,EQIN,,5e-06,0.005845,SUR,2025-12-04,1458404850747,RU000A0JNGS7,TGK-2,1-01-10420-A,,SUR,1,3,2025-12-08
143,TGKBP,SMAL,ТГК-2 ап,0.00659,1,0.01,A,Т+: Неполные лоты (акции) - безадрес.,5,"ап ПАО ""ТГК-2""",,FNDT,EQIN,,1e-05,0.00841,SUR,2025-12-04,16500533681,RU000A0JNGT5,TGK-2 pref,2-01-10420-A,,SUR,2,3,2025-12-08
144,TGKN,SMAL,ТГК-14,0.00609,1,0.001,A,Т+: Неполные лоты (акции) - безадрес.,5,"ао ПАО ""ТГК-14""",,FNDT,EQIN,,1e-05,0.0053,SUR,2025-12-04,1357945609114,RU000A0H1ES3,TGK-14,1-01-22451-F,,SUR,1,2,2025-12-08
145,TORS,SMAL,РСТомск ао,0.61,1,0.4916,A,Т+: Неполные лоты (акции) - безадрес.,3,"ао ПАО ""Россети Томск""",,FNDT,EQIN,,0.002,0.636,SUR,2025-12-04,3819315580,RU000A0ETZF2,PAO Rosseti Tomsk ao,1-01-50128-A,,SUR,1,3,2025-12-08
146,TORSP,SMAL,РСТомск ап,0.45,1,0.4916,A,Т+: Неполные лоты (акции) - безадрес.,3,"ап ПАО ""Россети Томск""",,FNDT,EQIN,,0.001,0.461,SUR,2025-12-04,576693000,RU000A0ETZM8,PAO Rosseti Tomsk ap,2-01-50128-A,,SUR,2,3,2025-12-08
147,TRMK,SMAL,ТМК ао,102.8,1,10.0,A,Т+: Неполные лоты (акции) - безадрес.,2,ПАО ТМК,,FNDT,EQIN,,0.02,102.94,SUR,2025-12-04,1052000000,RU000A0B6NK6,TMK ao,1-01-29031-H,,SUR,1,2,2025-12-08
148,TTLK,SMAL,Таттел. ао,0.6075,1,0.1,A,Т+: Неполные лоты (акции) - безадрес.,4,"""Таттелеком"" ПАО ао",,FNDT,EQIN,,0.0005,0.587,SUR,2025-12-04,20843976400,RU000A0HM5C1,Tattelekom,1-02-50049-A,,SUR,1,3,2025-12-08
149,TUZA,SMAL,ТЗА ао,130.5,1,10.0,A,Т+: Неполные лоты (акции) - безадрес.,1,Туймаз. завод автобетоновозов,,FNDT,EQIN,,0.5,130.0,SUR,2025-12-04,8220000,RU000A0HL7A2,Tuimaz. Zavod Avtobetonovozov,1-01-30455-D,,SUR,1,3,2025-12-08
150,UGLD,SMAL,ЮГК,0.58,1,0.001,A,Т+: Неполные лоты (акции) - безадрес.,4,ЮГК,,FNDT,EQIN,,0.0001,0.4707,SUR,2025-12-04,222778849052,RU000A0JPP37,UGC,1-02-33010-D,,SUR,1,2,2025-12-08
151,UNAC,SMAL,iАвиастКао,0.535,1,0.27,A,Т+: Неполные лоты (акции) - безадрес.,4,Об.авиастр.корп. ПАО ао,,FNDT,EQIN,,0.0005,0.539,SUR,2025-12-04,1009366990290,RU000A0JPLZ7,Ob.aviastroitelnaya korp.,1-02-55306-E,,SUR,1,3,2025-12-08
152,UPRO,SMAL,Юнипро ао,1.465,1,0.4,A,Т+: Неполные лоты (акции) - безадрес.,3,Юнипро ПАО ао,,FNDT,EQIN,,0.001,1.464,SUR,2025-12-04,63048706145,RU000A0JNGA5,Unipro PAO ao,1-02-65104-D,,SUR,1,1,2025-12-08
153,USBN,SMAL,УралСиб ао,0.09,1,0.1,A,Т+: Неполные лоты (акции) - безадрес.,4,БАНК УРАЛСИБ ПАО ао,,FNDT,EQIN,,0.0001,0.1169,SUR,2025-12-04,360134697357,RU0006929536,BANK URALSIB ao,10200030B,,SUR,1,3,2025-12-08
154,UTAR,SMAL,ЮТэйр ао,10.74,1,1.0,A,Т+: Неполные лоты (акции) - безадрес.,2,"Авиакомпания ""ЮТэйр"" (ПАО) ао",,FNDT,EQIN,,0.01,10.79,SUR,2025-12-04,7896123268,RU0007661385,UTAir Aviacompany,1-01-00077-F,,SUR,1,3,2025-12-08
155,VEON-RX,SMAL,VEON,64.9,1,0.001,A,Т+: Неполные лоты (акции) - безадрес.,2,VEON Ltd. ORD SHS,,FNDT,EQIN,,0.1,77.7,USD,2025-12-04,1749127404,BMG9349W1038,VEON Ltd. ORD SHS,,,SUR,1,3,2025-12-08
156,VGSB,SMAL,ВолгЭнСб,10.2,1,0.12,A,Т+: Неполные лоты (акции) - безадрес.,2,"""Волгоград.энергосбыткомп"" ПАО",,FNDT,EQIN,,0.05,12.1,SUR,2025-12-04,319595965,RU000A0D8L73,Volgograd Energo Sbyt,1-01-65103-D,,SUR,1,3,2025-12-08
157,VGSBP,SMAL,ВолгЭнСб-п,11.8,1,0.12,A,Т+: Неполные лоты (акции) - безадрес.,2,"""Волгоград.энергосбыткомп"" ПАО",,FNDT,EQIN,,0.05,12.2,SUR,2025-12-04,80499134,RU000A0D8L57,Volgograd Energo Sbyt (pref),2-01-65103-D,,SUR,2,3,2025-12-08
158,VLHZ,SMAL,ВХЗ-ао,127.0,1,20.0,A,Т+: Неполные лоты (акции) - безадрес.,1,Владимирский химич.з-д(ПАО) ао,,FNDT,EQIN,,0.2,133.4,SUR,2025-12-04,5005605,RU0007984761,VHZ,1-02-04847-A,,SUR,1,3,2025-12-08
159,VRSB,SMAL,ТНСэнВорон,280.0,1,0.4,A,Т+: Неполные лоты (акции) - безадрес.,1,ТНС энерго Воронеж ПАО ао,,FNDT,EQIN,,0.5,326.0,SUR,2025-12-04,56151024,RU000A0DPG67,TNS energo Voroneg ao,1-01-55029-E,,SUR,1,3,2025-12-08
160,VRSBP,SMAL,ТНСэнВор-п,125.0,1,0.4,A,Т+: Неполные лоты (акции) - безадрес.,1,ТНС энерго Воронеж ПАО ап,,FNDT,EQIN,,0.2,134.8,SUR,2025-12-04,18716678,RU000A0DPG75,TNS energo Voroneg ap,2-01-55029-E,,SUR,2,3,2025-12-08
161,WTCM,SMAL,ЦМТ ао,13.42,1,1.0,A,Т+: Неполные лоты (акции) - безадрес.,2,"""Центр междун. торговли""ПАО ао",,FNDT,EQIN,,0.02,13.5,SUR,2025-12-04,1083000000,RU0008137070,CMT,1-01-01837-A,,SUR,1,3,2025-12-08
162,WTCMP,SMAL,ЦМТ ап,11.8,1,1.0,A,Т+: Неполные лоты (акции) - безадрес.,2,"""Центр междун. торговли""ПАО ап",,FNDT,EQIN,,0.02,11.76,SUR,2025-12-04,162000000,RU0008137088,CMT (pref),2-01-01837-A,,SUR,2,3,2025-12-08
163,XSKLAD,SMAL,ЗПИФСовр10,,1,0.0,A,Т+: Неполные лоты (акции) - безадрес.,2,ЗПИФ Современный 10,,FNDT,IFA1,,0.01,100.89,SUR,2025-12-04,0,RU000A10D822,ZPIF Sovremenniy 10,7347,,SUR,B,3,2025-12-08
164,YAKG,SMAL,ЯТЭК ао,41.5,1,1.0,A,Т+: Неполные лоты (акции) - безадрес.,2,Якутская топл.-энерг. комп. ао,,FNDT,EQIN,,0.05,42.8,SUR,2025-12-04,826919375,RU0007796819,YaTEK ao,1-01-20510-F,,SUR,1,3,2025-12-08
165,YKEN,SMAL,Якутскэнрг,0.406,1,2.22,A,Т+: Неполные лоты (акции) - безадрес.,3,"АК ""Якутскэнерго"" (ПАО) ао",,FNDT,EQIN,,0.001,0.425,SUR,2025-12-04,10187741424,RU0009257075,YakutskEnergo,1-01-00304-A,,SUR,1,3,2025-12-08
166,YKENP,SMAL,Якутскэн-п,0.345,1,2.22,A,Т+: Неполные лоты (акции) - безадрес.,3,"АК ""Якутскэнерго"" (ПАО) ап",,FNDT,EQIN,,0.001,0.342,SUR,2025-12-04,1332635125,RU0007796827,YakutskEnergo ap,2-01-00304-A,,SUR,2,3,2025-12-08
167,YRSB,SMAL,ТНСэнЯр,600.0,1,1.0,A,Т+: Неполные лоты (акции) - безадрес.,0,ТНС энерго Ярославль ПАО ао,,FNDT,EQIN,,2.0,770.0,SUR,2025-12-04,17143584,RU000A0D8760,TNS energo Yaroslavl' ao,1-01-50099-A,,SUR,1,3,2025-12-08
168,YRSBP,SMAL,ТНСэнЯр-п,200.0,1,1.0,A,Т+: Неполные лоты (акции) - безадрес.,1,ТНС энерго Ярославль ПАО ап,,FNDT,EQIN,,0.5,180.5,SUR,2025-12-04,4507320,RU000A0D88B3,TNS energo Yaroslavl' (pref),2-01-50099-A,,SUR,2,3,2025-12-08
169,ZAYM,SMAL,Займер ао,157.25,1,0.1,A,Т+: Неполные лоты (акции) - безадрес.,2,Займер ао,,FNDT,EQIN,,0.05,159.2,SUR,2025-12-04,100000000,RU000A107RM8,Zaymer,1-01-16767-A,,SUR,1,3,2025-12-08
170,ZVEZ,SMAL,ЗВЕЗДА ао,5.37,1,0.1,A,Т+: Неполные лоты (акции) - безадрес.,2,ЗВЕЗДА ПАО ао,,FNDT,EQIN,,0.01,6.87,SUR,2025-12-04,562020480,RU0009091300,Zvezda ao,1-01-00169-D,,SUR,1,3,2025-12-08
171,ABIO,SPEQ,iАРТГЕН ао,72.5,1,0.1,A,Поставка по СК (акции),6,"ПАО ""Артген""",,RPST,EQIN,,1e-06,,SUR,2025-12-04,92645451,RU000A0JNAB6,ARTGEN ao,1-01-08902-A,,SUR,1,2,2025-12-08
172,AFKS,SPEQ,Система ао,15.001,1,0.09,A,Поставка по СК (акции),6,"АФК ""Система"" ПАО ао",,RPST,EQIN,,1e-06,,SUR,2025-12-04,9650000000,RU000A0DQZE3,AFK Sistema,1-05-01669-A,,SUR,1,1,2025-12-08
173,AFLT,SPEQ,Аэрофлот,60.37,1,1.0,A,Поставка по СК (акции),6,Аэрофлот-росс.авиалин(ПАО)ао,,RPST,EQIN,,1e-06,,SUR,2025-12-04,3975771215,RU0009062285,Aeroflot,1-01-00010-A,,SUR,1,1,2025-12-08
174,ALRS,SPEQ,АЛРОСА ао,45.28,1,0.5,A,Поставка по СК (акции),6,АЛРОСА ПАО ао,,RPST,EQIN,,1e-06,,SUR,2025-12-04,7364965630,RU0007252813,ALROSA ao,1-03-40046-N,,SUR,1,1,2025-12-08
175,APRI,SPEQ,АПРИ,,1,1.0,A,Поставка по СК (акции),6,АПРИ,,RPST,EQIN,,1e-06,,SUR,2025-12-04,1115439217,RU000A108LJ5,APRI,1-01-12464-K,,SUR,1,3,2025-12-08
176,ASTR,SPEQ,iАстра ао,372.0,1,0.05,A,Поставка по СК (акции),4,Группа Астра ао,,RPST,EQIN,,0.0001,,SUR,2025-12-04,210000000,RU000A106T36,Astra Group,1-01-01286-G,,SUR,1,1,2025-12-08
177,BANE,SPEQ,Башнефт ао,1647.0,1,1.0,A,Поставка по СК (акции),4,Башнефть АНК ао,,RPST,EQIN,,0.0001,,SUR,2025-12-04,147846489,RU0007976957,Bashneft ANK ao,1-01-00013-A,,SUR,1,3,2025-12-08
178,BELU,SPEQ,НоваБев ао,412.0,1,100.0,A,Поставка по СК (акции),4,НоваБев Групп ПАО ао,,RPST,EQIN,,0.0001,,SUR,2025-12-04,126400000,RU000A0HL5M1,NovaBev Group ao,1-01-55052-E,,SUR,1,1,2025-12-08
179,BSPB,SPEQ,БСП ао,336.6,1,1.0,A,Поставка по СК (акции),6,"ПАО ""Банк ""Санкт-Петербург"" ао",,RPST,EQIN,,1e-06,,SUR,2025-12-04,445368521,RU0009100945,BSP,10300436B,,SUR,1,1,2025-12-08
180,CBOM,SPEQ,МКБ ао,7.301,1,1.0,A,Поставка по СК (акции),6,"""МКБ"" ПАО ао",,RPST,EQIN,,1e-06,,SUR,2025-12-04,33429709866,RU000A0JUG31,MKB ao,10101978B,,SUR,1,1,2025-12-08
181,CHMF,SPEQ,СевСт-ао,1017.4,1,0.01,A,Поставка по СК (акции),4,Северсталь (ПАО)ао,,RPST,EQIN,,0.0001,,SUR,2025-12-04,837718660,RU0009046510,Severstal - ao,1-02-00143-A,,SUR,1,1,2025-12-08
182,CNRU,SPEQ,Циан,,1,0.0337,A,Поставка по СК (акции),4,"МКПАО ""Циан""",,RPST,EQIN,,0.0001,,SUR,2025-12-04,77670490,RU000A10ANA1,IPJSC Cian,1-01-16918-A,,SUR,1,1,2025-12-08
183,DATA,SPEQ,iАренадата,,1,0.05,A,Поставка по СК (акции),6,Группа Аренадата,,RPST,EQIN,,1e-06,,SUR,2025-12-04,209160464,RU000A108ZR8,Arenadata Group,1-01-87685-H,,SUR,1,2,2025-12-08
184,DIAS,SPEQ,iДиасофт,,1,0.01,A,Поставка по СК (акции),4,Диасофт ао,,RPST,EQIN,,0.0001,,SUR,2025-12-04,10500000,RU000A107ER5,Diasoft,1-01-84777-H,,SUR,1,2,2025-12-08
185,DOMRF,SPEQ,ДОМ.РФ,,1,1400.0,A,Поставка по СК (акции),6,ПАО ДОМ.РФ,,RPST,EQIN,,1e-06,,SUR,2025-12-04,179888718,RU000A0ZZFU5,PJSC DOM.RF,1-02-00739-A,,SUR,1,1,2025-12-08
186,ENPG,SPEQ,ЭН+ГРУП ао,,1,7e-05,A,Поставка по СК (акции),1,МКПАО ЭН+ ГРУП ао,,RPST,EQIN,,0.1,,SUR,2025-12-04,638848896,RU000A100K72,EN+ GROUP IPJSC ORD SHS,1-01-16625-A,,SUR,1,1,2025-12-08
187,FEES,SPEQ,Россети,0.06545,1,0.5,A,Поставка по СК (акции),6,"""ФСК - Россети"" ПАО",,RPST,EQIN,,1e-06,,SUR,2025-12-04,2113460101477,RU000A0JPNN9,FGC ROSSETI,1-01-65018-D,,SUR,1,1,2025-12-08
188,FESH,SPEQ,ДВМП ао,58.39,1,1.0,A,Поставка по СК (акции),6,ДВ морское пароходство ПАО ао,,RPST,EQIN,,1e-06,,SUR,2025-12-04,2951250000,RU0008992318,DVMP ao,1-03-00032-A,,SUR,1,2,2025-12-08
189,FIXR,SPEQ,Фикс Прайс,,1,0.001,A,Поставка по СК (акции),4,ПАО Фикс Прайс,,RPST,EQIN,,0.0001,,SUR,2025-12-04,100000000000,RU000A10B5G8,Fix Price PJSC,1-01-08699-G,,SUR,1,1,2025-12-08
190,FLOT,SPEQ,Совкомфлот,83.83,1,1.0,A,Поставка по СК (акции),6,Совкомфлот ао,,RPST,EQIN,,1e-06,,SUR,2025-12-04,2374993901,RU000A0JXNU8,Sovcomflot,1-01-10613-A,,SUR,1,1,2025-12-08
191,GAZP,SPEQ,ГАЗПРОМ ао,123.12,1,5.0,A,Поставка по СК (акции),6,"""Газпром"" (ПАО) ао",,RPST,EQIN,,1e-06,,SUR,2025-12-04,23673512900,RU0007661625,Gazprom,1-02-00028-A,,SUR,1,1,2025-12-08
192,GLRX,SPEQ,ГЛОРАКС,,1,0.004,A,Поставка по СК (акции),6,ПАО ГЛОРАКС,,RPST,EQIN,,1e-06,,SUR,2025-12-04,282812500,RU000A10CRQ4,PJSC GLORAX,1-01-16806-A,,SUR,1,2,2025-12-08
193,GMKN,SPEQ,ГМКНорНик,124.5,1,0.01,A,Поставка по СК (акции),6,"ГМК ""Нор.Никель"" ПАО ао",,RPST,EQIN,,1e-06,,SUR,2025-12-04,15286339700,RU0007288411,NorNickel GMK,1-01-40155-F,,SUR,1,1,2025-12-08
194,HEAD,SPEQ,Хэдхантер,,1,1.0,A,Поставка по СК (акции),6,МКПАО Хэдхантер,,RPST,EQIN,,1e-06,,SUR,2025-12-04,47184918,RU000A107662,IPJSC Headhunter,1-01-16755-A,,SUR,1,1,2025-12-08
195,HYDR,SPEQ,РусГидро,0.4358,1,1.0,A,Поставка по СК (акции),6,"ПАО ""РусГидро""",,RPST,EQIN,,1e-06,,SUR,2025-12-04,444793377038,RU000A0JPKH7,RusGidro,1-01-55038-E,,SUR,1,1,2025-12-08
196,IRAO,SPEQ,ИнтерРАОао,3.1134,1,2.809767,A,Поставка по СК (акции),6,"""Интер РАО"" ПАО ао",,RPST,EQIN,,1e-06,,SUR,2025-12-04,104400000000,RU000A0JPNM1,Inter RAO ao,1-04-33498-E,,SUR,1,1,2025-12-08
197,IVAT,SPEQ,iИВА,,1,0.1,A,Поставка по СК (акции),2,ПАО ИВА ао,,RPST,EQIN,,0.01,,SUR,2025-12-04,100000000,RU000A108GD8,PJSC IVA,1-01-10876-P,,SUR,1,2,2025-12-08
198,KLVZ,SPEQ,Кристалл,,1,0.01,A,Поставка по СК (акции),6,Алкогольная Группа Кристалл,,RPST,EQIN,,1e-06,,SUR,2025-12-04,921052700,RU000A107KX0,KLVZ KRISTALL,1-01-05421-G,,SUR,1,3,2025-12-08
199,KMAZ,SPEQ,КАМАЗ,90.5,1,50.0,A,Поставка по СК (акции),6,КАМАЗ ПАО,,RPST,EQIN,,1e-06,,SUR,2025-12-04,707229559,RU0008959580,KAMAZ,1-08-55010-D,,SUR,1,2,2025-12-08
200,LEAS,SPEQ,Европлан,566.0,1,1.0,A,Поставка по СК (акции),4,ПАО «ЛК «Европлан»,,RPST,EQIN,,0.0001,,SUR,2025-12-04,120000000,RU000A0ZZFS9,Europlan,1-01-16419-A,,SUR,1,1,2025-12-08
201,LKOH,SPEQ,ЛУКОЙЛ,6362.6,1,0.025,A,Поставка по СК (акции),4,НК ЛУКОЙЛ (ПАО) - ао,,RPST,EQIN,,0.0001,,SUR,2025-12-04,692865762,RU0009024277,LUKOIL,1-01-00077-A,,SUR,1,1,2025-12-08
202,LMBZ,SPEQ,Ламбумиз,,1,0.025,A,Поставка по СК (акции),6,Ламбумиз,,RPST,EQIN,,1e-06,,SUR,2025-12-04,20752219,RU000A108ZX6,Lambumiz,1-01-09188-H,,SUR,1,3,2025-12-08
203,MAGN,SPEQ,ММК,30.961,1,1.0,A,Поставка по СК (акции),6,"""Магнитогорск.мет.комб"" ПАО ао",,RPST,EQIN,,1e-06,,SUR,2025-12-04,11174330000,RU0009084396,MMK,1-03-00078-A,,SUR,1,1,2025-12-08
204,MBNK,SPEQ,МТС Банк,,1,500.0,A,Поставка по СК (акции),4,МТС-Банк ао,,RPST,EQIN,,0.0001,,SUR,2025-12-04,37526637,RU000A0JRH43,MTS Bank,10102268B,,SUR,1,1,2025-12-08
205,MDMG,SPEQ,MDMG-ао,,1,7.16872,A,Поставка по СК (акции),6,МКПАО «МД Медикал Груп»,,RPST,EQIN,,1e-06,,SUR,2025-12-04,75125010,RU000A108KL3,MD Medical Group IPJSC,1-01-16802-A,,SUR,1,1,2025-12-08
206,MGNT,SPEQ,Магнит ао,3259.0,1,0.01,A,Поставка по СК (акции),4,"""Магнит"" ПАО ао",,RPST,EQIN,,0.0001,,SUR,2025-12-04,101911355,RU000A0JKQU8,Magnit,1-01-60525-P,,SUR,1,3,2025-12-08
207,MOEX,SPEQ,МосБиржа,171.23,1,1.0,A,Поставка по СК (акции),6,ПАО Московская Биржа,,RPST,EQIN,,1e-06,,SUR,2025-12-04,2276401458,RU000A0JR4A1,MoscowExchange,1-05-08443-H,,SUR,1,1,2025-12-08
208,MTLR,SPEQ,Мечел ао,76.2,1,10.0,A,Поставка по СК (акции),6,Мечел ПАО ао,,RPST,EQIN,,1e-06,,SUR,2025-12-04,416270745,RU000A0DKXV5,Mechel,1-01-55005-E,,SUR,1,1,2025-12-08
209,MTSS,SPEQ,МТС-ао,213.1,1,0.1,A,Поставка по СК (акции),6,Мобильные ТелеСистемы ПАО ао,,RPST,EQIN,,1e-06,,SUR,2025-12-04,1998381575,RU0007775219,MTS,1-01-04715-A,,SUR,1,1,2025-12-08
210,MVID,SPEQ,М.видео,84.8,1,10.0,A,Поставка по СК (акции),6,"""М.видео"" ПАО ао",,RPST,EQIN,,1e-06,,SUR,2025-12-04,179768227,RU000A0JPGA0,M.video,1-02-11700-A,,SUR,1,1,2025-12-08
211,NLMK,SPEQ,НЛМК ао,112.61,1,1.0,A,Поставка по СК (акции),6,"ПАО ""НЛМК"" ао",,RPST,EQIN,,1e-06,,SUR,2025-12-04,5993227240,RU0009046452,NLMK ao,1-01-00102-A,,SUR,1,1,2025-12-08
212,NVTK,SPEQ,Новатэк ао,1218.01,1,0.1,A,Поставка по СК (акции),4,"ПАО ""НОВАТЭК"" ао",,RPST,EQIN,,0.0001,,SUR,2025-12-04,3036306000,RU000A0DKVS5,NOVATEK,1-02-00268-E,,SUR,1,1,2025-12-08
213,OZON,SPEQ,Озон,4230.8,1,0.0780882,A,Поставка по СК (акции),4,МКПАО Озон,,RPST,EQIN,,0.0001,,SUR,2025-12-04,216413733,RU000A10CW95,OZON,1-01-17182-A,,SUR,1,1,2025-12-08
214,OZPH,SPEQ,iОзонФарм,,1,0.02,A,Поставка по СК (акции),6,Озон Фармацевтика,,RPST,EQIN,,1e-06,,SUR,2025-12-04,1167690558,RU000A109B25,Ozon Pharmaceuticals,1-01-10877-P,,SUR,1,1,2025-12-08
215,PHOR,SPEQ,ФосАгро ао,6973.0,1,2.5,A,Поставка по СК (акции),4,ФосАгро ПАО ао,,RPST,EQIN,,0.0001,,SUR,2025-12-04,129500000,RU000A0JRKT8,PhosAgro ao,1-02-06556-A,,SUR,1,1,2025-12-08
216,PIKK,SPEQ,ПИК ао,599.0,1,62.5,A,Поставка по СК (акции),4,ПИК СЗ (ПАО) ао,,RPST,EQIN,,0.0001,,SUR,2025-12-04,660497344,RU000A0JP7J7,PIK SZ,1-02-01556-A,,SUR,1,1,2025-12-08
217,PLZL,SPEQ,Полюс,2307.99,1,0.1,A,Поставка по СК (акции),4,Полюс ПАО ао,,RPST,EQIN,,0.0001,,SUR,2025-12-04,1360694001,RU000A0JNAA8,Polus,1-01-55192-E,,SUR,1,1,2025-12-08
218,POSI,SPEQ,iПозитив,1246.0,1,0.5,A,Поставка по СК (акции),4,Группа Позитив ао,,RPST,EQIN,,0.0001,,SUR,2025-12-04,71214000,RU000A103X66,PJSC Positive Group,1-01-85307-H,,SUR,1,1,2025-12-08
219,PRMD,SPEQ,iПРОМОМЕД,,1,1.0,A,Поставка по СК (акции),6,ПРОМОМЕД,,RPST,EQIN,,1e-06,,SUR,2025-12-04,212500000,RU000A108JF7,iPROMOMED,1-01-01622-G,,SUR,1,2,2025-12-08
220,RAGR,SPEQ,Русагро,,1,2.5,A,Поставка по СК (акции),6,Группа Русагро,,RPST,EQIN,,1e-06,,SUR,2025-12-04,958749600,RU000A0JQUZ6,RUSAGRO GROUP,1-01-14044-A,,SUR,1,1,2025-12-08
221,RASP,SPEQ,Распадская,205.6,1,0.004,A,Поставка по СК (акции),6,ПАО Распадская ао,,RPST,EQIN,,1e-06,,SUR,2025-12-04,665733918,RU000A0B90N8,Raspadskaya,1-04-21725-N,,SUR,1,2,2025-12-08
222,RENI,SPEQ,Ренессанс,,1,9.88,A,Поставка по СК (акции),6,Ренессанс Страхование ао,,RPST,EQIN,,1e-06,,SUR,2025-12-04,556952780,RU000A0ZZM04,Renaissance Insurance,1-01-10601-Z,,SUR,1,1,2025-12-08
223,RNFT,SPEQ,РуссНфт ао,119.5,1,0.5,A,Поставка по СК (акции),6,РуссНефть НК ПАО ао,,RPST,EQIN,,1e-06,,SUR,2025-12-04,294120000,RU000A0JSE60,RussNeft NK,1-02-39134-H,,SUR,1,1,2025-12-08
224,ROSN,SPEQ,Роснефть,435.99,1,0.01,A,Поставка по СК (акции),6,ПАО НК Роснефть,,RPST,EQIN,,1e-06,,SUR,2025-12-04,10598177817,RU000A0J2Q06,Rosneft,1-02-00122-A,,SUR,1,1,2025-12-08
225,RTKM,SPEQ,Ростел -ао,63.18,1,0.0025,A,Поставка по СК (акции),6,Ростелеком (ПАО) ао.,,RPST,EQIN,,1e-06,,SUR,2025-12-04,3282997929,RU0008943394,Rostelecom,1-01-00124-A,,SUR,1,1,2025-12-08
226,RTKMP,SPEQ,Ростел -ап,,1,0.0025,A,Поставка по СК (акции),2,Ростелеком (ПАО) ап.,,RPST,EQIN,,0.01,,SUR,2025-12-04,209565147,RU0009046700,Rostelecom- (pref),2-01-00124-A,,SUR,2,1,2025-12-08
227,RUAL,SPEQ,РУСАЛ ао,32.18,1,0.656517,A,Поставка по СК (акции),6,РУСАЛ ОК МКПАО ао,,RPST,EQIN,,1e-06,,SUR,2025-12-04,15193014862,RU000A1025V3,RUSAL ao,1-01-16677-A,,SUR,1,1,2025-12-08
228,SBER,SPEQ,Сбербанк,302.91,1,3.0,A,Поставка по СК (акции),6,Сбербанк России ПАО ао,,RPST,EQIN,,1e-06,,SUR,2025-12-04,21586948000,RU0009029540,Sberbank,10301481B,,SUR,1,1,2025-12-08
229,SBERP,SPEQ,Сбербанк-п,302.28,1,3.0,A,Поставка по СК (акции),6,Сбербанк России ПАО ап,,RPST,EQIN,,1e-06,,SUR,2025-12-04,1000000000,RU0009029557,Sberbank (pref),20301481B,,SUR,2,1,2025-12-08
230,SFIN,SPEQ,ЭсЭфАй ао,1154.8,1,0.67,A,Поставка по СК (акции),4,ЭсЭфАй ПАО ао,,RPST,EQIN,,0.0001,,SUR,2025-12-04,50237005,RU000A0JVW89,SFI ao,1-02-56453-P,,SUR,1,1,2025-12-08
231,SGZH,SPEQ,Сегежа,1.442,1,0.1,A,Поставка по СК (акции),6,Сегежа ао,,RPST,EQIN,,1e-06,,SUR,2025-12-04,78450000000,RU000A102XG9,Segezha,1-01-87154-H,,SUR,1,1,2025-12-08
232,SIBN,SPEQ,Газпрнефть,511.9,1,0.0016,A,Поставка по СК (акции),4,Газпром нефть ПАО ао,,RPST,EQIN,,0.0001,,SUR,2025-12-04,4741299639,RU0009062467,Gazprom neft,1-01-00146-A,,SUR,1,3,2025-12-08
233,SMLT,SPEQ,Самолет ао,1108.0,1,25.0,A,Поставка по СК (акции),4,ГК Самолет ао,,RPST,EQIN,,0.0001,,SUR,2025-12-04,61579358,RU000A0ZZG02,Samolet,1-01-16493-A,,SUR,1,1,2025-12-08
234,SNGS,SPEQ,Сургнфгз,22.349,1,1.0,A,Поставка по СК (акции),6,Сургутнефтегаз ПАО акции об.,,RPST,EQIN,,1e-06,,SUR,2025-12-04,35725994705,RU0008926258,Surgut,1-01-00155-A,,SUR,1,2,2025-12-08
235,SNGSP,SPEQ,Сургнфгз-п,43.506,1,1.0,A,Поставка по СК (акции),6,Сургутнефтегаз ПАО ап,,RPST,EQIN,,1e-06,,SUR,2025-12-04,7701998235,RU0009029524,Surgut-pref,2-01-00155-A,,SUR,2,2,2025-12-08
236,SOFL,SPEQ,iСофтлайн,102.4,1,0.001499992500037,A,Поставка по СК (акции),6,Софтлайн ао,,RPST,EQIN,,1e-06,,SUR,2025-12-04,400002000,RU000A0ZZBC2,Softline,1-01-45848-H,,SUR,1,2,2025-12-08
237,SPBE,SPEQ,СПБ Биржа,246.3,1,3.75,A,Поставка по СК (акции),6,СПБ Биржа ао,,RPST,EQIN,,1e-06,,SUR,2025-12-04,132843907,RU000A0JQ9P9,SPB Exchange,1-01-55439-E,,SUR,1,3,2025-12-08
238,SVCB,SPEQ,Совкомбанк,13.49,1,0.1,A,Поставка по СК (акции),6,Совкомбанк ао,,RPST,EQIN,,1e-06,,SUR,2025-12-04,22516228905,RU000A0ZZAC4,Sovcombank,10100963B,,SUR,1,1,2025-12-08
239,T,SPEQ,Т-Техно ао,3155.0,1,3.639384,A,Поставка по СК (акции),4,Т-Технологии МКПАО ао,,RPST,EQIN,,0.0001,,SUR,2025-12-04,268274786,RU000A107UL4,IPJSC TCS Holding,1-01-16784-A,,SUR,1,1,2025-12-08
240,TATN,SPEQ,Татнфт 3ао,623.43,1,1.0,A,Поставка по СК (акции),4,"ПАО ""Татнефть"" ао",,RPST,EQIN,,0.0001,,SUR,2025-12-04,2178690700,RU0009033591,Tatneft-3,1-03-00161-A,,SUR,1,1,2025-12-08
241,TATNP,SPEQ,Татнфт 3ап,590.8,1,1.0,A,Поставка по СК (акции),4,"ПАО ""Татнефть"" ап 3 вып.",,RPST,EQIN,,0.0001,,SUR,2025-12-04,147508500,RU0006944147,Tatneft (pref),2-03-00161-A,,SUR,2,1,2025-12-08
242,TRNFP,SPEQ,Транснф ап,1255.0,1,0.01,A,Поставка по СК (акции),4,Транснефть ПАО акц.пр.,,RPST,EQIN,,0.0001,,SUR,2025-12-04,155487500,RU0009091573,Transneft (pref),2-01-00206-A,,SUR,2,1,2025-12-08
243,UPRO,SPEQ,Юнипро ао,,1,0.4,A,Поставка по СК (акции),6,Юнипро ПАО ао,,RPST,EQIN,,1e-06,,SUR,2025-12-04,63048706145,RU000A0JNGA5,Unipro PAO ao,1-02-65104-D,,SUR,1,1,2025-12-08
244,VKCO,SPEQ,"МКПАО ""ВК""",307.3,1,0.0004506,A,Поставка по СК (акции),6,Международная компания ПАО ВК,,RPST,EQIN,,1e-06,,SUR,2025-12-04,572904180,RU000A106YF0,VK International Public JS Com,1-01-16753-A,,SUR,1,1,2025-12-08
245,VSEH,SPEQ,ВИ.ру,,1,0.01,A,Поставка по СК (акции),6,ВИ.ру,,RPST,EQIN,,1e-06,,SUR,2025-12-04,500000000,RU000A108K09,VI.ru,1-01-06636-G,,SUR,1,1,2025-12-08
246,VTBR,SPEQ,ВТБ ао,72.64,1,50.0,A,Поставка по СК (акции),6,ао ПАО Банк ВТБ,,RPST,EQIN,,1e-06,,SUR,2025-12-04,6620418282,RU000A0JP5V6,VTB,10401000B,,SUR,1,1,2025-12-08
247,WUSH,SPEQ,iВУШХолднг,114.1,1,0.01,A,Поставка по СК (акции),6,ВУШ Холдинг ао,,RPST,EQIN,,1e-06,,SUR,2025-12-04,111382432,RU000A105EX7,WHOOSH Holding,1-01-03292-G,,SUR,1,2,2025-12-08
248,X5,SPEQ,КЦ ИКС 5,2959.0,1,1164.26,A,Поставка по СК (акции),4,Корпоративный центр ИКС 5,,RPST,EQIN,,0.0001,,SUR,2025-12-04,271572872,RU000A108X38,X5 Corporate Center,1-01-16812-A,,SUR,1,1,2025-12-08
249,YDEX,SPEQ,ЯНДЕКС,4138.0,1,0.4,A,Поставка по СК (акции),4,МКПАО ЯНДЕКС,,RPST,EQIN,,0.0001,,SUR,2025-12-04,393280881,RU000A107T19,YANDEX,1-01-16777-A,,SUR,1,1,2025-12-08
250,ZAYM,SPEQ,Займер ао,,1,0.1,A,Поставка по СК (акции),6,Займер ао,,RPST,EQIN,,1e-06,,SUR,2025-12-04,100000000,RU000A107RM8,Zaymer,1-01-16767-A,,SUR,1,3,2025-12-08
251,ABIO,TQBR,iАРТГЕН ао,68.74,10,0.1,A,Т+: Акции и ДР - безадрес.,2,"ПАО ""Артген""",,FNDT,EQIN,,0.02,68.94,SUR,2025-12-04,92645451,RU000A0JNAB6,ARTGEN ao,1-01-08902-A,68.96,SUR,1,2,2025-12-08
252,ABRD,TQBR,АбрауДюрсо,158.0,10,1.0,A,Т+: Акции и ДР - безадрес.,1,Абрау-Дюрсо ПАО ао,,FNDT,EQIN,,0.2,158.2,SUR,2025-12-04,108889117,RU000A0JS5T7,Abrau-Durso ao,1-02-12500-A,158.4,SUR,1,3,2025-12-08
253,AFKS,TQBR,Система ао,13.313,100,0.09,A,Т+: Акции и ДР - безадрес.,3,"АФК ""Система"" ПАО ао",,FNDT,EQIN,,0.001,13.286,SUR,2025-12-04,9650000000,RU000A0DQZE3,AFK Sistema,1-05-01669-A,13.314,SUR,1,1,2025-12-08
254,AFLT,TQBR,Аэрофлот,55.8,10,1.0,A,Т+: Акции и ДР - безадрес.,2,Аэрофлот-росс.авиалин(ПАО)ао,,FNDT,EQIN,,0.01,56.15,SUR,2025-12-04,3975771215,RU0009062285,Aeroflot,1-01-00010-A,55.89,SUR,1,1,2025-12-08
255,AKRN,TQBR,Акрон,18048.0,1,5.0,A,Т+: Акции и ДР - безадрес.,0,Акрон ПАО ао,,FNDT,EQIN,,2.0,18082.0,SUR,2025-12-04,36757156,RU0009028674,Acron,1-03-00207-A,18098.0,SUR,1,2,2025-12-08
256,ALRS,TQBR,АЛРОСА ао,39.64,10,0.5,A,Т+: Акции и ДР - безадрес.,2,АЛРОСА ПАО ао,,FNDT,EQIN,,0.01,39.77,SUR,2025-12-04,7364965630,RU0007252813,ALROSA ao,1-03-40046-N,39.72,SUR,1,1,2025-12-08
257,AMEZ,TQBR,АшинскийМЗ,68.05,100,1.0,N,Т+: Акции и ДР - безадрес.,2,Ашинский метзавод ПАО ао,,FNDT,EQIN,,0.05,68.05,SUR,2025-12-04,498454822,RU000A0B88G6,Ashinckiy metzavod PAO,1-03-45219-D,68.05,SUR,1,3,2025-12-08
258,APRI,TQBR,АПРИ,17.184,10,1.0,A,Т+: Акции и ДР - безадрес.,3,АПРИ,,FNDT,EQIN,,0.002,17.328,SUR,2025-12-04,1115439217,RU000A108LJ5,APRI,1-01-12464-K,17.078,SUR,1,3,2025-12-08
259,APTK,TQBR,Аптеки36и6,8.332,10,0.64,A,Т+: Акции и ДР - безадрес.,3,"ПАО ""Аптечная сеть 36,6"" ао",,FNDT,EQIN,,0.002,8.346,SUR,2025-12-04,7630433826,RU0008081765,"Apteki 36,6",1-01-07335-A,8.352,SUR,1,2,2025-12-08
260,AQUA,TQBR,ИНАРКТИКА,484.0,1,100.0,A,Т+: Акции и ДР - безадрес.,1,ПАО ИНАРКТИКА,,FNDT,EQIN,,0.5,482.5,SUR,2025-12-04,87876649,RU000A0JQTS3,INARCTIKA,1-01-04461-D,481.5,SUR,1,1,2025-12-08
261,ARSA,TQBR,Арсагера,8.47,100,1.0,A,Т+: Акции и ДР - безадрес.,2,УК Арсагера ПАО-ао,,FNDT,EQIN,,0.01,8.5,SUR,2025-12-04,123817165,RU000A0JP0Q7,UK Arsagera,1-01-03163-D,8.6,SUR,1,3,2025-12-08
262,ASSB,TQBR,АстрЭнСб,2.575,1000,0.007,A,Т+: Акции и ДР - безадрес.,3,"""Астраханская ЭСК"" ПАО",,FNDT,EQIN,,0.005,2.56,SUR,2025-12-04,773900078,RU000A0D8MM8,Astrakhan Energo Sbyt,1-01-55064-E,2.57,SUR,1,3,2025-12-08
263,ASTR,TQBR,iАстра ао,268.2,1,0.05,A,Т+: Акции и ДР - безадрес.,2,Группа Астра ао,,FNDT,EQIN,,0.05,270.0,SUR,2025-12-04,210000000,RU000A106T36,Astra Group,1-01-01286-G,270.75,SUR,1,1,2025-12-08
264,AVAN,TQBR,Авангрд-ао,685.0,1,30.0,A,Т+: Акции и ДР - безадрес.,0,"АКБ ""АВАНГАРД"" ПАО ао",,FNDT,EQIN,,1.0,686.0,SUR,2025-12-04,80700000,RU000A0DM7B3,"AKB ""AVANGARD""",10102879B,686.0,SUR,1,3,2025-12-08
265,BANE,TQBR,Башнефт ао,1442.5,1,1.0,A,Т+: Акции и ДР - безадрес.,1,Башнефть АНК ао,,FNDT,EQIN,,0.5,1446.5,SUR,2025-12-04,147846489,RU0007976957,Bashneft ANK ao,1-01-00013-A,1443.5,SUR,1,3,2025-12-08
266,BANEP,TQBR,Башнефт ап,909.0,1,1.0,A,Т+: Акции и ДР - безадрес.,1,Башнефть АНК ап,,FNDT,EQIN,,0.5,916.5,SUR,2025-12-04,29788012,RU0007976965,Bashneft ANK ap,2-01-00013-A,913.0,SUR,2,3,2025-12-08
267,BELU,TQBR,НоваБев ао,420.2,1,100.0,A,Т+: Акции и ДР - безадрес.,1,НоваБев Групп ПАО ао,,FNDT,EQIN,,0.2,421.2,SUR,2025-12-04,126400000,RU000A0HL5M1,NovaBev Group ao,1-01-55052-E,421.0,SUR,1,1,2025-12-08
268,BISVP,TQBR,БашИнСв ап,9.15,100,1.0,A,Т+: Акции и ДР - безадрес.,2,Башинформсвязь(ПАО) ап,,FNDT,EQIN,,0.01,9.24,SUR,2025-12-04,36165270,RU0009100176,BashInformSvyaz ap,2-01-00011-A,9.29,SUR,2,3,2025-12-08
269,BLNG,TQBR,Белон ао,11.65,100,0.01,A,Т+: Акции и ДР - безадрес.,2,Белон ОАО ао,,FNDT,EQIN,,0.01,11.77,SUR,2025-12-04,1150000000,RU000A0J2QG8,Belon ao,1-06-10167-F,11.68,SUR,1,3,2025-12-08
270,BRZL,TQBR,БурЗолото,1414.0,1,0.025,A,Т+: Акции и ДР - безадрес.,0,Бурятзолото ПАО ао,,FNDT,EQIN,,2.0,1412.0,SUR,2025-12-04,7027270,RU0009288658,Buryatzoloto ao,1-06-20577-F,1408.0,SUR,1,3,2025-12-08
271,BSPB,TQBR,БСП ао,324.5,10,1.0,A,Т+: Акции и ДР - безадрес.,2,"ПАО ""Банк ""Санкт-Петербург"" ао",,FNDT,EQIN,,0.01,325.91,SUR,2025-12-04,445368521,RU0009100945,BSP,10300436B,325.22,SUR,1,1,2025-12-08
272,BSPBP,TQBR,БСП ап,54.05,100,1.0,A,Т+: Акции и ДР - безадрес.,2,Банк Санкт-Петербург ап,,FNDT,EQIN,,0.05,53.9,SUR,2025-12-04,20100000,RU000A0JP0U9,BSP ap,20100436B,53.9,SUR,2,3,2025-12-08
273,CARM,TQBR,СТГ,1.829,100,1.0,A,Т+: Акции и ДР - безадрес.,4,СТГ ао,,FNDT,EQIN,,0.0005,1.833,SUR,2025-12-04,2917616015,RU000A105NV2,STG,1-01-03536-G,1.831,SUR,1,3,2025-12-08
274,CBOM,TQBR,МКБ ао,7.872,100,1.0,A,Т+: Акции и ДР - безадрес.,3,"""МКБ"" ПАО ао",,FNDT,EQIN,,0.001,7.855,SUR,2025-12-04,33429709866,RU000A0JUG31,MKB ao,10101978B,7.877,SUR,1,1,2025-12-08
275,CHGZ,TQBR,РН-ЗапСиб,76.6,10,0.1,A,Т+: Акции и ДР - безадрес.,1,РН-Западная Сибирь ПАО ао,,FNDT,EQIN,,0.2,76.4,SUR,2025-12-04,26771420,RU0009082291,RN-Western Siberia ao,1-01-00185-A,76.0,SUR,1,3,2025-12-08
276,CHKZ,TQBR,ЧКПЗ ао,16850.0,1,200.0,A,Т+: Акции и ДР - безадрес.,0,"""ЧКПЗ"" ПАО ао",,FNDT,EQIN,,50.0,16750.0,SUR,2025-12-04,600216,RU000A0JNST0,CKPZ,1-03-45058-D,16750.0,SUR,1,3,2025-12-08
277,CHMF,TQBR,СевСт-ао,932.0,1,0.01,A,Т+: Акции и ДР - безадрес.,1,Северсталь (ПАО)ао,,FNDT,EQIN,,0.2,936.2,SUR,2025-12-04,837718660,RU0009046510,Severstal - ao,1-02-00143-A,934.4,SUR,1,1,2025-12-08
278,CHMK,TQBR,ЧМК ао,4360.0,1,1.0,A,Т+: Акции и ДР - безадрес.,0,"""ЧМК"" ПАО ао",,FNDT,EQIN,,5.0,4375.0,SUR,2025-12-04,3161965,RU0007665170,CMK,1-01-00080-A,4380.0,SUR,1,3,2025-12-08
279,CNRU,TQBR,Циан,721.6,1,0.0337,A,Т+: Акции и ДР - безадрес.,1,"МКПАО ""Циан""",,FNDT,EQIN,,0.2,720.0,SUR,2025-12-04,77670490,RU000A10ANA1,IPJSC Cian,1-01-16918-A,721.4,SUR,1,1,2025-12-08
280,CNTL,TQBR,Телеграф,9.64,100,1.0,A,Т+: Акции и ДР - безадрес.,2,"""Центральный Телеграф"" ПАО ао",,FNDT,EQIN,,0.02,9.72,SUR,2025-12-04,166167000,RU0007665147,Centrlnyi Telegraf,1-03-00327-A,9.5,SUR,1,3,2025-12-08
281,CNTLP,TQBR,Телеграф-п,6.06,100,1.0,A,Т+: Акции и ДР - безадрес.,2,"""Центральный Телеграф"" ПАО ап",,FNDT,EQIN,,0.02,6.12,SUR,2025-12-04,55389000,RU0007665139,Centrlnyi Telegraf ap,2-03-00327-A,6.08,SUR,2,3,2025-12-08
282,DATA,TQBR,iАренадата,88.9,1,0.05,A,Т+: Акции и ДР - безадрес.,2,Группа Аренадата,,FNDT,EQIN,,0.02,89.1,SUR,2025-12-04,209160464,RU000A108ZR8,Arenadata Group,1-01-87685-H,89.2,SUR,1,2,2025-12-08
283,DELI,TQBR,iКаршеринг,120.0,1,0.000625,A,Т+: Акции и ДР - безадрес.,2,Каршеринг Руссия ао,,FNDT,EQIN,,0.05,120.05,SUR,2025-12-04,175849057,RU000A107J11,Carsharing Russia,1-01-16750-A,119.95,SUR,1,2,2025-12-08
284,DIAS,TQBR,iДиасофт,1831.0,1,0.01,A,Т+: Акции и ДР - безадрес.,1,Диасофт ао,,FNDT,EQIN,,0.5,1837.0,SUR,2025-12-04,10500000,RU000A107ER5,Diasoft,1-01-84777-H,1835.0,SUR,1,2,2025-12-08
285,DIOD,TQBR,ЗаводДИОД,9.09,100,0.01,A,Т+: Акции и ДР - безадрес.,2,Завод ДИОД ПАО ао,,FNDT,EQIN,,0.01,9.04,SUR,2025-12-04,91500000,RU000A0JQWC1,Zavod DIOD ao,1-03-06923-A,9.06,SUR,1,3,2025-12-08
286,DOMRF,TQBR,ДОМ.РФ,1731.0,1,1400.0,A,Т+: Акции и ДР - безадрес.,1,ПАО ДОМ.РФ,,FNDT,EQIN,,0.1,1730.0,SUR,2025-12-04,179888718,RU000A0ZZFU5,PJSC DOM.RF,1-02-00739-A,1731.0,SUR,1,1,2025-12-08
287,DVEC,TQBR,ДЭК ао,1.766,1000,1.0,A,Т+: Акции и ДР - безадрес.,3,"""ДЭК"" ПАО ао",,FNDT,EQIN,,0.001,1.774,SUR,2025-12-04,17223107804,RU000A0JP2W1,DEC,1-01-55275-E,1.769,SUR,1,3,2025-12-08
288,DZRD,TQBR,ДонскЗР,4045.0,1,1.0,A,Т+: Акции и ДР - безадрес.,0,Донской завод радиодеталей ао,,FNDT,EQIN,,5.0,4030.0,SUR,2025-12-04,343407,RU000A0JQW11,DZRD ao,1-01-02677-A,4035.0,SUR,1,3,2025-12-08
289,DZRDP,TQBR,ДонскЗР п,2410.0,1,1.0,A,Т+: Акции и ДР - безадрес.,0,Донской завод радиодеталей ап,,FNDT,EQIN,,10.0,2400.0,SUR,2025-12-04,114469,RU000A0JQW29,DZRD pref.,2-01-02677-A,2410.0,SUR,2,3,2025-12-08
290,EELT,TQBR,ЕвроЭлтех,10.26,10,1.0,A,Т+: Акции и ДР - безадрес.,2,"""ЕвропЭлектротехника"" ПАО ао",,FNDT,EQIN,,0.02,10.04,SUR,2025-12-04,551813000,RU000A0JWW54,European Eltech,1-01-83993-H,9.86,SUR,1,3,2025-12-08
291,ELFV,TQBR,ЭЛ5Энер ао,0.498,1000,1.0,A,Т+: Акции и ДР - безадрес.,4,"""ЭЛ5-Энерго"" ПАО",,FNDT,EQIN,,0.0002,0.4982,SUR,2025-12-04,35371898370,RU000A0F5UN3,El5-Ener,1-01-50077-A,0.5,SUR,1,1,2025-12-08
292,ELMT,TQBR,iЭлемент,0.11355,1000,0.05,A,Т+: Акции и ДР - безадрес.,5,Элемент,,FNDT,EQIN,,5e-05,0.1132,SUR,2025-12-04,469725539040,RU000A102093,ELEMENT,1-01-16673-A,0.1131,SUR,1,3,2025-12-08
293,ENPG,TQBR,ЭН+ГРУП ао,412.8,1,7e-05,A,Т+: Акции и ДР - безадрес.,2,МКПАО ЭН+ ГРУП ао,,FNDT,EQIN,,0.05,414.9,SUR,2025-12-04,638848896,RU000A100K72,EN+ GROUP IPJSC ORD SHS,1-01-16625-A,413.2,SUR,1,1,2025-12-08
294,ETLN,TQBR,ЭталонГруп,39.5,1,0.00561831,A,Т+: Акции и ДР - безадрес.,2,МКПАО Эталон Груп,,FNDT,EQIN,,0.02,39.42,SUR,2025-12-04,383445362,RU000A10C1L6,Etalon Group,1-01-17142-A,39.56,SUR,1,2,2025-12-08
295,EUTR,TQBR,ЕвроТранс,134.55,1,0.05,A,Т+: Акции и ДР - безадрес.,2,ЕвроТранс ао,,FNDT,EQIN,,0.05,134.55,SUR,2025-12-04,159148665,RU000A1002V2,EvroTrans,1-01-80110-H,134.45,SUR,1,1,2025-12-08
296,FEES,TQBR,Россети,0.0719,10000,0.5,A,Т+: Акции и ДР - безадрес.,5,"""ФСК - Россети"" ПАО",,FNDT,EQIN,,2e-05,0.07122,SUR,2025-12-04,2113460101477,RU000A0JPNN9,FGC ROSSETI,1-01-65018-D,0.07198,SUR,1,1,2025-12-08
297,FESH,TQBR,ДВМП ао,52.74,10,1.0,A,Т+: Акции и ДР - безадрес.,2,ДВ морское пароходство ПАО ао,,FNDT,EQIN,,0.01,52.76,SUR,2025-12-04,2951250000,RU0008992318,DVMP ao,1-03-00032-A,52.93,SUR,1,2,2025-12-08
298,FIXR,TQBR,Фикс Прайс,0.596,1000,0.001,A,Т+: Акции и ДР - безадрес.,4,ПАО Фикс Прайс,,FNDT,EQIN,,0.0001,0.5981,SUR,2025-12-04,100000000000,RU000A10B5G8,Fix Price PJSC,1-01-08699-G,0.5965,SUR,1,1,2025-12-08
299,FLOT,TQBR,Совкомфлот,79.57,10,1.0,A,Т+: Акции и ДР - безадрес.,2,Совкомфлот ао,,FNDT,EQIN,,0.01,79.78,SUR,2025-12-04,2374993901,RU000A0JXNU8,Sovcomflot,1-01-10613-A,79.6,SUR,1,1,2025-12-08
300,GAZA,TQBR,ГАЗ ао,547.0,10,1.0,A,Т+: Акции и ДР - безадрес.,0,ГАЗ ПАО ао,,FNDT,EQIN,,1.0,547.0,SUR,2025-12-04,18520260,RU0009034268,Gaz ao,1-01-00029-A,547.0,SUR,1,3,2025-12-08
301,GAZAP,TQBR,ГАЗ ап,390.5,10,1.0,A,Т+: Акции и ДР - безадрес.,1,ГАЗ ПАО ап,,FNDT,EQIN,,0.5,396.0,SUR,2025-12-04,1453500,RU000A0ZYHF5,Gaz (pref),2-02-00029-A,394.5,SUR,2,3,2025-12-08
302,GAZC,TQBR,ГАЗКОН-ао,659.0,10,10.0,A,Т+: Акции и ДР - безадрес.,0,ГАЗКОН (ПАО) ао,,FNDT,EQIN,,1.0,340.0,SUR,2025-12-04,225381601,RU000A0JQG86,Gazkon ao,1-01-09870-A,659.0,SUR,1,3,2025-12-08
303,GAZP,TQBR,ГАЗПРОМ ао,125.32,10,5.0,A,Т+: Акции и ДР - безадрес.,2,"""Газпром"" (ПАО) ао",,FNDT,EQIN,,0.01,125.87,SUR,2025-12-04,23673512900,RU0007661625,Gazprom,1-02-00028-A,125.65,SUR,1,1,2025-12-08
304,GAZS,TQBR,ГАЗ-сервис,839.0,10,10.0,A,Т+: Акции и ДР - безадрес.,0,ГАЗ-сервис (ПАО) ао,,FNDT,EQIN,,1.0,340.0,SUR,2025-12-04,206508967,RU000A0JQG78,Gaz-servis ao,1-01-09871-A,839.0,SUR,1,3,2025-12-08
305,GAZT,TQBR,ГАЗ-Тек ао,1739.0,10,100.0,A,Т+: Акции и ДР - безадрес.,1,ГАЗ-Тек ПАО ао,,FNDT,EQIN,,0.5,91.0,SUR,2025-12-04,471428300,RU000A0JS199,GAZ-Tek PAO ao,1-01-12996-A,1739.0,SUR,1,3,2025-12-08
306,GCHE,TQBR,ЧеркизГ-ао,3427.0,1,0.01,A,Т+: Акции и ДР - безадрес.,0,Группа Черкизово ПАО-ао,,FNDT,EQIN,,1.0,3421.0,SUR,2025-12-04,42222042,RU000A0JL4R1,Cherkizovo Group ao,1-02-10797-A,3425.0,SUR,1,3,2025-12-08
307,GECO,TQBR,iГЕНЕТИКО,23.81,10,0.01,A,Т+: Акции и ДР - безадрес.,2,ЦГРМ ГЕНЕТИКО ао,,FNDT,EQIN,,0.01,23.93,SUR,2025-12-04,90000000,RU000A105BN4,GENETICO,1-01-87198-H,23.81,SUR,1,3,2025-12-08
308,GEMA,TQBR,iММЦБ ао,114.7,10,0.01,A,Т+: Акции и ДР - безадрес.,1,ПАО ММЦБ ао,,FNDT,EQIN,,0.1,115.1,SUR,2025-12-04,14929920,RU000A100GC7,IMCB PJSC,1-01-85932-H,114.9,SUR,1,3,2025-12-08
309,GEMC,TQBR,МКПАО ЮМГ,765.0,1,0.03721404,A,Т+: Акции и ДР - безадрес.,1,Юнайтед Медикал Груп ПАО,,FNDT,EQIN,,0.1,763.8,SUR,2025-12-04,90000000,RU000A107JE2,IPJSC UMG,1-01-16774-A,768.4,SUR,1,1,2025-12-08
310,GLRX,TQBR,ГЛОРАКС,58.31,1,0.004,A,Т+: Акции и ДР - безадрес.,2,ПАО ГЛОРАКС,,FNDT,EQIN,,0.01,58.54,SUR,2025-12-04,282812500,RU000A10CRQ4,PJSC GLORAX,1-01-16806-A,58.36,SUR,1,2,2025-12-08
311,GMKN,TQBR,ГМКНорНик,128.94,10,0.01,A,Т+: Акции и ДР - безадрес.,2,"ГМК ""Нор.Никель"" ПАО ао",,FNDT,EQIN,,0.02,129.66,SUR,2025-12-04,15286339700,RU0007288411,NorNickel GMK,1-01-40155-F,129.14,SUR,1,1,2025-12-08
312,GTRK,TQBR,ГТМ ао,169.6,10,100.0,A,Т+: Акции и ДР - безадрес.,1,"ПАО ""ГТМ"" ао",,FNDT,EQIN,,0.1,170.6,SUR,2025-12-04,58462120,RU000A0ZYD22,GTM,1-01-84907-H,170.0,SUR,1,3,2025-12-08
313,HEAD,TQBR,Хэдхантер,2906.0,1,1.0,A,Т+: Акции и ДР - безадрес.,0,МКПАО Хэдхантер,,FNDT,EQIN,,1.0,2907.0,SUR,2025-12-04,47184918,RU000A107662,IPJSC Headhunter,1-01-16755-A,2913.0,SUR,1,1,2025-12-08
314,HIMCP,TQBR,Химпром ап,17.88,100,1.0,A,Т+: Акции и ДР - безадрес.,2,Химпром ПАО ап,,FNDT,EQIN,,0.02,18.04,SUR,2025-12-04,229631402,RU0009099006,Himprom ap,2-01-55076-D,18.02,SUR,2,3,2025-12-08
315,HNFG,TQBR,ХЭНДЕРСОН,530.2,1,50.0,A,Т+: Акции и ДР - безадрес.,1,ХЭНДЕРСОН ао,,FNDT,EQIN,,0.2,530.2,SUR,2025-12-04,40444445,RU000A106XF2,HENDERSON,1-01-03109-G,530.4,SUR,1,2,2025-12-08
316,HYDR,TQBR,РусГидро,0.3863,1000,1.0,A,Т+: Акции и ДР - безадрес.,4,"ПАО ""РусГидро""",,FNDT,EQIN,,0.0001,0.3905,SUR,2025-12-04,444793377038,RU000A0JPKH7,RusGidro,1-01-55038-E,0.3901,SUR,1,1,2025-12-08
317,IGST,TQBR,Ижсталь2ао,4100.0,1,1000.0,A,Т+: Акции и ДР - безадрес.,0,Ижсталь ПАО ао 2в.,,FNDT,EQIN,,20.0,4100.0,SUR,2025-12-04,800729,RU0002155292,Izhstal 2ao,1-02-30078-D,4120.0,SUR,1,3,2025-12-08
318,IGSTP,TQBR,Ижсталь ап,3310.0,1,1000.0,A,Т+: Акции и ДР - безадрес.,0,Ижсталь ПАО ап,,FNDT,EQIN,,10.0,3310.0,SUR,2025-12-04,266910,RU0002155300,Izhstal ap,2-02-30078-D,3320.0,SUR,2,3,2025-12-08
319,IRAO,TQBR,ИнтерРАОао,2.878,100,2.809767,A,Т+: Акции и ДР - безадрес.,4,"""Интер РАО"" ПАО ао",,FNDT,EQIN,,0.0005,2.884,SUR,2025-12-04,104400000000,RU000A0JPNM1,Inter RAO ao,1-04-33498-E,2.889,SUR,1,1,2025-12-08
320,IRKT,TQBR,Яковлев-3,26.4,100,3.0,A,Т+: Акции и ДР - безадрес.,2,"""Яковлев"" ПАО ак.об.-3",,FNDT,EQIN,,0.02,25.9,SUR,2025-12-04,12051279624,RU0006752979,Yakovlev-3,1-03-00040-A,26.28,SUR,1,3,2025-12-08
321,IVAT,TQBR,iИВА,168.7,1,0.1,A,Т+: Акции и ДР - безадрес.,2,ПАО ИВА ао,,FNDT,EQIN,,0.05,169.45,SUR,2025-12-04,100000000,RU000A108GD8,PJSC IVA,1-01-10876-P,169.35,SUR,1,2,2025-12-08
322,JNOS,TQBR,Славн-ЯНОС,16.8,100,1.0,A,Т+: Акции и ДР - безадрес.,2,Славнефть-ЯНОС (ПАО) ао,,FNDT,EQIN,,0.05,16.8,SUR,2025-12-04,932654723,RU0009100895,Slavneft-JANOS,1-01-00199-A,16.8,SUR,1,3,2025-12-08
323,JNOSP,TQBR,Слав-ЯНОСп,9.42,100,1.0,A,Т+: Акции и ДР - безадрес.,2,Славнефть-ЯНОС (ПАО) ап,,FNDT,EQIN,,0.02,9.4,SUR,2025-12-04,310884574,RU0009101927,Slavneft-JANOS (pref),2-01-00199-A,9.44,SUR,2,3,2025-12-08
324,KAZT,TQBR,Куйбазот,424.0,10,1.0,A,Т+: Акции и ДР - безадрес.,1,Куйбышевазот ПАО ао,,FNDT,EQIN,,0.2,424.8,SUR,2025-12-04,176582530,RU000A0B9BV2,Kuib.Azot ao,1-01-00067-A,424.4,SUR,1,3,2025-12-08
325,KAZTP,TQBR,Куйбазот-п,443.0,10,1.0,A,Т+: Акции и ДР - безадрес.,1,Куйбышевазот ПАО ап,,FNDT,EQIN,,0.5,444.5,SUR,2025-12-04,3204795,RU000A0B9BW0,Kuibishevazot ap,2-01-00067-A,442.5,SUR,2,3,2025-12-08
326,KBSB,TQBR,ТНСэКубань,790.0,10,0.56,A,Т+: Акции и ДР - безадрес.,1,ТНС энерго Кубань ПАО ао,,FNDT,EQIN,,0.5,795.5,SUR,2025-12-04,17869440,RU000A0JNJ11,TNS energo Kuban Company,1-01-55218-E,799.0,SUR,1,3,2025-12-08
327,KCHE,TQBR,КамчатЭ ао,0.427,10000,0.1,A,Т+: Акции и ДР - безадрес.,3,Камчатскэнерго ПАО ао,,FNDT,EQIN,,0.001,0.426,SUR,2025-12-04,58294409860,RU0006753498,Kamchatskenergo,1-02-00235-A,0.424,SUR,1,3,2025-12-08
328,KCHEP,TQBR,КамчатЭ ап,0.8,10000,0.1,A,Т+: Акции и ДР - безадрес.,3,Камчатскэнерго ПАО ап,,FNDT,EQIN,,0.005,0.795,SUR,2025-12-04,183062052,RU0006753480,Kamchatskenergo (pref),2-02-00235-A,0.8,SUR,2,3,2025-12-08
329,KFBA,TQBR,ИНГРАД ао,1810.0,1,1000.0,A,Т+: Акции и ДР - безадрес.,0,ИНГРАД ПАО ао,,FNDT,EQIN,,2.0,1808.0,SUR,2025-12-04,41220793,RU000A0DJ9B4,INGRAD,1-01-50020-A,1804.0,SUR,1,3,2025-12-08
330,KGKC,TQBR,КурганГКао,43.2,10,7.2,A,Т+: Акции и ДР - безадрес.,1,Курганская генер.комп.ПАО ао,,FNDT,EQIN,,0.2,43.4,SUR,2025-12-04,122453406,RU000A0JP120,Kurganskaja Gener.Kompanija,1-01-55226-E,43.2,SUR,1,3,2025-12-08
331,KGKCP,TQBR,КурганГКап,51.2,10,7.2,A,Т+: Акции и ДР - безадрес.,1,Курганская генер. комп. ПАО ап,,FNDT,EQIN,,0.2,51.2,SUR,2025-12-04,14393052,RU000A0JP138,Kurganskaja Gener.Kompanija ap,2-01-55226-E,51.2,SUR,2,3,2025-12-08
332,KLSB,TQBR,КалужскСК,19.4,100,0.2,A,Т+: Акции и ДР - безадрес.,2,"ао""Калужская сбыт.комп.""ПАО",,FNDT,EQIN,,0.01,19.73,SUR,2025-12-04,91487347,RU000A0DKZK3,Kalugsk. Sbyt. Company ao,1-01-65057-D,19.55,SUR,1,3,2025-12-08
333,KLVZ,TQBR,Кристалл,3.206,100,0.01,A,Т+: Акции и ДР - безадрес.,3,Алкогольная Группа Кристалл,,FNDT,EQIN,,0.002,3.2,SUR,2025-12-04,921052700,RU000A107KX0,KLVZ KRISTALL,1-01-05421-G,3.192,SUR,1,3,2025-12-08
334,KMAZ,TQBR,КАМАЗ,86.4,10,50.0,A,Т+: Акции и ДР - безадрес.,1,КАМАЗ ПАО,,FNDT,EQIN,,0.1,86.7,SUR,2025-12-04,707229559,RU0008959580,KAMAZ,1-08-55010-D,86.6,SUR,1,2,2025-12-08
335,KMEZ,TQBR,КМЗ,1202.0,1,250.0,A,Т+: Акции и ДР - безадрес.,0,Ковровский механический завод,,FNDT,EQIN,,2.0,1210.0,SUR,2025-12-04,3764600,RU0006753613,Kovrov Mech. Zavod,1-02-05376-A,1224.0,SUR,1,3,2025-12-08
336,KOGK,TQBR,КоршГОК ао,321.95,1,0.01,A,Т+: Акции и ДР - безадрес.,2,Коршуновский ГОК ПАО ао,,FNDT,EQIN,,0.05,318.15,SUR,2025-12-04,25012600,RU0002155359,Korshunovskii GOK,1-01-20992-F,320.5,SUR,1,3,2025-12-08
337,KRKN,TQBR,СаратНПЗ,10450.0,1,1.0,A,Т+: Акции и ДР - безадрес.,0,Саратовский НПЗ ПАО ао,,FNDT,EQIN,,50.0,11100.0,SUR,2025-12-04,748012,RU0009100408,Saratovskiy NPZ ao,1-01-00248-A,11200.0,SUR,1,3,2025-12-08
338,KRKNP,TQBR,СаратНПЗ-п,6960.0,1,1.0,A,Т+: Акции и ДР - безадрес.,0,Саратовский НПЗ ПАО ап,,FNDT,EQIN,,20.0,7020.0,SUR,2025-12-04,249337,RU0009100416,Saratovskiy NPZ ap,2-01-00248-A,7060.0,SUR,2,3,2025-12-08
339,KRKOP,TQBR,ТКЗКК ап,13.66,100,1.0,A,Т+: Акции и ДР - безадрес.,2,ТКЗ Красный котельщик ПАО ап,,FNDT,EQIN,,0.02,13.64,SUR,2025-12-04,71086000,RU0009098131,TKZ Krasny Kotelshchik ap,2-01-30301-E,13.66,SUR,2,3,2025-12-08
340,KROT,TQBR,КрасОкт-ао,1065.0,10,1.0,A,Т+: Акции и ДР - безадрес.,0,"""КрасныйОктябрь"" ПАО - ао",,FNDT,EQIN,,1.0,1067.0,SUR,2025-12-04,9217583,RU0008913850,KrasnyiOctyabr,1-02-00060-A,1071.0,SUR,1,3,2025-12-08
341,KROTP,TQBR,КрасОкт-1п,454.0,10,1.0,A,Т+: Акции и ДР - безадрес.,0,КрасныйОктябрь-1п,,FNDT,EQIN,,1.0,451.0,SUR,2025-12-04,1474549,RU0008913868,KrasnyiOctabr-1(pr),2-01-00060-A,453.0,SUR,2,3,2025-12-08
342,KRSB,TQBR,Красэсб ао,22.18,100,0.02,A,Т+: Акции и ДР - безадрес.,2,Красноярскэнергосбыт ао,,FNDT,EQIN,,0.02,22.0,SUR,2025-12-04,596039612,RU000A0HMLY1,Krashojarskenergosbyt,1-01-55147-E,22.14,SUR,1,3,2025-12-08
343,KRSBP,TQBR,Красэсб ап,22.98,100,0.02,A,Т+: Акции и ДР - безадрес.,2,Красноярскэнергосбыт ап,,FNDT,EQIN,,0.02,22.9,SUR,2025-12-04,168993328,RU000A0HMLZ8,Krashojarskenergosbyt pref.,2-01-55147-E,22.84,SUR,2,3,2025-12-08
344,KUZB,TQBR,КузнецкийБ,0.03395,10000,0.01,A,Т+: Акции и ДР - безадрес.,5,"Банк ""Кузнецкий"" ПАО ао",,FNDT,EQIN,,5e-05,0.03485,SUR,2025-12-04,22503490875,RU000A0JSQ66,"Bank ""Kuzneckiy""",10100609B,0.03425,SUR,1,3,2025-12-08
345,KZOS,TQBR,ОргСинт ао,64.0,10,1.0,A,Т+: Акции и ДР - безадрес.,1,"ПАО ""Органический синтез"" ао",,FNDT,EQIN,,0.1,64.7,SUR,2025-12-04,1785114000,RU0009089825,PAO Organicheskiy Sintez ao,1-02-55245-D,64.8,SUR,1,3,2025-12-08
346,KZOSP,TQBR,ОргСинт ап,16.76,10,1.0,A,Т+: Акции и ДР - безадрес.,2,"ПАО ""Органический синтез"" ап",,FNDT,EQIN,,0.01,16.78,SUR,2025-12-04,119596000,RU0006753456,PAO Organicheskiy Sintez ap,2-02-55245-D,16.79,SUR,2,3,2025-12-08
347,LEAS,TQBR,Европлан,586.4,1,1.0,A,Т+: Акции и ДР - безадрес.,1,ПАО «ЛК «Европлан»,,FNDT,EQIN,,0.1,589.0,SUR,2025-12-04,120000000,RU000A0ZZFS9,Europlan,1-01-16419-A,586.0,SUR,1,1,2025-12-08
348,LENT,TQBR,Лента ао,1786.0,1,0.0912632,A,Т+: Акции и ДР - безадрес.,1,Лента МКПАО ао,,FNDT,EQIN,,0.5,1767.0,SUR,2025-12-04,115985197,RU000A102S15,Lenta IPJSC ORD SHS,1-01-16686-A,1776.5,SUR,1,1,2025-12-08
349,LIFE,TQBR,Фармсинтез,2.995,100,5.0,A,Т+: Акции и ДР - безадрес.,3,Фармсинтез ПАО ао,,FNDT,EQIN,,0.005,2.995,SUR,2025-12-04,440394854,RU000A0JR514,Farmsintez ao,1-02-09669-J,2.99,SUR,1,3,2025-12-08
350,LKOH,TQBR,ЛУКОЙЛ,5443.5,1,0.025,A,Т+: Акции и ДР - безадрес.,1,НК ЛУКОЙЛ (ПАО) - ао,,FNDT,EQIN,,0.5,5455.0,SUR,2025-12-04,692865762,RU0009024277,LUKOIL,1-01-00077-A,5451.5,SUR,1,1,2025-12-08
351,LMBZ,TQBR,Ламбумиз,460.0,1,0.025,A,Т+: Акции и ДР - безадрес.,1,Ламбумиз,,FNDT,EQIN,,0.5,463.5,SUR,2025-12-04,20752219,RU000A108ZX6,Lambumiz,1-01-09188-H,464.0,SUR,1,3,2025-12-08
352,LNZL,TQBR,Лензолото,5820.0,1,1.0,A,Т+: Акции и ДР - безадрес.,0,"""Лензолото"" ПАО ао",,FNDT,EQIN,,10.0,5800.0,SUR,2025-12-04,1140300,RU000A0JP1N2,Lenzoloto,1-02-40433-N,5830.0,SUR,1,3,2025-12-08
353,LNZLP,TQBR,Лензол. ап,625.0,1,1.0,A,Т+: Акции и ДР - безадрес.,0,"""Лензолото"" ПАО ап",,FNDT,EQIN,,5.0,625.0,SUR,2025-12-04,347700,RU000A0JP1P7,Lenzoloto pref.,2-02-40433-N,625.0,SUR,2,3,2025-12-08
354,LPSB,TQBR,ЛЭСК ао,67.65,100,0.22,A,Т+: Акции и ДР - безадрес.,2,Липецкая энергосбыт.ком.ОАО ао,,FNDT,EQIN,,0.05,67.2,SUR,2025-12-04,155521950,RU000A0D8MR7,LESK ao,1-01-65097-D,67.95,SUR,1,3,2025-12-08
355,LSNG,TQBR,РСетиЛЭ,15.16,100,1.0,A,Т+: Акции и ДР - безадрес.,2,Россети Ленэнерго ПАО-ао,,FNDT,EQIN,,0.01,15.16,SUR,2025-12-04,8523785320,RU0009034490,Rosseti LenEnrg,1-01-00073-A,15.26,SUR,1,3,2025-12-08
356,LSNGP,TQBR,РСетиЛЭ-п,280.0,10,1.0,A,Т+: Акции и ДР - безадрес.,2,Россети Ленэнерго ПАО-ап,,FNDT,EQIN,,0.05,277.9,SUR,2025-12-04,93264311,RU0009092134,Rosseti LenEnrg (pref),2-01-00073-A,279.35,SUR,2,3,2025-12-08
357,LSRG,TQBR,ЛСР ао,684.8,1,0.25,A,Т+: Акции и ДР - безадрес.,1,Группа ЛСР ПАО ао,,FNDT,EQIN,,0.2,687.2,SUR,2025-12-04,103030215,RU000A0JPFP0,LSR,1-01-55234-E,687.4,SUR,1,1,2025-12-08
358,LVHK,TQBR,Левенгук,24.15,100,10.0,A,Т+: Акции и ДР - безадрес.,2,Левенгук ПАО ао,,FNDT,EQIN,,0.05,24.05,SUR,2025-12-04,52940000,RU000A0JT7Y2,Levenguk ao,1-01-04329-D,24.15,SUR,1,3,2025-12-08
359,MAGE,TQBR,МагадЭн ао,2.96,100,1.0,A,Т+: Акции и ДР - безадрес.,2,"""Магаданэнерго"" ПАО ао",,FNDT,EQIN,,0.01,2.94,SUR,2025-12-04,463838268,RU0006758919,Magadanenergo ao,1-01-00254-A,2.95,SUR,1,3,2025-12-08
360,MAGEP,TQBR,МагадЭн ап,2.07,100,1.0,A,Т+: Акции и ДР - безадрес.,2,"""Магаданэнерго"" ПАО ап",,FNDT,EQIN,,0.01,2.05,SUR,2025-12-04,145673254,RU0006758893,Magadanenergo ap,2-01-00254-A,2.06,SUR,2,3,2025-12-08
361,MAGN,TQBR,ММК,26.115,10,1.0,A,Т+: Акции и ДР - безадрес.,3,"""Магнитогорск.мет.комб"" ПАО ао",,FNDT,EQIN,,0.005,26.195,SUR,2025-12-04,11174330000,RU0009084396,MMK,1-03-00078-A,26.18,SUR,1,1,2025-12-08
362,MBNK,TQBR,МТС Банк,1283.5,1,500.0,A,Т+: Акции и ДР - безадрес.,1,МТС-Банк ао,,FNDT,EQIN,,0.5,1278.0,SUR,2025-12-04,37526637,RU000A0JRH43,MTS Bank,10102268B,1282.0,SUR,1,1,2025-12-08
363,MDMG,TQBR,MDMG-ао,1378.0,1,7.16872,A,Т+: Акции и ДР - безадрес.,1,МКПАО «МД Медикал Груп»,,FNDT,EQIN,,0.1,1375.1,SUR,2025-12-04,75125010,RU000A108KL3,MD Medical Group IPJSC,1-01-16802-A,1382.0,SUR,1,1,2025-12-08
364,MFGS,TQBR,Мегион-ао,375.0,10,25.0,A,Т+: Акции и ДР - безадрес.,0,"ао ""Славнефть-Мегионнефтегаз""",,FNDT,EQIN,,1.0,376.0,SUR,2025-12-04,99474705,RU0009011126,Megion,1-03-00149-A,375.0,SUR,1,3,2025-12-08
365,MFGSP,TQBR,Мегион-ап,205.5,10,25.0,A,Т+: Акции и ДР - безадрес.,1,ап Мегионнефтегаз,,FNDT,EQIN,,0.5,207.5,SUR,2025-12-04,33056875,RU0009011134,Megion (pref),2-03-00149-A,207.0,SUR,2,3,2025-12-08
366,MGKL,TQBR,МГКЛ,2.388,100,0.01,A,Т+: Акции и ДР - безадрес.,4,МГКЛ ао,,FNDT,EQIN,,0.0005,2.392,SUR,2025-12-04,1268545000,RU000A0JVJQ8,MGKL,1-01-11915-A,2.3935,SUR,1,3,2025-12-08
367,MGNT,TQBR,Магнит ао,2879.0,1,0.01,A,Т+: Акции и ДР - безадрес.,1,"""Магнит"" ПАО ао",,FNDT,EQIN,,0.5,2886.0,SUR,2025-12-04,101911355,RU000A0JKQU8,Magnit,1-01-60525-P,2882.0,SUR,1,3,2025-12-08
368,MGNZ,TQBR,СМЗ-ао,7440.0,1,0.25,A,Т+: Акции и ДР - безадрес.,0,Соликамский магн.завод(ОАО)ао,,FNDT,EQIN,,10.0,7330.0,SUR,2025-12-04,398272,RU0009100911,SMZ,1-01-00283-A,7440.0,SUR,1,3,2025-12-08
369,MGTS,TQBR,МГТС-5ао,1115.0,1,40.0,A,Т+: Акции и ДР - безадрес.,0,"ПАО ""МГТС"" ао (5 в)",,FNDT,EQIN,,5.0,1130.0,SUR,2025-12-04,79708751,RU0009036461,MGTS-5,1-05-00083-A,1135.0,SUR,1,3,2025-12-08
370,MGTSP,TQBR,МГТС-4ап,792.0,1,40.0,A,Т+: Акции и ДР - безадрес.,0,"ПАО ""МГТС"" ап (4 в)",,FNDT,EQIN,,2.0,794.0,SUR,2025-12-04,15514042,RU0009036479,MGTS-4,2-04-00083-A,786.0,SUR,2,3,2025-12-08
371,MISB,TQBR,ТНСэнМарЭл,52.0,100,0.1,A,Т+: Акции и ДР - безадрес.,1,ТНС энерго Марий Эл ПАО ао,,FNDT,EQIN,,0.1,51.4,SUR,2025-12-04,121847780,RU000A0D8K33,TNS energo Mariy El ao,1-01-50086-A,51.3,SUR,1,3,2025-12-08
372,MISBP,TQBR,ТНСэМаЭл-п,47.8,100,0.1,A,Т+: Акции и ДР - безадрес.,1,ТНС энерго Марий Эл ПАО ап,,FNDT,EQIN,,0.1,47.9,SUR,2025-12-04,10652220,RU000A0D8K41,TNS energo Mariy El (pref),2-01-50086-A,47.8,SUR,2,3,2025-12-08
373,MOEX,TQBR,МосБиржа,170.02,10,1.0,A,Т+: Акции и ДР - безадрес.,2,ПАО Московская Биржа,,FNDT,EQIN,,0.01,170.63,SUR,2025-12-04,2276401458,RU000A0JR4A1,MoscowExchange,1-05-08443-H,170.2,SUR,1,1,2025-12-08
374,MRKC,TQBR,РоссЦентр,0.7462,1000,0.1,A,Т+: Акции и ДР - безадрес.,4,"ПАО ""Россети Центр"" ао",,FNDT,EQIN,,0.0002,0.7438,SUR,2025-12-04,42217941468,RU000A0JPPL8,Rosseti Centr,1-01-10214-A,0.7468,SUR,1,2,2025-12-08
375,MRKK,TQBR,Россети СК,16.54,10,1.0,A,Т+: Акции и ДР - безадрес.,2,Россети Сев. Кавказ ао,,FNDT,EQIN,,0.02,16.54,SUR,2025-12-04,2093354170,RU000A0JPPQ7,Rosseti Severnyy Kavkaz ao,1-01-34747-E,16.52,SUR,1,3,2025-12-08
376,MRKP,TQBR,РСетиЦП ао,0.4896,10000,0.1,A,Т+: Акции и ДР - безадрес.,4,Россети Центр и Приволжье ао,,FNDT,EQIN,,0.0001,0.4884,SUR,2025-12-04,112697817043,RU000A0JPN96,Rosseti Centr i Privoljye ao,1-01-12665-E,0.4901,SUR,1,2,2025-12-08
377,MRKS,TQBR,РсетСиб ао,0.5035,1000,0.1,A,Т+: Акции и ДР - безадрес.,4,Россети Сибирь ао,,FNDT,EQIN,,0.0005,0.498,SUR,2025-12-04,94815163249,RU000A0JPPF0,Rosseti Sibir,1-01-12044-F,0.5,SUR,1,3,2025-12-08
378,MRKU,TQBR,Россети Ур,0.428,10000,0.1,A,Т+: Акции и ДР - безадрес.,4,Россети Урал (ПАО) ао,,FNDT,EQIN,,0.0002,0.4274,SUR,2025-12-04,87430485711,RU000A0JPPT1,Rosseti Ural ao,1-01-32501-D,0.4294,SUR,1,2,2025-12-08
379,MRKV,TQBR,РсетВол ао,0.1329,10000,0.1,A,Т+: Акции и ДР - безадрес.,5,Россети Волга ао,,FNDT,EQIN,,5e-05,0.13315,SUR,2025-12-04,188307958732,RU000A0JPPN4,Rosseti Volga,1-01-04247-E,0.13315,SUR,1,2,2025-12-08
380,MRKY,TQBR,РоссЮг ао,0.0749,10000,0.1,A,Т+: Акции и ДР - безадрес.,5,Россети Юг  (ПАО) ао,,FNDT,EQIN,,5e-05,0.0755,SUR,2025-12-04,151641426354,RU000A0JPPG8,Rosseti South ao,1-01-34956-E,0.0751,SUR,1,3,2025-12-08
381,MRKZ,TQBR,РСетиСЗ ао,0.09745,10000,0.1,A,Т+: Акции и ДР - безадрес.,5,ПАО Россети Северо-Запад ао,,FNDT,EQIN,,5e-05,0.09705,SUR,2025-12-04,95785923138,RU000A0JPPB9,Rosseti Severo-Zapad,1-01-03347-D,0.09755,SUR,1,2,2025-12-08
382,MRSB,TQBR,МордЭнСб,1.008,10000,0.0136,A,Т+: Акции и ДР - безадрес.,3,Мордовск.энергсбыт.комп.ПАО ао,,FNDT,EQIN,,0.002,1.004,SUR,2025-12-04,1345037710,RU000A0D9AJ7,Mordovskaya EnergoSbyt Comp.,1-01-55055-E,1.008,SUR,1,3,2025-12-08
383,MSNG,TQBR,+МосЭнерго,1.94,1000,1.0,A,Т+: Акции и ДР - безадрес.,4,МосЭнерго акции обыкн.,,FNDT,EQIN,,0.0005,1.941,SUR,2025-12-04,39749359700,RU0008958863,MosEnrg,1-01-00085-A,1.9455,SUR,1,1,2025-12-08
384,MSRS,TQBR,РСетиМР ао,1.436,1000,0.5,A,Т+: Акции и ДР - безадрес.,4,ПАО Россети Моск.рег. ао,,FNDT,EQIN,,0.0005,1.43,SUR,2025-12-04,48707091574,RU000A0ET7Y7,Rosseti Moscow Region,1-01-65116-D,1.4345,SUR,1,2,2025-12-08
385,MSTT,TQBR,Мостотрест,110.0,10,0.14,A,Т+: Акции и ДР - безадрес.,2,"ПАО ""МОСТОТРЕСТ"" ао",,FNDT,EQIN,,0.05,110.6,SUR,2025-12-04,282215500,RU0009177331,Mostotrest,1-03-02472-A,110.1,SUR,1,3,2025-12-08
386,MTLR,TQBR,Мечел ао,71.89,1,10.0,A,Т+: Акции и ДР - безадрес.,2,Мечел ПАО ао,,FNDT,EQIN,,0.01,72.26,SUR,2025-12-04,416270745,RU000A0DKXV5,Mechel,1-01-55005-E,71.76,SUR,1,1,2025-12-08
387,MTLRP,TQBR,Мечел ап,66.0,10,10.0,A,Т+: Акции и ДР - безадрес.,2,Мечел ПАО ап,,FNDT,EQIN,,0.05,66.3,SUR,2025-12-04,138756915,RU000A0JPV70,Mechel pref.,2-01-55005-E,65.95,SUR,2,1,2025-12-08
388,MTSS,TQBR,МТС-ао,213.25,10,0.1,A,Т+: Акции и ДР - безадрес.,2,Мобильные ТелеСистемы ПАО ао,,FNDT,EQIN,,0.05,213.15,SUR,2025-12-04,1998381575,RU0007775219,MTS,1-01-04715-A,213.2,SUR,1,1,2025-12-08
389,MVID,TQBR,М.видео,66.25,1,10.0,A,Т+: Акции и ДР - безадрес.,2,"""М.видео"" ПАО ао",,FNDT,EQIN,,0.05,66.45,SUR,2025-12-04,179768227,RU000A0JPGA0,M.video,1-02-11700-A,66.65,SUR,1,1,2025-12-08
390,NAUK,TQBR,iНПОНаука,441.0,10,0.2,A,Т+: Акции и ДР - безадрес.,1,НПО Наука ао,,FNDT,EQIN,,0.5,442.0,SUR,2025-12-04,11789500,RU000A0JRPX9,NPO Nauka ao,1-01-04440-A,441.5,SUR,1,3,2025-12-08
391,NFAZ,TQBR,НЕФАЗ,284.0,10,1.0,A,Т+: Акции и ДР - безадрес.,1,НЕФАЗ ПАО ао,,FNDT,EQIN,,0.5,284.0,SUR,2025-12-04,8038896,RU0009115604,NEFAZ PAO ao,1-01-30520-D,282.5,SUR,1,3,2025-12-08
392,NKHP,TQBR,НКХП ао,516.5,10,1.0,A,Т+: Акции и ДР - безадрес.,1,НКХП ПАО ао,,FNDT,EQIN,,0.5,512.5,SUR,2025-12-04,67597000,RU000A0BLWD7,NKHP ao,1-03-35684-E,519.5,SUR,1,3,2025-12-08
393,NKNC,TQBR,НКНХ ао,79.7,10,1.0,A,Т+: Акции и ДР - безадрес.,2,"""Нижнекамскнефтехим"" ПАО ао",,FNDT,EQIN,,0.05,79.9,SUR,2025-12-04,1611256000,RU0009100507,Niznekamskneftekhim ao,1-02-00096-A,79.95,SUR,1,3,2025-12-08
394,NKNCP,TQBR,НКНХ ап,62.3,10,1.0,A,Т+: Акции и ДР - безадрес.,2,"""Нижнекамскнефтехим"" ПАО ап",,FNDT,EQIN,,0.02,62.52,SUR,2025-12-04,218983750,RU0006765096,Niznekamskneftekhim (pref),2-02-00096-A,62.36,SUR,2,3,2025-12-08
395,NKSH,TQBR,Нижкамшина,38.35,100,1.0,A,Т+: Акции и ДР - безадрес.,2,Нижнекамскшина ПАО ао,,FNDT,EQIN,,0.05,38.55,SUR,2025-12-04,63731171,RU0009100515,Nizhnekamskshina ao,1-02-55032-D,38.3,SUR,1,3,2025-12-08
396,NLMK,TQBR,НЛМК ао,105.02,10,1.0,A,Т+: Акции и ДР - безадрес.,2,"ПАО ""НЛМК"" ао",,FNDT,EQIN,,0.02,105.74,SUR,2025-12-04,5993227240,RU0009046452,NLMK ao,1-01-00102-A,105.28,SUR,1,1,2025-12-08
397,NMTP,TQBR,НМТП ао,8.875,100,0.01,A,Т+: Акции и ДР - безадрес.,3,НМТП (ПАО) ао,,FNDT,EQIN,,0.005,8.915,SUR,2025-12-04,19259815400,RU0009084446,NMTP,1-01-30251-E,8.93,SUR,1,3,2025-12-08
398,NNSB,TQBR,ТНСэнНН ао,4860.0,1,11.88,A,Т+: Акции и ДР - безадрес.,0,ТНС энерго Нижний Новг.ПАО ао,,FNDT,EQIN,,10.0,4730.0,SUR,2025-12-04,3919400,RU000A0ET5A1,TNS energo Nizhniy-Novgorod ao,1-01-55072-E,4780.0,SUR,1,3,2025-12-08
399,NNSBP,TQBR,ТНСэнНН ап,1330.0,1,11.88,A,Т+: Акции и ДР - безадрес.,0,ТНС энерго Нижний Новг.ПАО ап,,FNDT,EQIN,,2.0,1318.0,SUR,2025-12-04,1063512,RU000A0ET5B9,TNS energo Nizhniy Novg. pref,2-01-55072-E,1300.0,SUR,2,3,2025-12-08
400,NSVZ,TQBR,iНаукаСвяз,236.5,10,1.0,A,Т+: Акции и ДР - безадрес.,1,Наука-Связь ПАО ао,,FNDT,EQIN,,0.5,234.5,SUR,2025-12-04,15701562,RU000A0JQLB6,Nauka-Svyaz ao,1-01-12689-A,236.0,SUR,1,3,2025-12-08
401,NVTK,TQBR,Новатэк ао,1153.6,1,0.1,A,Т+: Акции и ДР - безадрес.,1,"ПАО ""НОВАТЭК"" ао",,FNDT,EQIN,,0.2,1162.0,SUR,2025-12-04,3036306000,RU000A0DKVS5,NOVATEK,1-02-00268-E,1161.0,SUR,1,1,2025-12-08
402,OGKB,TQBR,ОГК-2 ао,0.3208,1000,0.3627,A,Т+: Акции и ДР - безадрес.,4,ОГК-2 ПАО ао,,FNDT,EQIN,,0.0001,0.3225,SUR,2025-12-04,136207331098,RU000A0JNG55,OGK-2,1-02-65105-D,0.3222,SUR,1,2,2025-12-08
403,OKEY,TQBR,OKEY-гдр,33.01,10,0.0,A,Т+: Акции и ДР - безадрес.,2,ГДР OKEY Group S.A. ORD SHS,,FNDT,EQIN,,0.01,33.02,USD,2025-12-04,0,US6708662019,GDR OKEY Group ORD SHS,,33.06,SUR,D,3,2025-12-08
404,OMZZP,TQBR,ОМЗ-ап,12140.0,1,0.1,A,Т+: Акции и ДР - безадрес.,0,"ап""Объединён.  маш. заводы""",,FNDT,EQIN,,20.0,11940.0,SUR,2025-12-04,2750000,RU0009090559,OMZ (pref),2-01-30174-D,12140.0,SUR,2,3,2025-12-08
405,OZON,TQBR,Озон,3985.5,1,0.0780882,A,Т+: Акции и ДР - безадрес.,1,МКПАО Озон,,FNDT,EQIN,,0.5,3954.5,SUR,2025-12-04,216413733,RU000A10CW95,OZON,1-01-17182-A,3954.0,SUR,1,1,2025-12-08
406,OZPH,TQBR,iОзонФарм,50.71,10,0.02,A,Т+: Акции и ДР - безадрес.,2,Озон Фармацевтика,,FNDT,EQIN,,0.01,50.66,SUR,2025-12-04,1167690558,RU000A109B25,Ozon Pharmaceuticals,1-01-10877-P,50.72,SUR,1,1,2025-12-08
407,PAZA,TQBR,ПавлАвт ао,9900.0,1,415.0,A,Т+: Акции и ДР - безадрес.,0,Павловский автобус ПАО ао,,FNDT,EQIN,,20.0,9880.0,SUR,2025-12-04,1567904,RU0009083240,Pavlovo Bus ao,1-02-00261-A,9860.0,SUR,1,3,2025-12-08
408,PHOR,TQBR,ФосАгро ао,6564.0,1,2.5,A,Т+: Акции и ДР - безадрес.,0,ФосАгро ПАО ао,,FNDT,EQIN,,1.0,6575.0,SUR,2025-12-04,129500000,RU000A0JRKT8,PhosAgro ao,1-02-06556-A,6576.0,SUR,1,1,2025-12-08
409,PIKK,TQBR,ПИК ао,462.8,1,62.5,A,Т+: Акции и ДР - безадрес.,1,ПИК СЗ (ПАО) ао,,FNDT,EQIN,,0.1,463.5,SUR,2025-12-04,660497344,RU000A0JP7J7,PIK SZ,1-02-01556-A,462.5,SUR,1,1,2025-12-08
410,PLZL,TQBR,Полюс,2136.8,1,0.1,A,Т+: Акции и ДР - безадрес.,1,Полюс ПАО ао,,FNDT,EQIN,,0.2,2143.2,SUR,2025-12-04,1360694001,RU000A0JNAA8,Polus,1-01-55192-E,2142.0,SUR,1,1,2025-12-08
411,PMSB,TQBR,ПермьЭнСб,423.5,10,3.25,A,Т+: Акции и ДР - безадрес.,1,"""Пермэнергосбыт"" ПАО ао",,FNDT,EQIN,,0.1,423.7,SUR,2025-12-04,36210960,RU000A0ET123,Perm' EnergoSbyt,1-01-55084-E,423.5,SUR,1,3,2025-12-08
412,PMSBP,TQBR,ПермьЭнС-п,448.4,10,3.25,A,Т+: Акции и ДР - безадрес.,1,"""Пермэнергосбыт"" ПАО ап",,FNDT,EQIN,,0.2,450.0,SUR,2025-12-04,11353500,RU000A0ET156,Perm' EnergoSbyt (pref),2-01-55084-E,451.4,SUR,2,3,2025-12-08
413,POSI,TQBR,iПозитив,1077.0,1,0.5,A,Т+: Акции и ДР - безадрес.,1,Группа Позитив ао,,FNDT,EQIN,,0.2,1084.2,SUR,2025-12-04,71214000,RU000A103X66,PJSC Positive Group,1-01-85307-H,1080.0,SUR,1,1,2025-12-08
414,PRFN,TQBR,ТЕПЛАНТ ао,3.984,100,0.1,A,Т+: Акции и ДР - безадрес.,3,ТЕПЛАНТ восток (ПАО) ао,,FNDT,EQIN,,0.002,3.97,SUR,2025-12-04,838287450,RU000A0JNXF9,TEPLANT vostok,1-01-45194-D,3.984,SUR,1,3,2025-12-08
415,PRMB,TQBR,Приморье,26400.0,1,1000.0,A,Т+: Акции и ДР - безадрес.,0,"АКБ ""Приморье"" ао",,FNDT,EQIN,,200.0,26600.0,SUR,2025-12-04,250000,RU000A0DPNQ5,AKB Primorye,10103001B,26600.0,SUR,1,3,2025-12-08
416,PRMD,TQBR,iПРОМОМЕД,398.9,1,1.0,A,Т+: Акции и ДР - безадрес.,2,ПРОМОМЕД,,FNDT,EQIN,,0.05,400.2,SUR,2025-12-04,212500000,RU000A108JF7,iPROMOMED,1-01-01622-G,399.8,SUR,1,2,2025-12-08
417,RAGR,TQBR,Русагро,117.82,1,2.5,A,Т+: Акции и ДР - безадрес.,2,Группа Русагро,,FNDT,EQIN,,0.02,118.42,SUR,2025-12-04,958749600,RU000A0JQUZ6,RUSAGRO GROUP,1-01-14044-A,118.12,SUR,1,1,2025-12-08
418,RASP,TQBR,Распадская,168.5,10,0.004,A,Т+: Акции и ДР - безадрес.,2,ПАО Распадская ао,,FNDT,EQIN,,0.05,170.05,SUR,2025-12-04,665733918,RU000A0B90N8,Raspadskaya,1-04-21725-N,170.0,SUR,1,2,2025-12-08
419,RBCM,TQBR,ГК РБК ао,11.155,100,0.00064,A,Т+: Акции и ДР - безадрес.,3,ГК РБК ПАО ао,,FNDT,EQIN,,0.005,11.2,SUR,2025-12-04,365631010,RU000A0JR6A6,GK RBK ao,1-02-56413-H,11.155,SUR,1,3,2025-12-08
420,RDRB,TQBR,РДБанк ао,134.0,10,124.0,A,Т+: Акции и ДР - безадрес.,1,РоссийскийДорож Банк ПАО ао,,FNDT,EQIN,,0.5,137.5,SUR,2025-12-04,27492735,RU000A0JU6Q7,RosDor Bank ao,10201573B,136.5,SUR,1,3,2025-12-08
421,RENI,TQBR,Ренессанс,97.74,10,9.88,A,Т+: Акции и ДР - безадрес.,2,Ренессанс Страхование ао,,FNDT,EQIN,,0.02,97.72,SUR,2025-12-04,556952780,RU000A0ZZM04,Renaissance Insurance,1-01-10601-Z,97.88,SUR,1,1,2025-12-08
422,RGSS,TQBR,РГС СК ао,0.2036,1000,0.03,A,Т+: Акции и ДР - безадрес.,4,Росгосстрах СК ПАО ао,,FNDT,EQIN,,0.0002,0.2016,SUR,2025-12-04,489503740915,RU0008010855,Rosgosstrakh ao,1-03-10003-Z,0.202,SUR,1,3,2025-12-08
423,RKKE,TQBR,ЭнергияРКК,14290.0,1,1000.0,A,Т+: Акции и ДР - безадрес.,0,РКК Энергия им.С.П.Королева ао,,FNDT,EQIN,,10.0,14280.0,SUR,2025-12-04,1842049,RU0009095939,RKK Energia,1-03-01091-A,14370.0,SUR,1,3,2025-12-08
424,RNFT,TQBR,РуссНфт ао,99.5,1,0.5,A,Т+: Акции и ДР - безадрес.,2,РуссНефть НК ПАО ао,,FNDT,EQIN,,0.05,100.1,SUR,2025-12-04,294120000,RU000A0JSE60,RussNeft NK,1-02-39134-H,100.1,SUR,1,1,2025-12-08
425,ROLO,TQBR,Русолово,0.504,1000,0.1,A,Т+: Акции и ДР - безадрес.,4,"""Русолово"" ПАО ао",,FNDT,EQIN,,0.0002,0.507,SUR,2025-12-04,30001000000,RU000A0JU1B0,Rusolovo PAO ao,1-01-15065-A,0.5056,SUR,1,3,2025-12-08
426,ROSN,TQBR,Роснефть,400.0,1,0.01,A,Т+: Акции и ДР - безадрес.,2,ПАО НК Роснефть,,FNDT,EQIN,,0.05,401.05,SUR,2025-12-04,10598177817,RU000A0J2Q06,Rosneft,1-02-00122-A,400.5,SUR,1,1,2025-12-08
427,ROST,TQBR,РОСИНТЕРао,103.8,10,169.7,A,Т+: Акции и ДР - безадрес.,1,РОСИНТЕР РЕСТОРАНТС (ПАО),,FNDT,EQIN,,0.2,103.4,SUR,2025-12-04,16305334,RU000A0JP922,ROSINTER RESTAURANTS ao,1-02-55033-E,103.6,SUR,1,3,2025-12-08
428,RTGZ,TQBR,ГР Ростов,43600.0,1,2000.0,A,Т+: Акции и ДР - безадрес.,0,Газпром газорасп Р-н-Д ПАО ао,,FNDT,EQIN,,200.0,43600.0,SUR,2025-12-04,120246,RU000A0JPG04,Gazprom gazorasp. Rostov ao,1-02-30742-E,43600.0,SUR,1,3,2025-12-08
429,RTKM,TQBR,Ростел -ао,58.09,10,0.0025,A,Т+: Акции и ДР - безадрес.,2,Ростелеком (ПАО) ао.,,FNDT,EQIN,,0.01,58.3,SUR,2025-12-04,3282997929,RU0008943394,Rostelecom,1-01-00124-A,58.2,SUR,1,1,2025-12-08
430,RTKMP,TQBR,Ростел -ап,57.4,10,0.0025,A,Т+: Акции и ДР - безадрес.,2,Ростелеком (ПАО) ап.,,FNDT,EQIN,,0.05,57.6,SUR,2025-12-04,209565147,RU0009046700,Rostelecom- (pref),2-01-00124-A,57.6,SUR,2,1,2025-12-08
431,RTSB,TQBR,ТНСэнРст,3.3,1000,0.02,A,Т+: Акции и ДР - безадрес.,3,ТНС энерго Ростов. ПАО ао,,FNDT,EQIN,,0.005,3.255,SUR,2025-12-04,8128764676,RU000A0D8PB4,TNS energo Rostov-na-Dony ao,1-01-50095-A,3.225,SUR,1,3,2025-12-08
432,RTSBP,TQBR,ТНСэнРст-п,1.488,1000,0.02,A,Т+: Акции и ДР - безадрес.,3,ТНС энерго Ростов. ПАО ап,,FNDT,EQIN,,0.002,1.492,SUR,2025-12-04,925737256,RU000A0D8PC2,TNS energo Rostov-na-Dony(prf),2-01-50095-A,1.47,SUR,2,3,2025-12-08
433,RUAL,TQBR,РУСАЛ ао,31.005,10,0.656517,A,Т+: Акции и ДР - безадрес.,3,РУСАЛ ОК МКПАО ао,,FNDT,EQIN,,0.005,31.16,SUR,2025-12-04,15193014862,RU000A1025V3,RUSAL ao,1-01-16677-A,30.95,SUR,1,1,2025-12-08
434,RUSI,TQBR,ИКРУСС-ИНВ,64.4,10,1.0,A,Т+: Акции и ДР - безадрес.,1,РУСС-ИНВЕСТ ИК ПАО ао,,FNDT,EQIN,,0.1,63.8,SUR,2025-12-04,109000000,RU000A0JQ9W5,RUSS-INVEST IC ao,1-01-00409-A,63.8,SUR,1,3,2025-12-08
435,RZSB,TQBR,РязЭнСб,33.86,100,0.05,A,Т+: Акции и ДР - безадрес.,2,"""Рязанская энергосб.комп"" ПАО",,FNDT,EQIN,,0.02,33.78,SUR,2025-12-04,206940220,RU000A0D9AF5,"JSC ""Ryazanenergosbyt""",1-01-50092-A,33.82,SUR,1,3,2025-12-08
436,SAGO,TQBR,СамарЭн-ао,2.66,1000,0.25,A,Т+: Акции и ДР - безадрес.,3,Самараэнерго (ПАО) - ао,,FNDT,EQIN,,0.005,2.665,SUR,2025-12-04,3480630296,RU0009098255,SamaraEnergo ao,1-02-00127-A,2.655,SUR,1,3,2025-12-08
437,SAGOP,TQBR,СамарЭн-ап,2.64,1000,0.01,A,Т+: Акции и ДР - безадрес.,3,Самараэнерго (ПАО) - ап,,FNDT,EQIN,,0.005,2.64,SUR,2025-12-04,364918444,RU0009084495,SamaraEnergo(pref),2-02-00127-A,2.645,SUR,2,3,2025-12-08
438,SARE,TQBR,СаратЭн-ао,0.488,10000,0.02,A,Т+: Акции и ДР - безадрес.,3,Саратовэнерго(ПАО)-ао,,FNDT,EQIN,,0.001,0.49,SUR,2025-12-04,4865127996,RU0009100754,SaratovEnergo ao,1-02-00132-A,0.488,SUR,1,3,2025-12-08
439,SAREP,TQBR,СаратЭн-ап,0.3375,10000,0.02113,A,Т+: Акции и ДР - безадрес.,4,Саратовэнерго(ПАО)-ап,,FNDT,EQIN,,0.0005,0.34,SUR,2025-12-04,1493316000,RU0009100762,SaratovEnergo (pref),2-02-00132-A,0.3405,SUR,2,3,2025-12-08
440,SBER,TQBR,Сбербанк,301.76,1,3.0,A,Т+: Акции и ДР - безадрес.,2,Сбербанк России ПАО ао,,FNDT,EQIN,,0.01,302.72,SUR,2025-12-04,21586948000,RU0009029540,Sberbank,10301481B,301.95,SUR,1,1,2025-12-08
441,SBERP,TQBR,Сбербанк-п,297.82,1,3.0,A,Т+: Акции и ДР - безадрес.,2,Сбербанк России ПАО ап,,FNDT,EQIN,,0.01,298.93,SUR,2025-12-04,1000000000,RU0009029557,Sberbank (pref),20301481B,298.2,SUR,2,1,2025-12-08
442,SELG,TQBR,Селигдар,43.4,10,1.0,A,Т+: Акции и ДР - безадрес.,2,"ПАО ""Селигдар""  ао",,FNDT,EQIN,,0.01,43.54,SUR,2025-12-04,1030000000,RU000A0JPR50,Seligdar,1-01-32694-F,43.72,SUR,1,1,2025-12-08
443,SFIN,TQBR,ЭсЭфАй ао,1766.4,1,0.67,A,Т+: Акции и ДР - безадрес.,1,ЭсЭфАй ПАО ао,,FNDT,EQIN,,0.2,1762.6,SUR,2025-12-04,50237005,RU000A0JVW89,SFI ao,1-02-56453-P,1763.8,SUR,1,1,2025-12-08
444,SGZH,TQBR,Сегежа,1.21,100,0.1,A,Т+: Акции и ДР - безадрес.,3,Сегежа ао,,FNDT,EQIN,,0.001,1.218,SUR,2025-12-04,78450000000,RU000A102XG9,Segezha,1-01-87154-H,1.218,SUR,1,1,2025-12-08
445,SIBN,TQBR,Газпрнефть,484.0,1,0.0016,A,Т+: Акции и ДР - безадрес.,2,Газпром нефть ПАО ао,,FNDT,EQIN,,0.05,486.45,SUR,2025-12-04,4741299639,RU0009062467,Gazprom neft,1-01-00146-A,484.9,SUR,1,3,2025-12-08
446,SLEN,TQBR,Сахэнер ао,3.175,100,10.0,A,Т+: Акции и ДР - безадрес.,3,"ПАО ""Сахалинэнерго"" ао",,FNDT,EQIN,,0.005,3.185,SUR,2025-12-04,2237123773,RU0009280465,Sakhalinenergo ao,1-03-00272-A,3.195,SUR,1,3,2025-12-08
447,SMLT,TQBR,Самолет ао,921.5,1,25.0,A,Т+: Акции и ДР - безадрес.,1,ГК Самолет ао,,FNDT,EQIN,,0.5,924.0,SUR,2025-12-04,61579358,RU000A0ZZG02,Samolet,1-01-16493-A,925.5,SUR,1,1,2025-12-08
448,SNGS,TQBR,Сургнфгз,21.525,100,1.0,A,Т+: Акции и ДР - безадрес.,3,Сургутнефтегаз ПАО акции об.,,FNDT,EQIN,,0.005,21.62,SUR,2025-12-04,35725994705,RU0008926258,Surgut,1-01-00155-A,21.59,SUR,1,2,2025-12-08
449,SNGSP,TQBR,Сургнфгз-п,38.105,10,1.0,A,Т+: Акции и ДР - безадрес.,3,Сургутнефтегаз ПАО ап,,FNDT,EQIN,,0.005,38.2,SUR,2025-12-04,7701998235,RU0009029524,Surgut-pref,2-01-00155-A,38.19,SUR,2,2,2025-12-08
450,SOFL,TQBR,iСофтлайн,78.84,10,0.001499992500037,A,Т+: Акции и ДР - безадрес.,2,Софтлайн ао,,FNDT,EQIN,,0.02,79.02,SUR,2025-12-04,400002000,RU000A0ZZBC2,Softline,1-01-45848-H,79.1,SUR,1,2,2025-12-08
451,SPBE,TQBR,СПБ Биржа,256.6,1,3.75,A,Т+: Акции и ДР - безадрес.,1,СПБ Биржа ао,,FNDT,EQIN,,0.1,259.1,SUR,2025-12-04,132843907,RU000A0JQ9P9,SPB Exchange,1-01-55439-E,257.8,SUR,1,3,2025-12-08
452,STSB,TQBR,СтаврЭнСб,3.61,1000,0.0048,A,Т+: Акции и ДР - безадрес.,3,Ставрополэнергосбыт ПАО ао,,FNDT,EQIN,,0.005,3.6,SUR,2025-12-04,859074636,RU000A0ET1W4,StavropolEnergoSbyt,1-01-50119-A,3.58,SUR,1,3,2025-12-08
453,STSBP,TQBR,СтаврЭнСбп,4.925,1000,0.0048,A,Т+: Акции и ДР - безадрес.,3,Ставрополэнергосбыт ПАО ап,,FNDT,EQIN,,0.005,4.915,SUR,2025-12-04,262100364,RU000A0ET1Z7,StavropolEnergoSbyt (pref),2-01-50119-A,4.94,SUR,2,3,2025-12-08
454,SVAV,TQBR,СОЛЛЕРС,585.0,1,12.5,A,Т+: Акции и ДР - безадрес.,1,"ПАО ""СОЛЛЕРС""",,FNDT,EQIN,,0.5,589.5,SUR,2025-12-04,31486001,RU0006914488,Sollers Avto,1-01-02461-D,587.5,SUR,1,2,2025-12-08
455,SVCB,TQBR,Совкомбанк,12.575,100,0.1,A,Т+: Акции и ДР - безадрес.,3,Совкомбанк ао,,FNDT,EQIN,,0.005,12.67,SUR,2025-12-04,22516228905,RU000A0ZZAC4,Sovcombank,10100963B,12.63,SUR,1,1,2025-12-08
456,SVET,TQBR,Светофор,15.46,1,1.0,A,Т+: Акции и ДР - безадрес.,2,Светофор Групп ао,,FNDT,EQIN,,0.02,15.46,SUR,2025-12-04,22333500,RU000A100592,Svetofor Group,1-01-24350-J,15.46,SUR,1,3,2025-12-08
457,SVETP,TQBR,Светофор п,36.4,1,1.0,A,Т+: Акции и ДР - безадрес.,2,Светофор Групп ап,,FNDT,EQIN,,0.05,36.4,SUR,2025-12-04,2481500,RU000A1005A9,Svetofor Group ps,2-01-24350-J,36.45,SUR,2,3,2025-12-08
458,T,TQBR,Т-Техно ао,3119.0,1,3.639384,A,Т+: Акции и ДР - безадрес.,1,Т-Технологии МКПАО ао,,FNDT,EQIN,,0.2,3120.4,SUR,2025-12-04,268274786,RU000A107UL4,IPJSC TCS Holding,1-01-16784-A,3115.6,SUR,1,1,2025-12-08
459,TASB,TQBR,ТамбЭнСб,1.262,1000,0.02,A,Т+: Акции и ДР - безадрес.,3,"ао""Тамбов.энергсбыт.комп.""ПАО",,FNDT,EQIN,,0.002,1.264,SUR,2025-12-04,1525986880,RU000A0D8NG8,Tambov EnergoSbyt Company,1-01-65100-D,1.286,SUR,1,3,2025-12-08
460,TASBP,TQBR,ТамбЭнСб-п,0.928,10000,0.02,A,Т+: Акции и ДР - безадрес.,3,"ап""Тамбов.энергсбыт.комп.""ПАО",,FNDT,EQIN,,0.002,0.942,SUR,2025-12-04,217961420,RU000A0D8NH6,Tambov EnergoSbyt Comp. (pref),2-01-65100-D,0.936,SUR,2,3,2025-12-08
461,TATN,TQBR,Татнфт 3ао,588.3,1,1.0,A,Т+: Акции и ДР - безадрес.,1,"ПАО ""Татнефть"" ао",,FNDT,EQIN,,0.1,591.0,SUR,2025-12-04,2178690700,RU0009033591,Tatneft-3,1-03-00161-A,590.4,SUR,1,1,2025-12-08
462,TATNP,TQBR,Татнфт 3ап,548.4,1,1.0,A,Т+: Акции и ДР - безадрес.,1,"ПАО ""Татнефть"" ап 3 вып.",,FNDT,EQIN,,0.1,550.4,SUR,2025-12-04,147508500,RU0006944147,Tatneft (pref),2-03-00161-A,549.0,SUR,2,1,2025-12-08
463,TGKA,TQBR,ТГК-1,0.00589,100000,0.01,A,Т+: Акции и ДР - безадрес.,6,"ао ПАО ""ТГК-1""",,FNDT,EQIN,,2e-06,0.005916,SUR,2025-12-04,3854341416571,RU000A0JNUD0,TGK-1,1-01-03388-D,0.00593,SUR,1,1,2025-12-08
464,TGKB,TQBR,ТГК-2,0.005845,1000000,0.01,A,Т+: Акции и ДР - безадрес.,6,"ао ПАО ""ТГК-2""",,FNDT,EQIN,,5e-06,0.005845,SUR,2025-12-04,1458404850747,RU000A0JNGS7,TGK-2,1-01-10420-A,0.00583,SUR,1,3,2025-12-08
465,TGKBP,TQBR,ТГК-2 ап,0.00843,100000,0.01,A,Т+: Акции и ДР - безадрес.,5,"ап ПАО ""ТГК-2""",,FNDT,EQIN,,1e-05,0.00841,SUR,2025-12-04,16500533681,RU000A0JNGT5,TGK-2 pref,2-01-10420-A,0.00841,SUR,2,3,2025-12-08
466,TGKN,TQBR,ТГК-14,0.00531,100000,0.001,A,Т+: Акции и ДР - безадрес.,5,"ао ПАО ""ТГК-14""",,FNDT,EQIN,,1e-05,0.0053,SUR,2025-12-04,1357945609114,RU000A0H1ES3,TGK-14,1-01-22451-F,0.00528,SUR,1,2,2025-12-08
467,TNSE,TQBR,ТНСэнрг ао,3445.0,1,1.0,A,Т+: Акции и ДР - безадрес.,0,"ПАО ГК ""ТНС энерго"" ао",,FNDT,EQIN,,5.0,3380.0,SUR,2025-12-04,13668239,RU000A0JUCQ5,"PAO GK ""TNS energo"" ao",1-01-15521-A,3370.0,SUR,1,3,2025-12-08
468,TORS,TQBR,РСТомск ао,0.636,10000,0.4916,A,Т+: Акции и ДР - безадрес.,3,"ао ПАО ""Россети Томск""",,FNDT,EQIN,,0.002,0.636,SUR,2025-12-04,3819315580,RU000A0ETZF2,PAO Rosseti Tomsk ao,1-01-50128-A,0.634,SUR,1,3,2025-12-08
469,TORSP,TQBR,РСТомск ап,0.471,10000,0.4916,A,Т+: Акции и ДР - безадрес.,3,"ап ПАО ""Россети Томск""",,FNDT,EQIN,,0.001,0.461,SUR,2025-12-04,576693000,RU000A0ETZM8,PAO Rosseti Tomsk ap,2-01-50128-A,0.458,SUR,2,3,2025-12-08
470,TRMK,TQBR,ТМК ао,102.56,10,10.0,A,Т+: Акции и ДР - безадрес.,2,ПАО ТМК,,FNDT,EQIN,,0.02,102.94,SUR,2025-12-04,1052000000,RU000A0B6NK6,TMK ao,1-01-29031-H,102.7,SUR,1,2,2025-12-08
471,TRNFP,TQBR,Транснф ап,1325.2,1,0.01,A,Т+: Акции и ДР - безадрес.,1,Транснефть ПАО акц.пр.,,FNDT,EQIN,,0.2,1327.0,SUR,2025-12-04,155487500,RU0009091573,Transneft (pref),2-01-00206-A,1325.2,SUR,2,1,2025-12-08
472,TTLK,TQBR,Таттел. ао,0.5865,1000,0.1,A,Т+: Акции и ДР - безадрес.,4,"""Таттелеком"" ПАО ао",,FNDT,EQIN,,0.0005,0.587,SUR,2025-12-04,20843976400,RU000A0HM5C1,Tattelekom,1-02-50049-A,0.59,SUR,1,3,2025-12-08
473,TUZA,TQBR,ТЗА ао,128.5,10,10.0,A,Т+: Акции и ДР - безадрес.,1,Туймаз. завод автобетоновозов,,FNDT,EQIN,,0.5,130.0,SUR,2025-12-04,8220000,RU000A0HL7A2,Tuimaz. Zavod Avtobetonovozov,1-01-30455-D,130.0,SUR,1,3,2025-12-08
474,UGLD,TQBR,ЮГК,0.4697,1000,0.001,A,Т+: Акции и ДР - безадрес.,4,ЮГК,,FNDT,EQIN,,0.0001,0.4707,SUR,2025-12-04,222778849052,RU000A0JPP37,UGC,1-02-33010-D,0.4701,SUR,1,2,2025-12-08
475,UKUZ,TQBR,ЮжКузб. ао,916.0,1,0.04,A,Т+: Акции и ДР - безадрес.,0,Южный Кузбасс ПАО ао,,FNDT,EQIN,,2.0,910.0,SUR,2025-12-04,36149002,RU0005294775,Uzhnyi Kuzbass,1-02-10591-F,926.0,SUR,1,3,2025-12-08
476,UNAC,TQBR,iАвиастКао,0.541,1000,0.27,A,Т+: Акции и ДР - безадрес.,4,Об.авиастр.корп. ПАО ао,,FNDT,EQIN,,0.0005,0.539,SUR,2025-12-04,1009366990290,RU000A0JPLZ7,Ob.aviastroitelnaya korp.,1-02-55306-E,0.546,SUR,1,3,2025-12-08
477,UNKL,TQBR,ЮУНК ао,4830.0,1,1.0,A,Т+: Акции и ДР - безадрес.,0,Южно-Уральский никел. комб. ао,,FNDT,EQIN,,10.0,4860.0,SUR,2025-12-04,599737,RU0004887991,Uzhno-Uralskiy nikel. komb. ao,1-01-00197-A,4820.0,SUR,1,3,2025-12-08
478,UPRO,TQBR,Юнипро ао,1.461,1000,0.4,A,Т+: Акции и ДР - безадрес.,3,Юнипро ПАО ао,,FNDT,EQIN,,0.001,1.464,SUR,2025-12-04,63048706145,RU000A0JNGA5,Unipro PAO ao,1-02-65104-D,1.465,SUR,1,1,2025-12-08
479,URKZ,TQBR,УрКузница,253.1,1,0.01,A,Т+: Акции и ДР - безадрес.,2,"ПАО ""Уральская кузница"" ао",,FNDT,EQIN,,0.05,254.65,SUR,2025-12-04,54776100,RU000A0JPFY2,Uralskaya kuznica ao,1-01-32341-D,253.9,SUR,1,3,2025-12-08
480,USBN,TQBR,УралСиб ао,0.1172,10000,0.1,A,Т+: Акции и ДР - безадрес.,4,БАНК УРАЛСИБ ПАО ао,,FNDT,EQIN,,0.0001,0.1169,SUR,2025-12-04,360134697357,RU0006929536,BANK URALSIB ao,10200030B,0.117,SUR,1,3,2025-12-08
481,UTAR,TQBR,ЮТэйр ао,10.73,100,1.0,A,Т+: Акции и ДР - безадрес.,2,"Авиакомпания ""ЮТэйр"" (ПАО) ао",,FNDT,EQIN,,0.01,10.79,SUR,2025-12-04,7896123268,RU0007661385,UTAir Aviacompany,1-01-00077-F,10.77,SUR,1,3,2025-12-08
482,UWGN,TQBR,ОВК ао,30.46,1,1.0,A,Т+: Акции и ДР - безадрес.,2,ПАО НПК ОВК ао,,FNDT,EQIN,,0.02,30.48,SUR,2025-12-04,2905885544,RU000A0JVBT9,OVK ao,1-01-82031-H,30.36,SUR,1,3,2025-12-08
483,VEON-RX,TQBR,VEON,78.0,10,0.001,A,Т+: Акции и ДР - безадрес.,2,VEON Ltd. ORD SHS,,FNDT,EQIN,,0.1,77.7,USD,2025-12-04,1749127404,BMG9349W1038,VEON Ltd. ORD SHS,,78.0,SUR,1,3,2025-12-08
484,VGSB,TQBR,ВолгЭнСб,12.15,1000,0.12,A,Т+: Акции и ДР - безадрес.,2,"""Волгоград.энергосбыткомп"" ПАО",,FNDT,EQIN,,0.05,12.1,SUR,2025-12-04,319595965,RU000A0D8L73,Volgograd Energo Sbyt,1-01-65103-D,12.05,SUR,1,3,2025-12-08
485,VGSBP,TQBR,ВолгЭнСб-п,12.2,1000,0.12,A,Т+: Акции и ДР - безадрес.,2,"""Волгоград.энергосбыткомп"" ПАО",,FNDT,EQIN,,0.05,12.2,SUR,2025-12-04,80499134,RU000A0D8L57,Volgograd Energo Sbyt (pref),2-01-65103-D,12.5,SUR,2,3,2025-12-08
486,VJGZ,TQBR,Варьеган,2315.0,1,0.1,A,Т+: Акции и ДР - безадрес.,0,ННК-Варьеганнефтегаз ПАО ао,,FNDT,EQIN,,5.0,2305.0,SUR,2025-12-04,18091110,RU0009046460,Var'eganneftegaz ao,1-01-00017-A,2330.0,SUR,1,3,2025-12-08
487,VJGZP,TQBR,Варьеган-п,1210.0,1,0.1,A,Т+: Акции и ДР - безадрес.,0,ННК-Варьеганнефтегаз ПАО ап,,FNDT,EQIN,,5.0,1205.0,SUR,2025-12-04,5883050,RU0007964789,Var'eganneftegaz ap,2-01-00017-A,1210.0,SUR,2,3,2025-12-08
488,VKCO,TQBR,"МКПАО ""ВК""",287.0,1,0.0004506,A,Т+: Акции и ДР - безадрес.,1,Международная компания ПАО ВК,,FNDT,EQIN,,0.1,283.3,SUR,2025-12-04,572904180,RU000A106YF0,VK International Public JS Com,1-01-16753-A,283.5,SUR,1,1,2025-12-08
489,VLHZ,TQBR,ВХЗ-ао,134.2,10,20.0,A,Т+: Акции и ДР - безадрес.,1,Владимирский химич.з-д(ПАО) ао,,FNDT,EQIN,,0.2,133.4,SUR,2025-12-04,5005605,RU0007984761,VHZ,1-02-04847-A,131.8,SUR,1,3,2025-12-08
490,VRSB,TQBR,ТНСэнВорон,329.5,10,0.4,A,Т+: Акции и ДР - безадрес.,1,ТНС энерго Воронеж ПАО ао,,FNDT,EQIN,,0.5,326.0,SUR,2025-12-04,56151024,RU000A0DPG67,TNS energo Voroneg ao,1-01-55029-E,324.0,SUR,1,3,2025-12-08
491,VRSBP,TQBR,ТНСэнВор-п,135.0,10,0.4,A,Т+: Акции и ДР - безадрес.,1,ТНС энерго Воронеж ПАО ап,,FNDT,EQIN,,0.2,134.8,SUR,2025-12-04,18716678,RU000A0DPG75,TNS energo Voroneg ap,2-01-55029-E,135.4,SUR,2,3,2025-12-08
492,VSEH,TQBR,ВИ.ру,70.69,1,0.01,A,Т+: Акции и ДР - безадрес.,2,ВИ.ру,,FNDT,EQIN,,0.01,70.26,SUR,2025-12-04,500000000,RU000A108K09,VI.ru,1-01-06636-G,70.39,SUR,1,1,2025-12-08
493,VSMO,TQBR,ВСМПО-АВСМ,31140.0,1,1.0,A,Т+: Акции и ДР - безадрес.,0,Корп. ВСМПО-АВИСМА (ПАО) ао,,FNDT,EQIN,,20.0,31220.0,SUR,2025-12-04,11529538,RU0009100291,Corp. VSMPO-AVISMA ao,1-01-30202-D,31200.0,SUR,1,2,2025-12-08
494,VSYD,TQBR,ВыбСудЗ ао,9250.0,1,0.5,A,Т+: Акции и ДР - безадрес.,0,Выборгский Суд.Завод ПАО ао,,FNDT,EQIN,,50.0,9350.0,SUR,2025-12-04,1891250,RU0006334372,Viborgskii sudostr. Zavod ao,1-01-02203-D,9500.0,SUR,1,3,2025-12-08
495,VSYDP,TQBR,ВыбСудЗ ап,8150.0,1,0.5,A,Т+: Акции и ДР - безадрес.,0,Выборгский Суд.Завод ПАО ап,,FNDT,EQIN,,50.0,8000.0,SUR,2025-12-04,51839,RU0006334380,Viborgskii sudostr. Zavod ap,2-01-02203-D,7900.0,SUR,2,3,2025-12-08
496,VTBR,TQBR,ВТБ ао,72.16,1,50.0,A,Т+: Акции и ДР - безадрес.,2,ао ПАО Банк ВТБ,,FNDT,EQIN,,0.01,72.3,SUR,2025-12-04,6620418282,RU000A0JP5V6,VTB,10401000B,72.21,SUR,1,1,2025-12-08
497,WTCM,TQBR,ЦМТ ао,13.4,100,1.0,A,Т+: Акции и ДР - безадрес.,2,"""Центр междун. торговли""ПАО ао",,FNDT,EQIN,,0.02,13.5,SUR,2025-12-04,1083000000,RU0008137070,CMT,1-01-01837-A,13.1,SUR,1,3,2025-12-08
498,WTCMP,TQBR,ЦМТ ап,11.58,100,1.0,A,Т+: Акции и ДР - безадрес.,2,"""Центр междун. торговли""ПАО ап",,FNDT,EQIN,,0.02,11.76,SUR,2025-12-04,162000000,RU0008137088,CMT (pref),2-01-01837-A,11.8,SUR,2,3,2025-12-08
499,WUSH,TQBR,iВУШХолднг,90.11,1,0.01,A,Т+: Акции и ДР - безадрес.,2,ВУШ Холдинг ао,,FNDT,EQIN,,0.01,90.68,SUR,2025-12-04,111382432,RU000A105EX7,WHOOSH Holding,1-01-03292-G,90.94,SUR,1,2,2025-12-08
500,X5,TQBR,КЦ ИКС 5,2725.0,1,1164.26,A,Т+: Акции и ДР - безадрес.,1,Корпоративный центр ИКС 5,,FNDT,EQIN,,0.5,2719.0,SUR,2025-12-04,271572872,RU000A108X38,X5 Corporate Center,1-01-16812-A,2719.0,SUR,1,1,2025-12-08
501,YAKG,TQBR,ЯТЭК ао,42.75,10,1.0,A,Т+: Акции и ДР - безадрес.,2,Якутская топл.-энерг. комп. ао,,FNDT,EQIN,,0.05,42.8,SUR,2025-12-04,826919375,RU0007796819,YaTEK ao,1-01-20510-F,42.7,SUR,1,3,2025-12-08
502,YDEX,TQBR,ЯНДЕКС,4202.0,1,0.4,A,Т+: Акции и ДР - безадрес.,1,МКПАО ЯНДЕКС,,FNDT,EQIN,,0.5,4208.5,SUR,2025-12-04,393280881,RU000A107T19,YANDEX,1-01-16777-A,4209.0,SUR,1,1,2025-12-08
503,YKEN,TQBR,Якутскэнрг,0.426,10000,2.22,A,Т+: Акции и ДР - безадрес.,3,"АК ""Якутскэнерго"" (ПАО) ао",,FNDT,EQIN,,0.001,0.425,SUR,2025-12-04,10187741424,RU0009257075,YakutskEnergo,1-01-00304-A,0.422,SUR,1,3,2025-12-08
504,YKENP,TQBR,Якутскэн-п,0.341,10000,2.22,A,Т+: Акции и ДР - безадрес.,3,"АК ""Якутскэнерго"" (ПАО) ап",,FNDT,EQIN,,0.001,0.342,SUR,2025-12-04,1332635125,RU0007796827,YakutskEnergo ap,2-01-00304-A,0.343,SUR,2,3,2025-12-08
505,YRSB,TQBR,ТНСэнЯр,778.0,10,1.0,A,Т+: Акции и ДР - безадрес.,0,ТНС энерго Ярославль ПАО ао,,FNDT,EQIN,,2.0,770.0,SUR,2025-12-04,17143584,RU000A0D8760,TNS energo Yaroslavl' ao,1-01-50099-A,764.0,SUR,1,3,2025-12-08
506,YRSBP,TQBR,ТНСэнЯр-п,180.5,10,1.0,A,Т+: Акции и ДР - безадрес.,1,ТНС энерго Ярославль ПАО ап,,FNDT,EQIN,,0.5,180.5,SUR,2025-12-04,4507320,RU000A0D88B3,TNS energo Yaroslavl' (pref),2-01-50099-A,181.0,SUR,2,3,2025-12-08
507,ZAYM,TQBR,Займер ао,158.65,10,0.1,A,Т+: Акции и ДР - безадрес.,2,Займер ао,,FNDT,EQIN,,0.05,159.2,SUR,2025-12-04,100000000,RU000A107RM8,Zaymer,1-01-16767-A,159.5,SUR,1,3,2025-12-08
508,ZILL,TQBR,ЗИЛ ао,4165.0,1,1000.0,A,Т+: Акции и ДР - безадрес.,0,Завод им. И.А.Лихачева ПАО ао,,FNDT,EQIN,,5.0,4160.0,SUR,2025-12-04,2659962,RU0009086193,ZIL ao,1-02-00036-A,4160.0,SUR,1,3,2025-12-08
509,ZVEZ,TQBR,ЗВЕЗДА ао,6.85,1000,0.1,A,Т+: Акции и ДР - безадрес.,2,ЗВЕЗДА ПАО ао,,FNDT,EQIN,,0.01,6.87,SUR,2025-12-04,562020480,RU0009091300,Zvezda ao,1-01-00169-D,6.87,SUR,1,3,2025-12-08
510,RU0005418747,TQIF,ФондПервый,189.0,1,0.0,A,Т+: Паи - безадрес.,1,ОПИФ Фонд Первый,,FNDT,IFA1,,0.5,189.5,SUR,2025-12-04,0,RU0005418747,Fund-1 IP,0029-18610555,189.0,SUR,9,3,2025-12-08
511,RU0006922010,TQIF,ФондКонс,110.3,1,0.0,A,Т+: Паи - безадрес.,2,ОПИФ Фонд Консервативный,,FNDT,IFA1,,0.05,110.3,SUR,2025-12-04,0,RU0006922010,Fund-Konservativniy IP,0056-56658088,110.3,SUR,9,3,2025-12-08
512,RU0006922044,TQIF,БКСАкцрост,155.4,1,0.0,A,Т+: Паи - безадрес.,1,"ОПИФ ""БКС Акции роста""",,FNDT,IFA1,,0.2,156.0,SUR,2025-12-04,0,RU0006922044,BCS Akcii rosta,0053-56612554,155.8,SUR,9,3,2025-12-08
513,RU000A0ERGA7,TQIF,ПИФСбер-КН,390.0,10,0.0,N,Т+: Паи - безадрес.,0,ПИФСбербанк Комм.недвижимость,,FNDT,IFA1,,1.0,381.0,SUR,2025-12-04,15681349,RU000A0ERGA7,PIF Kommercheskaya Nedvizhimos,0252-74113866,390.0,SUR,B,3,2025-12-08
514,RU000A0HGNG6,TQIF,АрсагераФА,14392.0,1,0.0,A,Т+: Паи - безадрес.,0,ОПИФ Арсагера - фонд акций,,FNDT,IFA1,,2.0,14414.0,SUR,2025-12-04,0,RU000A0HGNG6,OPIF Arsaguera - Stock Fund,0363-75409054,14408.0,SUR,9,3,2025-12-08
515,RU000A0HGNH4,TQIF,ПИФАрсСИ,10698.0,1,0.0,A,Т+: Паи - безадрес.,0,Арсагера фонд смеш. инвестиц.,,FNDT,IFA1,,2.0,10698.0,SUR,2025-12-04,0,RU000A0HGNH4,Arsagera fund mixed investment,0364-75409132,10696.0,SUR,9,3,2025-12-08
516,RU000A0JP773,TQIF,БКС РосАкц,4.61,1,0.0,A,Т+: Паи - безадрес.,2,ОПИФ БКС Российские Акции,,FNDT,IFA1,,0.01,4.59,SUR,2025-12-04,0,RU000A0JP773,PIF BKS-Indeks MMVB,0278-58233720,4.6,SUR,9,3,2025-12-08
517,RU000A0JP799,TQIF,БКС РосОбл,3.974,1,0.0,A,Т+: Паи - безадрес.,3,ОПИФ БКС Российские облигации,,FNDT,IFA1,,0.002,3.976,SUR,2025-12-04,0,RU000A0JP799,PIF BKS RossObl,0140-58233625,3.98,SUR,9,3,2025-12-08
518,RU000A0JPMD2,TQIF,ПИФАрс6.4,11770.0,1,0.0,A,Т+: Паи - безадрес.,0,Арсагера-акции 6.4 ПИФ,,FNDT,IFA1,,2.0,11702.0,SUR,2025-12-04,0,RU000A0JPMD2,Arsagera-akcii 6.4 IP,0439-75408664,11770.0,SUR,9,3,2025-12-08
519,RU000A0JPZL7,TQIF,АкБрс-Инв,,100,0.0,A,Т+: Паи - безадрес.,2,"Ак Барс ПИФ ""АК БАРС-Инвестиц""",,FNDT,IFA1,,0.01,,SUR,2025-12-04,12745532,RU000A0JPZL7,AK BARS-Investitsii,1076-58229138,,SUR,B,3,2025-12-08
520,RU000A0JPZP8,TQIF,АкБрс-Прсп,6640000.0,1,0.0,A,Т+: Паи - безадрес.,0,УКАкБарсКап ПИФ АК БАРС-Персп.,,FNDT,IFA1,,10000.0,6640000.0,SUR,2025-12-04,1600,RU000A0JPZP8,AK BARS-Perspektiva,0792-75407676,6640000.0,SUR,B,3,2025-12-08
521,RU000A0JR282,TQIF,ПИФ Акции,50.05,10,0.0,A,Т+: Паи - безадрес.,2,ОПИФ ВИМ Акции,,FNDT,IFA1,,0.05,50.1,SUR,2025-12-04,0,RU000A0JR282,Equity Fund,0968-94131582,50.05,SUR,9,3,2025-12-08
522,RU000A0JR290,TQIF,ПИФИнМосБр,8735.0,1,0.0,A,Т+: Паи - безадрес.,0,ОПИФ ВИМ Индекс Мосбиржи,,FNDT,IFA1,,5.0,8765.0,SUR,2025-12-04,0,RU000A0JR290,Index Moex Fund,0177-71671092,8735.0,SUR,9,3,2025-12-08
523,RU000A0JR2A5,TQIF,ПИФСбалан,14.55,100,0.0,A,Т+: Паи - безадрес.,2,ОПИФ ВИМ-Сбалансированн инвест,,FNDT,IFA1,,0.05,14.55,SUR,2025-12-04,0,RU000A0JR2A5,Balanced Fund,0962-94131346,14.55,SUR,9,3,2025-12-08
524,RU000A0JR2C1,TQIF,ПИФКазна,104.5,10,0.0,A,Т+: Паи - безадрес.,2,ОПИФ ВИМ Казначейский,,FNDT,IFA1,,0.05,104.2,SUR,2025-12-04,0,RU000A0JR2C1,Treasury Fund,0089-59893097,104.5,SUR,9,3,2025-12-08
525,RU000A0JRHC0,TQIF,ПИФ АТРИУМ,2280.0,1,0.0,A,Т+: Паи - безадрес.,0,ПИФ АТРИУМ УК ВЕЛЕС ТР,,FNDT,IFA1,,5.0,2240.0,SUR,2025-12-04,1280,RU000A0JRHC0,ATRIUM UK VELES TR,1899-94168527,2280.0,SUR,B,3,2025-12-08
526,RU000A0JRUQ3,TQIF,ТКБИП Сбал,8850.0,1,0.0,A,Т+: Паи - безадрес.,0,ОПИФ ТКБИП Сбалансированный,,FNDT,IFA1,,50.0,8850.0,SUR,2025-12-04,0,RU000A0JRUQ3,TKBIP Sbl,0078-58234010,8850.0,SUR,9,3,2025-12-08
527,RU000A0JS991,TQIF,ПИФКоммИнв,1835.0,1,0.0,A,Т+: Паи - безадрес.,0,ПИФ Коммерческие Инвестиции,,FNDT,IFA1,,5.0,1835.0,SUR,2025-12-04,0,RU000A0JS991,Kommercheskie Investicii,2321,1835.0,SUR,B,3,2025-12-08
528,RU000A0JT4S1,TQIF,ВИМНакопРе,3501.0,1,0.0,A,Т+: Паи - безадрес.,1,ОПИФ ВИМ-Накопительный резерв,,FNDT,IFA1,,0.5,3510.0,SUR,2025-12-04,0,RU000A0JT4S1,OPIF VIM-Cumulative reserve,0202-72729965,3501.0,SUR,9,3,2025-12-08
529,RU000A0JUR61,TQIF,ПИФ КОНСЕР,2850.0,1,0.0,A,Т+: Паи - безадрес.,0,УК ПЕРАМО ИН ПИФ КОНСЕРВАТОРия,,FNDT,IFA1,,50.0,2750.0,SUR,2025-12-04,0,RU000A0JUR61,UK PERAMO IN PIF CONSERVATORia,2006-94172747,2850.0,SUR,A,3,2025-12-08
530,RU000A0JUYB1,TQIF,ЗПИФЛофтин,1459000.0,1,0.0,A,Т+: Паи - безадрес.,0,ЗПИФ Лофтинвест,,FNDT,IFA1,,100.0,1459000.0,SUR,2025-12-04,0,RU000A0JUYB1,ZPIF Loftinvest,0521-75409008,1459000.0,SUR,B,3,2025-12-08
531,RU000A0JVEZ0,TQIF,ИСУ ГК-3,3000.0,1,0.0,A,Т+: Паи - безадрес.,0,"ИСУ ГК-3 ""Ай Кью Джи"" УА",,FNDT,IFA1,,50.0,3000.0,SUR,2025-12-04,0,RU000A0JVEZ0,ISU GK-3 Ai Kiu Dzhi UA,0034,3000.0,SUR,F,3,2025-12-08
532,RU000A0JVGP6,TQIF,ЗПИФПромИн,1172.0,1,0.0,A,Т+: Паи - безадрес.,1,"ЗПИФ ""Пром.Ин"" УК ПИ",,FNDT,IFA1,,0.1,1172.0,SUR,2025-12-04,0,RU000A0JVGP6,"ZPIF ""Prom.In"" PI UK",2968,1172.0,SUR,B,3,2025-12-08
533,RU000A0JVJ29,TQIF,БКСДрагМет,287.5,1,0.0,A,Т+: Паи - безадрес.,1,ОПИФ БКС Драгоценные Металлы,,FNDT,IFA1,,0.5,287.5,SUR,2025-12-04,0,RU000A0JVJ29,OPIF BCS Precious Metals,2515,287.0,SUR,9,3,2025-12-08
534,RU000A0JWAW3,TQIF,СФНАрБизн,630000.0,1,0.0,A,Т+: Паи - безадрес.,0,ПИФ СФН - Арендный бизнес,,FNDT,IFA1,,10000.0,630000.0,SUR,2025-12-04,0,RU000A0JWAW3,SFNArendBiznes,3120,630000.0,SUR,B,3,2025-12-08
535,RU000A0JWCE7,TQIF,Перловский,1680.0,1,0.0,A,Т+: Паи - безадрес.,0,ЗПИФ Недвижимости Перловский,,FNDT,IFA1,,5.0,1680.0,SUR,2025-12-04,0,RU000A0JWCE7,ZPIF Perlovsky,2423,1680.0,SUR,B,3,2025-12-08
536,RU000A0JXP78,TQIF,ЗПИФДОМ.РФ,13000.0,1,0.0,A,Т+: Паи - безадрес.,0,ЗПИФ недвижимости ДОМ.РФ,,FNDT,IFA1,,50.0,13000.0,SUR,2025-12-04,0,RU000A0JXP78,ZPIF DOM.RF,3164,13000.0,SUR,B,3,2025-12-08
537,RU000A0JXWF0,TQIF,АрсКР1.55,2836.0,1,0.0,A,Т+: Паи - безадрес.,1,Арсагера фонд обл КР 1.55,,FNDT,IFA1,,0.5,2846.0,SUR,2025-12-04,0,RU000A0JXWF0,Arsagera bonds KP 1.55,2721,2836.5,SUR,9,3,2025-12-08
538,RU000A0ZYC64,TQIF,СоврАрБиз2,200000.0,1,0.0,A,Т+: Паи - безадрес.,0,ЗПИФ СовременАрендный бизнес 2,,FNDT,IFA1,,5000.0,200000.0,SUR,2025-12-04,0,RU000A0ZYC64,SovrArendBiznes 2,3219,200000.0,SUR,B,3,2025-12-08
539,RU000A0ZZ422,TQIF,ТРЗПИФ,120280.0,1,0.0,A,Т+: Паи - безадрес.,0,ЗПИФ Торговые ряды,,FNDT,IFA1,,5000.0,120280.0,SUR,2025-12-04,0,RU000A0ZZ422,Torgovye ryady ZPIF,3279,120000.0,SUR,B,3,2025-12-08
540,RU000A0ZZ5R2,TQIF,СоврАрБиз3,900.0,1,0.0,A,Т+: Паи - безадрес.,0,ПИФ Современ Арендный бизнес 3,,FNDT,IFA1,,5.0,895.0,SUR,2025-12-04,0,RU000A0ZZ5R2,PIF SovrArendBiznes3,3445,900.0,SUR,B,3,2025-12-08
541,RU000A0ZZAU6,TQIF,ЗПИФ АКЦ 1,3248.0,1,0.0,A,Т+: Паи - безадрес.,0,ЗПИФ АКЦЕНТ ФОНД I - ЛОГИСТИКА,,FNDT,IFA1,,1.0,3248.0,SUR,2025-12-04,0,RU000A0ZZAU6,ZPIF ACCENT FUND I - LOGISTICS,3508,3248.0,SUR,B,3,2025-12-08
542,RU000A0ZZCD8,TQIF,ИПИФМирИнв,2920.0,1,0.0,A,Т+: Паи - безадрес.,0,ИПИФ Мировые инвестиции УКАтон,,FNDT,IFA1,,20.0,2920.0,SUR,2025-12-04,0,RU000A0ZZCD8,IPIF Mirovye invest MC Aton,3483,2920.0,SUR,A,3,2025-12-08
543,RU000A0ZZMD7,TQIF,РСХБ Облиг,3100.0,1,0.0,A,Т+: Паи - безадрес.,0,ОПИФ РСХБ – Фонд Облигаций,,FNDT,IFA1,,5.0,3125.0,SUR,2025-12-04,0,RU000A0ZZMD7,OPIF RSHB Fund Bonds,2567,3100.0,SUR,9,3,2025-12-08
544,RU000A0ZZML0,TQIF,РСХБ Сбал,3140.0,1,0.0,A,Т+: Паи - безадрес.,0,ОПИФ РСХБ Сбалансированный,,FNDT,IFA1,,5.0,3140.0,SUR,2025-12-04,0,RU000A0ZZML0,OPIF RSHB Balanced Fund,2566,3140.0,SUR,9,3,2025-12-08
545,RU000A0ZZMN6,TQIF,РСХБ Акции,4260.0,1,0.0,A,Т+: Паи - безадрес.,0,ОПИФ РСХБ – Фонд Акций,,FNDT,IFA1,,10.0,4270.0,SUR,2025-12-04,0,RU000A0ZZMN6,OPIF RSHB Fund Shares,2568,4270.0,SUR,9,3,2025-12-08
546,RU000A0ZZVH9,TQIF,ГПБУАЕОбИП,1940.0,1,0.0,A,Т+: Паи - безадрес.,0,ПИФ Газпромбанк-Еврооблигации,,FNDT,IFA1,,5.0,1940.0,SUR,2025-12-04,0,RU000A0ZZVH9,PIF Gazprombank Eurobonds,3447,1940.0,SUR,A,3,2025-12-08
547,RU000A1000W4,TQIF,ХаризмИдеи,3963.0,1,0.0,A,Т+: Паи - безадрес.,0,ОПИФ Харизматичные идеи,,FNDT,IFA1,,1.0,3963.0,SUR,2025-12-04,0,RU000A1000W4,OPIF Charismatic ideas,3606,3963.0,SUR,9,3,2025-12-08
548,RU000A1000Y0,TQIF,iпре-АйПиО,13682000.0,1,0.0,A,Т+: Паи - безадрес.,0,ПИФ ВИМ пре-АйПиО фонд,,FNDT,IFA1,,2000.0,13682000.0,SUR,2025-12-04,0,RU000A1000Y0,PIF  pre IPO Fund,3638,13682000.0,SUR,B,3,2025-12-08
549,RU000A100EQ2,TQIF,БКС РосЕвр,11.55,1,0.0,A,Т+: Паи - безадрес.,3,ОПИФ БКС Российские Еврообл,,FNDT,IFA1,,0.005,11.645,SUR,2025-12-04,0,RU000A100EQ2,OPIF BCS Russian Eurobonds,3665,11.63,SUR,9,3,2025-12-08
550,RU000A100WZ5,TQIF,АКЦЕНТ IV,1281.0,1,0.0,A,Т+: Паи - безадрес.,1,ЗПИФ АКЦЕНТ ФОНД  IV,,FNDT,IFA1,,0.1,1282.2,SUR,2025-12-04,0,RU000A100WZ5,ZPIF ACCENT FUND IV,3872,1281.0,SUR,B,3,2025-12-08
551,RU000A101NK4,TQIF,ЗПИФ ФПР,792.5,1,0.0,A,Т+: Паи - безадрес.,1,ЗПИФ Фонд первичных размещений,,FNDT,IFA1,,0.5,792.0,SUR,2025-12-04,0,RU000A101NK4,ZPIF Primary placement fund,3964,793.0,SUR,B,2,2025-12-08
552,RU000A101UK9,TQIF,ОРЕОЛСтрой,8400.0,1,0.0,A,Т+: Паи - безадрес.,0,ЗПИФ СТРОЙПРОЕКТ УК ОРЕОЛ,,FNDT,IFA1,,200.0,8400.0,SUR,2025-12-04,0,RU000A101UK9,ZPIF STROYPROEKT AM OREOL,2416,8400.0,SUR,B,3,2025-12-08
553,RU000A101UY0,TQIF,ОПИФ MM,1330.5,1,0.0,A,Т+: Паи - безадрес.,1,ОПИФ МКБ Денежный рынок,,FNDT,IFA1,,0.5,1330.5,SUR,2025-12-04,0,RU000A101UY0,OPIF MKB Money market,4073,1330.5,SUR,9,3,2025-12-08
554,RU000A101YY2,TQIF,ПИФАльфАП2,243000.0,1,0.0,A,Т+: Паи - безадрес.,0,ЗПИФ Альфа-К Арендный поток-2,,FNDT,IFA1,,1000.0,241000.0,SUR,2025-12-04,0,RU000A101YY2,PIF Alfa-Capital Arendn.potok2,4093,241000.0,SUR,B,3,2025-12-08
555,RU000A1022Z1,TQIF,ПАРУС-ОЗН,8700.0,1,0.0,A,Т+: Паи - безадрес.,0,ЗПИФ ПАРУС-ОЗН,,FNDT,IFA1,,1.0,8676.0,SUR,2025-12-04,0,RU000A1022Z1,ZPIF PARUS-OZN,4095-СД,8698.0,SUR,B,3,2025-12-08
556,RU000A1027E5,TQIF,ЗПИФ ВДО,17880.0,1,0.0,A,Т+: Паи - безадрес.,0,ЗПИФ Фонд ВДО разв. росс. комп,,FNDT,IFA1,,20.0,17780.0,SUR,2025-12-04,0,RU000A1027E5,ZPIF VDO Fund for Dev RusComp,4025,17880.0,SUR,B,3,2025-12-08
557,RU000A102AH5,TQIF,ЗПИФСовр 6,340000.0,1,0.0,A,Т+: Паи - безадрес.,0,ЗПИФ Современный 6,,FNDT,IFA1,,10000.0,340000.0,SUR,2025-12-04,0,RU000A102AH5,ZPIF Sovremenniy 6,4171,340000.0,SUR,B,3,2025-12-08
558,RU000A102N77,TQIF,ЗПИФРД,124950.0,1,0.0,A,Т+: Паи - безадрес.,0,ЗПИФ РД,,FNDT,IFA1,,50.0,124850.0,SUR,2025-12-04,0,RU000A102N77,ZPIF RI,3891,124950.0,SUR,B,1,2025-12-08
559,RU000A102PE0,TQIF,Фондсуб1,9100.0,1,0.0,A,Т+: Паи - безадрес.,0,ИПИФ ВИМ Фонд Суборд 1,,FNDT,IFA1,,50.0,9150.0,SUR,2025-12-04,0,RU000A102PE0,Fund Subord 1,4280-СД,9100.0,SUR,A,3,2025-12-08
560,RU000A102PF7,TQIF,Фондсуб2,9500.0,1,0.0,A,Т+: Паи - безадрес.,0,ИПИФ ВИМ Фонд Суборд 2,,FNDT,IFA1,,100.0,9500.0,SUR,2025-12-04,0,RU000A102PF7,Fund Subord 2,4281-СД,9500.0,SUR,A,3,2025-12-08
561,RU000A102PN1,TQIF,ПИФАльфаФФ,,1,0.0,A,Т+: Паи - безадрес.,0,ЗПИФ Альфа-К ФастФуд,,FNDT,IFA1,,50.0,,SUR,2025-12-04,0,RU000A102PN1,PIF Alfa-Capital FastFood,4265,,SUR,B,3,2025-12-08
562,RU000A102PQ4,TQIF,ФондСубРуб,9200.0,1,0.0,A,Т+: Паи - безадрес.,0,ИПИФ ВИМ Фонд Суборд Рубли,,FNDT,IFA1,,200.0,9200.0,SUR,2025-12-04,0,RU000A102PQ4,Fund Subord RUB,4283-СД,9200.0,SUR,A,3,2025-12-08
563,RU000A1034U7,TQIF,СФНАрБиз7,92400.0,1,0.0,A,Т+: Паи - безадрес.,0,ЗПИФ Недвижимости Современный7,,FNDT,IFA1,,200.0,92000.0,SUR,2025-12-04,0,RU000A1034U7,ZPIF Sovremenniy 7,4416,92400.0,SUR,B,3,2025-12-08
564,RU000A103B62,TQIF,РенДохПРО,1454.5,1,0.0,A,Т+: Паи - безадрес.,1,Рентный доход ПРО,,FNDT,IFA1,,0.5,1451.5,SUR,2025-12-04,0,RU000A103B62,Rental income PRO,4455-СД,1454.5,SUR,B,3,2025-12-08
565,RU000A103HD7,TQIF,ЗПИФРД2,103340.0,1,0.0,A,Т+: Паи - безадрес.,0,ЗПИФ РД 2,,FNDT,IFA1,,20.0,104360.0,SUR,2025-12-04,0,RU000A103HD7,ZPIF RI 2,4508,103340.0,SUR,B,3,2025-12-08
566,RU000A104172,TQIF,ПАРУС-СБЛ,1709.0,1,0.0,A,Т+: Паи - безадрес.,0,ЗПИФ ПАРУС-СБЛ,,FNDT,IFA1,,1.0,1707.0,SUR,2025-12-04,0,RU000A104172,ZPIF PARUS-SBL,4559-СД,1709.0,SUR,B,3,2025-12-08
567,RU000A104FB3,TQIF,Гиперион,1915.0,1,0.0,A,Т+: Паи - безадрес.,0,ИПИФ Газпромбанк - Гиперион,,FNDT,IFA1,,5.0,1915.0,SUR,2025-12-04,0,RU000A104FB3,MF Gazprombank - Hyperion,3977,1915.0,SUR,A,3,2025-12-08
568,RU000A104KU3,TQIF,ПАРУС-НОРД,1247.0,1,0.0,A,Т+: Паи - безадрес.,0,ЗПИФ ПАРУС-Нордвей,,FNDT,IFA1,,1.0,1247.0,SUR,2025-12-04,0,RU000A104KU3,ZPIF PARUS-Nordway,4570-СД,1247.0,SUR,B,3,2025-12-08
569,RU000A104M43,TQIF,ПИФ Аленка,24500.0,1,0.0,A,Т+: Паи - безадрес.,0,ОПИФ Аленка-Капитал,,FNDT,IFA1,,100.0,24300.0,SUR,2025-12-04,0,RU000A104M43,OPIF Alenka-Capital,3343,24500.0,SUR,9,3,2025-12-08
570,RU000A104YX8,TQIF,ЗПИФКомНед,925.0,1,0.0,A,Т+: Паи - безадрес.,0,ЗПИФ СФН Совр Ком недвиж,,FNDT,IFA1,,5.0,920.0,SUR,2025-12-04,0,RU000A104YX8,ZPIF Commercial Real Estate,4857-СД,920.0,SUR,B,3,2025-12-08
571,RU000A105153,TQIF,ХеджФондР5,2262.0,1,0.0,A,Т+: Паи - безадрес.,0,ИПИФ Астра Хедж-фонд Р5,,FNDT,IFA1,,1.0,2262.0,SUR,2025-12-04,0,RU000A105153,IPIF Astra Hedge Fund P5,4853-СД,2262.0,SUR,A,3,2025-12-08
572,RU000A105328,TQIF,ПАРУС-ЛОГ,1302.0,1,0.0,A,Т+: Паи - безадрес.,0,ЗПИФ ПАРУС-ЛОГИСТИКА,,FNDT,IFA1,,1.0,1298.0,SUR,2025-12-04,0,RU000A105328,ZPIF PARUS-LOGISTICS,4604-СД,1302.0,SUR,B,3,2025-12-08
573,RU000A105GY0,TQIF,ЗПИФПервСп,,1,0.0,A,Т+: Паи - безадрес.,0,ЗПИФ Гамма Первый спортивный,,FNDT,IFA1,,10.0,,SUR,2025-12-04,0,RU000A105GY0,ZPIF Gamma First Sports,5036-СД,,SUR,B,3,2025-12-08
574,RU000A105R70,TQIF,Аннапурна,24600.0,1,0.0,A,Т+: Паи - безадрес.,0,ИПИФ Аннапурна,,FNDT,IFA1,,200.0,24600.0,SUR,2025-12-04,0,RU000A105R70,IPIF Annapurna,4826-СД,24600.0,SUR,A,3,2025-12-08
575,RU000A105RJ8,TQIF,РСХБДолРын,1420.0,1,0.0,A,Т+: Паи - безадрес.,0,ОПИФ РСХБ Долговой рынок,,FNDT,IFA1,,5.0,1430.0,SUR,2025-12-04,0,RU000A105RJ8,OPIF RSHB Debt Market,4140,1420.0,SUR,9,3,2025-12-08
576,RU000A105TU1,TQIF,БКСКапитал,503.8,1,0.0,A,Т+: Паи - безадрес.,1,ОПИФ БКС Капитал,,FNDT,IFA1,,0.2,503.2,SUR,2025-12-04,0,RU000A105TU1,BCS Capital,5270,503.6,SUR,9,3,2025-12-08
577,RU000A1068X9,TQIF,ПАРУС-ДВН,990.0,1,0.0,A,Т+: Паи - безадрес.,0,ЗПИФ ПАРУС-Двинцев,,FNDT,IFA1,,1.0,989.0,SUR,2025-12-04,0,RU000A1068X9,ZPIF PARUS-Dvincev,4434-СД,990.0,SUR,B,3,2025-12-08
578,RU000A106CX9,TQIF,ЗПИФА-ЮМ,,1,0.0,A,Т+: Паи - безадрес.,0,ЗПИФ Альфа-К Южные метры,,FNDT,IFA1,,20.0,,SUR,2025-12-04,0,RU000A106CX9,ZPIF Alfa-K Yzhnie metry,5420,,SUR,B,3,2025-12-08
579,RU000A106G80,TQIF,ТКЗамещОбл,898.5,1,0.0,A,Т+: Паи - безадрес.,1,ЗПИФ Тинькофф Замещающие облиг,,FNDT,IFA1,,0.5,892.5,SUR,2025-12-04,0,RU000A106G80,ZPIF Tinkoff Replacement bonds,5435-СД,898.5,SUR,B,3,2025-12-08
580,RU000A106LB6,TQIF,ВсеСзПортф,1355.0,1,0.0,A,Т+: Паи - безадрес.,0,ИПИФ Всесезонный портфель,,FNDT,IFA1,,5.0,1355.0,SUR,2025-12-04,0,RU000A106LB6,IPIF All season portfolio,5476-СД,1355.0,SUR,A,3,2025-12-08
581,RU000A106LC4,TQIF,МаксВозм,1105.0,1,0.0,A,Т+: Паи - безадрес.,0,Атон Максимум возможностей,,FNDT,IFA1,,5.0,1100.0,SUR,2025-12-04,0,RU000A106LC4,IPIF Max possibilities,5475-СД,1105.0,SUR,A,3,2025-12-08
582,RU000A106MG3,TQIF,ХеджФондД5,1547.0,1,0.0,A,Т+: Паи - безадрес.,0,ИПИФ Астра Хедж-фонд Д5,,FNDT,IFA1,,1.0,1547.0,SUR,2025-12-04,0,RU000A106MG3,IPIF Astra Hedge Fund D5,5314-СД,1547.0,SUR,A,3,2025-12-08
583,RU000A106N57,TQIF,Атон-Об2.0,1060.0,1,0.0,A,Т+: Паи - безадрес.,0,ИПИФ Атон – Облигации 2.0,,FNDT,IFA1,,5.0,1060.0,SUR,2025-12-04,0,RU000A106N57,IPIF ATON  Bonds 2.0,5509-СД,1060.0,SUR,A,3,2025-12-08
584,RU000A106XE5,TQIF,Саммит,,10000,0.0,A,Т+: Паи - безадрес.,2,ИПИФ Саммит,,FNDT,IFA1,,0.01,,SUR,2025-12-04,0,RU000A106XE5,IPIF Sammeet,5617-СД,,SUR,A,3,2025-12-08
585,RU000A1075T2,TQIF,ЗПИФ Рубин,,1,0.0,A,Т+: Паи - безадрес.,1,ЗПИФ Газпромбанк – Рубин,,FNDT,IFA1,,0.1,,SUR,2025-12-04,0,RU000A1075T2,MF Gazprombank - Ruby,4843-СД,,SUR,B,3,2025-12-08
586,RU000A107860,TQIF,ХеджФондЮ5,1569.0,1,0.0,A,Т+: Паи - безадрес.,0,ИПИФ Астра Хедж-фонд Ю5,,FNDT,IFA1,,1.0,1569.0,SUR,2025-12-04,0,RU000A107860,IPIF Astra Hedge Fund U5,5313-СД,1569.0,SUR,A,3,2025-12-08
587,RU000A1079J5,TQIF,ХеджФондД1,1094.0,1,0.0,A,Т+: Паи - безадрес.,0,ИПИФ Астра Хедж-фонд Д1,,FNDT,IFA1,,1.0,1094.0,SUR,2025-12-04,0,RU000A1079J5,IPIF Astra Hedge Fund D1,5493-СД,1094.0,SUR,A,3,2025-12-08
588,RU000A107J37,TQIF,ПИФ СЖилН,,1,0.0,A,Т+: Паи - безадрес.,0,ПИФ Альфа Самолет Жилая недвиж,,FNDT,IFA1,,50.0,,SUR,2025-12-04,0,RU000A107J37,PIF Alfa Samolet Jilay Nedvij,5948,,SUR,B,3,2025-12-08
589,RU000A107RE5,TQIF,ПИФ Коллек,98000.0,1,0.0,A,Т+: Паи - безадрес.,0,ЗПИФ Альфа коллекция,,FNDT,IFA1,,2000.0,98000.0,SUR,2025-12-04,0,RU000A107RE5,PIF Alfa kollekciya,6002,98000.0,SUR,B,3,2025-12-08
590,RU000A107U08,TQIF,РазумИнвес,845.0,1,0.0,A,Т+: Паи - безадрес.,1,ОПИФ Разумный инвестор,,FNDT,IFA1,,5.0,840.0,SUR,2025-12-04,0,RU000A107U08,OPIF Smart Investor,6022,840.0,SUR,9,3,2025-12-08
591,RU000A108751,TQIF,ПИФПромПар,41000.0,1,0.0,A,Т+: Паи - безадрес.,0,ЗПИФ Альфа Промышленные парки,,FNDT,IFA1,,1000.0,42000.0,SUR,2025-12-04,0,RU000A108751,ZPIF Alfa Industrial parks,6101-СД,42000.0,SUR,B,3,2025-12-08
592,RU000A108KP4,TQIF,ХеджФондА+,1104.0,1,0.0,A,Т+: Паи - безадрес.,0,ИПИФ Астра Хедж-фонд А+,,FNDT,IFA1,,1.0,1104.0,SUR,2025-12-04,0,RU000A108KP4,IPIF Astra Hedge Fund A+,6157-СД,1104.0,SUR,A,3,2025-12-08
593,RU000A108RS3,TQIF,ПИФЗалЗайм,1600.0,10,0.0,A,Т+: Паи - безадрес.,0,ЗПИФ Залоговые займы,,FNDT,IFA1,,5.0,1600.0,SUR,2025-12-04,0,RU000A108RS3,ZPIF Zalogovye zajmy,6147-СД,1600.0,SUR,B,3,2025-12-08
594,RU000A108TT7,TQIF,БКСДивАкци,76.56,1,0.0,A,Т+: Паи - безадрес.,2,БКС Дивиденд акции с выплатой,,FNDT,IFA1,,0.02,75.82,SUR,2025-12-04,0,RU000A108TT7,BCS Equities with dividends,6266,76.38,SUR,9,3,2025-12-08
595,RU000A108UH0,TQIF,ПАРУС-КРАС,930.0,1,0.0,A,Т+: Паи - безадрес.,0,ПАРУС-КРАСНОЯРСК,,FNDT,IFA1,,1.0,928.0,SUR,2025-12-04,0,RU000A108UH0,ZPIF PARUS-Krasnoyarsk,5849-СД,930.0,SUR,B,3,2025-12-08
596,RU000A108VR7,TQIF,ПАРУС-МАКС,1523.0,1,0.0,A,Т+: Паи - безадрес.,0,ЗПИФ ПАРУС-МАКС,,FNDT,IFA1,,1.0,1524.0,SUR,2025-12-04,0,RU000A108VR7,ZPIF PARUS-MAX,6219-СД,1523.0,SUR,B,3,2025-12-08
597,RU000A108ZB2,TQIF,2хОФЗ,153800.0,1,0.0,A,Т+: Паи - безадрес.,0,ВИМ Инвестиции 2х ОФЗ,,FNDT,IFA1,,50.0,153350.0,SUR,2025-12-04,0,RU000A108ZB2,WIM Investments 2x OFZ,6323-СД,153150.0,SUR,A,3,2025-12-08
598,RU000A1092L4,TQIF,ПИФАКТИВ20,93500.0,1,0.0,A,Т+: Паи - безадрес.,0,ЗПИФ АКТИВО ДВАДЦАТЬ,,FNDT,IFA1,,500.0,93500.0,SUR,2025-12-04,0,RU000A1092L4,ZPIF AKTIVO 20,6211,93500.0,SUR,B,3,2025-12-08
599,RU000A1095D4,TQIF,Атон - ОФЗ,1265.0,1,0.0,A,Т+: Паи - безадрес.,0,ИПИФ Атон - ОФЗ,,FNDT,IFA1,,5.0,1290.0,SUR,2025-12-04,0,RU000A1095D4,IPIF Aton - OFZ,6366-СД,1265.0,SUR,A,3,2025-12-08
600,RU000A1099U0,TQIF,ЗПИФСовр 9,5.86,1,0.0,A,Т+: Паи - безадрес.,3,ЗПИФ Современный 9,,FNDT,IFA1,,0.002,5.858,SUR,2025-12-04,0,RU000A1099U0,ZPIF Sovremenniy 9,6412,5.86,SUR,B,3,2025-12-08
601,RU000A109G79,TQIF,ПИФГРИНФЛО,8910.0,1,0.0,A,Т+: Паи - безадрес.,0,ЗПИФ ГРИНФЛОУ СКАНДИНАВИЯ,,FNDT,IFA1,,10.0,8900.0,SUR,2025-12-04,0,RU000A109G79,ZPIF GREENFLOW SCANDINAVIA,6234-СД,8900.0,SUR,B,3,2025-12-08
602,RU000A109GQ8,TQIF,ПИФСкладК2,1300.0,1,0.0,A,Т+: Паи - безадрес.,1,ПИФ Складская коллекция 2,,FNDT,IFA1,,0.2,1292.0,SUR,2025-12-04,0,RU000A109GQ8,PIF Skladskaya kollekciya 2,6461,1297.8,SUR,B,3,2025-12-08
603,RU000A109QR5,TQIF,ААА Золото,2855.0,1,0.0,A,Т+: Паи - безадрес.,0,ААА ПИФ Фонд Золота,,FNDT,IFA1,,5.0,2865.0,SUR,2025-12-04,0,RU000A109QR5,AAA PIF Gold Fund,5096,2855.0,SUR,9,3,2025-12-08
604,RU000A109R27,TQIF,2х Акции,812.0,1,0.0,A,Т+: Паи - безадрес.,1,2х Акции,,FNDT,IFA1,,0.5,818.0,SUR,2025-12-04,0,RU000A109R27,2x Shares,6545-СД,814.0,SUR,A,3,2025-12-08
605,RU000A10A489,TQIF,ПИФПарки2,1043.0,1,0.0,A,Т+: Паи - безадрес.,1,ЗПИФ Альфа Промышленные парки2,,FNDT,IFA1,,0.5,1043.5,SUR,2025-12-04,0,RU000A10A489,ZPIF Alfa Industrial parks2,6648-СД,1043.0,SUR,B,3,2025-12-08
606,RU000A10AN72,TQIF,Синара,127000.0,1,0.0,A,Т+: Паи - безадрес.,0,ИПИФ Синара,,FNDT,IFA1,,200.0,127200.0,SUR,2025-12-04,0,RU000A10AN72,IPIF Sinara,6761-СД,127000.0,SUR,A,3,2025-12-08
607,RU000A10AQT4,TQIF,Достояние,11.087,1,0.0,A,Т+: Паи - безадрес.,3,ЗПИФ ААА - Достояние,,FNDT,IFA1,,0.001,11.074,SUR,2025-12-04,0,RU000A10AQT4,ZPIF AAA - Dostoyanie,6815-СД,11.087,SUR,B,3,2025-12-08
608,RU000A10ATA8,TQIF,ПИФАКТИВФЛ,130000.0,1,0.0,A,Т+: Паи - безадрес.,0,ЗПИФ АКТИВО ФЛИППИНГ,,FNDT,IFA1,,2000.0,130000.0,SUR,2025-12-04,0,RU000A10ATA8,ZPIF AKTIVO FLIPPING,6721,130000.0,SUR,B,3,2025-12-08
609,RU000A10BM31,TQIF,ВИМ Вал пл,10420.0,1,0.0,A,Т+: Паи - безадрес.,0,ВИМ Инвестиции Валютное плечо,,FNDT,IFA1,,5.0,10415.0,SUR,2025-12-04,0,RU000A10BM31,WIM Investmens Valutnoe plecho,7031-СД,10435.0,SUR,A,3,2025-12-08
610,RU000A10BQP0,TQIF,БКС ОФЗ ВД,105.46,1,0.0,A,Т+: Паи - безадрес.,2,БКС ОФЗ с выплатой дохода,,FNDT,IFA1,,0.01,105.6,SUR,2025-12-04,0,RU000A10BQP0,BCS OFZ with income payment,7057,105.28,SUR,9,3,2025-12-08
611,RU000A10BQQ8,TQIF,ЛАХТА ПАРК,1695.0,1,0.0,A,Т+: Паи - безадрес.,1,ЗПИФ ГРИН ФЛОУ ЛАХТА ПАРК,,FNDT,IFA1,,0.1,1725.0,SUR,2025-12-04,0,RU000A10BQQ8,ZPIF GREEN FLOW LAHTA PARK,6843-СД,1725.0,SUR,B,3,2025-12-08
612,RU000A10BT26,TQIF,ЗПИФА-Т,,1,0.0,A,Т+: Паи - безадрес.,1,ЗПИФ Альфа-К Туризм,,FNDT,IFA1,,0.2,,SUR,2025-12-04,0,RU000A10BT26,ZPIF Alfa-K Turism,7074-СД,,SUR,B,3,2025-12-08
613,RU000A10BT42,TQIF,ФЖН-1,1080.8,1,0.0,A,Т+: Паи - безадрес.,1,ЗПИФ ДОМ.РФ ФЖН-1,,FNDT,IFA1,,0.1,1080.8,SUR,2025-12-04,0,RU000A10BT42,ZPIF DOM.RF FZN-1,7090-СД,1080.8,SUR,B,3,2025-12-08
614,RU000A10CFM8,TQIF,ПАРУС-ЗОЛЯ,902.0,1,0.0,A,Т+: Паи - безадрес.,0,ЗПИФ ПАРУС-ЗОЛЯ,,FNDT,IFA1,,1.0,901.0,SUR,2025-12-04,0,RU000A10CFM8,ZPIF PARUS-ZOLYA,7223-СД,902.0,SUR,B,3,2025-12-08
615,RU000A10CKQ9,TQIF,АлфаКомНед,109200.0,1,0.0,A,Т+: Паи - безадрес.,0,ЗПИФ Альфа Свой Капитал КомНед,,FNDT,IFA1,,10.0,109200.0,SUR,2025-12-04,0,RU000A10CKQ9,ZPIF Alfa Svoy Capital KomNed,7030-СД,109200.0,SUR,B,3,2025-12-08
616,RU000A10CLY1,TQIF,ПИФАКТИВ21,,1,0.0,A,Т+: Паи - безадрес.,0,ЗПИФ АКТИВО ДВАДЦАТЬ ОДИН,,FNDT,IFA1,,20.0,,SUR,2025-12-04,0,RU000A10CLY1,ZPIF AKTIVO 21,7004,,SUR,B,3,2025-12-08
617,RU000A10D7W9,TQIF,СинараВОбл,,1,0.0,A,Т+: Паи - безадрес.,0,ИПИФ Синара Валютные Обл,,FNDT,IFA1,,10.0,,SUR,2025-12-04,0,RU000A10D7W9,IPIF Sinara currency bonds,7371-СД,,SUR,A,3,2025-12-08
618,XEQTRU,TQIF,РуАк120/80,,1,0.0,A,Т+: Паи - безадрес.,0,ИПИФ Астра Рос акции 120/80,,FNDT,IFA1,,1.0,,SUR,2025-12-04,0,RU000A109PD7,IPIF Astra Rus shares 120/80,6352-СД,,SUR,A,3,2025-12-08
619,XHOUSE,TQIF,ЗПИФ СМЛТ,899.0,1,0.0,A,Т+: Паи - безадрес.,1,ЗПИФ Самолет Инвестиции в недв,,FNDT,IFA1,,1.0,897.0,SUR,2025-12-04,0,RU000A10A117,ZPIF Samolet REIT,6487,890.0,SUR,B,2,2025-12-08
620,XSKLAD,TQIF,ЗПИФСовр10,100.85,10,0.0,A,Т+: Паи - безадрес.,2,ЗПИФ Современный 10,,FNDT,IFA1,,0.01,100.89,SUR,2025-12-04,0,RU000A10D822,ZPIF Sovremenniy 10,7347,100.85,SUR,B,3,2025-12-08
621,XTRIUMF,TQIF,ПАРУС-ТРМ,898.0,1,0.0,A,Т+: Паи - безадрес.,1,ЗПИФ ПАРУС-ТРИУМФ,,FNDT,IFA1,,1.0,897.0,SUR,2025-12-04,0,RU000A108BZ2,ZPIF PARUS-TRIUMF,6109-СД,898.0,SUR,B,3,2025-12-08
622,XXRONE,TQIF,ОблигацииР,,1,0.0,A,Т+: Паи - безадрес.,0,ИПИФ Астра Облигации Р1,,FNDT,IFA1,,1.0,,SUR,2025-12-04,0,RU000A10DAY2,IPIF Astra Bonds P1,6859-СД,,SUR,A,3,2025-12-08
623,XXXXXX,TQIF,Рентал ПРО,992.6,1,0.0,A,Т+: Паи - безадрес.,1,ЗПИФ Рентал ПРО,,FNDT,IFA1,,0.1,990.0,SUR,2025-12-04,0,RU000A108157,Rental PRO,6069-СД,992.6,SUR,B,3,2025-12-08
624,AKAI,TQTF,AKAI ETF,102.81,1,0.0,A,Т+: ETF - безадрес.,2,БПИФ Антиинфляционный,,FNDT,IFTF,,0.01,102.99,SUR,2025-12-04,0,RU000A109PQ9,AKAI ETF Anti-inflationary,6527,103.06,SUR,J,1,2025-12-08
625,AKBC,TQTF,AKBC ETF,96.3,1,0.0,A,Т+: ETF - безадрес.,1,БПИФ Альфа Индекс голуб фишек,,FNDT,IFTF,,0.1,96.4,SUR,2025-12-04,0,RU000A10B6F8,AKBC ETF blue chip Index,6911,96.4,SUR,J,1,2025-12-08
626,AKCN,TQTF,AKCN ETF,93.6,1,0.0,A,Т+: ETF - безадрес.,1,БПИФ Альфа Индекс потреб сект,,FNDT,IFTF,,0.1,93.7,SUR,2025-12-04,0,RU000A10CKV9,AKCN ETF consumer sector index,7246,93.6,SUR,J,1,2025-12-08
627,AKFB,TQTF,AKFB ETF,125.07,1,0.0,A,Т+: ETF - безадрес.,2,БПИФ Альфа Обл с перем купоном,,FNDT,IFTF,,0.01,125.02,SUR,2025-12-04,0,RU000A109T66,AKFB ETF floating rate bonds,6541,125.1,SUR,J,1,2025-12-08
628,AKFN,TQTF,AKFN ETF,96.3,1,0.0,A,Т+: ETF - безадрес.,1,БПИФ Альфа Индекс финансов,,FNDT,IFTF,,0.1,96.7,SUR,2025-12-04,0,RU000A10CKU1,AKFN ETF finance index,7245,96.4,SUR,J,1,2025-12-08
629,AKGD,TQTF,AKGD ETF,230.9,1,0.0,A,Т+: ETF - безадрес.,2,БПИФ Альфа Капитал Золото,,FNDT,IFTF,,0.01,233.99,SUR,2025-12-04,0,RU000A1045N8,AKGD ETF Gold,4713,233.13,SUR,J,1,2025-12-08
630,AKGP,TQTF,AKGP ETF,1.035,1,0.0,A,Т+: ETF - безадрес.,3,БПИФ АльфаКап Управ валют обл,,FNDT,IFTF,,0.001,1.044,SUR,2025-12-04,0,RU000A10BJF6,AKGP ETF Currency bonds,6996,1.039,SUR,J,1,2025-12-08
631,AKHT,TQTF,AKHT ETF,96.17,1,0.0,A,Т+: ETF - безадрес.,2,БПИФ Альфа Капитал ИТ Лидеры,,FNDT,IFTF,,0.01,95.92,SUR,2025-12-04,0,RU000A109VF0,AKHT ETF Alfa IT Leaders,6580,95.89,SUR,J,1,2025-12-08
632,AKIE,TQTF,ETF AKIE,984.76,1,0.0,A,Т+: ETF - безадрес.,2,БПИФ Альфа Упр Акции с доходом,,FNDT,IFTF,,0.01,979.91,SUR,2025-12-04,0,RU000A109JU4,ETF Alfa Managed Income Shares,6467,979.29,SUR,J,1,2025-12-08
633,AKMB,TQTF,ETF AKMB,1.8456,1,0.0,A,Т+: ETF - безадрес.,4,БПИФ Альфа Управляем облигации,,FNDT,IFTF,,0.0002,1.8426,SUR,2025-12-04,0,RU000A101PN3,ETF AKMB Alfa Managed Bonds,4039,1.845,SUR,J,1,2025-12-08
634,AKME,TQTF,ETF AKME,186.88,1,0.0,A,Т+: ETF - безадрес.,2,БПИФ Альфа Управляем Акции,,FNDT,IFTF,,0.02,186.96,SUR,2025-12-04,0,RU000A102E78,ETF AKME Alfa Managed Equties,4213,187.0,SUR,J,1,2025-12-08
635,AKMM,TQTF,AKMM ETF,159.0,1,0.0,A,Т+: ETF - безадрес.,2,БПИФ Альфа Денежный рынок,,FNDT,IFTF,,0.01,158.98,SUR,2025-12-04,0,RU000A104X08,AKMM ETF Money market,5012,159.0,SUR,J,1,2025-12-08
636,AKMP,TQTF,AKMP ETF,1.1434,1,0.0,A,Т+: ETF - безадрес.,4,БПИФ Альфа Денежный рынок Плюс,,FNDT,IFTF,,0.0001,1.1433,SUR,2025-12-04,0,RU000A10AU81,AKMP ETF Money market Plus,6848,1.1434,SUR,J,1,2025-12-08
637,AKPP,TQTF,AKPP ETF,135.17,1,0.0,A,Т+: ETF - безадрес.,2,БПИФ Альфа Платина-Палладий,,FNDT,IFTF,,0.01,135.54,SUR,2025-12-04,0,RU000A10AUA6,AKPP ETF Platinum-Palladium,6838,134.76,SUR,J,1,2025-12-08
638,AKQU,TQTF,AKQU ETF,72.01,1,0.0,A,Т+: ETF - безадрес.,2,БПИФ Альфа Капитал Квант,,FNDT,IFTF,,0.01,71.85,SUR,2025-12-04,0,RU000A103NR5,AKQU ETF Alfa Capital Quant,4580,71.87,SUR,J,1,2025-12-08
639,AKUP,TQTF,AKUP ETF,12.47,1,0.0,A,Т+: ETF - безадрес.,2,Альфа-Капитал Умный портфель,,FNDT,IFTF,,0.01,12.45,SUR,2025-12-04,0,RU000A107KJ9,AKUP ETF Smart portfolio,5955,12.47,SUR,J,1,2025-12-08
640,AMFL,TQTF,AMFL ETF,123.7,1,0.0,A,Т+: ETF - безадрес.,1,БПИФ АТОН – Флоатеры,,FNDT,IFTF,,0.1,123.8,SUR,2025-12-04,0,RU000A10AFG4,ATON Floaters,6763,123.8,SUR,J,1,2025-12-08
641,AMGB,TQTF,AMGB ETF,126.7,1,0.0,A,Т+: ETF - безадрес.,1,БПИФ АТОН - Длинные ОФЗ,,FNDT,IFTF,,0.1,126.1,SUR,2025-12-04,0,RU000A10AFH2,ATON Long OFZ,6764,126.5,SUR,J,1,2025-12-08
642,AMGL,TQTF,AMGL ETF,123.3,1,0.0,A,Т+: ETF - безадрес.,1,АТОН - Накопительный в Золоте,,FNDT,IFTF,,0.1,123.9,SUR,2025-12-04,0,RU000A10BXM3,AMGL ETF Cumulative in Gold,7136,123.9,SUR,J,1,2025-12-08
643,AMNR,TQTF,AMNR ETF,140.101,1,0.0,A,Т+: ETF - безадрес.,3,АТОН – Накопительный в рублях,,FNDT,IFTF,,0.001,140.098,SUR,2025-12-04,0,RU000A107H96,AMNR ETF Cumulative in rubles,5936,140.097,SUR,J,1,2025-12-08
644,AMNY,TQTF,AMNY ETF,1116.07,1,0.0,A,Т+: ETF - безадрес.,2,АТОН - Накопительный в юанях,,FNDT,IFTF,,0.01,1128.23,SUR,2025-12-04,0,RU000A108P04,AMNY ETF Cumulative in yuan,6221,1126.94,SUR,J,1,2025-12-08
645,AMRE,TQTF,AMRE ETF,111.4,1,0.0,A,Т+: ETF - безадрес.,1,БПИФ АТОН – Российские акции +,,FNDT,IFTF,,0.1,111.3,SUR,2025-12-04,0,RU000A102XX4,ATON Russian Equities + ETF,4330,111.4,SUR,J,1,2025-12-08
646,AMRH,TQTF,AMRH ETF,149.7,1,0.0,A,Т+: ETF - безадрес.,1,БПИФ АТОН Высокодох. рос. обл.,,FNDT,IFTF,,0.1,150.5,SUR,2025-12-04,0,RU000A103FW1,AMRH ETF ATON Hyield Rus Bonds,4506,149.6,SUR,J,1,2025-12-08
647,BCSB,TQTF,BCSB ETF,15.5,1,0.0,A,Т+: ETF - безадрес.,3,БКС Облигации повыш доход,,FNDT,IFTF,,0.002,15.466,SUR,2025-12-04,0,RU000A102ST2,BCSB ETF High Yield Bonds,4301,15.482,SUR,J,1,2025-12-08
648,BCSD,TQTF,BCSD ETF,12.859,1,0.0,A,Т+: ETF - безадрес.,3,БПИФ БКС Денежный рынок,,FNDT,IFTF,,0.001,12.858,SUR,2025-12-04,0,RU000A108ZJ5,BCSD ETF Money Market,6330,12.859,SUR,J,1,2025-12-08
649,BCSE,TQTF,BCSE ETF,897.5,1,0.0,A,Т+: ETF - безадрес.,1,БПИФ БКС Валютные облигации,,FNDT,IFTF,,0.5,905.0,SUR,2025-12-04,0,RU000A10CG53,BCSE ETF Currency Bonds,7231,903.5,SUR,J,1,2025-12-08
650,BCSG,TQTF,BCSG ETF,12.34,1,0.0,A,Т+: ETF - безадрес.,2,БПИФ БКС Золото,,FNDT,IFTF,,0.01,12.35,SUR,2025-12-04,0,RU000A10BHQ7,BCSG ETF Gold,7003,12.34,SUR,J,1,2025-12-08
651,BCSR,TQTF,BCSR ETF,11.04,1,0.0,A,Т+: ETF - безадрес.,2,БПИФ БКС Индекс Росс рынка,,FNDT,IFTF,,0.01,11.06,SUR,2025-12-04,0,RU000A10A0N6,BCSR ETF MX,6615,11.06,SUR,J,1,2025-12-08
652,BCSW,TQTF,BCSW ETF,10.51,1,0.0,A,Т+: ETF - безадрес.,2,БПИФ БКС Всепогодный портфель,,FNDT,IFTF,,0.01,10.56,SUR,2025-12-04,0,RU000A10B5P9,BCSW ETF All Weather Portfolio,6918,10.51,SUR,J,1,2025-12-08
653,BNDA,TQTF,BNDA ETF,1117.7,1,0.0,A,Т+: ETF - безадрес.,1,ДОХОДЪ Облигации 2025/28/31,,FNDT,IFTF,,0.1,1124.1,SUR,2025-12-04,0,RU000A10BBU2,DOHOD Bonds Dec 2025/2028/2031,6971,1124.4,SUR,J,1,2025-12-08
654,BNDB,TQTF,BNDB ETF,1177.2,1,0.0,A,Т+: ETF - безадрес.,1,ДОХОДЪ Облигации 2026/29/32,,FNDT,IFTF,,0.1,1177.6,SUR,2025-12-04,0,RU000A10BBR8,DOHOD Bonds Dec 2026/2029/2032,6955,1177.5,SUR,J,1,2025-12-08
655,BNDC,TQTF,BNDC ETF,1173.0,1,0.0,A,Т+: ETF - безадрес.,1,ДОХОДЪ Облигации 2027/30/33,,FNDT,IFTF,,0.1,1172.9,SUR,2025-12-04,0,RU000A10BBT4,DOHOD Bonds Dec 2027/2030/2033,6970,1172.7,SUR,J,1,2025-12-08
656,BOND,TQTF,BOND ETF,1533.2,1,0.0,A,Т+: ETF - безадрес.,1,ДОХОДЪ Сбондс Корп. обл. РФ,,FNDT,IFTF,,0.2,1534.2,SUR,2025-12-04,0,RU000A104Z22,BOND ETF DOHOD Cbonds corp. RU,4920,1533.0,SUR,J,1,2025-12-08
657,CASH,TQTF,CASH ETF,12.2502,1,0.0,A,Т+: ETF - безадрес.,4,ААА БПИФ Ежедневный процент,,FNDT,IFTF,,0.0001,12.2498,SUR,2025-12-04,0,RU000A109X11,CASH ETF Daily rate,6589,12.2502,SUR,J,1,2025-12-08
658,CNYM,TQTF,CNYM ETF,119.6,1,0.0,A,Т+: ETF - безадрес.,2,Ликвидность. Юань,,FNDT,IFAY,,0.01,121.06,CNY,2025-12-04,0,RU000A107D41,CNYM ETF Liquidity. CNY,5866,120.27,SUR,J,1,2025-12-08
659,DIVD,TQTF,ETF DIVD,1109.6,1,0.0,A,Т+: ETF - безадрес.,1,БПИФ ДОХОДЪ Инд дивид акций,,FNDT,IFTF,,0.2,1108.6,SUR,2025-12-04,0,RU000A102N02,ETF DIVD DOHOD DIV,4242,1110.4,SUR,J,1,2025-12-08
660,EQMX,TQTF,EQMX ETF,135.5,1,0.0,A,Т+: ETF - безадрес.,2,БПИФ Индекс МосБиржи УК ВИМ,,FNDT,IFTF,,0.05,135.9,SUR,2025-12-04,0,RU000A101EJ5,EQMX ETF MOEX Fund,3965,135.85,SUR,J,1,2025-12-08
661,ESGE,TQTF,ESGE ETF,81.87,1,0.0,A,Т+: ETF - безадрес.,2,БПИФ УстойчРазвРоссКомп УК ВИМ,,FNDT,IFTF,,0.01,81.91,SUR,2025-12-04,0,RU000A103LL2,ESGE ETF Russian Equity ESG,4568,81.8,SUR,J,1,2025-12-08
662,ESGR,TQTF,ESGR ETF,1154.5,1,0.0,A,Т+: ETF - безадрес.,1,БПИФ РСХБ-МосБиржа-РСПП Вектор,,FNDT,IFTF,,0.5,1155.5,SUR,2025-12-04,0,RU000A101R66,ESGR ETF RSHB-MOEX-RSPP VecTR,4057,1154.5,SUR,J,1,2025-12-08
663,FINC,TQTF,FINC ETF,1271.7,1,0.0,A,Т+: ETF - безадрес.,1,ФИНСТАР Денежный рынок +,,FNDT,IFTF,,0.1,1271.7,SUR,2025-12-04,0,RU000A109866,FINSTAR Money market +,6396,1271.7,SUR,J,1,2025-12-08
664,FLOW,TQTF,FLOW ETF,1020.0,1,0.0,A,Т+: ETF - безадрес.,1,БПИФ Первая Ежемесячный доход,,FNDT,IFTF,,0.1,1019.8,SUR,2025-12-04,0,RU000A10BXL5,FLOW ETF First Monthly income,7137,1020.0,SUR,J,1,2025-12-08
665,FMBR,TQTF,FMBR ETF,10.239,1,0.0,A,Т+: ETF - безадрес.,3,БПИФ Финам Облигац. с выплатой,,FNDT,IFTF,,0.001,10.242,SUR,2025-12-04,0,RU000A10CTD8,FMBR ETF bonds with payment,7306,10.243,SUR,J,1,2025-12-08
666,FMMM,TQTF,FMMM ETF,12.395,1,0.0,A,Т+: ETF - безадрес.,3,БПИФ Финам Денежный рынок,,FNDT,IFTF,,0.001,12.39,SUR,2025-12-04,0,RU000A109LD6,FMMM ETF Money market,6459,12.387,SUR,J,1,2025-12-08
667,GOLD,TQTF,GOLD ETF,2.5615,1,0.0,A,Т+: ETF - безадрес.,4,БПИФ Золото.Биржевой УК ВИМ,,FNDT,IFTF,,0.0005,2.58,USD,2025-12-04,0,RU000A101NZ2,GOLD ETF Gold Fund,4038,2.58,SUR,J,1,2025-12-08
668,GOOD,TQTF,GOOD ETF,1242.1,1,0.0,A,Т+: ETF - безадрес.,1,ДОХОДЪ Стратегии денеж. рынка,,FNDT,IFTF,,0.1,1243.1,SUR,2025-12-04,0,RU000A10A7V4,GOOD ETF DOHOD MM Strategies,6720,1242.0,SUR,J,1,2025-12-08
669,GROD,TQTF,ETF GROD,796.0,1,0.0,A,Т+: ETF - безадрес.,1,БПИФ ДОХОДЪ Инд акций роста,,FNDT,IFTF,,0.5,801.0,SUR,2025-12-04,0,RU000A1037V8,ETF GROD DOHOD GROWTH IND,4444,802.0,SUR,J,1,2025-12-08
670,INFL,TQTF,INFL ETF,126.7,1,0.0,A,Т+: ETF - безадрес.,2,БПИФ Ингосстрах Инфляционный,,FNDT,IFTF,,0.02,126.7,SUR,2025-12-04,0,RU000A1047H6,INFL ETF Ingosstrakh Inflation,4742,126.7,SUR,J,1,2025-12-08
671,INGO,TQTF,INGO ETF,149.9,1,0.0,A,Т+: ETF - безадрес.,2,БПИФ Ингосстрах Корп облигации,,FNDT,IFTF,,0.05,149.65,SUR,2025-12-04,0,RU000A103CA4,INGO ETF Ingosstrakh Corpbonds,4483,149.9,SUR,J,1,2025-12-08
672,LQDT,TQTF,LQDT ETF,1.8633,1,0.0,A,Т+: ETF - безадрес.,4,БПИФ Ликвидность УК ВИМ,,FNDT,IFTF,,0.0001,1.8633,SUR,2025-12-04,0,RU000A1014L8,LQDT ETF Money Market Fund,3915,1.8633,SUR,J,1,2025-12-08
673,MKBD,TQTF,MKBD ETF,952.0,1,0.0,A,Т+: ETF - безадрес.,0,БПИФ МКБ Российские Див. Акции,,FNDT,IFTF,,1.0,957.0,SUR,2025-12-04,0,RU000A103BX8,MKBD ETF Russian Div. Shares,4474,960.0,SUR,J,1,2025-12-08
674,MONY,TQTF,MONY ETF,118.79,1,0.0,A,Т+: ETF - безадрес.,2,БПИФ АК БАРС Денежный рынок,,FNDT,IFTF,,0.01,118.64,SUR,2025-12-04,0,RU000A10AF15,MONY ETF Money market,6661,118.79,SUR,J,3,2025-12-08
675,OBLG,TQTF,OBLG ETF,187.18,1,0.0,A,Т+: ETF - безадрес.,2,БПИФ Российскиеоблигации УКВИМ,,FNDT,IFTF,,0.02,187.4,SUR,2025-12-04,0,RU000A1002S8,OBLG ETF Corp Bonds Smart beta,3647,187.46,SUR,J,1,2025-12-08
676,OPNB,TQTF,OPNB ETF,107.5,1,0.0,N,Т+: ETF - безадрес.,2,БПИФ Открытие - Облигации РФ,,FNDT,IFTF,,0.02,107.72,SUR,2025-12-04,0,RU000A103HB1,OPNB ETF - RU Bonds,4525,107.6,SUR,J,1,2025-12-08
677,OPNR,TQTF,OPNR ETF,103.14,1,0.0,N,Т+: ETF - безадрес.,2,БПИФ Открытие - Акции РФ,,FNDT,IFTF,,0.02,103.14,SUR,2025-12-04,0,RU000A103H90,OPNR ETF - RU Stocks,4523,103.14,SUR,J,1,2025-12-08
678,PRIE,TQTF,PRIE ETF,849.0,1,0.0,A,Т+: ETF - безадрес.,0,БПИФ РСХБ-Облигации ИЭсДжи,,FNDT,IFTF,,1.0,855.0,USD,2025-12-04,0,RU000A1030R1,PRIE ETF RSHB-BondsESG,4362,849.0,SUR,J,1,2025-12-08
679,PSGM,TQTF,PSGM ETF,11.861,1,0.0,A,Т+: ETF - безадрес.,3,БПИФ ПСБ Золотой рынок,,FNDT,IFTF,,0.001,11.972,SUR,2025-12-04,0,RU000A10B5N4,PSGM ETF PSB Gold Market,6919,11.977,SUR,J,1,2025-12-08
680,PSMM,TQTF,PSMM ETF,13.139,1,0.0,A,Т+: ETF - безадрес.,3,БПИФ РФИ ПСБ–Денежный рынок,,FNDT,IFTF,,0.001,13.137,SUR,2025-12-04,0,RU000A108G96,PSMM ETF MFI PSB-Money Market,6170,13.138,SUR,J,1,2025-12-08
681,PSRB,TQTF,PSRB ETF,12.733,1,0.0,A,Т+: ETF - безадрес.,3,ПСБ  Рублевые облигации,,FNDT,IFTF,,0.001,12.711,SUR,2025-12-04,0,RU000A10A0X5,PSRB ETF Ruble bonds,6626,12.703,SUR,J,1,2025-12-08
682,PSRE,TQTF,PSRE ETF,9.603,1,0.0,A,Т+: ETF - безадрес.,3,БПИФ ПСБ - Российские акции,,FNDT,IFTF,,0.001,9.601,SUR,2025-12-04,0,RU000A10C0W5,PSRE ETF PSB - Russian Equitie,7155,9.562,SUR,J,1,2025-12-08
683,RSHU,TQTF,RSHU ETF,119.84,1,0.0,A,Т+: ETF - безадрес.,2,БПИФ РСХБ Корп обл смарт бета,,FNDT,IFTF,,0.02,119.96,USD,2025-12-04,0,RU000A101368,RSHU ETF smart beta bonds,3906,119.84,SUR,J,1,2025-12-08
684,SAFE,TQTF,SAFE ETF,16.39,1,0.0,A,Т+: ETF - безадрес.,3,БПИФ Первая Консерватив,,FNDT,IFTF,,0.005,16.39,SUR,2025-12-04,0,RU000A1035N9,SAFE ETF Conservative,4431,16.39,SUR,J,1,2025-12-08
685,SBBC,TQTF,SBBC ETF,9.93,1,0.0,A,Т+: ETF - безадрес.,3,БПИФ Первая Голубые фишки,,FNDT,IFTF,,0.001,9.935,SUR,2025-12-04,0,RU000A10B7P5,SBBC ETF Blue chips,6938,9.93,SUR,J,1,2025-12-08
686,SBBY,TQTF,SBBY ETF,9.982,1,0.0,A,Т+: ETF - безадрес.,3,БПИФ Фонд Инструменты в юанях,,FNDT,IFTF,,0.002,10.064,CNY,2025-12-04,0,RU000A106J53,SBBY ETF Instrum Fund in CNY,5472,9.982,SUR,J,1,2025-12-08
687,SBCB,TQTF,SBCB ETF,1319.5,1,0.0,A,Т+: ETF - безадрес.,1,БПИФ Первая Фонд валютн. облиг,,FNDT,IFTF,,0.5,1326.0,USD,2025-12-04,0,RU000A1000Q6,SBCB ETF USD Corporate Bonds,3636,1319.5,SUR,J,1,2025-12-08
688,SBCN,TQTF,SBCN ETF,11.468,1,0.0,A,Т+: ETF - безадрес.,3,БПИФ Первая Сберегат. в юанях,,FNDT,IFTF,,0.001,11.566,CNY,2025-12-04,0,RU000A105PU9,SBCN ETF First Savings in cny,5230,11.468,SUR,J,1,2025-12-08
689,SBDS,TQTF,SBDS ETF,3.435,1,0.0,A,Т+: ETF - безадрес.,3,БПИФ Первая Фонд Моя цель 2045,,FNDT,IFTF,,0.005,3.455,SUR,2025-12-04,0,RU000A1035L3,SBDS ETF Moya cel 2045,4428,3.435,SUR,J,1,2025-12-08
690,SBFR,TQTF,SBFR ETF,13.788,1,0.0,A,Т+: ETF - безадрес.,3,БПИФ Первая Облигации флоатеры,,FNDT,IFTF,,0.002,13.792,SUR,2025-12-04,0,RU000A107KW2,SBFR ETF Fund Bonds floaters,5972,13.788,SUR,J,1,2025-12-08
691,SBGB,TQTF,SBGB ETF,14.807,1,0.0,A,Т+: ETF - безадрес.,3,БПИФ Первая Гос. облигации,,FNDT,IFTF,,0.001,14.779,SUR,2025-12-04,0,RU000A1000F9,SBGB ETF Government Bonds,3629,14.807,SUR,J,1,2025-12-08
692,SBGD,TQTF,SBGD ETF,30.825,1,0.0,A,Т+: ETF - безадрес.,3,БПИФ Первая Доступное золото,,FNDT,IFTF,,0.005,30.845,SUR,2025-12-04,0,RU000A105385,SBGD ETF Fund Affordable gold,5061,30.825,SUR,J,1,2025-12-08
693,SBHI,TQTF,SBHI ETF,7.434,1,0.0,A,Т+: ETF - безадрес.,3,БПИФ Первая Халяльные инвест,,FNDT,IFTF,,0.002,7.44,SUR,2025-12-04,0,RU000A103ZQ1,SBHI ETF Halal investments,4678,7.434,SUR,J,1,2025-12-08
694,SBLB,TQTF,SBLB ETF,12.126,1,0.0,A,Т+: ETF - безадрес.,3,БПИФПервая Долгосроч.гособлиг.,,FNDT,IFTF,,0.002,12.14,SUR,2025-12-04,0,RU000A108355,First - Fund Bonds Longs,6079,12.126,SUR,J,1,2025-12-08
695,SBMM,TQTF,SBMM ETF,17.3165,1,0.0,A,Т+: ETF - безадрес.,4,БПИФ Первая Сберегательный,,FNDT,IFTF,,0.0005,17.316,SUR,2025-12-04,0,RU000A103RF1,SBMM ETF Money Market,4607,17.316,SUR,J,1,2025-12-08
696,SBMX,TQTF,SBMX ETF,17.7,1,0.0,A,Т+: ETF - безадрес.,3,БПИФ Первая Топ Рос. акций,,FNDT,IFTF,,0.001,17.744,SUR,2025-12-04,0,RU000A0ZZH92,SBMX ETF Top Russia equities,3555,17.7,SUR,J,1,2025-12-08
697,SBPS,TQTF,SBPS ETF,2.845,1,0.0,A,Т+: ETF - безадрес.,3,БПИФ Первая Фонд Моя цель 2035,,FNDT,IFTF,,0.005,2.845,SUR,2025-12-04,0,RU000A1035R0,SBPS ETF Moya cel 2035,4427,2.845,SUR,J,1,2025-12-08
698,SBRB,TQTF,SBRB ETF,17.316,1,0.0,A,Т+: ETF - безадрес.,3,БПИФ  Первая Корп облигации,,FNDT,IFTF,,0.001,17.307,SUR,2025-12-04,0,RU000A100P44,SBRB ETF RUB Corporate Bond,3785,17.316,SUR,J,1,2025-12-08
699,SBRI,TQTF,SBRI ETF,11.358,1,0.0,A,Т+: ETF - безадрес.,3,БПИФ Первая Ответствен инвест,,FNDT,IFTF,,0.002,11.37,SUR,2025-12-04,0,RU000A1024P8,SBRI ETF Responsible invest,4162,11.354,SUR,J,1,2025-12-08
700,SBRS,TQTF,SBRS ETF,13.605,1,0.0,A,Т+: ETF - безадрес.,3,БПИФ Первая Осторожный смарт,,FNDT,IFTF,,0.005,13.61,SUR,2025-12-04,0,RU000A1035Q2,SBRS ETF Rational smart,4426,13.605,SUR,J,1,2025-12-08
701,SBSC,TQTF,SBSC ETF,7.704,1,0.0,A,Т+: ETF - безадрес.,3,БПИФ Первая Акции ср.и мал.кап,,FNDT,IFTF,,0.001,7.69,SUR,2025-12-04,0,RU000A106XY3,First-Equities mid small cap,5649,7.682,SUR,J,1,2025-12-08
702,SCFT,TQTF,SCFT ETF,4.506,1,0.0,A,Т+: ETF - безадрес.,3,БПИФ Технологии будущего,,FNDT,IFTF,,0.002,4.492,SUR,2025-12-04,0,RU000A104FE7,SCFT ETF Future Technologies,4654,4.506,SUR,J,1,2025-12-08
703,SCLI,TQTF,SCLI ETF,6.4375,1,0.0,A,Т+: ETF - безадрес.,4,БПИФ Ликвидный,,FNDT,IFTF,,0.0005,6.435,SUR,2025-12-04,0,RU000A108VV9,SCLI ETF Liquid,6268,6.437,SUR,J,1,2025-12-08
704,SILA,TQTF,SILA ETF,101.63,1,0.0,A,Т+: ETF - безадрес.,2,БПИФ Сила Ликвидности,,FNDT,IFTF,,0.01,101.61,SUR,2025-12-04,0,RU000A10CW79,SILA ETF,7307,101.63,SUR,J,1,2025-12-08
705,SIPO,TQTF,SIPO ETF,7.142,1,0.0,A,Т+: ETF - безадрес.,3,БПИФ Первая - Фонд АйПиО,,FNDT,IFTF,,0.001,7.145,SUR,2025-12-04,0,RU000A108X20,SIPO ETF First IPO,6312,7.144,SUR,J,1,2025-12-08
706,SMCF,TQTF,SMCF ETF,1009.9,1,0.0,A,Т+: ETF - безадрес.,1,БПИФ СОЛИД Денежный поток,,FNDT,IFTF,,0.1,1010.8,SUR,2025-12-04,0,RU000A10ASR4,SMCF ETF Cash flow,6833,1009.9,SUR,J,1,2025-12-08
707,STME,TQTF,STME ETF,4.015,1,0.0,A,Т+: ETF - безадрес.,3,БПИФ Первая Вечный портфель,,FNDT,IFTF,,0.005,4.03,SUR,2025-12-04,0,RU000A1035S8,STME ETF eternal portfolio,4429,4.015,SUR,J,1,2025-12-08
708,SUGB,TQTF,SUGB ETF,1402.5,1,0.0,A,Т+: ETF - безадрес.,1,БПИФ МКБ – ОФЗ 1-3 г,,FNDT,IFTF,,0.5,1400.5,SUR,2025-12-04,0,RU000A1020A8,SUGB ETF Government Bond 1-3Y,4121,1402.5,SUR,J,1,2025-12-08
709,TBEU,TQTF,TBEU ETF,10.24,1,0.0,A,Т+: ETF - безадрес.,2,БПИФ ТКАПИТАЛ ОБЛИГАЦИИ Е,,FNDT,IFTF,,0.01,10.21,SUR,2025-12-04,0,RU000A103TD2,TBEU ETF TCAPITAL BONDS E,4618,10.2,SUR,J,1,2025-12-08
710,TBRU,TQTF,TBRU ETF,7.65,1,0.0,A,Т+: ETF - безадрес.,2,БПИФ Т-Капитал ОБЛИГАЦИИ,,FNDT,IFTF,,0.01,7.64,SUR,2025-12-04,0,RU000A1039N1,TBRU ETF T-Capital BONDS,4458,7.64,SUR,J,1,2025-12-08
711,TDIV,TQTF,TDIV ETF,9.91,1,0.0,A,Т+: ETF - безадрес.,2,Т-Капитал ДИВИДЕНДНЫЕ АКЦИИ,,FNDT,IFTF,,0.01,9.94,SUR,2025-12-04,0,RU000A107563,TDIV T-Capital DIVIDEND STOCKS,5707,9.89,SUR,J,1,2025-12-08
712,TEUR,TQTF,TEUR ETF,6.16,1,0.0,A,Т+: ETF - безадрес.,2,БПИФ ТКАПИТАЛ ВЕЧНЫЙ ПОРТФ Е,,FNDT,IFTF,,0.01,6.16,SUR,2025-12-04,0,RU000A1011T7,TCAPITAL ETF ALL-WEATHER E,3899,6.16,SUR,J,1,2025-12-08
713,TGLD,TQTF,TGLD ETF,12.85,1,0.0,A,Т+: ETF - безадрес.,2,БПИФ Т-Капитал ЗОЛОТО,,FNDT,IFTF,,0.01,12.83,SUR,2025-12-04,0,RU000A101X50,TGLD ETF T-capital GOLD USD,4098,12.85,SUR,J,1,2025-12-08
714,TITR,TQTF,TITR ETF,5.48,1,0.0,A,Т+: ETF - безадрес.,2,Т-Капитал Российские Технологи,,FNDT,IFTF,,0.01,5.46,SUR,2025-12-04,0,RU000A108BL2,T-Capital RUSSIAN TECHNOLOGY,6126,5.48,SUR,J,1,2025-12-08
715,TLCB,TQTF,TLCB ETF,9.7,1,0.0,A,Т+: ETF - безадрес.,2,Т-КАПИТАЛ ВАЛЮТНЫЕ ОБЛИГАЦИИ,,FNDT,IFTF,,0.01,9.7,SUR,2025-12-04,0,RU000A107597,TLCB T-Capital CURRENCY BONDS,5728,9.7,SUR,J,1,2025-12-08
716,TMON,TQTF,TMON ETF,147.78,1,0.0,A,Т+: ETF - безадрес.,2,T-КАПИТАЛ ДЕНЕЖНЫЙ РЫНОК,,FNDT,IFTF,,0.01,147.82,SUR,2025-12-04,0,RU000A106DL2,TMON ETF TCAPITAL MONEY MARKET,5229,147.79,SUR,J,1,2025-12-08
717,TMOS,TQTF,TMOS ETF,6.19,1,0.0,A,Т+: ETF - безадрес.,2,БПИФ Т-КАПИТАЛ ИНДЕКС МОСБИРЖИ,,FNDT,IFTF,,0.01,6.2,SUR,2025-12-04,0,RU000A101X76,TMOS ETF T-CAPITAL IMOEX RUB,4100,6.19,SUR,J,1,2025-12-08
718,TOFZ,TQTF,TOFZ ETF,13.41,1,0.0,A,Т+: ETF - безадрес.,2,БПИФ Т-Капитал ОФЗ,,FNDT,IFTF,,0.01,13.47,SUR,2025-12-04,0,RU000A10A1L8,TOFZ ETF T-Capital OFZ,6635,13.47,SUR,J,1,2025-12-08
719,TPAY,TQTF,TPAY ETF,100.43,1,0.0,A,Т+: ETF - безадрес.,2,Т-Капитал Пассивный Доход,,FNDT,IFTF,,0.01,100.47,SUR,2025-12-04,0,RU000A108WX3,TPAY ETF T-Capital Passive Inc,6287,100.45,SUR,J,1,2025-12-08
720,TRND,TQTF,TRND ETF,9.37,1,0.0,A,Т+: ETF - безадрес.,2,БПИФ Т-Капитал Трендовые акции,,FNDT,IFTF,,0.01,9.38,SUR,2025-12-04,0,RU000A10B0G9,TRND ETF Trend stocks,6876,9.38,SUR,J,1,2025-12-08
721,TRUR,TQTF,TRUR ETF,9.67,1,0.0,A,Т+: ETF - безадрес.,2,БПИФ Т-Кап ВЕЧНЫЙ ПОРТФ РУБ,,FNDT,IFTF,,0.01,9.67,SUR,2025-12-04,0,RU000A1011U5,TRUR ETF ALL-WEATHER RUB,3900,9.67,SUR,J,1,2025-12-08
722,TUSD,TQTF,TUSD ETF,6.4,1,0.0,A,Т+: ETF - безадрес.,2,БПИФ ТКАПИТАЛ ВЕЧНЫЙ ПОРТФ Д,,FNDT,IFTF,,0.01,6.4,SUR,2025-12-04,0,RU000A1011S9,TCAPITAL ETF ALL-WEATHER D,3898,6.41,SUR,J,1,2025-12-08
723,WILD,TQTF,WILD ETF,983.1,1,0.0,A,Т+: ETF - безадрес.,1,ДОХОДЪ. Анализ акций,,FNDT,IFTF,,0.1,986.5,SUR,2025-12-04,0,RU000A10BCM7,DOHOD Equity Research Fund,6972,983.1,SUR,J,1,2025-12-08
724,YUAN,TQTF,YUAN ETF,110.07,1,0.0,A,Т+: ETF - безадрес.,2,БПИФ Облигации в юанях,,FNDT,IFTF,,0.01,110.23,SUR,2025-12-04,0,RU000A105SN8,YUAN Bonds ETF,5248,109.88,SUR,J,1,2025-12-08
725,CNYM,TQTY,CNYM ETF,11.2,1,0.0,A,Т+: ПАИ (CNY) - безадрес.,2,Ликвидность. Юань,,FNDT,IFAY,,0.01,11.03,CNY,2025-12-04,0,RU000A107D41,CNYM ETF Liquidity. CNY,5866,10.96,CNY,J,1,2025-12-08
726,SBBY,TQTY,SBBY ETF,0.925,10,0.0,A,Т+: ПАИ (CNY) - безадрес.,3,БПИФ Фонд Инструменты в юанях,,FNDT,IFTF,,0.001,0.917,CNY,2025-12-04,0,RU000A106J53,SBBY ETF Instrum Fund in CNY,5472,0.909,CNY,J,1,2025-12-08
727,SBCN,TQTY,SBCN ETF,1.068,10,0.0,A,Т+: ПАИ (CNY) - безадрес.,3,БПИФ Первая Сберегат. в юанях,,FNDT,IFTF,,0.001,1.054,CNY,2025-12-04,0,RU000A105PU9,SBCN ETF First Savings in cny,5230,1.045,CNY,J,1,2025-12-08
