BOARDID,TRADEDATE,SHORTNAME,SECID,NUMTRADES,VALUE,OPEN,LOW,HIGH,LEGALCLOSEPRICE,WAPRICE,CLOSE,VOLUME,MARKETPRICE2,MARKETPRICE3,ADMITTEDQUOTE,MP2VALTRD,MARKETPRICE3TRADESVALUE,ADMITTEDVALUE,WAVAL,TRADINGSESSION,CURRENCYID,TRENDCLSPR,TRADE_SESSION_DATE
TQBR,2013-03-25,Новатэк ао,NVTK,0,0.0,,,,309.3,,,0,313.64,313.64,313.64,169538307.68,169538307.68,169538307.68,,3,SUR,,
TQBR,2013-03-26,Новатэк ао,NVTK,0,0.0,,,,308.51,,,0,309.53,309.53,309.53,376558916.26,376558916.26,376558916.26,,3,SUR,,
TQBR,2013-03-27,Новатэк ао,NVTK,0,0.0,,,,312.99,,,0,311.23,311.23,311.23,266406804.6,266406804.6,266406804.6,,3,SUR,,
TQBR,2013-03-28,Новатэк ао,NVTK,0,0.0,,,,315.06,,,0,313.47,313.47,313.47,193190003.52,193190003.52,193190003.52,,3,SUR,,
TQBR,2013-03-29,Новатэк ао,NVTK,0,0.0,,,,314.91,,,0,315.13,315.13,315.13,42115089.29,42115089.29,42115089.29,,3,SUR,,
TQBR,2013-04-01,Новатэк ао,NVTK,0,0.0,,,,317.37,,,0,315.9,315.9,315.9,148831900.85,148831900.85,148831900.85,,3,SUR,,
TQBR,2013-04-02,Новатэк ао,NVTK,0,0.0,,,,318.67,,,0,317.6,317.6,317.6,203994798.69,203994798.69,203994798.69,,3,SUR,,
TQBR,2013-04-03,Новатэк ао,NVTK,0,0.0,,,,317.6,,,0,318.05,318.05,318.05,241269821.34,241269821.34,241269821.34,,3,SUR,,
TQBR,2013-04-04,Новатэк ао,NVTK,0,0.0,,,,315.36,,,0,317.08,317.08,317.08,294999861.56,294999861.56,294999861.56,,3,SUR,,
TQBR,2013-04-05,Новатэк ао,NVTK,0,0.0,,,,315.77,,,0,314.25,314.25,314.25,649193275.24,649193275.24,649193275.24,,3,SUR,,
TQBR,2013-04-08,Новатэк ао,NVTK,0,0.0,,,,313.06,,,0,315.09,315.09,315.09,258690644.32,258690644.32,258690644.32,,3,SUR,,
TQBR,2013-04-09,Новатэк ао,NVTK,0,0.0,,,,317.72,,,0,317.38,317.38,317.38,180641177.0,180641177.0,180641177.0,,3,SUR,,
TQBR,2013-04-10,Новатэк ао,NVTK,1,9532.2,317.74,317.74,317.74,316.74,317.74,317.74,30,317.24,317.24,317.24,134144150.32,134144150.32,134144150.32,,3,SUR,,
TQBR,2013-04-11,Новатэк ао,NVTK,0,0.0,,,,315.5,,,0,317.18,317.18,317.18,184162611.23,184162611.23,184162611.23,,3,SUR,,
TQBR,2013-04-12,Новатэк ао,NVTK,0,0.0,,,,314.8,,,0,315.14,315.14,315.14,147973090.6,147973090.6,147973090.6,,3,SUR,,
TQBR,2013-04-15,Новатэк ао,NVTK,0,0.0,,,,311.98,,,0,313.92,313.92,313.92,359869056.41,359869056.41,359869056.41,,3,SUR,,
TQBR,2013-04-16,Новатэк ао,NVTK,0,0.0,,,,310.99,,,0,312.39,312.39,312.39,220073210.38,220073210.38,220073210.38,,3,SUR,,
TQBR,2013-04-17,Новатэк ао,NVTK,3,310000.0,310.0,310.0,310.0,307.56,310.0,310.0,1000,307.9,307.9,307.9,271714339.18,271714339.18,271714339.18,,3,SUR,-2.44,
TQBR,2013-04-18,Новатэк ао,NVTK,0,0.0,,,,307.52,,,0,308.95,308.95,308.95,246970757.58,246970757.58,246970757.58,,3,SUR,,
TQBR,2013-04-19,Новатэк ао,NVTK,0,0.0,,,,303.46,,,0,304.46,304.46,304.46,172352342.18,172352342.18,172352342.18,,3,SUR,,
TQBR,2013-04-22,Новатэк ао,NVTK,0,0.0,,,,297.72,,,0,302.24,302.24,302.24,343713006.5,343713006.5,343713006.5,,3,SUR,,
TQBR,2013-04-23,Новатэк ао,NVTK,0,0.0,,,,295.36,,,0,295.37,295.37,295.37,306808253.98,306808253.98,306808253.98,,3,SUR,,
TQBR,2013-04-24,Новатэк ао,NVTK,0,0.0,,,,306.1,,,0,303.48,303.48,303.48,317693912.09,317693912.09,317693912.09,,3,SUR,,
TQBR,2013-04-25,Новатэк ао,NVTK,0,0.0,,,,296.98,,,0,302.56,302.56,302.56,254861245.54,254861245.54,254861245.54,,3,SUR,,
TQBR,2013-04-26,Новатэк ао,NVTK,0,0.0,,,,295.43,,,0,294.78,294.78,294.78,354478765.97,354478765.97,354478765.97,,3,SUR,,
TQBR,2013-04-29,Новатэк ао,NVTK,0,0.0,,,,289.96,,,0,292.36,292.36,292.36,292528904.74,292528904.74,292528904.74,,3,SUR,,
TQBR,2013-04-30,Новатэк ао,NVTK,0,0.0,,,,291.38,,,0,291.26,291.26,291.26,255861127.8,255861127.8,255861127.8,,3,SUR,,
TQBR,2013-05-02,Новатэк ао,NVTK,0,0.0,,,,291.42,,,0,293.91,293.91,293.91,94374563.91,94374563.91,94374563.91,,3,SUR,,
TQBR,2013-05-03,Новатэк ао,NVTK,0,0.0,,,,302.82,,,0,298.3,298.3,298.3,188013196.37,188013196.37,188013196.37,,3,SUR,,
TQBR,2013-05-06,Новатэк ао,NVTK,0,0.0,,,,302.54,,,0,302.02,302.02,302.02,162748390.2,162748390.2,162748390.2,,3,SUR,,
TQBR,2013-05-07,Новатэк ао,NVTK,0,0.0,,,,313.76,,,0,309.48,309.48,309.48,483764498.62,483764498.62,483764498.62,,3,SUR,,
TQBR,2013-05-08,Новатэк ао,NVTK,0,0.0,,,,314.99,,,0,313.94,313.94,313.94,197290781.72,197290781.72,197290781.72,,3,SUR,,
TQBR,2013-05-10,Новатэк ао,NVTK,0,0.0,,,,310.44,,,0,316.23,316.23,316.23,137796212.91,137796212.91,137796212.91,,3,SUR,,
TQBR,2013-05-13,Новатэк ао,NVTK,0,0.0,,,,311.08,,,0,310.12,310.12,310.12,168848399.19,168848399.19,168848399.19,,3,SUR,,
TQBR,2013-05-14,Новатэк ао,NVTK,1,3100.0,310.0,310.0,310.0,306.12,310.0,310.0,10,312.57,312.57,312.57,390817976.6,390817976.6,390817976.6,,3,SUR,0.0,
TQBR,2013-05-15,Новатэк ао,NVTK,0,0.0,,,,304.6,,,0,303.52,303.52,303.52,284955138.06,284955138.06,284955138.06,,3,SUR,,
TQBR,2013-05-16,Новатэк ао,NVTK,0,0.0,,,,295.29,,,0,299.46,299.46,299.46,225665623.34,225665623.34,225665623.34,,3,SUR,,
TQBR,2013-05-17,Новатэк ао,NVTK,0,0.0,,,,304.89,,,0,301.08,301.08,301.08,238118645.4,238118645.4,238118645.4,,3,SUR,,
TQBR,2013-05-20,Новатэк ао,NVTK,1,97202.0,277.72,277.72,277.72,305.46,277.72,277.72,350,304.31,304.31,304.31,158661246.6,158661246.6,158661246.6,,3,SUR,-10.41,
TQBR,2013-05-21,Новатэк ао,NVTK,5,107450.0,307.0,307.0,307.0,312.37,307.0,307.0,350,308.86,308.86,308.86,143286476.8,143286476.8,143286476.8,,3,SUR,10.54,
TQBR,2013-05-22,Новатэк ао,NVTK,0,0.0,,,,328.18,,,0,322.1,322.1,322.1,575919890.6,575919890.6,575919890.6,,3,SUR,,
TQBR,2013-05-23,Новатэк ао,NVTK,0,0.0,,,,321.86,,,0,322.41,322.41,322.41,647621605.0,647621605.0,647621605.0,,3,SUR,,
TQBR,2013-05-24,Новатэк ао,NVTK,1,2930.0,293.0,293.0,293.0,324.64,293.0,293.0,10,324.05,324.05,324.05,384611961.8,384611961.8,384611961.8,,3,SUR,-4.56,
TQBR,2013-05-27,Новатэк ао,NVTK,0,0.0,,,,323.65,,,0,324.7,324.7,324.7,66798166.2,66798166.2,66798166.2,,3,SUR,,
TQBR,2013-05-28,Новатэк ао,NVTK,0,0.0,,,,329.59,,,0,329.76,329.76,329.76,438158685.7,438158685.7,438158685.7,,3,SUR,,
TQBR,2013-05-29,Новатэк ао,NVTK,0,0.0,,,,319.8,,,0,321.94,321.94,321.94,450858680.8,450858680.8,450858680.8,,3,SUR,,
TQBR,2013-05-30,Новатэк ао,NVTK,0,0.0,,,,324.39,,,0,323.44,323.44,323.44,459662707.6,459662707.6,459662707.6,,3,SUR,,
TQBR,2013-05-31,Новатэк ао,NVTK,0,0.0,,,,320.15,,,0,322.52,322.52,322.52,496176229.2,496176229.2,496176229.2,,3,SUR,,
TQBR,2013-06-03,Новатэк ао,NVTK,0,0.0,,,,311.15,,,0,314.81,314.81,314.81,539293309.2,539293309.2,539293309.2,,3,SUR,,
TQBR,2013-06-04,Новатэк ао,NVTK,0,0.0,,,,310.76,,,0,311.6,311.6,311.6,299584549.2,299584549.2,299584549.2,,3,SUR,,
TQBR,2013-06-05,Новатэк ао,NVTK,0,0.0,,,,307.25,,,0,307.48,307.48,307.48,363557396.2,363557396.2,363557396.2,,3,SUR,,
TQBR,2013-06-06,Новатэк ао,NVTK,0,0.0,,,,300.9,,,0,303.22,303.22,303.22,297094228.1,297094228.1,297094228.1,,3,SUR,,
TQBR,2013-06-07,Новатэк ао,NVTK,0,0.0,,,,309.06,,,0,306.46,306.46,306.46,255251141.7,255251141.7,255251141.7,,3,SUR,,
TQBR,2013-06-10,Новатэк ао,NVTK,0,0.0,,,,309.39,,,0,309.4,309.4,309.4,202442680.3,202442680.3,202442680.3,,3,SUR,,
TQBR,2013-06-11,Новатэк ао,NVTK,0,0.0,,,,305.13,,,0,304.88,304.88,304.88,394824623.9,394824623.9,394824623.9,,3,SUR,,
TQBR,2013-06-13,Новатэк ао,NVTK,0,0.0,,,,303.92,,,0,301.19,301.19,301.19,279794055.9,279794055.9,279794055.9,,3,SUR,,
TQBR,2013-06-14,Новатэк ао,NVTK,0,0.0,,,,315.06,,,0,316.4,316.4,316.4,674086584.3,674086584.3,674086584.3,,3,SUR,,
TQBR,2013-06-17,Новатэк ао,NVTK,0,0.0,,,,332.2,,,0,327.71,327.71,327.71,1405270998.9,1405270998.9,1405270998.9,,3,SUR,,
TQBR,2013-06-18,Новатэк ао,NVTK,0,0.0,,,,333.16,,,0,333.63,333.63,333.63,419599319.5,419599319.5,419599319.5,,3,SUR,,
TQBR,2013-06-19,Новатэк ао,NVTK,0,0.0,,,,327.49,,,0,330.13,330.13,330.13,426254788.0,426254788.0,426254788.0,,3,SUR,,
TQBR,2013-06-20,Новатэк ао,NVTK,0,0.0,,,,326.65,,,0,326.38,326.38,326.38,254758423.4,254758423.4,254758423.4,,3,SUR,,
TQBR,2013-06-21,Новатэк ао,NVTK,0,0.0,,,,335.44,,,0,334.52,334.52,334.52,574938092.4,574938092.4,574938092.4,,3,SUR,,
TQBR,2013-06-24,Новатэк ао,NVTK,3,17793.6,350.0,349.0,365.68,348.6,355.87,349.0,50,346.59,346.59,346.59,1180702982.7,1180702982.7,1180702982.7,,3,SUR,19.11,
TQBR,2013-06-25,Новатэк ао,NVTK,3,13036.2,317.58,317.58,340.0,342.33,325.91,323.02,40,345.44,345.44,345.44,554600957.0,554600957.0,554600957.0,,3,SUR,-7.44,
TQBR,2013-06-26,Новатэк ао,NVTK,1,3115.0,311.5,311.5,311.5,346.69,311.5,311.5,10,346.18,346.18,346.18,951216545.9,951216545.9,951216545.9,,3,SUR,-3.57,
TQBR,2013-06-27,Новатэк ао,NVTK,0,0.0,,,,344.75,,,0,344.66,344.66,344.66,531867118.6,531867118.6,531867118.6,,3,SUR,,
TQBR,2013-06-28,Новатэк ао,NVTK,0,0.0,,,,348.68,,,0,348.87,348.87,348.87,621117930.7,621117930.7,621117930.7,,3,SUR,,
TQBR,2013-07-01,Новатэк ао,NVTK,0,0.0,,,,350.02,,,0,349.14,349.14,349.14,214787981.5,214787981.5,214787981.5,,3,SUR,,
TQBR,2013-07-02,Новатэк ао,NVTK,0,0.0,,,,361.41,,,0,355.98,355.98,355.98,545130492.0,545130492.0,545130492.0,,3,SUR,,
TQBR,2013-07-03,Новатэк ао,NVTK,0,0.0,,,,358.06,,,0,358.1,358.1,358.1,345857678.0,345857678.0,345857678.0,,3,SUR,,
TQBR,2013-07-04,Новатэк ао,NVTK,0,0.0,,,,356.93,,,0,357.43,357.43,357.43,177289401.18,177289401.18,177289401.18,,3,SUR,,
TQBR,2013-07-05,Новатэк ао,NVTK,0,0.0,,,,356.0,,,0,357.98,357.98,357.98,258574616.4,258574616.4,258574616.4,,3,SUR,,
TQBR,2013-07-08,Новатэк ао,NVTK,0,0.0,,,,358.28,,,0,357.15,357.15,357.15,105754917.6,105754917.6,105754917.6,,3,SUR,,
TQBR,2013-07-09,Новатэк ао,NVTK,0,0.0,,,,356.02,,,0,356.19,356.19,356.19,191678477.5,191678477.5,191678477.5,,3,SUR,,
TQBR,2013-07-10,Новатэк ао,NVTK,0,0.0,,,,349.35,,,0,353.04,353.04,353.04,231965365.7,231965365.7,231965365.7,,3,SUR,,
TQBR,2013-07-11,Новатэк ао,NVTK,0,0.0,,,,356.72,,,0,354.51,354.51,354.51,366133481.6,366133481.6,366133481.6,,3,SUR,,
TQBR,2013-07-12,Новатэк ао,NVTK,0,0.0,,,,364.92,,,0,362.97,362.97,362.97,511182721.0,511182721.0,511182721.0,,3,SUR,,
TQBR,2013-07-15,Новатэк ао,NVTK,27,98004.1,362.0,361.0,366.0,363.19,362.98,365.0,270,363.5,363.5,363.5,297862682.6,297862682.6,297862682.6,,3,SUR,17.17,
TQBR,2013-07-16,Новатэк ао,NVTK,0,0.0,,,,367.12,,,0,365.34,365.34,365.34,479449116.9,479449116.9,479449116.9,,3,SUR,,
TQBR,2013-07-17,Новатэк ао,NVTK,2,106570.0,368.0,365.0,368.0,372.96,367.48,365.0,290,370.78,370.78,370.78,381451556.2,381451556.2,381451556.2,,3,SUR,0.0,
TQBR,2013-07-18,Новатэк ао,NVTK,2,54801.0,366.0,365.01,366.0,364.16,365.34,365.01,150,370.23,370.23,370.23,343205286.9,343205286.9,343205286.9,,3,SUR,0.0,
TQBR,2013-07-19,Новатэк ао,NVTK,0,0.0,,,,363.94,,,0,365.3,365.3,365.3,242546802.6,242546802.6,242546802.6,,3,SUR,,
TQBR,2013-07-22,Новатэк ао,NVTK,3,35535.0,355.01,355.01,355.69,357.01,355.35,355.69,100,358.08,358.08,358.08,295072307.0,295072307.0,295072307.0,,3,SUR,-2.55,
TQBR,2013-07-23,Новатэк ао,NVTK,1,21656.4,360.94,360.94,360.94,352.84,360.94,360.94,60,357.6,357.6,357.6,300060381.3,300060381.3,300060381.3,,3,SUR,1.48,
TQBR,2013-07-24,Новатэк ао,NVTK,0,0.0,,,,348.27,,,0,348.75,348.75,348.75,175136875.4,175136875.4,175136875.4,,3,SUR,,
TQBR,2013-07-25,Новатэк ао,NVTK,0,0.0,,,,348.25,,,0,348.36,348.36,348.36,126438136.5,126438136.5,126438136.5,,3,SUR,,
TQBR,2013-07-26,Новатэк ао,NVTK,0,0.0,,,,348.76,,,0,347.9,347.9,347.9,154701744.3,154701744.3,154701744.3,,3,SUR,,
TQBR,2013-07-29,Новатэк ао,NVTK,0,0.0,,,,349.12,,,0,349.98,349.98,349.98,118737766.4,118737766.4,118737766.4,,3,SUR,,
TQBR,2013-07-30,Новатэк ао,NVTK,0,0.0,,,,351.26,,,0,353.41,353.41,353.41,155979602.5,155979602.5,155979602.5,,3,SUR,,
TQBR,2013-07-31,Новатэк ао,NVTK,0,0.0,,,,356.44,,,0,353.99,353.99,353.99,225777708.2,225777708.2,225777708.2,,3,SUR,,
TQBR,2013-08-01,Новатэк ао,NVTK,0,0.0,,,,360.22,,,0,359.93,359.93,359.93,348853788.8,348853788.8,348853788.8,,3,SUR,,
TQBR,2013-08-02,Новатэк ао,NVTK,1,21660.0,361.0,361.0,361.0,358.38,361.0,361.0,60,359.35,359.35,359.35,217324048.9,217324048.9,217324048.9,,3,SUR,0.02,
TQBR,2013-08-05,Новатэк ао,NVTK,0,0.0,,,,355.96,,,0,357.17,357.17,357.17,174928762.0,174928762.0,174928762.0,,3,SUR,,
TQBR,2013-08-06,Новатэк ао,NVTK,0,0.0,,,,343.68,,,0,348.93,348.93,348.93,159103575.5,159103575.5,159103575.5,,3,SUR,,
TQBR,2013-08-07,Новатэк ао,NVTK,1,13640.0,341.0,341.0,341.0,340.42,341.0,341.0,40,341.47,341.47,341.47,215419657.9,215419657.9,215419657.9,,3,SUR,-5.54,
TQBR,2013-08-08,Новатэк ао,NVTK,0,0.0,,,,338.52,,,0,339.27,339.27,339.27,200423844.4,200423844.4,200423844.4,,3,SUR,,
TQBR,2013-08-09,Новатэк ао,NVTK,0,0.0,,,,348.62,,,0,346.43,346.43,346.43,359866859.2,359866859.2,359866859.2,,3,SUR,,
TQBR,2013-08-12,Новатэк ао,NVTK,4,297661.0,348.4,347.87,352.4,355.05,350.19,349.0,850,352.3,352.3,352.3,172295217.03,172295217.03,172295217.03,,3,SUR,2.35,
TQBR,2013-08-13,Новатэк ао,NVTK,0,0.0,,,,360.82,,,0,359.66,359.66,359.66,416808419.7,416808419.7,416808419.7,,3,SUR,,
TQBR,2013-08-14,Новатэк ао,NVTK,0,0.0,,,,367.96,,,0,366.29,366.29,366.29,508563232.5,508563232.5,508563232.5,,3,SUR,,
TQBR,2013-08-15,Новатэк ао,NVTK,0,0.0,,,,366.74,,,0,368.13,368.13,368.13,304434169.87,304434169.87,304434169.87,,3,SUR,,
TQBR,2013-08-16,Новатэк ао,NVTK,0,0.0,,,,366.12,,,0,364.58,364.58,364.58,261027280.1,261027280.1,261027280.1,,3,SUR,,
TQBR,2013-08-19,Новатэк ао,NVTK,2,71800.0,359.0,359.0,359.0,358.55,359.0,359.0,200,358.05,358.05,358.05,381595729.1,381595729.1,381595729.1,,3,SUR,2.87,
TQBR,2013-08-20,Новатэк ао,NVTK,0,0.0,,,,362.48,,,0,357.44,357.44,357.44,239724009.32,239724009.32,239724009.32,,3,SUR,,
TQBR,2013-08-21,Новатэк ао,NVTK,0,0.0,,,,368.85,,,0,366.4,366.4,366.4,282982567.5,282982567.5,282982567.5,,3,SUR,,
TQBR,2013-08-22,Новатэк ао,NVTK,0,0.0,,,,370.58,,,0,368.7,368.7,368.7,300046791.02,300046791.02,300046791.02,,3,SUR,,
TQBR,2013-08-23,Новатэк ао,NVTK,1,36700.0,367.0,367.0,367.0,366.86,367.0,367.0,100,367.41,367.41,367.41,315857678.23,315857678.23,315857678.23,,3,SUR,2.23,
TQBR,2013-08-26,Новатэк ао,NVTK,0,0.0,,,,369.27,,,0,368.33,368.33,368.33,128216001.87,128216001.87,128216001.87,,3,SUR,,
TQBR,2013-08-27,Новатэк ао,NVTK,7,1116864.0,364.77,364.77,365.4,364.36,364.99,365.4,3060,366.67,366.67,366.67,274751203.4,274751203.4,274751203.4,,3,SUR,-0.44,
TQBR,2013-08-28,Новатэк ао,NVTK,0,0.0,,,,360.35,,,0,361.1,361.1,361.1,275342408.2,275342408.2,275342408.2,,3,SUR,,
TQBR,2013-08-29,Новатэк ао,NVTK,7,127609.3,391.97,359.77,391.97,362.23,364.6,365.0,350,360.42,360.42,360.42,227255270.3,227255270.3,227255270.3,,3,SUR,-0.11,
TQBR,2013-08-30,Новатэк ао,NVTK,5,72118.5,363.33,358.02,363.33,361.5,360.59,361.02,200,360.67,360.67,360.67,213445571.2,213445571.2,213445571.2,,3,SUR,-1.09,
TQBR,2013-09-02,Новатэк ао,NVTK,2773,108237176.3,362.0,359.51,364.0,363.33,362.53,362.09,298560,362.53,362.53,362.53,108237176.3,108237176.3,108237176.3,,3,SUR,0.3,
TQBR,2013-09-03,Новатэк ао,NVTK,6229,266270862.7,363.27,362.55,372.53,369.0,367.97,369.33,723620,367.97,367.97,367.97,266241801.1,266241801.1,266241801.1,,3,SUR,2.0,
TQBR,2013-09-04,Новатэк ао,NVTK,7983,241530155.0,371.18,367.57,373.74,373.74,370.42,373.09,652040,370.42,370.42,370.42,241515307.8,241515307.8,241515307.8,,3,SUR,1.02,
TQBR,2013-09-05,Новатэк ао,NVTK,7870,827160632.0,374.0,372.46,389.5,388.77,381.7,388.77,2167020,381.71,381.71,381.71,826697258.87,826697258.87,826697258.87,,3,SUR,4.2,
TQBR,2013-09-06,Новатэк ао,NVTK,6466,542778208.7,389.05,385.51,394.48,387.07,390.11,387.46,1391350,390.11,390.11,390.11,542778572.53,542778572.53,542778572.53,,3,SUR,-0.34,
TQBR,2013-09-09,Новатэк ао,NVTK,9000,444981533.7,385.9,383.3,392.26,386.4,389.64,386.96,1142020,389.64,389.64,389.64,444966097.7,444966097.7,444966097.7,,3,SUR,-0.13,
TQBR,2013-09-10,Новатэк ао,NVTK,5765,467290762.9,388.13,380.35,391.97,386.9,386.62,385.3,1208670,386.61,386.61,386.61,465218148.7,465218148.7,465218148.7,,3,SUR,-0.43,
TQBR,2013-09-11,Новатэк ао,NVTK,6553,515519184.2,385.62,385.0,393.93,391.4,390.79,392.7,1319160,390.79,390.79,390.79,515472909.8,515472909.8,515472909.8,,3,SUR,1.92,
TQBR,2013-09-12,Новатэк ао,NVTK,4351,333138888.1,394.82,388.07,394.97,391.98,391.51,393.17,850910,391.51,391.51,391.51,333127043.5,333127043.5,333127043.5,,3,SUR,0.12,
TQBR,2013-09-13,Новатэк ао,NVTK,6063,415855347.2,391.35,381.11,393.0,385.25,387.29,385.0,1073760,387.29,387.29,387.29,415761423.2,415761423.2,415761423.2,,3,SUR,-2.08,
TQBR,2013-09-16,Новатэк ао,NVTK,11788,1022694280.6,385.0,385.0,394.9,391.0,391.06,391.65,2615200,391.06,391.06,391.06,1024073017.6,1024073017.6,1024073017.6,,3,SUR,1.73,
TQBR,2013-09-17,Новатэк ао,NVTK,3079,286043744.7,389.05,389.05,393.59,393.5,392.38,392.13,729000,392.39,392.39,392.39,286365833.7,286365833.7,286365833.7,,3,SUR,0.12,
TQBR,2013-09-18,Новатэк ао,NVTK,4191,482798423.1,395.03,386.99,395.03,388.19,391.99,387.97,1231650,391.99,391.99,391.99,482798350.2,482798350.2,482798350.2,,3,SUR,-1.06,
TQBR,2013-09-19,Новатэк ао,NVTK,10840,853148496.3,393.55,383.8,397.99,385.0,389.57,386.03,2190000,389.56,389.56,389.56,852668359.8,852668359.8,852668359.8,,3,SUR,-0.5,
TQBR,2013-09-20,Новатэк ао,NVTK,5189,385454426.2,383.59,379.05,389.47,379.5,383.38,379.5,1005410,383.38,383.38,383.38,385450590.3,385450590.3,385450590.3,,3,SUR,-1.69,
TQBR,2013-09-23,Новатэк ао,NVTK,5232,454923045.4,379.01,372.99,380.0,373.5,376.64,373.1,1207860,376.63,376.63,376.63,454172605.6,454172605.6,454172605.6,,3,SUR,-1.69,
TQBR,2013-09-24,Новатэк ао,NVTK,4271,389831502.2,373.03,372.54,378.9,377.97,377.21,377.83,1033460,377.21,377.21,377.21,389768837.5,389768837.5,389768837.5,,3,SUR,1.27,
TQBR,2013-09-25,Новатэк ао,NVTK,4439,234250552.3,377.83,375.04,382.5,379.76,379.18,379.81,617790,379.18,379.18,379.18,233957625.5,233957625.5,233957625.5,,3,SUR,0.52,
TQBR,2013-09-26,Новатэк ао,NVTK,6023,416710435.1,382.44,381.11,387.69,385.5,385.57,386.0,1080770,385.58,385.58,385.58,415417787.9,415417787.9,415417787.9,,3,SUR,1.63,
TQBR,2013-09-27,Новатэк ао,NVTK,4218,211481478.6,388.43,380.26,388.43,382.91,382.56,382.92,552800,382.56,382.56,382.56,211465941.4,211465941.4,211465941.4,,3,SUR,-0.8,
TQBR,2013-09-30,Новатэк ао,NVTK,3766,282542982.9,382.41,381.0,387.0,386.0,385.06,386.01,733770,385.06,385.06,385.06,282527686.5,282527686.5,282527686.5,,3,SUR,0.81,
TQBR,2013-10-01,Новатэк ао,NVTK,3641,181878249.6,385.08,381.51,388.35,383.0,383.87,382.56,473800,383.87,383.87,383.87,181851294.0,181851294.0,181851294.0,,3,SUR,-0.89,
TQBR,2013-10-02,Новатэк ао,NVTK,6606,431727531.2,382.56,372.96,385.66,374.99,376.43,373.2,1146910,376.43,376.43,376.43,431764777.24,431764777.24,431764777.24,,3,SUR,-2.45,
TQBR,2013-10-03,Новатэк ао,NVTK,4371,243484323.5,375.53,372.16,378.92,377.42,375.78,376.0,647940,375.78,375.78,375.78,243397951.6,243397951.6,243397951.6,,3,SUR,0.75,
TQBR,2013-10-04,Новатэк ао,NVTK,3039,158049547.6,376.15,373.07,379.99,379.57,376.73,379.75,419530,376.73,376.73,376.73,157993125.1,157993125.1,157993125.1,,3,SUR,1.0,
TQBR,2013-10-07,Новатэк ао,NVTK,4760,394130948.9,379.0,375.92,390.0,387.0,385.34,387.5,1022820,385.36,385.36,385.36,393054588.9,393054588.9,393054588.9,,3,SUR,2.04,
TQBR,2013-10-08,Новатэк ао,NVTK,5983,543547299.5,386.99,386.99,394.0,393.5,391.63,393.8,1387920,391.63,391.63,391.63,543237797.8,543237797.8,543237797.8,,3,SUR,1.63,
TQBR,2013-10-09,Новатэк ао,NVTK,5140,496326644.4,392.86,389.01,394.8,392.0,391.84,391.89,1266660,391.84,391.84,391.84,496330575.8,496330575.8,496330575.8,,3,SUR,-0.49,
TQBR,2013-10-10,Новатэк ао,NVTK,9299,904964052.4,393.72,393.06,410.68,407.0,405.0,407.89,2234490,405.01,405.01,405.01,904066370.8,904066370.8,904066370.8,,3,SUR,4.08,
TQBR,2013-10-11,Новатэк ао,NVTK,7024,483358944.2,408.6,402.66,409.79,406.05,405.71,406.1,1191400,405.71,405.71,405.71,483350772.2,483350772.2,483350772.2,,3,SUR,-0.44,
TQBR,2013-10-14,Новатэк ао,NVTK,4393,428055305.1,406.14,399.51,406.14,400.0,401.27,399.8,1066740,401.27,401.27,401.27,427580121.3,427580121.3,427580121.3,,3,SUR,-1.55,
TQBR,2013-10-15,Новатэк ао,NVTK,6643,651241368.1,402.0,399.48,406.09,400.0,403.02,400.1,1615900,403.02,403.02,403.02,650610228.1,650610228.1,650610228.1,,3,SUR,0.08,
TQBR,2013-10-16,Новатэк ао,NVTK,7999,719664874.2,400.0,397.96,403.84,401.4,401.48,401.48,1792510,401.48,401.48,401.48,719660874.2,719660874.2,719660874.2,,3,SUR,0.34,
TQBR,2013-10-17,Новатэк ао,NVTK,6779,527199761.2,401.28,393.04,403.99,396.9,396.93,395.97,1328210,396.92,396.92,396.92,526798481.2,526798481.2,526798481.2,,3,SUR,-1.37,
TQBR,2013-10-18,Новатэк ао,NVTK,8307,811346171.8,401.0,395.57,409.49,407.0,404.6,406.63,2005300,404.6,404.6,404.6,810532141.8,810532141.8,810532141.8,,3,SUR,2.69,
TQBR,2013-10-21,Новатэк ао,NVTK,3908,306953218.2,406.92,406.8,413.72,409.17,409.37,409.39,749810,409.38,409.38,409.38,306135309.0,306135309.0,306135309.0,,3,SUR,0.68,
TQBR,2013-10-22,Новатэк ао,NVTK,3935,284374087.6,409.93,406.9,410.98,407.25,408.72,407.25,695760,408.72,408.72,408.72,283841178.6,283841178.6,283841178.6,,3,SUR,-0.52,
TQBR,2013-10-23,Новатэк ао,NVTK,5891,476609853.7,406.92,402.55,411.23,404.0,406.18,405.0,1173410,406.17,406.17,406.17,476113411.3,476113411.3,476113411.3,,3,SUR,-0.55,
TQBR,2013-10-24,Новатэк ао,NVTK,4615,536689418.3,405.99,402.57,408.76,408.76,405.52,407.05,1323460,405.52,405.52,405.52,536790134.3,536790134.3,536790134.3,,3,SUR,0.51,
TQBR,2013-10-25,Новатэк ао,NVTK,7403,764752410.4,407.05,403.51,415.81,413.5,411.4,413.6,1858880,411.4,411.4,411.4,764752410.4,764752410.4,764752410.4,,3,SUR,1.61,
TQBR,2013-10-28,Новатэк ао,NVTK,4645,519162228.6,414.02,414.02,419.5,415.87,416.4,415.87,1246800,416.4,416.4,416.4,519112546.2,519112546.2,519112546.2,,3,SUR,0.55,
TQBR,2013-10-29,Новатэк ао,NVTK,4517,493845525.4,415.38,414.13,417.39,415.77,416.1,415.94,1186830,416.1,416.1,416.1,493845525.4,493845525.4,493845525.4,,3,SUR,0.02,
TQBR,2013-10-30,Новатэк ао,NVTK,5671,581891523.9,416.49,411.16,417.47,413.03,414.72,413.0,1403110,414.72,414.72,414.72,581849874.9,581849874.9,581849874.9,,3,SUR,-0.71,
TQBR,2013-10-31,Новатэк ао,NVTK,4736,324410810.4,409.97,408.2,415.89,412.09,412.72,410.95,786040,412.72,412.72,412.72,324144329.9,324144329.9,324144329.9,,3,SUR,-0.5,
TQBR,2013-11-01,Новатэк ао,NVTK,7109,844519221.3,412.25,411.57,418.0,417.39,415.85,416.9,2030850,415.85,415.85,415.85,844519221.3,844519221.3,844519221.3,,3,SUR,1.45,
TQBR,2013-11-05,Новатэк ао,NVTK,3486,293306406.9,419.51,413.11,419.51,414.27,415.24,414.03,706350,415.24,415.24,415.24,293226700.0,293226700.0,293226700.0,,3,SUR,-0.69,
TQBR,2013-11-06,Новатэк ао,NVTK,8418,774594447.8,415.1,411.76,419.31,411.9,415.06,411.99,1866220,415.06,415.06,415.06,774615596.35,774615596.35,774615596.35,,3,SUR,-0.49,
TQBR,2013-11-07,Новатэк ао,NVTK,7437,600767978.0,416.05,408.53,416.28,413.37,412.86,413.33,1455120,412.86,412.86,412.86,600684768.0,600684768.0,600684768.0,,3,SUR,0.33,
TQBR,2013-11-08,Новатэк ао,NVTK,7964,597226125.3,409.86,402.32,410.34,404.0,405.17,404.05,1474020,405.17,405.17,405.17,597510189.3,597510189.3,597510189.3,,3,SUR,-2.25,
TQBR,2013-11-11,Новатэк ао,NVTK,3733,297325837.2,405.15,402.7,409.47,407.27,405.57,408.14,733100,405.57,405.57,405.57,297273167.7,297273167.7,297273167.7,,3,SUR,1.01,
TQBR,2013-11-12,Новатэк ао,NVTK,9733,844401585.9,408.0,407.0,418.0,415.85,414.43,416.0,2037510,414.43,414.43,414.43,844373025.9,844373025.9,844373025.9,,3,SUR,1.93,
TQBR,2013-11-13,Новатэк ао,NVTK,10079,765732461.6,413.55,410.6,414.9,410.6,412.48,410.61,1856420,412.48,412.48,412.48,764901226.1,764901226.1,764901226.1,,3,SUR,-1.3,
TQBR,2013-11-14,Новатэк ао,NVTK,5434,524654915.7,412.59,410.01,419.0,416.5,416.5,416.0,1259680,416.5,416.5,416.5,524172185.4,524172185.4,524172185.4,,3,SUR,1.31,
TQBR,2013-11-15,Новатэк ао,NVTK,7475,575184319.8,418.47,412.51,422.54,412.55,417.58,412.63,1377410,417.58,417.58,417.58,575121549.3,575121549.3,575121549.3,,3,SUR,-0.81,
TQBR,2013-11-18,Новатэк ао,NVTK,5677,514625331.5,414.88,410.06,417.47,410.5,413.0,410.2,1246070,413.0,413.0,413.0,514500867.5,514500867.5,514500867.5,,3,SUR,-0.59,
TQBR,2013-11-19,Новатэк ао,NVTK,8376,713081303.7,410.22,402.75,412.97,404.2,406.32,406.96,1754990,406.32,406.32,406.32,713073099.3,713073099.3,713073099.3,,3,SUR,-0.79,
TQBR,2013-11-20,Новатэк ао,NVTK,14392,1114184869.6,406.74,395.45,410.54,407.95,403.14,408.0,2763750,403.14,403.14,403.14,1114070982.4,1114070982.4,1114070982.4,,3,SUR,0.26,
TQBR,2013-11-21,Новатэк ао,NVTK,5279,438976779.7,406.01,404.99,411.45,408.7,408.16,408.43,1075500,408.16,408.16,408.16,438842796.4,438842796.4,438842796.4,,3,SUR,0.11,
TQBR,2013-11-22,Новатэк ао,NVTK,9515,997325705.5,410.0,402.0,411.3,402.0,405.11,402.02,2461890,405.1,405.1,405.1,996764005.5,996764005.5,996764005.5,,3,SUR,-1.57,
TQBR,2013-11-25,Новатэк ао,NVTK,7544,1119623373.4,388.5,388.5,406.0,402.0,402.95,402.0,2778580,403.05,403.05,403.05,1111853373.4,1111853373.4,1111853373.4,,3,SUR,0.0,
TQBR,2013-11-26,Новатэк ао,NVTK,6870,558605853.1,402.01,397.38,404.84,400.99,399.78,401.23,1397290,399.78,399.78,399.78,558505350.6,558505350.6,558505350.6,,3,SUR,-0.19,
TQBR,2013-11-27,Новатэк ао,NVTK,6090,479640412.8,401.67,395.57,404.9,397.04,400.05,395.57,1198940,400.05,400.05,400.05,479632379.4,479632379.4,479632379.4,,3,SUR,-1.41,
TQBR,2013-11-28,Новатэк ао,NVTK,4601,283759588.7,396.8,396.41,401.26,399.25,399.12,399.49,710960,399.12,399.12,399.12,283759588.7,283759588.7,283759588.7,,3,SUR,0.99,
TQBR,2013-11-29,Новатэк ао,NVTK,6681,450776069.5,399.47,394.13,401.9,399.0,398.23,398.98,1131950,398.23,398.23,398.23,450776069.5,450776069.5,450776069.5,,3,SUR,-0.13,
TQBR,2013-12-02,Новатэк ао,NVTK,6190,470360297.5,398.74,396.93,401.75,398.01,398.91,397.74,1179110,398.91,398.91,398.91,470296499.1,470296499.1,470296499.1,,3,SUR,-0.31,
TQBR,2013-12-03,Новатэк ао,NVTK,9826,689379876.3,396.95,390.0,398.01,391.9,392.94,391.73,1754420,392.94,392.94,392.94,689367967.8,689367967.8,689367967.8,,3,SUR,-1.51,
TQBR,2013-12-04,Новатэк ао,NVTK,9158,511954325.6,392.42,390.0,397.47,390.74,393.32,390.0,1301610,393.32,393.32,393.32,511915083.6,511915083.6,511915083.6,,3,SUR,-0.44,
TQBR,2013-12-05,Новатэк ао,NVTK,11194,687674469.8,391.3,387.82,395.7,390.62,391.06,388.63,1758470,391.06,391.06,391.06,687674469.8,687674469.8,687674469.8,,3,SUR,-0.35,
TQBR,2013-12-06,Новатэк ао,NVTK,8042,595783429.3,389.9,385.4,400.44,400.0,394.12,399.47,1511690,394.12,394.12,394.12,595635267.3,595635267.3,595635267.3,,3,SUR,2.79,
TQBR,2013-12-09,Новатэк ао,NVTK,12708,1162327951.4,400.0,397.34,415.01,414.9,405.85,414.01,2863940,405.85,405.85,405.85,1161919951.4,1161919951.4,1161919951.4,,3,SUR,3.64,
TQBR,2013-12-10,Новатэк ао,NVTK,8418,853076291.1,413.98,409.12,415.45,411.5,412.46,410.75,2068270,412.46,412.46,412.46,852703709.1,852703709.1,852703709.1,,3,SUR,-0.79,
TQBR,2013-12-11,Новатэк ао,NVTK,6645,573214442.4,410.65,404.04,413.0,405.1,407.76,405.09,1405780,407.76,407.76,407.76,573173377.4,573173377.4,573173377.4,,3,SUR,-1.38,
TQBR,2013-12-12,Новатэк ао,NVTK,10527,668479766.7,400.08,397.0,403.0,401.82,400.43,400.98,1669420,400.43,400.43,400.43,665823235.5,665823235.5,665823235.5,,3,SUR,-1.01,
TQBR,2013-12-13,Новатэк ао,NVTK,5553,610529337.1,402.03,399.56,406.25,401.0,401.41,400.6,1520960,401.41,401.41,401.41,610444910.8,610444910.8,610444910.8,,3,SUR,-0.09,
TQBR,2013-12-16,Новатэк ао,NVTK,10735,703436530.6,400.5,398.83,403.85,400.9,401.49,401.99,1752050,401.49,401.49,401.49,703815469.1,703815469.1,703815469.1,,3,SUR,0.35,
TQBR,2013-12-17,Новатэк ао,NVTK,5422,589294801.2,402.89,398.72,404.78,401.3,401.14,401.0,1469040,401.14,401.14,401.14,589336365.92,589336365.92,589336365.92,,3,SUR,-0.25,
TQBR,2013-12-18,Новатэк ао,NVTK,6042,764188305.2,401.07,400.7,404.33,400.7,402.58,402.0,1898250,402.58,402.58,402.58,764188305.2,764188305.2,764188305.2,,3,SUR,0.25,
TQBR,2013-12-19,Новатэк ао,NVTK,9049,1077162316.7,403.9,400.0,411.3,401.0,405.26,401.0,2657930,405.26,405.26,405.26,1076842752.7,1076842752.7,1076842752.7,,3,SUR,-0.25,
TQBR,2013-12-20,Новатэк ао,NVTK,5127,512940218.6,401.5,398.0,403.22,399.27,401.34,399.3,1278080,401.35,401.35,401.35,515221140.14,515221140.14,515221140.14,,3,SUR,-0.42,
TQBR,2013-12-23,Новатэк ао,NVTK,6550,518226549.7,401.0,400.17,404.97,403.0,403.52,404.0,1284260,403.52,403.52,403.52,518413209.13,518413209.13,518413209.13,,3,SUR,1.18,
TQBR,2013-12-24,Новатэк ао,NVTK,3279,304960888.0,405.29,404.01,408.2,406.0,405.72,405.97,751660,405.72,405.72,405.72,305184866.26,305184866.26,305184866.26,,3,SUR,0.49,
TQBR,2013-12-25,Новатэк ао,NVTK,2047,206718869.8,405.19,401.89,408.54,402.5,405.4,402.5,509910,405.4,405.4,405.4,206670247.0,206670247.0,206670247.0,,3,SUR,-0.85,
TQBR,2013-12-26,Новатэк ао,NVTK,1808,212362026.7,403.81,401.62,404.52,404.52,402.64,404.3,527430,402.64,402.64,402.64,212458780.6,212458780.6,212458780.6,,3,SUR,0.45,
TQBR,2013-12-27,Новатэк ао,NVTK,3177,249054863.7,404.47,396.79,404.87,398.55,400.45,399.0,621930,400.46,400.46,400.46,249095038.2,249095038.2,249095038.2,,3,SUR,-1.31,
TQBR,2013-12-30,Новатэк ао,NVTK,3933,302627295.0,397.0,397.0,404.9,399.7,401.22,399.01,754270,401.22,401.22,401.22,302611415.0,302611415.0,302611415.0,,3,SUR,0.0,
TQBR,2014-01-06,Новатэк ао,NVTK,7403,665142267.5,397.99,393.1,398.51,393.77,394.83,393.11,1684610,394.83,394.83,394.83,665134307.7,665134307.7,665134307.7,,3,SUR,-1.48,
TQBR,2014-01-08,Новатэк ао,NVTK,3766,326341655.1,394.55,388.13,395.48,389.0,392.24,389.79,831990,392.24,392.24,392.24,326419745.1,326419745.1,326419745.1,,3,SUR,-0.84,
TQBR,2014-01-09,Новатэк ао,NVTK,6118,508460279.8,389.5,383.57,390.0,385.65,386.35,385.7,1316060,386.35,386.35,386.35,507645811.83,507645811.83,507645811.83,,3,SUR,-1.05,
TQBR,2014-01-10,Новатэк ао,NVTK,8908,612662406.7,386.71,379.75,388.0,387.35,383.34,387.35,1598240,383.34,383.34,383.34,612561862.1,612561862.1,612561862.1,,3,SUR,0.43,
TQBR,2014-01-13,Новатэк ао,NVTK,6115,612097039.7,387.36,385.37,397.97,397.0,395.2,396.8,1548810,395.21,395.21,395.21,611620586.9,611620586.9,611620586.9,,3,SUR,2.44,
TQBR,2014-01-14,Новатэк ао,NVTK,7590,587220561.2,394.28,388.07,399.93,398.06,392.85,399.0,1494760,392.85,392.85,392.85,586396516.0,586396516.0,586396516.0,,3,SUR,0.55,
TQBR,2014-01-15,Новатэк ао,NVTK,9381,707893550.5,399.38,392.05,400.41,400.0,396.62,400.4,1784810,396.62,396.62,396.62,707737792.3,707737792.3,707737792.3,,3,SUR,0.35,
TQBR,2014-01-16,Новатэк ао,NVTK,8856,693181450.4,400.04,393.06,401.25,393.08,396.13,394.1,1749870,396.13,396.13,396.13,693173449.6,693173449.6,693173449.6,,3,SUR,-1.57,
TQBR,2014-01-17,Новатэк ао,NVTK,5896,439924037.2,395.58,390.03,400.99,400.3,395.21,400.2,1113130,395.21,395.21,395.21,439920081.4,439920081.4,439920081.4,,3,SUR,1.55,
TQBR,2014-01-20,Новатэк ао,NVTK,5156,444789470.0,399.6,397.28,405.75,405.5,402.7,405.12,1104510,402.7,402.7,402.7,444589670.0,444589670.0,444589670.0,,3,SUR,1.23,
TQBR,2014-01-21,Новатэк ао,NVTK,5724,477488492.5,406.88,405.73,408.86,405.8,406.73,405.8,1173960,406.73,406.73,406.73,476804934.1,476804934.1,476804934.1,,3,SUR,0.17,
TQBR,2014-01-22,Новатэк ао,NVTK,4206,323649181.3,403.77,401.62,405.98,405.87,403.21,405.1,802690,403.21,403.21,403.21,323738199.7,323738199.7,323738199.7,,3,SUR,-0.17,
TQBR,2014-01-23,Новатэк ао,NVTK,9366,992065202.6,404.43,404.43,418.79,416.5,414.48,416.0,2393490,414.48,414.48,414.48,992057114.0,992057114.0,992057114.0,,3,SUR,2.69,
TQBR,2014-01-24,Новатэк ао,NVTK,11007,891008088.0,413.0,406.58,416.6,407.0,411.67,408.68,2164360,411.67,411.67,411.67,889992108.0,889992108.0,889992108.0,,3,SUR,-1.76,
TQBR,2014-01-27,Новатэк ао,NVTK,6690,567899742.6,405.03,403.01,411.26,404.47,408.0,406.0,1391920,408.0,408.0,408.0,567804275.6,567804275.6,567804275.6,,3,SUR,-0.66,
TQBR,2014-01-28,Новатэк ао,NVTK,8016,758852831.1,406.42,391.05,406.99,392.2,397.54,391.3,1908870,397.54,397.54,397.54,758820317.5,758820317.5,758820317.5,,3,SUR,-3.62,
TQBR,2014-01-29,Новатэк ао,NVTK,11378,1133639879.9,394.54,387.19,399.89,389.95,395.78,389.98,2864310,395.78,395.78,395.78,1133272957.7,1133272957.7,1133272957.7,,3,SUR,-0.34,
TQBR,2014-01-30,Новатэк ао,NVTK,7655,579701492.1,388.95,386.18,393.4,390.73,390.28,390.98,1485350,390.28,390.28,390.28,579118067.1,579118067.1,579118067.1,,3,SUR,0.26,
TQBR,2014-01-31,Новатэк ао,NVTK,6961,550680477.0,392.76,390.17,397.23,393.47,392.89,393.45,1401600,392.89,392.89,392.89,550287717.0,550287717.0,550287717.0,,3,SUR,0.63,
TQBR,2014-02-03,Новатэк ао,NVTK,7048,504585153.9,395.5,388.51,397.81,388.89,392.77,388.51,1284690,392.77,392.77,392.77,504225248.9,504225248.9,504225248.9,,3,SUR,-1.26,
TQBR,2014-02-04,Новатэк ао,NVTK,7810,587365546.8,386.11,383.31,388.48,388.47,385.66,386.7,1523010,385.66,385.66,385.66,586504521.5,586504521.5,586504521.5,,3,SUR,-0.47,
TQBR,2014-02-05,Новатэк ао,NVTK,6379,570868649.2,384.92,384.92,396.79,395.56,391.57,395.52,1457890,391.57,391.57,391.57,570614994.84,570614994.84,570614994.84,,3,SUR,2.28,
TQBR,2014-02-06,Новатэк ао,NVTK,5229,449853842.8,395.8,393.0,400.47,400.4,397.77,400.47,1130940,397.77,397.77,397.77,449739060.8,449739060.8,449739060.8,,3,SUR,1.25,
TQBR,2014-02-07,Новатэк ао,NVTK,7104,581716927.9,402.0,400.24,408.0,408.0,404.96,407.84,1436470,404.96,404.96,404.96,581375227.9,581375227.9,581375227.9,,3,SUR,1.84,
TQBR,2014-02-10,Новатэк ао,NVTK,3984,342217662.4,408.44,403.77,409.6,403.81,406.81,403.81,841220,406.81,406.81,406.81,342164565.2,342164565.2,342164565.2,,3,SUR,-0.99,
TQBR,2014-02-11,Новатэк ао,NVTK,7227,621298220.8,405.03,402.2,410.0,409.61,407.94,409.65,1523030,407.94,407.94,407.94,621253667.5,621253667.5,621253667.5,,3,SUR,1.45,
TQBR,2014-02-12,Новатэк ао,NVTK,7389,731615563.6,410.67,410.5,416.4,416.14,414.25,415.25,1766110,414.25,414.25,414.25,731365054.9,731365054.9,731365054.9,,3,SUR,1.37,
TQBR,2014-02-13,Новатэк ао,NVTK,8735,727978719.5,414.02,407.73,415.0,410.31,411.22,410.27,1770270,411.22,411.22,411.22,727481895.5,727481895.5,727481895.5,,3,SUR,-1.2,
TQBR,2014-02-14,Новатэк ао,NVTK,9210,681675557.3,412.0,410.71,418.0,417.83,415.01,417.43,1642540,415.01,415.01,415.01,681436597.3,681436597.3,681436597.3,,3,SUR,1.75,
TQBR,2014-02-17,Новатэк ао,NVTK,6269,435961966.9,417.32,412.14,419.45,416.03,416.16,416.13,1047590,416.16,416.16,416.16,435699055.3,435699055.3,435699055.3,,3,SUR,-0.31,
TQBR,2014-02-18,Новатэк ао,NVTK,5165,361592096.7,416.39,411.01,418.74,415.73,416.35,413.27,868490,416.35,416.35,416.35,361592096.7,361592096.7,361592096.7,,3,SUR,-0.69,
TQBR,2014-02-19,Новатэк ао,NVTK,10050,698377103.9,413.53,410.57,416.0,412.6,413.09,413.0,1690630,413.09,413.09,413.09,698372968.6,698372968.6,698372968.6,,3,SUR,-0.07,
TQBR,2014-02-20,Новатэк ао,NVTK,6364,540039127.8,409.96,408.11,414.61,408.55,410.34,409.0,1316090,410.34,410.34,410.34,540022729.4,540022729.4,540022729.4,,3,SUR,-0.97,
TQBR,2014-02-21,Новатэк ао,NVTK,4580,319661819.9,410.69,407.0,412.49,407.0,409.37,407.5,780870,409.37,409.37,409.37,319382550.7,319382550.7,319382550.7,,3,SUR,-0.37,
TQBR,2014-02-24,Новатэк ао,NVTK,7655,390304066.7,407.49,404.6,411.0,411.0,407.62,411.0,957530,407.62,407.62,407.62,390112546.4,390112546.4,390112546.4,,3,SUR,0.86,
TQBR,2014-02-25,Новатэк ао,NVTK,7407,530115992.9,413.68,408.01,418.2,417.02,413.59,417.02,1281750,413.59,413.59,413.59,529876058.5,529876058.5,529876058.5,,3,SUR,1.46,
TQBR,2014-02-26,Новатэк ао,NVTK,7585,502257229.0,418.86,415.1,421.0,421.0,418.15,420.0,1201150,418.15,418.15,418.15,502068281.5,502068281.5,502068281.5,,3,SUR,0.71,
TQBR,2014-02-27,Новатэк ао,NVTK,17137,1437066374.2,420.27,410.0,427.52,415.24,416.72,414.81,3448550,416.72,416.72,416.72,1436957104.0,1436957104.0,1436957104.0,,3,SUR,-1.24,
TQBR,2014-02-28,Новатэк ао,NVTK,15844,1018566833.1,415.95,406.24,419.76,412.0,412.16,411.09,2471310,412.16,412.16,412.16,1018500281.1,1018500281.1,1018500281.1,,3,SUR,-0.9,
TQBR,2014-03-03,Новатэк ао,NVTK,26409,2321067414.7,400.01,340.86,402.42,348.95,368.52,346.69,6298290,368.48,368.48,368.48,2317550275.0,2317550275.0,2317550275.0,,3,SUR,-15.67,
TQBR,2014-03-04,Новатэк ао,NVTK,26237,2131492528.5,348.76,348.76,382.48,377.93,370.91,377.93,5746640,370.91,370.91,370.91,2131462657.1,2131462657.1,2131462657.1,,3,SUR,9.01,
TQBR,2014-03-05,Новатэк ао,NVTK,13960,922422063.5,380.0,367.72,381.99,377.0,374.39,377.23,2463800,374.39,374.39,374.39,922038263.5,922038263.5,922038263.5,,3,SUR,-0.19,
TQBR,2014-03-06,Новатэк ао,NVTK,18800,1456046764.7,377.0,354.65,385.99,370.44,372.89,369.89,3904710,372.89,372.89,372.89,1455905445.7,1455905445.7,1455905445.7,,3,SUR,-1.95,
TQBR,2014-03-07,Новатэк ао,NVTK,14858,869714372.9,370.0,360.23,373.4,362.0,366.36,361.16,2373940,366.36,366.36,366.36,869015072.9,869015072.9,869015072.9,,3,SUR,-2.36,
TQBR,2014-03-11,Новатэк ао,NVTK,13375,770675084.5,359.87,348.0,359.99,351.53,352.9,351.53,2183820,352.9,352.9,352.9,770551462.7,770551462.7,770551462.7,,3,SUR,-2.67,
TQBR,2014-03-12,Новатэк ао,NVTK,19215,819813851.9,348.0,341.12,351.5,343.85,346.2,343.21,2368040,346.2,346.2,346.2,819089528.2,819089528.2,819089528.2,,3,SUR,-2.37,
TQBR,2014-03-13,Новатэк ао,NVTK,15881,1151668804.7,344.23,330.25,347.61,332.8,338.2,332.91,3405310,338.2,338.2,338.2,1151675524.7,1151675524.7,1151675524.7,,3,SUR,-3.0,
TQBR,2014-03-14,Новатэк ао,NVTK,27125,2259002121.4,327.0,307.51,327.0,312.0,315.57,310.5,7158550,315.57,315.57,315.57,2258851701.4,2258851701.4,2258851701.4,,3,SUR,-6.73,
TQBR,2014-03-17,Новатэк ао,NVTK,26688,2202793673.0,303.6,303.6,331.58,328.59,324.82,328.56,6781520,324.83,324.83,324.83,2202405065.0,2202405065.0,2202405065.0,,3,SUR,5.82,
TQBR,2014-03-18,Новатэк ао,NVTK,22844,1592662489.1,333.42,330.26,365.65,360.04,344.2,360.81,4627090,344.22,344.22,344.22,1591103573.5,1591103573.5,1591103573.5,,3,SUR,9.82,
TQBR,2014-03-19,Новатэк ао,NVTK,18074,1226627802.6,360.0,346.97,368.9,357.0,357.76,356.78,3428590,357.76,357.76,357.76,1226415402.6,1226415402.6,1226415402.6,,3,SUR,-1.12,
TQBR,2014-03-20,Новатэк ао,NVTK,12447,1058116095.0,351.17,350.11,362.99,359.0,356.77,359.0,2965810,356.78,356.78,356.78,1055998539.9,1055998539.9,1055998539.9,,3,SUR,0.62,
TQBR,2014-03-21,Новатэк ао,NVTK,45581,5410517471.2,345.0,312.3,345.0,330.73,325.98,328.0,16597620,325.96,325.96,325.96,5403096521.2,5403096521.2,5403096521.2,,3,SUR,-8.64,
TQBR,2014-03-24,Новатэк ао,NVTK,31188,2230903515.1,331.27,327.02,344.76,329.0,336.74,330.26,6625040,336.74,336.74,336.74,2230727942.0,2230727942.0,2230727942.0,,3,SUR,0.69,
TQBR,2014-03-25,Новатэк ао,NVTK,16308,1281549957.6,332.97,325.01,344.96,340.16,338.08,340.17,3790620,338.09,338.09,338.09,1280477794.2,1280477794.2,1280477794.2,,3,SUR,3.0,
TQBR,2014-03-26,Новатэк ао,NVTK,16128,1263264078.0,343.5,342.95,355.79,354.3,351.43,354.0,3594680,351.43,351.43,351.43,1263140418.0,1263140418.0,1263140418.0,,3,SUR,4.07,
TQBR,2014-03-27,Новатэк ао,NVTK,13154,933039462.0,350.0,339.0,358.47,341.4,345.38,341.37,2701520,345.35,345.35,345.35,928261962.0,928261962.0,928261962.0,,3,SUR,-3.57,
TQBR,2014-03-28,Новатэк ао,NVTK,9587,746569468.2,342.94,340.02,351.89,342.5,346.08,342.75,2157230,346.08,346.08,346.08,746181946.0,746181946.0,746181946.0,,3,SUR,0.4,
TQBR,2014-03-31,Новатэк ао,NVTK,9494,784151161.9,344.64,342.56,352.22,351.0,348.43,351.0,2250520,348.43,348.43,348.43,784082233.9,784082233.9,784082233.9,,3,SUR,2.41,
TQBR,2014-04-01,Новатэк ао,NVTK,11189,929552967.5,354.0,345.5,356.3,353.0,352.66,353.0,2635860,352.66,352.66,352.66,929340567.5,929340567.5,929340567.5,,3,SUR,0.0,
TQBR,2014-04-02,Новатэк ао,NVTK,8828,583668575.1,352.8,344.01,355.0,348.89,348.86,348.89,1673090,348.85,348.85,348.85,582962975.1,582962975.1,582962975.1,,3,SUR,0.0,
TQBR,2014-04-03,Новатэк ао,NVTK,7631,571154948.7,349.86,344.0,350.99,347.0,347.42,347.0,1643970,347.42,347.42,347.42,571084976.7,571084976.7,571084976.7,,3,SUR,0.0,
TQBR,2014-04-04,Новатэк ао,NVTK,7465,583343140.5,347.4,344.14,351.89,350.56,348.89,350.56,1672010,348.89,348.89,348.89,583235446.5,583235446.5,583235446.5,,3,SUR,0.0,
TQBR,2014-04-07,Новатэк ао,NVTK,16283,1083692561.6,345.65,333.5,345.65,337.0,338.84,337.0,3198270,338.83,338.83,338.83,1083094587.1,1083094587.1,1083094587.1,,3,SUR,0.0,
TQBR,2014-04-08,Новатэк ао,NVTK,9512,630929893.0,337.0,333.0,340.9,340.39,336.19,340.39,1876730,336.18,336.18,336.18,629093243.0,629093243.0,629093243.0,,3,SUR,0.0,
TQBR,2014-04-09,Новатэк ао,NVTK,10026,578212762.1,339.9,335.8,344.0,342.64,339.82,342.64,1701510,339.82,339.82,339.82,578086999.1,578086999.1,578086999.1,,3,SUR,0.0,
TQBR,2014-04-10,Новатэк ао,NVTK,10021,688357695.1,344.47,342.13,348.5,345.0,345.11,345.0,1994600,345.11,345.11,345.11,688113121.4,688113121.4,688113121.4,,3,SUR,0.0,
TQBR,2014-04-11,Новатэк ао,NVTK,8665,550704692.3,341.0,335.13,346.9,346.0,342.52,346.0,1607810,342.52,342.52,342.52,549497552.3,549497552.3,549497552.3,,3,SUR,0.0,
TQBR,2014-04-14,Новатэк ао,NVTK,8800,510719119.3,343.1,337.0,344.01,339.5,339.61,339.5,1503840,339.61,339.61,339.61,510612758.3,510612758.3,510612758.3,,3,SUR,0.0,
TQBR,2014-04-15,Новатэк ао,NVTK,11618,695441299.7,339.0,333.0,340.63,333.15,335.91,333.15,2070330,335.91,335.91,335.91,695329429.7,695329429.7,695329429.7,,3,SUR,0.0,
TQBR,2014-04-16,Новатэк ао,NVTK,11970,545433379.5,333.52,330.13,339.55,339.55,334.9,339.55,1628650,334.9,334.9,334.9,545319982.7,545319982.7,545319982.7,,3,SUR,0.0,
TQBR,2014-04-17,Новатэк ао,NVTK,9307,447352316.5,340.01,334.61,342.93,340.0,339.2,340.0,1318850,339.2,339.2,339.2,446696097.2,446696097.2,446696097.2,,3,SUR,0.0,
TQBR,2014-04-18,Новатэк ао,NVTK,7413,712899724.7,344.0,344.0,351.85,350.0,349.72,350.0,2038480,349.74,349.74,349.74,711155644.7,711155644.7,711155644.7,,3,SUR,0.0,
TQBR,2014-04-21,Новатэк ао,NVTK,7014,382809231.4,350.0,346.62,354.0,347.01,349.62,347.01,1094920,349.62,349.62,349.62,382602731.4,382602731.4,382602731.4,,3,SUR,0.0,
TQBR,2014-04-22,Новатэк ао,NVTK,9086,528061995.3,346.24,341.39,348.3,343.95,344.49,343.95,1532900,344.48,344.48,344.48,527542635.3,527542635.3,527542635.3,,3,SUR,0.0,
TQBR,2014-04-23,Новатэк ао,NVTK,9697,615824038.5,345.87,340.1,345.87,341.0,342.32,341.0,1798970,342.32,342.32,342.32,615824038.5,615824038.5,615824038.5,,3,SUR,0.0,
TQBR,2014-04-24,Новатэк ао,NVTK,14879,1058998304.1,342.85,325.37,343.96,326.99,333.04,326.99,3179830,333.03,333.03,333.03,1058693167.6,1058693167.6,1058693167.6,,3,SUR,0.0,
TQBR,2014-04-25,Новатэк ао,NVTK,11886,763638966.2,327.25,320.02,333.85,333.0,328.36,333.0,2325580,328.37,328.37,328.37,763278991.2,763278991.2,763278991.2,,3,SUR,0.0,
TQBR,2014-04-28,Новатэк ао,NVTK,9126,517407076.4,329.05,327.26,338.0,338.0,332.56,338.0,1555810,332.57,332.57,332.57,517038540.4,517038540.4,517038540.4,,3,SUR,0.0,
TQBR,2014-04-29,Новатэк ао,NVTK,11908,656182156.9,339.94,339.12,345.0,342.74,342.92,342.74,1913520,342.92,342.92,342.92,655825219.9,655825219.9,655825219.9,,3,SUR,0.0,
TQBR,2014-04-30,Новатэк ао,NVTK,7043,385990480.9,346.73,336.36,346.73,341.4,341.14,341.4,1131470,341.09,341.09,341.09,382519713.6,382519713.6,382519713.6,,3,SUR,0.0,
TQBR,2014-05-02,Новатэк ао,NVTK,3281,148618747.7,341.97,340.42,344.95,341.54,341.96,341.54,434610,341.96,341.96,341.96,148540094.6,148540094.6,148540094.6,,3,SUR,0.0,
TQBR,2014-05-05,Новатэк ао,NVTK,4707,217344770.6,340.79,335.06,341.61,338.5,337.54,338.5,643900,337.54,337.54,337.54,217337954.8,217337954.8,217337954.8,,3,SUR,0.0,
TQBR,2014-05-06,Новатэк ао,NVTK,7638,457738558.8,339.47,338.89,348.0,346.94,344.49,346.94,1328760,344.49,344.49,344.49,457708006.5,457708006.5,457708006.5,,3,SUR,0.0,
TQBR,2014-05-07,Новатэк ао,NVTK,13274,901813872.1,345.26,345.13,373.48,369.99,360.41,369.99,2502180,360.41,360.41,360.41,901762083.1,901762083.1,901762083.1,,3,SUR,0.0,
TQBR,2014-05-08,Новатэк ао,NVTK,18941,1654278517.8,370.0,359.28,373.22,365.0,364.42,365.0,4539470,364.42,364.42,364.42,1654163817.8,1654163817.8,1654163817.8,,3,SUR,0.0,
TQBR,2014-05-12,Новатэк ао,NVTK,10658,500938354.6,365.0,360.52,370.51,368.5,366.16,368.5,1368090,366.16,366.16,366.16,500336104.6,500336104.6,500336104.6,,3,SUR,0.0,
TQBR,2014-05-13,Новатэк ао,NVTK,9234,516075994.5,370.09,364.3,374.33,366.25,370.01,366.25,1394770,370.01,370.01,370.01,515987172.9,515987172.9,515987172.9,,3,SUR,0.0,
TQBR,2014-05-14,Новатэк ао,NVTK,6411,483160005.3,363.8,360.11,368.36,364.2,363.08,364.2,1330720,363.08,363.08,363.08,483014485.3,483014485.3,483014485.3,,3,SUR,0.0,
TQBR,2014-05-15,Новатэк ао,NVTK,8326,415553715.6,364.15,360.2,369.89,361.2,365.67,361.2,1136420,365.67,365.67,365.67,415550074.1,415550074.1,415550074.1,,3,SUR,0.0,
TQBR,2014-05-16,Новатэк ао,NVTK,6631,329454906.0,360.1,360.1,365.5,365.5,362.9,365.5,907850,362.9,362.9,362.9,329256851.0,329256851.0,329256851.0,,3,SUR,0.0,
TQBR,2014-05-19,Новатэк ао,NVTK,8542,651185274.3,366.1,365.6,374.63,371.8,371.04,371.8,1755010,371.04,371.04,371.04,651152325.3,651152325.3,651152325.3,,3,SUR,0.0,
TQBR,2014-05-20,Новатэк ао,NVTK,14582,1331008633.4,373.0,373.0,381.43,376.11,378.28,376.11,3518600,378.28,378.28,378.28,1330728883.4,1330728883.4,1330728883.4,,3,SUR,0.0,
TQBR,2014-05-21,Новатэк ао,NVTK,20199,1364005761.5,377.9,372.67,391.0,389.0,383.59,389.0,3555920,383.59,383.59,383.59,1364005761.5,1364005761.5,1364005761.5,,3,SUR,0.0,
TQBR,2014-05-22,Новатэк ао,NVTK,8840,558361609.6,393.0,381.6,393.0,387.71,386.63,387.71,1444180,386.61,386.61,386.61,556986109.6,556986109.6,556986109.6,,3,SUR,0.0,
TQBR,2014-05-23,Новатэк ао,NVTK,9408,475457436.4,389.0,382.18,389.95,386.5,386.38,386.5,1230530,386.37,386.37,386.37,473753616.4,473753616.4,473753616.4,,3,SUR,0.0,
TQBR,2014-05-26,Новатэк ао,NVTK,6496,354266155.7,387.04,386.57,391.5,388.54,390.35,388.54,907560,390.35,390.35,390.35,354246803.7,354246803.7,354246803.7,,3,SUR,0.0,
TQBR,2014-05-27,Новатэк ао,NVTK,14159,827265228.3,389.72,369.0,389.72,372.99,375.0,372.99,2206040,375.0,375.0,375.0,827245742.3,827245742.3,827245742.3,,3,SUR,0.0,
TQBR,2014-05-28,Новатэк ао,NVTK,10385,658302492.6,373.75,368.0,382.3,378.09,375.34,378.09,1753860,375.35,375.35,375.35,658149255.1,658149255.1,658149255.1,,3,SUR,0.0,
TQBR,2014-05-29,Новатэк ао,NVTK,7761,446971973.3,376.18,376.18,386.62,381.57,383.92,381.57,1164240,383.95,383.95,383.95,445053455.3,445053455.3,445053455.3,,3,SUR,0.0,
TQBR,2014-05-30,Новатэк ао,NVTK,8034,474437457.9,382.1,370.0,386.0,370.0,377.47,370.0,1256900,377.46,377.46,377.46,474280796.9,474280796.9,474280796.9,,3,SUR,0.0,
TQBR,2014-06-02,Новатэк ао,NVTK,12374,698569806.2,374.96,374.68,388.67,386.8,381.97,386.8,1828840,381.98,381.98,381.98,697688650.2,697688650.2,697688650.2,,3,SUR,0.0,
TQBR,2014-06-03,Новатэк ао,NVTK,9859,489812457.5,384.0,380.1,388.11,387.79,383.17,387.79,1278320,383.17,383.17,383.17,488426217.5,488426217.5,488426217.5,,3,SUR,0.0,
TQBR,2014-06-04,Новатэк ао,NVTK,9375,620617871.4,387.31,382.0,389.75,382.15,385.02,382.15,1611890,385.02,385.02,385.02,620459074.3,620459074.3,620459074.3,,3,SUR,0.0,
TQBR,2014-06-05,Новатэк ао,NVTK,14240,1012465608.2,382.91,382.01,396.2,392.56,391.06,392.56,2589040,391.06,391.06,391.06,1012461779.1,1012461779.1,1012461779.1,,3,SUR,0.0,
TQBR,2014-06-06,Новатэк ао,NVTK,15672,1123563107.6,393.28,393.0,405.43,403.17,399.46,403.17,2812730,399.46,399.46,399.46,1123319274.0,1123319274.0,1123319274.0,,3,SUR,0.0,
TQBR,2014-06-09,Новатэк ао,NVTK,7709,703016534.5,407.21,403.51,408.69,405.93,406.68,405.93,1728690,406.68,406.68,406.68,702690766.5,702690766.5,702690766.5,,3,SUR,0.68,
TQBR,2014-06-10,Новатэк ао,NVTK,9743,599987707.0,404.83,398.17,406.49,401.37,401.53,401.37,1494260,401.53,401.53,401.53,599935079.1,599935079.1,599935079.1,,3,SUR,-1.12,
TQBR,2014-06-11,Новатэк ао,NVTK,8419,537792336.4,401.67,399.54,404.79,400.7,401.36,400.7,1339920,401.36,401.36,401.36,537647735.2,537647735.2,537647735.2,,3,SUR,-0.17,
TQBR,2014-06-16,Новатэк ао,NVTK,24653,2459084096.9,401.2,394.4,409.0,407.99,405.46,407.99,6064950,405.46,405.46,405.46,2458943676.9,2458943676.9,2458943676.9,,3,SUR,1.82,
TQBR,2014-06-17,Новатэк ао,NVTK,10186,780681198.5,407.05,404.0,410.75,408.34,406.19,408.34,1921970,406.19,406.19,406.19,780563154.0,780563154.0,780563154.0,,3,SUR,0.09,
TQBR,2014-06-18,Новатэк ао,NVTK,16058,1448996400.4,409.28,407.2,416.2,414.5,412.78,414.5,3510360,412.78,412.78,412.78,1448975936.4,1448975936.4,1448975936.4,,3,SUR,1.51,
TQBR,2014-06-19,Новатэк ао,NVTK,7342,643162781.5,419.49,415.32,419.9,416.95,416.82,416.95,1543040,416.81,416.81,416.81,641862362.5,641862362.5,641862362.5,,3,SUR,0.59,
TQBR,2014-06-20,Новатэк ао,NVTK,26134,5617627916.7,416.0,414.81,435.0,419.63,425.46,419.63,13203710,425.46,425.46,425.46,5617553036.7,5617553036.7,5617553036.7,,3,SUR,0.64,
TQBR,2014-06-23,Новатэк ао,NVTK,7588,673211499.8,422.26,420.02,424.84,421.43,422.17,421.43,1594660,422.17,422.17,422.17,673008815.0,673008815.0,673008815.0,,3,SUR,0.43,
TQBR,2014-06-24,Новатэк ао,NVTK,9459,1041366881.6,422.05,422.0,427.69,427.45,424.55,427.45,2452870,424.55,424.55,424.55,1041362661.1,1041362661.1,1041362661.1,,3,SUR,1.43,
TQBR,2014-06-25,Новатэк ао,NVTK,13318,1473823504.6,426.0,413.75,426.78,417.5,420.07,417.5,3508540,420.07,420.07,420.07,1473810724.6,1473810724.6,1473810724.6,,3,SUR,-2.33,
TQBR,2014-06-26,Новатэк ао,NVTK,6454,462848184.4,419.34,412.18,420.41,415.28,415.36,415.28,1114340,415.36,415.36,415.36,462843991.0,462843991.0,462843991.0,,3,SUR,-0.53,
TQBR,2014-06-27,Новатэк ао,NVTK,6627,392196123.4,418.02,412.76,419.5,418.0,416.41,418.0,941860,416.41,416.41,416.41,392066537.2,392066537.2,392066537.2,,3,SUR,0.65,
TQBR,2014-06-30,Новатэк ао,NVTK,12730,847015841.2,414.86,414.86,420.99,420.0,417.69,420.0,2027880,417.69,417.69,417.69,847011692.6,847011692.6,847011692.6,,3,SUR,0.48,
TQBR,2014-07-01,Новатэк ао,NVTK,8687,669553273.6,418.25,411.56,419.4,413.4,413.43,413.4,1619490,413.43,413.43,413.43,669553273.6,669553273.6,669553273.6,,3,SUR,-1.57,
TQBR,2014-07-02,Новатэк ао,NVTK,9605,769401581.6,413.88,413.56,418.2,417.11,416.28,417.11,1848280,416.28,416.28,416.28,769401581.6,769401581.6,769401581.6,,3,SUR,0.9,
TQBR,2014-07-03,Новатэк ао,NVTK,6387,495422281.0,418.01,410.71,419.95,413.14,415.03,413.14,1193700,415.03,415.03,415.03,495401380.5,495401380.5,495401380.5,,3,SUR,-0.95,
TQBR,2014-07-04,Новатэк ао,NVTK,7896,513069479.2,413.02,404.11,416.25,408.9,410.47,408.9,1249960,410.47,410.47,410.47,513069479.2,513069479.2,513069479.2,,3,SUR,-1.03,
TQBR,2014-07-07,Новатэк ао,NVTK,5374,344368449.2,409.38,406.33,414.93,413.0,412.47,413.0,834890,412.47,412.47,412.47,344347980.2,344347980.2,344347980.2,,3,SUR,1.0,
TQBR,2014-07-08,Новатэк ао,NVTK,8385,520651754.0,413.0,412.0,416.74,412.0,414.86,412.0,1255020,414.86,414.86,414.86,520651754.0,520651754.0,520651754.0,,3,SUR,-0.24,
TQBR,2014-07-09,Новатэк ао,NVTK,7228,446946452.4,411.11,400.73,415.21,410.3,409.98,410.3,1090170,409.98,409.98,409.98,446782008.4,446782008.4,446782008.4,,3,SUR,-0.41,
TQBR,2014-07-10,Новатэк ао,NVTK,12394,798424991.1,412.36,399.77,415.8,400.23,403.84,400.23,1977080,403.84,403.84,403.84,798227058.3,798227058.3,798227058.3,,3,SUR,-2.45,
TQBR,2014-07-11,Новатэк ао,NVTK,7596,404959892.0,400.36,397.38,404.63,400.0,400.86,400.0,1010240,400.86,400.86,400.86,404839784.0,404839784.0,404839784.0,,3,SUR,-0.06,
TQBR,2014-07-14,Новатэк ао,NVTK,9120,474250531.8,402.0,390.72,403.56,393.0,395.75,393.0,1198370,395.74,395.74,395.74,474117871.8,474117871.8,474117871.8,,3,SUR,-1.75,
TQBR,2014-07-15,Новатэк ао,NVTK,10969,706983035.6,394.5,390.37,403.58,401.0,397.5,401.0,1778570,397.5,397.5,397.5,706983035.6,706983035.6,706983035.6,,3,SUR,2.04,
TQBR,2014-07-16,Новатэк ао,NVTK,12288,572932949.4,401.0,396.43,404.0,400.1,400.6,400.1,1430190,400.6,400.6,400.6,572932949.4,572932949.4,572932949.4,,3,SUR,-0.22,
TQBR,2014-07-17,Новатэк ао,NVTK,36749,3484607414.3,393.0,364.0,393.0,378.0,374.6,378.0,9302180,374.59,374.59,374.59,3482768174.3,3482768174.3,3482768174.3,,3,SUR,-5.52,
TQBR,2014-07-18,Новатэк ао,NVTK,16047,1024714706.5,370.01,367.01,379.77,374.1,373.56,374.1,2743080,373.57,373.57,373.57,1023963586.2,1023963586.2,1023963586.2,,3,SUR,-1.03,
TQBR,2014-07-21,Новатэк ао,NVTK,10204,509240932.8,390.78,364.8,390.78,364.87,368.75,364.87,1381000,368.73,368.73,368.73,508850152.8,508850152.8,508850152.8,,3,SUR,-2.47,
TQBR,2014-07-22,Новатэк ао,NVTK,14661,870116905.5,368.75,366.32,376.0,368.0,371.83,368.0,2340090,371.83,371.83,371.83,869556405.5,869556405.5,869556405.5,,3,SUR,0.86,
TQBR,2014-07-23,Новатэк ао,NVTK,10269,638153635.9,375.0,364.11,375.0,365.57,368.32,365.57,1732600,368.28,368.28,368.28,634403635.9,634403635.9,634403635.9,,3,SUR,-0.66,
TQBR,2014-07-24,Новатэк ао,NVTK,10843,722014863.3,365.05,356.8,366.94,358.0,361.45,358.0,1997560,361.45,361.45,361.45,721832338.3,721832338.3,721832338.3,,3,SUR,-2.07,
TQBR,2014-07-25,Новатэк ао,NVTK,9371,497028805.4,356.1,354.1,358.97,354.15,356.1,354.15,1395740,356.1,356.1,356.1,495355135.4,495355135.4,495355135.4,,3,SUR,-1.08,
TQBR,2014-07-28,Новатэк ао,NVTK,9106,424892345.3,352.83,347.1,354.41,350.0,350.22,350.0,1213210,350.22,350.22,350.22,424800609.5,424800609.5,424800609.5,,3,SUR,-1.17,
TQBR,2014-07-29,Новатэк ао,NVTK,12325,578710034.9,349.45,348.84,362.11,355.74,355.64,355.74,1627240,355.64,355.64,355.64,578692562.4,578692562.4,578692562.4,,3,SUR,1.64,
TQBR,2014-07-30,Новатэк ао,NVTK,13899,881450697.2,355.75,355.75,372.31,365.03,367.2,365.03,2400440,367.2,367.2,367.2,881375989.7,881375989.7,881375989.7,,3,SUR,2.61,
TQBR,2014-07-31,Новатэк ао,NVTK,9769,671170659.1,367.5,365.5,374.5,365.5,370.92,365.5,1809470,370.92,370.92,370.92,671093484.1,671093484.1,671093484.1,,3,SUR,0.13,
TQBR,2014-08-01,Новатэк ао,NVTK,6928,422906542.2,365.0,360.11,367.9,363.5,363.49,363.5,1163460,363.49,363.49,363.49,422778792.2,422778792.2,422778792.2,,3,SUR,-0.55,
TQBR,2014-08-04,Новатэк ао,NVTK,5494,315143256.5,363.3,363.3,369.92,366.6,366.5,366.6,859880,366.5,366.5,366.5,315027000.5,315027000.5,315027000.5,,3,SUR,0.85,
TQBR,2014-08-05,Новатэк ао,NVTK,10031,684156259.1,368.0,353.35,369.0,355.35,359.06,355.35,1905390,359.05,359.05,359.05,683052259.1,683052259.1,683052259.1,,3,SUR,-3.07,
TQBR,2014-08-06,Новатэк ао,NVTK,9144,531603549.2,353.9,351.0,359.59,351.15,354.86,351.15,1498050,354.86,354.86,354.86,531575237.2,531575237.2,531575237.2,,3,SUR,-1.18,
TQBR,2014-08-07,Новатэк ао,NVTK,9424,618282285.6,355.58,347.03,364.0,357.2,353.14,357.2,1750810,353.14,353.14,353.14,618104495.6,618104495.6,618104495.6,,3,SUR,1.72,
TQBR,2014-08-08,Новатэк ао,NVTK,7606,531934892.4,355.9,351.79,366.3,363.2,361.14,363.2,1472950,361.14,361.14,361.14,531934892.4,531934892.4,531934892.4,,3,SUR,1.68,
TQBR,2014-08-11,Новатэк ао,NVTK,5904,447269897.1,369.02,367.22,371.5,370.13,369.58,370.54,1210220,369.58,369.58,369.58,446679465.1,446679465.1,446679465.1,,3,SUR,2.02,
TQBR,2014-08-12,Новатэк ао,NVTK,7459,423381446.8,369.96,363.88,374.39,373.45,371.68,373.45,1139110,371.68,371.68,371.68,423377747.2,423377747.2,423377747.2,,3,SUR,0.79,
TQBR,2014-08-13,Новатэк ао,NVTK,7046,460919671.5,391.45,370.23,391.45,375.4,376.46,375.4,1224340,376.46,376.46,376.46,460860954.0,460860954.0,460860954.0,,3,SUR,0.52,
TQBR,2014-08-14,Новатэк ао,NVTK,7650,501970462.7,379.06,372.6,385.96,384.56,380.29,384.56,1319970,380.29,380.29,380.29,501697539.5,501697539.5,501697539.5,,3,SUR,2.44,
TQBR,2014-08-15,Новатэк ао,NVTK,7949,525692558.3,383.01,382.0,392.2,391.0,388.06,391.0,1354670,388.06,388.06,388.06,525493393.1,525493393.1,525493393.1,,3,SUR,1.67,
TQBR,2014-08-18,Новатэк ао,NVTK,3498,244679838.8,391.9,387.12,392.5,392.0,390.03,392.0,627340,390.03,390.03,390.03,244491726.8,244491726.8,244491726.8,,3,SUR,0.26,
TQBR,2014-08-19,Новатэк ао,NVTK,5475,382694155.5,392.91,390.33,397.0,391.0,393.86,391.0,971640,393.86,393.86,393.86,382686297.3,382686297.3,382686297.3,,3,SUR,-0.26,
TQBR,2014-08-20,Новатэк ао,NVTK,4433,314309959.1,390.67,383.2,393.27,391.99,389.89,391.99,806160,389.89,389.89,389.89,314270892.1,314270892.1,314270892.1,,3,SUR,0.25,
TQBR,2014-08-21,Новатэк ао,NVTK,5414,417383803.8,391.26,391.0,403.2,398.21,397.69,398.21,1049510,397.69,397.69,397.69,417383803.8,417383803.8,417383803.8,,3,SUR,1.59,
TQBR,2014-08-22,Новатэк ао,NVTK,8603,549542985.0,400.25,388.77,402.29,389.51,392.69,389.51,1399440,392.69,392.69,392.69,549386887.5,549386887.5,549386887.5,,3,SUR,-2.18,
TQBR,2014-08-25,Новатэк ао,NVTK,2962,150480356.9,388.5,387.0,392.98,391.62,390.71,391.62,385150,390.71,390.71,390.71,150258911.9,150258911.9,150258911.9,,3,SUR,0.54,
TQBR,2014-08-26,Новатэк ао,NVTK,6040,362110154.3,390.01,384.5,396.2,384.5,390.98,384.5,926170,390.98,390.98,390.98,360534513.9,360534513.9,360534513.9,,3,SUR,-1.82,
TQBR,2014-08-27,Новатэк ао,NVTK,5448,288953716.7,388.92,381.55,391.2,383.0,386.54,383.0,747530,386.54,386.54,386.54,288798148.7,288798148.7,288798148.7,,3,SUR,-0.39,
TQBR,2014-08-28,Новатэк ао,NVTK,12964,769474467.6,382.12,370.0,383.6,375.05,375.68,375.05,2048220,375.68,375.68,375.68,769210804.8,769210804.8,769210804.8,,3,SUR,-2.08,
TQBR,2014-08-29,Новатэк ао,NVTK,9421,468624794.4,375.13,368.0,381.78,368.0,373.64,368.0,1254210,373.64,373.64,373.64,467987073.4,467987073.4,467987073.4,,3,SUR,-1.88,
TQBR,2014-09-01,Новатэк ао,NVTK,12029,962616223.2,370.0,364.5,376.29,367.38,369.39,367.38,2605960,369.39,369.39,369.39,962575523.2,962575523.2,962575523.2,,3,SUR,-0.17,
TQBR,2014-09-02,Новатэк ао,NVTK,4777,335022388.9,370.11,367.0,375.3,373.8,372.21,373.8,900100,372.21,372.21,372.21,334977975.7,334977975.7,334977975.7,,3,SUR,1.75,
TQBR,2014-09-03,Новатэк ао,NVTK,16106,1348096674.3,374.75,373.96,401.37,398.0,388.54,398.0,3469670,388.54,388.54,388.54,1347845591.8,1347845591.8,1347845591.8,,3,SUR,6.47,
TQBR,2014-09-04,Новатэк ао,NVTK,6349,444543955.0,399.22,392.03,400.98,396.51,396.54,396.51,1121070,396.53,396.53,396.53,443374240.4,443374240.4,443374240.4,,3,SUR,-0.37,
TQBR,2014-09-05,Новатэк ао,NVTK,8170,568158450.9,396.47,393.29,407.7,405.17,402.51,405.17,1411530,402.51,402.51,402.51,568118803.9,568118803.9,568118803.9,,3,SUR,2.18,
TQBR,2014-09-08,Новатэк ао,NVTK,6829,399437204.1,404.2,397.72,408.25,402.1,403.41,402.1,990140,403.41,403.41,403.41,399154264.1,399154264.1,399154264.1,,3,SUR,-0.76,
TQBR,2014-09-09,Новатэк ао,NVTK,9466,426378574.7,402.4,399.2,407.0,400.25,402.73,400.25,1058720,402.73,402.73,402.73,426374550.7,426374550.7,426374550.7,,3,SUR,-0.46,
TQBR,2014-09-10,Новатэк ао,NVTK,5144,327865687.6,398.35,394.41,403.85,403.5,400.17,403.5,819310,400.17,400.17,400.17,327678463.1,327678463.1,327678463.1,,3,SUR,0.81,
TQBR,2014-09-11,Новатэк ао,NVTK,7280,545673259.4,404.0,392.0,407.15,392.5,399.78,392.5,1364940,399.78,399.78,399.78,545653059.4,545653059.4,545653059.4,,3,SUR,-2.73,
TQBR,2014-09-12,Новатэк ао,NVTK,7878,636345063.6,392.45,390.73,405.43,400.55,400.33,400.55,1589540,400.33,400.33,400.33,636305818.6,636305818.6,636305818.6,,3,SUR,2.05,
TQBR,2014-09-15,Новатэк ао,NVTK,13183,927196502.2,402.26,395.1,404.93,401.5,399.59,401.5,2320350,399.59,399.59,399.59,927188457.0,927188457.0,927188457.0,,3,SUR,0.24,
TQBR,2014-09-16,Новатэк ао,NVTK,9428,767601837.2,400.09,400.09,413.9,413.0,408.41,413.0,1879510,408.41,408.41,408.41,767101724.7,767101724.7,767101724.7,,3,SUR,2.86,
TQBR,2014-09-17,Новатэк ао,NVTK,8015,611108268.2,412.93,400.11,415.0,401.69,405.28,401.69,1507860,405.28,405.28,405.28,610901803.2,610901803.2,610901803.2,,3,SUR,-2.74,
TQBR,2014-09-18,Новатэк ао,NVTK,6089,478376740.9,405.03,396.0,405.03,396.8,401.05,396.8,1192820,401.04,401.04,401.04,478133722.9,478133722.9,478133722.9,,3,SUR,-1.22,
TQBR,2014-09-19,Новатэк ао,NVTK,10112,886156208.6,407.74,391.3,407.74,395.0,395.7,395.0,2239490,395.7,395.7,395.7,886139899.0,886139899.0,886139899.0,,3,SUR,-0.45,
TQBR,2014-09-22,Новатэк ао,NVTK,5189,322807580.9,395.0,390.12,400.0,393.59,394.73,393.59,817800,394.73,394.73,394.73,322538980.9,322538980.9,322538980.9,,3,SUR,-0.36,
TQBR,2014-09-23,Новатэк ао,NVTK,9942,683047431.8,393.6,392.51,403.01,403.01,398.47,403.01,1714170,398.47,398.47,398.47,682972647.8,682972647.8,682972647.8,,3,SUR,2.39,
TQBR,2014-09-24,Новатэк ао,NVTK,5652,419945202.1,403.02,401.01,405.5,404.48,403.6,404.48,1040490,403.6,403.6,403.6,418889289.7,418889289.7,418889289.7,,3,SUR,0.36,
TQBR,2014-09-25,Новатэк ао,NVTK,8233,721716087.4,404.86,403.53,412.15,408.0,408.66,408.0,1766070,408.66,408.66,408.66,721537949.0,721537949.0,721537949.0,,3,SUR,0.87,
TQBR,2014-09-26,Новатэк ао,NVTK,6287,560537821.3,406.0,405.0,414.0,409.0,409.24,409.0,1369720,409.24,409.24,409.24,560200841.3,560200841.3,560200841.3,,3,SUR,0.25,
TQBR,2014-09-29,Новатэк ао,NVTK,8268,696844356.0,414.95,402.46,416.0,403.42,409.36,403.42,1702270,409.34,409.34,409.34,693524756.0,693524756.0,693524756.0,,3,SUR,-1.36,
TQBR,2014-09-30,Новатэк ао,NVTK,10333,681929547.0,405.37,400.02,412.0,408.77,406.13,408.77,1679090,406.13,406.13,406.13,681767399.0,681767399.0,681767399.0,,3,SUR,1.33,
TQBR,2014-10-01,Новатэк ао,NVTK,4865,321401851.7,409.14,403.4,412.0,404.43,408.33,404.43,787120,408.33,408.33,408.33,321373211.9,321373211.9,321373211.9,,3,SUR,-1.06,
TQBR,2014-10-02,Новатэк ао,NVTK,8061,592448242.8,401.31,392.6,404.64,398.49,398.08,398.49,1488280,398.08,398.08,398.08,592376007.0,592376007.0,592376007.0,,3,SUR,-1.47,
TQBR,2014-10-03,Новатэк ао,NVTK,6101,355126881.5,398.0,398.0,406.48,401.49,402.49,401.49,882330,402.5,402.5,402.5,354334861.5,354334861.5,354334861.5,,3,SUR,0.75,
TQBR,2014-10-06,Новатэк ао,NVTK,7473,504436678.9,403.0,403.0,411.95,408.54,407.84,408.54,1236860,407.84,407.84,407.84,504162638.9,504162638.9,504162638.9,,3,SUR,1.76,
TQBR,2014-10-07,Новатэк ао,NVTK,6704,650307559.7,410.0,401.9,411.92,408.25,406.94,408.25,1598060,406.94,406.94,406.94,650299359.7,650299359.7,650299359.7,,3,SUR,-0.07,
TQBR,2014-10-08,Новатэк ао,NVTK,6403,442605865.6,406.99,400.5,410.2,404.75,404.99,404.75,1092890,404.99,404.99,404.99,442516327.8,442516327.8,442516327.8,,3,SUR,-0.86,
TQBR,2014-10-09,Новатэк ао,NVTK,6469,489915993.3,407.98,406.21,413.89,406.69,410.2,406.69,1194330,410.2,410.2,410.2,489381539.5,489381539.5,489381539.5,,3,SUR,0.48,
TQBR,2014-10-10,Новатэк ао,NVTK,6131,447166625.5,405.0,397.17,406.0,400.0,401.05,400.0,1115000,401.04,401.04,401.04,446146025.5,446146025.5,446146025.5,,3,SUR,-1.64,
TQBR,2014-10-13,Новатэк ао,NVTK,8201,638714305.0,399.0,398.03,413.03,409.0,408.02,409.0,1565410,408.02,408.02,408.02,638291365.0,638291365.0,638291365.0,,3,SUR,2.25,
TQBR,2014-10-14,Новатэк ао,NVTK,7567,607807918.0,398.98,398.98,418.95,418.95,414.92,418.95,1464870,414.92,414.92,414.92,607748071.0,607748071.0,607748071.0,,3,SUR,2.43,
TQBR,2014-10-15,Новатэк ао,NVTK,6154,432634379.5,417.05,410.0,419.9,412.5,414.98,412.5,1042540,414.98,414.98,414.98,432271546.0,432271546.0,432271546.0,,3,SUR,-1.54,
TQBR,2014-10-16,Новатэк ао,NVTK,11453,922619119.6,412.76,406.5,422.48,411.51,413.87,411.51,2229250,413.87,413.87,413.87,922235252.8,922235252.8,922235252.8,,3,SUR,-0.24,
TQBR,2014-10-17,Новатэк ао,NVTK,10174,976980056.6,416.0,416.0,423.7,419.64,420.84,419.64,2321510,420.84,420.84,420.84,976293656.6,976293656.6,976293656.6,,3,SUR,1.98,
TQBR,2014-10-20,Новатэк ао,NVTK,6253,474460286.6,422.26,413.0,424.35,416.0,418.03,416.0,1135000,418.03,418.03,418.03,474451841.4,474451841.4,474451841.4,,3,SUR,-0.87,
TQBR,2014-10-21,Новатэк ао,NVTK,11006,853326751.9,415.06,405.61,415.06,407.97,409.93,407.97,2081630,409.93,409.93,409.93,853206384.5,853206384.5,853206384.5,,3,SUR,-1.93,
TQBR,2014-10-22,Новатэк ао,NVTK,7911,622985735.7,408.83,404.21,410.8,404.5,407.12,404.5,1530230,407.12,407.12,407.12,622724084.5,622724084.5,622724084.5,,3,SUR,-0.85,
TQBR,2014-10-23,Новатэк ао,NVTK,13215,1121209087.8,404.5,402.02,412.0,411.91,407.37,411.91,2752330,407.37,407.37,407.37,1120218062.8,1120218062.8,1120218062.8,,3,SUR,1.83,
TQBR,2014-10-24,Новатэк ао,NVTK,7521,404363678.7,407.45,404.93,412.16,411.47,407.95,411.47,991210,407.95,407.95,407.95,403862515.2,403862515.2,403862515.2,,3,SUR,-0.11,
TQBR,2014-10-27,Новатэк ао,NVTK,8791,626771213.6,412.75,411.0,422.74,419.9,418.58,419.9,1497390,418.58,418.58,418.58,626639133.6,626639133.6,626639133.6,,3,SUR,2.05,
TQBR,2014-10-28,Новатэк ао,NVTK,12653,831850451.1,419.69,417.5,432.0,418.0,423.46,418.0,1964410,423.46,423.46,423.46,831544077.4,831544077.4,831544077.4,,3,SUR,-0.45,
TQBR,2014-10-29,Новатэк ао,NVTK,12086,896623214.1,420.0,414.14,431.69,427.97,423.82,427.97,2115580,423.82,423.82,423.82,896514014.1,896514014.1,896514014.1,,3,SUR,2.39,
TQBR,2014-10-30,Новатэк ао,NVTK,11973,856147417.7,427.8,420.35,435.0,430.5,428.07,430.5,2000030,428.07,428.07,428.07,855980575.7,855980575.7,855980575.7,,3,SUR,0.59,
TQBR,2014-10-31,Новатэк ао,NVTK,9750,764630336.9,434.05,430.78,443.39,442.05,439.35,442.05,1740380,439.35,439.35,439.35,763974921.4,763974921.4,763974921.4,,3,SUR,2.68,
TQBR,2014-11-03,Новатэк ао,NVTK,3802,259929498.6,439.98,436.13,444.39,439.73,440.97,439.73,589450,440.97,440.97,440.97,259841502.6,259841502.6,259841502.6,,3,SUR,-0.52,
TQBR,2014-11-05,Новатэк ао,NVTK,7946,676888769.5,436.92,431.21,440.0,439.95,434.51,439.95,1557820,434.51,434.51,434.51,676884400.3,676884400.3,676884400.3,,3,SUR,0.05,
TQBR,2014-11-06,Новатэк ао,NVTK,10293,969740686.1,438.22,421.18,442.93,426.12,431.85,426.12,2245530,431.85,431.85,431.85,969714392.9,969714392.9,969714392.9,,3,SUR,-3.14,
TQBR,2014-11-07,Новатэк ао,NVTK,17566,1460839867.3,426.0,422.2,435.29,429.56,430.33,429.56,3394700,430.33,430.33,430.33,1459885627.3,1459885627.3,1459885627.3,,3,SUR,0.81,
TQBR,2014-11-10,Новатэк ао,NVTK,10909,959046006.0,430.0,430.0,448.15,445.1,439.11,445.1,2184090,439.11,439.11,439.11,958186006.0,958186006.0,958186006.0,,3,SUR,3.62,
TQBR,2014-11-11,Новатэк ао,NVTK,7937,884038220.9,446.0,445.26,458.2,455.36,453.48,455.36,1949450,453.48,453.48,453.48,884011460.9,884011460.9,884011460.9,,3,SUR,2.31,
TQBR,2014-11-12,Новатэк ао,NVTK,9286,624789820.8,458.54,448.7,458.54,451.25,453.0,451.25,1379230,453.0,453.0,453.0,624523867.6,624523867.6,624523867.6,,3,SUR,-0.9,
TQBR,2014-11-13,Новатэк ао,NVTK,5310,458177213.6,450.85,441.01,455.0,442.0,449.01,442.0,1020410,449.01,449.01,449.01,458168196.6,458168196.6,458168196.6,,3,SUR,-2.05,
TQBR,2014-11-14,Новатэк ао,NVTK,10591,1140562113.9,440.11,438.3,461.74,455.01,453.67,455.01,2514070,453.67,453.67,453.67,1140320053.4,1140320053.4,1140320053.4,,3,SUR,2.94,
TQBR,2014-11-17,Новатэк ао,NVTK,6614,669284962.0,455.1,453.0,464.6,458.99,460.9,458.99,1452140,460.9,460.9,460.9,669230350.0,669230350.0,669230350.0,,3,SUR,0.87,
TQBR,2014-11-18,Новатэк ао,NVTK,7938,803050925.0,463.0,457.06,468.37,462.02,463.02,462.02,1734370,463.02,463.02,463.02,803023145.0,803023145.0,803023145.0,,3,SUR,0.66,
TQBR,2014-11-19,Новатэк ао,NVTK,5978,525211327.8,462.02,456.02,465.04,456.1,460.88,456.1,1139590,460.88,460.88,460.88,525109683.4,525109683.4,525109683.4,,3,SUR,-1.28,
TQBR,2014-11-20,Новатэк ао,NVTK,6280,414437923.4,459.4,455.01,467.48,459.49,460.6,459.49,899780,460.6,460.6,460.6,414346043.4,414346043.4,414346043.4,,3,SUR,0.74,
TQBR,2014-11-21,Новатэк ао,NVTK,6439,565901432.9,462.0,452.52,463.0,458.01,456.74,458.01,1239000,456.73,456.73,456.73,564972812.9,564972812.9,564972812.9,,3,SUR,-0.32,
TQBR,2014-11-24,Новатэк ао,NVTK,6518,522546356.3,458.1,446.33,458.99,450.51,452.72,450.51,1154230,452.72,452.72,452.72,522431831.3,522431831.3,522431831.3,,3,SUR,-1.64,
TQBR,2014-11-25,Новатэк ао,NVTK,4644,377747633.6,449.43,444.03,450.79,449.98,447.97,449.98,843240,447.97,447.97,447.97,377280226.4,377280226.4,377280226.4,,3,SUR,-0.12,
TQBR,2014-11-26,Новатэк ао,NVTK,6976,552688086.3,446.74,442.55,449.23,446.76,445.8,446.76,1239780,445.8,445.8,445.8,552665749.3,552665749.3,552665749.3,,3,SUR,-0.72,
TQBR,2014-11-27,Новатэк ао,NVTK,9843,708479994.4,446.38,443.41,459.91,458.28,453.77,458.28,1561330,453.78,453.78,453.78,707006940.4,707006940.4,707006940.4,,3,SUR,2.58,
TQBR,2014-11-28,Новатэк ао,NVTK,9412,797483518.7,456.17,453.62,465.62,460.0,460.75,460.0,1730830,460.75,460.75,460.75,797387723.0,797387723.0,797387723.0,,3,SUR,0.38,
TQBR,2014-12-01,Новатэк ао,NVTK,16551,1653056365.0,459.7,456.2,501.3,478.0,479.6,478.0,3446880,479.6,479.6,479.6,1653056365.0,1653056365.0,1653056365.0,,3,SUR,3.91,
TQBR,2014-12-02,Новатэк ао,NVTK,13678,1072213433.0,480.0,458.1,486.6,466.9,472.4,466.9,2269570,472.4,472.4,472.4,1071709433.0,1071709433.0,1071709433.0,,3,SUR,-2.32,
TQBR,2014-12-03,Новатэк ао,NVTK,13893,1072562065.0,469.0,464.4,482.9,474.9,473.4,474.9,2265720,473.4,473.4,473.4,1072496405.0,1072496405.0,1072496405.0,,3,SUR,1.71,
TQBR,2014-12-04,Новатэк ао,NVTK,13709,1269577350.0,476.7,460.1,480.2,465.0,470.2,465.0,2700300,470.2,470.2,470.2,1269439107.0,1269439107.0,1269439107.0,,3,SUR,-2.08,
TQBR,2014-12-05,Новатэк ао,NVTK,15527,1248271637.0,465.2,438.0,466.0,440.2,448.3,440.2,2784490,448.3,448.3,448.3,1248146033.0,1248146033.0,1248146033.0,,3,SUR,-5.33,
TQBR,2014-12-08,Новатэк ао,NVTK,12115,1192894473.0,438.2,414.8,447.0,414.8,430.4,414.8,2771450,430.4,430.4,430.4,1192675373.0,1192675373.0,1192675373.0,,3,SUR,-5.77,
TQBR,2014-12-09,Новатэк ао,NVTK,10466,1004279719.0,414.2,405.5,429.9,420.6,419.4,420.6,2394740,419.4,419.4,419.4,1002453097.0,1002453097.0,1002453097.0,,3,SUR,1.4,
TQBR,2014-12-10,Новатэк ао,NVTK,10254,894513529.0,422.1,422.1,443.8,428.0,435.0,428.0,2056480,435.0,435.0,435.0,894298258.0,894298258.0,894298258.0,,3,SUR,1.76,
TQBR,2014-12-11,Новатэк ао,NVTK,15039,1217352596.0,427.0,416.8,450.8,424.7,433.1,424.7,2810890,433.1,433.1,433.1,1217203146.0,1217203146.0,1217203146.0,,3,SUR,-0.77,
TQBR,2014-12-12,Новатэк ао,NVTK,13580,1030880845.0,421.6,410.1,441.3,431.0,430.6,431.0,2393870,430.6,430.6,430.6,1030712205.0,1030712205.0,1030712205.0,,3,SUR,1.48,
TQBR,2014-12-15,Новатэк ао,NVTK,20185,1723089156.0,435.0,421.0,455.8,438.0,439.9,438.0,3917310,439.9,439.9,439.9,1722153906.0,1722153906.0,1722153906.0,,3,SUR,1.62,
TQBR,2014-12-16,Новатэк ао,NVTK,25262,2236673173.0,430.5,398.5,505.0,460.0,457.5,460.0,4889380,457.5,457.5,457.5,2235812173.0,2235812173.0,2235812173.0,,3,SUR,5.02,
TQBR,2014-12-17,Новатэк ао,NVTK,23155,1749040650.0,465.0,433.1,497.0,454.9,463.3,454.9,3775370,463.3,463.3,463.3,1748766300.0,1748766300.0,1748766300.0,,3,SUR,-1.11,
TQBR,2014-12-18,Новатэк ао,NVTK,18417,1437876688.0,467.7,455.0,496.0,476.0,483.8,476.0,2972260,483.8,483.8,483.8,1437455758.0,1437455758.0,1437455758.0,,3,SUR,4.64,
TQBR,2014-12-19,Новатэк ао,NVTK,9179,629826576.0,481.9,441.1,485.0,445.0,457.4,445.0,1377020,457.4,457.4,457.4,629344676.0,629344676.0,629344676.0,,3,SUR,-6.51,
TQBR,2014-12-22,Новатэк ао,NVTK,11189,696137905.0,451.4,435.0,459.7,438.5,448.3,438.5,1552900,448.3,448.3,448.3,695022947.0,695022947.0,695022947.0,,3,SUR,-1.46,
TQBR,2014-12-23,Новатэк ао,NVTK,12009,722727229.0,438.0,412.8,443.6,420.6,426.2,420.6,1695620,426.2,426.2,426.2,722639629.0,722639629.0,722639629.0,,3,SUR,-4.08,
TQBR,2014-12-24,Новатэк ао,NVTK,7333,348077147.0,420.7,415.0,435.0,418.5,424.4,418.5,820100,424.4,424.4,424.4,348039284.0,348039284.0,348039284.0,,3,SUR,-0.5,
TQBR,2014-12-25,Новатэк ао,NVTK,4809,225076110.0,415.5,408.0,420.0,413.0,413.6,413.0,544220,413.6,413.6,413.6,225067800.0,225067800.0,225067800.0,,3,SUR,-1.31,
TQBR,2014-12-26,Новатэк ао,NVTK,6313,321034566.0,413.2,413.2,427.3,417.0,419.5,417.0,765320,419.5,419.5,419.5,320439558.0,320439558.0,320439558.0,,3,SUR,0.97,
TQBR,2014-12-29,Новатэк ао,NVTK,13109,772674180.0,419.1,411.6,459.9,451.5,442.4,451.5,1746550,442.4,442.4,442.4,772632270.0,772632270.0,772632270.0,,3,SUR,8.27,
TQBR,2014-12-30,Новатэк ао,NVTK,9877,497938189.0,450.0,421.0,453.3,434.6,436.0,434.6,1142110,436.0,436.0,436.0,496939189.0,496939189.0,496939189.0,,3,SUR,-3.74,
TQBR,2015-01-05,Новатэк ао,NVTK,5864,345833812.0,432.6,430.5,457.5,455.5,448.5,455.5,771110,448.5,448.5,448.5,345747292.0,345747292.0,345747292.0,,3,SUR,4.81,
TQBR,2015-01-06,Новатэк ао,NVTK,5263,331131464.0,452.1,452.0,477.5,476.7,468.6,476.7,706660,468.6,468.6,468.6,330896372.0,330896372.0,330896372.0,,3,SUR,4.65,
TQBR,2015-01-08,Новатэк ао,NVTK,8120,477467171.0,476.9,475.1,492.8,483.0,483.8,483.0,986820,483.8,483.8,483.8,477448095.0,477448095.0,477448095.0,,3,SUR,1.32,
TQBR,2015-01-09,Новатэк ао,NVTK,11181,715300354.0,484.6,455.4,486.9,475.1,466.2,475.1,1534450,466.2,466.2,466.2,715300354.0,715300354.0,715300354.0,,3,SUR,-1.64,
TQBR,2015-01-12,Новатэк ао,NVTK,8279,392597913.0,475.4,467.7,486.9,470.7,474.8,470.7,826810,474.8,474.8,474.8,392407753.0,392407753.0,392407753.0,,3,SUR,-0.93,
TQBR,2015-01-13,Новатэк ао,NVTK,6740,336231860.0,476.2,467.9,492.0,489.4,480.5,489.4,699740,480.5,480.5,480.5,336089000.0,336089000.0,336089000.0,,3,SUR,3.97,
TQBR,2015-01-14,Новатэк ао,NVTK,5743,472558821.0,488.5,484.0,498.0,497.9,491.5,497.9,961550,491.5,491.5,491.5,472451351.0,472451351.0,472451351.0,,3,SUR,1.74,
TQBR,2015-01-15,Новатэк ао,NVTK,7158,563707760.0,500.0,482.0,505.5,483.2,494.2,483.2,1140610,494.2,494.2,494.2,562157760.0,562157760.0,562157760.0,,3,SUR,-2.95,
TQBR,2015-01-16,Новатэк ао,NVTK,5698,351564411.0,482.5,476.0,493.3,490.0,485.3,490.0,724490,485.3,485.3,485.3,351361761.0,351361761.0,351361761.0,,3,SUR,1.41,
TQBR,2015-01-19,Новатэк ао,NVTK,8686,628131910.0,490.0,482.5,504.9,487.0,493.6,487.0,1272620,493.6,493.6,493.6,627818310.0,627818310.0,627818310.0,,3,SUR,-0.61,
TQBR,2015-01-20,Новатэк ао,NVTK,9106,565721414.0,491.8,470.6,492.8,475.0,482.2,475.0,1173320,482.2,482.2,482.2,565716496.0,565716496.0,565716496.0,,3,SUR,-2.46,
TQBR,2015-01-21,Новатэк ао,NVTK,7016,560155347.0,477.0,476.0,492.7,490.4,484.9,490.4,1155090,484.9,484.9,484.9,560107647.0,560107647.0,560107647.0,,3,SUR,3.24,
TQBR,2015-01-22,Новатэк ао,NVTK,9931,870039855.0,492.0,490.4,523.7,523.7,506.7,523.7,1717170,506.7,506.7,506.7,869961135.0,869961135.0,869961135.0,,3,SUR,6.79,
TQBR,2015-01-23,Новатэк ао,NVTK,9498,827388519.0,526.7,510.2,535.9,512.0,522.4,512.0,1583920,522.4,522.4,522.4,826066502.0,826066502.0,826066502.0,,3,SUR,-2.23,
TQBR,2015-01-26,Новатэк ао,NVTK,6751,521387045.0,512.0,495.0,512.0,504.0,503.0,504.0,1036560,503.0,503.0,503.0,520311845.0,520311845.0,520311845.0,,3,SUR,-1.56,
TQBR,2015-01-27,Новатэк ао,NVTK,6243,440985359.0,497.9,495.5,518.0,505.5,508.4,505.5,867390,508.4,508.4,508.4,440258425.0,440258425.0,440258425.0,,3,SUR,0.3,
TQBR,2015-01-28,Новатэк ао,NVTK,10314,725141569.0,509.0,488.0,523.7,488.0,504.1,488.0,1438370,504.1,504.1,504.1,725049949.0,725049949.0,725049949.0,,3,SUR,-3.46,
TQBR,2015-01-29,Новатэк ао,NVTK,12441,677704711.0,488.0,479.5,495.6,480.4,488.6,480.4,1387120,488.6,488.6,488.6,676538391.0,676538391.0,676538391.0,,3,SUR,-1.56,
TQBR,2015-01-30,Новатэк ао,NVTK,9115,591717584.0,483.1,460.0,489.9,460.0,476.9,460.0,1240830,476.9,476.9,476.9,590819018.0,590819018.0,590819018.0,,3,SUR,-4.25,
TQBR,2015-02-02,Новатэк ао,NVTK,11282,799379804.0,469.7,462.2,484.1,472.0,472.8,472.0,1690910,472.8,472.8,472.8,797247366.0,797247366.0,797247366.0,,3,SUR,2.61,
TQBR,2015-02-03,Новатэк ао,NVTK,8499,566634707.0,475.6,475.0,489.8,482.3,481.3,482.3,1177400,481.3,481.3,481.3,566473003.0,566473003.0,566473003.0,,3,SUR,2.18,
TQBR,2015-02-04,Новатэк ао,NVTK,11550,653211116.0,488.0,477.0,489.7,478.5,481.9,478.5,1355360,481.9,481.9,481.9,650361196.0,650361196.0,650361196.0,,3,SUR,-0.79,
TQBR,2015-02-05,Новатэк ао,NVTK,12663,989284729.0,477.1,475.1,500.6,500.2,490.2,500.2,2018250,490.2,490.2,490.2,988998469.0,988998469.0,988998469.0,,3,SUR,4.54,
TQBR,2015-02-06,Новатэк ао,NVTK,13310,1240975310.0,503.0,500.2,524.0,522.2,515.8,522.2,2405720,515.8,515.8,515.8,1240859620.0,1240859620.0,1240859620.0,,3,SUR,4.4,
TQBR,2015-02-09,Новатэк ао,NVTK,15503,1821091471.0,522.6,514.8,555.0,527.5,533.8,527.5,3411710,533.8,533.8,533.8,1819748389.0,1819748389.0,1819748389.0,,3,SUR,1.01,
TQBR,2015-02-10,Новатэк ао,NVTK,7713,652496390.0,524.9,509.6,540.3,520.0,530.1,520.0,1230870,530.1,530.1,530.1,652407157.0,652407157.0,652407157.0,,3,SUR,-1.42,
TQBR,2015-02-11,Новатэк ао,NVTK,6911,647398511.0,530.0,527.3,539.5,530.9,533.7,530.9,1213070,533.7,533.7,533.7,646184811.0,646184811.0,646184811.0,,3,SUR,2.1,
TQBR,2015-02-12,Новатэк ао,NVTK,14701,1394091569.0,535.0,515.0,550.0,539.5,534.9,539.5,2606490,534.9,534.9,534.9,1393524469.0,1393524469.0,1393524469.0,,3,SUR,1.62,
TQBR,2015-02-13,Новатэк ао,NVTK,6616,600899408.0,544.1,539.9,554.2,543.8,544.7,543.8,1103230,544.7,544.7,544.7,600398836.0,600398836.0,600398836.0,,3,SUR,0.8,
TQBR,2015-02-16,Новатэк ао,NVTK,6730,580760782.0,545.0,520.0,547.9,524.6,529.7,524.6,1096380,529.7,529.7,529.7,580700832.0,580700832.0,580700832.0,,3,SUR,-3.53,
TQBR,2015-02-17,Новатэк ао,NVTK,10332,843743214.0,524.1,515.5,542.2,522.7,528.5,522.7,1596550,528.5,528.5,528.5,843659358.0,843659358.0,843659358.0,,3,SUR,-0.36,
TQBR,2015-02-18,Новатэк ао,NVTK,8052,590503309.0,528.1,525.3,540.0,527.5,534.5,527.5,1104700,534.5,534.5,534.5,590292069.0,590292069.0,590292069.0,,3,SUR,0.92,
TQBR,2015-02-19,Новатэк ао,NVTK,7999,542167282.0,526.7,509.4,534.1,529.2,519.7,529.2,1043330,519.6,519.6,519.6,541951335.0,541951335.0,541951335.0,,3,SUR,0.32,
TQBR,2015-02-20,Новатэк ао,NVTK,5884,443008147.0,531.1,515.0,535.0,518.1,521.3,518.1,849860,521.3,521.3,521.3,442200875.0,442200875.0,442200875.0,,3,SUR,-2.1,
TQBR,2015-02-24,Новатэк ао,NVTK,8204,764716772.0,507.0,505.2,524.0,518.3,518.0,518.3,1476260,518.1,518.1,518.1,761791382.0,761791382.0,761791382.0,,3,SUR,0.04,
TQBR,2015-02-25,Новатэк ао,NVTK,8791,749632918.0,519.0,501.9,519.8,506.7,509.6,506.7,1471130,509.6,509.6,509.6,749482408.0,749482408.0,749482408.0,,3,SUR,-2.24,
TQBR,2015-02-26,Новатэк ао,NVTK,7294,535574597.0,510.0,497.5,512.7,499.3,504.6,499.3,1061460,504.5,504.5,504.5,532983797.0,532983797.0,532983797.0,,3,SUR,-1.46,
TQBR,2015-02-27,Новатэк ао,NVTK,7844,549418210.0,501.0,493.0,505.4,503.7,498.9,503.7,1101360,498.9,498.9,498.9,548751880.0,548751880.0,548751880.0,,3,SUR,0.88,
TQBR,2015-03-02,Новатэк ао,NVTK,4731,313280125.0,505.0,505.0,516.5,512.2,512.0,512.2,611830,512.0,512.0,512.0,313229625.0,313229625.0,313229625.0,,3,SUR,1.69,
TQBR,2015-03-03,Новатэк ао,NVTK,9332,691287183.0,513.0,509.3,532.0,522.0,523.2,522.0,1321150,523.2,523.2,523.2,691230753.0,691230753.0,691230753.0,,3,SUR,1.91,
TQBR,2015-03-04,Новатэк ао,NVTK,6619,474250271.0,522.5,509.2,526.0,512.7,517.8,512.7,915810,517.8,517.8,517.8,474041271.0,474041271.0,474041271.0,,3,SUR,-1.78,
TQBR,2015-03-05,Новатэк ао,NVTK,7736,576969694.0,512.7,505.7,525.0,512.4,514.7,512.4,1121060,514.7,514.7,514.7,576610804.0,576610804.0,576610804.0,,3,SUR,-0.06,
TQBR,2015-03-06,Новатэк ао,NVTK,7717,449387273.0,513.0,497.1,517.0,498.7,505.8,498.7,888520,505.8,505.8,505.8,449094863.0,449094863.0,449094863.0,,3,SUR,-2.67,
TQBR,2015-03-10,Новатэк ао,NVTK,10058,665522836.0,495.0,481.1,499.9,485.0,491.2,485.0,1354840,491.2,491.2,491.2,664206136.0,664206136.0,664206136.0,,3,SUR,-2.75,
TQBR,2015-03-11,Новатэк ао,NVTK,7740,515413617.0,471.4,471.4,494.0,482.0,485.4,482.0,1061860,485.4,485.4,485.4,515366477.0,515366477.0,515366477.0,,3,SUR,-0.62,
TQBR,2015-03-12,Новатэк ао,NVTK,6942,487255693.0,486.0,470.0,486.0,471.8,475.4,471.8,1025030,475.4,475.4,475.4,487187653.0,487187653.0,487187653.0,,3,SUR,-2.12,
TQBR,2015-03-13,Новатэк ао,NVTK,10863,774564810.0,471.5,460.0,474.9,461.7,467.6,461.7,1656350,467.6,467.6,467.6,774527090.0,774527090.0,774527090.0,,3,SUR,-2.14,
TQBR,2015-03-16,Новатэк ао,NVTK,9039,621962788.0,461.9,461.7,472.7,466.0,466.3,466.0,1333710,466.3,466.3,466.3,621768790.0,621768790.0,621768790.0,,3,SUR,0.93,
TQBR,2015-03-17,Новатэк ао,NVTK,6789,505194296.0,467.4,456.5,470.6,460.0,462.1,460.0,1093320,462.1,462.1,462.1,505072772.0,505072772.0,505072772.0,,3,SUR,-1.29,
TQBR,2015-03-18,Новатэк ао,NVTK,5099,351853005.0,463.0,456.2,466.7,464.0,462.8,464.0,760270,462.8,462.8,462.8,351751145.0,351751145.0,351751145.0,,3,SUR,0.87,
TQBR,2015-03-19,Новатэк ао,NVTK,9520,906120715.0,469.5,447.0,471.4,447.0,460.1,447.0,1969210,460.1,460.1,460.1,905688775.0,905688775.0,905688775.0,,3,SUR,-3.66,
TQBR,2015-03-20,Новатэк ао,NVTK,8604,696180319.0,448.8,445.0,456.7,453.0,451.0,453.0,1543630,451.0,451.0,451.0,696148903.0,696148903.0,696148903.0,,3,SUR,1.34,
TQBR,2015-03-23,Новатэк ао,NVTK,7100,517733773.0,455.0,430.6,455.0,434.8,441.2,434.8,1173470,441.2,441.2,441.2,517265123.0,517265123.0,517265123.0,,3,SUR,-4.02,
TQBR,2015-03-24,Новатэк ао,NVTK,9943,787771948.0,433.9,427.0,436.0,429.4,431.0,429.4,1827950,431.0,431.0,431.0,787702524.0,787702524.0,787702524.0,,3,SUR,-1.24,
TQBR,2015-03-25,Новатэк ао,NVTK,8091,523541369.0,430.5,423.1,432.7,430.3,427.3,430.3,1225180,427.3,427.3,427.3,523506929.0,523506929.0,523506929.0,,3,SUR,0.21,
TQBR,2015-03-26,Новатэк ао,NVTK,13146,1048784837.0,433.8,410.8,435.9,418.0,423.3,418.0,2477370,423.3,423.3,423.3,1048342361.0,1048342361.0,1048342361.0,,3,SUR,-2.86,
TQBR,2015-03-27,Новатэк ао,NVTK,4431,292636527.0,417.0,411.5,420.2,416.5,415.2,416.5,704810,415.2,415.2,415.2,291869247.0,291869247.0,291869247.0,,3,SUR,-0.36,
TQBR,2015-03-30,Новатэк ао,NVTK,5417,469250210.0,417.4,417.4,435.0,432.0,424.6,432.0,1105050,424.6,424.6,424.6,469158382.0,469158382.0,469158382.0,,3,SUR,3.72,
TQBR,2015-03-31,Новатэк ао,NVTK,6242,462406372.0,432.2,422.4,434.9,432.0,428.4,432.0,1079460,428.4,428.4,428.4,461835868.0,461835868.0,461835868.0,,3,SUR,0.0,
TQBR,2015-04-01,Новатэк ао,NVTK,9599,776641483.0,430.0,426.2,452.7,450.3,443.9,450.3,1749420,443.9,443.9,443.9,776503883.0,776503883.0,776503883.0,,3,SUR,4.24,
TQBR,2015-04-02,Новатэк ао,NVTK,10196,931155241.0,450.9,450.8,470.2,467.2,462.5,467.2,2013360,462.5,462.5,462.5,930956845.0,930956845.0,930956845.0,,3,SUR,3.75,
TQBR,2015-04-03,Новатэк ао,NVTK,6583,523990240.0,467.5,467.5,479.8,476.4,474.6,476.4,1104130,474.6,474.6,474.6,523924790.0,523924790.0,523924790.0,,3,SUR,1.97,
TQBR,2015-04-06,Новатэк ао,NVTK,6793,550840637.0,475.8,475.8,483.0,478.0,479.2,478.0,1149470,479.2,479.2,479.2,550631285.0,550631285.0,550631285.0,,3,SUR,0.34,
TQBR,2015-04-07,Новатэк ао,NVTK,7556,808857875.0,465.6,465.6,480.2,474.4,474.4,474.4,1704850,474.4,474.4,474.4,808834595.0,808834595.0,808834595.0,,3,SUR,-0.75,
TQBR,2015-04-08,Новатэк ао,NVTK,6219,646316208.0,473.5,465.0,476.2,470.6,468.5,470.6,1379400,468.5,468.5,468.5,646051048.0,646051048.0,646051048.0,,3,SUR,-0.8,
TQBR,2015-04-09,Новатэк ао,NVTK,9065,707713736.0,467.5,459.2,469.8,465.5,462.7,465.5,1529660,462.7,462.7,462.7,707709061.0,707709061.0,707709061.0,,3,SUR,-1.08,
TQBR,2015-04-10,Новатэк ао,NVTK,11404,964565792.0,466.0,451.3,466.4,463.6,459.0,463.6,2101370,459.0,459.0,459.0,964537832.0,964537832.0,964537832.0,,3,SUR,-0.41,
TQBR,2015-04-13,Новатэк ао,NVTK,9268,687581818.0,465.2,462.0,481.2,477.2,475.3,477.2,1446660,475.3,475.3,475.3,687581818.0,687581818.0,687581818.0,,3,SUR,2.93,
TQBR,2015-04-14,Новатэк ао,NVTK,7098,546697426.0,476.5,461.6,479.0,462.9,469.7,462.9,1163860,469.7,469.7,469.7,546211396.0,546211396.0,546211396.0,,3,SUR,-3.0,
TQBR,2015-04-15,Новатэк ао,NVTK,10835,772559712.0,459.0,459.0,481.9,480.7,475.7,480.7,1623890,475.7,475.7,475.7,772440372.0,772440372.0,772440372.0,,3,SUR,3.85,
TQBR,2015-04-16,Новатэк ао,NVTK,14438,1127059611.0,482.8,477.3,494.8,493.0,487.7,493.0,2311050,487.7,487.7,487.7,1126475423.0,1126475423.0,1126475423.0,,3,SUR,2.56,
TQBR,2015-04-17,Новатэк ао,NVTK,13743,1200884105.0,492.7,491.6,504.8,504.8,498.3,504.8,2409760,498.3,498.3,498.3,1200731368.0,1200731368.0,1200731368.0,,3,SUR,2.39,
TQBR,2015-04-20,Новатэк ао,NVTK,9334,895390945.0,505.0,498.0,509.6,507.0,503.5,507.0,1778220,503.5,503.5,503.5,894224395.0,894224395.0,894224395.0,,3,SUR,0.44,
TQBR,2015-04-21,Новатэк ао,NVTK,10710,1213906337.0,508.5,507.1,525.0,523.3,520.4,523.3,2332750,520.4,520.4,520.4,1213875827.0,1213875827.0,1213875827.0,,3,SUR,3.21,
TQBR,2015-04-22,Новатэк ао,NVTK,9872,740421963.0,520.9,504.0,531.9,505.1,515.6,505.1,1436080,515.6,515.6,515.6,740395918.0,740395918.0,740395918.0,,3,SUR,-3.48,
TQBR,2015-04-23,Новатэк ао,NVTK,13870,969315648.0,502.6,483.6,507.1,499.6,492.8,499.6,1967040,492.8,492.8,492.8,969265388.0,969265388.0,969265388.0,,3,SUR,-1.09,
TQBR,2015-04-24,Новатэк ао,NVTK,9638,619582722.0,497.1,489.2,506.1,498.9,499.8,498.9,1239620,499.8,499.8,499.8,619582722.0,619582722.0,619582722.0,,3,SUR,-0.14,
TQBR,2015-04-27,Новатэк ао,NVTK,7518,374652902.0,498.5,493.3,504.0,496.4,499.0,496.4,750790,499.0,499.0,499.0,374553202.0,374553202.0,374553202.0,,3,SUR,-0.5,
TQBR,2015-04-28,Новатэк ао,NVTK,5865,432962805.0,495.0,488.5,500.5,495.4,495.1,495.4,874410,495.1,495.1,495.1,432339105.0,432339105.0,432339105.0,,3,SUR,-0.2,
TQBR,2015-04-29,Новатэк ао,NVTK,7010,531513369.0,495.1,487.6,502.5,499.0,494.6,499.0,1074680,494.6,494.6,494.6,531513369.0,531513369.0,531513369.0,,3,SUR,0.73,
TQBR,2015-04-30,Новатэк ао,NVTK,7238,558622201.0,495.0,490.8,499.8,494.0,495.7,494.0,1126920,495.7,495.7,495.7,558290551.0,558290551.0,558290551.0,,3,SUR,-1.0,
TQBR,2015-05-05,Новатэк ао,NVTK,9050,703937132.0,499.0,491.7,510.5,501.0,505.1,501.0,1393760,505.1,505.1,505.1,703338332.0,703338332.0,703338332.0,,3,SUR,1.42,
TQBR,2015-05-06,Новатэк ао,NVTK,7505,578638012.0,500.8,488.9,501.5,490.6,494.4,490.6,1170330,494.4,494.4,494.4,578517820.0,578517820.0,578517820.0,,3,SUR,-2.08,
TQBR,2015-05-07,Новатэк ао,NVTK,5912,475628158.0,490.6,477.0,492.3,490.0,483.8,490.0,983060,483.8,483.8,483.8,475382858.0,475382858.0,475382858.0,,3,SUR,-0.12,
TQBR,2015-05-08,Новатэк ао,NVTK,6352,506009653.0,490.0,489.0,506.0,502.7,500.1,502.7,1011740,500.1,500.1,500.1,505960653.0,505960653.0,505960653.0,,3,SUR,2.59,
TQBR,2015-05-12,Новатэк ао,NVTK,6175,507365094.0,502.9,498.9,507.5,502.7,503.4,502.7,1007930,503.4,503.4,503.4,506862194.0,506862194.0,506862194.0,,3,SUR,0.0,
TQBR,2015-05-13,Новатэк ао,NVTK,4788,467896586.0,501.0,495.2,504.7,501.4,499.6,501.4,936590,499.6,499.6,499.6,467716226.0,467716226.0,467716226.0,,3,SUR,-0.26,
TQBR,2015-05-14,Новатэк ао,NVTK,3388,228685006.0,498.6,494.5,504.7,500.9,499.3,500.9,458010,499.3,499.3,499.3,228630160.0,228630160.0,228630160.0,,3,SUR,-0.1,
TQBR,2015-05-15,Новатэк ао,NVTK,3620,267420335.0,503.5,500.0,505.9,504.1,503.7,504.1,530880,503.7,503.7,503.7,267259215.0,267259215.0,267259215.0,,3,SUR,0.64,
TQBR,2015-05-18,Новатэк ао,NVTK,4520,380247188.0,504.1,501.5,511.5,502.0,507.2,502.0,749660,507.2,507.2,507.2,380191737.0,380191737.0,380191737.0,,3,SUR,-0.42,
TQBR,2015-05-19,Новатэк ао,NVTK,7463,513041638.0,502.0,489.5,510.5,495.5,498.2,495.5,1029810,498.2,498.2,498.2,512966338.0,512966338.0,512966338.0,,3,SUR,-1.29,
TQBR,2015-05-20,Новатэк ао,NVTK,3295,252936560.0,496.5,488.7,499.8,494.7,492.2,494.7,513900,492.2,492.2,492.2,252881945.0,252881945.0,252881945.0,,3,SUR,-0.16,
TQBR,2015-05-21,Новатэк ао,NVTK,7783,602674887.0,494.5,492.6,508.6,508.6,502.1,508.6,1200210,502.1,502.1,502.1,602595767.0,602595767.0,602595767.0,,3,SUR,2.81,
TQBR,2015-05-22,Новатэк ао,NVTK,5713,597665847.0,508.8,506.3,517.1,512.4,513.6,512.4,1163750,513.6,513.6,513.6,597050199.0,597050199.0,597050199.0,,3,SUR,0.75,
TQBR,2015-05-25,Новатэк ао,NVTK,4826,319118603.0,511.4,500.1,513.6,506.8,504.9,506.8,631990,504.9,504.9,504.9,319057235.0,319057235.0,319057235.0,,3,SUR,-1.09,
TQBR,2015-05-26,Новатэк ао,NVTK,6300,609812470.0,507.1,506.8,520.0,515.7,513.4,515.7,1187710,513.4,513.4,513.4,609782044.0,609782044.0,609782044.0,,3,SUR,1.76,
TQBR,2015-05-27,Новатэк ао,NVTK,10250,925207549.0,517.6,508.0,524.7,524.4,517.5,524.4,1787720,517.5,517.5,517.5,925140261.0,925140261.0,925140261.0,,3,SUR,1.69,
TQBR,2015-05-28,Новатэк ао,NVTK,6906,605258044.0,522.3,521.4,537.0,528.5,531.0,528.5,1139900,531.0,531.0,531.0,605221483.0,605221483.0,605221483.0,,3,SUR,0.78,
TQBR,2015-05-29,Новатэк ао,NVTK,8249,895681825.0,528.9,522.5,539.3,522.5,534.1,522.5,1676900,534.1,534.1,534.1,895628935.0,895628935.0,895628935.0,,3,SUR,-1.14,
TQBR,2015-06-01,Новатэк ао,NVTK,5341,534958661.0,517.3,517.3,536.6,525.1,527.3,525.1,1014440,527.3,527.3,527.3,534958661.0,534958661.0,534958661.0,,3,SUR,0.5,
TQBR,2015-06-02,Новатэк ао,NVTK,5193,458699417.0,525.6,524.5,539.0,536.3,532.5,536.3,861480,532.5,532.5,532.5,458699417.0,458699417.0,458699417.0,,3,SUR,2.13,
TQBR,2015-06-03,Новатэк ао,NVTK,7870,730104657.0,538.0,530.1,544.3,539.4,536.4,539.4,1361140,536.4,536.4,536.4,730104657.0,730104657.0,730104657.0,,3,SUR,0.58,
TQBR,2015-06-04,Новатэк ао,NVTK,10453,662397462.0,540.0,535.1,546.4,538.2,540.8,538.2,1224740,540.8,540.8,540.8,662397462.0,662397462.0,662397462.0,,3,SUR,-0.22,
TQBR,2015-06-05,Новатэк ао,NVTK,5789,421427288.0,539.1,533.0,547.4,541.9,539.9,541.9,780530,539.9,539.9,539.9,421427288.0,421427288.0,421427288.0,,3,SUR,0.69,
TQBR,2015-06-08,Новатэк ао,NVTK,7071,531907847.0,542.3,537.3,549.9,541.2,544.1,541.2,977630,544.1,544.1,544.1,531907847.0,531907847.0,531907847.0,,3,SUR,-0.13,
TQBR,2015-06-09,Новатэк ао,NVTK,3106,273905471.0,542.0,538.2,548.8,547.3,544.6,547.3,502930,544.6,544.6,544.6,273905471.0,273905471.0,273905471.0,,3,SUR,1.13,
TQBR,2015-06-10,Новатэк ао,NVTK,6258,453975994.0,550.5,539.0,550.5,543.9,544.0,543.9,834590,544.0,544.0,544.0,453975994.0,453975994.0,453975994.0,,3,SUR,-0.62,
TQBR,2015-06-11,Новатэк ао,NVTK,4164,271788984.0,543.0,535.3,545.0,543.5,539.7,543.5,503570,539.7,539.7,539.7,271788984.0,271788984.0,271788984.0,,3,SUR,-0.07,
TQBR,2015-06-15,Новатэк ао,NVTK,11856,755921739.0,543.9,538.0,553.2,550.9,546.9,550.9,1382220,546.9,546.9,546.9,755921739.0,755921739.0,755921739.0,,3,SUR,1.36,
TQBR,2015-06-16,Новатэк ао,NVTK,4395,423909663.0,553.9,545.3,553.9,546.9,549.1,546.9,771960,549.1,549.1,549.1,423909663.0,423909663.0,423909663.0,,3,SUR,-0.73,
TQBR,2015-06-17,Новатэк ао,NVTK,4727,610047860.0,546.6,539.2,549.8,545.0,542.6,545.0,1124270,542.6,542.6,542.6,610047860.0,610047860.0,610047860.0,,3,SUR,-0.35,
TQBR,2015-06-18,Новатэк ао,NVTK,4388,521375352.0,545.1,537.1,546.8,540.0,540.6,540.0,964440,540.6,540.6,540.6,521375352.0,521375352.0,521375352.0,,3,SUR,-0.92,
TQBR,2015-06-19,Новатэк ао,NVTK,3822,436939337.0,540.0,537.0,547.1,547.1,541.2,547.1,807410,541.2,541.2,541.2,436939337.0,436939337.0,436939337.0,,3,SUR,1.31,
TQBR,2015-06-22,Новатэк ао,NVTK,4193,372196964.0,544.0,542.5,548.4,546.4,546.0,546.4,681650,546.0,546.0,546.0,372196964.0,372196964.0,372196964.0,,3,SUR,-0.13,
TQBR,2015-06-23,Новатэк ао,NVTK,2788,270192160.0,547.3,540.4,548.0,544.5,543.6,544.5,497070,543.6,543.6,543.6,270192160.0,270192160.0,270192160.0,,3,SUR,-0.35,
TQBR,2015-06-24,Новатэк ао,NVTK,4632,557346366.0,545.1,537.3,548.0,541.7,541.9,541.7,1028470,541.9,541.9,541.9,557346366.0,557346366.0,557346366.0,,3,SUR,-0.51,
TQBR,2015-06-25,Новатэк ао,NVTK,3249,405578812.0,542.0,530.7,542.0,531.1,534.0,531.1,759550,534.0,534.0,534.0,405578812.0,405578812.0,405578812.0,,3,SUR,-1.96,
TQBR,2015-06-26,Новатэк ао,NVTK,4931,539817917.0,530.1,530.1,548.5,546.5,541.9,546.5,996190,541.9,541.9,541.9,539817917.0,539817917.0,539817917.0,,3,SUR,2.9,
TQBR,2015-06-29,Новатэк ао,NVTK,3283,358279761.0,544.8,542.2,550.5,549.9,547.7,549.9,654160,547.7,547.7,547.7,358279761.0,358279761.0,358279761.0,,3,SUR,0.62,
TQBR,2015-06-30,Новатэк ао,NVTK,7811,926460882.0,550.0,546.3,565.7,557.7,557.7,557.7,1661280,557.7,557.7,557.7,926460882.0,926460882.0,926460882.0,,3,SUR,1.42,
TQBR,2015-07-01,Новатэк ао,NVTK,4932,652099576.0,557.6,557.0,568.5,560.6,563.2,560.6,1157950,563.2,563.2,563.2,652099576.0,652099576.0,652099576.0,,3,SUR,0.52,
TQBR,2015-07-02,Новатэк ао,NVTK,5747,729256554.0,561.1,549.0,562.8,550.0,553.4,550.0,1317740,553.4,553.4,553.4,729256554.0,729256554.0,729256554.0,,3,SUR,-1.89,
TQBR,2015-07-03,Новатэк ао,NVTK,3879,449279004.0,549.5,543.5,551.8,551.0,547.6,551.0,820510,547.6,547.6,547.6,449279004.0,449279004.0,449279004.0,,3,SUR,0.18,
TQBR,2015-07-06,Новатэк ао,NVTK,3278,319084964.0,547.9,546.5,557.6,557.6,552.3,557.6,577690,552.3,552.3,552.3,319084964.0,319084964.0,319084964.0,,3,SUR,1.2,
TQBR,2015-07-07,Новатэк ао,NVTK,4670,574708843.0,555.8,550.2,564.4,559.4,556.7,559.4,1032420,556.7,556.7,556.7,574708843.0,574708843.0,574708843.0,,3,SUR,0.32,
TQBR,2015-07-08,Новатэк ао,NVTK,6528,625006969.0,555.4,545.0,562.2,561.2,553.2,561.2,1129730,553.2,553.2,553.2,625006969.0,625006969.0,625006969.0,,3,SUR,0.32,
TQBR,2015-07-09,Новатэк ао,NVTK,6903,467923700.0,562.0,557.8,566.5,564.7,561.2,564.7,833780,561.2,561.2,561.2,467923700.0,467923700.0,467923700.0,,3,SUR,0.62,
TQBR,2015-07-10,Новатэк ао,NVTK,4028,450474010.0,563.5,561.1,566.0,565.5,563.5,565.5,799480,563.5,563.5,563.5,450474010.0,450474010.0,450474010.0,,3,SUR,0.14,
TQBR,2015-07-13,Новатэк ао,NVTK,5174,685541385.0,565.5,564.9,577.0,575.0,572.6,575.0,1197230,572.6,572.6,572.6,685541385.0,685541385.0,685541385.0,,3,SUR,1.68,
TQBR,2015-07-14,Новатэк ао,NVTK,11356,894098415.0,572.1,566.6,579.2,577.7,573.4,577.7,1559420,573.4,573.4,573.4,894098415.0,894098415.0,894098415.0,,3,SUR,0.47,
TQBR,2015-07-15,Новатэк ао,NVTK,5629,700056569.0,575.0,575.0,580.0,578.4,577.8,578.4,1211560,577.8,577.8,577.8,700056569.0,700056569.0,700056569.0,,3,SUR,0.12,
TQBR,2015-07-16,Новатэк ао,NVTK,8273,593994493.0,576.1,575.0,584.0,577.7,579.0,577.7,1025820,579.0,579.0,579.0,593994493.0,593994493.0,593994493.0,,3,SUR,-0.12,
TQBR,2015-07-17,Новатэк ао,NVTK,3404,421290397.0,578.8,572.5,582.2,574.7,575.1,574.7,732490,575.1,575.1,575.1,421290397.0,421290397.0,421290397.0,,3,SUR,-0.52,
TQBR,2015-07-20,Новатэк ао,NVTK,3903,487591099.0,576.0,567.3,577.1,570.0,569.7,570.0,855920,569.7,569.7,569.7,487591099.0,487591099.0,487591099.0,,3,SUR,-0.82,
TQBR,2015-07-21,Новатэк ао,NVTK,4254,495231479.0,570.0,563.5,573.6,564.2,568.8,564.2,870630,568.8,568.8,568.8,495231479.0,495231479.0,495231479.0,,3,SUR,-1.02,
TQBR,2015-07-22,Новатэк ао,NVTK,5542,551240751.0,564.0,560.0,569.5,569.5,565.1,569.5,975560,565.1,565.1,565.1,551240751.0,551240751.0,551240751.0,,3,SUR,0.94,
TQBR,2015-07-23,Новатэк ао,NVTK,3158,371897324.0,569.2,561.3,570.5,566.7,564.0,566.7,659420,564.0,564.0,564.0,371897324.0,371897324.0,371897324.0,,3,SUR,-0.49,
TQBR,2015-07-24,Новатэк ао,NVTK,5521,644926685.0,565.0,557.7,572.2,559.5,562.8,559.5,1145870,562.8,562.8,562.8,644926685.0,644926685.0,644926685.0,,3,SUR,-1.27,
TQBR,2015-07-27,Новатэк ао,NVTK,5605,617637897.0,559.5,556.2,568.5,567.5,563.6,567.5,1095860,563.6,563.6,563.6,617637897.0,617637897.0,617637897.0,,3,SUR,1.43,
TQBR,2015-07-28,Новатэк ао,NVTK,5845,641703590.0,564.5,564.5,583.4,577.0,575.3,577.0,1115470,575.3,575.3,575.3,641703590.0,641703590.0,641703590.0,,3,SUR,1.67,
TQBR,2015-07-29,Новатэк ао,NVTK,7796,914596209.0,580.0,568.7,585.6,578.2,576.9,578.2,1585240,576.9,576.9,576.9,914596209.0,914596209.0,914596209.0,,3,SUR,0.21,
TQBR,2015-07-30,Новатэк ао,NVTK,4662,521750440.0,579.4,569.9,581.0,575.0,574.2,575.0,908700,574.2,574.2,574.2,521750440.0,521750440.0,521750440.0,,3,SUR,-0.55,
TQBR,2015-07-31,Новатэк ао,NVTK,6562,754976419.0,574.0,572.1,591.0,591.0,579.4,591.0,1303090,579.4,579.4,579.4,754976419.0,754976419.0,754976419.0,,3,SUR,2.78,
TQBR,2015-08-03,Новатэк ао,NVTK,4913,546459565.0,589.0,586.2,595.6,587.9,590.5,587.9,925500,590.4,590.4,590.4,546459565.0,546459565.0,546459565.0,,3,SUR,-0.52,
TQBR,2015-08-04,Новатэк ао,NVTK,4060,473521059.0,588.2,588.2,599.4,597.9,593.1,597.9,798340,593.1,593.1,593.1,473521059.0,473521059.0,473521059.0,,3,SUR,1.7,
TQBR,2015-08-05,Новатэк ао,NVTK,5969,654076772.0,596.0,586.5,600.0,589.3,592.4,589.3,1104100,592.4,592.4,592.4,654076772.0,654076772.0,654076772.0,,3,SUR,-1.44,
TQBR,2015-08-06,Новатэк ао,NVTK,12074,803227050.0,587.4,586.0,599.0,593.3,592.8,593.3,1354950,592.8,592.8,592.8,803227050.0,803227050.0,803227050.0,,3,SUR,0.68,
TQBR,2015-08-07,Новатэк ао,NVTK,3395,387853529.0,594.0,593.0,600.5,598.0,597.5,598.0,649170,597.5,597.5,597.5,387853529.0,387853529.0,387853529.0,,3,SUR,0.79,
TQBR,2015-08-10,Новатэк ао,NVTK,4487,511435909.0,599.5,588.6,600.0,597.4,595.9,597.4,858300,595.9,595.9,595.9,511435909.0,511435909.0,511435909.0,,3,SUR,-0.1,
TQBR,2015-08-11,Новатэк ао,NVTK,6529,720788235.0,597.4,590.3,601.5,592.5,597.1,592.5,1207230,597.1,597.1,597.1,720788235.0,720788235.0,720788235.0,,3,SUR,-0.82,
TQBR,2015-08-12,Новатэк ао,NVTK,3045,318629192.0,591.7,590.5,597.5,597.5,594.0,597.5,536430,594.0,594.0,594.0,318629192.0,318629192.0,318629192.0,,3,SUR,0.84,
TQBR,2015-08-13,Новатэк ао,NVTK,9926,618111221.0,596.1,584.5,599.6,593.8,591.0,593.8,1045950,591.0,591.0,591.0,618111221.0,618111221.0,618111221.0,,3,SUR,-0.62,
TQBR,2015-08-14,Новатэк ао,NVTK,5865,595657755.0,592.0,590.4,599.0,590.7,595.2,590.7,1000690,595.2,595.2,595.2,595657755.0,595657755.0,595657755.0,,3,SUR,-0.52,
TQBR,2015-08-17,Новатэк ао,NVTK,5863,447783910.0,591.9,576.0,592.2,584.4,584.3,584.4,766540,584.2,584.2,584.2,447783910.0,447783910.0,447783910.0,,3,SUR,-1.07,
TQBR,2015-08-18,Новатэк ао,NVTK,4052,350424521.0,581.0,572.6,584.0,584.0,578.2,584.0,606020,578.2,578.2,578.2,350424521.0,350424521.0,350424521.0,,3,SUR,-0.07,
TQBR,2015-08-19,Новатэк ао,NVTK,8644,542338397.0,582.0,567.6,588.4,571.7,576.8,571.7,940240,576.8,576.8,576.8,542338397.0,542338397.0,542338397.0,,3,SUR,-2.11,
TQBR,2015-08-20,Новатэк ао,NVTK,5295,522719986.0,572.0,571.6,588.0,586.0,580.5,586.0,900430,580.5,580.5,580.5,522719986.0,522719986.0,522719986.0,,3,SUR,2.5,
TQBR,2015-08-21,Новатэк ао,NVTK,9926,623228011.0,582.0,562.3,585.4,564.0,574.7,564.0,1084650,574.6,574.6,574.6,623228011.0,623228011.0,623228011.0,,3,SUR,-3.75,
TQBR,2015-08-24,Новатэк ао,NVTK,11963,1173355944.0,558.0,541.1,571.0,567.2,557.5,567.2,2104470,557.6,557.6,557.6,1173355944.0,1173355944.0,1173355944.0,,3,SUR,0.57,
TQBR,2015-08-25,Новатэк ао,NVTK,6294,688520191.0,568.0,556.3,576.9,560.3,565.0,560.3,1218610,565.0,565.0,565.0,688520191.0,688520191.0,688520191.0,,3,SUR,-1.22,
TQBR,2015-08-26,Новатэк ао,NVTK,8798,678141527.0,562.6,552.7,585.4,581.2,570.2,581.2,1188790,570.4,570.4,570.4,678141527.0,678141527.0,678141527.0,,3,SUR,3.73,
TQBR,2015-08-27,Новатэк ао,NVTK,6786,714685304.0,585.9,582.0,604.9,599.5,593.3,599.5,1204030,593.6,593.6,593.6,714685304.0,714685304.0,714685304.0,,3,SUR,3.15,
TQBR,2015-08-28,Новатэк ао,NVTK,8994,838426804.0,599.9,596.9,618.7,613.9,609.8,613.9,1374530,610.0,610.0,610.0,838426804.0,838426804.0,838426804.0,,3,SUR,2.4,
TQBR,2015-08-31,Новатэк ао,NVTK,4650,571107492.0,611.2,606.1,633.0,633.0,617.5,633.0,924690,617.6,617.6,617.6,571107492.0,571107492.0,571107492.0,,3,SUR,3.11,
TQBR,2015-09-01,Новатэк ао,NVTK,8198,823383864.0,626.6,608.1,627.6,610.0,616.0,610.0,1337110,615.8,615.8,615.8,823383864.0,823383864.0,823383864.0,,3,SUR,-3.63,
TQBR,2015-09-02,Новатэк ао,NVTK,11788,869814811.0,612.9,605.0,615.7,606.0,611.5,606.0,1422580,611.4,611.4,611.4,869814811.0,869814811.0,869814811.0,,3,SUR,-0.66,
TQBR,2015-09-03,Новатэк ао,NVTK,7965,673326327.0,610.0,598.4,610.0,602.2,603.7,602.2,1115400,603.7,603.7,603.7,673326327.0,673326327.0,673326327.0,,3,SUR,-0.63,
TQBR,2015-09-04,Новатэк ао,NVTK,10556,498924133.0,602.2,597.7,606.5,606.0,602.9,606.0,827510,602.9,602.9,602.9,498924133.0,498924133.0,498924133.0,,3,SUR,0.63,
TQBR,2015-09-07,Новатэк ао,NVTK,4086,329325108.0,605.2,603.3,613.8,611.1,609.5,611.1,540320,609.5,609.5,609.5,329325108.0,329325108.0,329325108.0,,3,SUR,0.84,
TQBR,2015-09-08,Новатэк ао,NVTK,12551,765738615.0,613.3,612.1,630.9,619.0,620.6,619.0,1233800,620.6,620.6,620.6,765738615.0,765738615.0,765738615.0,,3,SUR,1.29,
TQBR,2015-09-09,Новатэк ао,NVTK,5136,432989904.0,624.0,620.1,630.0,621.0,625.6,621.0,692060,625.7,625.7,625.7,432989904.0,432989904.0,432989904.0,,3,SUR,0.32,
TQBR,2015-09-10,Новатэк ао,NVTK,5449,378434703.0,619.1,613.2,627.6,624.3,621.1,624.3,609250,621.1,621.1,621.1,378434703.0,378434703.0,378434703.0,,3,SUR,0.53,
TQBR,2015-09-11,Новатэк ао,NVTK,5528,422064261.0,626.6,623.4,634.0,630.0,630.0,630.0,669860,630.1,630.1,630.1,422064261.0,422064261.0,422064261.0,,3,SUR,0.91,
TQBR,2015-09-14,Новатэк ао,NVTK,5354,568685870.0,631.9,630.1,646.3,634.1,641.4,634.1,886600,641.4,641.4,641.4,568685870.0,568685870.0,568685870.0,,3,SUR,0.65,
TQBR,2015-09-15,Новатэк ао,NVTK,4362,608216859.0,635.0,625.2,637.9,628.1,632.9,628.1,961010,632.9,632.9,632.9,608216859.0,608216859.0,608216859.0,,3,SUR,-0.95,
TQBR,2015-09-16,Новатэк ао,NVTK,8018,844289031.0,630.6,624.0,632.7,628.6,629.0,628.6,1342220,629.0,629.0,629.0,844289031.0,844289031.0,844289031.0,,3,SUR,0.08,
TQBR,2015-09-17,Новатэк ао,NVTK,3914,441096540.0,629.6,622.5,637.9,632.0,629.1,632.0,701100,629.1,629.1,629.1,441096540.0,441096540.0,441096540.0,,3,SUR,0.54,
TQBR,2015-09-18,Новатэк ао,NVTK,6547,632757584.0,633.0,616.5,641.1,631.8,627.3,631.8,1008830,627.2,627.2,627.2,632757584.0,632757584.0,632757584.0,,3,SUR,-0.03,
TQBR,2015-09-21,Новатэк ао,NVTK,4375,570276961.0,628.0,617.3,629.7,617.3,623.2,617.3,915100,623.2,623.2,623.2,570276961.0,570276961.0,570276961.0,,3,SUR,-2.3,
TQBR,2015-09-22,Новатэк ао,NVTK,4306,523915964.0,618.7,601.5,621.9,604.0,608.8,604.0,860590,608.8,608.8,608.8,523915964.0,523915964.0,523915964.0,,3,SUR,-2.15,
TQBR,2015-09-23,Новатэк ао,NVTK,6335,674345228.0,604.9,601.0,618.3,612.5,612.3,612.5,1101300,612.3,612.3,612.3,674345228.0,674345228.0,674345228.0,,3,SUR,1.41,
TQBR,2015-09-24,Новатэк ао,NVTK,9724,683072391.0,612.0,594.4,613.1,598.0,599.5,598.0,1139350,599.5,599.5,599.5,683072391.0,683072391.0,683072391.0,,3,SUR,-2.37,
TQBR,2015-09-25,Новатэк ао,NVTK,6346,670219839.0,603.0,590.0,615.0,593.0,601.3,593.0,1114550,601.3,601.3,601.3,670219839.0,670219839.0,670219839.0,,3,SUR,-0.84,
TQBR,2015-09-28,Новатэк ао,NVTK,4520,364839535.0,597.0,577.2,597.0,577.3,584.8,577.3,623930,584.7,584.7,584.7,364839535.0,364839535.0,364839535.0,,3,SUR,-2.65,
TQBR,2015-09-29,Новатэк ао,NVTK,5157,405420643.0,577.3,572.8,592.6,586.2,584.6,586.2,693500,584.6,584.6,584.6,405420643.0,405420643.0,405420643.0,,3,SUR,1.54,
TQBR,2015-09-30,Новатэк ао,NVTK,7586,893967973.0,588.5,586.2,604.9,597.0,598.8,597.0,1492870,598.8,598.8,598.8,893967973.0,893967973.0,893967973.0,,3,SUR,1.84,
TQBR,2015-10-01,Новатэк ао,NVTK,3641,344683292.0,598.9,581.7,603.7,587.8,594.3,587.8,579850,594.4,594.4,594.4,344683292.0,344683292.0,344683292.0,,3,SUR,-1.54,
TQBR,2015-10-02,Новатэк ао,NVTK,4942,347984290.0,585.3,580.1,590.4,588.1,584.4,588.1,595460,584.4,584.4,584.4,347984290.0,347984290.0,347984290.0,,3,SUR,0.05,
TQBR,2015-10-05,Новатэк ао,NVTK,7689,690081371.0,588.0,586.7,611.9,608.0,602.8,608.0,1144870,602.8,602.8,602.8,690081371.0,690081371.0,690081371.0,,3,SUR,3.38,
TQBR,2015-10-06,Новатэк ао,NVTK,4828,510515888.0,610.0,606.6,625.0,618.1,618.1,618.1,825990,618.1,618.1,618.1,510515888.0,510515888.0,510515888.0,,3,SUR,1.66,
TQBR,2015-10-07,Новатэк ао,NVTK,5551,586332223.0,616.1,603.6,618.0,604.0,610.6,604.0,960210,610.6,610.6,610.6,586332223.0,586332223.0,586332223.0,,3,SUR,-2.28,
TQBR,2015-10-08,Новатэк ао,NVTK,7839,779473567.0,604.0,592.5,606.6,605.6,599.8,605.6,1299650,599.8,599.8,599.8,779473567.0,779473567.0,779473567.0,,3,SUR,0.26,
TQBR,2015-10-09,Новатэк ао,NVTK,6861,748385607.0,608.0,595.4,608.5,606.0,601.8,606.0,1243540,601.8,601.8,601.8,748385607.0,748385607.0,748385607.0,,3,SUR,0.07,
TQBR,2015-10-12,Новатэк ао,NVTK,7626,650711607.0,609.0,591.2,609.0,599.4,597.0,599.4,1089890,597.0,597.0,597.0,650711607.0,650711607.0,650711607.0,,3,SUR,-1.09,
TQBR,2015-10-13,Новатэк ао,NVTK,4652,331975590.0,596.5,589.7,604.0,600.9,597.2,600.9,555880,597.2,597.2,597.2,331975590.0,331975590.0,331975590.0,,3,SUR,0.25,
TQBR,2015-10-14,Новатэк ао,NVTK,6403,413796535.0,597.8,593.0,605.3,601.1,600.2,601.1,689420,600.2,600.2,600.2,413796535.0,413796535.0,413796535.0,,3,SUR,0.03,
TQBR,2015-10-15,Новатэк ао,NVTK,6618,680834479.0,602.5,601.7,607.8,604.9,605.7,604.9,1124090,605.7,605.7,605.7,680834479.0,680834479.0,680834479.0,,3,SUR,0.63,
TQBR,2015-10-16,Новатэк ао,NVTK,5035,491390247.0,606.0,594.0,607.1,599.4,601.3,599.4,817220,601.3,601.3,601.3,491390247.0,491390247.0,491390247.0,,3,SUR,-0.91,
TQBR,2015-10-19,Новатэк ао,NVTK,5117,435488801.0,597.2,589.6,599.0,598.8,594.2,598.8,732910,594.2,594.2,594.2,435488801.0,435488801.0,435488801.0,,3,SUR,-0.1,
TQBR,2015-10-20,Новатэк ао,NVTK,6221,549574994.0,599.0,583.4,600.8,589.5,587.9,589.5,934790,587.9,587.9,587.9,549574994.0,549574994.0,549574994.0,,3,SUR,-1.55,
TQBR,2015-10-21,Новатэк ао,NVTK,7129,518290978.0,590.0,582.6,594.1,594.1,588.8,594.1,880420,588.7,588.7,588.7,518290978.0,518290978.0,518290978.0,,3,SUR,0.78,
TQBR,2015-10-22,Новатэк ао,NVTK,4289,292939314.0,593.8,590.8,599.7,596.6,594.5,596.6,492720,594.5,594.5,594.5,292939314.0,292939314.0,292939314.0,,3,SUR,0.42,
TQBR,2015-10-23,Новатэк ао,NVTK,5347,473505133.0,598.8,596.9,609.0,601.1,602.9,601.1,784880,603.3,603.3,603.3,473505133.0,473505133.0,473505133.0,,3,SUR,0.75,
TQBR,2015-10-26,Новатэк ао,NVTK,6433,637790296.0,603.3,591.6,607.0,599.7,598.2,599.7,1066950,597.8,597.8,597.8,637790296.0,637790296.0,637790296.0,,3,SUR,-0.23,
TQBR,2015-10-27,Новатэк ао,NVTK,3823,325772710.0,598.5,590.4,614.9,613.9,601.0,613.9,541690,601.4,601.4,601.4,325772710.0,325772710.0,325772710.0,,3,SUR,2.37,
TQBR,2015-10-28,Новатэк ао,NVTK,6750,555272681.0,614.0,598.4,617.0,601.3,606.5,601.3,916460,605.9,605.9,605.9,555272681.0,555272681.0,555272681.0,,3,SUR,-2.05,
TQBR,2015-10-29,Новатэк ао,NVTK,6854,562212484.0,601.4,584.6,602.9,586.5,592.0,586.5,951000,591.2,591.2,591.2,562212484.0,562212484.0,562212484.0,,3,SUR,-2.46,
TQBR,2015-10-30,Новатэк ао,NVTK,4149,352629847.0,585.6,579.6,589.5,584.3,584.5,584.3,603400,584.4,584.4,584.4,352629847.0,352629847.0,352629847.0,,3,SUR,-0.38,
TQBR,2015-11-02,Новатэк ао,NVTK,5916,484912191.0,581.7,574.1,588.8,587.7,583.6,587.7,830700,583.7,583.7,583.7,484912191.0,484912191.0,484912191.0,,3,SUR,0.58,
TQBR,2015-11-03,Новатэк ао,NVTK,5469,513877030.0,588.0,587.5,598.4,591.1,591.9,591.1,866940,592.7,592.7,592.7,513877030.0,513877030.0,513877030.0,,3,SUR,0.58,
TQBR,2015-11-05,Новатэк ао,NVTK,4826,441716106.0,596.8,594.0,606.4,598.0,600.0,598.0,735990,600.2,600.2,600.2,441716106.0,441716106.0,441716106.0,,3,SUR,1.17,
TQBR,2015-11-06,Новатэк ао,NVTK,5427,468373379.0,597.1,594.4,605.8,598.1,601.2,598.1,778550,601.6,601.6,601.6,468373379.0,468373379.0,468373379.0,,3,SUR,0.02,
TQBR,2015-11-09,Новатэк ао,NVTK,5243,498879858.0,598.1,597.9,614.9,606.1,607.9,606.1,819320,608.9,608.9,608.9,498879858.0,498879858.0,498879858.0,,3,SUR,1.34,
TQBR,2015-11-10,Новатэк ао,NVTK,6160,524582001.0,607.0,596.6,618.4,616.0,608.0,616.0,862290,608.4,608.4,608.4,524582001.0,524582001.0,524582001.0,,3,SUR,1.63,
TQBR,2015-11-11,Новатэк ао,NVTK,5235,470181568.0,616.5,593.3,616.7,596.1,605.8,596.1,777940,604.4,604.4,604.4,470181568.0,470181568.0,470181568.0,,3,SUR,-3.23,
TQBR,2015-11-12,Новатэк ао,NVTK,3779,415605772.0,593.3,588.6,604.0,591.0,594.4,591.0,698860,594.7,594.7,594.7,415605772.0,415605772.0,415605772.0,,3,SUR,-0.86,
TQBR,2015-11-13,Новатэк ао,NVTK,5315,601732560.0,591.9,585.0,596.7,593.2,590.8,593.2,1018590,590.8,590.8,590.8,601732560.0,601732560.0,601732560.0,,3,SUR,0.37,
TQBR,2015-11-16,Новатэк ао,NVTK,5435,520308303.0,594.9,592.0,611.5,606.1,603.8,606.1,860190,604.9,604.9,604.9,520308303.0,520308303.0,520308303.0,,3,SUR,2.17,
TQBR,2015-11-17,Новатэк ао,NVTK,7868,991775356.0,610.3,609.0,628.3,624.5,619.4,624.5,1600000,619.9,619.9,619.9,991775356.0,991775356.0,991775356.0,,3,SUR,3.04,
TQBR,2015-11-18,Новатэк ао,NVTK,5035,572516904.0,628.7,622.0,638.7,631.2,632.1,631.2,905530,632.2,632.2,632.2,572516904.0,572516904.0,572516904.0,,3,SUR,1.07,
TQBR,2015-11-19,Новатэк ао,NVTK,6354,770552938.0,636.0,620.0,639.8,620.2,632.0,620.2,1219280,632.0,632.0,632.0,770552938.0,770552938.0,770552938.0,,3,SUR,-1.74,
TQBR,2015-11-20,Новатэк ао,NVTK,5746,602089903.0,622.0,607.0,628.9,627.3,618.5,627.3,973150,618.7,618.7,618.7,602089903.0,602089903.0,602089903.0,,3,SUR,1.14,
TQBR,2015-11-23,Новатэк ао,NVTK,5120,533431713.0,628.5,617.4,641.1,635.0,632.5,635.0,843020,632.8,632.8,632.8,533431713.0,533431713.0,533431713.0,,3,SUR,1.23,
TQBR,2015-11-24,Новатэк ао,NVTK,9249,1031658925.0,636.0,607.0,636.0,612.1,617.2,612.1,1671510,617.2,617.2,617.2,1031658925.0,1031658925.0,1031658925.0,,3,SUR,-3.61,
TQBR,2015-11-25,Новатэк ао,NVTK,6066,633587393.0,615.5,615.5,631.6,629.5,625.4,629.5,1012590,625.7,625.7,625.7,633587393.0,633587393.0,633587393.0,,3,SUR,2.84,
TQBR,2015-11-26,Новатэк ао,NVTK,4567,436627302.0,629.7,622.1,637.6,627.2,628.8,627.2,694320,628.9,628.9,628.9,436627302.0,436627302.0,436627302.0,,3,SUR,-0.37,
TQBR,2015-11-27,Новатэк ао,NVTK,5721,724758866.0,629.0,620.4,630.6,626.4,626.3,626.4,1157280,626.3,626.3,626.3,724758866.0,724758866.0,724758866.0,,3,SUR,-0.13,
TQBR,2015-11-30,Новатэк ао,NVTK,5539,621030682.0,622.0,615.8,630.0,621.0,621.6,621.0,999010,621.6,621.6,621.6,621030682.0,621030682.0,621030682.0,,3,SUR,-0.86,
TQBR,2015-12-01,Новатэк ао,NVTK,5492,468888154.0,623.8,605.1,628.6,607.6,611.2,607.6,767010,611.3,611.3,611.3,468888154.0,468888154.0,468888154.0,,3,SUR,-2.16,
TQBR,2015-12-02,Новатэк ао,NVTK,4846,383786013.0,608.0,597.6,622.8,601.0,608.8,601.0,630240,609.0,609.0,609.0,383786013.0,383786013.0,383786013.0,,3,SUR,-1.09,
TQBR,2015-12-03,Новатэк ао,NVTK,4098,468568496.0,597.0,594.8,612.5,608.2,603.9,608.2,776010,603.8,603.8,603.8,468568496.0,468568496.0,468568496.0,,3,SUR,1.2,
TQBR,2015-12-04,Новатэк ао,NVTK,9318,995062078.0,607.0,573.4,613.7,584.3,590.3,584.3,1686630,590.0,590.0,590.0,995062078.0,995062078.0,995062078.0,,3,SUR,-3.93,
TQBR,2015-12-07,Новатэк ао,NVTK,8270,714837694.0,587.0,573.4,593.2,580.8,582.2,580.8,1227980,582.1,582.1,582.1,714837694.0,714837694.0,714837694.0,,3,SUR,-0.6,
TQBR,2015-12-08,Новатэк ао,NVTK,6668,744515864.0,581.0,570.0,584.7,570.0,574.7,570.0,1295400,574.7,574.7,574.7,744515864.0,744515864.0,744515864.0,,3,SUR,-1.86,
TQBR,2015-12-09,Новатэк ао,NVTK,6413,824794888.0,574.0,572.0,593.5,589.1,583.5,589.1,1413500,583.5,583.5,583.5,824794888.0,824794888.0,824794888.0,,3,SUR,3.35,
TQBR,2015-12-10,Новатэк ао,NVTK,6435,784501510.0,590.0,580.1,599.5,582.2,590.4,582.2,1328790,590.4,590.4,590.4,784501510.0,784501510.0,784501510.0,,3,SUR,-1.17,
TQBR,2015-12-11,Новатэк ао,NVTK,3851,418000919.0,582.0,574.0,582.8,580.9,577.9,580.9,723470,577.8,577.8,577.8,418000919.0,418000919.0,418000919.0,,3,SUR,-0.22,
TQBR,2015-12-14,Новатэк ао,NVTK,6234,787514358.0,574.3,565.5,583.6,570.0,574.5,570.0,1372000,574.0,574.0,574.0,787514358.0,787514358.0,787514358.0,,3,SUR,-1.88,
TQBR,2015-12-15,Новатэк ао,NVTK,7121,814202056.0,571.0,568.0,592.2,585.0,580.3,585.0,1403120,580.3,580.3,580.3,814202056.0,814202056.0,814202056.0,,3,SUR,2.63,
TQBR,2015-12-16,Новатэк ао,NVTK,3203,428935094.0,587.0,584.9,594.5,588.0,589.7,588.0,727340,589.7,589.7,589.7,428935094.0,428935094.0,428935094.0,,3,SUR,0.51,
TQBR,2015-12-17,Новатэк ао,NVTK,6772,812572428.0,589.1,580.5,606.2,604.0,594.9,604.0,1365010,595.3,595.3,595.3,812572428.0,812572428.0,812572428.0,,3,SUR,2.72,
TQBR,2015-12-18,Новатэк ао,NVTK,8255,915306164.0,601.0,573.0,605.0,578.2,583.0,578.2,1570970,582.6,582.6,582.6,915306164.0,915306164.0,915306164.0,,3,SUR,-4.27,
TQBR,2015-12-21,Новатэк ао,NVTK,5018,487033306.0,578.5,572.3,593.5,575.8,584.8,575.8,833240,584.5,584.5,584.5,487033306.0,487033306.0,487033306.0,,3,SUR,-0.42,
TQBR,2015-12-22,Новатэк ао,NVTK,3472,357495781.0,579.0,570.5,583.1,570.6,574.5,570.6,622330,574.4,574.4,574.4,357495781.0,357495781.0,357495781.0,,3,SUR,-0.9,
TQBR,2015-12-23,Новатэк ао,NVTK,5260,479950448.0,573.0,573.0,591.0,591.0,583.2,591.0,823030,583.2,583.2,583.2,479950448.0,479950448.0,479950448.0,,3,SUR,3.58,
TQBR,2015-12-24,Новатэк ао,NVTK,4156,492187023.0,594.0,584.4,605.0,587.7,589.4,587.7,833420,590.6,590.6,590.6,492187023.0,492187023.0,492187023.0,,3,SUR,-0.56,
TQBR,2015-12-25,Новатэк ао,NVTK,1817,105545905.0,590.0,580.0,593.4,581.8,584.1,581.8,180700,584.1,584.1,584.1,105545905.0,105545905.0,105545905.0,,3,SUR,-1.0,
TQBR,2015-12-28,Новатэк ао,NVTK,2328,208085472.0,584.0,575.0,586.2,579.2,577.9,579.2,360100,577.9,577.9,577.9,208085472.0,208085472.0,208085472.0,,3,SUR,-0.45,
TQBR,2015-12-29,Новатэк ао,NVTK,5215,431192734.0,582.0,578.0,599.5,599.5,591.1,599.5,729420,591.1,591.1,591.1,431192734.0,431192734.0,431192734.0,,3,SUR,3.5,
TQBR,2015-12-30,Новатэк ао,NVTK,4950,446494375.0,600.2,590.0,603.8,591.0,595.4,591.0,749850,595.4,595.4,595.4,446494375.0,446494375.0,446494375.0,,3,SUR,-1.42,
TQBR,2016-01-04,Новатэк ао,NVTK,5357,495469059.0,594.1,570.3,594.1,571.0,574.9,571.0,861790,574.9,574.9,571.0,495469059.0,495469059.0,495469059.0,,3,SUR,-3.38,
TQBR,2016-01-05,Новатэк ао,NVTK,6012,587054683.0,572.4,566.8,575.7,573.6,570.7,573.6,1028660,570.7,570.7,573.6,587054683.0,587054683.0,587054683.0,,3,SUR,0.46,
TQBR,2016-01-06,Новатэк ао,NVTK,3867,343223440.0,572.1,565.0,575.3,568.0,567.9,568.0,604380,567.9,567.9,568.0,343223440.0,343223440.0,343223440.0,,3,SUR,-0.98,
TQBR,2016-01-11,Новатэк ао,NVTK,9302,637733598.0,562.0,545.7,562.9,550.5,553.6,550.5,1151900,553.6,553.6,550.5,637733598.0,637733598.0,637733598.0,,3,SUR,-3.08,
TQBR,2016-01-12,Новатэк ао,NVTK,9291,697647097.0,548.9,537.0,568.9,567.0,558.7,567.0,1247610,559.2,559.2,567.0,697647097.0,697647097.0,697647097.0,,3,SUR,3.0,
TQBR,2016-01-13,Новатэк ао,NVTK,7657,668091266.0,568.8,565.2,579.8,572.8,573.4,572.8,1165070,573.4,573.4,572.8,668091266.0,668091266.0,668091266.0,,3,SUR,1.02,
TQBR,2016-01-14,Новатэк ао,NVTK,6689,505678759.0,567.8,560.7,577.0,576.1,568.6,576.1,889580,568.4,568.4,576.1,505678759.0,505678759.0,505678759.0,,3,SUR,0.58,
TQBR,2016-01-15,Новатэк ао,NVTK,13949,1514199645.0,574.1,537.9,577.0,543.7,554.5,543.7,2732040,554.2,554.2,543.7,1514199645.0,1514199645.0,1514199645.0,,3,SUR,-5.62,
TQBR,2016-01-18,Новатэк ао,NVTK,5750,582130737.0,540.1,535.1,563.7,559.5,553.5,559.5,1051760,553.5,553.5,559.5,582130737.0,582130737.0,582130737.0,,3,SUR,2.91,
TQBR,2016-01-19,Новатэк ао,NVTK,9007,817556598.0,564.5,555.4,584.6,561.8,571.0,561.8,1431840,571.0,571.0,561.8,817556598.0,817556598.0,817556598.0,,3,SUR,0.41,
TQBR,2016-01-20,Новатэк ао,NVTK,13414,1273953035.0,555.6,540.0,555.6,553.7,546.4,553.7,2331170,546.5,546.5,553.7,1273953035.0,1273953035.0,1273953035.0,,3,SUR,-1.44,
TQBR,2016-01-21,Новатэк ао,NVTK,9287,879241685.0,553.0,552.9,572.1,568.1,565.8,568.1,1554020,565.8,565.8,568.1,879241685.0,879241685.0,879241685.0,,3,SUR,2.6,
TQBR,2016-01-22,Новатэк ао,NVTK,14911,1480205542.0,580.0,569.0,602.0,593.5,585.1,593.5,2528400,585.4,585.4,593.5,1480205542.0,1480205542.0,1480205542.0,,3,SUR,4.47,
TQBR,2016-01-25,Новатэк ао,NVTK,7630,657077194.0,597.5,581.0,600.0,595.7,591.7,595.7,1110470,591.7,591.7,595.7,657077194.0,657077194.0,657077194.0,,3,SUR,0.37,
TQBR,2016-01-26,Новатэк ао,NVTK,9502,884569669.0,590.0,575.8,600.0,577.0,584.9,577.0,1512250,584.9,584.9,577.0,884569669.0,884569669.0,884569669.0,,3,SUR,-3.14,
TQBR,2016-01-27,Новатэк ао,NVTK,7436,763157901.0,578.4,577.6,602.7,600.0,593.0,600.0,1286800,593.1,593.1,600.0,763157901.0,763157901.0,763157901.0,,3,SUR,3.99,
TQBR,2016-01-28,Новатэк ао,NVTK,11949,1467156553.0,599.5,599.0,622.9,618.4,613.0,618.4,2393210,613.0,613.0,618.4,1467156553.0,1467156553.0,1467156553.0,,3,SUR,3.07,
TQBR,2016-01-29,Новатэк ао,NVTK,8721,1087371924.0,620.1,615.1,639.2,639.2,627.3,639.2,1733300,627.3,627.3,639.2,1087371924.0,1087371924.0,1087371924.0,,3,SUR,3.36,
TQBR,2016-02-01,Новатэк ао,NVTK,8270,874182013.0,639.0,629.6,644.2,630.0,636.8,630.0,1372750,636.8,636.8,630.0,874182013.0,874182013.0,874182013.0,,3,SUR,-1.44,
TQBR,2016-02-02,Новатэк ао,NVTK,6924,792383177.0,629.0,621.0,639.3,622.1,629.8,622.1,1258200,629.8,629.8,622.1,792383177.0,792383177.0,792383177.0,,3,SUR,-1.25,
TQBR,2016-02-03,Новатэк ао,NVTK,6233,724280334.0,619.9,613.0,626.1,613.0,618.6,613.0,1170910,618.6,618.6,613.0,724280334.0,724280334.0,724280334.0,,3,SUR,-1.46,
TQBR,2016-02-04,Новатэк ао,NVTK,9760,1100031818.0,630.0,620.2,642.4,636.0,630.5,636.0,1744420,630.6,630.6,636.0,1100031818.0,1100031818.0,1100031818.0,,3,SUR,3.75,
TQBR,2016-02-05,Новатэк ао,NVTK,5718,596040415.0,636.0,620.4,636.9,623.3,627.7,623.3,949610,627.7,627.7,623.3,596040415.0,596040415.0,596040415.0,,3,SUR,-2.0,
TQBR,2016-02-08,Новатэк ао,NVTK,8757,857123993.0,624.4,601.0,628.6,604.1,613.1,604.1,1398100,613.1,613.1,604.1,857123993.0,857123993.0,857123993.0,,3,SUR,-3.08,
TQBR,2016-02-09,Новатэк ао,NVTK,8806,1181838647.0,600.0,598.6,616.0,604.9,605.4,604.9,1951960,605.5,605.5,604.9,1181838647.0,1181838647.0,1181838647.0,,3,SUR,0.13,
TQBR,2016-02-10,Новатэк ао,NVTK,8130,990413878.0,602.0,597.8,619.6,615.8,608.7,615.8,1627470,608.6,608.6,615.8,990413878.0,990413878.0,990413878.0,,3,SUR,1.8,
TQBR,2016-02-11,Новатэк ао,NVTK,11313,1496866622.0,613.2,594.1,613.2,597.0,599.6,597.0,2496410,599.6,599.6,597.0,1496866622.0,1496866622.0,1496866622.0,,3,SUR,-3.05,
TQBR,2016-02-12,Новатэк ао,NVTK,6542,724539765.0,602.3,602.0,613.7,610.0,609.0,610.0,1189670,609.0,609.0,610.0,724539765.0,724539765.0,724539765.0,,3,SUR,2.18,
TQBR,2016-02-15,Новатэк ао,NVTK,5289,494643326.0,614.9,601.0,615.9,607.2,608.9,607.2,812350,608.9,608.9,607.2,494643326.0,494643326.0,494643326.0,,3,SUR,-0.46,
TQBR,2016-02-16,Новатэк ао,NVTK,5438,558301102.0,613.0,602.3,617.8,605.2,611.0,605.2,913820,611.0,611.0,605.2,558301102.0,558301102.0,558301102.0,,3,SUR,-0.33,
TQBR,2016-02-17,Новатэк ао,NVTK,6430,684015888.0,602.9,602.9,621.8,615.7,614.7,615.7,1111910,615.2,615.2,615.7,684015888.0,684015888.0,684015888.0,,3,SUR,1.73,
TQBR,2016-02-18,Новатэк ао,NVTK,6902,720699339.0,617.1,617.0,636.3,636.3,628.8,636.3,1146120,628.8,628.8,636.3,720699339.0,720699339.0,720699339.0,,3,SUR,3.35,
TQBR,2016-02-19,Новатэк ао,NVTK,7189,910727334.0,633.9,618.3,633.9,629.5,623.1,629.5,1461930,623.0,623.0,629.5,910727334.0,910727334.0,910727334.0,,3,SUR,-1.07,
TQBR,2016-02-20,Новатэк ао,NVTK,1257,69116274.0,626.0,620.2,628.1,621.4,624.8,621.4,110650,624.6,624.6,621.4,69116274.0,69116274.0,69116274.0,,3,SUR,-1.29,
TQBR,2016-02-22,Новатэк ао,NVTK,3570,446745281.0,623.5,622.3,640.6,640.3,633.6,640.3,704900,633.8,633.8,640.3,446745281.0,446745281.0,446745281.0,,3,SUR,3.04,
TQBR,2016-02-24,Новатэк ао,NVTK,6509,777420452.0,630.3,621.8,634.3,630.8,628.0,630.8,1238150,627.9,627.9,630.8,777420452.0,777420452.0,777420452.0,,3,SUR,-1.48,
TQBR,2016-02-25,Новатэк ао,NVTK,9643,1042129021.0,631.2,616.3,636.7,634.3,629.2,634.3,1656450,629.1,629.1,634.3,1042129021.0,1042129021.0,1042129021.0,,3,SUR,0.55,
TQBR,2016-02-26,Новатэк ао,NVTK,9776,1317056599.0,636.1,629.6,650.0,630.1,641.9,630.1,2051470,642.0,642.0,630.1,1317056599.0,1317056599.0,1317056599.0,,3,SUR,-0.66,
TQBR,2016-02-29,Новатэк ао,NVTK,6394,756973973.0,628.7,622.1,646.0,646.0,634.8,646.0,1192490,634.8,634.8,646.0,756973973.0,756973973.0,756973973.0,,3,SUR,2.52,
TQBR,2016-03-01,Новатэк ао,NVTK,4599,593895393.0,641.3,637.4,650.0,637.8,642.6,637.8,924170,642.6,642.6,637.8,593895393.0,593895393.0,593895393.0,,3,SUR,-1.27,
TQBR,2016-03-02,Новатэк ао,NVTK,6828,709124345.0,645.3,634.0,650.0,636.0,640.5,636.0,1107090,640.5,640.5,636.0,709124345.0,709124345.0,709124345.0,,3,SUR,-0.28,
TQBR,2016-03-03,Новатэк ао,NVTK,8304,935761403.0,636.5,625.9,641.8,628.9,633.8,628.9,1477160,633.5,633.5,628.9,935761403.0,935761403.0,935761403.0,,3,SUR,-1.12,
TQBR,2016-03-04,Новатэк ао,NVTK,5242,620077217.0,630.2,624.0,633.6,625.7,627.2,625.7,988670,627.2,627.2,625.7,620077217.0,620077217.0,620077217.0,,3,SUR,-0.51,
TQBR,2016-03-07,Новатэк ао,NVTK,4696,586037369.0,627.0,624.3,641.8,639.6,633.7,639.6,924690,633.8,633.8,639.6,586037369.0,586037369.0,586037369.0,,3,SUR,2.22,
TQBR,2016-03-09,Новатэк ао,NVTK,5077,681548763.0,630.6,625.8,640.8,632.0,632.1,632.0,1078160,632.1,632.1,632.0,681548763.0,681548763.0,681548763.0,,3,SUR,-1.19,
TQBR,2016-03-10,Новатэк ао,NVTK,3866,438613254.0,629.5,628.0,641.4,634.0,636.0,634.0,689490,636.1,636.1,634.0,438613254.0,438613254.0,438613254.0,,3,SUR,0.32,
TQBR,2016-03-11,Новатэк ао,NVTK,5558,734303699.0,636.2,622.7,639.5,624.4,630.3,624.4,1165130,630.2,630.2,624.4,734303699.0,734303699.0,734303699.0,,3,SUR,-1.51,
TQBR,2016-03-14,Новатэк ао,NVTK,4612,549808112.0,629.3,615.0,629.3,624.0,621.1,624.0,885440,620.9,620.9,624.0,549808112.0,549808112.0,549808112.0,,3,SUR,-0.06,
TQBR,2016-03-15,Новатэк ао,NVTK,10719,1768408886.0,626.0,620.6,630.0,620.6,625.5,620.6,2827340,625.5,625.5,620.6,1768408886.0,1768408886.0,1768408886.0,,3,SUR,-0.54,
TQBR,2016-03-16,Новатэк ао,NVTK,4688,478285736.0,622.4,620.5,626.3,623.8,623.1,623.8,767580,623.1,623.1,623.8,478285736.0,478285736.0,478285736.0,,3,SUR,0.52,
TQBR,2016-03-17,Новатэк ао,NVTK,14943,2098642409.0,626.6,610.3,638.5,610.5,622.5,610.5,3371950,622.4,622.4,610.5,2098642409.0,2098642409.0,2098642409.0,,3,SUR,-2.13,
TQBR,2016-03-18,Новатэк ао,NVTK,11377,1643807889.0,613.3,610.5,622.7,610.5,616.2,610.5,2667580,616.2,616.2,610.5,1643807889.0,1643807889.0,1643807889.0,,3,SUR,0.0,
TQBR,2016-03-21,Новатэк ао,NVTK,7260,715865500.0,612.0,605.5,613.5,612.5,609.4,612.5,1174880,609.3,609.3,612.5,715865500.0,715865500.0,715865500.0,,3,SUR,0.33,
TQBR,2016-03-22,Новатэк ао,NVTK,6347,802215166.0,612.7,608.7,622.0,616.2,613.7,616.2,1307110,613.7,613.7,616.2,802215166.0,802215166.0,802215166.0,,3,SUR,0.6,
TQBR,2016-03-23,Новатэк ао,NVTK,5905,695663667.0,614.0,605.2,624.3,608.5,614.9,608.5,1131180,615.0,615.0,608.5,695663667.0,695663667.0,695663667.0,,3,SUR,-1.25,
TQBR,2016-03-24,Новатэк ао,NVTK,4486,523408314.0,606.6,603.8,611.7,606.5,607.0,606.5,862200,607.1,607.1,606.5,523408314.0,523408314.0,523408314.0,,3,SUR,-0.33,
TQBR,2016-03-25,Новатэк ао,NVTK,1690,181694987.0,607.6,606.4,610.9,608.0,608.0,608.0,298800,608.1,608.1,608.0,181694987.0,181694987.0,181694987.0,,3,SUR,0.25,
TQBR,2016-03-28,Новатэк ао,NVTK,3474,276568067.0,610.0,599.8,612.6,602.2,605.2,602.2,457400,604.7,604.7,602.2,276568067.0,276568067.0,276568067.0,,3,SUR,-0.95,
TQBR,2016-03-29,Новатэк ао,NVTK,4703,480738179.0,603.7,588.8,603.9,597.5,595.9,597.5,807090,595.6,595.6,597.5,480738179.0,480738179.0,480738179.0,,3,SUR,-0.78,
TQBR,2016-03-30,Новатэк ао,NVTK,4828,633253982.0,599.5,597.1,606.0,599.6,600.7,599.6,1054050,600.8,600.8,599.6,633253982.0,633253982.0,633253982.0,,3,SUR,0.35,
TQBR,2016-03-31,Новатэк ао,NVTK,5120,658450898.0,598.9,591.6,604.9,598.0,600.2,598.0,1097240,600.1,600.1,598.0,658450898.0,658450898.0,658450898.0,,3,SUR,-0.27,
TQBR,2016-04-01,Новатэк ао,NVTK,6944,732296651.0,597.0,583.7,597.4,590.0,590.7,590.0,1240770,590.2,590.2,590.0,732296651.0,732296651.0,732296651.0,,3,SUR,-1.34,
TQBR,2016-04-04,Новатэк ао,NVTK,5333,617818662.0,592.0,588.2,597.0,590.0,592.7,590.0,1042210,592.8,592.8,590.0,617818662.0,617818662.0,617818662.0,,3,SUR,0.0,
TQBR,2016-04-05,Новатэк ао,NVTK,5420,940115447.0,588.0,585.0,601.8,600.0,596.8,600.0,1574630,597.0,597.0,600.0,940115447.0,940115447.0,940115447.0,,3,SUR,1.69,
TQBR,2016-04-06,Новатэк ао,NVTK,5172,851667366.0,603.0,595.3,605.0,601.6,599.8,601.6,1420380,599.6,599.6,601.6,851667366.0,851667366.0,851667366.0,,3,SUR,0.27,
TQBR,2016-04-07,Новатэк ао,NVTK,5067,623495560.0,603.8,588.8,604.9,591.7,594.7,591.7,1049410,594.1,594.1,591.7,623495560.0,623495560.0,623495560.0,,3,SUR,-1.65,
TQBR,2016-04-08,Новатэк ао,NVTK,4731,634377427.0,592.7,584.4,594.5,584.4,590.0,584.4,1075780,589.7,589.7,584.4,634377427.0,634377427.0,634377427.0,,3,SUR,-1.23,
TQBR,2016-04-11,Новатэк ао,NVTK,7195,1172541279.0,586.4,581.3,598.4,596.8,588.8,596.8,1991230,588.9,588.9,596.8,1172541279.0,1172541279.0,1172541279.0,,3,SUR,2.12,
TQBR,2016-04-12,Новатэк ао,NVTK,7349,938518999.0,598.7,596.1,606.1,599.0,602.4,599.0,1557360,602.6,602.6,599.0,938518999.0,938518999.0,938518999.0,,3,SUR,0.37,
TQBR,2016-04-13,Новатэк ао,NVTK,8231,1288811227.0,601.2,601.2,615.0,610.0,610.2,610.0,2110790,610.6,610.6,610.0,1288811227.0,1288811227.0,1288811227.0,,3,SUR,1.84,
TQBR,2016-04-14,Новатэк ао,NVTK,6759,974389252.0,610.0,600.0,615.5,601.7,606.0,601.7,1607850,606.0,606.0,601.7,974389252.0,974389252.0,974389252.0,,3,SUR,-1.36,
TQBR,2016-04-15,Новатэк ао,NVTK,4285,563734452.0,602.8,598.0,605.6,602.3,601.7,602.3,936900,601.7,601.7,602.3,563734452.0,563734452.0,563734452.0,,3,SUR,0.1,
TQBR,2016-04-18,Новатэк ао,NVTK,6364,818265623.0,596.9,596.2,604.8,604.0,600.0,604.0,1363740,600.0,600.0,604.0,818265623.0,818265623.0,818265623.0,,3,SUR,0.28,
TQBR,2016-04-19,Новатэк ао,NVTK,7668,928107172.0,604.0,598.6,610.5,604.6,605.2,604.6,1533560,605.2,605.2,604.6,928107172.0,928107172.0,928107172.0,,3,SUR,0.1,
TQBR,2016-04-20,Новатэк ао,NVTK,10374,1304358214.0,602.6,588.0,607.3,604.2,597.9,604.2,2181670,597.9,597.9,604.2,1304358214.0,1304358214.0,1304358214.0,,3,SUR,-0.07,
TQBR,2016-04-21,Новатэк ао,NVTK,7694,1008243650.0,608.0,596.0,610.0,607.7,604.0,607.7,1669380,604.0,604.0,607.7,1008243650.0,1008243650.0,1008243650.0,,3,SUR,0.58,
TQBR,2016-04-22,Новатэк ао,NVTK,7067,791387738.0,607.9,602.6,615.3,611.0,609.9,611.0,1297480,609.9,609.9,611.0,791387738.0,791387738.0,791387738.0,,3,SUR,0.54,
TQBR,2016-04-25,Новатэк ао,NVTK,7412,779571459.0,611.0,607.1,619.0,607.1,613.2,607.1,1271220,613.2,613.2,607.1,779571459.0,779571459.0,779571459.0,,3,SUR,-0.64,
TQBR,2016-04-26,Новатэк ао,NVTK,4703,417765035.0,607.6,605.2,615.5,610.9,609.4,610.9,685520,609.4,609.4,610.9,417765035.0,417765035.0,417765035.0,,3,SUR,0.63,
TQBR,2016-04-27,Новатэк ао,NVTK,9354,1001155292.0,612.0,605.6,623.6,613.0,613.8,613.0,1631000,613.8,613.8,613.0,1001155292.0,1001155292.0,1001155292.0,,3,SUR,0.34,
TQBR,2016-04-28,Новатэк ао,NVTK,8671,1021271158.0,615.3,613.6,638.3,638.1,625.9,638.1,1631710,625.9,625.9,638.1,1021271158.0,1021271158.0,1021271158.0,,3,SUR,4.09,
TQBR,2016-04-29,Новатэк ао,NVTK,9247,977933287.0,632.2,612.1,642.4,612.8,627.2,612.8,1559070,627.3,627.3,612.8,977933287.0,977933287.0,977933287.0,,3,SUR,-3.96,
TQBR,2016-05-04,Новатэк ао,NVTK,6596,822908775.0,610.0,606.4,632.0,623.0,620.3,623.0,1326630,620.3,620.3,623.0,822908775.0,822908775.0,822908775.0,,3,SUR,1.66,
TQBR,2016-05-05,Новатэк ао,NVTK,5374,597511346.0,624.0,610.8,624.0,611.1,615.9,611.1,970200,615.9,615.9,611.1,597511346.0,597511346.0,597511346.0,,3,SUR,-1.91,
TQBR,2016-05-06,Новатэк ао,NVTK,4464,587166778.0,611.5,609.9,623.7,618.9,619.0,618.9,948570,619.0,619.0,618.9,587166778.0,587166778.0,587166778.0,,3,SUR,1.28,
TQBR,2016-05-10,Новатэк ао,NVTK,4708,597867940.0,618.1,614.0,631.0,623.9,621.4,623.9,962190,621.4,621.4,623.9,597867940.0,597867940.0,597867940.0,,3,SUR,0.81,
TQBR,2016-05-11,Новатэк ао,NVTK,6624,683900852.0,629.0,616.3,629.4,628.8,624.4,628.8,1095290,624.4,624.4,628.8,683900852.0,683900852.0,683900852.0,,3,SUR,0.79,
TQBR,2016-05-12,Новатэк ао,NVTK,4225,490529063.0,629.0,618.0,629.2,620.3,621.6,620.3,789130,621.6,621.6,620.3,490529063.0,490529063.0,490529063.0,,3,SUR,-1.35,
TQBR,2016-05-13,Новатэк ао,NVTK,4357,532718512.0,619.0,612.3,621.2,618.4,616.3,618.4,864370,616.3,616.3,618.4,532718512.0,532718512.0,532718512.0,,3,SUR,-0.31,
TQBR,2016-05-16,Новатэк ао,NVTK,4180,456873158.0,618.8,618.0,630.0,626.4,626.0,626.4,729870,626.0,626.0,626.4,456873158.0,456873158.0,456873158.0,,3,SUR,1.29,
TQBR,2016-05-17,Новатэк ао,NVTK,5872,559228340.0,628.0,618.9,634.7,632.3,624.4,632.3,895710,624.3,624.3,632.3,559228340.0,559228340.0,559228340.0,,3,SUR,0.94,
TQBR,2016-05-18,Новатэк ао,NVTK,5127,587402266.0,630.2,628.0,643.8,639.2,638.1,639.2,920830,637.9,637.9,639.2,587402266.0,587402266.0,587402266.0,,3,SUR,1.09,
TQBR,2016-05-19,Новатэк ао,NVTK,3948,499425381.0,637.0,632.2,646.0,642.6,640.2,642.6,780160,640.2,640.2,642.6,499425381.0,499425381.0,499425381.0,,3,SUR,0.53,
TQBR,2016-05-20,Новатэк ао,NVTK,6083,676749973.0,641.1,641.1,654.9,654.5,648.8,654.5,1043190,648.7,648.7,654.5,676749973.0,676749973.0,676749973.0,,3,SUR,1.85,
TQBR,2016-05-23,Новатэк ао,NVTK,3011,439200637.0,652.8,645.3,654.3,648.7,648.7,648.7,677000,648.7,648.7,648.7,439200637.0,439200637.0,439200637.0,,3,SUR,-0.89,
TQBR,2016-05-24,Новатэк ао,NVTK,2064,317614201.0,648.0,648.0,654.5,651.3,651.9,651.3,487240,651.9,651.9,651.3,317614201.0,317614201.0,317614201.0,,3,SUR,0.4,
TQBR,2016-05-25,Новатэк ао,NVTK,2854,301622788.0,654.9,647.2,658.1,657.3,654.0,657.3,461190,654.0,654.0,657.3,301622788.0,301622788.0,301622788.0,,3,SUR,0.92,
TQBR,2016-05-26,Новатэк ао,NVTK,4335,672714834.0,657.3,649.0,668.8,652.0,659.0,652.0,1020830,659.0,659.0,652.0,672714834.0,672714834.0,672714834.0,,3,SUR,-0.81,
TQBR,2016-05-27,Новатэк ао,NVTK,4993,524429945.0,651.1,646.9,661.3,659.9,655.3,659.9,800300,655.3,655.3,659.9,524429945.0,524429945.0,524429945.0,,3,SUR,1.21,
TQBR,2016-05-30,Новатэк ао,NVTK,2435,253737519.0,659.0,658.7,673.5,671.8,665.7,671.8,381180,665.7,665.7,671.8,253737519.0,253737519.0,253737519.0,,3,SUR,1.8,
TQBR,2016-05-31,Новатэк ао,NVTK,5261,602467431.0,669.9,651.5,671.9,659.4,658.4,659.4,915120,658.3,658.3,659.4,602467431.0,602467431.0,602467431.0,,3,SUR,-1.85,
TQBR,2016-06-01,Новатэк ао,NVTK,4239,513782621.0,652.2,648.3,659.7,659.0,653.2,659.0,786530,653.2,653.2,659.0,513782621.0,513782621.0,513782621.0,,3,SUR,-0.06,
TQBR,2016-06-02,Новатэк ао,NVTK,4379,417347048.0,657.3,647.0,665.0,660.8,654.6,660.8,637580,654.6,654.6,660.8,417347048.0,417347048.0,417347048.0,,3,SUR,0.27,
TQBR,2016-06-03,Новатэк ао,NVTK,6429,647047825.0,661.0,645.1,665.0,654.4,654.0,654.4,989360,654.0,654.0,654.4,647047825.0,647047825.0,647047825.0,,3,SUR,-0.97,
TQBR,2016-06-06,Новатэк ао,NVTK,4651,562017709.0,654.4,651.1,665.0,651.1,659.2,651.1,852600,659.2,659.2,651.1,562017709.0,562017709.0,562017709.0,,3,SUR,-0.5,
TQBR,2016-06-07,Новатэк ао,NVTK,7048,658394362.0,654.4,650.1,679.0,673.9,667.1,673.9,986520,667.4,667.4,673.9,658394362.0,658394362.0,658394362.0,,3,SUR,3.5,
TQBR,2016-06-08,Новатэк ао,NVTK,5977,671497771.0,677.7,664.7,682.0,665.9,669.9,665.9,1000730,671.0,671.0,665.9,671497771.0,671497771.0,671497771.0,,3,SUR,-1.19,
TQBR,2016-06-09,Новатэк ао,NVTK,6163,796382106.0,667.8,661.1,683.7,680.0,675.3,680.0,1179380,675.3,675.3,680.0,796382106.0,796382106.0,796382106.0,,3,SUR,2.12,
TQBR,2016-06-10,Новатэк ао,NVTK,5277,462815919.0,680.0,659.1,683.1,662.0,668.1,662.0,692750,668.1,668.1,662.0,462815919.0,462815919.0,462815919.0,,3,SUR,-2.65,
TQBR,2016-06-14,Новатэк ао,NVTK,4731,488530348.0,658.7,654.0,669.2,663.6,660.1,663.6,740070,660.1,660.1,663.6,488530348.0,488530348.0,488530348.0,,3,SUR,0.24,
TQBR,2016-06-15,Новатэк ао,NVTK,7563,961069266.0,661.1,655.0,671.5,655.0,665.2,655.0,1444860,665.2,665.2,655.0,961069266.0,961069266.0,961069266.0,,3,SUR,-1.3,
TQBR,2016-06-16,Новатэк ао,NVTK,8055,761520452.0,655.0,641.2,659.9,649.3,648.6,649.3,1174080,648.6,648.6,649.3,761520452.0,761520452.0,761520452.0,,3,SUR,-0.87,
TQBR,2016-06-17,Новатэк ао,NVTK,6867,624399345.0,653.3,643.5,669.6,669.6,660.6,669.6,945250,660.6,660.6,669.6,624399345.0,624399345.0,624399345.0,,3,SUR,3.13,
TQBR,2016-06-20,Новатэк ао,NVTK,4151,517503309.0,660.5,656.2,667.0,667.0,661.7,667.0,782090,661.7,661.7,667.0,517503309.0,517503309.0,517503309.0,,3,SUR,-0.39,
TQBR,2016-06-21,Новатэк ао,NVTK,5354,552926582.0,666.7,651.3,671.0,659.6,661.7,659.6,835550,661.8,661.8,659.6,552926582.0,552926582.0,552926582.0,,3,SUR,-1.11,
TQBR,2016-06-22,Новатэк ао,NVTK,4113,346631937.0,656.2,651.2,665.0,651.2,659.4,651.2,525700,659.4,659.4,651.2,346631937.0,346631937.0,346631937.0,,3,SUR,-1.27,
TQBR,2016-06-23,Новатэк ао,NVTK,4300,354769398.0,651.2,642.5,662.0,658.1,651.7,658.1,544400,651.7,651.7,658.1,354769398.0,354769398.0,354769398.0,,3,SUR,1.06,
TQBR,2016-06-24,Новатэк ао,NVTK,7937,910145544.0,641.2,627.2,645.9,630.3,634.8,630.3,1433790,634.8,634.8,630.3,910145544.0,910145544.0,910145544.0,,3,SUR,-4.22,
TQBR,2016-06-27,Новатэк ао,NVTK,5005,450713909.0,637.0,622.0,637.0,628.4,627.8,628.4,717920,627.8,627.8,628.4,450713909.0,450713909.0,450713909.0,,3,SUR,-0.3,
TQBR,2016-06-28,Новатэк ао,NVTK,4528,382680460.0,632.4,627.1,638.0,627.8,632.8,627.8,604750,632.8,632.8,627.8,382680460.0,382680460.0,382680460.0,,3,SUR,-0.1,
TQBR,2016-06-29,Новатэк ао,NVTK,4208,361671348.0,634.0,628.6,642.7,641.9,636.9,641.9,567890,636.9,636.9,641.9,361671348.0,361671348.0,361671348.0,,3,SUR,2.25,
TQBR,2016-06-30,Новатэк ао,NVTK,4860,356528760.0,638.0,638.0,648.0,647.6,645.2,647.6,552540,645.3,645.3,647.6,356528760.0,356528760.0,356528760.0,,3,SUR,0.89,
TQBR,2016-07-01,Новатэк ао,NVTK,3643,322430415.0,648.3,642.2,652.4,644.2,647.6,644.2,497900,647.6,647.6,644.2,322430415.0,322430415.0,322430415.0,,3,SUR,-0.53,
TQBR,2016-07-04,Новатэк ао,NVTK,3116,198701999.0,644.5,639.2,650.0,641.5,643.2,641.5,308900,643.3,643.3,641.5,198701999.0,198701999.0,198701999.0,,3,SUR,-0.42,
TQBR,2016-07-05,Новатэк ао,NVTK,4447,378028702.0,641.9,629.0,641.9,634.1,632.6,634.1,597550,632.6,632.6,634.1,378028702.0,378028702.0,378028702.0,,3,SUR,-1.15,
TQBR,2016-07-06,Новатэк ао,NVTK,4661,349509568.0,629.7,627.0,637.7,632.0,630.9,632.0,553960,630.9,630.9,632.0,349509568.0,349509568.0,349509568.0,,3,SUR,-0.33,
TQBR,2016-07-07,Новатэк ао,NVTK,6630,578769754.0,634.5,634.5,650.7,640.0,643.6,640.0,899250,643.6,643.6,640.0,578769754.0,578769754.0,578769754.0,,3,SUR,1.27,
TQBR,2016-07-08,Новатэк ао,NVTK,8717,797680384.0,638.5,629.2,642.5,638.5,635.1,638.5,1255980,635.1,635.1,638.5,797680384.0,797680384.0,797680384.0,,3,SUR,-0.23,
TQBR,2016-07-11,Новатэк ао,NVTK,3599,345392823.0,641.5,635.2,648.0,643.2,642.5,643.2,537570,642.5,642.5,643.2,345392823.0,345392823.0,345392823.0,,3,SUR,0.74,
TQBR,2016-07-12,Новатэк ао,NVTK,6283,645137524.0,641.2,641.2,665.9,659.8,658.1,659.8,980480,658.0,658.0,659.8,645137524.0,645137524.0,645137524.0,,3,SUR,2.58,
TQBR,2016-07-13,Новатэк ао,NVTK,5323,596272966.0,659.2,653.5,665.9,660.5,660.6,660.5,902690,660.6,660.6,660.5,596272966.0,596272966.0,596272966.0,,3,SUR,0.11,
TQBR,2016-07-14,Новатэк ао,NVTK,5727,497695053.0,662.4,647.5,665.0,650.2,653.9,650.2,761060,653.9,653.9,650.2,497695053.0,497695053.0,497695053.0,,3,SUR,-1.56,
TQBR,2016-07-15,Новатэк ао,NVTK,4035,421590968.0,650.2,650.2,663.6,651.6,656.8,651.6,641880,656.8,656.8,651.6,421590968.0,421590968.0,421590968.0,,3,SUR,0.22,
TQBR,2016-07-18,Новатэк ао,NVTK,3458,344100531.0,654.6,645.0,659.4,648.2,649.6,648.2,529710,649.6,649.6,648.2,344100531.0,344100531.0,344100531.0,,3,SUR,-0.52,
TQBR,2016-07-19,Новатэк ао,NVTK,6662,610737049.0,652.3,641.3,655.0,645.1,646.9,645.1,943750,647.1,647.1,645.1,610737049.0,610737049.0,610737049.0,,3,SUR,-0.48,
TQBR,2016-07-20,Новатэк ао,NVTK,5075,470149718.0,646.0,639.5,649.2,646.9,642.1,646.9,732180,642.1,642.1,646.9,470149718.0,470149718.0,470149718.0,,3,SUR,0.28,
TQBR,2016-07-21,Новатэк ао,NVTK,3973,462112097.0,649.0,647.1,656.8,653.5,652.6,653.5,708030,652.7,652.7,653.5,462112097.0,462112097.0,462112097.0,,3,SUR,1.02,
TQBR,2016-07-22,Новатэк ао,NVTK,1851,167282391.0,652.9,645.6,655.2,645.9,648.7,645.9,257970,648.5,648.5,645.9,167282391.0,167282391.0,167282391.0,,3,SUR,-1.16,
TQBR,2016-07-25,Новатэк ао,NVTK,4062,392953593.0,649.1,640.6,654.0,642.8,647.3,642.8,606960,647.4,647.4,642.8,392953593.0,392953593.0,392953593.0,,3,SUR,-0.48,
TQBR,2016-07-26,Новатэк ао,NVTK,4235,381655527.0,644.1,641.1,655.0,655.0,647.1,655.0,589750,647.1,647.1,655.0,381655527.0,381655527.0,381655527.0,,3,SUR,1.9,
TQBR,2016-07-27,Новатэк ао,NVTK,4983,530134052.0,652.6,646.3,664.5,655.4,655.1,655.4,809170,655.2,655.2,655.4,530134052.0,530134052.0,530134052.0,,3,SUR,0.06,
TQBR,2016-07-28,Новатэк ао,NVTK,5337,565647040.0,657.4,650.1,661.5,653.2,654.6,653.2,864200,654.5,654.5,653.2,565647040.0,565647040.0,565647040.0,,3,SUR,-0.34,
TQBR,2016-07-29,Новатэк ао,NVTK,4552,451788013.0,653.2,644.8,657.3,648.1,652.1,648.1,692960,652.0,652.0,648.1,451788013.0,451788013.0,451788013.0,,3,SUR,-0.78,
TQBR,2016-08-01,Новатэк ао,NVTK,4889,453307827.0,651.6,651.6,663.6,654.8,658.3,654.8,688140,658.7,658.7,654.8,453307827.0,453307827.0,453307827.0,,3,SUR,1.03,
TQBR,2016-08-02,Новатэк ао,NVTK,8387,689580639.0,652.0,640.0,653.1,641.0,643.6,641.0,1071870,643.3,643.3,641.0,689580639.0,689580639.0,689580639.0,,3,SUR,-2.11,
TQBR,2016-08-03,Новатэк ао,NVTK,4307,288027799.0,640.0,640.0,646.0,645.0,641.7,645.0,448620,642.0,642.0,645.0,288027799.0,288027799.0,288027799.0,,3,SUR,0.62,
TQBR,2016-08-04,Новатэк ао,NVTK,6786,700348036.0,648.8,647.4,658.5,652.4,654.0,652.4,1070470,654.2,654.2,652.4,700348036.0,700348036.0,700348036.0,,3,SUR,1.15,
TQBR,2016-08-05,Новатэк ао,NVTK,4864,394329643.0,654.5,644.1,656.8,647.3,648.6,647.3,608430,648.1,648.1,647.3,394329643.0,394329643.0,394329643.0,,3,SUR,-0.78,
TQBR,2016-08-08,Новатэк ао,NVTK,2529,229483704.0,650.2,647.0,654.6,648.1,650.6,648.1,352670,650.7,650.7,648.1,229483704.0,229483704.0,229483704.0,,3,SUR,0.12,
TQBR,2016-08-09,Новатэк ао,NVTK,4079,450664105.0,647.5,644.8,660.8,652.1,654.5,652.1,688090,654.9,654.9,652.1,450664105.0,450664105.0,450664105.0,,3,SUR,0.62,
TQBR,2016-08-10,Новатэк ао,NVTK,4570,495297380.0,652.9,642.3,653.0,642.4,647.7,642.4,765120,647.3,647.3,642.4,495297380.0,495297380.0,495297380.0,,3,SUR,-1.49,
TQBR,2016-08-11,Новатэк ао,NVTK,5301,514343969.0,644.5,640.0,645.5,643.5,641.6,643.5,801780,641.5,641.5,643.5,514343969.0,514343969.0,514343969.0,,3,SUR,0.17,
TQBR,2016-08-12,Новатэк ао,NVTK,3532,404079457.0,647.9,644.5,652.4,650.4,649.2,650.4,622360,649.3,649.3,650.4,404079457.0,404079457.0,404079457.0,,3,SUR,1.07,
TQBR,2016-08-15,Новатэк ао,NVTK,3745,460943857.0,651.9,649.9,658.5,658.4,655.3,658.4,703130,655.6,655.6,658.4,460943857.0,460943857.0,460943857.0,,3,SUR,1.23,
TQBR,2016-08-16,Новатэк ао,NVTK,7297,798149778.0,658.5,654.4,674.7,668.0,665.5,668.0,1198800,665.8,665.8,668.0,798149778.0,798149778.0,798149778.0,,3,SUR,1.46,
TQBR,2016-08-17,Новатэк ао,NVTK,4038,551490567.0,665.8,665.5,677.4,672.7,672.0,672.7,820760,671.9,671.9,672.7,551490567.0,551490567.0,551490567.0,,3,SUR,0.7,
TQBR,2016-08-18,Новатэк ао,NVTK,3311,548582044.0,674.4,672.1,680.0,679.9,676.6,679.9,810450,676.9,676.9,679.9,548582044.0,548582044.0,548582044.0,,3,SUR,1.07,
TQBR,2016-08-19,Новатэк ао,NVTK,3115,437860022.0,679.0,677.7,686.0,680.1,681.8,680.1,642200,681.8,681.8,680.1,437860022.0,437860022.0,437860022.0,,3,SUR,0.03,
TQBR,2016-08-22,Новатэк ао,NVTK,4835,514877282.0,679.0,672.0,693.0,688.6,680.8,688.6,756310,680.8,680.8,688.6,514877282.0,514877282.0,514877282.0,,3,SUR,1.25,
TQBR,2016-08-23,Новатэк ао,NVTK,3448,339349270.0,689.7,685.3,699.0,696.0,692.7,696.0,489930,692.6,692.6,696.0,339349270.0,339349270.0,339349270.0,,3,SUR,1.07,
TQBR,2016-08-24,Новатэк ао,NVTK,3298,450505725.0,697.0,693.1,704.5,697.5,697.2,697.5,646140,697.2,697.2,697.5,450505725.0,450505725.0,450505725.0,,3,SUR,0.22,
TQBR,2016-08-25,Новатэк ао,NVTK,2920,351718531.0,696.4,692.1,700.8,698.8,695.6,698.8,505660,695.6,695.6,698.8,351718531.0,351718531.0,351718531.0,,3,SUR,0.19,
TQBR,2016-08-26,Новатэк ао,NVTK,5155,591167380.0,697.8,692.2,710.0,708.1,701.6,708.1,842640,701.6,701.6,708.1,591167380.0,591167380.0,591167380.0,,3,SUR,1.33,
TQBR,2016-08-29,Новатэк ао,NVTK,2978,278836716.0,702.0,689.0,706.1,695.6,693.5,695.6,402090,693.5,693.5,695.6,278836716.0,278836716.0,278836716.0,,3,SUR,-1.77,
TQBR,2016-08-30,Новатэк ао,NVTK,2931,244868485.0,695.8,692.0,705.1,695.7,698.8,695.7,350400,698.8,698.8,695.7,244868485.0,244868485.0,244868485.0,,3,SUR,0.01,
TQBR,2016-08-31,Новатэк ао,NVTK,4417,388627512.0,695.7,680.2,695.7,684.9,687.8,684.9,565140,687.7,687.7,684.9,388627512.0,388627512.0,388627512.0,,3,SUR,-1.55,
TQBR,2016-09-01,Новатэк ао,NVTK,4731,400705542.0,684.9,671.2,684.9,678.2,676.9,678.2,591930,676.9,676.9,678.2,400705542.0,400705542.0,400705542.0,,3,SUR,-0.98,
TQBR,2016-09-02,Новатэк ао,NVTK,5571,562250972.0,676.2,671.5,691.5,691.5,682.1,691.5,824340,682.1,682.1,691.5,562250972.0,562250972.0,562250972.0,,3,SUR,1.96,
TQBR,2016-09-05,Новатэк ао,NVTK,7600,768839021.0,691.3,673.4,703.7,677.9,683.6,677.9,1124720,683.6,683.6,677.9,768839021.0,768839021.0,768839021.0,,3,SUR,-1.97,
TQBR,2016-09-06,Новатэк ао,NVTK,4579,360755743.0,678.0,671.6,682.2,680.1,677.2,680.1,532690,677.2,677.2,680.1,360755743.0,360755743.0,360755743.0,,3,SUR,0.32,
TQBR,2016-09-07,Новатэк ао,NVTK,4347,352240595.0,680.1,673.9,683.6,680.3,676.7,680.3,520440,676.8,676.8,680.3,352240595.0,352240595.0,352240595.0,,3,SUR,0.03,
TQBR,2016-09-08,Новатэк ао,NVTK,2848,272903070.0,680.3,675.0,683.9,679.2,678.9,679.2,401980,678.9,678.9,679.2,272903070.0,272903070.0,272903070.0,,3,SUR,-0.16,
TQBR,2016-09-09,Новатэк ао,NVTK,2393,212924986.0,679.2,674.1,681.6,677.9,676.2,677.9,314850,676.3,676.3,677.9,212924986.0,212924986.0,212924986.0,,3,SUR,-0.19,
TQBR,2016-09-12,Новатэк ао,NVTK,5471,531349128.0,673.5,665.5,676.9,669.3,669.7,669.3,793460,669.7,669.7,669.3,531349128.0,531349128.0,531349128.0,,3,SUR,-1.27,
TQBR,2016-09-13,Новатэк ао,NVTK,5010,566527118.0,670.0,651.0,675.6,653.9,661.8,653.9,855670,662.1,662.1,653.9,566527118.0,566527118.0,566527118.0,,3,SUR,-2.3,
TQBR,2016-09-14,Новатэк ао,NVTK,5587,542161516.0,654.0,645.0,655.0,651.4,649.2,651.4,835150,649.2,649.2,651.4,542161516.0,542161516.0,542161516.0,,3,SUR,-0.38,
TQBR,2016-09-15,Новатэк ао,NVTK,6008,538896241.0,652.0,645.0,668.5,660.7,657.6,660.7,819500,657.6,657.6,660.7,538896241.0,538896241.0,538896241.0,,3,SUR,1.43,
TQBR,2016-09-16,Новатэк ао,NVTK,4851,580515245.0,664.8,655.0,670.9,665.5,663.3,665.5,875190,663.3,663.3,665.5,580515245.0,580515245.0,580515245.0,,3,SUR,0.73,
TQBR,2016-09-19,Новатэк ао,NVTK,3616,374658047.0,667.0,655.0,670.1,658.4,660.3,658.4,567440,660.3,660.3,658.4,374658047.0,374658047.0,374658047.0,,3,SUR,-1.07,
TQBR,2016-09-20,Новатэк ао,NVTK,10348,1347131021.0,658.0,632.2,658.0,639.1,638.4,639.1,2110650,638.3,638.3,639.1,1347131021.0,1347131021.0,1347131021.0,,3,SUR,-2.93,
TQBR,2016-09-21,Новатэк ао,NVTK,4636,439725540.0,642.3,638.1,648.0,643.3,642.5,643.3,684380,642.5,642.5,643.3,439725540.0,439725540.0,439725540.0,,3,SUR,0.66,
TQBR,2016-09-22,Новатэк ао,NVTK,5877,628515751.0,645.6,638.8,664.0,661.0,654.7,661.0,960080,654.6,654.6,661.0,628515751.0,628515751.0,628515751.0,,3,SUR,2.75,
TQBR,2016-09-23,Новатэк ао,NVTK,4073,554392948.0,659.0,651.1,665.6,665.0,658.5,665.0,841650,658.7,658.7,665.0,554392948.0,554392948.0,554392948.0,,3,SUR,0.61,
TQBR,2016-09-26,Новатэк ао,NVTK,2793,367256169.0,662.3,653.7,664.8,662.4,660.1,662.4,556410,660.0,660.0,662.4,367256169.0,367256169.0,367256169.0,,3,SUR,-0.39,
TQBR,2016-09-27,Новатэк ао,NVTK,3956,357654328.0,664.5,650.2,664.5,663.8,658.8,663.8,542850,658.8,658.8,663.8,357654328.0,357654328.0,357654328.0,,3,SUR,0.21,
TQBR,2016-09-28,Новатэк ао,NVTK,3843,433363129.0,664.4,660.2,675.0,670.5,670.3,670.5,646560,670.3,670.3,670.5,433363129.0,433363129.0,433363129.0,,3,SUR,1.01,
TQBR,2016-09-29,Новатэк ао,NVTK,4645,588252621.0,675.7,667.6,681.8,678.5,676.6,678.5,869470,676.6,676.6,678.5,588252621.0,588252621.0,588252621.0,,3,SUR,1.19,
TQBR,2016-09-30,Новатэк ао,NVTK,3743,442544382.0,676.6,670.8,686.1,682.5,678.5,682.5,652230,678.5,678.5,682.5,442544382.0,442544382.0,442544382.0,,3,SUR,0.59,
TQBR,2016-10-03,Новатэк ао,NVTK,4219,408224831.0,682.2,665.7,682.6,674.0,672.7,674.0,606840,672.7,672.7,674.0,408224831.0,408224831.0,408224831.0,,3,SUR,-1.25,
TQBR,2016-10-04,Новатэк ао,NVTK,4229,425455616.0,675.0,666.3,675.7,673.6,671.1,673.6,633880,671.2,671.2,673.6,425455616.0,425455616.0,425455616.0,,3,SUR,-0.06,
TQBR,2016-10-05,Новатэк ао,NVTK,5082,559353680.0,670.5,659.2,670.5,669.0,663.0,669.0,843840,662.9,662.9,669.0,559353680.0,559353680.0,559353680.0,,3,SUR,-0.68,
TQBR,2016-10-06,Новатэк ао,NVTK,2443,206951727.0,666.6,660.1,668.0,667.0,664.5,667.0,311440,664.5,664.5,667.0,206951727.0,206951727.0,206951727.0,,3,SUR,-0.3,
TQBR,2016-10-07,Новатэк ао,NVTK,4625,498369641.0,667.7,666.1,678.3,674.1,674.6,674.1,738800,674.6,674.6,674.1,498369641.0,498369641.0,498369641.0,,3,SUR,1.06,
TQBR,2016-10-10,Новатэк ао,NVTK,3550,346376134.0,670.2,665.6,675.6,674.5,671.6,674.5,515720,671.6,671.6,674.5,346376134.0,346376134.0,346376134.0,,3,SUR,0.06,
TQBR,2016-10-11,Новатэк ао,NVTK,3567,419925015.0,669.6,669.5,684.4,681.3,680.9,681.3,616700,680.9,680.9,681.3,419925015.0,419925015.0,419925015.0,,3,SUR,1.01,
TQBR,2016-10-12,Новатэк ао,NVTK,3635,474632103.0,681.5,673.0,683.9,677.0,678.2,677.0,699860,678.2,678.2,677.0,474632103.0,474632103.0,474632103.0,,3,SUR,-0.63,
TQBR,2016-10-13,Новатэк ао,NVTK,2291,294633200.0,679.6,673.4,679.7,679.0,676.7,679.0,435400,676.7,676.7,679.0,294633200.0,294633200.0,294633200.0,,3,SUR,0.3,
TQBR,2016-10-14,Новатэк ао,NVTK,2380,287806143.0,679.8,673.2,683.2,677.5,678.4,677.5,424220,678.4,678.4,677.5,287806143.0,287806143.0,287806143.0,,3,SUR,-0.22,
TQBR,2016-10-17,Новатэк ао,NVTK,4325,444437768.0,677.0,664.2,677.1,665.3,669.4,665.3,663880,669.5,669.5,665.3,444437768.0,444437768.0,444437768.0,,3,SUR,-1.8,
TQBR,2016-10-18,Новатэк ао,NVTK,4243,275132743.0,672.0,665.6,676.2,671.1,669.7,671.1,410820,669.7,669.7,671.1,275132743.0,275132743.0,275132743.0,,3,SUR,0.87,
TQBR,2016-10-19,Новатэк ао,NVTK,3184,282019250.0,668.6,662.6,670.5,668.8,667.0,668.0,422830,667.0,667.0,668.8,282019250.0,282019250.0,282019250.0,,3,SUR,-0.46,
TQBR,2016-10-20,Новатэк ао,NVTK,2813,263364446.0,667.7,656.5,668.7,661.0,661.5,661.0,398110,661.5,661.5,661.0,263364446.0,263364446.0,263364446.0,,3,SUR,-1.05,
TQBR,2016-10-21,Новатэк ао,NVTK,2498,170215522.0,660.8,652.8,661.6,656.0,657.0,656.0,259070,657.0,657.0,656.0,170215522.0,170215522.0,170215522.0,,3,SUR,-0.76,
TQBR,2016-10-24,Новатэк ао,NVTK,4372,412220538.0,658.9,653.6,662.4,654.2,657.5,654.2,626980,657.5,657.5,654.2,412220538.0,412220538.0,412220538.0,,3,SUR,-0.27,
TQBR,2016-10-25,Новатэк ао,NVTK,5072,493026038.0,660.3,654.4,671.3,665.8,662.7,665.8,743720,662.9,662.9,665.8,493026038.0,493026038.0,493026038.0,,3,SUR,1.77,
TQBR,2016-10-26,Новатэк ао,NVTK,4108,323065694.0,662.6,662.3,671.4,668.9,667.7,668.9,483850,667.7,667.7,668.9,323065694.0,323065694.0,323065694.0,,3,SUR,0.47,
TQBR,2016-10-27,Новатэк ао,NVTK,3300,253528778.0,669.5,663.2,675.0,668.9,669.1,668.9,378920,669.1,669.1,668.9,253528778.0,253528778.0,253528778.0,,3,SUR,0.0,
TQBR,2016-10-28,Новатэк ао,NVTK,2142,176880037.0,669.0,661.6,669.8,665.2,665.3,665.2,265860,665.3,665.3,665.2,176880037.0,176880037.0,176880037.0,,3,SUR,-0.55,
TQBR,2016-10-31,Новатэк ао,NVTK,5540,469211375.0,665.2,652.9,666.5,660.8,658.4,660.8,712610,658.4,658.4,660.8,469211375.0,469211375.0,469211375.0,,3,SUR,-0.66,
TQBR,2016-11-01,Новатэк ао,NVTK,8749,557056236.0,665.0,653.8,670.0,653.8,660.6,653.8,842620,661.1,661.1,653.8,557056236.0,557056236.0,557056236.0,,3,SUR,-1.06,
TQBR,2016-11-02,Новатэк ао,NVTK,6687,693351100.0,653.8,642.2,657.0,645.0,649.3,645.0,1067230,649.7,649.7,645.0,693351100.0,693351100.0,693351100.0,,3,SUR,-1.35,
TQBR,2016-11-03,Новатэк ао,NVTK,6053,610400877.0,647.0,640.0,647.1,640.0,641.8,640.0,950980,641.9,641.9,640.0,610400877.0,610400877.0,610400877.0,,3,SUR,-0.78,
TQBR,2016-11-07,Новатэк ао,NVTK,3883,292147687.0,640.5,640.5,655.0,652.3,648.8,652.3,450300,648.8,648.8,652.3,292147687.0,292147687.0,292147687.0,,3,SUR,1.92,
TQBR,2016-11-08,Новатэк ао,NVTK,4731,335014040.0,652.3,644.7,660.0,648.1,651.8,648.1,514020,651.8,651.8,648.1,335014040.0,335014040.0,335014040.0,,3,SUR,-0.64,
TQBR,2016-11-09,Новатэк ао,NVTK,7957,672578608.0,633.2,633.2,669.2,668.0,658.0,668.0,1022110,658.0,658.0,668.0,672578608.0,672578608.0,672578608.0,,3,SUR,3.07,
TQBR,2016-11-10,Новатэк ао,NVTK,8411,1151436719.0,669.9,661.0,696.1,686.0,679.6,686.0,1692600,680.3,680.3,686.0,1151436719.0,1151436719.0,1151436719.0,,3,SUR,2.69,
TQBR,2016-11-11,Новатэк ао,NVTK,6066,648592556.0,680.3,672.1,697.6,685.4,682.2,685.4,950940,682.1,682.1,685.4,648592556.0,648592556.0,648592556.0,,3,SUR,-0.09,
TQBR,2016-11-14,Новатэк ао,NVTK,5593,453337848.0,686.0,670.7,697.6,676.5,679.5,676.5,667140,679.5,679.5,676.5,453337848.0,453337848.0,453337848.0,,3,SUR,-1.3,
TQBR,2016-11-15,Новатэк ао,NVTK,9173,915252546.0,680.4,664.3,687.5,679.4,676.9,679.4,1352200,676.9,676.9,679.4,915252546.0,915252546.0,915252546.0,,3,SUR,0.43,
TQBR,2016-11-16,Новатэк ао,NVTK,5626,580189719.0,681.0,678.6,698.2,692.0,691.4,692.0,839120,691.4,691.4,692.0,580189719.0,580189719.0,580189719.0,,3,SUR,1.85,
TQBR,2016-11-17,Новатэк ао,NVTK,4611,806266105.0,691.1,688.0,702.9,700.9,698.5,700.9,1154310,698.5,698.5,700.9,806266105.0,806266105.0,806266105.0,,3,SUR,1.29,
TQBR,2016-11-18,Новатэк ао,NVTK,2810,494020825.0,700.0,699.1,707.4,704.7,703.6,704.7,702100,703.6,703.6,704.7,494020825.0,494020825.0,494020825.0,,3,SUR,0.54,
TQBR,2016-11-21,Новатэк ао,NVTK,5397,732583641.0,706.1,701.5,717.6,717.0,712.1,717.0,1028790,712.1,712.1,717.0,732583641.0,732583641.0,732583641.0,,3,SUR,1.75,
TQBR,2016-11-22,Новатэк ао,NVTK,5435,631117651.0,718.0,707.1,722.7,717.4,714.1,717.4,883150,714.6,714.6,717.4,631117651.0,631117651.0,631117651.0,,3,SUR,0.06,
TQBR,2016-11-23,Новатэк ао,NVTK,5134,619122841.0,717.1,716.3,729.4,727.5,723.2,727.5,856070,723.2,723.2,727.5,619122841.0,619122841.0,619122841.0,,3,SUR,1.41,
TQBR,2016-11-24,Новатэк ао,NVTK,3288,486255455.0,728.8,725.2,738.4,735.9,733.2,735.9,663190,733.2,733.2,735.9,486255455.0,486255455.0,486255455.0,,3,SUR,1.15,
TQBR,2016-11-25,Новатэк ао,NVTK,2479,261726220.0,736.8,725.8,736.8,728.5,730.2,728.5,358430,730.2,730.2,728.5,261726220.0,261726220.0,261726220.0,,3,SUR,-1.01,
TQBR,2016-11-28,Новатэк ао,NVTK,4403,255879264.0,728.0,717.6,729.9,724.1,722.2,724.1,354320,722.2,722.2,724.1,255879264.0,255879264.0,255879264.0,,3,SUR,-0.6,
TQBR,2016-11-29,Новатэк ао,NVTK,4015,405297847.0,723.9,709.0,725.1,719.5,715.2,719.5,566710,715.2,715.2,719.5,405297847.0,405297847.0,405297847.0,,3,SUR,-0.64,
TQBR,2016-11-30,Новатэк ао,NVTK,9742,900334354.0,717.7,713.8,740.0,732.0,728.0,732.0,1236760,728.0,728.0,732.0,900334354.0,900334354.0,900334354.0,,3,SUR,1.74,
TQBR,2016-12-01,Новатэк ао,NVTK,4402,453922754.0,734.4,729.1,742.7,731.2,734.9,731.2,617990,734.5,734.5,731.2,453922754.0,453922754.0,453922754.0,,3,SUR,-0.11,
TQBR,2016-12-02,Новатэк ао,NVTK,5162,433957441.0,731.0,724.0,738.0,733.0,732.4,733.0,592520,732.4,732.4,733.0,433957441.0,433957441.0,433957441.0,,3,SUR,0.25,
TQBR,2016-12-05,Новатэк ао,NVTK,6960,711259621.0,732.0,730.1,760.0,760.0,749.2,760.0,949240,749.3,749.3,760.0,711259621.0,711259621.0,711259621.0,,3,SUR,3.68,
TQBR,2016-12-06,Новатэк ао,NVTK,6802,586788450.0,756.3,755.3,775.4,761.9,762.9,761.9,769110,762.9,762.9,761.9,586788450.0,586788450.0,586788450.0,,3,SUR,0.25,
TQBR,2016-12-07,Новатэк ао,NVTK,6113,613122483.0,760.6,755.1,773.5,770.0,766.2,770.0,800180,766.2,766.2,770.0,613122483.0,613122483.0,613122483.0,,3,SUR,1.06,
TQBR,2016-12-08,Новатэк ао,NVTK,4505,464999384.0,774.5,765.0,775.0,765.0,768.7,765.0,604910,768.7,768.7,765.0,464999384.0,464999384.0,464999384.0,,3,SUR,-0.65,
TQBR,2016-12-09,Новатэк ао,NVTK,5379,532988271.0,765.1,762.1,783.5,768.0,771.8,768.0,690480,771.9,771.9,768.0,532988271.0,532988271.0,532988271.0,,3,SUR,0.39,
TQBR,2016-12-12,Новатэк ао,NVTK,9761,1019300396.0,773.8,745.7,798.7,764.8,763.5,764.8,1335230,763.4,763.4,764.8,1019300396.0,1019300396.0,1019300396.0,,3,SUR,-0.42,
TQBR,2016-12-13,Новатэк ао,NVTK,9558,1102837471.0,766.0,766.0,800.7,799.4,785.5,799.4,1403970,785.5,785.5,799.4,1102837471.0,1102837471.0,1102837471.0,,3,SUR,4.52,
TQBR,2016-12-14,Новатэк ао,NVTK,7855,891419956.0,799.4,786.7,800.7,792.2,792.6,792.2,1124650,792.6,792.6,792.2,891419956.0,891419956.0,891419956.0,,3,SUR,-0.9,
TQBR,2016-12-15,Новатэк ао,NVTK,13667,2218650360.0,788.2,766.4,790.0,784.1,781.8,784.1,2837800,781.8,781.8,784.1,2218650360.0,2218650360.0,2218650360.0,,3,SUR,-1.02,
TQBR,2016-12-16,Новатэк ао,NVTK,6388,703235373.0,788.5,777.0,800.1,793.0,786.8,793.0,893840,786.8,786.8,793.0,703235373.0,703235373.0,703235373.0,,3,SUR,1.14,
TQBR,2016-12-19,Новатэк ао,NVTK,3822,359686321.0,799.0,783.4,799.0,787.4,788.6,787.4,456090,788.6,788.6,787.4,359686321.0,359686321.0,359686321.0,,3,SUR,-0.71,
TQBR,2016-12-20,Новатэк ао,NVTK,4791,464968839.0,787.0,777.9,792.4,779.2,785.6,779.2,591860,785.6,785.6,779.2,464968839.0,464968839.0,464968839.0,,3,SUR,-1.04,
TQBR,2016-12-21,Новатэк ао,NVTK,4163,425302968.0,781.6,765.6,783.7,775.1,777.5,775.1,547030,777.5,777.5,775.1,425302968.0,425302968.0,425302968.0,,3,SUR,-0.53,
TQBR,2016-12-22,Новатэк ао,NVTK,4874,594644167.0,772.1,760.0,773.6,770.0,765.6,770.0,776420,765.9,765.9,770.0,594644167.0,594644167.0,594644167.0,,3,SUR,-0.66,
TQBR,2016-12-23,Новатэк ао,NVTK,7008,644873613.0,768.0,748.1,777.7,760.4,761.7,760.4,846690,761.6,761.6,760.4,644873613.0,644873613.0,644873613.0,,3,SUR,-1.25,
TQBR,2016-12-26,Новатэк ао,NVTK,980,76999335.0,760.3,755.0,762.0,759.3,759.6,759.3,101370,759.6,759.6,759.3,76999335.0,76999335.0,76999335.0,,3,SUR,-0.14,
TQBR,2016-12-27,Новатэк ао,NVTK,2502,261968342.0,758.2,758.2,776.7,775.0,771.0,775.0,339760,771.0,771.0,775.0,261968342.0,261968342.0,261968342.0,,3,SUR,2.07,
TQBR,2016-12-28,Новатэк ао,NVTK,3408,450150912.0,776.9,760.0,778.5,766.0,768.5,766.0,585790,768.5,768.5,766.0,450150912.0,450150912.0,450150912.0,,3,SUR,-1.16,
TQBR,2016-12-29,Новатэк ао,NVTK,6914,531358737.0,766.0,756.2,775.4,765.5,762.5,765.5,696810,762.6,762.6,765.5,531358737.0,531358737.0,531358737.0,,3,SUR,-0.07,
TQBR,2016-12-30,Новатэк ао,NVTK,5696,556088101.0,765.8,765.1,796.1,791.9,783.5,791.9,709750,783.5,783.5,791.9,556088101.0,556088101.0,556088101.0,,3,SUR,3.45,
TQBR,2017-01-03,Новатэк ао,NVTK,5108,802320038.0,795.0,783.0,799.8,783.0,788.5,783.0,1017530,788.5,788.5,783.0,802320038.0,802320038.0,802320038.0,,3,SUR,-1.12,
TQBR,2017-01-04,Новатэк ао,NVTK,3738,394376387.0,780.0,770.0,786.1,775.0,778.9,775.0,506310,778.9,778.9,775.0,394376387.0,394376387.0,394376387.0,,3,SUR,-1.02,
TQBR,2017-01-05,Новатэк ао,NVTK,5481,627317009.0,777.0,748.4,777.8,756.4,761.0,756.4,824320,761.0,761.0,756.4,627317009.0,627317009.0,627317009.0,,3,SUR,-2.4,
TQBR,2017-01-06,Новатэк ао,NVTK,3970,449477855.0,754.0,745.9,764.9,754.9,754.7,754.9,595570,754.7,754.7,754.9,449477855.0,449477855.0,449477855.0,,3,SUR,-0.2,
TQBR,2017-01-09,Новатэк ао,NVTK,3406,330809347.0,758.9,747.6,761.8,755.4,753.5,755.4,439030,753.5,753.5,755.4,330809347.0,330809347.0,330809347.0,,3,SUR,0.07,
TQBR,2017-01-10,Новатэк ао,NVTK,6728,737749482.0,755.4,754.6,773.0,766.7,765.1,766.7,964310,765.1,765.1,766.7,737749482.0,737749482.0,737749482.0,,3,SUR,1.5,
TQBR,2017-01-11,Новатэк ао,NVTK,6293,714353381.0,766.7,740.2,770.5,748.7,753.3,748.7,947220,754.2,754.2,748.7,714353381.0,714353381.0,714353381.0,,3,SUR,-2.35,
TQBR,2017-01-12,Новатэк ао,NVTK,5142,528442189.0,756.4,746.6,761.0,752.4,753.2,752.4,701620,753.2,753.2,752.4,528442189.0,528442189.0,528442189.0,,3,SUR,0.49,
TQBR,2017-01-13,Новатэк ао,NVTK,6479,535368771.0,754.8,733.6,754.8,739.9,740.1,739.9,723370,740.1,740.1,739.9,535368771.0,535368771.0,535368771.0,,3,SUR,-1.66,
TQBR,2017-01-16,Новатэк ао,NVTK,3547,392282891.0,739.9,723.0,744.5,741.1,734.8,741.1,533830,734.8,734.8,741.1,392282891.0,392282891.0,392282891.0,,3,SUR,0.16,
TQBR,2017-01-17,Новатэк ао,NVTK,3887,379558032.0,741.1,726.9,742.6,736.8,734.5,736.8,516730,734.5,734.5,736.8,379558032.0,379558032.0,379558032.0,,3,SUR,-0.58,
TQBR,2017-01-18,Новатэк ао,NVTK,4723,405321368.0,737.8,728.0,743.7,732.6,733.6,732.6,552500,733.6,733.6,732.6,405321368.0,405321368.0,405321368.0,,3,SUR,-0.57,
TQBR,2017-01-19,Новатэк ао,NVTK,6073,766874835.0,732.9,716.6,734.0,720.2,726.0,720.2,1056250,726.0,726.0,720.2,766874835.0,766874835.0,766874835.0,,3,SUR,-1.69,
TQBR,2017-01-20,Новатэк ао,NVTK,4504,532289815.0,721.1,716.0,727.6,723.3,721.5,723.3,737800,721.5,721.5,723.3,532289815.0,532289815.0,532289815.0,,3,SUR,0.43,
TQBR,2017-01-23,Новатэк ао,NVTK,7081,819591568.0,721.1,701.0,721.1,704.5,708.8,704.5,1156520,708.7,708.7,704.5,819591568.0,819591568.0,819591568.0,,3,SUR,-2.6,
TQBR,2017-01-24,Новатэк ао,NVTK,10115,1032528443.0,705.9,704.0,740.9,740.9,723.9,740.9,1426430,723.9,723.9,740.9,1032528443.0,1032528443.0,1032528443.0,,3,SUR,5.17,
TQBR,2017-01-25,Новатэк ао,NVTK,8471,969120427.0,738.1,731.3,753.2,751.7,743.1,751.7,1304370,743.0,743.0,751.7,969120427.0,969120427.0,969120427.0,,3,SUR,1.46,
TQBR,2017-01-26,Новатэк ао,NVTK,8716,1005044643.0,754.9,752.3,772.4,769.0,764.5,769.0,1314670,764.5,764.5,769.0,1005044643.0,1005044643.0,1005044643.0,,3,SUR,2.3,
TQBR,2017-01-27,Новатэк ао,NVTK,9109,1166158888.0,769.0,760.7,792.9,780.0,774.4,780.0,1505850,774.4,774.4,780.0,1166158888.0,1166158888.0,1166158888.0,,3,SUR,1.43,
TQBR,2017-01-30,Новатэк ао,NVTK,3452,401780637.0,772.1,766.6,777.9,772.8,771.4,772.8,520840,771.4,771.4,772.8,401780637.0,401780637.0,401780637.0,,3,SUR,-0.92,
TQBR,2017-01-31,Новатэк ао,NVTK,3795,504244652.0,771.0,757.8,773.2,759.8,764.8,759.8,659620,764.4,764.4,759.8,504244652.0,504244652.0,504244652.0,,3,SUR,-1.68,
TQBR,2017-02-01,Новатэк ао,NVTK,4415,524271768.0,760.0,750.9,766.2,764.8,758.1,764.8,691580,758.1,758.1,764.8,524271768.0,524271768.0,524271768.0,,3,SUR,0.66,
TQBR,2017-02-02,Новатэк ао,NVTK,5130,598009335.0,764.0,746.0,768.6,746.0,756.8,746.0,790220,756.8,756.8,746.0,598009335.0,598009335.0,598009335.0,,3,SUR,-2.46,
TQBR,2017-02-03,Новатэк ао,NVTK,5189,659746709.0,748.1,748.1,769.0,763.3,762.5,763.3,865270,762.5,762.5,763.3,659746709.0,659746709.0,659746709.0,,3,SUR,2.32,
TQBR,2017-02-06,Новатэк ао,NVTK,5872,569008828.0,763.3,755.8,770.9,759.8,759.5,759.8,749180,759.5,759.5,759.8,569008828.0,569008828.0,569008828.0,,3,SUR,-0.46,
TQBR,2017-02-07,Новатэк ао,NVTK,4605,490794673.0,759.5,755.0,761.7,761.1,757.5,761.1,647940,757.5,757.5,761.1,490794673.0,490794673.0,490794673.0,,3,SUR,0.17,
TQBR,2017-02-08,Новатэк ао,NVTK,4457,532417176.0,761.0,748.1,762.0,755.0,754.4,755.0,705770,754.4,754.4,755.0,532417176.0,532417176.0,532417176.0,,3,SUR,-0.8,
TQBR,2017-02-09,Новатэк ао,NVTK,5079,572934292.0,754.0,725.5,757.4,735.2,735.9,735.2,778530,735.9,735.9,735.2,572934292.0,572934292.0,572934292.0,,3,SUR,-2.62,
TQBR,2017-02-10,Новатэк ао,NVTK,3766,381489063.0,735.2,728.6,746.7,744.2,738.8,744.2,516330,738.8,738.8,744.2,381489063.0,381489063.0,381489063.0,,3,SUR,1.22,
TQBR,2017-02-13,Новатэк ао,NVTK,4897,377850889.0,744.0,740.4,757.1,756.5,751.7,756.5,502690,751.7,751.7,756.5,377850889.0,377850889.0,377850889.0,,3,SUR,1.65,
TQBR,2017-02-14,Новатэк ао,NVTK,4736,508269738.0,755.9,736.4,756.8,747.0,742.9,747.0,684180,742.9,742.9,747.0,508269738.0,508269738.0,508269738.0,,3,SUR,-1.26,
TQBR,2017-02-15,Новатэк ао,NVTK,3694,358456008.0,749.9,732.0,755.5,750.0,746.1,750.0,480520,746.0,746.0,750.0,358456008.0,358456008.0,358456008.0,,3,SUR,0.4,
TQBR,2017-02-16,Новатэк ао,NVTK,4123,426038606.0,755.5,742.4,756.1,756.1,749.9,756.1,568140,749.9,749.9,756.1,426038606.0,426038606.0,426038606.0,,3,SUR,0.81,
TQBR,2017-02-17,Новатэк ао,NVTK,4044,412820640.0,756.1,751.9,760.9,759.5,756.9,759.5,545410,756.9,756.9,759.5,412820640.0,412820640.0,412820640.0,,3,SUR,0.45,
TQBR,2017-02-20,Новатэк ао,NVTK,3893,313425873.0,759.5,747.4,763.3,754.9,754.5,754.9,415420,754.5,754.5,754.9,313425873.0,313425873.0,313425873.0,,3,SUR,-0.61,
TQBR,2017-02-21,Новатэк ао,NVTK,7050,913187607.0,752.6,748.9,781.7,779.0,772.6,779.0,1181890,772.7,772.7,779.0,913187607.0,913187607.0,913187607.0,,3,SUR,3.19,
TQBR,2017-02-22,Новатэк ао,NVTK,6058,803066545.0,782.1,770.1,785.0,778.9,778.5,778.9,1031490,778.6,778.6,778.9,803066545.0,803066545.0,803066545.0,,3,SUR,-0.01,
TQBR,2017-02-24,Новатэк ао,NVTK,4388,523613925.0,775.0,772.7,787.5,783.0,779.8,783.0,671460,779.8,779.8,783.0,523613925.0,523613925.0,523613925.0,,3,SUR,0.53,
TQBR,2017-02-27,Новатэк ао,NVTK,5391,539560599.0,783.7,755.0,783.7,757.5,764.5,757.5,705720,764.6,764.6,757.5,539560599.0,539560599.0,539560599.0,,3,SUR,-3.26,
TQBR,2017-02-28,Новатэк ао,NVTK,4790,533991134.0,757.0,737.1,757.9,754.0,749.5,754.0,712490,749.5,749.5,754.0,533991134.0,533991134.0,533991134.0,,3,SUR,-0.46,
TQBR,2017-03-01,Новатэк ао,NVTK,5699,556341049.0,756.5,740.0,758.7,751.7,748.1,751.7,743600,748.2,748.2,751.7,556341049.0,556341049.0,556341049.0,,3,SUR,-0.31,
TQBR,2017-03-02,Новатэк ао,NVTK,5940,760509159.0,752.0,739.8,759.4,739.8,747.7,739.8,1017080,747.7,747.7,739.8,760509159.0,760509159.0,760509159.0,,3,SUR,-1.58,
TQBR,2017-03-03,Новатэк ао,NVTK,4385,486462501.0,737.8,730.2,746.3,746.3,736.6,746.3,660400,736.6,736.6,746.3,486462501.0,486462501.0,486462501.0,,3,SUR,0.88,
TQBR,2017-03-06,Новатэк ао,NVTK,4060,400180887.0,746.3,741.1,759.9,755.0,753.2,755.0,531280,753.2,753.2,755.0,400180887.0,400180887.0,400180887.0,,3,SUR,1.17,
TQBR,2017-03-07,Новатэк ао,NVTK,4835,567318850.0,756.0,732.2,759.5,746.3,745.7,746.3,761150,745.3,745.3,746.3,567318850.0,567318850.0,567318850.0,,3,SUR,-1.15,
TQBR,2017-03-09,Новатэк ао,NVTK,8137,949482689.0,735.0,713.0,747.6,715.2,730.2,715.2,1300070,730.3,730.3,715.2,949482689.0,949482689.0,949482689.0,,3,SUR,-4.17,
TQBR,2017-03-10,Новатэк ао,NVTK,7139,855342633.0,723.4,707.3,725.1,707.3,714.7,707.3,1196840,714.7,714.7,707.3,855342633.0,855342633.0,855342633.0,,3,SUR,-1.1,
TQBR,2017-03-13,Новатэк ао,NVTK,3605,388675051.0,710.8,708.2,722.8,721.8,716.7,721.8,542350,716.6,716.6,721.8,388675051.0,388675051.0,388675051.0,,3,SUR,2.05,
TQBR,2017-03-14,Новатэк ао,NVTK,5830,601893436.0,724.0,714.4,734.4,717.4,723.0,717.4,832440,723.0,723.0,717.4,601893436.0,601893436.0,601893436.0,,3,SUR,-0.61,
TQBR,2017-03-15,Новатэк ао,NVTK,4836,488670682.0,724.1,715.7,732.7,723.2,723.2,723.2,675680,723.2,723.2,723.2,488670682.0,488670682.0,488670682.0,,3,SUR,0.81,
TQBR,2017-03-16,Новатэк ао,NVTK,9224,1437113517.0,726.0,712.6,734.3,722.1,719.5,722.1,1997420,719.5,719.5,722.1,1437113517.0,1437113517.0,1437113517.0,,3,SUR,-0.15,
TQBR,2017-03-17,Новатэк ао,NVTK,5629,618612920.0,722.0,720.1,742.0,740.0,734.0,740.0,842800,734.0,734.0,740.0,618612920.0,618612920.0,618612920.0,,3,SUR,2.48,
TQBR,2017-03-20,Новатэк ао,NVTK,4146,409323747.0,745.1,730.3,745.1,738.1,736.9,738.1,555440,736.9,736.9,738.1,409323747.0,409323747.0,409323747.0,,3,SUR,-0.26,
TQBR,2017-03-21,Новатэк ао,NVTK,4239,457329172.0,743.4,737.2,751.2,742.5,743.7,742.5,614970,743.7,743.7,742.5,457329172.0,457329172.0,457329172.0,,3,SUR,0.6,
TQBR,2017-03-22,Новатэк ао,NVTK,4936,549755814.0,740.0,727.1,747.0,747.0,737.8,747.0,745100,737.8,737.8,747.0,549755814.0,549755814.0,549755814.0,,3,SUR,0.61,
TQBR,2017-03-23,Новатэк ао,NVTK,4210,383876296.0,745.0,731.6,752.3,738.6,740.1,738.6,518450,740.4,740.4,738.6,383876296.0,383876296.0,383876296.0,,3,SUR,-1.12,
TQBR,2017-03-24,Новатэк ао,NVTK,2986,296276813.0,737.2,730.6,745.4,736.0,737.5,736.0,401710,737.5,737.5,736.0,296276813.0,296276813.0,296276813.0,,3,SUR,-0.35,
TQBR,2017-03-27,Новатэк ао,NVTK,3702,315762347.0,735.0,715.8,735.0,727.7,723.1,727.7,436670,723.1,723.1,727.7,315762347.0,315762347.0,315762347.0,,3,SUR,-1.13,
TQBR,2017-03-28,Новатэк ао,NVTK,4022,454019913.0,730.6,721.3,740.6,740.6,730.0,740.6,621940,730.0,730.0,740.6,454019913.0,454019913.0,454019913.0,,3,SUR,1.77,
TQBR,2017-03-29,Новатэк ао,NVTK,3306,349256936.0,733.0,724.7,742.8,729.2,730.3,729.2,478210,730.3,730.3,729.2,349256936.0,349256936.0,349256936.0,,3,SUR,-1.54,
TQBR,2017-03-30,Новатэк ао,NVTK,4534,665921079.0,729.9,712.1,731.5,714.1,717.7,714.1,927870,717.7,717.7,714.1,665921079.0,665921079.0,665921079.0,,3,SUR,-2.07,
TQBR,2017-03-31,Новатэк ао,NVTK,5422,684409303.0,714.6,702.2,717.1,704.9,708.1,704.9,967050,707.7,707.7,704.9,684409303.0,684409303.0,684409303.0,,3,SUR,-1.29,
TQBR,2017-04-03,Новатэк ао,NVTK,4720,456286912.0,705.7,695.3,706.6,701.5,701.8,701.5,650650,701.3,701.3,701.5,456286912.0,456286912.0,456286912.0,,3,SUR,-0.48,
TQBR,2017-04-04,Новатэк ао,NVTK,7853,660266662.0,702.1,702.1,723.9,723.0,715.4,723.0,922410,715.8,715.8,723.0,660266662.0,660266662.0,660266662.0,,3,SUR,3.06,
TQBR,2017-04-05,Новатэк ао,NVTK,6338,732490538.0,723.2,722.4,739.4,733.3,731.5,733.3,1001060,731.7,731.7,733.3,732490538.0,732490538.0,732490538.0,,3,SUR,1.42,
TQBR,2017-04-06,Новатэк ао,NVTK,9146,671935963.0,729.5,727.1,738.8,736.5,734.7,736.5,914670,734.6,734.6,736.5,671935963.0,671935963.0,671935963.0,,3,SUR,0.44,
TQBR,2017-04-07,Новатэк ао,NVTK,5715,698543931.0,732.0,720.6,737.3,736.7,728.8,736.7,958500,728.8,728.8,736.7,698543931.0,698543931.0,698543931.0,,3,SUR,0.03,
TQBR,2017-04-10,Новатэк ао,NVTK,5328,589506185.0,733.7,709.3,736.3,712.7,720.1,712.7,819100,719.7,719.7,712.7,589506185.0,589506185.0,589506185.0,,3,SUR,-3.26,
TQBR,2017-04-11,Новатэк ао,NVTK,6985,734913132.0,712.3,702.7,714.5,710.1,708.2,710.1,1037320,708.5,708.5,710.1,734913132.0,734913132.0,734913132.0,,3,SUR,-0.36,
TQBR,2017-04-12,Новатэк ао,NVTK,4208,476813550.0,712.3,697.0,715.6,702.7,706.3,702.7,675060,706.3,706.3,702.7,476813550.0,476813550.0,476813550.0,,3,SUR,-1.04,
TQBR,2017-04-13,Новатэк ао,NVTK,9581,1017130285.0,703.4,681.2,706.2,699.9,694.0,699.9,1465760,693.9,693.9,699.9,1017130285.0,1017130285.0,1017130285.0,,3,SUR,-0.4,
TQBR,2017-04-14,Новатэк ао,NVTK,2021,170743473.0,699.9,680.0,699.9,685.0,684.8,685.0,249350,684.8,684.8,685.0,170743473.0,170743473.0,170743473.0,,3,SUR,-2.13,
TQBR,2017-04-17,Новатэк ао,NVTK,3596,363517687.0,688.0,668.5,688.0,679.0,677.4,679.0,536640,677.4,677.4,679.0,363517687.0,363517687.0,363517687.0,,3,SUR,-0.88,
TQBR,2017-04-18,Новатэк ао,NVTK,4441,498533293.0,685.0,678.4,690.9,684.4,683.8,684.4,729070,683.8,683.8,684.4,498533293.0,498533293.0,498533293.0,,3,SUR,0.8,
TQBR,2017-04-19,Новатэк ао,NVTK,3738,352110416.0,687.4,674.6,694.6,678.8,685.0,678.8,514040,685.0,685.0,678.8,352110416.0,352110416.0,352110416.0,,3,SUR,-0.82,
TQBR,2017-04-20,Новатэк ао,NVTK,4626,459042265.0,678.9,671.5,688.7,685.1,679.3,685.1,675780,679.3,679.3,685.1,459042265.0,459042265.0,459042265.0,,3,SUR,0.93,
TQBR,2017-04-21,Новатэк ао,NVTK,5544,642198506.0,688.1,677.5,697.1,683.7,688.7,683.7,933000,688.3,688.3,683.7,642198506.0,642198506.0,642198506.0,,3,SUR,-0.2,
TQBR,2017-04-24,Новатэк ао,NVTK,3334,378720729.0,689.1,684.0,694.2,689.6,688.8,689.6,549850,688.8,688.8,689.6,378720729.0,378720729.0,378720729.0,,3,SUR,0.86,
TQBR,2017-04-25,Новатэк ао,NVTK,5671,541145441.0,692.5,681.2,705.1,696.8,695.0,696.8,778650,695.0,695.0,696.8,541145441.0,541145441.0,541145441.0,,3,SUR,1.04,
TQBR,2017-04-26,Новатэк ао,NVTK,4081,418270277.0,702.0,697.2,709.5,709.5,701.9,709.5,595900,701.9,701.9,709.5,418270277.0,418270277.0,418270277.0,,3,SUR,1.82,
TQBR,2017-04-27,Новатэк ао,NVTK,5557,681728837.0,706.3,690.5,708.4,697.1,695.5,697.1,980210,695.5,695.5,697.1,681728837.0,681728837.0,681728837.0,,3,SUR,-1.75,
TQBR,2017-04-28,Новатэк ао,NVTK,4973,619001439.0,695.0,687.1,698.7,695.4,694.6,695.4,891140,694.6,694.6,695.4,619001439.0,619001439.0,619001439.0,,3,SUR,-0.24,
TQBR,2017-05-02,Новатэк ао,NVTK,4748,866460271.0,692.0,687.1,699.6,695.7,694.4,695.7,1247860,694.4,694.4,695.7,866460271.0,866460271.0,866460271.0,,3,SUR,0.04,
TQBR,2017-05-03,Новатэк ао,NVTK,3296,537853944.0,695.5,682.1,698.6,687.4,690.6,687.4,778850,690.6,690.6,687.4,537853944.0,537853944.0,537853944.0,,3,SUR,-1.19,
TQBR,2017-05-04,Новатэк ао,NVTK,3463,366357732.0,688.3,686.3,700.1,693.0,694.4,693.0,527560,694.4,694.4,693.0,366357732.0,366357732.0,366357732.0,,3,SUR,0.81,
TQBR,2017-05-05,Новатэк ао,NVTK,4798,490835253.0,690.0,682.4,699.5,696.0,690.6,696.0,710740,690.6,690.6,696.0,490835253.0,490835253.0,490835253.0,,3,SUR,0.43,
TQBR,2017-05-10,Новатэк ао,NVTK,5852,701505779.0,703.0,683.6,705.0,692.0,690.4,692.0,1016120,690.4,690.4,692.0,701505779.0,701505779.0,701505779.0,,3,SUR,-0.57,
TQBR,2017-05-11,Новатэк ао,NVTK,3513,314499119.0,693.5,679.0,694.9,682.9,685.6,682.9,458700,685.6,685.6,682.9,314499119.0,314499119.0,314499119.0,,3,SUR,-1.32,
TQBR,2017-05-12,Новатэк ао,NVTK,3826,410267050.0,683.8,670.5,684.0,677.0,675.2,677.0,607600,675.2,675.2,677.0,410267050.0,410267050.0,410267050.0,,3,SUR,-0.86,
TQBR,2017-05-15,Новатэк ао,NVTK,3833,397825303.0,678.6,670.0,684.7,684.0,678.4,684.0,586420,678.4,678.4,684.0,397825303.0,397825303.0,397825303.0,,3,SUR,1.03,
TQBR,2017-05-16,Новатэк ао,NVTK,3729,429025482.0,682.3,673.0,689.8,678.1,683.6,678.1,627600,683.6,683.6,678.1,429025482.0,429025482.0,429025482.0,,3,SUR,-0.86,
TQBR,2017-05-17,Новатэк ао,NVTK,4297,487299583.0,677.4,671.0,685.4,685.2,678.2,685.2,718470,678.2,678.2,685.2,487299583.0,487299583.0,487299583.0,,3,SUR,1.05,
TQBR,2017-05-18,Новатэк ао,NVTK,6317,751802492.0,684.2,677.0,694.1,677.7,686.6,677.7,1095000,686.6,686.6,677.7,751802492.0,751802492.0,751802492.0,,3,SUR,-1.09,
TQBR,2017-05-19,Новатэк ао,NVTK,3903,484070958.0,681.8,673.7,689.4,684.4,684.0,684.4,707930,683.8,683.8,684.4,484070958.0,484070958.0,484070958.0,,3,SUR,0.99,
TQBR,2017-05-22,Новатэк ао,NVTK,4008,371440297.0,683.2,674.6,685.0,680.0,678.8,680.0,547190,678.8,678.8,680.0,371440297.0,371440297.0,371440297.0,,3,SUR,-0.64,
TQBR,2017-05-23,Новатэк ао,NVTK,2551,252939844.0,680.0,675.2,682.0,681.0,679.4,681.0,372300,679.4,679.4,681.0,252939844.0,252939844.0,252939844.0,,3,SUR,0.15,
TQBR,2017-05-24,Новатэк ао,NVTK,3448,468987292.0,679.0,678.6,688.5,687.0,683.2,687.0,686480,683.2,683.2,687.0,468987292.0,468987292.0,468987292.0,,3,SUR,0.88,
TQBR,2017-05-25,Новатэк ао,NVTK,5375,674781054.0,689.4,675.5,689.4,680.1,684.1,680.1,986320,684.1,684.1,680.1,674781054.0,674781054.0,674781054.0,,3,SUR,-1.0,
TQBR,2017-05-26,Новатэк ао,NVTK,8965,911891908.0,677.0,658.0,685.0,658.2,673.5,658.2,1354070,673.4,673.4,658.2,911891908.0,911891908.0,911891908.0,,3,SUR,-3.22,
TQBR,2017-05-29,Новатэк ао,NVTK,4064,347646376.0,658.5,642.4,662.9,650.0,650.0,650.0,534840,650.0,650.0,650.0,347646376.0,347646376.0,347646376.0,,3,SUR,-1.25,
TQBR,2017-05-30,Новатэк ао,NVTK,4006,451463614.0,647.5,645.5,660.7,650.6,653.8,650.6,690540,653.8,653.8,650.6,451463614.0,451463614.0,451463614.0,,3,SUR,0.09,
TQBR,2017-05-31,Новатэк ао,NVTK,5782,617043035.0,647.7,636.1,657.3,641.0,645.3,641.0,956210,645.3,645.3,641.0,617043035.0,617043035.0,617043035.0,,3,SUR,-1.48,
TQBR,2017-06-01,Новатэк ао,NVTK,7627,867200566.0,640.0,618.2,649.1,624.7,627.0,624.7,1383280,626.9,626.9,624.7,867200566.0,867200566.0,867200566.0,,3,SUR,-2.54,
TQBR,2017-06-02,Новатэк ао,NVTK,6808,687097767.0,621.7,610.0,625.4,615.0,616.4,615.0,1114770,616.4,616.4,615.0,687097767.0,687097767.0,687097767.0,,3,SUR,-1.55,
TQBR,2017-06-05,Новатэк ао,NVTK,5098,400146213.0,616.1,605.0,618.4,609.0,610.0,609.0,655960,610.0,610.0,609.0,400146213.0,400146213.0,400146213.0,,3,SUR,-0.98,
TQBR,2017-06-06,Новатэк ао,NVTK,3276,354550694.0,611.0,608.9,620.6,618.0,616.6,618.0,575020,616.6,616.6,618.0,354550694.0,354550694.0,354550694.0,,3,SUR,1.48,
TQBR,2017-06-07,Новатэк ао,NVTK,3993,372828530.0,618.9,613.1,627.7,615.0,620.2,615.0,601120,620.2,620.2,615.0,372828530.0,372828530.0,372828530.0,,3,SUR,-0.49,
TQBR,2017-06-08,Новатэк ао,NVTK,3914,334691349.0,616.8,613.6,626.0,624.6,618.6,624.6,540920,618.7,618.7,624.6,334691349.0,334691349.0,334691349.0,,3,SUR,1.56,
TQBR,2017-06-09,Новатэк ао,NVTK,5949,442647862.0,624.8,620.1,640.7,634.3,632.1,634.3,700240,632.1,632.1,634.3,442647862.0,442647862.0,442647862.0,,3,SUR,1.55,
TQBR,2017-06-13,Новатэк ао,NVTK,7510,580509818.0,632.0,610.2,632.9,616.1,617.3,616.1,940350,617.3,617.3,616.1,580509818.0,580509818.0,580509818.0,,3,SUR,-2.87,
TQBR,2017-06-14,Новатэк ао,NVTK,6144,587559488.0,614.0,613.5,623.3,622.2,617.6,622.2,951420,617.6,617.6,622.2,587559488.0,587559488.0,587559488.0,,3,SUR,0.99,
TQBR,2017-06-15,Новатэк ао,NVTK,15459,2420302495.0,622.2,601.5,624.8,617.7,609.4,617.7,3971800,609.4,609.4,617.7,2420302495.0,2420302495.0,2420302495.0,,3,SUR,-0.72,
TQBR,2017-06-16,Новатэк ао,NVTK,4897,515364078.0,617.7,607.2,621.9,616.9,613.7,616.9,839720,613.7,613.7,616.9,515364078.0,515364078.0,515364078.0,,3,SUR,-0.13,
TQBR,2017-06-19,Новатэк ао,NVTK,2919,360500405.0,616.8,612.0,629.3,626.7,622.0,626.7,579550,622.0,622.0,626.7,360500405.0,360500405.0,360500405.0,,3,SUR,1.59,
TQBR,2017-06-20,Новатэк ао,NVTK,4586,467552587.0,630.7,616.0,634.1,619.8,625.6,619.8,747380,625.6,625.6,619.8,467552587.0,467552587.0,467552587.0,,3,SUR,-1.1,
TQBR,2017-06-21,Новатэк ао,NVTK,4492,421571112.0,619.0,609.5,622.7,611.0,615.5,611.0,684960,615.5,615.5,611.0,421571112.0,421571112.0,421571112.0,,3,SUR,-1.42,
TQBR,2017-06-22,Новатэк ао,NVTK,5590,688334948.0,613.0,607.5,626.8,624.1,619.8,624.1,1110820,619.7,619.7,624.1,688334948.0,688334948.0,688334948.0,,3,SUR,2.14,
TQBR,2017-06-23,Новатэк ао,NVTK,4903,567760892.0,626.3,617.0,633.6,625.9,626.6,625.9,906160,626.6,626.6,625.9,567760892.0,567760892.0,567760892.0,,3,SUR,0.29,
TQBR,2017-06-26,Новатэк ао,NVTK,4405,437699201.0,625.9,617.0,630.0,621.9,623.4,621.9,702120,623.4,623.4,621.9,437699201.0,437699201.0,437699201.0,,3,SUR,-0.64,
TQBR,2017-06-27,Новатэк ао,NVTK,4095,379841284.0,619.5,618.0,642.5,634.8,632.3,634.8,600750,632.3,632.3,634.8,379841284.0,379841284.0,379841284.0,,3,SUR,2.07,
TQBR,2017-06-28,Новатэк ао,NVTK,4206,401588310.0,633.0,628.0,640.1,635.6,634.5,635.6,632970,634.5,634.5,635.6,401588310.0,401588310.0,401588310.0,,3,SUR,0.13,
TQBR,2017-06-29,Новатэк ао,NVTK,6869,768041406.0,639.2,636.1,652.0,641.7,644.5,641.7,1191510,644.6,644.6,641.7,768041406.0,768041406.0,768041406.0,,3,SUR,0.96,
TQBR,2017-06-30,Новатэк ао,NVTK,5914,804323099.0,642.1,640.0,654.8,645.5,648.1,645.5,1241220,648.0,648.0,645.5,804323099.0,804323099.0,804323099.0,,3,SUR,0.59,
TQBR,2017-07-03,Новатэк ао,NVTK,5161,565751377.0,645.5,644.2,660.0,658.9,651.3,658.9,868610,651.3,651.3,658.9,565751377.0,565751377.0,565751377.0,,3,SUR,2.08,
TQBR,2017-07-04,Новатэк ао,NVTK,3666,392766105.0,659.2,655.2,666.8,657.7,660.2,657.7,594810,660.3,660.3,657.7,392766105.0,392766105.0,392766105.0,,3,SUR,-0.18,
TQBR,2017-07-05,Новатэк ао,NVTK,3399,429994903.0,657.0,651.0,661.9,651.7,656.3,651.7,655170,656.3,656.3,651.7,429994903.0,429994903.0,429994903.0,,3,SUR,-0.91,
TQBR,2017-07-06,Новатэк ао,NVTK,3586,410561924.0,653.1,643.2,656.5,646.5,649.1,646.5,632550,649.1,649.1,646.5,410561924.0,410561924.0,410561924.0,,3,SUR,-0.8,
TQBR,2017-07-07,Новатэк ао,NVTK,4650,472452465.0,643.0,634.0,649.0,641.0,639.7,641.0,738540,639.7,639.7,641.0,472452465.0,472452465.0,472452465.0,,3,SUR,-0.85,
TQBR,2017-07-10,Новатэк ао,NVTK,5206,522265133.0,636.1,630.0,645.8,638.6,636.5,638.6,820550,636.5,636.5,638.6,522265133.0,522265133.0,522265133.0,,3,SUR,-0.37,
TQBR,2017-07-11,Новатэк ао,NVTK,4369,615634116.0,641.3,634.7,643.1,638.5,639.3,638.5,963020,639.3,639.3,638.5,615634116.0,615634116.0,615634116.0,,3,SUR,-0.02,
TQBR,2017-07-12,Новатэк ао,NVTK,5577,678335642.0,641.0,636.0,649.0,639.3,643.9,639.3,1053460,643.9,643.9,639.3,678335642.0,678335642.0,678335642.0,,3,SUR,0.13,
TQBR,2017-07-13,Новатэк ао,NVTK,3991,384032626.0,639.7,628.2,643.9,633.5,636.8,633.5,603060,636.8,636.8,633.5,384032626.0,384032626.0,384032626.0,,3,SUR,-0.91,
TQBR,2017-07-14,Новатэк ао,NVTK,2481,236265894.0,631.7,625.2,632.8,625.2,629.7,625.2,375180,629.7,629.7,625.2,236265894.0,236265894.0,236265894.0,,3,SUR,-1.31,
TQBR,2017-07-17,Новатэк ао,NVTK,2603,256561881.0,626.3,620.1,631.8,625.0,625.5,625.0,410190,625.5,625.5,625.0,256561881.0,256561881.0,256561881.0,,3,SUR,-0.03,
TQBR,2017-07-18,Новатэк ао,NVTK,4424,510246781.0,627.0,612.8,629.0,617.0,620.6,617.0,822110,620.7,620.7,617.0,510246781.0,510246781.0,510246781.0,,3,SUR,-1.28,
TQBR,2017-07-19,Новатэк ао,NVTK,3556,405454285.0,614.9,612.9,626.4,624.8,620.7,624.8,653270,620.7,620.7,624.8,405454285.0,405454285.0,405454285.0,,3,SUR,1.26,
TQBR,2017-07-20,Новатэк ао,NVTK,3167,330013065.0,625.0,618.9,629.5,627.6,625.5,627.6,527590,625.5,625.5,627.6,330013065.0,330013065.0,330013065.0,,3,SUR,0.45,
TQBR,2017-07-21,Новатэк ао,NVTK,2668,251268747.0,625.1,616.3,627.2,617.1,622.0,617.1,403940,622.0,622.0,617.1,251268747.0,251268747.0,251268747.0,,3,SUR,-1.67,
TQBR,2017-07-24,Новатэк ао,NVTK,3757,379594806.0,618.6,611.3,624.3,624.3,618.6,624.3,613670,618.6,618.6,624.3,379594806.0,379594806.0,379594806.0,,3,SUR,1.17,
TQBR,2017-07-25,Новатэк ао,NVTK,5468,542079147.0,623.2,611.0,623.6,614.0,615.1,614.0,881240,615.1,615.1,614.0,542079147.0,542079147.0,542079147.0,,3,SUR,-1.65,
TQBR,2017-07-26,Новатэк ао,NVTK,4173,460217080.0,616.0,609.0,619.7,612.5,613.9,612.5,749620,613.9,613.9,612.5,460217080.0,460217080.0,460217080.0,,3,SUR,-0.24,
TQBR,2017-07-27,Новатэк ао,NVTK,3661,456618706.0,614.0,612.1,617.2,615.9,615.3,615.9,742120,615.3,615.3,615.9,456618706.0,456618706.0,456618706.0,,3,SUR,0.56,
TQBR,2017-07-28,Новатэк ао,NVTK,4891,432815293.0,614.8,600.5,614.8,604.9,605.5,604.9,714780,605.5,605.5,604.9,432815293.0,432815293.0,432815293.0,,3,SUR,-1.79,
TQBR,2017-07-31,Новатэк ао,NVTK,5372,667047352.0,605.0,598.0,611.1,607.7,605.9,607.7,1100940,605.9,605.9,607.7,667047352.0,667047352.0,667047352.0,,3,SUR,0.46,
TQBR,2017-08-01,Новатэк ао,NVTK,5193,527588029.0,611.0,604.4,621.3,613.1,614.6,613.1,858390,614.6,614.6,613.1,527588029.0,527588029.0,527588029.0,,3,SUR,0.89,
TQBR,2017-08-02,Новатэк ао,NVTK,5554,627486565.0,613.1,609.3,625.7,621.4,618.7,621.4,1014160,618.7,618.7,621.4,627486565.0,627486565.0,627486565.0,,3,SUR,1.35,
TQBR,2017-08-03,Новатэк ао,NVTK,3346,401156866.0,625.7,615.7,625.9,617.9,619.9,617.9,647120,619.9,619.9,617.9,401156866.0,401156866.0,401156866.0,,3,SUR,-0.56,
TQBR,2017-08-04,Новатэк ао,NVTK,4644,525620402.0,615.7,609.0,618.9,609.0,614.2,609.0,855760,614.2,614.2,609.0,525620402.0,525620402.0,525620402.0,,3,SUR,-1.44,
TQBR,2017-08-07,Новатэк ао,NVTK,2282,282085376.0,610.2,609.6,616.1,614.1,613.5,614.1,459820,613.5,613.5,614.1,282085376.0,282085376.0,282085376.0,,3,SUR,0.84,
TQBR,2017-08-08,Новатэк ао,NVTK,5376,730213949.0,615.8,615.0,624.7,624.7,620.3,624.7,1176950,620.4,620.4,624.7,730213949.0,730213949.0,730213949.0,,3,SUR,1.73,
TQBR,2017-08-09,Новатэк ао,NVTK,3433,403992500.0,621.1,612.2,621.8,615.0,618.2,615.0,653520,618.2,618.2,615.0,403992500.0,403992500.0,403992500.0,,3,SUR,-1.55,
TQBR,2017-08-10,Новатэк ао,NVTK,4178,461940878.0,615.5,612.3,624.0,614.0,617.4,614.0,747990,617.6,617.6,614.0,461940878.0,461940878.0,461940878.0,,3,SUR,-0.16,
TQBR,2017-08-11,Новатэк ао,NVTK,5660,546165956.0,614.0,609.1,617.3,613.5,612.1,613.5,892290,612.1,612.1,613.5,546165956.0,546165956.0,546165956.0,,3,SUR,-0.08,
TQBR,2017-08-14,Новатэк ао,NVTK,5596,521148610.0,614.2,603.7,618.6,604.5,609.5,604.5,855050,609.5,609.5,604.5,521148610.0,521148610.0,521148610.0,,3,SUR,-1.47,
TQBR,2017-08-15,Новатэк ао,NVTK,6420,639313746.0,605.0,595.6,607.1,603.9,601.3,603.9,1063190,601.3,601.3,603.9,639313746.0,639313746.0,639313746.0,,3,SUR,-0.1,
TQBR,2017-08-16,Новатэк ао,NVTK,3800,433832909.0,602.6,599.0,603.9,599.0,601.1,599.0,721690,601.1,601.1,599.0,433832909.0,433832909.0,433832909.0,,3,SUR,-0.81,
TQBR,2017-08-17,Новатэк ао,NVTK,4173,450180853.0,599.0,591.1,599.0,595.6,594.7,595.6,757050,594.7,594.7,595.6,450180853.0,450180853.0,450180853.0,,3,SUR,-0.57,
TQBR,2017-08-18,Новатэк ао,NVTK,2608,313304341.0,594.0,590.2,596.7,596.7,593.5,596.7,527900,593.5,593.5,596.7,313304341.0,313304341.0,313304341.0,,3,SUR,0.18,
TQBR,2017-08-21,Новатэк ао,NVTK,3306,340655978.0,594.5,593.5,606.3,605.2,602.5,605.2,565850,602.0,602.0,605.2,340655978.0,340655978.0,340655978.0,,3,SUR,1.42,
TQBR,2017-08-22,Новатэк ао,NVTK,4850,405045350.0,605.5,605.0,614.5,612.1,612.2,612.1,661660,612.2,612.2,612.1,405045350.0,405045350.0,405045350.0,,3,SUR,1.14,
TQBR,2017-08-23,Новатэк ао,NVTK,4861,473680849.0,611.5,602.1,614.9,602.1,608.6,602.1,778370,608.6,608.6,602.1,473680849.0,473680849.0,473680849.0,,3,SUR,-1.63,
TQBR,2017-08-24,Новатэк ао,NVTK,2196,181706655.0,604.5,601.4,605.4,602.0,602.9,602.0,301410,602.9,602.9,602.0,181706655.0,181706655.0,181706655.0,,3,SUR,-0.02,
TQBR,2017-08-25,Новатэк ао,NVTK,2456,219414507.0,603.7,599.0,604.5,603.8,601.6,603.8,364720,601.6,601.6,603.8,219414507.0,219414507.0,219414507.0,,3,SUR,0.3,
TQBR,2017-08-28,Новатэк ао,NVTK,4081,261385130.0,605.0,595.0,605.9,596.0,598.1,596.0,437010,598.1,598.1,596.0,261385130.0,261385130.0,261385130.0,,3,SUR,-1.29,
TQBR,2017-08-29,Новатэк ао,NVTK,4097,328800770.0,595.9,590.6,596.9,594.1,592.7,594.1,554720,592.7,592.7,594.1,328800770.0,328800770.0,328800770.0,,3,SUR,-0.32,
TQBR,2017-08-30,Новатэк ао,NVTK,6324,757047804.0,595.0,593.7,602.8,601.2,599.5,601.2,1262750,599.5,599.5,601.2,757047804.0,757047804.0,757047804.0,,3,SUR,1.2,
TQBR,2017-08-31,Новатэк ао,NVTK,6463,713886726.0,601.2,597.6,611.0,599.3,605.0,599.3,1179950,605.0,605.0,599.3,713886726.0,713886726.0,713886726.0,,3,SUR,-0.32,
TQBR,2017-09-01,Новатэк ао,NVTK,3291,333407881.0,600.1,596.5,604.1,596.5,600.0,596.5,555670,600.0,600.0,596.5,333407881.0,333407881.0,333407881.0,,3,SUR,-0.47,
TQBR,2017-09-04,Новатэк ао,NVTK,3331,305969262.0,595.0,594.0,602.1,597.7,597.3,597.7,512230,597.3,597.3,597.7,305969262.0,305969262.0,305969262.0,,3,SUR,0.2,
TQBR,2017-09-05,Новатэк ао,NVTK,3297,356252080.0,601.3,597.5,604.0,602.0,600.4,602.0,593320,600.4,600.4,602.0,356252080.0,356252080.0,356252080.0,,3,SUR,0.72,
TQBR,2017-09-06,Новатэк ао,NVTK,4942,494185626.0,601.0,592.3,601.6,599.8,596.9,599.8,828010,596.8,596.8,599.8,494185626.0,494185626.0,494185626.0,,3,SUR,-0.37,
TQBR,2017-09-07,Новатэк ао,NVTK,5670,746424352.0,601.0,598.5,609.2,600.0,605.1,600.0,1233540,605.1,605.1,600.0,746424352.0,746424352.0,746424352.0,,3,SUR,0.03,
TQBR,2017-09-08,Новатэк ао,NVTK,4457,444168201.0,601.4,601.4,609.3,606.2,606.8,606.2,731980,606.8,606.8,606.2,444168201.0,444168201.0,444168201.0,,3,SUR,1.03,
TQBR,2017-09-11,Новатэк ао,NVTK,6422,573635170.0,609.0,599.1,611.8,600.1,603.1,600.1,951200,603.1,603.1,600.1,573635170.0,573635170.0,573635170.0,,3,SUR,-1.01,
TQBR,2017-09-12,Новатэк ао,NVTK,4224,434703864.0,600.2,600.0,606.0,604.5,602.8,604.5,721200,602.8,602.8,604.5,434703864.0,434703864.0,434703864.0,,3,SUR,0.73,
TQBR,2017-09-13,Новатэк ао,NVTK,5053,610964087.0,606.6,602.7,608.0,606.0,605.5,606.0,1009080,605.5,605.5,606.0,610964087.0,610964087.0,610964087.0,,3,SUR,0.25,
TQBR,2017-09-14,Новатэк ао,NVTK,4205,474520715.0,605.0,601.2,606.6,606.1,604.7,606.1,784690,604.7,604.7,606.1,474520715.0,474520715.0,474520715.0,,3,SUR,0.02,
TQBR,2017-09-15,Новатэк ао,NVTK,6487,766573494.0,605.5,602.1,610.0,610.0,605.7,610.0,1265610,605.7,605.7,610.0,766573494.0,766573494.0,766573494.0,,3,SUR,0.64,
TQBR,2017-09-18,Новатэк ао,NVTK,6859,970570155.0,609.9,605.6,623.1,623.0,613.7,623.0,1581620,613.7,613.7,623.0,970570155.0,970570155.0,970570155.0,,3,SUR,2.13,
TQBR,2017-09-19,Новатэк ао,NVTK,5314,595272900.0,623.2,620.3,629.6,627.0,625.8,627.0,951230,625.8,625.8,627.0,595272900.0,595272900.0,595272900.0,,3,SUR,0.64,
TQBR,2017-09-20,Новатэк ао,NVTK,6869,782973889.0,626.0,626.0,643.9,636.8,635.5,636.8,1231990,635.5,635.5,636.8,782973889.0,782973889.0,782973889.0,,3,SUR,1.56,
TQBR,2017-09-21,Новатэк ао,NVTK,9478,1154171772.0,635.5,635.2,655.0,651.5,647.0,651.5,1783950,647.0,647.0,651.5,1154171772.0,1154171772.0,1154171772.0,,3,SUR,2.31,
TQBR,2017-09-22,Новатэк ао,NVTK,4478,643532973.0,651.0,643.2,651.2,645.4,646.4,645.4,995480,646.5,646.5,645.4,643532973.0,643532973.0,643532973.0,,3,SUR,-0.94,
TQBR,2017-09-25,Новатэк ао,NVTK,4049,525938116.0,645.5,644.2,653.6,651.7,649.5,651.7,809730,649.5,649.5,651.7,525938116.0,525938116.0,525938116.0,,3,SUR,0.98,
TQBR,2017-09-26,Новатэк ао,NVTK,8943,691507265.0,653.5,651.8,665.0,662.3,660.2,662.3,1047540,660.1,660.1,662.3,691507265.0,691507265.0,691507265.0,,3,SUR,1.63,
TQBR,2017-09-27,Новатэк ао,NVTK,4912,689412895.0,658.3,652.9,664.8,660.3,658.8,660.3,1046140,659.0,659.0,660.3,689412895.0,689412895.0,689412895.0,,3,SUR,-0.3,
TQBR,2017-09-28,Новатэк ао,NVTK,5316,637813671.0,660.3,657.0,667.7,657.0,663.2,657.0,961750,663.2,663.2,657.0,637813671.0,637813671.0,637813671.0,,3,SUR,-0.5,
TQBR,2017-09-29,Новатэк ао,NVTK,4268,461369253.0,659.8,655.0,664.0,664.0,658.7,664.0,700460,658.7,658.7,664.0,461369253.0,461369253.0,461369253.0,,3,SUR,1.07,
TQBR,2017-10-02,Новатэк ао,NVTK,3767,390037135.0,662.6,659.0,665.9,660.0,662.5,660.0,588720,662.5,662.5,660.0,390037135.0,390037135.0,390037135.0,,3,SUR,-0.6,
TQBR,2017-10-03,Новатэк ао,NVTK,4240,493496213.0,660.0,653.6,663.9,663.5,660.2,663.5,747410,660.3,660.3,663.5,493496213.0,493496213.0,493496213.0,,3,SUR,0.53,
TQBR,2017-10-04,Новатэк ао,NVTK,3740,430212573.0,660.6,660.6,669.0,668.4,666.2,668.4,645760,666.2,666.2,668.4,430212573.0,430212573.0,430212573.0,,3,SUR,0.74,
TQBR,2017-10-05,Новатэк ао,NVTK,5441,645983723.0,667.9,665.4,681.0,680.0,674.4,680.0,957910,674.4,674.4,680.0,645983723.0,645983723.0,645983723.0,,3,SUR,1.74,
TQBR,2017-10-06,Новатэк ао,NVTK,5539,771113824.0,681.0,673.0,686.4,677.1,679.9,677.1,1134210,679.9,679.9,677.1,771113824.0,771113824.0,771113824.0,,3,SUR,-0.43,
TQBR,2017-10-09,Новатэк ао,NVTK,4114,495946325.0,674.4,666.0,674.4,666.1,669.7,666.1,740550,669.7,669.7,666.1,495946325.0,495946325.0,495946325.0,,3,SUR,-1.62,
TQBR,2017-10-10,Новатэк ао,NVTK,3793,368709158.0,665.0,661.3,673.7,666.7,667.3,666.7,552500,667.3,667.3,666.7,368709158.0,368709158.0,368709158.0,,3,SUR,0.09,
TQBR,2017-10-11,Новатэк ао,NVTK,3996,510705647.0,667.1,667.1,683.0,681.6,677.5,681.6,753810,677.5,677.5,681.6,510705647.0,510705647.0,510705647.0,,3,SUR,2.23,
TQBR,2017-10-12,Новатэк ао,NVTK,3033,318164342.0,680.3,672.5,680.5,675.3,675.9,675.3,470720,675.9,675.9,675.3,318164342.0,318164342.0,318164342.0,,3,SUR,-0.92,
TQBR,2017-10-13,Новатэк ао,NVTK,4445,451357168.0,675.2,663.2,677.1,669.0,669.8,669.0,673870,669.8,669.8,669.0,451357168.0,451357168.0,451357168.0,,3,SUR,-0.93,
TQBR,2017-10-16,Новатэк ао,NVTK,3828,428932529.0,668.2,662.8,674.7,667.1,667.1,667.1,642960,667.1,667.1,667.1,428932529.0,428932529.0,428932529.0,,3,SUR,-0.28,
TQBR,2017-10-17,Новатэк ао,NVTK,3782,351060461.0,667.9,656.6,667.9,657.7,660.5,657.7,531520,660.5,660.5,657.7,351060461.0,351060461.0,351060461.0,,3,SUR,-1.41,
TQBR,2017-10-18,Новатэк ао,NVTK,3753,401993648.0,658.1,656.0,664.8,664.6,660.8,664.6,608380,660.8,660.8,664.6,401993648.0,401993648.0,401993648.0,,3,SUR,1.05,
TQBR,2017-10-19,Новатэк ао,NVTK,3381,325928607.0,664.6,656.9,664.6,660.7,659.6,660.7,494100,659.6,659.6,660.7,325928607.0,325928607.0,325928607.0,,3,SUR,-0.59,
TQBR,2017-10-20,Новатэк ао,NVTK,3420,410260013.0,662.0,656.8,662.9,661.8,660.8,661.8,620890,660.8,660.8,661.8,410260013.0,410260013.0,410260013.0,,3,SUR,0.17,
TQBR,2017-10-23,Новатэк ао,NVTK,3285,346195353.0,661.1,658.0,668.0,664.0,662.7,664.0,522370,662.7,662.7,664.0,346195353.0,346195353.0,346195353.0,,3,SUR,0.33,
TQBR,2017-10-24,Новатэк ао,NVTK,3423,393092447.0,665.5,656.0,666.8,656.0,659.7,656.0,595820,659.8,659.8,656.0,393092447.0,393092447.0,393092447.0,,3,SUR,-1.2,
TQBR,2017-10-25,Новатэк ао,NVTK,5293,836099484.0,658.8,643.2,660.1,650.7,651.3,650.7,1283690,651.3,651.3,650.7,836099484.0,836099484.0,836099484.0,,3,SUR,-0.81,
TQBR,2017-10-26,Новатэк ао,NVTK,4201,446692309.0,650.2,641.7,653.3,647.0,646.0,647.0,691490,646.0,646.0,647.0,446692309.0,446692309.0,446692309.0,,3,SUR,-0.57,
TQBR,2017-10-27,Новатэк ао,NVTK,4188,497623879.0,649.0,645.3,653.0,651.8,649.3,651.8,766350,649.3,649.3,651.8,497623879.0,497623879.0,497623879.0,,3,SUR,0.74,
TQBR,2017-10-30,Новатэк ао,NVTK,3077,350864085.0,653.3,647.3,653.9,649.0,650.4,649.0,539490,650.4,650.4,649.0,350864085.0,350864085.0,350864085.0,,3,SUR,-0.43,
TQBR,2017-10-31,Новатэк ао,NVTK,3069,372902386.0,650.0,647.0,657.0,651.0,651.7,651.0,572140,651.8,651.8,651.0,372902386.0,372902386.0,372902386.0,,3,SUR,0.31,
TQBR,2017-11-01,Новатэк ао,NVTK,4432,471413080.0,655.5,649.3,660.6,654.0,655.7,654.0,718990,655.7,655.7,654.0,471413080.0,471413080.0,471413080.0,,3,SUR,0.46,
TQBR,2017-11-02,Новатэк ао,NVTK,3071,301898523.0,654.5,649.0,656.0,652.0,652.0,652.0,463050,652.0,652.0,652.0,301898523.0,301898523.0,301898523.0,,3,SUR,-0.31,
TQBR,2017-11-03,Новатэк ао,NVTK,3104,296784028.0,653.0,650.1,657.3,651.1,653.5,651.1,454140,653.5,653.5,651.1,296784028.0,296784028.0,296784028.0,,3,SUR,-0.14,
TQBR,2017-11-07,Новатэк ао,NVTK,11733,1100737164.0,655.4,655.1,674.9,672.0,668.3,672.0,1647160,668.3,668.3,672.0,1100737164.0,1100737164.0,1100737164.0,,3,SUR,3.21,
TQBR,2017-11-08,Новатэк ао,NVTK,3786,441329781.0,672.0,666.8,681.8,674.2,676.6,674.2,652290,676.6,676.6,674.2,441329781.0,441329781.0,441329781.0,,3,SUR,0.33,
TQBR,2017-11-09,Новатэк ао,NVTK,4555,523211626.0,676.5,667.3,680.0,674.3,673.9,674.3,776430,673.9,673.9,674.3,523211626.0,523211626.0,523211626.0,,3,SUR,0.01,
TQBR,2017-11-10,Новатэк ао,NVTK,4353,553770227.0,671.3,662.2,676.0,675.2,669.1,675.2,827690,669.1,669.1,675.2,553770227.0,553770227.0,553770227.0,,3,SUR,0.13,
TQBR,2017-11-13,Новатэк ао,NVTK,4789,579354164.0,675.2,669.0,686.0,673.5,677.1,673.5,855660,677.1,677.1,673.5,579354164.0,579354164.0,579354164.0,,3,SUR,-0.25,
TQBR,2017-11-14,Новатэк ао,NVTK,3473,474529106.0,667.0,667.0,679.3,675.2,675.1,675.2,702850,675.1,675.1,675.2,474529106.0,474529106.0,474529106.0,,3,SUR,0.25,
TQBR,2017-11-15,Новатэк ао,NVTK,4327,498442374.0,671.2,655.2,677.7,656.8,666.3,656.8,748330,666.1,666.1,656.8,498442374.0,498442374.0,498442374.0,,3,SUR,-2.73,
TQBR,2017-11-16,Новатэк ао,NVTK,3392,362150249.0,656.8,650.3,664.4,663.5,657.8,663.5,550560,657.8,657.8,663.5,362150249.0,362150249.0,362150249.0,,3,SUR,1.02,
TQBR,2017-11-17,Новатэк ао,NVTK,2655,262674506.0,663.5,653.1,663.5,658.4,656.1,658.4,400380,656.1,656.1,658.4,262674506.0,262674506.0,262674506.0,,3,SUR,-0.77,
TQBR,2017-11-20,Новатэк ао,NVTK,2450,271454957.0,658.5,653.5,667.3,665.0,663.2,665.0,409320,663.2,663.2,665.0,271454957.0,271454957.0,271454957.0,,3,SUR,1.0,
TQBR,2017-11-21,Новатэк ао,NVTK,3742,466531451.0,666.8,665.4,675.8,667.0,670.0,667.0,696200,670.1,670.1,667.0,466531451.0,466531451.0,466531451.0,,3,SUR,0.3,
TQBR,2017-11-22,Новатэк ао,NVTK,2547,286195696.0,668.0,667.6,677.7,671.1,673.2,671.1,425130,673.2,673.2,671.1,286195696.0,286195696.0,286195696.0,,3,SUR,0.61,
TQBR,2017-11-23,Новатэк ао,NVTK,1906,241605200.0,674.8,668.0,675.5,669.9,671.3,669.9,359950,671.2,671.2,669.9,241605200.0,241605200.0,241605200.0,,3,SUR,-0.18,
TQBR,2017-11-24,Новатэк ао,NVTK,3128,475863357.0,670.0,668.8,681.3,673.3,672.4,673.3,707750,672.4,672.4,673.3,475863357.0,475863357.0,475863357.0,,3,SUR,0.51,
TQBR,2017-11-27,Новатэк ао,NVTK,3508,477337177.0,673.1,657.1,674.7,661.4,664.7,661.4,718120,664.7,664.7,661.4,477337177.0,477337177.0,477337177.0,,3,SUR,-1.77,
TQBR,2017-11-28,Новатэк ао,NVTK,4467,417791308.0,663.5,657.3,678.7,678.7,668.9,678.7,624620,668.9,668.9,678.7,417791308.0,417791308.0,417791308.0,,3,SUR,2.62,
TQBR,2017-11-29,Новатэк ао,NVTK,4604,447547056.0,676.1,659.5,676.9,666.4,666.9,666.4,670990,667.0,667.0,666.4,447547056.0,447547056.0,447547056.0,,3,SUR,-1.81,
TQBR,2017-11-30,Новатэк ао,NVTK,3861,502682686.0,666.0,650.0,668.4,650.0,658.7,650.0,763140,658.7,658.7,650.0,502682686.0,502682686.0,502682686.0,,3,SUR,-2.46,
TQBR,2017-12-01,Новатэк ао,NVTK,4040,475694327.0,650.6,647.3,668.6,663.5,658.2,663.5,722610,658.3,658.3,663.5,475694327.0,475694327.0,475694327.0,,3,SUR,2.08,
TQBR,2017-12-04,Новатэк ао,NVTK,4433,541519852.0,665.9,652.7,672.4,666.0,664.1,666.0,815480,664.1,664.1,666.0,541519852.0,541519852.0,541519852.0,,3,SUR,0.38,
TQBR,2017-12-05,Новатэк ао,NVTK,3647,319680277.0,663.9,660.3,674.1,669.8,666.8,669.8,479420,666.8,666.8,669.8,319680277.0,319680277.0,319680277.0,,3,SUR,0.57,
TQBR,2017-12-06,Новатэк ао,NVTK,3536,322610060.0,670.9,665.3,679.0,673.0,673.0,673.0,479340,673.0,673.0,673.0,322610060.0,322610060.0,322610060.0,,3,SUR,0.48,
TQBR,2017-12-07,Новатэк ао,NVTK,4908,435341681.0,673.0,666.3,677.1,677.1,672.9,677.1,646990,672.9,672.9,677.1,435341681.0,435341681.0,435341681.0,,3,SUR,0.61,
TQBR,2017-12-08,Новатэк ао,NVTK,4021,438693998.0,676.3,665.5,681.1,668.4,670.1,668.4,654670,670.1,670.1,668.4,438693998.0,438693998.0,438693998.0,,3,SUR,-1.28,
TQBR,2017-12-11,Новатэк ао,NVTK,3052,341075285.0,668.4,666.3,676.9,676.9,673.4,676.9,506500,673.4,673.4,676.9,341075285.0,341075285.0,341075285.0,,3,SUR,1.27,
TQBR,2017-12-12,Новатэк ао,NVTK,6501,745650715.0,676.7,673.3,695.9,695.0,688.6,695.0,1083000,688.5,688.5,695.0,745650715.0,745650715.0,745650715.0,,3,SUR,2.67,
TQBR,2017-12-13,Новатэк ао,NVTK,3937,431208680.0,695.6,686.6,696.2,690.0,691.0,690.0,624060,691.0,691.0,690.0,431208680.0,431208680.0,431208680.0,,3,SUR,-0.72,
TQBR,2017-12-14,Новатэк ао,NVTK,4150,441577207.0,690.8,682.8,697.3,686.0,689.0,686.0,640920,689.0,689.0,686.0,441577207.0,441577207.0,441577207.0,,3,SUR,-0.58,
TQBR,2017-12-15,Новатэк ао,NVTK,4967,463801385.0,686.1,684.4,698.0,698.0,691.4,698.0,670770,691.4,691.4,698.0,463801385.0,463801385.0,463801385.0,,3,SUR,1.75,
TQBR,2017-12-18,Новатэк ао,NVTK,5579,663869997.0,695.0,683.0,699.9,688.6,689.2,688.6,963260,689.2,689.2,688.6,663869997.0,663869997.0,663869997.0,,3,SUR,-1.35,
TQBR,2017-12-19,Новатэк ао,NVTK,4469,405348138.0,688.6,675.0,693.2,680.0,684.6,680.0,592140,684.5,684.5,680.0,405348138.0,405348138.0,405348138.0,,3,SUR,-1.25,
TQBR,2017-12-20,Новатэк ао,NVTK,5270,559544501.0,676.3,662.6,682.1,665.1,668.9,665.1,836530,668.9,668.9,665.1,559544501.0,559544501.0,559544501.0,,3,SUR,-2.19,
TQBR,2017-12-21,Новатэк ао,NVTK,6840,780660463.0,667.0,666.1,677.9,674.7,672.2,674.7,1161400,672.2,672.2,674.7,780660463.0,780660463.0,780660463.0,,3,SUR,1.44,
TQBR,2017-12-22,Новатэк ао,NVTK,2073,224205147.0,674.7,672.8,685.0,684.4,680.6,684.4,329410,680.6,680.6,684.4,224205147.0,224205147.0,224205147.0,,3,SUR,1.44,
TQBR,2017-12-25,Новатэк ао,NVTK,1860,125476149.0,682.0,671.0,688.5,671.8,677.6,671.8,185170,677.6,677.6,671.8,125476149.0,125476149.0,125476149.0,,3,SUR,-1.84,
TQBR,2017-12-26,Новатэк ао,NVTK,2149,137560123.0,673.9,665.2,674.5,671.5,669.0,671.5,205620,669.0,669.0,671.5,137560123.0,137560123.0,137560123.0,,3,SUR,-0.04,
TQBR,2017-12-27,Новатэк ао,NVTK,2549,234844488.0,673.0,670.0,680.8,679.5,676.1,679.5,347370,676.1,676.1,679.5,234844488.0,234844488.0,234844488.0,,3,SUR,1.19,
TQBR,2017-12-28,Новатэк ао,NVTK,2419,164447142.0,679.9,670.0,679.9,676.0,674.3,676.0,243870,674.3,674.3,676.0,164447142.0,164447142.0,164447142.0,,3,SUR,-0.52,
TQBR,2017-12-29,Новатэк ао,NVTK,3500,149970712.0,676.0,670.6,678.0,677.7,674.6,677.7,222320,674.6,674.6,677.7,149970712.0,149970712.0,149970712.0,,3,SUR,0.25,
TQBR,2018-01-03,Новатэк ао,NVTK,4157,356983417.0,679.8,678.3,696.8,695.1,691.8,695.1,515990,691.8,691.8,695.1,356983417.0,356983417.0,356983417.0,,3,SUR,2.57,
TQBR,2018-01-04,Новатэк ао,NVTK,4349,443128090.0,695.2,691.7,705.7,697.3,698.6,697.3,634300,698.6,698.6,697.3,443128090.0,443128090.0,443128090.0,,3,SUR,0.32,
TQBR,2018-01-05,Новатэк ао,NVTK,4171,402311460.0,695.5,694.5,705.3,701.0,700.2,701.0,574550,700.2,700.2,701.0,402311460.0,402311460.0,402311460.0,,3,SUR,0.53,
TQBR,2018-01-09,Новатэк ао,NVTK,5439,548087072.0,704.0,692.4,705.7,695.4,698.0,695.4,785260,698.0,698.0,695.4,548087072.0,548087072.0,548087072.0,,3,SUR,-0.8,
TQBR,2018-01-10,Новатэк ао,NVTK,7007,813622504.0,695.2,680.5,696.0,685.4,686.7,685.4,1184750,686.7,686.7,685.4,813622504.0,813622504.0,813622504.0,,3,SUR,-1.44,
TQBR,2018-01-11,Новатэк ао,NVTK,6245,668012968.0,685.0,680.0,689.2,687.4,683.6,687.4,977130,683.6,683.6,687.4,668012968.0,668012968.0,668012968.0,,3,SUR,0.29,
TQBR,2018-01-12,Новатэк ао,NVTK,9132,703554157.0,689.1,676.1,689.3,679.2,682.0,679.2,1031570,682.0,682.0,679.2,703554157.0,703554157.0,703554157.0,,3,SUR,-1.19,
TQBR,2018-01-15,Новатэк ао,NVTK,5968,500628095.0,680.0,678.0,691.3,690.4,686.3,690.4,729450,686.3,686.3,690.4,500628095.0,500628095.0,500628095.0,,3,SUR,1.65,
TQBR,2018-01-16,Новатэк ао,NVTK,4268,397895536.0,693.4,684.9,696.9,686.9,689.8,686.9,576840,689.8,689.8,686.9,397895536.0,397895536.0,397895536.0,,3,SUR,-0.51,
TQBR,2018-01-17,Новатэк ао,NVTK,8539,695951826.0,689.9,668.0,692.5,689.1,685.2,689.1,1015670,685.2,685.2,689.1,695951826.0,695951826.0,695951826.0,,3,SUR,0.32,
TQBR,2018-01-18,Новатэк ао,NVTK,4673,491509667.0,689.2,687.5,695.7,693.0,692.3,693.0,709950,692.3,692.3,693.0,491509667.0,491509667.0,491509667.0,,3,SUR,0.57,
TQBR,2018-01-19,Новатэк ао,NVTK,5145,547247188.0,693.0,691.6,700.6,700.0,696.9,700.0,785210,696.9,696.9,700.0,547247188.0,547247188.0,547247188.0,,3,SUR,1.01,
TQBR,2018-01-22,Новатэк ао,NVTK,5649,628166663.0,700.1,696.2,704.9,704.0,701.3,704.0,895750,701.3,701.3,704.0,628166663.0,628166663.0,628166663.0,,3,SUR,0.57,
TQBR,2018-01-23,Новатэк ао,NVTK,5328,840538589.0,704.1,700.9,705.9,703.9,703.7,703.9,1194310,703.8,703.8,703.9,840538589.0,840538589.0,840538589.0,,3,SUR,-0.01,
TQBR,2018-01-24,Новатэк ао,NVTK,4184,448816924.0,705.9,701.4,710.8,709.0,706.8,709.0,634970,706.8,706.8,709.0,448816924.0,448816924.0,448816924.0,,3,SUR,0.72,
TQBR,2018-01-25,Новатэк ао,NVTK,7116,800055401.0,710.5,707.0,723.0,717.2,716.7,717.2,1116310,716.7,716.7,717.2,800055401.0,800055401.0,800055401.0,,3,SUR,1.16,
TQBR,2018-01-26,Новатэк ао,NVTK,6271,623149553.0,717.0,707.1,726.2,718.6,715.4,718.6,871000,715.4,715.4,718.6,623149553.0,623149553.0,623149553.0,,3,SUR,0.2,
TQBR,2018-01-29,Новатэк ао,NVTK,4428,507774624.0,720.0,703.3,721.4,714.7,713.4,714.7,711740,713.4,713.4,714.7,507774624.0,507774624.0,507774624.0,,3,SUR,-0.54,
TQBR,2018-01-30,Новатэк ао,NVTK,6406,830404232.0,710.0,704.2,716.0,711.6,704.4,711.6,1172480,708.2,708.2,711.6,830404232.0,830404232.0,830404232.0,,3,SUR,-0.43,
TQBR,2018-01-31,Новатэк ао,NVTK,5775,716197028.0,708.0,705.3,727.9,727.7,717.6,727.7,997600,717.9,717.9,727.7,716197028.0,716197028.0,716197028.0,,3,SUR,2.26,
TQBR,2018-02-01,Новатэк ао,NVTK,4567,576830031.0,725.0,722.3,734.4,732.0,729.6,732.0,790660,729.6,729.6,732.0,576830031.0,576830031.0,576830031.0,,3,SUR,0.59,
TQBR,2018-02-02,Новатэк ао,NVTK,6868,1059601338.0,732.9,727.0,744.4,733.0,737.4,733.0,1436680,737.5,737.5,733.0,1059601338.0,1059601338.0,1059601338.0,,3,SUR,0.14,
TQBR,2018-02-05,Новатэк ао,NVTK,6720,789365628.0,730.0,708.0,731.4,728.0,722.5,728.0,1092580,722.5,722.5,728.0,789365628.0,789365628.0,789365628.0,,3,SUR,-0.68,
TQBR,2018-02-06,Новатэк ао,NVTK,10108,1255233010.0,709.0,709.0,738.0,729.7,721.9,729.7,1738770,721.9,721.9,729.7,1255233010.0,1255233010.0,1255233010.0,,3,SUR,0.23,
TQBR,2018-02-07,Новатэк ао,NVTK,6014,655322580.0,731.9,731.7,742.0,736.4,738.2,736.4,887740,738.2,738.2,736.4,655322580.0,655322580.0,655322580.0,,3,SUR,0.92,
TQBR,2018-02-08,Новатэк ао,NVTK,5608,677005191.0,736.0,728.6,743.4,731.0,735.9,731.0,920020,735.9,735.9,731.0,677005191.0,677005191.0,677005191.0,,3,SUR,-0.73,
TQBR,2018-02-09,Новатэк ао,NVTK,8877,1046078163.0,727.5,708.9,733.1,714.4,718.9,714.4,1455010,718.9,718.9,714.4,1046078163.0,1046078163.0,1046078163.0,,3,SUR,-2.27,
TQBR,2018-02-12,Новатэк ао,NVTK,8317,815756323.0,720.0,712.5,730.6,718.0,719.1,718.0,1134410,719.1,719.1,718.0,815756323.0,815756323.0,815756323.0,,3,SUR,0.5,
TQBR,2018-02-13,Новатэк ао,NVTK,7652,966053536.0,716.0,712.4,722.6,719.1,717.6,719.1,1346190,717.6,717.6,719.1,966053536.0,966053536.0,966053536.0,,3,SUR,0.15,
TQBR,2018-02-14,Новатэк ао,NVTK,7120,883912256.0,720.3,715.7,730.0,730.0,722.3,730.0,1223720,722.3,722.3,730.0,883912256.0,883912256.0,883912256.0,,3,SUR,1.52,
TQBR,2018-02-15,Новатэк ао,NVTK,8384,1010341990.0,732.6,728.0,746.0,741.8,740.6,741.8,1364940,740.2,740.2,741.8,1010341990.0,1010341990.0,1010341990.0,,3,SUR,1.62,
TQBR,2018-02-16,Новатэк ао,NVTK,8885,1031767286.0,744.9,737.5,758.2,737.6,748.4,737.6,1378650,748.4,748.4,737.6,1031767286.0,1031767286.0,1031767286.0,,3,SUR,-0.57,
TQBR,2018-02-19,Новатэк ао,NVTK,5936,695719394.0,738.8,726.0,745.1,729.1,733.0,729.1,949150,733.0,733.0,729.1,695719394.0,695719394.0,695719394.0,,3,SUR,-1.15,
TQBR,2018-02-20,Новатэк ао,NVTK,5382,636798901.0,732.5,723.7,737.1,728.0,729.6,728.0,872820,729.6,729.6,728.0,636798901.0,636798901.0,636798901.0,,3,SUR,-0.15,
TQBR,2018-02-21,Новатэк ао,NVTK,6721,708004928.0,728.9,724.6,739.9,739.9,734.0,739.9,964790,733.8,733.8,739.9,708004928.0,708004928.0,708004928.0,,3,SUR,1.63,
TQBR,2018-02-22,Новатэк ао,NVTK,4706,496556564.0,739.9,731.1,739.9,735.9,734.5,735.9,676050,734.5,734.5,735.9,496556564.0,496556564.0,496556564.0,,3,SUR,-0.54,
TQBR,2018-02-26,Новатэк ао,NVTK,10206,1024610440.0,740.3,732.1,754.5,734.0,742.7,734.0,1379520,742.7,742.7,734.0,1024610440.0,1024610440.0,1024610440.0,,3,SUR,-0.26,
TQBR,2018-02-27,Новатэк ао,NVTK,4925,445625049.0,736.0,734.0,742.5,735.0,737.3,735.0,604380,737.3,737.3,735.0,445625049.0,445625049.0,445625049.0,,3,SUR,0.14,
TQBR,2018-02-28,Новатэк ао,NVTK,5357,705096117.0,735.5,710.0,736.5,710.0,725.8,710.0,971410,725.8,725.8,710.0,705096117.0,705096117.0,705096117.0,,3,SUR,-3.4,
TQBR,2018-03-01,Новатэк ао,NVTK,5527,575730410.0,714.2,714.2,734.9,732.9,725.5,732.9,793620,725.4,725.4,732.9,575730410.0,575730410.0,575730410.0,,3,SUR,3.23,
TQBR,2018-03-02,Новатэк ао,NVTK,5035,468770584.0,732.0,716.0,736.2,732.0,724.4,732.0,647100,724.4,724.4,732.0,468770584.0,468770584.0,468770584.0,,3,SUR,-0.12,
TQBR,2018-03-05,Новатэк ао,NVTK,3618,330610073.0,733.0,730.2,740.0,736.4,736.3,736.4,449020,736.3,736.3,736.4,330610073.0,330610073.0,330610073.0,,3,SUR,0.6,
TQBR,2018-03-06,Новатэк ао,NVTK,3641,349445137.0,739.1,730.9,742.8,736.9,737.0,736.9,474160,737.0,737.0,736.9,349445137.0,349445137.0,349445137.0,,3,SUR,0.07,
TQBR,2018-03-07,Новатэк ао,NVTK,7163,728946888.0,734.9,715.0,734.9,729.3,722.9,729.3,1008310,722.9,722.9,729.3,728946888.0,728946888.0,728946888.0,,3,SUR,-1.03,
TQBR,2018-03-09,Новатэк ао,NVTK,2998,302873917.0,727.3,725.6,739.0,737.5,733.1,737.5,413120,733.1,733.1,737.5,302873917.0,302873917.0,302873917.0,,3,SUR,1.12,
TQBR,2018-03-12,Новатэк ао,NVTK,4123,440342351.0,740.5,733.8,746.7,744.8,740.8,744.8,594430,740.8,740.8,744.8,440342351.0,440342351.0,440342351.0,,3,SUR,0.99,
TQBR,2018-03-13,Новатэк ао,NVTK,5949,531304220.0,744.1,730.1,746.2,731.6,738.2,731.6,719700,738.2,738.2,731.6,531304220.0,531304220.0,531304220.0,,3,SUR,-1.77,
TQBR,2018-03-14,Новатэк ао,NVTK,5620,631532186.0,730.0,720.3,732.0,726.7,726.1,726.7,869780,726.1,726.1,726.7,631532186.0,631532186.0,631532186.0,,3,SUR,-0.67,
TQBR,2018-03-15,Новатэк ао,NVTK,6527,838585576.0,725.7,721.5,735.0,734.5,729.0,734.5,1150370,729.0,729.0,734.5,838585576.0,838585576.0,838585576.0,,3,SUR,1.07,
TQBR,2018-03-16,Новатэк ао,NVTK,5046,1221281153.0,735.0,729.6,787.0,747.1,738.4,747.1,1653840,738.5,738.5,747.1,1221281153.0,1221281153.0,1221281153.0,,3,SUR,1.72,
TQBR,2018-03-19,Новатэк ао,NVTK,6566,753156746.0,747.1,738.1,758.1,757.0,752.1,757.0,1001440,752.1,752.1,757.0,753156746.0,753156746.0,753156746.0,,3,SUR,1.33,
TQBR,2018-03-20,Новатэк ао,NVTK,4736,658705676.0,758.9,744.4,763.5,757.5,752.5,757.5,875350,752.5,752.5,757.5,658705676.0,658705676.0,658705676.0,,3,SUR,0.07,
TQBR,2018-03-21,Новатэк ао,NVTK,3598,464336940.0,759.0,751.0,762.0,760.4,757.6,760.4,612880,757.6,757.6,760.4,464336940.0,464336940.0,464336940.0,,3,SUR,0.38,
TQBR,2018-03-22,Новатэк ао,NVTK,3986,401060300.0,760.9,747.2,762.0,748.7,752.7,748.7,532780,752.8,752.8,748.7,401060300.0,401060300.0,401060300.0,,3,SUR,-1.54,
TQBR,2018-03-23,Новатэк ао,NVTK,4437,560537456.0,742.7,738.4,754.0,750.0,745.0,750.0,752370,745.0,745.0,750.0,560537456.0,560537456.0,560537456.0,,3,SUR,0.17,
TQBR,2018-03-26,Новатэк ао,NVTK,5070,502047560.0,748.7,734.3,750.9,743.1,740.4,743.1,678090,740.4,740.4,743.1,502047560.0,502047560.0,502047560.0,,3,SUR,-0.92,
TQBR,2018-03-27,Новатэк ао,NVTK,5202,477011393.0,744.0,734.5,752.8,752.8,741.8,752.8,643060,741.8,741.8,752.8,477011393.0,477011393.0,477011393.0,,3,SUR,1.31,
TQBR,2018-03-28,Новатэк ао,NVTK,6185,559867164.0,747.5,737.2,753.7,743.0,744.2,743.0,752300,744.2,744.2,743.0,559867164.0,559867164.0,559867164.0,,3,SUR,-1.3,
TQBR,2018-03-29,Новатэк ао,NVTK,4325,352098796.0,742.9,736.1,746.4,741.9,741.1,741.9,475100,741.1,741.1,741.9,352098796.0,352098796.0,352098796.0,,3,SUR,-0.15,
TQBR,2018-03-30,Новатэк ао,NVTK,1315,128436989.0,743.8,737.6,746.8,737.6,742.7,737.6,172960,742.6,742.6,737.6,128436989.0,128436989.0,128436989.0,,3,SUR,-0.58,
TQBR,2018-04-02,Новатэк ао,NVTK,3124,250534419.0,740.3,734.0,745.0,735.2,739.1,735.2,338990,739.1,739.1,735.2,250534419.0,250534419.0,250534419.0,,3,SUR,-0.33,
TQBR,2018-04-03,Новатэк ао,NVTK,3000,280860531.0,737.4,735.3,743.7,741.0,739.8,741.0,379630,739.8,739.8,741.0,280860531.0,280860531.0,280860531.0,,3,SUR,0.79,
TQBR,2018-04-04,Новатэк ао,NVTK,4195,500756289.0,743.0,742.8,753.1,753.1,746.5,753.1,670780,746.5,746.5,753.1,500756289.0,500756289.0,500756289.0,,3,SUR,1.63,
TQBR,2018-04-05,Новатэк ао,NVTK,5401,724181670.0,754.0,754.0,773.9,770.0,765.5,770.0,946040,765.5,765.5,770.0,724181670.0,724181670.0,724181670.0,,3,SUR,2.24,
TQBR,2018-04-06,Новатэк ао,NVTK,4483,489358471.0,768.0,758.2,775.7,762.3,765.8,762.3,639020,765.8,765.8,762.3,489358471.0,489358471.0,489358471.0,,3,SUR,-1.0,
TQBR,2018-04-09,Новатэк ао,NVTK,20866,2604546744.0,762.0,656.3,779.2,710.9,717.3,710.9,3631270,717.3,717.3,710.9,2604546744.0,2604546744.0,2604546744.0,,3,SUR,-6.74,
TQBR,2018-04-10,Новатэк ао,NVTK,20331,2254494018.0,713.8,707.8,751.9,747.5,735.7,747.5,3064430,735.7,735.7,747.5,2254494018.0,2254494018.0,2254494018.0,,3,SUR,5.15,
TQBR,2018-04-11,Новатэк ао,NVTK,13856,1848218934.0,747.5,722.5,758.0,743.4,744.0,743.4,2484320,744.0,744.0,743.4,1848218934.0,1848218934.0,1848218934.0,,3,SUR,-0.55,
TQBR,2018-04-12,Новатэк ао,NVTK,6792,1118862848.0,749.0,735.3,757.8,739.0,747.7,739.0,1496340,747.7,747.7,739.0,1118862848.0,1118862848.0,1118862848.0,,3,SUR,-0.59,
TQBR,2018-04-13,Новатэк ао,NVTK,6563,963441209.0,743.9,725.0,744.8,732.1,732.2,732.1,1315870,732.2,732.2,732.1,963441209.0,963441209.0,963441209.0,,3,SUR,-0.93,
TQBR,2018-04-16,Новатэк ао,NVTK,8118,912834135.0,723.9,709.1,734.7,716.0,718.3,716.0,1270740,718.3,718.3,716.0,912834135.0,912834135.0,912834135.0,,3,SUR,-2.2,
TQBR,2018-04-17,Новатэк ао,NVTK,6173,790386325.0,726.7,720.1,736.9,728.0,727.1,728.0,1087080,727.1,727.1,728.0,790386325.0,790386325.0,790386325.0,,3,SUR,1.68,
TQBR,2018-04-18,Новатэк ао,NVTK,8331,750893910.0,728.7,725.7,748.5,746.1,743.4,746.1,1010070,743.4,743.4,746.1,750893910.0,750893910.0,750893910.0,,3,SUR,2.49,
TQBR,2018-04-19,Новатэк ао,NVTK,5213,586339423.0,749.0,733.0,755.1,734.1,745.3,734.1,786690,745.3,745.3,734.1,586339423.0,586339423.0,586339423.0,,3,SUR,-1.61,
TQBR,2018-04-20,Новатэк ао,NVTK,4199,476587658.0,736.2,735.7,744.9,738.6,741.1,738.6,643050,741.1,741.1,738.6,476587658.0,476587658.0,476587658.0,,3,SUR,0.61,
TQBR,2018-04-23,Новатэк ао,NVTK,8244,947469886.0,739.1,729.0,749.0,743.7,740.6,743.7,1279340,740.6,740.6,743.7,947469886.0,947469886.0,947469886.0,,3,SUR,0.69,
TQBR,2018-04-24,Новатэк ао,NVTK,4623,475808204.0,748.0,738.0,748.2,743.7,743.1,743.7,640280,743.1,743.1,743.7,475808204.0,475808204.0,475808204.0,,3,SUR,0.0,
TQBR,2018-04-25,Новатэк ао,NVTK,4518,563430288.0,741.9,728.7,743.9,740.4,738.3,740.4,763140,738.3,738.3,740.4,563430288.0,563430288.0,563430288.0,,3,SUR,-0.44,
TQBR,2018-04-26,Новатэк ао,NVTK,6789,725399726.0,744.9,741.4,760.0,760.0,752.6,760.0,963830,752.6,752.6,760.0,725399726.0,725399726.0,725399726.0,,3,SUR,2.65,
TQBR,2018-04-27,Новатэк ао,NVTK,4152,562304787.0,759.9,753.4,770.8,770.8,762.2,770.8,737760,762.2,762.2,770.8,562304787.0,562304787.0,562304787.0,,3,SUR,1.42,
TQBR,2018-04-28,Новатэк ао,NVTK,2100,135770363.0,768.8,762.3,770.0,766.1,766.8,766.1,177060,766.8,766.8,766.1,135770363.0,135770363.0,135770363.0,,3,SUR,-0.61,
TQBR,2018-04-30,Новатэк ао,NVTK,3411,460095881.0,769.8,762.5,774.6,770.0,767.1,770.0,599760,767.1,767.1,770.0,460095881.0,460095881.0,460095881.0,,3,SUR,0.51,
TQBR,2018-05-02,Новатэк ао,NVTK,3495,433085319.0,763.9,755.6,765.2,758.2,761.6,758.2,568680,761.6,761.6,758.2,433085319.0,433085319.0,433085319.0,,3,SUR,-1.53,
TQBR,2018-05-03,Новатэк ао,NVTK,5274,514689369.0,756.0,740.5,762.0,748.4,754.4,748.4,682230,754.4,754.4,748.4,514689369.0,514689369.0,514689369.0,,3,SUR,-1.29,
TQBR,2018-05-04,Новатэк ао,NVTK,3615,436256879.0,750.8,750.2,765.7,765.7,759.3,765.7,574550,759.3,759.3,765.7,436256879.0,436256879.0,436256879.0,,3,SUR,2.31,
TQBR,2018-05-07,Новатэк ао,NVTK,4283,474305958.0,765.8,750.0,771.5,754.0,758.8,754.0,625090,758.8,758.8,754.0,474305958.0,474305958.0,474305958.0,,3,SUR,-1.53,
TQBR,2018-05-08,Новатэк ао,NVTK,4743,589737289.0,755.0,746.0,758.0,754.0,751.6,754.0,784600,751.6,751.6,754.0,589737289.0,589737289.0,589737289.0,,3,SUR,0.0,
TQBR,2018-05-10,Новатэк ао,NVTK,4793,602556182.0,758.0,754.9,766.0,765.0,761.1,765.0,791690,761.1,761.1,765.0,602556182.0,602556182.0,602556182.0,,3,SUR,1.46,
TQBR,2018-05-11,Новатэк ао,NVTK,5466,852280763.0,766.7,764.4,778.7,769.5,772.5,769.5,1103330,772.5,772.5,769.5,852280763.0,852280763.0,852280763.0,,3,SUR,0.59,
TQBR,2018-05-14,Новатэк ао,NVTK,3848,475103757.0,767.3,766.5,778.0,774.3,772.3,774.3,615220,772.3,772.3,774.3,475103757.0,475103757.0,475103757.0,,3,SUR,0.62,
TQBR,2018-05-15,Новатэк ао,NVTK,5347,707219005.0,775.2,768.5,779.5,772.2,772.9,772.2,915050,772.9,772.9,772.2,707219005.0,707219005.0,707219005.0,,3,SUR,-0.27,
TQBR,2018-05-16,Новатэк ао,NVTK,4239,557050532.0,775.0,766.9,778.5,768.3,773.0,768.3,720640,773.0,773.0,768.3,557050532.0,557050532.0,557050532.0,,3,SUR,-0.51,
TQBR,2018-05-17,Новатэк ао,NVTK,3645,391837896.0,770.1,768.1,774.4,770.6,771.5,770.6,507900,771.5,771.5,770.6,391837896.0,391837896.0,391837896.0,,3,SUR,0.3,
TQBR,2018-05-18,Новатэк ао,NVTK,3931,434257766.0,773.4,767.0,776.0,772.8,770.9,772.8,563320,770.9,770.9,772.8,434257766.0,434257766.0,434257766.0,,3,SUR,0.29,
TQBR,2018-05-21,Новатэк ао,NVTK,3762,461950270.0,776.3,773.1,782.7,775.1,778.3,775.1,593610,778.2,778.2,775.1,461950270.0,461950270.0,461950270.0,,3,SUR,0.3,
TQBR,2018-05-22,Новатэк ао,NVTK,3152,393334798.0,778.0,766.5,778.1,770.0,770.5,770.0,510480,770.5,770.5,770.0,393334798.0,393334798.0,393334798.0,,3,SUR,-0.66,
TQBR,2018-05-23,Новатэк ао,NVTK,3227,402747359.0,770.4,757.7,770.4,761.3,762.8,761.3,527960,762.8,762.8,761.3,402747359.0,402747359.0,402747359.0,,3,SUR,-1.13,
TQBR,2018-05-24,Новатэк ао,NVTK,4772,567432529.0,762.0,752.3,763.5,757.2,756.3,757.2,750300,756.3,756.3,757.2,567432529.0,567432529.0,567432529.0,,3,SUR,-0.54,
TQBR,2018-05-25,Новатэк ао,NVTK,17347,2268447049.0,759.9,759.9,812.8,808.1,793.5,808.1,2858900,793.5,793.5,808.1,2268447049.0,2268447049.0,2268447049.0,,3,SUR,6.72,
TQBR,2018-05-28,Новатэк ао,NVTK,4587,537558953.0,805.5,795.6,807.4,802.5,802.1,802.5,670400,801.8,801.8,802.5,537558953.0,537558953.0,537558953.0,,3,SUR,-0.69,
TQBR,2018-05-29,Новатэк ао,NVTK,12243,1676431348.0,802.0,800.2,832.6,825.4,824.0,825.4,2034450,824.0,824.0,825.4,1676431348.0,1676431348.0,1676431348.0,,3,SUR,2.85,
TQBR,2018-05-30,Новатэк ао,NVTK,6142,1109663727.0,820.0,820.0,830.3,821.2,823.7,821.2,1347120,823.7,823.7,821.2,1109663727.0,1109663727.0,1109663727.0,,3,SUR,-0.51,
TQBR,2018-05-31,Новатэк ао,NVTK,8522,1158159425.0,823.2,822.3,845.0,838.2,837.9,838.2,1382160,837.9,837.9,838.2,1158159425.0,1158159425.0,1158159425.0,,3,SUR,2.07,
TQBR,2018-06-01,Новатэк ао,NVTK,6226,811164773.0,840.0,831.8,843.6,838.4,838.4,838.4,967460,838.4,838.4,838.4,811164773.0,811164773.0,811164773.0,,3,SUR,0.02,
TQBR,2018-06-04,Новатэк ао,NVTK,4013,440737791.0,838.4,836.6,846.3,841.0,841.0,841.0,524050,841.0,841.0,841.0,440737791.0,440737791.0,440737791.0,,3,SUR,0.31,
TQBR,2018-06-05,Новатэк ао,NVTK,5392,770931590.0,840.2,836.7,851.4,847.1,846.1,847.1,911130,846.1,846.1,847.1,770931590.0,770931590.0,770931590.0,,3,SUR,0.73,
TQBR,2018-06-06,Новатэк ао,NVTK,6810,563627726.0,848.2,844.3,854.5,844.4,850.4,844.4,662770,850.4,850.4,844.4,563627726.0,563627726.0,563627726.0,,3,SUR,-0.32,
TQBR,2018-06-07,Новатэк ао,NVTK,4346,429553797.0,850.6,842.2,850.7,848.0,846.4,848.0,507480,846.4,846.4,848.0,429553797.0,429553797.0,429553797.0,,3,SUR,0.43,
TQBR,2018-06-08,Новатэк ао,NVTK,7281,868253999.0,846.0,821.1,848.4,824.2,831.7,824.2,1043960,831.7,831.7,824.2,868253999.0,868253999.0,868253999.0,,3,SUR,-2.81,
TQBR,2018-06-09,Новатэк ао,NVTK,937,57753263.0,828.6,825.6,833.4,827.1,828.9,827.1,69680,828.8,828.8,827.1,57753263.0,57753263.0,57753263.0,,3,SUR,0.35,
TQBR,2018-06-11,Новатэк ао,NVTK,3690,306228191.0,827.6,821.2,834.9,828.2,827.3,828.2,370150,827.3,827.3,828.2,306228191.0,306228191.0,306228191.0,,3,SUR,0.13,
TQBR,2018-06-13,Новатэк ао,NVTK,5128,558982071.0,833.0,812.7,835.0,824.0,824.7,824.0,677800,824.7,824.7,824.0,558982071.0,558982071.0,558982071.0,,3,SUR,-0.51,
TQBR,2018-06-14,Новатэк ао,NVTK,5785,745670804.0,821.1,800.0,822.0,813.8,807.2,813.8,923830,807.2,807.2,813.8,745670804.0,745670804.0,745670804.0,,3,SUR,-1.24,
TQBR,2018-06-15,Новатэк ао,NVTK,7712,1475343353.0,813.0,796.4,819.7,804.0,807.0,804.0,1830420,806.0,806.0,804.0,1475343353.0,1475343353.0,1475343353.0,,3,SUR,-1.2,
TQBR,2018-06-18,Новатэк ао,NVTK,6237,737850342.0,802.0,790.2,811.5,799.5,798.9,799.5,923600,798.9,798.9,799.5,737850342.0,737850342.0,737850342.0,,3,SUR,-0.56,
TQBR,2018-06-19,Новатэк ао,NVTK,7713,807978084.0,795.3,787.1,811.0,805.0,797.9,805.0,1012690,797.9,797.9,805.0,807978084.0,807978084.0,807978084.0,,3,SUR,0.69,
TQBR,2018-06-20,Новатэк ао,NVTK,10376,1110476468.0,807.9,800.7,847.7,847.0,830.2,847.0,1337580,830.2,830.2,847.0,1110476468.0,1110476468.0,1110476468.0,,3,SUR,5.22,
TQBR,2018-06-21,Новатэк ао,NVTK,5916,787354124.0,845.0,830.6,850.0,832.3,837.5,832.3,940070,837.5,837.5,832.3,787354124.0,787354124.0,787354124.0,,3,SUR,-1.74,
TQBR,2018-06-22,Новатэк ао,NVTK,5775,720180455.0,836.5,821.5,842.5,827.8,832.8,827.8,864760,832.8,832.8,827.8,720180455.0,720180455.0,720180455.0,,3,SUR,-0.54,
TQBR,2018-06-25,Новатэк ао,NVTK,3035,341045307.0,831.0,823.5,835.7,829.1,830.4,829.1,410710,830.4,830.4,829.1,341045307.0,341045307.0,341045307.0,,3,SUR,0.16,
TQBR,2018-06-26,Новатэк ао,NVTK,2608,209379784.0,830.0,827.3,836.0,833.3,832.1,833.3,251640,832.1,832.1,833.3,209379784.0,209379784.0,209379784.0,,3,SUR,0.51,
TQBR,2018-06-27,Новатэк ао,NVTK,4914,503247408.0,836.0,831.0,851.0,840.9,841.5,840.9,598070,841.5,841.5,840.9,503247408.0,503247408.0,503247408.0,,3,SUR,0.91,
TQBR,2018-06-28,Новатэк ао,NVTK,3692,513937127.0,844.0,839.0,849.7,845.0,843.2,845.0,609480,843.2,843.2,845.0,513937127.0,513937127.0,513937127.0,,3,SUR,0.49,
TQBR,2018-06-29,Новатэк ао,NVTK,6428,1070554072.0,848.0,845.3,865.2,852.8,858.6,852.8,1246790,858.6,858.6,852.8,1070554072.0,1070554072.0,1070554072.0,,3,SUR,0.92,
TQBR,2018-07-02,Новатэк ао,NVTK,9410,1000575064.0,854.4,848.1,882.2,879.3,870.3,879.3,1149680,870.3,870.3,879.3,1000575064.0,1000575064.0,1000575064.0,,3,SUR,3.11,
TQBR,2018-07-03,Новатэк ао,NVTK,3860,483430967.0,876.7,866.9,879.9,879.9,873.8,879.9,553280,873.8,873.8,879.9,483430967.0,483430967.0,483430967.0,,3,SUR,0.07,
TQBR,2018-07-04,Новатэк ао,NVTK,2333,259875529.0,875.4,872.9,880.8,874.7,876.7,874.7,296410,876.7,876.7,874.7,259875529.0,259875529.0,259875529.0,,3,SUR,-0.59,
TQBR,2018-07-05,Новатэк ао,NVTK,7817,858087297.0,876.0,872.6,903.7,903.7,894.1,903.7,959740,894.1,894.1,903.7,858087297.0,858087297.0,858087297.0,,3,SUR,3.32,
TQBR,2018-07-06,Новатэк ао,NVTK,5521,639242476.0,903.1,890.4,911.4,907.2,900.5,907.2,709800,900.6,900.6,907.2,639242476.0,639242476.0,639242476.0,,3,SUR,0.39,
TQBR,2018-07-09,Новатэк ао,NVTK,5698,618039488.0,907.2,901.3,920.5,906.2,905.8,906.2,682140,906.0,906.0,906.2,618039488.0,618039488.0,618039488.0,,3,SUR,-0.11,
TQBR,2018-07-10,Новатэк ао,NVTK,7836,939014088.0,910.0,895.1,923.0,901.3,912.8,901.3,1028680,912.8,912.8,901.3,939014088.0,939014088.0,939014088.0,,3,SUR,-0.54,
TQBR,2018-07-11,Новатэк ао,NVTK,7161,880986696.0,900.0,892.2,913.8,909.8,902.2,909.8,976440,902.2,902.2,909.8,880986696.0,880986696.0,880986696.0,,3,SUR,0.94,
TQBR,2018-07-12,Новатэк ао,NVTK,7736,906979755.0,905.0,881.5,907.1,891.8,891.4,891.8,1017450,891.4,891.4,891.8,906979755.0,906979755.0,906979755.0,,3,SUR,-1.98,
TQBR,2018-07-13,Новатэк ао,NVTK,4791,467533732.0,891.5,882.8,901.8,897.2,892.6,897.2,523800,892.6,892.6,897.2,467533732.0,467533732.0,467533732.0,,3,SUR,0.61,
TQBR,2018-07-16,Новатэк ао,NVTK,4781,678640756.0,897.0,889.2,900.4,898.0,894.5,898.0,758680,894.5,894.5,898.0,678640756.0,678640756.0,678640756.0,,3,SUR,0.09,
TQBR,2018-07-17,Новатэк ао,NVTK,6138,939501690.0,893.9,882.4,895.7,886.0,887.0,886.0,1059220,887.0,887.0,886.0,939501690.0,939501690.0,939501690.0,,3,SUR,-1.34,
TQBR,2018-07-18,Новатэк ао,NVTK,4453,617763518.0,887.0,884.5,897.7,893.0,890.6,893.0,693670,890.6,890.6,893.0,617763518.0,617763518.0,617763518.0,,3,SUR,0.79,
TQBR,2018-07-19,Новатэк ао,NVTK,5323,756131199.0,896.1,880.5,901.7,890.8,891.2,890.8,848400,891.2,891.2,890.8,756131199.0,756131199.0,756131199.0,,3,SUR,-0.25,
TQBR,2018-07-20,Новатэк ао,NVTK,4914,835654465.0,895.2,875.0,895.2,881.6,884.0,881.6,946000,883.4,883.4,881.6,835654465.0,835654465.0,835654465.0,,3,SUR,-1.03,
TQBR,2018-07-23,Новатэк ао,NVTK,6865,832763155.0,881.8,866.5,883.0,871.0,871.4,871.0,955720,871.3,871.3,871.0,832763155.0,832763155.0,832763155.0,,3,SUR,-1.2,
TQBR,2018-07-24,Новатэк ао,NVTK,4522,657205834.0,868.1,865.0,875.0,875.0,867.9,875.0,757210,867.9,867.9,875.0,657205834.0,657205834.0,657205834.0,,3,SUR,0.46,
TQBR,2018-07-25,Новатэк ао,NVTK,6095,782274307.0,871.5,868.0,898.5,895.7,885.2,895.7,883930,885.0,885.0,895.7,782274307.0,782274307.0,782274307.0,,3,SUR,2.37,
TQBR,2018-07-26,Новатэк ао,NVTK,7960,1194484646.0,895.9,895.9,920.9,914.5,912.4,914.5,1309130,912.4,912.4,914.5,1194484646.0,1194484646.0,1194484646.0,,3,SUR,2.1,
TQBR,2018-07-27,Новатэк ао,NVTK,3488,440974275.0,916.1,908.8,920.9,920.0,915.1,920.0,481900,915.1,915.1,920.0,440974275.0,440974275.0,440974275.0,,3,SUR,0.6,
TQBR,2018-07-30,Новатэк ао,NVTK,3923,543312678.0,915.0,907.8,917.5,907.8,914.0,907.8,594440,914.0,914.0,907.8,543312678.0,543312678.0,543312678.0,,3,SUR,-1.33,
TQBR,2018-07-31,Новатэк ао,NVTK,7358,1079339591.0,906.2,902.3,929.9,924.4,923.2,924.4,1169070,923.2,923.2,924.4,1079339591.0,1079339591.0,1079339591.0,,3,SUR,1.83,
TQBR,2018-08-01,Новатэк ао,NVTK,4975,679089049.0,928.9,920.4,938.0,930.2,927.8,930.2,731920,927.8,927.8,930.2,679089049.0,679089049.0,679089049.0,,3,SUR,0.63,
TQBR,2018-08-02,Новатэк ао,NVTK,5384,801661922.0,930.0,925.7,937.9,929.4,931.9,929.4,860130,932.0,932.0,929.4,801661922.0,801661922.0,801661922.0,,3,SUR,-0.09,
TQBR,2018-08-03,Новатэк ао,NVTK,7110,886583751.0,927.5,915.6,941.5,924.9,927.5,924.9,955920,927.5,927.5,924.9,886583751.0,886583751.0,886583751.0,,3,SUR,-0.48,
TQBR,2018-08-06,Новатэк ао,NVTK,3589,453192275.0,929.0,921.2,938.3,926.0,929.5,926.0,487560,929.5,929.5,926.0,453192275.0,453192275.0,453192275.0,,3,SUR,0.12,
TQBR,2018-08-07,Новатэк ао,NVTK,3777,511321340.0,928.8,919.2,939.9,939.9,935.0,939.9,546890,935.0,935.0,939.9,511321340.0,511321340.0,511321340.0,,3,SUR,1.5,
TQBR,2018-08-08,Новатэк ао,NVTK,8422,1282460641.0,936.0,920.0,939.0,923.6,928.4,923.6,1380520,929.0,929.0,923.6,1282460641.0,1282460641.0,1282460641.0,,3,SUR,-1.73,
TQBR,2018-08-09,Новатэк ао,NVTK,9467,1465418908.0,923.6,908.0,937.0,933.0,925.7,933.0,1582230,926.2,926.2,933.0,1465418908.0,1465418908.0,1465418908.0,,3,SUR,1.02,
TQBR,2018-08-10,Новатэк ао,NVTK,7324,1105129996.0,933.5,930.2,943.8,939.5,938.0,939.5,1178140,938.0,938.0,939.5,1105129996.0,1105129996.0,1105129996.0,,3,SUR,0.7,
TQBR,2018-08-13,Новатэк ао,NVTK,9906,1324664889.0,938.4,938.4,972.5,959.1,957.2,959.1,1383830,957.2,957.2,959.1,1324664889.0,1324664889.0,1324664889.0,,3,SUR,2.09,
TQBR,2018-08-14,Новатэк ао,NVTK,9188,1379769189.0,963.3,957.1,988.8,987.6,976.3,987.6,1413050,976.4,976.4,987.6,1379769189.0,1379769189.0,1379769189.0,,3,SUR,2.97,
TQBR,2018-08-15,Новатэк ао,NVTK,6973,987004639.0,987.5,961.2,988.6,974.0,971.5,974.0,1015950,971.5,971.5,974.0,987004639.0,987004639.0,987004639.0,,3,SUR,-1.38,
TQBR,2018-08-16,Новатэк ао,NVTK,4691,768505925.0,973.4,962.3,978.8,978.8,971.0,978.8,791480,971.0,971.0,978.8,768505925.0,768505925.0,768505925.0,,3,SUR,0.49,
TQBR,2018-08-17,Новатэк ао,NVTK,4915,645026291.0,977.7,968.2,983.6,977.0,974.4,977.0,661990,974.4,974.4,977.0,645026291.0,645026291.0,645026291.0,,3,SUR,-0.18,
TQBR,2018-08-20,Новатэк ао,NVTK,3263,460513977.0,979.5,976.0,986.9,981.0,980.7,981.0,469720,980.4,980.4,981.0,460513977.0,460513977.0,460513977.0,,3,SUR,0.41,
TQBR,2018-08-21,Новатэк ао,NVTK,5111,660405582.0,983.7,973.2,987.5,982.0,980.5,982.0,673250,980.9,980.9,982.0,660405582.0,660405582.0,660405582.0,,3,SUR,0.1,
TQBR,2018-08-22,Новатэк ао,NVTK,6629,980714400.0,985.3,984.6,1000.0,998.0,993.4,998.0,987030,993.6,993.6,998.0,980714400.0,980714400.0,980714400.0,,3,SUR,1.63,
TQBR,2018-08-23,Новатэк ао,NVTK,9561,1128475196.0,1002.9,987.8,1003.9,995.0,998.5,995.0,1130150,998.5,998.5,995.0,1128475196.0,1128475196.0,1128475196.0,,3,SUR,-0.3,
TQBR,2018-08-24,Новатэк ао,NVTK,5990,943488989.0,997.0,988.3,1018.7,1013.1,1000.2,1013.1,943090,1000.4,1000.4,1013.1,943488989.0,943488989.0,943488989.0,,3,SUR,1.82,
TQBR,2018-08-27,Новатэк ао,NVTK,12718,1638775212.0,1017.0,1017.0,1086.4,1070.0,1060.7,1070.0,1545110,1060.6,1060.6,1070.0,1638775212.0,1638775212.0,1638775212.0,,3,SUR,5.62,
TQBR,2018-08-28,Новатэк ао,NVTK,8745,1184972223.0,1069.6,1060.0,1075.5,1067.0,1067.9,1067.0,1109750,1067.8,1067.8,1067.0,1184972223.0,1184972223.0,1184972223.0,,3,SUR,-0.28,
TQBR,2018-08-29,Новатэк ао,NVTK,11252,2062092794.0,1065.9,1063.7,1115.0,1111.8,1096.7,1111.8,1878220,1097.9,1097.9,1111.8,2062092794.0,2062092794.0,2062092794.0,,3,SUR,4.2,
TQBR,2018-08-30,Новатэк ао,NVTK,10020,1639361226.0,1115.1,1092.9,1119.5,1099.5,1101.9,1099.5,1487820,1101.9,1101.9,1099.5,1639361226.0,1639361226.0,1639361226.0,,3,SUR,-1.11,
TQBR,2018-08-31,Новатэк ао,NVTK,7807,1166693405.0,1096.1,1078.4,1099.0,1083.0,1088.3,1083.0,1072050,1088.3,1088.3,1083.0,1166693405.0,1166693405.0,1166693405.0,,3,SUR,-1.5,
TQBR,2018-09-03,Новатэк ао,NVTK,6995,895821154.0,1084.5,1062.6,1087.3,1080.0,1073.4,1080.0,834540,1073.4,1073.4,1080.0,895821154.0,895821154.0,895821154.0,,3,SUR,-0.28,
TQBR,2018-09-04,Новатэк ао,NVTK,7201,1191348727.0,1083.9,1081.3,1105.8,1100.9,1098.3,1100.9,1084710,1098.3,1098.3,1100.9,1191348727.0,1191348727.0,1191348727.0,,3,SUR,1.94,
TQBR,2018-09-05,Новатэк ао,NVTK,8519,1366652090.0,1100.1,1094.8,1125.0,1120.1,1114.2,1120.1,1226760,1114.0,1114.0,1120.1,1366652090.0,1366652090.0,1366652090.0,,3,SUR,1.74,
TQBR,2018-09-06,Новатэк ао,NVTK,14766,2802472359.0,1117.6,1116.6,1179.0,1167.0,1158.8,1167.0,2419380,1158.3,1158.3,1167.0,2802472359.0,2802472359.0,2802472359.0,,3,SUR,4.19,
TQBR,2018-09-07,Новатэк ао,NVTK,15137,2952874779.0,1167.1,1133.2,1189.0,1150.9,1157.4,1150.9,2552260,1157.0,1157.0,1150.9,2952874779.0,2952874779.0,2952874779.0,,3,SUR,-1.38,
TQBR,2018-09-10,Новатэк ао,NVTK,10189,1545155448.0,1163.2,1121.8,1168.1,1129.5,1135.2,1129.5,1360450,1135.8,1135.8,1129.5,1545155448.0,1545155448.0,1545155448.0,,3,SUR,-1.86,
TQBR,2018-09-11,Новатэк ао,NVTK,7975,1263028821.0,1126.4,1110.7,1135.0,1125.2,1121.2,1125.2,1126210,1121.5,1121.5,1125.2,1263028821.0,1263028821.0,1263028821.0,,3,SUR,-0.38,
TQBR,2018-09-12,Новатэк ао,NVTK,7814,1077176188.0,1134.0,1100.3,1137.2,1112.3,1112.2,1112.3,968160,1112.6,1112.6,1112.3,1077176188.0,1077176188.0,1077176188.0,,3,SUR,-1.15,
TQBR,2018-09-13,Новатэк ао,NVTK,6556,938577247.0,1103.7,1088.7,1115.7,1092.1,1101.8,1092.1,851860,1101.8,1101.8,1092.1,938577247.0,938577247.0,938577247.0,,3,SUR,-1.82,
TQBR,2018-09-14,Новатэк ао,NVTK,4986,708283261.0,1094.1,1073.1,1101.7,1087.7,1085.5,1087.7,652480,1085.5,1085.5,1087.7,708283261.0,708283261.0,708283261.0,,3,SUR,-0.4,
TQBR,2018-09-17,Новатэк ао,NVTK,5006,763235986.0,1092.7,1066.8,1093.7,1074.1,1072.8,1074.1,711430,1072.8,1072.8,1074.1,763235986.0,763235986.0,763235986.0,,3,SUR,-1.25,
TQBR,2018-09-18,Новатэк ао,NVTK,13581,2237541834.0,1077.0,1073.0,1140.0,1139.8,1115.8,1139.8,2006440,1115.2,1115.2,1139.8,2237541834.0,2237541834.0,2237541834.0,,3,SUR,6.12,
TQBR,2018-09-19,Новатэк ао,NVTK,11033,1680273006.0,1143.8,1101.0,1144.4,1115.3,1125.5,1115.3,1492860,1125.5,1125.5,1115.3,1680273006.0,1680273006.0,1680273006.0,,3,SUR,-2.15,
TQBR,2018-09-20,Новатэк ао,NVTK,19682,4005226815.0,1112.8,1101.8,1155.0,1135.9,1130.3,1135.9,3531600,1134.1,1134.1,1135.9,4005226815.0,4005226815.0,4005226815.0,,3,SUR,1.85,
TQBR,2018-09-21,Новатэк ао,NVTK,12000,1971820191.0,1129.4,1104.3,1129.4,1113.5,1115.6,1113.5,1767510,1115.6,1115.6,1113.5,1971820191.0,1971820191.0,1971820191.0,,3,SUR,-1.97,
TQBR,2018-09-24,Новатэк ао,NVTK,6010,666536609.0,1112.9,1102.0,1126.0,1111.0,1109.3,1111.0,600850,1109.3,1109.3,1111.0,666536609.0,666536609.0,666536609.0,,3,SUR,-0.22,
TQBR,2018-09-25,Новатэк ао,NVTK,7583,1292275254.0,1112.9,1084.3,1117.0,1104.5,1097.5,1104.5,1176440,1098.5,1098.5,1104.5,1292275254.0,1292275254.0,1292275254.0,,3,SUR,-0.59,
TQBR,2018-09-26,Новатэк ао,NVTK,4571,727500167.0,1104.0,1088.2,1115.6,1107.0,1098.8,1107.0,662070,1098.8,1098.8,1107.0,727500167.0,727500167.0,727500167.0,,3,SUR,0.23,
TQBR,2018-09-27,Новатэк ао,NVTK,9862,1414744428.0,1112.8,1089.6,1151.3,1147.5,1128.2,1147.5,1254010,1128.2,1128.2,1147.5,1414744428.0,1414744428.0,1414744428.0,,3,SUR,3.66,
TQBR,2018-09-28,Новатэк ао,NVTK,8381,1373273695.0,1150.0,1130.8,1180.9,1168.2,1150.7,1168.2,1193400,1150.7,1150.7,1168.2,1373273695.0,1373273695.0,1373273695.0,,3,SUR,1.8,
TQBR,2018-10-01,Новатэк ао,NVTK,5048,678350853.0,1173.9,1159.0,1185.0,1174.8,1170.5,1174.8,579520,1170.5,1170.5,1174.8,678350853.0,678350853.0,678350853.0,,3,SUR,0.56,
TQBR,2018-10-02,Новатэк ао,NVTK,5148,616997883.0,1175.0,1159.0,1188.0,1162.7,1173.2,1162.7,525910,1173.2,1173.2,1162.7,616997883.0,616997883.0,616997883.0,,3,SUR,-1.03,
TQBR,2018-10-03,Новатэк ао,NVTK,7881,1189772743.0,1169.5,1165.9,1215.0,1200.0,1190.9,1200.0,999300,1190.6,1190.6,1200.0,1189772743.0,1189772743.0,1189772743.0,,3,SUR,3.21,
TQBR,2018-10-04,Новатэк ао,NVTK,6300,846280838.0,1203.0,1181.2,1207.6,1197.0,1194.1,1197.0,708690,1194.1,1194.1,1197.0,846280838.0,846280838.0,846280838.0,,3,SUR,-0.25,
TQBR,2018-10-05,Новатэк ао,NVTK,4553,616585137.0,1197.4,1172.1,1197.4,1183.3,1183.6,1183.3,520930,1183.6,1183.6,1183.3,616585137.0,616585137.0,616585137.0,,3,SUR,-1.14,
TQBR,2018-10-08,Новатэк ао,NVTK,4700,619067122.0,1180.5,1170.3,1208.0,1180.0,1188.6,1180.0,520830,1188.6,1188.6,1180.0,619067122.0,619067122.0,619067122.0,,3,SUR,-0.28,
TQBR,2018-10-09,Новатэк ао,NVTK,6538,878539128.0,1171.1,1145.0,1188.8,1145.0,1171.6,1145.0,750270,1171.0,1171.0,1145.0,878539128.0,878539128.0,878539128.0,,3,SUR,-2.97,
TQBR,2018-10-10,Новатэк ао,NVTK,7631,1249474067.0,1149.9,1145.0,1176.5,1170.0,1162.6,1170.0,1074700,1162.6,1162.6,1170.0,1249474067.0,1249474067.0,1249474067.0,,3,SUR,2.18,
TQBR,2018-10-11,Новатэк ао,NVTK,9293,1504203784.0,1139.9,1119.3,1156.7,1126.0,1140.4,1126.0,1319130,1140.3,1140.3,1126.0,1504203784.0,1504203784.0,1504203784.0,,3,SUR,-3.76,
TQBR,2018-10-12,Новатэк ао,NVTK,8975,1213353726.0,1133.0,1133.0,1181.1,1163.0,1160.2,1163.0,1046180,1159.8,1159.8,1163.0,1213353726.0,1213353726.0,1213353726.0,,3,SUR,3.29,
TQBR,2018-10-15,Новатэк ао,NVTK,5346,588754548.0,1165.7,1147.2,1176.7,1168.0,1161.4,1168.0,506930,1161.4,1161.4,1168.0,588754548.0,588754548.0,588754548.0,,3,SUR,0.43,
TQBR,2018-10-16,Новатэк ао,NVTK,4224,604958523.0,1170.0,1143.9,1172.1,1154.6,1154.5,1154.6,524020,1154.5,1154.5,1154.6,604958523.0,604958523.0,604958523.0,,3,SUR,-1.15,
TQBR,2018-10-17,Новатэк ао,NVTK,7553,1183217072.0,1158.0,1114.2,1163.5,1117.4,1131.1,1117.4,1045990,1131.2,1131.2,1117.4,1183217072.0,1183217072.0,1183217072.0,,3,SUR,-3.22,
TQBR,2018-10-18,Новатэк ао,NVTK,5591,877318761.0,1118.0,1100.0,1133.1,1103.5,1114.9,1103.5,786910,1114.9,1114.9,1103.5,877318761.0,877318761.0,877318761.0,,3,SUR,-1.24,
TQBR,2018-10-19,Новатэк ао,NVTK,7082,1204730439.0,1103.0,1080.5,1115.0,1083.6,1094.1,1083.6,1100760,1094.5,1094.5,1083.6,1204730439.0,1204730439.0,1204730439.0,,3,SUR,-1.8,
TQBR,2018-10-22,Новатэк ао,NVTK,7355,1079686404.0,1083.6,1046.0,1094.2,1051.1,1075.0,1051.1,1004380,1075.0,1075.0,1051.1,1079686404.0,1079686404.0,1079686404.0,,3,SUR,-3.0,
TQBR,2018-10-23,Новатэк ао,NVTK,8097,995664436.0,1045.0,1029.3,1087.3,1084.0,1063.6,1084.0,936090,1063.6,1063.6,1084.0,995664436.0,995664436.0,995664436.0,,3,SUR,3.13,
TQBR,2018-10-24,Новатэк ао,NVTK,11505,1582858505.0,1090.0,1036.5,1097.0,1039.0,1070.6,1039.0,1478610,1070.5,1070.5,1039.0,1582858505.0,1582858505.0,1582858505.0,,3,SUR,-4.15,
TQBR,2018-10-25,Новатэк ао,NVTK,8799,1010141702.0,1035.0,1013.8,1055.0,1051.0,1041.3,1051.0,970120,1041.3,1041.3,1051.0,1010141702.0,1010141702.0,1010141702.0,,3,SUR,1.15,
TQBR,2018-10-26,Новатэк ао,NVTK,5109,648728968.0,1054.6,1022.9,1054.7,1036.4,1037.9,1036.4,625050,1037.9,1037.9,1036.4,648728968.0,648728968.0,648728968.0,,3,SUR,-1.39,
TQBR,2018-10-29,Новатэк ао,NVTK,4914,772247862.0,1035.0,1028.9,1067.7,1067.5,1055.9,1067.5,731510,1055.7,1055.7,1067.5,772247862.0,772247862.0,772247862.0,,3,SUR,3.0,
TQBR,2018-10-30,Новатэк ао,NVTK,6718,880124769.0,1067.0,1020.5,1069.3,1031.5,1039.9,1031.5,846380,1039.9,1039.9,1031.5,880124769.0,880124769.0,880124769.0,,3,SUR,-3.37,
TQBR,2018-10-31,Новатэк ао,NVTK,9016,1239729567.0,1035.5,1034.6,1067.0,1049.8,1056.6,1049.8,1173320,1056.6,1056.6,1049.8,1239729567.0,1239729567.0,1239729567.0,,3,SUR,1.77,
TQBR,2018-11-01,Новатэк ао,NVTK,11495,1592204333.0,1055.8,1042.5,1093.5,1082.1,1074.7,1082.1,1481670,1074.6,1074.6,1082.1,1592204333.0,1592204333.0,1592204333.0,,3,SUR,3.08,
TQBR,2018-11-02,Новатэк ао,NVTK,7072,1011055401.0,1088.7,1080.1,1107.7,1080.4,1093.2,1080.4,924840,1093.2,1093.2,1080.4,1011055401.0,1011055401.0,1011055401.0,,3,SUR,-0.16,
TQBR,2018-11-06,Новатэк ао,NVTK,3641,582425404.0,1095.4,1080.5,1095.4,1081.6,1085.5,1081.6,536550,1085.5,1085.5,1081.6,582425404.0,582425404.0,582425404.0,,3,SUR,0.11,
TQBR,2018-11-07,Новатэк ао,NVTK,7831,1259300066.0,1081.6,1064.3,1111.0,1103.8,1096.5,1103.8,1148480,1096.5,1096.5,1103.8,1259300066.0,1259300066.0,1259300066.0,,3,SUR,2.05,
TQBR,2018-11-08,Новатэк ао,NVTK,7499,1184210026.0,1107.3,1087.2,1112.0,1087.2,1101.3,1087.2,1075270,1101.3,1101.3,1087.2,1184210026.0,1184210026.0,1184210026.0,,3,SUR,-1.5,
TQBR,2018-11-09,Новатэк ао,NVTK,5983,877138717.0,1087.1,1051.1,1087.4,1062.3,1065.2,1062.3,823480,1065.2,1065.2,1062.3,877138717.0,877138717.0,877138717.0,,3,SUR,-2.29,
TQBR,2018-11-12,Новатэк ао,NVTK,5768,874446386.0,1064.2,1050.4,1081.8,1058.2,1066.7,1058.2,819950,1066.5,1066.5,1058.2,874446386.0,874446386.0,874446386.0,,3,SUR,-0.39,
TQBR,2018-11-13,Новатэк ао,NVTK,8016,1228740671.0,1058.0,1054.9,1100.3,1087.5,1081.5,1087.5,1136190,1081.5,1081.5,1087.5,1228740671.0,1228740671.0,1228740671.0,,3,SUR,2.77,
TQBR,2018-11-14,Новатэк ао,NVTK,9069,1546417247.0,1078.8,1075.3,1132.2,1128.0,1111.2,1128.0,1391730,1111.1,1111.1,1128.0,1546417247.0,1546417247.0,1546417247.0,,3,SUR,3.72,
TQBR,2018-11-15,Новатэк ао,NVTK,5794,841725895.0,1133.1,1109.2,1134.3,1118.0,1121.1,1118.0,750790,1121.1,1121.1,1118.0,841725895.0,841725895.0,841725895.0,,3,SUR,-0.89,
TQBR,2018-11-16,Новатэк ао,NVTK,3580,597391649.0,1122.0,1112.5,1129.7,1124.6,1118.9,1124.6,533930,1118.9,1118.9,1124.6,597391649.0,597391649.0,597391649.0,,3,SUR,0.59,
TQBR,2018-11-19,Новатэк ао,NVTK,6619,1126616106.0,1125.0,1118.0,1145.5,1131.4,1133.2,1131.4,994190,1133.2,1133.2,1131.4,1126616106.0,1126616106.0,1126616106.0,,3,SUR,0.6,
TQBR,2018-11-20,Новатэк ао,NVTK,8637,1470614513.0,1132.1,1117.0,1144.6,1119.6,1131.4,1119.6,1299800,1131.4,1131.4,1119.6,1470614513.0,1470614513.0,1470614513.0,,3,SUR,-1.04,
TQBR,2018-11-21,Новатэк ао,NVTK,5442,859142803.0,1137.0,1115.3,1138.8,1135.0,1126.1,1135.0,762950,1126.1,1126.1,1135.0,859142803.0,859142803.0,859142803.0,,3,SUR,1.38,
TQBR,2018-11-22,Новатэк ао,NVTK,3009,614315544.0,1134.0,1123.2,1138.0,1124.0,1129.0,1124.0,544100,1129.0,1129.0,1124.0,614315544.0,614315544.0,614315544.0,,3,SUR,-0.97,
TQBR,2018-11-23,Новатэк ао,NVTK,4243,665661467.0,1124.0,1108.2,1128.9,1115.6,1116.1,1115.6,596450,1116.0,1116.0,1115.6,665661467.0,665661467.0,665661467.0,,3,SUR,-0.75,
TQBR,2018-11-26,Новатэк ао,NVTK,8434,1458004412.0,1124.8,1082.0,1125.7,1096.0,1097.4,1096.0,1328590,1097.4,1097.4,1096.0,1458004412.0,1458004412.0,1458004412.0,,3,SUR,-1.76,
TQBR,2018-11-27,Новатэк ао,NVTK,4684,790900921.0,1104.0,1095.9,1119.6,1104.9,1110.7,1104.9,712090,1110.7,1110.7,1104.9,790900921.0,790900921.0,790900921.0,,3,SUR,0.81,
TQBR,2018-11-28,Новатэк ао,NVTK,5675,865063762.0,1111.0,1110.0,1146.9,1143.5,1132.7,1143.5,763700,1132.7,1132.7,1143.5,865063762.0,865063762.0,865063762.0,,3,SUR,3.49,
TQBR,2018-11-29,Новатэк ао,NVTK,9063,1554378692.0,1148.0,1138.6,1186.5,1167.8,1162.0,1167.8,1337680,1162.0,1162.0,1167.8,1554378692.0,1554378692.0,1554378692.0,,3,SUR,2.13,
TQBR,2018-11-30,Новатэк ао,NVTK,8139,1143776189.0,1165.9,1127.2,1174.9,1127.2,1149.8,1127.2,994790,1149.8,1149.8,1127.2,1143776189.0,1143776189.0,1143776189.0,,3,SUR,-3.48,
TQBR,2018-12-03,Новатэк ао,NVTK,7407,1138911420.0,1153.7,1136.0,1167.0,1149.7,1150.5,1149.7,989970,1150.5,1150.5,1149.7,1138911420.0,1138911420.0,1138911420.0,,3,SUR,2.0,
TQBR,2018-12-04,Новатэк ао,NVTK,3335,476573056.0,1149.6,1128.3,1149.6,1130.0,1135.4,1130.0,419750,1135.4,1135.4,1130.0,476573056.0,476573056.0,476573056.0,,3,SUR,-1.71,
TQBR,2018-12-05,Новатэк ао,NVTK,3955,578154399.0,1128.0,1115.0,1137.1,1136.3,1127.0,1136.3,513010,1127.0,1127.0,1136.3,578154399.0,578154399.0,578154399.0,,3,SUR,0.56,
TQBR,2018-12-06,Новатэк ао,NVTK,4329,689959514.0,1131.0,1112.0,1132.2,1128.0,1123.5,1128.0,614180,1123.4,1123.4,1128.0,689959514.0,689959514.0,689959514.0,,3,SUR,-0.73,
TQBR,2018-12-07,Новатэк ао,NVTK,4907,805842678.0,1127.1,1117.1,1139.6,1117.1,1131.7,1117.1,712070,1131.7,1131.7,1117.1,805842678.0,805842678.0,805842678.0,,3,SUR,-0.97,
TQBR,2018-12-10,Новатэк ао,NVTK,5027,648166462.0,1117.0,1095.3,1118.0,1104.0,1104.3,1104.0,586960,1104.3,1104.3,1104.0,648166462.0,648166462.0,648166462.0,,3,SUR,-1.17,
TQBR,2018-12-11,Новатэк ао,NVTK,5733,880922911.0,1105.0,1087.6,1113.4,1100.6,1101.0,1100.6,799870,1101.3,1101.3,1100.6,880922911.0,880922911.0,880922911.0,,3,SUR,-0.31,
TQBR,2018-12-12,Новатэк ао,NVTK,6275,828653716.0,1097.0,1092.1,1122.6,1097.0,1105.9,1097.0,749280,1105.9,1105.9,1097.0,828653716.0,828653716.0,828653716.0,,3,SUR,-0.33,
TQBR,2018-12-13,Новатэк ао,NVTK,6700,816949213.0,1105.0,1098.0,1117.0,1107.0,1108.2,1107.0,737190,1108.2,1108.2,1107.0,816949213.0,816949213.0,816949213.0,,3,SUR,0.91,
TQBR,2018-12-14,Новатэк ао,NVTK,4580,686793681.0,1108.9,1101.3,1133.9,1123.8,1121.1,1123.8,612610,1121.1,1121.1,1123.8,686793681.0,686793681.0,686793681.0,,3,SUR,1.52,
TQBR,2018-12-17,Новатэк ао,NVTK,2980,496433709.0,1120.2,1117.1,1134.9,1117.1,1123.9,1117.1,441720,1123.9,1123.9,1117.1,496433709.0,496433709.0,496433709.0,,3,SUR,-0.6,
TQBR,2018-12-18,Новатэк ао,NVTK,5240,747083725.0,1117.0,1100.7,1123.2,1119.3,1113.1,1119.3,671160,1113.1,1113.1,1119.3,747083725.0,747083725.0,747083725.0,,3,SUR,0.2,
TQBR,2018-12-19,Новатэк ао,NVTK,3436,525483747.0,1117.0,1108.4,1124.5,1120.1,1118.5,1120.1,469820,1118.5,1118.5,1120.1,525483747.0,525483747.0,525483747.0,,3,SUR,0.07,
TQBR,2018-12-20,Новатэк ао,NVTK,11189,1396723222.0,1117.0,1099.1,1127.7,1127.7,1112.7,1127.7,1255210,1112.7,1112.7,1127.7,1396723222.0,1396723222.0,1396723222.0,,3,SUR,0.68,
TQBR,2018-12-21,Новатэк ао,NVTK,3216,776247898.0,1120.1,1111.1,1129.3,1121.1,1119.4,1121.1,693060,1120.0,1120.0,1121.1,776247898.0,776247898.0,776247898.0,,3,SUR,-0.59,
TQBR,2018-12-24,Новатэк ао,NVTK,2480,390348704.0,1121.1,1102.3,1127.9,1110.5,1112.2,1110.5,350980,1112.2,1112.2,1110.5,390348704.0,390348704.0,390348704.0,,3,SUR,-0.95,
TQBR,2018-12-25,Новатэк ао,NVTK,3975,404613057.0,1105.0,1065.0,1110.8,1087.6,1087.3,1087.6,372130,1087.3,1087.3,1087.6,404613057.0,404613057.0,404613057.0,,3,SUR,-2.06,
TQBR,2018-12-26,Новатэк ао,NVTK,1841,213169111.0,1087.6,1086.2,1098.8,1096.5,1092.3,1096.5,195160,1092.3,1092.3,1096.5,213169111.0,213169111.0,213169111.0,,3,SUR,0.82,
TQBR,2018-12-27,Новатэк ао,NVTK,3373,403406836.0,1107.0,1103.0,1114.9,1106.4,1109.6,1106.4,363570,1109.6,1109.6,1106.4,403406836.0,403406836.0,403406836.0,,3,SUR,0.9,
TQBR,2018-12-28,Новатэк ао,NVTK,3350,491162074.0,1114.5,1108.0,1131.3,1126.8,1121.8,1126.8,437840,1121.8,1121.8,1126.8,491162074.0,491162074.0,491162074.0,,3,SUR,1.84,
TQBR,2018-12-29,Новатэк ао,NVTK,1922,88698015.0,1126.8,1122.3,1133.3,1132.0,1132.6,1132.0,78490,1130.1,1130.1,1132.0,88698015.0,88698015.0,88698015.0,,3,SUR,0.46,
TQBR,2019-01-03,Новатэк ао,NVTK,3269,467130897.0,1129.8,1111.0,1131.9,1118.2,1118.6,1118.2,417590,1118.6,1118.6,1118.2,467130897.0,467130897.0,467130897.0,,3,SUR,-1.22,
TQBR,2019-01-04,Новатэк ао,NVTK,2844,471485658.0,1118.0,1118.0,1140.8,1138.8,1131.0,1138.8,416890,1131.0,1131.0,1138.8,471485658.0,471485658.0,471485658.0,,3,SUR,1.84,
TQBR,2019-01-08,Новатэк ао,NVTK,3277,523310624.0,1138.9,1117.1,1138.9,1118.2,1122.0,1118.2,466410,1122.0,1122.0,1118.2,523310624.0,523310624.0,523310624.0,,3,SUR,-1.81,
TQBR,2019-01-09,Новатэк ао,NVTK,3343,565185499.0,1125.2,1119.0,1136.3,1121.0,1126.8,1121.0,501600,1126.8,1126.8,1121.0,565185499.0,565185499.0,565185499.0,,3,SUR,0.25,
TQBR,2019-01-10,Новатэк ао,NVTK,3055,469728878.0,1125.0,1114.1,1132.9,1132.5,1124.5,1132.5,417740,1124.5,1124.5,1132.5,469728878.0,469728878.0,469728878.0,,3,SUR,1.03,
TQBR,2019-01-11,Новатэк ао,NVTK,3174,578914024.0,1132.5,1123.3,1137.7,1129.4,1131.9,1129.4,511460,1131.9,1131.9,1129.4,578914024.0,578914024.0,578914024.0,,3,SUR,-0.27,
TQBR,2019-01-14,Новатэк ао,NVTK,3176,533948688.0,1128.5,1118.7,1133.0,1128.9,1124.5,1128.9,474680,1124.9,1124.9,1128.9,533948688.0,533948688.0,533948688.0,,3,SUR,-0.04,
TQBR,2019-01-15,Новатэк ао,NVTK,5443,689649568.0,1129.3,1120.5,1146.5,1130.8,1131.0,1130.8,609780,1131.0,1131.0,1130.8,689649568.0,689649568.0,689649568.0,,3,SUR,0.17,
TQBR,2019-01-16,Новатэк ао,NVTK,2621,516230989.0,1131.3,1123.5,1135.9,1124.9,1130.6,1124.9,456720,1130.3,1130.3,1124.9,516230989.0,516230989.0,516230989.0,,3,SUR,-0.52,
TQBR,2019-01-17,Новатэк ао,NVTK,5323,605006001.0,1130.0,1120.1,1135.0,1127.5,1125.4,1127.5,537580,1125.4,1125.4,1127.5,605006001.0,605006001.0,605006001.0,,3,SUR,0.23,
TQBR,2019-01-18,Новатэк ао,NVTK,3166,560891511.0,1130.0,1122.3,1132.5,1130.0,1128.2,1130.0,497150,1128.2,1128.2,1130.0,560891511.0,560891511.0,560891511.0,,3,SUR,0.22,
TQBR,2019-01-21,Новатэк ао,NVTK,4389,466144794.0,1132.0,1121.4,1137.7,1122.0,1127.6,1122.0,413390,1127.6,1127.6,1122.0,466144794.0,466144794.0,466144794.0,,3,SUR,-0.71,
TQBR,2019-01-22,Новатэк ао,NVTK,3832,451793104.0,1121.5,1110.6,1127.4,1116.4,1119.0,1116.4,403730,1119.0,1119.0,1116.4,451793104.0,451793104.0,451793104.0,,3,SUR,-0.5,
TQBR,2019-01-23,Новатэк ао,NVTK,2916,353196252.0,1122.0,1116.3,1125.9,1124.0,1121.8,1124.0,314860,1121.8,1121.8,1124.0,353196252.0,353196252.0,353196252.0,,3,SUR,0.68,
TQBR,2019-01-24,Новатэк ао,NVTK,9137,1041760789.0,1118.7,1082.1,1120.8,1098.3,1098.7,1098.3,948160,1098.7,1098.7,1098.3,1041760789.0,1041760789.0,1041760789.0,,3,SUR,-2.29,
TQBR,2019-01-25,Новатэк ао,NVTK,4057,611723142.0,1104.0,1100.8,1120.0,1115.0,1113.0,1115.0,549640,1113.0,1113.0,1115.0,611723142.0,611723142.0,611723142.0,,3,SUR,1.52,
TQBR,2019-01-28,Новатэк ао,NVTK,3461,467291023.0,1115.1,1112.1,1122.6,1118.6,1118.3,1118.6,417840,1118.3,1118.3,1118.6,467291023.0,467291023.0,467291023.0,,3,SUR,0.32,
TQBR,2019-01-29,Новатэк ао,NVTK,5218,667348822.0,1121.0,1118.5,1138.3,1133.5,1128.7,1133.5,591250,1128.7,1128.7,1133.5,667348822.0,667348822.0,667348822.0,,3,SUR,1.33,
TQBR,2019-01-30,Новатэк ао,NVTK,3854,522186359.0,1135.0,1128.1,1148.8,1139.3,1140.5,1139.3,457850,1140.5,1140.5,1139.3,522186359.0,522186359.0,522186359.0,,3,SUR,0.51,
TQBR,2019-01-31,Новатэк ао,NVTK,5693,664160086.0,1145.0,1134.6,1157.7,1145.0,1146.7,1145.0,579190,1146.7,1146.7,1145.0,664160086.0,664160086.0,664160086.0,,3,SUR,0.5,
TQBR,2019-02-01,Новатэк ао,NVTK,5202,640647386.0,1144.4,1125.0,1145.2,1125.2,1134.6,1125.2,564650,1134.6,1134.6,1125.2,640647386.0,640647386.0,640647386.0,,3,SUR,-1.73,
TQBR,2019-02-04,Новатэк ао,NVTK,3518,539288504.0,1126.0,1117.6,1142.6,1138.0,1132.0,1138.0,476400,1132.0,1132.0,1138.0,539288504.0,539288504.0,539288504.0,,3,SUR,1.14,
TQBR,2019-02-05,Новатэк ао,NVTK,3174,433397922.0,1138.0,1131.0,1147.0,1143.4,1140.2,1143.4,380100,1140.2,1140.2,1143.4,433397922.0,433397922.0,433397922.0,,3,SUR,0.47,
TQBR,2019-02-06,Новатэк ао,NVTK,3233,435237738.0,1144.0,1125.4,1149.4,1126.4,1133.8,1126.4,383880,1133.8,1133.8,1126.4,435237738.0,435237738.0,435237738.0,,3,SUR,-1.49,
TQBR,2019-02-07,Новатэк ао,NVTK,3301,549379672.0,1126.4,1120.2,1133.6,1130.0,1128.4,1130.0,486860,1128.4,1128.4,1130.0,549379672.0,549379672.0,549379672.0,,3,SUR,0.32,
TQBR,2019-02-08,Новатэк ао,NVTK,3111,499271572.0,1121.0,1121.0,1137.4,1127.6,1130.6,1127.6,441640,1130.4,1130.4,1127.6,499271572.0,499271572.0,499271572.0,,3,SUR,-0.21,
TQBR,2019-02-11,Новатэк ао,NVTK,4164,528329820.0,1129.0,1110.2,1134.6,1114.2,1121.4,1114.2,471150,1121.4,1121.4,1114.2,528329820.0,528329820.0,528329820.0,,3,SUR,-1.19,
TQBR,2019-02-12,Новатэк ао,NVTK,3268,446179772.0,1115.4,1111.2,1128.2,1121.2,1121.2,1121.2,397990,1121.0,1121.0,1121.2,446179772.0,446179772.0,446179772.0,,3,SUR,0.63,
TQBR,2019-02-13,Новатэк ао,NVTK,8567,1115930078.0,1123.8,1090.6,1124.8,1095.0,1101.6,1095.0,1012770,1101.8,1101.8,1095.0,1115930078.0,1115930078.0,1115930078.0,,3,SUR,-2.34,
TQBR,2019-02-14,Новатэк ао,NVTK,10508,1517161836.0,1080.8,1065.0,1098.0,1090.6,1082.2,1090.6,1401970,1082.2,1082.2,1090.6,1517161836.0,1517161836.0,1517161836.0,,3,SUR,-0.4,
TQBR,2019-02-15,Новатэк ао,NVTK,5975,981422454.0,1091.8,1072.4,1091.8,1087.4,1080.6,1087.4,907980,1080.8,1080.8,1087.4,981422454.0,981422454.0,981422454.0,,3,SUR,-0.29,
TQBR,2019-02-18,Новатэк ао,NVTK,6867,774946712.0,1091.2,1055.0,1095.0,1074.0,1068.6,1074.0,724650,1069.4,1069.4,1074.0,774946712.0,774946712.0,774946712.0,,3,SUR,-1.23,
TQBR,2019-02-19,Новатэк ао,NVTK,5402,826285670.0,1075.8,1074.2,1099.2,1094.6,1087.2,1094.6,759850,1087.4,1087.4,1094.6,826285670.0,826285670.0,826285670.0,,3,SUR,1.92,
TQBR,2019-02-20,Новатэк ао,NVTK,7301,1217077694.0,1096.2,1096.2,1125.8,1125.0,1113.6,1125.0,1093030,1113.4,1113.4,1125.0,1217077694.0,1217077694.0,1217077694.0,,3,SUR,2.78,
TQBR,2019-02-21,Новатэк ао,NVTK,6785,1359467892.0,1125.0,1115.0,1138.8,1121.6,1130.4,1121.6,1202710,1130.4,1130.4,1121.6,1359467892.0,1359467892.0,1359467892.0,,3,SUR,-0.3,
TQBR,2019-02-22,Новатэк ао,NVTK,2582,423809164.0,1125.2,1120.0,1135.0,1129.0,1128.6,1129.0,375560,1128.4,1128.4,1129.0,423809164.0,423809164.0,423809164.0,,3,SUR,0.66,
TQBR,2019-02-25,Новатэк ао,NVTK,4378,701975014.0,1132.6,1113.4,1133.6,1121.2,1122.0,1121.2,625750,1121.8,1121.8,1121.2,701975014.0,701975014.0,701975014.0,,3,SUR,-0.69,
TQBR,2019-02-26,Новатэк ао,NVTK,3591,501286224.0,1121.2,1103.8,1122.4,1106.0,1112.0,1106.0,450820,1112.0,1112.0,1106.0,501286224.0,501286224.0,501286224.0,,3,SUR,-1.36,
TQBR,2019-02-27,Новатэк ао,NVTK,4282,624511460.0,1114.0,1091.0,1120.8,1095.4,1102.4,1095.4,566520,1102.4,1102.4,1095.4,624511460.0,624511460.0,624511460.0,,3,SUR,-0.96,
TQBR,2019-02-28,Новатэк ао,NVTK,3392,391472132.0,1099.0,1072.6,1102.0,1080.4,1084.2,1080.4,361110,1084.0,1084.0,1080.4,391472132.0,391472132.0,391472132.0,,3,SUR,-1.37,
TQBR,2019-03-01,Новатэк ао,NVTK,3677,472959350.0,1085.0,1075.0,1096.6,1076.2,1081.0,1076.2,437370,1081.4,1081.4,1076.2,472959350.0,472959350.0,472959350.0,,3,SUR,-0.39,
TQBR,2019-03-04,Новатэк ао,NVTK,2607,307337072.0,1079.6,1076.0,1094.6,1094.2,1087.4,1094.2,282630,1087.4,1087.4,1094.2,307337072.0,307337072.0,307337072.0,,3,SUR,1.67,
TQBR,2019-03-05,Новатэк ао,NVTK,4513,549950576.0,1089.2,1068.6,1093.0,1081.0,1080.2,1081.0,509180,1080.0,1080.0,1081.0,549950576.0,549950576.0,549950576.0,,3,SUR,-1.21,
TQBR,2019-03-06,Новатэк ао,NVTK,3642,605419430.0,1076.2,1076.2,1092.6,1092.0,1086.2,1092.0,557400,1086.2,1086.2,1092.0,605419430.0,605419430.0,605419430.0,,3,SUR,1.02,
TQBR,2019-03-07,Новатэк ао,NVTK,3895,533137348.0,1092.0,1072.2,1092.0,1074.6,1079.2,1074.6,494060,1079.0,1079.0,1074.6,533137348.0,533137348.0,533137348.0,,3,SUR,-1.59,
TQBR,2019-03-11,Новатэк ао,NVTK,4756,611830726.0,1073.6,1072.6,1094.8,1089.0,1085.0,1089.0,563930,1085.0,1085.0,1089.0,611830726.0,611830726.0,611830726.0,,3,SUR,1.34,
TQBR,2019-03-12,Новатэк ао,NVTK,3272,555396480.0,1088.6,1080.2,1092.8,1088.0,1087.4,1088.0,510770,1087.4,1087.4,1088.0,555396480.0,555396480.0,555396480.0,,3,SUR,-0.09,
TQBR,2019-03-13,Новатэк ао,NVTK,3340,583885310.0,1085.2,1075.0,1088.6,1080.0,1078.6,1080.0,541350,1078.6,1078.6,1080.0,583885310.0,583885310.0,583885310.0,,3,SUR,-0.74,
TQBR,2019-03-14,Новатэк ао,NVTK,6464,856336698.0,1080.0,1058.0,1081.6,1060.4,1068.6,1060.4,801830,1068.0,1068.0,1060.4,856336698.0,856336698.0,856336698.0,,3,SUR,-1.81,
TQBR,2019-03-15,Новатэк ао,NVTK,5907,1469651536.0,1061.4,1054.2,1064.8,1057.6,1058.8,1057.6,1388200,1058.6,1058.6,1057.6,1469651536.0,1469651536.0,1469651536.0,,3,SUR,-0.26,
TQBR,2019-03-18,Новатэк ао,NVTK,4783,640072220.0,1062.0,1051.4,1064.8,1054.8,1058.4,1054.8,604770,1058.4,1058.4,1054.8,640072220.0,640072220.0,640072220.0,,3,SUR,-0.26,
TQBR,2019-03-19,Новатэк ао,NVTK,4924,762243922.0,1054.8,1052.0,1066.8,1052.0,1059.4,1052.0,719700,1059.2,1059.2,1052.0,762243922.0,762243922.0,762243922.0,,3,SUR,-0.27,
TQBR,2019-03-20,Новатэк ао,NVTK,5111,789249790.0,1056.2,1047.4,1064.4,1052.0,1057.8,1052.0,746200,1057.6,1057.6,1052.0,789249790.0,789249790.0,789249790.0,,3,SUR,0.0,
TQBR,2019-03-21,Новатэк ао,NVTK,11020,1870327978.0,1055.2,1051.8,1088.0,1085.4,1069.0,1085.4,1749560,1069.0,1069.0,1085.4,1870327978.0,1870327978.0,1870327978.0,,3,SUR,3.17,
TQBR,2019-03-22,Новатэк ао,NVTK,5507,795783508.0,1089.2,1077.6,1090.0,1084.8,1087.4,1084.8,731920,1087.2,1087.2,1084.8,795783508.0,795783508.0,795783508.0,,3,SUR,-0.06,
TQBR,2019-03-25,Новатэк ао,NVTK,3460,643953126.0,1085.2,1069.2,1091.4,1091.0,1084.2,1091.0,593920,1084.2,1084.2,1091.0,643953126.0,643953126.0,643953126.0,,3,SUR,0.57,
TQBR,2019-03-26,Новатэк ао,NVTK,3557,664280998.0,1090.0,1077.4,1091.0,1079.0,1082.8,1079.0,613540,1082.8,1082.8,1079.0,664280998.0,664280998.0,664280998.0,,3,SUR,-1.1,
TQBR,2019-03-27,Новатэк ао,NVTK,3198,395388028.0,1079.2,1060.4,1084.6,1061.8,1069.6,1061.8,369670,1069.6,1069.6,1061.8,395388028.0,395388028.0,395388028.0,,3,SUR,-1.59,
TQBR,2019-03-28,Новатэк ао,NVTK,2930,344199722.0,1062.4,1055.0,1065.0,1059.2,1058.8,1059.2,325160,1058.6,1058.6,1059.2,344199722.0,344199722.0,344199722.0,,3,SUR,-0.24,
TQBR,2019-03-29,Новатэк ао,NVTK,5892,778194180.0,1065.4,1055.2,1078.2,1078.2,1068.0,1078.2,728700,1068.0,1068.0,1078.2,778194180.0,778194180.0,778194180.0,,3,SUR,1.79,
TQBR,2019-04-01,Новатэк ао,NVTK,3312,501644234.0,1076.6,1061.0,1078.8,1063.0,1068.2,1063.0,469580,1068.2,1068.2,1063.0,501644234.0,501644234.0,501644234.0,,3,SUR,-1.41,
TQBR,2019-04-02,Новатэк ао,NVTK,2465,357040020.0,1067.0,1060.0,1071.0,1061.8,1066.2,1061.8,334870,1066.2,1066.2,1061.8,357040020.0,357040020.0,357040020.0,,3,SUR,-0.11,
TQBR,2019-04-03,Новатэк ао,NVTK,3089,379033046.0,1069.0,1065.8,1077.0,1068.0,1070.8,1068.0,353960,1070.8,1070.8,1068.0,379033046.0,379033046.0,379033046.0,,3,SUR,0.58,
TQBR,2019-04-04,Новатэк ао,NVTK,3069,383238596.0,1067.0,1057.4,1070.4,1060.0,1063.0,1060.0,360530,1063.0,1063.0,1060.0,383238596.0,383238596.0,383238596.0,,3,SUR,-0.75,
TQBR,2019-04-05,Новатэк ао,NVTK,2746,325462274.0,1064.4,1056.0,1068.6,1065.8,1061.8,1065.8,306520,1061.8,1061.8,1065.8,325462274.0,325462274.0,325462274.0,,3,SUR,0.55,
TQBR,2019-04-08,Новатэк ао,NVTK,2264,328168450.0,1065.6,1061.4,1079.6,1076.0,1069.0,1076.0,307020,1068.8,1068.8,1076.0,328168450.0,328168450.0,328168450.0,,3,SUR,0.96,
TQBR,2019-04-09,Новатэк ао,NVTK,3523,510396888.0,1075.8,1067.6,1087.0,1084.0,1079.6,1084.0,472790,1079.6,1079.6,1084.0,510396888.0,510396888.0,510396888.0,,3,SUR,0.74,
TQBR,2019-04-10,Новатэк ао,NVTK,4161,931204332.0,1084.0,1083.2,1098.4,1084.0,1090.6,1084.0,853880,1090.6,1090.6,1084.0,931204332.0,931204332.0,931204332.0,,3,SUR,0.0,
TQBR,2019-04-11,Новатэк ао,NVTK,3898,488894166.0,1089.0,1071.4,1091.2,1082.0,1080.6,1082.0,452470,1080.6,1080.6,1082.0,488894166.0,488894166.0,488894166.0,,3,SUR,-0.18,
TQBR,2019-04-12,Новатэк ао,NVTK,4320,645222440.0,1080.0,1075.4,1098.6,1097.0,1093.2,1097.0,590190,1093.2,1093.2,1097.0,645222440.0,645222440.0,645222440.0,,3,SUR,1.39,
TQBR,2019-04-15,Новатэк ао,NVTK,5044,725994108.0,1099.8,1077.8,1109.4,1082.2,1097.8,1082.2,661720,1097.2,1097.2,1082.2,725994108.0,725994108.0,725994108.0,,3,SUR,-1.35,
TQBR,2019-04-16,Новатэк ао,NVTK,3810,503665900.0,1084.2,1084.2,1108.2,1103.4,1099.0,1103.4,458310,1099.0,1099.0,1103.4,503665900.0,503665900.0,503665900.0,,3,SUR,1.96,
TQBR,2019-04-17,Новатэк ао,NVTK,3244,546948376.0,1104.8,1099.2,1117.0,1107.0,1112.0,1107.0,491890,1112.0,1112.0,1107.0,546948376.0,546948376.0,546948376.0,,3,SUR,0.33,
TQBR,2019-04-18,Новатэк ао,NVTK,2686,316696092.0,1104.0,1093.0,1115.4,1110.2,1105.2,1110.2,286560,1105.2,1105.2,1110.2,316696092.0,316696092.0,316696092.0,,3,SUR,0.29,
TQBR,2019-04-19,Новатэк ао,NVTK,2027,242790064.0,1112.0,1112.0,1123.8,1116.4,1118.0,1116.4,217170,1118.0,1118.0,1116.4,242790064.0,242790064.0,242790064.0,,3,SUR,0.56,
TQBR,2019-04-22,Новатэк ао,NVTK,3190,528398692.0,1118.2,1118.2,1145.8,1145.0,1134.0,1145.0,465970,1134.0,1134.0,1145.0,528398692.0,528398692.0,528398692.0,,3,SUR,2.56,
TQBR,2019-04-23,Новатэк ао,NVTK,5270,890974620.0,1149.0,1133.6,1158.8,1146.0,1142.8,1146.0,779730,1142.6,1142.6,1146.0,890974620.0,890974620.0,890974620.0,,3,SUR,0.09,
TQBR,2019-04-24,Новатэк ао,NVTK,3966,621704254.0,1149.8,1137.4,1149.8,1148.0,1144.2,1148.0,543370,1144.2,1144.2,1148.0,621704254.0,621704254.0,621704254.0,,3,SUR,0.17,
TQBR,2019-04-25,Новатэк ао,NVTK,11198,1768865082.0,1145.0,1137.4,1212.0,1187.0,1185.2,1187.0,1489790,1187.4,1187.4,1187.0,1768865082.0,1768865082.0,1768865082.0,,3,SUR,3.4,
TQBR,2019-04-26,Новатэк ао,NVTK,8289,1466399316.0,1187.2,1184.2,1219.6,1218.4,1209.2,1218.4,1212680,1209.2,1209.2,1218.4,1466399316.0,1466399316.0,1466399316.0,,3,SUR,2.65,
TQBR,2019-04-29,Новатэк ао,NVTK,6649,1061964164.0,1219.0,1191.2,1231.8,1205.2,1211.8,1205.2,876370,1211.8,1211.8,1205.2,1061964164.0,1061964164.0,1061964164.0,,3,SUR,-1.08,
TQBR,2019-04-30,Новатэк ао,NVTK,3989,748533442.0,1199.8,1190.4,1210.2,1205.2,1198.2,1205.2,624760,1198.2,1198.2,1205.2,748533442.0,748533442.0,748533442.0,,3,SUR,0.0,
TQBR,2019-05-02,Новатэк ао,NVTK,3897,1080197454.0,1205.0,1193.4,1208.0,1207.2,1202.2,1207.2,898530,1202.2,1202.2,1207.2,1080197454.0,1080197454.0,1080197454.0,,3,SUR,0.17,
TQBR,2019-05-03,Новатэк ао,NVTK,4875,1357763942.0,1200.2,1187.4,1202.4,1199.8,1195.0,1199.8,1136270,1195.0,1195.0,1199.8,1357763942.0,1357763942.0,1357763942.0,,3,SUR,-0.61,
TQBR,2019-05-06,Новатэк ао,NVTK,2314,522918316.0,1195.0,1185.8,1199.8,1199.8,1190.6,1199.8,439110,1190.8,1190.8,1199.8,522918316.0,522918316.0,522918316.0,,3,SUR,0.0,
TQBR,2019-05-07,Новатэк ао,NVTK,6529,1575774228.0,1195.0,1191.6,1219.4,1205.8,1207.4,1205.8,1305390,1207.2,1207.2,1205.8,1575774228.0,1575774228.0,1575774228.0,,3,SUR,0.5,
TQBR,2019-05-08,Новатэк ао,NVTK,4459,1120267532.0,1195.0,1193.6,1205.6,1203.0,1198.2,1203.0,935000,1198.2,1198.2,1203.0,1120267532.0,1120267532.0,1120267532.0,,3,SUR,-0.23,
TQBR,2019-05-10,Новатэк ао,NVTK,3014,496649274.0,1196.4,1192.4,1208.8,1200.0,1201.2,1200.0,413450,1201.2,1201.2,1200.0,496649274.0,496649274.0,496649274.0,,3,SUR,-0.25,
TQBR,2019-05-13,Новатэк ао,NVTK,7152,1419986786.0,1197.2,1197.2,1216.6,1210.0,1211.2,1210.0,1172600,1211.0,1211.0,1210.0,1419986786.0,1419986786.0,1419986786.0,,3,SUR,0.83,
TQBR,2019-05-14,Новатэк ао,NVTK,5023,1048225778.0,1210.0,1187.2,1219.8,1190.0,1200.0,1190.0,873550,1200.0,1200.0,1190.0,1048225778.0,1048225778.0,1048225778.0,,3,SUR,-1.65,
TQBR,2019-05-15,Новатэк ао,NVTK,4963,707751726.0,1197.4,1174.4,1197.4,1186.0,1182.8,1186.0,598350,1182.8,1182.8,1186.0,707751726.0,707751726.0,707751726.0,,3,SUR,-0.34,
TQBR,2019-05-16,Новатэк ао,NVTK,5746,1220587332.0,1179.0,1176.0,1220.0,1204.6,1192.4,1204.6,1024770,1191.0,1191.0,1204.6,1220587332.0,1220587332.0,1220587332.0,,3,SUR,1.57,
TQBR,2019-05-17,Новатэк ао,NVTK,3926,909290450.0,1212.0,1192.8,1217.4,1198.6,1202.4,1198.6,756670,1201.8,1201.8,1198.6,909290450.0,909290450.0,909290450.0,,3,SUR,-0.5,
TQBR,2019-05-20,Новатэк ао,NVTK,5162,1236082614.0,1198.0,1194.0,1308.2,1220.2,1217.0,1220.2,1015750,1217.0,1217.0,1220.2,1236082614.0,1236082614.0,1236082614.0,,3,SUR,1.8,
TQBR,2019-05-21,Новатэк ао,NVTK,6579,1433652434.0,1226.0,1224.4,1257.4,1245.0,1244.0,1245.0,1152580,1243.8,1243.8,1245.0,1433652434.0,1433652434.0,1433652434.0,,3,SUR,2.03,
TQBR,2019-05-22,Новатэк ао,NVTK,9505,2349528762.0,1252.6,1242.0,1308.4,1297.0,1285.8,1297.0,1827540,1285.6,1285.6,1297.0,2349528762.0,2349528762.0,2349528762.0,,3,SUR,4.18,
TQBR,2019-05-23,Новатэк ао,NVTK,7860,1914399148.0,1290.0,1271.2,1303.0,1302.0,1290.6,1302.0,1483210,1290.8,1290.8,1302.0,1914399148.0,1914399148.0,1914399148.0,,3,SUR,0.39,
TQBR,2019-05-24,Новатэк ао,NVTK,4010,1264139274.0,1304.4,1282.6,1304.4,1291.4,1292.4,1291.4,978150,1292.4,1292.4,1291.4,1264139274.0,1264139274.0,1264139274.0,,3,SUR,-0.81,
TQBR,2019-05-27,Новатэк ао,NVTK,3321,631744068.0,1291.4,1289.2,1320.0,1317.2,1312.0,1317.2,481560,1311.8,1311.8,1317.2,631744068.0,631744068.0,631744068.0,,3,SUR,2.0,
TQBR,2019-05-28,Новатэк ао,NVTK,6180,1386881940.0,1313.2,1293.2,1324.2,1306.0,1314.8,1306.0,1055050,1314.6,1314.6,1306.0,1386881940.0,1386881940.0,1386881940.0,,3,SUR,-0.85,
TQBR,2019-05-29,Новатэк ао,NVTK,4261,968032026.0,1306.6,1295.2,1320.0,1307.4,1308.4,1307.4,740060,1308.0,1308.0,1307.4,968032026.0,968032026.0,968032026.0,,3,SUR,0.11,
TQBR,2019-05-30,Новатэк ао,NVTK,7695,1025177092.0,1315.6,1276.4,1319.0,1308.0,1294.8,1308.0,791300,1295.6,1295.6,1308.0,1025177092.0,1025177092.0,1025177092.0,,3,SUR,0.05,
TQBR,2019-05-31,Новатэк ао,NVTK,5594,966803588.0,1307.8,1297.0,1332.4,1323.0,1312.4,1323.0,736730,1312.2,1312.2,1323.0,966803588.0,966803588.0,966803588.0,,3,SUR,1.15,
TQBR,2019-06-03,Новатэк ао,NVTK,7116,995577994.0,1323.0,1305.0,1357.8,1321.0,1333.2,1321.0,746820,1333.0,1333.0,1321.0,995577994.0,995577994.0,995577994.0,,3,SUR,-0.15,
TQBR,2019-06-04,Новатэк ао,NVTK,7536,1530765294.0,1320.0,1285.2,1337.0,1296.0,1305.6,1296.0,1173140,1304.8,1304.8,1296.0,1530765294.0,1530765294.0,1530765294.0,,3,SUR,-1.89,
TQBR,2019-06-05,Новатэк ао,NVTK,5348,797097828.0,1297.6,1271.0,1301.6,1279.0,1284.4,1279.0,620670,1284.2,1284.2,1279.0,797097828.0,797097828.0,797097828.0,,3,SUR,-1.31,
TQBR,2019-06-06,Новатэк ао,NVTK,5150,749872236.0,1277.8,1275.2,1297.8,1293.0,1290.8,1293.0,580940,1290.8,1290.8,1293.0,749872236.0,749872236.0,749872236.0,,3,SUR,1.09,
TQBR,2019-06-07,Новатэк ао,NVTK,3543,860944244.0,1303.6,1286.6,1303.6,1295.2,1295.6,1295.2,664440,1295.8,1295.8,1295.2,860944244.0,860944244.0,860944244.0,,3,SUR,0.17,
TQBR,2019-06-10,Новатэк ао,NVTK,3377,553671476.0,1299.0,1293.0,1312.8,1298.4,1303.8,1298.4,424690,1303.8,1303.8,1298.4,553671476.0,553671476.0,553671476.0,,3,SUR,0.25,
TQBR,2019-06-11,Новатэк ао,NVTK,4736,779884052.0,1298.0,1292.4,1335.0,1320.0,1319.0,1320.0,591330,1318.8,1318.8,1320.0,779884052.0,779884052.0,779884052.0,,3,SUR,1.66,
TQBR,2019-06-13,Новатэк ао,NVTK,4285,784356456.0,1315.0,1298.8,1322.4,1308.0,1308.8,1308.0,599290,1308.8,1308.8,1308.0,784356456.0,784356456.0,784356456.0,,3,SUR,-0.91,
TQBR,2019-06-14,Новатэк ао,NVTK,4114,776080884.0,1310.0,1302.0,1336.0,1305.4,1311.0,1305.4,591990,1311.0,1311.0,1305.4,776080884.0,776080884.0,776080884.0,,3,SUR,-0.2,
TQBR,2019-06-17,Новатэк ао,NVTK,5513,1378920944.0,1305.0,1301.4,1315.0,1307.0,1308.0,1307.0,1054190,1308.0,1308.0,1307.0,1378920944.0,1378920944.0,1378920944.0,,3,SUR,0.12,
TQBR,2019-06-18,Новатэк ао,NVTK,5232,956367608.0,1305.8,1292.2,1313.4,1309.8,1302.4,1309.8,734290,1302.4,1302.4,1309.8,956367608.0,956367608.0,956367608.0,,3,SUR,0.21,
TQBR,2019-06-19,Новатэк ао,NVTK,6847,1217889788.0,1308.4,1274.2,1319.0,1275.4,1290.4,1275.4,943830,1290.4,1290.4,1275.4,1217889788.0,1217889788.0,1217889788.0,,3,SUR,-2.63,
TQBR,2019-06-20,Новатэк ао,NVTK,9559,2094953988.0,1280.4,1280.0,1318.8,1309.8,1303.6,1309.8,1607100,1303.6,1303.6,1309.8,2094953988.0,2094953988.0,2094953988.0,,3,SUR,2.7,
TQBR,2019-06-21,Новатэк ао,NVTK,5609,1852139726.0,1312.0,1297.4,1321.0,1320.0,1312.8,1320.0,1410890,1312.8,1312.8,1320.0,1852139726.0,1852139726.0,1852139726.0,,3,SUR,0.78,
TQBR,2019-06-24,Новатэк ао,NVTK,4722,752660358.0,1314.4,1290.4,1318.2,1293.2,1302.0,1293.2,578130,1301.8,1301.8,1293.2,752660358.0,752660358.0,752660358.0,,3,SUR,-2.03,
TQBR,2019-06-25,Новатэк ао,NVTK,3303,544550918.0,1294.8,1290.6,1305.4,1294.0,1298.8,1294.0,419290,1298.8,1298.8,1294.0,544550918.0,544550918.0,544550918.0,,3,SUR,0.06,
TQBR,2019-06-26,Новатэк ао,NVTK,3373,649552370.0,1292.6,1285.8,1308.8,1306.0,1297.6,1306.0,500610,1297.6,1297.6,1306.0,649552370.0,649552370.0,649552370.0,,3,SUR,0.93,
TQBR,2019-06-27,Новатэк ао,NVTK,5620,1002139274.0,1308.0,1296.0,1346.6,1330.4,1318.2,1330.4,760240,1318.2,1318.2,1330.4,1002139274.0,1002139274.0,1002139274.0,,3,SUR,1.87,
TQBR,2019-06-28,Новатэк ао,NVTK,6949,1478362638.0,1340.0,1321.0,1353.0,1337.4,1339.4,1337.4,1103790,1339.4,1339.4,1337.4,1478362638.0,1478362638.0,1478362638.0,,3,SUR,0.53,
TQBR,2019-07-01,Новатэк ао,NVTK,10100,1694867340.0,1345.0,1300.0,1382.2,1305.2,1323.6,1305.2,1280590,1323.6,1323.6,1305.2,1694867340.0,1694867340.0,1694867340.0,,3,SUR,-2.41,
TQBR,2019-07-02,Новатэк ао,NVTK,4805,875925846.0,1310.0,1299.6,1319.2,1305.4,1306.4,1305.4,670310,1306.8,1306.8,1305.4,875925846.0,875925846.0,875925846.0,,3,SUR,0.02,
TQBR,2019-07-03,Новатэк ао,NVTK,6493,1107274126.0,1307.6,1286.6,1307.8,1299.2,1294.6,1299.2,855380,1294.4,1294.4,1299.2,1107274126.0,1107274126.0,1107274126.0,,3,SUR,-0.47,
TQBR,2019-07-04,Новатэк ао,NVTK,4554,869749594.0,1299.8,1289.6,1314.0,1310.0,1300.2,1310.0,668940,1300.2,1300.2,1310.0,869749594.0,869749594.0,869749594.0,,3,SUR,0.83,
TQBR,2019-07-05,Новатэк ао,NVTK,4456,977868318.0,1307.0,1300.4,1319.6,1308.4,1307.4,1308.4,748010,1307.2,1307.2,1308.4,977868318.0,977868318.0,977868318.0,,3,SUR,-0.12,
TQBR,2019-07-08,Новатэк ао,NVTK,4720,700807338.0,1309.8,1298.0,1312.0,1309.2,1305.8,1309.2,536690,1305.8,1305.8,1309.2,700807338.0,700807338.0,700807338.0,,3,SUR,0.06,
TQBR,2019-07-09,Новатэк ао,NVTK,5129,862527342.0,1310.0,1307.6,1327.2,1322.0,1319.6,1322.0,653660,1319.6,1319.6,1322.0,862527342.0,862527342.0,862527342.0,,3,SUR,0.98,
TQBR,2019-07-10,Новатэк ао,NVTK,3637,534600750.0,1328.8,1313.0,1330.0,1320.0,1321.4,1320.0,404570,1321.4,1321.4,1320.0,534600750.0,534600750.0,534600750.0,,3,SUR,-0.15,
TQBR,2019-07-11,Новатэк ао,NVTK,3287,607989738.0,1318.2,1307.0,1326.6,1317.0,1314.4,1317.0,462560,1314.4,1314.4,1317.0,607989738.0,607989738.0,607989738.0,,3,SUR,-0.23,
TQBR,2019-07-12,Новатэк ао,NVTK,4868,722856564.0,1317.0,1284.2,1317.0,1288.8,1295.8,1288.8,557870,1295.8,1295.8,1288.8,722856564.0,722856564.0,722856564.0,,3,SUR,-2.14,
TQBR,2019-07-15,Новатэк ао,NVTK,4041,548296220.0,1299.6,1271.0,1299.6,1274.2,1280.2,1274.2,428340,1280.0,1280.0,1274.2,548296220.0,548296220.0,548296220.0,,3,SUR,-1.13,
TQBR,2019-07-16,Новатэк ао,NVTK,3490,472515228.0,1274.0,1272.0,1289.8,1280.0,1282.8,1280.0,368500,1282.2,1282.2,1280.0,472515228.0,472515228.0,472515228.0,,3,SUR,0.46,
TQBR,2019-07-17,Новатэк ао,NVTK,4381,724130492.0,1279.6,1275.6,1311.0,1309.8,1301.0,1309.8,556600,1301.0,1301.0,1309.8,724130492.0,724130492.0,724130492.0,,3,SUR,2.33,
TQBR,2019-07-18,Новатэк ао,NVTK,2839,332434718.0,1303.8,1285.0,1306.0,1290.4,1291.6,1290.4,257410,1291.4,1291.4,1290.4,332434718.0,332434718.0,332434718.0,,3,SUR,-1.48,
TQBR,2019-07-19,Новатэк ао,NVTK,2535,455065390.0,1299.0,1286.8,1300.8,1292.2,1292.8,1292.2,351990,1292.8,1292.8,1292.2,455065390.0,455065390.0,455065390.0,,3,SUR,0.14,
TQBR,2019-07-22,Новатэк ао,NVTK,2103,281430168.0,1292.8,1288.2,1299.8,1297.0,1294.6,1297.0,217410,1294.4,1294.4,1297.0,281430168.0,281430168.0,281430168.0,,3,SUR,0.37,
TQBR,2019-07-23,Новатэк ао,NVTK,1981,265262464.0,1297.8,1287.2,1298.6,1297.2,1293.6,1297.2,205080,1293.4,1293.4,1297.2,265262464.0,265262464.0,265262464.0,,3,SUR,0.02,
TQBR,2019-07-24,Новатэк ао,NVTK,6400,1040814062.0,1299.2,1291.2,1323.4,1307.0,1308.4,1307.0,795470,1308.4,1308.4,1307.0,1040814062.0,1040814062.0,1040814062.0,,3,SUR,0.76,
TQBR,2019-07-25,Новатэк ао,NVTK,8425,1406336756.0,1310.0,1303.2,1337.4,1322.4,1321.6,1322.4,1064210,1321.4,1321.4,1322.4,1406336756.0,1406336756.0,1406336756.0,,3,SUR,1.18,
TQBR,2019-07-26,Новатэк ао,NVTK,6466,921368590.0,1319.2,1316.6,1338.8,1336.8,1329.2,1336.8,693210,1329.2,1329.2,1336.8,921368590.0,921368590.0,921368590.0,,3,SUR,1.09,
TQBR,2019-07-29,Новатэк ао,NVTK,2476,353647670.0,1330.2,1330.2,1341.6,1339.4,1336.2,1339.4,264680,1336.2,1336.2,1339.4,353647670.0,353647670.0,353647670.0,,3,SUR,0.19,
TQBR,2019-07-30,Новатэк ао,NVTK,2252,334525996.0,1336.4,1323.0,1342.0,1325.0,1330.6,1325.0,251410,1330.6,1330.6,1325.0,334525996.0,334525996.0,334525996.0,,3,SUR,-1.08,
TQBR,2019-07-31,Новатэк ао,NVTK,4035,526329278.0,1323.2,1312.8,1330.4,1319.6,1319.2,1319.6,398930,1319.4,1319.4,1319.6,526329278.0,526329278.0,526329278.0,,3,SUR,-0.41,
TQBR,2019-08-01,Новатэк ао,NVTK,3169,314769758.0,1315.0,1310.2,1335.4,1328.0,1325.2,1328.0,237520,1325.2,1325.2,1328.0,314769758.0,314769758.0,314769758.0,,3,SUR,0.64,
TQBR,2019-08-02,Новатэк ао,NVTK,8986,1301935416.0,1326.0,1282.8,1332.8,1294.0,1298.4,1294.0,1002780,1298.4,1298.4,1294.0,1301935416.0,1301935416.0,1301935416.0,,3,SUR,-2.56,
TQBR,2019-08-05,Новатэк ао,NVTK,5391,659994538.0,1287.6,1275.6,1295.6,1288.2,1283.6,1288.2,514190,1283.6,1283.6,1288.2,659994538.0,659994538.0,659994538.0,,3,SUR,-0.45,
TQBR,2019-08-06,Новатэк ао,NVTK,3071,451906970.0,1289.6,1282.0,1303.2,1303.2,1294.8,1303.2,349010,1294.8,1294.8,1303.2,451906970.0,451906970.0,451906970.0,,3,SUR,1.16,
TQBR,2019-08-07,Новатэк ао,NVTK,4442,584033370.0,1297.0,1288.8,1308.8,1304.8,1299.4,1304.8,449490,1299.4,1299.4,1304.8,584033370.0,584033370.0,584033370.0,,3,SUR,0.12,
TQBR,2019-08-08,Новатэк ао,NVTK,5293,663705602.0,1305.4,1305.4,1329.2,1318.0,1320.8,1318.0,502440,1321.0,1321.0,1318.0,663705602.0,663705602.0,663705602.0,,3,SUR,1.01,
TQBR,2019-08-09,Новатэк ао,NVTK,4636,769917886.0,1327.8,1285.6,1327.8,1288.6,1301.2,1288.6,591770,1301.0,1301.0,1288.6,769917886.0,769917886.0,769917886.0,,3,SUR,-2.23,
TQBR,2019-08-12,Новатэк ао,NVTK,7530,1037420250.0,1287.2,1259.0,1299.0,1273.0,1277.6,1273.0,812120,1277.4,1277.4,1273.0,1037420250.0,1037420250.0,1037420250.0,,3,SUR,-1.21,
TQBR,2019-08-13,Новатэк ао,NVTK,6575,946264584.0,1274.8,1250.0,1287.0,1278.4,1266.6,1278.4,747090,1266.6,1266.6,1278.4,946264584.0,946264584.0,946264584.0,,3,SUR,0.42,
TQBR,2019-08-14,Новатэк ао,NVTK,5099,727508626.0,1277.6,1245.0,1281.4,1255.8,1260.2,1255.8,577340,1260.2,1260.2,1255.8,727508626.0,727508626.0,727508626.0,,3,SUR,-1.77,
TQBR,2019-08-15,Новатэк ао,NVTK,5624,965023244.0,1256.0,1226.4,1262.0,1237.8,1240.2,1237.8,778160,1240.2,1240.2,1237.8,965023244.0,965023244.0,965023244.0,,3,SUR,-1.43,
TQBR,2019-08-16,Новатэк ао,NVTK,4583,929459600.0,1235.2,1230.0,1256.0,1250.0,1243.6,1250.0,747380,1243.6,1243.6,1250.0,929459600.0,929459600.0,929459600.0,,3,SUR,0.99,
TQBR,2019-08-19,Новатэк ао,NVTK,4944,754865146.0,1257.0,1245.4,1267.4,1248.0,1255.2,1248.0,601730,1254.4,1254.4,1248.0,754865146.0,754865146.0,754865146.0,,3,SUR,-0.16,
TQBR,2019-08-20,Новатэк ао,NVTK,3782,649098512.0,1254.0,1249.2,1278.4,1275.6,1264.4,1275.6,513380,1264.4,1264.4,1275.6,649098512.0,649098512.0,649098512.0,,3,SUR,2.21,
TQBR,2019-08-21,Новатэк ао,NVTK,3380,806682900.0,1280.0,1270.0,1281.6,1276.2,1273.4,1276.2,632490,1275.4,1275.4,1276.2,806682900.0,806682900.0,806682900.0,,3,SUR,0.05,
TQBR,2019-08-22,Новатэк ао,NVTK,3825,912062574.0,1275.0,1272.0,1292.2,1280.8,1280.2,1280.8,712510,1280.0,1280.0,1280.8,912062574.0,912062574.0,912062574.0,,3,SUR,0.36,
TQBR,2019-08-23,Новатэк ао,NVTK,5427,1210036444.0,1280.0,1260.0,1285.8,1272.6,1272.6,1272.6,950870,1272.6,1272.6,1272.6,1210036444.0,1210036444.0,1210036444.0,,3,SUR,-0.64,
TQBR,2019-08-26,Новатэк ао,NVTK,2699,428611252.0,1263.0,1260.8,1289.6,1284.0,1281.2,1284.0,334700,1280.6,1280.6,1284.0,428611252.0,428611252.0,428611252.0,,3,SUR,0.9,
TQBR,2019-08-27,Новатэк ао,NVTK,7632,2331729222.0,1283.0,1239.6,1283.8,1258.8,1267.8,1258.8,1839160,1267.8,1267.8,1258.8,2331729222.0,2331729222.0,2331729222.0,,3,SUR,-1.96,
TQBR,2019-08-28,Новатэк ао,NVTK,4942,767139822.0,1260.0,1251.0,1275.0,1275.0,1264.2,1275.0,606680,1264.4,1264.4,1275.0,767139822.0,767139822.0,767139822.0,,3,SUR,1.29,
TQBR,2019-08-29,Новатэк ао,NVTK,3518,555570534.0,1275.0,1272.0,1288.4,1282.4,1278.4,1282.4,434590,1278.4,1278.4,1282.4,555570534.0,555570534.0,555570534.0,,3,SUR,0.58,
TQBR,2019-08-30,Новатэк ао,NVTK,3283,438178826.0,1282.4,1281.2,1303.0,1288.0,1290.2,1288.0,339650,1290.0,1290.0,1288.0,438178826.0,438178826.0,438178826.0,,3,SUR,0.44,
TQBR,2019-09-02,Новатэк ао,NVTK,4753,537596003.8,1296.0,1284.0,1312.6,1306.0,1298.8,1306.0,413920,1298.8,1298.8,1306.0,537596003.8,537596003.8,537596003.8,,3,SUR,1.4,
TQBR,2019-09-03,Новатэк ао,NVTK,6185,787632898.0,1308.2,1289.0,1324.6,1320.0,1309.0,1320.0,601977,1308.4,1308.4,1320.0,787632898.0,787632898.0,787632898.0,,3,SUR,1.07,
TQBR,2019-09-04,Новатэк ао,NVTK,7091,689873409.6,1320.2,1315.2,1335.0,1318.8,1323.6,1318.8,521362,1323.2,1323.2,1318.8,689873409.6,689873409.6,689873409.6,,3,SUR,-0.09,
TQBR,2019-09-05,Новатэк ао,NVTK,6903,1124571856.2,1325.0,1317.0,1334.0,1321.0,1327.2,1321.0,847310,1327.2,1327.2,1321.0,1124571856.2,1124571856.2,1124571856.2,,3,SUR,0.17,
TQBR,2019-09-06,Новатэк ао,NVTK,8835,1164111642.6,1320.0,1201.2,1329.0,1312.0,1309.0,1312.0,889335,1309.0,1309.0,1312.0,1164111642.6,1164111642.6,1164111642.6,,3,SUR,-0.68,
TQBR,2019-09-09,Новатэк ао,NVTK,4951,456565407.8,1311.0,1292.0,1326.8,1292.0,1300.8,1292.0,351009,1300.8,1300.8,1292.0,456565407.8,456565407.8,456565407.8,,3,SUR,-1.52,
TQBR,2019-09-10,Новатэк ао,NVTK,9658,776978980.8,1290.8,1269.0,1297.2,1279.0,1279.2,1279.0,607438,1279.2,1279.2,1279.0,776978980.8,776978980.8,776978980.8,,3,SUR,-1.01,
TQBR,2019-09-11,Новатэк ао,NVTK,6745,792230638.0,1277.0,1277.0,1312.8,1303.6,1301.2,1303.6,608868,1301.2,1301.2,1303.6,792230638.0,792230638.0,792230638.0,,3,SUR,1.92,
TQBR,2019-09-12,Новатэк ао,NVTK,11365,1019723210.4,1304.0,1266.0,1309.4,1274.0,1281.4,1274.0,796006,1281.0,1281.0,1274.0,1019723210.4,1019723210.4,1019723210.4,,3,SUR,-2.27,
TQBR,2019-09-13,Новатэк ао,NVTK,5980,542623728.6,1269.4,1257.2,1274.0,1269.0,1266.4,1269.0,428481,1266.4,1266.4,1269.0,542623728.6,542623728.6,542623728.6,,3,SUR,-0.39,
TQBR,2019-09-16,Новатэк ао,NVTK,8961,1123530504.6,1271.4,1271.4,1317.0,1317.0,1299.4,1317.0,864971,1299.0,1299.0,1317.0,1123530504.6,1123530504.6,1123530504.6,,3,SUR,3.78,
TQBR,2019-09-17,Новатэк ао,NVTK,9748,1350447241.8,1312.0,1308.6,1337.0,1326.0,1324.6,1326.0,1019493,1324.6,1324.6,1326.0,1350447241.8,1350447241.8,1350447241.8,,3,SUR,0.68,
TQBR,2019-09-18,Новатэк ао,NVTK,4451,505734819.0,1327.2,1317.4,1332.0,1325.6,1325.6,1325.6,381553,1325.4,1325.4,1325.6,505734819.0,505734819.0,505734819.0,,3,SUR,-0.03,
TQBR,2019-09-19,Новатэк ао,NVTK,11300,754933925.6,1321.4,1310.4,1330.6,1314.2,1321.4,1314.2,571244,1321.6,1321.6,1314.2,754933925.6,754933925.6,754933925.6,,3,SUR,-0.86,
TQBR,2019-09-20,Новатэк ао,NVTK,3807,1006120172.8,1313.0,1298.0,1337.4,1337.4,1327.8,1337.4,757816,1327.6,1327.6,1337.4,1006120172.8,1006120172.8,1006120172.8,,3,SUR,1.77,
TQBR,2019-09-23,Новатэк ао,NVTK,7194,925662504.0,1330.0,1318.0,1361.0,1357.6,1338.4,1357.6,691652,1338.4,1338.4,1357.6,925662504.0,925662504.0,925662504.0,,3,SUR,1.51,
TQBR,2019-09-24,Новатэк ао,NVTK,6834,737006413.6,1354.4,1326.4,1364.2,1335.0,1342.8,1335.0,548606,1343.4,1343.4,1335.0,737006413.6,737006413.6,737006413.6,,3,SUR,-1.66,
TQBR,2019-09-25,Новатэк ао,NVTK,4542,530490540.8,1333.0,1323.0,1353.4,1350.0,1339.6,1350.0,396017,1339.6,1339.6,1350.0,530490540.8,530490540.8,530490540.8,,3,SUR,1.12,
TQBR,2019-09-26,Новатэк ао,NVTK,8255,1075353866.8,1350.0,1342.8,1369.0,1367.0,1357.4,1367.0,792266,1357.4,1357.4,1367.0,1075353866.8,1075353866.8,1075353866.8,,3,SUR,1.26,
TQBR,2019-09-27,Новатэк ао,NVTK,6839,829112322.8,1367.0,1337.0,1375.8,1339.6,1348.0,1339.6,615116,1347.8,1347.8,1339.6,829112322.8,829112322.8,829112322.8,,3,SUR,-2.0,
TQBR,2019-09-30,Новатэк ао,NVTK,6422,779653946.0,1345.8,1311.8,1345.8,1312.4,1327.4,1312.4,587440,1327.2,1327.2,1312.4,779653946.0,779653946.0,779653946.0,,3,SUR,-2.03,
TQBR,2019-10-01,Новатэк ао,NVTK,5348,683882679.0,1317.0,1311.4,1331.2,1319.0,1321.2,1319.0,517667,1321.0,1321.0,1319.0,683882679.0,683882679.0,683882679.0,,3,SUR,0.5,
TQBR,2019-10-02,Новатэк ао,NVTK,6782,642850483.8,1313.0,1291.8,1322.0,1294.0,1304.8,1294.0,492807,1304.4,1304.4,1294.0,642850483.8,642850483.8,642850483.8,,3,SUR,-1.9,
TQBR,2019-10-03,Новатэк ао,NVTK,6777,610751785.0,1303.4,1286.4,1307.8,1290.0,1294.8,1290.0,471808,1294.4,1294.4,1290.0,610751785.0,610751785.0,610751785.0,,3,SUR,-0.31,
TQBR,2019-10-04,Новатэк ао,NVTK,5443,593494743.4,1298.0,1290.0,1313.4,1291.6,1299.6,1291.6,456716,1299.4,1299.4,1291.6,593494743.4,593494743.4,593494743.4,,3,SUR,0.12,
TQBR,2019-10-07,Новатэк ао,NVTK,4091,394921996.8,1292.0,1286.4,1312.8,1306.8,1301.8,1306.8,303363,1301.8,1301.8,1306.8,394921996.8,394921996.8,394921996.8,,3,SUR,1.18,
TQBR,2019-10-08,Новатэк ао,NVTK,3928,501133651.0,1304.0,1300.8,1316.2,1314.0,1309.8,1314.0,382614,1309.8,1309.8,1314.0,501133651.0,501133651.0,501133651.0,,3,SUR,0.55,
TQBR,2019-10-09,Новатэк ао,NVTK,5015,565968474.8,1303.0,1297.0,1330.8,1299.2,1310.2,1299.2,431962,1310.2,1310.2,1299.2,565968474.8,565968474.8,565968474.8,,3,SUR,-1.13,
TQBR,2019-10-10,Новатэк ао,NVTK,4232,431499193.0,1299.2,1291.6,1325.0,1324.0,1307.2,1324.0,330107,1307.2,1307.2,1324.0,431499193.0,431499193.0,431499193.0,,3,SUR,1.91,
TQBR,2019-10-11,Новатэк ао,NVTK,5733,624690259.0,1326.6,1311.2,1348.4,1334.2,1330.8,1334.2,469418,1330.8,1330.8,1334.2,624690259.0,624690259.0,624690259.0,,3,SUR,0.77,
TQBR,2019-10-14,Новатэк ао,NVTK,4784,489651032.4,1328.0,1321.0,1348.2,1325.4,1331.2,1325.4,367858,1331.0,1331.0,1325.4,489651032.4,489651032.4,489651032.4,,3,SUR,-0.66,
TQBR,2019-10-15,Новатэк ао,NVTK,4145,488022241.2,1322.6,1316.4,1339.0,1337.0,1327.6,1337.0,367598,1327.6,1327.6,1337.0,488022241.2,488022241.2,488022241.2,,3,SUR,0.88,
TQBR,2019-10-16,Новатэк ао,NVTK,6689,839052355.2,1337.0,1337.0,1360.0,1360.0,1349.0,1360.0,621972,1349.0,1349.0,1360.0,839052355.2,839052355.2,839052355.2,,3,SUR,1.72,
TQBR,2019-10-17,Новатэк ао,NVTK,4647,496606239.4,1362.0,1343.6,1363.4,1352.0,1349.2,1352.0,368073,1349.2,1349.2,1352.0,496606239.4,496606239.4,496606239.4,,3,SUR,-0.59,
TQBR,2019-10-18,Новатэк ао,NVTK,3581,421375664.4,1345.2,1335.6,1355.0,1336.8,1346.4,1336.8,312992,1346.2,1346.2,1336.8,421375664.4,421375664.4,421375664.4,,3,SUR,-1.12,
TQBR,2019-10-21,Новатэк ао,NVTK,4515,535889540.4,1335.2,1324.0,1339.0,1330.6,1330.2,1330.6,402850,1330.2,1330.2,1330.6,535889540.4,535889540.4,535889540.4,,3,SUR,-0.46,
TQBR,2019-10-22,Новатэк ао,NVTK,5971,575394402.6,1330.6,1319.4,1348.0,1348.0,1333.0,1348.0,431779,1332.6,1332.6,1348.0,575394402.6,575394402.6,575394402.6,,3,SUR,1.31,
TQBR,2019-10-23,Новатэк ао,NVTK,3301,348392183.0,1345.6,1337.0,1349.2,1340.0,1342.6,1340.0,259408,1343.0,1343.0,1340.0,348392183.0,348392183.0,348392183.0,,3,SUR,-0.59,
TQBR,2019-10-24,Новатэк ао,NVTK,7342,687295444.4,1339.2,1332.0,1359.8,1359.8,1343.2,1359.8,511725,1343.0,1343.0,1359.8,687295444.4,687295444.4,687295444.4,,3,SUR,1.48,
TQBR,2019-10-25,Новатэк ао,NVTK,9940,1137021548.6,1359.0,1313.4,1359.0,1343.0,1332.4,1343.0,853543,1332.2,1332.2,1343.0,1137021548.6,1137021548.6,1137021548.6,,3,SUR,-1.24,
TQBR,2019-10-28,Новатэк ао,NVTK,6043,780610960.2,1343.0,1335.0,1353.6,1342.0,1342.8,1342.0,581392,1342.6,1342.6,1342.0,780610960.2,780610960.2,780610960.2,,3,SUR,-0.07,
TQBR,2019-10-29,Новатэк ао,NVTK,6952,807968860.2,1339.8,1336.2,1359.4,1359.4,1349.2,1359.4,598871,1349.2,1349.2,1359.4,807968860.2,807968860.2,807968860.2,,3,SUR,1.3,
TQBR,2019-10-30,Новатэк ао,NVTK,10525,1149826724.0,1358.0,1345.4,1365.6,1365.0,1357.6,1365.0,846950,1357.6,1357.6,1365.0,1149826724.0,1149826724.0,1149826724.0,,3,SUR,0.41,
TQBR,2019-10-31,Новатэк ао,NVTK,7354,806306387.0,1368.2,1347.4,1372.8,1360.0,1358.0,1360.0,593796,1357.8,1357.8,1360.0,806306387.0,806306387.0,806306387.0,,3,SUR,-0.37,
TQBR,2019-11-01,Новатэк ао,NVTK,5646,650683551.2,1360.0,1350.0,1367.0,1364.0,1359.2,1364.0,478749,1359.2,1359.2,1364.0,650683551.2,650683551.2,650683551.2,,3,SUR,0.29,
TQBR,2019-11-05,Новатэк ао,NVTK,7101,817902294.6,1367.0,1357.0,1377.2,1374.4,1368.0,1374.4,597945,1367.8,1367.8,1374.4,817902294.6,817902294.6,817902294.6,,3,SUR,0.76,
TQBR,2019-11-06,Новатэк ао,NVTK,5238,654057794.8,1374.0,1365.0,1374.2,1373.6,1371.2,1373.6,477017,1371.2,1371.2,1373.6,654057794.8,654057794.8,654057794.8,,3,SUR,-0.06,
TQBR,2019-11-07,Новатэк ао,NVTK,6034,802503168.0,1372.6,1357.8,1380.0,1380.0,1374.8,1380.0,583755,1374.8,1374.8,1380.0,802503168.0,802503168.0,802503168.0,,3,SUR,0.47,
TQBR,2019-11-08,Новатэк ао,NVTK,7100,964378601.6,1375.0,1351.0,1382.0,1363.0,1361.6,1363.0,708290,1361.6,1361.6,1363.0,964378601.6,964378601.6,964378601.6,,3,SUR,-1.23,
TQBR,2019-11-11,Новатэк ао,NVTK,6773,804533668.6,1360.0,1348.8,1362.0,1349.0,1352.4,1349.0,594948,1352.2,1352.2,1349.0,804533668.6,804533668.6,804533668.6,,3,SUR,-1.03,
TQBR,2019-11-12,Новатэк ао,NVTK,5879,750898604.6,1353.8,1350.0,1368.8,1352.2,1359.2,1352.2,552502,1359.0,1359.0,1352.2,750898604.6,750898604.6,750898604.6,,3,SUR,0.24,
TQBR,2019-11-13,Новатэк ао,NVTK,4520,493358412.2,1351.2,1340.2,1356.6,1351.0,1349.6,1351.0,365587,1349.4,1349.4,1351.0,493358412.2,493358412.2,493358412.2,,3,SUR,-0.09,
TQBR,2019-11-14,Новатэк ао,NVTK,7916,773227045.8,1349.0,1319.4,1356.4,1331.6,1340.0,1331.6,577313,1339.4,1339.4,1331.6,773227045.8,773227045.8,773227045.8,,3,SUR,-1.44,
TQBR,2019-11-15,Новатэк ао,NVTK,6570,893788508.6,1332.4,1315.8,1346.0,1334.4,1329.8,1334.4,672164,1329.8,1329.8,1334.4,893788508.6,893788508.6,893788508.6,,3,SUR,0.21,
TQBR,2019-11-18,Новатэк ао,NVTK,7693,748241539.8,1335.0,1306.2,1342.6,1309.8,1322.0,1309.8,566209,1321.4,1321.4,1309.8,748241539.8,748241539.8,748241539.8,,3,SUR,-1.84,
TQBR,2019-11-19,Новатэк ао,NVTK,7184,854416383.2,1315.0,1305.0,1327.8,1314.2,1314.2,1314.2,650151,1314.2,1314.2,1314.2,854416383.2,854416383.2,854416383.2,,3,SUR,0.34,
TQBR,2019-11-20,Новатэк ао,NVTK,6433,661462127.4,1314.0,1298.0,1315.6,1305.0,1307.2,1305.0,506002,1307.2,1307.2,1305.0,661462127.4,661462127.4,661462127.4,,3,SUR,-0.7,
TQBR,2019-11-21,Новатэк ао,NVTK,4959,506092371.8,1305.0,1295.2,1306.8,1302.8,1299.0,1302.8,389621,1299.0,1299.0,1302.8,506092371.8,506092371.8,506092371.8,,3,SUR,-0.17,
TQBR,2019-11-22,Новатэк ао,NVTK,6980,864461957.8,1302.8,1300.4,1321.6,1309.4,1312.8,1309.4,658537,1312.8,1312.8,1309.4,864461957.8,864461957.8,864461957.8,,3,SUR,0.51,
TQBR,2019-11-25,Новатэк ао,NVTK,5124,546695157.2,1309.8,1299.0,1315.2,1308.8,1308.2,1308.8,417883,1308.2,1308.2,1308.8,546695157.2,546695157.2,546695157.2,,3,SUR,-0.05,
TQBR,2019-11-26,Новатэк ао,NVTK,10241,1220289941.0,1308.0,1272.0,1309.8,1280.0,1284.2,1280.0,949665,1285.0,1285.0,1280.0,1220289941.0,1220289941.0,1220289941.0,,3,SUR,-2.2,
TQBR,2019-11-27,Новатэк ао,NVTK,18203,1913736961.8,1290.0,1256.2,1295.0,1269.0,1270.2,1269.0,1504735,1271.8,1271.8,1269.0,1913736961.8,1913736961.8,1913736961.8,,3,SUR,-0.86,
TQBR,2019-11-28,Новатэк ао,NVTK,7315,635058122.6,1271.6,1252.6,1278.8,1272.8,1266.4,1272.8,501670,1265.8,1265.8,1272.8,635058122.6,635058122.6,635058122.6,,3,SUR,0.3,
TQBR,2019-11-29,Новатэк ао,NVTK,5232,576605709.4,1273.2,1260.0,1276.6,1267.6,1271.4,1267.6,453535,1271.4,1271.4,1267.6,576605709.4,576605709.4,576605709.4,,3,SUR,-0.41,
TQBR,2019-12-02,Новатэк ао,NVTK,8265,746496358.2,1269.8,1256.8,1274.0,1258.4,1265.4,1258.4,589995,1265.2,1265.2,1258.4,746496358.2,746496358.2,746496358.2,,3,SUR,-0.73,
TQBR,2019-12-03,Новатэк ао,NVTK,6327,532982368.2,1257.0,1248.8,1264.8,1250.0,1254.8,1250.0,424798,1254.6,1254.6,1250.0,532982368.2,532982368.2,532982368.2,,3,SUR,-0.67,
TQBR,2019-12-04,Новатэк ао,NVTK,10569,1204122119.6,1250.0,1236.2,1276.4,1271.0,1265.4,1271.0,951036,1266.2,1266.2,1271.0,1204122119.6,1204122119.6,1204122119.6,,3,SUR,1.68,
TQBR,2019-12-05,Новатэк ао,NVTK,9323,901403056.0,1276.0,1250.0,1276.0,1251.4,1259.8,1251.4,715584,1259.6,1259.6,1251.4,901403056.0,901403056.0,901403056.0,,3,SUR,-1.54,
TQBR,2019-12-06,Новатэк ао,NVTK,9204,819921433.0,1253.6,1249.0,1268.0,1255.0,1255.8,1255.0,652909,1255.8,1255.8,1255.0,819921433.0,819921433.0,819921433.0,,3,SUR,0.29,
TQBR,2019-12-09,Новатэк ао,NVTK,8582,816332563.6,1267.2,1256.2,1267.8,1262.6,1261.4,1262.6,647229,1261.2,1261.2,1262.6,816332563.6,816332563.6,816332563.6,,3,SUR,0.61,
TQBR,2019-12-10,Новатэк ао,NVTK,6715,697412511.2,1260.4,1245.6,1264.6,1248.8,1254.0,1248.8,556198,1253.8,1253.8,1248.8,697412511.2,697412511.2,697412511.2,,3,SUR,-1.09,
TQBR,2019-12-11,Новатэк ао,NVTK,8408,710976493.0,1250.0,1245.0,1261.0,1245.6,1250.4,1245.6,568612,1250.4,1250.4,1245.6,710976493.0,710976493.0,710976493.0,,3,SUR,-0.26,
TQBR,2019-12-12,Новатэк ао,NVTK,11243,1303705352.8,1251.0,1245.4,1268.0,1256.0,1259.6,1256.0,1035114,1259.4,1259.4,1256.0,1303705352.8,1303705352.8,1303705352.8,,3,SUR,0.83,
TQBR,2019-12-13,Новатэк ао,NVTK,8181,901350561.4,1260.0,1249.2,1265.8,1259.6,1255.6,1259.6,717889,1255.6,1255.6,1259.6,901350561.4,901350561.4,901350561.4,,3,SUR,0.29,
TQBR,2019-12-16,Новатэк ао,NVTK,8011,654902954.2,1261.8,1252.2,1285.2,1284.0,1269.8,1284.0,515828,1269.6,1269.6,1284.0,654902954.2,654902954.2,654902954.2,,3,SUR,1.94,
TQBR,2019-12-17,Новатэк ао,NVTK,11481,1052973198.2,1290.0,1269.8,1291.6,1279.2,1279.4,1279.2,823096,1279.2,1279.2,1279.2,1052973198.2,1052973198.2,1052973198.2,,3,SUR,-0.37,
TQBR,2019-12-18,Новатэк ао,NVTK,8304,851352758.4,1279.2,1274.0,1288.8,1288.8,1281.8,1288.8,664222,1281.8,1281.8,1288.8,851352758.4,851352758.4,851352758.4,,3,SUR,0.75,
TQBR,2019-12-19,Новатэк ао,NVTK,15145,1254544062.6,1289.6,1283.2,1302.8,1294.4,1294.6,1294.4,969070,1294.6,1294.6,1294.4,1254544062.6,1254544062.6,1254544062.6,,3,SUR,0.43,
TQBR,2019-12-20,Новатэк ао,NVTK,6698,1157395494.6,1294.6,1276.8,1300.4,1292.4,1288.2,1292.4,898547,1288.0,1288.0,1292.4,1157395494.6,1157395494.6,1157395494.6,,3,SUR,-0.15,
TQBR,2019-12-23,Новатэк ао,NVTK,7151,729246105.8,1288.4,1271.6,1292.6,1274.4,1279.6,1274.4,569893,1279.6,1279.6,1274.4,729246105.8,729246105.8,729246105.8,,3,SUR,-1.39,
TQBR,2019-12-24,Новатэк ао,NVTK,6329,407367158.0,1274.4,1257.0,1277.2,1263.6,1264.8,1263.6,322109,1264.6,1264.6,1263.6,407367158.0,407367158.0,407367158.0,,3,SUR,-0.85,
TQBR,2019-12-25,Новатэк ао,NVTK,3874,237679216.2,1264.2,1251.2,1273.8,1268.4,1259.2,1268.4,188773,1259.0,1259.0,1268.4,237679216.2,237679216.2,237679216.2,,3,SUR,0.38,
TQBR,2019-12-26,Новатэк ао,NVTK,4535,299222436.8,1270.0,1256.2,1272.8,1269.0,1265.4,1269.0,236463,1265.4,1265.4,1269.0,299222436.8,299222436.8,299222436.8,,3,SUR,0.05,
TQBR,2019-12-27,Новатэк ао,NVTK,7580,707233011.2,1272.0,1252.6,1274.2,1268.8,1266.0,1268.8,558541,1266.2,1266.2,1268.8,707233011.2,707233011.2,707233011.2,,3,SUR,-0.02,
TQBR,2019-12-30,Новатэк ао,NVTK,4943,338719738.2,1269.4,1260.2,1269.4,1262.0,1262.6,1262.0,268287,1262.6,1262.6,1262.0,338719738.2,338719738.2,338719738.2,,3,SUR,-0.54,
TQBR,2020-01-03,Новатэк ао,NVTK,4777,516437362.4,1264.2,1260.6,1271.0,1264.0,1266.4,1264.0,407823,1266.4,1266.4,1264.0,516437362.4,516437362.4,516437362.4,,3,SUR,0.16,
TQBR,2020-01-06,Новатэк ао,NVTK,4397,319779636.0,1268.0,1256.8,1272.0,1271.0,1263.4,1271.0,253125,1263.4,1263.4,1271.0,319779636.0,319779636.0,319779636.0,,3,SUR,0.55,
TQBR,2020-01-08,Новатэк ао,NVTK,15553,1626440223.4,1280.8,1276.2,1329.0,1325.4,1312.8,1325.4,1238918,1312.8,1312.8,1325.4,1626440223.4,1626440223.4,1626440223.4,,3,SUR,4.28,
TQBR,2020-01-09,Новатэк ао,NVTK,10237,1009660454.8,1325.0,1310.4,1345.0,1339.4,1331.8,1339.4,758155,1331.8,1331.8,1339.4,1009660454.8,1009660454.8,1009660454.8,,3,SUR,1.06,
TQBR,2020-01-10,Новатэк ао,NVTK,8945,840527229.2,1339.0,1303.8,1339.6,1306.8,1315.2,1306.8,639010,1315.4,1315.4,1306.8,840527229.2,840527229.2,840527229.2,,3,SUR,-2.43,
TQBR,2020-01-13,Новатэк ао,NVTK,7434,813756140.6,1314.6,1295.0,1314.8,1305.6,1304.6,1305.6,623810,1304.4,1304.4,1305.6,813756140.6,813756140.6,813756140.6,,3,SUR,-0.09,
TQBR,2020-01-14,Новатэк ао,NVTK,25136,2142677495.4,1310.0,1258.0,1317.4,1259.0,1276.2,1259.0,1678903,1276.2,1276.2,1259.0,2142677495.4,2142677495.4,2142677495.4,,3,SUR,-3.57,
TQBR,2020-01-15,Новатэк ао,NVTK,15470,1593617297.0,1258.6,1251.8,1272.0,1260.0,1262.4,1260.0,1262323,1262.4,1262.4,1260.0,1593617297.0,1593617297.0,1593617297.0,,3,SUR,0.08,
TQBR,2020-01-16,Новатэк ао,NVTK,10857,948094239.0,1263.0,1260.2,1274.0,1264.0,1266.2,1264.0,748759,1266.2,1266.2,1264.0,948094239.0,948094239.0,948094239.0,,3,SUR,0.32,
TQBR,2020-01-17,Новатэк ао,NVTK,14935,1462012153.6,1263.0,1255.4,1279.6,1255.4,1268.0,1255.4,1152899,1268.2,1268.2,1255.4,1462012153.6,1462012153.6,1462012153.6,,3,SUR,-0.68,
TQBR,2020-01-20,Новатэк ао,NVTK,18264,1364690976.4,1255.8,1241.6,1267.0,1243.0,1254.8,1243.0,1086915,1255.6,1255.6,1243.0,1364690976.4,1364690976.4,1364690976.4,,3,SUR,-0.99,
TQBR,2020-01-21,Новатэк ао,NVTK,21181,1318454361.0,1243.0,1211.4,1247.6,1242.0,1231.2,1242.0,1070377,1231.8,1231.8,1242.0,1318454361.0,1318454361.0,1318454361.0,,3,SUR,-0.08,
TQBR,2020-01-22,Новатэк ао,NVTK,36321,2437042053.0,1245.8,1185.2,1249.8,1196.8,1212.2,1196.8,2010364,1212.2,1212.2,1196.8,2437042053.0,2437042053.0,2437042053.0,,3,SUR,-3.64,
TQBR,2020-01-23,Новатэк ао,NVTK,20726,1837457151.2,1200.0,1198.0,1233.6,1212.4,1217.4,1212.4,1509440,1217.4,1217.4,1212.4,1837457151.2,1837457151.2,1837457151.2,,3,SUR,1.3,
TQBR,2020-01-24,Новатэк ао,NVTK,12791,1145389636.6,1212.4,1193.0,1219.2,1202.0,1203.8,1202.0,951558,1203.6,1203.6,1202.0,1145389636.6,1145389636.6,1145389636.6,,3,SUR,-0.86,
TQBR,2020-01-27,Новатэк ао,NVTK,16530,1477516119.8,1195.0,1172.0,1207.4,1176.6,1189.8,1176.6,1241822,1189.8,1189.8,1176.6,1477516119.8,1477516119.8,1477516119.8,,3,SUR,-2.11,
TQBR,2020-01-28,Новатэк ао,NVTK,14941,1194679295.0,1178.2,1156.2,1185.8,1168.2,1169.6,1168.2,1021520,1169.6,1169.6,1168.2,1194679295.0,1194679295.0,1194679295.0,,3,SUR,-0.71,
TQBR,2020-01-29,Новатэк ао,NVTK,16813,1841425245.6,1169.4,1161.0,1202.0,1199.0,1190.0,1199.0,1547800,1189.8,1189.8,1199.0,1841425245.6,1841425245.6,1841425245.6,,3,SUR,2.64,
TQBR,2020-01-30,Новатэк ао,NVTK,9867,1152156257.4,1190.0,1185.8,1202.8,1193.6,1194.2,1193.6,964843,1194.2,1194.2,1193.6,1152156257.4,1152156257.4,1152156257.4,,3,SUR,-0.45,
TQBR,2020-01-31,Новатэк ао,NVTK,21971,2415244566.8,1197.0,1154.2,1199.8,1155.6,1172.6,1155.6,2060061,1172.4,1172.4,1155.6,2415244566.8,2415244566.8,2415244566.8,,3,SUR,-3.18,
TQBR,2020-02-03,Новатэк ао,NVTK,17635,1534283376.8,1146.0,1128.2,1166.0,1140.0,1142.6,1140.0,1342822,1142.6,1142.6,1140.0,1534283376.8,1534283376.8,1534283376.8,,3,SUR,-1.35,
TQBR,2020-02-04,Новатэк ао,NVTK,14474,1315843490.6,1139.2,1122.2,1154.0,1143.6,1140.8,1143.6,1153441,1140.8,1140.8,1143.6,1315843490.6,1315843490.6,1315843490.6,,3,SUR,0.32,
TQBR,2020-02-05,Новатэк ао,NVTK,16357,2128713204.2,1143.0,1129.2,1170.4,1153.8,1153.4,1153.8,1845597,1153.4,1153.4,1153.8,2128713204.2,2128713204.2,2128713204.2,,3,SUR,0.89,
TQBR,2020-02-06,Новатэк ао,NVTK,36225,2772637793.2,1158.0,1092.0,1165.0,1097.6,1118.0,1097.6,2480156,1118.0,1118.0,1097.6,2772637793.2,2772637793.2,2772637793.2,,3,SUR,-4.87,
TQBR,2020-02-07,Новатэк ао,NVTK,34562,2677339453.6,1098.2,1059.0,1108.8,1072.0,1074.4,1072.0,2492224,1074.2,1074.2,1072.0,2677339453.6,2677339453.6,2677339453.6,,3,SUR,-2.33,
TQBR,2020-02-10,Новатэк ао,NVTK,32153,2487179023.2,1076.8,1046.0,1087.2,1047.2,1057.2,1047.2,2352305,1057.4,1057.4,1047.2,2487179023.2,2487179023.2,2487179023.2,,3,SUR,-2.31,
TQBR,2020-02-11,Новатэк ао,NVTK,25614,2532583186.2,1052.2,1037.4,1067.0,1060.0,1051.6,1060.0,2408611,1051.4,1051.4,1060.0,2532583186.2,2532583186.2,2532583186.2,,3,SUR,1.22,
TQBR,2020-02-12,Новатэк ао,NVTK,23675,2413452411.0,1064.0,1043.0,1065.0,1050.0,1052.4,1050.0,2293957,1052.0,1052.0,1050.0,2413452411.0,2413452411.0,2413452411.0,,3,SUR,-0.94,
TQBR,2020-02-13,Новатэк ао,NVTK,22018,1976672059.0,1050.2,1049.6,1075.6,1054.0,1059.6,1054.0,1865805,1059.4,1059.4,1054.0,1976672059.0,1976672059.0,1976672059.0,,3,SUR,0.38,
TQBR,2020-02-14,Новатэк ао,NVTK,21305,1561453216.8,1055.0,1048.0,1071.0,1051.4,1056.8,1051.4,1477636,1056.8,1056.8,1051.4,1561453216.8,1561453216.8,1561453216.8,,3,SUR,-0.25,
TQBR,2020-02-17,Новатэк ао,NVTK,41074,3724038234.0,1059.8,1051.4,1101.8,1092.0,1080.4,1092.0,3447771,1080.2,1080.2,1092.0,3724038234.0,3724038234.0,3724038234.0,,3,SUR,3.86,
TQBR,2020-02-18,Новатэк ао,NVTK,38430,3296105803.8,1099.0,1082.2,1117.0,1094.4,1101.8,1094.4,2991813,1101.8,1101.8,1094.4,3296105803.8,3296105803.8,3296105803.8,,3,SUR,0.22,
TQBR,2020-02-19,Новатэк ао,NVTK,37047,3662405260.6,1100.6,1063.0,1122.0,1117.0,1102.2,1117.0,3320234,1103.0,1103.0,1117.0,3662405260.6,3662405260.6,3662405260.6,,3,SUR,2.07,
TQBR,2020-02-20,Новатэк ао,NVTK,35480,3825456817.6,1120.6,1100.6,1138.6,1106.4,1123.6,1106.4,3403283,1124.0,1124.0,1106.4,3825456817.6,3825456817.6,3825456817.6,,3,SUR,-0.95,
TQBR,2020-02-21,Новатэк ао,NVTK,29638,2993039884.2,1090.0,1080.4,1116.6,1094.2,1100.2,1094.2,2720403,1100.2,1100.2,1094.2,2993039884.2,2993039884.2,2993039884.2,,3,SUR,-1.1,
TQBR,2020-02-25,Новатэк ао,NVTK,25375,2464903740.8,1056.4,1045.4,1082.8,1048.0,1066.0,1048.0,2312191,1066.0,1066.0,1048.0,2464903740.8,2464903740.8,2464903740.8,,3,SUR,-4.22,
TQBR,2020-02-26,Новатэк ао,NVTK,45935,4260291003.0,1048.0,1002.2,1049.4,1039.6,1021.4,1039.6,4171615,1021.2,1021.2,1039.6,4260291003.0,4260291003.0,4260291003.0,,3,SUR,-0.8,
TQBR,2020-02-27,Новатэк ао,NVTK,32046,2684554205.0,1018.0,988.6,1028.0,998.4,1006.0,998.4,2668847,1005.8,1005.8,998.4,2684554205.0,2684554205.0,2684554205.0,,3,SUR,-3.96,
TQBR,2020-02-28,Новатэк ао,NVTK,52140,5400114575.0,970.0,906.2,989.8,964.8,948.6,964.8,5692592,948.6,948.6,964.8,5400114575.0,5400114575.0,5400114575.0,,3,SUR,-3.37,
TQBR,2020-03-02,Новатэк ао,NVTK,40390,4436011441.2,984.0,946.6,1005.0,997.2,982.8,997.2,4513810,982.8,982.8,997.2,4436011441.2,4436011441.2,4436011441.2,,3,SUR,3.36,
TQBR,2020-03-03,Новатэк ао,NVTK,21126,2076789387.4,1013.8,992.0,1021.8,1007.6,1008.6,1007.6,2059089,1008.6,1008.6,1007.6,2076789387.4,2076789387.4,2076789387.4,,3,SUR,1.04,
TQBR,2020-03-04,Новатэк ао,NVTK,16766,1435307680.4,992.2,984.0,1005.8,998.0,993.0,998.0,1445351,993.0,993.0,998.0,1435307680.4,1435307680.4,1435307680.4,,3,SUR,-0.95,
TQBR,2020-03-05,Новатэк ао,NVTK,18253,1833769154.4,1005.4,971.4,1011.0,988.0,989.4,988.0,1853608,989.2,989.2,988.0,1833769154.4,1833769154.4,1833769154.4,,3,SUR,-1.0,
TQBR,2020-03-06,Новатэк ао,NVTK,35405,3444917959.6,976.0,901.0,977.6,964.8,944.2,964.8,3640178,946.4,946.4,964.8,3444917959.6,3444917959.6,3444917959.6,,3,SUR,-2.35,
TQBR,2020-03-10,Новатэк ао,NVTK,63303,7023774642.4,868.4,808.8,980.8,963.0,928.0,963.0,7566605,928.2,928.2,963.0,7023774642.4,7023774642.4,7023774642.4,,3,SUR,-0.19,
TQBR,2020-03-11,Новатэк ао,NVTK,29959,2724055578.6,970.0,908.0,973.4,916.6,924.0,916.6,2948300,924.0,924.0,916.6,2724055578.6,2724055578.6,2724055578.6,,3,SUR,-4.82,
TQBR,2020-03-12,Новатэк ао,NVTK,42172,3507367684.2,884.8,788.8,889.0,801.0,842.6,801.0,4163248,842.4,842.4,801.0,3507367684.2,3507367684.2,3507367684.2,,3,SUR,-12.61,
TQBR,2020-03-13,Новатэк ао,NVTK,38232,3507057739.4,805.0,800.0,857.8,806.0,826.4,806.0,4244397,826.2,826.2,806.0,3507057739.4,3507057739.4,3507057739.4,,3,SUR,0.62,
TQBR,2020-03-16,Новатэк ао,NVTK,32568,2916427668.4,808.0,746.0,836.6,824.2,785.6,824.2,3712236,785.6,785.6,824.2,2916427668.4,2916427668.4,2916427668.4,,3,SUR,2.26,
TQBR,2020-03-17,Новатэк ао,NVTK,30387,2539031413.4,819.0,772.8,834.0,788.4,795.8,788.4,3190652,795.8,795.8,788.4,2539031413.4,2539031413.4,2539031413.4,,3,SUR,-4.34,
TQBR,2020-03-18,Новатэк ао,NVTK,32478,3113256341.0,771.8,710.2,782.8,715.8,737.8,715.8,4216075,738.4,738.4,715.8,3113256341.0,3113256341.0,3113256341.0,,3,SUR,-9.21,
TQBR,2020-03-19,Новатэк ао,NVTK,54661,4896213066.2,720.0,682.8,843.6,832.4,769.6,832.4,6371989,768.4,768.4,832.4,4896213066.2,4896213066.2,4896213066.2,,3,SUR,16.29,
TQBR,2020-03-20,Новатэк ао,NVTK,49384,5260016295.8,849.0,780.4,900.0,781.8,836.6,781.8,6288266,836.4,836.4,781.8,5260016295.8,5260016295.8,5260016295.8,,3,SUR,-6.08,
TQBR,2020-03-23,Новатэк ао,NVTK,43611,3655640497.2,753.2,730.0,827.6,806.0,782.0,806.0,4674826,782.0,782.0,806.0,3655640497.2,3655640497.2,3655640497.2,,3,SUR,3.1,
TQBR,2020-03-24,Новатэк ао,NVTK,28773,2676474673.0,850.0,828.2,876.4,864.0,848.8,864.0,3153338,848.8,848.8,864.0,2676474673.0,2676474673.0,2676474673.0,,3,SUR,7.2,
TQBR,2020-03-25,Новатэк ао,NVTK,44541,4437180912.4,878.8,868.0,935.0,922.2,897.8,922.2,4939702,898.2,898.2,922.2,4437180912.4,4437180912.4,4437180912.4,,3,SUR,6.74,
TQBR,2020-03-26,Новатэк ао,NVTK,25386,2376806584.2,911.0,885.4,935.0,918.2,904.8,918.2,2626020,905.0,905.0,918.2,2376806584.2,2376806584.2,2376806584.2,,3,SUR,-0.43,
TQBR,2020-03-27,Новатэк ао,NVTK,32769,2323090721.6,921.2,834.6,924.0,869.6,870.2,869.6,2669559,870.2,870.2,869.6,2323090721.6,2323090721.6,2323090721.6,,3,SUR,-5.29,
TQBR,2020-03-30,Новатэк ао,NVTK,21503,1729161772.0,859.8,826.2,875.6,866.0,857.4,866.0,2016670,857.4,857.4,866.0,1729161772.0,1729161772.0,1729161772.0,,3,SUR,-0.41,
TQBR,2020-03-31,Новатэк ао,NVTK,33333,3184849977.2,879.8,876.2,924.4,917.6,907.4,917.6,3511779,907.0,907.0,917.6,3184849977.2,3184849977.2,3184849977.2,,3,SUR,5.96,
TQBR,2020-04-01,Новатэк ао,NVTK,20100,1864769290.8,893.2,883.2,910.0,891.0,898.8,891.0,2075032,898.6,898.6,891.0,1864769290.8,1864769290.8,1864769290.8,,3,SUR,-2.9,
TQBR,2020-04-02,Новатэк ао,NVTK,31844,3442216214.0,919.0,899.2,959.0,953.0,924.0,953.0,3725368,924.0,924.0,953.0,3442216214.0,3442216214.0,3442216214.0,,3,SUR,6.96,
TQBR,2020-04-03,Новатэк ао,NVTK,38465,4018156520.0,972.0,950.0,1010.0,987.0,986.6,987.0,4073630,986.4,986.4,987.0,4018156520.0,4018156520.0,4018156520.0,,3,SUR,3.57,
TQBR,2020-04-06,Новатэк ао,NVTK,24761,2225271945.6,999.0,988.0,1027.0,1006.2,1003.8,1006.2,2216771,1003.8,1003.8,1006.2,2225271945.6,2225271945.6,2225271945.6,,3,SUR,1.95,
TQBR,2020-04-07,Новатэк ао,NVTK,27252,2804699370.8,1026.2,1021.2,1046.8,1038.0,1035.0,1038.0,2709766,1035.0,1035.0,1038.0,2804699370.8,2804699370.8,2804699370.8,,3,SUR,3.16,
TQBR,2020-04-08,Новатэк ао,NVTK,20569,2118101191.0,1033.8,1016.2,1053.8,1053.8,1036.2,1053.8,2044255,1036.2,1036.2,1053.8,2118101191.0,2118101191.0,2118101191.0,,3,SUR,1.52,
TQBR,2020-04-09,Новатэк ао,NVTK,35458,3820449399.4,1073.8,1032.4,1092.6,1073.0,1066.4,1073.0,3582775,1066.4,1066.4,1073.0,3820449399.4,3820449399.4,3820449399.4,,3,SUR,1.82,
TQBR,2020-04-10,Новатэк ао,NVTK,12374,972383356.8,1070.6,1048.6,1070.6,1062.6,1056.8,1062.6,920212,1056.6,1056.6,1062.6,972383356.8,972383356.8,972383356.8,,3,SUR,-0.97,
TQBR,2020-04-13,Новатэк ао,NVTK,18418,1312856132.0,1063.0,1021.4,1068.2,1024.0,1032.8,1024.0,1271245,1032.8,1032.8,1024.0,1312856132.0,1312856132.0,1312856132.0,,3,SUR,-3.63,
TQBR,2020-04-14,Новатэк ао,NVTK,22414,2048572505.0,1033.0,1003.2,1044.6,1007.2,1023.0,1007.2,2002519,1023.0,1023.0,1007.2,2048572505.0,2048572505.0,2048572505.0,,3,SUR,-1.64,
TQBR,2020-04-15,Новатэк ао,NVTK,35075,3202255984.8,1000.2,941.6,1012.8,952.0,962.0,952.0,3328673,962.0,962.0,952.0,3202255984.8,3202255984.8,3202255984.8,,3,SUR,-5.48,
TQBR,2020-04-16,Новатэк ао,NVTK,32259,2847978221.4,950.2,931.8,955.6,938.4,944.6,938.4,3014938,944.6,944.6,938.4,2847978221.4,2847978221.4,2847978221.4,,3,SUR,-1.43,
TQBR,2020-04-17,Новатэк ао,NVTK,24549,2359075118.4,950.0,942.2,977.0,957.8,961.2,957.8,2454443,961.2,961.2,957.8,2359075118.4,2359075118.4,2359075118.4,,3,SUR,2.07,
TQBR,2020-04-20,Новатэк ао,NVTK,17983,1453920536.0,952.2,952.0,972.6,971.2,964.4,971.2,1507707,964.4,964.4,971.2,1453920536.0,1453920536.0,1453920536.0,,3,SUR,1.4,
TQBR,2020-04-21,Новатэк ао,NVTK,26989,2556554647.8,960.0,930.4,971.0,955.0,954.0,955.0,2680331,953.8,953.8,955.0,2556554647.8,2556554647.8,2556554647.8,,3,SUR,-1.67,
TQBR,2020-04-22,Новатэк ао,NVTK,19391,2047486761.4,953.2,951.8,988.0,981.4,974.8,981.4,2100737,974.6,974.6,981.4,2047486761.4,2047486761.4,2047486761.4,,3,SUR,2.76,
TQBR,2020-04-23,Новатэк ао,NVTK,18662,1732252555.8,986.4,967.0,994.6,976.4,980.8,976.4,1766313,980.8,980.8,976.4,1732252555.8,1732252555.8,1732252555.8,,3,SUR,-0.51,
TQBR,2020-04-24,Новатэк ао,NVTK,15358,1196674530.2,976.6,954.4,985.4,973.2,972.4,973.2,1230693,972.4,972.4,973.2,1196674530.2,1196674530.2,1196674530.2,,3,SUR,-0.33,
TQBR,2020-04-27,Новатэк ао,NVTK,18806,1451470702.0,970.2,970.2,1011.0,993.8,997.6,993.8,1454975,997.6,997.6,993.8,1451470702.0,1451470702.0,1451470702.0,,3,SUR,2.12,
TQBR,2020-04-28,Новатэк ао,NVTK,28230,2367673982.2,993.8,991.8,1055.8,1034.2,1028.0,1034.2,2303461,1027.8,1027.8,1034.2,2367673982.2,2367673982.2,2367673982.2,,3,SUR,4.07,
TQBR,2020-04-29,Новатэк ао,NVTK,24504,1737681112.2,1030.0,1018.0,1045.6,1040.2,1034.6,1040.2,1679502,1034.6,1034.6,1040.2,1737681112.2,1737681112.2,1737681112.2,,3,SUR,0.58,
TQBR,2020-04-30,Новатэк ао,NVTK,18192,1509907225.8,1049.8,1017.0,1054.2,1037.2,1034.6,1037.2,1459361,1034.6,1034.6,1037.2,1509907225.8,1509907225.8,1509907225.8,,3,SUR,-0.29,
TQBR,2020-05-04,Новатэк ао,NVTK,20877,1285107921.4,1024.0,1007.2,1035.0,1030.0,1021.6,1030.0,1258078,1021.4,1021.4,1030.0,1285107921.4,1285107921.4,1285107921.4,,3,SUR,-0.69,
TQBR,2020-05-05,Новатэк ао,NVTK,23538,1552859825.6,1044.6,1041.6,1076.0,1059.8,1056.2,1059.8,1470168,1056.2,1056.2,1059.8,1552859825.6,1552859825.6,1552859825.6,,3,SUR,2.89,
TQBR,2020-05-06,Новатэк ао,NVTK,43322,4806330684.2,1067.2,1043.0,1080.0,1060.0,1062.6,1060.0,4523697,1062.4,1062.4,1060.0,4806330684.2,4806330684.2,4806330684.2,,3,SUR,0.02,
TQBR,2020-05-07,Новатэк ао,NVTK,29294,2672587230.2,1046.0,1023.6,1056.6,1028.0,1040.2,1028.0,2570516,1039.8,1039.8,1028.0,2672587230.2,2672587230.2,2672587230.2,,3,SUR,-3.02,
TQBR,2020-05-08,Новатэк ао,NVTK,24258,2005727062.4,1032.2,1000.4,1034.8,1032.0,1016.8,1032.0,1973642,1016.2,1016.2,1032.0,2005727062.4,2005727062.4,2005727062.4,,3,SUR,0.39,
TQBR,2020-05-12,Новатэк ао,NVTK,15407,1425466704.4,1026.4,1005.0,1034.0,1028.0,1018.2,1028.0,1400044,1018.2,1018.2,1028.0,1425466704.4,1425466704.4,1425466704.4,,3,SUR,-0.39,
TQBR,2020-05-13,Новатэк ао,NVTK,13367,1231691157.2,1022.0,1002.6,1022.0,1002.6,1012.2,1002.6,1216961,1012.2,1012.2,1002.6,1231691157.2,1231691157.2,1231691157.2,,3,SUR,-2.47,
TQBR,2020-05-14,Новатэк ао,NVTK,14839,1315419101.4,1000.0,991.2,1010.2,1003.0,1001.2,1003.0,1313888,1001.2,1001.2,1003.0,1315419101.4,1315419101.4,1315419101.4,,3,SUR,0.04,
TQBR,2020-05-15,Новатэк ао,NVTK,14905,1374396144.2,1018.6,1004.8,1027.0,1008.2,1015.4,1008.2,1353688,1015.2,1015.2,1008.2,1374396144.2,1374396144.2,1374396144.2,,3,SUR,0.52,
TQBR,2020-05-18,Новатэк ао,NVTK,24957,2593438953.8,1018.2,1008.0,1067.8,1060.0,1036.0,1060.0,2501963,1036.6,1036.6,1060.0,2593438953.8,2593438953.8,2593438953.8,,3,SUR,5.14,
TQBR,2020-05-19,Новатэк ао,NVTK,24309,2346251765.0,1062.0,1055.2,1079.2,1077.0,1067.6,1077.0,2197830,1067.6,1067.6,1077.0,2346251765.0,2346251765.0,2346251765.0,,3,SUR,1.6,
TQBR,2020-05-20,Новатэк ао,NVTK,42813,4698555803.4,1078.0,1067.0,1142.8,1140.0,1112.8,1140.0,4223399,1112.6,1112.6,1140.0,4698555803.4,4698555803.4,4698555803.4,,3,SUR,5.85,
TQBR,2020-05-21,Новатэк ао,NVTK,28937,2915867475.4,1139.8,1091.0,1147.8,1093.0,1112.2,1093.0,2621795,1112.2,1112.2,1093.0,2915867475.4,2915867475.4,2915867475.4,,3,SUR,-4.12,
TQBR,2020-05-22,Новатэк ао,NVTK,17406,1642613733.4,1076.2,1063.6,1089.0,1078.4,1077.2,1078.4,1525005,1077.2,1077.2,1078.4,1642613733.4,1642613733.4,1642613733.4,,3,SUR,-1.34,
TQBR,2020-05-25,Новатэк ао,NVTK,9695,815624800.0,1086.8,1082.2,1105.0,1096.0,1096.2,1096.0,744094,1096.2,1096.2,1096.0,815624800.0,815624800.0,815624800.0,,3,SUR,1.63,
TQBR,2020-05-26,Новатэк ао,NVTK,15369,1739069653.0,1103.2,1086.8,1123.2,1093.0,1109.4,1093.0,1567651,1109.4,1109.4,1093.0,1739069653.0,1739069653.0,1739069653.0,,3,SUR,-0.27,
TQBR,2020-05-27,Новатэк ао,NVTK,25479,2578015084.2,1088.0,1051.0,1103.8,1068.0,1077.4,1068.0,2392991,1077.4,1077.4,1068.0,2578015084.2,2578015084.2,2578015084.2,,3,SUR,-2.29,
TQBR,2020-05-28,Новатэк ао,NVTK,13341,1469554351.4,1068.2,1067.6,1085.0,1084.0,1076.8,1084.0,1364831,1076.8,1076.8,1084.0,1469554351.4,1469554351.4,1469554351.4,,3,SUR,1.5,
TQBR,2020-05-29,Новатэк ао,NVTK,31617,3062541089.4,1074.2,1025.0,1078.2,1029.6,1042.2,1029.6,2938650,1042.2,1042.2,1029.6,3062541089.4,3062541089.4,3062541089.4,,3,SUR,-5.02,
TQBR,2020-06-01,Новатэк ао,NVTK,23299,2267628732.4,1050.0,1018.0,1053.6,1039.2,1036.2,1039.2,2188825,1036.0,1036.0,1039.2,2267628732.4,2267628732.4,2267628732.4,,3,SUR,0.93,
TQBR,2020-06-02,Новатэк ао,NVTK,16487,1865146811.0,1044.0,1040.6,1069.2,1066.0,1057.0,1066.0,1764465,1057.0,1057.0,1066.0,1865146811.0,1865146811.0,1865146811.0,,3,SUR,2.58,
TQBR,2020-06-03,Новатэк ао,NVTK,17326,1990012160.2,1071.8,1056.6,1079.4,1066.8,1067.6,1066.8,1864071,1067.6,1067.6,1066.8,1990012160.2,1990012160.2,1990012160.2,,3,SUR,0.08,
TQBR,2020-06-04,Новатэк ао,NVTK,16249,1804660695.4,1067.2,1053.4,1081.8,1067.6,1070.2,1067.6,1686322,1070.2,1070.2,1067.6,1804660695.4,1804660695.4,1804660695.4,,3,SUR,0.07,
TQBR,2020-06-05,Новатэк ао,NVTK,17876,2042099370.0,1073.0,1064.0,1101.2,1086.4,1087.2,1086.4,1878625,1087.0,1087.0,1086.4,2042099370.0,2042099370.0,2042099370.0,,3,SUR,1.76,
TQBR,2020-06-08,Новатэк ао,NVTK,13731,1415651472.6,1095.8,1076.4,1095.8,1080.0,1085.8,1080.0,1303853,1085.8,1085.8,1080.0,1415651472.6,1415651472.6,1415651472.6,,3,SUR,-0.59,
TQBR,2020-06-09,Новатэк ао,NVTK,13215,1343134323.0,1088.0,1065.4,1092.8,1078.0,1076.6,1078.0,1247261,1076.8,1076.8,1078.0,1343134323.0,1343134323.0,1343134323.0,,3,SUR,-0.19,
TQBR,2020-06-10,Новатэк ао,NVTK,16331,1583385449.2,1078.0,1060.0,1093.4,1092.0,1077.8,1092.0,1469150,1077.8,1077.8,1092.0,1583385449.2,1583385449.2,1583385449.2,,3,SUR,1.3,
TQBR,2020-06-11,Новатэк ао,NVTK,15804,1796751730.8,1077.0,1050.0,1091.2,1068.4,1074.2,1068.4,1672657,1074.2,1074.2,1068.4,1796751730.8,1796751730.8,1796751730.8,,3,SUR,-2.16,
TQBR,2020-06-15,Новатэк ао,NVTK,14894,1636958802.4,1057.8,1036.4,1077.4,1060.0,1057.6,1060.0,1547880,1057.6,1057.6,1060.0,1636958802.4,1636958802.4,1636958802.4,,3,SUR,-0.79,
TQBR,2020-06-16,Новатэк ао,NVTK,13186,1309516962.0,1074.8,1065.4,1082.8,1075.4,1074.2,1075.4,1219018,1074.2,1074.2,1075.4,1309516962.0,1309516962.0,1309516962.0,,3,SUR,1.45,
TQBR,2020-06-17,Новатэк ао,NVTK,10372,986581547.2,1076.2,1069.2,1087.0,1072.2,1079.2,1072.2,914200,1079.2,1079.2,1072.2,986581547.2,986581547.2,986581547.2,,3,SUR,-0.3,
TQBR,2020-06-18,Новатэк ао,NVTK,18688,1409191064.0,1073.6,1050.0,1075.2,1075.2,1062.6,1075.2,1326334,1062.4,1062.4,1075.2,1409191064.0,1409191064.0,1409191064.0,,3,SUR,0.28,
TQBR,2020-06-19,Новатэк ао,NVTK,14828,2484550479.6,1078.4,1051.0,1082.8,1079.0,1072.6,1079.0,2315399,1073.0,1073.0,1079.0,2484550479.6,2484550479.6,2484550479.6,,3,SUR,0.35,
TQBR,2020-06-22,Новатэк ао,NVTK,13108,1374259382.8,1073.6,1057.6,1082.8,1079.0,1069.6,1081.4,1285009,1069.4,1069.4,1079.0,1353412437.8,1353412437.8,1353412437.8,0.0,3,SUR,0.22,
TQBR,2020-06-23,Новатэк ао,NVTK,12975,1015455289.2,1081.0,1073.8,1090.0,1083.2,1079.6,1076.2,939852,1080.6,1080.6,1083.2,964935805.6,964935805.6,964935805.6,0.0,3,SUR,-0.48,
TQBR,2020-06-25,Новатэк ао,NVTK,13567,1250756644.6,1062.0,1055.0,1070.2,1057.6,1061.8,1064.0,1177959,1061.8,1061.8,1057.6,1221715064.4,1221715064.4,1221715064.4,0.0,3,SUR,-1.13,
TQBR,2020-06-26,Новатэк ао,NVTK,10142,740023570.0,1061.0,1042.0,1066.2,1047.8,1053.8,1045.0,702314,1054.0,1054.0,1047.8,716290794.2,716290794.2,716290794.2,0.0,3,SUR,-1.79,
TQBR,2020-06-29,Новатэк ао,NVTK,15076,1378334378.4,1045.0,1028.4,1052.6,1040.0,1038.0,1043.8,1327863,1038.0,1038.0,1040.0,1341837445.0,1341837445.0,1341837445.0,0.0,3,SUR,-0.11,
TQBR,2020-06-30,Новатэк ао,NVTK,19235,1488484177.2,1047.0,1010.8,1048.6,1013.2,1024.8,1022.0,1453240,1024.6,1024.6,1013.2,1429470260.6,1429470260.6,1429470260.6,0.0,3,SUR,-2.09,
TQBR,2020-07-02,Новатэк ао,NVTK,12314,1230579343.4,1028.2,1025.0,1050.6,1039.0,1041.0,1043.0,1181988,1041.2,1041.2,1039.0,1217279331.2,1217279331.2,1217279331.2,0.0,3,SUR,2.05,
TQBR,2020-07-03,Новатэк ао,NVTK,7494,516708501.0,1039.4,1036.4,1049.0,1045.0,1042.8,1048.6,495530,1042.4,1042.4,1045.0,489081468.8,489081468.8,489081468.8,0.0,3,SUR,0.54,
TQBR,2020-07-06,Новатэк ао,NVTK,18411,1794832507.6,1052.0,1040.2,1067.8,1044.0,1053.4,1047.4,1704009,1053.6,1053.6,1044.0,1737329924.8,1737329924.8,1737329924.8,0.0,3,SUR,-0.11,
TQBR,2020-07-07,Новатэк ао,NVTK,14752,1307493792.2,1035.2,1025.4,1051.0,1038.0,1039.2,1034.4,1258193,1039.2,1039.2,1038.0,1290058885.2,1290058885.2,1290058885.2,0.0,3,SUR,-1.24,
TQBR,2020-07-08,Новатэк ао,NVTK,9877,760654732.6,1030.2,1029.6,1048.2,1042.8,1039.0,1045.4,732054,1038.8,1038.8,1042.8,728212641.2,728212641.2,728212641.2,0.0,3,SUR,1.06,
TQBR,2020-07-09,Новатэк ао,NVTK,12841,1053541027.6,1045.4,1021.0,1047.0,1024.8,1030.8,1025.8,1022021,1031.0,1031.0,1024.8,1020093179.0,1020093179.0,1020093179.0,0.0,3,SUR,-1.87,
TQBR,2020-07-10,Новатэк ао,NVTK,7910,797774134.4,1020.0,1020.0,1043.0,1040.8,1034.2,1039.0,771261,1034.2,1034.2,1040.8,762447123.0,762447123.0,762447123.0,0.0,3,SUR,1.29,
TQBR,2020-07-13,Новатэк ао,NVTK,10266,904610046.2,1044.4,1034.2,1055.0,1055.0,1047.6,1036.4,863474,1048.4,1048.4,1055.0,797552451.6,797552451.6,797552451.6,0.0,3,SUR,-0.25,
TQBR,2020-07-14,Новатэк ао,NVTK,14603,1661296892.2,1043.4,1032.0,1063.0,1060.0,1047.0,1059.4,1586809,1046.6,1046.6,1060.0,1605478979.0,1605478979.0,1605478979.0,0.0,3,SUR,2.22,
TQBR,2020-07-15,Новатэк ао,NVTK,11271,967996202.0,1062.8,1057.4,1075.0,1069.0,1069.8,1069.8,904961,1069.6,1069.6,1069.0,952028464.6,952028464.6,952028464.6,0.0,3,SUR,0.98,
TQBR,2020-07-16,Новатэк ао,NVTK,7639,659970412.4,1064.0,1061.0,1077.0,1075.0,1069.2,1067.2,617304,1069.0,1069.0,1075.0,642200733.6,642200733.6,642200733.6,0.0,3,SUR,-0.24,
TQBR,2020-07-17,Новатэк ао,NVTK,10838,924584027.4,1073.0,1067.8,1093.2,1092.0,1082.2,1086.8,854416,1082.0,1082.0,1092.0,896834998.4,896834998.4,896834998.4,0.0,3,SUR,1.84,
TQBR,2020-07-20,Новатэк ао,NVTK,10223,963741625.4,1084.0,1076.6,1100.0,1094.2,1090.4,1094.0,883921,1090.2,1090.2,1094.2,953717535.4,953717535.4,953717535.4,0.0,3,SUR,0.66,
TQBR,2020-07-21,Новатэк ао,NVTK,12029,1019798406.4,1100.0,1095.4,1110.0,1102.6,1102.4,1099.0,925241,1102.2,1102.2,1102.6,992755747.2,992755747.2,992755747.2,0.0,3,SUR,0.46,
TQBR,2020-07-22,Новатэк ао,NVTK,9228,1002539543.2,1100.0,1075.2,1105.2,1099.4,1099.4,1098.4,912318,1098.8,1098.8,1099.4,991333947.2,991333947.2,991333947.2,0.0,3,SUR,-0.05,
TQBR,2020-07-23,Новатэк ао,NVTK,10460,889085060.0,1105.0,1081.0,1107.0,1093.4,1098.4,1082.4,809877,1098.8,1098.8,1093.4,820775491.2,820775491.2,820775491.2,0.0,3,SUR,-1.46,
TQBR,2020-07-24,Новатэк ао,NVTK,9715,825429092.0,1082.8,1080.0,1100.0,1093.2,1092.0,1093.0,756076,1091.6,1091.6,1093.2,808665726.8,808665726.8,808665726.8,0.0,3,SUR,0.98,
TQBR,2020-07-27,Новатэк ао,NVTK,16276,1663123990.2,1100.0,1066.2,1100.0,1079.0,1078.0,1082.0,1542779,1078.0,1078.0,1079.0,1636461946.8,1636461946.8,1636461946.8,0.0,3,SUR,-1.01,
TQBR,2020-07-28,Новатэк ао,NVTK,12593,774990858.2,1082.0,1070.8,1086.2,1085.0,1080.2,1080.0,717588,1080.0,1080.0,1085.0,736334754.4,736334754.4,736334754.4,0.0,3,SUR,-0.18,
TQBR,2020-07-29,Новатэк ао,NVTK,9300,909021012.0,1080.6,1077.8,1092.2,1089.6,1084.0,1089.6,838542,1084.0,1084.0,1089.6,883398777.8,883398777.8,883398777.8,0.0,3,SUR,0.89,
TQBR,2020-07-30,Новатэк ао,NVTK,8507,861642600.4,1088.2,1075.4,1092.6,1076.2,1084.0,1080.8,794944,1084.0,1084.0,1076.2,844253038.2,844253038.2,844253038.2,0.0,3,SUR,-0.81,
TQBR,2020-07-31,Новатэк ао,NVTK,7538,660991030.6,1088.8,1077.2,1092.0,1092.0,1085.4,1089.4,608957,1085.4,1085.4,1092.0,627204435.6,627204435.6,627204435.6,0.0,3,SUR,0.8,
TQBR,2020-08-03,Новатэк ао,NVTK,19245,1626312459.8,1088.4,1058.0,1092.2,1061.4,1074.0,1065.8,1514718,1074.2,1074.2,1061.4,1533936140.4,1533936140.4,1533936140.4,0.0,3,SUR,-2.17,
TQBR,2020-08-04,Новатэк ао,NVTK,13632,856753166.0,1069.8,1056.0,1069.8,1061.2,1061.2,1066.4,807380,1061.0,1061.0,1061.2,826084216.0,826084216.0,826084216.0,0.0,3,SUR,0.06,
TQBR,2020-08-05,Новатэк ао,NVTK,20482,2364751831.6,1066.0,1063.0,1101.4,1097.2,1089.0,1096.2,2171363,1089.0,1089.0,1097.2,2312888918.6,2312888918.6,2312888918.6,0.0,3,SUR,2.79,
TQBR,2020-08-06,Новатэк ао,NVTK,16148,1379053450.2,1099.8,1092.8,1115.0,1108.4,1105.0,1108.4,1247980,1105.0,1105.0,1108.4,1338608066.8,1338608066.8,1338608066.8,0.0,3,SUR,1.11,
TQBR,2020-08-07,Новатэк ао,NVTK,8768,1042334768.8,1107.0,1094.0,1109.6,1101.2,1101.0,1104.8,946742,1100.8,1100.8,1101.2,1014199163.8,1014199163.8,1014199163.8,0.0,3,SUR,-0.32,
TQBR,2020-08-10,Новатэк ао,NVTK,7918,701916546.2,1106.0,1101.6,1116.8,1104.0,1108.8,1107.4,633038,1109.0,1109.0,1104.0,659792864.0,659792864.0,659792864.0,0.0,3,SUR,0.24,
TQBR,2020-08-11,Новатэк ао,NVTK,16617,1339741063.8,1109.6,1108.0,1128.0,1125.4,1119.8,1115.0,1196834,1119.8,1119.8,1125.4,1234538477.8,1234538477.8,1234538477.8,0.0,3,SUR,0.69,
TQBR,2020-08-12,Новатэк ао,NVTK,14230,1167585026.0,1120.6,1114.0,1154.8,1145.0,1132.8,1153.4,1030797,1131.0,1131.0,1145.0,1064012496.4,1064012496.4,1064012496.4,0.0,3,SUR,3.44,
TQBR,2020-08-13,Новатэк ао,NVTK,16828,1241596116.4,1148.6,1136.8,1168.0,1154.2,1153.6,1150.0,1076325,1153.6,1153.6,1154.2,1205186760.0,1205186760.0,1205186760.0,0.0,3,SUR,-0.29,
TQBR,2020-08-14,Новатэк ао,NVTK,30350,2313203913.8,1172.2,1158.4,1181.6,1174.8,1170.6,1180.2,1976083,1170.4,1170.4,1174.8,2222881874.0,2222881874.0,2222881874.0,0.0,3,SUR,2.63,
TQBR,2020-08-17,Новатэк ао,NVTK,18643,1619117389.2,1180.6,1151.2,1189.8,1153.4,1165.8,1162.6,1388792,1166.2,1166.2,1153.4,1540758228.6,1540758228.6,1540758228.6,0.0,3,SUR,-1.49,
TQBR,2020-08-18,Новатэк ао,NVTK,12049,909247170.0,1156.0,1147.6,1170.2,1157.4,1156.6,1154.4,786273,1156.4,1156.4,1157.4,872503514.2,872503514.2,872503514.2,0.0,3,SUR,-0.71,
TQBR,2020-08-19,Новатэк ао,NVTK,8395,784368495.0,1154.6,1143.6,1161.6,1158.0,1153.6,1147.2,679902,1153.8,1153.8,1158.0,721783716.8,721783716.8,721783716.8,0.0,3,SUR,-0.62,
TQBR,2020-08-20,Новатэк ао,NVTK,14628,1519024014.0,1142.2,1115.0,1151.2,1120.2,1133.0,1127.8,1340699,1133.2,1133.2,1120.2,1471764410.4,1471764410.4,1471764410.4,0.0,3,SUR,-1.69,
TQBR,2020-08-21,Новатэк ао,NVTK,12330,1274249482.2,1129.6,1115.8,1137.8,1120.0,1126.8,1120.6,1130904,1127.0,1127.0,1120.0,1229252438.0,1229252438.0,1229252438.0,0.0,3,SUR,-0.64,
TQBR,2020-08-24,Новатэк ао,NVTK,11680,1101520401.0,1126.0,1121.0,1142.2,1137.8,1137.0,1141.4,969151,1136.6,1136.6,1137.8,1059384338.8,1059384338.8,1059384338.8,0.0,3,SUR,1.86,
TQBR,2020-08-25,Новатэк ао,NVTK,12396,910910911.6,1147.0,1131.4,1148.6,1139.0,1138.6,1138.0,800140,1138.4,1138.4,1139.0,892529743.6,892529743.6,892529743.6,0.0,3,SUR,-0.3,
TQBR,2020-08-26,Новатэк ао,NVTK,9098,762518851.4,1133.8,1125.6,1140.8,1134.0,1134.2,1138.4,672244,1134.2,1134.2,1134.0,738608822.2,738608822.2,738608822.2,0.0,3,SUR,0.04,
TQBR,2020-08-27,Новатэк ао,NVTK,17881,1240424097.4,1134.2,1101.0,1140.2,1113.2,1116.4,1110.4,1111053,1116.8,1116.8,1113.2,1177734566.0,1177734566.0,1177734566.0,0.0,3,SUR,-2.46,
TQBR,2020-08-28,Новатэк ао,NVTK,15313,1533237301.0,1117.8,1090.2,1117.8,1100.0,1101.0,1096.4,1393004,1100.8,1100.8,1100.0,1504808937.4,1504808937.4,1504808937.4,0.0,3,SUR,-1.26,
TQBR,2020-08-31,Новатэк ао,NVTK,9593,597333840.4,1098.8,1098.8,1112.0,1107.0,1106.4,1103.0,539997,1106.2,1106.2,1107.0,558114778.6,558114778.6,558114778.6,0.0,3,SUR,0.6,
TQBR,2020-09-01,Новатэк ао,NVTK,11632,1177227669.2,1110.0,1091.6,1110.0,1101.4,1103.0,1106.0,1067388,1103.0,1103.0,1101.4,1159854807.4,1159854807.4,1159854807.4,0.0,3,SUR,0.27,
TQBR,2020-09-02,Новатэк ао,NVTK,19041,1847060311.0,1109.0,1093.0,1124.4,1102.2,1111.4,1097.0,1663012,1111.4,1111.4,1102.2,1749939569.8,1749939569.8,1749939569.8,0.0,3,SUR,-0.81,
TQBR,2020-09-03,Новатэк ао,NVTK,11827,1037240147.0,1093.2,1090.4,1104.2,1095.0,1097.4,1095.0,945330,1097.2,1097.2,1095.0,993262723.0,993262723.0,993262723.0,0.0,3,SUR,-0.18,
TQBR,2020-09-04,Новатэк ао,NVTK,18755,1596203618.0,1090.4,1090.4,1133.0,1127.2,1118.4,1130.4,1427242,1117.8,1117.8,1127.2,1521417258.8,1521417258.8,1521417258.8,0.0,3,SUR,3.23,
TQBR,2020-09-07,Новатэк ао,NVTK,11481,947600881.6,1127.6,1107.0,1132.4,1110.4,1115.8,1113.6,849293,1115.8,1115.8,1110.4,916738292.4,916738292.4,916738292.4,0.0,3,SUR,-1.49,
TQBR,2020-09-08,Новатэк ао,NVTK,11682,1128888688.4,1118.8,1084.0,1118.8,1111.6,1101.8,1102.8,1024572,1101.6,1101.6,1111.6,1093025340.8,1093025340.8,1093025340.8,0.0,3,SUR,-0.97,
TQBR,2020-09-09,Новатэк ао,NVTK,11797,963480386.4,1108.2,1087.8,1121.8,1088.6,1100.8,1092.0,875298,1101.4,1101.4,1088.6,905433299.6,905433299.6,905433299.6,0.0,3,SUR,-0.98,
TQBR,2020-09-10,Новатэк ао,NVTK,15114,1269127519.6,1088.8,1071.0,1092.8,1081.0,1079.0,1078.0,1175785,1079.4,1079.4,1081.0,1214191524.0,1214191524.0,1214191524.0,0.0,3,SUR,-1.28,
TQBR,2020-09-11,Новатэк ао,NVTK,11090,929135836.8,1078.0,1070.2,1084.8,1078.2,1076.0,1077.8,863463,1076.0,1076.0,1078.2,907933902.8,907933902.8,907933902.8,0.0,3,SUR,-0.02,
TQBR,2020-09-14,Новатэк ао,NVTK,11585,662504704.4,1084.4,1083.6,1093.8,1091.4,1090.2,1091.2,607726,1090.2,1090.2,1091.4,650187792.4,650187792.4,650187792.4,0.0,3,SUR,1.24,
TQBR,2020-09-15,Новатэк ао,NVTK,14219,1690836511.0,1092.0,1089.4,1119.6,1117.2,1106.0,1118.2,1528698,1105.8,1105.8,1117.2,1657780867.2,1657780867.2,1657780867.2,0.0,3,SUR,2.47,
TQBR,2020-09-16,Новатэк ао,NVTK,12571,1419275393.6,1120.0,1104.4,1126.0,1112.0,1111.8,1114.4,1276469,1111.8,1111.8,1112.0,1366405536.0,1366405536.0,1366405536.0,0.0,3,SUR,-0.34,
TQBR,2020-09-17,Новатэк ао,NVTK,13091,1204032760.2,1104.0,1103.4,1130.2,1124.0,1118.2,1125.0,1076699,1118.0,1118.0,1124.0,1175195452.2,1175195452.2,1175195452.2,0.0,3,SUR,0.95,
TQBR,2020-09-18,Новатэк ао,NVTK,8884,1443994243.6,1127.0,1112.2,1129.0,1128.6,1125.6,1122.0,1282963,1125.6,1125.6,1128.6,1352083279.6,1352083279.6,1352083279.6,0.0,3,SUR,-0.27,
TQBR,2020-09-21,Новатэк ао,NVTK,14429,1495607162.4,1122.8,1082.2,1122.8,1085.6,1101.2,1092.0,1358170,1101.6,1101.6,1085.6,1438205458.2,1438205458.2,1438205458.2,0.0,3,SUR,-2.67,
TQBR,2020-09-22,Новатэк ао,NVTK,9638,930178228.2,1086.0,1078.0,1106.8,1082.0,1094.0,1087.6,850794,1094.2,1094.2,1082.0,857191536.2,857191536.2,857191536.2,0.0,3,SUR,-0.4,
TQBR,2020-09-23,Новатэк ао,NVTK,25340,2719195818.8,1090.0,1051.6,1090.0,1053.0,1066.8,1054.0,2547399,1067.8,1067.8,1053.0,2632205248.8,2632205248.8,2632205248.8,0.0,3,SUR,-3.09,
TQBR,2020-09-24,Новатэк ао,NVTK,13469,1424862176.4,1053.0,1043.6,1065.0,1058.2,1055.0,1063.0,1350556,1054.6,1054.6,1058.2,1353206944.2,1353206944.2,1353206944.2,0.0,3,SUR,0.85,
TQBR,2020-09-25,Новатэк ао,NVTK,12280,1515879335.2,1065.0,1051.2,1088.6,1080.0,1070.0,1081.4,1416823,1069.6,1069.6,1080.0,1472669670.0,1472669670.0,1472669670.0,0.0,3,SUR,1.73,
TQBR,2020-09-28,Новатэк ао,NVTK,10341,1044658993.6,1082.4,1078.6,1098.6,1086.6,1087.0,1092.0,960983,1087.0,1087.0,1086.6,1026490959.4,1026490959.4,1026490959.4,0.0,3,SUR,0.98,
TQBR,2020-09-29,Новатэк ао,NVTK,14342,1458100170.2,1090.2,1063.8,1104.2,1065.6,1079.0,1073.2,1351786,1078.8,1078.8,1065.6,1410018555.2,1410018555.2,1410018555.2,0.0,3,SUR,-1.72,
TQBR,2020-09-30,Новатэк ао,NVTK,10426,946796617.4,1071.0,1057.0,1082.0,1063.4,1066.6,1064.0,887694,1066.6,1066.6,1063.4,918909016.6,918909016.6,918909016.6,0.0,3,SUR,-0.86,
TQBR,2020-10-01,Новатэк ао,NVTK,13079,839990945.8,1066.0,1043.4,1070.8,1056.0,1054.6,1050.4,796428,1054.8,1054.8,1056.0,818585980.6,818585980.6,818585980.6,0.0,3,SUR,-1.28,
TQBR,2020-10-02,Новатэк ао,NVTK,9818,957710185.0,1049.2,1042.4,1066.0,1060.0,1056.8,1060.4,906288,1056.6,1056.6,1060.0,942652143.6,942652143.6,942652143.6,0.0,3,SUR,0.95,
TQBR,2020-10-05,Новатэк ао,NVTK,12005,1220391777.6,1066.0,1049.6,1076.8,1076.0,1063.4,1070.6,1147551,1063.2,1063.2,1076.0,1174938220.2,1174938220.2,1174938220.2,0.0,3,SUR,0.96,
TQBR,2020-10-06,Новатэк ао,NVTK,22889,1836674658.4,1075.0,1072.2,1117.0,1115.0,1105.0,1107.2,1662152,1104.4,1104.4,1115.0,1699011574.2,1699011574.2,1699011574.2,0.0,3,SUR,3.42,
TQBR,2020-10-07,Новатэк ао,NVTK,13215,1273756249.6,1108.8,1092.4,1111.6,1094.2,1101.2,1097.6,1156648,1101.4,1101.4,1094.2,1217820269.0,1217820269.0,1217820269.0,0.0,3,SUR,-0.87,
TQBR,2020-10-08,Новатэк ао,NVTK,9852,880690075.6,1105.8,1083.0,1112.6,1091.0,1096.4,1090.6,803251,1096.8,1096.8,1091.0,824624330.0,824624330.0,824624330.0,0.0,3,SUR,-0.64,
TQBR,2020-10-09,Новатэк ао,NVTK,11100,1006366473.0,1078.2,1076.0,1098.6,1090.0,1088.6,1090.8,924338,1088.8,1088.8,1090.0,978168036.6,978168036.6,978168036.6,0.0,3,SUR,0.02,
TQBR,2020-10-12,Новатэк ао,NVTK,11038,650360815.6,1096.6,1091.4,1105.0,1099.6,1100.0,1099.8,591185,1100.2,1100.2,1099.6,626245892.4,626245892.4,626245892.4,0.0,3,SUR,0.83,
TQBR,2020-10-13,Новатэк ао,NVTK,8500,685114245.0,1100.6,1075.0,1103.6,1081.8,1090.4,1077.0,629163,1089.6,1089.6,1081.8,640762804.8,640762804.8,640762804.8,0.0,3,SUR,-2.07,
TQBR,2020-10-14,Новатэк ао,NVTK,5523,412030176.2,1079.8,1075.0,1093.0,1090.8,1087.2,1089.0,379173,1086.6,1086.6,1090.8,395862259.4,395862259.4,395862259.4,0.0,3,SUR,1.11,
TQBR,2020-10-15,Новатэк ао,NVTK,10175,850265284.6,1088.2,1060.6,1097.6,1063.0,1077.4,1067.0,788868,1078.6,1078.6,1063.0,805024523.8,805024523.8,805024523.8,0.0,3,SUR,-2.02,
TQBR,2020-10-16,Новатэк ао,NVTK,7939,621982340.6,1065.0,1054.6,1070.0,1067.2,1063.4,1069.6,584945,1063.2,1063.2,1067.2,609315443.6,609315443.6,609315443.6,0.0,3,SUR,0.24,
TQBR,2020-10-19,Новатэк ао,NVTK,8265,776385179.2,1069.6,1060.2,1078.6,1063.0,1072.0,1066.8,724240,1072.6,1072.6,1063.0,717579041.0,717579041.0,717579041.0,0.0,3,SUR,-0.26,
TQBR,2020-10-20,Новатэк ао,NVTK,8538,719645901.8,1064.0,1051.8,1073.4,1055.2,1064.4,1062.2,676181,1064.6,1064.6,1055.2,648119259.8,648119259.8,648119259.8,0.0,3,SUR,-0.43,
TQBR,2020-10-21,Новатэк ао,NVTK,19144,1265428579.2,1064.8,1037.0,1066.4,1038.0,1049.6,1043.2,1205611,1050.2,1050.2,1038.0,1192695365.0,1192695365.0,1192695365.0,0.0,3,SUR,-1.79,
TQBR,2020-10-22,Новатэк ао,NVTK,15505,1030039312.2,1039.8,1028.8,1048.0,1038.2,1038.6,1034.6,991688,1038.8,1038.8,1038.2,952726168.4,952726168.4,952726168.4,0.0,3,SUR,-0.82,
TQBR,2020-10-23,Новатэк ао,NVTK,13225,1116940601.6,1036.0,1035.0,1063.0,1058.0,1053.0,1058.6,1060784,1052.8,1052.8,1058.0,1091811814.4,1091811814.4,1091811814.4,0.0,3,SUR,2.32,
TQBR,2020-10-26,Новатэк ао,NVTK,10930,671056007.4,1054.0,1031.2,1063.0,1039.0,1047.0,1037.8,640988,1049.0,1049.0,1039.0,547432468.4,547432468.4,547432468.4,0.0,3,SUR,-1.96,
TQBR,2020-10-27,Новатэк ао,NVTK,9998,662582526.8,1039.0,1027.0,1044.4,1034.0,1034.0,1032.0,640764,1034.2,1034.2,1034.0,612390725.6,612390725.6,612390725.6,0.0,3,SUR,-0.56,
TQBR,2020-10-28,Новатэк ао,NVTK,30815,2033018618.2,1029.8,980.0,1035.0,989.2,1001.8,991.6,2029153,1003.2,1003.2,989.2,1870351931.4,1870351931.4,1870351931.4,0.0,3,SUR,-3.91,
TQBR,2020-10-29,Новатэк ао,NVTK,21773,1593298891.4,990.0,972.0,1002.0,990.6,982.4,985.8,1620970,982.6,982.6,990.6,1488265277.4,1488265277.4,1488265277.4,0.0,3,SUR,-0.58,
TQBR,2020-10-30,Новатэк ао,NVTK,29153,2111054782.8,979.2,948.8,979.4,955.0,961.4,951.4,2195906,962.0,962.0,955.0,1979752828.8,1979752828.8,1979752828.8,0.0,3,SUR,-3.49,
TQBR,2020-11-02,Новатэк ао,NVTK,42892,3265500445.6,952.4,937.6,1026.4,1010.0,990.6,1026.0,3297821,987.2,987.2,1010.0,2945362240.0,2945362240.0,2945362240.0,0.0,3,SUR,7.84,
TQBR,2020-11-03,Новатэк ао,NVTK,18907,1346898474.8,1019.0,1014.4,1032.6,1027.0,1024.6,1030.8,1314618,1024.4,1024.4,1027.0,1192343168.8,1192343168.8,1192343168.8,0.0,3,SUR,0.47,
TQBR,2020-11-05,Новатэк ао,NVTK,20420,1848956855.6,1040.2,1036.2,1071.6,1062.6,1054.8,1063.0,1752869,1054.0,1054.0,1062.6,1679695850.8,1679695850.8,1679695850.8,0.0,3,SUR,3.12,
TQBR,2020-11-06,Новатэк ао,NVTK,24097,2071467423.8,1062.0,1047.2,1095.4,1089.6,1077.4,1094.4,1922710,1076.4,1076.4,1089.6,1953642902.4,1953642902.4,1953642902.4,0.0,3,SUR,2.95,
TQBR,2020-11-09,Новатэк ао,NVTK,50573,5371139262.2,1099.8,1095.4,1189.0,1181.8,1150.0,1159.0,4666476,1149.0,1149.0,1181.8,4933032264.8,4933032264.8,4933032264.8,0.0,3,SUR,5.9,
TQBR,2020-11-10,Новатэк ао,NVTK,42723,4120104845.6,1157.8,1145.8,1214.2,1181.4,1184.8,1188.2,3479084,1184.4,1184.4,1181.4,3950368185.0,3950368185.0,3950368185.0,0.0,3,SUR,2.52,
TQBR,2020-11-11,Новатэк ао,NVTK,20672,2174350717.2,1188.0,1172.2,1207.0,1200.4,1192.6,1193.0,1823146,1192.0,1192.0,1200.4,1983867169.4,1983867169.4,1983867169.4,0.0,3,SUR,0.4,
TQBR,2020-11-12,Новатэк ао,NVTK,17563,1655317433.8,1190.2,1185.0,1214.0,1208.2,1201.6,1198.0,1377653,1201.0,1201.0,1208.2,1460373776.4,1460373776.4,1460373776.4,0.0,3,SUR,0.42,
TQBR,2020-11-13,Новатэк ао,NVTK,22684,2010939720.6,1196.0,1190.8,1241.4,1227.0,1221.8,1240.8,1647252,1219.2,1219.2,1227.0,1804378433.6,1804378433.6,1804378433.6,0.0,3,SUR,3.57,
TQBR,2020-11-16,Новатэк ао,NVTK,22886,2103304172.2,1239.0,1222.2,1259.8,1254.2,1242.8,1253.0,1692276,1242.6,1242.6,1254.2,1999619074.6,1999619074.6,1999619074.6,0.0,3,SUR,0.98,
TQBR,2020-11-17,Новатэк ао,NVTK,18224,1634758530.0,1250.0,1230.6,1256.8,1251.8,1244.0,1248.2,1314118,1243.6,1243.6,1251.8,1564103415.8,1564103415.8,1564103415.8,0.0,3,SUR,-0.38,
TQBR,2020-11-18,Новатэк ао,NVTK,15688,1402276658.6,1248.8,1242.8,1275.4,1271.8,1261.4,1261.4,1111612,1261.0,1261.0,1271.8,1276695155.0,1276695155.0,1276695155.0,0.0,3,SUR,1.06,
TQBR,2020-11-19,Новатэк ао,NVTK,15103,1330974324.6,1261.4,1240.4,1266.4,1251.2,1252.6,1246.8,1062616,1253.4,1253.4,1251.2,1191631243.6,1191631243.6,1191631243.6,0.0,3,SUR,-1.16,
TQBR,2020-11-20,Новатэк ао,NVTK,17205,2048685509.8,1248.0,1237.2,1271.4,1259.6,1257.0,1264.0,1629737,1257.0,1257.0,1259.6,1963607574.0,1963607574.0,1963607574.0,0.0,3,SUR,1.38,
TQBR,2020-11-23,Новатэк ао,NVTK,17557,1698844621.0,1263.0,1245.0,1277.8,1248.0,1266.2,1257.2,1341671,1267.4,1267.4,1248.0,1572632904.6,1572632904.6,1572632904.6,0.0,3,SUR,-0.54,
TQBR,2020-11-24,Новатэк ао,NVTK,10178,968066274.8,1260.0,1255.0,1274.8,1265.6,1262.8,1269.6,766622,1262.4,1262.4,1265.6,810200516.0,810200516.0,810200516.0,0.0,3,SUR,0.99,
TQBR,2020-11-25,Новатэк ао,NVTK,13369,1176326357.8,1266.6,1248.2,1273.0,1268.0,1258.0,1267.6,935003,1257.6,1257.6,1268.0,1111284959.0,1111284959.0,1111284959.0,0.0,3,SUR,-0.16,
TQBR,2020-11-26,Новатэк ао,NVTK,8671,909547208.2,1268.0,1246.0,1268.0,1253.6,1256.4,1251.0,723881,1257.4,1257.4,1253.6,810269134.6,810269134.6,810269134.6,0.0,3,SUR,-1.31,
TQBR,2020-11-27,Новатэк ао,NVTK,12034,1542744829.2,1251.0,1235.8,1256.0,1247.8,1243.8,1244.2,1239870,1244.4,1244.4,1247.8,1457813931.0,1457813931.0,1457813931.0,0.0,3,SUR,-0.54,
TQBR,2020-11-30,Новатэк ао,NVTK,26232,2325612659.4,1238.0,1179.6,1240.0,1202.0,1207.4,1199.4,1926044,1209.2,1209.2,1202.0,2077407239.2,2077407239.2,2077407239.2,0.0,3,SUR,-3.6,
TQBR,2020-12-01,Новатэк ао,NVTK,13641,1532369831.2,1205.0,1201.4,1230.0,1221.8,1217.2,1226.4,1258840,1217.0,1217.0,1221.8,1426826199.0,1426826199.0,1426826199.0,0.0,3,SUR,2.25,
TQBR,2020-12-02,Новатэк ао,NVTK,10812,964308366.2,1221.8,1201.4,1229.0,1217.6,1213.0,1222.6,794957,1211.2,1211.2,1217.6,821828566.0,821828566.0,821828566.0,0.0,3,SUR,-0.31,
TQBR,2020-12-03,Новатэк ао,NVTK,10703,992887472.6,1228.0,1190.6,1228.2,1199.2,1202.2,1193.2,825524,1203.8,1203.8,1199.2,882409801.6,882409801.6,882409801.6,0.0,3,SUR,-2.4,
TQBR,2020-12-04,Новатэк ао,NVTK,13394,1359397411.0,1204.8,1200.2,1234.8,1218.0,1218.6,1224.2,1115515,1218.4,1218.4,1218.0,1270597569.8,1270597569.8,1270597569.8,0.0,3,SUR,2.6,
TQBR,2020-12-07,Новатэк ао,NVTK,11454,1055688301.4,1215.6,1198.2,1230.4,1210.0,1212.2,1216.6,870868,1211.2,1211.2,1210.0,894263512.2,894263512.2,894263512.2,0.0,3,SUR,-0.62,
TQBR,2020-12-08,Новатэк ао,NVTK,13698,1744847286.6,1214.0,1187.0,1221.0,1190.2,1197.8,1198.4,1456687,1198.2,1198.2,1190.2,1623344451.2,1623344451.2,1623344451.2,0.0,3,SUR,-1.5,
TQBR,2020-12-09,Новатэк ао,NVTK,13107,1142878426.4,1199.0,1176.6,1202.8,1183.4,1192.2,1177.8,958902,1193.0,1193.0,1183.4,1039147114.8,1039147114.8,1039147114.8,0.0,3,SUR,-1.72,
TQBR,2020-12-10,Новатэк ао,NVTK,20275,2139922308.0,1177.0,1160.0,1245.0,1230.2,1201.4,1236.8,1780044,1195.8,1195.8,1230.2,1802606920.6,1802606920.6,1802606920.6,0.0,3,SUR,5.01,
TQBR,2020-12-11,Новатэк ао,NVTK,16148,1950228388.0,1234.4,1217.2,1244.4,1225.0,1230.4,1224.2,1584986,1230.6,1230.6,1225.0,1861620386.2,1861620386.2,1861620386.2,0.0,3,SUR,-1.02,
TQBR,2020-12-14,Новатэк ао,NVTK,24248,2609815235.6,1227.0,1212.4,1265.8,1214.6,1241.2,1215.0,2103719,1241.8,1241.8,1214.6,2486785489.2,2486785489.2,2486785489.2,0.0,3,SUR,-0.75,
TQBR,2020-12-15,Новатэк ао,NVTK,18380,1709167855.2,1216.0,1193.2,1227.0,1201.0,1206.0,1214.8,1417208,1206.0,1206.0,1201.0,1601684788.2,1601684788.2,1601684788.2,0.0,3,SUR,-0.02,
TQBR,2020-12-16,Новатэк ао,NVTK,21644,1861007890.0,1215.0,1173.0,1217.6,1191.0,1195.4,1194.0,1556840,1195.8,1195.8,1191.0,1733857288.6,1733857288.6,1733857288.6,0.0,3,SUR,-1.71,
TQBR,2020-12-17,Новатэк ао,NVTK,23241,2258644600.0,1200.0,1185.0,1209.6,1189.2,1196.8,1198.0,1887198,1196.8,1196.8,1189.2,2199250111.6,2199250111.6,2199250111.6,0.0,3,SUR,0.34,
TQBR,2020-12-18,Новатэк ао,NVTK,27000,3857268405.2,1192.4,1181.0,1244.4,1239.0,1220.0,1236.8,3161079,1219.4,1219.4,1239.0,3659810697.8,3659810697.8,3659810697.8,0.0,3,SUR,3.24,
TQBR,2020-12-21,Новатэк ао,NVTK,25346,3211288134.2,1226.4,1194.0,1231.0,1200.8,1214.2,1207.8,2643924,1215.2,1215.2,1200.8,3032822203.6,3032822203.6,3032822203.6,0.0,3,SUR,-2.34,
TQBR,2020-12-22,Новатэк ао,NVTK,13771,1264440834.2,1194.0,1194.0,1232.8,1222.6,1216.6,1219.4,1039372,1216.4,1216.4,1222.6,1224712280.2,1224712280.2,1224712280.2,0.0,3,SUR,0.96,
TQBR,2020-12-23,Новатэк ао,NVTK,10299,1116318483.8,1222.6,1204.4,1228.2,1217.8,1216.2,1218.6,917816,1215.6,1215.6,1217.8,1030298754.4,1030298754.4,1030298754.4,0.0,3,SUR,-0.07,
TQBR,2020-12-24,Новатэк ао,NVTK,7264,735340639.2,1219.8,1205.0,1224.2,1209.4,1211.0,1205.0,607258,1211.0,1211.0,1209.4,700924968.8,700924968.8,700924968.8,0.0,3,SUR,-1.12,
TQBR,2020-12-25,Новатэк ао,NVTK,6852,561004240.0,1208.0,1205.0,1229.2,1220.4,1218.8,1225.0,460250,1218.4,1218.4,1220.4,517503070.2,517503070.2,517503070.2,0.0,3,SUR,1.66,
TQBR,2020-12-28,Новатэк ао,NVTK,10822,866530632.0,1223.4,1222.0,1239.2,1232.4,1234.2,1236.8,702070,1234.2,1234.2,1232.4,802162279.4,802162279.4,802162279.4,0.0,3,SUR,0.96,
TQBR,2020-12-29,Новатэк ао,NVTK,15290,1960430506.0,1239.8,1225.6,1255.0,1245.2,1238.8,1236.0,1582464,1238.8,1238.8,1245.2,1891137188.6,1891137188.6,1891137188.6,0.0,3,SUR,-0.06,
TQBR,2020-12-30,Новатэк ао,NVTK,34319,6062509948.8,1237.4,1233.6,1272.0,1259.2,1256.2,1261.4,4825920,1256.2,1256.2,1259.2,5944662139.2,5944662139.2,5944662139.2,0.0,3,SUR,2.06,
TQBR,2021-01-04,Новатэк ао,NVTK,26103,2528293786.8,1258.8,1210.2,1273.6,1260.0,1257.6,1250.4,2010570,1257.8,1257.8,1260.0,2382815116.0,2382815116.0,2382815116.0,0.0,3,SUR,-0.87,
TQBR,2021-01-05,Новатэк ао,NVTK,15781,1471255268.8,1253.0,1240.6,1291.0,1269.8,1267.8,1287.4,1160540,1264.0,1264.0,1269.8,1193776933.6,1193776933.6,1193776933.6,0.0,3,SUR,2.96,
TQBR,2021-01-06,Новатэк ао,NVTK,21420,2082747149.6,1282.8,1273.0,1308.6,1304.0,1292.4,1301.2,1611440,1292.0,1292.0,1304.0,1949881710.2,1949881710.2,1949881710.2,0.0,3,SUR,1.07,
TQBR,2021-01-08,Новатэк ао,NVTK,37084,3725085471.4,1314.2,1313.8,1380.0,1369.4,1360.6,1379.2,2737675,1359.8,1359.8,1369.4,3474100211.4,3474100211.4,3474100211.4,0.0,3,SUR,5.99,
TQBR,2021-01-11,Новатэк ао,NVTK,34794,3452439385.6,1375.2,1361.0,1434.4,1402.8,1405.8,1405.4,2456112,1405.6,1405.6,1402.8,3357628786.6,3357628786.6,3357628786.6,0.0,3,SUR,1.9,
TQBR,2021-01-12,Новатэк ао,NVTK,20115,2234508673.4,1414.8,1387.8,1422.2,1399.8,1401.2,1401.0,1594642,1401.4,1401.4,1399.8,2091095098.8,2091095098.8,2091095098.8,0.0,3,SUR,-0.31,
TQBR,2021-01-13,Новатэк ао,NVTK,18964,1843777085.4,1410.0,1397.2,1430.0,1421.6,1414.6,1425.6,1303446,1413.8,1413.8,1421.6,1673856265.0,1673856265.0,1673856265.0,0.0,3,SUR,1.76,
TQBR,2021-01-14,Новатэк ао,NVTK,25325,2252369015.4,1422.0,1415.0,1459.0,1444.4,1440.6,1438.0,1563508,1440.6,1440.6,1444.4,2083970084.8,2083970084.8,2083970084.8,0.0,3,SUR,0.87,
TQBR,2021-01-15,Новатэк ао,NVTK,28960,3241148587.8,1430.8,1370.2,1439.2,1384.0,1399.0,1375.8,2318106,1399.4,1399.4,1384.0,3041394240.0,3041394240.0,3041394240.0,0.0,3,SUR,-4.33,
TQBR,2021-01-18,Новатэк ао,NVTK,21918,2396653954.2,1374.0,1353.0,1412.8,1395.2,1388.2,1390.4,1726520,1388.0,1388.0,1395.2,2259592570.0,2259592570.0,2259592570.0,0.0,3,SUR,1.06,
TQBR,2021-01-19,Новатэк ао,NVTK,15347,1427642639.4,1398.0,1370.0,1403.2,1381.0,1385.4,1377.2,1030455,1387.2,1387.2,1381.0,1229010814.2,1229010814.2,1229010814.2,0.0,3,SUR,-0.95,
TQBR,2021-01-20,Новатэк ао,NVTK,12040,1426627524.8,1384.0,1377.2,1407.2,1384.4,1391.6,1388.6,1025120,1392.4,1392.4,1384.4,1298480509.8,1298480509.8,1298480509.8,0.0,3,SUR,0.83,
TQBR,2021-01-21,Новатэк ао,NVTK,21380,2065377004.4,1396.0,1341.0,1396.0,1349.2,1358.4,1352.0,1520467,1359.4,1359.4,1349.2,1879178565.4,1879178565.4,1879178565.4,0.0,3,SUR,-2.64,
TQBR,2021-01-22,Новатэк ао,NVTK,18872,2005538538.8,1347.6,1323.6,1367.0,1354.4,1342.2,1359.2,1494129,1341.6,1341.6,1354.4,1912200399.2,1912200399.2,1912200399.2,0.0,3,SUR,0.53,
TQBR,2021-01-25,Новатэк ао,NVTK,19353,1919841531.6,1364.8,1356.6,1388.0,1372.6,1372.0,1373.0,1399284,1373.0,1373.0,1372.6,1727743967.6,1727743967.6,1727743967.6,0.0,3,SUR,1.02,
TQBR,2021-01-26,Новатэк ао,NVTK,11750,957479704.8,1364.0,1356.4,1382.8,1369.0,1370.4,1373.8,698669,1370.4,1370.4,1369.0,867714053.0,867714053.0,867714053.0,0.0,3,SUR,0.06,
TQBR,2021-01-27,Новатэк ао,NVTK,14398,1800866614.4,1373.8,1333.2,1379.4,1337.8,1345.2,1340.8,1338770,1345.4,1345.4,1337.8,1655073029.6,1655073029.6,1655073029.6,0.0,3,SUR,-2.4,
TQBR,2021-01-28,Новатэк ао,NVTK,16148,1535347008.4,1330.0,1317.2,1353.8,1326.4,1336.0,1325.0,1149215,1337.8,1337.8,1326.4,1345889372.6,1345889372.6,1345889372.6,0.0,3,SUR,-1.18,
TQBR,2021-01-29,Новатэк ао,NVTK,32173,3310374448.0,1320.6,1263.4,1321.8,1274.0,1284.2,1266.8,2577788,1285.6,1285.6,1274.0,3053518149.4,3053518149.4,3053518149.4,0.0,3,SUR,-4.39,
TQBR,2021-02-01,Новатэк ао,NVTK,20075,1948511367.4,1280.0,1260.0,1306.0,1290.0,1284.6,1302.8,1516822,1283.4,1283.4,1290.0,1773177374.8,1773177374.8,1773177374.8,0.0,3,SUR,2.84,
TQBR,2021-02-02,Новатэк ао,NVTK,29235,3109376605.6,1306.0,1306.0,1357.0,1352.2,1333.6,1336.0,2331393,1332.8,1332.8,1352.2,2791075049.6,2791075049.6,2791075049.6,0.0,3,SUR,2.55,
TQBR,2021-02-03,Новатэк ао,NVTK,13499,1413560895.6,1340.0,1325.0,1353.4,1335.0,1337.0,1336.8,1057297,1337.2,1337.2,1335.0,1335202750.2,1335202750.2,1335202750.2,0.0,3,SUR,0.06,
TQBR,2021-02-04,Новатэк ао,NVTK,12898,1553298160.4,1335.0,1323.0,1351.4,1335.4,1342.4,1339.4,1157737,1344.0,1344.0,1335.4,1287401343.0,1287401343.0,1287401343.0,0.0,3,SUR,0.19,
TQBR,2021-02-05,Новатэк ао,NVTK,17427,1947295997.0,1341.2,1340.0,1381.0,1361.8,1357.2,1378.2,1434542,1355.4,1355.4,1361.8,1672330328.6,1672330328.6,1672330328.6,0.0,3,SUR,2.9,
TQBR,2021-02-08,Новатэк ао,NVTK,18524,1821837947.6,1381.0,1375.2,1403.6,1395.4,1390.4,1399.8,1310295,1389.8,1389.8,1395.4,1668289261.6,1668289261.6,1668289261.6,0.0,3,SUR,1.57,
TQBR,2021-02-09,Новатэк ао,NVTK,20793,2576863994.4,1402.0,1364.8,1413.6,1373.8,1386.8,1378.0,1858029,1387.8,1387.8,1373.8,2390120669.0,2390120669.0,2390120669.0,0.0,3,SUR,-1.56,
TQBR,2021-02-10,Новатэк ао,NVTK,26273,2393957943.8,1372.2,1334.6,1385.0,1340.8,1354.6,1347.0,1767679,1354.8,1354.8,1340.8,2250865396.6,2250865396.6,2250865396.6,0.0,3,SUR,-2.25,
TQBR,2021-02-11,Новатэк ао,NVTK,15378,1345111517.6,1346.0,1326.0,1359.8,1340.4,1341.4,1327.4,1002775,1342.0,1342.0,1340.4,1236390438.6,1236390438.6,1236390438.6,0.0,3,SUR,-1.46,
TQBR,2021-02-12,Новатэк ао,NVTK,23666,1834912335.8,1329.8,1309.0,1380.0,1372.8,1346.0,1370.0,1363020,1341.8,1341.8,1372.8,1550859630.4,1550859630.4,1550859630.4,0.0,3,SUR,3.21,
TQBR,2021-02-15,Новатэк ао,NVTK,21567,2808495745.4,1385.0,1377.4,1410.0,1394.0,1391.2,1409.8,2018800,1389.8,1389.8,1394.0,2533982129.4,2533982129.4,2533982129.4,0.0,3,SUR,2.91,
TQBR,2021-02-16,Новатэк ао,NVTK,20170,2187918166.0,1410.0,1382.8,1425.0,1391.0,1402.0,1399.0,1560541,1402.6,1402.6,1391.0,2031493533.6,2031493533.6,2031493533.6,0.0,3,SUR,-0.77,
TQBR,2021-02-17,Новатэк ао,NVTK,32327,3643748123.0,1399.0,1343.2,1408.2,1351.6,1374.2,1372.0,2651382,1375.6,1375.6,1351.6,3314078625.0,3314078625.0,3314078625.0,0.0,3,SUR,-1.93,
TQBR,2021-02-18,Новатэк ао,NVTK,18813,1676114034.4,1380.0,1330.0,1380.2,1341.2,1352.6,1330.4,1239186,1355.2,1355.2,1341.2,1464451364.0,1464451364.0,1464451364.0,0.0,3,SUR,-3.03,
TQBR,2021-02-19,Новатэк ао,NVTK,22852,2282495371.8,1330.0,1317.4,1369.4,1365.2,1347.6,1363.0,1693820,1346.6,1346.6,1365.2,2137945813.6,2137945813.6,2137945813.6,0.0,3,SUR,2.45,
TQBR,2021-02-20,Новатэк ао,NVTK,3533,130997051.6,1368.0,1349.4,1368.0,1360.4,1358.0,1363.0,96457,1357.8,1357.8,1360.4,124417527.8,124417527.8,124417527.8,0.0,3,SUR,0.0,
TQBR,2021-02-22,Новатэк ао,NVTK,15027,1408338788.4,1363.0,1326.4,1368.2,1341.8,1340.0,1338.6,1051043,1340.0,1340.0,1341.8,1274255532.8,1274255532.8,1274255532.8,0.0,3,SUR,-1.79,
TQBR,2021-02-24,Новатэк ао,NVTK,27731,2937049389.6,1344.0,1295.8,1344.0,1314.0,1314.4,1323.0,2233749,1314.6,1314.6,1314.0,2739546078.4,2739546078.4,2739546078.4,0.0,3,SUR,-1.17,
TQBR,2021-02-25,Новатэк ао,NVTK,28962,2510825927.0,1323.0,1288.0,1336.0,1308.0,1305.6,1293.4,1922648,1307.2,1307.2,1308.0,2194789843.4,2194789843.4,2194789843.4,0.0,3,SUR,-2.24,
TQBR,2021-02-26,Новатэк ао,NVTK,22456,2132838448.2,1289.0,1268.0,1294.0,1278.4,1280.8,1276.0,1665177,1281.4,1281.4,1278.4,1918149978.8,1918149978.8,1918149978.8,0.0,3,SUR,-1.35,
TQBR,2021-03-01,Новатэк ао,NVTK,15729,1289201389.0,1291.0,1280.2,1304.2,1300.0,1294.8,1298.6,995331,1295.0,1295.0,1300.0,1204806539.2,1204806539.2,1204806539.2,0.0,3,SUR,1.77,
TQBR,2021-03-02,Новатэк ао,NVTK,14692,1515078386.0,1294.0,1288.6,1324.0,1318.8,1309.2,1319.0,1157147,1308.8,1308.8,1318.8,1453780633.6,1453780633.6,1453780633.6,0.0,3,SUR,1.57,
TQBR,2021-03-03,Новатэк ао,NVTK,18332,1888887793.2,1323.8,1307.0,1352.2,1316.0,1329.0,1318.8,1421303,1329.4,1329.4,1316.0,1789651100.2,1789651100.2,1789651100.2,0.0,3,SUR,-0.02,
TQBR,2021-03-04,Новатэк ао,NVTK,22909,2675993003.8,1323.8,1281.8,1336.6,1321.6,1324.6,1297.0,2021696,1325.0,1325.0,1321.6,2269871232.0,2269871232.0,2269871232.0,0.0,3,SUR,-1.65,
TQBR,2021-03-05,Новатэк ао,NVTK,41025,5030409180.2,1307.0,1303.0,1407.8,1397.4,1369.0,1395.0,3674586,1367.6,1367.6,1397.4,4691282756.0,4691282756.0,4691282756.0,0.0,3,SUR,7.56,
TQBR,2021-03-09,Новатэк ао,NVTK,37483,3704001567.2,1404.0,1398.2,1471.0,1466.8,1440.4,1459.4,2572002,1439.2,1439.2,1466.8,3534974374.0,3534974374.0,3534974374.0,0.0,3,SUR,4.62,
TQBR,2021-03-10,Новатэк ао,NVTK,25585,2977612415.2,1454.8,1440.0,1483.0,1473.2,1469.2,1467.2,2026747,1469.6,1469.6,1473.2,2819350986.0,2819350986.0,2819350986.0,0.0,3,SUR,0.53,
TQBR,2021-03-11,Новатэк ао,NVTK,18859,1972315295.4,1472.0,1465.8,1499.2,1483.8,1475.4,1490.4,1336859,1473.0,1473.0,1483.8,1707404961.2,1707404961.2,1707404961.2,0.0,3,SUR,1.58,
TQBR,2021-03-12,Новатэк ао,NVTK,30787,2970404799.2,1490.4,1480.0,1535.2,1519.4,1510.4,1532.0,1966194,1509.2,1509.2,1519.4,2745499637.0,2745499637.0,2745499637.0,0.0,3,SUR,2.79,
TQBR,2021-03-15,Новатэк ао,NVTK,26778,3314729972.2,1530.2,1524.2,1563.0,1554.4,1549.2,1558.6,2139701,1549.0,1549.0,1554.4,3225760393.6,3225760393.6,3225760393.6,0.0,3,SUR,1.74,
TQBR,2021-03-16,Новатэк ао,NVTK,20222,2307385071.6,1559.2,1528.8,1559.8,1544.4,1540.0,1540.2,1498316,1540.0,1540.0,1544.4,2175967665.4,2175967665.4,2175967665.4,0.0,3,SUR,-1.18,
TQBR,2021-03-17,Новатэк ао,NVTK,35653,4633555588.4,1540.0,1470.0,1550.0,1488.0,1497.6,1493.6,3094013,1498.4,1498.4,1488.0,4291807637.8,4291807637.8,4291807637.8,0.0,3,SUR,-3.03,
TQBR,2021-03-18,Новатэк ао,NVTK,33089,3639285208.4,1498.0,1438.0,1510.0,1463.6,1479.2,1443.0,2460517,1481.8,1481.8,1463.6,3357679559.6,3357679559.6,3357679559.6,0.0,3,SUR,-3.39,
TQBR,2021-03-19,Новатэк ао,NVTK,28194,4281489126.6,1442.0,1410.6,1464.4,1414.4,1425.2,1427.8,3004060,1425.2,1425.2,1414.4,4105268808.0,4105268808.0,4105268808.0,0.0,3,SUR,-1.05,
TQBR,2021-03-22,Новатэк ао,NVTK,24830,2291851127.0,1425.4,1420.2,1450.6,1437.0,1433.2,1434.6,1599130,1433.0,1433.0,1437.0,2167917912.2,2167917912.2,2167917912.2,0.0,3,SUR,0.48,
TQBR,2021-03-23,Новатэк ао,NVTK,29379,3083038913.6,1427.0,1417.0,1480.8,1479.4,1453.8,1464.4,2119977,1453.2,1453.2,1479.4,2756193317.8,2756193317.8,2756193317.8,0.0,3,SUR,2.08,
TQBR,2021-03-24,Новатэк ао,NVTK,23308,2103623185.4,1466.0,1453.2,1526.0,1518.2,1486.2,1501.0,1415465,1481.4,1481.4,1518.2,1796822837.6,1796822837.6,1796822837.6,0.0,3,SUR,2.5,
TQBR,2021-03-25,Новатэк ао,NVTK,19577,1698100720.6,1497.0,1466.0,1516.8,1480.0,1485.4,1492.8,1143248,1485.0,1485.0,1480.0,1535154262.8,1535154262.8,1535154262.8,0.0,3,SUR,-0.55,
TQBR,2021-03-26,Новатэк ао,NVTK,20310,1988243137.2,1502.0,1485.0,1524.0,1496.6,1500.4,1518.6,1325512,1499.0,1499.0,1496.6,1778197109.2,1778197109.2,1778197109.2,0.0,3,SUR,1.73,
TQBR,2021-03-29,Новатэк ао,NVTK,18002,1631361179.8,1506.8,1481.2,1524.6,1498.0,1503.0,1497.6,1085412,1503.0,1503.0,1498.0,1495914127.4,1495914127.4,1495914127.4,0.0,3,SUR,-1.38,
TQBR,2021-03-30,Новатэк ао,NVTK,20572,2153942622.0,1497.0,1476.8,1528.6,1495.8,1500.0,1484.0,1436676,1499.8,1499.8,1495.8,2059127685.6,2059127685.6,2059127685.6,0.0,3,SUR,-0.91,
TQBR,2021-03-31,Новатэк ао,NVTK,16704,1458711611.8,1494.8,1481.2,1508.4,1492.2,1493.0,1488.2,976501,1494.0,1494.0,1492.2,1404780516.2,1404780516.2,1404780516.2,0.0,3,SUR,0.28,
TQBR,2021-04-01,Новатэк ао,NVTK,24661,1933711890.6,1487.0,1466.8,1526.8,1472.4,1495.0,1489.0,1293466,1496.4,1496.4,1472.4,1732478035.4,1732478035.4,1732478035.4,0.0,3,SUR,0.05,
TQBR,2021-04-02,Новатэк ао,NVTK,10549,597784998.8,1494.0,1468.2,1499.8,1486.0,1480.6,1484.6,403733,1480.0,1480.0,1486.0,547679855.8,547679855.8,547679855.8,0.0,3,SUR,-0.3,
TQBR,2021-04-05,Новатэк ао,NVTK,18821,1206970491.8,1480.0,1445.4,1480.2,1455.0,1457.6,1459.6,827997,1457.8,1457.8,1455.0,1109142982.0,1109142982.0,1109142982.0,0.0,3,SUR,-1.68,
TQBR,2021-04-06,Новатэк ао,NVTK,21569,2157722510.0,1464.2,1422.4,1471.8,1434.6,1444.6,1424.0,1493597,1445.2,1445.2,1434.6,2054160560.2,2054160560.2,2054160560.2,0.0,3,SUR,-2.44,
TQBR,2021-04-07,Новатэк ао,NVTK,22920,2363838440.0,1430.8,1413.6,1474.6,1459.0,1451.8,1462.4,1628272,1451.0,1451.0,1459.0,2235165674.0,2235165674.0,2235165674.0,0.0,3,SUR,2.7,
TQBR,2021-04-08,Новатэк ао,NVTK,18810,1429454031.4,1465.0,1431.2,1477.0,1440.8,1447.4,1445.0,987532,1447.8,1447.8,1440.8,1327523318.8,1327523318.8,1327523318.8,0.0,3,SUR,-1.19,
TQBR,2021-04-09,Новатэк ао,NVTK,15184,1046144986.0,1446.0,1418.0,1446.0,1425.0,1429.0,1429.4,732132,1428.8,1428.8,1425.0,966100888.8,966100888.8,966100888.8,0.0,3,SUR,-1.08,
TQBR,2021-04-12,Новатэк ао,NVTK,18630,1749556107.6,1427.2,1408.0,1454.6,1441.4,1434.2,1442.6,1219654,1434.4,1434.4,1441.4,1692910664.4,1692910664.4,1692910664.4,0.0,3,SUR,0.92,
TQBR,2021-04-13,Новатэк ао,NVTK,18189,1239196116.6,1444.0,1425.0,1470.0,1448.2,1441.4,1451.2,859746,1439.6,1439.6,1448.2,1026708574.4,1026708574.4,1026708574.4,0.0,3,SUR,0.6,
TQBR,2021-04-14,Новатэк ао,NVTK,20411,1745187902.4,1465.0,1432.8,1479.0,1467.6,1455.2,1456.8,1199257,1454.6,1454.6,1467.6,1586317410.2,1586317410.2,1586317410.2,0.0,3,SUR,0.39,
TQBR,2021-04-15,Новатэк ао,NVTK,16215,1593356788.8,1440.4,1437.6,1472.0,1450.8,1450.4,1447.6,1098496,1450.6,1450.6,1450.8,1510622156.2,1510622156.2,1510622156.2,0.0,3,SUR,-0.63,
TQBR,2021-04-16,Новатэк ао,NVTK,14117,1231480384.4,1455.0,1442.0,1461.4,1455.8,1452.2,1457.4,847956,1452.0,1452.0,1455.8,1186732261.8,1186732261.8,1186732261.8,0.0,3,SUR,0.68,
TQBR,2021-04-19,Новатэк ао,NVTK,16543,1349055137.8,1469.8,1422.6,1472.0,1435.0,1444.8,1431.0,933749,1445.4,1445.4,1435.0,1284745608.6,1284745608.6,1284745608.6,0.0,3,SUR,-1.81,
TQBR,2021-04-20,Новатэк ао,NVTK,19536,1759080168.6,1438.0,1410.2,1447.6,1417.6,1426.6,1423.4,1233018,1427.2,1427.2,1417.6,1647646828.4,1647646828.4,1647646828.4,0.0,3,SUR,-0.53,
TQBR,2021-04-21,Новатэк ао,NVTK,15982,1468004613.8,1420.0,1412.0,1435.0,1426.0,1422.8,1430.8,1031760,1422.4,1422.4,1426.0,1394050568.0,1394050568.0,1394050568.0,0.0,3,SUR,0.52,
TQBR,2021-04-22,Новатэк ао,NVTK,18740,1805714798.6,1430.8,1411.4,1450.0,1449.4,1432.6,1443.6,1260392,1432.0,1432.0,1449.4,1705581700.4,1705581700.4,1705581700.4,0.0,3,SUR,0.89,
TQBR,2021-04-23,Новатэк ао,NVTK,16896,1345626448.8,1449.4,1419.2,1453.0,1428.6,1428.6,1427.2,941921,1428.6,1428.6,1428.6,1292469876.0,1292469876.0,1292469876.0,0.0,3,SUR,-1.14,
TQBR,2021-04-26,Новатэк ао,NVTK,23461,1797991005.6,1428.6,1402.4,1433.0,1411.0,1413.0,1408.8,1272377,1413.2,1413.2,1411.0,1668202933.0,1668202933.0,1668202933.0,0.0,3,SUR,-1.29,
TQBR,2021-04-27,Новатэк ао,NVTK,22926,1956301672.2,1413.4,1400.6,1427.8,1409.4,1413.2,1406.4,1383856,1414.0,1414.0,1409.4,1869321036.2,1869321036.2,1869321036.2,0.0,3,SUR,-0.17,
TQBR,2021-04-28,Новатэк ао,NVTK,31446,1803028517.8,1410.0,1376.0,1411.0,1388.0,1392.6,1395.8,1296254,1390.8,1390.8,1388.0,1704178925.2,1704178925.2,1704178925.2,0.0,3,SUR,-0.75,
TQBR,2021-04-29,Новатэк ао,NVTK,21780,2038346551.0,1405.0,1381.8,1419.0,1393.4,1398.2,1401.0,1458584,1397.6,1397.6,1393.4,1942901553.6,1942901553.6,1942901553.6,0.0,3,SUR,0.37,
TQBR,2021-04-30,Новатэк ао,NVTK,26061,2178159392.0,1404.8,1353.2,1408.0,1358.0,1371.0,1358.0,1588664,1371.6,1371.6,1358.0,2063953097.6,2063953097.6,2063953097.6,0.0,3,SUR,-3.07,
TQBR,2021-05-04,Новатэк ао,NVTK,25330,2705309810.0,1363.0,1363.0,1408.6,1399.6,1385.0,1406.2,1953097,1384.2,1384.2,1399.6,2540726097.0,2540726097.0,2540726097.0,0.0,3,SUR,3.55,
TQBR,2021-05-05,Новатэк ао,NVTK,22419,2676595489.8,1409.0,1405.2,1428.8,1420.2,1418.0,1418.6,1887475,1418.0,1418.0,1420.2,2548751650.8,2548751650.8,2548751650.8,0.0,3,SUR,0.88,
TQBR,2021-05-06,Новатэк ао,NVTK,16082,1608932578.0,1407.0,1398.0,1418.0,1409.2,1407.2,1411.0,1143648,1406.8,1406.8,1409.2,1531551121.6,1531551121.6,1531551121.6,0.0,3,SUR,-0.54,
TQBR,2021-05-07,Новатэк ао,NVTK,13500,1509143293.4,1416.6,1398.0,1424.0,1415.8,1413.4,1419.6,1067738,1413.4,1413.4,1415.8,1453819219.6,1453819219.6,1453819219.6,0.0,3,SUR,0.61,
TQBR,2021-05-10,Новатэк ао,NVTK,13215,1574542818.0,1420.8,1391.0,1423.6,1416.2,1409.0,1414.0,1117509,1408.6,1408.6,1416.2,1501943018.6,1501943018.6,1501943018.6,0.0,3,SUR,-0.39,
TQBR,2021-05-11,Новатэк ао,NVTK,13673,1381219356.0,1405.2,1391.0,1414.6,1410.6,1404.2,1407.0,983674,1404.0,1404.0,1410.6,1330147240.4,1330147240.4,1330147240.4,0.0,3,SUR,-0.5,
TQBR,2021-05-12,Новатэк ао,NVTK,18880,1796386500.6,1406.2,1386.2,1407.8,1397.0,1396.4,1389.4,1286399,1396.6,1396.6,1397.0,1689710433.2,1689710433.2,1689710433.2,0.0,3,SUR,-1.25,
TQBR,2021-05-13,Новатэк ао,NVTK,14785,1355204988.2,1383.6,1380.6,1402.6,1389.6,1391.6,1393.4,973893,1391.6,1391.6,1389.6,1286547640.0,1286547640.0,1286547640.0,0.0,3,SUR,0.29,
TQBR,2021-05-14,Новатэк ао,NVTK,18955,1364305847.8,1394.0,1361.6,1397.2,1373.4,1376.6,1373.2,991094,1376.6,1376.6,1373.4,1305194549.8,1305194549.8,1305194549.8,0.0,3,SUR,-1.45,
TQBR,2021-05-17,Новатэк ао,NVTK,21426,1678554841.2,1378.0,1357.2,1394.0,1381.2,1375.4,1393.2,1220471,1373.6,1373.6,1381.2,1475673124.8,1475673124.8,1475673124.8,0.0,3,SUR,1.46,
TQBR,2021-05-18,Новатэк ао,NVTK,26738,3144601905.6,1400.0,1394.2,1425.8,1403.0,1417.2,1402.2,2220239,1417.0,1417.0,1403.0,2980176052.0,2980176052.0,2980176052.0,0.0,3,SUR,0.65,
TQBR,2021-05-19,Новатэк ао,NVTK,22314,2298239201.4,1402.2,1379.0,1416.6,1387.6,1395.2,1393.0,1647128,1395.4,1395.4,1387.6,2187246879.2,2187246879.2,2187246879.2,0.0,3,SUR,-0.66,
TQBR,2021-05-20,Новатэк ао,NVTK,18956,1516364978.0,1395.0,1363.2,1397.8,1377.2,1375.0,1375.0,1102867,1375.0,1375.0,1377.2,1417846964.8,1417846964.8,1417846964.8,0.0,3,SUR,-1.29,
TQBR,2021-05-21,Новатэк ао,NVTK,16356,1830993786.4,1380.0,1368.8,1411.8,1408.8,1398.2,1403.6,1309682,1397.8,1397.8,1408.8,1741935735.4,1741935735.4,1741935735.4,0.0,3,SUR,2.08,
TQBR,2021-05-24,Новатэк ао,NVTK,11874,1000546294.0,1408.0,1394.0,1418.0,1402.0,1405.8,1402.6,711690,1406.2,1406.2,1402.0,919254964.8,919254964.8,919254964.8,0.0,3,SUR,-0.07,
TQBR,2021-05-25,Новатэк ао,NVTK,19619,1119142440.8,1406.0,1395.0,1416.6,1410.0,1405.8,1404.8,796093,1405.8,1405.8,1410.0,1076575985.8,1076575985.8,1076575985.8,0.0,3,SUR,0.16,
TQBR,2021-05-26,Новатэк ао,NVTK,18463,1443238131.8,1410.2,1408.6,1424.0,1417.0,1417.6,1421.2,1018136,1417.4,1417.4,1417.0,1385889944.6,1385889944.6,1385889944.6,0.0,3,SUR,1.17,
TQBR,2021-05-27,Новатэк ао,NVTK,26720,3120209795.2,1424.8,1410.2,1466.4,1454.2,1434.0,1466.0,2175880,1432.2,1432.2,1454.2,2896406327.0,2896406327.0,2896406327.0,0.0,3,SUR,3.15,
TQBR,2021-05-28,Новатэк ао,NVTK,16900,1841621854.0,1468.0,1445.2,1472.0,1454.0,1454.0,1456.0,1266524,1454.0,1454.0,1454.0,1778552403.6,1778552403.6,1778552403.6,0.0,3,SUR,-0.68,
TQBR,2021-05-31,Новатэк ао,NVTK,12820,541367385.0,1456.0,1446.0,1464.8,1448.2,1452.0,1447.6,372844,1452.2,1452.2,1448.2,519818055.6,519818055.6,519818055.6,0.0,3,SUR,-0.58,
TQBR,2021-06-01,Новатэк ао,NVTK,27326,2806177424.2,1455.0,1449.4,1501.2,1484.0,1483.2,1491.0,1891908,1483.2,1483.2,1484.0,2674638258.4,2674638258.4,2674638258.4,0.0,3,SUR,3.0,
TQBR,2021-06-02,Новатэк ао,NVTK,31461,3029347226.4,1493.4,1487.2,1553.8,1552.0,1525.6,1552.8,1986442,1523.6,1523.6,1552.0,2854856371.2,2854856371.2,2854856371.2,0.0,3,SUR,4.14,
TQBR,2021-06-03,Новатэк ао,NVTK,29242,2814385438.6,1557.0,1520.4,1577.0,1544.2,1548.2,1551.0,1817937,1548.2,1548.2,1544.2,2722197279.8,2722197279.8,2722197279.8,0.0,3,SUR,-0.12,
TQBR,2021-06-04,Новатэк ао,NVTK,24611,2689638451.8,1553.6,1541.2,1586.6,1570.8,1565.6,1576.8,1717404,1565.8,1565.8,1570.8,2616120614.8,2616120614.8,2616120614.8,0.0,3,SUR,1.66,
TQBR,2021-06-07,Новатэк ао,NVTK,13512,1334785234.0,1574.8,1560.2,1582.2,1571.2,1570.8,1569.0,849791,1570.6,1570.6,1571.2,1291299607.4,1291299607.4,1291299607.4,0.0,3,SUR,-0.49,
TQBR,2021-06-08,Новатэк ао,NVTK,18339,1794733242.4,1561.0,1559.0,1598.0,1582.4,1574.4,1583.4,1140005,1572.8,1572.8,1582.4,1621884071.8,1621884071.8,1621884071.8,0.0,3,SUR,0.92,
TQBR,2021-06-09,Новатэк ао,NVTK,21425,1986803732.8,1588.4,1584.0,1621.4,1619.8,1606.6,1619.8,1236710,1606.0,1606.0,1619.8,1906056267.0,1906056267.0,1906056267.0,0.0,3,SUR,2.3,
TQBR,2021-06-10,Новатэк ао,NVTK,24900,2594146225.6,1619.8,1565.4,1619.8,1571.0,1580.8,1568.4,1640579,1581.8,1581.8,1571.0,2411938482.0,2411938482.0,2411938482.0,0.0,3,SUR,-3.17,
TQBR,2021-06-11,Новатэк ао,NVTK,24850,2172008257.4,1571.0,1543.0,1582.8,1549.6,1559.6,1550.6,1392457,1560.2,1560.2,1549.6,2088656018.8,2088656018.8,2088656018.8,0.0,3,SUR,-1.13,
TQBR,2021-06-14,Новатэк ао,NVTK,11754,1060741923.4,1551.0,1551.0,1581.8,1574.2,1572.2,1575.2,674648,1572.0,1572.0,1574.2,987016948.0,987016948.0,987016948.0,0.0,3,SUR,1.59,
TQBR,2021-06-15,Новатэк ао,NVTK,17542,1614783891.8,1579.6,1544.8,1579.6,1566.0,1561.2,1561.6,1034533,1561.2,1561.2,1566.0,1509409386.4,1509409386.4,1509409386.4,0.0,3,SUR,-0.86,
TQBR,2021-06-16,Новатэк ао,NVTK,22138,2244140507.2,1560.0,1553.2,1597.6,1591.4,1576.0,1575.4,1423914,1576.0,1576.0,1591.4,2009269996.2,2009269996.2,2009269996.2,0.0,3,SUR,0.88,
TQBR,2021-06-17,Новатэк ао,NVTK,22188,2515816551.0,1576.0,1557.0,1604.8,1568.0,1580.8,1559.0,1592084,1581.0,1581.0,1568.0,2403956760.8,2403956760.8,2403956760.8,0.0,3,SUR,-1.04,
TQBR,2021-06-18,Новатэк ао,NVTK,19769,3934904049.6,1559.0,1525.4,1569.0,1561.0,1552.8,1555.4,2533431,1553.0,1553.0,1561.0,3739953235.0,3739953235.0,3739953235.0,0.0,3,SUR,-0.23,
TQBR,2021-06-21,Новатэк ао,NVTK,12361,1323428955.6,1556.4,1545.2,1578.6,1564.4,1563.0,1569.6,846551,1562.4,1562.4,1564.4,1171621845.4,1171621845.4,1171621845.4,0.0,3,SUR,0.91,
TQBR,2021-06-22,Новатэк ао,NVTK,12396,1354070696.4,1577.2,1536.2,1577.4,1544.8,1552.0,1554.8,872483,1552.0,1552.0,1544.8,1264017207.2,1264017207.2,1264017207.2,0.0,3,SUR,-0.94,
TQBR,2021-06-23,Новатэк ао,NVTK,14667,1522362857.0,1560.0,1536.0,1570.0,1540.4,1549.8,1537.4,982252,1550.4,1550.4,1540.4,1459277382.4,1459277382.4,1459277382.4,0.0,3,SUR,-1.12,
TQBR,2021-06-24,Новатэк ао,NVTK,15506,1685480803.0,1536.4,1482.2,1547.8,1519.0,1522.0,1504.0,1107435,1523.4,1523.4,1519.0,1504952305.6,1504952305.6,1504952305.6,0.0,3,SUR,-2.17,
TQBR,2021-06-25,Новатэк ао,NVTK,24613,2742966489.4,1512.0,1503.6,1554.8,1546.0,1539.4,1552.0,1782924,1538.0,1538.0,1546.0,2652924333.6,2652924333.6,2652924333.6,0.0,3,SUR,3.19,
TQBR,2021-06-28,Новатэк ао,NVTK,17779,1721580832.2,1550.0,1535.8,1564.4,1536.2,1549.2,1545.2,1111934,1548.6,1548.6,1536.2,1629204141.0,1629204141.0,1629204141.0,0.0,3,SUR,-0.44,
TQBR,2021-06-29,Новатэк ао,NVTK,16269,1666872272.2,1537.2,1510.6,1547.6,1522.0,1528.4,1528.2,1090466,1528.6,1528.6,1522.0,1609188897.2,1609188897.2,1609188897.2,0.0,3,SUR,-1.1,
TQBR,2021-06-30,Новатэк ао,NVTK,30158,3327023867.4,1530.0,1518.6,1612.4,1607.4,1578.8,1608.0,2108072,1577.0,1577.0,1607.4,3163054324.0,3163054324.0,3163054324.0,0.0,3,SUR,5.22,
TQBR,2021-07-01,Новатэк ао,NVTK,35329,5029265730.0,1610.0,1605.6,1676.8,1649.6,1644.2,1657.8,3058704,1643.8,1643.8,1649.6,4829954912.0,4829954912.0,4829954912.0,0.0,3,SUR,3.1,
TQBR,2021-07-02,Новатэк ао,NVTK,19547,2316990886.2,1649.8,1637.4,1680.0,1658.4,1660.2,1657.0,1395596,1660.4,1660.4,1658.4,2267809630.4,2267809630.4,2267809630.4,0.0,3,SUR,-0.05,
TQBR,2021-07-05,Новатэк ао,NVTK,12722,1241199008.4,1659.6,1643.0,1688.0,1681.0,1669.6,1681.2,743452,1668.6,1668.6,1681.0,1145332579.2,1145332579.2,1145332579.2,0.0,3,SUR,1.46,
TQBR,2021-07-06,Новатэк ао,NVTK,24296,3191037068.6,1682.0,1647.6,1709.6,1658.2,1682.4,1651.0,1897221,1684.0,1684.0,1658.2,2977480294.2,2977480294.2,2977480294.2,0.0,3,SUR,-1.8,
TQBR,2021-07-07,Новатэк ао,NVTK,18869,2224377854.6,1650.0,1622.0,1686.0,1637.6,1648.8,1640.0,1349004,1649.2,1649.2,1637.6,2165416848.2,2165416848.2,2165416848.2,0.0,3,SUR,-0.67,
TQBR,2021-07-08,Новатэк ао,NVTK,14999,1661905272.0,1637.0,1614.2,1649.0,1639.8,1630.8,1638.6,1019060,1630.2,1630.2,1639.8,1567027007.0,1567027007.0,1567027007.0,0.0,3,SUR,-0.09,
TQBR,2021-07-09,Новатэк ао,NVTK,15478,1944618204.0,1635.0,1607.0,1642.0,1615.2,1618.6,1612.4,1201111,1619.2,1619.2,1615.2,1853464956.4,1853464956.4,1853464956.4,0.0,3,SUR,-1.6,
TQBR,2021-07-12,Новатэк ао,NVTK,14451,1580568270.8,1610.6,1596.2,1631.8,1608.6,1608.2,1614.8,983052,1607.6,1607.6,1608.6,1508555128.8,1508555128.8,1508555128.8,0.0,3,SUR,0.15,
TQBR,2021-07-13,Новатэк ао,NVTK,11843,1147107316.2,1618.4,1590.8,1620.6,1610.2,1602.4,1605.0,715957,1602.0,1602.0,1610.2,1095506752.6,1095506752.6,1095506752.6,0.0,3,SUR,-0.61,
TQBR,2021-07-14,Новатэк ао,NVTK,11903,1546408910.4,1609.0,1587.0,1617.8,1590.0,1606.0,1587.0,963452,1605.6,1605.6,1590.0,1491828585.4,1491828585.4,1491828585.4,0.0,3,SUR,-1.12,
TQBR,2021-07-15,Новатэк ао,NVTK,17951,1717950857.8,1594.0,1546.8,1594.0,1559.8,1563.0,1556.2,1099157,1563.2,1563.2,1559.8,1643283858.8,1643283858.8,1643283858.8,0.0,3,SUR,-1.94,
TQBR,2021-07-16,Новатэк ао,NVTK,19676,2077594577.6,1555.0,1534.6,1582.4,1543.0,1559.8,1537.0,1331910,1560.6,1560.6,1543.0,1991388890.0,1991388890.0,1991388890.0,0.0,3,SUR,-1.23,
TQBR,2021-07-19,Новатэк ао,NVTK,18435,1709162506.8,1534.8,1506.2,1542.4,1516.4,1523.6,1515.4,1121725,1524.4,1524.4,1516.4,1607858509.0,1607858509.0,1607858509.0,0.0,3,SUR,-1.41,
TQBR,2021-07-20,Новатэк ао,NVTK,20420,2318678347.6,1520.2,1497.6,1535.0,1518.6,1517.8,1523.8,1527682,1517.2,1517.2,1518.6,2195174941.2,2195174941.2,2195174941.2,0.0,3,SUR,0.55,
TQBR,2021-07-21,Новатэк ао,NVTK,13178,1336049809.2,1529.0,1511.0,1544.0,1536.0,1529.8,1540.2,873360,1528.8,1528.8,1536.0,1208544356.6,1208544356.6,1208544356.6,0.0,3,SUR,1.08,
TQBR,2021-07-22,Новатэк ао,NVTK,19185,2469913991.4,1545.6,1529.2,1573.8,1549.2,1557.0,1551.6,1586763,1556.8,1556.8,1549.2,2393279235.2,2393279235.2,2393279235.2,0.0,3,SUR,0.74,
TQBR,2021-07-23,Новатэк ао,NVTK,13899,1471492643.4,1551.0,1520.0,1560.8,1538.4,1538.2,1536.8,956639,1538.2,1538.2,1538.4,1433774217.6,1433774217.6,1433774217.6,0.0,3,SUR,-0.95,
TQBR,2021-07-26,Новатэк ао,NVTK,11831,1059219774.6,1534.4,1524.0,1566.8,1551.2,1544.8,1566.0,685874,1542.4,1542.4,1551.2,944540221.8,944540221.8,944540221.8,0.0,3,SUR,1.9,
TQBR,2021-07-27,Новатэк ао,NVTK,17170,1978750361.8,1565.8,1546.4,1585.0,1553.2,1563.0,1554.4,1265944,1563.4,1563.4,1553.2,1901573119.0,1901573119.0,1901573119.0,0.0,3,SUR,-0.74,
TQBR,2021-07-28,Новатэк ао,NVTK,25729,2533099604.0,1551.8,1551.2,1605.6,1599.6,1587.8,1604.6,1595445,1587.0,1587.0,1599.6,2415150138.2,2415150138.2,2415150138.2,0.0,3,SUR,3.23,
TQBR,2021-07-29,Новатэк ао,NVTK,21988,2232202411.4,1609.2,1606.8,1645.2,1638.2,1629.4,1640.2,1370065,1629.0,1629.0,1638.2,2150439745.8,2150439745.8,2150439745.8,0.0,3,SUR,2.22,
TQBR,2021-07-30,Новатэк ао,NVTK,14945,1748377918.6,1634.8,1619.2,1641.6,1632.0,1629.0,1633.8,1073243,1628.8,1628.8,1632.0,1664611195.0,1664611195.0,1664611195.0,0.0,3,SUR,-0.39,
TQBR,2021-08-02,Новатэк ао,NVTK,23107,2930544032.2,1639.8,1610.0,1663.4,1639.8,1647.6,1625.8,1778749,1650.0,1650.0,1639.8,2663810020.4,2663810020.4,2663810020.4,0.0,3,SUR,-0.49,
TQBR,2021-08-03,Новатэк ао,NVTK,19649,1981744919.0,1633.8,1624.6,1660.0,1650.0,1645.2,1660.0,1204621,1644.2,1644.2,1650.0,1825236543.4,1825236543.4,1825236543.4,0.0,3,SUR,2.1,
TQBR,2021-08-04,Новатэк ао,NVTK,15410,1649961149.0,1656.8,1638.6,1665.8,1655.0,1651.6,1648.4,999160,1651.4,1651.4,1655.0,1565168230.6,1565168230.6,1565168230.6,0.0,3,SUR,-0.7,
TQBR,2021-08-05,Новатэк ао,NVTK,13643,1458278199.4,1640.2,1640.2,1686.6,1681.8,1665.8,1686.4,875439,1664.4,1664.4,1681.8,1325757177.4,1325757177.4,1325757177.4,0.0,3,SUR,2.31,
TQBR,2021-08-06,Новатэк ао,NVTK,21009,2621197683.8,1686.4,1664.8,1704.8,1670.0,1687.8,1667.6,1553066,1688.2,1688.2,1670.0,2551610509.6,2551610509.6,2551610509.6,0.0,3,SUR,-1.11,
TQBR,2021-08-09,Новатэк ао,NVTK,21486,2426936495.0,1660.0,1655.6,1694.2,1675.0,1672.0,1670.0,1451158,1672.2,1672.2,1675.0,2354389187.0,2354389187.0,2354389187.0,0.0,3,SUR,0.14,
TQBR,2021-08-10,Новатэк ао,NVTK,21177,2186525291.2,1675.0,1673.8,1716.0,1707.6,1694.0,1712.8,1290732,1693.4,1693.4,1707.6,2090318608.4,2090318608.4,2090318608.4,0.0,3,SUR,2.56,
TQBR,2021-08-11,Новатэк ао,NVTK,18540,1805858575.6,1720.0,1695.4,1729.0,1709.0,1709.8,1706.0,1056211,1709.8,1709.8,1709.0,1715635071.8,1715635071.8,1715635071.8,0.0,3,SUR,-0.4,
TQBR,2021-08-12,Новатэк ао,NVTK,16000,1490789881.2,1709.0,1706.2,1737.8,1732.8,1722.6,1732.8,865476,1722.2,1722.2,1732.8,1436652413.2,1436652413.2,1436652413.2,0.0,3,SUR,1.57,
TQBR,2021-08-13,Новатэк ао,NVTK,13706,1302832309.4,1733.6,1714.6,1747.8,1729.6,1730.4,1729.8,753190,1729.8,1729.8,1729.6,1257709692.8,1257709692.8,1257709692.8,0.0,3,SUR,-0.17,
TQBR,2021-08-16,Новатэк ао,NVTK,30665,2697517274.8,1722.8,1718.0,1795.0,1771.2,1763.4,1773.4,1530221,1762.0,1762.0,1771.2,2545676439.6,2545676439.6,2545676439.6,0.0,3,SUR,2.52,
TQBR,2021-08-17,Новатэк ао,NVTK,27946,3106665795.0,1778.6,1761.4,1813.8,1803.6,1789.4,1798.2,1736316,1788.6,1788.6,1803.6,2939592379.2,2939592379.2,2939592379.2,0.0,3,SUR,1.4,
TQBR,2021-08-18,Новатэк ао,NVTK,20752,2705542302.6,1809.2,1770.0,1815.4,1785.6,1786.2,1781.2,1514592,1786.4,1786.4,1785.6,2549951605.2,2549951605.2,2549951605.2,0.0,3,SUR,-0.95,
TQBR,2021-08-19,Новатэк ао,NVTK,31629,4393279089.2,1773.0,1727.6,1781.4,1757.2,1752.2,1763.6,2507249,1751.4,1751.4,1757.2,4215529118.6,4215529118.6,4215529118.6,0.0,3,SUR,-0.99,
TQBR,2021-08-20,Новатэк ао,NVTK,17942,2579378473.0,1773.0,1705.6,1774.2,1738.6,1746.2,1733.0,1477462,1747.6,1747.6,1738.6,2363948242.8,2363948242.8,2363948242.8,0.0,3,SUR,-1.74,
TQBR,2021-08-23,Новатэк ао,NVTK,14234,1770446226.2,1745.0,1733.2,1758.8,1757.4,1746.0,1754.6,1014056,1745.4,1745.4,1757.4,1679084711.8,1679084711.8,1679084711.8,0.0,3,SUR,1.25,
TQBR,2021-08-24,Новатэк ао,NVTK,17101,2131062911.0,1756.0,1725.0,1759.8,1738.4,1736.0,1734.6,1227596,1736.0,1736.0,1738.4,2055363073.2,2055363073.2,2055363073.2,0.0,3,SUR,-1.14,
TQBR,2021-08-25,Новатэк ао,NVTK,18530,2020455745.2,1731.0,1702.6,1741.4,1719.0,1716.4,1711.0,1176841,1717.0,1717.0,1719.0,1892352339.8,1892352339.8,1892352339.8,0.0,3,SUR,-1.36,
TQBR,2021-08-26,Новатэк ао,NVTK,19340,1959957556.4,1705.4,1675.8,1720.6,1688.0,1696.0,1684.8,1155277,1697.4,1697.4,1688.0,1834638401.6,1834638401.6,1834638401.6,0.0,3,SUR,-1.53,
TQBR,2021-08-27,Новатэк ао,NVTK,23677,2664617414.8,1688.0,1681.2,1723.8,1706.4,1697.6,1723.8,1569718,1695.6,1695.6,1706.4,2414283818.0,2414283818.0,2414283818.0,0.0,3,SUR,2.31,
TQBR,2021-08-30,Новатэк ао,NVTK,22924,2087321385.0,1725.0,1721.4,1762.0,1762.0,1741.6,1745.6,1198539,1740.6,1740.6,1762.0,1860939068.6,1860939068.6,1860939068.6,0.0,3,SUR,1.26,
TQBR,2021-08-31,Новатэк ао,NVTK,30046,3277525913.2,1750.0,1715.2,1755.2,1734.2,1728.6,1725.2,1896008,1728.8,1728.8,1734.2,3090444444.4,3090444444.4,3090444444.4,0.0,3,SUR,-1.17,
TQBR,2021-09-01,Новатэк ао,NVTK,33596,3677686453.0,1731.0,1731.0,1805.4,1795.2,1768.6,1805.4,2079456,1766.6,1766.6,1795.2,3451037010.8,3451037010.8,3451037010.8,0.0,3,SUR,4.65,
TQBR,2021-09-02,Новатэк ао,NVTK,31117,3977182524.8,1815.0,1788.6,1856.0,1850.0,1821.6,1839.4,2184225,1819.6,1819.6,1850.0,3771886445.2,3771886445.2,3771886445.2,0.0,3,SUR,1.88,
TQBR,2021-09-03,Новатэк ао,NVTK,20340,2535454990.8,1839.0,1815.0,1865.0,1844.4,1839.0,1840.4,1378742,1838.8,1838.8,1844.4,2407675148.8,2407675148.8,2407675148.8,0.0,3,SUR,0.05,
TQBR,2021-09-06,Новатэк ао,NVTK,15714,1731399116.2,1836.4,1836.4,1864.8,1862.0,1852.6,1853.8,934561,1852.2,1852.2,1862.0,1603020147.0,1603020147.0,1603020147.0,0.0,3,SUR,0.73,
TQBR,2021-09-07,Новатэк ао,NVTK,37765,4906452384.2,1862.0,1859.0,1960.2,1936.8,1913.2,1952.0,2565813,1910.0,1910.0,1936.8,4616813532.0,4616813532.0,4616813532.0,0.0,3,SUR,5.3,
TQBR,2021-09-08,Новатэк ао,NVTK,27102,3859114927.6,1956.0,1911.4,1964.0,1921.2,1931.6,1924.0,1997809,1932.0,1932.0,1921.2,3691429336.6,3691429336.6,3691429336.6,0.0,3,SUR,-1.43,
TQBR,2021-09-09,Новатэк ао,NVTK,31653,4321993348.6,1922.4,1890.0,1954.8,1903.4,1916.4,1891.0,2254444,1918.2,1918.2,1903.4,4110956030.0,4110956030.0,4110956030.0,0.0,3,SUR,-1.72,
TQBR,2021-09-10,Новатэк ао,NVTK,17425,2338536829.2,1905.0,1898.0,1933.0,1909.2,1912.2,1913.0,1222813,1912.2,1912.2,1909.2,2173202384.4,2173202384.4,2173202384.4,0.0,3,SUR,1.16,
TQBR,2021-09-13,Новатэк ао,NVTK,28130,3510208495.0,1918.8,1905.0,1994.8,1984.6,1946.0,1993.0,1803965,1940.6,1940.6,1984.6,3074627347.4,3074627347.4,3074627347.4,0.0,3,SUR,4.18,
TQBR,2021-09-14,Новатэк ао,NVTK,35326,5433809396.6,1996.0,1946.0,2025.8,1955.0,1981.2,1957.2,2740491,1984.0,1984.0,1955.0,5211117027.8,5211117027.8,5211117027.8,0.0,3,SUR,-1.8,
TQBR,2021-09-15,Новатэк ао,NVTK,30063,4744923915.2,1957.2,1903.6,1965.6,1913.6,1926.0,1924.8,2462481,1927.2,1927.2,1913.6,4537097322.2,4537097322.2,4537097322.2,0.0,3,SUR,-1.66,
TQBR,2021-09-16,Новатэк ао,NVTK,35746,5067124401.2,1920.0,1871.0,1924.8,1910.0,1898.0,1900.6,2669683,1898.0,1898.0,1910.0,4973726448.8,4973726448.8,4973726448.8,0.0,3,SUR,-1.26,
TQBR,2021-09-17,Новатэк ао,NVTK,29348,5002865408.0,1900.0,1843.4,1929.2,1862.6,1874.4,1850.0,2669069,1875.4,1875.4,1862.6,4689431495.8,4689431495.8,4689431495.8,0.0,3,SUR,-2.66,
TQBR,2021-09-20,Новатэк ао,NVTK,25904,3354306913.8,1840.0,1804.0,1863.2,1840.0,1841.4,1840.0,1821579,1841.6,1841.6,1840.0,3156484592.2,3156484592.2,3156484592.2,0.0,3,SUR,-0.54,
TQBR,2021-09-21,Новатэк ао,NVTK,17776,2821398028.2,1859.8,1825.0,1865.4,1837.8,1848.2,1837.0,1526796,1848.6,1848.6,1837.8,2667677080.0,2667677080.0,2667677080.0,0.0,3,SUR,-0.16,
TQBR,2021-09-22,Новатэк ао,NVTK,26016,3283224788.2,1846.0,1841.4,1920.0,1898.6,1884.4,1913.6,1742270,1882.4,1882.4,1898.6,3020052417.4,3020052417.4,3020052417.4,0.0,3,SUR,4.17,
TQBR,2021-09-23,Новатэк ао,NVTK,28276,4004925362.6,1918.0,1853.2,1940.6,1894.4,1893.8,1869.0,2114395,1897.8,1897.8,1894.4,3242389059.0,3242389059.0,3242389059.0,0.0,3,SUR,-2.33,
TQBR,2021-09-24,Новатэк ао,NVTK,101777,13841189682.2,1854.8,1791.6,1890.8,1865.4,1835.0,1884.6,7540374,1832.8,1832.8,1865.4,12998441380.0,12998441380.0,12998441380.0,0.0,3,SUR,0.83,
TQBR,2021-09-27,Новатэк ао,NVTK,44452,6295123664.6,1930.0,1837.0,1930.0,1850.2,1864.8,1867.0,3374827,1865.8,1865.8,1850.2,5829435482.8,5829435482.8,5829435482.8,0.0,3,SUR,-0.93,
TQBR,2021-09-28,Новатэк ао,NVTK,38707,7038527715.8,1883.2,1826.6,1888.0,1873.0,1854.6,1854.2,3794077,1854.8,1854.8,1873.0,6689603147.0,6689603147.0,6689603147.0,0.0,3,SUR,-0.69,
TQBR,2021-09-29,Новатэк ао,NVTK,19162,3810595798.8,1862.0,1836.0,1875.0,1864.6,1861.4,1861.0,2047097,1861.6,1861.6,1864.6,3667323893.8,3667323893.8,3667323893.8,0.0,3,SUR,0.37,
TQBR,2021-09-30,Новатэк ао,NVTK,34124,5452495423.0,1870.2,1865.2,1927.6,1923.0,1909.6,1921.0,2855302,1909.2,1909.2,1923.0,5153297787.4,5153297787.4,5153297787.4,0.0,3,SUR,3.22,
TQBR,2021-10-01,Новатэк ао,NVTK,19846,3212617155.0,1917.0,1903.6,1941.2,1926.0,1926.6,1931.8,1667493,1926.4,1926.4,1926.0,2926531567.8,2926531567.8,2926531567.8,0.0,3,SUR,0.56,
TQBR,2021-10-04,Новатэк ао,NVTK,39174,4020287898.4,1934.6,1934.6,1969.0,1942.8,1954.2,1953.0,2057423,1954.6,1954.6,1942.8,3696677939.6,3696677939.6,3696677939.6,0.0,3,SUR,1.1,
TQBR,2021-10-05,Новатэк ао,NVTK,26603,4318371603.4,1957.6,1940.2,1992.0,1978.6,1963.0,1991.6,2199620,1961.8,1961.8,1978.6,4027746391.8,4027746391.8,4027746391.8,0.0,3,SUR,1.98,
TQBR,2021-10-06,Новатэк ао,NVTK,40105,6334782634.0,1992.0,1908.8,2003.8,1921.6,1951.4,1930.4,3246337,1952.6,1952.6,1921.6,5994072089.4,5994072089.4,5994072089.4,0.0,3,SUR,-3.07,
TQBR,2021-10-07,Новатэк ао,NVTK,22905,3755062228.4,1939.8,1885.2,1944.6,1920.0,1910.6,1915.8,1965450,1910.4,1910.4,1920.0,3475751152.8,3475751152.8,3475751152.8,0.0,3,SUR,-0.76,
TQBR,2021-10-08,Новатэк ао,NVTK,19521,2642469704.2,1896.0,1886.0,1947.2,1906.4,1915.0,1906.4,1379576,1916.2,1916.2,1906.4,2395235770.4,2395235770.4,2395235770.4,0.0,3,SUR,-0.49,
TQBR,2021-10-11,Новатэк ао,NVTK,16004,2136319323.6,1908.4,1897.2,1923.4,1906.8,1908.0,1905.0,1119623,1908.2,1908.2,1906.8,2042772912.8,2042772912.8,2042772912.8,0.0,3,SUR,-0.07,
TQBR,2021-10-12,Новатэк ао,NVTK,12608,1452144808.2,1898.0,1896.2,1915.0,1909.4,1907.6,1897.6,761226,1908.2,1908.2,1909.4,1332798087.4,1332798087.4,1332798087.4,0.0,3,SUR,-0.39,
TQBR,2021-10-13,Новатэк ао,NVTK,29851,4183488729.8,1895.8,1837.0,1910.0,1900.6,1876.4,1907.0,2229510,1875.0,1875.0,1900.6,3996823654.0,3996823654.0,3996823654.0,0.0,3,SUR,0.5,
TQBR,2021-10-14,Новатэк ао,NVTK,17832,2486972758.2,1914.0,1891.2,1928.4,1900.6,1903.2,1898.2,1306746,1903.4,1903.4,1900.6,2363666828.2,2363666828.2,2363666828.2,0.0,3,SUR,-0.46,
TQBR,2021-10-15,Новатэк ао,NVTK,14141,2038802347.4,1903.0,1894.2,1919.0,1900.2,1906.8,1905.6,1069274,1906.8,1906.8,1900.2,1906903718.2,1906903718.2,1906903718.2,0.0,3,SUR,0.39,
TQBR,2021-10-18,Новатэк ао,NVTK,15269,2225845369.6,1901.0,1867.2,1906.6,1899.0,1891.0,1897.0,1177101,1890.8,1890.8,1899.0,2158953248.6,2158953248.6,2158953248.6,0.0,3,SUR,-0.45,
TQBR,2021-10-19,Новатэк ао,NVTK,13760,1839277778.8,1891.2,1875.0,1900.0,1889.0,1888.0,1892.2,973958,1888.4,1888.4,1889.0,1771962270.6,1771962270.6,1771962270.6,0.0,3,SUR,-0.25,
TQBR,2021-10-20,Новатэк ао,NVTK,20731,2993641230.6,1890.6,1858.0,1897.4,1891.0,1879.0,1893.6,1593160,1878.4,1878.4,1891.0,2880226174.6,2880226174.6,2880226174.6,0.0,3,SUR,0.07,
TQBR,2021-10-21,Новатэк ао,NVTK,21208,2641271975.4,1883.0,1840.0,1890.0,1852.2,1865.2,1856.0,1416038,1865.8,1865.8,1852.2,2509260697.4,2509260697.4,2509260697.4,0.0,3,SUR,-1.99,
TQBR,2021-10-22,Новатэк ао,NVTK,22638,1848220128.2,1851.0,1827.0,1866.4,1831.4,1847.8,1836.6,1000252,1848.6,1848.6,1831.4,1741019083.6,1741019083.6,1741019083.6,0.0,3,SUR,-1.05,
TQBR,2021-10-25,Новатэк ао,NVTK,16180,1853101436.0,1848.0,1823.4,1858.0,1846.2,1838.0,1856.4,1008196,1837.4,1837.4,1846.2,1748814422.2,1748814422.2,1748814422.2,0.0,3,SUR,1.08,
TQBR,2021-10-26,Новатэк ао,NVTK,20844,2197598334.8,1859.0,1827.8,1863.6,1828.0,1841.8,1829.6,1193138,1843.0,1843.0,1828.0,1984328637.6,1984328637.6,1984328637.6,0.0,3,SUR,-1.44,
TQBR,2021-10-27,Новатэк ао,NVTK,31354,3060431443.6,1829.0,1786.4,1831.8,1817.0,1809.4,1806.8,1691268,1809.4,1809.4,1817.0,2928753547.2,2928753547.2,2928753547.2,0.0,3,SUR,-1.25,
TQBR,2021-10-28,Новатэк ао,NVTK,21886,3003172728.2,1805.0,1772.6,1810.8,1804.0,1796.6,1801.0,1671415,1796.4,1796.4,1804.0,2862377270.8,2862377270.8,2862377270.8,0.0,3,SUR,-0.32,
TQBR,2021-10-29,Новатэк ао,NVTK,23407,3091960442.8,1801.8,1771.0,1810.0,1798.4,1792.8,1804.8,1724738,1792.4,1792.4,1798.4,2985887256.0,2985887256.0,2985887256.0,0.0,3,SUR,0.21,
TQBR,2021-11-01,Новатэк ао,NVTK,18726,1881620799.4,1798.4,1798.4,1845.8,1836.6,1829.2,1844.0,1028618,1827.8,1827.8,1836.6,1689085675.4,1689085675.4,1689085675.4,0.0,3,SUR,2.17,
TQBR,2021-11-02,Новатэк ао,NVTK,17272,1711836107.6,1850.2,1800.6,1855.6,1811.6,1818.6,1806.0,940994,1819.6,1819.6,1811.6,1634011214.8,1634011214.8,1634011214.8,0.0,3,SUR,-2.06,
TQBR,2021-11-03,Новатэк ао,NVTK,16385,1823501834.6,1805.2,1782.8,1810.4,1796.0,1793.0,1796.6,1016743,1793.4,1793.4,1796.0,1714030639.6,1714030639.6,1714030639.6,0.0,3,SUR,-0.52,
TQBR,2021-11-05,Новатэк ао,NVTK,11969,1041984153.0,1791.0,1776.6,1797.4,1781.0,1785.4,1781.8,583604,1785.8,1785.8,1781.0,945992024.2,945992024.2,945992024.2,0.0,3,SUR,-0.82,
TQBR,2021-11-08,Новатэк ао,NVTK,15890,1539253217.0,1794.8,1786.0,1809.4,1802.2,1799.4,1788.8,855437,1799.8,1799.8,1802.2,1398649930.8,1398649930.8,1398649930.8,0.0,3,SUR,0.39,
TQBR,2021-11-09,Новатэк ао,NVTK,16337,1636519597.4,1790.0,1777.2,1799.0,1786.2,1787.2,1777.2,915683,1787.6,1787.6,1786.2,1529235485.2,1529235485.2,1529235485.2,0.0,3,SUR,-0.65,
TQBR,2021-11-10,Новатэк ао,NVTK,19405,1691132850.8,1777.4,1751.0,1795.4,1783.4,1780.0,1756.2,950085,1782.4,1782.4,1783.4,1413087088.6,1413087088.6,1413087088.6,0.0,3,SUR,-1.18,
TQBR,2021-11-11,Новатэк ао,NVTK,23909,2419118676.8,1756.4,1751.0,1814.6,1796.8,1783.4,1790.0,1356399,1779.6,1779.6,1796.8,2017487997.4,2017487997.4,2017487997.4,0.0,3,SUR,1.92,
TQBR,2021-11-12,Новатэк ао,NVTK,27535,3807962794.2,1800.0,1741.2,1800.0,1788.4,1771.8,1780.2,2149126,1770.8,1770.8,1788.4,3562670185.8,3562670185.8,3562670185.8,0.0,3,SUR,-0.55,
TQBR,2021-11-15,Новатэк ао,NVTK,21737,3055888797.4,1775.6,1755.0,1798.0,1789.4,1776.2,1785.0,1720548,1775.0,1775.0,1789.4,2818543801.0,2818543801.0,2818543801.0,0.0,3,SUR,0.27,
TQBR,2021-11-16,Новатэк ао,NVTK,27375,3320692050.8,1800.0,1737.4,1800.0,1775.0,1766.2,1771.8,1879886,1765.6,1765.6,1775.0,3088558335.8,3088558335.8,3088558335.8,0.0,3,SUR,-0.74,
TQBR,2021-11-17,Новатэк ао,NVTK,28583,3968502316.8,1760.0,1737.4,1774.8,1772.6,1757.8,1759.8,2257620,1757.6,1757.6,1772.6,3634657586.8,3634657586.8,3634657586.8,0.0,3,SUR,-0.68,
TQBR,2021-11-18,Новатэк ао,NVTK,25496,2888691819.6,1758.0,1711.4,1772.0,1723.2,1740.8,1714.8,1659461,1745.2,1745.2,1723.2,2394265831.0,2394265831.0,2394265831.0,0.0,3,SUR,-2.56,
TQBR,2021-11-19,Новатэк ао,NVTK,58015,7231109255.2,1727.2,1616.0,1728.8,1638.4,1662.8,1624.0,4360396,1660.2,1660.2,1638.4,6819204049.2,6819204049.2,6819204049.2,0.0,3,SUR,-5.3,
TQBR,2021-11-22,Новатэк ао,NVTK,70968,8888890805.6,1627.8,1530.8,1636.0,1579.0,1574.6,1575.8,5645710,1574.6,1574.6,1579.0,8422258567.4,8422258567.4,8422258567.4,0.0,3,SUR,-2.97,
TQBR,2021-11-23,Новатэк ао,NVTK,62310,7273326411.2,1560.0,1541.6,1667.0,1643.4,1622.6,1665.2,4480839,1621.8,1621.8,1643.4,6937889581.0,6937889581.0,6937889581.0,0.0,3,SUR,5.67,
TQBR,2021-11-24,Новатэк ао,NVTK,36156,4733400357.0,1670.0,1620.2,1684.0,1677.4,1657.4,1668.0,2856191,1656.6,1656.6,1677.4,4552991470.0,4552991470.0,4552991470.0,0.0,3,SUR,0.17,
TQBR,2021-11-25,Новатэк ао,NVTK,24239,2284216666.0,1680.0,1629.6,1696.6,1640.0,1653.0,1632.0,1381887,1653.8,1653.8,1640.0,2165204291.8,2165204291.8,2165204291.8,0.0,3,SUR,-2.16,
TQBR,2021-11-26,Новатэк ао,NVTK,31049,5038802820.8,1602.6,1567.2,1639.6,1608.8,1609.6,1611.2,3129512,1610.0,1610.0,1608.8,4821567576.2,4821567576.2,4821567576.2,0.0,3,SUR,-1.27,
TQBR,2021-11-29,Новатэк ао,NVTK,25228,3553046036.0,1633.4,1619.0,1656.0,1631.8,1638.4,1633.6,2168522,1638.4,1638.4,1631.8,3395268482.2,3395268482.2,3395268482.2,0.0,3,SUR,1.39,
TQBR,2021-11-30,Новатэк ао,NVTK,26079,4058924905.6,1624.0,1602.4,1665.0,1629.0,1632.6,1627.6,2486142,1633.6,1633.6,1629.0,3767691596.4,3767691596.4,3767691596.4,0.0,3,SUR,-0.37,
TQBR,2021-12-01,Новатэк ао,NVTK,28800,3632796692.2,1639.0,1635.4,1706.0,1689.6,1680.4,1678.8,2162307,1679.0,1679.0,1689.6,3241353534.8,3241353534.8,3241353534.8,0.0,3,SUR,3.15,
TQBR,2021-12-02,Новатэк ао,NVTK,91769,4612688365.4,1683.4,1673.0,1734.6,1705.0,1708.0,1721.8,2700543,1707.0,1707.0,1705.0,4288586292.4,4288586292.4,4288586292.4,0.0,3,SUR,2.56,
TQBR,2021-12-03,Новатэк ао,NVTK,26106,2831170211.0,1726.0,1696.4,1757.6,1701.2,1729.2,1715.0,1637337,1731.6,1731.6,1701.2,2505986021.4,2505986021.4,2505986021.4,0.0,3,SUR,-0.39,
TQBR,2021-12-06,Новатэк ао,NVTK,29421,3381340504.0,1715.0,1636.6,1736.2,1647.2,1665.8,1662.2,2029411,1665.4,1665.4,1647.2,2975713927.2,2975713927.2,2975713927.2,0.0,3,SUR,-3.08,
TQBR,2021-12-07,Новатэк ао,NVTK,25379,2685247354.8,1662.2,1644.0,1730.0,1707.8,1690.2,1717.8,1587937,1688.2,1688.2,1707.8,2351527954.6,2351527954.6,2351527954.6,0.0,3,SUR,3.34,
TQBR,2021-12-08,Новатэк ао,NVTK,28795,3061073414.0,1708.0,1675.0,1744.4,1683.4,1711.2,1684.2,1789114,1712.8,1712.8,1683.4,2681708565.0,2681708565.0,2681708565.0,0.0,3,SUR,-1.96,
TQBR,2021-12-09,Новатэк ао,NVTK,19475,2149604898.2,1694.8,1652.6,1709.0,1675.0,1679.6,1689.0,1279097,1679.8,1679.8,1675.0,1896305230.2,1896305230.2,1896305230.2,0.0,3,SUR,0.29,
TQBR,2021-12-10,Новатэк ао,NVTK,13119,1249196674.0,1684.0,1655.8,1689.0,1670.0,1675.6,1676.6,745515,1675.2,1675.2,1670.0,1125839374.4,1125839374.4,1125839374.4,0.0,3,SUR,-0.73,
TQBR,2021-12-13,Новатэк ао,NVTK,27804,2881921968.0,1685.4,1582.0,1696.4,1602.0,1633.6,1590.6,1763045,1640.4,1640.4,1602.0,2471266569.2,2471266569.2,2471266569.2,0.0,3,SUR,-5.13,
TQBR,2021-12-14,Новатэк ао,NVTK,30683,3590316093.4,1590.0,1471.2,1625.0,1594.4,1593.8,1609.6,2252735,1601.6,1601.6,1594.4,2986487537.8,2986487537.8,2986487537.8,0.0,3,SUR,1.19,
TQBR,2021-12-15,Новатэк ао,NVTK,23339,3477229837.8,1615.4,1595.0,1657.0,1615.4,1628.4,1637.8,2136050,1628.6,1628.6,1615.4,3120147366.4,3120147366.4,3120147366.4,0.0,3,SUR,1.75,
TQBR,2021-12-16,Новатэк ао,NVTK,33588,3785078076.4,1644.4,1630.4,1667.0,1660.4,1651.6,1653.0,2292052,1652.0,1652.0,1660.4,3405534685.2,3405534685.2,3405534685.2,0.0,3,SUR,0.93,
TQBR,2021-12-17,Новатэк ао,NVTK,16445,2389283769.2,1652.8,1630.8,1676.2,1667.0,1657.8,1666.2,1440544,1658.8,1658.8,1667.0,2148579823.8,2148579823.8,2148579823.8,0.0,3,SUR,0.8,
TQBR,2021-12-20,Новатэк ао,NVTK,24337,2505155009.6,1640.6,1618.0,1695.8,1677.6,1651.6,1683.6,1516134,1649.0,1649.0,1677.6,2166484655.4,2166484655.4,2166484655.4,0.0,3,SUR,1.04,
TQBR,2021-12-21,Новатэк ао,NVTK,22328,2364482789.8,1690.2,1665.4,1711.8,1686.4,1686.0,1683.2,1402406,1684.6,1684.6,1686.4,2087535388.0,2087535388.0,2087535388.0,0.0,3,SUR,-0.02,
TQBR,2021-12-22,Новатэк ао,NVTK,22831,2424980326.4,1696.2,1673.0,1735.8,1723.0,1715.2,1710.2,1413740,1716.4,1716.4,1723.0,2081678537.0,2081678537.0,2081678537.0,0.0,3,SUR,1.6,
TQBR,2021-12-23,Новатэк ао,NVTK,28689,2741630330.8,1720.6,1650.6,1725.0,1655.0,1679.6,1655.8,1631540,1681.6,1681.6,1655.0,2314516369.0,2314516369.0,2314516369.0,0.0,3,SUR,-3.18,
TQBR,2021-12-24,Новатэк ао,NVTK,18140,1585478786.6,1650.8,1621.8,1662.0,1651.8,1636.8,1652.6,968605,1634.8,1634.8,1651.8,1379259246.0,1379259246.0,1379259246.0,0.0,3,SUR,-0.19,
TQBR,2021-12-27,Новатэк ао,NVTK,19552,1808382248.0,1657.4,1650.4,1708.0,1698.6,1685.0,1697.6,1073206,1685.0,1685.0,1698.6,1538013036.6,1538013036.6,1538013036.6,0.0,3,SUR,2.72,
TQBR,2021-12-28,Новатэк ао,NVTK,21251,2114787676.6,1702.0,1687.0,1728.2,1717.8,1711.0,1700.0,1236041,1712.8,1712.8,1717.8,1815801809.8,1815801809.8,1815801809.8,0.0,3,SUR,0.14,
TQBR,2021-12-29,Новатэк ао,NVTK,23678,2269215309.0,1700.2,1681.0,1730.0,1717.4,1712.6,1716.8,1325016,1714.0,1714.0,1717.4,1829722159.0,1829722159.0,1829722159.0,0.0,3,SUR,0.99,
TQBR,2021-12-30,Новатэк ао,NVTK,17343,1835679930.4,1716.6,1711.4,1743.6,1720.0,1728.0,1719.4,1062691,1728.4,1728.4,1720.0,1596735024.6,1596735024.6,1596735024.6,0.0,3,SUR,0.15,
TQBR,2022-01-03,Новатэк ао,NVTK,17554,1587131405.8,1720.0,1720.0,1775.0,1760.8,1758.8,1774.4,902509,1759.8,1759.8,1760.8,1374993863.4,1374993863.4,1374993863.4,0.0,3,SUR,3.2,
TQBR,2022-01-04,Новатэк ао,NVTK,16436,1714377668.4,1770.0,1756.6,1795.8,1792.0,1777.6,1788.6,964473,1776.6,1776.6,1792.0,1442629419.0,1442629419.0,1442629419.0,0.0,3,SUR,0.8,
TQBR,2022-01-05,Новатэк ао,NVTK,22611,2001524011.0,1786.6,1705.2,1800.8,1756.0,1763.2,1707.8,1135215,1775.0,1775.0,1756.0,1332526507.8,1332526507.8,1332526507.8,0.0,3,SUR,-4.52,
TQBR,2022-01-06,Новатэк ао,NVTK,22783,2412001832.8,1707.8,1692.6,1758.8,1745.8,1733.2,1749.0,1391246,1733.2,1733.2,1745.8,1959437485.8,1959437485.8,1959437485.8,0.0,3,SUR,2.41,
TQBR,2022-01-07,Новатэк ао,NVTK,0,0.0,,,,1751.0,,,0,1733.2,1745.8,1751.0,1959437485.8,5602272.2,1959437485.8,0.0,3,SUR,,
TQBR,2022-01-10,Новатэк ао,NVTK,25323,2818731766.8,1771.0,1740.8,1787.2,1764.2,1762.6,1758.6,1599083,1763.0,1763.0,1764.2,2505993783.6,2505993783.6,2505993783.6,0.0,3,SUR,0.55,
TQBR,2022-01-11,Новатэк ао,NVTK,17678,1924940957.6,1758.6,1747.0,1792.0,1778.0,1776.2,1779.8,1083779,1775.4,1775.4,1778.0,1573906385.0,1573906385.0,1573906385.0,0.0,3,SUR,1.21,
TQBR,2022-01-12,Новатэк ао,NVTK,31699,3005471206.0,1780.0,1764.6,1834.6,1792.0,1796.6,1807.4,1672907,1796.8,1796.8,1792.0,2643599701.6,2643599701.6,2643599701.6,0.0,3,SUR,1.55,
TQBR,2022-01-13,Новатэк ао,NVTK,44961,4147371256.6,1786.0,1703.2,1807.2,1725.0,1740.2,1744.2,2383319,1737.8,1737.8,1725.0,3426390824.8,3426390824.8,3426390824.8,0.0,3,SUR,-3.5,
TQBR,2022-01-14,Новатэк ао,NVTK,58140,6995728736.8,1744.2,1687.2,1779.8,1711.0,1720.0,1726.0,4064903,1720.6,1720.6,1711.0,6527785912.6,6527785912.6,6527785912.6,0.0,3,SUR,-1.04,
TQBR,2022-01-17,Новатэк ао,NVTK,48187,4337718928.4,1730.0,1622.0,1745.0,1644.2,1672.2,1641.8,2592027,1675.4,1675.4,1644.2,3722668511.8,3722668511.8,3722668511.8,0.0,3,SUR,-4.88,
TQBR,2022-01-18,Новатэк ао,NVTK,61386,7208581978.6,1641.8,1540.0,1653.6,1562.2,1568.8,1579.6,4594963,1566.2,1566.2,1562.2,6502658544.4,6502658544.4,6502658544.4,0.0,3,SUR,-3.79,
TQBR,2022-01-19,Новатэк ао,NVTK,48006,5999260726.8,1572.0,1514.2,1651.0,1597.0,1606.2,1593.6,3737694,1612.4,1612.4,1597.0,5051012359.6,5051012359.6,5051012359.6,0.0,3,SUR,0.89,
TQBR,2022-01-20,Новатэк ао,NVTK,36617,3697285519.0,1604.8,1574.4,1638.8,1629.0,1608.2,1588.4,2298961,1608.0,1608.0,1629.0,3018399136.0,3018399136.0,3018399136.0,0.0,3,SUR,-0.33,
TQBR,2022-01-21,Новатэк ао,NVTK,35156,3887634762.4,1581.0,1562.8,1630.6,1605.0,1602.4,1592.8,2426051,1604.4,1604.4,1605.0,3372443220.8,3372443220.8,3372443220.8,0.0,3,SUR,0.28,
TQBR,2022-01-24,Новатэк ао,NVTK,57340,5678460930.2,1596.2,1462.0,1614.4,1505.2,1512.0,1538.0,3755398,1511.0,1511.0,1505.2,5114868488.4,5114868488.4,5114868488.4,0.0,3,SUR,-3.44,
TQBR,2022-01-25,Новатэк ао,NVTK,38785,4052326678.8,1525.2,1497.0,1593.8,1520.8,1536.4,1590.0,2637848,1532.0,1532.0,1520.8,3304134186.2,3304134186.2,3304134186.2,0.0,3,SUR,3.38,
TQBR,2022-01-26,Новатэк ао,NVTK,43867,4848429565.4,1590.0,1516.0,1604.0,1551.8,1559.4,1523.4,3108897,1563.0,1563.0,1551.8,3933192736.8,3933192736.8,3933192736.8,0.0,3,SUR,-4.19,
TQBR,2022-01-27,Новатэк ао,NVTK,56881,6036248196.6,1514.6,1498.4,1645.0,1605.8,1594.2,1611.8,3786312,1598.2,1598.2,1605.8,5433261248.6,5433261248.6,5433261248.6,0.0,3,SUR,5.8,
TQBR,2022-01-28,Новатэк ао,NVTK,34053,3431090335.6,1610.0,1576.0,1636.4,1613.4,1609.4,1591.4,2131868,1609.8,1609.8,1613.4,2884831599.0,2884831599.0,2884831599.0,0.0,3,SUR,-1.27,
TQBR,2022-01-31,Новатэк ао,NVTK,26204,3131847565.8,1605.0,1603.4,1658.0,1637.6,1638.4,1637.2,1911591,1640.2,1640.2,1637.6,2680504463.0,2680504463.0,2680504463.0,0.0,3,SUR,2.88,
TQBR,2022-02-01,Новатэк ао,NVTK,22127,2072758437.8,1640.8,1613.2,1649.0,1630.0,1634.6,1628.4,1268301,1635.2,1635.2,1630.0,1673255374.8,1673255374.8,1673255374.8,0.0,3,SUR,-0.54,
TQBR,2022-02-02,Новатэк ао,NVTK,20284,2466118537.8,1630.4,1605.0,1642.0,1625.2,1626.2,1612.0,1516502,1627.2,1627.2,1625.2,2152910603.4,2152910603.4,2152910603.4,0.0,3,SUR,-1.01,
TQBR,2022-02-03,Новатэк ао,NVTK,25881,2699318888.4,1612.0,1567.4,1623.0,1612.2,1599.4,1614.8,1687083,1598.8,1598.8,1612.2,2356559417.6,2356559417.6,2356559417.6,0.0,3,SUR,0.17,
TQBR,2022-02-04,Новатэк ао,NVTK,25805,2945588220.0,1619.6,1606.4,1670.0,1625.6,1637.2,1628.4,1799269,1638.4,1638.4,1625.6,2595122448.2,2595122448.2,2595122448.2,0.0,3,SUR,0.84,
TQBR,2022-02-07,Новатэк ао,NVTK,16618,1494994422.8,1628.4,1588.0,1645.0,1616.2,1611.2,1602.0,927632,1610.8,1610.8,1616.2,1252324407.2,1252324407.2,1252324407.2,0.0,3,SUR,-1.62,
TQBR,2022-02-08,Новатэк ао,NVTK,16958,1992321195.2,1606.0,1600.2,1645.0,1626.4,1625.8,1628.2,1225451,1626.4,1626.4,1626.4,1783368127.8,1783368127.8,1783368127.8,0.0,3,SUR,1.64,
TQBR,2022-02-09,Новатэк ао,NVTK,22430,2192628866.0,1638.0,1625.2,1665.0,1655.8,1648.2,1659.0,1330377,1649.0,1649.0,1655.8,1868598862.8,1868598862.8,1868598862.8,0.0,3,SUR,1.89,
TQBR,2022-02-10,Новатэк ао,NVTK,20712,2195658625.8,1660.0,1628.0,1678.8,1653.0,1653.6,1632.0,1327737,1654.4,1654.4,1653.0,1894274668.4,1894274668.4,1894274668.4,0.0,3,SUR,-1.63,
TQBR,2022-02-11,Новатэк ао,NVTK,43262,3147078411.0,1632.0,1535.2,1641.4,1611.8,1590.0,1556.6,1978825,1597.4,1597.4,1611.8,2163135124.0,2163135124.0,2163135124.0,0.0,3,SUR,-4.62,
TQBR,2022-02-14,Новатэк ао,NVTK,37474,3985096933.2,1552.6,1522.0,1629.8,1611.4,1588.6,1618.8,2508535,1591.2,1591.2,1611.4,2962269593.4,2962269593.4,2962269593.4,0.0,3,SUR,4.0,
TQBR,2022-02-15,Новатэк ао,NVTK,30029,3909931180.0,1628.0,1593.0,1637.0,1604.4,1615.8,1620.0,2419794,1616.8,1616.8,1604.4,3251023939.6,3251023939.6,3251023939.6,0.0,3,SUR,0.07,
TQBR,2022-02-16,Новатэк ао,NVTK,50150,4227919307.4,1625.0,1587.0,1656.4,1615.8,1618.0,1621.4,2613103,1615.6,1615.6,1615.8,3392772654.4,3392772654.4,3392772654.4,0.0,3,SUR,0.09,
TQBR,2022-02-17,Новатэк ао,NVTK,62525,4806100401.6,1625.0,1530.0,1625.0,1541.4,1559.8,1542.8,3081134,1557.4,1557.4,1541.4,3910571549.8,3910571549.8,3910571549.8,0.0,3,SUR,-4.85,
TQBR,2022-02-18,Новатэк ао,NVTK,52880,4528631099.0,1549.8,1479.4,1572.2,1496.4,1516.4,1492.8,2986525,1516.2,1516.2,1496.4,3736727734.6,3736727734.6,3736727734.6,0.0,3,SUR,-3.24,
TQBR,2022-02-21,Новатэк ао,NVTK,127303,10283519985.6,1492.8,1200.0,1544.0,1298.2,1370.0,1281.8,7506232,1380.4,1380.4,1298.2,7685154465.6,7685154465.6,7685154465.6,0.0,3,SUR,-14.13,
TQBR,2022-02-22,Новатэк ао,NVTK,126371,12436337693.8,1281.0,1206.6,1358.8,1306.0,1279.0,1354.0,9726127,1275.8,1275.8,1306.0,10380087700.2,10380087700.2,10380087700.2,0.0,3,SUR,5.63,
TQBR,2022-02-23,Новатэк ао,NVTK,0,0.0,,,,1343.8,,,0,1275.8,1306.0,1343.8,10380087700.2,5136498.0,10380087700.2,0.0,3,SUR,,
TQBR,2022-02-24,Новатэк ао,NVTK,99558,5250058995.6,1209.4,654.0,1237.0,1017.8,925.6,1001.4,5532902,916.2,916.2,1017.8,4298976094.6,4298976094.6,4298976094.6,0.0,3,SUR,-26.04,
TQBR,2022-02-25,Новатэк ао,NVTK,52556,2577262253.2,1090.0,1060.2,1273.0,1269.0,1178.0,1134.0,2189689,1175.0,1175.0,1269.0,2303430961.0,2303430961.0,2303430961.0,0.0,3,SUR,13.24,
TQBR,2022-02-28,Новатэк ао,NVTK,0,0.0,,,,1133.6,,,0,1175.0,1269.0,1133.6,2303430961.0,2656017.0,2303430961.0,0.0,3,SUR,,
TQBR,2022-03-01,Новатэк ао,NVTK,0,0.0,,,,1133.6,,,0,1175.0,1269.0,1133.6,2303430961.0,2656017.0,2303430961.0,0.0,3,SUR,,
TQBR,2022-03-02,Новатэк ао,NVTK,0,0.0,,,,1133.6,,,0,992.6,1269.0,1133.6,6602407055.6,2656017.0,6602407055.6,0.0,3,SUR,,
TQBR,2022-03-03,Новатэк ао,NVTK,0,0.0,,,,1133.6,,,0,1175.0,1269.0,1133.6,2303430961.0,2656017.0,2303430961.0,0.0,3,SUR,,
TQBR,2022-03-04,Новатэк ао,NVTK,0,0.0,,,,1133.6,,,0,1211.8,1269.0,1133.6,24667649221.0,2656017.0,24667649221.0,0.0,3,SUR,,
TQBR,2022-03-09,Новатэк ао,NVTK,0,0.0,,,,1133.6,,,0,1148.4,1269.0,1133.6,16982494755.8,2656017.0,16982494755.8,0.0,3,SUR,,
TQBR,2022-03-10,Новатэк ао,NVTK,0,0.0,,,,1133.6,,,0,992.6,1269.0,1133.6,6602407055.6,2656017.0,6602407055.6,0.0,3,SUR,,
TQBR,2022-03-11,Новатэк ао,NVTK,0,0.0,,,,1133.6,,,0,992.6,1269.0,1133.6,6602407055.6,2656017.0,6602407055.6,0.0,3,SUR,,
TQBR,2022-03-14,Новатэк ао,NVTK,0,0.0,,,,1133.6,,,0,1175.0,1269.0,1133.6,2303430961.0,2656017.0,2303430961.0,0.0,3,SUR,,
TQBR,2022-03-15,Новатэк ао,NVTK,0,0.0,,,,1133.6,,,0,,1269.0,1133.6,0.0,2656017.0,0.0,0.0,3,SUR,,
TQBR,2022-03-16,Новатэк ао,NVTK,0,0.0,,,,1133.6,,,0,,1269.0,1133.6,0.0,2656017.0,0.0,0.0,3,SUR,,
TQBR,2022-03-17,Новатэк ао,NVTK,0,0.0,,,,1133.6,,,0,,1269.0,1133.6,0.0,2656017.0,0.0,0.0,3,SUR,,
TQBR,2022-03-18,Новатэк ао,NVTK,0,0.0,,,,1133.6,,,0,,1269.0,1133.6,0.0,2656017.0,0.0,0.0,3,SUR,,
TQBR,2022-03-21,Новатэк ао,NVTK,0,0.0,,,,1133.6,,,0,,1269.0,1133.6,0.0,2656017.0,0.0,0.0,3,SUR,,
TQBR,2022-03-22,Новатэк ао,NVTK,0,0.0,,,,1133.6,,,0,,1269.0,1133.6,0.0,2656017.0,0.0,0.0,3,SUR,,
TQBR,2022-03-23,Новатэк ао,NVTK,0,0.0,,,,1133.6,,,0,,1269.0,1133.6,0.0,2656017.0,0.0,0.0,3,SUR,,
TQBR,2022-03-24,Новатэк ао,NVTK,47196,1790585827.4,1130.0,1130.0,1449.0,1343.6,1345.8,1343.6,1330520,1345.8,1345.8,1343.6,1790585827.4,1790585827.4,1790585827.4,0.0,3,SUR,18.48,
TQBR,2022-03-25,Новатэк ао,NVTK,30494,1372722394.8,1444.4,1300.0,1444.8,1400.0,1361.2,1400.0,1008410,1361.2,1361.2,1400.0,1372722394.8,1372722394.8,1372722394.8,0.0,3,SUR,4.2,
TQBR,2022-03-28,Новатэк ао,NVTK,17146,529310721.8,1410.0,1314.2,1423.0,1379.0,1390.8,1379.0,380577,1390.8,1390.8,1379.0,529310721.8,529310721.8,529310721.8,0.0,3,SUR,-1.5,
TQBR,2022-03-29,Новатэк ао,NVTK,26529,1284883362.8,1379.0,1351.0,1509.8,1470.0,1442.0,1470.0,891066,1442.0,1442.0,1470.0,1284883362.8,1284883362.8,1284883362.8,0.0,3,SUR,6.6,
TQBR,2022-03-30,Новатэк ао,NVTK,13408,508455354.6,1472.0,1422.0,1500.0,1444.0,1442.4,1444.0,352194,1443.6,1443.6,1444.0,508455354.6,508455354.6,508455354.6,0.0,3,SUR,-1.77,
TQBR,2022-03-31,Новатэк ао,NVTK,24988,1123081840.8,1452.8,1433.8,1485.0,1450.0,1450.4,1450.0,773769,1451.4,1451.4,1450.0,1123081840.8,1123081840.8,1123081840.8,0.0,3,SUR,0.42,
TQBR,2022-04-01,Новатэк ао,NVTK,32408,1265122444.0,1450.6,1366.0,1470.0,1390.0,1382.4,1390.0,902147,1402.4,1402.4,1390.0,1265122444.0,1265122444.0,1265122444.0,0.0,3,SUR,-4.14,
TQBR,2022-04-04,Новатэк ао,NVTK,22135,922017551.0,1390.0,1351.0,1408.0,1389.2,1375.2,1389.2,670477,1375.2,1375.2,1389.2,922017551.0,922017551.0,922017551.0,0.0,3,SUR,-0.06,
TQBR,2022-04-05,Новатэк ао,NVTK,31084,1264613078.4,1395.0,1284.2,1397.6,1298.0,1319.0,1298.0,958842,1318.8,1318.8,1298.0,1264613078.4,1264613078.4,1264613078.4,0.0,3,SUR,-6.56,
TQBR,2022-04-06,Новатэк ао,NVTK,20415,641840398.4,1306.0,1253.4,1316.8,1264.0,1291.2,1264.0,497117,1291.2,1291.2,1264.0,641840398.4,641840398.4,641840398.4,0.0,3,SUR,-2.62,
TQBR,2022-04-07,Новатэк ао,NVTK,12816,354914173.0,1266.0,1262.0,1296.8,1263.0,1275.0,1263.0,278349,1275.0,1275.0,1263.0,354914173.0,354914173.0,354914173.0,0.0,3,SUR,-0.08,
TQBR,2022-04-08,Новатэк ао,NVTK,29792,924683833.6,1272.0,1175.0,1274.6,1200.6,1206.4,1200.6,765218,1208.4,1208.4,1200.6,924683833.6,924683833.6,924683833.6,0.0,3,SUR,-4.94,
TQBR,2022-04-11,Новатэк ао,NVTK,24811,685883369.4,1197.2,1132.2,1198.0,1141.6,1164.0,1141.6,588787,1165.0,1165.0,1141.6,685883369.4,685883369.4,685883369.4,0.0,3,SUR,-4.91,
TQBR,2022-04-12,Новатэк ао,NVTK,32238,993498091.8,1136.6,1072.6,1139.0,1116.2,1096.0,1116.2,906496,1096.0,1096.0,1116.2,993498091.8,993498091.8,993498091.8,0.0,3,SUR,-2.22,
TQBR,2022-04-13,Новатэк ао,NVTK,18654,512367278.4,1125.0,1096.0,1138.2,1101.4,1116.2,1101.4,459065,1116.2,1116.2,1101.4,512367278.4,512367278.4,512367278.4,0.0,3,SUR,-1.33,
TQBR,2022-04-14,Новатэк ао,NVTK,27736,615924207.0,1105.0,1008.0,1106.6,1013.0,1050.6,1013.0,586279,1050.6,1050.6,1013.0,615924207.0,615924207.0,615924207.0,0.0,3,SUR,-8.03,
TQBR,2022-04-15,Новатэк ао,NVTK,27293,624219055.6,1018.0,985.6,1059.8,1056.0,1030.0,1056.0,606063,1030.0,1030.0,1056.0,624219055.6,624219055.6,624219055.6,0.0,3,SUR,4.24,
TQBR,2022-04-18,Новатэк ао,NVTK,26458,653043839.0,1065.0,1021.4,1112.4,1047.8,1076.0,1047.8,606886,1076.0,1076.0,1047.8,653043839.0,653043839.0,653043839.0,0.0,3,SUR,-0.78,
TQBR,2022-04-19,Новатэк ао,NVTK,29827,1011108419.2,1051.6,993.0,1078.8,1011.0,1022.8,1011.0,986222,1025.2,1025.2,1011.0,1011108419.2,1011108419.2,1011108419.2,0.0,3,SUR,-3.51,
TQBR,2022-04-20,Новатэк ао,NVTK,35374,1086081511.0,1019.0,968.0,1031.0,1001.2,999.8,1001.2,1084615,1001.4,1001.4,1001.2,1086081511.0,1086081511.0,1086081511.0,0.0,3,SUR,-0.97,
TQBR,2022-04-21,Новатэк ао,NVTK,47850,1808314373.4,1008.0,995.0,1080.0,998.8,1029.2,998.8,1751746,1032.2,1032.2,998.8,1808314373.4,1808314373.4,1808314373.4,0.0,3,SUR,-0.24,
TQBR,2022-04-22,Новатэк ао,NVTK,43612,1170211033.6,1000.0,956.0,1020.8,970.2,990.8,970.2,1176981,994.2,994.2,970.2,1170211033.6,1170211033.6,1170211033.6,0.0,3,SUR,-2.86,
TQBR,2022-04-25,Новатэк ао,NVTK,41442,720471580.6,975.0,944.0,990.2,967.2,963.2,967.2,748013,963.2,963.2,967.2,720471580.6,720471580.6,720471580.6,0.0,3,SUR,-0.31,
TQBR,2022-04-26,Новатэк ао,NVTK,37747,1384963246.2,971.2,969.6,1057.8,1049.0,1011.2,1049.0,1369516,1011.2,1011.2,1049.0,1384963246.2,1384963246.2,1384963246.2,0.0,3,SUR,8.46,
TQBR,2022-04-27,Новатэк ао,NVTK,28893,1165663332.0,1053.2,1020.4,1098.0,1092.0,1074.4,1092.0,1085003,1074.4,1074.4,1092.0,1165663332.0,1165663332.0,1165663332.0,0.0,3,SUR,4.1,
TQBR,2022-04-28,Новатэк ао,NVTK,43895,1779442233.2,1092.0,1040.0,1144.0,1065.0,1090.4,1065.0,1626392,1094.2,1094.2,1065.0,1779442233.2,1779442233.2,1779442233.2,0.0,3,SUR,-2.47,
TQBR,2022-04-29,Новатэк ао,NVTK,26066,1163873732.6,1081.6,1060.0,1093.0,1076.0,1076.0,1076.0,1081454,1076.2,1076.2,1076.0,1163873732.6,1163873732.6,1163873732.6,0.0,3,SUR,1.03,
TQBR,2022-05-04,Новатэк ао,NVTK,28338,761839946.0,1037.0,1007.0,1054.8,1007.0,1028.0,1007.0,740652,1028.6,1028.6,1007.0,761839946.0,761839946.0,761839946.0,0.0,3,SUR,-6.41,
TQBR,2022-05-05,Новатэк ао,NVTK,15735,567913439.0,1010.4,1004.2,1022.0,1009.2,1012.4,1009.2,560838,1012.6,1012.6,1009.2,567913439.0,567913439.0,567913439.0,0.0,3,SUR,0.22,
TQBR,2022-05-06,Новатэк ао,NVTK,20581,836925263.0,1009.2,985.0,1014.2,989.0,993.2,989.0,842673,993.2,993.2,989.0,836925263.0,836925263.0,836925263.0,0.0,3,SUR,-2.0,
TQBR,2022-05-11,Новатэк ао,NVTK,27077,539167843.4,990.0,970.8,1009.6,989.6,992.2,989.6,543358,992.2,992.2,989.6,539167843.4,539167843.4,539167843.4,0.0,3,SUR,0.06,
TQBR,2022-05-12,Новатэк ао,NVTK,28101,512700856.0,989.0,951.2,989.4,956.0,966.8,956.0,530223,967.0,967.0,956.0,512700856.0,512700856.0,512700856.0,0.0,3,SUR,-3.4,
TQBR,2022-05-13,Новатэк ао,NVTK,14904,454298165.0,964.0,944.0,978.8,971.0,959.2,971.0,473642,959.2,959.2,971.0,454298165.0,454298165.0,454298165.0,0.0,3,SUR,1.57,
TQBR,2022-05-16,Новатэк ао,NVTK,14531,426618427.6,970.8,968.8,998.2,996.6,989.0,996.6,431339,989.0,989.0,996.6,426618427.6,426618427.6,426618427.6,0.0,3,SUR,2.64,
TQBR,2022-05-17,Новатэк ао,NVTK,13618,437420969.2,997.0,992.4,1011.0,1009.0,1004.0,1009.0,435713,1004.0,1004.0,1009.0,437420969.2,437420969.2,437420969.2,0.0,3,SUR,1.24,
TQBR,2022-05-18,Новатэк ао,NVTK,14595,508043042.4,1011.2,1000.0,1029.0,1002.0,1018.2,1002.0,498949,1018.2,1018.2,1002.0,508043042.4,508043042.4,508043042.4,0.0,3,SUR,-0.69,
TQBR,2022-05-19,Новатэк ао,NVTK,10507,340774296.4,1000.0,986.0,1015.0,1010.8,1001.2,1010.8,340385,1001.2,1001.2,1010.8,340774296.4,340774296.4,340774296.4,0.0,3,SUR,0.88,
TQBR,2022-05-20,Новатэк ао,NVTK,10511,400096659.4,1014.4,986.0,1018.6,990.8,998.4,990.8,400702,998.4,998.4,990.8,400096659.4,400096659.4,400096659.4,0.0,3,SUR,-1.98,
TQBR,2022-05-23,Новатэк ао,NVTK,12223,300822727.4,989.0,960.2,994.0,962.8,973.2,962.8,309123,973.2,973.2,962.8,300822727.4,300822727.4,300822727.4,0.0,3,SUR,-2.83,
TQBR,2022-05-24,Новатэк ао,NVTK,20111,516185999.8,962.8,928.6,962.8,943.0,944.2,943.0,546723,944.2,944.2,943.0,516185999.8,516185999.8,516185999.8,0.0,3,SUR,-2.06,
TQBR,2022-05-25,Новатэк ао,NVTK,16191,397927096.4,946.2,930.4,960.0,942.0,940.8,942.0,422997,940.8,940.8,942.0,397927096.4,397927096.4,397927096.4,0.0,3,SUR,-0.11,
TQBR,2022-05-26,Новатэк ао,NVTK,16247,561942710.2,949.8,945.0,988.0,977.4,966.4,977.4,581560,966.2,966.2,977.4,561942710.2,561942710.2,561942710.2,0.0,3,SUR,3.76,
TQBR,2022-05-27,Новатэк ао,NVTK,12680,454677687.6,980.0,957.0,988.4,960.2,969.6,960.2,468936,969.6,969.6,960.2,454677687.6,454677687.6,454677687.6,0.0,3,SUR,-1.76,
TQBR,2022-05-30,Новатэк ао,NVTK,16151,463945914.6,965.0,934.2,969.8,944.6,942.6,944.6,492245,942.6,942.6,944.6,463945914.6,463945914.6,463945914.6,0.0,3,SUR,-1.62,
TQBR,2022-05-31,Новатэк ао,NVTK,23969,611718976.6,940.0,910.0,940.0,910.0,921.0,910.0,664186,921.0,921.0,910.0,611718976.6,611718976.6,611718976.6,0.0,3,SUR,-3.66,
TQBR,2022-06-01,Новатэк ао,NVTK,22204,611810852.4,908.0,900.0,920.0,902.0,906.4,902.0,674829,906.6,906.6,902.0,611810852.4,611810852.4,611810852.4,0.0,3,SUR,-0.88,
TQBR,2022-06-02,Новатэк ао,NVTK,35236,987629264.6,900.0,859.0,910.0,862.4,874.0,862.4,1130003,874.0,874.0,862.4,987629264.6,987629264.6,987629264.6,0.0,3,SUR,-4.39,
TQBR,2022-06-03,Новатэк ао,NVTK,46010,1153945354.4,862.2,811.0,866.8,817.0,825.8,817.0,1397362,825.8,825.8,817.0,1153945354.4,1153945354.4,1153945354.4,0.0,3,SUR,-5.26,
TQBR,2022-06-06,Новатэк ао,NVTK,47034,1238032842.4,825.0,775.0,827.8,791.6,796.0,791.6,1555167,796.0,796.0,791.6,1238032842.4,1238032842.4,1238032842.4,0.0,3,SUR,-3.11,
TQBR,2022-06-07,Новатэк ао,NVTK,69416,2527623912.6,789.8,761.2,839.0,814.6,804.2,814.6,3143307,804.2,804.2,814.6,2527623912.6,2527623912.6,2527623912.6,0.0,3,SUR,2.91,
TQBR,2022-06-08,Новатэк ао,NVTK,36359,1407375297.8,823.0,804.0,846.0,812.2,830.6,812.2,1694274,830.6,830.6,812.2,1407375297.8,1407375297.8,1407375297.8,0.0,3,SUR,-0.29,
TQBR,2022-06-09,Новатэк ао,NVTK,22255,689788490.4,819.0,785.0,819.4,815.8,801.2,815.8,860950,801.2,801.2,815.8,689788490.4,689788490.4,689788490.4,0.0,3,SUR,0.44,
TQBR,2022-06-10,Новатэк ао,NVTK,19707,606266547.4,812.2,797.0,825.0,798.0,807.4,798.0,750759,807.6,807.6,798.0,606266547.4,606266547.4,606266547.4,0.0,3,SUR,-2.18,
TQBR,2022-06-14,Новатэк ао,NVTK,19178,487230380.4,797.0,791.0,815.0,799.4,802.2,799.4,607308,802.2,802.2,799.4,487230380.4,487230380.4,487230380.4,0.0,3,SUR,0.18,
TQBR,2022-06-15,Новатэк ао,NVTK,24781,926597234.8,803.6,799.0,847.0,847.0,822.0,847.0,1127441,821.8,821.8,847.0,926597234.8,926597234.8,926597234.8,0.0,3,SUR,5.95,
TQBR,2022-06-16,Новатэк ао,NVTK,57688,2278052338.2,850.4,835.2,889.4,887.2,867.8,887.2,2624895,867.8,867.8,887.2,2278052338.2,2278052338.2,2278052338.2,0.0,3,SUR,4.75,
TQBR,2022-06-17,Новатэк ао,NVTK,24438,1054873548.4,888.8,870.0,897.4,875.8,880.6,875.8,1197608,880.8,880.8,875.8,1054873548.4,1054873548.4,1054873548.4,0.0,3,SUR,-1.28,
TQBR,2022-06-20,Новатэк ао,NVTK,77189,4080656609.8,885.0,880.4,979.2,978.0,931.8,978.0,4383355,931.0,931.0,978.0,4080656609.8,4080656609.8,4080656609.8,0.0,3,SUR,11.67,
TQBR,2022-06-21,Новатэк ао,NVTK,88683,4977542148.8,982.2,940.6,1022.2,998.0,988.8,998.0,5033194,989.0,989.0,998.0,4977542148.8,4977542148.8,4977542148.8,0.0,3,SUR,2.04,
TQBR,2022-06-22,Новатэк ао,NVTK,55393,3162280938.0,998.0,971.2,1037.4,1026.0,1006.0,1026.0,3146182,1005.2,1005.2,1026.0,3162280938.0,3162280938.0,3162280938.0,0.0,3,SUR,2.81,
TQBR,2022-06-23,Новатэк ао,NVTK,52821,2656012341.4,1029.0,1002.0,1047.0,1010.0,1026.0,1010.0,2588515,1026.0,1026.0,1010.0,2656012341.4,2656012341.4,2656012341.4,0.0,3,SUR,-1.56,
TQBR,2022-06-24,Новатэк ао,NVTK,31551,1547437763.0,1010.0,978.0,1020.0,1003.0,999.4,1003.0,1548248,999.4,999.4,1003.0,1547437763.0,1547437763.0,1547437763.0,0.0,3,SUR,-0.69,
TQBR,2022-06-27,Новатэк ао,NVTK,21337,919158788.8,1005.8,990.0,1014.0,1008.0,1004.6,1008.0,915036,1004.6,1004.6,1008.0,919158788.8,919158788.8,919158788.8,0.0,3,SUR,0.5,
TQBR,2022-06-28,Новатэк ао,NVTK,14326,843980916.6,1010.0,994.6,1015.0,1005.8,1005.6,1005.8,839217,1005.6,1005.6,1005.8,843980916.6,843980916.6,843980916.6,0.0,3,SUR,-0.22,
TQBR,2022-06-29,Новатэк ао,NVTK,20018,1146085535.0,1006.6,995.0,1034.0,1019.0,1011.8,1019.0,1132708,1011.8,1011.8,1019.0,1146085535.0,1146085535.0,1146085535.0,0.0,3,SUR,1.31,
TQBR,2022-06-30,Новатэк ао,NVTK,47943,3028788426.6,1019.0,970.2,1055.0,1024.0,1014.8,1024.0,2985464,1014.6,1014.6,1024.0,3028788426.6,3028788426.6,3028788426.6,0.0,3,SUR,0.49,
TQBR,2022-07-01,Новатэк ао,NVTK,26614,1692865494.8,1025.8,1009.6,1076.0,1060.2,1050.0,1060.2,1611645,1050.4,1050.4,1060.2,1692865494.8,1692865494.8,1692865494.8,0.0,3,SUR,3.54,
TQBR,2022-07-04,Новатэк ао,NVTK,43078,1978674901.6,1060.6,1011.2,1096.0,1025.0,1059.2,1025.0,1867316,1059.6,1059.6,1025.0,1978674901.6,1978674901.6,1978674901.6,0.0,3,SUR,-3.32,
TQBR,2022-07-05,Новатэк ао,NVTK,52951,2654024330.0,1034.0,963.0,1044.4,970.2,987.8,970.2,2678332,991.0,991.0,970.2,2654024330.0,2654024330.0,2654024330.0,0.0,3,SUR,-5.35,
TQBR,2022-07-06,Новатэк ао,NVTK,32448,1540945360.8,972.0,965.0,1012.6,1009.6,995.4,1009.6,1547916,995.4,995.4,1009.6,1540945360.8,1540945360.8,1540945360.8,0.0,3,SUR,4.06,
TQBR,2022-07-07,Новатэк ао,NVTK,18679,963053039.4,1014.0,987.0,1027.0,998.0,1004.0,998.0,959251,1004.0,1004.0,998.0,963053039.4,963053039.4,963053039.4,0.0,3,SUR,-1.15,
TQBR,2022-07-08,Новатэк ао,NVTK,17341,690037665.4,998.0,981.0,1002.8,993.0,990.6,993.0,696610,990.6,990.6,993.0,690037665.4,690037665.4,690037665.4,0.0,3,SUR,-0.5,
TQBR,2022-07-11,Новатэк ао,NVTK,23503,808608037.8,994.8,963.6,997.8,968.6,979.8,968.6,825317,979.8,979.8,968.6,808608037.8,808608037.8,808608037.8,0.0,3,SUR,-2.46,
TQBR,2022-07-12,Новатэк ао,NVTK,43178,1830962674.8,967.0,913.0,967.8,942.0,934.0,942.0,1960518,934.0,934.0,942.0,1830962674.8,1830962674.8,1830962674.8,0.0,3,SUR,-2.75,
TQBR,2022-07-13,Новатэк ао,NVTK,23513,945965589.6,942.0,905.2,949.0,916.2,920.6,916.2,1027111,921.0,921.0,916.2,945965589.6,945965589.6,945965589.6,0.0,3,SUR,-2.74,
TQBR,2022-07-14,Новатэк ао,NVTK,31928,1114496660.0,915.2,911.2,946.8,926.6,930.0,926.6,1198284,930.0,930.0,926.6,1114496660.0,1114496660.0,1114496660.0,0.0,3,SUR,1.14,
TQBR,2022-07-15,Новатэк ао,NVTK,22636,1031195836.4,927.8,926.4,954.4,953.0,944.0,953.0,1092455,944.0,944.0,953.0,1031195836.4,1031195836.4,1031195836.4,0.0,3,SUR,2.85,
TQBR,2022-07-18,Новатэк ао,NVTK,18718,682878482.2,959.6,936.0,964.2,946.6,948.0,946.6,720329,948.0,948.0,946.6,682878482.2,682878482.2,682878482.2,0.0,3,SUR,-0.67,
TQBR,2022-07-19,Новатэк ао,NVTK,15054,586226939.4,950.0,923.0,952.0,928.8,932.8,928.8,628494,932.8,932.8,928.8,586226939.4,586226939.4,586226939.4,0.0,3,SUR,-1.88,
TQBR,2022-07-20,Новатэк ао,NVTK,13294,487965865.4,929.0,919.0,938.8,925.8,930.2,925.8,524550,930.2,930.2,925.8,487965865.4,487965865.4,487965865.4,0.0,3,SUR,-0.32,
TQBR,2022-07-21,Новатэк ао,NVTK,18823,630926488.2,925.8,902.0,927.8,916.0,914.4,916.0,689941,914.4,914.4,916.0,630926488.2,630926488.2,630926488.2,0.0,3,SUR,-1.06,
TQBR,2022-07-22,Новатэк ао,NVTK,19342,785368691.2,918.0,915.2,957.0,944.0,940.4,944.0,835099,940.4,940.4,944.0,785368691.2,785368691.2,785368691.2,0.0,3,SUR,3.06,
TQBR,2022-07-25,Новатэк ао,NVTK,33168,1315971052.4,947.0,928.0,965.0,960.8,951.2,960.8,1384244,950.6,950.6,960.8,1315971052.4,1315971052.4,1315971052.4,0.0,3,SUR,1.78,
TQBR,2022-07-26,Новатэк ао,NVTK,31255,1307317186.4,966.0,964.0,1008.0,1008.0,978.6,1008.0,1336014,978.6,978.6,1008.0,1307317186.4,1307317186.4,1307317186.4,0.0,3,SUR,4.91,
TQBR,2022-07-27,Новатэк ао,NVTK,65806,3292149392.8,1017.0,996.0,1061.8,1038.0,1038.4,1038.0,3172595,1037.6,1037.6,1038.0,3292149392.8,3292149392.8,3292149392.8,0.0,3,SUR,2.98,
TQBR,2022-07-28,Новатэк ао,NVTK,31722,1522841225.8,1039.0,1016.8,1053.8,1025.2,1032.4,1025.2,1474987,1032.4,1032.4,1025.2,1522841225.8,1522841225.8,1522841225.8,0.0,3,SUR,-1.23,
TQBR,2022-07-29,Новатэк ао,NVTK,22607,1289379289.8,1037.0,1022.0,1055.8,1052.0,1042.4,1052.0,1237062,1042.2,1042.2,1052.0,1289379289.8,1289379289.8,1289379289.8,0.0,3,SUR,2.61,
TQBR,2022-08-01,Новатэк ао,NVTK,30634,1072426673.4,1055.2,1030.0,1056.8,1035.0,1039.8,1035.0,1031276,1040.0,1040.0,1035.0,1072426673.4,1072426673.4,1072426673.4,0.0,3,SUR,-1.62,
TQBR,2022-08-02,Новатэк ао,NVTK,33567,1353996958.0,1032.0,995.4,1032.2,1009.0,1008.4,1009.0,1342840,1008.4,1008.4,1009.0,1353996958.0,1353996958.0,1353996958.0,0.0,3,SUR,-2.51,
TQBR,2022-08-03,Новатэк ао,NVTK,15841,711918038.2,1008.0,987.0,1014.0,988.0,1000.4,988.0,711528,1000.6,1000.6,988.0,711918038.2,711918038.2,711918038.2,0.0,3,SUR,-2.08,
TQBR,2022-08-04,Новатэк ао,NVTK,21449,715606158.0,988.0,971.6,1005.2,1003.6,988.4,1003.6,723957,988.4,988.4,1003.6,715606158.0,715606158.0,715606158.0,0.0,3,SUR,1.58,
TQBR,2022-08-05,Новатэк ао,NVTK,26092,981049096.2,1005.0,961.6,1010.0,975.0,979.4,975.0,1001754,979.4,979.4,975.0,981049096.2,981049096.2,981049096.2,0.0,3,SUR,-2.85,
TQBR,2022-08-08,Новатэк ао,NVTK,25521,1061060083.8,986.0,986.0,1036.6,1009.8,1008.0,1009.8,1052693,1008.0,1008.0,1009.8,1061060083.8,1061060083.8,1061060083.8,0.0,3,SUR,3.57,
TQBR,2022-08-09,Новатэк ао,NVTK,18939,851447853.0,1014.4,1000.2,1024.6,1021.0,1015.0,1021.0,838910,1015.0,1015.0,1021.0,851447853.0,851447853.0,851447853.0,0.0,3,SUR,1.11,
TQBR,2022-08-10,Новатэк ао,NVTK,21262,1186735088.2,1027.0,1021.2,1045.0,1039.8,1035.0,1039.8,1147611,1034.0,1034.0,1039.8,1186735088.2,1186735088.2,1186735088.2,0.0,3,SUR,1.84,
TQBR,2022-08-11,Новатэк ао,NVTK,21201,843885789.2,1041.2,1015.4,1048.0,1020.0,1031.4,1020.0,818101,1031.6,1031.6,1020.0,843885789.2,843885789.2,843885789.2,0.0,3,SUR,-1.9,
TQBR,2022-08-12,Новатэк ао,NVTK,18971,883420985.4,1019.8,1010.2,1039.0,1036.0,1031.0,1036.0,857059,1030.8,1030.8,1036.0,883420985.4,883420985.4,883420985.4,0.0,3,SUR,1.57,
TQBR,2022-08-15,Новатэк ао,NVTK,34422,1250228015.8,1034.8,1028.4,1066.4,1065.0,1048.4,1065.0,1192237,1048.6,1048.6,1065.0,1250228015.8,1250228015.8,1250228015.8,0.0,3,SUR,2.8,
TQBR,2022-08-16,Новатэк ао,NVTK,47550,1824292334.0,1071.2,1071.2,1103.8,1100.6,1090.4,1100.6,1673045,1090.4,1090.4,1100.6,1824292334.0,1824292334.0,1824292334.0,0.0,3,SUR,3.34,
TQBR,2022-08-17,Новатэк ао,NVTK,49455,2321472868.6,1110.0,1074.0,1129.0,1095.0,1108.2,1095.0,2094671,1108.2,1108.2,1095.0,2321472868.6,2321472868.6,2321472868.6,0.0,3,SUR,-0.51,
TQBR,2022-08-18,Новатэк ао,NVTK,22893,997025722.4,1092.6,1080.0,1109.0,1090.0,1088.4,1090.0,916105,1088.4,1088.4,1090.0,997025722.4,997025722.4,997025722.4,0.0,3,SUR,-0.46,
TQBR,2022-08-19,Новатэк ао,NVTK,15720,751272017.6,1094.8,1072.0,1095.0,1085.0,1084.0,1085.0,693283,1083.6,1083.6,1085.0,751272017.6,751272017.6,751272017.6,0.0,3,SUR,-0.46,
TQBR,2022-08-22,Новатэк ао,NVTK,52872,2308952584.2,1087.0,1076.4,1150.2,1150.2,1123.2,1150.2,2055678,1123.2,1123.2,1150.2,2308952584.2,2308952584.2,2308952584.2,0.0,3,SUR,6.01,
TQBR,2022-08-23,Новатэк ао,NVTK,41594,1939372904.2,1153.0,1134.2,1168.0,1135.0,1152.4,1135.0,1682555,1152.6,1152.6,1135.0,1939372904.2,1939372904.2,1939372904.2,0.0,3,SUR,-1.32,
TQBR,2022-08-24,Новатэк ао,NVTK,23407,1027035645.4,1135.0,1126.0,1146.0,1146.0,1136.6,1146.0,903578,1136.6,1136.6,1146.0,1027035645.4,1027035645.4,1027035645.4,0.0,3,SUR,0.97,
TQBR,2022-08-25,Новатэк ао,NVTK,43852,2305680935.8,1160.0,1131.0,1176.2,1140.8,1150.8,1140.8,2003339,1151.0,1151.0,1140.8,2305680935.8,2305680935.8,2305680935.8,0.0,3,SUR,-0.45,
TQBR,2022-08-26,Новатэк ао,NVTK,24645,1099561758.0,1146.0,1130.0,1161.0,1156.2,1145.2,1156.2,960170,1145.2,1145.2,1156.2,1099561758.0,1099561758.0,1099561758.0,0.0,3,SUR,1.35,
TQBR,2022-08-29,Новатэк ао,NVTK,27063,1135103694.4,1156.2,1151.6,1175.0,1158.0,1164.0,1158.0,975252,1164.0,1164.0,1158.0,1135103694.4,1135103694.4,1135103694.4,0.0,3,SUR,0.16,
TQBR,2022-08-30,Новатэк ао,NVTK,29330,1337357187.8,1163.0,1137.0,1164.0,1147.0,1148.6,1147.0,1164262,1148.6,1148.6,1147.0,1337357187.8,1337357187.8,1337357187.8,0.0,3,SUR,-0.95,
TQBR,2022-08-31,Новатэк ао,NVTK,49734,2358616271.8,1147.6,1115.4,1156.0,1133.0,1135.2,1133.0,2077714,1135.2,1135.2,1133.0,2358616271.8,2358616271.8,2358616271.8,0.0,3,SUR,-1.22,
TQBR,2022-09-01,Новатэк ао,NVTK,28490,1531699639.2,1133.8,1121.0,1152.4,1149.8,1137.2,1149.8,1346852,1137.2,1137.2,1149.8,1531699639.2,1531699639.2,1531699639.2,0.0,3,SUR,1.48,
TQBR,2022-09-02,Новатэк ао,NVTK,34242,1666093463.2,1153.4,1135.4,1165.0,1148.8,1146.4,1148.8,1453314,1146.4,1146.4,1148.8,1666093463.2,1666093463.2,1666093463.2,0.0,3,SUR,-0.09,
TQBR,2022-09-05,Новатэк ао,NVTK,69074,3448554297.8,1158.0,1148.8,1204.2,1197.0,1183.0,1197.0,2915133,1183.0,1183.0,1197.0,3448554297.8,3448554297.8,3448554297.8,0.0,3,SUR,4.2,
TQBR,2022-09-06,Новатэк ао,NVTK,68713,2900991034.6,1199.0,1150.0,1216.8,1163.8,1183.6,1163.8,2450874,1183.6,1183.6,1163.8,2900991034.6,2900991034.6,2900991034.6,0.0,3,SUR,-2.77,
TQBR,2022-09-07,Новатэк ао,NVTK,53973,2304355564.4,1163.0,1140.8,1198.0,1178.0,1174.0,1178.0,1963786,1173.4,1173.4,1178.0,2304355564.4,2304355564.4,2304355564.4,0.0,3,SUR,1.22,
TQBR,2022-09-08,Новатэк ао,NVTK,35487,1222503272.8,1175.4,1150.2,1182.8,1157.0,1163.6,1157.0,1050217,1164.0,1164.0,1157.0,1222503272.8,1222503272.8,1222503272.8,0.0,3,SUR,-1.78,
TQBR,2022-09-09,Новатэк ао,NVTK,20455,764484793.6,1161.0,1157.0,1166.2,1160.0,1161.4,1160.0,658187,1161.6,1161.6,1160.0,764484793.6,764484793.6,764484793.6,0.0,3,SUR,0.26,
TQBR,2022-09-12,Новатэк ао,NVTK,35156,1430406831.6,1157.2,1155.0,1193.0,1188.2,1178.8,1187.0,1213526,1178.4,1178.4,1188.2,1381497536.0,1381497536.0,1381497536.0,0.0,3,SUR,2.33,
TQBR,2022-09-13,Новатэк ао,NVTK,22634,900180252.6,1192.0,1172.6,1196.8,1180.8,1182.8,1179.0,761086,1182.8,1182.8,1180.8,849148230.6,849148230.6,849148230.6,0.0,3,SUR,-0.67,
TQBR,2022-09-14,Новатэк ао,NVTK,31514,992789375.6,1179.0,1156.8,1180.0,1175.0,1166.8,1175.4,850900,1166.2,1166.2,1175.0,940039896.6,940039896.6,940039896.6,0.0,3,SUR,-0.31,
TQBR,2022-09-15,Новатэк ао,NVTK,29091,1253139572.4,1176.0,1170.0,1198.0,1186.0,1184.6,1190.2,1057803,1184.6,1184.6,1186.0,1192630179.4,1192630179.4,1192630179.4,0.0,3,SUR,1.26,
TQBR,2022-09-16,Новатэк ао,NVTK,29438,1003608902.0,1192.4,1172.4,1197.0,1176.2,1185.6,1180.0,846519,1185.8,1185.8,1176.2,978333738.0,978333738.0,978333738.0,0.0,3,SUR,-0.86,
TQBR,2022-09-19,Новатэк ао,NVTK,19314,707113522.2,1174.8,1160.6,1186.6,1167.2,1171.2,1171.8,602866,1173.2,1173.2,1167.2,675586271.2,675586271.2,675586271.2,0.0,3,SUR,-0.69,
TQBR,2022-09-20,Новатэк ао,NVTK,152982,6638606595.6,1159.0,995.4,1161.6,1060.0,1084.4,1044.0,6126838,1089.0,1089.0,1060.0,5848020493.6,5848020493.6,5848020493.6,0.0,3,SUR,-10.91,
TQBR,2022-09-21,Новатэк ао,NVTK,70861,2756015316.4,956.0,900.0,1031.6,1007.4,993.2,1009.2,2774202,992.8,992.8,1007.4,2647796415.8,2647796415.8,2647796415.8,0.0,3,SUR,-3.33,
TQBR,2022-09-22,Новатэк ао,NVTK,44289,1652614950.0,1010.0,1007.4,1050.0,1021.8,1027.2,1016.6,1609006,1027.8,1027.8,1021.8,1543820070.8,1543820070.8,1543820070.8,0.0,3,SUR,0.73,
TQBR,2022-09-23,Новатэк ао,NVTK,57246,1926901933.6,1016.6,950.0,1017.6,962.0,976.6,950.8,1972958,978.2,978.2,962.0,1805040386.4,1805040386.4,1805040386.4,0.0,3,SUR,-6.47,
TQBR,2022-09-26,Новатэк ао,NVTK,88259,2768594255.2,935.0,821.6,944.4,919.0,894.4,897.6,3095633,893.6,893.6,919.0,2639714769.8,2639714769.8,2639714769.8,0.0,3,SUR,-5.6,
TQBR,2022-09-27,Новатэк ао,NVTK,69650,2474225147.0,908.0,904.2,985.0,956.0,947.0,984.8,2613412,943.2,943.2,956.0,2176621025.0,2176621025.0,2176621025.0,0.0,3,SUR,9.71,
TQBR,2022-09-28,Новатэк ао,NVTK,57939,1990910686.6,986.8,948.4,998.0,957.4,972.6,967.8,2047078,973.2,973.2,957.4,1882862703.8,1882862703.8,1882862703.8,0.0,3,SUR,-1.73,
TQBR,2022-09-29,Новатэк ао,NVTK,64913,2273908058.8,972.0,913.0,979.0,955.0,953.4,964.8,2385034,952.8,952.8,955.0,2136232757.2,2136232757.2,2136232757.2,0.0,3,SUR,-0.31,
TQBR,2022-09-30,Новатэк ао,NVTK,48738,1593537556.6,966.0,920.0,984.2,969.4,957.4,969.0,1664029,957.0,957.0,969.4,1511147627.0,1511147627.0,1511147627.0,0.0,3,SUR,0.44,
TQBR,2022-10-03,Новатэк ао,NVTK,44739,1440692095.6,978.0,975.2,1015.0,1007.0,999.8,1013.4,1441072,998.8,998.8,1007.0,1326365892.8,1326365892.8,1326365892.8,0.0,3,SUR,4.58,
TQBR,2022-10-04,Новатэк ао,NVTK,35262,1115819189.6,1015.2,995.8,1025.0,1004.2,1006.6,1007.0,1108398,1006.8,1006.8,1004.2,1029574886.2,1029574886.2,1029574886.2,0.0,3,SUR,-0.63,
TQBR,2022-10-05,Новатэк ао,NVTK,45851,1489349305.6,1002.0,986.8,1009.6,1002.8,998.4,1000.0,1491803,998.4,998.4,1002.8,1330624279.8,1330624279.8,1330624279.8,0.0,3,SUR,-0.7,
TQBR,2022-10-06,Новатэк ао,NVTK,46587,1343191175.4,959.0,957.0,982.6,962.8,973.0,963.2,1380586,973.4,973.4,962.8,1258585477.4,1258585477.4,1258585477.4,0.0,3,SUR,-3.68,
TQBR,2022-10-07,Новатэк ао,NVTK,42607,940236582.6,963.0,902.0,963.0,923.8,937.8,906.4,1002495,945.4,945.4,923.8,741006507.8,741006507.8,741006507.8,0.0,3,SUR,-5.9,
TQBR,2022-10-10,Новатэк ао,NVTK,53162,1433999795.6,855.0,855.0,963.0,956.8,927.2,960.0,1546514,926.0,926.0,956.8,1372585754.6,1372585754.6,1372585754.6,0.0,3,SUR,5.91,
TQBR,2022-10-11,Новатэк ао,NVTK,32149,904674006.4,962.2,948.2,979.4,964.0,965.4,965.8,937310,965.2,965.2,964.0,841706139.6,841706139.6,841706139.6,0.0,3,SUR,0.6,
TQBR,2022-10-12,Новатэк ао,NVTK,26534,979055807.4,968.0,950.8,986.6,973.6,969.2,972.8,1010136,969.0,969.0,973.6,930980041.4,930980041.4,930980041.4,0.0,3,SUR,0.72,
TQBR,2022-10-13,Новатэк ао,NVTK,28862,864023864.2,978.0,968.0,990.0,979.8,980.2,981.0,881456,980.2,980.2,979.8,820442726.0,820442726.0,820442726.0,0.0,3,SUR,0.84,
TQBR,2022-10-14,Новатэк ао,NVTK,18931,682970292.2,983.0,958.2,987.0,972.0,969.0,974.0,704551,969.0,969.0,972.0,640178893.6,640178893.6,640178893.6,0.0,3,SUR,-0.71,
TQBR,2022-10-17,Новатэк ао,NVTK,31241,1259188181.2,980.0,976.4,1010.0,1002.6,999.4,1008.4,1259834,998.8,998.8,1002.6,1133014727.4,1133014727.4,1133014727.4,0.0,3,SUR,3.53,
TQBR,2022-10-18,Новатэк ао,NVTK,33896,1178564929.8,1012.6,967.4,1022.0,1012.8,1004.4,988.4,1173449,1010.0,1010.0,1012.8,806138120.0,806138120.0,806138120.0,0.0,3,SUR,-1.98,
TQBR,2022-10-19,Новатэк ао,NVTK,31176,980422036.0,980.2,976.0,1001.8,992.0,989.6,995.0,990732,989.4,989.4,992.0,888562894.2,888562894.2,888562894.2,0.0,3,SUR,0.67,
TQBR,2022-10-20,Новатэк ао,NVTK,27462,907477298.0,998.0,990.8,1011.0,1007.6,1003.4,1003.2,904365,1003.4,1003.4,1007.6,856415076.4,856415076.4,856415076.4,0.0,3,SUR,0.82,
TQBR,2022-10-21,Новатэк ао,NVTK,21616,850452561.4,1005.2,985.4,1010.0,998.0,999.4,1007.6,850962,998.0,998.0,998.0,648999577.4,648999577.4,648999577.4,0.0,3,SUR,0.44,
TQBR,2022-10-24,Новатэк ао,NVTK,29363,947750149.6,1014.8,995.2,1022.0,1003.4,1008.6,1006.8,939599,1008.8,1008.8,1003.4,889558736.4,889558736.4,889558736.4,0.0,3,SUR,-0.08,
TQBR,2022-10-25,Новатэк ао,NVTK,39521,1141297986.8,1003.4,1000.8,1038.0,1035.0,1023.2,1036.8,1115352,1022.6,1022.6,1035.0,1076514355.2,1076514355.2,1076514355.2,0.0,3,SUR,2.98,
TQBR,2022-10-26,Новатэк ао,NVTK,29207,992678754.6,1039.0,1022.6,1052.0,1042.2,1039.4,1041.8,955033,1039.2,1039.2,1042.2,908959092.8,908959092.8,908959092.8,0.0,3,SUR,0.48,
TQBR,2022-10-27,Новатэк ао,NVTK,46135,1501716958.6,1047.0,1040.6,1083.4,1083.2,1065.8,1078.0,1408949,1064.4,1064.4,1083.2,1364869298.0,1364869298.0,1364869298.0,0.0,3,SUR,3.47,
TQBR,2022-10-28,Новатэк ао,NVTK,37972,1411200788.6,1076.0,1052.2,1110.0,1109.0,1080.6,1106.2,1306053,1077.8,1077.8,1109.0,1256476140.0,1256476140.0,1256476140.0,0.0,3,SUR,2.62,
TQBR,2022-10-31,Новатэк ао,NVTK,39459,1386690256.4,1111.0,1092.8,1133.6,1100.4,1110.8,1104.0,1248514,1111.0,1111.0,1100.4,1323721289.8,1323721289.8,1323721289.8,0.0,3,SUR,-0.2,
TQBR,2022-11-01,Новатэк ао,NVTK,19196,659111752.2,1105.0,1105.0,1120.0,1107.8,1111.8,1109.2,592997,1111.6,1111.6,1107.8,616538271.2,616538271.2,616538271.2,0.0,3,SUR,0.47,
TQBR,2022-11-02,Новатэк ао,NVTK,24561,825567946.0,1109.2,1092.0,1118.2,1111.2,1107.2,1102.4,746010,1108.0,1108.0,1111.2,643001833.4,643001833.4,643001833.4,0.0,3,SUR,-0.61,
TQBR,2022-11-03,Новатэк ао,NVTK,29112,1086419407.0,1101.2,1081.8,1110.6,1107.6,1101.2,1108.0,986625,1100.4,1100.4,1107.6,951448726.4,951448726.4,951448726.4,0.0,3,SUR,0.51,
TQBR,2022-11-07,Новатэк ао,NVTK,33332,993601309.8,1115.2,1114.0,1141.2,1139.8,1129.8,1140.8,879515,1129.0,1129.0,1139.8,922372555.0,922372555.0,922372555.0,0.0,3,SUR,2.96,
TQBR,2022-11-08,Новатэк ао,NVTK,27463,1006245090.6,1140.8,1129.0,1147.0,1137.6,1135.0,1134.8,886577,1135.0,1135.0,1137.6,921745946.6,921745946.6,921745946.6,0.0,3,SUR,-0.53,
TQBR,2022-11-09,Новатэк ао,NVTK,29961,1175881318.8,1135.6,1092.2,1135.6,1115.0,1117.0,1105.0,1052674,1120.0,1120.0,1115.0,910776096.6,910776096.6,910776096.6,0.0,3,SUR,-2.63,
TQBR,2022-11-10,Новатэк ао,NVTK,41763,1060089828.0,1103.0,1086.4,1131.2,1126.0,1113.6,1124.0,952457,1111.6,1111.6,1126.0,954178273.4,954178273.4,954178273.4,0.0,3,SUR,1.72,
TQBR,2022-11-11,Новатэк ао,NVTK,23760,836765980.8,1125.0,1107.4,1133.0,1115.0,1120.2,1113.0,747346,1120.8,1120.8,1115.0,723231376.4,723231376.4,723231376.4,0.0,3,SUR,-0.98,
TQBR,2022-11-14,Новатэк ао,NVTK,17109,630427742.0,1116.8,1109.0,1122.4,1115.4,1116.6,1118.0,564644,1116.6,1116.6,1115.4,595651887.2,595651887.2,595651887.2,0.0,3,SUR,0.45,
TQBR,2022-11-15,Новатэк ао,NVTK,33671,1528811625.2,1119.8,1052.4,1128.6,1108.8,1102.6,1084.6,1386803,1116.4,1116.4,1108.8,911453276.0,911453276.0,911453276.0,0.0,3,SUR,-2.99,
TQBR,2022-11-16,Новатэк ао,NVTK,20409,796646060.4,1091.0,1087.0,1117.0,1109.2,1105.6,1109.0,720601,1105.2,1105.2,1109.2,726638972.4,726638972.4,726638972.4,0.0,3,SUR,2.25,
TQBR,2022-11-17,Новатэк ао,NVTK,14622,656127741.0,1110.0,1095.4,1118.4,1101.0,1108.4,1099.8,592552,1108.0,1108.0,1101.0,608908819.8,608908819.8,608908819.8,0.0,3,SUR,-0.83,
TQBR,2022-11-18,Новатэк ао,NVTK,15769,555303969.2,1096.6,1078.0,1099.8,1089.2,1086.8,1092.2,510990,1086.4,1086.4,1089.2,494138397.0,494138397.0,494138397.0,0.0,3,SUR,-0.69,
TQBR,2022-11-21,Новатэк ао,NVTK,23448,882569047.8,1089.8,1058.0,1089.8,1067.0,1069.2,1075.4,825455,1070.0,1070.0,1067.0,670033103.2,670033103.2,670033103.2,0.0,3,SUR,-1.54,
TQBR,2022-11-22,Новатэк ао,NVTK,16030,639786601.4,1075.6,1064.4,1081.8,1079.2,1073.8,1073.2,595652,1074.0,1074.0,1079.2,570988040.0,570988040.0,570988040.0,0.0,3,SUR,-0.2,
TQBR,2022-11-23,Новатэк ао,NVTK,33890,758425561.0,1077.0,1064.2,1099.0,1091.0,1085.2,1089.6,698821,1085.0,1085.0,1091.0,713050895.4,713050895.4,713050895.4,0.0,3,SUR,1.53,
TQBR,2022-11-24,Новатэк ао,NVTK,13253,524084571.8,1090.6,1073.0,1091.6,1076.4,1082.2,1078.0,484295,1082.6,1082.6,1076.4,482585406.0,482585406.0,482585406.0,0.0,3,SUR,-1.06,
TQBR,2022-11-25,Новатэк ао,NVTK,16701,520630573.8,1076.8,1060.0,1077.8,1064.8,1065.2,1065.4,488639,1065.6,1065.6,1064.8,480865929.0,480865929.0,480865929.0,0.0,3,SUR,-1.17,
TQBR,2022-11-28,Новатэк ао,NVTK,42113,1258489664.2,1058.0,1032.2,1058.0,1040.0,1040.0,1037.8,1209390,1040.6,1040.6,1040.0,1145583524.6,1145583524.6,1145583524.6,0.0,3,SUR,-2.59,
TQBR,2022-11-29,Новатэк ао,NVTK,21933,910124862.2,1042.6,1035.0,1047.6,1040.0,1039.0,1039.8,875900,1039.0,1039.0,1040.0,851182710.2,851182710.2,851182710.2,0.0,3,SUR,0.19,
TQBR,2022-11-30,Новатэк ао,NVTK,17698,611301926.4,1040.0,1028.0,1041.0,1031.4,1033.8,1040.0,591199,1033.6,1033.6,1031.4,538785775.4,538785775.4,538785775.4,0.0,3,SUR,0.02,
TQBR,2022-12-01,Новатэк ао,NVTK,35683,1435523059.8,1043.0,1035.4,1065.0,1059.2,1054.2,1055.4,1361915,1054.0,1054.0,1059.2,1277167532.0,1277167532.0,1277167532.0,0.0,3,SUR,1.48,
TQBR,2022-12-02,Новатэк ао,NVTK,20535,717325085.2,1059.8,1040.2,1059.8,1046.8,1046.8,1046.0,685197,1047.0,1047.0,1046.8,643036057.8,643036057.8,643036057.8,0.0,3,SUR,-0.89,
TQBR,2022-12-05,Новатэк ао,NVTK,35682,962707065.0,1048.6,1040.0,1057.2,1054.8,1052.0,1045.0,915071,1052.4,1052.4,1054.8,863383641.8,863383641.8,863383641.8,0.0,3,SUR,-0.1,
TQBR,2022-12-06,Новатэк ао,NVTK,23168,657249034.2,1048.0,1032.0,1048.0,1039.4,1038.0,1035.0,633134,1038.6,1038.6,1039.4,564544425.8,564544425.8,564544425.8,0.0,3,SUR,-0.96,
TQBR,2022-12-07,Новатэк ао,NVTK,20296,741021615.2,1033.0,1026.8,1039.2,1037.2,1032.8,1036.0,717527,1032.4,1032.4,1037.2,684883581.8,684883581.8,684883581.8,0.0,3,SUR,0.1,
TQBR,2022-12-08,Новатэк ао,NVTK,23243,816850127.0,1041.8,1035.6,1060.0,1047.0,1049.8,1048.2,778087,1050.2,1050.2,1047.0,747648361.2,747648361.2,747648361.2,0.0,3,SUR,1.18,
TQBR,2022-12-09,Новатэк ао,NVTK,15095,493838116.2,1050.4,1036.4,1050.4,1038.8,1043.2,1042.6,473402,1043.4,1043.4,1038.8,451019974.0,451019974.0,451019974.0,0.0,3,SUR,-0.53,
TQBR,2022-12-12,Новатэк ао,NVTK,20893,588909307.8,1044.8,1031.6,1044.8,1040.6,1037.6,1040.8,567544,1037.6,1037.6,1040.6,551849187.8,551849187.8,551849187.8,0.0,3,SUR,-0.17,
TQBR,2022-12-13,Новатэк ао,NVTK,19112,694450127.6,1043.0,1022.4,1044.0,1035.0,1033.0,1035.0,672287,1033.0,1033.0,1035.0,651731870.0,651731870.0,651731870.0,0.0,3,SUR,-0.56,
TQBR,2022-12-14,Новатэк ао,NVTK,12787,427054723.8,1036.0,1027.2,1036.0,1030.0,1030.2,1029.0,414507,1030.2,1030.2,1030.0,352433455.6,352433455.6,352433455.6,0.0,3,SUR,-0.58,
TQBR,2022-12-15,Новатэк ао,NVTK,39665,1058280323.8,1026.6,1005.0,1027.6,1008.0,1015.0,1006.8,1042692,1015.4,1015.4,1008.0,982868748.2,982868748.2,982868748.2,0.0,3,SUR,-2.16,
TQBR,2022-12-16,Новатэк ао,NVTK,18917,572075732.6,1007.4,1003.2,1017.0,1016.6,1012.4,1016.0,565064,1012.0,1012.0,1016.6,512741698.8,512741698.8,512741698.8,0.0,3,SUR,0.91,
TQBR,2022-12-19,Новатэк ао,NVTK,34890,759734035.4,1017.2,1000.0,1024.2,1019.0,1010.8,1010.6,751184,1011.2,1011.2,1019.0,691589413.8,691589413.8,691589413.8,0.0,3,SUR,-0.53,
TQBR,2022-12-20,Новатэк ао,NVTK,33910,1404923691.8,1010.4,1004.2,1057.0,1047.8,1032.2,1053.4,1360015,1030.4,1030.4,1047.8,1229620434.6,1229620434.6,1229620434.6,0.0,3,SUR,4.24,
TQBR,2022-12-21,Новатэк ао,NVTK,34615,1348002826.2,1059.8,1045.6,1071.0,1065.0,1060.4,1061.0,1271626,1060.2,1060.2,1065.0,1256375545.8,1256375545.8,1256375545.8,0.0,3,SUR,0.72,
TQBR,2022-12-22,Новатэк ао,NVTK,26751,1023012159.0,1065.0,1043.6,1074.8,1046.0,1057.8,1049.0,967192,1058.4,1058.4,1046.0,931636232.8,931636232.8,931636232.8,0.0,3,SUR,-1.13,
TQBR,2022-12-23,Новатэк ао,NVTK,17905,787832027.4,1049.0,1033.2,1051.6,1050.0,1043.8,1048.0,754746,1043.2,1043.2,1050.0,717127381.2,717127381.2,717127381.2,0.0,3,SUR,-0.1,
TQBR,2022-12-26,Новатэк ао,NVTK,20636,794447660.4,1056.2,1046.0,1059.8,1052.0,1053.4,1052.4,754232,1053.4,1053.4,1052.0,750881288.2,750881288.2,750881288.2,0.0,3,SUR,0.42,
TQBR,2022-12-27,Новатэк ао,NVTK,16357,738092448.2,1055.0,1045.2,1058.4,1050.0,1051.8,1052.0,701804,1051.8,1051.8,1050.0,693626196.4,693626196.4,693626196.4,0.0,3,SUR,-0.04,
TQBR,2022-12-28,Новатэк ао,NVTK,15525,622628509.2,1047.8,1047.8,1055.0,1053.6,1051.2,1051.2,592145,1051.4,1051.4,1053.6,565621566.4,565621566.4,565621566.4,0.0,3,SUR,-0.08,
TQBR,2022-12-29,Новатэк ао,NVTK,15250,429783985.2,1051.4,1050.0,1066.0,1064.0,1059.0,1064.2,405832,1058.6,1058.6,1064.0,386584988.4,386584988.4,386584988.4,0.0,3,SUR,1.24,
TQBR,2022-12-30,Новатэк ао,NVTK,23594,794029158.4,1066.0,1056.4,1080.0,1074.6,1068.4,1078.4,743174,1067.6,1067.6,1074.6,689222569.8,689222569.8,689222569.8,0.0,3,SUR,1.33,
TQBR,2023-01-03,Новатэк ао,NVTK,17078,385226135.4,1078.4,1071.0,1087.0,1077.2,1078.6,1072.6,357140,1079.6,1079.6,1077.2,315310076.4,315310076.4,315310076.4,0.0,3,SUR,-0.54,
TQBR,2023-01-04,Новатэк ао,NVTK,26276,553960393.6,1072.0,1058.6,1078.6,1060.4,1065.6,1060.8,519881,1066.0,1066.0,1060.4,492704983.6,492704983.6,492704983.6,0.0,3,SUR,-1.1,
TQBR,2023-01-05,Новатэк ао,NVTK,12755,304888274.6,1060.0,1050.0,1062.0,1054.8,1054.4,1053.0,289174,1054.6,1054.6,1054.8,275396715.8,275396715.8,275396715.8,0.0,3,SUR,-0.74,
TQBR,2023-01-06,Новатэк ао,NVTK,14565,355593667.8,1050.4,1038.6,1054.0,1050.0,1048.2,1052.6,339234,1047.6,1047.6,1050.0,300946455.8,300946455.8,300946455.8,0.0,3,SUR,-0.04,
TQBR,2023-01-09,Новатэк ао,NVTK,13566,430548301.4,1054.4,1048.2,1059.6,1050.0,1053.6,1051.8,408614,1053.8,1053.8,1050.0,396122231.6,396122231.6,396122231.6,0.0,3,SUR,-0.08,
TQBR,2023-01-10,Новатэк ао,NVTK,35098,778899446.6,1052.0,1035.2,1052.6,1041.0,1039.4,1039.6,749318,1039.4,1039.4,1041.0,724450757.4,724450757.4,724450757.4,0.0,3,SUR,-1.16,
TQBR,2023-01-11,Новатэк ао,NVTK,26072,879978739.8,1041.4,1030.6,1044.8,1043.0,1038.4,1044.2,847394,1038.0,1038.0,1043.0,790194949.0,790194949.0,790194949.0,0.0,3,SUR,0.44,
TQBR,2023-01-12,Новатэк ао,NVTK,14530,355956661.8,1044.4,1038.0,1045.0,1038.6,1041.8,1040.0,341654,1042.0,1042.0,1038.6,325158154.8,325158154.8,325158154.8,0.0,3,SUR,-0.4,
TQBR,2023-01-13,Новатэк ао,NVTK,15336,406357864.0,1040.0,1036.2,1046.0,1040.6,1041.0,1042.0,390307,1041.2,1041.2,1040.6,369807840.8,369807840.8,369807840.8,0.0,3,SUR,0.19,
TQBR,2023-01-16,Новатэк ао,NVTK,40003,811507940.2,1044.0,1042.2,1054.0,1049.4,1049.2,1050.6,773479,1049.0,1049.0,,750354915.4,750354915.4,,0.0,3,SUR,0.83,
TQBR,2023-01-17,Новатэк ао,NVTK,17426,485700353.4,1051.0,1038.4,1051.0,1044.6,1044.8,1042.0,464916,1046.0,1046.0,,350205976.2,350205976.2,,0.0,3,SUR,-0.82,
TQBR,2023-01-18,Новатэк ао,NVTK,30156,797777781.0,1042.0,1021.2,1042.8,1038.0,1035.8,1031.8,770530,1038.0,1038.0,,538310488.8,538310488.8,,0.0,3,SUR,-0.98,
TQBR,2023-01-19,Новатэк ао,NVTK,41733,926693335.8,1028.8,1010.4,1033.2,1013.0,1019.2,1014.8,909021,1020.0,1020.0,,851382250.0,851382250.0,,0.0,3,SUR,-1.65,
TQBR,2023-01-20,Новатэк ао,NVTK,27152,749285691.2,1018.0,1008.0,1028.0,1028.0,1016.8,1027.6,736908,1015.6,1015.6,,653453180.4,653453180.4,,0.0,3,SUR,1.26,
TQBR,2023-01-23,Новатэк ао,NVTK,22526,529931024.0,1029.8,1018.8,1031.0,1022.2,1024.8,1024.6,517023,1025.2,1025.2,,482129988.6,482129988.6,,0.0,3,SUR,-0.29,
TQBR,2023-01-24,Новатэк ао,NVTK,28100,700450078.0,1027.8,1012.4,1027.8,1015.0,1019.0,1020.2,687390,1019.6,1019.6,,577569742.2,577569742.2,,0.0,3,SUR,-0.43,
TQBR,2023-01-25,Новатэк ао,NVTK,23227,490147802.0,1019.4,1009.0,1022.0,1015.0,1014.0,1018.2,483340,1013.4,1013.4,,425468970.8,425468970.8,,0.0,3,SUR,-0.2,
TQBR,2023-01-26,Новатэк ао,NVTK,19911,794051962.2,1018.4,1011.2,1025.0,1018.0,1019.6,1017.6,779067,1019.2,1019.2,,725684239.6,725684239.6,,0.0,3,SUR,-0.06,
TQBR,2023-01-27,Новатэк ао,NVTK,18380,615212854.6,1020.0,1012.8,1025.8,1024.0,1023.2,1022.6,601615,1022.6,1022.6,,558125299.2,558125299.2,,0.0,3,SUR,0.49,
TQBR,2023-01-30,Новатэк ао,NVTK,23126,468290309.0,1024.6,1019.0,1026.0,1026.0,1022.4,1022.4,457984,1022.4,1022.4,,394055153.8,394055153.8,,0.0,3,SUR,-0.02,
TQBR,2023-01-31,Новатэк ао,NVTK,18619,546656818.4,1022.0,1021.0,1034.6,1030.0,1027.2,1029.8,532181,1026.8,1026.8,,468874195.4,468874195.4,,0.0,3,SUR,0.72,
TQBR,2023-02-01,Новатэк ао,NVTK,23372,583309984.8,1029.0,1024.0,1033.2,1026.8,1028.8,1026.6,566874,1029.4,1029.4,,522400522.8,522400522.8,,0.0,3,SUR,-0.31,
TQBR,2023-02-02,Новатэк ао,NVTK,22957,526369017.2,1028.8,1021.2,1034.8,1030.0,1030.2,1027.8,511158,1030.0,1030.0,,466138051.6,466138051.6,,0.0,3,SUR,0.12,
TQBR,2023-02-03,Новатэк ао,NVTK,18910,594625425.6,1027.8,1022.4,1034.0,1031.2,1028.8,1030.2,577998,1028.6,1028.6,,548756715.8,548756715.8,,0.0,3,SUR,0.23,
TQBR,2023-02-06,Новатэк ао,NVTK,114907,4027758091.2,1032.0,1030.2,1100.0,1078.0,1071.4,1098.0,3759564,1066.0,1066.0,,3194082020.4,3194082020.4,,0.0,3,SUR,6.58,
TQBR,2023-02-07,Новатэк ао,NVTK,56793,2201068613.8,1103.0,1076.0,1116.4,1087.8,1092.4,1089.0,2014713,1092.8,1092.8,,2092818372.8,2092818372.8,,0.0,3,SUR,-0.82,
TQBR,2023-02-08,Новатэк ао,NVTK,55623,1654019122.8,1089.2,1059.2,1096.8,1077.0,1079.0,1074.0,1533056,1079.2,1079.2,,1515835982.2,1515835982.2,,0.0,3,SUR,-1.38,
TQBR,2023-02-09,Новатэк ао,NVTK,28518,985951468.6,1077.2,1061.0,1079.4,1078.0,1072.0,1072.0,919499,1072.2,1072.2,,893790004.2,893790004.2,,0.0,3,SUR,-0.19,
TQBR,2023-02-10,Новатэк ао,NVTK,28854,844718801.0,1069.8,1065.8,1090.0,1090.0,1077.8,1083.6,783799,1076.6,1076.6,,730770025.4,730770025.4,,0.0,3,SUR,1.08,
TQBR,2023-02-13,Новатэк ао,NVTK,26394,663668014.0,1084.0,1072.0,1093.0,1075.2,1081.2,1073.0,613810,1082.4,1082.4,,578396881.6,578396881.6,,0.0,3,SUR,-0.98,
TQBR,2023-02-14,Новатэк ао,NVTK,48019,1369207753.0,1074.0,1050.0,1074.0,1056.2,1061.0,1058.4,1290536,1061.6,1061.6,,1244147965.6,1244147965.6,,0.0,3,SUR,-1.36,
TQBR,2023-02-15,Новатэк ао,NVTK,49764,1429541598.0,1058.0,1012.8,1058.0,1033.0,1037.2,1026.2,1378338,1043.0,1043.0,,994766980.0,994766980.0,,0.0,3,SUR,-3.04,
TQBR,2023-02-16,Новатэк ао,NVTK,43662,1039466483.2,1027.2,1026.6,1041.6,1031.2,1033.4,1030.8,1005885,1033.4,1033.4,,983437877.8,983437877.8,,0.0,3,SUR,0.45,
TQBR,2023-02-17,Новатэк ао,NVTK,24931,668767233.4,1033.0,1020.6,1043.6,1037.6,1035.6,1031.4,645783,1035.8,1035.8,,619773338.6,619773338.6,,0.0,3,SUR,0.06,
TQBR,2023-02-20,Новатэк ао,NVTK,23876,796661761.4,1032.0,1015.8,1038.4,1036.6,1025.6,1033.2,776829,1024.6,1024.6,,716858780.6,716858780.6,,0.0,3,SUR,0.17,
TQBR,2023-02-21,Новатэк ао,NVTK,27530,1038523884.0,1034.2,1033.6,1054.6,1045.8,1045.0,1045.0,993761,1044.8,1044.8,,929160144.8,929160144.8,,0.0,3,SUR,1.14,
TQBR,2023-02-22,Новатэк ао,NVTK,20489,842345708.0,1045.4,1027.6,1050.4,1050.0,1040.2,1045.0,809764,1039.8,1039.8,,791272154.2,791272154.2,,0.0,3,SUR,0.0,
TQBR,2023-02-24,Новатэк ао,NVTK,10491,286754474.2,1049.0,1039.2,1049.0,1042.0,1044.4,1042.6,274587,1044.6,1044.6,,240624346.6,240624346.6,,0.0,3,SUR,-0.23,
TQBR,2023-02-27,Новатэк ао,NVTK,43830,1145447929.0,1042.6,1040.0,1067.0,1065.6,1058.0,1066.6,1082654,1057.6,1057.6,,1070079166.0,1070079166.0,,0.0,3,SUR,2.3,
TQBR,2023-02-28,Новатэк ао,NVTK,26679,877226764.2,1069.6,1056.4,1074.0,1068.0,1063.6,1065.0,824715,1063.6,1063.6,,818556072.2,818556072.2,,0.0,3,SUR,-0.15,
TQBR,2023-03-01,Новатэк ао,NVTK,27513,989109088.4,1067.2,1060.0,1074.8,1069.6,1069.4,1073.4,925005,1069.2,1069.2,,917775918.4,917775918.4,,0.0,3,SUR,0.79,
TQBR,2023-03-02,Новатэк ао,NVTK,49630,1530874013.0,1072.4,1048.4,1075.0,1061.4,1059.0,1056.6,1445475,1059.0,1059.0,,1459331805.8,1459331805.8,,0.0,3,SUR,-1.57,
TQBR,2023-03-03,Новатэк ао,NVTK,24093,1046810272.2,1056.8,1056.6,1078.0,1078.0,1068.2,1072.2,979937,1067.4,1067.4,,894673188.0,894673188.0,,0.0,3,SUR,1.48,
TQBR,2023-03-06,Новатэк ао,NVTK,23459,872675141.4,1080.0,1072.0,1082.4,1079.8,1077.6,1077.0,809728,1077.6,1077.6,,762568276.4,762568276.4,,0.0,3,SUR,0.45,
TQBR,2023-03-07,Новатэк ао,NVTK,14728,693120672.8,1077.0,1064.8,1080.0,1077.0,1074.4,1074.4,645039,1074.6,1074.6,,648837925.6,648837925.6,,0.0,3,SUR,-0.24,
TQBR,2023-03-09,Новатэк ао,NVTK,18998,677983799.8,1074.6,1067.2,1079.0,1079.0,1072.4,1073.4,631981,1072.4,1072.4,,606737456.8,606737456.8,,0.0,3,SUR,-0.09,
TQBR,2023-03-10,Новатэк ао,NVTK,35708,1569216355.4,1070.2,1058.2,1084.2,1070.0,1068.8,1064.0,1468154,1069.2,1069.2,,1438353913.2,1438353913.2,,0.0,3,SUR,-0.88,
TQBR,2023-03-13,Новатэк ао,NVTK,26646,993888674.4,1066.8,1047.6,1072.8,1063.6,1062.0,1061.8,935849,1062.2,1062.2,,912875991.2,912875991.2,,0.0,3,SUR,-0.21,
TQBR,2023-03-14,Новатэк ао,NVTK,24251,973127378.0,1062.0,1054.4,1066.6,1059.4,1059.0,1059.2,918830,1059.2,1059.2,,894498308.6,894498308.6,,0.0,3,SUR,-0.24,
TQBR,2023-03-15,Новатэк ао,NVTK,50961,1525410514.0,1062.6,1040.2,1065.0,1045.0,1053.0,1048.4,1448311,1054.0,1054.0,,1386658581.0,1386658581.0,,0.0,3,SUR,-1.02,
TQBR,2023-03-16,Новатэк ао,NVTK,38471,1606321229.4,1046.4,1038.2,1066.4,1061.0,1051.4,1064.0,1527884,1049.4,1049.4,,1376460592.0,1376460592.0,,0.0,3,SUR,1.49,
TQBR,2023-03-17,Новатэк ао,NVTK,90996,3323911564.4,1068.8,1060.2,1088.8,1078.8,1075.0,1074.6,3091898,1075.0,1075.0,,3068384875.8,3068384875.8,,0.0,3,SUR,1.0,
TQBR,2023-03-20,Новатэк ао,NVTK,85861,3664097870.6,1081.2,1062.0,1127.0,1103.2,1096.0,1122.2,3343059,1089.8,1089.8,,2796696505.6,2796696505.6,,0.0,3,SUR,4.43,
TQBR,2023-03-21,Новатэк ао,NVTK,95660,4795644854.4,1125.0,1113.2,1166.0,1136.0,1140.2,1126.2,4205908,1141.8,1141.8,,4289069789.2,4289069789.2,,0.0,3,SUR,0.36,
TQBR,2023-03-22,Новатэк ао,NVTK,32910,1574503046.0,1130.0,1110.0,1138.6,1138.6,1124.8,1128.8,1399847,1123.6,1123.6,,1361493289.2,1361493289.2,,0.0,3,SUR,0.23,
TQBR,2023-03-23,Новатэк ао,NVTK,22780,822579514.8,1128.0,1121.0,1147.0,1142.8,1134.2,1138.4,725247,1133.8,1133.8,,698122186.2,698122186.2,,0.0,3,SUR,0.85,
TQBR,2023-03-24,Новатэк ао,NVTK,19561,694776614.4,1135.2,1135.2,1147.0,1138.4,1142.0,1141.8,608444,1142.2,1142.2,,583509315.2,583509315.2,,0.0,3,SUR,0.3,
TQBR,2023-03-27,Новатэк ао,NVTK,37974,1389666438.4,1148.0,1142.4,1175.8,1170.0,1160.6,1172.0,1197304,1158.4,1158.4,,1140281846.8,1140281846.8,,0.0,3,SUR,2.64,
TQBR,2023-03-28,Новатэк ао,NVTK,37594,1263939125.4,1175.0,1149.2,1176.4,1156.0,1159.0,1160.0,1090533,1159.0,1159.0,,1170548615.2,1170548615.2,,0.0,3,SUR,-1.02,
TQBR,2023-03-29,Новатэк ао,NVTK,23704,940841694.2,1160.0,1150.0,1164.0,1155.0,1157.0,1156.6,813211,1157.0,1157.0,,854586746.8,854586746.8,,0.0,3,SUR,-0.29,
TQBR,2023-03-30,Новатэк ао,NVTK,17148,522760433.6,1156.4,1151.2,1158.8,1153.0,1154.4,1153.6,452846,1154.6,1154.6,,456731874.8,456731874.8,,0.0,3,SUR,-0.26,
TQBR,2023-03-31,Новатэк ао,NVTK,42962,1288708555.0,1154.0,1135.8,1158.0,1158.0,1146.0,1155.2,1124295,1144.8,1144.8,,1124297217.2,1124297217.2,,0.0,3,SUR,0.14,
TQBR,2023-04-03,Новатэк ао,NVTK,45223,1500101545.8,1165.6,1152.0,1175.0,1165.0,1169.0,1167.4,1283349,1169.2,1169.2,,1349957780.2,1349957780.2,,0.0,3,SUR,1.06,
TQBR,2023-04-04,Новатэк ао,NVTK,75612,2898177795.0,1171.8,1170.0,1210.6,1192.2,1192.6,1198.2,2430271,1192.4,1192.4,,2679687076.0,2679687076.0,,0.0,3,SUR,2.64,
TQBR,2023-04-05,Новатэк ао,NVTK,48183,1612529690.6,1198.4,1181.0,1205.0,1204.2,1192.4,1203.6,1352215,1191.2,1191.2,,1422903184.0,1422903184.0,,0.0,3,SUR,0.45,
TQBR,2023-04-06,Новатэк ао,NVTK,42142,1522730369.4,1204.0,1202.4,1217.6,1206.0,1210.8,1202.8,1257573,1211.2,1211.2,,1375063303.0,1375063303.0,,0.0,3,SUR,-0.07,
TQBR,2023-04-07,Новатэк ао,NVTK,36341,1329163914.2,1203.2,1200.0,1228.4,1221.6,1212.2,1228.2,1096409,1209.8,1209.8,,1104333951.4,1104333951.4,,0.0,3,SUR,2.11,
TQBR,2023-04-10,Новатэк ао,NVTK,74908,1836532736.4,1231.8,1230.2,1254.8,1245.0,1244.6,1248.8,1475706,1244.2,1244.2,,1712838510.6,1712838510.6,,0.0,3,SUR,1.68,
TQBR,2023-04-11,Новатэк ао,NVTK,51858,2091684616.0,1251.0,1212.8,1254.8,1228.2,1234.6,1219.0,1694268,1236.6,1236.6,,1826061708.0,1826061708.0,,0.0,3,SUR,-2.39,
TQBR,2023-04-12,Новатэк ао,NVTK,48012,2172932569.4,1219.4,1205.0,1246.0,1240.0,1229.8,1240.6,1766987,1228.6,1228.6,,2001786771.2,2001786771.2,,0.0,3,SUR,1.77,
TQBR,2023-04-13,Новатэк ао,NVTK,30026,1391950774.2,1245.4,1233.2,1262.8,1254.6,1247.2,1260.0,1116026,1243.8,1243.8,,1052929503.0,1052929503.0,,0.0,3,SUR,1.56,
TQBR,2023-04-14,Новатэк ао,NVTK,42903,2294827150.0,1262.0,1260.6,1296.4,1290.0,1282.4,1296.0,1789475,1281.4,1281.4,,2061713488.4,2061713488.4,,0.0,3,SUR,2.86,
TQBR,2023-04-17,Новатэк ао,NVTK,45130,2201217908.8,1301.2,1299.0,1329.0,1320.0,1317.8,1317.6,1670403,1317.8,1317.8,,2010626942.8,2010626942.8,,0.0,3,SUR,1.67,
TQBR,2023-04-18,Новатэк ао,NVTK,32178,1429731482.6,1315.0,1301.0,1320.0,1310.4,1312.2,1311.4,1089564,1312.2,1312.2,,1298253624.4,1298253624.4,,0.0,3,SUR,-0.47,
TQBR,2023-04-19,Новатэк ао,NVTK,31722,1510533158.6,1311.0,1290.6,1312.2,1305.4,1301.0,1294.2,1161085,1301.2,1301.2,,1369662077.4,1369662077.4,,0.0,3,SUR,-1.31,
TQBR,2023-04-20,Новатэк ао,NVTK,29912,1766491212.8,1300.0,1286.4,1320.0,1315.0,1306.4,1317.6,1352322,1305.2,1305.2,,1598217039.4,1598217039.4,,0.0,3,SUR,1.81,
TQBR,2023-04-21,Новатэк ао,NVTK,23901,1278791169.8,1317.8,1306.4,1326.6,1321.0,1317.2,1321.4,970813,1317.0,1317.0,,1156999641.4,1156999641.4,,0.0,3,SUR,0.29,
TQBR,2023-04-24,Новатэк ао,NVTK,33285,1702605563.8,1325.6,1309.0,1335.2,1313.4,1318.4,1313.6,1291448,1318.8,1318.8,,1594070401.6,1594070401.6,,0.0,3,SUR,-0.59,
TQBR,2023-04-25,Новатэк ао,NVTK,22379,1018783486.8,1315.8,1298.0,1316.6,1307.8,1309.8,1314.4,777816,1309.6,1309.6,,883231643.0,883231643.0,,0.0,3,SUR,0.06,
TQBR,2023-04-26,Новатэк ао,NVTK,13688,678362327.4,1316.8,1311.2,1317.4,1311.8,1314.2,1313.0,516218,1314.2,1314.2,,598774210.2,598774210.2,,0.0,3,SUR,-0.11,
TQBR,2023-04-27,Новатэк ао,NVTK,21631,1113663409.8,1317.2,1313.0,1321.4,1321.0,1318.4,1320.0,844702,1318.2,1318.2,,971865756.6,971865756.6,,0.0,3,SUR,0.53,
TQBR,2023-04-28,Новатэк ао,NVTK,43337,2659928315.4,1320.8,1310.0,1349.4,1332.8,1327.0,1340.8,2004575,1322.4,1322.4,,1712391641.8,1712391641.8,,0.0,3,SUR,1.58,
TQBR,2023-05-02,Новатэк ао,NVTK,68331,3017016509.8,1289.0,1261.0,1296.8,1261.0,1284.4,1270.0,2348642,1285.6,1285.6,,2812252487.0,2812252487.0,,0.0,3,SUR,-5.28,
TQBR,2023-05-03,Новатэк ао,NVTK,45474,1942121238.0,1265.2,1221.4,1269.8,1241.4,1248.4,1223.8,1556480,1250.8,1250.8,,1643484032.2,1643484032.2,,0.0,3,SUR,-3.64,
TQBR,2023-05-04,Новатэк ао,NVTK,20958,835541765.0,1223.2,1218.0,1240.0,1229.8,1230.0,1229.8,679351,1230.2,1230.2,,718084392.8,718084392.8,,0.0,3,SUR,0.49,
TQBR,2023-05-05,Новатэк ао,NVTK,25197,928929574.8,1232.4,1218.8,1252.6,1232.6,1236.8,1222.0,751517,1237.8,1237.8,,796498568.2,796498568.2,,0.0,3,SUR,-0.63,
TQBR,2023-05-08,Новатэк ао,NVTK,11404,387014267.8,1222.0,1212.0,1234.6,1223.8,1220.6,1215.2,317089,1220.0,1220.0,,302275082.6,302275082.6,,0.0,3,SUR,-0.56,
TQBR,2023-05-10,Новатэк ао,NVTK,40771,1526414126.4,1215.2,1215.2,1279.8,1261.0,1257.0,1270.0,1215415,1255.0,1255.0,,1386681371.0,1386681371.0,,0.0,3,SUR,4.51,
TQBR,2023-05-11,Новатэк ао,NVTK,31419,1622422716.6,1274.0,1245.8,1290.0,1276.4,1274.6,1269.2,1272918,1280.6,1280.6,,1089380985.0,1089380985.0,,0.0,3,SUR,-0.06,
TQBR,2023-05-12,Новатэк ао,NVTK,37573,758596721.4,1268.2,1255.0,1273.8,1269.8,1265.0,1270.4,599704,1264.8,1264.8,,693087634.6,693087634.6,,0.0,3,SUR,0.09,
TQBR,2023-05-15,Новатэк ао,NVTK,26037,962955842.0,1273.0,1272.8,1300.0,1296.0,1288.2,1300.0,747464,1286.6,1286.6,,825394368.0,825394368.0,,0.0,3,SUR,2.33,
TQBR,2023-05-16,Новатэк ао,NVTK,22665,761775932.6,1306.4,1286.2,1307.4,1296.2,1297.4,1293.8,587143,1297.6,1297.6,,678298356.6,678298356.6,,0.0,3,SUR,-0.48,
TQBR,2023-05-17,Новатэк ао,NVTK,14243,612567997.8,1291.2,1281.8,1300.0,1291.6,1290.6,1295.4,474648,1290.4,1290.4,,564780429.2,564780429.2,,0.0,3,SUR,0.12,
TQBR,2023-05-18,Новатэк ао,NVTK,34419,804861888.0,1297.4,1270.2,1297.8,1280.0,1281.0,1278.2,628378,1281.2,1281.2,,693952687.6,693952687.6,,0.0,3,SUR,-1.33,
TQBR,2023-05-19,Новатэк ао,NVTK,27067,749232709.4,1275.2,1258.4,1277.6,1264.0,1265.6,1263.6,592015,1265.8,1265.8,,681682226.6,681682226.6,,0.0,3,SUR,-1.14,
TQBR,2023-05-22,Новатэк ао,NVTK,18514,552820539.2,1265.0,1259.2,1274.8,1264.4,1266.4,1267.8,436456,1266.6,1266.6,,522634368.6,522634368.6,,0.0,3,SUR,0.33,
TQBR,2023-05-23,Новатэк ао,NVTK,30290,1077659614.4,1268.0,1260.4,1297.0,1289.6,1284.0,1294.0,839326,1283.0,1283.0,,946934842.2,946934842.2,,0.0,3,SUR,2.07,
TQBR,2023-05-24,Новатэк ао,NVTK,35439,1491592395.4,1296.0,1287.6,1319.8,1310.0,1306.0,1312.0,1142139,1305.6,1305.6,,1387677129.8,1387677129.8,,0.0,3,SUR,1.39,
TQBR,2023-05-25,Новатэк ао,NVTK,31977,923774881.2,1315.0,1281.2,1318.0,1299.0,1296.0,1295.2,712617,1296.4,1296.4,,829996838.2,829996838.2,,0.0,3,SUR,-1.28,
TQBR,2023-05-26,Новатэк ао,NVTK,16030,542711085.0,1292.6,1289.4,1311.2,1304.8,1302.2,1305.4,416763,1300.8,1300.8,,415851753.4,415851753.4,,0.0,3,SUR,0.79,
TQBR,2023-05-29,Новатэк ао,NVTK,23107,955337476.0,1312.0,1299.0,1315.4,1310.0,1305.0,1307.4,731987,1304.6,1304.6,,850537906.4,850537906.4,,0.0,3,SUR,0.15,
TQBR,2023-05-30,Новатэк ао,NVTK,36390,1389606636.2,1299.6,1265.0,1315.8,1291.0,1293.6,1309.6,1074256,1288.6,1288.6,,944566205.4,944566205.4,,0.0,3,SUR,0.17,
TQBR,2023-05-31,Новатэк ао,NVTK,25349,1308520890.4,1310.0,1290.0,1313.8,1296.2,1300.6,1298.4,1006151,1300.8,1300.8,,1217151544.2,1217151544.2,,0.0,3,SUR,-0.86,
TQBR,2023-06-01,Новатэк ао,NVTK,19861,837100261.4,1299.0,1282.0,1308.4,1304.6,1301.2,1293.8,643281,1303.0,1303.0,,639226031.2,639226031.2,,0.0,3,SUR,-0.35,
TQBR,2023-06-02,Новатэк ао,NVTK,55595,2298896646.6,1296.4,1295.0,1349.4,1336.4,1329.8,1340.4,1728888,1328.8,1328.8,,2094205192.4,2094205192.4,,0.0,3,SUR,3.6,
TQBR,2023-06-05,Новатэк ао,NVTK,90109,3622406821.6,1349.0,1302.0,1380.0,1345.8,1350.2,1309.6,2683039,1355.2,1355.2,,3111639592.6,3111639592.6,,0.0,3,SUR,-2.3,
TQBR,2023-06-06,Новатэк ао,NVTK,43173,2468537346.8,1313.0,1275.2,1350.8,1343.0,1317.0,1347.4,1874296,1314.4,1314.4,,2241492636.4,2241492636.4,,0.0,3,SUR,2.89,
TQBR,2023-06-07,Новатэк ао,NVTK,25929,1362422215.2,1353.2,1325.6,1359.4,1333.6,1347.0,1334.2,1011467,1347.6,1347.6,,1285846085.0,1285846085.0,,0.0,3,SUR,-0.98,
TQBR,2023-06-08,Новатэк ао,NVTK,18535,892341108.6,1331.0,1322.0,1349.4,1345.0,1340.0,1339.8,665971,1340.0,1340.0,,809705075.8,809705075.8,,0.0,3,SUR,0.42,
TQBR,2023-06-09,Новатэк ао,NVTK,15121,750822954.2,1343.8,1336.2,1356.2,1349.4,1347.8,1355.6,557035,1347.0,1347.0,,614034124.2,614034124.2,,0.0,3,SUR,1.18,
TQBR,2023-06-13,Новатэк ао,NVTK,32968,1354746385.6,1361.0,1360.0,1390.4,1382.6,1378.4,1385.8,982915,1377.6,1377.6,,1218700006.8,1218700006.8,,0.0,3,SUR,2.23,
TQBR,2023-06-14,Новатэк ао,NVTK,32986,1325200468.0,1388.0,1361.2,1392.0,1372.0,1373.4,1372.8,964839,1373.6,1373.6,,1235808396.6,1235808396.6,,0.0,3,SUR,-0.94,
TQBR,2023-06-15,Новатэк ао,NVTK,34281,1868377495.8,1373.8,1355.0,1392.0,1390.0,1375.6,1388.6,1358315,1374.8,1374.8,,1745591569.4,1745591569.4,,0.0,3,SUR,1.15,
TQBR,2023-06-16,Новатэк ао,NVTK,24432,853598054.6,1391.0,1372.4,1396.0,1391.0,1383.6,1378.8,616953,1384.0,1384.0,,738070261.2,738070261.2,,0.0,3,SUR,-0.71,
TQBR,2023-06-19,Новатэк ао,NVTK,20658,933347999.8,1379.8,1363.0,1385.0,1384.6,1374.6,1377.6,678605,1375.0,1375.0,,867401268.0,867401268.0,,0.0,3,SUR,-0.09,
TQBR,2023-06-20,Новатэк ао,NVTK,37240,1912153566.8,1380.8,1342.4,1385.0,1364.8,1362.6,1359.6,1403322,1362.8,1362.8,,1703188520.0,1703188520.0,,0.0,3,SUR,-1.31,
TQBR,2023-06-21,Новатэк ао,NVTK,28168,1431323783.0,1358.2,1345.2,1369.8,1365.0,1354.8,1364.4,1055982,1355.0,1355.0,,1355281971.4,1355281971.4,,0.0,3,SUR,0.35,
TQBR,2023-06-22,Новатэк ао,NVTK,24686,892849231.2,1360.0,1345.4,1368.0,1360.8,1356.0,1346.2,658449,1356.8,1356.8,,724091630.0,724091630.0,,0.0,3,SUR,-1.33,
TQBR,2023-06-23,Новатэк ао,NVTK,44397,1571787871.2,1345.2,1311.8,1348.6,1341.4,1332.2,1317.0,1179835,1338.6,1338.6,,1007416280.2,1007416280.2,,0.0,3,SUR,-2.17,
TQBR,2023-06-26,Новатэк ао,NVTK,47462,1802726010.6,1332.0,1300.0,1347.2,1335.6,1326.4,1322.2,1359093,1327.4,1327.4,,1474757235.2,1474757235.2,,0.0,3,SUR,0.39,
TQBR,2023-06-27,Новатэк ао,NVTK,27632,1079516299.8,1323.6,1322.2,1341.8,1333.6,1330.4,1332.2,811470,1330.2,1330.2,,995973966.6,995973966.6,,0.0,3,SUR,0.76,
TQBR,2023-06-28,Новатэк ао,NVTK,19218,727894199.4,1333.8,1316.4,1339.0,1329.0,1325.0,1322.8,549353,1325.0,1325.0,,666872668.8,666872668.8,,0.0,3,SUR,-0.71,
TQBR,2023-06-29,Новатэк ао,NVTK,14239,490187363.2,1322.8,1315.4,1328.0,1328.0,1323.8,1326.4,370257,1323.6,1323.6,,430007953.2,430007953.2,,0.0,3,SUR,0.27,
TQBR,2023-06-30,Новатэк ао,NVTK,12915,464905364.4,1327.0,1322.4,1336.4,1336.4,1329.6,1335.0,349641,1329.2,1329.2,,415400164.2,415400164.2,,0.0,3,SUR,0.65,
TQBR,2023-07-03,Новатэк ао,NVTK,20220,613871013.8,1338.6,1315.4,1338.8,1321.4,1324.4,1322.4,463513,1325.0,1325.0,,545177820.0,545177820.0,,0.0,3,SUR,-0.94,
TQBR,2023-07-04,Новатэк ао,NVTK,25446,1022403579.4,1322.0,1307.4,1333.0,1333.0,1318.0,1316.6,775710,1316.6,1316.6,,832643371.4,832643371.4,,0.0,3,SUR,-0.44,
TQBR,2023-07-05,Новатэк ао,NVTK,17931,670669659.4,1323.0,1316.2,1330.0,1316.2,1323.2,1322.4,506883,1323.2,1323.2,,601895533.6,601895533.6,,0.0,3,SUR,0.44,
TQBR,2023-07-06,Новатэк ао,NVTK,58096,2179074018.8,1325.0,1322.8,1370.0,1347.6,1356.2,1363.8,1606645,1356.2,1356.2,,1983743780.6,1983743780.6,,0.0,3,SUR,3.13,
TQBR,2023-07-07,Новатэк ао,NVTK,43203,2081770612.6,1365.4,1357.2,1398.0,1385.4,1383.0,1396.4,1505380,1380.8,1380.8,,1731474871.0,1731474871.0,,0.0,3,SUR,2.39,
TQBR,2023-07-10,Новатэк ао,NVTK,37332,1269061829.4,1403.0,1399.0,1415.0,1406.6,1404.8,1403.8,903006,1405.4,1405.4,,1189766585.4,1189766585.4,,0.0,3,SUR,0.53,
TQBR,2023-07-11,Новатэк ао,NVTK,24386,870798072.4,1405.4,1394.8,1421.0,1411.0,1411.0,1418.8,617186,1409.2,1409.2,,680369687.8,680369687.8,,0.0,3,SUR,1.07,
TQBR,2023-07-12,Новатэк ао,NVTK,42855,1977154104.2,1421.0,1420.2,1448.8,1445.0,1438.0,1445.6,1375027,1437.4,1437.4,,1758850480.4,1758850480.4,,0.0,3,SUR,1.89,
TQBR,2023-07-13,Новатэк ао,NVTK,41766,1649894581.2,1449.0,1411.2,1450.0,1427.6,1427.4,1423.0,1155568,1428.0,1428.0,,1537782004.8,1537782004.8,,0.0,3,SUR,-1.56,
TQBR,2023-07-14,Новатэк ао,NVTK,32467,1481221115.8,1421.6,1415.0,1446.4,1440.0,1438.4,1440.0,1029867,1438.0,1438.0,,1373028553.0,1373028553.0,,0.0,3,SUR,1.19,
TQBR,2023-07-17,Новатэк ао,NVTK,35130,1527291820.4,1436.0,1430.2,1468.8,1461.0,1453.8,1468.2,1050396,1452.2,1452.2,,1338658771.0,1338658771.0,,0.0,3,SUR,1.96,
TQBR,2023-07-18,Новатэк ао,NVTK,30981,1663104753.0,1469.0,1466.6,1489.0,1487.0,1478.8,1485.0,1124576,1478.2,1478.2,,1538567406.2,1538567406.2,,0.0,3,SUR,1.14,
TQBR,2023-07-19,Новатэк ао,NVTK,37193,1419017603.6,1485.2,1469.2,1499.0,1483.4,1481.2,1479.4,957670,1482.0,1482.0,,1326803421.8,1326803421.8,,0.0,3,SUR,-0.38,
TQBR,2023-07-20,Новатэк ао,NVTK,51052,1924136759.6,1479.4,1452.4,1480.0,1467.2,1463.0,1464.0,1315026,1463.4,1463.4,,1439252517.8,1439252517.8,,0.0,3,SUR,-1.04,
TQBR,2023-07-21,Новатэк ао,NVTK,30667,1400466337.4,1469.4,1454.8,1483.4,1470.0,1465.0,1481.0,955611,1463.0,1463.0,,1111664132.4,1111664132.4,,0.0,3,SUR,1.16,
TQBR,2023-07-24,Новатэк ао,NVTK,30287,1239403994.6,1485.0,1468.0,1498.6,1468.8,1482.2,1476.4,835683,1484.2,1484.2,,1100316708.0,1100316708.0,,0.0,3,SUR,-0.31,
TQBR,2023-07-25,Новатэк ао,NVTK,27263,1217655665.8,1478.0,1465.4,1478.0,1469.4,1470.4,1472.0,828073,1470.2,1470.2,,1067847536.8,1067847536.8,,0.0,3,SUR,-0.3,
TQBR,2023-07-26,Новатэк ао,NVTK,46389,2546594158.4,1472.0,1468.2,1509.0,1502.0,1492.6,1494.4,1706035,1492.0,1492.0,,2277441065.2,2277441065.2,,0.0,3,SUR,1.52,
TQBR,2023-07-27,Новатэк ао,NVTK,29920,1492217585.6,1502.0,1487.0,1512.0,1507.0,1496.8,1496.0,996954,1496.4,1496.4,,1311815377.6,1311815377.6,,0.0,3,SUR,0.11,
TQBR,2023-07-28,Новатэк ао,NVTK,18548,951797607.6,1496.0,1490.2,1502.0,1502.0,1496.0,1500.2,636193,1495.6,1495.6,,805594219.6,805594219.6,,0.0,3,SUR,0.28,
TQBR,2023-07-31,Новатэк ао,NVTK,29685,1309218230.4,1504.2,1501.0,1524.8,1524.8,1513.0,1519.4,865326,1511.8,1511.8,,1118644199.0,1118644199.0,,0.0,3,SUR,1.28,
TQBR,2023-08-01,Новатэк ао,NVTK,27866,1317615205.2,1524.0,1508.8,1530.0,1524.0,1520.6,1525.2,866542,1520.2,1520.2,,1218979939.8,1218979939.8,,0.0,3,SUR,0.38,
TQBR,2023-08-02,Новатэк ао,NVTK,48365,2374117721.6,1522.4,1518.0,1571.2,1553.8,1550.8,1556.2,1531300,1550.8,1550.8,,2111625224.8,2111625224.8,,0.0,3,SUR,2.03,
TQBR,2023-08-03,Новатэк ао,NVTK,44696,2155801606.2,1558.0,1556.2,1608.6,1591.2,1585.6,1602.4,1359877,1583.6,1583.6,,1920447805.2,1920447805.2,,0.0,3,SUR,2.97,
TQBR,2023-08-04,Новатэк ао,NVTK,52966,2576946317.0,1602.4,1558.0,1621.0,1590.0,1595.0,1577.0,1615998,1598.4,1598.4,,2174110955.0,2174110955.0,,0.0,3,SUR,-1.59,
TQBR,2023-08-07,Новатэк ао,NVTK,37290,1875785859.0,1587.0,1567.6,1620.0,1585.0,1597.0,1593.4,1174533,1600.6,1600.6,,1538552643.2,1538552643.2,,0.0,3,SUR,1.04,
TQBR,2023-08-08,Новатэк ао,NVTK,29608,1508764022.0,1596.2,1560.0,1597.8,1583.4,1574.0,1594.4,958407,1572.8,1572.8,,1359367169.6,1359367169.6,,0.0,3,SUR,0.06,
TQBR,2023-08-09,Новатэк ао,NVTK,20918,1129722538.8,1599.2,1582.4,1606.2,1587.8,1595.6,1592.2,707987,1596.0,1596.0,,1030110864.2,1030110864.2,,0.0,3,SUR,-0.14,
TQBR,2023-08-10,Новатэк ао,NVTK,42274,2827730792.6,1596.0,1596.0,1644.6,1628.6,1629.4,1639.0,1735352,1629.2,1629.2,,2665798507.8,2665798507.8,,0.0,3,SUR,2.94,
TQBR,2023-08-11,Новатэк ао,NVTK,31643,1920113042.4,1643.6,1623.4,1659.0,1644.0,1639.2,1658.6,1171340,1637.4,1637.4,,1651798425.6,1651798425.6,,0.0,3,SUR,1.2,
TQBR,2023-08-14,Новатэк ао,NVTK,69562,3951521490.8,1675.6,1603.0,1699.0,1645.0,1662.0,1624.4,2377430,1672.6,1672.6,,3107001248.6,3107001248.6,,0.0,3,SUR,-2.06,
TQBR,2023-08-15,Новатэк ао,NVTK,35174,1808398992.0,1615.2,1605.2,1656.4,1621.4,1637.2,1622.0,1104624,1638.6,1638.6,,1627549128.6,1627549128.6,,0.0,3,SUR,-0.15,
TQBR,2023-08-16,Новатэк ао,NVTK,42919,2244059233.2,1625.0,1570.4,1635.0,1589.4,1593.4,1598.6,1408352,1592.6,1592.6,,1923363170.4,1923363170.4,,0.0,3,SUR,-1.44,
TQBR,2023-08-17,Новатэк ао,NVTK,26911,1657438357.4,1599.0,1575.6,1618.2,1603.2,1599.2,1607.2,1036365,1599.0,1599.0,,1511333771.0,1511333771.0,,0.0,3,SUR,0.54,
TQBR,2023-08-18,Новатэк ао,NVTK,24728,1265685934.8,1606.0,1600.8,1650.0,1637.6,1623.4,1644.2,779608,1618.0,1618.0,,994113469.4,994113469.4,,0.0,3,SUR,2.3,
TQBR,2023-08-21,Новатэк ао,NVTK,38946,1938310982.2,1662.0,1655.0,1678.4,1667.0,1668.8,1665.6,1161584,1669.2,1669.2,,1679631296.4,1679631296.4,,0.0,3,SUR,1.3,
TQBR,2023-08-22,Новатэк ао,NVTK,27597,1342977093.0,1673.0,1654.8,1691.8,1661.8,1668.6,1681.6,804894,1664.0,1664.0,,956754618.4,956754618.4,,0.0,3,SUR,0.96,
TQBR,2023-08-23,Новатэк ао,NVTK,45624,2734932479.8,1685.0,1624.2,1691.6,1660.4,1667.0,1642.0,1640538,1673.6,1673.6,,2115996920.4,2115996920.4,,0.0,3,SUR,-2.35,
TQBR,2023-08-24,Новатэк ао,NVTK,24277,1456422223.4,1649.8,1641.2,1688.0,1657.6,1657.2,1674.4,878881,1651.2,1651.2,,999626106.4,999626106.4,,0.0,3,SUR,1.97,
TQBR,2023-08-25,Новатэк ао,NVTK,31659,2017142107.0,1678.4,1660.6,1689.6,1679.8,1676.6,1676.2,1203141,1676.6,1676.6,,1865669868.0,1865669868.0,,0.0,3,SUR,0.11,
TQBR,2023-08-28,Новатэк ао,NVTK,30663,1287638100.0,1676.2,1665.2,1685.8,1680.0,1676.0,1681.6,768289,1675.4,1675.4,,1147049511.6,1147049511.6,,0.0,3,SUR,0.32,
TQBR,2023-08-29,Новатэк ао,NVTK,27304,1615747263.8,1681.8,1670.8,1699.8,1677.0,1682.2,1682.8,960544,1682.2,1682.2,,1465798839.8,1465798839.8,,0.0,3,SUR,0.07,
TQBR,2023-08-30,Новатэк ао,NVTK,43471,2433742331.8,1687.0,1666.0,1715.0,1682.0,1694.4,1688.6,1436340,1695.0,1695.0,,2238082757.2,2238082757.2,,0.0,3,SUR,0.34,
TQBR,2023-08-31,Новатэк ао,NVTK,28751,1475851344.6,1686.0,1670.8,1704.2,1691.0,1686.2,1684.8,875206,1686.4,1686.4,,1355322048.0,1355322048.0,,0.0,3,SUR,-0.23,
TQBR,2023-09-01,Новатэк ао,NVTK,13575,746494233.8,1684.8,1679.0,1695.0,1695.0,1686.2,1688.0,442685,1686.0,1686.0,,651748316.6,651748316.6,,0.0,3,SUR,0.19,
TQBR,2023-09-04,Новатэк ао,NVTK,27000,1006903779.2,1691.4,1691.4,1702.8,1699.8,1698.2,1698.2,592952,1698.0,1698.0,,887581487.6,887581487.6,,0.0,3,SUR,0.6,
TQBR,2023-09-05,Новатэк ао,NVTK,28704,1364212630.8,1701.6,1688.2,1708.2,1706.4,1699.8,1703.8,802598,1699.4,1699.4,,1260207914.4,1260207914.4,,0.0,3,SUR,0.33,
TQBR,2023-09-06,Новатэк ао,NVTK,20429,938080493.4,1704.2,1685.0,1704.8,1687.8,1694.6,1690.2,553542,1695.0,1695.0,,882127761.6,882127761.6,,0.0,3,SUR,-0.8,
TQBR,2023-09-07,Новатэк ао,NVTK,41037,1901494493.4,1690.0,1634.4,1698.0,1655.0,1666.8,1663.6,1140867,1667.2,1667.2,,1684313665.4,1684313665.4,,0.0,3,SUR,-1.57,
TQBR,2023-09-08,Новатэк ао,NVTK,30306,1375829255.4,1663.0,1625.4,1674.4,1644.2,1644.4,1641.4,836455,1645.0,1645.0,,1308169200.2,1308169200.2,,0.0,3,SUR,-1.33,
TQBR,2023-09-11,Новатэк ао,NVTK,32712,1492527117.2,1643.2,1614.0,1659.8,1636.4,1639.0,1622.0,910644,1640.2,1640.2,,1386571187.6,1386571187.6,,0.0,3,SUR,-1.18,
TQBR,2023-09-12,Новатэк ао,NVTK,32795,1786216050.6,1632.0,1625.0,1673.8,1663.0,1655.0,1670.4,1079240,1653.8,1653.8,,1619065153.8,1619065153.8,,0.0,3,SUR,2.98,
TQBR,2023-09-13,Новатэк ао,NVTK,23586,921169128.8,1676.0,1640.4,1677.2,1643.0,1652.0,1646.4,557634,1652.6,1652.6,,848226775.2,848226775.2,,0.0,3,SUR,-1.44,
TQBR,2023-09-14,Новатэк ао,NVTK,23399,1266504964.6,1649.8,1624.6,1652.8,1650.0,1639.4,1640.4,772563,1639.0,1639.0,,1189366415.2,1189366415.2,,0.0,3,SUR,-0.36,
TQBR,2023-09-15,Новатэк ао,NVTK,18161,962976961.6,1641.0,1630.4,1656.4,1656.4,1644.8,1656.0,585480,1644.0,1644.0,,883044113.2,883044113.2,,0.0,3,SUR,0.95,
TQBR,2023-09-18,Новатэк ао,NVTK,20842,1039911284.8,1659.0,1628.4,1664.2,1631.2,1644.6,1636.2,632367,1645.6,1645.6,,956711461.4,956711461.4,,0.0,3,SUR,-1.2,
TQBR,2023-09-19,Новатэк ао,NVTK,35346,1819818003.6,1636.8,1584.2,1637.8,1607.6,1607.6,1599.6,1131616,1608.8,1608.8,,1663010001.6,1663010001.6,,0.0,3,SUR,-2.24,
TQBR,2023-09-20,Новатэк ао,NVTK,44165,2256441658.8,1595.0,1573.0,1646.0,1633.8,1611.2,1625.6,1400701,1609.8,1609.8,,2099119026.2,2099119026.2,,0.0,3,SUR,1.63,
TQBR,2023-09-21,Новатэк ао,NVTK,35250,2169674251.8,1622.0,1583.8,1633.6,1608.0,1602.6,1596.2,1353775,1602.2,1602.2,,1935744575.0,1935744575.0,,0.0,3,SUR,-1.81,
TQBR,2023-09-22,Новатэк ао,NVTK,18999,1198262358.0,1599.4,1584.2,1630.8,1629.0,1604.2,1625.2,746918,1603.2,1603.2,,1137014923.4,1137014923.4,,0.0,3,SUR,1.82,
TQBR,2023-09-25,Новатэк ао,NVTK,15308,656706219.4,1620.8,1596.2,1627.2,1620.0,1612.2,1605.2,407314,1612.4,1612.4,,562843451.6,562843451.6,,0.0,3,SUR,-1.23,
TQBR,2023-09-26,Новатэк ао,NVTK,20460,984270042.8,1602.6,1592.2,1635.0,1629.0,1610.4,1628.0,611177,1607.8,1607.8,,857268063.4,857268063.4,,0.0,3,SUR,1.42,
TQBR,2023-09-27,Новатэк ао,NVTK,20048,1073759840.4,1632.2,1631.2,1652.0,1640.0,1642.8,1647.2,653634,1642.6,1642.6,,991209506.4,991209506.4,,0.0,3,SUR,1.18,
TQBR,2023-09-28,Новатэк ао,NVTK,20814,1021410812.2,1649.6,1636.4,1664.2,1664.0,1651.0,1664.0,618656,1649.6,1649.6,,894015878.8,894015878.8,,0.0,3,SUR,1.02,
TQBR,2023-09-29,Новатэк ао,NVTK,29641,1427426287.2,1665.0,1633.2,1670.0,1670.0,1655.2,1666.2,862399,1653.6,1653.6,,1254386991.0,1254386991.0,,0.0,3,SUR,0.13,
TQBR,2023-10-02,Новатэк ао,NVTK,34752,2158472529.8,1671.8,1666.4,1701.8,1701.8,1686.4,1698.0,1279946,1684.6,1684.6,,1863432330.0,1863432330.0,,0.0,3,SUR,1.91,
TQBR,2023-10-03,Новатэк ао,NVTK,38619,1732279679.2,1698.6,1673.4,1707.0,1705.8,1694.8,1706.0,1022179,1693.8,1693.8,,1592036116.6,1592036116.6,,0.0,3,SUR,0.47,
TQBR,2023-10-04,Новатэк ао,NVTK,32952,1612578162.0,1708.8,1698.0,1725.0,1702.4,1714.8,1698.0,940366,1716.8,1716.8,,1383798745.8,1383798745.8,,0.0,3,SUR,-0.47,
TQBR,2023-10-05,Новатэк ао,NVTK,21383,1109405491.4,1703.8,1692.0,1720.0,1712.2,1710.2,1710.8,648620,1710.4,1710.4,,974957013.0,974957013.0,,0.0,3,SUR,0.75,
TQBR,2023-10-06,Новатэк ао,NVTK,24531,1578251114.6,1714.0,1705.0,1723.0,1722.0,1715.6,1719.4,919991,1714.8,1714.8,,1377077006.2,1377077006.2,,0.0,3,SUR,0.5,
TQBR,2023-10-09,Новатэк ао,NVTK,49324,2996122396.8,1721.0,1717.2,1757.0,1747.8,1740.4,1756.2,1721469,1738.6,1738.6,,2583965841.0,2583965841.0,,0.0,3,SUR,2.14,
TQBR,2023-10-10,Новатэк ао,NVTK,50772,2875653240.0,1726.8,1706.8,1737.8,1721.0,1721.2,1717.4,1670728,1721.2,1721.2,,2620120971.8,2620120971.8,,0.0,3,SUR,-2.21,
TQBR,2023-10-11,Новатэк ао,NVTK,39338,2155021330.8,1719.6,1684.0,1736.0,1711.6,1717.4,1690.2,1254759,1724.0,1724.0,,1503035907.0,1503035907.0,,0.0,3,SUR,-1.58,
TQBR,2023-10-12,Новатэк ао,NVTK,25302,962037929.6,1690.2,1676.0,1709.6,1701.0,1698.0,1703.6,566486,1698.2,1698.2,,900577098.0,900577098.0,,0.0,3,SUR,0.79,
TQBR,2023-10-13,Новатэк ао,NVTK,17533,741499055.8,1707.8,1700.4,1713.0,1705.4,1706.2,1708.4,434490,1706.2,1706.2,,649156822.2,649156822.2,,0.0,3,SUR,0.28,
TQBR,2023-10-16,Новатэк ао,NVTK,21870,1205697992.2,1711.8,1709.6,1733.0,1728.0,1722.6,1729.6,699958,1722.0,1722.0,,1100934985.4,1100934985.4,,0.0,3,SUR,1.24,
TQBR,2023-10-17,Новатэк ао,NVTK,20250,1027477473.4,1730.0,1702.6,1732.6,1725.6,1722.4,1728.6,596568,1723.0,1723.0,,811675378.4,811675378.4,,0.0,3,SUR,-0.06,
TQBR,2023-10-18,Новатэк ао,NVTK,23223,1330233327.8,1730.2,1725.0,1749.8,1729.8,1735.8,1730.0,766333,1736.2,1736.2,,1240555498.6,1240555498.6,,0.0,3,SUR,0.08,
TQBR,2023-10-19,Новатэк ао,NVTK,18697,948506938.4,1730.0,1710.0,1735.6,1723.0,1719.8,1723.2,551535,1719.6,1719.6,,851720165.2,851720165.2,,0.0,3,SUR,-0.39,
TQBR,2023-10-20,Новатэк ао,NVTK,19977,844797230.2,1723.8,1705.0,1724.8,1714.6,1712.4,1708.6,493363,1712.6,1712.6,,741288104.6,741288104.6,,0.0,3,SUR,-0.85,
TQBR,2023-10-23,Новатэк ао,NVTK,26191,1278598776.8,1714.8,1680.2,1714.8,1699.2,1695.8,1688.0,754059,1696.4,1696.4,,1063434596.8,1063434596.8,,0.0,3,SUR,-1.21,
TQBR,2023-10-24,Новатэк ао,NVTK,26149,1158898729.0,1688.2,1668.2,1702.4,1685.0,1685.8,1679.4,687392,1686.2,1686.2,,1062592264.4,1062592264.4,,0.0,3,SUR,-0.51,
TQBR,2023-10-25,Новатэк ао,NVTK,24818,1023005005.6,1682.8,1672.0,1704.4,1693.2,1691.8,1695.0,604686,1691.6,1691.6,,940100522.6,940100522.6,,0.0,3,SUR,0.93,
TQBR,2023-10-26,Новатэк ао,NVTK,27560,969852205.4,1698.0,1666.2,1698.6,1687.4,1682.0,1682.0,576458,1682.4,1682.4,,823114436.2,823114436.2,,0.0,3,SUR,-0.77,
TQBR,2023-10-27,Новатэк ао,NVTK,18008,793737434.2,1682.0,1667.2,1692.0,1680.0,1680.0,1678.4,472485,1680.2,1680.2,,661082800.0,661082800.0,,0.0,3,SUR,-0.21,
TQBR,2023-10-30,Новатэк ао,NVTK,19878,1013548127.2,1679.0,1661.0,1683.4,1680.0,1672.8,1681.0,605885,1671.4,1671.4,,844639394.6,844639394.6,,0.0,3,SUR,0.15,
TQBR,2023-10-31,Новатэк ао,NVTK,15562,725584134.6,1680.0,1655.4,1693.2,1669.4,1669.6,1661.0,434591,1670.0,1670.0,,677560952.6,677560952.6,,0.0,3,SUR,-1.19,
TQBR,2023-11-01,Новатэк ао,NVTK,14417,657536305.4,1664.4,1654.0,1666.0,1665.8,1660.0,1659.0,396035,1660.0,1660.0,,577884995.2,577884995.2,,0.0,3,SUR,-0.12,
TQBR,2023-11-02,Новатэк ао,NVTK,36607,2819266042.4,1666.0,1615.8,1686.4,1632.0,1652.4,1639.8,1706155,1656.6,1656.6,,2232490766.8,2232490766.8,,0.0,3,SUR,-1.16,
TQBR,2023-11-03,Новатэк ао,NVTK,32117,1365068437.4,1640.0,1605.6,1652.0,1615.2,1625.2,1608.4,839901,1627.8,1627.8,,1118898464.8,1118898464.8,,0.0,3,SUR,-1.91,
TQBR,2023-11-06,Новатэк ао,NVTK,18942,606080529.4,1608.8,1600.0,1644.8,1639.0,1625.6,1644.4,372833,1623.0,1623.0,,523065487.2,523065487.2,,0.0,3,SUR,2.24,
TQBR,2023-11-07,Новатэк ао,NVTK,19518,927285726.0,1646.0,1624.0,1648.2,1641.0,1634.0,1634.2,567183,1634.4,1634.4,,824770975.6,824770975.6,,0.0,3,SUR,-0.62,
TQBR,2023-11-08,Новатэк ао,NVTK,23561,967136385.8,1634.0,1617.2,1646.0,1634.0,1637.0,1623.4,590804,1639.4,1639.4,,746017316.6,746017316.6,,0.0,3,SUR,-0.66,
TQBR,2023-11-09,Новатэк ао,NVTK,36577,1923402529.8,1621.0,1592.0,1628.4,1618.8,1608.6,1612.2,1195584,1608.0,1608.0,,1768896765.0,1768896765.0,,0.0,3,SUR,-0.69,
TQBR,2023-11-10,Новатэк ао,NVTK,21170,775684879.6,1615.4,1602.0,1628.4,1622.0,1615.8,1618.2,480068,1614.4,1614.4,,661748059.8,661748059.8,,0.0,3,SUR,0.37,
TQBR,2023-11-13,Новатэк ао,NVTK,16610,636174506.8,1618.2,1610.2,1634.0,1620.0,1620.6,1623.6,392559,1620.6,1620.6,,556674207.2,556674207.2,,0.0,3,SUR,0.33,
TQBR,2023-11-14,Новатэк ао,NVTK,26365,1207266884.8,1624.6,1586.6,1624.6,1596.6,1598.8,1594.0,755261,1599.0,1599.0,,1101558346.6,1101558346.6,,0.0,3,SUR,-1.82,
TQBR,2023-11-15,Новатэк ао,NVTK,47120,1907255168.6,1591.0,1550.2,1595.8,1580.8,1570.8,1566.8,1214126,1571.0,1571.0,,1745707757.6,1745707757.6,,0.0,3,SUR,-1.71,
TQBR,2023-11-16,Новатэк ао,NVTK,35305,1399730444.2,1566.8,1533.0,1568.0,1551.4,1551.0,1538.2,902647,1553.8,1553.8,,1103344424.8,1103344424.8,,0.0,3,SUR,-1.83,
TQBR,2023-11-17,Новатэк ао,NVTK,33019,1391513744.6,1533.2,1510.4,1552.0,1552.0,1530.6,1536.0,908954,1528.8,1528.8,,1222209563.8,1222209563.8,,0.0,3,SUR,-0.14,
TQBR,2023-11-20,Новатэк ао,NVTK,17975,721033059.6,1542.0,1528.6,1548.0,1542.0,1537.8,1545.6,468848,1536.8,1536.8,,596678864.0,596678864.0,,0.0,3,SUR,0.63,
TQBR,2023-11-21,Новатэк ао,NVTK,18725,631388014.8,1545.6,1530.0,1546.0,1537.8,1536.8,1539.0,410802,1537.0,1537.0,,567084571.2,567084571.2,,0.0,3,SUR,-0.43,
TQBR,2023-11-22,Новатэк ао,NVTK,28608,1208289794.0,1539.8,1515.8,1546.6,1527.8,1528.8,1525.8,790317,1529.0,1529.0,,1139487857.0,1139487857.0,,0.0,3,SUR,-0.86,
TQBR,2023-11-23,Новатэк ао,NVTK,20846,702788127.6,1525.0,1510.8,1525.0,1519.0,1516.6,1511.2,463425,1517.2,1517.2,,607616492.0,607616492.0,,0.0,3,SUR,-0.96,
TQBR,2023-11-24,Новатэк ао,NVTK,23769,1004199489.2,1511.2,1501.0,1531.8,1519.0,1517.4,1514.0,661724,1517.2,1517.2,,887941818.2,887941818.2,,0.0,3,SUR,0.19,
TQBR,2023-11-27,Новатэк ао,NVTK,20403,715888761.4,1514.2,1503.0,1522.0,1518.8,1514.2,1510.4,472771,1514.0,1514.0,,636509068.2,636509068.2,,0.0,3,SUR,-0.24,
TQBR,2023-11-28,Новатэк ао,NVTK,22250,899075285.6,1510.6,1482.0,1518.0,1507.6,1506.6,1509.2,596731,1506.2,1506.2,,816495222.6,816495222.6,,0.0,3,SUR,-0.08,
TQBR,2023-11-29,Новатэк ао,NVTK,18152,587913445.6,1510.0,1490.0,1512.0,1498.2,1502.6,1493.6,391250,1504.4,1504.4,,493075642.2,493075642.2,,0.0,3,SUR,-1.03,
TQBR,2023-11-30,Новатэк ао,NVTK,25029,798627248.0,1495.0,1482.2,1523.0,1511.2,1501.8,1510.0,531785,1500.4,1500.4,,699845784.0,699845784.0,,0.0,3,SUR,1.1,
TQBR,2023-12-01,Новатэк ао,NVTK,17208,753743019.2,1511.0,1493.6,1521.0,1507.2,1506.8,1500.0,500255,1508.2,1508.2,,612607543.8,612607543.8,,0.0,3,SUR,-0.66,
TQBR,2023-12-04,Новатэк ао,NVTK,21597,754350697.6,1497.0,1490.0,1518.0,1514.6,1504.6,1505.4,501324,1506.0,1506.0,,583277179.6,583277179.6,,0.0,3,SUR,0.36,
TQBR,2023-12-05,Новатэк ао,NVTK,33805,1516391915.4,1508.4,1508.4,1549.0,1531.4,1530.4,1542.4,990731,1529.8,1529.8,,1391498446.8,1391498446.8,,0.0,3,SUR,2.46,
TQBR,2023-12-06,Новатэк ао,NVTK,30254,1475111264.4,1547.8,1495.0,1549.8,1531.2,1530.6,1505.8,964477,1535.2,1535.2,,1159014070.4,1159014070.4,,0.0,3,SUR,-2.37,
TQBR,2023-12-07,Новатэк ао,NVTK,19426,901720531.0,1508.8,1505.8,1527.6,1521.4,1517.2,1515.2,594392,1517.0,1517.0,,813587998.8,813587998.8,,0.0,3,SUR,0.62,
TQBR,2023-12-08,Новатэк ао,NVTK,18323,581293172.4,1514.0,1514.0,1542.0,1529.0,1528.2,1531.4,380355,1527.6,1527.6,,480992611.8,480992611.8,,0.0,3,SUR,1.07,
TQBR,2023-12-11,Новатэк ао,NVTK,33567,1095864790.2,1536.0,1475.2,1542.0,1502.0,1505.4,1491.0,728038,1511.0,1511.0,,849948672.8,849948672.8,,0.0,3,SUR,-2.64,
TQBR,2023-12-12,Новатэк ао,NVTK,27552,857909395.2,1488.0,1470.0,1516.0,1495.0,1497.8,1496.4,572832,1498.0,1498.0,,798241103.4,798241103.4,,0.0,3,SUR,0.36,
TQBR,2023-12-13,Новатэк ао,NVTK,14274,503893539.6,1493.0,1484.2,1510.6,1504.6,1500.6,1507.6,335729,1500.2,1500.2,,427969812.8,427969812.8,,0.0,3,SUR,0.75,
TQBR,2023-12-14,Новатэк ао,NVTK,30293,879175079.2,1510.0,1455.0,1514.4,1486.2,1488.6,1460.2,590831,1500.2,1500.2,,552787551.2,552787551.2,,0.0,3,SUR,-3.14,
TQBR,2023-12-15,Новатэк ао,NVTK,30185,1109084602.8,1460.0,1456.0,1498.2,1493.2,1478.0,1494.6,750359,1476.2,1476.2,,1001711449.2,1001711449.2,,0.0,3,SUR,2.36,
TQBR,2023-12-18,Новатэк ао,NVTK,28206,1214213543.2,1506.0,1494.0,1509.2,1505.0,1501.4,1501.0,808735,1501.2,1501.2,,1107623405.8,1107623405.8,,0.0,3,SUR,0.43,
TQBR,2023-12-19,Новатэк ао,NVTK,40940,1513526228.2,1501.0,1498.2,1539.0,1530.0,1524.2,1531.4,993011,1523.4,1523.4,,1393744911.0,1393744911.0,,0.0,3,SUR,2.03,
TQBR,2023-12-20,Новатэк ао,NVTK,25011,1191162282.0,1536.8,1515.6,1544.8,1525.8,1531.2,1531.2,778059,1531.2,1531.2,,1106368842.0,1106368842.0,,0.0,3,SUR,-0.01,
TQBR,2023-12-21,Новатэк ао,NVTK,77058,4657418862.0,1531.2,1452.4,1532.8,1485.0,1481.8,1478.2,3143407,1481.8,1481.8,,4254950826.8,4254950826.8,,0.0,3,SUR,-3.46,
TQBR,2023-12-22,Новатэк ао,NVTK,35563,1792201042.8,1484.8,1471.2,1508.0,1491.0,1492.4,1489.6,1200881,1492.6,1492.6,,1674412293.6,1674412293.6,,0.0,3,SUR,0.77,
TQBR,2023-12-25,Новатэк ао,NVTK,28876,1289909636.4,1470.0,1455.2,1489.8,1485.0,1479.8,1478.0,871849,1479.4,1479.4,,1218058659.8,1218058659.8,,0.0,3,SUR,-0.78,
TQBR,2023-12-26,Новатэк ао,NVTK,21270,1028045128.6,1480.0,1475.0,1496.0,1479.0,1482.4,1476.2,693636,1482.2,1482.2,,964796473.4,964796473.4,,0.0,3,SUR,-0.12,
TQBR,2023-12-27,Новатэк ао,NVTK,39996,1479800838.8,1476.4,1450.0,1480.0,1451.0,1441.4,1450.6,1010547,1467.2,1467.2,,1182717442.8,1182717442.8,,0.0,3,SUR,-1.73,
TQBR,2023-12-28,Новатэк ао,NVTK,28818,1302165088.8,1450.2,1440.4,1464.0,1455.8,1453.8,1448.0,895672,1454.4,1454.4,,1169653626.6,1169653626.6,,0.0,3,SUR,-0.18,
TQBR,2023-12-29,Новатэк ао,NVTK,22420,780416116.8,1446.0,1445.4,1475.0,1464.4,1465.0,1463.2,532678,1465.0,1465.0,,682449069.2,682449069.2,,0.0,3,SUR,1.05,
TQBR,2024-01-03,Новатэк ао,NVTK,10251,248021294.2,1466.2,1465.0,1485.2,1481.0,1479.8,1484.8,167611,1479.2,1479.2,,212008898.4,212008898.4,,0.0,3,SUR,1.48,
TQBR,2024-01-04,Новатэк ао,NVTK,12955,392117429.6,1490.0,1474.0,1497.2,1479.6,1487.2,1479.6,263650,1489.4,1489.4,,321740594.8,321740594.8,,0.0,3,SUR,-0.35,
TQBR,2024-01-05,Новатэк ао,NVTK,9880,330951479.2,1482.0,1476.8,1489.2,1479.2,1480.8,1480.4,223484,1481.4,1481.4,,275519153.4,275519153.4,,0.0,3,SUR,0.05,
TQBR,2024-01-08,Новатэк ао,NVTK,23285,665801553.6,1480.4,1480.4,1493.6,1482.0,1486.0,1487.2,448077,1486.2,1486.2,,613207700.0,613207700.0,,0.0,3,SUR,0.46,
TQBR,2024-01-09,Новатэк ао,NVTK,30220,1185211438.0,1491.0,1474.2,1498.0,1484.0,1485.8,1489.0,797657,1485.2,1485.2,,973796239.2,973796239.2,,0.0,3,SUR,0.12,
TQBR,2024-01-10,Новатэк ао,NVTK,68944,2034496529.2,1489.0,1489.0,1522.6,1504.0,1508.8,1513.0,1348467,1508.6,1508.6,,1937615693.6,1937615693.6,,0.0,3,SUR,1.61,
TQBR,2024-01-11,Новатэк ао,NVTK,43244,1725891260.6,1516.0,1493.6,1520.0,1506.8,1502.4,1505.4,1148631,1502.4,1502.4,,1640459548.8,1640459548.8,,0.0,3,SUR,-0.5,
TQBR,2024-01-12,Новатэк ао,NVTK,18647,683852732.6,1508.0,1497.6,1509.2,1500.0,1501.0,1500.2,455487,1501.6,1501.6,,592064258.0,592064258.0,,0.0,3,SUR,-0.35,
TQBR,2024-01-15,Новатэк ао,NVTK,28826,1240170489.6,1504.0,1482.8,1515.0,1495.0,1497.0,1492.2,828409,1497.4,1497.4,,1140369831.8,1140369831.8,,0.0,3,SUR,-0.53,
TQBR,2024-01-16,Новатэк ао,NVTK,32054,1345455022.4,1498.0,1467.0,1498.0,1484.0,1481.6,1474.8,908447,1481.2,1481.2,,1177989185.0,1177989185.0,,0.0,3,SUR,-1.17,
TQBR,2024-01-17,Новатэк ао,NVTK,33548,1318924221.2,1474.8,1460.0,1484.8,1475.0,1471.4,1475.2,895941,1472.0,1472.0,,1203242703.0,1203242703.0,,0.0,3,SUR,0.03,
TQBR,2024-01-18,Новатэк ао,NVTK,25911,1355952134.8,1476.4,1461.2,1485.0,1468.0,1469.0,1466.0,923103,1469.2,1469.2,,1265427642.8,1265427642.8,,0.0,3,SUR,-0.62,
TQBR,2024-01-19,Новатэк ао,NVTK,34168,1009943035.6,1465.0,1451.0,1468.0,1459.0,1456.2,1457.0,693205,1457.0,1457.0,,916093264.4,916093264.4,,0.0,3,SUR,-0.61,
TQBR,2024-01-22,Новатэк ао,NVTK,94562,3401353947.0,1425.0,1421.0,1456.0,1440.4,1442.0,1444.6,2358435,1442.2,1442.2,,3273201155.6,3273201155.6,,0.0,3,SUR,-0.85,
TQBR,2024-01-23,Новатэк ао,NVTK,36770,1098081255.8,1444.6,1430.0,1448.6,1436.8,1437.0,1431.0,764178,1437.8,1437.8,,935746744.2,935746744.2,,0.0,3,SUR,-0.94,
TQBR,2024-01-24,Новатэк ао,NVTK,31418,1798885511.2,1434.2,1433.4,1450.0,1445.8,1443.8,1447.6,1246097,1443.4,1443.4,,1631650444.0,1631650444.0,,0.0,3,SUR,1.16,
TQBR,2024-01-25,Новатэк ао,NVTK,25393,1147744166.0,1450.0,1431.0,1459.8,1433.2,1439.4,1435.8,797474,1440.0,1440.0,,1003570108.6,1003570108.6,,0.0,3,SUR,-0.82,
TQBR,2024-01-26,Новатэк ао,NVTK,37440,1307724723.0,1443.0,1420.6,1443.8,1420.6,1431.2,1423.6,913772,1433.4,1433.4,,988218847.2,988218847.2,,0.0,3,SUR,-0.85,
TQBR,2024-01-29,Новатэк ао,NVTK,30867,1093904988.2,1424.0,1418.0,1436.8,1435.0,1428.4,1435.8,765952,1427.6,1427.6,,1007432595.8,1007432595.8,,0.0,3,SUR,0.86,
TQBR,2024-01-30,Новатэк ао,NVTK,29408,1342216050.6,1437.4,1425.2,1443.2,1433.2,1435.2,1434.2,935270,1435.2,1435.2,,1273688328.6,1273688328.6,,0.0,3,SUR,-0.11,
TQBR,2024-01-31,Новатэк ао,NVTK,19603,988763116.6,1435.0,1430.6,1449.0,1435.4,1437.8,1439.0,687506,1436.0,1436.0,,660018461.0,660018461.0,,0.0,3,SUR,0.33,
TQBR,2024-02-01,Новатэк ао,NVTK,31607,1453577006.4,1443.0,1439.0,1460.0,1442.6,1409.4,1445.6,1002141,1451.0,1451.0,,1325952479.4,1325952479.4,,0.0,3,SUR,0.46,
TQBR,2024-02-02,Новатэк ао,NVTK,20013,843093905.6,1450.0,1442.0,1456.6,1447.2,1449.0,1443.4,581784,1449.8,1449.8,,728062267.2,728062267.2,,0.0,3,SUR,-0.15,
TQBR,2024-02-05,Новатэк ао,NVTK,59848,3952808658.8,1446.2,1443.6,1498.0,1464.0,1468.8,1494.0,2690777,1462.8,1462.8,,2852133507.6,2852133507.6,,0.0,3,SUR,3.51,
TQBR,2024-02-06,Новатэк ао,NVTK,48586,3168509304.2,1496.6,1471.2,1499.8,1481.0,1482.4,1477.4,2137050,1482.8,1482.8,,2965861799.6,2965861799.6,,0.0,3,SUR,-1.11,
TQBR,2024-02-07,Новатэк ао,NVTK,32247,1615501634.0,1483.0,1462.0,1484.2,1471.8,1471.4,1469.8,1097996,1471.8,1471.8,,1407315507.4,1407315507.4,,0.0,3,SUR,-0.51,
TQBR,2024-02-08,Новатэк ао,NVTK,41570,1656777451.2,1462.0,1435.0,1467.6,1459.8,1455.0,1438.4,1138724,1460.2,1460.2,,1116334534.2,1116334534.2,,0.0,3,SUR,-2.14,
TQBR,2024-02-09,Новатэк ао,NVTK,56601,3098899635.0,1441.4,1420.2,1466.4,1423.0,1442.0,1425.0,2149041,1445.0,1445.0,,2647573739.6,2647573739.6,,0.0,3,SUR,-0.93,
TQBR,2024-02-12,Новатэк ао,NVTK,65208,2391019111.2,1426.2,1400.0,1431.0,1418.8,1410.8,1408.8,1694398,1411.0,1411.0,,2220429019.4,2220429019.4,,0.0,3,SUR,-1.14,
TQBR,2024-02-13,Новатэк ао,NVTK,37489,1579930121.0,1411.6,1405.4,1424.0,1416.0,1415.0,1422.0,1116534,1414.4,1414.4,,1383160039.4,1383160039.4,,0.0,3,SUR,0.94,
TQBR,2024-02-14,Новатэк ао,NVTK,31800,1122054993.8,1424.4,1409.6,1431.8,1417.0,1421.0,1411.8,789602,1422.0,1422.0,,982927225.8,982927225.8,,0.0,3,SUR,-0.72,
TQBR,2024-02-15,Новатэк ао,NVTK,50739,1971233587.6,1414.6,1388.0,1415.8,1410.0,1401.2,1409.0,1406729,1400.6,1400.6,,1781199414.0,1781199414.0,,0.0,3,SUR,-0.2,
TQBR,2024-02-16,Новатэк ао,NVTK,52335,1209844134.8,1409.0,1403.0,1420.0,1405.0,1412.0,1409.6,856750,1412.6,1412.6,,1107235439.4,1107235439.4,,0.0,3,SUR,0.04,
TQBR,2024-02-19,Новатэк ао,NVTK,43313,1531534717.8,1410.6,1385.0,1416.0,1399.0,1399.4,1388.2,1096027,1399.8,1399.8,,1162873205.8,1162873205.8,,0.0,3,SUR,-1.52,
TQBR,2024-02-20,Новатэк ао,NVTK,56490,1608335778.2,1388.2,1374.2,1401.0,1395.8,1388.0,1379.2,1158999,1390.6,1390.6,,1123137335.2,1123137335.2,,0.0,3,SUR,-0.65,
TQBR,2024-02-21,Новатэк ао,NVTK,48304,1893785159.2,1380.0,1338.8,1390.0,1365.0,1368.6,1358.8,1383335,1369.6,1369.6,,1732410157.8,1732410157.8,,0.0,3,SUR,-1.48,
TQBR,2024-02-22,Новатэк ао,NVTK,74375,3802120798.4,1358.8,1325.4,1362.0,1326.6,1340.0,1337.4,2837036,1340.6,1340.6,,3575066270.2,3575066270.2,,0.0,3,SUR,-1.57,
TQBR,2024-02-26,Новатэк ао,NVTK,46641,1567219767.6,1338.0,1330.4,1353.4,1348.0,1343.8,1351.6,1166177,1343.0,1343.0,,1349641719.8,1349641719.8,,0.0,3,SUR,1.06,
TQBR,2024-02-27,Новатэк ао,NVTK,34263,1663371448.6,1352.2,1348.0,1377.0,1363.0,1359.4,1375.2,1223596,1357.0,1357.0,,1372466572.4,1372466572.4,,0.0,3,SUR,1.75,
TQBR,2024-02-28,Новатэк ао,NVTK,38504,1489695855.8,1373.0,1343.4,1373.0,1347.2,1355.2,1346.4,1099365,1355.8,1355.8,,1330643582.8,1330643582.8,,0.0,3,SUR,-2.09,
TQBR,2024-02-29,Новатэк ао,NVTK,33457,1335603796.0,1360.0,1338.4,1360.0,1349.0,1348.4,1349.6,992995,1344.4,1344.4,,1195079269.2,1195079269.2,,0.0,3,SUR,0.24,
TQBR,2024-03-01,Новатэк ао,NVTK,25929,932636272.0,1349.8,1345.0,1355.0,1345.0,1350.8,1348.0,690501,1350.8,1350.8,,851746812.8,851746812.8,,0.0,3,SUR,-0.12,
TQBR,2024-03-04,Новатэк ао,NVTK,76931,3110440797.6,1355.0,1328.0,1357.0,1332.8,1337.4,1337.8,2326473,1337.0,1337.0,,2833152089.2,2833152089.2,,0.0,3,SUR,-0.76,
TQBR,2024-03-05,Новатэк ао,NVTK,37107,1511667092.8,1339.0,1326.0,1347.8,1340.6,1338.2,1343.2,1129589,1337.4,1337.4,,1326427122.8,1326427122.8,,0.0,3,SUR,0.4,
TQBR,2024-03-06,Новатэк ао,NVTK,84275,3806114048.4,1346.0,1340.2,1389.8,1380.2,1373.8,1385.0,2770296,1372.8,1372.8,,3411427847.4,3411427847.4,,0.0,3,SUR,3.11,
TQBR,2024-03-07,Новатэк ао,NVTK,55462,1945205002.4,1387.6,1374.0,1395.0,1377.2,1383.0,1389.6,1406449,1382.0,1382.0,,1549502537.0,1549502537.0,,0.0,3,SUR,0.33,
TQBR,2024-03-11,Новатэк ао,NVTK,46405,1684760065.8,1394.0,1385.6,1399.0,1393.6,1393.4,1396.0,1209117,1393.4,1393.4,,1530590063.4,1530590063.4,,0.0,3,SUR,0.46,
TQBR,2024-03-12,Новатэк ао,NVTK,56845,2768593905.4,1397.8,1389.4,1423.8,1418.8,1410.8,1417.8,1962514,1409.0,1409.0,,2276306919.2,2276306919.2,,0.0,3,SUR,1.56,
TQBR,2024-03-13,Новатэк ао,NVTK,39857,1826138475.6,1419.2,1401.0,1426.8,1407.4,1413.6,1406.6,1291830,1415.0,1415.0,,1603296555.2,1603296555.2,,0.0,3,SUR,-0.79,
TQBR,2024-03-14,Новатэк ао,NVTK,31562,1621094208.8,1406.8,1377.0,1408.6,1394.0,1395.8,1399.8,1161414,1395.8,1395.8,,1458024188.0,1458024188.0,,0.0,3,SUR,-0.48,
TQBR,2024-03-15,Новатэк ао,NVTK,21553,771872640.2,1401.4,1395.8,1408.4,1402.0,1402.6,1400.0,550298,1402.8,1402.8,,667912105.4,667912105.4,,0.0,3,SUR,0.01,
TQBR,2024-03-18,Новатэк ао,NVTK,60763,1003444659.4,1400.0,1397.8,1415.0,1404.0,1404.2,1404.6,714610,1404.4,1404.4,,888131536.6,888131536.6,,0.0,3,SUR,0.33,
TQBR,2024-03-19,Новатэк ао,NVTK,53547,2725881970.0,1404.6,1362.2,1408.0,1374.8,1387.4,1370.8,1963934,1391.0,1391.0,,2230920291.8,2230920291.8,,0.0,3,SUR,-2.41,
TQBR,2024-03-20,Новатэк ао,NVTK,60027,3098613013.8,1382.2,1350.0,1386.6,1350.0,1366.6,1369.6,2267570,1366.8,1366.8,,2694364179.8,2694364179.8,,0.0,3,SUR,-0.09,
TQBR,2024-03-21,Новатэк ао,NVTK,55248,3106614140.0,1375.8,1354.6,1385.0,1368.4,1370.2,1360.8,2266621,1371.8,1371.8,,2775096405.2,2775096405.2,,0.0,3,SUR,-0.64,
TQBR,2024-03-22,Новатэк ао,NVTK,50016,2480788385.4,1361.0,1335.2,1368.0,1353.0,1354.0,1346.0,1832544,1356.4,1356.4,,1829363006.0,1829363006.0,,0.0,3,SUR,-1.09,
TQBR,2024-03-25,Новатэк ао,NVTK,70533,3349489470.0,1356.0,1342.2,1367.0,1364.8,1356.0,1365.4,2469886,1355.2,1355.2,,2720981884.0,2720981884.0,,0.0,3,SUR,1.44,
TQBR,2024-03-26,Новатэк ао,NVTK,83999,3600281942.4,1322.8,1311.0,1333.8,1315.4,1321.8,1316.8,2723672,1322.2,1322.2,,3368176737.6,3368176737.6,,0.0,3,SUR,-3.56,
TQBR,2024-03-27,Новатэк ао,NVTK,52104,1968368639.4,1317.0,1303.4,1319.8,1306.0,1309.4,1304.6,1502998,1310.0,1310.0,,1780196589.8,1780196589.8,,0.0,3,SUR,-0.93,
TQBR,2024-03-28,Новатэк ао,NVTK,40237,1821503723.4,1305.0,1303.4,1322.0,1318.0,1314.6,1318.4,1385803,1314.2,1314.2,,1689412545.2,1689412545.2,,0.0,3,SUR,1.06,
TQBR,2024-03-29,Новатэк ао,NVTK,37116,1313831015.4,1322.2,1312.0,1329.0,1315.0,1320.6,1312.6,994706,1321.6,1321.6,,1179281118.4,1179281118.4,,0.0,3,SUR,-0.44,
TQBR,2024-04-01,Новатэк ао,NVTK,38419,1578718653.8,1315.2,1310.0,1320.0,1312.4,1314.6,1316.6,1200790,1314.6,1314.6,,1406491738.0,1406491738.0,,0.0,3,SUR,0.3,
TQBR,2024-04-02,Новатэк ао,NVTK,105745,4291748760.2,1313.6,1272.6,1314.6,1280.2,1290.0,1283.2,3327392,1291.4,1291.4,,3646086337.8,3646086337.8,,0.0,3,SUR,-2.54,
TQBR,2024-04-03,Новатэк ао,NVTK,76995,3651955242.0,1283.2,1264.2,1290.2,1284.8,1277.2,1287.0,2859194,1276.0,1276.0,,3226588769.8,3226588769.8,,0.0,3,SUR,0.3,
TQBR,2024-04-04,Новатэк ао,NVTK,119432,5826877590.6,1290.6,1289.6,1321.0,1306.6,1308.4,1297.4,4453362,1308.8,1308.8,,5388556280.4,5388556280.4,,0.0,3,SUR,0.81,
TQBR,2024-04-05,Новатэк ао,NVTK,55932,2451988547.2,1298.4,1277.0,1306.8,1283.8,1288.2,1283.8,1903398,1288.6,1288.6,,2160022996.6,2160022996.6,,0.0,3,SUR,-1.05,
TQBR,2024-04-08,Новатэк ао,NVTK,39415,1775541669.4,1286.4,1278.8,1303.2,1283.8,1289.4,1283.6,1376261,1290.4,1290.4,,1647574017.6,1647574017.6,,0.0,3,SUR,-0.02,
TQBR,2024-04-09,Новатэк ао,NVTK,35496,1548986031.4,1284.0,1270.0,1287.8,1275.0,1277.8,1274.0,1212137,1278.6,1278.6,,1380998692.8,1380998692.8,,0.0,3,SUR,-0.75,
TQBR,2024-04-10,Новатэк ао,NVTK,32607,1685985115.2,1274.2,1267.0,1287.8,1280.2,1280.0,1277.2,1317095,1280.0,1280.0,,1548065050.2,1548065050.2,,0.0,3,SUR,0.25,
TQBR,2024-04-11,Новатэк ао,NVTK,30924,1258852917.8,1280.0,1278.0,1288.0,1282.0,1284.2,1283.2,980186,1284.4,1284.4,,1131041787.0,1131041787.0,,0.0,3,SUR,0.47,
TQBR,2024-04-12,Новатэк ао,NVTK,36577,1475462873.6,1284.0,1281.0,1295.2,1283.0,1289.4,1283.0,1144275,1290.6,1290.6,,1233767963.6,1233767963.6,,0.0,3,SUR,-0.02,
TQBR,2024-04-15,Новатэк ао,NVTK,50290,2060223952.2,1283.8,1283.8,1310.0,1302.6,1298.6,1301.0,1586241,1298.6,1298.6,,1765313048.2,1765313048.2,,0.0,3,SUR,1.4,
TQBR,2024-04-16,Новатэк ао,NVTK,32190,1256931180.8,1305.2,1283.2,1305.2,1286.0,1292.0,1292.8,972788,1293.2,1293.2,,948424207.6,948424207.6,,0.0,3,SUR,-0.63,
TQBR,2024-04-17,Новатэк ао,NVTK,39084,1462986439.6,1293.4,1276.2,1295.2,1279.0,1283.4,1283.8,1139879,1283.2,1283.2,,1192783509.6,1192783509.6,,0.0,3,SUR,-0.7,
TQBR,2024-04-18,Новатэк ао,NVTK,25313,881272440.2,1284.0,1275.4,1286.8,1281.8,1279.8,1279.2,688550,1279.6,1279.6,,736255111.2,736255111.2,,0.0,3,SUR,-0.36,
TQBR,2024-04-19,Новатэк ао,NVTK,23248,929808698.6,1282.0,1274.2,1283.4,1279.2,1278.0,1276.2,727564,1278.0,1278.0,,779219983.2,779219983.2,,0.0,3,SUR,-0.23,
TQBR,2024-04-22,Новатэк ао,NVTK,55453,2195215976.2,1271.6,1260.6,1277.4,1264.2,1269.4,1264.4,1729937,1269.4,1269.4,,1966219026.2,1966219026.2,,0.0,3,SUR,-0.92,
TQBR,2024-04-23,Новатэк ао,NVTK,55683,2361782887.0,1267.8,1246.4,1269.0,1247.8,1255.6,1249.8,1881039,1256.4,1256.4,,2084246324.4,2084246324.4,,0.0,3,SUR,-1.15,
TQBR,2024-04-24,Новатэк ао,NVTK,32100,1513014608.0,1249.8,1247.2,1258.6,1252.2,1253.0,1251.4,1207268,1253.6,1253.6,,1364078016.4,1364078016.4,,0.0,3,SUR,0.13,
TQBR,2024-04-25,Новатэк ао,NVTK,36690,1423807993.2,1251.0,1237.6,1254.0,1241.4,1243.2,1239.6,1145353,1243.4,1243.4,,1216234764.0,1216234764.0,,0.0,3,SUR,-0.94,
TQBR,2024-04-26,Новатэк ао,NVTK,26289,1064199200.6,1242.2,1234.0,1249.6,1238.0,1241.8,1236.6,857046,1242.4,1242.4,,909671921.2,909671921.2,,0.0,3,SUR,-0.24,
TQBR,2024-04-27,Новатэк ао,NVTK,26691,880572522.4,1236.6,1227.0,1242.0,1234.0,1233.8,1229.0,713686,1235.0,1235.0,,631821553.0,631821553.0,,0.0,3,SUR,-0.61,
TQBR,2024-04-29,Новатэк ао,NVTK,15132,430608701.8,1229.0,1227.0,1234.2,1228.6,1230.4,1228.6,349959,1230.6,1230.6,,380303523.0,380303523.0,,0.0,3,SUR,-0.03,
TQBR,2024-04-30,Новатэк ао,NVTK,15672,638448288.4,1230.8,1229.2,1238.4,1237.8,1235.6,1235.2,516708,1235.4,1235.4,,523005041.8,523005041.8,,0.0,3,SUR,0.54,
TQBR,2024-05-02,Новатэк ао,NVTK,26390,945266563.4,1236.0,1227.0,1237.4,1234.4,1231.8,1231.0,767414,1231.6,1231.6,,862854231.6,862854231.6,,0.0,3,SUR,-0.34,
TQBR,2024-05-03,Новатэк ао,NVTK,26057,1079639513.8,1230.0,1230.0,1246.2,1239.8,1239.6,1231.6,871028,1240.0,1240.0,,931859453.4,931859453.4,,0.0,3,SUR,0.05,
TQBR,2024-05-06,Новатэк ао,NVTK,33658,980264618.2,1237.6,1221.2,1237.6,1227.4,1228.8,1221.4,797704,1229.8,1229.8,,827673186.6,827673186.6,,0.0,3,SUR,-0.83,
TQBR,2024-05-07,Новатэк ао,NVTK,22408,977531735.6,1221.8,1221.4,1242.0,1235.6,1233.8,1239.2,792282,1233.4,1233.4,,884182849.2,884182849.2,,0.0,3,SUR,1.46,
TQBR,2024-05-08,Новатэк ао,NVTK,31741,1032509141.6,1242.0,1225.0,1242.6,1225.0,1232.4,1227.2,837740,1233.2,1233.2,,909302613.6,909302613.6,,0.0,3,SUR,-0.97,
TQBR,2024-05-10,Новатэк ао,NVTK,12869,375340420.2,1229.8,1228.0,1234.0,1230.6,1231.4,1229.2,304801,1231.8,1231.8,,261737246.0,261737246.0,,0.0,3,SUR,0.16,
TQBR,2024-05-13,Новатэк ао,NVTK,27377,877577042.0,1231.0,1228.2,1240.0,1233.2,1233.4,1239.8,711515,1231.8,1231.8,,595520998.0,595520998.0,,0.0,3,SUR,0.86,
TQBR,2024-05-14,Новатэк ао,NVTK,32114,1331300483.4,1240.0,1220.0,1241.0,1220.0,1228.4,1227.2,1083769,1229.4,1229.4,,1076458650.0,1076458650.0,,0.0,3,SUR,-1.02,
TQBR,2024-05-15,Новатэк ао,NVTK,32848,1196865823.4,1223.2,1217.4,1231.6,1220.8,1222.8,1222.8,978762,1223.0,1223.0,,1036179119.0,1036179119.0,,0.0,3,SUR,-0.36,
TQBR,2024-05-16,Новатэк ао,NVTK,23749,840758810.2,1224.4,1222.0,1231.0,1224.0,1226.6,1224.8,685425,1226.8,1226.8,,739586765.4,739586765.4,,0.0,3,SUR,0.16,
TQBR,2024-05-17,Новатэк ао,NVTK,25211,691797873.8,1224.0,1219.4,1228.8,1223.0,1223.8,1221.0,565271,1224.2,1224.2,,574103590.4,574103590.4,,0.0,3,SUR,-0.31,
TQBR,2024-05-20,Новатэк ао,NVTK,71975,2337817536.8,1222.4,1192.2,1222.4,1201.0,1206.8,1195.4,1936932,1209.0,1209.0,,1919633913.0,1919633913.0,,0.0,3,SUR,-2.1,
TQBR,2024-05-21,Новатэк ао,NVTK,72104,2948540990.2,1195.0,1157.2,1202.2,1174.0,1173.4,1176.0,2512186,1173.4,1173.4,,2708226117.6,2708226117.6,,0.0,3,SUR,-1.62,
TQBR,2024-05-22,Новатэк ао,NVTK,33003,1068996989.2,1177.8,1177.8,1191.6,1188.8,1185.8,1184.4,901520,1185.8,1185.8,,973805595.6,973805595.6,,0.0,3,SUR,0.71,
TQBR,2024-05-23,Новатэк ао,NVTK,41907,1852189501.2,1185.6,1154.0,1186.0,1165.4,1167.8,1164.8,1585858,1168.0,1168.0,,1719637282.0,1719637282.0,,0.0,3,SUR,-1.65,
TQBR,2024-05-24,Новатэк ао,NVTK,57398,2197773448.8,1165.0,1120.2,1173.2,1136.8,1143.4,1120.4,1921990,1150.8,1150.8,,1481660970.4,1481660970.4,,0.0,3,SUR,-3.81,
TQBR,2024-05-27,Новатэк ао,NVTK,54529,2493120402.6,1123.2,1115.2,1142.2,1129.8,1130.2,1130.8,2205979,1130.2,1130.2,,2262491631.8,2262491631.8,,0.0,3,SUR,0.93,
TQBR,2024-05-28,Новатэк ао,NVTK,59400,2010151000.4,1132.2,1095.0,1138.6,1111.4,1120.6,1113.2,1794040,1124.8,1124.8,,1540178017.2,1540178017.2,,0.0,3,SUR,-1.56,
TQBR,2024-05-29,Новатэк ао,NVTK,25795,1033867202.6,1113.4,1105.2,1121.0,1118.4,1114.6,1117.8,927558,1114.2,1114.2,,876134587.4,876134587.4,,0.0,3,SUR,0.41,
TQBR,2024-05-30,Новатэк ао,NVTK,38983,1231346627.2,1119.0,1080.0,1123.8,1096.4,1100.6,1085.0,1118775,1107.2,1107.2,,804480663.2,804480663.2,,0.0,3,SUR,-2.93,
TQBR,2024-05-31,Новатэк ао,NVTK,43875,1682857912.8,1089.0,1067.2,1102.0,1081.8,1089.4,1084.0,1544823,1093.2,1093.2,,1207412719.8,1207412719.8,,0.0,3,SUR,-0.09,
TQBR,2024-06-03,Новатэк ао,NVTK,54880,2244481476.6,1085.0,1045.2,1100.0,1060.0,1070.4,1073.6,2096963,1070.4,1070.4,,2007972149.6,2007972149.6,,0.0,3,SUR,-0.96,
TQBR,2024-06-04,Новатэк ао,NVTK,37603,1481435936.6,1075.0,1053.8,1080.0,1061.2,1065.6,1076.4,1389809,1064.8,1064.8,,1254606608.2,1254606608.2,,0.0,3,SUR,0.26,
TQBR,2024-06-05,Новатэк ао,NVTK,47147,1856965836.0,1080.0,1055.0,1080.0,1064.0,1064.4,1057.8,1744670,1064.8,1064.8,,1707514422.4,1707514422.4,,0.0,3,SUR,-1.73,
TQBR,2024-06-06,Новатэк ао,NVTK,48381,1890904002.2,1060.2,1032.2,1060.8,1040.0,1044.4,1038.4,1810404,1045.0,1045.0,,1692046139.8,1692046139.8,,0.0,3,SUR,-1.83,
TQBR,2024-06-07,Новатэк ао,NVTK,52303,2119775380.2,1041.4,1031.4,1051.4,1038.6,1040.0,1034.4,2038049,1041.0,1041.0,,1845895230.4,1845895230.4,,0.0,3,SUR,-0.39,
TQBR,2024-06-10,Новатэк ао,NVTK,52644,1950968949.0,1040.4,1019.0,1054.0,1027.0,1035.4,1026.0,1884416,1036.6,1036.6,,1702387563.8,1702387563.8,,0.0,3,SUR,-0.81,
TQBR,2024-06-11,Новатэк ао,NVTK,98028,6836128728.0,1031.2,1031.0,1078.8,1067.4,1058.0,1078.0,6461694,1056.4,1056.4,,6168074714.8,6168074714.8,,0.0,3,SUR,5.07,
TQBR,2024-06-13,Новатэк ао,NVTK,83160,4889066417.4,1005.0,1005.0,1067.0,1050.6,1042.2,1047.0,4691335,1041.6,1041.6,,4522514184.2,4522514184.2,,0.0,3,SUR,-2.88,
TQBR,2024-06-14,Новатэк ао,NVTK,54045,3224800512.6,1050.0,1044.0,1090.0,1072.0,1069.2,1089.6,3016357,1066.8,1066.8,,2668198915.0,2668198915.0,,0.0,3,SUR,4.07,
TQBR,2024-06-17,Новатэк ао,NVTK,62080,3565559038.0,1088.0,1053.2,1099.0,1057.8,1073.6,1065.0,3320950,1075.0,1075.0,,3220506575.0,3220506575.0,,0.0,3,SUR,-2.26,
TQBR,2024-06-18,Новатэк ао,NVTK,55297,2262328441.8,1064.8,1026.0,1067.8,1037.0,1045.6,1033.2,2164349,1047.6,1047.6,,1871801147.2,1871801147.2,,0.0,3,SUR,-2.99,
TQBR,2024-06-19,Новатэк ао,NVTK,62208,2770143490.0,1035.0,1016.2,1056.6,1030.4,1036.4,1056.0,2672593,1034.4,1034.4,,2194070771.0,2194070771.0,,0.0,3,SUR,2.21,
TQBR,2024-06-20,Новатэк ао,NVTK,103915,6780492678.4,1054.8,1025.0,1066.0,1055.4,1049.0,1054.8,6464328,1048.2,1048.2,,6337448696.0,6337448696.0,,0.0,3,SUR,-0.11,
TQBR,2024-06-21,Новатэк ао,NVTK,29388,1483406644.6,1053.0,1035.0,1058.0,1044.0,1046.8,1040.0,1417006,1048.2,1048.2,,1236574188.2,1236574188.2,,0.0,3,SUR,-1.4,
TQBR,2024-06-24,Новатэк ао,NVTK,35310,1626400275.8,1045.0,1037.0,1057.4,1038.6,1045.2,1043.2,1556085,1045.4,1045.4,,1460279681.2,1460279681.2,,0.0,3,SUR,0.31,
TQBR,2024-06-25,Новатэк ао,NVTK,27466,1328313945.6,1043.6,1039.6,1060.0,1046.4,1047.4,1056.4,1268235,1044.4,1044.4,,909301849.8,909301849.8,,0.0,3,SUR,1.27,
TQBR,2024-06-26,Новатэк ао,NVTK,31266,1645636864.0,1058.8,1050.0,1066.0,1054.8,1058.8,1056.4,1554392,1058.8,1058.8,,1434080919.4,1434080919.4,,0.0,3,SUR,0.0,
TQBR,2024-06-27,Новатэк ао,NVTK,25001,954447119.4,1059.0,1045.0,1060.0,1046.0,1050.6,1048.4,908390,1051.0,1051.0,,841084482.4,841084482.4,,0.0,3,SUR,-0.76,
TQBR,2024-06-28,Новатэк ао,NVTK,74831,4221607973.8,1050.0,1046.8,1092.0,1077.0,1074.6,1091.8,3928747,1073.0,1073.0,,3630842911.0,3630842911.0,,0.0,3,SUR,4.14,
TQBR,2024-07-01,Новатэк ао,NVTK,62811,3761345256.0,1096.8,1083.0,1105.8,1088.4,1091.6,1097.0,3445401,1091.0,1091.0,,3138417752.0,3138417752.0,,0.0,3,SUR,0.48,
TQBR,2024-07-02,Новатэк ао,NVTK,94141,7098512411.6,1100.0,1094.2,1138.0,1136.6,1124.0,1134.6,6315658,1123.2,1123.2,,6568736780.8,6568736780.8,,0.0,3,SUR,3.43,
TQBR,2024-07-03,Новатэк ао,NVTK,91491,6103571713.0,1136.6,1100.6,1143.0,1112.2,1122.8,1101.4,5437963,1124.2,1124.2,,5462086233.6,5462086233.6,,0.0,3,SUR,-2.93,
TQBR,2024-07-04,Новатэк ао,NVTK,57249,4450841693.0,1102.4,1084.0,1123.0,1090.0,1103.4,1088.2,4033907,1104.0,1104.0,,4227544769.8,4227544769.8,,0.0,3,SUR,-1.2,
TQBR,2024-07-05,Новатэк ао,NVTK,46009,3345476743.2,1088.4,1076.0,1104.0,1094.0,1091.8,1096.6,3065222,1091.0,1091.0,,3066644479.6,3066644479.6,,0.0,3,SUR,0.77,
TQBR,2024-07-08,Новатэк ао,NVTK,43843,2572183530.4,1098.2,1081.0,1108.0,1092.6,1095.4,1082.6,2347986,1096.8,1096.8,,2249402281.6,2249402281.6,,0.0,3,SUR,-1.28,
TQBR,2024-07-09,Новатэк ао,NVTK,45986,3157457304.0,1080.4,1056.0,1091.0,1065.6,1076.6,1062.2,2932848,1078.8,1078.8,,2722569067.6,2722569067.6,,0.0,3,SUR,-1.88,
TQBR,2024-07-10,Новатэк ао,NVTK,61274,3154680450.2,1058.8,1010.0,1070.0,1031.4,1043.4,1013.0,3023660,1048.8,1048.8,,2524861645.4,2524861645.4,,0.0,3,SUR,-4.63,
TQBR,2024-07-11,Новатэк ао,NVTK,47653,2577453552.4,1015.6,1014.0,1049.8,1043.8,1038.6,1045.8,2481613,1037.6,1037.6,,2267347479.8,2267347479.8,,0.0,3,SUR,3.24,
TQBR,2024-07-12,Новатэк ао,NVTK,34250,1616227291.0,1049.6,1021.0,1051.2,1022.0,1032.2,1024.8,1565940,1033.2,1033.2,,1406710254.0,1406710254.0,,0.0,3,SUR,-2.01,
TQBR,2024-07-15,Новатэк ао,NVTK,85491,2561618783.6,1026.4,997.0,1029.8,1005.0,1011.0,1003.8,2533504,1013.4,1013.4,,1980839806.2,1980839806.2,,0.0,3,SUR,-2.05,
TQBR,2024-07-16,Новатэк ао,NVTK,87068,4601870153.0,1005.0,972.2,1028.0,1014.4,997.4,1021.6,4614295,995.0,995.0,,4023034221.0,4023034221.0,,0.0,3,SUR,1.77,
TQBR,2024-07-17,Новатэк ао,NVTK,50750,3539517113.4,1025.6,1013.0,1051.6,1035.6,1035.6,1034.6,3417955,1035.4,1035.4,,3179584910.0,3179584910.0,,0.0,3,SUR,1.27,
TQBR,2024-07-18,Новатэк ао,NVTK,66446,3763637699.4,1036.2,1022.8,1074.0,1065.6,1045.8,1074.0,3595673,1042.8,1042.8,,3160093525.6,3160093525.6,,0.0,3,SUR,3.81,
TQBR,2024-07-19,Новатэк ао,NVTK,69194,4404980101.6,1073.4,1064.0,1101.0,1081.4,1085.8,1085.8,4057224,1086.0,1086.0,,4047421392.0,4047421392.0,,0.0,3,SUR,1.1,
TQBR,2024-07-22,Новатэк ао,NVTK,63002,4825253331.6,1091.8,1087.0,1118.2,1094.2,1100.4,1102.4,4381991,1101.0,1101.0,,4440157832.2,4440157832.2,,0.0,3,SUR,1.53,
TQBR,2024-07-23,Новатэк ао,NVTK,37331,3371695619.2,1105.0,1078.6,1105.2,1092.8,1088.2,1086.6,3095270,1088.6,1088.6,,2883271135.8,2883271135.8,,0.0,3,SUR,-1.43,
TQBR,2024-07-24,Новатэк ао,NVTK,60559,5235197246.4,1088.8,1079.4,1105.0,1084.0,1094.0,1085.8,4778150,1097.0,1097.0,,4694001827.8,4694001827.8,,0.0,3,SUR,-0.07,
TQBR,2024-07-25,Новатэк ао,NVTK,39773,2613767553.4,1084.8,1071.0,1097.8,1091.0,1084.6,1090.4,2409720,1084.2,1084.2,,2362321406.2,2362321406.2,,0.0,3,SUR,0.42,
TQBR,2024-07-26,Новатэк ао,NVTK,66889,4034896212.2,1090.4,1056.4,1099.0,1070.0,1075.8,1067.2,3750643,1077.0,1077.0,,3640342653.2,3640342653.2,,0.0,3,SUR,-2.13,
TQBR,2024-07-29,Новатэк ао,NVTK,61054,3408645791.2,1065.0,1020.0,1065.2,1022.0,1037.6,1020.8,3285821,1039.2,1039.2,,3008562520.2,3008562520.2,,0.0,3,SUR,-4.35,
TQBR,2024-07-30,Новатэк ао,NVTK,61227,3557138908.8,1020.0,1010.0,1053.8,1046.0,1038.6,1048.6,3428527,1036.8,1036.8,,3272260744.4,3272260744.4,,0.0,3,SUR,2.72,
TQBR,2024-07-31,Новатэк ао,NVTK,36462,2018400889.8,1053.0,1033.0,1056.0,1041.8,1043.8,1043.6,1933827,1044.0,1044.0,,1795683819.0,1795683819.0,,0.0,3,SUR,-0.48,
TQBR,2024-08-01,Новатэк ао,NVTK,34369,1627748258.6,1045.0,1027.0,1053.2,1034.6,1041.0,1029.0,1563726,1042.6,1042.6,,1405833024.0,1405833024.0,,0.0,3,SUR,-1.4,
TQBR,2024-08-02,Новатэк ао,NVTK,45510,2013426521.8,1029.6,1015.2,1037.4,1020.4,1024.2,1018.4,1965891,1025.0,1025.0,,1694709371.2,1694709371.2,,0.0,3,SUR,-1.03,
TQBR,2024-08-05,Новатэк ао,NVTK,111412,3870439153.6,1001.0,996.8,1016.2,1004.8,1004.0,1005.2,3854457,1003.8,1003.8,,3397530732.2,3397530732.2,,0.0,3,SUR,-1.3,
TQBR,2024-08-06,Новатэк ао,NVTK,40332,2766720508.0,1015.0,1001.0,1029.4,1006.0,1010.6,1010.2,2737964,1010.8,1010.8,,2444099128.2,2444099128.2,,0.0,3,SUR,0.5,
TQBR,2024-08-07,Новатэк ао,NVTK,47787,3493266595.8,1014.8,997.0,1020.0,1017.4,1008.4,1012.0,3464046,1007.4,1007.4,,2966610333.2,2966610333.2,,0.0,3,SUR,0.18,
TQBR,2024-08-08,Новатэк ао,NVTK,46924,3651118810.8,1016.0,1009.8,1029.2,1020.0,1021.6,1018.0,3575007,1022.2,1022.2,,3184238195.2,3184238195.2,,0.0,3,SUR,0.59,
TQBR,2024-08-09,Новатэк ао,NVTK,30389,1308364166.0,1016.8,1012.2,1021.2,1017.4,1017.8,1015.0,1285383,1018.2,1018.2,,1154002631.6,1154002631.6,,0.0,3,SUR,-0.29,
TQBR,2024-08-12,Новатэк ао,NVTK,45363,2407094805.8,1017.0,1005.4,1039.4,1028.0,1021.2,1035.0,2358573,1018.8,1018.8,,2119279441.4,2119279441.4,,0.0,3,SUR,1.97,
TQBR,2024-08-13,Новатэк ао,NVTK,51180,3113920719.4,1035.8,1029.4,1058.0,1048.2,1045.8,1055.0,2979061,1044.8,1044.8,,2850493834.4,2850493834.4,,0.0,3,SUR,1.93,
TQBR,2024-08-14,Новатэк ао,NVTK,56938,3187955790.4,1057.2,1032.0,1070.8,1039.6,1056.0,1035.6,3021257,1058.4,1058.4,,2697475312.4,2697475312.4,,0.0,3,SUR,-1.84,
TQBR,2024-08-15,Новатэк ао,NVTK,29865,1315097837.4,1037.6,1026.0,1044.8,1032.0,1035.0,1029.0,1270732,1035.2,1035.2,,1154375222.0,1154375222.0,,0.0,3,SUR,-0.64,
TQBR,2024-08-16,Новатэк ао,NVTK,46874,3195745375.4,1030.0,1005.6,1036.6,1014.0,1018.2,1008.4,3140159,1020.0,1020.0,,2470122555.4,2470122555.4,,0.0,3,SUR,-2.0,
TQBR,2024-08-19,Новатэк ао,NVTK,55155,3281004469.6,1012.0,1008.0,1025.0,1013.4,1016.2,1019.8,3228759,1016.6,1016.6,,2724953095.2,2724953095.2,,0.0,3,SUR,1.13,
TQBR,2024-08-20,Новатэк ао,NVTK,81389,5070767516.2,1020.0,997.2,1031.8,1007.4,1014.4,1006.0,4998555,1018.0,1018.0,,3933421367.4,3933421367.4,,0.0,3,SUR,-1.35,
TQBR,2024-08-21,Новатэк ао,NVTK,129772,7324845089.2,1002.2,976.4,1008.0,993.6,991.4,995.4,7388335,991.4,991.4,,6893589719.8,6893589719.8,,0.0,3,SUR,-1.05,
TQBR,2024-08-22,Новатэк ао,NVTK,125959,8055216781.0,990.0,945.0,997.8,949.6,965.6,950.4,8342130,969.0,969.0,,6512873430.2,6512873430.2,,0.0,3,SUR,-4.52,
TQBR,2024-08-23,Новатэк ао,NVTK,187599,9922835101.4,950.0,907.2,954.8,910.0,927.0,924.8,10703442,928.6,928.6,,8275367643.0,8275367643.0,,0.0,3,SUR,-2.69,
TQBR,2024-08-26,Новатэк ао,NVTK,162127,13604816763.2,980.0,970.0,1019.0,1000.6,992.4,1011.2,13712712,990.6,990.6,,12413867025.2,12413867025.2,,0.0,3,SUR,9.34,
TQBR,2024-08-27,Новатэк ао,NVTK,92852,7597381225.6,1016.4,977.8,1017.2,988.0,992.8,986.4,7651879,994.0,994.0,,6856313533.0,6856313533.0,,0.0,3,SUR,-2.45,
TQBR,2024-08-28,Новатэк ао,NVTK,80354,6843493953.6,979.0,950.2,983.8,969.0,969.8,978.8,7056916,969.6,969.6,,6576575670.8,6576575670.8,,0.0,3,SUR,-0.77,
TQBR,2024-08-29,Новатэк ао,NVTK,67404,5460931361.0,979.0,970.4,1004.8,988.0,990.4,997.8,5514292,989.2,989.2,,4701721543.0,4701721543.0,,0.0,3,SUR,1.94,
TQBR,2024-08-30,Новатэк ао,NVTK,51761,3817663943.6,996.0,965.2,1001.4,978.0,979.8,977.2,3896359,981.4,981.4,,3136360266.4,3136360266.4,,0.0,3,SUR,-2.06,
TQBR,2024-09-02,Новатэк ао,NVTK,73530,4021487902.0,975.0,943.0,981.4,952.0,960.2,958.0,4188554,962.0,962.0,,3418206123.2,3418206123.2,,0.0,3,SUR,-1.96,
TQBR,2024-09-03,Новатэк ао,NVTK,65439,3863063911.0,958.0,937.6,976.0,944.6,958.2,952.6,4031640,958.8,958.8,,3597324990.6,3597324990.6,,0.0,3,SUR,-0.56,
TQBR,2024-09-04,Новатэк ао,NVTK,38194,2143379324.8,952.4,947.6,972.0,964.0,959.0,966.8,2235117,956.8,956.8,,1714200662.4,1714200662.4,,0.0,3,SUR,1.49,
TQBR,2024-09-05,Новатэк ао,NVTK,43557,2669801996.8,970.6,948.0,976.0,961.8,965.2,949.2,2766279,969.2,969.2,,1943532671.4,1943532671.4,,0.0,3,SUR,-1.82,
TQBR,2024-09-06,Новатэк ао,NVTK,35175,2066137733.0,948.2,941.0,964.8,957.0,952.2,964.4,2169889,950.6,950.6,,1711723614.2,1711723614.2,,0.0,3,SUR,1.6,
TQBR,2024-09-09,Новатэк ао,NVTK,48995,2321464870.2,965.0,965.0,997.8,991.0,982.2,994.6,2363685,979.6,979.6,,1912975063.8,1912975063.8,,0.0,3,SUR,3.13,
TQBR,2024-09-10,Новатэк ао,NVTK,66514,4652263747.2,997.6,970.8,1013.8,980.0,993.6,986.0,4684869,994.2,994.2,,4250309815.8,4250309815.8,,0.0,3,SUR,-0.86,
TQBR,2024-09-11,Новатэк ао,NVTK,30983,1688771021.4,982.8,959.0,990.8,969.4,976.0,964.2,1730345,978.8,978.8,,1348807562.6,1348807562.6,,0.0,3,SUR,-2.21,
TQBR,2024-09-12,Новатэк ао,NVTK,32175,1947516286.0,962.2,947.4,968.2,955.0,956.0,956.0,2037213,955.6,955.6,,1720994039.0,1720994039.0,,0.0,3,SUR,-0.85,
TQBR,2024-09-13,Новатэк ао,NVTK,37894,2336754786.2,956.4,946.0,973.6,973.4,959.8,968.6,2434657,958.0,958.0,,1937520274.4,1937520274.4,,0.0,3,SUR,1.32,
TQBR,2024-09-16,Новатэк ао,NVTK,39220,2014900856.0,977.2,973.2,988.8,985.0,981.8,985.0,2052390,981.4,981.4,,1780947124.2,1780947124.2,,0.0,3,SUR,1.69,
TQBR,2024-09-17,Новатэк ао,NVTK,35820,1914630436.4,990.0,980.0,999.2,997.0,990.2,993.6,1933666,989.4,989.4,,1571779356.6,1571779356.6,,0.0,3,SUR,0.87,
TQBR,2024-09-18,Новатэк ао,NVTK,28436,1540553917.8,994.0,984.2,997.8,987.6,988.2,984.8,1558848,988.6,988.6,,1335783747.4,1335783747.4,,0.0,3,SUR,-0.89,
TQBR,2024-09-19,Новатэк ао,NVTK,44752,2414580670.0,984.4,984.2,1007.8,998.4,998.0,997.4,2419481,998.0,998.0,,2292383008.2,2292383008.2,,0.0,3,SUR,1.28,
TQBR,2024-09-20,Новатэк ао,NVTK,44637,2623605082.2,999.4,993.0,1015.0,1000.0,1002.4,1002.0,2617161,1002.8,1002.8,,2317317438.2,2317317438.2,,0.0,3,SUR,0.46,
TQBR,2024-09-23,Новатэк ао,NVTK,76696,3488842111.0,999.0,990.0,1007.0,994.4,999.4,1001.4,3490706,999.0,999.0,,2835118026.0,2835118026.0,,0.0,3,SUR,-0.06,
TQBR,2024-09-24,Новатэк ао,NVTK,149781,8211483692.4,998.2,996.0,1047.2,1041.6,1028.6,1040.2,7983899,1027.0,1027.0,,7357332894.2,7357332894.2,,0.0,3,SUR,3.87,
TQBR,2024-09-25,Новатэк ао,NVTK,55885,3805241155.0,1039.8,1020.4,1048.0,1027.0,1031.4,1023.8,3689648,1032.4,1032.4,,3372553872.6,3372553872.6,,0.0,3,SUR,-1.58,
TQBR,2024-09-26,Новатэк ао,NVTK,38559,2743867897.6,1021.8,1006.0,1025.0,1016.0,1017.2,1015.6,2695116,1018.2,1018.2,,2534443821.4,2534443821.4,,0.0,3,SUR,-0.8,
TQBR,2024-09-27,Новатэк ао,NVTK,49797,2891232088.4,1015.8,1012.4,1035.2,1030.0,1024.2,1025.6,2822191,1024.2,1024.2,,2607161333.8,2607161333.8,,0.0,3,SUR,0.98,
TQBR,2024-09-30,Новатэк ао,NVTK,58301,3525092696.8,1027.6,1002.2,1042.4,1017.4,1027.2,1004.2,3432645,1031.0,1031.0,,2784828139.2,2784828139.2,,0.0,3,SUR,-2.09,
TQBR,2024-10-01,Новатэк ао,NVTK,44597,3047495895.6,1004.4,991.0,1012.8,1003.2,1004.4,1007.8,3034545,1004.0,1004.0,,2801881391.4,2801881391.4,,0.0,3,SUR,0.36,
TQBR,2024-10-02,Новатэк ао,NVTK,54811,3577915111.2,1007.8,969.0,1016.8,977.4,993.6,980.2,3603423,997.2,997.2,,2842456325.8,2842456325.8,,0.0,3,SUR,-2.74,
TQBR,2024-10-03,Новатэк ао,NVTK,42460,2348846559.2,980.2,972.6,995.0,987.8,983.0,993.6,2389449,981.8,981.8,,2067093745.2,2067093745.2,,0.0,3,SUR,1.37,
TQBR,2024-10-04,Новатэк ао,NVTK,27395,1750878519.0,995.6,989.0,1003.4,997.8,996.6,999.8,1757098,996.0,996.0,,1526391687.6,1526391687.6,,0.0,3,SUR,0.62,
TQBR,2024-10-07,Новатэк ао,NVTK,36970,1956504711.6,1001.6,985.8,1007.2,997.0,994.4,993.6,1967352,994.4,994.4,,1719311262.0,1719311262.0,,0.0,3,SUR,-0.62,
TQBR,2024-10-08,Новатэк ао,NVTK,25875,1447486506.2,994.8,982.0,997.0,984.6,989.2,985.8,1463598,989.4,989.4,,1250041410.6,1250041410.6,,0.0,3,SUR,-0.79,
TQBR,2024-10-09,Новатэк ао,NVTK,33920,1413547131.6,985.8,971.2,993.6,973.0,982.4,976.8,1438754,983.4,983.4,,1186830722.2,1186830722.2,,0.0,3,SUR,-0.91,
TQBR,2024-10-10,Новатэк ао,NVTK,28412,1769882477.6,977.2,977.2,991.8,989.8,985.6,985.6,1795644,984.8,984.8,,1361797811.8,1361797811.8,,0.0,3,SUR,0.9,
TQBR,2024-10-11,Новатэк ао,NVTK,37284,1580044994.2,955.0,953.8,962.2,962.2,957.6,957.8,1649888,957.4,957.4,,1416254514.6,1416254514.6,,0.0,3,SUR,-2.82,
TQBR,2024-10-14,Новатэк ао,NVTK,33112,1717436788.0,959.8,952.0,971.8,961.6,962.0,969.4,1785252,961.2,961.2,,1486307402.2,1486307402.2,,0.0,3,SUR,1.21,
TQBR,2024-10-15,Новатэк ао,NVTK,23869,1442365922.0,969.0,964.6,980.6,979.6,974.0,974.2,1480955,973.6,973.6,,1310876733.2,1310876733.2,,0.0,3,SUR,0.5,
TQBR,2024-10-16,Новатэк ао,NVTK,26131,1308666763.8,975.0,966.8,984.4,972.0,975.0,970.6,1342301,975.2,975.2,,1236094101.4,1236094101.4,,0.0,3,SUR,-0.37,
TQBR,2024-10-17,Новатэк ао,NVTK,23063,1087643268.8,970.6,957.2,972.6,961.6,963.0,958.6,1129454,963.4,963.4,,970849207.4,970849207.4,,0.0,3,SUR,-1.24,
TQBR,2024-10-18,Новатэк ао,NVTK,22343,1000638153.8,958.6,953.8,965.0,958.2,958.6,956.6,1043995,958.4,958.4,,881878899.4,881878899.4,,0.0,3,SUR,-0.21,
TQBR,2024-10-21,Новатэк ао,NVTK,19806,1017850389.4,956.6,954.8,968.0,961.0,960.8,958.4,1059692,960.6,960.6,,933080330.4,933080330.4,,0.0,3,SUR,0.19,
TQBR,2024-10-22,Новатэк ао,NVTK,28310,1589038068.0,958.0,950.6,968.8,966.2,961.0,960.6,1653623,960.8,960.8,,1458900652.4,1458900652.4,,0.0,3,SUR,0.23,
TQBR,2024-10-23,Новатэк ао,NVTK,58019,2517034091.2,959.0,923.2,961.4,933.8,941.4,928.8,2675028,944.4,944.4,,1973136540.8,1973136540.8,,0.0,3,SUR,-3.31,
TQBR,2024-10-24,Новатэк ао,NVTK,52976,2449461089.4,928.6,910.8,931.6,926.2,918.6,922.0,2666253,918.2,918.2,,2282338026.4,2282338026.4,,0.0,3,SUR,-0.73,
TQBR,2024-10-25,Новатэк ао,NVTK,69083,2915226520.0,922.0,898.0,931.2,903.2,912.4,903.4,3196492,913.0,913.0,,2596138525.2,2596138525.2,,0.0,3,SUR,-2.02,
TQBR,2024-10-28,Новатэк ао,NVTK,76057,2786072931.4,897.8,861.2,897.8,870.4,883.0,868.4,3157179,885.4,885.4,,2320199057.2,2320199057.2,,0.0,3,SUR,-3.87,
TQBR,2024-10-29,Новатэк ао,NVTK,56232,2195967339.2,868.2,851.2,879.4,861.2,864.6,865.4,2539429,864.2,864.2,,1909695262.6,1909695262.6,,0.0,3,SUR,-0.35,
TQBR,2024-10-30,Новатэк ао,NVTK,40173,1669582055.4,870.4,861.4,883.0,882.2,872.2,862.0,1914150,873.0,873.0,,1297968793.8,1297968793.8,,0.0,3,SUR,-0.39,
TQBR,2024-10-31,Новатэк ао,NVTK,50786,1821705240.0,860.2,838.2,867.2,848.4,851.6,843.8,2139158,854.0,854.0,,1463751546.0,1463751546.0,,0.0,3,SUR,-2.11,
TQBR,2024-11-01,Новатэк ао,NVTK,43117,1596784349.8,845.4,835.0,854.8,848.0,843.2,854.6,1893684,842.2,842.2,,1407607542.0,1407607542.0,,0.0,3,SUR,1.28,
TQBR,2024-11-02,Новатэк ао,NVTK,20074,712073635.6,856.8,851.4,870.2,862.2,861.0,868.0,827101,859.4,859.4,,573593380.6,573593380.6,,0.0,3,SUR,1.57,
TQBR,2024-11-05,Новатэк ао,NVTK,28552,978972031.2,869.8,860.4,873.6,871.2,867.2,867.2,1128968,866.8,866.8,,820944246.6,820944246.6,,0.0,3,SUR,-0.09,
TQBR,2024-11-06,Новатэк ао,NVTK,69051,3252053180.6,892.0,883.0,918.0,893.0,899.2,895.2,3616572,899.6,899.6,,3054577004.0,3054577004.0,,0.0,3,SUR,3.23,
TQBR,2024-11-07,Новатэк ао,NVTK,31771,1612273853.8,895.2,883.8,924.0,904.0,897.8,923.2,1795698,894.0,894.0,,1272848777.0,1272848777.0,,0.0,3,SUR,3.13,
TQBR,2024-11-08,Новатэк ао,NVTK,38812,2233166093.4,925.0,923.2,945.8,932.2,932.8,944.8,2394246,931.0,931.0,,1837493898.6,1837493898.6,,0.0,3,SUR,2.34,
TQBR,2024-11-11,Новатэк ао,NVTK,38168,1631679045.0,950.0,935.0,957.0,945.0,945.6,944.6,1725548,945.6,945.6,,1440430285.0,1440430285.0,,0.0,3,SUR,-0.02,
TQBR,2024-11-12,Новатэк ао,NVTK,43677,2012598881.4,942.6,922.8,951.4,937.6,937.2,927.8,2147232,938.6,938.6,,1727270998.4,1727270998.4,,0.0,3,SUR,-1.78,
TQBR,2024-11-13,Новатэк ао,NVTK,35002,1921532311.8,926.8,897.0,936.8,928.2,917.6,902.4,2094139,928.6,928.6,,837049972.2,837049972.2,,0.0,3,SUR,-2.74,
TQBR,2024-11-14,Новатэк ао,NVTK,53261,1542638682.2,903.6,890.0,910.4,891.8,899.6,893.8,1714978,900.4,900.4,,1324841940.4,1324841940.4,,0.0,3,SUR,-0.95,
TQBR,2024-11-15,Новатэк ао,NVTK,36301,1431342739.2,895.6,890.0,922.0,915.8,906.4,917.8,1579121,904.0,904.0,,1136411449.0,1136411449.0,,0.0,3,SUR,2.69,
TQBR,2024-11-18,Новатэк ао,NVTK,39545,1900164447.0,902.0,890.4,913.2,895.4,901.8,898.8,2107012,903.0,903.0,,1348427346.2,1348427346.2,,0.0,3,SUR,-2.07,
TQBR,2024-11-19,Новатэк ао,NVTK,43480,1883651244.6,898.0,869.0,901.0,872.0,881.0,875.0,2138291,881.8,881.8,,1681616209.2,1681616209.2,,0.0,3,SUR,-2.65,
TQBR,2024-11-20,Новатэк ао,NVTK,61504,2778304285.0,876.0,837.0,879.8,847.0,857.6,847.8,3240692,860.6,860.6,,2274501812.8,2274501812.8,,0.0,3,SUR,-3.11,
TQBR,2024-11-21,Новатэк ао,NVTK,48998,2311783661.4,849.6,837.4,870.0,843.4,848.0,864.8,2725937,845.4,845.4,,1595944940.6,1595944940.6,,0.0,3,SUR,2.01,
TQBR,2024-11-22,Новатэк ао,NVTK,80766,3413045654.6,865.6,814.8,868.0,822.2,835.0,822.8,4087946,836.6,836.6,,2854165386.2,2854165386.2,,0.0,3,SUR,-4.86,
TQBR,2024-11-25,Новатэк ао,NVTK,68902,3652424612.6,823.0,805.6,831.6,820.8,819.0,822.8,4460266,819.2,819.2,,3115857088.0,3115857088.0,,0.0,3,SUR,0.0,
TQBR,2024-11-26,Новатэк ао,NVTK,57469,2834266167.2,822.8,803.0,836.8,812.0,818.8,807.8,3461877,820.2,820.2,,2419751020.6,2419751020.6,,0.0,3,SUR,-1.82,
TQBR,2024-11-27,Новатэк ао,NVTK,86965,3912157312.8,809.4,777.2,828.0,811.4,806.0,828.0,4853445,804.0,804.0,,3443809409.6,3443809409.6,,0.0,3,SUR,2.5,
TQBR,2024-11-28,Новатэк ао,NVTK,65128,2220543314.0,831.0,812.0,841.2,824.4,823.8,816.6,2694802,824.2,824.2,,1909417408.0,1909417408.0,,0.0,3,SUR,-1.38,
TQBR,2024-11-29,Новатэк ао,NVTK,31228,1590985486.8,816.0,815.0,839.0,833.6,826.8,835.6,1924135,824.8,824.8,,1233873885.2,1233873885.2,,0.0,3,SUR,2.33,
TQBR,2024-12-02,Новатэк ао,NVTK,43365,1623393394.2,839.6,836.8,854.4,843.0,847.0,846.2,1916523,847.2,847.2,,1543809723.0,1543809723.0,,0.0,3,SUR,1.27,
TQBR,2024-12-03,Новатэк ао,NVTK,27023,1263395706.0,846.8,815.0,847.6,824.2,829.4,824.0,1523263,830.6,830.6,,1079351302.6,1079351302.6,,0.0,3,SUR,-2.62,
TQBR,2024-12-04,Новатэк ао,NVTK,68793,2611364181.0,822.2,790.0,839.8,816.0,816.0,800.0,3200300,826.8,826.8,,1654370658.0,1654370658.0,,0.0,3,SUR,-2.91,
TQBR,2024-12-05,Новатэк ао,NVTK,75803,3276673333.0,803.8,782.0,832.2,818.6,806.0,830.4,4061934,802.8,802.8,,2716445083.0,2716445083.0,,0.0,3,SUR,3.8,
TQBR,2024-12-06,Новатэк ао,NVTK,44659,1999190760.6,828.6,816.6,839.4,837.8,828.0,833.2,2410160,829.2,829.2,,1874530549.6,1874530549.6,,0.0,3,SUR,0.34,
TQBR,2024-12-09,Новатэк ао,NVTK,48817,1839663586.0,840.0,825.6,847.0,831.0,837.2,829.2,2197269,838.8,838.8,,1504125694.6,1504125694.6,,0.0,3,SUR,-0.48,
TQBR,2024-12-10,Новатэк ао,NVTK,38145,1547045746.0,829.2,809.0,829.6,817.8,817.2,811.6,1893138,817.6,817.6,,1375945644.2,1375945644.2,,0.0,3,SUR,-2.12,
TQBR,2024-12-11,Новатэк ао,NVTK,31945,1427742654.0,810.6,800.0,814.0,803.2,807.4,810.0,1768252,807.6,807.6,,1160903760.0,1160903760.0,,0.0,3,SUR,-0.2,
TQBR,2024-12-12,Новатэк ао,NVTK,55281,1723172295.6,810.0,788.0,815.6,792.0,799.6,791.2,2154991,802.2,802.2,,1325891008.2,1325891008.2,,0.0,3,SUR,-2.32,
TQBR,2024-12-13,Новатэк ао,NVTK,31552,1325548674.2,791.2,784.0,797.0,793.4,790.8,790.2,1676057,790.6,790.6,,1171923660.0,1171923660.0,,0.0,3,SUR,-0.13,
TQBR,2024-12-16,Новатэк ао,NVTK,52225,1809799196.2,790.0,764.4,790.2,774.4,778.2,767.2,2325848,780.8,780.8,,1359818046.4,1359818046.4,,0.0,3,SUR,-2.91,
TQBR,2024-12-17,Новатэк ао,NVTK,30095,1092839260.8,768.4,765.2,779.2,769.4,771.4,771.6,1416876,771.4,771.4,,948312895.6,948312895.6,,0.0,3,SUR,0.57,
TQBR,2024-12-18,Новатэк ао,NVTK,35812,1527977346.8,772.0,763.2,785.0,773.6,772.0,784.8,1979250,769.6,769.6,,1140234549.4,1140234549.4,,0.0,3,SUR,1.71,
TQBR,2024-12-19,Новатэк ао,NVTK,72767,3920390266.6,785.0,780.6,817.6,811.8,802.2,814.4,4887174,800.6,800.6,,3367849394.8,3367849394.8,,0.0,3,SUR,3.77,
TQBR,2024-12-20,Новатэк ао,NVTK,122965,5727176949.2,812.0,805.2,917.6,895.0,862.8,894.0,6635573,860.4,860.4,,5205834848.2,5205834848.2,,0.0,3,SUR,9.77,
TQBR,2024-12-23,Новатэк ао,NVTK,94624,4897514607.4,905.0,894.4,950.0,935.0,933.8,944.0,5245296,933.4,933.4,,4558640838.2,4558640838.2,,0.0,3,SUR,5.59,
TQBR,2024-12-24,Новатэк ао,NVTK,62822,3155676245.0,941.8,907.4,942.6,912.0,923.8,915.4,3415883,924.4,924.4,,2990954351.0,2990954351.0,,0.0,3,SUR,-3.03,
TQBR,2024-12-25,Новатэк ао,NVTK,57827,3504886219.2,910.0,900.0,933.8,921.6,915.4,929.4,3828731,914.0,914.0,,3132687359.4,3132687359.4,,0.0,3,SUR,1.53,
TQBR,2024-12-26,Новатэк ао,NVTK,91977,4190635956.4,929.0,916.2,969.0,956.0,942.6,949.8,4444032,939.4,939.4,,3285488217.0,3285488217.0,,0.0,3,SUR,2.19,
TQBR,2024-12-27,Новатэк ао,NVTK,40231,2308088291.8,949.8,934.4,959.4,939.8,947.2,949.2,2436657,947.4,947.4,,1975720083.2,1975720083.2,,0.0,3,SUR,-0.06,
TQBR,2024-12-28,Новатэк ао,NVTK,40821,2286581873.2,948.0,940.0,962.4,949.8,953.8,951.8,2397326,954.0,954.0,,2018519127.0,2018519127.0,,0.0,3,SUR,0.27,
TQBR,2024-12-30,Новатэк ао,NVTK,46350,2078996851.2,962.4,956.2,999.6,999.6,980.8,996.0,2119848,976.6,976.6,,1582781519.6,1582781519.6,,0.0,3,SUR,4.64,
TQBR,2025-01-03,Новатэк ао,NVTK,35957,1982601924.6,1011.0,958.0,1013.0,968.4,976.6,963.8,2030124,977.4,977.4,,1772549482.4,1772549482.4,,0.0,3,SUR,-3.23,
TQBR,2025-01-06,Новатэк ао,NVTK,27259,1117524943.0,960.8,944.2,968.0,956.0,953.2,965.0,1172343,952.2,952.2,,945448903.0,945448903.0,,0.0,3,SUR,0.12,
TQBR,2025-01-08,Новатэк ао,NVTK,23460,957280539.4,965.0,960.8,981.6,974.2,973.8,976.6,983097,973.4,973.4,,811452823.8,811452823.8,,0.0,3,SUR,1.2,
TQBR,2025-01-09,Новатэк ао,NVTK,43093,2378782849.6,978.4,927.0,984.4,945.4,953.2,930.8,2495789,960.4,960.4,,1675567096.8,1675567096.8,,0.0,3,SUR,-4.69,
TQBR,2025-01-10,Новатэк ао,NVTK,71926,4252678893.6,937.6,930.0,976.0,966.2,957.4,969.0,4444419,955.8,955.8,,3754876380.0,3754876380.0,,0.0,3,SUR,4.1,
TQBR,2025-01-13,Новатэк ао,NVTK,101054,7032350961.0,988.0,975.0,1019.6,1011.8,1004.6,1007.4,7000511,1004.6,1004.6,,6301330733.0,6301330733.0,,0.0,3,SUR,3.96,
TQBR,2025-01-14,Новатэк ао,NVTK,108397,3928599460.4,1002.8,992.0,1024.8,1001.2,1008.0,1009.0,3897555,1008.2,1008.2,,3603911475.2,3603911475.2,,0.0,3,SUR,0.16,
TQBR,2025-01-15,Новатэк ао,NVTK,65358,4308392000.2,1003.6,980.0,1009.4,990.0,993.8,1007.8,4335402,990.4,990.4,,3203090799.8,3203090799.8,,0.0,3,SUR,-0.12,
TQBR,2025-01-16,Новатэк ао,NVTK,46843,3079153068.8,1007.0,987.0,1009.2,996.0,999.0,990.2,3082019,1000.4,1000.4,,2628009340.8,2628009340.8,,0.0,3,SUR,-1.75,
TQBR,2025-01-17,Новатэк ао,NVTK,47067,3028475735.8,990.2,983.2,1013.6,1008.0,1002.0,1006.0,3022703,1001.2,1001.2,,2639421698.6,2639421698.6,,0.0,3,SUR,1.6,
TQBR,2025-01-20,Новатэк ао,NVTK,66124,3600966296.0,1018.6,971.0,1022.0,995.4,997.2,974.4,3611089,1002.8,1002.8,,2526177470.8,2526177470.8,,0.0,3,SUR,-3.14,
TQBR,2025-01-21,Новатэк ао,NVTK,44516,2461729483.0,982.2,970.2,1000.0,997.4,985.2,998.8,2498755,984.0,984.0,,2235291820.6,2235291820.6,,0.0,3,SUR,2.5,
TQBR,2025-01-22,Новатэк ао,NVTK,101670,6807929775.0,1001.0,990.2,1038.8,1036.2,1022.0,1017.6,6660842,1022.2,1022.2,,5373828703.4,5373828703.4,,0.0,3,SUR,1.88,
TQBR,2025-01-23,Новатэк ао,NVTK,43367,2715491611.2,1016.2,1006.0,1029.6,1015.0,1017.2,1024.2,2669364,1017.2,1017.2,,2104774125.6,2104774125.6,,0.0,3,SUR,0.65,
TQBR,2025-01-24,Новатэк ао,NVTK,42214,2263744858.0,1027.0,1018.0,1035.0,1032.2,1028.0,1029.8,2202221,1027.6,1027.6,,1972820931.2,1972820931.2,,0.0,3,SUR,0.55,
TQBR,2025-01-27,Новатэк ао,NVTK,41375,2404038768.0,1029.8,1000.0,1035.8,1003.6,1014.6,1003.4,2369424,1015.2,1015.2,,1917501937.4,1917501937.4,,0.0,3,SUR,-2.56,
TQBR,2025-01-28,Новатэк ао,NVTK,50973,3603284912.2,1004.0,986.0,1030.0,1025.0,1011.6,1022.4,3562451,1010.8,1010.8,,3100731587.0,3100731587.0,,0.0,3,SUR,1.89,
TQBR,2025-01-29,Новатэк ао,NVTK,75208,5295197378.0,1025.4,1021.2,1058.2,1046.0,1045.2,1046.0,5066330,1046.6,1046.6,,4483661568.4,4483661568.4,,0.0,3,SUR,2.31,
TQBR,2025-01-30,Новатэк ао,NVTK,88563,6096697869.4,1046.0,1043.6,1086.4,1075.2,1071.2,1085.6,5690673,1071.2,1071.2,,5446421594.6,5446421594.6,,0.0,3,SUR,3.79,
TQBR,2025-01-31,Новатэк ао,NVTK,72003,5279389732.6,1086.2,1066.2,1106.8,1071.8,1088.0,1082.0,4852091,1087.2,1087.2,,3994705443.0,3994705443.0,,0.0,3,SUR,-0.33,
TQBR,2025-02-03,Новатэк ао,NVTK,50404,2674463627.6,1082.0,1061.0,1089.6,1071.2,1074.4,1070.2,2489413,1074.0,1074.0,,2063230517.8,2063230517.8,,0.0,3,SUR,-1.09,
TQBR,2025-02-04,Новатэк ао,NVTK,29414,1763053129.4,1068.0,1058.2,1085.6,1069.6,1070.8,1062.2,1646317,1072.8,1072.8,,1294744401.4,1294744401.4,,0.0,3,SUR,-0.75,
TQBR,2025-02-05,Новатэк ао,NVTK,72255,4825047141.8,1060.6,1059.0,1103.4,1094.4,1087.6,1100.0,4437201,1086.2,1086.2,,3959016208.0,3959016208.0,,0.0,3,SUR,3.56,
TQBR,2025-02-06,Новатэк ао,NVTK,61577,3471567386.2,1101.4,1090.6,1116.6,1100.0,1103.4,1101.4,3146160,1102.0,1102.0,,2671566366.6,2671566366.6,,0.0,3,SUR,0.13,
TQBR,2025-02-07,Новатэк ао,NVTK,27021,1449532178.4,1101.4,1091.2,1106.0,1096.0,1098.0,1101.8,1320194,1097.4,1097.4,,1111759450.6,1111759450.6,,0.0,3,SUR,0.04,
TQBR,2025-02-10,Новатэк ао,NVTK,94355,7078248661.6,1107.4,1105.4,1157.6,1146.0,1138.0,1132.6,6221734,1136.8,1136.8,,4901092412.0,4901092412.0,,0.0,3,SUR,2.8,
TQBR,2025-02-11,Новатэк ао,NVTK,82601,6367984108.6,1130.4,1130.4,1168.0,1160.0,1149.6,1167.8,5538942,1147.2,1147.2,,4480771898.8,4480771898.8,,0.0,3,SUR,3.11,
TQBR,2025-02-12,Новатэк ао,NVTK,250040,20693763724.4,1170.0,1152.4,1278.2,1162.0,1207.6,1277.2,17135523,1171.0,1171.0,,7691377592.4,7691377592.4,,0.0,3,SUR,9.37,
TQBR,2025-02-13,Новатэк ао,NVTK,129564,11236873966.2,1278.2,1224.0,1294.6,1245.8,1254.2,1255.8,8957927,1252.2,1252.2,,9076930530.2,9076930530.2,,0.0,3,SUR,-1.68,
TQBR,2025-02-14,Новатэк ао,NVTK,124481,9514462900.4,1267.4,1195.0,1275.0,1214.6,1231.8,1218.8,7718967,1231.0,1231.0,,8192482330.0,8192482330.0,,0.0,3,SUR,-2.95,
TQBR,2025-02-17,Новатэк ао,NVTK,123254,6938199145.2,1227.8,1227.8,1294.8,1280.2,1262.2,1292.8,5496440,1259.6,1259.6,,5011503678.8,5011503678.8,,0.0,3,SUR,6.07,
TQBR,2025-02-18,Новатэк ао,NVTK,90280,6662871121.0,1295.0,1229.0,1300.0,1251.4,1263.8,1254.6,5271883,1263.2,1263.2,,4822972737.6,4822972737.6,,0.0,3,SUR,-2.95,
TQBR,2025-02-19,Новатэк ао,NVTK,52832,3500842959.4,1251.6,1235.6,1283.2,1261.6,1261.0,1280.0,2776105,1255.6,1255.6,,2284927636.6,2284927636.6,,0.0,3,SUR,2.02,
TQBR,2025-02-20,Новатэк ао,NVTK,123227,5841636287.0,1276.4,1265.2,1322.8,1302.0,1300.6,1308.4,4492442,1300.8,1300.8,,4934243149.4,4934243149.4,,0.0,3,SUR,2.22,
TQBR,2025-02-21,Новатэк ао,NVTK,57374,4963356366.2,1314.8,1300.0,1331.0,1320.0,1316.6,1326.4,3769822,1316.8,1316.8,,4167839124.6,4167839124.6,,0.0,3,SUR,1.38,
TQBR,2025-02-24,Новатэк ао,NVTK,71745,5804945987.2,1323.0,1309.4,1345.6,1325.0,1324.0,1342.8,4383341,1322.0,1322.0,,4239477047.4,4239477047.4,,0.0,3,SUR,1.24,
TQBR,2025-02-25,Новатэк ао,NVTK,51222,4277868916.8,1338.4,1315.2,1350.0,1320.8,1337.4,1327.8,3199270,1338.0,1338.0,,3327292536.2,3327292536.2,,0.0,3,SUR,-1.12,
TQBR,2025-02-26,Новатэк ао,NVTK,69253,5576798867.2,1333.0,1263.2,1336.6,1299.8,1298.4,1266.8,4295577,1300.8,1300.8,,4496602562.4,4496602562.4,,0.0,3,SUR,-4.59,
TQBR,2025-02-27,Новатэк ао,NVTK,71694,6269580994.8,1262.4,1231.2,1294.4,1284.0,1267.2,1254.4,4949325,1268.4,1268.4,,4341281688.2,4341281688.2,,0.0,3,SUR,-0.98,
TQBR,2025-02-28,Новатэк ао,NVTK,75125,6678321230.8,1237.0,1221.0,1291.0,1255.2,1253.8,1285.2,5326156,1245.8,1245.8,,4268900991.4,4268900991.4,,0.0,3,SUR,2.46,
TQBR,2025-03-03,Новатэк ао,NVTK,76019,6142374866.4,1290.8,1221.2,1292.8,1240.0,1243.8,1255.2,4936030,1238.0,1238.0,,4058368380.2,4058368380.2,,0.0,3,SUR,-2.33,2025-03-03
TQBR,2025-03-04,Новатэк ао,NVTK,68450,5022836879.2,1253.6,1253.6,1323.0,1299.2,1291.8,1319.0,3886996,1283.0,1283.0,,2757163525.0,2757163525.0,,0.0,3,SUR,5.08,2025-03-04
TQBR,2025-03-05,Новатэк ао,NVTK,67812,5867286690.8,1322.0,1282.8,1341.6,1319.4,1319.0,1286.4,4449229,1325.4,1325.4,,3877238344.6,3877238344.6,,0.0,3,SUR,-2.47,2025-03-05
TQBR,2025-03-06,Новатэк ао,NVTK,65508,3818903127.0,1292.0,1257.0,1306.6,1272.0,1277.2,1269.6,2989831,1275.2,1275.2,,3014091957.2,3014091957.2,,0.0,3,SUR,-1.31,2025-03-06
TQBR,2025-03-07,Новатэк ао,NVTK,94650,6011969472.0,1269.6,1261.4,1312.0,1264.6,1287.4,1287.0,4669775,1287.2,1287.2,,4462095620.4,4462095620.4,,0.0,3,SUR,1.37,2025-03-07
TQBR,2025-03-10,Новатэк ао,NVTK,44863,2475360158.0,1286.4,1275.0,1305.2,1283.8,1290.6,1285.0,1918257,1290.0,1290.0,,1858863420.4,1858863420.4,,0.0,3,SUR,-0.16,2025-03-10
TQBR,2025-03-11,Новатэк ао,NVTK,41608,2789563711.8,1287.4,1252.6,1289.2,1276.2,1273.2,1265.8,2190949,1276.4,1276.4,,1456594184.8,1456594184.8,,0.0,3,SUR,-1.49,2025-03-11
TQBR,2025-03-12,Новатэк ао,NVTK,46368,3007215126.8,1267.0,1237.0,1274.0,1257.2,1252.6,1255.0,2400692,1251.6,1251.6,,2496207864.0,2496207864.0,,0.0,3,SUR,-0.85,2025-03-12
TQBR,2025-03-13,Новатэк ао,NVTK,83245,6616251612.6,1255.0,1202.4,1295.0,1232.4,1245.0,1263.8,5313441,1227.6,1227.6,,3774089733.6,3774089733.6,,0.0,3,SUR,0.7,2025-03-13
TQBR,2025-03-14,Новатэк ао,NVTK,67193,4054166635.2,1254.0,1240.0,1281.2,1268.8,1258.8,1276.2,3220109,1257.2,1257.2,,2698359675.4,2698359675.4,,0.0,3,SUR,0.98,2025-03-14
TQBR,2025-03-17,Новатэк ао,NVTK,70113,4524355106.0,1276.2,1262.4,1309.6,1282.6,1290.6,1290.0,3505888,1289.0,1289.0,,3174028139.4,3174028139.4,,0.0,3,SUR,1.08,2025-03-17
TQBR,2025-03-18,Новатэк ао,NVTK,123590,10276761235.0,1291.0,1288.0,1343.8,1314.0,1312.0,1302.2,7833292,1312.4,1312.4,,6263182397.8,6263182397.8,,0.0,3,SUR,0.95,2025-03-18
TQBR,2025-03-19,Новатэк ао,NVTK,53050,3607500073.4,1300.8,1293.0,1326.8,1314.2,1312.4,1322.2,2748663,1311.2,1311.2,,2750212234.0,2750212234.0,,0.0,3,SUR,1.54,2025-03-19
TQBR,2025-03-20,Новатэк ао,NVTK,57859,4857238103.4,1322.2,1294.0,1330.0,1310.0,1312.0,1316.0,3702433,1311.2,1311.2,,4396228765.2,4396228765.2,,0.0,3,SUR,-0.47,2025-03-20
TQBR,2025-03-21,Новатэк ао,NVTK,41903,3114877034.0,1312.8,1296.0,1324.0,1305.0,1311.2,1305.8,2375630,1311.6,1311.6,,2784894940.8,2784894940.8,,0.0,3,SUR,-0.78,2025-03-21
TQBR,2025-03-24,Новатэк ао,NVTK,40210,2827926093.0,1308.0,1283.0,1308.0,1303.0,1296.4,1283.4,2181420,1296.6,1296.6,,1950771479.6,1950771479.6,,0.0,3,SUR,-1.72,2025-03-24
TQBR,2025-03-25,Новатэк ао,NVTK,64779,5432838332.6,1283.8,1265.4,1323.4,1299.0,1293.0,1315.8,4200694,1287.2,1287.2,,3977012414.4,3977012414.4,,0.0,3,SUR,2.52,2025-03-25
TQBR,2025-03-26,Новатэк ао,NVTK,35858,2473148502.2,1319.8,1286.6,1322.2,1298.0,1303.2,1286.8,1897603,1304.8,1304.8,,1823099904.0,1823099904.0,,0.0,3,SUR,-2.2,2025-03-26
TQBR,2025-03-27,Новатэк ао,NVTK,52606,3229729989.4,1290.0,1272.0,1295.0,1283.4,1284.2,1277.6,2515270,1284.8,1284.8,,2494487926.8,2494487926.8,,0.0,3,SUR,-0.71,2025-03-27
TQBR,2025-03-28,Новатэк ао,NVTK,78585,3971157554.0,1278.0,1227.6,1284.2,1247.0,1251.2,1240.2,3172078,1251.0,1251.0,,3167524776.4,3167524776.4,,0.0,3,SUR,-2.93,2025-03-28
TQBR,2025-03-31,Новатэк ао,NVTK,104266,5575295128.6,1235.0,1185.0,1251.6,1206.0,1221.4,1216.6,4565064,1227.6,1227.6,,3347915659.0,3347915659.0,,0.0,3,SUR,-1.9,2025-03-31
TQBR,2025-04-01,Новатэк ао,NVTK,136691,8348124114.2,1217.6,1157.0,1268.6,1221.6,1223.4,1160.4,6823071,1235.6,1235.6,,6141839105.8,6141839105.8,,0.0,3,SUR,-4.62,2025-04-01
TQBR,2025-04-02,Новатэк ао,NVTK,105288,7415355196.2,1162.0,1162.0,1228.4,1204.2,1200.6,1225.8,6175927,1201.2,1201.2,,5314672039.2,5314672039.2,,0.0,3,SUR,5.64,2025-04-02
TQBR,2025-04-03,Новатэк ао,NVTK,103849,7400124208.6,1225.8,1182.8,1258.2,1195.2,1219.2,1223.8,6070960,1221.0,1221.0,,5807220014.2,5807220014.2,,0.0,3,SUR,-0.16,2025-04-03
TQBR,2025-04-04,Новатэк ао,NVTK,116863,7785454445.2,1232.0,1142.4,1243.4,1158.0,1188.8,1145.4,6551844,1185.8,1185.8,,5687836101.0,5687836101.0,,0.0,3,SUR,-6.41,2025-04-04
TQBR,2025-04-07,Новатэк ао,NVTK,141685,10177889908.6,1138.8,1075.6,1178.0,1109.4,1115.6,1112.6,9120026,1108.2,1108.2,,6119765792.8,6119765792.8,,0.0,3,SUR,-2.86,2025-04-07
TQBR,2025-04-08,Новатэк ао,NVTK,89138,5961385084.4,1121.8,1043.6,1128.0,1096.4,1089.8,1048.8,5470522,1106.6,1106.6,,2920818339.6,2920818339.6,,0.0,3,SUR,-5.73,2025-04-08
TQBR,2025-04-09,Новатэк ао,NVTK,173282,11553335764.0,1044.0,977.2,1105.0,1018.4,1031.8,1102.0,11195138,1012.0,1012.0,,7173977124.0,7173977124.0,,0.0,3,SUR,5.07,2025-04-09
TQBR,2025-04-10,Новатэк ао,NVTK,68882,4811604851.8,1107.0,1044.8,1108.0,1068.4,1079.4,1062.0,4457509,1084.8,1084.8,,3146078207.6,3146078207.6,,0.0,3,SUR,-3.63,2025-04-10
TQBR,2025-04-11,Новатэк ао,NVTK,68066,5105751377.6,1063.2,1062.2,1118.4,1106.6,1102.0,1115.0,4632744,1102.6,1102.6,,3449835617.0,3449835617.0,,0.0,3,SUR,4.99,2025-04-11
TQBR,2025-04-14,Новатэк ао,NVTK,75160,4470475013.8,1118.6,1101.0,1145.0,1117.0,1124.6,1115.6,3975761,1123.8,1123.8,,2726466022.4,2726466022.4,,0.0,3,SUR,0.05,2025-04-14
TQBR,2025-04-15,Новатэк ао,NVTK,72836,4916198820.2,1115.6,1098.0,1165.0,1133.2,1128.0,1159.0,4357353,1120.2,1120.2,,3162845571.4,3162845571.4,,0.0,3,SUR,3.89,2025-04-15
TQBR,2025-04-16,Новатэк ао,NVTK,118558,6302774777.8,1154.0,1140.0,1197.8,1180.0,1175.0,1190.2,5362687,1175.8,1175.8,,4436548296.4,4436548296.4,,0.0,3,SUR,2.69,2025-04-16
TQBR,2025-04-17,Новатэк ао,NVTK,112162,8359911251.8,1190.0,1169.0,1223.4,1190.8,1200.2,1219.8,6965791,1195.2,1195.2,,4915001117.4,4915001117.4,,0.0,3,SUR,2.49,2025-04-17
TQBR,2025-04-18,Новатэк ао,NVTK,66167,5339211432.4,1205.4,1171.8,1207.4,1201.0,1193.2,1193.0,4474634,1191.2,1191.2,,3830710408.0,3830710408.0,,0.0,3,SUR,-2.2,2025-04-18
TQBR,2025-04-21,Новатэк ао,NVTK,83624,4658436134.2,1202.2,1198.2,1242.4,1233.8,1227.0,1237.0,3796489,1228.0,1228.0,,3451337977.2,3451337977.2,,0.0,3,SUR,3.69,2025-04-21
TQBR,2025-04-22,Новатэк ао,NVTK,58665,4462178749.2,1238.8,1230.0,1264.0,1247.8,1243.4,1244.8,3588657,1238.6,1238.6,,2454089982.2,2454089982.2,,0.0,3,SUR,0.63,2025-04-22
TQBR,2025-04-23,Новатэк ао,NVTK,68590,4184108966.6,1248.0,1198.4,1254.2,1241.0,1226.6,1235.4,3411773,1220.6,1220.6,,2879535176.2,2879535176.2,,0.0,3,SUR,-0.76,2025-04-23
TQBR,2025-04-24,Новатэк ао,NVTK,34013,2328887892.4,1239.0,1233.6,1258.4,1247.6,1249.0,1249.0,1864611,1250.2,1250.2,,1802894097.4,1802894097.4,,0.0,3,SUR,1.1,2025-04-24
TQBR,2025-04-25,Новатэк ао,NVTK,86460,6113239027.8,1250.4,1243.0,1317.2,1299.0,1281.6,1314.6,4770174,1276.2,1276.2,,4496838461.0,4496838461.0,,0.0,3,SUR,5.25,2025-04-25
TQBR,2025-04-28,Новатэк ао,NVTK,84036,6021013719.2,1286.4,1256.2,1290.0,1275.0,1272.8,1266.2,4730938,1273.2,1273.2,,4146396165.0,4146396165.0,,0.0,3,SUR,-3.68,2025-04-28
TQBR,2025-04-29,Новатэк ао,NVTK,70858,3924915009.2,1261.6,1201.0,1268.6,1212.4,1225.6,1214.6,3202199,1228.2,1228.2,,2603697562.4,2603697562.4,,0.0,3,SUR,-4.08,2025-04-29
TQBR,2025-04-30,Новатэк ао,NVTK,64539,4448294283.6,1214.8,1173.2,1220.0,1182.8,1191.8,1186.8,3732107,1193.6,1193.6,,3073485705.2,3073485705.2,,0.0,3,SUR,-2.29,2025-04-30
TQBR,2025-05-02,Новатэк ао,NVTK,42267,2668744882.6,1181.0,1109.2,1183.2,1130.0,1142.4,1110.8,2336242,1141.6,1141.6,,1298566510.8,1298566510.8,,0.0,3,SUR,-6.4,2025-05-02
TQBR,2025-05-05,Новатэк ао,NVTK,75827,4377437815.2,1112.2,1069.8,1133.6,1075.8,1100.6,1077.8,3977028,1099.6,1099.6,,2796646790.0,2796646790.0,,0.0,3,SUR,-2.97,2025-05-05
TQBR,2025-05-06,Новатэк ао,NVTK,88263,6099816435.8,1080.0,1050.0,1145.6,1118.0,1102.4,1124.8,5533007,1096.0,1096.0,,3986124556.6,3986124556.6,,0.0,3,SUR,4.36,2025-05-06
TQBR,2025-05-07,Новатэк ао,NVTK,51552,3752140479.0,1126.8,1113.8,1163.8,1147.2,1138.6,1149.0,3295423,1136.6,1136.6,,2547855563.2,2547855563.2,,0.0,3,SUR,2.15,2025-05-07
TQBR,2025-05-08,Новатэк ао,NVTK,41396,3042996833.8,1150.0,1144.6,1178.6,1162.4,1163.6,1160.0,2615264,1166.4,1166.4,,1981747507.6,1981747507.6,,0.0,3,SUR,0.96,2025-05-08
TQBR,2025-05-12,Новатэк ао,NVTK,74830,4662175838.0,1167.0,1158.8,1209.0,1199.4,1191.6,1200.6,3912300,1196.8,1196.8,,2222280568.6,2222280568.6,,0.0,3,SUR,3.5,2025-05-12
TQBR,2025-05-13,Новатэк ао,NVTK,37871,2322570160.4,1202.4,1183.0,1204.0,1201.8,1195.0,1197.2,1943607,1194.0,1194.0,,1830243777.4,1830243777.4,,0.0,3,SUR,-0.28,2025-05-13
TQBR,2025-05-14,Новатэк ао,NVTK,34649,2203621437.8,1197.8,1135.0,1205.0,1190.0,1185.6,1144.2,1858787,1194.4,1194.4,,1126919864.6,1126919864.6,,0.0,3,SUR,-4.43,2025-05-14
TQBR,2025-05-15,Новатэк ао,NVTK,54787,3538167029.8,1143.4,1129.0,1164.8,1146.8,1147.2,1148.4,3084293,1145.4,1145.4,,2718286381.2,2718286381.2,,0.0,3,SUR,0.37,2025-05-15
TQBR,2025-05-16,Новатэк ао,NVTK,52208,3707158927.6,1148.4,1114.8,1186.2,1139.4,1144.2,1149.8,3239773,1144.2,1144.2,,3191664068.2,3191664068.2,,0.0,3,SUR,0.12,2025-05-16
TQBR,2025-05-19,Новатэк ао,NVTK,62702,3961696574.2,1150.0,1146.8,1184.8,1168.4,1167.8,1157.2,3392252,1169.2,1169.2,,1519009223.0,1519009223.0,,0.0,3,SUR,0.64,2025-05-19
TQBR,2025-05-20,Новатэк ао,NVTK,31204,1828492944.4,1160.8,1127.4,1162.0,1133.4,1143.4,1141.0,1599251,1144.0,1144.0,,1293110781.4,1293110781.4,,0.0,3,SUR,-1.4,2025-05-20
TQBR,2025-05-21,Новатэк ао,NVTK,25249,1482255028.6,1143.0,1125.6,1153.2,1140.6,1141.4,1143.8,1298517,1142.0,1142.0,,1182610506.2,1182610506.2,,0.0,3,SUR,0.25,2025-05-21
TQBR,2025-05-22,Новатэк ао,NVTK,61785,4357472205.6,1143.0,1103.4,1146.2,1113.4,1117.4,1106.6,3899196,1117.8,1117.8,,3646076420.8,3646076420.8,,0.0,3,SUR,-3.25,2025-05-22
TQBR,2025-05-23,Новатэк ао,NVTK,56844,3105835423.6,1104.2,1071.0,1108.2,1072.8,1086.4,1077.6,2858132,1086.0,1086.0,,2304858982.8,2304858982.8,,0.0,3,SUR,-2.62,2025-05-23
TQBR,2025-05-26,Новатэк ао,NVTK,72864,3494710860.0,1073.0,1025.2,1076.8,1034.2,1040.2,1031.8,3359561,1036.8,1036.8,,2000283856.0,2000283856.0,,0.0,3,SUR,-4.25,2025-05-26
TQBR,2025-05-27,Новатэк ао,NVTK,44065,2831411268.0,1027.6,1012.4,1043.8,1042.2,1033.2,1040.6,2740789,1035.0,1035.0,,1856617135.6,1856617135.6,,0.0,3,SUR,0.85,2025-05-27
TQBR,2025-05-28,Новатэк ао,NVTK,75276,5604378653.4,1042.2,1040.8,1116.0,1084.6,1078.0,1113.0,5198978,1072.2,1072.2,,3707661124.2,3707661124.2,,0.0,3,SUR,6.96,2025-05-28
TQBR,2025-05-29,Новатэк ао,NVTK,50028,3071363369.0,1115.0,1078.0,1115.2,1090.6,1097.8,1078.2,2797906,1099.4,1099.4,,2000056334.4,2000056334.4,,0.0,3,SUR,-3.13,2025-05-29
TQBR,2025-05-30,Новатэк ао,NVTK,33204,2380794499.0,1077.0,1070.4,1111.0,1103.4,1094.8,1101.8,2174579,1097.2,1097.2,,1732314415.2,1732314415.2,,0.0,3,SUR,2.19,2025-05-30
TQBR,2025-06-02,Новатэк ао,NVTK,62011,4547886759.6,1101.8,1056.0,1121.4,1116.4,1091.2,1113.4,4166272,1094.6,1094.6,,2668918850.8,2668918850.8,,0.0,3,SUR,1.05,2025-06-02
TQBR,2025-06-03,Новатэк ао,NVTK,38645,2763507765.6,1110.0,1108.0,1134.0,1122.4,1122.6,1132.0,2461800,1119.6,1119.6,,1674276094.8,1674276094.8,,0.0,3,SUR,1.67,2025-06-03
TQBR,2025-06-04,Новатэк ао,NVTK,44576,3480885929.6,1135.4,1101.0,1142.4,1116.0,1126.0,1105.0,3091181,1128.8,1128.8,,2226515177.6,2226515177.6,,0.0,3,SUR,-2.39,2025-06-04
TQBR,2025-06-05,Новатэк ао,NVTK,23021,1687009026.6,1106.0,1102.0,1120.0,1116.6,1112.4,1112.8,1516569,1114.6,1114.6,,955117730.4,955117730.4,,0.0,3,SUR,0.71,2025-06-05
TQBR,2025-06-06,Новатэк ао,NVTK,65589,4508827556.2,1112.8,1068.2,1144.0,1079.2,1102.6,1069.4,4089405,1106.4,1106.4,,3844131335.8,3844131335.8,,0.0,3,SUR,-3.9,2025-06-06
TQBR,2025-06-09,Новатэк ао,NVTK,49222,2111180988.0,1072.4,1041.6,1080.4,1045.0,1056.2,1043.4,1998685,1054.0,1054.0,,1429530663.6,1429530663.6,,0.0,3,SUR,-2.43,2025-06-09
TQBR,2025-06-10,Новатэк ао,NVTK,61093,3472203752.2,1045.4,1007.4,1053.6,1020.6,1022.8,1009.4,3394602,1022.8,1022.8,,2811254359.2,2811254359.2,,0.0,3,SUR,-3.26,2025-06-10
TQBR,2025-06-11,Новатэк ао,NVTK,43755,2507171417.2,1010.6,1002.0,1036.0,1033.6,1023.6,1028.0,2449616,1026.0,1026.0,,1897539404.6,1897539404.6,,0.0,3,SUR,1.84,2025-06-11
TQBR,2025-06-13,Новатэк ао,NVTK,19933,1293561299.8,1045.0,1028.0,1047.2,1034.2,1038.0,1035.6,1246139,1038.4,1038.4,,817568867.8,817568867.8,,0.0,3,SUR,0.74,2025-06-13
TQBR,2025-06-16,Новатэк ао,NVTK,58993,2809049826.2,1044.0,1017.6,1065.0,1027.4,1041.6,1023.8,2697138,1040.0,1040.0,,1327390616.8,1327390616.8,,0.0,3,SUR,-1.14,2025-06-16
TQBR,2025-06-17,Новатэк ао,NVTK,45876,2757245227.0,1024.0,1018.2,1079.0,1066.0,1055.6,1073.0,2611236,1048.8,1048.8,,1625087050.8,1625087050.8,,0.0,3,SUR,4.81,2025-06-17
TQBR,2025-06-18,Новатэк ао,NVTK,53447,4178117315.8,1077.0,1052.4,1089.8,1058.8,1071.4,1061.8,3899657,1072.4,1072.4,,3459808922.4,3459808922.4,,0.0,3,SUR,-1.04,2025-06-18
TQBR,2025-06-19,Новатэк ао,NVTK,47176,2805163222.6,1061.2,1045.4,1075.2,1062.8,1058.2,1056.6,2650698,1057.0,1057.0,,2246605432.6,2246605432.6,,0.0,3,SUR,-0.49,2025-06-19
TQBR,2025-06-20,Новатэк ао,NVTK,40152,1991139035.8,1057.6,1032.0,1068.4,1043.2,1049.6,1040.8,1896583,1051.0,1051.0,,1652384215.4,1652384215.4,,0.0,3,SUR,-1.5,2025-06-20
TQBR,2025-06-23,Новатэк ао,NVTK,34831,2331803197.0,1050.0,1033.2,1062.8,1057.8,1047.0,1039.6,2227180,1046.6,1046.6,,1269229667.8,1269229667.8,,0.0,3,SUR,-0.12,2025-06-23
TQBR,2025-06-24,Новатэк ао,NVTK,35065,2701118478.4,1039.8,1023.0,1053.2,1048.4,1037.4,1046.6,2603609,1035.6,1035.6,,2003846448.6,2003846448.6,,0.0,3,SUR,0.67,2025-06-24
TQBR,2025-06-25,Новатэк ао,NVTK,63763,4298897976.0,1049.0,1048.0,1094.0,1090.6,1076.0,1090.8,3994648,1075.4,1075.4,,3509919003.0,3509919003.0,,0.0,3,SUR,4.22,2025-06-25
TQBR,2025-06-26,Новатэк ао,NVTK,37324,2303322649.2,1090.8,1077.6,1092.8,1080.0,1083.2,1078.0,2126210,1083.2,1083.2,,1870103239.2,1870103239.2,,0.0,3,SUR,-1.17,2025-06-26
TQBR,2025-06-27,Новатэк ао,NVTK,42022,3060788962.2,1080.0,1070.6,1093.8,1083.0,1082.0,1091.0,2829059,1081.4,1081.4,,2511458769.4,2511458769.4,,0.0,3,SUR,1.21,2025-06-27
TQBR,2025-06-30,Новатэк ао,NVTK,44140,2820330819.8,1090.8,1082.0,1105.0,1100.0,1096.4,1097.6,2573518,1096.6,1096.6,,1847466578.4,1847466578.4,,0.0,3,SUR,0.6,2025-06-30
TQBR,2025-07-01,Новатэк ао,NVTK,40586,3403646950.6,1099.8,1096.2,1123.8,1115.0,1112.4,1111.0,3060162,1112.8,1112.8,,2804086454.4,2804086454.4,,0.0,3,SUR,1.22,2025-07-01
TQBR,2025-07-02,Новатэк ао,NVTK,37400,2866930662.4,1113.0,1090.8,1122.8,1097.0,1104.6,1093.8,2595663,1103.2,1103.2,,2163409874.2,2163409874.2,,0.0,3,SUR,-1.55,2025-07-02
TQBR,2025-07-03,Новатэк ао,NVTK,39279,2871892816.2,1094.8,1071.4,1102.8,1088.0,1088.6,1073.4,2638005,1090.0,1090.0,,2245519533.8,2245519533.8,,0.0,3,SUR,-1.87,2025-07-03
TQBR,2025-07-04,Новатэк ао,NVTK,43929,2944085631.8,1071.2,1042.6,1073.4,1048.8,1056.4,1050.2,2786980,1055.4,1055.4,,2234019711.2,2234019711.2,,0.0,3,SUR,-2.16,2025-07-04
TQBR,2025-07-07,Новатэк ао,NVTK,40810,2363574847.0,1052.6,1026.0,1055.2,1030.0,1043.4,1030.2,2266261,1044.6,1044.6,,1724435765.2,1724435765.2,,0.0,3,SUR,-1.9,2025-07-07
TQBR,2025-07-08,Новатэк ао,NVTK,33281,1977850784.4,1031.2,1010.0,1046.6,1039.0,1030.6,1016.4,1919097,1037.2,1037.2,,1042822066.0,1042822066.0,,0.0,3,SUR,-1.34,2025-07-08
TQBR,2025-07-09,Новатэк ао,NVTK,39016,2365663255.6,1016.4,1011.0,1039.6,1024.6,1024.6,1032.8,2309023,1023.6,1023.6,,1762935262.8,1762935262.8,,0.0,3,SUR,1.61,2025-07-09
TQBR,2025-07-10,Новатэк ао,NVTK,20742,1485554018.4,1036.0,1025.2,1045.8,1045.0,1036.4,1037.0,1433331,1035.8,1035.8,,1218118343.8,1218118343.8,,0.0,3,SUR,0.41,2025-07-10
TQBR,2025-07-11,Новатэк ао,NVTK,67596,3678527103.4,1038.0,989.0,1042.0,994.6,1009.8,991.4,3642344,1011.4,1011.4,,2907006070.4,2907006070.4,,0.0,3,SUR,-4.4,2025-07-11
TQBR,2025-07-14,Новатэк ао,NVTK,85217,5220586771.6,993.8,966.6,1038.0,1029.0,1001.6,1031.2,5211269,999.4,999.4,,3451356691.8,3451356691.8,,0.0,3,SUR,4.01,2025-07-14
TQBR,2025-07-15,Новатэк ао,NVTK,40796,2389291564.2,1036.0,1031.0,1052.2,1047.2,1043.8,1046.8,2289189,1044.0,1044.0,,1793044606.2,1793044606.2,,0.0,3,SUR,1.51,2025-07-15
TQBR,2025-07-16,Новатэк ао,NVTK,30486,2146263847.0,1049.0,1037.4,1055.0,1044.4,1046.0,1044.2,2051760,1046.0,1046.0,,1628138691.8,1628138691.8,,0.0,3,SUR,-0.25,2025-07-16
TQBR,2025-07-17,Новатэк ао,NVTK,30814,2517162928.8,1045.0,1031.2,1060.8,1048.8,1049.6,1034.0,2398228,1052.4,1052.4,,1911286770.8,1911286770.8,,0.0,3,SUR,-0.98,2025-07-17
TQBR,2025-07-18,Новатэк ао,NVTK,48651,3657763106.2,1037.4,1034.4,1082.2,1071.4,1061.2,1082.0,3447097,1060.4,1060.4,,2992919870.2,2992919870.2,,0.0,3,SUR,4.64,2025-07-18
TQBR,2025-07-21,Новатэк ао,NVTK,50273,3318492870.4,1081.8,1080.2,1109.0,1101.6,1096.8,1091.6,3025624,1095.0,1095.0,,1398233720.8,1398233720.8,,0.0,3,SUR,0.89,2025-07-21
TQBR,2025-07-22,Новатэк ао,NVTK,30434,1960493436.2,1094.8,1075.0,1095.8,1083.4,1083.2,1085.0,1809788,1083.0,1083.0,,1491661062.6,1491661062.6,,0.0,3,SUR,-0.6,2025-07-22
TQBR,2025-07-23,Новатэк ао,NVTK,72311,3320188800.6,1085.0,1066.2,1090.8,1080.4,1079.8,1071.4,3075022,1080.2,1080.2,,2695728763.6,2695728763.6,,0.0,3,SUR,-1.25,2025-07-23
TQBR,2025-07-24,Новатэк ао,NVTK,41870,1959715103.8,1072.0,1064.2,1084.0,1073.4,1074.8,1073.2,1823208,1075.6,1075.6,,1577130342.2,1577130342.2,,0.0,3,SUR,0.17,2025-07-24
TQBR,2025-07-25,Новатэк ао,NVTK,58202,3522862212.2,1076.0,1046.8,1086.2,1051.6,1066.2,1052.8,3304290,1067.0,1067.0,,3127846608.6,3127846608.6,,0.0,3,SUR,-1.9,2025-07-25
TQBR,2025-07-28,Новатэк ао,NVTK,64767,3746383724.4,1056.4,1012.4,1060.2,1016.0,1030.6,1024.8,3635326,1029.4,1029.4,,2851032790.6,2851032790.6,,0.0,3,SUR,-2.66,2025-07-28
TQBR,2025-07-29,Новатэк ао,NVTK,31010,1820356236.4,1023.8,1019.6,1034.4,1029.0,1027.8,1028.0,1770959,1028.6,1028.6,,1375648262.2,1375648262.2,,0.0,3,SUR,0.31,2025-07-29
TQBR,2025-07-30,Новатэк ао,NVTK,22891,1139126053.8,1028.2,1013.2,1028.6,1017.4,1020.6,1018.8,1116132,1020.6,1020.6,,945990619.0,945990619.0,,0.0,3,SUR,-0.89,2025-07-30
TQBR,2025-07-31,Новатэк ао,NVTK,24170,1557577408.2,1019.0,1008.8,1025.0,1010.4,1016.0,1014.2,1533056,1016.0,1016.0,,1294083493.0,1294083493.0,,0.0,3,SUR,-0.45,2025-07-31
TQBR,2025-08-01,Новатэк ао,NVTK,55083,2798746447.0,1017.6,1003.0,1030.0,1010.6,1019.2,1014.0,2746251,1020.2,1020.2,,2051907109.8,2051907109.8,,0.0,3,SUR,-0.02,2025-08-01
TQBR,2025-08-04,Новатэк ао,NVTK,70023,3531158079.2,1018.8,1013.0,1059.0,1051.0,1041.6,1058.2,3389828,1039.2,1039.2,,2694610433.8,2694610433.8,,0.0,3,SUR,4.36,2025-08-04
TQBR,2025-08-05,Новатэк ао,NVTK,43790,2802309909.0,1060.0,1041.6,1063.4,1052.0,1051.0,1058.6,2665898,1049.0,1049.0,,2047440126.4,2047440126.4,,0.0,3,SUR,0.04,2025-08-05
TQBR,2025-08-06,Новатэк ао,NVTK,69636,5752207965.8,1058.8,1035.4,1097.6,1041.6,1068.8,1083.8,5382281,1049.6,1049.6,,1419799604.4,1419799604.4,,0.0,3,SUR,2.38,2025-08-06
TQBR,2025-08-07,Новатэк ао,NVTK,170093,20171918195.2,1084.0,1072.2,1176.0,1127.2,1135.0,1138.0,17772183,1140.6,1140.6,,14938523951.6,14938523951.6,,0.0,3,SUR,5.0,2025-08-07
TQBR,2025-08-08,Новатэк ао,NVTK,94440,9923434966.4,1140.0,1120.0,1200.0,1164.2,1154.2,1195.8,8595193,1143.4,1143.4,,5805203405.2,5805203405.2,,0.0,3,SUR,5.08,2025-08-08
TQBR,2025-08-11,Новатэк ао,NVTK,115502,10989778989.0,1224.6,1205.2,1234.4,1220.0,1219.6,1222.0,9011414,1222.2,1222.2,,6881986943.8,6881986943.8,,0.0,3,SUR,2.19,2025-08-11
TQBR,2025-08-12,Новатэк ао,NVTK,61065,6004459400.8,1222.0,1206.8,1252.8,1243.6,1229.8,1244.0,4882479,1230.0,1230.0,,4492898455.2,4492898455.2,,0.0,3,SUR,1.8,2025-08-12
TQBR,2025-08-13,Новатэк ао,NVTK,69340,7349786693.4,1242.0,1230.0,1260.0,1255.2,1246.6,1241.2,5896981,1245.6,1245.6,,5765977341.4,5765977341.4,,0.0,3,SUR,-0.23,2025-08-13
TQBR,2025-08-14,Новатэк ао,NVTK,73439,8428912843.2,1241.6,1221.2,1273.4,1248.4,1245.8,1264.4,6765802,1241.2,1241.2,,6223523714.8,6223523714.8,,0.0,3,SUR,1.87,2025-08-14
TQBR,2025-08-15,Новатэк ао,NVTK,85647,8537591179.4,1265.0,1251.4,1293.0,1278.0,1277.2,1278.8,6685289,1276.0,1276.0,,5440368129.8,5440368129.8,,0.0,3,SUR,1.14,2025-08-15
TQBR,2025-08-18,Новатэк ао,NVTK,113064,12931733965.0,1239.4,1222.2,1303.6,1234.0,1251.2,1269.8,10335217,1240.8,1240.8,,3319247533.4,3319247533.4,,0.0,3,SUR,-0.7,2025-08-18
TQBR,2025-08-19,Новатэк ао,NVTK,59081,7402274589.4,1275.0,1239.2,1284.0,1245.2,1265.2,1250.6,5851408,1267.8,1267.8,,4513054217.6,4513054217.6,,0.0,3,SUR,-1.51,2025-08-19
TQBR,2025-08-20,Новатэк ао,NVTK,70589,6403977582.8,1251.8,1210.2,1257.2,1218.6,1226.2,1215.0,5222716,1226.0,1226.0,,5413409532.4,5413409532.4,,0.0,3,SUR,-2.85,2025-08-20
TQBR,2025-08-21,Новатэк ао,NVTK,103814,11255623369.2,1217.0,1158.0,1217.2,1165.8,1186.4,1164.0,9486987,1188.6,1188.6,,9136454261.4,9136454261.4,,0.0,3,SUR,-4.2,2025-08-21
TQBR,2025-08-22,Новатэк ао,NVTK,69993,5861241094.0,1164.0,1151.4,1188.8,1179.8,1172.2,1184.8,4999103,1172.8,1172.8,,3973668711.0,3973668711.0,,0.0,3,SUR,1.79,2025-08-22
TQBR,2025-08-25,Новатэк ао,NVTK,70360,5506310843.2,1186.2,1155.0,1197.0,1172.6,1171.4,1171.2,4700300,1167.0,1167.0,,2925416693.0,2925416693.0,,0.0,3,SUR,-1.15,2025-08-25
TQBR,2025-08-26,Новатэк ао,NVTK,41892,3676281488.4,1170.0,1164.6,1194.0,1166.4,1179.0,1172.0,3117712,1181.0,1181.0,,2547570641.8,2547570641.8,,0.0,3,SUR,0.07,2025-08-26
TQBR,2025-08-27,Новатэк ао,NVTK,81883,9005682634.4,1172.0,1163.2,1227.8,1219.4,1205.0,1225.2,7476001,1202.8,1202.8,,7283123980.2,7283123980.2,,0.0,3,SUR,4.54,2025-08-27
TQBR,2025-08-28,Новатэк ао,NVTK,101588,11008271595.4,1225.4,1205.4,1243.6,1229.0,1226.0,1217.0,8978543,1231.0,1231.0,,5721299999.6,5721299999.6,,0.0,3,SUR,-0.67,2025-08-28
TQBR,2025-08-29,Новатэк ао,NVTK,76411,6204670265.0,1220.4,1217.6,1244.2,1236.4,1232.4,1238.4,5034696,1233.0,1233.0,,5024331812.6,5024331812.6,,0.0,3,SUR,1.76,2025-08-29
TQBR,2025-09-01,Новатэк ао,NVTK,49890,4137630015.6,1238.4,1221.2,1253.0,1235.8,1239.8,1225.6,3337104,1242.4,1242.4,,2030654461.6,2030654461.6,,0.0,3,SUR,-1.03,2025-09-01
TQBR,2025-09-02,Новатэк ао,NVTK,61094,6108394712.0,1229.0,1201.0,1234.4,1203.0,1212.6,1220.0,5037477,1211.6,1211.6,,4285252296.8,4285252296.8,,0.0,3,SUR,-0.46,2025-09-02
TQBR,2025-09-03,Новатэк ао,NVTK,34403,3360125249.8,1220.2,1205.2,1229.6,1212.4,1217.2,1226.8,2759958,1215.0,1215.0,,2143692795.4,2143692795.4,,0.0,3,SUR,0.56,2025-09-03
TQBR,2025-09-04,Новатэк ао,NVTK,43158,4267396387.6,1227.0,1213.6,1245.0,1221.2,1230.2,1226.6,3469000,1230.8,1230.8,,3243717736.2,3243717736.2,,0.0,3,SUR,-0.02,2025-09-04
TQBR,2025-09-05,Новатэк ао,NVTK,35214,3043478707.2,1228.0,1226.4,1245.6,1238.6,1238.0,1239.8,2458261,1238.8,1238.8,,2426495816.8,2426495816.8,,0.0,3,SUR,1.08,2025-09-05
TQBR,2025-09-08,Новатэк ао,NVTK,39524,3106463913.8,1243.2,1226.6,1244.8,1238.0,1237.8,1237.4,2509725,1236.8,1236.8,,2303113613.6,2303113613.6,,0.0,3,SUR,-0.19,2025-09-08
TQBR,2025-09-09,Новатэк ао,NVTK,37673,3159767439.0,1238.4,1237.0,1252.8,1251.8,1245.2,1250.8,2537453,1245.2,1245.2,,2699099395.4,2699099395.4,,0.0,3,SUR,1.08,2025-09-09
TQBR,2025-09-10,Новатэк ао,NVTK,30144,2708125965.2,1252.4,1222.2,1252.6,1232.2,1238.4,1231.0,2186729,1240.4,1240.4,,1761375202.2,1761375202.2,,0.0,3,SUR,-1.58,2025-09-10
TQBR,2025-09-11,Новатэк ао,NVTK,44520,3285575536.6,1234.0,1207.2,1234.0,1220.6,1218.0,1219.4,2697488,1217.0,1217.0,,2889274924.8,2889274924.8,,0.0,3,SUR,-0.94,2025-09-11
TQBR,2025-09-12,Новатэк ао,NVTK,51869,4137066798.4,1220.8,1193.0,1225.0,1198.0,1204.4,1201.0,3434997,1204.2,1204.2,,3331446264.4,3331446264.4,,0.0,3,SUR,-1.51,2025-09-12
TQBR,2025-09-15,Новатэк ао,NVTK,49866,3475735373.0,1203.0,1184.0,1209.0,1196.2,1196.6,1198.8,2904564,1195.0,1195.0,,2481946436.4,2481946436.4,,0.0,3,SUR,-0.18,2025-09-15
TQBR,2025-09-16,Новатэк ао,NVTK,41764,4012482894.0,1198.8,1188.2,1216.0,1205.8,1201.8,1207.2,3338672,1200.2,1200.2,,3240823981.4,3240823981.4,,0.0,3,SUR,0.7,2025-09-16
TQBR,2025-09-17,Новатэк ао,NVTK,37936,3078269906.4,1207.6,1200.2,1230.0,1224.0,1214.0,1228.0,2535492,1211.8,1211.8,,2213144974.8,2213144974.8,,0.0,3,SUR,1.72,2025-09-17
TQBR,2025-09-18,Новатэк ао,NVTK,63364,4727139758.8,1230.4,1202.0,1238.0,1217.2,1221.2,1207.2,3871131,1223.2,1223.2,,3664562203.0,3664562203.0,,0.0,3,SUR,-1.69,2025-09-18
TQBR,2025-09-19,Новатэк ао,NVTK,65171,4555921932.6,1208.0,1162.2,1215.0,1168.6,1188.8,1167.2,3841761,1187.4,1187.4,,3613167065.4,3613167065.4,,0.0,3,SUR,-3.31,2025-09-19
TQBR,2025-09-22,Новатэк ао,NVTK,91914,7546922087.2,1168.0,1107.8,1176.0,1154.8,1139.4,1156.0,6623092,1136.6,1136.6,,6631427777.0,6631427777.0,,0.0,3,SUR,-0.96,2025-09-22
TQBR,2025-09-23,Новатэк ао,NVTK,56945,5063140517.0,1156.0,1111.8,1167.4,1153.0,1140.4,1117.2,4440060,1158.2,1158.2,,2256853087.8,2256853087.8,,0.0,3,SUR,-3.36,2025-09-23
TQBR,2025-09-24,Новатэк ао,NVTK,69457,5582564094.4,1119.8,1085.4,1134.4,1120.4,1115.6,1127.6,5003937,1119.8,1119.8,,3856508411.6,3856508411.6,,0.0,3,SUR,0.93,2025-09-24
TQBR,2025-09-25,Новатэк ао,NVTK,29639,2274342057.0,1128.2,1112.0,1133.0,1120.4,1119.8,1119.4,2030573,1120.2,1120.2,,1712513594.4,1712513594.4,,0.0,3,SUR,-0.73,2025-09-25
TQBR,2025-09-26,Новатэк ао,NVTK,40910,2776202610.0,1119.8,1098.4,1123.0,1119.8,1112.0,1114.2,2496308,1111.4,1111.4,,2146758593.4,2146758593.4,,0.0,3,SUR,-0.46,2025-09-26
TQBR,2025-09-29,Новатэк ао,NVTK,61606,4065087573.2,1114.2,1092.4,1141.8,1099.8,1120.6,1099.4,3627990,1125.4,1125.4,,3177111714.0,3177111714.0,,0.0,3,SUR,-1.33,2025-09-29
TQBR,2025-09-30,Новатэк ао,NVTK,47495,3041558622.2,1099.0,1086.2,1109.4,1099.2,1098.8,1101.8,2767680,1098.2,1098.2,,2552365271.8,2552365271.8,,0.0,3,SUR,0.22,2025-09-30
TQBR,2025-10-01,Новатэк ао,NVTK,51294,4454512026.0,1105.0,1100.0,1154.4,1105.0,1117.2,1116.8,3986462,1119.2,1119.2,,3534323649.0,3534323649.0,,0.0,3,SUR,1.36,2025-10-01
TQBR,2025-10-02,Новатэк ао,NVTK,41308,2685013086.6,1117.0,1107.0,1128.8,1119.0,1118.4,1114.8,2401086,1119.2,1119.2,,2016797775.8,2016797775.8,,0.0,3,SUR,-0.18,2025-10-02
TQBR,2025-10-03,Новатэк ао,NVTK,56575,3551328693.4,1114.6,1075.0,1126.0,1092.6,1096.8,1084.0,3238080,1103.6,1103.6,,2218490614.4,2218490614.4,,0.0,3,SUR,-2.76,2025-10-03
TQBR,2025-10-06,Новатэк ао,NVTK,82501,4929883526.0,1053.6,1042.6,1083.4,1080.6,1060.8,1083.2,4647084,1058.8,1058.8,,4397561378.0,4397561378.0,,0.0,3,SUR,-0.07,2025-10-06
TQBR,2025-10-07,Новатэк ао,NVTK,43829,2464476120.6,1078.2,1065.4,1088.4,1079.6,1075.8,1073.6,2290747,1075.8,1075.8,,1973710974.6,1973710974.6,,0.0,3,SUR,-0.89,2025-10-07
TQBR,2025-10-08,Новатэк ао,NVTK,73313,4900263259.2,1075.0,1012.0,1078.6,1022.8,1037.8,1022.2,4721540,1040.4,1040.4,,3817633369.2,3817633369.2,,0.0,3,SUR,-4.79,2025-10-08
TQBR,2025-10-09,Новатэк ао,NVTK,69479,4336353127.2,1029.2,1002.4,1062.0,1059.0,1035.8,1056.6,4186488,1036.0,1036.0,,3645295891.4,3645295891.4,,0.0,3,SUR,3.37,2025-10-09
TQBR,2025-10-10,Новатэк ао,NVTK,48725,2568408035.2,1056.0,1027.2,1067.2,1050.8,1052.6,1035.6,2440225,1054.4,1054.4,,2065896888.8,2065896888.8,,0.0,3,SUR,-1.99,2025-10-10
TQBR,2025-10-13,Новатэк ао,NVTK,51417,3064068055.4,1034.0,1020.2,1057.8,1033.6,1038.2,1033.8,2951153,1039.2,1039.2,,2365808534.8,2365808534.8,,0.0,3,SUR,-0.17,2025-10-13
TQBR,2025-10-14,Новатэк ао,NVTK,39728,2919829537.4,1037.0,1021.4,1062.8,1051.8,1039.8,1049.6,2808260,1039.0,1039.0,,2353761152.4,2353761152.4,,0.0,3,SUR,1.53,2025-10-14
TQBR,2025-10-15,Новатэк ао,NVTK,76490,4622298986.4,1050.2,1040.2,1101.2,1075.2,1072.6,1076.4,4309310,1073.2,1073.2,,4158604729.6,4158604729.6,,0.0,3,SUR,2.55,2025-10-15
TQBR,2025-10-16,Новатэк ао,NVTK,105726,9489676209.0,1077.0,1055.2,1184.0,1095.8,1121.8,1162.0,8459993,1077.2,1077.2,,3107749233.4,3107749233.4,,0.0,3,SUR,7.95,2025-10-16
TQBR,2025-10-17,Новатэк ао,NVTK,59520,5238612433.4,1165.2,1142.2,1178.8,1159.2,1156.2,1158.4,4530642,1153.0,1153.0,,3171217418.2,3171217418.2,,0.0,3,SUR,-0.31,2025-10-17
TQBR,2025-10-20,Новатэк ао,NVTK,54557,3051832022.0,1168.6,1151.6,1177.4,1160.6,1164.8,1159.6,2620017,1162.8,1162.8,,1744368506.2,1744368506.2,,0.0,3,SUR,0.1,2025-10-20
TQBR,2025-10-21,Новатэк ао,NVTK,73993,5566452337.6,1159.4,1080.0,1161.0,1103.0,1118.6,1116.4,4976772,1117.8,1117.8,,3292328124.8,3292328124.8,,0.0,3,SUR,-3.73,2025-10-21
TQBR,2025-10-22,Новатэк ао,NVTK,61564,4541948560.8,1116.4,1059.8,1128.6,1098.4,1095.2,1084.4,4147622,1110.4,1110.4,,1935717883.2,1935717883.2,,0.0,3,SUR,-2.87,2025-10-22
TQBR,2025-10-23,Новатэк ао,NVTK,42108,2394445245.2,1052.0,1052.0,1078.2,1070.2,1064.8,1077.2,2248748,1064.6,1064.6,,1519470100.4,1519470100.4,,0.0,3,SUR,-0.66,2025-10-23
TQBR,2025-10-24,Новатэк ао,NVTK,40563,2759162065.0,1080.0,1040.0,1083.4,1057.4,1058.8,1057.6,2605759,1058.2,1058.2,,2432977276.8,2432977276.8,,0.0,3,SUR,-1.82,2025-10-24
TQBR,2025-10-27,Новатэк ао,NVTK,45447,2188354835.8,1057.8,1022.0,1057.8,1035.6,1034.6,1026.6,2114996,1033.0,1033.0,,1607275463.0,1607275463.0,,0.0,3,SUR,-2.93,2025-10-27
TQBR,2025-10-28,Новатэк ао,NVTK,38221,2134685631.4,1026.6,1016.2,1057.6,1050.0,1045.2,1052.2,2042533,1047.8,1047.8,,1542795057.6,1542795057.6,,0.0,3,SUR,2.49,2025-10-28
TQBR,2025-10-29,Новатэк ао,NVTK,26511,1545656706.4,1054.4,1045.0,1074.0,1063.4,1060.6,1057.6,1457466,1061.2,1061.2,,1284683658.4,1284683658.4,,0.0,3,SUR,0.51,2025-10-29
TQBR,2025-10-30,Новатэк ао,NVTK,41428,1976724702.0,1060.6,1047.4,1072.4,1067.8,1060.2,1067.2,1864706,1059.2,1059.2,,1652076688.4,1652076688.4,,0.0,3,SUR,0.91,2025-10-30
TQBR,2025-10-31,Новатэк ао,NVTK,24700,1213310946.6,1067.2,1037.0,1072.0,1049.6,1052.2,1044.8,1153080,1055.2,1055.2,,722851172.0,722851172.0,,0.0,3,SUR,-2.1,2025-10-31
TQBR,2025-11-01,Новатэк ао,NVTK,10484,424522973.0,1042.2,1042.0,1052.4,1049.0,1048.0,1044.8,405095,1048.4,1048.4,,288681894.8,288681894.8,,0.0,3,SUR,0.0,2025-11-01
TQBR,2025-11-03,Новатэк ао,NVTK,16436,702066233.0,1052.2,1047.8,1069.6,1065.0,1063.2,1066.0,660362,1064.8,1064.8,,448688888.0,448688888.0,,0.0,3,SUR,2.03,2025-11-03
TQBR,2025-11-05,Новатэк ао,NVTK,28165,1545147484.4,1065.0,1046.2,1075.0,1056.0,1060.8,1055.4,1456667,1061.4,1061.4,,1313105858.6,1313105858.6,,0.0,3,SUR,-0.99,2025-11-05
TQBR,2025-11-06,Новатэк ао,NVTK,17217,935370165.0,1055.0,1046.4,1060.4,1054.2,1052.8,1060.2,888432,1051.4,1051.4,,612491071.2,612491071.2,,0.0,3,SUR,0.45,2025-11-06
TQBR,2025-11-07,Новатэк ао,NVTK,36911,2093899606.6,1058.8,1050.0,1085.4,1080.2,1075.0,1077.8,1947927,1077.0,1077.0,,1446422883.8,1446422883.8,,0.0,3,SUR,1.66,2025-11-07
TQBR,2025-11-10,Новатэк ао,NVTK,35078,1838949343.8,1079.0,1067.4,1089.8,1076.8,1079.2,1075.8,1704057,1078.8,1078.8,,1439774076.4,1439774076.4,,0.0,3,SUR,-0.19,2025-11-10
TQBR,2025-11-11,Новатэк ао,NVTK,23262,1367228907.8,1074.4,1071.0,1093.8,1081.0,1085.0,1088.8,1260046,1085.4,1085.4,,1127141094.4,1127141094.4,,0.0,3,SUR,1.21,2025-11-11
TQBR,2025-11-12,Новатэк ао,NVTK,24412,1087361779.0,1088.8,1071.8,1090.0,1078.0,1077.8,1075.0,1008833,1078.0,1078.0,,879823842.6,879823842.6,,0.0,3,SUR,-1.27,2025-11-12
TQBR,2025-11-13,Новатэк ао,NVTK,24012,1482983309.0,1076.0,1073.8,1093.0,1089.4,1085.2,1086.4,1366446,1085.4,1085.4,,1162419207.8,1162419207.8,,0.0,3,SUR,1.06,2025-11-13
TQBR,2025-11-14,Новатэк ао,NVTK,22984,1107773844.6,1086.4,1071.2,1090.8,1075.2,1079.4,1077.4,1026290,1079.4,1079.4,,960884890.0,960884890.0,,0.0,3,SUR,-0.83,2025-11-14
TQBR,2025-11-17,Новатэк ао,NVTK,46226,1655872415.2,1077.8,1048.4,1080.0,1055.0,1057.2,1049.6,1566211,1055.8,1055.8,,1192500375.0,1192500375.0,,0.0,3,SUR,-2.58,2025-11-17
TQBR,2025-11-18,Новатэк ао,NVTK,54349,3807108052.0,1048.8,1045.0,1095.0,1075.2,1077.2,1073.0,3534064,1078.4,1078.4,,3269327543.0,3269327543.0,,0.0,3,SUR,2.23,2025-11-18
TQBR,2025-11-19,Новатэк ао,NVTK,75262,5049748411.8,1076.6,1075.8,1127.4,1120.0,1106.6,1117.8,4563664,1105.2,1105.2,,3689992002.0,3689992002.0,,0.0,3,SUR,4.18,2025-11-19
TQBR,2025-11-20,Новатэк ао,NVTK,76132,5218328985.0,1115.6,1106.2,1169.0,1119.4,1134.4,1162.0,4599607,1117.6,1117.6,,1969827639.2,1969827639.2,,0.0,3,SUR,3.95,2025-11-20
TQBR,2025-11-21,Новатэк ао,NVTK,59346,4139114525.8,1161.8,1131.2,1174.8,1159.8,1153.8,1159.4,3587543,1146.8,1146.8,,2261579611.6,2261579611.6,,0.0,3,SUR,-0.22,2025-11-21
TQBR,2025-11-24,Новатэк ао,NVTK,66455,3590407206.2,1175.0,1133.8,1189.0,1141.4,1157.4,1147.0,3101946,1153.8,1153.8,,2569602917.2,2569602917.2,,0.0,3,SUR,-1.07,2025-11-24
TQBR,2025-11-25,Новатэк ао,NVTK,52494,3662428479.2,1147.0,1130.0,1171.8,1162.0,1154.8,1158.8,3171549,1151.2,1151.2,,2298784739.0,2298784739.0,,0.0,3,SUR,1.03,2025-11-25
TQBR,2025-11-26,Новатэк ао,NVTK,20501,1099038937.0,1158.4,1143.0,1158.6,1152.2,1149.4,1145.4,956219,1148.6,1148.6,,745048369.0,745048369.0,,0.0,3,SUR,-1.16,2025-11-26
TQBR,2025-11-27,Новатэк ао,NVTK,45003,2545445233.4,1145.4,1108.8,1152.4,1123.4,1127.8,1119.2,2256825,1127.4,1127.4,,2213689626.2,2213689626.2,,0.0,3,SUR,-2.29,2025-11-27
TQBR,2025-11-28,Новатэк ао,NVTK,47714,3399333742.4,1119.2,1116.0,1168.8,1155.6,1147.2,1166.4,2963365,1143.2,1143.2,,2399606372.4,2399606372.4,,0.0,3,SUR,4.22,2025-11-28
TQBR,2025-12-01,Новатэк ао,NVTK,101278,5311033276.8,1164.0,1155.4,1196.2,1186.0,1179.6,1183.0,4504055,1183.0,1183.0,,3295801121.6,3295801121.6,,0.0,3,SUR,1.42,2025-12-01
TQBR,2025-12-02,Новатэк ао,NVTK,48304,2803774810.4,1183.0,1166.0,1194.0,1174.0,1181.4,1178.0,2373392,1181.6,1181.6,,2039813128.6,2039813128.6,,0.0,3,SUR,-0.42,2025-12-02
TQBR,2025-12-03,Новатэк ао,NVTK,59590,3378993329.2,1153.8,1134.8,1161.8,1150.0,1147.8,1149.2,2943638,1145.2,1145.2,,2158962847.8,2158962847.8,,0.0,3,SUR,-2.44,2025-12-03
TQBR,2025-12-04,Новатэк ао,NVTK,25975,1653290548.8,1154.0,1152.8,1170.0,1161.0,1162.0,1153.6,1422893,1164.0,1164.0,,1112427397.2,1112427397.2,,0.0,3,SUR,0.38,2025-12-04
TQBR,2025-12-05,Новатэк ао,NVTK,52214,3202447190.4,1155.8,1155.0,1197.2,1192.0,1181.6,1194.4,2710320,1181.6,1181.6,,2718936777.6,2718936777.6,,0.0,3,SUR,3.54,2025-12-05
