BOARDID,TRADEDATE,SHORTNAME,SECID,NUMTRADES,VALUE,OPEN,LOW,HIGH,LEGALCLOSEPRICE,WAPRICE,CLOSE,VOLUME,MARKETPRICE2,MARKETPRICE3,ADMITTEDQUOTE,MP2VALTRD,MARKETPRICE3TRADESVALUE,ADMITTEDVALUE,WAVAL,TRADINGSESSION,CURRENCYID,TRENDCLSPR,TRADE_SESSION_DATE
TQBR,2013-03-25,Сбербанк,SBER,140,59340002.8,96.0,96.0,101.14,98.66,99.95,98.79,593680,99.99,99.99,99.99,8572433621.95,8572433621.95,8572433621.95,,3,SUR,,
TQBR,2013-03-26,Сбербанк,SBER,183,126030358.8,98.58,97.08,99.31,97.13,98.19,97.2,1283550,97.82,97.82,97.82,12218468579.3,12218468579.3,12218468579.3,,3,SUR,-1.61,
TQBR,2013-03-27,Сбербанк,SBER,176,121835900.2,97.9,95.39,98.0,96.73,96.55,96.75,1261950,96.45,96.45,96.45,12519812986.55,12519812986.55,12519812986.55,,3,SUR,-0.46,
TQBR,2013-03-28,Сбербанк,SBER,299,192469794.9,96.38,95.72,98.66,98.64,97.63,98.59,1971410,97.74,97.74,97.74,12572809760.42,12572809760.42,12572809760.42,,3,SUR,1.9,
TQBR,2013-03-29,Сбербанк,SBER,121,77268860.1,98.6,98.32,99.09,98.83,98.81,98.76,782000,98.77,98.77,98.77,2611473832.5,2611473832.5,2611473832.5,,3,SUR,0.17,
TQBR,2013-04-01,Сбербанк,SBER,441,224932551.3,98.37,97.55,99.43,98.08,98.67,98.07,2279650,98.52,98.52,98.52,4378601077.8,4378601077.8,4378601077.8,,3,SUR,-0.7,
TQBR,2013-04-02,Сбербанк,SBER,740,350934591.7,98.12,98.04,99.45,98.96,98.72,98.93,3555020,98.72,98.72,98.72,8787806487.92,8787806487.92,8787806487.92,,3,SUR,0.88,
TQBR,2013-04-03,Сбербанк,SBER,839,372483219.4,98.9,98.69,99.71,99.48,99.14,99.59,3757240,99.18,99.18,99.18,7151650596.89,7151650596.89,7151650596.89,,3,SUR,0.67,
TQBR,2013-04-04,Сбербанк,SBER,1009,516688826.9,98.86,98.5,101.13,99.89,99.88,99.91,5172930,99.96,99.96,99.96,10618284258.32,10618284258.32,10618284258.32,,3,SUR,0.32,
TQBR,2013-04-05,Сбербанк,SBER,1164,518651795.1,99.88,98.4,100.84,99.29,99.18,99.38,5229210,99.29,99.29,99.29,7522684156.69,7522684156.69,7522684156.69,,3,SUR,-0.53,
TQBR,2013-04-08,Сбербанк,SBER,645,509859261.2,99.97,99.83,100.78,100.35,100.36,100.43,5080400,100.31,100.31,100.31,6168250329.99,6168250329.99,6168250329.99,,3,SUR,1.06,
TQBR,2013-04-09,Сбербанк,SBER,843,666111961.9,101.24,100.7,102.62,102.61,101.86,102.53,6539720,101.88,101.88,101.88,7694198810.39,7694198810.39,7694198810.39,,3,SUR,2.09,
TQBR,2013-04-10,Сбербанк,SBER,987,650227971.2,102.79,99.81,102.79,103.28,100.38,100.56,6477440,102.68,102.68,102.68,8527429869.46,8527429869.46,8527429869.46,,3,SUR,-1.92,
TQBR,2013-04-11,Сбербанк,SBER,1489,973864091.4,100.78,99.45,100.79,102.43,100.0,100.31,9738330,102.14,102.14,102.14,7794297916.8,7794297916.8,7794297916.8,,3,SUR,-0.25,
TQBR,2013-04-12,Сбербанк,SBER,1201,868793728.2,99.67,98.2,100.14,98.43,99.06,98.34,8770130,99.14,99.14,99.14,7484292279.9,7484292279.9,7484292279.9,,3,SUR,-1.96,
TQBR,2013-04-15,Сбербанк,SBER,1213,910803685.4,97.68,95.05,97.69,95.35,96.11,95.48,9476270,96.1,96.1,96.1,10120630121.93,10120630121.93,10120630121.93,,3,SUR,-2.91,
TQBR,2013-04-16,Сбербанк,SBER,926,839293723.5,94.73,94.73,96.88,95.88,95.96,95.92,8746220,95.97,95.97,95.97,8509297216.7,8509297216.7,8509297216.7,,3,SUR,0.46,
TQBR,2013-04-17,Сбербанк,SBER,1383,1167585816.0,96.62,93.72,96.62,94.64,94.79,94.58,12318170,94.68,94.68,94.68,8597481540.84,8597481540.84,8597481540.84,,3,SUR,-1.4,
TQBR,2013-04-18,Сбербанк,SBER,1436,1092244646.1,94.7,94.26,96.49,95.37,95.49,95.35,11438210,95.59,95.59,95.59,8284601685.66,8284601685.66,8284601685.66,,3,SUR,0.81,
TQBR,2013-04-19,Сбербанк,SBER,1449,1006888982.6,96.3,95.67,96.86,96.35,96.3,96.22,10456040,96.34,96.34,96.34,7355352377.91,7355352377.91,7355352377.91,,3,SUR,0.91,
TQBR,2013-04-22,Сбербанк,SBER,1605,821226005.4,97.21,94.79,97.95,94.99,96.76,95.1,8487550,96.4,96.4,96.4,7136228425.74,7136228425.74,7136228425.74,,3,SUR,-1.16,
TQBR,2013-04-23,Сбербанк,SBER,1193,942323095.4,94.44,94.05,96.5,96.44,95.01,96.46,9918070,95.29,95.29,95.29,8040752545.71,8040752545.71,8040752545.71,,3,SUR,1.43,
TQBR,2013-04-24,Сбербанк,SBER,2221,1055176903.6,97.14,96.51,98.75,97.92,97.62,97.89,10809260,97.68,97.68,97.68,9970136235.53,9970136235.53,9970136235.53,,3,SUR,1.48,
TQBR,2013-04-25,Сбербанк,SBER,4080,1719228023.3,98.17,93.0,99.35,96.37,98.19,96.11,17508370,97.99,97.99,97.99,10832325462.37,10832325462.37,10832325462.37,,3,SUR,-1.82,
TQBR,2013-04-26,Сбербанк,SBER,4279,1200050689.2,95.87,95.01,96.94,95.73,95.96,95.6,12505810,96.04,96.04,96.04,7126742251.29,7126742251.29,7126742251.29,,3,SUR,-0.53,
TQBR,2013-04-29,Сбербанк,SBER,2301,917229968.0,95.69,94.7,96.8,94.71,96.11,94.83,9543700,95.67,95.67,95.67,4853103015.77,4853103015.77,4853103015.77,,3,SUR,-0.81,
TQBR,2013-04-30,Сбербанк,SBER,3856,896143297.6,94.8,94.65,99.3,99.02,96.96,99.3,9242730,97.22,97.22,97.22,9899158153.78,9899158153.78,9899158153.78,,3,SUR,4.71,
TQBR,2013-05-02,Сбербанк,SBER,3234,827171687.0,98.75,98.75,101.29,100.8,100.3,100.84,8247370,100.29,100.29,100.29,5795760977.33,5795760977.33,5795760977.33,,3,SUR,1.55,
TQBR,2013-05-03,Сбербанк,SBER,1828,669270133.9,101.64,100.33,103.0,102.91,101.66,102.92,6583590,101.9,101.9,101.9,6086270119.55,6086270119.55,6086270119.55,,3,SUR,2.06,
TQBR,2013-05-06,Сбербанк,SBER,1034,531844278.6,103.29,102.03,103.29,102.41,102.58,102.28,5184770,102.56,102.56,102.56,5839631225.56,5839631225.56,5839631225.56,,3,SUR,-0.62,
TQBR,2013-05-07,Сбербанк,SBER,1757,787642354.7,102.14,101.68,105.66,105.14,103.65,105.14,7598890,103.87,103.87,103.87,11742432001.5,11742432001.5,11742432001.5,,3,SUR,2.8,
TQBR,2013-05-08,Сбербанк,SBER,1400,838558976.5,105.37,104.23,105.83,105.81,105.03,105.81,7983670,105.08,105.08,105.08,7176875357.94,7176875357.94,7176875357.94,,3,SUR,0.64,
TQBR,2013-05-10,Сбербанк,SBER,1075,763804251.7,105.26,103.59,105.86,103.6,104.96,103.78,7276960,104.74,104.74,104.74,4151496062.52,4151496062.52,4151496062.52,,3,SUR,-1.92,
TQBR,2013-05-13,Сбербанк,SBER,1772,832849328.8,103.55,101.95,103.86,103.33,102.72,103.34,8107650,102.94,102.94,102.94,9500326540.94,9500326540.94,9500326540.94,,3,SUR,-0.42,
TQBR,2013-05-14,Сбербанк,SBER,3313,1362510043.2,103.79,102.86,104.78,103.88,103.95,103.84,13107770,103.86,103.86,103.86,7571906401.34,7571906401.34,7571906401.34,,3,SUR,0.48,
TQBR,2013-05-15,Сбербанк,SBER,1678,923041962.9,104.33,102.4,104.39,103.23,103.24,103.22,8940580,103.23,103.23,103.23,7435781835.46,7435781835.46,7435781835.46,,3,SUR,-0.6,
TQBR,2013-05-16,Сбербанк,SBER,1553,437028291.2,103.27,102.35,103.91,102.45,103.04,102.45,4241390,102.99,102.99,102.99,6120794961.24,6120794961.24,6120794961.24,,3,SUR,-0.75,
TQBR,2013-05-17,Сбербанк,SBER,1021,607272536.6,101.9,101.8,105.28,105.1,103.58,105.17,5862860,103.64,103.64,103.64,8376462856.84,8376462856.84,8376462856.84,,3,SUR,2.65,
TQBR,2013-05-20,Сбербанк,SBER,2101,636337484.4,105.66,105.23,107.13,106.63,106.29,106.49,5986790,106.25,106.25,106.25,8751868375.5,8751868375.5,8751868375.5,,3,SUR,1.26,
TQBR,2013-05-21,Сбербанк,SBER,2411,824782015.3,106.21,105.89,109.42,108.88,107.36,108.9,7682260,107.69,107.69,107.69,9189119981.3,9189119981.3,9189119981.3,,3,SUR,2.26,
TQBR,2013-05-22,Сбербанк,SBER,3194,1371251216.6,109.18,108.93,111.42,110.8,109.95,110.73,12471940,110.18,110.18,110.18,13158466238.3,13158466238.3,13158466238.3,,3,SUR,1.68,
TQBR,2013-05-23,Сбербанк,SBER,2984,1167102305.2,108.6,105.61,108.6,105.62,106.8,105.61,10928200,106.88,106.88,106.88,11229646604.09,11229646604.09,11229646604.09,,3,SUR,-4.62,
TQBR,2013-05-24,Сбербанк,SBER,4447,1782005615.0,106.25,102.47,106.57,103.01,103.94,102.97,17144980,103.91,103.91,103.91,13118296657.79,13118296657.79,13118296657.79,,3,SUR,-2.5,
TQBR,2013-05-27,Сбербанк,SBER,2204,991409272.5,103.62,102.15,103.83,102.86,102.95,102.86,9630270,102.9,102.9,102.9,5892465323.53,5892465323.53,5892465323.53,,3,SUR,-0.11,
TQBR,2013-05-28,Сбербанк,SBER,2316,886016541.4,103.5,103.41,104.97,104.0,104.23,104.0,8500810,104.19,104.19,104.19,7867977736.66,7867977736.66,7867977736.66,,3,SUR,1.11,
TQBR,2013-05-29,Сбербанк,SBER,3289,1346744423.8,103.29,99.9,103.42,99.98,101.59,99.9,13256870,101.39,101.39,101.39,9913766974.85,9913766974.85,9913766974.85,,3,SUR,-3.94,
TQBR,2013-05-30,Сбербанк,SBER,3655,1651821662.3,99.67,98.83,100.92,99.94,99.85,99.98,16543730,99.86,99.86,99.86,9626263278.37,9626263278.37,9626263278.37,,3,SUR,0.08,
TQBR,2013-05-31,Сбербанк,SBER,4266,1718980582.5,100.55,97.75,100.61,98.73,98.88,99.0,17383700,98.81,98.81,98.81,10302661602.1,10302661602.1,10302661602.1,,3,SUR,-0.98,
TQBR,2013-06-03,Сбербанк,SBER,4782,1644442897.1,97.85,96.79,100.68,98.72,99.01,98.8,16609480,98.92,98.92,98.92,11783541733.33,11783541733.33,11783541733.33,,3,SUR,-0.2,
TQBR,2013-06-04,Сбербанк,SBER,2656,722519751.2,100.0,98.71,101.52,98.89,100.15,98.71,7214140,100.04,100.04,100.04,8708722605.21,8708722605.21,8708722605.21,,3,SUR,-0.09,
TQBR,2013-06-05,Сбербанк,SBER,7457,1126258250.7,98.32,97.3,99.28,97.56,98.16,97.5,11474200,98.11,98.11,98.11,9053682100.02,9053682100.02,9053682100.02,,3,SUR,-1.23,
TQBR,2013-06-06,Сбербанк,SBER,2490,942489025.3,97.29,96.26,98.17,96.8,97.37,96.91,9679300,97.24,97.24,97.24,7334839451.16,7334839451.16,7334839451.16,,3,SUR,-0.61,
TQBR,2013-06-07,Сбербанк,SBER,3660,1243068669.2,97.96,96.95,99.52,99.05,98.04,98.92,12679660,98.24,98.24,98.24,9100032270.21,9100032270.21,9100032270.21,,3,SUR,2.07,
TQBR,2013-06-10,Сбербанк,SBER,2780,1016222664.2,99.73,97.3,100.63,97.83,99.33,97.9,10230620,99.13,99.13,99.13,7821700228.63,7821700228.63,7821700228.63,,3,SUR,-1.03,
TQBR,2013-06-11,Сбербанк,SBER,4476,1529646195.3,97.16,94.06,98.43,94.67,96.1,94.7,15916610,95.72,95.72,95.72,10802341148.99,10802341148.99,10802341148.99,,3,SUR,-3.27,
TQBR,2013-06-13,Сбербанк,SBER,5097,1638044971.3,93.52,90.47,93.52,91.76,91.95,91.85,17814630,91.97,91.97,91.97,12610458488.2,12610458488.2,12610458488.2,,3,SUR,-3.01,
TQBR,2013-06-14,Сбербанк,SBER,2901,1179607584.8,92.92,91.41,94.0,93.58,92.51,93.64,12751180,92.77,92.77,92.77,9379865295.02,9379865295.02,9379865295.02,,3,SUR,1.95,
TQBR,2013-06-17,Сбербанк,SBER,3065,1176227423.5,94.2,93.92,95.85,95.65,95.18,95.74,12357410,95.3,95.3,95.3,8837700904.48,8837700904.48,8837700904.48,,3,SUR,2.24,
TQBR,2013-06-18,Сбербанк,SBER,2518,900510089.3,95.45,95.12,96.87,96.4,96.23,96.36,9357570,96.26,96.26,96.26,7077791465.26,7077791465.26,7077791465.26,,3,SUR,0.65,
TQBR,2013-06-19,Сбербанк,SBER,2527,810664111.1,96.32,94.11,96.55,94.57,94.97,94.63,8536010,94.91,94.91,94.91,6839137618.29,6839137618.29,6839137618.29,,3,SUR,-1.8,
TQBR,2013-06-20,Сбербанк,SBER,3727,1116769634.3,92.99,91.16,93.0,91.37,91.7,91.56,12178180,91.69,91.69,91.69,10609359936.86,10609359936.86,10609359936.86,,3,SUR,-3.24,
TQBR,2013-06-21,Сбербанк,SBER,3582,1114016274.1,90.68,90.68,93.28,91.31,92.32,91.24,12067320,92.1,92.1,92.1,8496539337.18,8496539337.18,8496539337.18,,3,SUR,-0.35,
TQBR,2013-06-24,Сбербанк,SBER,3925,947214895.0,90.94,88.56,91.73,88.75,90.67,88.66,10446770,90.37,90.37,90.37,9252249923.85,9252249923.85,9252249923.85,,3,SUR,-2.83,
TQBR,2013-06-25,Сбербанк,SBER,2711,759045839.9,89.25,89.16,90.69,89.59,90.08,89.74,8425930,89.94,89.94,89.94,8730321152.11,8730321152.11,8730321152.11,,3,SUR,1.22,
TQBR,2013-06-26,Сбербанк,SBER,2324,764084519.0,89.9,89.36,92.71,92.56,91.19,92.67,8379260,91.34,91.34,91.34,9454461298.13,9454461298.13,9454461298.13,,3,SUR,3.26,
TQBR,2013-06-27,Сбербанк,SBER,2740,873506955.3,92.98,91.9,93.74,93.36,92.89,93.2,9403380,92.89,92.89,92.89,8017112140.23,8017112140.23,8017112140.23,,3,SUR,0.57,
TQBR,2013-06-28,Сбербанк,SBER,2527,898565050.2,93.62,92.32,94.62,93.5,93.45,93.5,9615000,93.48,93.48,93.48,8542970990.03,8542970990.03,8542970990.03,,3,SUR,0.32,
TQBR,2013-07-01,Сбербанк,SBER,2025,712005163.4,93.74,93.11,95.67,95.38,94.22,95.4,7557200,94.39,94.39,94.39,7001354263.69,7001354263.69,7001354263.69,,3,SUR,2.03,
TQBR,2013-07-02,Сбербанк,SBER,1648,560513546.6,95.4,94.09,95.75,94.61,94.72,94.59,5917590,94.73,94.73,94.73,5819912778.32,5819912778.32,5819912778.32,,3,SUR,-0.85,
TQBR,2013-07-03,Сбербанк,SBER,1693,613476325.3,93.69,92.69,93.98,93.04,93.2,93.18,6582450,93.19,93.19,93.19,5803327789.79,5803327789.79,5803327789.79,,3,SUR,-1.49,
TQBR,2013-07-04,Сбербанк,SBER,1870,702687780.7,93.59,92.4,94.6,94.02,93.28,94.0,7533240,93.42,93.42,93.42,6201185518.77,6201185518.77,6201185518.77,,3,SUR,0.88,
TQBR,2013-07-05,Сбербанк,SBER,2511,957396150.8,94.15,92.65,94.95,93.27,93.87,93.3,10199020,93.83,93.83,93.83,7479340678.83,7479340678.83,7479340678.83,,3,SUR,-0.74,
TQBR,2013-07-08,Сбербанк,SBER,1783,604810606.3,92.78,91.89,93.41,92.82,92.48,93.0,6539950,92.58,92.58,92.58,5602772853.89,5602772853.89,5602772853.89,,3,SUR,-0.32,
TQBR,2013-07-09,Сбербанк,SBER,1480,500430545.3,93.2,92.06,93.46,92.43,92.61,92.41,5403870,92.55,92.55,92.55,5015662368.12,5015662368.12,5015662368.12,,3,SUR,-0.63,
TQBR,2013-07-10,Сбербанк,SBER,1902,708128880.1,92.35,90.76,92.73,91.11,91.65,91.03,7726190,91.62,91.62,91.62,5474419946.98,5474419946.98,5474419946.98,,3,SUR,-1.49,
TQBR,2013-07-11,Сбербанк,SBER,2332,937431333.3,92.38,92.38,95.55,95.42,93.6,95.55,10015130,93.8,93.8,93.8,11494759804.51,11494759804.51,11494759804.51,,3,SUR,4.97,
TQBR,2013-07-12,Сбербанк,SBER,3036,1228441177.9,96.0,95.2,98.99,98.54,97.17,98.4,12641780,97.19,97.19,97.19,12893546172.39,12893546172.39,12893546172.39,,3,SUR,2.98,
TQBR,2013-07-15,Сбербанк,SBER,3143,1304515385.9,98.58,98.43,100.39,99.72,99.39,99.87,13124880,99.49,99.49,99.49,11839484397.08,11839484397.08,11839484397.08,,3,SUR,1.49,
TQBR,2013-07-16,Сбербанк,SBER,2246,1067858184.9,99.95,99.14,101.34,99.46,100.38,99.35,10637740,100.32,100.32,100.32,10132610792.52,10132610792.52,10132610792.52,,3,SUR,-0.52,
TQBR,2013-07-17,Сбербанк,SBER,2047,758754945.1,99.42,98.79,101.31,101.02,99.89,101.11,7595970,100.07,100.07,100.07,7951535956.89,7951535956.89,7951535956.89,,3,SUR,1.77,
TQBR,2013-07-18,Сбербанк,SBER,3910,1653100706.0,101.2,97.87,101.74,98.42,99.07,98.47,16686810,99.14,99.14,99.14,11325813610.83,11325813610.83,11325813610.83,,3,SUR,-2.61,
TQBR,2013-07-19,Сбербанк,SBER,4002,1806202307.0,97.77,97.77,101.3,99.93,99.77,99.9,18103710,99.69,99.69,99.69,10167604199.96,10167604199.96,10167604199.96,,3,SUR,1.45,
TQBR,2013-07-22,Сбербанк,SBER,2924,1198585795.5,100.67,97.82,100.67,97.84,99.13,97.82,12091270,98.89,98.89,98.89,8418696002.23,8418696002.23,8418696002.23,,3,SUR,-2.08,
TQBR,2013-07-23,Сбербанк,SBER,2060,915129257.4,98.46,96.76,99.05,96.85,98.26,96.97,9312920,98.12,98.12,98.12,8294675897.9,8294675897.9,8294675897.9,,3,SUR,-0.87,
TQBR,2013-07-24,Сбербанк,SBER,3742,1794715443.4,96.9,95.72,97.5,96.36,96.56,96.16,18586270,96.47,96.47,96.47,11300958110.27,11300958110.27,11300958110.27,,3,SUR,-0.84,
TQBR,2013-07-25,Сбербанк,SBER,2603,1217714590.6,96.32,95.57,96.91,95.86,96.12,95.78,12669090,96.12,96.12,96.12,9453147555.58,9453147555.58,9453147555.58,,3,SUR,-0.4,
TQBR,2013-07-26,Сбербанк,SBER,1819,751160579.6,96.5,94.74,96.7,94.86,95.39,94.76,7874710,95.4,95.4,95.4,8403980403.24,8403980403.24,8403980403.24,,3,SUR,-1.06,
TQBR,2013-07-29,Сбербанк,SBER,2048,720415493.6,94.78,94.15,95.57,94.29,94.81,94.17,7598660,94.83,94.83,94.83,5080528021.05,5080528021.05,5080528021.05,,3,SUR,-0.62,
TQBR,2013-07-30,Сбербанк,SBER,1735,656224854.5,94.53,93.74,95.02,94.21,94.34,94.13,6955980,94.44,94.44,94.44,6120679053.74,6120679053.74,6120679053.74,,3,SUR,-0.04,
TQBR,2013-07-31,Сбербанк,SBER,2499,960580339.2,94.26,93.73,95.54,95.22,94.68,95.3,10145400,94.78,94.78,94.78,7052675623.05,7052675623.05,7052675623.05,,3,SUR,1.24,
TQBR,2013-08-01,Сбербанк,SBER,1770,730229566.5,95.54,95.54,96.97,96.77,96.5,96.95,7567370,96.56,96.56,96.56,6173926130.15,6173926130.15,6173926130.15,,3,SUR,1.73,
TQBR,2013-08-02,Сбербанк,SBER,2468,948039018.7,97.49,95.72,97.88,96.98,96.52,96.98,9822160,96.7,96.7,96.7,7141559659.3,7141559659.3,7141559659.3,,3,SUR,0.03,
TQBR,2013-08-05,Сбербанк,SBER,1753,495774997.1,97.1,96.0,97.49,96.32,96.75,96.25,5124110,96.77,96.77,96.77,4367486357.66,4367486357.66,4367486357.66,,3,SUR,-0.75,
TQBR,2013-08-06,Сбербанк,SBER,2174,716535225.1,95.71,94.69,96.16,94.72,95.35,94.72,7514500,95.32,95.32,95.32,4604304818.51,4604304818.51,4604304818.51,,3,SUR,-1.59,
TQBR,2013-08-07,Сбербанк,SBER,2360,778167100.5,94.36,94.1,95.29,94.37,94.79,94.48,8209740,94.72,94.72,94.72,5821027253.18,5821027253.18,5821027253.18,,3,SUR,-0.25,
TQBR,2013-08-08,Сбербанк,SBER,2401,890408055.5,95.0,93.32,95.15,94.0,94.06,94.09,9466140,94.15,94.15,94.15,5923967057.43,5923967057.43,5923967057.43,,3,SUR,-0.41,
TQBR,2013-08-09,Сбербанк,SBER,2514,860309410.9,94.48,93.95,95.74,95.66,94.76,95.7,9079150,94.86,94.86,94.86,6528186667.65,6528186667.65,6528186667.65,,3,SUR,1.71,
TQBR,2013-08-12,Сбербанк,SBER,2451,816471222.0,95.8,94.78,96.4,96.21,95.45,96.22,8553960,95.48,95.48,95.48,5652811660.83,5652811660.83,5652811660.83,,3,SUR,0.54,
TQBR,2013-08-13,Сбербанк,SBER,2194,917885512.5,95.93,95.93,97.93,97.2,97.37,97.4,9427240,97.34,97.34,97.34,7378258850.05,7378258850.05,7378258850.05,,3,SUR,1.23,
TQBR,2013-08-14,Сбербанк,SBER,2041,982308738.2,97.65,97.22,98.24,97.98,97.71,98.07,10053300,97.78,97.78,97.78,6398052632.83,6398052632.83,6398052632.83,,3,SUR,0.69,
TQBR,2013-08-15,Сбербанк,SBER,3738,1962975600.9,97.6,95.31,97.88,95.49,96.65,95.31,20310500,96.57,96.57,96.57,8310376008.38,8310376008.38,8310376008.38,,3,SUR,-2.81,
TQBR,2013-08-16,Сбербанк,SBER,3364,1202938940.6,95.59,93.56,95.73,93.84,94.65,93.8,12709740,94.57,94.57,94.57,8529192911.93,8529192911.93,8529192911.93,,3,SUR,-1.58,
TQBR,2013-08-19,Сбербанк,SBER,3540,1252054635.3,93.71,93.24,94.45,93.64,93.79,93.66,13349120,93.79,93.79,93.79,7374133996.6,7374133996.6,7374133996.6,,3,SUR,-0.15,
TQBR,2013-08-20,Сбербанк,SBER,2892,1199884669.7,92.94,91.49,92.94,91.7,91.9,91.74,13056740,91.96,91.96,91.96,9168265108.45,9168265108.45,9168265108.45,,3,SUR,-2.05,
TQBR,2013-08-21,Сбербанк,SBER,4417,1464760874.0,91.6,89.89,92.6,90.54,90.79,90.52,16134210,90.92,90.92,90.92,10852472215.01,10852472215.01,10852472215.01,,3,SUR,-1.33,
TQBR,2013-08-22,Сбербанк,SBER,4099,1471466787.3,90.25,90.0,92.56,92.05,91.48,92.28,16084620,91.5,91.5,91.5,9543806980.73,9543806980.73,9543806980.73,,3,SUR,1.94,
TQBR,2013-08-23,Сбербанк,SBER,3464,954961472.7,92.3,91.65,92.83,91.97,92.25,91.9,10351540,92.21,92.21,92.21,6216337508.43,6216337508.43,6216337508.43,,3,SUR,-0.41,
TQBR,2013-08-26,Сбербанк,SBER,2395,713084213.6,93.88,90.83,93.88,91.25,91.79,91.25,7768500,91.78,91.78,91.78,4269357711.93,4269357711.93,4269357711.93,,3,SUR,-0.71,
TQBR,2013-08-27,Сбербанк,SBER,2931,855559535.0,90.49,89.67,90.95,90.05,90.29,90.16,9475660,90.21,90.21,90.21,7648285278.67,7648285278.67,7648285278.67,,3,SUR,-1.19,
TQBR,2013-08-28,Сбербанк,SBER,5210,1465489795.9,89.72,88.63,90.39,89.39,89.48,89.4,16377380,89.46,89.46,89.46,9448310495.05,9448310495.05,9448310495.05,,3,SUR,-0.84,
TQBR,2013-08-29,Сбербанк,SBER,3988,1086916952.6,89.48,89.33,90.67,89.81,89.93,89.68,12086030,89.96,89.96,89.96,6644154349.3,6644154349.3,6644154349.3,,3,SUR,0.31,
TQBR,2013-08-30,Сбербанк,SBER,4434,1241288086.1,90.1,87.67,90.1,88.16,88.92,88.15,13959510,88.7,88.7,88.7,7227900217.27,7227900217.27,7227900217.27,,3,SUR,-1.71,
TQBR,2013-09-02,Сбербанк,SBER,26138,4136109887.2,88.96,88.53,90.04,89.5,89.51,89.48,46206200,89.51,89.51,89.51,4143056171.9,4143056171.9,4143056171.9,,3,SUR,1.51,
TQBR,2013-09-03,Сбербанк,SBER,46577,7953901498.3,89.99,89.61,91.12,90.47,90.43,90.45,87953920,90.43,90.43,90.43,7959418014.27,7959418014.27,7959418014.27,,3,SUR,1.08,
TQBR,2013-09-04,Сбербанк,SBER,30892,4758336786.8,90.09,89.4,90.57,90.5,89.91,90.33,52920680,89.91,89.91,89.91,4742825681.53,4742825681.53,4742825681.53,,3,SUR,-0.13,
TQBR,2013-09-05,Сбербанк,SBER,65676,10377345740.4,90.8,90.21,93.18,92.7,91.53,92.78,113375290,91.53,91.53,91.53,10386043687.15,10386043687.15,10386043687.15,,3,SUR,2.71,
TQBR,2013-09-06,Сбербанк,SBER,84461,15602988879.7,92.73,91.77,95.0,92.51,93.14,92.47,167514290,93.14,93.14,93.14,15627219561.93,15627219561.93,15627219561.93,,3,SUR,-0.33,
TQBR,2013-09-09,Сбербанк,SBER,61040,11999257508.0,93.01,93.01,95.06,94.9,94.21,94.81,127372070,94.21,94.21,94.21,11998343677.76,11998343677.76,11998343677.76,,3,SUR,2.53,
TQBR,2013-09-10,Сбербанк,SBER,60788,11374434821.7,95.49,94.88,96.92,96.79,96.05,96.55,118417470,96.05,96.05,96.05,11363205003.49,11363205003.49,11363205003.49,,3,SUR,1.84,
TQBR,2013-09-11,Сбербанк,SBER,45774,6605795155.6,96.45,95.25,96.73,95.5,95.92,95.5,68867470,95.92,95.92,95.92,6605022211.87,6605022211.87,6605022211.87,,3,SUR,-1.09,
TQBR,2013-09-12,Сбербанк,SBER,48752,7658174930.7,95.98,94.24,96.14,95.55,95.05,95.53,80569980,95.05,95.05,95.05,7655988060.34,7655988060.34,7655988060.34,,3,SUR,0.03,
TQBR,2013-09-13,Сбербанк,SBER,43497,5516277714.4,95.0,94.64,95.89,95.79,95.12,95.82,57993190,95.12,95.12,95.12,5514807036.11,5514807036.11,5514807036.11,,3,SUR,0.3,
TQBR,2013-09-16,Сбербанк,SBER,62872,10995687910.5,96.76,96.71,99.04,99.0,98.1,98.97,112092070,98.09,98.09,98.09,11145880884.84,11145880884.84,11145880884.84,,3,SUR,3.29,
TQBR,2013-09-17,Сбербанк,SBER,45496,6850120647.7,98.38,97.89,99.6,99.4,98.68,99.6,69417120,98.68,98.68,98.68,6863460146.87,6863460146.87,6863460146.87,,3,SUR,0.64,
TQBR,2013-09-18,Сбербанк,SBER,59150,10964601710.8,99.6,99.03,100.63,99.62,100.06,99.79,109579560,100.06,100.06,100.06,10983015412.13,10983015412.13,10983015412.13,,3,SUR,0.19,
TQBR,2013-09-19,Сбербанк,SBER,73104,16513891499.2,102.5,101.89,103.63,102.37,102.74,102.33,160727340,102.75,102.75,102.75,16497466560.11,16497466560.11,16497466560.11,,3,SUR,2.55,
TQBR,2013-09-20,Сбербанк,SBER,55935,8177558582.9,101.63,101.37,102.61,102.55,102.0,102.36,80174540,102.0,102.0,102.0,8180968915.14,8180968915.14,8180968915.14,,3,SUR,0.03,
TQBR,2013-09-23,Сбербанк,SBER,40032,8122027376.8,102.12,101.3,102.43,101.4,101.72,101.82,79846990,101.72,101.72,101.72,8139422530.57,8139422530.57,8139422530.57,,3,SUR,-0.53,
TQBR,2013-09-24,Сбербанк,SBER,42512,8236652132.7,101.3,100.37,101.56,100.41,100.89,100.5,81642090,100.89,100.89,100.89,8239611659.13,8239611659.13,8239611659.13,,3,SUR,-1.3,
TQBR,2013-09-25,Сбербанк,SBER,50747,7698481125.8,100.31,100.1,102.19,101.95,101.23,101.95,76053110,101.23,101.23,101.23,7703236659.23,7703236659.23,7703236659.23,,3,SUR,1.44,
TQBR,2013-09-26,Сбербанк,SBER,38937,7550149333.1,102.05,101.01,102.69,101.6,101.8,101.67,74163010,101.8,101.8,101.8,7549444180.39,7549444180.39,7549444180.39,,3,SUR,-0.27,
TQBR,2013-09-27,Сбербанк,SBER,56112,9039371230.2,101.8,98.58,101.8,98.7,100.0,98.59,90396330,100.0,100.0,100.0,9044591757.1,9044591757.1,9044591757.1,,3,SUR,-3.03,
TQBR,2013-09-30,Сбербанк,SBER,34867,6951275236.4,97.74,97.1,98.39,97.7,97.73,97.86,71124930,97.73,97.73,97.73,6942544768.27,6942544768.27,6942544768.27,,3,SUR,-0.74,
TQBR,2013-10-01,Сбербанк,SBER,46808,7348201302.0,97.8,97.75,99.34,99.15,98.64,99.16,74492480,98.65,98.65,98.65,7339340436.91,7339340436.91,7339340436.91,,3,SUR,1.33,
TQBR,2013-10-02,Сбербанк,SBER,44141,7832633780.8,98.94,97.27,99.4,97.71,98.06,97.74,79877890,98.06,98.06,98.06,7832175773.89,7832175773.89,7832175773.89,,3,SUR,-1.43,
TQBR,2013-10-03,Сбербанк,SBER,40263,7636356587.8,98.13,97.51,98.8,98.21,98.11,98.24,77836460,98.11,98.11,98.11,7637303174.93,7637303174.93,7637303174.93,,3,SUR,0.51,
TQBR,2013-10-04,Сбербанк,SBER,46081,8044032186.0,98.0,97.68,100.4,100.25,99.03,100.39,81230790,99.03,99.03,99.03,8042616921.78,8042616921.78,8042616921.78,,3,SUR,2.19,
TQBR,2013-10-07,Сбербанк,SBER,42573,8444238704.6,99.7,99.12,100.5,100.5,99.76,100.3,84643630,99.76,99.76,99.76,8439318058.46,8439318058.46,8439318058.46,,3,SUR,-0.09,
TQBR,2013-10-08,Сбербанк,SBER,57512,11492433220.8,100.3,99.9,102.26,101.91,101.18,102.11,113584170,101.18,101.18,101.18,11499941386.68,11499941386.68,11499941386.68,,3,SUR,1.8,
TQBR,2013-10-09,Сбербанк,SBER,55590,10134006225.6,101.79,101.05,103.01,101.55,102.05,101.48,99305220,102.05,102.05,102.05,10135019502.04,10135019502.04,10135019502.04,,3,SUR,-0.62,
TQBR,2013-10-10,Сбербанк,SBER,49463,11536048960.9,102.04,101.85,104.36,103.7,103.19,103.43,111791100,103.19,103.19,103.19,11545450740.91,11545450740.91,11545450740.91,,3,SUR,1.92,
TQBR,2013-10-11,Сбербанк,SBER,57191,9490899050.7,104.0,102.42,104.16,102.8,103.26,102.87,91915670,103.26,103.26,103.26,9493294413.16,9493294413.16,9493294413.16,,3,SUR,-0.54,
TQBR,2013-10-14,Сбербанк,SBER,34414,6785594668.1,102.4,101.71,103.0,103.0,102.36,102.93,66291240,102.36,102.36,102.36,6784566650.02,6784566650.02,6784566650.02,,3,SUR,0.06,
TQBR,2013-10-15,Сбербанк,SBER,53968,10744237384.9,103.91,103.52,104.89,104.7,104.21,104.55,103099720,104.21,104.21,104.21,10737502334.5,10737502334.5,10737502334.5,,3,SUR,1.57,
TQBR,2013-10-16,Сбербанк,SBER,47788,8826344719.3,104.05,103.6,105.09,104.04,104.31,104.05,84614620,104.31,104.31,104.31,8822556045.73,8822556045.73,8822556045.73,,3,SUR,-0.48,
TQBR,2013-10-17,Сбербанк,SBER,44225,8559085005.9,104.2,102.36,104.37,103.4,103.11,103.33,83012030,103.1,103.1,103.1,8544736979.07,8544736979.07,8544736979.07,,3,SUR,-0.69,
TQBR,2013-10-18,Сбербанк,SBER,54124,12103001187.6,103.98,103.61,105.64,105.35,104.79,105.14,115501360,104.79,104.79,104.79,12099225475.07,12099225475.07,12099225475.07,,3,SUR,1.75,
TQBR,2013-10-21,Сбербанк,SBER,43059,6720117373.7,105.56,104.88,105.95,105.49,105.42,105.43,63746540,105.42,105.42,105.42,6725323025.7,6725323025.7,6725323025.7,,3,SUR,0.28,
TQBR,2013-10-22,Сбербанк,SBER,43514,7546193473.6,105.23,104.55,105.81,105.4,105.25,105.4,71694660,105.25,105.25,105.25,7550627201.78,7550627201.78,7550627201.78,,3,SUR,-0.03,
TQBR,2013-10-23,Сбербанк,SBER,58752,8134061948.9,104.89,103.03,105.08,103.25,104.19,103.29,78066510,104.19,104.19,104.19,8135251577.39,8135251577.39,8135251577.39,,3,SUR,-2.0,
TQBR,2013-10-24,Сбербанк,SBER,38112,7093237406.4,103.5,102.63,103.86,102.85,103.17,102.86,68751720,103.17,103.17,103.17,7092141741.29,7092141741.29,7092141741.29,,3,SUR,-0.42,
TQBR,2013-10-25,Сбербанк,SBER,38759,8077202601.5,102.61,102.02,103.61,102.97,102.87,102.99,78521210,102.87,102.87,102.87,8075278547.41,8075278547.41,8075278547.41,,3,SUR,0.13,
TQBR,2013-10-28,Сбербанк,SBER,36349,7341378294.5,103.6,102.5,104.18,102.87,103.36,102.84,71025060,103.36,103.36,103.36,7342869124.28,7342869124.28,7342869124.28,,3,SUR,-0.15,
TQBR,2013-10-29,Сбербанк,SBER,45163,6693329277.1,102.75,102.12,103.48,102.75,102.85,102.8,65077430,102.85,102.85,102.85,6693128773.96,6693128773.96,6693128773.96,,3,SUR,-0.04,
TQBR,2013-10-30,Сбербанк,SBER,44368,8588091560.5,103.2,102.74,104.14,103.2,103.51,103.11,82968330,103.51,103.51,103.51,8593239877.26,8593239877.26,8593239877.26,,3,SUR,0.3,
TQBR,2013-10-31,Сбербанк,SBER,47027,9009426920.2,102.57,101.7,103.08,102.8,102.43,102.74,87954830,102.43,102.43,102.43,8986734759.32,8986734759.32,8986734759.32,,3,SUR,-0.36,
TQBR,2013-11-01,Сбербанк,SBER,29340,6487724118.8,102.74,102.5,103.77,103.65,103.21,103.65,62858850,103.21,103.21,103.21,6487124503.31,6487124503.31,6487124503.31,,3,SUR,0.89,
TQBR,2013-11-05,Сбербанк,SBER,38705,6334353453.1,104.06,102.4,104.43,102.46,103.24,102.47,61356730,103.24,103.24,103.24,6333274434.86,6333274434.86,6333274434.86,,3,SUR,-1.14,
TQBR,2013-11-06,Сбербанк,SBER,30208,6788343762.2,103.0,102.26,103.09,102.53,102.65,102.59,66133090,102.65,102.65,102.65,6787990800.19,6787990800.19,6787990800.19,,3,SUR,0.12,
TQBR,2013-11-07,Сбербанк,SBER,32742,7853920862.9,102.31,102.1,103.87,103.42,103.02,103.55,76238840,103.02,103.02,103.02,7856998042.1,7856998042.1,7856998042.1,,3,SUR,0.94,
TQBR,2013-11-08,Сбербанк,SBER,48442,9092257528.6,102.41,101.57,102.66,101.89,102.14,101.86,89014360,102.14,102.14,102.14,9068929800.15,9068929800.15,9068929800.15,,3,SUR,-1.63,
TQBR,2013-11-11,Сбербанк,SBER,24245,5414294162.2,102.51,101.48,102.59,101.77,101.97,101.77,53096350,101.97,101.97,101.97,5411057869.39,5411057869.39,5411057869.39,,3,SUR,-0.09,
TQBR,2013-11-12,Сбербанк,SBER,55037,11609013876.2,101.96,101.74,104.26,104.2,103.2,104.25,112492620,103.2,103.2,103.2,11612762499.41,11612762499.41,11612762499.41,,3,SUR,2.44,
TQBR,2013-11-13,Сбербанк,SBER,62815,14068365579.8,103.81,101.11,104.98,101.59,103.48,101.81,135946290,103.48,103.48,103.48,14065706941.3,14065706941.3,14065706941.3,,3,SUR,-2.34,
TQBR,2013-11-14,Сбербанк,SBER,43191,9691896492.7,102.81,102.81,103.98,103.65,103.45,103.7,93686490,103.45,103.45,103.45,9686098529.18,9686098529.18,9686098529.18,,3,SUR,1.86,
TQBR,2013-11-15,Сбербанк,SBER,40189,10074885588.0,104.3,103.24,104.7,103.66,104.06,103.69,96819500,104.06,104.06,104.06,10077272976.79,10077272976.79,10077272976.79,,3,SUR,-0.01,
TQBR,2013-11-18,Сбербанк,SBER,43864,9631250442.8,103.99,103.6,105.54,105.45,104.48,105.5,92184970,104.48,104.48,104.48,9633718745.98,9633718745.98,9633718745.98,,3,SUR,1.75,
TQBR,2013-11-19,Сбербанк,SBER,46117,10675477462.4,105.4,105.4,106.8,106.22,106.17,106.19,100547410,106.17,106.17,106.17,10669856615.32,10669856615.32,10669856615.32,,3,SUR,0.65,
TQBR,2013-11-20,Сбербанк,SBER,42589,8449211049.1,105.89,105.11,106.32,106.0,105.7,106.0,79936140,105.7,105.7,105.7,8450387128.97,8450387128.97,8450387128.97,,3,SUR,-0.18,
TQBR,2013-11-21,Сбербанк,SBER,30240,8146971557.5,105.11,104.69,105.56,104.97,105.09,104.78,77524160,105.09,105.09,105.09,8133529421.49,8133529421.49,8133529421.49,,3,SUR,-1.15,
TQBR,2013-11-22,Сбербанк,SBER,34707,7373634004.4,105.23,104.25,105.48,105.1,104.98,105.1,70239230,104.98,104.98,104.98,7373784891.88,7373784891.88,7373784891.88,,3,SUR,0.31,
TQBR,2013-11-25,Сбербанк,SBER,35573,7632491451.8,105.51,105.21,106.2,105.22,105.74,105.31,72178650,105.74,105.74,105.74,7622849769.65,7622849769.65,7622849769.65,,3,SUR,0.2,
TQBR,2013-11-26,Сбербанк,SBER,40850,9768806113.1,105.35,103.01,105.35,103.35,104.09,103.02,93845310,104.09,104.09,104.09,9774343991.3,9774343991.3,9774343991.3,,3,SUR,-2.17,
TQBR,2013-11-27,Сбербанк,SBER,34496,8321671619.1,103.5,102.62,104.14,102.76,103.43,102.77,80453800,103.43,103.43,103.43,8325640537.25,8325640537.25,8325640537.25,,3,SUR,-0.24,
TQBR,2013-11-28,Сбербанк,SBER,25577,6686937398.4,103.3,102.33,103.78,102.66,103.07,102.69,64879430,103.07,103.07,103.07,6685962584.58,6685962584.58,6685962584.58,,3,SUR,-0.08,
TQBR,2013-11-29,Сбербанк,SBER,36521,8168105010.5,102.71,101.84,103.29,103.27,102.6,103.07,79612660,102.6,102.6,102.6,8171728232.17,8171728232.17,8171728232.17,,3,SUR,0.37,
TQBR,2013-12-02,Сбербанк,SBER,27430,6334548108.3,103.16,102.31,103.66,102.45,102.95,102.36,61527830,102.95,102.95,102.95,6337129580.72,6337129580.72,6337129580.72,,3,SUR,-0.69,
TQBR,2013-12-03,Сбербанк,SBER,59126,12454306007.8,102.2,100.0,102.48,100.13,100.92,100.24,123406320,100.92,100.92,100.92,12461131164.07,12461131164.07,12461131164.07,,3,SUR,-2.07,
TQBR,2013-12-04,Сбербанк,SBER,42472,9585372416.6,100.3,98.74,100.78,98.95,99.77,98.95,96070960,99.77,99.77,99.77,9586511475.39,9586511475.39,9586511475.39,,3,SUR,-1.29,
TQBR,2013-12-05,Сбербанк,SBER,51276,9383787841.0,99.28,97.95,99.94,98.2,99.0,98.25,94786250,99.0,99.0,99.0,9390337614.83,9390337614.83,9390337614.83,,3,SUR,-0.71,
TQBR,2013-12-06,Сбербанк,SBER,54441,10670161127.8,98.49,97.88,100.0,99.81,98.83,99.9,107963460,98.83,98.83,98.83,10681923644.07,10681923644.07,10681923644.07,,3,SUR,1.68,
TQBR,2013-12-09,Сбербанк,SBER,50975,9569176831.7,100.32,99.55,101.07,101.0,100.34,101.0,95366620,100.34,100.34,100.34,9580159577.55,9580159577.55,9580159577.55,,3,SUR,1.1,
TQBR,2013-12-10,Сбербанк,SBER,51161,9166558432.6,100.97,99.72,101.39,100.18,100.59,100.16,91125870,100.59,100.59,100.59,9170051575.12,9170051575.12,9170051575.12,,3,SUR,-0.83,
TQBR,2013-12-11,Сбербанк,SBER,58080,8593952175.8,99.91,99.13,100.94,100.65,100.06,100.65,85886120,100.06,100.06,100.06,8597880922.55,8597880922.55,8597880922.55,,3,SUR,0.49,
TQBR,2013-12-12,Сбербанк,SBER,54486,10295959448.8,99.5,98.44,100.3,98.9,99.27,98.96,103712820,99.27,99.27,99.27,10279041326.34,10279041326.34,10279041326.34,,3,SUR,-1.68,
TQBR,2013-12-13,Сбербанк,SBER,41541,7896559127.4,98.96,98.58,99.6,98.8,99.09,98.94,79694090,99.09,99.09,99.09,7899627478.74,7899627478.74,7899627478.74,,3,SUR,-0.02,
TQBR,2013-12-16,Сбербанк,SBER,66307,8636210058.8,98.4,98.12,99.93,99.79,99.0,99.85,87234110,99.0,99.0,99.0,8737577486.56,8737577486.56,8737577486.56,,3,SUR,0.92,
TQBR,2013-12-17,Сбербанк,SBER,45831,7284681158.9,100.53,99.61,100.81,100.0,100.2,100.15,72704270,100.2,100.2,100.2,7327891913.29,7327891913.29,7327891913.29,,3,SUR,0.3,
TQBR,2013-12-18,Сбербанк,SBER,51299,5972357725.2,100.15,99.82,100.71,100.1,100.22,100.18,59591350,100.22,100.22,100.22,5986589679.03,5986589679.03,5986589679.03,,3,SUR,0.03,
TQBR,2013-12-19,Сбербанк,SBER,56224,10708195999.3,101.23,100.8,102.3,101.73,101.49,101.78,105506160,101.49,101.49,101.49,10688324160.43,10688324160.43,10688324160.43,,3,SUR,1.6,
TQBR,2013-12-20,Сбербанк,SBER,37659,7701798327.7,101.85,101.31,102.25,102.2,101.81,102.2,75647410,101.81,101.81,101.81,7704984088.18,7704984088.18,7704984088.18,,3,SUR,0.41,
TQBR,2013-12-23,Сбербанк,SBER,39231,6865522231.8,102.45,102.05,102.83,102.22,102.46,102.45,67006350,102.46,102.46,102.46,6872861917.23,6872861917.23,6872861917.23,,3,SUR,0.24,
TQBR,2013-12-24,Сбербанк,SBER,20618,4119727149.3,102.5,101.75,102.54,101.9,102.13,101.96,40338120,102.13,102.13,102.13,4118212447.01,4118212447.01,4118212447.01,,3,SUR,-0.48,
TQBR,2013-12-25,Сбербанк,SBER,13450,2258126246.2,102.31,101.53,102.31,101.62,101.8,101.62,22183040,101.8,101.8,101.8,2258678202.29,2258678202.29,2258678202.29,,3,SUR,-0.33,
TQBR,2013-12-26,Сбербанк,SBER,9860,2266508916.9,101.62,101.45,102.18,101.91,101.86,101.95,22250510,101.87,101.87,101.87,2334340432.18,2334340432.18,2334340432.18,,3,SUR,0.32,
TQBR,2013-12-27,Сбербанк,SBER,19021,3770043774.3,102.0,100.65,102.21,100.65,101.61,100.68,37103790,101.61,101.61,101.61,3775010559.88,3775010559.88,3775010559.88,,3,SUR,-1.25,
TQBR,2013-12-30,Сбербанк,SBER,14466,3466649068.0,100.51,100.45,101.39,101.05,101.04,101.17,34310640,101.04,101.04,101.04,3476370203.24,3476370203.24,3476370203.24,,3,SUR,0.49,
TQBR,2014-01-06,Сбербанк,SBER,22830,3154470383.9,100.2,98.62,100.31,98.63,99.54,98.91,31691800,99.54,99.54,99.54,3156738969.34,3156738969.34,3156738969.34,,3,SUR,-2.23,
TQBR,2014-01-08,Сбербанк,SBER,35633,4179938515.5,99.1,97.85,99.41,98.2,98.65,98.19,42372290,98.65,98.65,98.65,4182984403.36,4182984403.36,4182984403.36,,3,SUR,-0.73,
TQBR,2014-01-09,Сбербанк,SBER,41567,4518388781.2,98.44,97.69,98.77,97.97,98.25,98.0,45986900,98.25,98.25,98.25,4526413769.96,4526413769.96,4526413769.96,,3,SUR,-0.19,
TQBR,2014-01-10,Сбербанк,SBER,38198,5109679480.9,97.87,97.52,99.41,99.41,98.45,99.2,51902400,98.45,98.45,98.45,5113831362.53,5113831362.53,5113831362.53,,3,SUR,1.22,
TQBR,2014-01-13,Сбербанк,SBER,29942,6191507238.7,99.3,99.04,100.35,100.24,99.78,100.25,62051250,99.78,99.78,99.78,6191738491.4,6191738491.4,6191738491.4,,3,SUR,1.06,
TQBR,2014-01-14,Сбербанк,SBER,38722,7781261285.6,99.18,98.51,99.73,99.25,99.14,99.24,78485160,99.14,99.14,99.14,7775307665.43,7775307665.43,7775307665.43,,3,SUR,-1.01,
TQBR,2014-01-15,Сбербанк,SBER,40505,7807555438.7,99.95,99.56,100.79,100.69,100.3,100.77,77839370,100.3,100.3,100.3,7804887928.1,7804887928.1,7804887928.1,,3,SUR,1.54,
TQBR,2014-01-16,Сбербанк,SBER,30317,6342081313.5,100.9,100.53,101.64,100.6,101.05,100.65,62759280,101.05,101.05,101.05,6335366751.39,6335366751.39,6335366751.39,,3,SUR,-0.12,
TQBR,2014-01-17,Сбербанк,SBER,34706,6976427837.1,100.36,100.1,101.45,101.08,100.91,101.17,69135170,100.91,100.91,100.91,6974030746.37,6974030746.37,6974030746.37,,3,SUR,0.52,
TQBR,2014-01-20,Сбербанк,SBER,32922,6337126441.7,100.99,100.66,102.17,101.96,101.51,101.96,62429420,101.51,101.51,101.51,6336418560.37,6336418560.37,6336418560.37,,3,SUR,0.78,
TQBR,2014-01-21,Сбербанк,SBER,28391,6340162289.1,102.5,101.9,102.57,102.14,102.27,102.2,61991430,102.27,102.27,102.27,6332393677.05,6332393677.05,6332393677.05,,3,SUR,0.24,
TQBR,2014-01-22,Сбербанк,SBER,35200,5962256453.3,102.21,101.13,102.49,102.2,101.76,102.17,58589100,101.76,101.76,101.76,5960172888.76,5960172888.76,5960172888.76,,3,SUR,-0.03,
TQBR,2014-01-23,Сбербанк,SBER,39780,7229344462.4,101.81,101.56,102.92,101.56,102.4,101.7,70600710,102.4,102.4,102.4,7225569738.81,7225569738.81,7225569738.81,,3,SUR,-0.46,
TQBR,2014-01-24,Сбербанк,SBER,63755,11328433229.4,100.99,99.63,101.26,99.63,100.41,99.7,112821700,100.41,100.41,100.41,11340188669.55,11340188669.55,11340188669.55,,3,SUR,-1.97,
TQBR,2014-01-27,Сбербанк,SBER,66356,10205265742.8,98.62,97.63,99.11,97.84,98.32,97.78,103793450,98.32,98.32,98.32,10197402798.75,10197402798.75,10197402798.75,,3,SUR,-1.93,
TQBR,2014-01-28,Сбербанк,SBER,45442,7879197170.2,98.21,97.05,98.74,97.4,97.94,97.36,80448950,97.94,97.94,97.94,7894901188.58,7894901188.58,7894901188.58,,3,SUR,-0.43,
TQBR,2014-01-29,Сбербанк,SBER,74002,11798207834.2,97.93,95.73,98.98,96.1,97.66,95.98,120814560,97.66,97.66,97.66,11800037253.66,11800037253.66,11800037253.66,,3,SUR,-1.42,
TQBR,2014-01-30,Сбербанк,SBER,73212,12465984799.6,96.1,94.4,96.69,95.7,95.53,95.8,130498640,95.53,95.53,95.53,12466628502.84,12466628502.84,12466628502.84,,3,SUR,-0.19,
TQBR,2014-01-31,Сбербанк,SBER,56142,9826064290.3,95.8,94.43,96.27,94.8,95.35,94.7,103047610,95.35,95.35,95.35,9808952627.53,9808952627.53,9808952627.53,,3,SUR,-1.15,
TQBR,2014-02-03,Сбербанк,SBER,44980,7762450691.6,94.95,94.55,95.89,94.57,95.24,94.66,81505780,95.24,95.24,95.24,7751749914.31,7751749914.31,7751749914.31,,3,SUR,-0.04,
TQBR,2014-02-04,Сбербанк,SBER,53155,8816982226.2,93.55,93.25,94.48,93.94,93.87,94.07,93931280,93.87,93.87,93.87,8786896613.3,8786896613.3,8786896613.3,,3,SUR,-0.62,
TQBR,2014-02-05,Сбербанк,SBER,53878,8614557954.1,94.31,94.01,95.65,95.51,95.01,95.45,90666210,95.01,95.01,95.01,8616493092.54,8616493092.54,8616493092.54,,3,SUR,1.47,
TQBR,2014-02-06,Сбербанк,SBER,42805,7316925270.3,95.78,95.65,96.81,96.56,96.15,96.62,76095210,96.16,96.16,96.16,7315421985.04,7315421985.04,7315421985.04,,3,SUR,1.23,
TQBR,2014-02-07,Сбербанк,SBER,50127,7520576896.1,97.0,96.11,97.36,96.6,96.85,96.53,77654990,96.85,96.85,96.85,7523682988.74,7523682988.74,7523682988.74,,3,SUR,-0.09,
TQBR,2014-02-10,Сбербанк,SBER,45357,6527070792.2,96.94,95.42,97.08,95.49,96.31,95.47,67771880,96.31,96.31,96.31,6527857242.15,6527857242.15,6527857242.15,,3,SUR,-1.1,
TQBR,2014-02-11,Сбербанк,SBER,47837,5293672847.6,95.97,95.51,96.65,96.18,96.07,96.12,55103910,96.07,96.07,96.07,5278459740.89,5278459740.89,5278459740.89,,3,SUR,0.68,
TQBR,2014-02-12,Сбербанк,SBER,37097,6836550789.2,96.91,96.15,97.14,97.0,96.74,96.84,70670070,96.74,96.74,96.74,6832012575.26,6832012575.26,6832012575.26,,3,SUR,0.75,
TQBR,2014-02-13,Сбербанк,SBER,41071,5971881712.3,96.3,95.3,96.69,95.5,96.04,95.5,62181740,96.04,96.04,96.04,5965518539.81,5965518539.81,5965518539.81,,3,SUR,-1.38,
TQBR,2014-02-14,Сбербанк,SBER,39574,6152005931.6,95.8,95.7,96.84,96.7,96.3,96.65,63884790,96.3,96.3,96.3,6138500114.82,6138500114.82,6138500114.82,,3,SUR,1.2,
TQBR,2014-02-17,Сбербанк,SBER,36356,5342634607.5,97.1,97.09,98.08,97.47,97.6,97.49,54738670,97.6,97.6,97.6,5337748413.47,5337748413.47,5337748413.47,,3,SUR,0.87,
TQBR,2014-02-18,Сбербанк,SBER,36860,5521845072.9,97.5,96.55,97.95,96.73,97.28,96.62,56765130,97.28,97.28,97.28,5527809890.05,5527809890.05,5527809890.05,,3,SUR,-0.89,
TQBR,2014-02-19,Сбербанк,SBER,50684,7585763995.6,96.51,94.53,96.59,94.8,95.58,94.9,79367620,95.58,95.58,95.58,7587173901.65,7587173901.65,7587173901.65,,3,SUR,-1.78,
TQBR,2014-02-20,Сбербанк,SBER,58995,6803693880.4,94.1,93.61,94.76,94.6,94.15,94.63,72263740,94.15,94.15,94.15,6803410914.43,6803410914.43,6803410914.43,,3,SUR,-0.28,
TQBR,2014-02-21,Сбербанк,SBER,35018,4957617662.0,95.02,94.51,95.44,94.93,94.96,95.0,52205040,94.96,94.96,94.96,4955320137.28,4955320137.28,4955320137.28,,3,SUR,0.39,
TQBR,2014-02-24,Сбербанк,SBER,36640,4560183217.6,95.0,94.06,95.09,94.67,94.56,94.69,48226210,94.56,94.56,94.56,4545961294.55,4545961294.55,4545961294.55,,3,SUR,-0.33,
TQBR,2014-02-25,Сбербанк,SBER,47277,7028565285.6,95.37,93.32,95.48,94.13,94.17,94.17,74634340,94.17,94.17,94.17,7018240224.58,7018240224.58,7018240224.58,,3,SUR,-0.55,
TQBR,2014-02-26,Сбербанк,SBER,56609,8447503248.6,94.28,91.85,94.59,92.35,93.12,92.29,90720380,93.12,93.12,93.12,8445879244.45,8445879244.45,8445879244.45,,3,SUR,-2.0,
TQBR,2014-02-27,Сбербанк,SBER,71143,11709164763.3,92.5,89.4,92.61,90.05,90.56,90.12,129290620,90.56,90.56,90.56,11709455004.65,11709455004.65,11709455004.65,,3,SUR,-2.35,
TQBR,2014-02-28,Сбербанк,SBER,75162,10176591958.5,90.15,88.87,91.42,91.1,90.23,91.16,112780920,90.23,90.23,90.23,10180081325.69,10180081325.69,10180081325.69,,3,SUR,1.15,
TQBR,2014-03-03,Сбербанк,SBER,168257,33834631494.3,85.5,74.96,86.84,77.35,79.07,77.57,427913510,79.06,79.06,79.06,33799753955.25,33799753955.25,33799753955.25,,3,SUR,-14.91,
TQBR,2014-03-04,Сбербанк,SBER,167416,30132920508.4,78.5,77.17,83.9,81.52,81.02,81.55,371921710,81.02,81.02,81.02,30133513232.8,30133513232.8,30133513232.8,,3,SUR,5.13,
TQBR,2014-03-05,Сбербанк,SBER,104992,14261760259.2,82.37,80.12,82.77,81.47,81.36,81.46,175284130,81.36,81.36,81.36,14259583174.48,14259583174.48,14259583174.48,,3,SUR,-0.11,
TQBR,2014-03-06,Сбербанк,SBER,126996,22663770504.0,81.63,76.56,83.81,80.47,80.39,80.24,281937510,80.39,80.39,80.39,22666916943.01,22666916943.01,22666916943.01,,3,SUR,-1.5,
TQBR,2014-03-07,Сбербанк,SBER,105185,15241918515.2,80.0,78.34,81.46,79.99,80.06,79.99,190384620,80.06,80.06,80.06,15240784016.52,15240784016.52,15240784016.52,,3,SUR,-0.31,
TQBR,2014-03-11,Сбербанк,SBER,70786,11720261740.1,79.05,76.39,79.75,76.75,78.06,76.57,150142970,78.06,78.06,78.06,11706168919.63,11706168919.63,11706168919.63,,3,SUR,-4.28,
TQBR,2014-03-12,Сбербанк,SBER,109820,17042032852.6,75.98,72.35,76.36,72.74,74.93,72.46,227452390,74.92,74.92,74.92,17015475840.54,17015475840.54,17015475840.54,,3,SUR,-5.37,
TQBR,2014-03-13,Сбербанк,SBER,111660,18291536404.2,73.5,68.87,73.89,69.8,71.24,69.84,256776110,71.23,71.23,71.23,18250764777.4,18250764777.4,18250764777.4,,3,SUR,-3.62,
TQBR,2014-03-14,Сбербанк,SBER,133915,23504637802.9,68.0,65.33,71.75,71.2,67.79,71.75,346714120,67.79,67.79,67.79,23476951053.39,23476951053.39,23476951053.39,,3,SUR,2.73,
TQBR,2014-03-17,Сбербанк,SBER,126305,25538520916.4,72.5,71.87,77.12,76.71,74.17,76.97,344321660,74.17,74.17,74.17,25550842095.34,25550842095.34,25550842095.34,,3,SUR,7.28,
TQBR,2014-03-18,Сбербанк,SBER,129732,23589639716.5,77.6,75.64,82.0,82.0,78.35,81.43,301075150,78.35,78.35,78.35,23585394733.44,23585394733.44,23585394733.44,,3,SUR,5.79,
TQBR,2014-03-19,Сбербанк,SBER,108348,20862008429.9,81.58,79.13,82.6,80.64,80.95,80.83,257701520,80.95,80.95,80.95,20858093077.96,20858093077.96,20858093077.96,,3,SUR,-0.74,
TQBR,2014-03-20,Сбербанк,SBER,94544,15114543570.0,79.55,78.43,81.27,79.4,79.53,79.5,190046940,79.53,79.53,79.53,15107242694.29,15107242694.29,15107242694.29,,3,SUR,-1.65,
TQBR,2014-03-21,Сбербанк,SBER,91556,16078610494.1,77.2,76.1,78.51,78.47,77.36,78.47,207828970,77.37,77.37,77.37,16062920199.52,16062920199.52,16062920199.52,,3,SUR,-1.3,
TQBR,2014-03-24,Сбербанк,SBER,94906,13253767822.2,78.47,77.82,80.38,78.4,78.98,78.29,167819190,78.98,78.98,78.98,13241262667.07,13241262667.07,13241262667.07,,3,SUR,-0.23,
TQBR,2014-03-25,Сбербанк,SBER,103580,20451446930.3,78.84,77.34,81.97,81.7,79.99,81.85,255665910,79.99,79.99,79.99,20446856208.06,20446856208.06,20446856208.06,,3,SUR,4.55,
TQBR,2014-03-26,Сбербанк,SBER,104817,19049556951.5,82.1,82.02,84.34,82.5,82.95,82.56,229652070,82.95,82.95,82.95,19031712583.57,19031712583.57,19031712583.57,,3,SUR,0.87,
TQBR,2014-03-27,Сбербанк,SBER,80507,14948796189.1,82.16,79.2,82.72,79.9,80.68,79.88,185280640,80.68,80.68,80.68,14935871599.5,14935871599.5,14935871599.5,,3,SUR,-3.25,
TQBR,2014-03-28,Сбербанк,SBER,68676,12322262205.1,80.4,79.67,81.96,81.36,80.93,81.47,152251850,80.93,80.93,80.93,12317799201.1,12317799201.1,12317799201.1,,3,SUR,1.99,
TQBR,2014-03-31,Сбербанк,SBER,70919,14692186419.2,81.39,81.12,83.8,83.8,82.35,83.8,178420740,82.35,82.35,82.35,14682899006.3,14682899006.3,14682899006.3,,3,SUR,2.86,
TQBR,2014-04-01,Сбербанк,SBER,69441,12968274195.0,84.01,82.75,84.68,83.88,83.73,83.88,154874300,83.73,83.73,83.73,12961587839.1,12961587839.1,12961587839.1,,3,SUR,0.0,
TQBR,2014-04-02,Сбербанк,SBER,62552,11804773404.0,84.0,81.44,84.18,82.67,82.49,82.67,143111440,82.49,82.49,82.49,11796493524.0,11796493524.0,11796493524.0,,3,SUR,0.0,
TQBR,2014-04-03,Сбербанк,SBER,57082,10532322499.7,82.88,81.21,83.39,81.51,82.42,81.51,127794990,82.42,82.42,82.42,10524175395.7,10524175395.7,10524175395.7,,3,SUR,0.0,
TQBR,2014-04-04,Сбербанк,SBER,63902,12067295488.7,81.95,80.85,83.3,82.98,82.01,82.98,147144280,82.01,82.01,82.01,12056536273.2,12056536273.2,12056536273.2,,3,SUR,0.0,
TQBR,2014-04-07,Сбербанк,SBER,94606,18991884791.3,81.88,78.87,81.88,79.95,80.23,79.95,236725410,80.23,80.23,80.23,18974804623.3,18974804623.3,18974804623.3,,3,SUR,0.0,
TQBR,2014-04-08,Сбербанк,SBER,66652,12949536875.1,79.9,78.51,80.0,79.41,79.2,79.41,163499350,79.2,79.2,79.2,12944026172.1,12944026172.1,12944026172.1,,3,SUR,0.0,
TQBR,2014-04-09,Сбербанк,SBER,73343,12673403126.6,79.8,77.75,80.1,78.85,78.54,78.85,161363630,78.54,78.54,78.54,12667178047.94,12667178047.94,12667178047.94,,3,SUR,0.0,
TQBR,2014-04-10,Сбербанк,SBER,76001,14170548657.5,79.22,78.51,80.44,79.9,79.47,79.9,178317550,79.47,79.47,79.47,14160883817.5,14160883817.5,14160883817.5,,3,SUR,0.0,
TQBR,2014-04-11,Сбербанк,SBER,73963,12236550210.6,78.71,77.65,80.07,79.75,79.24,79.75,154422060,79.24,79.24,79.24,12156458850.1,12156458850.1,12156458850.1,,3,SUR,0.0,
TQBR,2014-04-14,Сбербанк,SBER,207720,14910754294.4,79.11,77.5,79.11,78.35,78.18,78.35,190735310,78.17,78.17,78.17,14887160831.1,14887160831.1,14887160831.1,,3,SUR,0.0,
TQBR,2014-04-15,Сбербанк,SBER,135831,14614490983.2,78.0,75.1,78.34,75.2,76.63,75.2,190723350,76.62,76.62,76.62,14592006703.2,14592006703.2,14592006703.2,,3,SUR,0.0,
TQBR,2014-04-16,Сбербанк,SBER,173345,20398523953.8,75.95,73.62,76.5,76.13,75.07,76.13,271726740,75.07,75.07,75.07,20391275285.8,20391275285.8,20391275285.8,,3,SUR,0.0,
TQBR,2014-04-17,Сбербанк,SBER,187407,15344443361.7,76.0,75.2,77.21,76.89,76.09,76.89,201674510,76.09,76.09,76.09,15300761601.7,15300761601.7,15300761601.7,,3,SUR,0.0,
TQBR,2014-04-18,Сбербанк,SBER,45249,9018787421.5,78.39,78.22,79.4,78.82,78.79,78.82,114463050,78.79,78.79,78.79,8983839591.7,8983839591.7,8983839591.7,,3,SUR,0.0,
TQBR,2014-04-21,Сбербанк,SBER,152047,6524700324.0,78.8,77.46,78.8,77.62,78.06,77.62,83590290,78.05,78.05,78.05,6512088384.0,6512088384.0,6512088384.0,,3,SUR,0.0,
TQBR,2014-04-22,Сбербанк,SBER,120981,10366817228.3,77.5,75.6,77.5,76.3,76.62,76.3,135293150,76.62,76.62,76.62,10363038328.3,10363038328.3,10363038328.3,,3,SUR,0.0,
TQBR,2014-04-23,Сбербанк,SBER,130342,10096596348.4,76.2,75.12,76.51,75.56,75.75,75.56,133283600,75.75,75.75,75.75,10091753076.4,10091753076.4,10091753076.4,,3,SUR,0.0,
TQBR,2014-04-24,Сбербанк,SBER,209132,18512448292.7,75.85,71.81,76.11,73.21,73.68,73.21,251265730,73.68,73.68,73.68,18505225097.2,18505225097.2,18505225097.2,,3,SUR,0.0,
TQBR,2014-04-25,Сбербанк,SBER,219457,21073635940.9,73.05,69.56,73.1,69.91,70.93,69.91,297122510,70.92,70.92,70.92,21057258861.4,21057258861.4,21057258861.4,,3,SUR,0.0,
TQBR,2014-04-28,Сбербанк,SBER,200166,26919766522.5,69.0,67.9,73.7,73.39,70.35,73.39,382641850,70.35,70.35,70.35,26908316662.5,26908316662.5,26908316662.5,,3,SUR,0.0,
TQBR,2014-04-29,Сбербанк,SBER,81881,13562850951.4,74.19,72.3,74.66,72.8,73.64,72.8,184166290,73.64,73.64,73.64,13545204859.9,13545204859.9,13545204859.9,,3,SUR,0.0,
TQBR,2014-04-30,Сбербанк,SBER,52464,7884706883.0,72.51,71.48,73.1,72.5,72.27,72.5,109106810,72.27,72.27,72.27,7878395612.6,7878395612.6,7878395612.6,,3,SUR,0.0,
TQBR,2014-05-02,Сбербанк,SBER,33674,4614899568.3,72.0,70.89,72.5,72.22,71.78,72.22,64294280,71.78,71.78,71.78,4606368288.3,4606368288.3,4606368288.3,,3,SUR,0.0,
TQBR,2014-05-05,Сбербанк,SBER,40666,4819865433.2,71.35,71.01,72.44,71.99,71.76,71.99,67164800,71.76,71.76,71.76,4813203483.7,4813203483.7,4813203483.7,,3,SUR,0.0,
TQBR,2014-05-06,Сбербанк,SBER,66361,9525359949.2,72.32,72.32,74.3,74.1,73.52,74.1,129555640,73.52,73.52,73.52,9522353606.8,9522353606.8,9522353606.8,,3,SUR,0.0,
TQBR,2014-05-07,Сбербанк,SBER,126014,20847433784.2,73.23,73.16,80.37,78.5,76.87,78.5,271218480,76.87,76.87,76.87,20822971302.7,20822971302.7,20822971302.7,,3,SUR,0.0,
TQBR,2014-05-08,Сбербанк,SBER,106601,19652189431.2,79.0,77.57,80.25,78.8,79.02,78.8,248696590,79.02,79.02,79.02,19634943731.2,19634943731.2,19634943731.2,,3,SUR,0.0,
TQBR,2014-05-12,Сбербанк,SBER,79890,12971345421.0,78.79,77.73,79.9,79.08,78.78,79.08,164644990,78.78,78.78,78.78,12953152810.0,12953152810.0,12953152810.0,,3,SUR,0.0,
TQBR,2014-05-13,Сбербанк,SBER,85074,14982774153.6,79.76,79.15,81.08,80.15,80.22,80.15,186766010,80.22,80.22,80.22,14977824248.0,14977824248.0,14977824248.0,,3,SUR,0.0,
TQBR,2014-05-14,Сбербанк,SBER,58455,10950369363.2,80.25,79.55,81.68,81.38,80.34,81.38,136298440,80.34,80.34,80.34,10948243540.7,10948243540.7,10948243540.7,,3,SUR,0.0,
TQBR,2014-05-15,Сбербанк,SBER,84249,13958326176.9,81.1,79.75,82.3,80.04,81.51,80.04,171237780,81.51,81.51,81.51,13952564021.9,13952564021.9,13952564021.9,,3,SUR,0.0,
TQBR,2014-05-16,Сбербанк,SBER,65833,11712181282.7,79.4,78.53,79.79,79.2,79.08,79.2,148101150,79.08,79.08,79.08,11702102246.7,11702102246.7,11702102246.7,,3,SUR,0.0,
TQBR,2014-05-19,Сбербанк,SBER,61743,11387666217.8,79.3,79.17,81.68,81.62,80.7,81.62,141103030,80.71,80.71,80.71,11382439554.8,11382439554.8,11382439554.8,,3,SUR,0.0,
TQBR,2014-05-20,Сбербанк,SBER,74956,12704722224.7,82.05,80.55,82.55,82.31,81.61,82.31,155680150,81.61,81.61,81.61,12693844035.7,12693844035.7,12693844035.7,,3,SUR,0.0,
TQBR,2014-05-21,Сбербанк,SBER,89879,15827223384.5,82.0,81.3,84.09,83.59,82.72,83.59,191332530,82.72,82.72,82.72,15793941224.5,15793941224.5,15793941224.5,,3,SUR,0.0,
TQBR,2014-05-22,Сбербанк,SBER,62976,10987132137.3,84.01,82.16,84.3,83.26,83.22,83.26,132031140,83.22,83.22,83.22,10978920999.9,10978920999.9,10978920999.9,,3,SUR,0.0,
TQBR,2014-05-23,Сбербанк,SBER,85371,14373948595.5,83.2,82.63,85.98,85.83,84.29,85.83,170529760,84.29,84.29,84.29,14371277043.5,14371277043.5,14371277043.5,,3,SUR,0.0,
TQBR,2014-05-26,Сбербанк,SBER,59354,9861521266.2,86.0,85.37,87.62,86.87,86.85,86.87,113548190,86.85,86.85,86.85,9854819286.2,9854819286.2,9854819286.2,,3,SUR,0.0,
TQBR,2014-05-27,Сбербанк,SBER,73257,12750027950.6,86.9,83.95,86.9,84.33,85.01,84.33,149979600,85.01,85.01,85.01,12747369679.6,12747369679.6,12747369679.6,,3,SUR,0.0,
TQBR,2014-05-28,Сбербанк,SBER,63071,9936248035.4,84.5,83.73,85.38,84.95,84.63,84.95,117406900,84.63,84.63,84.63,9930057565.4,9930057565.4,9930057565.4,,3,SUR,0.0,
TQBR,2014-05-29,Сбербанк,SBER,66679,11385853542.6,85.3,84.18,86.01,85.65,85.24,85.65,133574640,85.24,85.24,85.24,11383192182.6,11383192182.6,11383192182.6,,3,SUR,0.0,
TQBR,2014-05-30,Сбербанк,SBER,53611,9193858538.7,85.65,84.21,85.9,84.5,84.91,84.5,108275150,84.91,84.91,84.91,9192493277.7,9192493277.7,9192493277.7,,3,SUR,0.0,
TQBR,2014-06-02,Сбербанк,SBER,65233,11679296280.8,84.76,84.76,87.15,85.91,86.16,85.91,135553000,86.16,86.16,86.16,11677212880.0,11677212880.0,11677212880.0,,3,SUR,0.0,
TQBR,2014-06-03,Сбербанк,SBER,72918,10259671670.7,85.3,84.66,86.84,86.84,85.56,86.84,119911060,85.56,85.56,85.56,10245365154.7,10245365154.7,10245365154.7,,3,SUR,0.0,
TQBR,2014-06-04,Сбербанк,SBER,57422,10361328204.3,86.41,86.23,88.47,87.81,87.2,87.81,118827760,87.2,87.2,87.2,10357604797.4,10357604797.4,10357604797.4,,3,SUR,0.0,
TQBR,2014-06-05,Сбербанк,SBER,69918,12025304480.7,87.95,86.86,89.05,87.43,87.99,87.43,136671320,87.99,87.99,87.99,12021994042.7,12021994042.7,12021994042.7,,3,SUR,0.0,
TQBR,2014-06-06,Сбербанк,SBER,67763,11211383095.1,87.75,86.28,89.18,89.0,87.66,89.0,127899230,87.66,87.66,87.66,11210105455.1,11210105455.1,11210105455.1,,3,SUR,0.0,
TQBR,2014-06-09,Сбербанк,SBER,40860,7560962732.0,89.3,88.62,89.6,88.89,89.12,88.89,84842190,89.12,89.12,89.12,7552219369.0,7552219369.0,7552219369.0,,3,SUR,-0.12,
TQBR,2014-06-10,Сбербанк,SBER,50351,7596389042.6,88.88,87.87,89.0,88.99,88.48,88.99,85853250,88.48,88.48,88.48,7595326926.6,7595326926.6,7595326926.6,,3,SUR,0.11,
TQBR,2014-06-11,Сбербанк,SBER,40626,6041154867.6,89.0,88.51,89.33,89.0,88.87,89.0,67980020,88.87,88.87,88.87,6039900857.6,6039900857.6,6039900857.6,,3,SUR,0.01,
TQBR,2014-06-16,Сбербанк,SBER,62448,11088013550.9,84.5,84.15,85.72,84.85,85.1,84.85,130296750,85.1,85.1,85.1,11035501025.9,11035501025.9,11035501025.9,,3,SUR,-4.66,
TQBR,2014-06-17,Сбербанк,SBER,46474,7330000018.9,84.95,83.37,85.55,83.8,84.34,83.8,86913970,84.34,84.34,84.34,7325456892.9,7325456892.9,7325456892.9,,3,SUR,-1.24,
TQBR,2014-06-18,Сбербанк,SBER,50387,9671046875.6,84.11,83.12,84.55,83.77,83.87,83.77,115310330,83.87,83.87,83.87,9657632171.7,9657632171.7,9657632171.7,,3,SUR,-0.04,
TQBR,2014-06-19,Сбербанк,SBER,57320,9528743715.0,84.55,84.35,85.69,84.8,85.02,84.8,112078350,85.02,85.02,85.02,9523300386.0,9523300386.0,9523300386.0,,3,SUR,1.23,
TQBR,2014-06-20,Сбербанк,SBER,36807,7073051535.6,84.8,84.1,85.14,84.16,84.49,84.16,83715090,84.49,84.49,84.49,7070771263.6,7070771263.6,7070771263.6,,3,SUR,-0.75,
TQBR,2014-06-23,Сбербанк,SBER,50370,8347843813.1,84.23,83.41,85.3,83.68,84.29,83.68,99040960,84.29,84.29,84.29,8345159403.0,8345159403.0,8345159403.0,,3,SUR,-0.57,
TQBR,2014-06-24,Сбербанк,SBER,82367,12819683767.4,84.09,83.91,86.6,86.5,85.16,86.5,150531880,85.16,85.16,85.16,12815322019.1,12815322019.1,12815322019.1,,3,SUR,3.37,
TQBR,2014-06-25,Сбербанк,SBER,72237,9811010217.8,86.02,83.85,86.4,84.4,85.34,84.4,114961050,85.34,85.34,85.34,9788754263.2,9788754263.2,9788754263.2,,3,SUR,-2.43,
TQBR,2014-06-26,Сбербанк,SBER,51929,8383743521.2,84.9,83.46,85.14,84.1,84.28,84.1,99471360,84.28,84.28,84.28,8380156496.2,8380156496.2,8380156496.2,,3,SUR,-0.36,
TQBR,2014-06-27,Сбербанк,SBER,39667,4828661473.2,84.15,83.96,84.94,84.33,84.5,84.33,57140600,84.51,84.51,84.51,4823530847.7,4823530847.7,4823530847.7,,3,SUR,0.27,
TQBR,2014-06-30,Сбербанк,SBER,46702,6822354609.1,84.5,83.03,84.7,84.5,83.71,84.5,81496490,83.71,83.71,83.71,6821545099.1,6821545099.1,6821545099.1,,3,SUR,0.2,
TQBR,2014-07-01,Сбербанк,SBER,46805,6700970195.0,84.45,83.05,84.46,84.07,83.73,84.07,80028320,83.73,83.73,83.73,6692899308.5,6692899308.5,6692899308.5,,3,SUR,-0.51,
TQBR,2014-07-02,Сбербанк,SBER,52470,8016712732.6,84.3,84.12,85.97,85.79,85.11,85.79,94197580,85.11,85.11,85.11,8011288027.6,8011288027.6,8011288027.6,,3,SUR,2.05,
TQBR,2014-07-03,Сбербанк,SBER,49647,6559336708.5,85.9,85.25,86.5,85.34,85.91,85.34,76353880,85.91,85.91,85.91,6556093983.5,6556093983.5,6556093983.5,,3,SUR,-0.52,
TQBR,2014-07-04,Сбербанк,SBER,36667,5890073881.0,85.51,83.8,85.86,84.0,84.87,84.0,69404770,84.87,84.87,84.87,5888922916.4,5888922916.4,5888922916.4,,3,SUR,-1.57,
TQBR,2014-07-07,Сбербанк,SBER,46982,6025535758.0,84.08,83.87,85.7,85.49,84.82,85.49,71042760,84.82,84.82,84.82,6024186274.0,6024186274.0,6024186274.0,,3,SUR,1.77,
TQBR,2014-07-08,Сбербанк,SBER,56429,8532268044.6,85.3,84.67,86.69,85.11,85.73,85.11,99525260,85.73,85.73,85.73,8528492666.6,8528492666.6,8528492666.6,,3,SUR,-0.44,
TQBR,2014-07-09,Сбербанк,SBER,50195,6861142523.7,84.91,84.2,85.56,85.2,84.88,85.2,80831840,84.88,84.88,84.88,6856356147.0,6856356147.0,6856356147.0,,3,SUR,0.11,
TQBR,2014-07-10,Сбербанк,SBER,70138,9686873454.4,85.74,83.37,86.09,84.47,84.69,84.47,114382280,84.69,84.69,84.69,9678386909.2,9678386909.2,9678386909.2,,3,SUR,-0.86,
TQBR,2014-07-11,Сбербанк,SBER,47379,6602300169.9,84.5,83.8,84.88,84.55,84.36,84.55,78260360,84.36,84.36,84.36,6599294504.9,6599294504.9,6599294504.9,,3,SUR,0.09,
TQBR,2014-07-14,Сбербанк,SBER,44035,5856987360.7,84.65,83.55,85.19,83.55,84.35,83.55,69434020,84.35,84.35,84.35,5856068908.2,5856068908.2,5856068908.2,,3,SUR,-1.18,
TQBR,2014-07-15,Сбербанк,SBER,43098,6601547994.8,83.82,82.87,84.01,83.09,83.43,83.09,79123700,83.43,83.43,83.43,6598776905.6,6598776905.6,6598776905.6,,3,SUR,-0.55,
TQBR,2014-07-16,Сбербанк,SBER,49422,7160064071.3,83.0,82.55,83.98,83.78,83.25,83.78,86004300,83.25,83.25,83.25,7157566601.3,7157566601.3,7157566601.3,,3,SUR,0.83,
TQBR,2014-07-17,Сбербанк,SBER,72728,12027761202.8,82.0,80.53,82.19,81.5,81.33,81.5,147892860,81.32,81.32,81.32,11914032122.8,11914032122.8,11914032122.8,,3,SUR,-2.72,
TQBR,2014-07-18,Сбербанк,SBER,67821,11816975027.0,79.8,79.59,80.96,80.27,80.17,80.27,147407130,80.17,80.17,80.17,11756240045.0,11756240045.0,11756240045.0,,3,SUR,-1.51,
TQBR,2014-07-21,Сбербанк,SBER,81513,14297774488.2,80.31,76.56,80.4,76.56,78.22,76.56,182779550,78.22,78.22,78.22,14294522736.3,14294522736.3,14294522736.3,,3,SUR,-4.62,
TQBR,2014-07-22,Сбербанк,SBER,70221,12028123266.1,77.3,77.06,78.84,78.3,77.9,78.3,154403850,77.9,77.9,77.9,12015344803.1,12015344803.1,12015344803.1,,3,SUR,2.27,
TQBR,2014-07-23,Сбербанк,SBER,52390,7277557742.1,78.4,76.6,78.94,77.45,77.72,77.45,93643340,77.72,77.72,77.72,7274776110.1,7274776110.1,7274776110.1,,3,SUR,-1.09,
TQBR,2014-07-24,Сбербанк,SBER,54256,7809701201.2,77.0,75.81,77.37,76.87,76.66,76.87,101869250,76.66,76.66,76.66,7798083441.2,7798083441.2,7798083441.2,,3,SUR,-0.75,
TQBR,2014-07-25,Сбербанк,SBER,65473,8283568523.8,76.81,75.0,76.98,75.16,75.64,75.16,109515350,75.64,75.64,75.64,8274814488.1,8274814488.1,8274814488.1,,3,SUR,-2.22,
TQBR,2014-07-28,Сбербанк,SBER,62373,8557052061.2,74.51,72.6,74.6,72.82,73.47,72.82,116467930,73.47,73.47,73.47,8551021966.9,8551021966.9,8551021966.9,,3,SUR,-3.11,
TQBR,2014-07-29,Сбербанк,SBER,88957,14153119044.7,72.45,71.86,74.5,73.2,73.09,73.2,193639220,73.09,73.09,73.09,14144427942.7,14144427942.7,14144427942.7,,3,SUR,0.52,
TQBR,2014-07-30,Сбербанк,SBER,92262,14523547897.5,72.65,72.33,75.83,73.68,74.64,73.68,194588780,74.64,74.64,74.64,14506531814.5,14506531814.5,14506531814.5,,3,SUR,0.66,
TQBR,2014-07-31,Сбербанк,SBER,62523,8188974758.4,73.9,73.24,75.27,73.6,74.06,73.6,110573680,74.06,74.06,74.06,8187412512.4,8187412512.4,8187412512.4,,3,SUR,-0.11,
TQBR,2014-08-01,Сбербанк,SBER,78602,13276911148.5,72.88,71.52,73.5,72.37,72.34,72.37,183538940,72.34,72.34,72.34,13262537754.9,13262537754.9,13262537754.9,,3,SUR,-1.67,
TQBR,2014-08-04,Сбербанк,SBER,49423,7492810618.6,72.8,71.85,73.59,72.75,72.77,72.75,102965070,72.77,72.77,72.77,7486122482.6,7486122482.6,7486122482.6,,3,SUR,0.53,
TQBR,2014-08-05,Сбербанк,SBER,46470,7475834047.6,73.0,71.57,73.3,71.6,72.09,71.6,103702890,72.09,72.09,72.09,7448251727.6,7448251727.6,7448251727.6,,3,SUR,-1.58,
TQBR,2014-08-06,Сбербанк,SBER,97734,17648189319.1,71.22,68.85,71.3,69.0,69.82,69.0,252771000,69.82,69.82,69.82,17644946672.5,17644946672.5,17644946672.5,,3,SUR,-3.63,
TQBR,2014-08-07,Сбербанк,SBER,114280,17451511001.3,68.42,66.1,69.3,68.5,67.77,68.5,257510130,67.77,67.77,67.77,17446630602.7,17446630602.7,17446630602.7,,3,SUR,-0.72,
TQBR,2014-08-08,Сбербанк,SBER,79900,11312689552.6,67.91,67.91,70.75,70.7,69.66,70.7,162405320,69.66,69.66,69.66,11300329932.6,11300329932.6,11300329932.6,,3,SUR,3.21,
TQBR,2014-08-11,Сбербанк,SBER,75277,12396749732.9,72.01,72.01,74.4,74.21,73.48,74.21,168710010,73.49,73.49,73.49,12339966247.4,12339966247.4,12339966247.4,,3,SUR,4.96,
TQBR,2014-08-12,Сбербанк,SBER,73164,12470921233.2,74.1,72.88,75.18,73.35,74.0,73.35,168530250,74.0,74.0,74.0,12467757163.2,12467757163.2,12467757163.2,,3,SUR,-1.16,
TQBR,2014-08-13,Сбербанк,SBER,69192,10204042131.6,73.04,72.6,75.19,74.84,74.47,74.84,137022330,74.47,74.47,74.47,10195324077.2,10195324077.2,10195324077.2,,3,SUR,2.03,
TQBR,2014-08-14,Сбербанк,SBER,68463,11001471078.0,74.94,74.3,75.87,74.99,75.03,74.99,146635000,75.03,75.03,75.03,10999899586.2,10999899586.2,10999899586.2,,3,SUR,0.2,
TQBR,2014-08-15,Сбербанк,SBER,60659,9520904415.8,75.01,74.0,76.0,75.05,74.92,75.05,127078390,74.92,74.92,74.92,9515499945.3,9515499945.3,9515499945.3,,3,SUR,0.08,
TQBR,2014-08-18,Сбербанк,SBER,42652,6573355528.3,75.21,74.77,75.98,75.15,75.32,75.15,87278050,75.32,75.32,75.32,6561545302.0,6561545302.0,6561545302.0,,3,SUR,0.13,
TQBR,2014-08-19,Сбербанк,SBER,52208,7381460232.9,75.75,75.11,76.1,76.0,75.73,76.0,97471200,75.73,75.73,75.73,7376541027.9,7376541027.9,7376541027.9,,3,SUR,1.13,
TQBR,2014-08-20,Сбербанк,SBER,58248,9121903753.5,76.0,75.18,76.9,76.9,75.97,76.9,120071260,75.97,75.97,75.97,9119325833.5,9119325833.5,9119325833.5,,3,SUR,1.18,
TQBR,2014-08-21,Сбербанк,SBER,60138,9023655140.5,76.87,76.71,78.61,78.4,77.79,78.4,115995050,77.79,77.79,77.79,9015368554.5,9015368554.5,9015368554.5,,3,SUR,1.95,
TQBR,2014-08-22,Сбербанк,SBER,67915,10934358452.3,78.5,76.88,78.89,78.39,77.76,78.39,140619770,77.76,77.76,77.76,10931396647.3,10931396647.3,10931396647.3,,3,SUR,-0.01,
TQBR,2014-08-25,Сбербанк,SBER,47980,9372795671.0,78.51,78.25,79.69,78.56,78.98,78.56,118676060,78.98,78.98,78.98,9364162711.4,9364162711.4,9364162711.4,,3,SUR,0.22,
TQBR,2014-08-26,Сбербанк,SBER,45792,6172031870.7,78.6,77.24,78.92,77.44,78.0,77.44,79132960,78.0,78.0,78.0,6170907104.7,6170907104.7,6170907104.7,,3,SUR,-1.43,
TQBR,2014-08-27,Сбербанк,SBER,39111,6358565106.8,77.89,77.51,78.39,77.93,78.03,77.93,81493260,78.03,78.03,78.03,6356703535.8,6356703535.8,6356703535.8,,3,SUR,0.63,
TQBR,2014-08-28,Сбербанк,SBER,97618,17577035274.0,77.46,74.45,77.87,74.59,75.82,74.59,231820440,75.82,75.82,75.82,17571425620.8,17571425620.8,17571425620.8,,3,SUR,-4.29,
TQBR,2014-08-29,Сбербанк,SBER,91694,14242612092.1,74.49,72.56,74.97,73.21,73.62,73.21,193460210,73.62,73.62,73.62,14228019501.1,14228019501.1,14228019501.1,,3,SUR,-1.85,
TQBR,2014-09-01,Сбербанк,SBER,81510,12118090739.3,73.51,72.52,74.94,73.68,73.7,73.68,164429290,73.7,73.7,73.7,12091359562.9,12091359562.9,12091359562.9,,3,SUR,0.64,
TQBR,2014-09-02,Сбербанк,SBER,53899,7701340899.6,73.67,72.94,74.49,73.76,73.61,73.76,104627840,73.61,73.61,73.61,7695878269.1,7695878269.1,7695878269.1,,3,SUR,0.11,
TQBR,2014-09-03,Сбербанк,SBER,122996,21333848810.2,74.19,73.75,78.75,78.5,76.99,78.5,277102210,76.99,76.99,76.99,21321722454.7,21321722454.7,21321722454.7,,3,SUR,6.43,
TQBR,2014-09-04,Сбербанк,SBER,87095,12434841180.8,78.6,77.18,79.95,79.39,78.45,79.39,158504110,78.45,78.45,78.45,12426831054.8,12426831054.8,12426831054.8,,3,SUR,1.13,
TQBR,2014-09-05,Сбербанк,SBER,93909,12760679862.3,78.8,78.5,81.3,80.25,80.04,80.25,159432130,80.04,80.04,80.04,12731965930.3,12731965930.3,12731965930.3,,3,SUR,1.08,
TQBR,2014-09-08,Сбербанк,SBER,57931,8586491913.2,80.25,78.26,80.39,78.69,79.16,78.69,108470700,79.16,79.16,79.16,8574922270.7,8574922270.7,8574922270.7,,3,SUR,-1.94,
TQBR,2014-09-09,Сбербанк,SBER,55757,8416207166.7,78.85,78.69,80.2,79.41,79.53,79.41,105818380,79.54,79.54,79.54,8407148878.7,8407148878.7,8407148878.7,,3,SUR,0.91,
TQBR,2014-09-10,Сбербанк,SBER,54957,6806564900.8,78.8,78.39,79.4,78.67,78.85,78.67,86323660,78.85,78.85,78.85,6789454268.8,6789454268.8,6789454268.8,,3,SUR,-0.93,
TQBR,2014-09-11,Сбербанк,SBER,88104,11862400181.6,79.05,76.14,79.55,76.3,77.47,76.3,153119340,77.47,77.47,77.47,11850345847.1,11850345847.1,11850345847.1,,3,SUR,-3.01,
TQBR,2014-09-12,Сбербанк,SBER,84216,11142306440.4,76.0,75.13,77.77,76.65,76.57,76.65,145526680,76.57,76.57,76.57,11118243320.4,11118243320.4,11118243320.4,,3,SUR,0.46,
TQBR,2014-09-15,Сбербанк,SBER,71951,9667420501.4,76.3,75.45,77.08,75.63,76.03,75.63,127147020,76.03,76.03,76.03,9660776297.4,9660776297.4,9660776297.4,,3,SUR,-1.33,
TQBR,2014-09-16,Сбербанк,SBER,82513,10911100950.9,75.85,75.63,77.9,77.6,77.04,77.6,141626080,77.04,77.04,77.04,10909173602.4,10909173602.4,10909173602.4,,3,SUR,2.6,
TQBR,2014-09-17,Сбербанк,SBER,82984,11680433036.9,77.5,76.55,78.92,78.66,77.65,78.66,150425900,77.65,77.65,77.65,11670554886.9,11670554886.9,11670554886.9,,3,SUR,1.37,
TQBR,2014-09-18,Сбербанк,SBER,59841,8031614350.0,78.62,77.71,79.3,77.98,78.55,77.98,102250150,78.55,78.55,78.55,8027328773.8,8027328773.8,8027328773.8,,3,SUR,-0.86,
TQBR,2014-09-19,Сбербанк,SBER,80035,9528065775.8,78.3,76.62,78.46,77.4,77.48,77.4,122982290,77.47,77.47,77.47,9520837119.8,9520837119.8,9520837119.8,,3,SUR,-0.74,
TQBR,2014-09-22,Сбербанк,SBER,56571,6471712224.7,77.2,75.89,77.69,76.0,76.51,76.0,84589910,76.51,76.51,76.51,6462828048.7,6462828048.7,6462828048.7,,3,SUR,-1.81,
TQBR,2014-09-23,Сбербанк,SBER,58471,7511750614.8,76.32,76.2,77.84,77.68,76.94,77.68,97635080,76.94,76.94,76.94,7509428960.4,7509428960.4,7509428960.4,,3,SUR,2.21,
TQBR,2014-09-24,Сбербанк,SBER,64768,9743665248.4,77.93,77.87,79.55,79.05,78.9,79.05,123499180,78.9,78.9,78.9,9739868498.8,9739868498.8,9739868498.8,,3,SUR,1.76,
TQBR,2014-09-25,Сбербанк,SBER,65891,9593588851.2,79.6,78.0,80.15,78.01,79.23,78.01,121092190,79.23,79.23,79.23,9584313859.2,9584313859.2,9584313859.2,,3,SUR,-1.32,
TQBR,2014-09-26,Сбербанк,SBER,64880,8662360631.6,77.56,76.85,78.43,77.6,77.61,77.6,111612420,77.61,77.61,77.61,8646152142.8,8646152142.8,8646152142.8,,3,SUR,-0.53,
TQBR,2014-09-29,Сбербанк,SBER,61877,7794311609.8,77.98,76.53,78.38,76.7,77.44,76.7,100645000,77.44,77.44,77.44,7791923082.4,7791923082.4,7791923082.4,,3,SUR,-1.16,
TQBR,2014-09-30,Сбербанк,SBER,77486,11065325634.6,77.08,75.52,77.44,75.52,76.55,75.52,144552360,76.55,76.55,76.55,11058418495.8,11058418495.8,11058418495.8,,3,SUR,-1.54,
TQBR,2014-10-01,Сбербанк,SBER,70187,9813229524.8,75.2,74.26,76.26,74.26,75.33,74.26,130262550,75.33,75.33,75.33,9800923796.8,9800923796.8,9800923796.8,,3,SUR,-1.67,
TQBR,2014-10-02,Сбербанк,SBER,86032,10657701141.0,74.05,72.57,74.47,73.15,73.4,73.15,145206610,73.4,73.4,73.4,10648112406.5,10648112406.5,10648112406.5,,3,SUR,-1.49,
TQBR,2014-10-03,Сбербанк,SBER,64303,8251476086.9,73.73,73.12,74.69,73.77,73.9,73.77,111663690,73.9,73.9,73.9,8245978778.1,8245978778.1,8245978778.1,,3,SUR,0.85,
TQBR,2014-10-06,Сбербанк,SBER,72147,9485664906.9,74.36,74.25,76.6,76.33,75.53,76.33,125594530,75.53,75.53,75.53,9480396500.9,9480396500.9,9480396500.9,,3,SUR,3.47,
TQBR,2014-10-07,Сбербанк,SBER,57704,7353823645.6,76.33,74.96,76.54,75.32,75.69,75.32,97153580,75.69,75.69,75.69,7351115457.2,7351115457.2,7351115457.2,,3,SUR,-1.32,
TQBR,2014-10-08,Сбербанк,SBER,72850,9823200108.0,74.85,73.76,75.25,73.8,74.42,73.8,132003430,74.42,74.42,74.42,9807815439.0,9807815439.0,9807815439.0,,3,SUR,-2.02,
TQBR,2014-10-09,Сбербанк,SBER,78364,10790147160.4,75.05,73.52,75.7,73.65,74.66,73.65,144528280,74.66,74.66,74.66,10771200787.9,10771200787.9,10771200787.9,,3,SUR,-0.2,
TQBR,2014-10-10,Сбербанк,SBER,86849,10334279936.8,72.64,72.06,73.77,73.5,72.97,73.5,141617220,72.97,72.97,72.97,10304304314.4,10304304314.4,10304304314.4,,3,SUR,-0.2,
TQBR,2014-10-13,Сбербанк,SBER,72856,8700342715.7,72.8,72.65,75.24,74.26,74.41,74.26,116922770,74.41,74.41,74.41,8689263283.7,8689263283.7,8689263283.7,,3,SUR,1.03,
TQBR,2014-10-14,Сбербанк,SBER,76135,7128513782.7,74.15,73.86,75.36,74.55,74.66,74.55,95473820,74.66,74.66,74.66,7123709604.2,7123709604.2,7123709604.2,,3,SUR,0.39,
TQBR,2014-10-15,Сбербанк,SBER,72426,8865781517.8,74.31,72.81,74.86,73.08,73.53,73.08,120577500,73.53,73.53,73.53,8848504442.8,8848504442.8,8848504442.8,,3,SUR,-1.97,
TQBR,2014-10-16,Сбербанк,SBER,114045,14162680267.6,73.2,70.95,74.05,71.12,72.36,71.12,195738120,72.35,72.35,72.35,14145711043.6,14145711043.6,14145711043.6,,3,SUR,-2.68,
TQBR,2014-10-17,Сбербанк,SBER,80288,10590495491.3,71.8,71.38,73.3,73.15,72.52,73.15,146039730,72.52,72.52,72.52,10581116257.3,10581116257.3,10581116257.3,,3,SUR,2.85,
TQBR,2014-10-20,Сбербанк,SBER,68942,8881557582.1,73.4,71.75,73.93,72.25,72.77,72.25,122048450,72.77,72.77,72.77,8863297864.1,8863297864.1,8863297864.1,,3,SUR,-1.23,
TQBR,2014-10-21,Сбербанк,SBER,82363,8448389158.6,72.0,71.3,73.16,72.5,72.41,72.5,116676840,72.41,72.41,72.41,8435607718.6,8435607718.6,8435607718.6,,3,SUR,0.35,
TQBR,2014-10-22,Сбербанк,SBER,62886,7122868294.3,73.0,71.8,73.37,71.82,72.29,71.82,98536180,72.29,72.29,72.29,7112614714.3,7112614714.3,7112614714.3,,3,SUR,-0.94,
TQBR,2014-10-23,Сбербанк,SBER,69607,9462546234.6,71.47,70.85,72.1,71.59,71.35,71.59,132619500,71.35,71.35,71.35,9443399421.6,9443399421.6,9443399421.6,,3,SUR,-0.32,
TQBR,2014-10-24,Сбербанк,SBER,57336,5450085857.4,71.35,70.93,72.49,72.49,71.65,72.49,76065860,71.65,71.65,71.65,5447233284.4,5447233284.4,5447233284.4,,3,SUR,1.26,
TQBR,2014-10-27,Сбербанк,SBER,62670,8754745253.3,73.2,72.25,73.78,72.9,73.14,72.9,119696300,73.14,73.14,73.14,8730715889.3,8730715889.3,8730715889.3,,3,SUR,0.57,
TQBR,2014-10-28,Сбербанк,SBER,52924,7463421519.8,73.18,72.73,74.2,73.9,73.61,73.9,101388880,73.61,73.61,73.61,7462735823.2,7462735823.2,7462735823.2,,3,SUR,1.37,
TQBR,2014-10-29,Сбербанк,SBER,60651,7438238512.1,74.1,73.68,74.8,74.05,74.29,74.05,100125200,74.29,74.29,74.29,7426407706.1,7426407706.1,7426407706.1,,3,SUR,0.2,
TQBR,2014-10-30,Сбербанк,SBER,96763,13453034887.8,73.7,73.43,75.13,74.98,74.33,74.98,180995180,74.33,74.33,74.33,13445042122.8,13445042122.8,13445042122.8,,3,SUR,1.26,
TQBR,2014-10-31,Сбербанк,SBER,77527,11759995500.7,75.45,75.23,76.84,76.23,76.03,76.23,154675720,76.03,76.03,76.03,11721066318.7,11721066318.7,11721066318.7,,3,SUR,1.67,
TQBR,2014-11-03,Сбербанк,SBER,31505,3803202502.7,76.07,75.61,76.66,76.29,76.23,76.29,49892210,76.23,76.23,76.23,3796455093.7,3796455093.7,3796455093.7,,3,SUR,0.08,
TQBR,2014-11-05,Сбербанк,SBER,62900,7625975611.1,75.8,75.02,75.94,75.65,75.44,75.65,101085650,75.44,75.44,75.44,7619408299.1,7619408299.1,7619408299.1,,3,SUR,-0.84,
TQBR,2014-11-06,Сбербанк,SBER,67044,8343805220.4,75.76,74.75,76.88,75.05,76.04,75.05,109722350,76.05,76.05,76.05,8335101911.6,8335101911.6,8335101911.6,,3,SUR,-0.79,
TQBR,2014-11-07,Сбербанк,SBER,103089,14790665046.6,75.16,74.41,77.65,75.69,75.82,75.69,195083240,75.82,75.82,75.82,14786320047.0,14786320047.0,14786320047.0,,3,SUR,0.85,
TQBR,2014-11-10,Сбербанк,SBER,64136,9681955158.5,76.36,76.12,77.78,77.78,77.06,77.78,125636500,77.06,77.06,77.06,9669758939.3,9669758939.3,9669758939.3,,3,SUR,2.76,
TQBR,2014-11-11,Сбербанк,SBER,67999,10202557176.4,77.85,77.01,78.7,77.34,77.99,77.34,130820430,77.99,77.99,77.99,10193892471.4,10193892471.4,10193892471.4,,3,SUR,-0.57,
TQBR,2014-11-12,Сбербанк,SBER,60062,8738507254.5,77.35,76.13,77.55,76.32,76.76,76.32,113847180,76.76,76.76,76.76,8736308194.0,8736308194.0,8736308194.0,,3,SUR,-1.32,
TQBR,2014-11-13,Сбербанк,SBER,77987,11286173621.4,76.31,73.73,76.5,74.03,74.97,74.03,150544890,74.97,74.97,74.97,11282265023.2,11282265023.2,11282265023.2,,3,SUR,-3.0,
TQBR,2014-11-14,Сбербанк,SBER,59110,7512929431.5,73.8,73.1,74.5,74.15,73.78,74.15,101827010,73.78,73.78,73.78,7503466057.5,7503466057.5,7503466057.5,,3,SUR,0.16,
TQBR,2014-11-17,Сбербанк,SBER,44298,5763830832.1,73.61,73.47,74.45,73.97,73.91,73.97,77982280,73.91,73.91,73.91,5760763503.4,5760763503.4,5760763503.4,,3,SUR,-0.24,
TQBR,2014-11-18,Сбербанк,SBER,72660,9033452366.9,74.42,73.45,75.35,75.21,74.61,75.21,121080470,74.61,74.61,74.61,9027861936.5,9027861936.5,9027861936.5,,3,SUR,1.68,
TQBR,2014-11-19,Сбербанк,SBER,56776,6660852593.4,75.29,73.87,75.54,73.9,74.71,73.9,89158940,74.71,74.71,74.71,6656892339.4,6656892339.4,6656892339.4,,3,SUR,-1.74,
TQBR,2014-11-20,Сбербанк,SBER,64578,7700368683.1,73.9,72.93,74.9,73.63,73.63,73.63,104580980,73.63,73.63,73.63,7695436597.1,7695436597.1,7695436597.1,,3,SUR,-0.37,
TQBR,2014-11-21,Сбербанк,SBER,61494,7816148671.7,73.99,72.95,74.71,74.39,73.84,74.39,105852740,73.84,73.84,73.84,7808649785.2,7808649785.2,7808649785.2,,3,SUR,1.03,
TQBR,2014-11-24,Сбербанк,SBER,49911,6389705275.5,74.88,74.01,75.4,74.4,74.7,74.4,85541840,74.7,74.7,74.7,6383359195.5,6383359195.5,6383359195.5,,3,SUR,0.01,
TQBR,2014-11-25,Сбербанк,SBER,37849,4433101334.2,74.48,73.76,74.66,74.11,74.24,74.11,59713060,74.24,74.24,74.24,4432607531.8,4432607531.8,4432607531.8,,3,SUR,-0.39,
TQBR,2014-11-26,Сбербанк,SBER,45090,6760449142.3,73.77,73.26,74.13,73.85,73.68,73.85,91757390,73.68,73.68,73.68,6750982975.9,6750982975.9,6750982975.9,,3,SUR,-0.35,
TQBR,2014-11-27,Сбербанк,SBER,53233,6463472882.3,73.7,73.04,74.2,73.04,73.67,73.04,87730700,73.67,73.67,73.67,6453264695.3,6453264695.3,6453264695.3,,3,SUR,-1.1,
TQBR,2014-11-28,Сбербанк,SBER,68598,9244941546.6,72.89,71.42,72.89,72.25,72.12,72.25,128193600,72.12,72.12,72.12,9228750490.9,9228750490.9,9228750490.9,,3,SUR,-1.08,
TQBR,2014-12-01,Сбербанк,SBER,84432,10201451741.1,71.9,71.51,74.2,73.79,73.19,73.79,139383260,73.19,73.19,73.19,10171941824.1,10171941824.1,10171941824.1,,3,SUR,2.13,
TQBR,2014-12-02,Сбербанк,SBER,78556,9747764666.6,74.06,71.31,74.47,71.64,73.03,71.64,133472040,73.03,73.03,73.03,9742274598.8,9742274598.8,9742274598.8,,3,SUR,-2.91,
TQBR,2014-12-03,Сбербанк,SBER,68288,8322053520.0,71.89,71.42,72.35,72.0,71.88,72.0,115782340,71.88,71.88,71.88,8314318156.0,8314318156.0,8314318156.0,,3,SUR,0.5,
TQBR,2014-12-04,Сбербанк,SBER,89067,11776978748.0,72.25,71.0,74.03,71.04,72.69,71.04,162018990,72.69,72.69,72.69,11776114638.0,11776114638.0,11776114638.0,,3,SUR,-1.33,
TQBR,2014-12-05,Сбербанк,SBER,99299,11210906896.8,70.92,68.4,71.73,68.6,69.99,68.6,160171610,69.99,69.99,69.99,11206425462.0,11206425462.0,11206425462.0,,3,SUR,-3.43,
TQBR,2014-12-08,Сбербанк,SBER,98023,11218032583.7,69.17,65.23,69.67,65.3,67.11,65.3,167156200,67.11,67.11,67.11,11210799476.8,11210799476.8,11210799476.8,,3,SUR,-4.81,
TQBR,2014-12-09,Сбербанк,SBER,116296,12883264678.1,64.77,62.61,66.9,66.26,65.06,66.26,198020150,65.06,65.06,65.06,12877520226.8,12877520226.8,12877520226.8,,3,SUR,1.47,
TQBR,2014-12-10,Сбербанк,SBER,95565,12140409043.8,66.62,65.78,68.7,67.77,67.45,67.77,180002300,67.45,67.45,67.45,12136671661.8,12136671661.8,12136671661.8,,3,SUR,2.28,
TQBR,2014-12-11,Сбербанк,SBER,96895,12134740057.5,67.85,65.25,68.4,65.95,66.67,65.95,182009630,66.67,66.67,66.67,12127262309.0,12127262309.0,12127262309.0,,3,SUR,-2.69,
TQBR,2014-12-12,Сбербанк,SBER,84540,10234051733.4,65.4,63.07,66.2,64.2,65.04,64.2,157344230,65.04,65.04,65.04,10188417575.4,10188417575.4,10188417575.4,,3,SUR,-2.65,
TQBR,2014-12-15,Сбербанк,SBER,118761,14113009196.4,64.0,59.92,65.74,60.13,62.99,60.13,224047750,62.99,62.99,62.99,14086683436.4,14086683436.4,14086683436.4,,3,SUR,-6.34,
TQBR,2014-12-16,Сбербанк,SBER,222797,25448070650.6,59.5,47.21,61.95,53.5,54.06,53.5,470750510,54.06,54.06,54.06,25431405890.6,25431405890.6,25431405890.6,,3,SUR,-11.03,
TQBR,2014-12-17,Сбербанк,SBER,191725,24945637858.8,54.03,52.38,60.88,59.9,55.87,59.9,446526580,55.87,55.87,55.87,24937363164.3,24937363164.3,24937363164.3,,3,SUR,11.96,
TQBR,2014-12-18,Сбербанк,SBER,146356,20215423040.7,61.5,60.25,65.8,62.91,63.62,62.91,317744140,63.62,63.62,63.62,20203618730.7,20203618730.7,20203618730.7,,3,SUR,5.03,
TQBR,2014-12-19,Сбербанк,SBER,97473,10480844257.1,61.26,59.5,63.08,61.44,61.01,61.44,171795280,61.01,61.01,61.01,10447150644.5,10447150644.5,10447150644.5,,3,SUR,-2.34,
TQBR,2014-12-22,Сбербанк,SBER,136635,13954392663.2,63.27,57.82,64.2,58.6,61.03,58.6,228645560,61.03,61.03,61.03,13923685834.1,13923685834.1,13923685834.1,,3,SUR,-4.62,
TQBR,2014-12-23,Сбербанк,SBER,146059,13019787626.3,59.05,52.86,59.53,54.0,56.39,54.0,230869270,56.39,56.39,56.39,13017677179.3,13017677179.3,13017677179.3,,3,SUR,-7.85,
TQBR,2014-12-24,Сбербанк,SBER,110206,9006096055.4,53.58,51.51,55.45,55.0,54.12,55.0,166419660,54.12,54.12,54.12,8998898118.2,8998898118.2,8998898118.2,,3,SUR,1.85,
TQBR,2014-12-25,Сбербанк,SBER,72361,6598735994.3,54.98,54.71,58.85,58.7,56.57,58.7,116646610,56.57,56.57,56.57,6598337389.3,6598337389.3,6598337389.3,,3,SUR,6.73,
TQBR,2014-12-26,Сбербанк,SBER,97524,7806991890.2,59.0,56.05,60.0,57.13,57.98,57.13,134648850,57.98,57.98,57.98,7804374650.2,7804374650.2,7804374650.2,,3,SUR,-2.67,
TQBR,2014-12-29,Сбербанк,SBER,81084,6329889661.8,57.01,53.7,58.29,54.51,55.69,54.51,113669200,55.69,55.69,55.69,6327697627.3,6327697627.3,6327697627.3,,3,SUR,-4.59,
TQBR,2014-12-30,Сбербанк,SBER,84285,6492408490.0,53.04,51.6,55.65,54.9,53.91,54.9,120437150,53.91,53.91,53.91,6481210154.8,6481210154.8,6481210154.8,,3,SUR,0.72,
TQBR,2015-01-05,Сбербанк,SBER,51844,3528066684.6,54.02,53.58,56.77,56.37,55.8,56.37,63231040,55.8,55.8,55.8,3522352989.2,3522352989.2,3522352989.2,,3,SUR,2.68,
TQBR,2015-01-06,Сбербанк,SBER,55823,4039309039.0,56.0,55.83,58.45,58.28,57.48,58.28,70269700,57.48,57.48,57.48,4038266879.0,4038266879.0,4038266879.0,,3,SUR,3.39,
TQBR,2015-01-08,Сбербанк,SBER,120937,11928949418.6,59.0,58.61,67.77,65.7,63.59,65.7,187598890,63.59,63.59,63.59,11924088408.6,11924088408.6,11924088408.6,,3,SUR,12.73,
TQBR,2015-01-09,Сбербанк,SBER,90444,6875919602.0,65.7,62.25,66.88,63.1,63.93,63.1,107559890,63.93,63.93,63.93,6872281793.0,6872281793.0,6872281793.0,,3,SUR,-3.96,
TQBR,2015-01-12,Сбербанк,SBER,68952,6252325925.8,62.2,61.66,63.84,62.9,62.88,62.9,99435900,62.88,62.88,62.88,6246867875.8,6246867875.8,6246867875.8,,3,SUR,-0.32,
TQBR,2015-01-13,Сбербанк,SBER,109266,11605737117.7,62.31,59.25,62.98,60.31,60.87,60.31,190655450,60.87,60.87,60.87,11597505966.7,11597505966.7,11597505966.7,,3,SUR,-4.12,
TQBR,2015-01-14,Сбербанк,SBER,78013,8109389484.4,59.6,59.6,61.2,60.05,60.49,60.05,134066670,60.49,60.49,60.49,8100334456.4,8100334456.4,8100334456.4,,3,SUR,-0.43,
TQBR,2015-01-15,Сбербанк,SBER,92584,11116803588.2,61.19,60.71,62.68,61.8,61.76,61.8,180005110,61.76,61.76,61.76,11101812038.2,11101812038.2,11101812038.2,,3,SUR,2.91,
TQBR,2015-01-16,Сбербанк,SBER,86286,8789135013.7,61.8,60.41,62.43,61.99,61.41,61.99,143117080,61.41,61.41,61.41,8772688179.7,8772688179.7,8772688179.7,,3,SUR,0.31,
TQBR,2015-01-19,Сбербанк,SBER,88961,7849098982.7,61.59,61.55,63.67,61.8,62.83,61.8,124918310,62.83,62.83,62.83,7846861418.0,7846861418.0,7846861418.0,,3,SUR,-0.31,
TQBR,2015-01-20,Сбербанк,SBER,73428,7359944280.0,61.82,60.27,62.25,60.8,61.28,60.8,120109490,61.28,61.28,61.28,7358247939.2,7358247939.2,7358247939.2,,3,SUR,-1.62,
TQBR,2015-01-21,Сбербанк,SBER,67398,6607688949.9,61.08,60.95,63.2,62.8,61.87,62.8,106804150,61.87,61.87,61.87,6606662195.1,6606662195.1,6606662195.1,,3,SUR,3.29,
TQBR,2015-01-22,Сбербанк,SBER,104957,11052416507.5,63.06,62.42,64.88,64.35,63.76,64.35,173344710,63.76,63.76,63.76,11051366558.5,11051366558.5,11051366558.5,,3,SUR,2.47,
TQBR,2015-01-23,Сбербанк,SBER,94459,10707837068.6,64.99,63.9,66.72,64.45,65.52,64.45,163436260,65.52,65.52,65.52,10686862196.0,10686862196.0,10686862196.0,,3,SUR,0.16,
TQBR,2015-01-26,Сбербанк,SBER,102754,9460544664.5,63.79,60.17,63.88,60.49,61.42,60.49,154035210,61.42,61.42,61.42,9455394897.8,9455394897.8,9455394897.8,,3,SUR,-6.14,
TQBR,2015-01-27,Сбербанк,SBER,120511,11362083974.5,58.2,57.2,61.44,61.2,60.25,61.2,188572120,60.26,60.26,60.26,11330573330.5,11330573330.5,11330573330.5,,3,SUR,1.17,
TQBR,2015-01-28,Сбербанк,SBER,91533,8563690146.3,61.81,60.31,62.58,60.63,61.47,60.63,139314670,61.47,61.47,61.47,8560010597.0,8560010597.0,8560010597.0,,3,SUR,-0.93,
TQBR,2015-01-29,Сбербанк,SBER,112963,9118121323.2,60.4,59.6,62.0,60.5,60.57,60.5,150527510,60.57,60.57,60.57,9112696799.2,9112696799.2,9112696799.2,,3,SUR,-0.21,
TQBR,2015-01-30,Сбербанк,SBER,101431,11811926822.0,61.25,59.67,61.5,61.5,60.58,61.5,194980610,60.58,60.58,60.58,11801107009.5,11801107009.5,11801107009.5,,3,SUR,1.65,
TQBR,2015-02-02,Сбербанк,SBER,99664,11971398640.4,62.0,60.03,62.57,61.4,61.22,61.4,195554010,61.21,61.21,61.21,11919010500.4,11919010500.4,11919010500.4,,3,SUR,-0.16,
TQBR,2015-02-03,Сбербанк,SBER,84851,8724095416.0,62.0,60.83,62.85,62.0,61.93,62.0,140880980,61.93,61.93,61.93,8716610776.0,8716610776.0,8716610776.0,,3,SUR,0.98,
TQBR,2015-02-04,Сбербанк,SBER,63927,5140938108.9,62.5,60.87,62.69,61.04,61.57,61.04,83495280,61.57,61.57,61.57,5132638108.9,5132638108.9,5132638108.9,,3,SUR,-1.55,
TQBR,2015-02-05,Сбербанк,SBER,105150,10646794084.8,60.6,59.9,62.48,62.41,61.42,62.41,173331680,61.42,61.42,61.42,10642480576.8,10642480576.8,10642480576.8,,3,SUR,2.24,
TQBR,2015-02-06,Сбербанк,SBER,91379,11493624557.0,62.8,62.45,64.88,64.31,63.61,64.31,180698040,63.61,63.61,63.61,11489351017.0,11489351017.0,11489351017.0,,3,SUR,3.04,
TQBR,2015-02-09,Сбербанк,SBER,122811,14757463788.4,64.31,63.85,67.4,65.57,65.84,65.57,224135470,65.84,65.84,65.84,14742516858.2,14742516858.2,14742516858.2,,3,SUR,1.96,
TQBR,2015-02-10,Сбербанк,SBER,84534,7942469037.7,65.48,64.47,66.43,65.0,65.41,65.0,121431950,65.41,65.41,65.41,7937340644.1,7937340644.1,7937340644.1,,3,SUR,-0.87,
TQBR,2015-02-11,Сбербанк,SBER,85498,9373707905.4,66.11,65.08,66.46,65.12,65.81,65.12,142445360,65.8,65.8,65.8,9349768813.3,9349768813.3,9349768813.3,,3,SUR,0.18,
TQBR,2015-02-12,Сбербанк,SBER,195268,27193992307.7,66.08,64.55,69.47,67.21,67.46,67.21,403090230,67.46,67.46,67.46,27178674302.9,27178674302.9,27178674302.9,,3,SUR,3.21,
TQBR,2015-02-13,Сбербанк,SBER,157306,26141723325.5,68.0,68.0,70.75,70.6,69.57,70.6,375773430,69.57,69.57,69.57,26125690285.5,26125690285.5,26125690285.5,,3,SUR,5.04,
TQBR,2015-02-16,Сбербанк,SBER,96104,9230110058.8,70.77,69.67,71.9,70.0,70.43,70.0,131054210,70.43,70.43,70.43,9223357893.1,9223357893.1,9223357893.1,,3,SUR,-0.85,
TQBR,2015-02-17,Сбербанк,SBER,144806,17549708874.3,70.25,69.72,73.96,72.45,72.06,72.45,243539660,72.06,72.06,72.06,17547286654.3,17547286654.3,17547286654.3,,3,SUR,3.5,
TQBR,2015-02-18,Сбербанк,SBER,133908,17870680569.6,73.38,72.83,76.84,76.4,75.13,76.4,237863380,75.13,75.13,75.13,17860879203.0,17860879203.0,17860879203.0,,3,SUR,5.45,
TQBR,2015-02-19,Сбербанк,SBER,127876,17678036332.8,76.0,72.8,76.56,73.78,74.04,73.78,238749450,74.04,74.04,74.04,17647747292.8,17647747292.8,17647747292.8,,3,SUR,-3.43,
TQBR,2015-02-20,Сбербанк,SBER,94682,13211569519.1,74.44,73.52,75.45,74.75,74.29,74.75,177829380,74.29,74.29,74.29,13180619600.3,13180619600.3,13180619600.3,,3,SUR,1.31,
TQBR,2015-02-24,Сбербанк,SBER,72289,8559427368.2,72.0,71.76,73.87,73.7,72.99,73.7,117265120,73.0,73.0,73.0,8503811688.2,8503811688.2,8503811688.2,,3,SUR,-1.4,
TQBR,2015-02-25,Сбербанк,SBER,73567,9037614092.8,73.8,72.9,74.6,74.2,73.65,74.2,122714250,73.65,73.65,73.65,9030610472.8,9030610472.8,9030610472.8,,3,SUR,0.68,
TQBR,2015-02-26,Сбербанк,SBER,87138,10888676558.6,75.0,74.6,76.6,75.95,75.64,75.95,143958950,75.64,75.64,75.64,10843963058.6,10843963058.6,10843963058.6,,3,SUR,2.36,
TQBR,2015-02-27,Сбербанк,SBER,101883,9879008752.9,75.8,75.26,76.75,75.91,76.0,75.91,129979040,76.01,76.01,76.01,9853822686.9,9853822686.9,9853822686.9,,3,SUR,-0.05,
TQBR,2015-03-02,Сбербанк,SBER,82585,8504254242.3,76.38,76.1,77.45,76.2,76.83,76.2,110696420,76.83,76.83,76.83,8477819888.1,8477819888.1,8477819888.1,,3,SUR,0.38,
TQBR,2015-03-03,Сбербанк,SBER,102459,9856981237.2,76.03,74.84,76.98,75.55,76.0,75.55,129705180,76.0,76.0,76.0,9851947290.9,9851947290.9,9851947290.9,,3,SUR,-0.85,
TQBR,2015-03-04,Сбербанк,SBER,85318,8753923797.8,75.35,72.31,75.72,72.31,74.31,72.31,117798050,74.31,74.31,74.31,8749689127.8,8749689127.8,8749689127.8,,3,SUR,-4.29,
TQBR,2015-03-05,Сбербанк,SBER,110374,12837220780.4,72.9,71.86,74.16,72.7,73.0,72.7,175857900,73.0,73.0,73.0,12831143107.4,12831143107.4,12831143107.4,,3,SUR,0.54,
TQBR,2015-03-06,Сбербанк,SBER,70867,7709717540.5,73.08,72.58,74.11,73.25,73.39,73.25,105050160,73.39,73.39,73.39,7706367553.3,7706367553.3,7706367553.3,,3,SUR,0.76,
TQBR,2015-03-10,Сбербанк,SBER,87264,10576419799.7,72.5,69.09,72.71,69.8,70.72,69.8,149557550,70.72,70.72,70.72,10568834124.7,10568834124.7,10568834124.7,,3,SUR,-4.71,
TQBR,2015-03-11,Сбербанк,SBER,96024,10529138063.7,69.8,68.78,71.31,70.68,70.33,70.68,149717760,70.33,70.33,70.33,10523739731.7,10523739731.7,10523739731.7,,3,SUR,1.26,
TQBR,2015-03-12,Сбербанк,SBER,65570,5865438400.6,71.12,70.02,71.59,70.79,70.7,70.79,82959400,70.7,70.7,70.7,5856006466.2,5856006466.2,5856006466.2,,3,SUR,0.16,
TQBR,2015-03-13,Сбербанк,SBER,93877,10497011469.8,71.0,67.81,71.3,67.87,69.21,67.87,151669320,69.21,69.21,69.21,10487764429.8,10487764429.8,10487764429.8,,3,SUR,-4.12,
TQBR,2015-03-16,Сбербанк,SBER,94637,10394053064.5,67.5,65.23,67.8,65.57,66.51,65.57,156289080,66.5,66.5,66.5,10389358439.5,10389358439.5,10389358439.5,,3,SUR,-3.39,
TQBR,2015-03-17,Сбербанк,SBER,105688,11909026946.1,66.05,63.86,66.45,64.65,64.91,64.65,183457200,64.91,64.91,64.91,11902237006.1,11902237006.1,11902237006.1,,3,SUR,-1.4,
TQBR,2015-03-18,Сбербанк,SBER,70384,7071390466.0,64.9,64.73,66.05,65.26,65.34,65.26,108223320,65.34,65.34,65.34,7058351407.0,7058351407.0,7058351407.0,,3,SUR,0.94,
TQBR,2015-03-19,Сбербанк,SBER,66785,8180816209.3,66.5,64.45,66.88,64.9,65.79,64.9,124342050,65.79,65.79,65.79,8151264274.3,8151264274.3,8151264274.3,,3,SUR,-0.55,
TQBR,2015-03-20,Сбербанк,SBER,85077,9769549263.8,64.95,64.4,67.22,67.0,66.07,67.0,147872150,66.07,66.07,66.07,9766242009.8,9766242009.8,9766242009.8,,3,SUR,3.24,
TQBR,2015-03-23,Сбербанк,SBER,72879,8686117775.5,67.6,64.83,67.6,65.0,66.07,65.0,131474510,66.07,66.07,66.07,8678744643.5,8678744643.5,8678744643.5,,3,SUR,-2.99,
TQBR,2015-03-24,Сбербанк,SBER,72334,7961369580.2,65.0,63.74,66.36,65.6,65.29,65.6,121944620,65.29,65.29,65.29,7956711680.2,7956711680.2,7956711680.2,,3,SUR,0.92,
TQBR,2015-03-25,Сбербанк,SBER,81378,6367760928.0,65.85,64.31,66.15,64.8,65.1,64.8,97814600,65.1,65.1,65.1,6362325010.5,6362325010.5,6362325010.5,,3,SUR,-1.22,
TQBR,2015-03-26,Сбербанк,SBER,97910,9492165288.1,65.43,62.62,65.8,62.85,64.04,62.85,148212490,64.04,64.04,64.04,9480659422.6,9480659422.6,9480659422.6,,3,SUR,-3.01,
TQBR,2015-03-27,Сбербанк,SBER,96109,9769443845.8,63.2,60.57,63.55,61.0,61.94,61.0,157726010,61.94,61.94,61.94,9767458733.8,9767458733.8,9767458733.8,,3,SUR,-2.94,
TQBR,2015-03-30,Сбербанк,SBER,86577,7561345446.3,60.81,60.67,63.17,63.01,62.19,63.01,121585170,62.19,62.19,62.19,7558748859.3,7558748859.3,7558748859.3,,3,SUR,3.3,
TQBR,2015-03-31,Сбербанк,SBER,85876,7109578273.7,63.0,61.92,63.4,62.88,62.53,62.88,113703370,62.53,62.53,62.53,7104901153.7,7104901153.7,7104901153.7,,3,SUR,-0.21,
TQBR,2015-04-01,Сбербанк,SBER,98035,10287783241.6,62.34,62.18,64.69,64.5,63.85,64.5,161132260,63.85,63.85,63.85,10282776716.2,10282776716.2,10282776716.2,,3,SUR,2.58,
TQBR,2015-04-02,Сбербанк,SBER,76856,9015854137.5,64.6,64.03,66.17,65.92,65.1,65.92,138482010,65.11,65.11,65.11,9013243651.5,9013243651.5,9013243651.5,,3,SUR,2.2,
TQBR,2015-04-03,Сбербанк,SBER,52945,5628272228.4,65.92,65.16,66.4,65.5,65.76,65.5,85588420,65.76,65.76,65.76,5625589284.4,5625589284.4,5625589284.4,,3,SUR,-0.64,
TQBR,2015-04-06,Сбербанк,SBER,91425,9189715221.3,65.65,65.57,68.99,68.99,67.02,68.99,137120690,67.02,67.02,67.02,9179693092.3,9179693092.3,9179693092.3,,3,SUR,5.33,
TQBR,2015-04-07,Сбербанк,SBER,127365,15558188707.2,68.85,68.15,70.27,69.6,69.23,69.6,224738420,69.23,69.23,69.23,15539134469.7,15539134469.7,15539134469.7,,3,SUR,0.88,
TQBR,2015-04-08,Сбербанк,SBER,70298,8607751973.0,69.42,68.61,69.93,69.4,69.25,69.4,124300110,69.25,69.25,69.25,8604664171.4,8604664171.4,8604664171.4,,3,SUR,-0.29,
TQBR,2015-04-09,Сбербанк,SBER,100659,13305492636.9,69.03,68.96,72.0,72.0,70.78,72.0,187982850,70.78,70.78,70.78,13299440776.8,13299440776.8,13299440776.8,,3,SUR,3.75,
TQBR,2015-04-10,Сбербанк,SBER,96103,10257743884.2,72.15,70.23,72.45,71.5,71.25,71.5,143967740,71.25,71.25,71.25,10255135661.7,10255135661.7,10255135661.7,,3,SUR,-0.69,
TQBR,2015-04-13,Сбербанк,SBER,91502,12118520801.3,71.89,71.43,74.55,74.1,73.39,74.1,165129570,73.39,73.39,73.39,12114395034.2,12114395034.2,12114395034.2,,3,SUR,3.64,
TQBR,2015-04-14,Сбербанк,SBER,84006,10002445261.0,74.1,72.89,74.82,74.05,73.85,74.05,135451730,73.84,73.84,73.84,9998211187.0,9998211187.0,9998211187.0,,3,SUR,-0.07,
TQBR,2015-04-15,Сбербанк,SBER,81989,11553766254.9,74.15,73.91,76.49,76.49,75.1,76.49,153846180,75.1,75.1,75.1,11550233007.4,11550233007.4,11550233007.4,,3,SUR,3.3,
TQBR,2015-04-16,Сбербанк,SBER,102151,13500567052.1,76.97,74.85,77.51,76.5,76.37,76.5,176773010,76.37,76.37,76.37,13469199468.0,13469199468.0,13469199468.0,,3,SUR,0.01,
TQBR,2015-04-17,Сбербанк,SBER,102198,11754378578.0,76.64,72.5,76.96,72.5,74.71,72.5,157337590,74.71,74.71,74.71,11751006418.0,11751006418.0,11751006418.0,,3,SUR,-5.23,
TQBR,2015-04-20,Сбербанк,SBER,98255,11465881118.1,72.5,71.22,74.07,73.5,72.62,73.5,157896000,72.62,72.62,72.62,11460156518.1,11460156518.1,11460156518.1,,3,SUR,1.38,
TQBR,2015-04-21,Сбербанк,SBER,109325,11716879112.3,73.66,73.26,75.67,75.24,74.33,75.24,157633660,74.33,74.33,74.33,11715906800.3,11715906800.3,11715906800.3,,3,SUR,2.37,
TQBR,2015-04-22,Сбербанк,SBER,99015,10658569420.3,75.2,72.63,75.33,73.9,74.07,73.9,143896300,74.07,74.07,74.07,10654489820.3,10654489820.3,10654489820.3,,3,SUR,-1.78,
TQBR,2015-04-23,Сбербанк,SBER,133455,14341518309.3,74.0,72.11,76.57,75.8,74.35,75.8,192895230,74.35,74.35,74.35,14336520349.3,14336520349.3,14336520349.3,,3,SUR,2.57,
TQBR,2015-04-24,Сбербанк,SBER,106105,11841055983.5,75.7,74.89,77.7,75.75,76.33,75.75,155138110,76.33,76.33,76.33,11839083998.5,11839083998.5,11839083998.5,,3,SUR,-0.07,
TQBR,2015-04-27,Сбербанк,SBER,107021,9552112172.9,76.12,74.58,76.86,75.2,75.62,75.2,126319130,75.62,75.62,75.62,9548165350.9,9548165350.9,9548165350.9,,3,SUR,-0.73,
TQBR,2015-04-28,Сбербанк,SBER,80604,7420290830.3,74.8,73.9,75.75,75.7,74.79,75.7,99218180,74.79,74.79,74.79,7413872242.3,7413872242.3,7413872242.3,,3,SUR,0.66,
TQBR,2015-04-29,Сбербанк,SBER,73437,6589908899.1,75.6,74.68,76.27,75.2,75.62,75.2,87147120,75.62,75.62,75.62,6587708939.1,6587708939.1,6587708939.1,,3,SUR,-0.66,
TQBR,2015-04-30,Сбербанк,SBER,77491,8001641723.0,75.11,74.97,76.96,76.9,76.18,76.9,105036540,76.18,76.18,76.18,8000011836.0,8000011836.0,8000011836.0,,3,SUR,2.26,
TQBR,2015-05-05,Сбербанк,SBER,127783,10786919266.1,77.2,76.8,80.6,80.21,78.98,80.21,136570620,78.99,78.99,78.99,10776353674.1,10776353674.1,10776353674.1,,3,SUR,4.3,
TQBR,2015-05-06,Сбербанк,SBER,92203,8790897464.3,80.36,78.64,80.98,79.2,79.67,79.2,110343180,79.67,79.67,79.67,8788977663.9,8788977663.9,8788977663.9,,3,SUR,-1.26,
TQBR,2015-05-07,Сбербанк,SBER,85021,8631254510.1,78.85,75.97,78.89,76.5,77.21,76.5,111790370,77.21,77.21,77.21,8629202044.6,8629202044.6,8629202044.6,,3,SUR,-3.41,
TQBR,2015-05-08,Сбербанк,SBER,86926,8296346648.5,76.3,75.07,76.67,75.5,75.72,75.5,109570490,75.72,75.72,75.72,8295304390.5,8295304390.5,8295304390.5,,3,SUR,-1.31,
TQBR,2015-05-12,Сбербанк,SBER,78138,7522013545.9,75.5,74.33,76.7,75.19,75.53,75.19,99583780,75.53,75.53,75.53,7516059615.9,7516059615.9,7516059615.9,,3,SUR,-0.41,
TQBR,2015-05-13,Сбербанк,SBER,72810,8181617263.1,75.42,74.7,76.07,75.24,75.5,75.24,108370700,75.5,75.5,75.5,8175658328.9,8175658328.9,8175658328.9,,3,SUR,0.07,
TQBR,2015-05-14,Сбербанк,SBER,74021,6695102749.4,75.04,73.6,75.35,74.31,74.43,74.31,89950110,74.43,74.43,74.43,6693207239.0,6693207239.0,6693207239.0,,3,SUR,-1.24,
TQBR,2015-05-15,Сбербанк,SBER,48495,4950211145.0,74.51,73.74,75.18,75.05,74.52,75.05,66428900,74.52,74.52,74.52,4948422905.0,4948422905.0,4948422905.0,,3,SUR,1.0,
TQBR,2015-05-18,Сбербанк,SBER,62021,6901311199.4,75.49,75.09,76.05,75.36,75.63,75.36,91255640,75.63,75.63,75.63,6896042752.3,6896042752.3,6896042752.3,,3,SUR,0.41,
TQBR,2015-05-19,Сбербанк,SBER,63431,7035385025.8,75.35,73.03,75.35,73.35,73.96,73.35,95117880,73.96,73.96,73.96,7028301372.3,7028301372.3,7028301372.3,,3,SUR,-2.67,
TQBR,2015-05-20,Сбербанк,SBER,89960,8031173145.8,73.24,71.41,73.58,71.6,72.15,71.6,111312700,72.15,72.15,72.15,8027944726.6,8027944726.6,8027944726.6,,3,SUR,-2.39,
TQBR,2015-05-21,Сбербанк,SBER,78636,7130404576.0,71.77,71.15,73.59,73.25,72.31,73.25,98610820,72.31,72.31,72.31,7129699076.9,7129699076.9,7129699076.9,,3,SUR,2.3,
TQBR,2015-05-22,Сбербанк,SBER,82970,9612288950.2,73.31,73.06,74.67,74.35,73.91,74.35,130057270,73.91,73.91,73.91,9610542706.0,9610542706.0,9610542706.0,,3,SUR,1.5,
TQBR,2015-05-25,Сбербанк,SBER,52905,4502020411.3,74.4,72.91,74.74,74.46,73.88,74.46,60933420,73.88,73.88,73.88,4501699747.3,4501699747.3,4501699747.3,,3,SUR,0.15,
TQBR,2015-05-26,Сбербанк,SBER,68254,6011972846.2,74.65,73.9,75.16,74.67,74.56,74.67,80631210,74.56,74.56,74.56,6000027353.2,6000027353.2,6000027353.2,,3,SUR,0.28,
TQBR,2015-05-27,Сбербанк,SBER,75289,8089769979.0,74.5,72.41,74.5,74.23,73.44,74.23,110149140,73.44,73.44,73.44,8088075849.0,8088075849.0,8088075849.0,,3,SUR,-0.59,
TQBR,2015-05-28,Сбербанк,SBER,65442,6185895043.3,74.0,73.32,74.97,73.6,74.06,73.6,83529650,74.06,74.06,74.06,6179288323.3,6179288323.3,6179288323.3,,3,SUR,-0.85,
TQBR,2015-05-29,Сбербанк,SBER,123996,10250593497.7,73.7,73.5,76.13,73.5,74.99,73.5,136698370,74.99,74.99,74.99,10246945347.7,10246945347.7,10246945347.7,,3,SUR,-0.14,
TQBR,2015-06-01,Сбербанк,SBER,93551,8321019554.8,73.7,72.65,74.49,72.65,73.5,72.65,113205280,73.5,73.5,73.5,8321019554.8,8321019554.8,8321019554.8,,3,SUR,-1.16,
TQBR,2015-06-02,Сбербанк,SBER,66811,5525454638.9,72.88,72.25,74.25,73.92,73.29,73.92,75392090,73.29,73.29,73.29,5525454638.9,5525454638.9,5525454638.9,,3,SUR,1.75,
TQBR,2015-06-03,Сбербанк,SBER,96899,7798511159.9,74.19,71.6,74.35,71.72,72.74,71.72,107211510,72.74,72.74,72.74,7798511159.9,7798511159.9,7798511159.9,,3,SUR,-2.98,
TQBR,2015-06-04,Сбербанк,SBER,106164,7845641687.8,71.69,70.55,72.2,71.25,71.34,71.25,109970350,71.34,71.34,71.34,7845641687.8,7845641687.8,7845641687.8,,3,SUR,-0.66,
TQBR,2015-06-05,Сбербанк,SBER,79355,5480891746.2,71.2,70.2,71.75,70.61,70.92,70.61,77281110,70.92,70.92,70.92,5480891746.2,5480891746.2,5480891746.2,,3,SUR,-0.9,
TQBR,2015-06-08,Сбербанк,SBER,88323,7182758943.4,70.8,69.15,71.05,69.17,69.91,69.17,102748480,69.91,69.91,69.91,7182758943.4,7182758943.4,7182758943.4,,3,SUR,-2.04,
TQBR,2015-06-09,Сбербанк,SBER,86017,6851335973.1,69.26,68.41,70.35,70.21,69.38,70.21,98748730,69.38,69.38,69.38,6851335973.1,6851335973.1,6851335973.1,,3,SUR,1.5,
TQBR,2015-06-10,Сбербанк,SBER,67419,6529685990.9,70.51,70.3,72.07,71.51,71.32,71.51,91552570,71.32,71.32,71.32,6529685990.9,6529685990.9,6529685990.9,,3,SUR,1.85,
TQBR,2015-06-11,Сбербанк,SBER,82126,8834867546.4,71.14,70.23,72.55,72.55,71.31,72.55,123890170,71.31,71.31,71.31,8834867546.4,8834867546.4,8834867546.4,,3,SUR,1.45,
TQBR,2015-06-15,Сбербанк,SBER,79451,7274644531.5,72.03,70.6,72.27,71.8,71.26,71.8,102080440,71.26,71.26,71.26,7274644531.5,7274644531.5,7274644531.5,,3,SUR,-1.03,
TQBR,2015-06-16,Сбербанк,SBER,88362,7779486263.0,71.56,70.96,73.8,73.5,72.32,73.5,107571400,72.32,72.32,72.32,7779486263.0,7779486263.0,7779486263.0,,3,SUR,2.37,
TQBR,2015-06-17,Сбербанк,SBER,84919,6403529451.6,73.48,72.78,74.41,72.81,73.61,72.81,86995650,73.61,73.61,73.61,6403529451.6,6403529451.6,6403529451.6,,3,SUR,-0.94,
TQBR,2015-06-18,Сбербанк,SBER,68428,6720787262.8,73.2,72.6,74.37,72.98,73.53,72.98,91400010,73.53,73.53,73.53,6720787262.8,6720787262.8,6720787262.8,,3,SUR,0.23,
TQBR,2015-06-19,Сбербанк,SBER,64953,6700730988.3,73.19,71.56,73.38,71.56,72.25,71.56,92741580,72.25,72.25,72.25,6700730988.3,6700730988.3,6700730988.3,,3,SUR,-1.95,
TQBR,2015-06-22,Сбербанк,SBER,52319,5356120485.2,72.05,71.5,72.46,72.0,72.06,72.0,74326940,72.06,72.06,72.06,5356120485.2,5356120485.2,5356120485.2,,3,SUR,0.61,
TQBR,2015-06-23,Сбербанк,SBER,44599,3809342329.8,72.3,71.5,72.37,72.01,71.96,72.01,52938560,71.96,71.96,71.96,3809342329.8,3809342329.8,3809342329.8,,3,SUR,0.01,
TQBR,2015-06-24,Сбербанк,SBER,42414,4060868802.4,72.1,71.35,72.5,71.98,71.93,71.98,56452820,71.93,71.93,71.93,4060868802.4,4060868802.4,4060868802.4,,3,SUR,-0.04,
TQBR,2015-06-25,Сбербанк,SBER,38856,3265686873.0,71.95,71.42,72.24,71.42,71.81,71.42,45477110,71.81,71.81,71.81,3265686873.0,3265686873.0,3265686873.0,,3,SUR,-0.78,
TQBR,2015-06-26,Сбербанк,SBER,61138,6953857936.2,71.39,70.4,71.47,70.6,70.72,70.6,98330570,70.72,70.72,70.72,6953857936.2,6953857936.2,6953857936.2,,3,SUR,-1.15,
TQBR,2015-06-29,Сбербанк,SBER,51818,5428842766.9,69.18,69.03,70.97,70.2,69.94,70.2,77616070,69.94,69.94,69.94,5428842766.9,5428842766.9,5428842766.9,,3,SUR,-0.57,
TQBR,2015-06-30,Сбербанк,SBER,67243,7106462410.9,70.2,70.05,72.5,72.35,71.44,72.35,99473820,71.44,71.44,71.44,7106462410.9,7106462410.9,7106462410.9,,3,SUR,3.06,
TQBR,2015-07-01,Сбербанк,SBER,63908,7270461370.3,72.3,70.71,72.97,71.0,71.87,71.0,101154440,71.87,71.87,71.87,7270461370.3,7270461370.3,7270461370.3,,3,SUR,-1.87,
TQBR,2015-07-02,Сбербанк,SBER,60241,5916314910.6,71.0,70.17,71.3,70.54,70.64,70.54,83756690,70.64,70.64,70.64,5916314910.6,5916314910.6,5916314910.6,,3,SUR,-0.65,
TQBR,2015-07-03,Сбербанк,SBER,49362,4139718738.8,70.6,69.9,71.15,70.67,70.51,70.67,58707530,70.51,70.51,70.51,4139718738.8,4139718738.8,4139718738.8,,3,SUR,0.18,
TQBR,2015-07-06,Сбербанк,SBER,81646,8574431815.2,69.93,68.08,70.59,68.45,69.39,68.45,123570110,69.39,69.39,69.39,8574431815.2,8574431815.2,8574431815.2,,3,SUR,-3.14,
TQBR,2015-07-07,Сбербанк,SBER,90789,7142821094.7,68.47,68.12,69.68,68.77,68.89,68.77,103684770,68.89,68.89,68.89,7142821094.7,7142821094.7,7142821094.7,,3,SUR,0.47,
TQBR,2015-07-08,Сбербанк,SBER,114382,10794926015.2,68.51,66.5,68.94,67.73,67.4,67.73,160173700,67.4,67.4,67.4,10794926015.2,10794926015.2,10794926015.2,,3,SUR,-1.51,
TQBR,2015-07-09,Сбербанк,SBER,77467,5809055665.2,68.17,67.7,69.38,69.35,68.52,69.35,84780130,68.52,68.52,68.52,5809055665.2,5809055665.2,5809055665.2,,3,SUR,2.39,
TQBR,2015-07-10,Сбербанк,SBER,103382,7681072909.1,69.6,69.57,71.2,71.06,70.61,71.06,108780680,70.61,70.61,70.61,7681072909.1,7681072909.1,7681072909.1,,3,SUR,2.47,
TQBR,2015-07-13,Сбербанк,SBER,95750,16717328134.5,70.75,70.75,72.94,72.94,72.19,72.94,231581340,72.19,72.19,72.19,16717328134.5,16717328134.5,16717328134.5,,3,SUR,2.65,
TQBR,2015-07-14,Сбербанк,SBER,83282,8068480978.9,72.8,72.31,73.9,73.9,73.0,73.9,110524300,73.0,73.0,73.0,8068480978.9,8068480978.9,8068480978.9,,3,SUR,1.32,
TQBR,2015-07-15,Сбербанк,SBER,60562,5827909514.9,73.78,72.96,74.0,74.0,73.54,74.0,79249180,73.54,73.54,73.54,5827909514.9,5827909514.9,5827909514.9,,3,SUR,0.14,
TQBR,2015-07-16,Сбербанк,SBER,43115,4202661103.4,74.0,73.53,74.39,74.21,74.0,74.21,56795770,74.0,74.0,74.0,4202661103.4,4202661103.4,4202661103.4,,3,SUR,0.28,
TQBR,2015-07-17,Сбербанк,SBER,54068,6643082557.1,74.19,73.57,75.73,75.52,74.69,75.52,88937350,74.69,74.69,74.69,6643082557.1,6643082557.1,6643082557.1,,3,SUR,1.77,
TQBR,2015-07-20,Сбербанк,SBER,59410,6673781777.6,75.4,73.87,75.7,74.1,74.7,74.1,89338110,74.7,74.7,74.7,6673781777.6,6673781777.6,6673781777.6,,3,SUR,-1.88,
TQBR,2015-07-21,Сбербанк,SBER,65020,8145142561.9,73.97,73.41,75.86,75.55,74.74,75.55,108985690,74.74,74.74,74.74,8145142561.9,8145142561.9,8145142561.9,,3,SUR,1.96,
TQBR,2015-07-22,Сбербанк,SBER,66834,7479462570.2,75.22,74.5,75.97,74.6,75.22,74.6,99433200,75.22,75.22,75.22,7479462570.2,7479462570.2,7479462570.2,,3,SUR,-1.26,
TQBR,2015-07-23,Сбербанк,SBER,61679,6743238166.9,74.61,72.51,74.69,72.7,73.59,72.7,91626820,73.59,73.59,73.59,6743238166.9,6743238166.9,6743238166.9,,3,SUR,-2.55,
TQBR,2015-07-24,Сбербанк,SBER,75488,9578703187.3,72.51,70.25,72.57,70.45,71.54,70.45,133887760,71.54,71.54,71.54,9578703187.3,9578703187.3,9578703187.3,,3,SUR,-3.09,
TQBR,2015-07-27,Сбербанк,SBER,109251,14414520570.4,70.4,67.35,70.45,68.48,68.64,68.48,209986640,68.64,68.64,68.64,14414520570.4,14414520570.4,14414520570.4,,3,SUR,-2.8,
TQBR,2015-07-28,Сбербанк,SBER,96945,12573228284.5,68.21,67.4,70.73,69.55,69.37,69.55,181247650,69.37,69.37,69.37,12573228284.5,12573228284.5,12573228284.5,,3,SUR,1.56,
TQBR,2015-07-29,Сбербанк,SBER,75462,8739702987.3,69.89,69.66,71.49,71.2,70.55,71.2,123880080,70.55,70.55,70.55,8739702987.3,8739702987.3,8739702987.3,,3,SUR,2.37,
TQBR,2015-07-30,Сбербанк,SBER,76220,7716334933.9,71.37,70.91,72.79,72.2,72.05,72.2,107101630,72.05,72.05,72.05,7716334933.9,7716334933.9,7716334933.9,,3,SUR,1.4,
TQBR,2015-07-31,Сбербанк,SBER,96303,10953582462.7,71.96,70.21,72.55,72.3,71.39,72.3,153437500,71.39,71.39,71.39,10953582462.7,10953582462.7,10953582462.7,,3,SUR,0.14,
TQBR,2015-08-03,Сбербанк,SBER,81429,8354612356.3,71.5,70.43,71.75,71.1,71.04,71.1,117599820,71.04,71.04,71.04,8354612356.3,8354612356.3,8354612356.3,,3,SUR,-1.66,
TQBR,2015-08-04,Сбербанк,SBER,64145,7139565312.9,70.8,70.51,72.43,72.3,71.83,72.3,99409330,71.82,71.82,71.82,7139565312.9,7139565312.9,7139565312.9,,3,SUR,1.69,
TQBR,2015-08-05,Сбербанк,SBER,68218,8289256662.7,72.62,72.33,74.14,73.49,73.35,73.49,113008940,73.35,73.35,73.35,8289256662.7,8289256662.7,8289256662.7,,3,SUR,1.65,
TQBR,2015-08-06,Сбербанк,SBER,77123,7468297854.7,73.21,72.11,73.9,72.25,72.91,72.25,102421110,72.92,72.92,72.92,7468297854.7,7468297854.7,7468297854.7,,3,SUR,-1.69,
TQBR,2015-08-07,Сбербанк,SBER,64360,7754793149.1,72.7,72.57,74.4,74.2,73.71,74.2,105214340,73.7,73.7,73.7,7754793149.1,7754793149.1,7754793149.1,,3,SUR,2.7,
TQBR,2015-08-10,Сбербанк,SBER,55019,6277893764.2,74.2,73.5,75.17,75.16,74.45,75.16,84327190,74.45,74.45,74.45,6277893764.2,6277893764.2,6277893764.2,,3,SUR,1.29,
TQBR,2015-08-11,Сбербанк,SBER,67924,8453230352.5,75.16,73.2,75.67,73.2,74.38,73.2,113655080,74.38,74.38,74.38,8453230352.5,8453230352.5,8453230352.5,,3,SUR,-2.61,
TQBR,2015-08-12,Сбербанк,SBER,62132,7258774851.6,72.99,72.52,74.2,73.4,73.38,73.4,98910440,73.39,73.39,73.39,7258774851.6,7258774851.6,7258774851.6,,3,SUR,0.27,
TQBR,2015-08-13,Сбербанк,SBER,46198,5705645038.8,73.8,73.12,74.44,73.7,73.78,73.7,77333790,73.78,73.78,73.78,5705645038.8,5705645038.8,5705645038.8,,3,SUR,0.41,
TQBR,2015-08-14,Сбербанк,SBER,51702,5435991639.0,73.65,73.27,74.86,74.43,74.24,74.43,73226070,74.24,74.24,74.24,5435991639.0,5435991639.0,5435991639.0,,3,SUR,0.99,
TQBR,2015-08-17,Сбербанк,SBER,59329,6916351474.4,74.0,72.81,74.19,73.0,73.41,73.0,94182540,73.44,73.44,73.44,6916351474.4,6916351474.4,6916351474.4,,3,SUR,-1.92,
TQBR,2015-08-18,Сбербанк,SBER,65020,6369365788.6,72.71,72.04,73.42,72.45,72.66,72.45,87653250,72.67,72.67,72.67,6369365788.6,6369365788.6,6369365788.6,,3,SUR,-0.75,
TQBR,2015-08-19,Сбербанк,SBER,74172,7621445917.1,72.3,71.27,73.26,71.5,72.35,71.5,105333980,72.36,72.36,72.36,7621445917.1,7621445917.1,7621445917.1,,3,SUR,-1.31,
TQBR,2015-08-20,Сбербанк,SBER,72684,7775867613.2,71.1,70.88,72.57,72.05,71.7,72.05,108445080,71.7,71.7,71.7,7775867613.2,7775867613.2,7775867613.2,,3,SUR,0.77,
TQBR,2015-08-21,Сбербанк,SBER,76146,8377667600.3,71.03,69.86,71.57,69.86,70.69,69.86,118509720,70.69,70.69,70.69,8377667600.3,8377667600.3,8377667600.3,,3,SUR,-3.04,
TQBR,2015-08-24,Сбербанк,SBER,142807,15802396894.2,68.02,66.75,69.23,68.53,68.07,68.53,232160070,68.07,68.07,68.07,15802396894.2,15802396894.2,15802396894.2,,3,SUR,-1.9,
TQBR,2015-08-25,Сбербанк,SBER,93059,10247936040.8,68.6,68.6,71.0,70.79,70.25,70.79,145878970,70.25,70.25,70.25,10247936040.8,10247936040.8,10247936040.8,,3,SUR,3.3,
TQBR,2015-08-26,Сбербанк,SBER,78048,9137115968.3,70.6,69.51,71.28,71.0,70.46,71.0,129671460,70.46,70.46,70.46,9137115968.3,9137115968.3,9137115968.3,,3,SUR,0.3,
TQBR,2015-08-27,Сбербанк,SBER,86248,11187782034.2,71.91,71.8,73.9,73.8,72.83,73.8,153628490,72.82,72.82,72.82,11187782034.2,11187782034.2,11187782034.2,,3,SUR,3.94,
TQBR,2015-08-28,Сбербанк,SBER,100871,12940780096.2,74.46,72.9,75.06,74.82,74.17,74.82,174611890,74.11,74.11,74.11,12940780096.2,12940780096.2,12940780096.2,,3,SUR,1.38,
TQBR,2015-08-31,Сбербанк,SBER,82572,11294385690.8,74.31,73.08,74.53,74.5,73.84,74.5,152930380,73.85,73.85,73.85,11294385690.8,11294385690.8,11294385690.8,,3,SUR,-0.43,
TQBR,2015-09-01,Сбербанк,SBER,82185,9761688496.5,74.4,72.72,74.92,73.14,73.55,73.14,132717170,73.55,73.55,73.55,9761688496.5,9761688496.5,9761688496.5,,3,SUR,-1.83,
TQBR,2015-09-02,Сбербанк,SBER,79238,10196595215.5,72.97,72.22,74.18,72.9,73.14,72.9,139406370,73.14,73.14,73.14,10196595215.5,10196595215.5,10196595215.5,,3,SUR,-0.33,
TQBR,2015-09-03,Сбербанк,SBER,69187,7897536878.0,73.5,73.22,74.5,74.15,73.84,74.15,106955860,73.84,73.84,73.84,7897536878.0,7897536878.0,7897536878.0,,3,SUR,1.71,
TQBR,2015-09-04,Сбербанк,SBER,55222,5959902435.8,73.73,73.5,74.28,73.96,73.84,73.96,80709310,73.84,73.84,73.84,5959902435.8,5959902435.8,5959902435.8,,3,SUR,-0.26,
TQBR,2015-09-07,Сбербанк,SBER,33495,3673598118.0,73.67,73.36,73.9,73.81,73.7,73.81,49845340,73.7,73.7,73.7,3673598118.0,3673598118.0,3673598118.0,,3,SUR,-0.2,
TQBR,2015-09-08,Сбербанк,SBER,76117,7375920732.2,74.1,74.04,75.4,74.9,74.75,74.9,98662390,74.76,74.76,74.76,7375920732.2,7375920732.2,7375920732.2,,3,SUR,1.48,
TQBR,2015-09-09,Сбербанк,SBER,55516,6455384487.4,75.6,74.46,75.75,74.65,75.08,74.65,85993260,75.07,75.07,75.07,6455384487.4,6455384487.4,6455384487.4,,3,SUR,-0.33,
TQBR,2015-09-10,Сбербанк,SBER,55051,6923861053.5,74.02,73.61,74.82,74.3,74.17,74.3,93353580,74.17,74.17,74.17,6923861053.5,6923861053.5,6923861053.5,,3,SUR,-0.47,
TQBR,2015-09-11,Сбербанк,SBER,45507,4219275687.4,74.28,73.69,74.42,74.1,74.01,74.1,57012070,74.01,74.01,74.01,4219275687.4,4219275687.4,4219275687.4,,3,SUR,-0.27,
TQBR,2015-09-14,Сбербанк,SBER,52123,5713597886.6,73.89,73.87,75.23,74.88,74.76,74.88,76431280,74.75,74.75,74.75,5713597886.6,5713597886.6,5713597886.6,,3,SUR,1.05,
TQBR,2015-09-15,Сбербанк,SBER,42056,4760349633.7,74.9,74.28,74.97,74.85,74.64,74.85,63782210,74.63,74.63,74.63,4760349633.7,4760349633.7,4760349633.7,,3,SUR,-0.04,
TQBR,2015-09-16,Сбербанк,SBER,82912,9540095245.1,75.12,75.09,77.71,77.71,76.58,77.71,124565490,76.59,76.59,76.59,9540095245.1,9540095245.1,9540095245.1,,3,SUR,3.82,
TQBR,2015-09-17,Сбербанк,SBER,58222,7203069766.9,77.56,76.25,77.98,76.49,76.92,76.49,93647050,76.92,76.92,76.92,7203069766.9,7203069766.9,7203069766.9,,3,SUR,-1.57,
TQBR,2015-09-18,Сбербанк,SBER,66858,7881746671.5,76.75,75.31,77.19,75.5,76.14,75.5,103518130,76.14,76.14,76.14,7881746671.5,7881746671.5,7881746671.5,,3,SUR,-1.29,
TQBR,2015-09-21,Сбербанк,SBER,54060,5987130302.1,75.6,75.47,76.98,75.94,76.13,75.94,78643830,76.13,76.13,76.13,5987130302.1,5987130302.1,5987130302.1,,3,SUR,0.58,
TQBR,2015-09-22,Сбербанк,SBER,70088,7638511118.2,76.1,73.91,76.13,74.39,74.67,74.39,102296950,74.67,74.67,74.67,7638511118.2,7638511118.2,7638511118.2,,3,SUR,-2.04,
TQBR,2015-09-23,Сбербанк,SBER,65504,6930161849.6,74.4,73.45,74.97,73.74,74.22,73.74,93374560,74.22,74.22,74.22,6930161849.6,6930161849.6,6930161849.6,,3,SUR,-0.87,
TQBR,2015-09-24,Сбербанк,SBER,64907,7474064381.4,73.94,72.67,74.3,73.33,73.43,73.33,101789760,73.43,73.43,73.43,7474064381.4,7474064381.4,7474064381.4,,3,SUR,-0.56,
TQBR,2015-09-25,Сбербанк,SBER,57885,6397364154.7,73.78,73.67,74.97,74.97,74.37,74.97,86018340,74.37,74.37,74.37,6397364154.7,6397364154.7,6397364154.7,,3,SUR,2.24,
TQBR,2015-09-28,Сбербанк,SBER,51025,5180139666.1,74.99,74.25,75.67,74.57,74.89,74.57,69169380,74.89,74.89,74.89,5180139666.1,5180139666.1,5180139666.1,,3,SUR,-0.53,
TQBR,2015-09-29,Сбербанк,SBER,55746,6249207739.1,74.17,73.58,75.6,75.5,74.73,75.5,83624660,74.73,74.73,74.73,6249207739.1,6249207739.1,6249207739.1,,3,SUR,1.25,
TQBR,2015-09-30,Сбербанк,SBER,58892,6568630889.0,75.68,75.2,76.76,75.3,75.87,75.3,86525120,75.92,75.92,75.92,6568630889.0,6568630889.0,6568630889.0,,3,SUR,-0.26,
TQBR,2015-10-01,Сбербанк,SBER,64869,8233421316.3,76.0,74.12,76.49,74.51,75.27,74.51,109384990,75.27,75.27,75.27,8233421316.3,8233421316.3,8233421316.3,,3,SUR,-1.05,
TQBR,2015-10-02,Сбербанк,SBER,63774,7273240358.1,74.6,72.95,75.0,73.8,73.89,73.8,98443470,73.88,73.88,73.88,7273240358.1,7273240358.1,7273240358.1,,3,SUR,-0.95,
TQBR,2015-10-05,Сбербанк,SBER,61984,7569718723.4,74.55,74.29,76.3,76.2,75.33,76.2,100484850,75.33,75.33,75.33,7569718723.4,7569718723.4,7569718723.4,,3,SUR,3.25,
TQBR,2015-10-06,Сбербанк,SBER,62954,7818274197.7,76.28,75.7,77.34,77.31,76.56,77.31,102125210,76.56,76.56,76.56,7818274197.7,7818274197.7,7818274197.7,,3,SUR,1.46,
TQBR,2015-10-07,Сбербанк,SBER,105801,14189390496.0,78.31,76.69,79.7,79.65,78.21,79.65,181436920,78.21,78.21,78.21,14189390496.0,14189390496.0,14189390496.0,,3,SUR,3.03,
TQBR,2015-10-08,Сбербанк,SBER,129303,18910818496.0,79.15,78.37,83.29,83.11,80.81,83.11,234046020,80.8,80.8,80.8,18910818496.0,18910818496.0,18910818496.0,,3,SUR,4.34,
TQBR,2015-10-09,Сбербанк,SBER,127388,17405911488.5,83.88,83.26,86.2,85.77,84.67,85.77,205573820,84.67,84.67,84.67,17405911488.5,17405911488.5,17405911488.5,,3,SUR,3.2,
TQBR,2015-10-12,Сбербанк,SBER,90842,12417854664.3,85.8,83.86,86.6,85.45,85.06,85.45,146007620,85.05,85.05,85.05,12417854664.3,12417854664.3,12417854664.3,,3,SUR,-0.37,
TQBR,2015-10-13,Сбербанк,SBER,66634,8465295962.3,84.86,84.26,85.65,85.0,84.88,85.0,99736900,84.88,84.88,84.88,8465295962.3,8465295962.3,8465295962.3,,3,SUR,-0.53,
TQBR,2015-10-14,Сбербанк,SBER,81871,9788569278.1,84.48,84.02,87.1,86.81,85.68,86.81,114246530,85.68,85.68,85.68,9788569278.1,9788569278.1,9788569278.1,,3,SUR,2.13,
TQBR,2015-10-15,Сбербанк,SBER,84612,12293996742.4,86.99,86.93,89.12,87.7,88.25,87.7,139294580,88.26,88.26,88.26,12293996742.4,12293996742.4,12293996742.4,,3,SUR,1.03,
TQBR,2015-10-16,Сбербанк,SBER,99607,12775243110.9,88.57,88.3,90.07,88.52,89.09,88.52,143386100,89.1,89.1,89.1,12775243110.9,12775243110.9,12775243110.9,,3,SUR,0.94,
TQBR,2015-10-19,Сбербанк,SBER,79763,10285534549.7,88.5,85.92,88.86,87.07,87.07,87.07,118152120,87.05,87.05,87.05,10285534549.7,10285534549.7,10285534549.7,,3,SUR,-1.64,
TQBR,2015-10-20,Сбербанк,SBER,82478,9606479105.3,86.96,86.14,89.34,88.14,87.82,88.14,109382370,87.82,87.82,87.82,9606479105.3,9606479105.3,9606479105.3,,3,SUR,1.23,
TQBR,2015-10-21,Сбербанк,SBER,73477,8597024871.0,87.99,86.0,88.35,86.95,86.77,86.95,99081310,86.77,86.77,86.77,8597024871.0,8597024871.0,8597024871.0,,3,SUR,-1.35,
TQBR,2015-10-22,Сбербанк,SBER,65758,7864275604.3,86.63,86.03,87.6,86.53,86.78,86.53,90618250,86.78,86.78,86.78,7864275604.3,7864275604.3,7864275604.3,,3,SUR,-0.48,
TQBR,2015-10-23,Сбербанк,SBER,97671,12248050433.6,87.22,86.97,90.45,90.45,89.17,90.45,137358890,89.17,89.17,89.17,12248050433.6,12248050433.6,12248050433.6,,3,SUR,4.53,
TQBR,2015-10-26,Сбербанк,SBER,110898,14156296955.1,90.89,89.72,92.7,92.3,91.52,92.3,154684320,91.52,91.52,91.52,14156296955.1,14156296955.1,14156296955.1,,3,SUR,2.05,
TQBR,2015-10-27,Сбербанк,SBER,91994,12404568510.7,91.9,88.73,91.92,89.0,90.05,89.0,137755700,90.05,90.05,90.05,12404568510.7,12404568510.7,12404568510.7,,3,SUR,-3.58,
TQBR,2015-10-28,Сбербанк,SBER,93777,11391289093.9,89.0,87.33,90.49,90.05,88.6,90.05,128577920,88.59,88.59,88.59,11391289093.9,11391289093.9,11391289093.9,,3,SUR,1.18,
TQBR,2015-10-29,Сбербанк,SBER,82551,10264611464.2,89.73,88.31,91.0,88.6,89.7,88.6,114433270,89.7,89.7,89.7,10264611464.2,10264611464.2,10264611464.2,,3,SUR,-1.61,
TQBR,2015-10-30,Сбербанк,SBER,62783,7671652354.9,88.75,88.12,90.8,90.53,89.81,90.53,85414040,89.82,89.82,89.82,7671652354.9,7671652354.9,7671652354.9,,3,SUR,2.18,
TQBR,2015-11-02,Сбербанк,SBER,106543,11533162305.0,90.25,89.66,93.8,93.65,92.24,93.65,125019670,92.25,92.25,92.25,11533162305.0,11533162305.0,11533162305.0,,3,SUR,3.45,
TQBR,2015-11-03,Сбербанк,SBER,89899,11599161951.2,93.89,93.32,95.59,95.4,94.73,95.4,122438730,94.73,94.73,94.73,11599161951.2,11599161951.2,11599161951.2,,3,SUR,1.87,
TQBR,2015-11-05,Сбербанк,SBER,94473,12206480529.7,96.0,94.6,96.6,95.5,95.54,95.5,127769250,95.54,95.54,95.54,12206480529.7,12206480529.7,12206480529.7,,3,SUR,0.1,
TQBR,2015-11-06,Сбербанк,SBER,87058,10073225196.8,95.5,93.57,95.91,94.09,94.52,94.09,106579170,94.51,94.51,94.51,10073225196.8,10073225196.8,10073225196.8,,3,SUR,-1.48,
TQBR,2015-11-09,Сбербанк,SBER,65993,7402085478.9,94.5,92.7,94.79,92.95,93.64,92.95,79039400,93.65,93.65,93.65,7402085478.9,7402085478.9,7402085478.9,,3,SUR,-1.21,
TQBR,2015-11-10,Сбербанк,SBER,63344,6655777226.0,92.78,92.02,94.42,94.35,93.06,94.35,71523380,93.06,93.06,93.06,6655777226.0,6655777226.0,6655777226.0,,3,SUR,1.51,
TQBR,2015-11-11,Сбербанк,SBER,61486,7269524919.6,94.2,92.65,94.86,94.0,93.81,94.0,77489920,93.81,93.81,93.81,7269524919.6,7269524919.6,7269524919.6,,3,SUR,-0.37,
TQBR,2015-11-12,Сбербанк,SBER,57401,7419518325.5,93.4,92.69,94.77,94.29,93.68,94.29,79197840,93.68,93.68,93.68,7419518325.5,7419518325.5,7419518325.5,,3,SUR,0.31,
TQBR,2015-11-13,Сбербанк,SBER,57757,7405583101.2,93.4,92.96,94.39,93.4,93.66,93.4,79071320,93.66,93.66,93.66,7405583101.2,7405583101.2,7405583101.2,,3,SUR,-0.94,
TQBR,2015-11-16,Сбербанк,SBER,66234,8334568871.8,93.01,93.01,96.14,95.8,94.57,95.8,88111460,94.59,94.59,94.59,8334568871.8,8334568871.8,8334568871.8,,3,SUR,2.57,
TQBR,2015-11-17,Сбербанк,SBER,112693,18037339094.4,96.52,96.52,102.67,102.5,99.58,102.5,181101510,99.6,99.6,99.6,18037339094.4,18037339094.4,18037339094.4,,3,SUR,6.99,
TQBR,2015-11-18,Сбербанк,SBER,111251,14142767356.0,102.78,101.74,104.59,104.0,103.4,104.0,136661570,103.49,103.49,103.49,14142767356.0,14142767356.0,14142767356.0,,3,SUR,1.46,
TQBR,2015-11-19,Сбербанк,SBER,145379,20252810885.6,104.7,102.54,108.55,104.86,105.94,104.86,191081370,105.99,105.99,105.99,20252810885.6,20252810885.6,20252810885.6,,3,SUR,0.83,
TQBR,2015-11-20,Сбербанк,SBER,98010,11970586652.5,104.35,103.19,107.3,107.3,105.28,107.3,113710820,105.27,105.27,105.27,11970586652.5,11970586652.5,11970586652.5,,3,SUR,2.33,
TQBR,2015-11-23,Сбербанк,SBER,130326,18771890126.7,106.88,105.22,110.32,109.98,108.36,109.98,173233750,108.36,108.36,108.36,18771890126.7,18771890126.7,18771890126.7,,3,SUR,2.5,
TQBR,2015-11-24,Сбербанк,SBER,135076,16553006789.6,109.81,105.15,110.7,105.6,107.37,105.6,154170880,107.37,107.37,107.37,16553006789.6,16553006789.6,16553006789.6,,3,SUR,-3.98,
TQBR,2015-11-25,Сбербанк,SBER,91505,12803338864.7,106.3,105.44,108.94,108.51,107.15,108.51,119491800,107.15,107.15,107.15,12803338864.7,12803338864.7,12803338864.7,,3,SUR,2.76,
TQBR,2015-11-26,Сбербанк,SBER,68403,8668625700.7,108.77,105.6,109.3,106.48,107.48,106.48,80653490,107.48,107.48,107.48,8668625700.7,8668625700.7,8668625700.7,,3,SUR,-1.87,
TQBR,2015-11-27,Сбербанк,SBER,73005,9777583229.9,105.74,103.7,106.06,104.55,104.76,104.55,93334840,104.76,104.76,104.76,9777583229.9,9777583229.9,9777583229.9,,3,SUR,-1.81,
TQBR,2015-11-30,Сбербанк,SBER,75218,9118566860.4,103.9,102.75,105.9,102.9,104.5,102.9,87247790,104.51,104.51,104.51,9118566860.4,9118566860.4,9118566860.4,,3,SUR,-1.58,
TQBR,2015-12-01,Сбербанк,SBER,78458,10092767266.0,103.5,100.6,103.9,101.3,102.06,101.3,98894750,102.06,102.06,102.06,10092767266.0,10092767266.0,10092767266.0,,3,SUR,-1.55,
TQBR,2015-12-02,Сбербанк,SBER,79106,9173964817.2,101.48,101.15,103.49,102.5,102.23,102.5,89735480,102.23,102.23,102.23,9173964817.2,9173964817.2,9173964817.2,,3,SUR,1.18,
TQBR,2015-12-03,Сбербанк,SBER,76901,9954576276.4,101.9,101.5,105.02,104.0,103.21,104.0,96438740,103.22,103.22,103.22,9954576276.4,9954576276.4,9954576276.4,,3,SUR,1.46,
TQBR,2015-12-04,Сбербанк,SBER,80374,11195660819.9,103.7,102.25,105.67,103.05,103.99,103.05,107660660,103.99,103.99,103.99,11195660819.9,11195660819.9,11195660819.9,,3,SUR,-0.91,
TQBR,2015-12-07,Сбербанк,SBER,70980,9468669139.4,103.45,102.78,104.9,103.0,103.66,103.0,91341440,103.66,103.66,103.66,9468669139.4,9468669139.4,9468669139.4,,3,SUR,-0.05,
TQBR,2015-12-08,Сбербанк,SBER,120192,15881189863.0,102.8,96.95,103.08,97.0,99.73,97.0,159235470,99.73,99.73,99.73,15881189863.0,15881189863.0,15881189863.0,,3,SUR,-5.83,
TQBR,2015-12-09,Сбербанк,SBER,99685,11798511398.8,97.47,97.24,101.05,100.66,99.02,100.66,119148390,99.02,99.02,99.02,11798511398.8,11798511398.8,11798511398.8,,3,SUR,3.77,
TQBR,2015-12-10,Сбербанк,SBER,75252,8959436284.2,100.3,99.67,101.75,100.13,100.7,100.13,88967510,100.7,100.7,100.7,8959436284.2,8959436284.2,8959436284.2,,3,SUR,-0.53,
TQBR,2015-12-11,Сбербанк,SBER,66338,9032283624.3,99.89,97.76,100.59,98.15,99.32,98.15,90949100,99.31,99.31,99.31,9032283624.3,9032283624.3,9032283624.3,,3,SUR,-1.98,
TQBR,2015-12-14,Сбербанк,SBER,72475,9921378442.1,97.58,96.23,98.37,97.7,97.41,97.7,101851290,97.41,97.41,97.41,9921378442.1,9921378442.1,9921378442.1,,3,SUR,-0.46,
TQBR,2015-12-15,Сбербанк,SBER,71507,8741234831.7,98.5,98.24,100.79,100.0,99.82,100.0,87563530,99.83,99.83,99.83,8741234831.7,8741234831.7,8741234831.7,,3,SUR,2.35,
TQBR,2015-12-16,Сбербанк,SBER,53698,7173782061.5,100.25,100.07,102.5,102.45,101.44,102.45,70548170,101.69,101.69,101.69,7173782061.5,7173782061.5,7173782061.5,,3,SUR,2.45,
TQBR,2015-12-17,Сбербанк,SBER,83272,12511558166.4,102.95,102.55,105.18,103.75,104.07,103.75,120210540,104.08,104.08,104.08,12511558166.4,12511558166.4,12511558166.4,,3,SUR,1.27,
TQBR,2015-12-18,Сбербанк,SBER,88186,10934242379.6,103.05,98.8,103.18,98.81,100.4,98.81,108929250,100.38,100.38,100.38,10934242379.6,10934242379.6,10934242379.6,,3,SUR,-4.76,
TQBR,2015-12-21,Сбербанк,SBER,75589,8076479541.6,98.9,97.65,100.8,98.73,99.22,98.73,81398290,99.22,99.22,99.22,8076479541.6,8076479541.6,8076479541.6,,3,SUR,-0.08,
TQBR,2015-12-22,Сбербанк,SBER,56715,4870644757.0,99.5,99.1,100.4,99.8,99.8,99.8,48799790,99.81,99.81,99.81,4870644757.0,4870644757.0,4870644757.0,,3,SUR,1.08,
TQBR,2015-12-23,Сбербанк,SBER,58768,7362336613.5,100.15,100.13,102.96,102.96,101.82,102.96,72286800,101.85,101.85,101.85,7362336613.5,7362336613.5,7362336613.5,,3,SUR,3.17,
TQBR,2015-12-24,Сбербанк,SBER,68594,7360203488.0,103.75,100.4,103.89,101.35,101.88,101.35,72255900,101.86,101.86,101.86,7360203488.0,7360203488.0,7360203488.0,,3,SUR,-1.56,
TQBR,2015-12-25,Сбербанк,SBER,29067,2659577449.7,101.83,100.78,102.32,101.34,101.52,101.34,26197790,101.52,101.52,101.52,2659577449.7,2659577449.7,2659577449.7,,3,SUR,-0.01,
TQBR,2015-12-28,Сбербанк,SBER,34550,3696017086.7,101.2,99.46,101.54,100.2,100.13,100.2,36924620,100.1,100.1,100.1,3696017086.7,3696017086.7,3696017086.7,,3,SUR,-1.12,
TQBR,2015-12-29,Сбербанк,SBER,78681,7344425012.6,100.49,99.74,102.5,101.82,101.02,101.82,72703690,101.02,101.02,101.02,7344425012.6,7344425012.6,7344425012.6,,3,SUR,1.62,
TQBR,2015-12-30,Сбербанк,SBER,32400,3932572461.9,101.67,100.47,101.85,101.26,101.18,101.26,38868080,101.18,101.18,101.18,3932572461.9,3932572461.9,3932572461.9,,3,SUR,-0.55,
TQBR,2016-01-04,Сбербанк,SBER,50340,5077424469.2,101.0,97.94,101.78,98.01,99.06,98.01,51264550,99.04,99.04,98.01,5077424469.2,5077424469.2,5077424469.2,,3,SUR,-3.21,
TQBR,2016-01-05,Сбербанк,SBER,43389,4821702731.4,97.88,97.16,99.24,98.89,98.26,98.89,49071570,98.26,98.26,98.89,4821702731.4,4821702731.4,4821702731.4,,3,SUR,0.9,
TQBR,2016-01-06,Сбербанк,SBER,38413,3986265724.8,98.7,96.83,99.56,96.85,97.92,96.85,40710930,97.92,97.92,96.85,3986265724.8,3986265724.8,3986265724.8,,3,SUR,-2.06,
TQBR,2016-01-11,Сбербанк,SBER,84949,7987443989.1,93.61,91.01,94.89,91.03,92.75,91.03,86120290,92.75,92.75,91.03,7987443989.1,7987443989.1,7987443989.1,,3,SUR,-6.01,
TQBR,2016-01-12,Сбербанк,SBER,100086,10043706788.5,89.09,88.52,92.88,91.71,91.18,91.71,110109050,91.22,91.22,91.71,10043706788.5,10043706788.5,10043706788.5,,3,SUR,0.75,
TQBR,2016-01-13,Сбербанк,SBER,65796,6892432509.5,92.75,91.25,93.88,91.5,92.92,91.5,74169700,92.93,92.93,91.5,6892432509.5,6892432509.5,6892432509.5,,3,SUR,-0.23,
TQBR,2016-01-14,Сбербанк,SBER,66042,7437317841.1,91.0,90.37,93.15,93.04,91.62,93.04,81179220,91.62,91.62,93.04,7437317841.1,7437317841.1,7437317841.1,,3,SUR,1.68,
TQBR,2016-01-15,Сбербанк,SBER,104381,11969727980.7,92.44,86.85,92.95,87.27,89.47,87.27,133791200,89.47,89.47,87.27,11969727980.7,11969727980.7,11969727980.7,,3,SUR,-6.2,
TQBR,2016-01-18,Сбербанк,SBER,80526,8736658755.0,86.01,85.1,88.28,86.15,86.86,86.15,100574240,86.87,86.87,86.15,8736658755.0,8736658755.0,8736658755.0,,3,SUR,-1.28,
TQBR,2016-01-19,Сбербанк,SBER,89180,10054122892.0,87.39,85.76,89.7,86.68,88.16,86.68,114039260,88.16,88.16,86.68,10054122892.0,10054122892.0,10054122892.0,,3,SUR,0.62,
TQBR,2016-01-20,Сбербанк,SBER,103608,11248337450.6,84.89,82.2,85.19,83.83,83.56,83.83,134624680,83.55,83.55,83.83,11248337450.6,11248337450.6,11248337450.6,,3,SUR,-3.29,
TQBR,2016-01-21,Сбербанк,SBER,108294,12301358567.0,84.25,83.27,87.15,86.0,85.5,86.0,143863130,85.51,85.51,86.0,12301358567.0,12301358567.0,12301358567.0,,3,SUR,2.59,
TQBR,2016-01-22,Сбербанк,SBER,127859,18629551391.5,88.97,87.62,92.28,91.5,89.7,91.5,207689990,89.7,89.7,91.5,18629551391.5,18629551391.5,18629551391.5,,3,SUR,6.4,
TQBR,2016-01-25,Сбербанк,SBER,97422,12064344954.0,92.55,90.0,93.35,91.0,91.54,91.0,131784760,91.55,91.55,91.0,12064344954.0,12064344954.0,12064344954.0,,3,SUR,-0.55,
TQBR,2016-01-26,Сбербанк,SBER,86243,9524472957.3,89.06,88.74,91.76,91.5,90.38,91.5,105375580,90.39,90.39,91.5,9524472957.3,9524472957.3,9524472957.3,,3,SUR,0.55,
TQBR,2016-01-27,Сбербанк,SBER,112927,14245600391.1,91.98,91.47,96.26,95.75,94.45,95.75,150816500,94.46,94.46,95.75,14245600391.1,14245600391.1,14245600391.1,,3,SUR,4.64,
TQBR,2016-01-28,Сбербанк,SBER,117896,17265123553.8,95.77,94.33,97.28,96.69,96.16,96.69,179555940,96.15,96.15,96.69,17265123553.8,17265123553.8,17265123553.8,,3,SUR,0.98,
TQBR,2016-01-29,Сбербанк,SBER,109677,16054714712.7,97.47,95.12,98.7,96.5,97.06,96.5,165404880,97.06,97.06,96.5,16054714712.7,16054714712.7,16054714712.7,,3,SUR,-0.2,
TQBR,2016-02-01,Сбербанк,SBER,69906,8635273185.5,96.27,95.29,97.49,96.5,96.35,96.5,89621070,96.35,96.35,96.5,8635273185.5,8635273185.5,8635273185.5,,3,SUR,0.0,
TQBR,2016-02-02,Сбербанк,SBER,106212,12264491075.8,95.7,93.75,97.07,94.4,95.08,94.4,128999060,95.07,95.07,94.4,12264491075.8,12264491075.8,12264491075.8,,3,SUR,-2.18,
TQBR,2016-02-03,Сбербанк,SBER,81140,10773565474.7,93.91,93.71,96.89,94.53,95.58,94.53,112704620,95.59,95.59,94.53,10773565474.7,10773565474.7,10773565474.7,,3,SUR,0.14,
TQBR,2016-02-04,Сбербанк,SBER,87341,11909432345.8,98.56,96.71,98.56,97.57,97.58,97.57,122053010,97.58,97.58,97.57,11909432345.8,11909432345.8,11909432345.8,,3,SUR,3.22,
TQBR,2016-02-05,Сбербанк,SBER,57933,7915423689.6,97.01,96.35,97.98,97.2,97.2,97.2,81434160,97.2,97.2,97.2,7915423689.6,7915423689.6,7915423689.6,,3,SUR,-0.38,
TQBR,2016-02-08,Сбербанк,SBER,82836,10166007287.3,97.05,93.85,97.86,94.7,95.73,94.7,106207300,95.72,95.72,94.7,10166007287.3,10166007287.3,10166007287.3,,3,SUR,-2.57,
TQBR,2016-02-09,Сбербанк,SBER,82649,11439498246.7,94.0,92.7,95.63,93.89,94.27,93.89,121341460,94.28,94.28,93.89,11439498246.7,11439498246.7,11439498246.7,,3,SUR,-0.86,
TQBR,2016-02-10,Сбербанк,SBER,84147,10568892898.4,93.5,93.16,96.77,96.35,94.8,96.35,111478160,94.81,94.81,96.35,10568892898.4,10568892898.4,10568892898.4,,3,SUR,2.62,
TQBR,2016-02-11,Сбербанк,SBER,77467,10879931799.9,95.71,93.05,96.1,94.2,94.31,94.2,115370090,94.3,94.3,94.2,10879931799.9,10879931799.9,10879931799.9,,3,SUR,-2.23,
TQBR,2016-02-12,Сбербанк,SBER,58360,7535249615.1,95.14,94.18,95.67,94.85,94.86,94.85,79435870,94.86,94.86,94.85,7535249615.1,7535249615.1,7535249615.1,,3,SUR,0.69,
TQBR,2016-02-15,Сбербанк,SBER,53382,6577429632.5,96.0,94.93,96.37,95.25,95.86,95.25,68610990,95.87,95.87,95.25,6577429632.5,6577429632.5,6577429632.5,,3,SUR,0.42,
TQBR,2016-02-16,Сбербанк,SBER,76938,11083515697.3,95.99,95.7,97.28,96.51,96.42,96.51,114942500,96.43,96.43,96.51,11083515697.3,11083515697.3,11083515697.3,,3,SUR,1.32,
TQBR,2016-02-17,Сбербанк,SBER,77033,11240177159.3,96.51,96.05,99.38,99.2,97.87,99.2,114840150,97.88,97.88,99.2,11240177159.3,11240177159.3,11240177159.3,,3,SUR,2.79,
TQBR,2016-02-18,Сбербанк,SBER,80523,12732765327.4,99.9,99.75,102.8,102.7,101.32,102.7,125646250,101.34,101.34,102.7,12732765327.4,12732765327.4,12732765327.4,,3,SUR,3.53,
TQBR,2016-02-19,Сбербанк,SBER,102577,17517992690.7,101.99,101.0,103.57,101.5,102.08,101.5,171600390,102.09,102.09,101.5,17517992690.7,17517992690.7,17517992690.7,,3,SUR,-1.17,
TQBR,2016-02-20,Сбербанк,SBER,19344,1856073801.2,101.61,101.5,102.6,102.39,102.12,102.39,18170020,102.15,102.15,102.39,1856073801.2,1856073801.2,1856073801.2,,3,SUR,0.88,
TQBR,2016-02-22,Сбербанк,SBER,51167,6848604254.1,102.57,102.39,104.39,103.2,103.45,103.2,66187510,103.47,103.47,103.2,6848604254.1,6848604254.1,6848604254.1,,3,SUR,0.79,
TQBR,2016-02-24,Сбербанк,SBER,63069,9065264147.5,102.0,100.79,102.7,102.1,101.71,102.1,89140580,101.7,101.7,102.1,9065264147.5,9065264147.5,9065264147.5,,3,SUR,-1.07,
TQBR,2016-02-25,Сбербанк,SBER,83163,11403975917.3,102.65,101.51,104.35,104.05,103.35,104.05,110333690,103.36,103.36,104.05,11403975917.3,11403975917.3,11403975917.3,,3,SUR,1.91,
TQBR,2016-02-26,Сбербанк,SBER,88210,15295321582.9,105.0,104.83,107.15,106.24,106.14,106.24,144091540,106.15,106.15,106.24,15295321582.9,15295321582.9,15295321582.9,,3,SUR,2.1,
TQBR,2016-02-29,Сбербанк,SBER,66645,9760622267.5,105.5,104.81,107.38,107.0,106.32,107.0,91798290,106.33,106.33,107.0,9760622267.5,9760622267.5,9760622267.5,,3,SUR,0.72,
TQBR,2016-03-01,Сбербанк,SBER,85810,12378692096.8,107.5,106.42,108.79,108.26,107.76,108.26,114856490,107.78,107.78,108.26,12378692096.8,12378692096.8,12378692096.8,,3,SUR,1.18,
TQBR,2016-03-02,Сбербанк,SBER,72143,10513076518.7,109.0,106.1,109.2,106.12,107.37,106.12,97924080,107.36,107.36,106.12,10513076518.7,10513076518.7,10513076518.7,,3,SUR,-1.98,
TQBR,2016-03-03,Сбербанк,SBER,66552,8550809009.7,106.7,105.4,107.63,106.99,106.64,106.99,80188360,106.63,106.63,106.99,8550809009.7,8550809009.7,8550809009.7,,3,SUR,0.82,
TQBR,2016-03-04,Сбербанк,SBER,64944,9097424212.0,107.7,106.7,109.02,108.99,107.93,108.99,84288020,107.93,107.93,108.99,9097424212.0,9097424212.0,9097424212.0,,3,SUR,1.87,
TQBR,2016-03-07,Сбербанк,SBER,56488,8213200369.8,109.62,108.57,110.2,109.47,109.48,109.47,75021080,109.48,109.48,109.47,8213200369.8,8213200369.8,8213200369.8,,3,SUR,0.44,
TQBR,2016-03-09,Сбербанк,SBER,56666,7832078624.6,108.99,107.5,109.07,108.15,108.16,108.15,72419980,108.15,108.15,108.15,7832078624.6,7832078624.6,7832078624.6,,3,SUR,-1.21,
TQBR,2016-03-10,Сбербанк,SBER,90585,10361161759.0,108.26,107.67,109.9,108.84,109.06,108.84,94994800,109.07,109.07,108.84,10361161759.0,10361161759.0,10361161759.0,,3,SUR,0.64,
TQBR,2016-03-11,Сбербанк,SBER,56623,6706688254.4,109.2,108.55,109.95,109.26,109.35,109.26,61331210,109.35,109.35,109.26,6706688254.4,6706688254.4,6706688254.4,,3,SUR,0.39,
TQBR,2016-03-14,Сбербанк,SBER,54954,7248895619.9,109.28,108.4,109.56,109.26,109.04,109.26,66481000,109.04,109.04,109.26,7248895619.9,7248895619.9,7248895619.9,,3,SUR,0.0,
TQBR,2016-03-15,Сбербанк,SBER,96836,13731851331.0,109.6,106.09,110.29,106.46,108.09,106.46,127043830,108.09,108.09,106.46,13731851331.0,13731851331.0,13731851331.0,,3,SUR,-2.56,
TQBR,2016-03-16,Сбербанк,SBER,58730,8097090903.9,107.2,106.12,107.27,107.0,106.78,107.0,75835060,106.77,106.77,107.0,8097090903.9,8097090903.9,8097090903.9,,3,SUR,0.51,
TQBR,2016-03-17,Сбербанк,SBER,74561,10123365188.7,107.8,107.7,109.49,109.47,108.85,109.47,92997390,108.86,108.86,109.47,10123365188.7,10123365188.7,10123365188.7,,3,SUR,2.31,
TQBR,2016-03-18,Сбербанк,SBER,96522,14983920514.0,109.59,108.91,112.5,112.4,111.29,112.4,134630750,111.3,111.3,112.4,14983920514.0,14983920514.0,14983920514.0,,3,SUR,2.68,
TQBR,2016-03-21,Сбербанк,SBER,93836,12891948432.2,111.5,110.5,112.92,112.07,111.56,112.07,115565250,111.56,111.56,112.07,12891948432.2,12891948432.2,12891948432.2,,3,SUR,-0.29,
TQBR,2016-03-22,Сбербанк,SBER,96947,12081656420.5,112.27,111.0,114.19,111.49,112.36,111.49,107526080,112.36,112.36,111.49,12081656420.5,12081656420.5,12081656420.5,,3,SUR,-0.52,
TQBR,2016-03-23,Сбербанк,SBER,83493,11471587093.6,111.27,108.7,112.1,109.1,110.08,109.1,104185740,110.11,110.11,109.1,11471587093.6,11471587093.6,11471587093.6,,3,SUR,-2.14,
TQBR,2016-03-24,Сбербанк,SBER,72097,10092376449.9,108.59,107.05,109.29,108.06,108.01,108.06,93439810,108.01,108.01,108.06,10092376449.9,10092376449.9,10092376449.9,,3,SUR,-0.95,
TQBR,2016-03-25,Сбербанк,SBER,31476,3598642926.5,108.62,108.62,109.5,109.1,109.11,109.1,32979670,109.12,109.12,109.1,3598642926.5,3598642926.5,3598642926.5,,3,SUR,0.96,
TQBR,2016-03-28,Сбербанк,SBER,46763,5444454984.8,110.0,107.69,110.11,108.12,108.65,108.12,50130410,108.61,108.61,108.12,5444454984.8,5444454984.8,5444454984.8,,3,SUR,-0.9,
TQBR,2016-03-29,Сбербанк,SBER,69379,9252193779.5,107.91,105.35,108.44,107.05,106.56,107.05,86835580,106.55,106.55,107.05,9252193779.5,9252193779.5,9252193779.5,,3,SUR,-0.99,
TQBR,2016-03-30,Сбербанк,SBER,59308,9179021892.9,107.98,107.52,109.91,109.15,108.66,109.15,84472720,108.66,108.66,109.15,9179021892.9,9179021892.9,9179021892.9,,3,SUR,1.96,
TQBR,2016-03-31,Сбербанк,SBER,69755,11622833134.2,108.72,107.32,110.59,109.9,109.04,109.9,106590120,109.04,109.04,109.9,11622833134.2,11622833134.2,11622833134.2,,3,SUR,0.69,
TQBR,2016-04-01,Сбербанк,SBER,62760,10954729269.3,109.3,107.01,109.4,108.52,108.18,108.52,101276220,108.17,108.17,108.52,10954729269.3,10954729269.3,10954729269.3,,3,SUR,-1.26,
TQBR,2016-04-04,Сбербанк,SBER,54987,8742196865.3,108.21,107.1,109.69,108.2,108.65,108.2,80458170,108.66,108.66,108.2,8742196865.3,8742196865.3,8742196865.3,,3,SUR,-0.29,
TQBR,2016-04-05,Сбербанк,SBER,54709,8076292165.0,107.24,106.0,107.64,106.87,106.76,106.87,75655980,106.75,106.75,106.87,8076292165.0,8076292165.0,8076292165.0,,3,SUR,-1.23,
TQBR,2016-04-06,Сбербанк,SBER,59356,8134181775.9,107.63,107.05,108.3,108.0,107.63,108.0,75577530,107.63,107.63,108.0,8134181775.9,8134181775.9,8134181775.9,,3,SUR,1.06,
TQBR,2016-04-07,Сбербанк,SBER,52735,8710184003.2,108.99,107.62,109.38,108.51,108.49,108.51,80295520,108.48,108.48,108.51,8710184003.2,8710184003.2,8710184003.2,,3,SUR,0.47,
TQBR,2016-04-08,Сбербанк,SBER,81227,13825944881.5,108.98,108.56,113.3,112.92,111.06,112.92,124450440,111.1,111.1,112.92,13825944881.5,13825944881.5,13825944881.5,,3,SUR,4.06,
TQBR,2016-04-11,Сбербанк,SBER,92652,17458747643.8,113.0,112.62,117.85,117.35,115.8,117.35,150709430,115.84,115.84,117.35,17458747643.8,17458747643.8,17458747643.8,,3,SUR,3.92,
TQBR,2016-04-12,Сбербанк,SBER,86971,14222423017.2,117.27,115.82,119.39,117.95,117.5,117.95,121033520,117.51,117.51,117.95,14222423017.2,14222423017.2,14222423017.2,,3,SUR,0.51,
TQBR,2016-04-13,Сбербанк,SBER,83444,12284221991.6,118.1,117.35,119.95,119.5,118.73,119.5,103450650,118.74,118.74,119.5,12284221991.6,12284221991.6,12284221991.6,,3,SUR,1.31,
TQBR,2016-04-14,Сбербанк,SBER,62811,10448824709.5,119.01,117.89,119.55,119.3,118.76,119.3,87986340,118.76,118.76,119.3,10448824709.5,10448824709.5,10448824709.5,,3,SUR,-0.17,
TQBR,2016-04-15,Сбербанк,SBER,47163,8389339753.7,118.95,118.11,119.91,119.3,119.05,119.3,70464930,119.06,119.06,119.3,8389339753.7,8389339753.7,8389339753.7,,3,SUR,0.0,
TQBR,2016-04-18,Сбербанк,SBER,62475,10752898612.4,117.12,116.01,118.2,118.2,117.11,118.2,91828010,117.1,117.1,118.2,10752898612.4,10752898612.4,10752898612.4,,3,SUR,-0.92,
TQBR,2016-04-19,Сбербанк,SBER,96320,16735309525.3,118.9,118.78,123.35,121.5,121.37,121.5,137828350,121.42,121.42,121.5,16735309525.3,16735309525.3,16735309525.3,,3,SUR,2.79,
TQBR,2016-04-20,Сбербанк,SBER,70564,12741395879.8,120.5,119.9,123.97,123.75,121.95,123.75,104454360,121.98,121.98,123.75,12741395879.8,12741395879.8,12741395879.8,,3,SUR,1.85,
TQBR,2016-04-21,Сбербанк,SBER,102003,22131501769.7,124.99,118.2,125.55,119.17,121.65,119.17,181989880,121.61,121.61,119.17,22131501769.7,22131501769.7,22131501769.7,,3,SUR,-3.7,
TQBR,2016-04-22,Сбербанк,SBER,75928,12356982713.0,119.68,117.9,121.39,121.25,119.92,121.25,103033620,119.93,119.93,121.25,12356982713.0,12356982713.0,12356982713.0,,3,SUR,1.75,
TQBR,2016-04-25,Сбербанк,SBER,45906,8108035672.6,121.01,119.6,121.51,120.08,120.41,120.08,67353690,120.38,120.38,120.08,8108035672.6,8108035672.6,8108035672.6,,3,SUR,-0.96,
TQBR,2016-04-26,Сбербанк,SBER,72456,10367571495.8,119.98,116.75,119.98,119.7,118.4,119.7,87582980,118.37,118.37,119.7,10367571495.8,10367571495.8,10367571495.8,,3,SUR,-0.32,
TQBR,2016-04-27,Сбербанк,SBER,69437,10991080027.5,120.25,119.57,122.37,120.8,121.06,120.8,90776270,121.08,121.08,120.8,10991080027.5,10991080027.5,10991080027.5,,3,SUR,0.92,
TQBR,2016-04-28,Сбербанк,SBER,68924,10556856884.7,121.31,120.0,124.39,124.39,122.53,124.39,86145270,122.55,122.55,124.39,10556856884.7,10556856884.7,10556856884.7,,3,SUR,2.97,
TQBR,2016-04-29,Сбербанк,SBER,77628,12763192798.2,124.43,122.0,125.78,123.55,124.11,123.55,102845000,124.1,124.1,123.55,12763192798.2,12763192798.2,12763192798.2,,3,SUR,-0.68,
TQBR,2016-05-04,Сбербанк,SBER,61232,10235010629.0,121.5,119.31,122.39,120.96,120.56,120.96,84919830,120.53,120.53,120.96,10235010629.0,10235010629.0,10235010629.0,,3,SUR,-2.1,
TQBR,2016-05-05,Сбербанк,SBER,44589,6802313979.8,121.46,120.4,122.3,120.92,121.33,120.92,56067230,121.32,121.32,120.92,6802313979.8,6802313979.8,6802313979.8,,3,SUR,-0.03,
TQBR,2016-05-06,Сбербанк,SBER,58644,8411090739.3,120.27,118.41,120.86,120.64,119.63,120.64,70324510,119.6,119.6,120.64,8411090739.3,8411090739.3,8411090739.3,,3,SUR,-0.23,
TQBR,2016-05-10,Сбербанк,SBER,51001,7919645465.5,119.8,118.57,121.35,119.55,119.74,119.55,66142640,119.74,119.74,119.55,7919645465.5,7919645465.5,7919645465.5,,3,SUR,-0.9,
TQBR,2016-05-11,Сбербанк,SBER,60156,10423833974.5,120.01,119.57,123.62,123.45,122.0,123.45,85404520,122.05,122.05,123.45,10423833974.5,10423833974.5,10423833974.5,,3,SUR,3.26,
TQBR,2016-05-12,Сбербанк,SBER,64893,10080141940.6,123.46,121.01,124.38,121.2,122.65,121.2,82201850,122.63,122.63,121.2,10080141940.6,10080141940.6,10080141940.6,,3,SUR,-1.82,
TQBR,2016-05-13,Сбербанк,SBER,50392,7703426593.5,121.5,119.69,121.95,121.07,120.89,121.07,63730840,120.87,120.87,121.07,7703426593.5,7703426593.5,7703426593.5,,3,SUR,-0.11,
TQBR,2016-05-16,Сбербанк,SBER,48042,7262195712.3,122.2,121.63,123.62,122.6,122.72,122.6,59171910,122.73,122.73,122.6,7262195712.3,7262195712.3,7262195712.3,,3,SUR,1.26,
TQBR,2016-05-17,Сбербанк,SBER,54029,8835683168.1,122.85,120.6,123.27,122.71,121.89,122.71,72505100,121.86,121.86,122.71,8835683168.1,8835683168.1,8835683168.1,,3,SUR,0.09,
TQBR,2016-05-18,Сбербанк,SBER,42750,6142658749.2,122.49,121.83,123.54,123.12,122.73,123.12,50047460,122.74,122.74,123.12,6142658749.2,6142658749.2,6142658749.2,,3,SUR,0.33,
TQBR,2016-05-19,Сбербанк,SBER,53826,8790586342.1,121.96,120.3,122.17,120.5,121.37,120.5,72437040,121.35,121.35,120.5,8790586342.1,8790586342.1,8790586342.1,,3,SUR,-2.13,
TQBR,2016-05-20,Сбербанк,SBER,42606,6571676358.8,121.83,120.8,122.47,121.9,121.67,121.9,54014280,121.67,121.67,121.9,6571676358.8,6571676358.8,6571676358.8,,3,SUR,1.16,
TQBR,2016-05-23,Сбербанк,SBER,48103,6825642828.0,121.3,120.12,122.2,121.51,121.02,121.51,56408970,121.0,121.0,121.51,6825642828.0,6825642828.0,6825642828.0,,3,SUR,-0.32,
TQBR,2016-05-24,Сбербанк,SBER,41962,6987440602.1,121.45,121.35,124.07,123.5,122.77,123.5,56897490,122.81,122.81,123.5,6987440602.1,6987440602.1,6987440602.1,,3,SUR,1.64,
TQBR,2016-05-25,Сбербанк,SBER,79439,14479261729.1,124.45,124.41,128.55,127.87,126.9,127.87,114073670,126.93,126.93,127.87,14479261729.1,14479261729.1,14479261729.1,,3,SUR,3.54,
TQBR,2016-05-26,Сбербанк,SBER,90101,16357527266.9,128.54,126.9,133.05,132.16,130.52,132.16,125310740,130.54,130.54,132.16,16357527266.9,16357527266.9,16357527266.9,,3,SUR,3.35,
TQBR,2016-05-27,Сбербанк,SBER,76741,11592929058.8,131.62,131.35,134.79,133.2,132.96,133.2,87175150,132.98,132.98,133.2,11592929058.8,11592929058.8,11592929058.8,,3,SUR,0.79,
TQBR,2016-05-30,Сбербанк,SBER,42837,5029369652.9,133.51,132.55,135.08,134.45,133.84,134.45,37575080,133.85,133.85,134.45,5029369652.9,5029369652.9,5029369652.9,,3,SUR,0.94,
TQBR,2016-05-31,Сбербанк,SBER,78966,12553902695.3,134.79,132.56,135.98,132.56,134.46,132.56,93363020,134.46,134.46,132.56,12553902695.3,12553902695.3,12553902695.3,,3,SUR,-1.41,
TQBR,2016-06-01,Сбербанк,SBER,59459,8482089251.8,132.36,131.31,133.21,131.36,132.19,131.36,64165110,132.19,132.19,131.36,8482089251.8,8482089251.8,8482089251.8,,3,SUR,-0.91,
TQBR,2016-06-02,Сбербанк,SBER,52892,8414607338.4,131.51,130.51,133.08,132.3,131.6,132.3,63947300,131.59,131.59,132.3,8414607338.4,8414607338.4,8414607338.4,,3,SUR,0.72,
TQBR,2016-06-03,Сбербанк,SBER,56459,9033729325.9,133.07,131.04,134.44,131.59,132.46,131.59,68202630,132.45,132.45,131.59,9033729325.9,9033729325.9,9033729325.9,,3,SUR,-0.54,
TQBR,2016-06-06,Сбербанк,SBER,44191,6514499719.6,132.08,132.0,134.74,133.99,133.81,133.99,48666040,133.86,133.86,133.99,6514499719.6,6514499719.6,6514499719.6,,3,SUR,1.82,
TQBR,2016-06-07,Сбербанк,SBER,84547,13958052347.4,134.5,134.02,139.97,139.97,137.72,139.97,101205300,137.92,137.92,139.97,13958052347.4,13958052347.4,13958052347.4,,3,SUR,4.46,
TQBR,2016-06-08,Сбербанк,SBER,68768,12361099013.8,141.12,137.44,142.0,139.39,139.64,139.39,88540950,139.61,139.61,139.39,12361099013.8,12361099013.8,12361099013.8,,3,SUR,-0.41,
TQBR,2016-06-09,Сбербанк,SBER,55986,7862301120.3,139.9,137.07,140.71,139.61,138.95,139.61,56597300,138.92,138.92,139.61,7862301120.3,7862301120.3,7862301120.3,,3,SUR,0.16,
TQBR,2016-06-10,Сбербанк,SBER,57389,8751719910.6,137.8,133.35,137.94,133.5,135.53,133.5,64569430,135.54,135.54,133.5,8751719910.6,8751719910.6,8751719910.6,,3,SUR,-4.38,
TQBR,2016-06-14,Сбербанк,SBER,96279,14046788936.6,131.22,126.15,132.37,127.08,128.43,127.08,109389570,128.41,128.41,127.08,14046788936.6,14046788936.6,14046788936.6,,3,SUR,-4.81,
TQBR,2016-06-15,Сбербанк,SBER,62349,10369763886.9,126.9,126.61,130.23,129.89,129.09,129.89,80324940,129.1,129.1,129.89,10369763886.9,10369763886.9,10369763886.9,,3,SUR,2.21,
TQBR,2016-06-16,Сбербанк,SBER,61265,8520974588.5,129.0,125.85,129.24,127.1,126.88,127.1,67167630,126.86,126.86,127.1,8520974588.5,8520974588.5,8520974588.5,,3,SUR,-2.15,
TQBR,2016-06-17,Сбербанк,SBER,59369,8666787653.4,128.66,128.49,130.75,128.7,129.74,128.7,66796670,129.75,129.75,128.7,8666787653.4,8666787653.4,8666787653.4,,3,SUR,1.26,
TQBR,2016-06-20,Сбербанк,SBER,43262,6355923662.3,132.45,131.2,133.48,132.13,132.63,132.13,47921580,132.63,132.63,132.13,6355923662.3,6355923662.3,6355923662.3,,3,SUR,2.67,
TQBR,2016-06-21,Сбербанк,SBER,56791,6908714760.5,132.1,129.94,133.43,133.39,131.83,133.39,52409310,131.82,131.82,133.39,6908714760.5,6908714760.5,6908714760.5,,3,SUR,0.95,
TQBR,2016-06-22,Сбербанк,SBER,46741,6122119624.6,134.61,133.51,135.79,134.81,134.67,134.81,45459110,134.67,134.67,134.81,6122119624.6,6122119624.6,6122119624.6,,3,SUR,1.06,
TQBR,2016-06-23,Сбербанк,SBER,64861,7546299634.1,134.42,133.89,138.28,138.0,136.77,138.0,55163860,136.8,136.8,138.0,7546299634.1,7546299634.1,7546299634.1,,3,SUR,2.37,
TQBR,2016-06-24,Сбербанк,SBER,94737,14149327652.7,131.5,129.12,133.5,133.4,131.74,133.4,107405790,131.74,131.74,133.4,14149327652.7,14149327652.7,14149327652.7,,3,SUR,-3.33,
TQBR,2016-06-27,Сбербанк,SBER,97509,15219211846.1,133.9,125.35,134.83,126.2,129.6,126.2,117447730,129.58,129.58,126.2,15219211846.1,15219211846.1,15219211846.1,,3,SUR,-5.4,
TQBR,2016-06-28,Сбербанк,SBER,70743,11699860490.7,127.85,125.7,129.71,129.57,128.17,129.57,91288180,128.16,128.16,129.57,11699860490.7,11699860490.7,11699860490.7,,3,SUR,2.67,
TQBR,2016-06-29,Сбербанк,SBER,55572,8882981033.0,130.63,129.82,133.95,133.88,132.15,133.88,67216180,132.16,132.16,133.88,8882981033.0,8882981033.0,8882981033.0,,3,SUR,3.33,
TQBR,2016-06-30,Сбербанк,SBER,77921,11562399539.1,133.65,131.14,135.34,133.0,132.97,133.0,86955520,132.97,132.97,133.0,11562399539.1,11562399539.1,11562399539.1,,3,SUR,-0.66,
TQBR,2016-07-01,Сбербанк,SBER,62335,8586423005.5,133.38,131.55,134.34,133.85,133.0,133.85,64562290,132.99,132.99,133.85,8586423005.5,8586423005.5,8586423005.5,,3,SUR,0.64,
TQBR,2016-07-04,Сбербанк,SBER,38260,5119080832.0,134.65,133.8,135.84,134.6,134.8,134.6,37974790,134.8,134.8,134.6,5119080832.0,5119080832.0,5119080832.0,,3,SUR,0.56,
TQBR,2016-07-05,Сбербанк,SBER,44672,5853956115.3,133.9,131.73,133.9,131.85,132.33,131.85,44240960,132.32,132.32,131.85,5853956115.3,5853956115.3,5853956115.3,,3,SUR,-2.04,
TQBR,2016-07-06,Сбербанк,SBER,71809,9124031149.9,131.51,127.85,132.04,129.36,129.51,129.36,70460970,129.49,129.49,129.36,9124031149.9,9124031149.9,9124031149.9,,3,SUR,-1.89,
TQBR,2016-07-07,Сбербанк,SBER,75185,10222246297.4,130.49,130.02,133.5,131.8,131.85,131.8,77524920,131.86,131.86,131.8,10222246297.4,10222246297.4,10222246297.4,,3,SUR,1.89,
TQBR,2016-07-08,Сбербанк,SBER,73781,10043083863.8,130.63,130.35,134.49,134.41,132.55,134.41,75763390,132.56,132.56,134.41,10043083863.8,10043083863.8,10043083863.8,,3,SUR,1.98,
TQBR,2016-07-11,Сбербанк,SBER,76069,9533740566.7,134.92,134.52,137.77,137.2,136.51,137.2,69836360,136.52,136.52,137.2,9533740566.7,9533740566.7,9533740566.7,,3,SUR,2.08,
TQBR,2016-07-12,Сбербанк,SBER,63105,8882703238.9,137.55,136.9,140.47,140.4,139.22,140.4,63799710,139.23,139.23,140.4,8882703238.9,8882703238.9,8882703238.9,,3,SUR,2.33,
TQBR,2016-07-13,Сбербанк,SBER,90329,11936715358.2,140.29,137.88,141.35,139.4,139.33,139.4,85670010,139.33,139.33,139.4,11936715358.2,11936715358.2,11936715358.2,,3,SUR,-0.71,
TQBR,2016-07-14,Сбербанк,SBER,63318,8548643589.6,140.0,137.57,140.65,140.0,139.34,140.0,61352910,139.34,139.34,140.0,8548643589.6,8548643589.6,8548643589.6,,3,SUR,0.43,
TQBR,2016-07-15,Сбербанк,SBER,53111,7409018726.0,139.39,137.25,139.74,138.12,138.35,138.12,53551790,138.35,138.35,138.12,7409018726.0,7409018726.0,7409018726.0,,3,SUR,-1.34,
TQBR,2016-07-18,Сбербанк,SBER,46163,6530213164.9,138.43,137.9,139.93,139.93,139.08,139.93,46932760,139.14,139.14,139.93,6530213164.9,6530213164.9,6530213164.9,,3,SUR,1.31,
TQBR,2016-07-19,Сбербанк,SBER,56847,7434248905.0,139.75,138.42,141.1,139.47,139.69,139.47,53219980,139.69,139.69,139.47,7434248905.0,7434248905.0,7434248905.0,,3,SUR,-0.33,
TQBR,2016-07-20,Сбербанк,SBER,56673,8794446158.8,139.55,137.41,140.0,138.57,138.6,138.57,63451000,138.6,138.6,138.57,8794446158.8,8794446158.8,8794446158.8,,3,SUR,-0.65,
TQBR,2016-07-21,Сбербанк,SBER,32489,4499550437.9,139.3,137.8,139.85,138.5,138.8,138.5,32417720,138.8,138.8,138.5,4499550437.9,4499550437.9,4499550437.9,,3,SUR,-0.05,
TQBR,2016-07-22,Сбербанк,SBER,33538,4645892258.2,137.86,137.57,138.87,137.8,138.18,137.8,33621130,138.18,138.18,137.8,4645892258.2,4645892258.2,4645892258.2,,3,SUR,-0.51,
TQBR,2016-07-25,Сбербанк,SBER,47449,6428929124.3,138.2,135.5,138.66,136.0,136.53,136.0,47091610,136.52,136.52,136.0,6428929124.3,6428929124.3,6428929124.3,,3,SUR,-1.31,
TQBR,2016-07-26,Сбербанк,SBER,60164,8772155248.3,136.2,133.33,136.7,135.75,134.75,135.75,65112170,134.72,134.72,135.75,8772155248.3,8772155248.3,8772155248.3,,3,SUR,-0.18,
TQBR,2016-07-27,Сбербанк,SBER,55961,8528063308.6,136.1,135.2,137.6,136.9,136.53,136.9,62463270,136.53,136.53,136.9,8528063308.6,8528063308.6,8528063308.6,,3,SUR,0.85,
TQBR,2016-07-28,Сбербанк,SBER,52351,7686835854.3,137.0,134.82,137.34,136.85,136.27,136.85,56411550,136.26,136.26,136.85,7686835854.3,7686835854.3,7686835854.3,,3,SUR,-0.04,
TQBR,2016-07-29,Сбербанк,SBER,56816,8166313934.7,136.57,135.93,139.81,139.15,137.95,139.15,59193890,137.96,137.96,139.15,8166313934.7,8166313934.7,8166313934.7,,3,SUR,1.68,
TQBR,2016-08-01,Сбербанк,SBER,47817,6565167416.9,140.0,137.59,141.21,138.52,139.23,138.52,47153870,139.23,139.23,138.52,6565167416.9,6565167416.9,6565167416.9,,3,SUR,-0.45,
TQBR,2016-08-02,Сбербанк,SBER,53138,7808393550.0,138.45,135.0,138.6,135.06,136.44,135.06,57230140,136.44,136.44,135.06,7808393550.0,7808393550.0,7808393550.0,,3,SUR,-2.5,
TQBR,2016-08-03,Сбербанк,SBER,42233,6328788314.9,134.73,134.27,136.2,135.73,135.26,135.73,46790060,135.26,135.26,135.73,6328788314.9,6328788314.9,6328788314.9,,3,SUR,0.5,
TQBR,2016-08-04,Сбербанк,SBER,45757,5698835374.4,136.47,136.02,137.6,137.14,136.95,137.14,41613130,136.95,136.95,137.14,5698835374.4,5698835374.4,5698835374.4,,3,SUR,1.04,
TQBR,2016-08-05,Сбербанк,SBER,53801,6151186763.5,137.48,137.31,138.89,138.69,138.23,138.69,44500460,138.23,138.23,138.69,6151186763.5,6151186763.5,6151186763.5,,3,SUR,1.13,
TQBR,2016-08-08,Сбербанк,SBER,41139,6061657241.3,139.01,138.0,140.1,139.45,139.21,139.45,43544440,139.21,139.21,139.45,6061657241.3,6061657241.3,6061657241.3,,3,SUR,0.55,
TQBR,2016-08-09,Сбербанк,SBER,56704,7283674749.7,139.21,137.85,140.25,139.2,139.18,139.2,52334380,139.18,139.18,139.2,7283674749.7,7283674749.7,7283674749.7,,3,SUR,-0.18,
TQBR,2016-08-10,Сбербанк,SBER,32418,5032212517.9,139.2,138.14,139.8,138.3,138.98,138.3,36208220,138.98,138.98,138.3,5032212517.9,5032212517.9,5032212517.9,,3,SUR,-0.65,
TQBR,2016-08-11,Сбербанк,SBER,40421,5325949295.1,138.16,137.68,139.74,139.7,138.83,139.7,38363080,138.83,138.83,139.7,5325949295.1,5325949295.1,5325949295.1,,3,SUR,1.01,
TQBR,2016-08-12,Сбербанк,SBER,44505,6222735593.4,140.2,139.1,141.39,139.45,140.12,139.45,44408570,140.12,140.12,139.45,6222735593.4,6222735593.4,6222735593.4,,3,SUR,-0.18,
TQBR,2016-08-15,Сбербанк,SBER,38021,5623714089.0,140.25,138.86,140.49,139.5,139.73,139.5,40246250,139.73,139.73,139.5,5623714089.0,5623714089.0,5623714089.0,,3,SUR,0.04,
TQBR,2016-08-16,Сбербанк,SBER,64764,9059860088.6,139.5,138.03,141.08,138.1,139.43,138.1,64976850,139.43,139.43,138.1,9059860088.6,9059860088.6,9059860088.6,,3,SUR,-1.0,
TQBR,2016-08-17,Сбербанк,SBER,40795,5908783673.8,138.2,137.17,138.8,138.44,138.2,138.44,42754590,138.2,138.2,138.44,5908783673.8,5908783673.8,5908783673.8,,3,SUR,0.25,
TQBR,2016-08-18,Сбербанк,SBER,53060,8579821231.5,138.72,136.2,140.14,137.0,137.96,137.0,62192110,137.96,137.96,137.0,8579821231.5,8579821231.5,8579821231.5,,3,SUR,-1.04,
TQBR,2016-08-19,Сбербанк,SBER,36253,5799467960.0,137.7,135.52,137.7,135.8,136.15,135.8,42601100,136.13,136.13,135.8,5799467960.0,5799467960.0,5799467960.0,,3,SUR,-0.88,
TQBR,2016-08-22,Сбербанк,SBER,41433,6466022031.4,135.15,134.6,137.47,137.37,136.04,137.37,47528400,136.05,136.05,137.37,6466022031.4,6466022031.4,6466022031.4,,3,SUR,1.16,
TQBR,2016-08-23,Сбербанк,SBER,41441,8229179028.6,137.0,136.9,140.48,140.35,138.94,140.35,59224560,138.95,138.95,140.35,8229179028.6,8229179028.6,8229179028.6,,3,SUR,2.17,
TQBR,2016-08-24,Сбербанк,SBER,41516,6481145528.9,139.7,138.52,140.5,139.5,139.48,139.5,46466330,139.48,139.48,139.5,6481145528.9,6481145528.9,6481145528.9,,3,SUR,-0.61,
TQBR,2016-08-25,Сбербанк,SBER,52958,10719591847.0,139.99,139.67,142.9,142.84,140.9,142.84,76078810,140.9,140.9,142.84,10719591847.0,10719591847.0,10719591847.0,,3,SUR,2.39,
TQBR,2016-08-26,Сбербанк,SBER,62346,10863680090.1,143.2,143.2,145.6,145.25,144.23,145.25,75195700,144.47,144.47,145.25,10863680090.1,10863680090.1,10863680090.1,,3,SUR,1.69,
TQBR,2016-08-29,Сбербанк,SBER,40461,6536269238.9,144.47,142.51,144.47,143.55,143.17,143.55,45656960,143.16,143.16,143.55,6536269238.9,6536269238.9,6536269238.9,,3,SUR,-1.17,
TQBR,2016-08-30,Сбербанк,SBER,46967,7287590705.2,143.58,143.18,145.3,143.18,144.3,143.18,50500270,144.31,144.31,143.18,7287590705.2,7287590705.2,7287590705.2,,3,SUR,-0.26,
TQBR,2016-08-31,Сбербанк,SBER,43600,6488417705.3,143.2,142.55,144.05,143.5,143.2,143.5,45305830,143.21,143.21,143.5,6488417705.3,6488417705.3,6488417705.3,,3,SUR,0.22,
TQBR,2016-09-01,Сбербанк,SBER,43318,6053333272.3,143.96,143.6,144.78,144.25,144.25,144.25,41963100,144.25,144.25,144.25,6053333272.3,6053333272.3,6053333272.3,,3,SUR,0.52,
TQBR,2016-09-02,Сбербанк,SBER,53393,7841954397.6,144.45,143.82,147.09,146.88,145.65,146.88,53845560,145.64,145.64,146.88,7841954397.6,7841954397.6,7841954397.6,,3,SUR,1.82,
TQBR,2016-09-05,Сбербанк,SBER,60290,8877792792.3,147.5,147.09,149.6,149.5,148.95,149.5,59600300,148.96,148.96,149.5,8877792792.3,8877792792.3,8877792792.3,,3,SUR,1.78,
TQBR,2016-09-06,Сбербанк,SBER,48159,9039695232.9,149.8,149.06,150.81,150.64,150.16,150.64,60199870,150.16,150.16,150.64,9039695232.9,9039695232.9,9039695232.9,,3,SUR,0.76,
TQBR,2016-09-07,Сбербанк,SBER,81156,14653031148.6,150.95,150.92,155.03,154.33,153.76,154.33,95300490,153.76,153.76,154.33,14653031148.6,14653031148.6,14653031148.6,,3,SUR,2.45,
TQBR,2016-09-08,Сбербанк,SBER,59966,9978053627.1,155.23,152.67,156.25,153.45,154.1,153.45,64752830,154.09,154.09,153.45,9978053627.1,9978053627.1,9978053627.1,,3,SUR,-0.57,
TQBR,2016-09-09,Сбербанк,SBER,34907,5133201463.2,152.71,151.22,152.84,151.6,151.93,151.6,33786550,151.93,151.93,151.6,5133201463.2,5133201463.2,5133201463.2,,3,SUR,-1.21,
TQBR,2016-09-12,Сбербанк,SBER,53224,8434637360.6,149.73,148.65,151.69,151.43,150.29,151.43,56124240,150.29,150.29,151.43,8434637360.6,8434637360.6,8434637360.6,,3,SUR,-0.11,
TQBR,2016-09-13,Сбербанк,SBER,34581,5435302608.3,151.5,149.25,152.1,149.8,150.24,149.8,36177590,150.24,150.24,149.8,5435302608.3,5435302608.3,5435302608.3,,3,SUR,-1.08,
TQBR,2016-09-14,Сбербанк,SBER,40198,5826750811.6,149.85,149.35,151.55,150.86,150.43,150.86,38730080,150.45,150.45,150.86,5826750811.6,5826750811.6,5826750811.6,,3,SUR,0.71,
TQBR,2016-09-15,Сбербанк,SBER,51009,6731783060.1,150.51,148.06,150.78,149.14,149.1,149.14,45152290,149.09,149.09,149.14,6731783060.1,6731783060.1,6731783060.1,,3,SUR,-1.14,
TQBR,2016-09-16,Сбербанк,SBER,48061,7409457744.0,149.3,147.0,149.68,147.0,148.42,147.0,49929080,148.4,148.4,147.0,7409457744.0,7409457744.0,7409457744.0,,3,SUR,-1.43,
TQBR,2016-09-19,Сбербанк,SBER,40183,5808871221.6,148.8,148.07,149.91,148.66,149.0,148.66,38986370,149.0,149.0,148.66,5808871221.6,5808871221.6,5808871221.6,,3,SUR,1.13,
TQBR,2016-09-20,Сбербанк,SBER,39332,5213689011.3,148.12,147.04,149.4,149.3,148.13,149.3,35197210,148.13,148.13,149.3,5213689011.3,5213689011.3,5213689011.3,,3,SUR,0.43,
TQBR,2016-09-21,Сбербанк,SBER,40684,6611184133.7,149.85,149.72,151.54,150.67,150.84,150.67,43825610,150.85,150.85,150.67,6611184133.7,6611184133.7,6611184133.7,,3,SUR,0.92,
TQBR,2016-09-22,Сбербанк,SBER,56750,10131896102.7,152.54,151.62,154.5,154.18,153.07,154.18,66192510,153.07,153.07,154.18,10131896102.7,10131896102.7,10131896102.7,,3,SUR,2.33,
TQBR,2016-09-23,Сбербанк,SBER,51839,7765907039.4,153.73,150.13,153.76,151.5,151.68,151.5,51201870,151.67,151.67,151.5,7765907039.4,7765907039.4,7765907039.4,,3,SUR,-1.74,
TQBR,2016-09-26,Сбербанк,SBER,49898,7818522520.6,149.9,148.7,152.45,149.1,150.13,149.1,52078570,150.13,150.13,149.1,7818522520.6,7818522520.6,7818522520.6,,3,SUR,-1.58,
TQBR,2016-09-27,Сбербанк,SBER,40956,5998627260.4,149.55,147.28,149.69,147.53,148.19,147.53,40476550,148.2,148.2,147.53,5998627260.4,5998627260.4,5998627260.4,,3,SUR,-1.05,
TQBR,2016-09-28,Сбербанк,SBER,40900,5973613428.0,148.12,146.71,149.34,147.18,148.15,147.18,40322000,148.15,148.15,147.18,5973613428.0,5973613428.0,5973613428.0,,3,SUR,-0.24,
TQBR,2016-09-29,Сбербанк,SBER,48099,8485757408.7,150.2,148.05,150.88,148.47,149.59,148.47,56728010,149.59,149.59,148.47,8485757408.7,8485757408.7,8485757408.7,,3,SUR,0.88,
TQBR,2016-09-30,Сбербанк,SBER,51847,8455751298.5,147.0,144.6,147.0,145.34,145.7,145.34,58037520,145.69,145.69,145.34,8455751298.5,8455751298.5,8455751298.5,,3,SUR,-2.11,
TQBR,2016-10-03,Сбербанк,SBER,44054,7090286397.9,146.0,145.75,148.87,148.87,147.71,148.87,47993880,147.73,147.73,148.87,7090286397.9,7090286397.9,7090286397.9,,3,SUR,2.43,
TQBR,2016-10-04,Сбербанк,SBER,44142,6865552494.8,149.1,146.21,149.12,148.1,147.69,148.1,46486550,147.69,147.69,148.1,6865552494.8,6865552494.8,6865552494.8,,3,SUR,-0.52,
TQBR,2016-10-05,Сбербанк,SBER,38124,5601725481.1,148.14,146.3,148.4,147.95,147.44,147.95,37993810,147.44,147.44,147.95,5601725481.1,5601725481.1,5601725481.1,,3,SUR,-0.1,
TQBR,2016-10-06,Сбербанк,SBER,31571,4866388391.6,148.34,147.55,149.69,148.9,148.74,148.9,32716690,148.74,148.74,148.9,4866388391.6,4866388391.6,4866388391.6,,3,SUR,0.64,
TQBR,2016-10-07,Сбербанк,SBER,43218,7380712145.9,149.6,147.89,150.5,148.74,149.3,148.74,49440170,149.29,149.29,148.74,7380712145.9,7380712145.9,7380712145.9,,3,SUR,-0.11,
TQBR,2016-10-10,Сбербанк,SBER,34166,5631092388.8,149.33,148.36,151.3,151.27,150.12,151.27,37509660,150.12,150.12,151.27,5631092388.8,5631092388.8,5631092388.8,,3,SUR,1.7,
TQBR,2016-10-11,Сбербанк,SBER,39678,7032753973.4,150.89,150.51,152.44,151.3,151.61,151.3,46387240,151.61,151.61,151.3,7032753973.4,7032753973.4,7032753973.4,,3,SUR,0.02,
TQBR,2016-10-12,Сбербанк,SBER,47597,5305198096.4,151.2,148.81,151.59,149.2,150.01,149.2,35366250,150.01,150.01,149.2,5305198096.4,5305198096.4,5305198096.4,,3,SUR,-1.39,
TQBR,2016-10-13,Сбербанк,SBER,40123,7760710426.3,148.64,145.76,148.65,146.09,146.88,146.09,52838360,146.88,146.88,146.09,7760710426.3,7760710426.3,7760710426.3,,3,SUR,-2.08,
TQBR,2016-10-14,Сбербанк,SBER,37259,5459815705.3,146.65,146.16,147.96,146.73,147.07,146.73,37124120,147.07,147.07,146.73,5459815705.3,5459815705.3,5459815705.3,,3,SUR,0.44,
TQBR,2016-10-17,Сбербанк,SBER,43854,6234270452.3,146.5,145.54,147.13,146.46,146.28,146.46,42616240,146.29,146.29,146.46,6234270452.3,6234270452.3,6234270452.3,,3,SUR,-0.18,
TQBR,2016-10-18,Сбербанк,SBER,34531,4870287968.4,147.48,147.02,148.44,147.74,147.78,147.74,32955000,147.79,147.79,147.74,4870287968.4,4870287968.4,4870287968.4,,3,SUR,0.87,
TQBR,2016-10-19,Сбербанк,SBER,28394,4738949483.2,148.39,148.07,149.2,148.6,148.67,148.6,31874420,148.68,148.68,148.6,4738949483.2,4738949483.2,4738949483.2,,3,SUR,0.58,
TQBR,2016-10-20,Сбербанк,SBER,37409,5082478516.3,148.8,147.29,149.0,148.26,148.32,148.26,34266570,148.32,148.32,148.26,5082478516.3,5082478516.3,5082478516.3,,3,SUR,-0.23,
TQBR,2016-10-21,Сбербанк,SBER,27868,3456893308.2,148.01,147.48,148.84,148.42,148.17,148.42,23329810,148.17,148.17,148.42,3456893308.2,3456893308.2,3456893308.2,,3,SUR,0.11,
TQBR,2016-10-24,Сбербанк,SBER,38119,5608731106.3,149.21,148.94,150.45,149.15,149.75,149.15,37453910,149.75,149.75,149.15,5608731106.3,5608731106.3,5608731106.3,,3,SUR,0.49,
TQBR,2016-10-25,Сбербанк,SBER,37383,5466790141.6,149.74,149.22,152.23,151.57,151.16,151.57,36161040,151.18,151.18,151.57,5466790141.6,5466790141.6,5466790141.6,,3,SUR,1.62,
TQBR,2016-10-26,Сбербанк,SBER,34245,5414104154.2,151.23,149.75,151.7,150.67,150.6,150.67,35952060,150.59,150.59,150.67,5414104154.2,5414104154.2,5414104154.2,,3,SUR,-0.59,
TQBR,2016-10-27,Сбербанк,SBER,33567,4326960565.7,150.57,149.3,151.62,149.3,150.55,149.3,28739200,150.56,150.56,149.3,4326960565.7,4326960565.7,4326960565.7,,3,SUR,-0.91,
TQBR,2016-10-28,Сбербанк,SBER,28429,3343459651.7,149.4,148.32,150.08,149.2,149.14,149.2,22418130,149.14,149.14,149.2,3343459651.7,3343459651.7,3343459651.7,,3,SUR,-0.07,
TQBR,2016-10-31,Сбербанк,SBER,29593,4100490194.0,148.99,147.4,148.99,147.4,147.92,147.4,27721920,147.92,147.92,147.4,4100490194.0,4100490194.0,4100490194.0,,3,SUR,-1.21,
TQBR,2016-11-01,Сбербанк,SBER,45738,6501240496.6,147.9,145.71,148.98,145.85,147.19,145.85,44168710,147.19,147.19,145.85,6501240496.6,6501240496.6,6501240496.6,,3,SUR,-1.05,
TQBR,2016-11-02,Сбербанк,SBER,67219,8644900131.6,144.51,142.3,145.64,142.36,143.6,142.36,60205670,143.59,143.59,142.36,8644900131.6,8644900131.6,8644900131.6,,3,SUR,-2.39,
TQBR,2016-11-03,Сбербанк,SBER,49734,5753684844.6,142.8,141.6,143.66,142.75,142.63,142.75,40341340,142.63,142.63,142.75,5753684844.6,5753684844.6,5753684844.6,,3,SUR,0.27,
TQBR,2016-11-07,Сбербанк,SBER,38119,4665939140.2,143.8,142.55,144.88,143.4,143.82,143.4,32443490,143.82,143.82,143.4,4665939140.2,4665939140.2,4665939140.2,,3,SUR,0.46,
TQBR,2016-11-08,Сбербанк,SBER,41194,5425398366.0,144.25,143.68,146.33,146.11,145.27,146.11,37347690,145.27,145.27,146.11,5425398366.0,5425398366.0,5425398366.0,,3,SUR,1.89,
TQBR,2016-11-09,Сбербанк,SBER,100236,15190552602.5,143.0,142.5,151.35,151.04,148.27,151.04,102394650,148.35,148.35,151.04,15190552602.5,15190552602.5,15190552602.5,,3,SUR,3.37,
TQBR,2016-11-10,Сбербанк,SBER,109518,15449708503.1,151.88,151.84,155.57,153.36,153.84,153.36,100426420,153.84,153.84,153.36,15449708503.1,15449708503.1,15449708503.1,,3,SUR,1.54,
TQBR,2016-11-11,Сбербанк,SBER,64920,10594648321.2,153.0,151.44,153.68,151.51,152.4,151.51,69515020,152.41,152.41,151.51,10594648321.2,10594648321.2,10594648321.2,,3,SUR,-1.21,
TQBR,2016-11-14,Сбербанк,SBER,53729,7182081900.5,152.5,149.17,152.85,150.4,150.72,150.4,47655170,150.71,150.71,150.4,7182081900.5,7182081900.5,7182081900.5,,3,SUR,-0.73,
TQBR,2016-11-15,Сбербанк,SBER,48993,7601280974.3,151.0,148.75,152.37,149.85,150.46,149.85,50518750,150.46,150.46,149.85,7601280974.3,7601280974.3,7601280974.3,,3,SUR,-0.37,
TQBR,2016-11-16,Сбербанк,SBER,31243,5386536072.9,150.9,149.18,151.88,149.94,150.63,149.94,35759620,150.63,150.63,149.94,5386536072.9,5386536072.9,5386536072.9,,3,SUR,0.06,
TQBR,2016-11-17,Сбербанк,SBER,36147,5651003392.7,149.93,148.95,150.95,149.75,149.95,149.75,37684570,149.96,149.96,149.75,5651003392.7,5651003392.7,5651003392.7,,3,SUR,-0.13,
TQBR,2016-11-18,Сбербанк,SBER,28362,4100987357.0,149.99,149.64,150.84,150.05,150.27,150.05,27291020,150.27,150.27,150.05,4100987357.0,4100987357.0,4100987357.0,,3,SUR,0.2,
TQBR,2016-11-21,Сбербанк,SBER,34830,6102842031.8,150.9,150.9,153.25,153.0,152.45,153.0,40030400,152.46,152.46,153.0,6102842031.8,6102842031.8,6102842031.8,,3,SUR,1.97,
TQBR,2016-11-22,Сбербанк,SBER,54874,10616520476.9,153.85,153.64,155.68,155.0,154.82,155.0,68572050,154.82,154.82,155.0,10616520476.9,10616520476.9,10616520476.9,,3,SUR,1.31,
TQBR,2016-11-23,Сбербанк,SBER,29600,5636722764.2,155.44,154.55,155.44,155.23,155.01,155.23,36365060,155.0,155.0,155.23,5636722764.2,5636722764.2,5636722764.2,,3,SUR,0.15,
TQBR,2016-11-24,Сбербанк,SBER,107332,10912692925.7,155.38,155.3,161.2,161.15,158.59,161.15,68795980,158.62,158.62,161.15,10912692925.7,10912692925.7,10912692925.7,,3,SUR,3.81,
TQBR,2016-11-25,Сбербанк,SBER,66749,11120256119.7,161.0,158.94,163.42,160.36,160.81,160.36,69148720,160.82,160.82,160.36,11120256119.7,11120256119.7,11120256119.7,,3,SUR,-0.49,
TQBR,2016-11-28,Сбербанк,SBER,38814,5354176567.4,160.01,158.43,161.12,159.4,159.58,159.4,33551380,159.58,159.58,159.4,5354176567.4,5354176567.4,5354176567.4,,3,SUR,-0.6,
TQBR,2016-11-29,Сбербанк,SBER,49167,7827999916.0,158.98,157.6,160.7,158.07,158.61,158.07,49350470,158.62,158.62,158.07,7827999916.0,7827999916.0,7827999916.0,,3,SUR,-0.83,
TQBR,2016-11-30,Сбербанк,SBER,56001,9909089628.3,158.3,157.71,160.13,158.7,158.84,158.7,62385780,158.84,158.84,158.7,9909089628.3,9909089628.3,9909089628.3,,3,SUR,0.4,
TQBR,2016-12-01,Сбербанк,SBER,49837,7053298659.9,159.99,157.75,160.0,158.7,158.92,158.7,44384190,158.91,158.91,158.7,7053298659.9,7053298659.9,7053298659.9,,3,SUR,0.0,
TQBR,2016-12-02,Сбербанк,SBER,56830,8365507532.4,158.45,157.1,159.94,159.4,158.58,159.4,52755790,158.57,158.57,159.4,8365507532.4,8365507532.4,8365507532.4,,3,SUR,0.44,
TQBR,2016-12-05,Сбербанк,SBER,56040,9139237895.5,158.76,158.43,163.23,162.02,161.37,162.02,56633080,161.38,161.38,162.02,9139237895.5,9139237895.5,9139237895.5,,3,SUR,1.64,
TQBR,2016-12-06,Сбербанк,SBER,56605,7601322082.3,161.99,159.35,162.94,159.35,161.18,159.35,47160440,161.18,161.18,159.35,7601322082.3,7601322082.3,7601322082.3,,3,SUR,-1.65,
TQBR,2016-12-07,Сбербанк,SBER,52946,7502503249.5,159.82,158.58,161.0,159.95,159.92,159.95,46914440,159.92,159.92,159.95,7502503249.5,7502503249.5,7502503249.5,,3,SUR,0.38,
TQBR,2016-12-08,Сбербанк,SBER,100398,16224009729.6,160.7,160.67,168.98,168.98,165.24,168.98,98187850,165.23,165.23,168.98,16224009729.6,16224009729.6,16224009729.6,,3,SUR,5.65,
TQBR,2016-12-09,Сбербанк,SBER,64231,12605057701.0,169.65,167.6,170.87,169.66,169.2,169.66,74497920,169.2,169.2,169.66,12605057701.0,12605057701.0,12605057701.0,,3,SUR,0.4,
TQBR,2016-12-12,Сбербанк,SBER,100132,20082774584.9,172.0,171.35,178.93,175.4,175.54,175.4,114401460,175.55,175.55,175.4,20082774584.9,20082774584.9,20082774584.9,,3,SUR,3.38,
TQBR,2016-12-13,Сбербанк,SBER,81634,11293028296.1,175.0,172.06,177.48,176.9,174.88,176.9,64580090,174.87,174.87,176.9,11293028296.1,11293028296.1,11293028296.1,,3,SUR,0.86,
TQBR,2016-12-14,Сбербанк,SBER,62556,9373676243.5,177.0,172.37,177.87,173.7,174.09,173.7,53848710,174.07,174.07,173.7,9373676243.5,9373676243.5,9373676243.5,,3,SUR,-1.81,
TQBR,2016-12-15,Сбербанк,SBER,65464,12988013102.7,171.5,171.35,175.39,174.92,173.08,174.92,75039220,173.08,173.08,174.92,12988013102.7,12988013102.7,12988013102.7,,3,SUR,0.7,
TQBR,2016-12-16,Сбербанк,SBER,48001,8766862602.3,175.61,173.5,177.04,173.9,174.87,173.9,50133300,174.87,174.87,173.9,8766862602.3,8766862602.3,8766862602.3,,3,SUR,-0.58,
TQBR,2016-12-19,Сбербанк,SBER,28964,5976308452.3,174.76,173.2,175.55,174.3,174.68,174.3,34213020,174.68,174.68,174.3,5976308452.3,5976308452.3,5976308452.3,,3,SUR,0.23,
TQBR,2016-12-20,Сбербанк,SBER,41738,5532589587.8,174.17,173.03,176.86,175.9,175.28,175.9,31563470,175.28,175.28,175.9,5532589587.8,5532589587.8,5532589587.8,,3,SUR,0.92,
TQBR,2016-12-21,Сбербанк,SBER,73100,16487999994.5,176.68,174.65,185.34,174.71,177.89,174.71,92678660,177.91,177.91,174.71,16487999994.5,16487999994.5,16487999994.5,,3,SUR,-0.68,
TQBR,2016-12-22,Сбербанк,SBER,84443,11520496732.0,174.49,170.0,175.35,170.0,171.96,170.0,67004190,171.94,171.94,170.0,11520496732.0,11520496732.0,11520496732.0,,3,SUR,-2.7,
TQBR,2016-12-23,Сбербанк,SBER,53670,6360131652.8,169.8,168.55,171.76,171.15,170.25,171.15,37355710,170.26,170.26,171.15,6360131652.8,6360131652.8,6360131652.8,,3,SUR,0.68,
TQBR,2016-12-26,Сбербанк,SBER,25904,3658712860.7,171.3,171.15,173.2,171.97,172.37,171.97,21221200,172.41,172.41,171.97,3658712860.7,3658712860.7,3658712860.7,,3,SUR,0.48,
TQBR,2016-12-27,Сбербанк,SBER,26058,3402019712.0,172.0,170.5,172.7,172.27,171.94,172.27,19784040,171.96,171.96,172.27,3402019712.0,3402019712.0,3402019712.0,,3,SUR,0.17,
TQBR,2016-12-28,Сбербанк,SBER,40831,6363289458.9,173.0,170.1,173.63,170.1,171.9,170.1,37022030,171.88,171.88,170.1,6363289458.9,6363289458.9,6363289458.9,,3,SUR,-1.26,
TQBR,2016-12-29,Сбербанк,SBER,57555,8429269980.0,170.05,167.55,172.22,171.3,169.69,171.3,49661210,169.74,169.74,171.3,8429269980.0,8429269980.0,8429269980.0,,3,SUR,0.71,
TQBR,2016-12-30,Сбербанк,SBER,36765,6088303588.4,171.7,170.56,173.25,173.25,171.85,173.25,35427000,171.85,171.85,173.25,6088303588.4,6088303588.4,6088303588.4,,3,SUR,1.14,
TQBR,2017-01-03,Сбербанк,SBER,59450,9609078356.4,173.4,173.0,181.68,180.12,178.25,180.12,53890400,178.31,178.31,180.12,9609078356.4,9609078356.4,9609078356.4,,3,SUR,3.97,
TQBR,2017-01-04,Сбербанк,SBER,53284,7305516105.8,178.9,174.23,179.41,175.95,176.5,175.95,41400710,176.46,176.46,175.95,7305516105.8,7305516105.8,7305516105.8,,3,SUR,-2.32,
TQBR,2017-01-05,Сбербанк,SBER,43156,6109242773.7,176.31,171.54,177.28,171.9,174.13,171.9,35093040,174.09,174.09,171.9,6109242773.7,6109242773.7,6109242773.7,,3,SUR,-2.3,
TQBR,2017-01-06,Сбербанк,SBER,58441,6065097940.3,172.4,169.5,173.75,170.69,171.28,170.69,35415590,171.26,171.26,170.69,6065097940.3,6065097940.3,6065097940.3,,3,SUR,-0.7,
TQBR,2017-01-09,Сбербанк,SBER,42519,5977865131.5,171.37,168.05,172.39,168.35,169.9,168.35,35187380,169.89,169.89,168.35,5977865131.5,5977865131.5,5977865131.5,,3,SUR,-1.37,
TQBR,2017-01-10,Сбербанк,SBER,56671,10071297927.3,168.35,167.54,172.3,171.6,171.03,171.6,58874120,171.06,171.06,171.6,10071297927.3,10071297927.3,10071297927.3,,3,SUR,1.93,
TQBR,2017-01-11,Сбербанк,SBER,59266,9012624271.8,171.5,168.54,173.05,169.05,170.79,169.05,52772790,170.78,170.78,169.05,9012624271.8,9012624271.8,9012624271.8,,3,SUR,-1.49,
TQBR,2017-01-12,Сбербанк,SBER,46445,8442987495.6,170.0,168.02,170.65,168.27,169.36,168.27,49854940,169.35,169.35,168.27,8442987495.6,8442987495.6,8442987495.6,,3,SUR,-0.46,
TQBR,2017-01-13,Сбербанк,SBER,84000,14304593966.6,168.79,163.88,172.39,164.9,166.36,164.9,85990570,166.35,166.35,164.9,14304593966.6,14304593966.6,14304593966.6,,3,SUR,-2.0,
TQBR,2017-01-16,Сбербанк,SBER,45043,6218640885.2,165.22,164.06,166.8,164.66,165.49,164.66,37577470,165.49,165.49,164.66,6218640885.2,6218640885.2,6218640885.2,,3,SUR,-0.15,
TQBR,2017-01-17,Сбербанк,SBER,53355,7583759716.1,164.67,163.34,166.47,165.98,164.98,165.98,45968310,164.98,164.98,165.98,7583759716.1,7583759716.1,7583759716.1,,3,SUR,0.8,
TQBR,2017-01-18,Сбербанк,SBER,54395,7051446491.7,165.9,164.31,167.8,165.24,165.99,165.24,42479900,165.99,165.99,165.24,7051446491.7,7051446491.7,7051446491.7,,3,SUR,-0.45,
TQBR,2017-01-19,Сбербанк,SBER,43684,6375017242.4,165.46,164.69,166.99,166.3,165.67,166.3,38478840,165.68,165.68,166.3,6375017242.4,6375017242.4,6375017242.4,,3,SUR,0.64,
TQBR,2017-01-20,Сбербанк,SBER,36350,5439248605.5,166.55,165.42,168.19,167.49,166.94,167.49,32581460,166.94,166.94,167.49,5439248605.5,5439248605.5,5439248605.5,,3,SUR,0.72,
TQBR,2017-01-23,Сбербанк,SBER,41575,6047501657.5,167.33,164.53,167.33,166.75,165.89,166.75,36457470,165.88,165.88,166.75,6047501657.5,6047501657.5,6047501657.5,,3,SUR,-0.44,
TQBR,2017-01-24,Сбербанк,SBER,49849,7685357888.0,167.37,167.24,170.7,170.25,169.28,170.25,45397860,169.29,169.29,170.25,7685357888.0,7685357888.0,7685357888.0,,3,SUR,2.1,
TQBR,2017-01-25,Сбербанк,SBER,42781,7244601704.1,170.5,169.5,171.3,170.26,170.29,170.26,42543080,170.29,170.29,170.26,7244601704.1,7244601704.1,7244601704.1,,3,SUR,0.01,
TQBR,2017-01-26,Сбербанк,SBER,53596,9680053074.7,170.85,169.06,174.39,173.79,172.52,173.79,56105000,172.53,172.53,173.79,9680053074.7,9680053074.7,9680053074.7,,3,SUR,2.07,
TQBR,2017-01-27,Сбербанк,SBER,60229,12474937132.1,173.89,173.0,178.92,178.92,175.4,178.92,71123150,175.4,175.4,178.92,12474937132.1,12474937132.1,12474937132.1,,3,SUR,2.95,
TQBR,2017-01-30,Сбербанк,SBER,46664,8087212526.2,177.5,174.24,178.0,174.6,176.06,174.6,45935720,176.05,176.05,174.6,8087212526.2,8087212526.2,8087212526.2,,3,SUR,-2.41,
TQBR,2017-01-31,Сбербанк,SBER,50942,8049700034.0,174.37,172.07,175.27,172.2,173.16,172.2,46486680,173.16,173.16,172.2,8049700034.0,8049700034.0,8049700034.0,,3,SUR,-1.37,
TQBR,2017-02-01,Сбербанк,SBER,45878,7317581391.2,172.59,171.75,174.27,173.9,173.19,173.9,42252780,173.19,173.19,173.9,7317581391.2,7317581391.2,7317581391.2,,3,SUR,0.99,
TQBR,2017-02-02,Сбербанк,SBER,38475,5380063370.9,173.94,171.95,174.69,172.83,173.19,172.83,31064430,173.19,173.19,172.83,5380063370.9,5380063370.9,5380063370.9,,3,SUR,-0.62,
TQBR,2017-02-03,Сбербанк,SBER,38961,6026290634.9,173.03,172.27,174.19,173.8,173.44,173.8,34744860,173.44,173.44,173.8,6026290634.9,6026290634.9,6026290634.9,,3,SUR,0.56,
TQBR,2017-02-06,Сбербанк,SBER,40130,5881045286.4,174.71,172.22,174.98,172.87,173.26,172.87,33943730,173.26,173.26,172.87,5881045286.4,5881045286.4,5881045286.4,,3,SUR,-0.54,
TQBR,2017-02-07,Сбербанк,SBER,40377,5795780887.6,173.0,171.51,174.18,173.47,172.98,173.47,33506000,172.98,172.98,173.47,5795780887.6,5795780887.6,5795780887.6,,3,SUR,0.35,
TQBR,2017-02-08,Сбербанк,SBER,38821,5719832547.9,173.2,170.77,173.2,171.2,171.69,171.2,33314310,171.69,171.69,171.2,5719832547.9,5719832547.9,5719832547.9,,3,SUR,-1.31,
TQBR,2017-02-09,Сбербанк,SBER,50896,8265496689.9,171.91,167.84,172.67,168.8,169.63,168.8,48730500,169.62,169.62,168.8,8265496689.9,8265496689.9,8265496689.9,,3,SUR,-1.4,
TQBR,2017-02-10,Сбербанк,SBER,68000,9906222029.1,169.05,165.4,170.45,165.5,166.95,165.5,59337100,166.95,166.95,165.5,9906222029.1,9906222029.1,9906222029.1,,3,SUR,-1.95,
TQBR,2017-02-13,Сбербанк,SBER,54444,8747119742.3,166.05,163.5,167.05,164.7,164.98,164.7,53028170,164.95,164.95,164.7,8747119742.3,8747119742.3,8747119742.3,,3,SUR,-0.48,
TQBR,2017-02-14,Сбербанк,SBER,48504,8876852540.2,164.99,162.01,165.14,162.7,162.98,162.7,54466800,162.98,162.98,162.7,8876852540.2,8876852540.2,8876852540.2,,3,SUR,-1.21,
TQBR,2017-02-15,Сбербанк,SBER,62403,11242527834.7,162.27,160.0,165.57,163.5,163.39,163.5,68808530,163.39,163.39,163.5,11242527834.7,11242527834.7,11242527834.7,,3,SUR,0.49,
TQBR,2017-02-16,Сбербанк,SBER,48631,7301058057.2,164.4,162.21,166.5,166.49,164.7,166.49,44328980,164.7,164.7,166.49,7301058057.2,7301058057.2,7301058057.2,,3,SUR,1.83,
TQBR,2017-02-17,Сбербанк,SBER,37648,5402840339.5,166.48,164.42,167.12,165.49,165.65,165.49,32616900,165.65,165.65,165.49,5402840339.5,5402840339.5,5402840339.5,,3,SUR,-0.6,
TQBR,2017-02-20,Сбербанк,SBER,29088,4461326090.5,166.4,163.93,166.69,165.44,165.32,165.44,26986270,165.32,165.32,165.44,4461326090.5,4461326090.5,4461326090.5,,3,SUR,-0.03,
TQBR,2017-02-21,Сбербанк,SBER,38736,6625621596.3,165.11,164.8,168.38,167.0,167.09,167.0,39649880,167.1,167.1,167.0,6625621596.3,6625621596.3,6625621596.3,,3,SUR,0.94,
TQBR,2017-02-22,Сбербанк,SBER,43721,6767903223.5,167.5,164.35,168.3,165.9,166.44,165.9,40662980,166.44,166.44,165.9,6767903223.5,6767903223.5,6767903223.5,,3,SUR,-0.66,
TQBR,2017-02-24,Сбербанк,SBER,33821,4941136901.3,166.53,165.03,168.02,165.51,166.35,165.51,29704800,166.34,166.34,165.51,4941136901.3,4941136901.3,4941136901.3,,3,SUR,-0.24,
TQBR,2017-02-27,Сбербанк,SBER,47402,6832437625.0,166.01,160.62,166.34,160.95,162.89,160.95,41947190,162.88,162.88,160.95,6832437625.0,6832437625.0,6832437625.0,,3,SUR,-2.76,
TQBR,2017-02-28,Сбербанк,SBER,71833,10715464371.7,161.05,155.7,161.19,156.0,157.77,156.0,67919290,157.77,157.77,156.0,10715464371.7,10715464371.7,10715464371.7,,3,SUR,-3.08,
TQBR,2017-03-01,Сбербанк,SBER,65942,9933849228.5,155.65,155.65,160.92,160.0,159.55,160.0,62258970,159.56,159.56,160.0,9933849228.5,9933849228.5,9933849228.5,,3,SUR,2.56,
TQBR,2017-03-02,Сбербанк,SBER,68350,10627718572.8,161.39,160.33,164.3,163.4,162.37,163.4,65453580,162.37,162.37,163.4,10627718572.8,10627718572.8,10627718572.8,,3,SUR,2.13,
TQBR,2017-03-03,Сбербанк,SBER,36856,6251135565.2,162.95,161.61,164.89,164.4,163.46,164.4,38242710,163.46,163.46,164.4,6251135565.2,6251135565.2,6251135565.2,,3,SUR,0.61,
TQBR,2017-03-06,Сбербанк,SBER,42738,6051572005.1,164.5,162.0,165.99,162.0,164.24,162.0,36845090,164.24,164.24,162.0,6051572005.1,6051572005.1,6051572005.1,,3,SUR,-1.46,
TQBR,2017-03-07,Сбербанк,SBER,49509,7207037205.9,162.41,158.9,162.41,160.98,160.65,160.98,44866990,160.63,160.63,160.98,7207037205.9,7207037205.9,7207037205.9,,3,SUR,-0.63,
TQBR,2017-03-09,Сбербанк,SBER,74673,10053776691.9,159.22,155.23,160.84,156.2,157.84,156.2,63696720,157.84,157.84,156.2,10053776691.9,10053776691.9,10053776691.9,,3,SUR,-2.97,
TQBR,2017-03-10,Сбербанк,SBER,64070,8097090719.7,157.32,155.55,159.4,157.5,157.84,157.5,51296630,157.85,157.85,157.5,8097090719.7,8097090719.7,8097090719.7,,3,SUR,0.83,
TQBR,2017-03-13,Сбербанк,SBER,43174,5408217253.6,157.49,155.86,159.87,158.92,158.65,158.92,34087370,158.66,158.66,158.92,5408217253.6,5408217253.6,5408217253.6,,3,SUR,0.9,
TQBR,2017-03-14,Сбербанк,SBER,62769,9425744051.6,159.5,157.02,160.75,157.42,159.21,157.42,59200290,159.22,159.22,157.42,9425744051.6,9425744051.6,9425744051.6,,3,SUR,-0.94,
TQBR,2017-03-15,Сбербанк,SBER,54759,7697717656.1,158.05,156.06,159.67,156.2,157.54,156.2,48858400,157.55,157.55,156.2,7697717656.1,7697717656.1,7697717656.1,,3,SUR,-0.77,
TQBR,2017-03-16,Сбербанк,SBER,55800,10847183757.8,157.82,157.82,159.85,158.35,158.75,158.35,68322520,158.76,158.76,158.35,10847183757.8,10847183757.8,10847183757.8,,3,SUR,1.38,
TQBR,2017-03-17,Сбербанк,SBER,66373,10530193716.3,158.55,158.17,162.85,161.15,160.86,161.15,65470090,160.84,160.84,161.15,10530193716.3,10530193716.3,10530193716.3,,3,SUR,1.77,
TQBR,2017-03-20,Сбербанк,SBER,46238,6756721100.8,161.57,160.61,164.05,163.8,162.82,163.8,41497240,162.82,162.82,163.8,6756721100.8,6756721100.8,6756721100.8,,3,SUR,1.64,
TQBR,2017-03-21,Сбербанк,SBER,47965,6540331822.4,164.5,162.25,165.49,162.98,164.21,162.98,39831880,164.2,164.2,162.98,6540331822.4,6540331822.4,6540331822.4,,3,SUR,-0.5,
TQBR,2017-03-22,Сбербанк,SBER,48986,6586523211.4,162.01,159.75,162.92,162.92,161.16,162.92,40877170,161.13,161.13,162.92,6586523211.4,6586523211.4,6586523211.4,,3,SUR,-0.04,
TQBR,2017-03-23,Сбербанк,SBER,41521,6332000331.6,163.5,162.1,164.84,164.15,163.53,164.15,38722220,163.52,163.52,164.15,6332000331.6,6332000331.6,6332000331.6,,3,SUR,0.75,
TQBR,2017-03-24,Сбербанк,SBER,40592,5442276482.8,164.0,163.07,165.9,164.52,164.71,164.52,33041260,164.71,164.71,164.52,5442276482.8,5442276482.8,5442276482.8,,3,SUR,0.23,
TQBR,2017-03-27,Сбербанк,SBER,40095,5747342963.7,163.03,161.1,163.37,162.69,162.28,162.69,35418700,162.27,162.27,162.69,5747342963.7,5747342963.7,5747342963.7,,3,SUR,-1.11,
TQBR,2017-03-28,Сбербанк,SBER,35587,4971819967.0,163.5,162.05,164.1,163.66,163.07,163.66,30489200,163.07,163.07,163.66,4971819967.0,4971819967.0,4971819967.0,,3,SUR,0.6,
TQBR,2017-03-29,Сбербанк,SBER,29888,4275633841.6,164.0,162.37,164.9,163.22,163.42,163.22,26160370,163.44,163.44,163.22,4275633841.6,4275633841.6,4275633841.6,,3,SUR,-0.27,
TQBR,2017-03-30,Сбербанк,SBER,27864,3981999668.3,163.32,161.9,164.1,163.5,163.13,163.5,24410850,163.12,163.12,163.5,3981999668.3,3981999668.3,3981999668.3,,3,SUR,0.17,
TQBR,2017-03-31,Сбербанк,SBER,41853,5094871408.6,163.4,159.51,163.7,159.8,161.03,159.8,31639970,161.03,161.03,159.8,5094871408.6,5094871408.6,5094871408.6,,3,SUR,-2.26,
TQBR,2017-04-03,Сбербанк,SBER,42295,5287146510.1,160.77,159.84,162.94,161.8,161.56,161.8,32726400,161.56,161.56,161.8,5287146510.1,5287146510.1,5287146510.1,,3,SUR,1.25,
TQBR,2017-04-04,Сбербанк,SBER,29134,3789024448.8,161.37,160.7,163.95,163.5,162.43,163.5,23333230,162.39,162.39,163.5,3789024448.8,3789024448.8,3789024448.8,,3,SUR,1.05,
TQBR,2017-04-05,Сбербанк,SBER,75458,9623815655.2,164.33,163.82,168.45,168.1,166.63,168.1,57753380,166.64,166.64,168.1,9623815655.2,9623815655.2,9623815655.2,,3,SUR,2.81,
TQBR,2017-04-06,Сбербанк,SBER,30729,4090698387.9,167.54,166.41,168.19,167.49,167.5,167.49,24422020,167.5,167.5,167.49,4090698387.9,4090698387.9,4090698387.9,,3,SUR,-0.36,
TQBR,2017-04-07,Сбербанк,SBER,69604,9744745429.1,166.12,160.71,166.84,161.49,163.14,161.49,59739010,163.12,163.12,161.49,9744745429.1,9744745429.1,9744745429.1,,3,SUR,-3.58,
TQBR,2017-04-10,Сбербанк,SBER,71268,11548278934.7,161.0,154.51,161.39,155.2,156.69,155.2,73718410,156.65,156.65,155.2,11548278934.7,11548278934.7,11548278934.7,,3,SUR,-3.89,
TQBR,2017-04-11,Сбербанк,SBER,58816,8379332854.4,155.2,154.61,158.59,156.0,157.07,156.0,53342100,157.09,157.09,156.0,8379332854.4,8379332854.4,8379332854.4,,3,SUR,0.52,
TQBR,2017-04-12,Сбербанк,SBER,56727,8168758811.2,157.0,150.28,157.44,150.28,153.36,150.28,53279800,153.32,153.32,150.28,8168758811.2,8168758811.2,8168758811.2,,3,SUR,-3.67,
TQBR,2017-04-13,Сбербанк,SBER,91006,10616261149.1,151.57,149.7,153.35,152.0,151.62,152.0,70013640,151.63,151.63,152.0,10616261149.1,10616261149.1,10616261149.1,,3,SUR,1.14,
TQBR,2017-04-14,Сбербанк,SBER,34833,3772556350.9,150.42,148.6,152.25,149.24,150.35,149.24,25092420,150.35,150.35,149.24,3772556350.9,3772556350.9,3772556350.9,,3,SUR,-1.82,
TQBR,2017-04-17,Сбербанк,SBER,69295,7312223641.2,149.44,147.62,154.2,153.99,151.15,153.99,48418090,151.02,151.02,153.99,7312223641.2,7312223641.2,7312223641.2,,3,SUR,3.18,
TQBR,2017-04-18,Сбербанк,SBER,66822,9373104156.1,154.44,152.15,155.59,153.4,153.96,153.4,60882590,153.95,153.95,153.4,9373104156.1,9373104156.1,9373104156.1,,3,SUR,-0.38,
TQBR,2017-04-19,Сбербанк,SBER,50346,6006368511.9,153.18,152.36,155.38,153.6,154.17,153.6,38955390,154.19,154.19,153.6,6006368511.9,6006368511.9,6006368511.9,,3,SUR,0.13,
TQBR,2017-04-20,Сбербанк,SBER,70691,9967956368.9,153.0,152.26,158.4,158.21,155.43,158.21,64127430,155.44,155.44,158.21,9967956368.9,9967956368.9,9967956368.9,,3,SUR,3.0,
TQBR,2017-04-21,Сбербанк,SBER,66400,9113848242.0,158.74,157.8,160.3,159.59,159.36,159.59,57187090,159.37,159.37,159.59,9113848242.0,9113848242.0,9113848242.0,,3,SUR,0.87,
TQBR,2017-04-24,Сбербанк,SBER,51252,7795803533.7,161.09,161.0,163.43,162.5,162.29,162.5,48021380,162.34,162.34,162.5,7795803533.7,7795803533.7,7795803533.7,,3,SUR,1.82,
TQBR,2017-04-25,Сбербанк,SBER,40417,6588171646.1,163.0,161.31,163.53,162.55,162.54,162.55,40534410,162.53,162.53,162.55,6588171646.1,6588171646.1,6588171646.1,,3,SUR,0.03,
TQBR,2017-04-26,Сбербанк,SBER,47580,8068611971.9,163.08,161.7,165.8,165.05,163.8,165.05,49259630,163.8,163.8,165.05,8068611971.9,8068611971.9,8068611971.9,,3,SUR,1.54,
TQBR,2017-04-27,Сбербанк,SBER,42083,7193390744.4,164.99,163.27,165.79,164.69,164.56,164.69,43712420,164.56,164.56,164.69,7193390744.4,7193390744.4,7193390744.4,,3,SUR,-0.22,
TQBR,2017-04-28,Сбербанк,SBER,36495,6771043231.3,165.5,163.91,166.0,165.2,165.15,165.2,40999710,165.15,165.15,165.2,6771043231.3,6771043231.3,6771043231.3,,3,SUR,0.31,
TQBR,2017-05-02,Сбербанк,SBER,50515,7109603271.5,166.0,165.01,168.34,166.64,167.28,166.64,42498180,167.29,167.29,166.64,7109603271.5,7109603271.5,7109603271.5,,3,SUR,0.87,
TQBR,2017-05-03,Сбербанк,SBER,37199,5532940128.1,166.3,163.63,166.5,164.71,164.82,164.71,33570350,164.82,164.82,164.71,5532940128.1,5532940128.1,5532940128.1,,3,SUR,-1.16,
TQBR,2017-05-04,Сбербанк,SBER,37937,6238052591.8,164.62,163.78,167.4,165.5,165.8,165.5,37623080,165.8,165.8,165.5,6238052591.8,6238052591.8,6238052591.8,,3,SUR,0.48,
TQBR,2017-05-05,Сбербанк,SBER,40455,5861269525.6,164.22,164.0,166.6,165.8,165.14,165.8,35495540,165.13,165.13,165.8,5861269525.6,5861269525.6,5861269525.6,,3,SUR,0.18,
TQBR,2017-05-10,Сбербанк,SBER,50544,7853777784.0,167.0,166.41,170.8,170.8,168.98,170.8,46474510,168.99,168.99,170.8,7853777784.0,7853777784.0,7853777784.0,,3,SUR,3.02,
TQBR,2017-05-11,Сбербанк,SBER,59066,9667508132.2,171.0,168.84,172.39,169.97,170.82,169.97,56593530,170.82,170.82,169.97,9667508132.2,9667508132.2,9667508132.2,,3,SUR,-0.49,
TQBR,2017-05-12,Сбербанк,SBER,40199,6286902322.8,169.75,166.85,170.43,167.7,168.3,167.7,37355540,168.3,168.3,167.7,6286902322.8,6286902322.8,6286902322.8,,3,SUR,-1.34,
TQBR,2017-05-15,Сбербанк,SBER,46543,8000111823.7,168.5,167.89,171.68,171.35,169.86,171.35,47099400,169.86,169.86,171.35,8000111823.7,8000111823.7,8000111823.7,,3,SUR,2.18,
TQBR,2017-05-16,Сбербанк,SBER,36652,6359705115.8,170.97,169.98,172.0,170.66,170.93,170.66,37205990,170.93,170.93,170.66,6359705115.8,6359705115.8,6359705115.8,,3,SUR,-0.4,
TQBR,2017-05-17,Сбербанк,SBER,43258,5972642510.9,169.8,168.17,170.63,169.24,169.59,169.24,35218260,169.59,169.59,169.24,5972642510.9,5972642510.9,5972642510.9,,3,SUR,-0.83,
TQBR,2017-05-18,Сбербанк,SBER,57186,9558033922.9,168.41,164.7,169.17,166.5,166.27,166.5,57482410,166.28,166.28,166.5,9558033922.9,9558033922.9,9558033922.9,,3,SUR,-1.62,
TQBR,2017-05-19,Сбербанк,SBER,37583,6132186211.4,167.48,165.71,170.08,168.87,167.76,168.87,36552330,167.76,167.76,168.87,6132186211.4,6132186211.4,6132186211.4,,3,SUR,1.42,
TQBR,2017-05-22,Сбербанк,SBER,37090,5002659619.9,170.5,167.14,170.5,168.03,168.56,168.03,29679120,168.56,168.56,168.03,5002659619.9,5002659619.9,5002659619.9,,3,SUR,-0.5,
TQBR,2017-05-23,Сбербанк,SBER,42657,6593755611.6,167.87,165.4,168.3,166.31,166.92,166.31,39501140,166.93,166.93,166.31,6593755611.6,6593755611.6,6593755611.6,,3,SUR,-1.02,
TQBR,2017-05-24,Сбербанк,SBER,51595,7755908057.5,166.8,162.51,168.48,165.7,165.4,165.7,46891970,165.4,165.4,165.7,7755908057.5,7755908057.5,7755908057.5,,3,SUR,-0.37,
TQBR,2017-05-25,Сбербанк,SBER,42578,5674501383.3,166.5,163.53,166.95,164.05,165.08,164.05,34373440,165.08,165.08,164.05,5674501383.3,5674501383.3,5674501383.3,,3,SUR,-1.0,
TQBR,2017-05-26,Сбербанк,SBER,62435,7439429996.2,163.8,160.62,163.8,160.7,161.51,160.7,46062750,161.51,161.51,160.7,7439429996.2,7439429996.2,7439429996.2,,3,SUR,-2.04,
TQBR,2017-05-29,Сбербанк,SBER,38369,4678437609.3,161.0,160.69,164.22,163.9,162.78,163.9,28741460,162.78,162.78,163.9,4678437609.3,4678437609.3,4678437609.3,,3,SUR,1.99,
TQBR,2017-05-30,Сбербанк,SBER,27191,3676741724.7,163.15,161.17,163.45,161.64,162.17,161.64,22672890,162.16,162.16,161.64,3676741724.7,3676741724.7,3676741724.7,,3,SUR,-1.38,
TQBR,2017-05-31,Сбербанк,SBER,71923,11701550678.4,161.6,155.03,161.6,155.93,157.35,155.93,74365770,157.35,157.35,155.93,11701550678.4,11701550678.4,11701550678.4,,3,SUR,-3.53,
TQBR,2017-06-01,Сбербанк,SBER,48187,7814012596.7,156.4,152.72,156.76,153.0,154.45,153.0,50590080,154.46,154.46,153.0,7814012596.7,7814012596.7,7814012596.7,,3,SUR,-1.88,
TQBR,2017-06-02,Сбербанк,SBER,68907,10112574850.5,153.0,151.62,157.14,157.14,154.58,157.14,65420920,154.58,154.58,157.14,10112574850.5,10112574850.5,10112574850.5,,3,SUR,2.71,
TQBR,2017-06-05,Сбербанк,SBER,54902,7623722591.3,157.1,154.43,158.89,154.7,156.88,154.7,48595070,156.88,156.88,154.7,7623722591.3,7623722591.3,7623722591.3,,3,SUR,-1.55,
TQBR,2017-06-06,Сбербанк,SBER,39384,5331165014.9,154.49,152.11,156.0,152.8,153.75,152.8,34673910,153.75,153.75,152.8,5331165014.9,5331165014.9,5331165014.9,,3,SUR,-1.23,
TQBR,2017-06-07,Сбербанк,SBER,49626,6710167151.8,153.3,151.75,155.11,152.82,153.68,152.82,43663590,153.68,153.68,152.82,6710167151.8,6710167151.8,6710167151.8,,3,SUR,0.01,
TQBR,2017-06-08,Сбербанк,SBER,67491,10234476574.8,153.16,148.25,153.43,151.93,150.51,151.93,67991950,150.52,150.52,151.93,10234476574.8,10234476574.8,10234476574.8,,3,SUR,-0.58,
TQBR,2017-06-09,Сбербанк,SBER,44364,6868686564.2,151.41,150.12,153.75,150.13,151.58,150.13,45312560,151.58,151.58,150.13,6868686564.2,6868686564.2,6868686564.2,,3,SUR,-1.18,
TQBR,2017-06-13,Сбербанк,SBER,53879,7800680365.8,145.35,145.0,147.3,146.0,146.11,146.0,53389650,146.11,146.11,146.0,7800680365.8,7800680365.8,7800680365.8,,3,SUR,-2.75,
TQBR,2017-06-14,Сбербанк,SBER,56367,8399759584.7,145.65,142.81,145.65,143.0,144.26,143.0,58225630,144.26,144.26,143.0,8399759584.7,8399759584.7,8399759584.7,,3,SUR,-2.05,
TQBR,2017-06-15,Сбербанк,SBER,131083,25298287188.4,141.94,136.2,142.21,139.0,138.0,139.0,183326250,138.0,138.0,139.0,25298287188.4,25298287188.4,25298287188.4,,3,SUR,-2.8,
TQBR,2017-06-16,Сбербанк,SBER,80773,11234952215.4,139.65,139.02,142.8,141.63,140.98,141.63,79690200,140.98,140.98,141.63,11234952215.4,11234952215.4,11234952215.4,,3,SUR,1.89,
TQBR,2017-06-19,Сбербанк,SBER,59645,7954274311.3,142.5,141.8,145.15,145.0,143.96,145.0,55251940,143.96,143.96,145.0,7954274311.3,7954274311.3,7954274311.3,,3,SUR,2.38,
TQBR,2017-06-20,Сбербанк,SBER,62074,8611404258.6,145.2,143.5,147.1,144.9,145.98,144.9,58990950,145.98,145.98,144.9,8611404258.6,8611404258.6,8611404258.6,,3,SUR,-0.07,
TQBR,2017-06-21,Сбербанк,SBER,58810,6907295034.7,144.16,142.77,144.99,143.49,143.79,143.49,48036300,143.79,143.79,143.49,6907295034.7,6907295034.7,6907295034.7,,3,SUR,-0.97,
TQBR,2017-06-22,Сбербанк,SBER,51610,7843783759.4,142.39,141.78,145.69,144.25,144.29,144.25,54360770,144.29,144.29,144.25,7843783759.4,7843783759.4,7843783759.4,,3,SUR,0.53,
TQBR,2017-06-23,Сбербанк,SBER,41523,6126589053.9,144.4,143.62,146.0,144.1,144.72,144.1,42333900,144.72,144.72,144.1,6126589053.9,6126589053.9,6126589053.9,,3,SUR,-0.1,
TQBR,2017-06-26,Сбербанк,SBER,47476,6705611153.0,144.85,143.81,146.49,144.49,145.17,144.49,46189970,145.17,145.17,144.49,6705611153.0,6705611153.0,6705611153.0,,3,SUR,0.27,
TQBR,2017-06-27,Сбербанк,SBER,59289,7436593075.2,144.05,143.4,147.2,147.1,145.61,147.1,51070850,145.61,145.61,147.1,7436593075.2,7436593075.2,7436593075.2,,3,SUR,1.81,
TQBR,2017-06-28,Сбербанк,SBER,48396,6695923001.6,146.2,144.71,146.45,145.5,145.64,145.5,45975150,145.64,145.64,145.5,6695923001.6,6695923001.6,6695923001.6,,3,SUR,-1.09,
TQBR,2017-06-29,Сбербанк,SBER,49223,7089870660.9,146.51,143.2,146.83,143.8,145.26,143.8,48806780,145.26,145.26,143.8,7089870660.9,7089870660.9,7089870660.9,,3,SUR,-1.17,
TQBR,2017-06-30,Сбербанк,SBER,60454,9782692507.9,143.2,142.88,146.73,145.59,145.55,145.59,67210520,145.55,145.55,145.59,9782692507.9,9782692507.9,9782692507.9,,3,SUR,1.24,
TQBR,2017-07-03,Сбербанк,SBER,45989,5655804978.8,146.65,146.22,148.3,147.5,147.25,147.5,38410910,147.24,147.24,147.5,5655804978.8,5655804978.8,5655804978.8,,3,SUR,1.31,
TQBR,2017-07-04,Сбербанк,SBER,41285,5979632355.9,147.5,147.11,149.8,149.39,148.88,149.39,40165050,148.88,148.88,149.39,5979632355.9,5979632355.9,5979632355.9,,3,SUR,1.28,
TQBR,2017-07-05,Сбербанк,SBER,52855,7176145870.6,149.39,147.89,149.79,148.96,148.91,148.96,48191260,148.91,148.91,148.96,7176145870.6,7176145870.6,7176145870.6,,3,SUR,-0.29,
TQBR,2017-07-06,Сбербанк,SBER,56618,7747127175.5,149.2,148.9,151.03,150.35,150.23,150.35,51568300,150.23,150.23,150.35,7747127175.5,7747127175.5,7747127175.5,,3,SUR,0.93,
TQBR,2017-07-07,Сбербанк,SBER,50382,8634577444.2,149.65,149.06,152.5,152.16,151.04,152.16,57150370,151.09,151.09,152.16,8634577444.2,8634577444.2,8634577444.2,,3,SUR,1.2,
TQBR,2017-07-10,Сбербанк,SBER,56530,9810656700.2,152.48,152.36,155.34,155.0,154.19,155.0,63627110,154.19,154.19,155.0,9810656700.2,9810656700.2,9810656700.2,,3,SUR,1.87,
TQBR,2017-07-11,Сбербанк,SBER,44739,8930678023.5,155.55,154.95,157.0,156.91,156.05,156.91,57224430,156.06,156.06,156.91,8930678023.5,8930678023.5,8930678023.5,,3,SUR,1.23,
TQBR,2017-07-12,Сбербанк,SBER,67333,11246061319.3,157.53,157.5,160.99,160.85,159.68,160.85,70426950,159.68,159.68,160.85,11246061319.3,11246061319.3,11246061319.3,,3,SUR,2.51,
TQBR,2017-07-13,Сбербанк,SBER,69090,11501665989.3,161.46,158.34,162.62,159.94,160.18,159.94,71818670,160.15,160.15,159.94,11501665989.3,11501665989.3,11501665989.3,,3,SUR,-0.57,
TQBR,2017-07-14,Сбербанк,SBER,43795,7029017854.2,159.9,159.43,162.26,161.4,161.22,161.4,43599590,161.22,161.22,161.4,7029017854.2,7029017854.2,7029017854.2,,3,SUR,0.91,
TQBR,2017-07-17,Сбербанк,SBER,44158,6484399938.7,161.8,159.82,163.1,161.98,161.2,161.98,40217710,161.23,161.23,161.98,6484399938.7,6484399938.7,6484399938.7,,3,SUR,0.36,
TQBR,2017-07-18,Сбербанк,SBER,38809,5899017037.7,162.0,160.88,162.99,161.7,161.75,161.7,36470090,161.75,161.75,161.7,5899017037.7,5899017037.7,5899017037.7,,3,SUR,-0.17,
TQBR,2017-07-19,Сбербанк,SBER,55401,9184589048.0,161.3,160.53,164.34,164.34,162.65,164.34,56474420,162.63,162.63,164.34,9184589048.0,9184589048.0,9184589048.0,,3,SUR,1.63,
TQBR,2017-07-20,Сбербанк,SBER,39983,6885473178.6,164.06,163.47,164.91,163.93,164.16,163.93,41944460,164.16,164.16,163.93,6885473178.6,6885473178.6,6885473178.6,,3,SUR,-0.25,
TQBR,2017-07-21,Сбербанк,SBER,37606,5698252930.7,163.99,161.72,163.99,162.1,162.7,162.1,35022910,162.7,162.7,162.1,5698252930.7,5698252930.7,5698252930.7,,3,SUR,-1.12,
TQBR,2017-07-24,Сбербанк,SBER,53662,9238717282.1,161.21,158.6,162.33,161.33,160.69,161.33,57495790,160.69,160.69,161.33,9238717282.1,9238717282.1,9238717282.1,,3,SUR,-0.48,
TQBR,2017-07-25,Сбербанк,SBER,45241,6948155291.2,161.66,159.92,162.3,160.22,160.79,160.22,43210700,160.8,160.8,160.22,6948155291.2,6948155291.2,6948155291.2,,3,SUR,-0.69,
TQBR,2017-07-26,Сбербанк,SBER,41825,6873477732.4,160.71,160.12,162.31,161.55,161.3,161.55,42613080,161.3,161.3,161.55,6873477732.4,6873477732.4,6873477732.4,,3,SUR,0.83,
TQBR,2017-07-27,Сбербанк,SBER,62568,9084783029.6,162.41,162.4,166.0,166.0,164.14,166.0,55346350,164.14,164.14,166.0,9084783029.6,9084783029.6,9084783029.6,,3,SUR,2.75,
TQBR,2017-07-28,Сбербанк,SBER,52116,8239426338.6,165.37,163.15,165.75,165.4,164.35,165.4,50132670,164.35,164.35,165.4,8239426338.6,8239426338.6,8239426338.6,,3,SUR,-0.36,
TQBR,2017-07-31,Сбербанк,SBER,54812,9216446332.4,165.53,163.88,167.35,164.53,165.14,164.53,55781520,165.22,165.22,164.53,9216446332.4,9216446332.4,9216446332.4,,3,SUR,-0.53,
TQBR,2017-08-01,Сбербанк,SBER,56432,9250912286.6,165.5,165.3,168.0,166.31,167.12,166.31,55355180,167.12,167.12,166.31,9250912286.6,9250912286.6,9250912286.6,,3,SUR,1.08,
TQBR,2017-08-02,Сбербанк,SBER,61223,9333571917.6,166.6,166.54,169.94,169.9,168.65,169.9,55341010,168.66,168.66,169.9,9333571917.6,9333571917.6,9333571917.6,,3,SUR,2.16,
TQBR,2017-08-03,Сбербанк,SBER,51617,9574768188.3,170.0,169.17,170.98,170.0,170.01,170.0,56318760,170.01,170.01,170.0,9574768188.3,9574768188.3,9574768188.3,,3,SUR,0.06,
TQBR,2017-08-04,Сбербанк,SBER,33714,4613134895.7,169.49,168.6,170.0,169.73,169.58,169.73,27204000,169.58,169.58,169.73,4613134895.7,4613134895.7,4613134895.7,,3,SUR,-0.16,
TQBR,2017-08-07,Сбербанк,SBER,43801,6110748025.5,170.47,170.38,172.95,172.79,171.97,172.79,35533610,171.97,171.97,172.79,6110748025.5,6110748025.5,6110748025.5,,3,SUR,1.8,
TQBR,2017-08-08,Сбербанк,SBER,51080,8806524274.8,173.0,172.66,175.88,175.75,174.29,175.75,50529650,174.28,174.28,175.75,8806524274.8,8806524274.8,8806524274.8,,3,SUR,1.71,
TQBR,2017-08-09,Сбербанк,SBER,49028,8522505060.2,174.8,172.8,175.2,173.4,173.86,173.4,49021230,173.85,173.85,173.4,8522505060.2,8522505060.2,8522505060.2,,3,SUR,-1.34,
TQBR,2017-08-10,Сбербанк,SBER,34577,5194393409.9,173.75,172.01,174.16,172.2,173.03,172.2,30020500,173.03,173.03,172.2,5194393409.9,5194393409.9,5194393409.9,,3,SUR,-0.69,
TQBR,2017-08-11,Сбербанк,SBER,61431,10364213054.1,171.26,168.64,172.49,172.05,170.43,172.05,60812390,170.43,170.43,172.05,10364213054.1,10364213054.1,10364213054.1,,3,SUR,-0.09,
TQBR,2017-08-14,Сбербанк,SBER,35845,5339481719.5,173.0,171.37,173.77,172.51,172.79,172.51,30902070,172.79,172.79,172.51,5339481719.5,5339481719.5,5339481719.5,,3,SUR,0.27,
TQBR,2017-08-15,Сбербанк,SBER,33354,5211983477.8,172.31,170.46,172.72,172.33,171.53,172.33,30384890,171.53,171.53,172.33,5211983477.8,5211983477.8,5211983477.8,,3,SUR,-0.1,
TQBR,2017-08-16,Сбербанк,SBER,43211,7287122720.5,172.95,172.83,175.3,173.05,174.18,173.05,41837570,174.18,174.18,173.05,7287122720.5,7287122720.5,7287122720.5,,3,SUR,0.42,
TQBR,2017-08-17,Сбербанк,SBER,29265,4513165987.6,172.5,172.27,173.99,172.72,173.24,172.72,26052310,173.23,173.23,172.72,4513165987.6,4513165987.6,4513165987.6,,3,SUR,-0.19,
TQBR,2017-08-18,Сбербанк,SBER,55568,8890463726.8,171.71,168.13,171.71,169.5,169.73,169.5,52379100,169.73,169.73,169.5,8890463726.8,8890463726.8,8890463726.8,,3,SUR,-1.86,
TQBR,2017-08-21,Сбербанк,SBER,36935,6238468270.8,169.77,168.5,170.69,169.9,169.84,169.9,36731730,169.84,169.84,169.9,6238468270.8,6238468270.8,6238468270.8,,3,SUR,0.24,
TQBR,2017-08-22,Сбербанк,SBER,37394,6465128071.4,171.2,169.7,171.7,171.0,170.77,171.0,37858620,170.77,170.77,171.0,6465128071.4,6465128071.4,6465128071.4,,3,SUR,0.65,
TQBR,2017-08-23,Сбербанк,SBER,54375,9627578520.5,171.0,170.98,175.3,175.3,173.57,175.3,55467190,173.57,173.57,175.3,9627578520.5,9627578520.5,9627578520.5,,3,SUR,2.51,
TQBR,2017-08-24,Сбербанк,SBER,78634,14044293824.0,175.5,175.3,179.94,179.8,178.71,179.8,78590210,178.7,178.7,179.8,14044293824.0,14044293824.0,14044293824.0,,3,SUR,2.57,
TQBR,2017-08-25,Сбербанк,SBER,67645,12440671465.5,180.85,179.6,182.25,180.51,180.88,180.51,68786620,180.86,180.86,180.51,12440671465.5,12440671465.5,12440671465.5,,3,SUR,0.39,
TQBR,2017-08-28,Сбербанк,SBER,40007,5055616286.3,180.6,179.2,181.85,181.85,180.81,181.85,27960960,180.81,180.81,181.85,5055616286.3,5055616286.3,5055616286.3,,3,SUR,0.74,
TQBR,2017-08-29,Сбербанк,SBER,48609,8319540730.1,182.0,179.51,182.0,181.89,180.35,181.89,46130680,180.35,180.35,181.89,8319540730.1,8319540730.1,8319540730.1,,3,SUR,0.02,
TQBR,2017-08-30,Сбербанк,SBER,56257,8882331416.9,182.5,180.85,184.48,183.5,182.95,183.5,48548970,182.96,182.96,183.5,8882331416.9,8882331416.9,8882331416.9,,3,SUR,0.89,
TQBR,2017-08-31,Сбербанк,SBER,71488,11869911146.0,182.99,181.71,186.33,183.51,184.62,183.51,64267180,184.7,184.7,183.51,11869911146.0,11869911146.0,11869911146.0,,3,SUR,0.01,
TQBR,2017-09-01,Сбербанк,SBER,40679,6320541804.0,183.85,182.02,185.33,183.66,183.81,183.66,34360100,183.95,183.95,183.66,6320541804.0,6320541804.0,6320541804.0,,3,SUR,0.08,
TQBR,2017-09-04,Сбербанк,SBER,34222,4711229335.5,181.51,180.93,185.27,184.1,183.19,184.1,25717510,183.19,183.19,184.1,4711229335.5,4711229335.5,4711229335.5,,3,SUR,0.24,
TQBR,2017-09-05,Сбербанк,SBER,49526,6327488789.8,184.39,183.33,185.59,184.14,184.25,184.14,34342180,184.25,184.25,184.14,6327488789.8,6327488789.8,6327488789.8,,3,SUR,0.02,
TQBR,2017-09-06,Сбербанк,SBER,40565,6113254317.9,183.25,181.47,183.73,183.12,182.3,183.12,33518200,182.39,182.39,183.12,6113254317.9,6113254317.9,6113254317.9,,3,SUR,-0.55,
TQBR,2017-09-07,Сбербанк,SBER,50886,8419722993.1,183.47,183.32,185.25,184.0,184.37,184.0,45668560,184.37,184.37,184.0,8419722993.1,8419722993.1,8419722993.1,,3,SUR,0.48,
TQBR,2017-09-08,Сбербанк,SBER,59933,11256739559.0,184.1,183.77,187.43,185.89,185.48,185.89,60690500,185.48,185.48,185.89,11256739559.0,11256739559.0,11256739559.0,,3,SUR,1.03,
TQBR,2017-09-11,Сбербанк,SBER,77736,11688734683.6,186.7,186.51,191.3,190.5,189.51,190.5,61682280,189.5,189.5,190.5,11688734683.6,11688734683.6,11688734683.6,,3,SUR,2.48,
TQBR,2017-09-12,Сбербанк,SBER,60780,9573649158.0,191.03,188.14,192.31,189.32,189.44,189.32,50535740,189.44,189.44,189.32,9573649158.0,9573649158.0,9573649158.0,,3,SUR,-0.62,
TQBR,2017-09-13,Сбербанк,SBER,49367,9062166438.5,189.32,188.4,190.95,189.1,189.55,189.1,47811940,189.54,189.54,189.1,9062166438.5,9062166438.5,9062166438.5,,3,SUR,-0.12,
TQBR,2017-09-14,Сбербанк,SBER,48648,7136047587.4,189.0,186.0,189.39,188.64,187.53,188.64,38052220,187.53,187.53,188.64,7136047587.4,7136047587.4,7136047587.4,,3,SUR,-0.24,
TQBR,2017-09-15,Сбербанк,SBER,45966,8426981292.5,188.73,186.72,189.3,188.75,188.15,188.75,44784370,188.17,188.17,188.75,8426981292.5,8426981292.5,8426981292.5,,3,SUR,0.06,
TQBR,2017-09-18,Сбербанк,SBER,32438,5576643004.0,189.56,187.31,190.37,188.04,188.52,188.04,29580440,188.52,188.52,188.04,5576643004.0,5576643004.0,5576643004.0,,3,SUR,-0.38,
TQBR,2017-09-19,Сбербанк,SBER,46192,7684352559.8,187.68,184.55,187.72,184.85,185.59,184.85,41401170,185.61,185.61,184.85,7684352559.8,7684352559.8,7684352559.8,,3,SUR,-1.7,
TQBR,2017-09-20,Сбербанк,SBER,50481,9221486589.1,184.5,182.65,186.47,186.47,184.3,186.47,50034550,184.3,184.3,186.47,9221486589.1,9221486589.1,9221486589.1,,3,SUR,0.88,
TQBR,2017-09-21,Сбербанк,SBER,49702,7749064795.6,186.4,183.8,188.37,187.38,186.16,187.38,41621350,186.18,186.18,187.38,7749064795.6,7749064795.6,7749064795.6,,3,SUR,0.49,
TQBR,2017-09-22,Сбербанк,SBER,40557,7011588236.0,187.35,186.77,188.77,187.55,187.94,187.55,37307660,187.94,187.94,187.55,7011588236.0,7011588236.0,7011588236.0,,3,SUR,0.09,
TQBR,2017-09-25,Сбербанк,SBER,87835,12166229937.5,187.37,186.37,191.38,191.2,189.57,191.2,64177070,189.57,189.57,191.2,12166229937.5,12166229937.5,12166229937.5,,3,SUR,1.95,
TQBR,2017-09-26,Сбербанк,SBER,89709,15914348284.3,191.56,191.54,195.0,192.54,193.89,192.54,82080300,193.89,193.89,192.54,15914348284.3,15914348284.3,15914348284.3,,3,SUR,0.7,
TQBR,2017-09-27,Сбербанк,SBER,57507,10618991613.5,192.94,191.2,194.29,193.7,192.96,193.7,55030940,192.96,192.96,193.7,10618991613.5,10618991613.5,10618991613.5,,3,SUR,0.6,
TQBR,2017-09-28,Сбербанк,SBER,49749,7542998039.0,193.68,191.53,194.3,191.96,192.85,191.96,39113080,192.85,192.85,191.96,7542998039.0,7542998039.0,7542998039.0,,3,SUR,-0.9,
TQBR,2017-09-29,Сбербанк,SBER,29994,5060521165.2,192.0,190.8,192.94,192.33,192.23,192.33,26325570,192.23,192.23,192.33,5060521165.2,5060521165.2,5060521165.2,,3,SUR,0.19,
TQBR,2017-10-02,Сбербанк,SBER,36923,6933205489.9,192.76,191.1,194.1,193.0,192.79,193.0,35954810,192.83,192.83,193.0,6933205489.9,6933205489.9,6933205489.9,,3,SUR,0.35,
TQBR,2017-10-03,Сбербанк,SBER,32143,5533682367.3,193.28,192.13,193.87,192.5,193.1,192.5,28657490,193.1,193.1,192.5,5533682367.3,5533682367.3,5533682367.3,,3,SUR,-0.26,
TQBR,2017-10-04,Сбербанк,SBER,36712,5091932728.1,192.49,191.22,192.59,192.03,191.88,192.03,26536580,191.88,191.88,192.03,5091932728.1,5091932728.1,5091932728.1,,3,SUR,-0.24,
TQBR,2017-10-05,Сбербанк,SBER,60665,9467430262.4,192.0,189.06,193.93,193.74,191.39,193.74,49466550,191.39,191.39,193.74,9467430262.4,9467430262.4,9467430262.4,,3,SUR,0.89,
TQBR,2017-10-06,Сбербанк,SBER,58591,10227435466.8,194.3,193.67,196.42,194.16,195.18,194.16,52399740,195.18,195.18,194.16,10227435466.8,10227435466.8,10227435466.8,,3,SUR,0.22,
TQBR,2017-10-09,Сбербанк,SBER,33522,5373260236.2,194.2,192.58,194.9,194.0,193.59,194.0,27756660,193.58,193.58,194.0,5373260236.2,5373260236.2,5373260236.2,,3,SUR,-0.08,
TQBR,2017-10-10,Сбербанк,SBER,23551,3453485572.4,194.3,192.95,194.45,193.21,193.66,193.21,17832400,193.66,193.66,193.21,3453485572.4,3453485572.4,3453485572.4,,3,SUR,-0.41,
TQBR,2017-10-11,Сбербанк,SBER,58414,11337850688.3,193.95,193.56,196.75,195.83,195.47,195.83,58002000,195.47,195.47,195.83,11337850688.3,11337850688.3,11337850688.3,,3,SUR,1.36,
TQBR,2017-10-12,Сбербанк,SBER,36927,6850694986.5,195.85,194.95,196.75,195.51,195.91,195.51,34969250,195.91,195.91,195.51,6850694986.5,6850694986.5,6850694986.5,,3,SUR,-0.16,
TQBR,2017-10-13,Сбербанк,SBER,44728,5962001329.7,195.62,195.2,197.29,196.48,196.51,196.48,30338910,196.51,196.51,196.48,5962001329.7,5962001329.7,5962001329.7,,3,SUR,0.5,
TQBR,2017-10-16,Сбербанк,SBER,28825,5333954891.7,197.53,196.7,198.52,197.7,197.71,197.7,26979280,197.71,197.71,197.7,5333954891.7,5333954891.7,5333954891.7,,3,SUR,0.62,
TQBR,2017-10-17,Сбербанк,SBER,29855,5170771493.8,197.3,196.07,198.0,197.2,197.06,197.2,26239760,197.06,197.06,197.2,5170771493.8,5170771493.8,5170771493.8,,3,SUR,-0.25,
TQBR,2017-10-18,Сбербанк,SBER,53882,8523636778.7,197.5,194.01,197.89,195.31,195.74,195.31,43547040,195.73,195.73,195.31,8523636778.7,8523636778.7,8523636778.7,,3,SUR,-0.96,
TQBR,2017-10-19,Сбербанк,SBER,45786,7802313456.9,195.26,191.81,195.69,192.2,193.33,192.2,40359720,193.32,193.32,192.2,7802313456.9,7802313456.9,7802313456.9,,3,SUR,-1.59,
TQBR,2017-10-20,Сбербанк,SBER,42144,5602132932.1,193.6,192.23,194.14,192.97,193.15,192.97,29002730,193.16,193.16,192.97,5602132932.1,5602132932.1,5602132932.1,,3,SUR,0.4,
TQBR,2017-10-23,Сбербанк,SBER,37053,5174666170.8,193.41,190.82,193.64,192.34,192.01,192.34,26949880,192.01,192.01,192.34,5174666170.8,5174666170.8,5174666170.8,,3,SUR,-0.33,
TQBR,2017-10-24,Сбербанк,SBER,46149,5416523676.0,191.64,190.13,192.92,192.5,191.65,192.5,28262140,191.65,191.65,192.5,5416523676.0,5416523676.0,5416523676.0,,3,SUR,0.08,
TQBR,2017-10-25,Сбербанк,SBER,42382,6243911711.2,193.0,192.04,194.37,192.04,193.29,192.04,32303420,193.29,193.29,192.04,6243911711.2,6243911711.2,6243911711.2,,3,SUR,-0.24,
TQBR,2017-10-26,Сбербанк,SBER,35201,4929054253.0,192.65,190.72,193.5,192.75,191.73,192.75,25634660,192.28,192.28,192.75,4929054253.0,4929054253.0,4929054253.0,,3,SUR,0.37,
TQBR,2017-10-27,Сбербанк,SBER,51202,9095128102.3,193.53,192.87,196.18,196.05,194.27,196.05,46796590,194.35,194.35,196.05,9095128102.3,9095128102.3,9095128102.3,,3,SUR,1.71,
TQBR,2017-10-30,Сбербанк,SBER,49720,6277844957.2,196.32,195.0,197.7,195.0,196.58,195.0,31936710,196.57,196.57,195.0,6277844957.2,6277844957.2,6277844957.2,,3,SUR,-0.54,
TQBR,2017-10-31,Сбербанк,SBER,38512,5001491660.8,194.81,193.8,196.36,193.8,195.04,193.8,25643690,195.04,195.04,193.8,5001491660.8,5001491660.8,5001491660.8,,3,SUR,-0.62,
TQBR,2017-11-01,Сбербанк,SBER,45490,7883144194.5,194.49,193.33,197.05,194.05,195.65,194.05,40292630,195.65,195.65,194.05,7883144194.5,7883144194.5,7883144194.5,,3,SUR,0.13,
TQBR,2017-11-02,Сбербанк,SBER,47469,6542124745.6,193.78,192.38,195.12,193.85,193.86,193.85,33747050,193.86,193.86,193.85,6542124745.6,6542124745.6,6542124745.6,,3,SUR,-0.1,
TQBR,2017-11-03,Сбербанк,SBER,39692,5948715074.4,194.77,193.2,195.75,193.8,194.3,193.8,30615880,194.3,194.3,193.8,5948715074.4,5948715074.4,5948715074.4,,3,SUR,-0.03,
TQBR,2017-11-07,Сбербанк,SBER,132392,27335227905.6,196.5,195.56,206.7,205.96,202.16,205.96,135174410,202.22,202.22,205.96,27335227905.6,27335227905.6,27335227905.6,,3,SUR,6.27,
TQBR,2017-11-08,Сбербанк,SBER,84977,18463478162.5,205.95,204.06,211.77,209.09,209.11,209.09,88294790,209.11,209.11,209.09,18463478162.5,18463478162.5,18463478162.5,,3,SUR,1.52,
TQBR,2017-11-09,Сбербанк,SBER,110548,25131078100.0,209.51,209.12,221.5,220.05,215.45,220.05,116648980,215.44,215.44,220.05,25131078100.0,25131078100.0,25131078100.0,,3,SUR,5.24,
TQBR,2017-11-10,Сбербанк,SBER,167545,31904349106.4,221.0,216.61,229.4,217.7,222.18,217.7,143570000,222.22,222.22,217.7,31904349106.4,31904349106.4,31904349106.4,,3,SUR,-1.07,
TQBR,2017-11-13,Сбербанк,SBER,60234,11138678402.6,217.7,215.78,223.99,216.61,218.64,216.61,50943980,218.65,218.65,216.61,11138678402.6,11138678402.6,11138678402.6,,3,SUR,-0.5,
TQBR,2017-11-14,Сбербанк,SBER,54952,10103261935.0,216.5,215.96,222.2,221.4,220.05,221.4,45905390,220.09,220.09,221.4,10103261935.0,10103261935.0,10103261935.0,,3,SUR,2.21,
TQBR,2017-11-15,Сбербанк,SBER,85811,16229168442.8,222.5,221.54,227.75,225.95,224.75,225.95,72212510,224.74,224.74,225.95,16229168442.8,16229168442.8,16229168442.8,,3,SUR,2.06,
TQBR,2017-11-16,Сбербанк,SBER,109624,19176265125.3,227.79,219.09,228.58,227.5,223.36,227.5,85863110,223.34,223.34,227.5,19176265125.3,19176265125.3,19176265125.3,,3,SUR,0.69,
TQBR,2017-11-17,Сбербанк,SBER,50603,8573514177.6,227.9,224.1,228.0,225.65,225.86,225.65,37958790,225.86,225.86,225.65,8573514177.6,8573514177.6,8573514177.6,,3,SUR,-0.81,
TQBR,2017-11-20,Сбербанк,SBER,27019,4231160320.3,225.7,223.16,225.97,224.6,224.43,224.6,18853280,224.43,224.43,224.6,4231160320.3,4231160320.3,4231160320.3,,3,SUR,-0.47,
TQBR,2017-11-21,Сбербанк,SBER,84651,17837960781.3,225.5,224.07,232.99,231.0,229.95,231.0,77573460,229.95,229.95,231.0,17837960781.3,17837960781.3,17837960781.3,,3,SUR,2.85,
TQBR,2017-11-22,Сбербанк,SBER,57600,10595939291.9,231.89,228.38,233.95,230.25,230.69,230.25,45932160,230.69,230.69,230.25,10595939291.9,10595939291.9,10595939291.9,,3,SUR,-0.32,
TQBR,2017-11-23,Сбербанк,SBER,48352,9330357961.4,230.26,225.06,230.99,225.56,226.86,225.56,41140440,226.79,226.79,225.56,9330357961.4,9330357961.4,9330357961.4,,3,SUR,-2.04,
TQBR,2017-11-24,Сбербанк,SBER,61382,9997172091.8,225.4,222.15,228.0,228.0,225.79,228.0,44277250,225.79,225.79,228.0,9997172091.8,9997172091.8,9997172091.8,,3,SUR,1.08,
TQBR,2017-11-27,Сбербанк,SBER,35294,5436342465.1,228.4,225.0,229.04,226.76,226.3,226.76,24026270,226.27,226.27,226.76,5436342465.1,5436342465.1,5436342465.1,,3,SUR,-0.54,
TQBR,2017-11-28,Сбербанк,SBER,57026,9262559734.9,221.0,221.0,230.0,230.0,226.46,230.0,40901370,226.46,226.46,230.0,9262559734.9,9262559734.9,9262559734.9,,3,SUR,1.43,
TQBR,2017-11-29,Сбербанк,SBER,60294,7856818233.2,230.1,226.7,231.5,228.2,228.63,228.2,34340960,228.79,228.79,228.2,7856818233.2,7856818233.2,7856818233.2,,3,SUR,-0.78,
TQBR,2017-11-30,Сбербанк,SBER,69821,10404361757.6,228.0,222.35,228.92,224.35,225.58,224.35,46122870,225.58,225.58,224.35,10404361757.6,10404361757.6,10404361757.6,,3,SUR,-1.69,
TQBR,2017-12-01,Сбербанк,SBER,59327,8919211002.8,224.5,220.76,225.76,221.5,222.54,221.5,39983910,223.07,223.07,221.5,8919211002.8,8919211002.8,8919211002.8,,3,SUR,-1.27,
TQBR,2017-12-04,Сбербанк,SBER,56949,10084238647.7,222.0,219.55,226.0,224.6,223.32,224.6,45155240,223.32,223.32,224.6,10084238647.7,10084238647.7,10084238647.7,,3,SUR,1.4,
TQBR,2017-12-05,Сбербанк,SBER,38052,6225542245.0,224.0,222.0,224.55,223.91,222.9,223.91,27885630,223.25,223.25,223.91,6225542245.0,6225542245.0,6225542245.0,,3,SUR,-0.31,
TQBR,2017-12-06,Сбербанк,SBER,31035,5176844772.0,222.65,221.57,224.9,223.75,223.53,223.75,23136530,223.75,223.75,223.75,5176844772.0,5176844772.0,5176844772.0,,3,SUR,-0.07,
TQBR,2017-12-07,Сбербанк,SBER,53108,8479226905.0,223.83,219.23,224.79,219.81,221.8,219.81,38228880,221.8,221.8,219.81,8479226905.0,8479226905.0,8479226905.0,,3,SUR,-1.76,
TQBR,2017-12-08,Сбербанк,SBER,43857,6278494763.3,219.9,219.61,223.0,220.89,221.69,220.89,28324950,221.66,221.66,220.89,6278494763.3,6278494763.3,6278494763.3,,3,SUR,0.49,
TQBR,2017-12-11,Сбербанк,SBER,50377,7755866513.4,221.4,221.1,227.69,227.69,224.53,227.69,34539660,224.55,224.55,227.69,7755866513.4,7755866513.4,7755866513.4,,3,SUR,3.08,
TQBR,2017-12-12,Сбербанк,SBER,45977,9044519248.3,229.0,226.11,230.5,227.9,227.59,227.9,39739590,227.59,227.59,227.9,9044519248.3,9044519248.3,9044519248.3,,3,SUR,0.09,
TQBR,2017-12-13,Сбербанк,SBER,72466,13761226490.9,227.3,220.54,228.33,221.8,223.48,221.8,61576220,223.48,223.48,221.8,13761226490.9,13761226490.9,13761226490.9,,3,SUR,-2.68,
TQBR,2017-12-14,Сбербанк,SBER,68927,12545681252.0,222.11,221.1,229.9,229.9,225.45,229.9,55632890,225.51,225.51,229.9,12545681252.0,12545681252.0,12545681252.0,,3,SUR,3.65,
TQBR,2017-12-15,Сбербанк,SBER,46485,9655337244.7,228.9,225.57,229.79,226.53,227.03,226.53,42529200,227.03,227.03,226.53,9655337244.7,9655337244.7,9655337244.7,,3,SUR,-1.47,
TQBR,2017-12-18,Сбербанк,SBER,33907,5575586274.9,227.49,225.7,228.9,227.4,227.39,227.4,24519570,227.39,227.39,227.4,5575586274.9,5575586274.9,5575586274.9,,3,SUR,0.38,
TQBR,2017-12-19,Сбербанк,SBER,41108,7890943719.4,227.99,223.5,228.5,224.1,225.54,224.1,34991830,225.51,225.51,224.1,7890943719.4,7890943719.4,7890943719.4,,3,SUR,-1.45,
TQBR,2017-12-20,Сбербанк,SBER,43462,7701499395.7,224.28,222.7,226.68,226.0,225.19,226.0,34199080,225.2,225.2,226.0,7701499395.7,7701499395.7,7701499395.7,,3,SUR,0.85,
TQBR,2017-12-21,Сбербанк,SBER,48791,7806001248.3,226.46,222.35,227.39,223.6,224.63,223.6,34750260,224.63,224.63,223.6,7806001248.3,7806001248.3,7806001248.3,,3,SUR,-1.06,
TQBR,2017-12-22,Сбербанк,SBER,30884,4796035917.1,223.68,221.12,224.64,221.44,222.82,221.44,21524310,222.82,222.82,221.44,4796035917.1,4796035917.1,4796035917.1,,3,SUR,-0.97,
TQBR,2017-12-25,Сбербанк,SBER,23878,2494220546.4,222.22,221.65,223.9,223.3,223.03,223.3,11183210,223.03,223.03,223.3,2494220546.4,2494220546.4,2494220546.4,,3,SUR,0.84,
TQBR,2017-12-26,Сбербанк,SBER,19418,2738568877.0,223.9,221.0,223.98,223.57,222.58,223.57,12303590,222.58,222.58,223.57,2738568877.0,2738568877.0,2738568877.0,,3,SUR,0.12,
TQBR,2017-12-27,Сбербанк,SBER,35988,6777830976.7,224.01,223.1,227.2,226.98,225.17,226.98,30101220,225.17,225.17,226.98,6777830976.7,6777830976.7,6777830976.7,,3,SUR,1.53,
TQBR,2017-12-28,Сбербанк,SBER,33315,5412389520.1,226.9,223.0,227.17,224.2,224.77,224.2,24078940,224.78,224.78,224.2,5412389520.1,5412389520.1,5412389520.1,,3,SUR,-1.22,
TQBR,2017-12-29,Сбербанк,SBER,22468,4258427864.1,224.12,223.27,226.2,225.2,225.08,225.2,18919860,225.08,225.08,225.2,4258427864.1,4258427864.1,4258427864.1,,3,SUR,0.45,
TQBR,2018-01-03,Сбербанк,SBER,40597,7965492945.5,226.88,226.35,232.7,231.9,230.55,231.9,34549620,230.55,230.55,231.9,7965492945.5,7965492945.5,7965492945.5,,3,SUR,2.98,
TQBR,2018-01-04,Сбербанк,SBER,62294,12636680510.3,232.13,231.0,239.5,238.8,235.77,238.8,53598520,235.77,235.77,238.8,12636680510.3,12636680510.3,12636680510.3,,3,SUR,2.98,
TQBR,2018-01-05,Сбербанк,SBER,39468,7522344750.8,238.89,236.7,239.95,238.6,238.21,238.6,31579190,238.21,238.21,238.6,7522344750.8,7522344750.8,7522344750.8,,3,SUR,-0.08,
TQBR,2018-01-09,Сбербанк,SBER,51959,12838380465.3,239.03,239.01,243.76,240.4,241.45,240.4,53172330,241.45,241.45,240.4,12838380465.3,12838380465.3,12838380465.3,,3,SUR,0.75,
TQBR,2018-01-10,Сбербанк,SBER,43751,9385276735.3,240.4,237.06,241.25,237.76,238.38,237.76,39371720,238.38,238.38,237.76,9385276735.3,9385276735.3,9385276735.3,,3,SUR,-1.1,
TQBR,2018-01-11,Сбербанк,SBER,55105,10274507103.4,237.76,235.21,240.88,239.0,238.57,239.0,43067630,238.57,238.57,239.0,10274507103.4,10274507103.4,10274507103.4,,3,SUR,0.52,
TQBR,2018-01-12,Сбербанк,SBER,36540,7339741596.7,238.92,236.05,239.0,237.75,237.56,237.75,30895860,237.56,237.56,237.75,7339741596.7,7339741596.7,7339741596.7,,3,SUR,-0.52,
TQBR,2018-01-15,Сбербанк,SBER,39391,6151337444.2,239.0,238.0,240.97,238.85,239.52,238.85,25681720,239.52,239.52,238.85,6151337444.2,6151337444.2,6151337444.2,,3,SUR,0.46,
TQBR,2018-01-16,Сбербанк,SBER,31653,6069314437.4,239.01,236.01,240.0,239.64,238.24,239.64,25475380,238.24,238.24,239.64,6069314437.4,6069314437.4,6069314437.4,,3,SUR,0.33,
TQBR,2018-01-17,Сбербанк,SBER,34797,7276929107.2,238.62,236.53,239.82,239.82,238.42,239.82,30522070,238.42,238.42,239.82,7276929107.2,7276929107.2,7276929107.2,,3,SUR,0.08,
TQBR,2018-01-18,Сбербанк,SBER,73970,15651374942.1,240.5,240.0,246.69,245.5,243.96,245.5,64156650,243.96,243.96,245.5,15651374942.1,15651374942.1,15651374942.1,,3,SUR,2.37,
TQBR,2018-01-19,Сбербанк,SBER,42622,9462424478.8,245.15,240.68,245.98,242.45,242.65,242.45,38996990,242.64,242.64,242.45,9462424478.8,9462424478.8,9462424478.8,,3,SUR,-1.24,
TQBR,2018-01-22,Сбербанк,SBER,31422,6102771561.7,242.97,241.41,244.89,243.99,243.15,243.99,25098970,243.15,243.15,243.99,6102771561.7,6102771561.7,6102771561.7,,3,SUR,0.64,
TQBR,2018-01-23,Сбербанк,SBER,50099,10724474488.7,244.77,241.67,246.25,244.4,243.86,244.4,43978210,243.86,243.86,244.4,10724474488.7,10724474488.7,10724474488.7,,3,SUR,0.17,
TQBR,2018-01-24,Сбербанк,SBER,47514,7647834295.8,244.2,242.32,247.53,247.53,245.28,247.53,31180190,245.28,245.28,247.53,7647834295.8,7647834295.8,7647834295.8,,3,SUR,1.28,
TQBR,2018-01-25,Сбербанк,SBER,61650,13740592645.9,247.9,247.58,251.65,250.64,249.85,250.64,54995210,249.85,249.85,250.64,13740592645.9,13740592645.9,13740592645.9,,3,SUR,1.26,
TQBR,2018-01-26,Сбербанк,SBER,40642,8754426151.2,249.3,245.93,251.23,247.0,248.48,247.0,35231900,248.48,248.48,247.0,8754426151.2,8754426151.2,8754426151.2,,3,SUR,-1.45,
TQBR,2018-01-29,Сбербанк,SBER,42704,12259122499.7,247.5,246.0,250.79,250.48,249.24,250.48,49186400,249.24,249.24,250.48,12259122499.7,12259122499.7,12259122499.7,,3,SUR,1.41,
TQBR,2018-01-30,Сбербанк,SBER,82648,16754724883.5,248.53,247.91,258.96,257.8,255.32,257.8,65622240,255.32,255.32,257.8,16754724883.5,16754724883.5,16754724883.5,,3,SUR,2.92,
TQBR,2018-01-31,Сбербанк,SBER,101780,16694138298.3,257.5,255.7,264.79,264.5,262.04,264.5,63707920,262.04,262.04,264.5,16694138298.3,16694138298.3,16694138298.3,,3,SUR,2.6,
TQBR,2018-02-01,Сбербанк,SBER,94105,19395482749.2,265.0,260.6,270.3,263.2,265.54,263.2,73041240,265.54,265.54,263.2,19395482749.2,19395482749.2,19395482749.2,,3,SUR,-0.49,
TQBR,2018-02-02,Сбербанк,SBER,77176,16805694656.1,263.69,256.2,264.83,257.32,259.92,257.32,64657160,259.92,259.92,257.32,16805694656.1,16805694656.1,16805694656.1,,3,SUR,-2.23,
TQBR,2018-02-05,Сбербанк,SBER,55542,11768053139.0,254.85,252.6,258.29,255.64,256.23,255.64,45926950,256.23,256.23,255.64,11768053139.0,11768053139.0,11768053139.0,,3,SUR,-0.65,
TQBR,2018-02-06,Сбербанк,SBER,91099,21953001683.1,250.0,248.1,262.55,258.94,255.32,258.94,85982110,255.32,255.32,258.94,21953001683.1,21953001683.1,21953001683.1,,3,SUR,1.29,
TQBR,2018-02-07,Сбербанк,SBER,87441,13917928181.3,263.9,256.26,264.37,257.58,259.46,257.58,53641050,259.46,259.46,257.58,13917928181.3,13917928181.3,13917928181.3,,3,SUR,-0.53,
TQBR,2018-02-08,Сбербанк,SBER,53206,9527070895.6,256.4,253.19,259.76,253.19,256.11,253.19,37198300,256.12,256.12,253.19,9527070895.6,9527070895.6,9527070895.6,,3,SUR,-1.7,
TQBR,2018-02-09,Сбербанк,SBER,103765,20370941955.7,249.03,244.13,252.89,250.11,248.47,250.11,81984710,248.47,248.47,250.11,20370941955.7,20370941955.7,20370941955.7,,3,SUR,-1.22,
TQBR,2018-02-12,Сбербанк,SBER,61186,10645020978.5,253.0,251.67,256.36,255.05,254.55,255.05,41817940,254.56,254.56,255.05,10645020978.5,10645020978.5,10645020978.5,,3,SUR,1.98,
TQBR,2018-02-13,Сбербанк,SBER,55582,11238470863.2,255.87,254.7,258.62,258.3,256.98,258.3,43733360,256.98,256.98,258.3,11238470863.2,11238470863.2,11238470863.2,,3,SUR,1.27,
TQBR,2018-02-14,Сбербанк,SBER,75719,15763726021.8,259.07,257.26,263.37,262.03,260.81,262.03,60442410,260.81,260.81,262.03,15763726021.8,15763726021.8,15763726021.8,,3,SUR,1.44,
TQBR,2018-02-15,Сбербанк,SBER,73476,16211373017.0,267.53,264.0,268.77,264.58,266.16,264.58,60907490,266.16,266.16,264.58,16211373017.0,16211373017.0,16211373017.0,,3,SUR,0.97,
TQBR,2018-02-16,Сбербанк,SBER,63648,13788133927.1,265.97,263.11,267.97,266.99,265.51,266.99,51931210,265.51,265.51,266.99,13788133927.1,13788133927.1,13788133927.1,,3,SUR,0.91,
TQBR,2018-02-19,Сбербанк,SBER,35590,6458738857.4,267.0,265.3,270.0,266.85,267.2,266.85,24171390,267.21,267.21,266.85,6458738857.4,6458738857.4,6458738857.4,,3,SUR,-0.05,
TQBR,2018-02-20,Сбербанк,SBER,38239,6594929915.5,266.85,264.72,267.8,267.22,266.46,267.22,24750090,266.46,266.46,267.22,6594929915.5,6594929915.5,6594929915.5,,3,SUR,0.14,
TQBR,2018-02-21,Сбербанк,SBER,93661,19223116848.6,266.05,266.05,279.2,279.2,273.16,279.2,70374070,273.16,273.16,279.2,19223116848.6,19223116848.6,19223116848.6,,3,SUR,4.48,
TQBR,2018-02-22,Сбербанк,SBER,58553,14071809466.0,277.99,275.52,279.5,277.49,277.27,277.49,50751740,277.27,277.27,277.49,14071809466.0,14071809466.0,14071809466.0,,3,SUR,-0.61,
TQBR,2018-02-26,Сбербанк,SBER,84432,19103957521.4,279.0,278.59,285.0,279.97,282.05,279.97,67733260,282.05,282.05,279.97,19103957521.4,19103957521.4,19103957521.4,,3,SUR,0.89,
TQBR,2018-02-27,Сбербанк,SBER,50836,11149945984.2,280.82,276.61,280.99,278.21,278.69,278.21,40006960,278.7,278.7,278.21,11149945984.2,11149945984.2,11149945984.2,,3,SUR,-0.63,
TQBR,2018-02-28,Сбербанк,SBER,68516,14554640001.7,276.0,272.0,277.41,272.4,274.55,272.4,53012950,274.55,274.55,272.4,14554640001.7,14554640001.7,14554640001.7,,3,SUR,-2.09,
TQBR,2018-03-01,Сбербанк,SBER,55297,10691698615.5,270.98,270.9,277.0,275.0,274.29,275.0,38979860,274.29,274.29,275.0,10691698615.5,10691698615.5,10691698615.5,,3,SUR,0.95,
TQBR,2018-03-02,Сбербанк,SBER,63423,12489442956.1,274.4,268.56,275.5,273.0,271.35,273.0,46027880,271.35,271.35,273.0,12489442956.1,12489442956.1,12489442956.1,,3,SUR,-0.73,
TQBR,2018-03-05,Сбербанк,SBER,46759,9442568170.3,273.7,273.5,278.84,277.0,276.84,277.0,34109000,276.84,276.84,277.0,9442568170.3,9442568170.3,9442568170.3,,3,SUR,1.47,
TQBR,2018-03-06,Сбербанк,SBER,53294,11265464852.1,278.5,274.03,281.5,274.03,277.44,274.03,40605460,277.44,277.44,274.03,11265464852.1,11265464852.1,11265464852.1,,3,SUR,-1.07,
TQBR,2018-03-07,Сбербанк,SBER,63682,13634404795.2,272.99,270.15,276.72,274.0,272.69,274.0,49998920,272.69,272.69,274.0,13634404795.2,13634404795.2,13634404795.2,,3,SUR,-0.01,
TQBR,2018-03-09,Сбербанк,SBER,37457,7181079006.5,274.55,270.61,275.48,274.6,272.51,274.6,26351860,272.51,272.51,274.6,7181079006.5,7181079006.5,7181079006.5,,3,SUR,0.22,
TQBR,2018-03-12,Сбербанк,SBER,34779,6526543548.9,276.05,273.55,277.3,274.3,275.26,274.3,23710370,275.26,275.26,274.3,6526543548.9,6526543548.9,6526543548.9,,3,SUR,-0.11,
TQBR,2018-03-13,Сбербанк,SBER,56175,9496963452.9,274.0,272.66,275.93,273.95,274.12,273.95,34643840,274.13,274.13,273.95,9496963452.9,9496963452.9,9496963452.9,,3,SUR,-0.13,
TQBR,2018-03-14,Сбербанк,SBER,102326,16544068953.4,273.0,262.11,273.4,262.5,267.79,262.5,61779660,267.79,267.79,262.5,16544068953.4,16544068953.4,16544068953.4,,3,SUR,-4.18,
TQBR,2018-03-15,Сбербанк,SBER,113174,20242222423.6,263.0,253.29,264.61,254.51,259.34,254.51,78054390,259.33,259.33,254.51,20242222423.6,20242222423.6,20242222423.6,,3,SUR,-3.04,
TQBR,2018-03-16,Сбербанк,SBER,129455,23374275592.7,255.29,249.76,257.98,256.15,254.43,256.15,91870960,254.43,254.43,256.15,23374275592.7,23374275592.7,23374275592.7,,3,SUR,0.64,
TQBR,2018-03-19,Сбербанк,SBER,59165,10847095189.2,257.8,250.01,259.81,255.0,255.21,255.0,42502100,255.21,255.21,255.0,10847095189.2,10847095189.2,10847095189.2,,3,SUR,-0.45,
TQBR,2018-03-20,Сбербанк,SBER,84555,15999128102.2,255.98,250.4,257.34,257.15,254.09,257.15,62966810,254.09,254.09,257.15,15999128102.2,15999128102.2,15999128102.2,,3,SUR,0.84,
TQBR,2018-03-21,Сбербанк,SBER,100938,18522801736.3,258.0,257.23,270.0,268.88,264.9,268.88,69909930,264.95,264.95,268.88,18522801736.3,18522801736.3,18522801736.3,,3,SUR,4.56,
TQBR,2018-03-22,Сбербанк,SBER,81827,14868236050.4,269.97,264.1,271.8,265.5,267.65,265.5,55550150,267.65,267.65,265.5,14868236050.4,14868236050.4,14868236050.4,,3,SUR,-1.26,
TQBR,2018-03-23,Сбербанк,SBER,65127,12131991833.5,259.02,259.02,264.25,262.0,262.11,262.0,46285060,262.11,262.11,262.0,12131991833.5,12131991833.5,12131991833.5,,3,SUR,-1.32,
TQBR,2018-03-26,Сбербанк,SBER,89407,14801208311.8,262.0,255.0,264.87,255.0,260.1,255.0,56903720,260.11,260.11,255.0,14801208311.8,14801208311.8,14801208311.8,,3,SUR,-2.67,
TQBR,2018-03-27,Сбербанк,SBER,73034,11573145804.9,256.99,252.27,258.43,258.0,256.2,258.0,45163380,256.25,256.25,258.0,11573145804.9,11573145804.9,11573145804.9,,3,SUR,1.18,
TQBR,2018-03-28,Сбербанк,SBER,74966,11059600247.6,255.5,250.75,256.12,251.5,252.77,251.5,43754240,252.77,252.77,251.5,11059600247.6,11059600247.6,11059600247.6,,3,SUR,-2.52,
TQBR,2018-03-29,Сбербанк,SBER,49959,8537556290.3,252.12,252.12,255.6,252.9,253.9,252.9,33625120,253.9,253.9,252.9,8537556290.3,8537556290.3,8537556290.3,,3,SUR,0.56,
TQBR,2018-03-30,Сбербанк,SBER,19494,2769490405.2,254.0,252.8,254.49,253.57,253.8,253.57,10912160,253.8,253.8,253.57,2769490405.2,2769490405.2,2769490405.2,,3,SUR,0.26,
TQBR,2018-04-02,Сбербанк,SBER,66831,9030804058.1,253.58,249.99,258.34,249.99,254.84,249.99,35436630,254.84,254.84,249.99,9030804058.1,9030804058.1,9030804058.1,,3,SUR,-1.41,
TQBR,2018-04-03,Сбербанк,SBER,100693,15893637625.9,250.01,245.38,251.93,251.6,249.09,251.6,63806710,249.09,249.09,251.6,15893637625.9,15893637625.9,15893637625.9,,3,SUR,0.64,
TQBR,2018-04-04,Сбербанк,SBER,83266,13132589219.5,252.21,249.09,255.77,255.69,252.3,255.69,52051840,252.3,252.3,255.69,13132589219.5,13132589219.5,13132589219.5,,3,SUR,1.63,
TQBR,2018-04-05,Сбербанк,SBER,76655,13715850969.4,257.25,255.92,262.89,262.0,259.87,262.0,52779220,259.87,259.87,262.0,13715850969.4,13715850969.4,13715850969.4,,3,SUR,2.47,
TQBR,2018-04-06,Сбербанк,SBER,68293,10442622618.6,260.64,256.01,262.32,256.76,259.4,256.76,40256090,259.4,259.4,256.76,10442622618.6,10442622618.6,10442622618.6,,3,SUR,-2.0,
TQBR,2018-04-09,Сбербанк,SBER,342383,56367801633.7,255.05,205.0,255.3,213.0,225.44,213.0,250018990,225.45,225.45,213.0,56367801633.7,56367801633.7,56367801633.7,,3,SUR,-17.04,
TQBR,2018-04-10,Сбербанк,SBER,333330,53263816178.4,211.24,197.0,224.47,214.8,210.24,214.8,253346870,210.24,210.24,214.8,53263816178.4,53263816178.4,53263816178.4,,3,SUR,0.85,
TQBR,2018-04-11,Сбербанк,SBER,271766,39537872546.91,214.0,204.24,223.6,208.0,212.85,208.0,185659760,212.96,212.96,208.0,39537872546.91,39537872546.91,39537872546.91,,3,SUR,-3.17,
TQBR,2018-04-12,Сбербанк,SBER,159004,27108143591.5,214.55,208.5,218.39,212.21,213.43,212.21,126954920,213.53,213.53,212.21,27108143591.5,27108143591.5,27108143591.5,,3,SUR,2.02,
TQBR,2018-04-13,Сбербанк,SBER,155323,22455471964.5,213.37,203.14,216.7,204.7,210.19,204.7,106926900,210.01,210.01,204.7,22455471964.5,22455471964.5,22455471964.5,,3,SUR,-3.54,
TQBR,2018-04-16,Сбербанк,SBER,248856,39538854703.2,199.36,191.5,208.0,192.06,197.98,192.06,199704860,197.99,197.99,192.06,39538854703.2,39538854703.2,39538854703.2,,3,SUR,-6.17,
TQBR,2018-04-17,Сбербанк,SBER,213847,34626781541.2,203.02,200.0,207.87,207.5,203.8,207.5,169904570,203.8,203.8,207.5,34626781541.2,34626781541.2,34626781541.2,,3,SUR,8.04,
TQBR,2018-04-18,Сбербанк,SBER,219161,37412604604.2,209.0,208.25,219.93,215.87,214.96,215.87,174039490,214.97,214.97,215.87,37412604604.2,37412604604.2,37412604604.2,,3,SUR,4.03,
TQBR,2018-04-19,Сбербанк,SBER,169615,29060746448.2,217.34,212.0,222.22,213.45,217.62,213.45,133533840,217.63,217.63,213.45,29060746448.2,29060746448.2,29060746448.2,,3,SUR,-1.12,
TQBR,2018-04-20,Сбербанк,SBER,76417,12403515337.1,214.0,212.13,216.27,215.36,214.33,215.36,57871710,214.33,214.33,215.36,12403515337.1,12403515337.1,12403515337.1,,3,SUR,0.89,
TQBR,2018-04-23,Сбербанк,SBER,137449,25595003152.1,216.48,213.22,223.5,223.25,218.84,223.25,116947630,218.86,218.86,223.25,25595003152.1,25595003152.1,25595003152.1,,3,SUR,3.66,
TQBR,2018-04-24,Сбербанк,SBER,107560,18905942308.9,225.9,221.3,228.43,223.0,225.17,223.0,83961110,225.17,225.17,223.0,18905942308.9,18905942308.9,18905942308.9,,3,SUR,-0.11,
TQBR,2018-04-25,Сбербанк,SBER,90943,15380847119.1,220.15,218.2,223.78,220.45,220.75,220.45,69675890,220.75,220.75,220.45,15380847119.1,15380847119.1,15380847119.1,,3,SUR,-1.14,
TQBR,2018-04-26,Сбербанк,SBER,105194,16070884559.3,221.57,216.0,222.59,220.7,219.32,220.7,73277610,219.32,219.32,220.7,16070884559.3,16070884559.3,16070884559.3,,3,SUR,0.11,
TQBR,2018-04-27,Сбербанк,SBER,108750,18162835383.4,221.36,217.62,224.43,223.91,221.65,223.91,81940000,221.66,221.66,223.91,18162835383.4,18162835383.4,18162835383.4,,3,SUR,1.45,
TQBR,2018-04-28,Сбербанк,SBER,29074,2307677737.1,224.4,222.4,224.99,224.8,223.71,224.8,10314450,223.73,223.73,224.8,2307677737.1,2307677737.1,2307677737.1,,3,SUR,0.4,
TQBR,2018-04-30,Сбербанк,SBER,51973,8865824262.0,224.5,221.58,228.2,226.99,225.26,226.99,39358910,225.26,225.26,226.99,8865824262.0,8865824262.0,8865824262.0,,3,SUR,0.97,
TQBR,2018-05-02,Сбербанк,SBER,61301,9102861491.9,224.22,224.02,230.0,229.02,227.47,229.02,40017840,227.47,227.47,229.02,9102861491.9,9102861491.9,9102861491.9,,3,SUR,0.89,
TQBR,2018-05-03,Сбербанк,SBER,122579,18372579814.6,228.4,227.5,232.74,228.03,230.74,228.03,79625270,230.74,230.74,228.03,18372579814.6,18372579814.6,18372579814.6,,3,SUR,-0.43,
TQBR,2018-05-04,Сбербанк,SBER,65387,10993598018.3,229.58,225.7,230.94,228.55,228.26,228.55,48163140,228.26,228.26,228.55,10993598018.3,10993598018.3,10993598018.3,,3,SUR,0.23,
TQBR,2018-05-07,Сбербанк,SBER,65542,8597499600.1,230.17,229.06,232.18,229.86,230.67,229.86,37271570,230.67,230.67,229.86,8597499600.1,8597499600.1,8597499600.1,,3,SUR,0.57,
TQBR,2018-05-08,Сбербанк,SBER,84395,12674910859.6,227.79,224.5,228.48,226.7,226.45,226.7,55972540,226.45,226.45,226.7,12674910859.6,12674910859.6,12674910859.6,,3,SUR,-1.37,
TQBR,2018-05-10,Сбербанк,SBER,88852,16721207227.5,228.5,228.37,234.14,233.7,231.58,233.7,72199030,231.6,231.6,233.7,16721207227.5,16721207227.5,16721207227.5,,3,SUR,3.09,
TQBR,2018-05-11,Сбербанк,SBER,71431,13007734693.5,234.35,233.74,237.95,235.72,236.16,235.72,55080740,236.16,236.16,235.72,13007734693.5,13007734693.5,13007734693.5,,3,SUR,0.86,
TQBR,2018-05-14,Сбербанк,SBER,56231,8203151990.1,236.21,234.03,237.8,237.8,235.89,237.8,34774680,235.89,235.89,237.8,8203151990.1,8203151990.1,8203151990.1,,3,SUR,0.88,
TQBR,2018-05-15,Сбербанк,SBER,80733,12376593219.3,237.5,230.4,237.5,231.39,233.48,231.39,53009530,233.48,233.48,231.39,12376593219.3,12376593219.3,12376593219.3,,3,SUR,-2.7,
TQBR,2018-05-16,Сбербанк,SBER,97557,16095019363.6,230.88,226.7,232.0,229.8,229.4,229.8,70162450,229.4,229.4,229.8,16095019363.6,16095019363.6,16095019363.6,,3,SUR,-0.69,
TQBR,2018-05-17,Сбербанк,SBER,69610,9918244022.6,230.01,226.05,231.25,226.05,228.24,226.05,43455710,228.24,228.24,226.05,9918244022.6,9918244022.6,9918244022.6,,3,SUR,-1.63,
TQBR,2018-05-18,Сбербанк,SBER,81475,13600146228.6,225.7,222.2,228.16,222.2,225.44,222.2,60330030,225.43,225.43,222.2,13600146228.6,13600146228.6,13600146228.6,,3,SUR,-1.7,
TQBR,2018-05-21,Сбербанк,SBER,52088,8784476449.5,223.79,223.55,226.8,226.21,225.29,226.21,38991090,225.29,225.29,226.21,8784476449.5,8784476449.5,8784476449.5,,3,SUR,1.8,
TQBR,2018-05-22,Сбербанк,SBER,53300,9754702136.8,227.27,222.95,227.27,225.6,225.45,225.6,43268320,225.45,225.45,225.6,9754702136.8,9754702136.8,9754702136.8,,3,SUR,-0.27,
TQBR,2018-05-23,Сбербанк,SBER,63848,10855542413.4,223.11,221.0,224.07,221.0,222.2,221.0,48854650,222.2,222.2,221.0,10855542413.4,10855542413.4,10855542413.4,,3,SUR,-2.04,
TQBR,2018-05-24,Сбербанк,SBER,53227,8267685632.3,221.91,221.12,223.7,222.01,222.16,222.01,37214260,222.16,222.16,222.01,8267685632.3,8267685632.3,8267685632.3,,3,SUR,0.46,
TQBR,2018-05-25,Сбербанк,SBER,65073,11082473200.7,222.51,219.0,223.48,220.0,221.04,220.0,50137840,221.04,221.04,220.0,11082473200.7,11082473200.7,11082473200.7,,3,SUR,-0.91,
TQBR,2018-05-28,Сбербанк,SBER,36053,5113158836.1,219.47,219.2,221.5,220.9,220.51,220.9,23187310,220.52,220.52,220.9,5113158836.1,5113158836.1,5113158836.1,,3,SUR,0.41,
TQBR,2018-05-29,Сбербанк,SBER,46941,7867194173.0,220.5,217.1,222.13,219.0,218.89,219.0,35940720,218.89,218.89,219.0,7867194173.0,7867194173.0,7867194173.0,,3,SUR,-0.86,
TQBR,2018-05-30,Сбербанк,SBER,63518,10697722207.6,219.3,217.88,221.55,221.01,220.0,221.01,48626980,220.0,220.0,221.01,10697722207.6,10697722207.6,10697722207.6,,3,SUR,0.92,
TQBR,2018-05-31,Сбербанк,SBER,68835,14989081289.6,221.98,220.0,224.35,222.36,222.34,222.36,67415130,222.34,222.34,222.36,14989081289.6,14989081289.6,14989081289.6,,3,SUR,0.61,
TQBR,2018-06-01,Сбербанк,SBER,42525,7848174673.3,221.5,220.0,222.77,220.0,220.87,220.0,35532280,220.87,220.87,220.0,7848174673.3,7848174673.3,7848174673.3,,3,SUR,-1.06,
TQBR,2018-06-04,Сбербанк,SBER,43613,7117569831.1,221.13,218.57,222.67,220.0,220.66,220.0,32256200,220.66,220.66,220.0,7117569831.1,7117569831.1,7117569831.1,,3,SUR,0.0,
TQBR,2018-06-05,Сбербанк,SBER,74945,11171799385.9,220.0,214.51,220.79,215.56,217.49,215.56,51368750,217.48,217.48,215.56,11171799385.9,11171799385.9,11171799385.9,,3,SUR,-2.02,
TQBR,2018-06-06,Сбербанк,SBER,52608,7767477577.0,216.0,214.65,218.19,217.9,216.62,217.9,35857770,216.62,216.62,217.9,7767477577.0,7767477577.0,7767477577.0,,3,SUR,1.09,
TQBR,2018-06-07,Сбербанк,SBER,41017,7089408354.8,218.94,216.41,219.45,216.41,218.25,216.41,32483420,218.25,218.25,216.41,7089408354.8,7089408354.8,7089408354.8,,3,SUR,-0.68,
TQBR,2018-06-08,Сбербанк,SBER,74559,14448389955.6,216.0,210.25,217.0,210.95,213.63,210.95,67632240,213.63,213.63,210.95,14448389955.6,14448389955.6,14448389955.6,,3,SUR,-2.52,
TQBR,2018-06-09,Сбербанк,SBER,11883,1383573525.6,211.5,211.5,213.27,212.6,212.58,212.6,6508460,212.58,212.58,212.6,1383573525.6,1383573525.6,1383573525.6,,3,SUR,0.78,
TQBR,2018-06-11,Сбербанк,SBER,41087,5959527279.0,212.5,208.33,213.61,210.35,210.85,210.35,28263970,210.85,210.85,210.35,5959527279.0,5959527279.0,5959527279.0,,3,SUR,-1.06,
TQBR,2018-06-13,Сбербанк,SBER,77515,10377946438.5,211.23,209.63,216.13,215.0,213.21,215.0,48675610,213.21,213.21,215.0,10377946438.5,10377946438.5,10377946438.5,,3,SUR,2.21,
TQBR,2018-06-14,Сбербанк,SBER,55149,9206055870.5,214.82,213.6,217.49,214.0,215.44,214.0,42732410,215.43,215.43,214.0,9206055870.5,9206055870.5,9206055870.5,,3,SUR,-0.47,
TQBR,2018-06-15,Сбербанк,SBER,71310,18119021697.3,213.9,207.9,215.0,209.36,210.15,209.36,86209880,210.17,210.17,209.36,18119021697.3,18119021697.3,18119021697.3,,3,SUR,-2.17,
TQBR,2018-06-18,Сбербанк,SBER,70547,11281089544.1,209.0,205.01,211.2,206.3,207.93,206.3,54276700,207.84,207.84,206.3,11281089544.1,11281089544.1,11281089544.1,,3,SUR,-1.46,
TQBR,2018-06-19,Сбербанк,SBER,57474,10546994272.9,204.0,202.11,206.77,206.0,203.83,206.0,51734620,203.87,203.87,206.0,10546994272.9,10546994272.9,10546994272.9,,3,SUR,-0.15,
TQBR,2018-06-20,Сбербанк,SBER,74488,12856341206.2,207.0,207.0,212.37,212.2,210.79,212.2,60991640,210.79,210.79,212.2,12856341206.2,12856341206.2,12856341206.2,,3,SUR,3.01,
TQBR,2018-06-21,Сбербанк,SBER,73507,13757767116.0,212.25,208.62,214.16,210.4,211.37,210.4,65102970,211.32,211.32,210.4,13757767116.0,13757767116.0,13757767116.0,,3,SUR,-0.85,
TQBR,2018-06-22,Сбербанк,SBER,67221,14362327011.3,211.62,209.62,215.0,214.43,212.56,214.43,67568430,212.56,212.56,214.43,14362327011.3,14362327011.3,14362327011.3,,3,SUR,1.92,
TQBR,2018-06-25,Сбербанк,SBER,72245,11560070651.5,204.5,202.51,206.94,202.51,204.57,202.51,56516980,204.54,204.54,202.51,11560070651.5,11560070651.5,11560070651.5,,3,SUR,-5.56,
TQBR,2018-06-26,Сбербанк,SBER,62396,11019915597.7,203.64,199.6,205.0,199.91,201.29,199.91,54747990,201.28,201.28,199.91,11019915597.7,11019915597.7,11019915597.7,,3,SUR,-1.28,
TQBR,2018-06-27,Сбербанк,SBER,85777,16591642196.8,201.85,198.55,209.33,207.95,204.38,207.95,81134770,204.49,204.49,207.95,16591642196.8,16591642196.8,16591642196.8,,3,SUR,4.02,
TQBR,2018-06-28,Сбербанк,SBER,53995,9801017784.2,207.85,207.01,210.63,208.5,209.08,208.5,46877330,209.08,209.08,208.5,9801017784.2,9801017784.2,9801017784.2,,3,SUR,0.26,
TQBR,2018-06-29,Сбербанк,SBER,83902,16514311408.9,210.1,210.09,218.3,218.0,215.29,218.0,76707660,215.29,215.29,218.0,16514311408.9,16514311408.9,16514311408.9,,3,SUR,4.56,
TQBR,2018-07-02,Сбербанк,SBER,72292,12152067497.8,217.01,216.0,222.83,221.01,220.09,221.01,55213130,220.09,220.09,221.01,12152067497.8,12152067497.8,12152067497.8,,3,SUR,1.38,
TQBR,2018-07-03,Сбербанк,SBER,53577,8426922399.4,221.01,217.1,222.45,218.45,219.44,218.45,38401730,219.44,219.44,218.45,8426922399.4,8426922399.4,8426922399.4,,3,SUR,-1.16,
TQBR,2018-07-04,Сбербанк,SBER,31703,4421169044.0,218.23,216.61,219.56,217.7,218.03,217.7,20277940,218.03,218.03,217.7,4421169044.0,4421169044.0,4421169044.0,,3,SUR,-0.34,
TQBR,2018-07-05,Сбербанк,SBER,60813,11927171467.9,217.5,216.85,224.54,224.54,221.95,224.54,53737300,221.95,221.95,224.54,11927171467.9,11927171467.9,11927171467.9,,3,SUR,3.14,
TQBR,2018-07-06,Сбербанк,SBER,68025,12416711754.1,225.01,221.61,227.59,226.71,224.75,226.71,55247910,224.75,224.75,226.71,12416711754.1,12416711754.1,12416711754.1,,3,SUR,0.97,
TQBR,2018-07-09,Сбербанк,SBER,67740,11513207998.0,228.5,228.2,231.24,230.0,229.94,230.0,50069820,229.94,229.94,230.0,11513207998.0,11513207998.0,11513207998.0,,3,SUR,1.45,
TQBR,2018-07-10,Сбербанк,SBER,59226,9974921055.3,230.95,228.0,232.25,230.3,230.15,230.3,43340410,230.15,230.15,230.3,9974921055.3,9974921055.3,9974921055.3,,3,SUR,0.13,
TQBR,2018-07-11,Сбербанк,SBER,72812,13187757321.9,229.2,224.8,229.2,227.57,226.74,227.57,58161000,226.75,226.75,227.57,13187759629.9,13187759629.9,13187759629.9,,3,SUR,-1.19,
TQBR,2018-07-12,Сбербанк,SBER,47993,9180986134.9,226.76,225.1,228.45,226.6,226.76,226.6,40488130,226.76,226.76,226.6,9180986134.9,9180986134.9,9180986134.9,,3,SUR,-0.43,
TQBR,2018-07-13,Сбербанк,SBER,50254,9081249005.9,227.3,227.22,230.86,229.85,229.03,229.85,39651270,229.03,229.03,229.85,9081249005.9,9081249005.9,9081249005.9,,3,SUR,1.43,
TQBR,2018-07-16,Сбербанк,SBER,43436,8145377907.2,230.1,226.42,231.0,227.99,228.94,227.99,35579630,228.93,228.93,227.99,8145377907.2,8145377907.2,8145377907.2,,3,SUR,-0.81,
TQBR,2018-07-17,Сбербанк,SBER,69692,13946206433.7,227.0,220.52,227.0,222.5,222.83,222.5,62586090,222.83,222.83,222.5,13946206433.7,13946206433.7,13946206433.7,,3,SUR,-2.41,
TQBR,2018-07-18,Сбербанк,SBER,74828,13395859259.5,222.0,215.64,224.0,216.28,218.9,216.28,61197290,218.9,218.9,216.28,13395859259.5,13395859259.5,13395859259.5,,3,SUR,-2.8,
TQBR,2018-07-19,Сбербанк,SBER,114663,19642138459.1,216.9,206.56,217.11,207.5,210.45,207.5,93333130,210.45,210.45,207.5,19642138459.1,19642138459.1,19642138459.1,,3,SUR,-4.06,
TQBR,2018-07-20,Сбербанк,SBER,149384,26069626365.4,207.77,201.1,210.95,204.34,205.76,204.34,126702190,205.76,205.76,204.34,26069626365.4,26069626365.4,26069626365.4,,3,SUR,-1.52,
TQBR,2018-07-23,Сбербанк,SBER,78457,11542249816.0,205.4,205.25,210.4,208.42,208.81,208.42,55275810,208.81,208.81,208.42,11542249816.0,11542249816.0,11542249816.0,,3,SUR,2.0,
TQBR,2018-07-24,Сбербанк,SBER,73908,11520923113.7,209.0,208.92,215.45,215.45,212.79,215.45,54142290,212.79,212.79,215.45,11520923113.7,11520923113.7,11520923113.7,,3,SUR,3.37,
TQBR,2018-07-25,Сбербанк,SBER,90050,16305810193.2,211.0,208.34,215.45,213.7,212.13,213.7,76868200,212.13,212.13,213.7,16305810193.2,16305810193.2,16305810193.2,,3,SUR,-0.81,
TQBR,2018-07-26,Сбербанк,SBER,75518,12669519530.3,215.7,209.11,216.51,210.0,212.02,210.0,59754670,212.03,212.03,210.0,12669519530.3,12669519530.3,12669519530.3,,3,SUR,-1.73,
TQBR,2018-07-27,Сбербанк,SBER,69597,12215218671.4,210.0,205.58,211.22,208.9,208.35,208.9,58628430,208.35,208.35,208.9,12215218671.4,12215218671.4,12215218671.4,,3,SUR,-0.52,
TQBR,2018-07-30,Сбербанк,SBER,60433,10183314051.5,207.77,206.56,212.49,211.33,210.52,211.33,48372730,210.52,210.52,211.33,10183314051.5,10183314051.5,10183314051.5,,3,SUR,1.16,
TQBR,2018-07-31,Сбербанк,SBER,68668,9645869387.4,211.09,210.24,214.94,214.86,213.12,214.86,45260950,213.12,213.12,214.86,9645869387.4,9645869387.4,9645869387.4,,3,SUR,1.67,
TQBR,2018-08-01,Сбербанк,SBER,65556,8003945324.7,213.5,210.57,215.2,210.6,212.49,210.6,37666650,212.49,212.49,210.6,8003945324.7,8003945324.7,8003945324.7,,3,SUR,-1.98,
TQBR,2018-08-02,Сбербанк,SBER,74330,12096301708.0,208.54,205.13,211.72,206.6,208.15,206.6,58115220,208.14,208.14,206.6,12096301708.0,12096301708.0,12096301708.0,,3,SUR,-1.9,
TQBR,2018-08-03,Сбербанк,SBER,97906,15078114121.4,206.49,202.0,206.55,202.21,203.3,202.21,74165120,203.3,203.3,202.21,15078114121.4,15078114121.4,15078114121.4,,3,SUR,-2.12,
TQBR,2018-08-06,Сбербанк,SBER,76604,10713771392.2,201.8,199.57,205.2,203.9,203.18,203.9,52730870,203.18,203.18,203.9,10713771392.2,10713771392.2,10713771392.2,,3,SUR,0.84,
TQBR,2018-08-07,Сбербанк,SBER,72032,12415871976.1,205.19,201.55,207.95,201.79,205.04,201.79,60553370,205.04,205.04,201.79,12415871976.1,12415871976.1,12415871976.1,,3,SUR,-1.03,
TQBR,2018-08-08,Сбербанк,SBER,177685,27790876784.1,201.53,191.51,202.45,193.2,195.62,193.2,142075030,195.61,195.61,193.2,27790876784.1,27790876784.1,27790876784.1,,3,SUR,-4.26,
TQBR,2018-08-09,Сбербанк,SBER,172347,30284614702.7,189.99,182.06,195.9,195.9,188.9,195.9,160336490,188.88,188.88,195.9,30284614702.7,30284614702.7,30284614702.7,,3,SUR,1.4,
TQBR,2018-08-10,Сбербанк,SBER,139793,21618274957.1,194.0,183.01,196.85,186.15,190.31,186.15,113592570,190.31,190.31,186.15,21618274957.1,21618274957.1,21618274957.1,,3,SUR,-4.98,
TQBR,2018-08-13,Сбербанк,SBER,132372,20128588961.3,182.05,180.15,193.39,190.0,188.64,190.0,106701070,188.64,188.64,190.0,20128588961.3,20128588961.3,20128588961.3,,3,SUR,2.07,
TQBR,2018-08-14,Сбербанк,SBER,98090,15858852181.8,192.98,188.2,195.98,192.76,191.64,192.76,82753490,191.64,191.64,192.76,15858852181.8,15858852181.8,15858852181.8,,3,SUR,1.45,
TQBR,2018-08-15,Сбербанк,SBER,99665,14725840102.6,192.35,186.53,194.0,187.98,189.46,187.98,77725280,189.46,189.46,187.98,14725840102.6,14725840102.6,14725840102.6,,3,SUR,-2.48,
TQBR,2018-08-16,Сбербанк,SBER,68773,10404303397.5,189.0,188.22,192.28,191.6,190.26,191.6,54684020,190.26,190.26,191.6,10404303397.5,10404303397.5,10404303397.5,,3,SUR,1.93,
TQBR,2018-08-17,Сбербанк,SBER,54472,8610449552.0,191.83,188.59,192.43,189.55,190.32,189.55,45242690,190.32,190.32,189.55,8610449552.0,8610449552.0,8610449552.0,,3,SUR,-1.07,
TQBR,2018-08-20,Сбербанк,SBER,69176,9500055126.9,190.99,190.64,193.99,191.2,192.14,191.2,49443050,192.14,192.14,191.2,9500055126.9,9500055126.9,9500055126.9,,3,SUR,0.87,
TQBR,2018-08-21,Сбербанк,SBER,52758,7701782573.9,192.0,189.55,192.34,191.8,190.88,191.8,40349600,190.88,190.88,191.8,7701782573.9,7701782573.9,7701782573.9,,3,SUR,0.31,
TQBR,2018-08-22,Сбербанк,SBER,80585,12651411162.5,192.43,187.56,193.69,187.8,190.56,187.8,66396800,190.54,190.54,187.8,12651411162.5,12651411162.5,12651411162.5,,3,SUR,-2.09,
TQBR,2018-08-23,Сбербанк,SBER,163212,27065677929.2,188.44,178.55,189.06,178.71,183.33,178.71,147648980,183.31,183.31,178.71,27065677929.2,27065677929.2,27065677929.2,,3,SUR,-4.84,
TQBR,2018-08-24,Сбербанк,SBER,140904,23457535153.0,178.0,172.8,180.39,180.39,176.02,180.39,133262230,176.03,176.03,180.39,23457535153.0,23457535153.0,23457535153.0,,3,SUR,0.94,
TQBR,2018-08-27,Сбербанк,SBER,70849,9436364424.6,181.47,180.52,183.83,183.27,182.45,183.27,51721470,182.45,182.45,183.27,9436364424.6,9436364424.6,9436364424.6,,3,SUR,1.6,
TQBR,2018-08-28,Сбербанк,SBER,61187,9080653589.9,183.35,181.22,184.64,182.0,183.04,182.0,49610370,183.04,183.04,182.0,9080653589.9,9080653589.9,9080653589.9,,3,SUR,-0.69,
TQBR,2018-08-29,Сбербанк,SBER,48861,7182618810.7,182.77,181.31,183.85,183.5,182.83,183.5,39285100,182.83,182.83,183.5,7182618810.7,7182618810.7,7182618810.7,,3,SUR,0.82,
TQBR,2018-08-30,Сбербанк,SBER,76351,12019920144.6,184.61,177.25,185.57,178.0,181.33,178.0,66285490,181.34,181.34,178.0,12019920144.6,12019920144.6,12019920144.6,,3,SUR,-3.0,
TQBR,2018-08-31,Сбербанк,SBER,79780,11442463693.3,177.61,175.61,182.0,182.0,179.31,182.0,63814120,179.31,179.31,182.0,11442463693.3,11442463693.3,11442463693.3,,3,SUR,2.25,
TQBR,2018-09-03,Сбербанк,SBER,47229,5674285972.0,181.72,180.15,182.87,181.21,181.43,181.21,31275240,181.43,181.43,181.21,5674285972.0,5674285972.0,5674285972.0,,3,SUR,-0.43,
TQBR,2018-09-04,Сбербанк,SBER,65183,10220677869.6,182.0,177.71,182.49,179.5,179.96,179.5,56794110,179.96,179.96,179.5,10220677869.6,10220677869.6,10220677869.6,,3,SUR,-0.94,
TQBR,2018-09-05,Сбербанк,SBER,56015,7999914277.0,178.5,178.28,181.25,178.46,179.75,178.46,44505050,179.75,179.75,178.46,7999914277.0,7999914277.0,7999914277.0,,3,SUR,-0.58,
TQBR,2018-09-06,Сбербанк,SBER,61743,8793444616.0,177.25,175.0,180.18,175.0,177.93,175.0,49419910,177.93,177.93,175.0,8793444616.0,8793444616.0,8793444616.0,,3,SUR,-1.94,
TQBR,2018-09-07,Сбербанк,SBER,76065,12023114397.0,175.47,173.85,177.45,174.9,175.44,174.9,68532820,175.44,175.44,174.9,12023114397.0,12023114397.0,12023114397.0,,3,SUR,-0.06,
TQBR,2018-09-10,Сбербанк,SBER,94054,13361792221.8,175.03,169.85,175.97,171.21,171.89,171.21,77730540,171.9,171.9,171.21,13361792221.8,13361792221.8,13361792221.8,,3,SUR,-2.11,
TQBR,2018-09-11,Сбербанк,SBER,102066,15752300258.0,171.23,165.9,172.67,169.36,168.87,169.36,93278700,168.87,168.87,169.36,15752300258.0,15752300258.0,15752300258.0,,3,SUR,-1.08,
TQBR,2018-09-12,Сбербанк,SBER,101751,16178029284.8,170.2,169.4,175.19,173.9,172.89,173.9,93574140,172.89,172.89,173.9,16178029284.8,16178029284.8,16178029284.8,,3,SUR,2.68,
TQBR,2018-09-13,Сбербанк,SBER,196748,35718530627.1,174.5,174.5,189.04,183.5,183.25,183.5,194912360,183.25,183.25,183.5,35718530627.1,35718530627.1,35718530627.1,,3,SUR,5.52,
TQBR,2018-09-14,Сбербанк,SBER,128691,23811121559.5,185.0,182.53,189.0,188.71,186.16,188.71,127908270,186.16,186.16,188.71,23811121559.5,23811121559.5,23811121559.5,,3,SUR,2.84,
TQBR,2018-09-17,Сбербанк,SBER,69159,12657495056.9,190.0,186.6,192.07,188.11,188.85,188.11,67025000,188.85,188.85,188.11,12657495056.9,12657495056.9,12657495056.9,,3,SUR,-0.32,
TQBR,2018-09-18,Сбербанк,SBER,88373,15935602842.5,188.3,186.51,192.69,191.65,190.62,191.65,83601870,190.61,190.61,191.65,15935602842.5,15935602842.5,15935602842.5,,3,SUR,1.88,
TQBR,2018-09-19,Сбербанк,SBER,68115,11765790485.2,192.3,191.47,193.97,193.9,192.68,193.9,61065690,192.67,192.67,193.9,11765790485.2,11765790485.2,11765790485.2,,3,SUR,1.17,
TQBR,2018-09-20,Сбербанк,SBER,124351,25907671831.7,194.3,191.16,197.73,191.16,194.79,191.16,133004440,194.79,194.79,191.16,25907671831.7,25907671831.7,25907671831.7,,3,SUR,-1.41,
TQBR,2018-09-21,Сбербанк,SBER,103436,20987085349.6,191.16,188.83,194.68,193.44,192.22,193.44,109182050,192.22,192.22,193.44,20987085349.6,20987085349.6,20987085349.6,,3,SUR,1.19,
TQBR,2018-09-24,Сбербанк,SBER,78001,14980862393.8,194.6,194.29,199.06,198.75,197.11,198.75,76000500,197.12,197.12,198.75,14980862393.8,14980862393.8,14980862393.8,,3,SUR,2.75,
TQBR,2018-09-25,Сбербанк,SBER,99603,17816394892.2,199.7,195.06,201.0,195.55,197.83,195.55,90058270,197.83,197.83,195.55,17816394892.2,17816394892.2,17816394892.2,,3,SUR,-1.61,
TQBR,2018-09-26,Сбербанк,SBER,74742,12107685829.7,195.52,193.59,197.4,195.79,195.32,195.79,61988530,195.32,195.32,195.79,12107685829.7,12107685829.7,12107685829.7,,3,SUR,0.12,
TQBR,2018-09-27,Сбербанк,SBER,106099,20287763496.9,195.0,194.56,204.1,204.1,200.21,204.1,101333900,200.21,200.21,204.1,20287763496.9,20287763496.9,20287763496.9,,3,SUR,4.24,
TQBR,2018-09-28,Сбербанк,SBER,113703,20640002411.7,204.93,200.1,205.67,203.32,202.67,203.32,101839410,202.67,202.67,203.32,20640002411.7,20640002411.7,20640002411.7,,3,SUR,-0.38,
TQBR,2018-10-01,Сбербанк,SBER,60458,11200731324.1,204.5,201.71,205.25,204.2,203.6,204.2,55013680,203.6,203.6,204.2,11200731324.1,11200731324.1,11200731324.1,,3,SUR,0.43,
TQBR,2018-10-02,Сбербанк,SBER,93854,15967060127.3,205.16,198.62,205.98,199.5,202.12,199.5,79003430,202.11,202.11,199.5,15967060127.3,15967060127.3,15967060127.3,,3,SUR,-2.3,
TQBR,2018-10-03,Сбербанк,SBER,84036,15326875712.8,200.0,196.85,202.47,198.3,199.88,198.3,76679890,199.88,199.88,198.3,15326875712.8,15326875712.8,15326875712.8,,3,SUR,-0.6,
TQBR,2018-10-04,Сбербанк,SBER,94045,16889190425.7,197.91,189.25,198.19,189.35,193.12,189.35,87451180,193.13,193.13,189.35,16889190425.7,16889190425.7,16889190425.7,,3,SUR,-4.51,
TQBR,2018-10-05,Сбербанк,SBER,122204,19431049586.3,188.99,185.05,191.59,187.2,188.14,187.2,103279820,188.14,188.14,187.2,19431049586.3,19431049586.3,19431049586.3,,3,SUR,-1.14,
TQBR,2018-10-08,Сбербанк,SBER,95076,15450505217.0,187.0,182.51,193.6,191.85,187.27,191.85,82502650,187.27,187.27,191.85,15450505217.0,15450505217.0,15450505217.0,,3,SUR,2.48,
TQBR,2018-10-09,Сбербанк,SBER,97782,16579437585.2,193.5,188.7,196.04,191.25,192.52,191.25,86121280,192.51,192.51,191.25,16579437585.2,16579437585.2,16579437585.2,,3,SUR,-0.31,
TQBR,2018-10-10,Сбербанк,SBER,81225,12901659213.4,192.0,188.81,195.12,189.89,191.6,189.89,67336620,191.6,191.6,189.89,12901659213.4,12901659213.4,12901659213.4,,3,SUR,-0.71,
TQBR,2018-10-11,Сбербанк,SBER,135709,23161160055.1,184.85,182.3,187.83,185.27,184.75,185.27,125364360,184.75,184.75,185.27,23161160055.1,23161160055.1,23161160055.1,,3,SUR,-2.43,
TQBR,2018-10-12,Сбербанк,SBER,73935,11967488185.0,187.8,187.61,192.16,191.85,189.68,191.85,63093510,189.68,189.68,191.85,11967488185.0,11967488185.0,11967488185.0,,3,SUR,3.55,
TQBR,2018-10-15,Сбербанк,SBER,62777,10382085271.3,192.5,189.45,193.89,190.92,191.48,190.92,54220850,191.48,191.48,190.92,10382085271.3,10382085271.3,10382085271.3,,3,SUR,-0.48,
TQBR,2018-10-16,Сбербанк,SBER,95584,12322929981.2,190.02,189.0,196.2,196.05,192.36,196.05,64061080,192.36,192.36,196.05,12322929981.2,12322929981.2,12322929981.2,,3,SUR,2.69,
TQBR,2018-10-17,Сбербанк,SBER,98669,15439909926.6,198.47,192.92,198.8,194.05,195.38,194.05,79027880,195.37,195.37,194.05,15439909926.6,15439909926.6,15439909926.6,,3,SUR,-1.02,
TQBR,2018-10-18,Сбербанк,SBER,67830,9497146513.4,193.5,190.8,194.2,191.0,192.27,191.0,49394850,192.27,192.27,191.0,9497146513.4,9497146513.4,9497146513.4,,3,SUR,-1.57,
TQBR,2018-10-19,Сбербанк,SBER,116615,18187314080.4,191.15,183.8,191.7,183.8,187.59,183.8,96950320,187.59,187.59,183.8,18187314080.4,18187314080.4,18187314080.4,,3,SUR,-3.77,
TQBR,2018-10-22,Сбербанк,SBER,116240,17068259418.5,184.86,180.03,187.72,180.7,183.82,180.7,92854160,183.82,183.82,180.7,17068259418.5,17068259418.5,17068259418.5,,3,SUR,-1.69,
TQBR,2018-10-23,Сбербанк,SBER,93583,13991339614.5,178.89,177.02,182.5,181.0,179.6,181.0,77903480,179.6,179.6,181.0,13991339614.5,13991339614.5,13991339614.5,,3,SUR,0.17,
TQBR,2018-10-24,Сбербанк,SBER,126627,19832667501.9,182.5,180.5,189.25,188.01,185.67,188.01,106814960,185.67,185.67,188.01,19832667501.9,19832667501.9,19832667501.9,,3,SUR,3.87,
TQBR,2018-10-25,Сбербанк,SBER,93438,14912998515.9,185.51,184.03,188.75,186.71,186.15,186.71,80112060,186.15,186.15,186.71,14912998515.9,14912998515.9,14912998515.9,,3,SUR,-0.69,
TQBR,2018-10-26,Сбербанк,SBER,114036,16813560687.7,185.77,178.27,185.85,181.0,181.05,181.0,92868230,181.05,181.05,181.0,16813560687.7,16813560687.7,16813560687.7,,3,SUR,-3.06,
TQBR,2018-10-29,Сбербанк,SBER,73574,11281052334.4,180.6,178.64,186.3,185.59,183.83,185.59,61368040,183.83,183.83,185.59,11281052334.4,11281052334.4,11281052334.4,,3,SUR,2.54,
TQBR,2018-10-30,Сбербанк,SBER,73358,11277603675.4,183.88,181.74,186.82,184.78,184.19,184.78,61227000,184.19,184.19,184.78,11277603675.4,11277603675.4,11277603675.4,,3,SUR,-0.44,
TQBR,2018-10-31,Сбербанк,SBER,85373,12501637020.5,186.2,184.83,189.8,189.8,186.9,189.8,66890490,186.9,186.9,189.8,12501637020.5,12501637020.5,12501637020.5,,3,SUR,2.72,
TQBR,2018-11-01,Сбербанк,SBER,91443,14659260131.4,189.5,186.7,191.36,188.67,188.94,188.67,77588390,188.94,188.94,188.67,14659260131.4,14659260131.4,14659260131.4,,3,SUR,-0.6,
TQBR,2018-11-02,Сбербанк,SBER,77800,13275834208.1,189.99,188.57,192.98,192.6,191.5,192.6,69325930,191.5,191.5,192.6,13275834208.1,13275834208.1,13275834208.1,,3,SUR,2.08,
TQBR,2018-11-06,Сбербанк,SBER,75942,12927016495.6,194.5,193.73,197.85,197.8,196.15,197.8,65904630,196.15,196.15,197.8,12927016495.6,12927016495.6,12927016495.6,,3,SUR,2.7,
TQBR,2018-11-07,Сбербанк,SBER,120571,19697287441.3,197.41,195.4,203.0,201.9,199.7,201.9,98634400,199.7,199.7,201.9,19697287441.3,19697287441.3,19697287441.3,,3,SUR,2.07,
TQBR,2018-11-08,Сбербанк,SBER,98564,19186262036.4,201.98,200.1,204.7,202.89,202.52,202.89,94736930,202.52,202.52,202.89,19186262036.4,19186262036.4,19186262036.4,,3,SUR,0.49,
TQBR,2018-11-09,Сбербанк,SBER,103731,19066752943.8,200.32,194.33,201.96,195.75,198.41,195.75,96097970,198.41,198.41,195.75,19066752943.8,19066752943.8,19066752943.8,,3,SUR,-3.52,
TQBR,2018-11-12,Сбербанк,SBER,89884,16404774101.4,197.97,196.4,201.85,196.82,199.18,196.82,82362260,199.18,199.18,196.82,16404774101.4,16404774101.4,16404774101.4,,3,SUR,0.55,
TQBR,2018-11-13,Сбербанк,SBER,83900,15499378471.0,195.5,193.68,199.7,196.56,197.1,196.56,78638020,197.1,197.1,196.56,15499378471.0,15499378471.0,15499378471.0,,3,SUR,-0.13,
TQBR,2018-11-14,Сбербанк,SBER,95621,16355808484.3,195.21,193.18,199.56,199.2,196.89,199.2,83071810,196.89,196.89,199.2,16355808484.3,16355808484.3,16355808484.3,,3,SUR,1.34,
TQBR,2018-11-15,Сбербанк,SBER,77027,12524407289.2,200.01,199.5,202.5,200.15,200.79,200.15,62376350,200.79,200.79,200.15,12524407289.2,12524407289.2,12524407289.2,,3,SUR,0.48,
TQBR,2018-11-16,Сбербанк,SBER,76007,13363158527.7,201.12,198.71,203.5,199.26,201.15,199.26,66434280,201.15,201.15,199.26,13363158527.7,13363158527.7,13363158527.7,,3,SUR,-0.44,
TQBR,2018-11-19,Сбербанк,SBER,61321,10061923655.3,198.98,197.5,200.7,197.99,199.01,197.99,50559670,199.01,199.01,197.99,10061923655.3,10061923655.3,10061923655.3,,3,SUR,-0.64,
TQBR,2018-11-20,Сбербанк,SBER,87362,12942993160.1,197.3,191.81,197.8,194.21,194.95,194.21,66392190,194.95,194.95,194.21,12942993160.1,12942993160.1,12942993160.1,,3,SUR,-1.91,
TQBR,2018-11-21,Сбербанк,SBER,72105,11448733173.5,194.21,193.38,198.4,197.5,195.79,197.5,58475250,195.79,195.79,197.5,11448733173.5,11448733173.5,11448733173.5,,3,SUR,1.69,
TQBR,2018-11-22,Сбербанк,SBER,64411,9858727498.9,198.0,195.92,200.01,199.4,198.24,199.4,49731020,198.24,198.24,199.4,9858727498.9,9858727498.9,9858727498.9,,3,SUR,0.96,
TQBR,2018-11-23,Сбербанк,SBER,61222,10030443127.2,198.58,194.86,198.77,197.3,196.74,197.3,50984250,196.74,196.74,197.3,10030443127.2,10030443127.2,10030443127.2,,3,SUR,-1.05,
TQBR,2018-11-26,Сбербанк,SBER,143796,22420557112.3,197.5,185.53,197.79,188.5,190.95,188.5,117412600,190.96,190.96,188.5,22420557112.3,22420557112.3,22420557112.3,,3,SUR,-4.46,
TQBR,2018-11-27,Сбербанк,SBER,99626,16719755012.7,189.98,188.11,192.45,191.03,190.4,191.03,87812910,190.4,190.4,191.03,16719755012.7,16719755012.7,16719755012.7,,3,SUR,1.34,
TQBR,2018-11-28,Сбербанк,SBER,67986,11541818590.3,191.6,189.45,193.27,190.2,191.14,190.2,60383880,191.14,191.14,190.2,11541818590.3,11541818590.3,11541818590.3,,3,SUR,-0.43,
TQBR,2018-11-29,Сбербанк,SBER,84453,16139491460.5,191.85,191.1,196.37,195.76,193.89,195.76,83234570,193.9,193.9,195.76,16139491460.5,16139491460.5,16139491460.5,,3,SUR,2.92,
TQBR,2018-11-30,Сбербанк,SBER,73876,12993600685.9,194.0,191.22,194.25,194.0,192.75,194.0,67411490,192.75,192.75,194.0,12993600685.9,12993600685.9,12993600685.9,,3,SUR,-0.9,
TQBR,2018-12-03,Сбербанк,SBER,91966,16385948573.4,197.99,197.58,201.9,200.3,200.27,200.3,81820020,200.27,200.27,200.3,16385948573.4,16385948573.4,16385948573.4,,3,SUR,3.25,
TQBR,2018-12-04,Сбербанк,SBER,62335,11528970773.3,200.3,196.93,200.7,199.0,198.75,199.0,58006750,198.75,198.75,199.0,11528970773.3,11528970773.3,11528970773.3,,3,SUR,-0.65,
TQBR,2018-12-05,Сбербанк,SBER,53671,9734457940.7,195.7,194.05,196.8,196.0,195.58,196.0,49771400,195.58,195.58,196.0,9734457940.7,9734457940.7,9734457940.7,,3,SUR,-1.51,
TQBR,2018-12-06,Сбербанк,SBER,74778,12399197206.1,194.0,190.11,194.23,192.19,192.05,192.19,64556990,192.07,192.07,192.19,12399197206.1,12399197206.1,12399197206.1,,3,SUR,-1.94,
TQBR,2018-12-07,Сбербанк,SBER,70476,12433246380.4,193.5,192.2,196.35,195.01,194.25,195.01,64007740,194.25,194.25,195.01,12433246380.4,12433246380.4,12433246380.4,,3,SUR,1.47,
TQBR,2018-12-10,Сбербанк,SBER,72975,11891150325.9,192.75,190.39,193.92,191.8,192.37,191.8,61815010,192.37,192.37,191.8,11891150325.9,11891150325.9,11891150325.9,,3,SUR,-1.65,
TQBR,2018-12-11,Сбербанк,SBER,63225,10537857037.9,192.15,190.2,193.8,192.57,192.04,192.57,54872050,192.04,192.04,192.57,10537857037.9,10537857037.9,10537857037.9,,3,SUR,0.4,
TQBR,2018-12-12,Сбербанк,SBER,55524,9785365619.1,193.3,190.45,193.9,190.45,191.91,190.45,50988040,191.91,191.91,190.45,9785365619.1,9785365619.1,9785365619.1,,3,SUR,-1.1,
TQBR,2018-12-13,Сбербанк,SBER,59564,8266209067.4,190.25,188.56,191.55,189.17,189.98,189.17,43510520,189.98,189.98,189.17,8266209067.4,8266209067.4,8266209067.4,,3,SUR,-0.67,
TQBR,2018-12-14,Сбербанк,SBER,91437,13613007249.8,188.5,183.73,189.1,184.93,185.69,184.93,73307750,185.7,185.7,184.93,13613007249.8,13613007249.8,13613007249.8,,3,SUR,-2.24,
TQBR,2018-12-17,Сбербанк,SBER,66010,11052002008.7,184.63,182.11,186.96,182.3,184.58,182.3,59876690,184.58,184.58,182.3,11052002008.7,11052002008.7,11052002008.7,,3,SUR,-1.42,
TQBR,2018-12-18,Сбербанк,SBER,79498,14678476272.8,180.59,180.37,186.6,186.6,182.73,186.6,80342620,182.7,182.7,186.6,14678476272.8,14678476272.8,14678476272.8,,3,SUR,2.36,
TQBR,2018-12-19,Сбербанк,SBER,69078,11576233463.1,185.5,184.35,188.85,188.85,186.85,188.85,61953220,186.85,186.85,188.85,11576233463.1,11576233463.1,11576233463.1,,3,SUR,1.21,
TQBR,2018-12-20,Сбербанк,SBER,100261,16685397398.5,186.0,185.31,191.82,189.3,189.35,189.3,88123070,189.34,189.34,189.3,16685397398.5,16685397398.5,16685397398.5,,3,SUR,0.24,
TQBR,2018-12-21,Сбербанк,SBER,59389,11346374195.8,188.74,185.7,190.05,186.79,187.13,186.79,60633190,187.13,187.13,186.79,11346374195.8,11346374195.8,11346374195.8,,3,SUR,-1.33,
TQBR,2018-12-24,Сбербанк,SBER,41706,6022072846.5,186.1,183.51,187.26,184.3,184.79,184.3,32587550,184.8,184.8,184.3,6022072846.5,6022072846.5,6022072846.5,,3,SUR,-1.33,
TQBR,2018-12-25,Сбербанк,SBER,50660,6298604219.7,182.42,179.04,183.47,183.3,181.29,183.3,34732450,181.35,181.35,183.3,6298604219.7,6298604219.7,6298604219.7,,3,SUR,-0.54,
TQBR,2018-12-26,Сбербанк,SBER,39344,5541701129.1,183.9,182.35,185.5,183.4,183.94,183.4,30129900,183.93,183.93,183.4,5541701129.1,5541701129.1,5541701129.1,,3,SUR,0.05,
TQBR,2018-12-27,Сбербанк,SBER,53889,8820686720.4,187.4,184.18,187.4,185.0,185.59,185.0,47527120,185.59,185.59,185.0,8820686720.4,8820686720.4,8820686720.4,,3,SUR,0.87,
TQBR,2018-12-28,Сбербанк,SBER,42086,7418966648.8,185.78,184.98,187.22,186.5,186.26,186.5,39831090,186.26,186.26,186.5,7418966648.8,7418966648.8,7418966648.8,,3,SUR,0.81,
TQBR,2018-12-29,Сбербанк,SBER,18006,1705839164.6,186.9,185.31,187.0,186.3,186.05,186.3,9167600,186.07,186.07,186.3,1705839164.6,1705839164.6,1705839164.6,,3,SUR,-0.11,
TQBR,2019-01-03,Сбербанк,SBER,53289,7606839232.6,186.37,186.0,191.5,186.99,188.97,186.99,40249190,188.99,188.99,186.99,7606839232.6,7606839232.6,7606839232.6,,3,SUR,0.37,
TQBR,2019-01-04,Сбербанк,SBER,38187,6178982723.2,188.0,187.77,190.99,190.99,189.64,190.99,32583360,189.64,189.64,190.99,6178982723.2,6178982723.2,6178982723.2,,3,SUR,2.14,
TQBR,2019-01-08,Сбербанк,SBER,50774,7439747926.7,191.65,190.37,193.18,191.24,191.48,191.24,38856560,191.47,191.47,191.24,7439747926.7,7439747926.7,7439747926.7,,3,SUR,0.13,
TQBR,2019-01-09,Сбербанк,SBER,84870,13793750286.7,192.71,192.1,197.0,197.0,195.08,197.0,70707820,195.08,195.08,197.0,13793750286.7,13793750286.7,13793750286.7,,3,SUR,3.01,
TQBR,2019-01-10,Сбербанк,SBER,60240,11072132895.5,196.25,195.03,197.64,196.75,196.39,196.75,56378780,196.39,196.39,196.75,11072132895.5,11072132895.5,11072132895.5,,3,SUR,-0.13,
TQBR,2019-01-11,Сбербанк,SBER,62654,12591455167.1,197.11,195.61,198.96,196.8,197.32,196.8,63811140,197.32,197.32,196.8,12591455167.1,12591455167.1,12591455167.1,,3,SUR,0.03,
TQBR,2019-01-14,Сбербанк,SBER,49556,8750022132.0,195.7,194.0,197.44,196.8,195.42,196.8,44774070,195.43,195.43,196.8,8750022132.0,8750022132.0,8750022132.0,,3,SUR,0.0,
TQBR,2019-01-15,Сбербанк,SBER,67125,10510647840.0,197.4,195.91,198.84,198.0,197.51,198.0,53217180,197.5,197.5,198.0,10510647840.0,10510647840.0,10510647840.0,,3,SUR,0.61,
TQBR,2019-01-16,Сбербанк,SBER,65341,12483769929.2,198.64,198.02,201.3,201.26,199.84,201.26,62469270,199.84,199.84,201.26,12483769929.2,12483769929.2,12483769929.2,,3,SUR,1.65,
TQBR,2019-01-17,Сбербанк,SBER,70229,12142891257.6,201.66,201.05,203.55,203.32,202.42,203.32,59989420,202.42,202.42,203.32,12142891257.6,12142891257.6,12142891257.6,,3,SUR,1.02,
TQBR,2019-01-18,Сбербанк,SBER,80743,15305706306.9,204.6,203.83,208.44,208.44,205.91,208.44,74335240,205.9,205.9,208.44,15305706306.9,15305706306.9,15305706306.9,,3,SUR,2.52,
TQBR,2019-01-21,Сбербанк,SBER,65028,11585526896.5,208.91,207.17,210.2,207.17,208.66,207.17,55523010,208.66,208.66,207.17,11585526896.5,11585526896.5,11585526896.5,,3,SUR,-0.61,
TQBR,2019-01-22,Сбербанк,SBER,60472,10635473806.4,206.66,205.63,208.88,207.95,207.07,207.95,51361560,207.07,207.07,207.95,10635473806.4,10635473806.4,10635473806.4,,3,SUR,0.38,
TQBR,2019-01-23,Сбербанк,SBER,82334,16773945829.3,207.78,207.52,212.0,210.4,210.29,210.4,79765560,210.29,210.29,210.4,16773945829.3,16773945829.3,16773945829.3,,3,SUR,1.18,
TQBR,2019-01-24,Сбербанк,SBER,81805,16607825656.3,210.4,208.55,213.43,212.2,211.46,212.2,78537190,211.46,211.46,212.2,16607825656.3,16607825656.3,16607825656.3,,3,SUR,0.86,
TQBR,2019-01-25,Сбербанк,SBER,62462,12531962919.7,212.76,211.01,214.14,212.0,212.97,212.0,58844660,212.97,212.97,212.0,12531962919.7,12531962919.7,12531962919.7,,3,SUR,-0.09,
TQBR,2019-01-28,Сбербанк,SBER,59829,11922142893.0,212.0,207.63,213.3,209.7,210.87,209.7,56537300,210.87,210.87,209.7,11922142893.0,11922142893.0,11922142893.0,,3,SUR,-1.08,
TQBR,2019-01-29,Сбербанк,SBER,79168,13471004729.3,209.71,206.91,214.49,213.61,210.61,213.61,63963210,210.61,210.61,213.61,13471004729.3,13471004729.3,13471004729.3,,3,SUR,1.86,
TQBR,2019-01-30,Сбербанк,SBER,65737,12699037074.2,213.8,212.22,215.7,213.14,214.07,213.14,59319900,214.08,214.08,213.14,12699037074.2,12699037074.2,12699037074.2,,3,SUR,-0.22,
TQBR,2019-01-31,Сбербанк,SBER,84599,17427452979.0,215.17,214.67,218.1,217.9,216.91,217.9,80344740,216.91,216.91,217.9,17427452979.0,17427452979.0,17427452979.0,,3,SUR,2.23,
TQBR,2019-02-01,Сбербанк,SBER,70991,12025357439.1,218.0,215.01,218.7,216.29,216.63,216.29,55512060,216.63,216.63,216.29,12025357439.1,12025357439.1,12025357439.1,,3,SUR,-0.74,
TQBR,2019-02-04,Сбербанк,SBER,48752,8834464267.9,216.25,215.06,217.14,215.5,215.87,215.5,40925530,215.87,215.87,215.5,8834464267.9,8834464267.9,8834464267.9,,3,SUR,-0.37,
TQBR,2019-02-05,Сбербанк,SBER,59137,10141679731.1,216.0,214.61,218.55,217.85,217.21,217.85,46690970,217.21,217.21,217.85,10141679731.1,10141679731.1,10141679731.1,,3,SUR,1.09,
TQBR,2019-02-06,Сбербанк,SBER,53263,10000436468.6,217.9,215.41,218.15,216.59,216.67,216.59,46155500,216.67,216.67,216.59,10000436468.6,10000436468.6,10000436468.6,,3,SUR,-0.58,
TQBR,2019-02-07,Сбербанк,SBER,80316,14794746671.6,216.0,210.6,216.65,211.01,213.64,211.01,69248500,213.65,213.65,211.01,14794746671.6,14794746671.6,14794746671.6,,3,SUR,-2.58,
TQBR,2019-02-08,Сбербанк,SBER,65957,10896313543.1,210.0,208.7,211.93,210.43,210.36,210.43,51799020,210.36,210.36,210.43,10896313543.1,10896313543.1,10896313543.1,,3,SUR,-0.27,
TQBR,2019-02-11,Сбербанк,SBER,63135,10599898803.9,211.0,210.8,214.72,214.0,213.46,214.0,49657780,213.46,213.46,214.0,10599898803.9,10599898803.9,10599898803.9,,3,SUR,1.7,
TQBR,2019-02-12,Сбербанк,SBER,78953,16027207897.2,214.8,214.6,219.45,219.1,217.31,219.1,73724050,217.39,217.39,219.1,16027207897.2,16027207897.2,16027207897.2,,3,SUR,2.38,
TQBR,2019-02-13,Сбербанк,SBER,107519,18429888789.7,219.62,213.1,220.7,213.9,216.23,213.9,85228940,216.24,216.24,213.9,18429888789.7,18429888789.7,18429888789.7,,3,SUR,-2.37,
TQBR,2019-02-14,Сбербанк,SBER,174438,32089490182.2,208.5,201.7,209.85,204.43,205.93,204.43,155830530,205.93,205.93,204.43,32089490182.2,32089490182.2,32089490182.2,,3,SUR,-4.43,
TQBR,2019-02-15,Сбербанк,SBER,88066,16440157393.8,205.92,205.52,209.0,208.0,207.54,208.0,79213270,207.54,207.54,208.0,16440157393.8,16440157393.8,16440157393.8,,3,SUR,1.75,
TQBR,2019-02-18,Сбербанк,SBER,92315,15744768858.2,208.83,203.2,209.73,204.19,205.39,204.19,76658220,205.39,205.39,204.19,15744768858.2,15744768858.2,15744768858.2,,3,SUR,-1.83,
TQBR,2019-02-19,Сбербанк,SBER,88469,13555179033.4,203.6,201.1,205.6,202.08,203.2,202.08,66705090,203.21,203.21,202.08,13555179033.4,13555179033.4,13555179033.4,,3,SUR,-1.03,
TQBR,2019-02-20,Сбербанк,SBER,80394,13696412235.1,203.9,203.23,206.89,206.89,205.0,206.89,66813180,205.0,205.0,206.89,13696412235.1,13696412235.1,13696412235.1,,3,SUR,2.38,
TQBR,2019-02-21,Сбербанк,SBER,80450,13952696321.2,207.55,202.3,207.87,203.41,204.71,203.41,68159040,204.71,204.71,203.41,13952696321.2,13952696321.2,13952696321.2,,3,SUR,-1.68,
TQBR,2019-02-22,Сбербанк,SBER,56272,9375758283.4,203.61,203.03,206.1,205.25,204.85,205.25,45768640,204.85,204.85,205.25,9375758283.4,9375758283.4,9375758283.4,,3,SUR,0.9,
TQBR,2019-02-25,Сбербанк,SBER,81346,14637840913.3,205.5,204.2,208.6,205.86,206.36,205.86,70929780,206.37,206.37,205.86,14637840913.3,14637840913.3,14637840913.3,,3,SUR,0.3,
TQBR,2019-02-26,Сбербанк,SBER,58520,10380382815.4,204.8,202.9,205.8,205.8,204.22,205.8,50829020,204.22,204.22,205.8,10380382815.4,10380382815.4,10380382815.4,,3,SUR,-0.03,
TQBR,2019-02-27,Сбербанк,SBER,54607,11103169212.5,206.05,203.9,206.9,205.4,205.02,205.4,54146260,205.06,205.06,205.4,11103169212.5,11103169212.5,11103169212.5,,3,SUR,-0.19,
TQBR,2019-02-28,Сбербанк,SBER,69522,12861351787.8,205.0,204.16,208.89,207.8,206.31,207.8,62340230,206.31,206.31,207.8,12861351787.8,12861351787.8,12861351787.8,,3,SUR,1.17,
TQBR,2019-03-01,Сбербанк,SBER,53528,9559048167.2,208.48,206.1,209.0,206.54,207.32,206.54,46106110,207.33,207.33,206.54,9559048167.2,9559048167.2,9559048167.2,,3,SUR,-0.61,
TQBR,2019-03-04,Сбербанк,SBER,40665,6528156160.1,207.0,205.25,207.5,205.5,206.18,205.5,31661100,206.19,206.19,205.5,6528156160.1,6528156160.1,6528156160.1,,3,SUR,-0.5,
TQBR,2019-03-05,Сбербанк,SBER,57193,9445365469.6,204.9,202.25,204.9,202.92,203.46,202.92,46422920,203.46,203.46,202.92,9445365469.6,9445365469.6,9445365469.6,,3,SUR,-1.26,
TQBR,2019-03-06,Сбербанк,SBER,58450,10817493630.0,202.74,202.6,205.7,205.0,204.33,205.0,52940220,204.33,204.33,205.0,10817493630.0,10817493630.0,10817493630.0,,3,SUR,1.03,
TQBR,2019-03-07,Сбербанк,SBER,53046,9440119640.4,205.1,203.5,206.67,203.95,204.86,203.95,46079750,204.86,204.86,203.95,9440119640.4,9440119640.4,9440119640.4,,3,SUR,-0.51,
TQBR,2019-03-11,Сбербанк,SBER,46937,8673746363.1,203.2,202.56,205.6,205.25,204.16,205.25,42484580,204.16,204.16,205.25,8673746363.1,8673746363.1,8673746363.1,,3,SUR,0.64,
TQBR,2019-03-12,Сбербанк,SBER,48121,8692197347.6,206.5,204.4,206.89,205.1,205.52,205.1,42292620,205.53,205.53,205.1,8692197347.6,8692197347.6,8692197347.6,,3,SUR,-0.07,
TQBR,2019-03-13,Сбербанк,SBER,37508,5846626647.6,204.69,203.8,206.0,206.0,204.87,206.0,28536880,204.88,204.88,206.0,5846626647.6,5846626647.6,5846626647.6,,3,SUR,0.44,
TQBR,2019-03-14,Сбербанк,SBER,61000,8972775024.4,205.6,203.5,206.38,203.66,204.49,203.66,43879390,204.49,204.49,203.66,8972775024.4,8972775024.4,8972775024.4,,3,SUR,-1.14,
TQBR,2019-03-15,Сбербанк,SBER,33468,7336045663.3,204.2,203.55,204.95,203.55,204.04,203.55,35953260,204.04,204.04,203.55,7336045663.3,7336045663.3,7336045663.3,,3,SUR,-0.05,
TQBR,2019-03-18,Сбербанк,SBER,49240,8389470396.4,204.25,204.11,206.14,205.9,205.35,205.9,40854520,205.35,205.35,205.9,8389470396.4,8389470396.4,8389470396.4,,3,SUR,1.15,
TQBR,2019-03-19,Сбербанк,SBER,59764,9903533910.2,206.4,205.93,208.31,207.7,207.23,207.7,47791920,207.22,207.22,207.7,9903533910.2,9903533910.2,9903533910.2,,3,SUR,0.87,
TQBR,2019-03-20,Сбербанк,SBER,59941,11569085791.0,207.6,206.4,209.84,209.8,208.31,209.8,55535200,208.32,208.32,209.8,11569085791.0,11569085791.0,11569085791.0,,3,SUR,1.01,
TQBR,2019-03-21,Сбербанк,SBER,73809,14163016455.2,210.25,209.77,212.29,210.61,211.26,210.61,67037150,211.27,211.27,210.61,14163016455.2,14163016455.2,14163016455.2,,3,SUR,0.39,
TQBR,2019-03-22,Сбербанк,SBER,55996,10313343201.3,210.61,206.7,211.29,207.7,208.68,207.7,49421400,208.68,208.68,207.7,10313343201.3,10313343201.3,10313343201.3,,3,SUR,-1.38,
TQBR,2019-03-25,Сбербанк,SBER,103887,22848249253.9,206.63,205.55,214.2,214.0,211.33,214.0,108111450,211.34,211.34,214.0,22848249253.9,22848249253.9,22848249253.9,,3,SUR,3.03,
TQBR,2019-03-26,Сбербанк,SBER,82615,17633502019.4,214.7,213.13,218.46,218.0,216.45,218.0,81466100,216.45,216.45,218.0,17633502019.4,17633502019.4,17633502019.4,,3,SUR,1.87,
TQBR,2019-03-27,Сбербанк,SBER,76496,15596522767.4,218.2,214.1,219.25,214.1,216.63,214.1,71996140,216.63,216.63,214.1,15596522767.4,15596522767.4,15596522767.4,,3,SUR,-1.79,
TQBR,2019-03-28,Сбербанк,SBER,46189,10216959979.2,214.15,213.72,215.95,215.07,214.8,215.07,47565550,214.8,214.8,215.07,10216959979.2,10216959979.2,10216959979.2,,3,SUR,0.45,
TQBR,2019-03-29,Сбербанк,SBER,73653,18553632347.3,215.99,214.4,218.19,214.42,216.21,214.42,85814090,216.21,216.21,214.42,18553632347.3,18553632347.3,18553632347.3,,3,SUR,-0.3,
TQBR,2019-04-01,Сбербанк,SBER,52988,11253074150.2,215.05,215.01,218.11,217.7,217.22,217.7,51803650,217.23,217.23,217.7,11253074150.2,11253074150.2,11253074150.2,,3,SUR,1.53,
TQBR,2019-04-02,Сбербанк,SBER,50411,10751708504.0,218.75,216.8,219.32,218.23,218.38,218.23,49230090,218.4,218.4,218.23,10751708504.0,10751708504.0,10751708504.0,,3,SUR,0.24,
TQBR,2019-04-03,Сбербанк,SBER,91673,20531098477.6,220.1,218.88,224.16,219.05,221.38,219.05,92738080,221.39,221.39,219.05,20531098477.6,20531098477.6,20531098477.6,,3,SUR,0.38,
TQBR,2019-04-04,Сбербанк,SBER,59557,11446112440.2,218.49,218.01,221.85,221.8,220.27,221.8,51964100,220.27,220.27,221.8,11446112440.2,11446112440.2,11446112440.2,,3,SUR,1.26,
TQBR,2019-04-05,Сбербанк,SBER,81039,17547675168.7,222.6,222.03,227.7,227.5,224.82,227.5,78052850,224.82,224.82,227.5,17547675168.7,17547675168.7,17547675168.7,,3,SUR,2.57,
TQBR,2019-04-08,Сбербанк,SBER,80784,16291618232.9,227.93,227.9,232.3,232.3,229.92,232.3,70857870,229.92,229.92,232.3,16291618232.9,16291618232.9,16291618232.9,,3,SUR,2.11,
TQBR,2019-04-09,Сбербанк,SBER,111141,27784863995.4,233.5,232.39,238.9,238.0,236.61,238.0,117431200,236.61,236.61,238.0,27784863995.4,27784863995.4,27784863995.4,,3,SUR,2.45,
TQBR,2019-04-10,Сбербанк,SBER,140430,31346391662.0,239.0,237.94,245.25,243.68,242.3,243.68,129370870,242.3,242.3,243.68,31346391662.0,31346391662.0,31346391662.0,,3,SUR,2.39,
TQBR,2019-04-11,Сбербанк,SBER,130144,25595059413.5,244.4,238.86,247.23,238.86,242.8,238.86,105413510,242.81,242.81,238.86,25595059413.5,25595059413.5,25595059413.5,,3,SUR,-1.98,
TQBR,2019-04-12,Сбербанк,SBER,99276,23085050839.9,240.0,237.0,243.15,239.5,239.91,239.5,96227220,239.9,239.9,239.5,23085050839.9,23085050839.9,23085050839.9,,3,SUR,0.27,
TQBR,2019-04-15,Сбербанк,SBER,68217,11472210998.8,240.35,237.06,242.3,237.8,239.58,237.8,47884980,239.58,239.58,237.8,11472210998.8,11472210998.8,11472210998.8,,3,SUR,-0.71,
TQBR,2019-04-16,Сбербанк,SBER,103633,20298807946.6,239.0,232.32,239.5,233.24,234.84,233.24,86433710,234.85,234.85,233.24,20298807946.6,20298807946.6,20298807946.6,,3,SUR,-1.92,
TQBR,2019-04-17,Сбербанк,SBER,78262,16427399744.4,234.5,232.0,235.75,234.3,233.88,234.3,70239480,233.88,233.88,234.3,16427399744.4,16427399744.4,16427399744.4,,3,SUR,0.45,
TQBR,2019-04-18,Сбербанк,SBER,77228,12943427799.9,233.83,230.84,234.11,232.79,232.26,232.79,55729500,232.25,232.25,232.79,12943427799.9,12943427799.9,12943427799.9,,3,SUR,-0.64,
TQBR,2019-04-19,Сбербанк,SBER,23305,2862831138.4,233.49,231.9,233.5,232.6,232.74,232.6,12300520,232.74,232.74,232.6,2862831138.4,2862831138.4,2862831138.4,,3,SUR,-0.08,
TQBR,2019-04-22,Сбербанк,SBER,71052,10397459472.8,233.7,233.05,236.09,235.41,234.8,235.41,44282380,234.8,234.8,235.41,10397459472.8,10397459472.8,10397459472.8,,3,SUR,1.21,
TQBR,2019-04-23,Сбербанк,SBER,71169,13418935007.5,236.0,234.16,237.56,235.67,235.93,235.67,56873940,235.94,235.94,235.67,13418935007.5,13418935007.5,13418935007.5,,3,SUR,0.11,
TQBR,2019-04-24,Сбербанк,SBER,53281,10266634044.4,235.0,233.94,236.47,236.0,235.37,236.0,43619460,235.37,235.37,236.0,10266634044.4,10266634044.4,10266634044.4,,3,SUR,0.14,
TQBR,2019-04-25,Сбербанк,SBER,106612,23343816029.6,235.68,227.8,236.0,227.8,231.56,227.8,100809150,231.56,231.56,227.8,23343816029.6,23343816029.6,23343816029.6,,3,SUR,-3.47,
TQBR,2019-04-26,Сбербанк,SBER,90983,21096827673.8,227.46,222.08,227.47,223.18,224.13,223.18,94128120,224.13,224.13,223.18,21096827673.8,21096827673.8,21096827673.8,,3,SUR,-2.03,
TQBR,2019-04-29,Сбербанк,SBER,61787,11045122505.5,223.7,223.05,229.09,228.8,226.18,228.8,48833240,226.18,226.18,228.8,11045122505.5,11045122505.5,11045122505.5,,3,SUR,2.52,
TQBR,2019-04-30,Сбербанк,SBER,65465,14338585768.1,229.01,223.81,229.02,225.17,225.94,225.17,63461350,225.94,225.94,225.17,14338585768.1,14338585768.1,14338585768.1,,3,SUR,-1.59,
TQBR,2019-05-02,Сбербанк,SBER,47383,8345545316.6,226.0,225.85,229.84,229.1,228.41,229.1,36536970,228.41,228.41,229.1,8345545316.6,8345545316.6,8345545316.6,,3,SUR,1.75,
TQBR,2019-05-03,Сбербанк,SBER,63091,10995571036.2,229.7,228.55,233.0,232.52,230.83,232.52,47635490,230.83,230.83,232.52,10995571036.2,10995571036.2,10995571036.2,,3,SUR,1.49,
TQBR,2019-05-06,Сбербанк,SBER,58451,11128064650.4,228.75,227.0,232.8,232.8,229.47,232.8,48493800,229.47,229.47,232.8,11128064650.4,11128064650.4,11128064650.4,,3,SUR,0.12,
TQBR,2019-05-07,Сбербанк,SBER,54952,10798164156.9,232.7,230.26,234.34,231.49,232.11,231.49,46520740,232.12,232.12,231.49,10798164156.9,10798164156.9,10798164156.9,,3,SUR,-0.56,
TQBR,2019-05-08,Сбербанк,SBER,42302,9760522510.4,231.03,229.5,232.5,230.0,230.74,230.0,42299640,230.75,230.75,230.0,9760522510.4,9760522510.4,9760522510.4,,3,SUR,-0.64,
TQBR,2019-05-10,Сбербанк,SBER,50335,10117567873.4,227.0,226.11,229.49,227.0,227.88,227.0,44398820,227.88,227.88,227.0,10117567873.4,10117567873.4,10117567873.4,,3,SUR,-1.3,
TQBR,2019-05-13,Сбербанк,SBER,57412,10653573231.2,226.51,224.15,228.67,224.22,226.23,224.22,47092220,226.23,226.23,224.22,10653573231.2,10653573231.2,10653573231.2,,3,SUR,-1.22,
TQBR,2019-05-14,Сбербанк,SBER,79136,17481625434.6,224.55,224.55,230.55,227.88,228.24,227.88,76594470,228.24,228.24,227.88,17481625434.6,17481625434.6,17481625434.6,,3,SUR,1.63,
TQBR,2019-05-15,Сбербанк,SBER,62232,13902878592.5,228.92,224.43,230.96,228.69,227.45,228.69,61125230,227.45,227.45,228.69,13902878592.5,13902878592.5,13902878592.5,,3,SUR,0.36,
TQBR,2019-05-16,Сбербанк,SBER,42995,9213037193.4,229.0,227.59,231.45,228.19,229.56,228.19,40133150,229.56,229.56,228.19,9213037193.4,9213037193.4,9213037193.4,,3,SUR,-0.22,
TQBR,2019-05-17,Сбербанк,SBER,33624,6477834359.6,227.0,226.0,228.24,226.94,227.11,226.94,28523030,227.11,227.11,226.94,6477834359.6,6477834359.6,6477834359.6,,3,SUR,-0.55,
TQBR,2019-05-20,Сбербанк,SBER,42227,6849501464.9,228.23,225.1,229.18,226.0,226.61,226.0,30226170,226.61,226.61,226.0,6849501464.9,6849501464.9,6849501464.9,,3,SUR,-0.41,
TQBR,2019-05-21,Сбербанк,SBER,66536,13542510908.4,227.02,226.04,232.71,232.71,229.23,232.71,59079510,229.23,229.23,232.71,13542510908.4,13542510908.4,13542510908.4,,3,SUR,2.97,
TQBR,2019-05-22,Сбербанк,SBER,70984,13965801460.5,233.13,230.8,237.4,235.86,234.99,235.86,59430610,234.99,234.99,235.86,13965801460.5,13965801460.5,13965801460.5,,3,SUR,1.35,
TQBR,2019-05-23,Сбербанк,SBER,65100,11948509779.5,234.5,228.57,235.37,229.3,231.93,229.3,51517700,231.93,231.93,229.3,11948509779.5,11948509779.5,11948509779.5,,3,SUR,-2.78,
TQBR,2019-05-24,Сбербанк,SBER,77892,15426776802.8,231.2,231.2,236.45,234.45,234.15,234.45,65885440,234.15,234.15,234.45,15426776802.8,15426776802.8,15426776802.8,,3,SUR,2.25,
TQBR,2019-05-27,Сбербанк,SBER,44098,6539312871.4,235.28,233.83,237.0,236.0,235.34,236.0,27786310,235.34,235.34,236.0,6539312871.4,6539312871.4,6539312871.4,,3,SUR,0.66,
TQBR,2019-05-28,Сбербанк,SBER,72494,17376341037.5,236.5,230.6,237.47,233.19,234.45,233.19,74118940,234.44,234.44,233.19,17376341037.5,17376341037.5,17376341037.5,,3,SUR,-1.19,
TQBR,2019-05-29,Сбербанк,SBER,58122,12058285065.1,232.1,230.25,234.3,233.4,232.64,233.4,51831510,232.64,232.64,233.4,12058285065.1,12058285065.1,12058285065.1,,3,SUR,0.09,
TQBR,2019-05-30,Сбербанк,SBER,40649,8499588638.8,234.55,231.91,235.21,232.75,233.4,232.75,36413600,233.42,233.42,232.75,8499588638.8,8499588638.8,8499588638.8,,3,SUR,-0.28,
TQBR,2019-05-31,Сбербанк,SBER,62926,12379239716.0,230.56,229.21,234.1,233.24,231.25,233.24,53532020,231.25,231.25,233.24,12379239716.0,12379239716.0,12379239716.0,,3,SUR,0.21,
TQBR,2019-06-03,Сбербанк,SBER,96173,20073174687.7,231.18,230.35,241.5,239.95,237.64,239.95,84461310,237.66,237.66,239.95,20073174687.7,20073174687.7,20073174687.7,,3,SUR,2.88,
TQBR,2019-06-04,Сбербанк,SBER,82254,16602617098.4,239.88,234.8,240.25,236.0,236.98,236.0,70060790,236.97,236.97,236.0,16602617098.4,16602617098.4,16602617098.4,,3,SUR,-1.65,
TQBR,2019-06-05,Сбербанк,SBER,62359,12596463385.2,236.0,235.11,240.3,239.0,238.29,239.0,52861630,238.29,238.29,239.0,12596463385.2,12596463385.2,12596463385.2,,3,SUR,1.27,
TQBR,2019-06-06,Сбербанк,SBER,72692,14957128724.6,238.87,238.53,246.34,244.89,243.76,244.89,61360950,243.76,243.76,244.89,14957128724.6,14957128724.6,14957128724.6,,3,SUR,2.46,
TQBR,2019-06-07,Сбербанк,SBER,64325,16949585336.6,246.36,246.06,249.0,248.28,247.72,248.28,68423470,247.72,247.72,248.28,16949585336.6,16949585336.6,16949585336.6,,3,SUR,1.38,
TQBR,2019-06-10,Сбербанк,SBER,68298,15582010956.3,249.55,245.2,250.65,249.0,248.53,249.0,62696710,248.53,248.53,249.0,15582010956.3,15582010956.3,15582010956.3,,3,SUR,0.29,
TQBR,2019-06-11,Сбербанк,SBER,77385,16115167732.3,235.51,235.11,239.0,235.89,237.19,235.89,67944000,237.18,237.18,235.89,16115167732.3,16115167732.3,16115167732.3,,3,SUR,-5.27,
TQBR,2019-06-13,Сбербанк,SBER,96751,17852206746.3,236.55,232.55,241.07,240.49,237.23,240.49,75253430,237.23,237.23,240.49,17852206746.3,17852206746.3,17852206746.3,,3,SUR,1.95,
TQBR,2019-06-14,Сбербанк,SBER,70138,12115076103.7,240.55,237.1,243.8,238.8,240.33,238.8,50409780,240.33,240.33,238.8,12115076103.7,12115076103.7,12115076103.7,,3,SUR,-0.7,
TQBR,2019-06-17,Сбербанк,SBER,43596,8036458694.4,239.0,237.5,240.87,237.8,239.03,237.8,33622230,239.02,239.02,237.8,8036458694.4,8036458694.4,8036458694.4,,3,SUR,-0.42,
TQBR,2019-06-18,Сбербанк,SBER,64746,11706132989.0,237.25,236.36,241.99,241.8,239.11,241.8,48958470,239.1,239.1,241.8,11706132989.0,11706132989.0,11706132989.0,,3,SUR,1.68,
TQBR,2019-06-19,Сбербанк,SBER,45932,8156723970.1,242.95,238.7,242.95,240.4,240.29,240.4,33945380,240.29,240.29,240.4,8156723970.1,8156723970.1,8156723970.1,,3,SUR,-0.58,
TQBR,2019-06-20,Сбербанк,SBER,72918,15685985981.2,242.0,241.4,244.99,244.1,243.64,244.1,64381820,243.64,243.64,244.1,15685985981.2,15685985981.2,15685985981.2,,3,SUR,1.54,
TQBR,2019-06-21,Сбербанк,SBER,64580,14650470642.3,243.0,237.56,243.9,238.02,239.93,238.02,61061660,239.93,239.93,238.02,14650470642.3,14650470642.3,14650470642.3,,3,SUR,-2.49,
TQBR,2019-06-24,Сбербанк,SBER,36124,6643127409.0,239.06,238.42,240.75,239.09,239.62,239.09,27723430,239.62,239.62,239.09,6643127409.0,6643127409.0,6643127409.0,,3,SUR,0.45,
TQBR,2019-06-25,Сбербанк,SBER,51912,9093981303.5,238.98,234.2,239.2,236.7,235.91,236.7,38549170,235.91,235.91,236.7,9093981303.5,9093981303.5,9093981303.5,,3,SUR,-1.0,
TQBR,2019-06-26,Сбербанк,SBER,54538,9501367310.9,236.8,235.81,241.37,240.59,239.24,240.59,39714300,239.24,239.24,240.59,9501367310.9,9501367310.9,9501367310.9,,3,SUR,1.64,
TQBR,2019-06-27,Сбербанк,SBER,60862,11575678587.9,240.42,238.3,242.44,240.5,240.3,240.5,48171380,240.3,240.3,240.5,11575678587.9,11575678587.9,11575678587.9,,3,SUR,-0.04,
TQBR,2019-06-28,Сбербанк,SBER,44354,8002503226.7,240.0,237.87,241.23,238.55,239.56,238.55,33405070,239.56,239.56,238.55,8002503226.7,8002503226.7,8002503226.7,,3,SUR,-0.81,
TQBR,2019-07-01,Сбербанк,SBER,64685,12301680169.7,240.98,240.21,243.9,242.98,242.36,242.98,50758220,242.36,242.36,242.98,12301680169.7,12301680169.7,12301680169.7,,3,SUR,1.86,
TQBR,2019-07-02,Сбербанк,SBER,39577,6884237874.5,242.51,239.7,242.74,241.2,240.84,241.2,28583620,240.85,240.85,241.2,6884237874.5,6884237874.5,6884237874.5,,3,SUR,-0.73,
TQBR,2019-07-03,Сбербанк,SBER,40293,7929103535.0,241.0,240.17,243.7,241.51,242.25,241.51,32731470,242.25,242.25,241.51,7929103535.0,7929103535.0,7929103535.0,,3,SUR,0.13,
TQBR,2019-07-04,Сбербанк,SBER,33790,6130734609.1,241.97,240.81,243.0,242.82,242.16,242.82,25316980,242.16,242.16,242.82,6130734609.1,6130734609.1,6130734609.1,,3,SUR,0.54,
TQBR,2019-07-05,Сбербанк,SBER,32325,6760464589.7,242.91,241.61,243.5,242.83,242.55,242.83,27870840,242.56,242.56,242.83,6760464589.7,6760464589.7,6760464589.7,,3,SUR,0.0,
TQBR,2019-07-08,Сбербанк,SBER,36873,6925195477.3,242.13,240.68,243.3,243.3,241.97,243.3,28620550,241.97,241.97,243.3,6925195477.3,6925195477.3,6925195477.3,,3,SUR,0.19,
TQBR,2019-07-09,Сбербанк,SBER,36501,6403927430.2,243.0,241.87,243.7,242.74,242.75,242.74,26380230,242.75,242.75,242.74,6403927430.2,6403927430.2,6403927430.2,,3,SUR,-0.23,
TQBR,2019-07-10,Сбербанк,SBER,53216,10143952505.1,243.1,242.01,245.5,243.76,243.86,243.76,41599760,243.85,243.85,243.76,10143952505.1,10143952505.1,10143952505.1,,3,SUR,0.42,
TQBR,2019-07-11,Сбербанк,SBER,45254,8036453218.6,244.5,240.17,244.97,241.3,242.31,241.3,33165890,242.31,242.31,241.3,8036453218.6,8036453218.6,8036453218.6,,3,SUR,-1.01,
TQBR,2019-07-12,Сбербанк,SBER,57659,11344426526.7,241.29,236.37,241.5,237.02,237.88,237.02,47691520,237.87,237.87,237.02,11344426526.7,11344426526.7,11344426526.7,,3,SUR,-1.77,
TQBR,2019-07-15,Сбербанк,SBER,58705,10665551854.6,237.9,234.23,238.59,235.27,236.64,235.27,45070430,236.64,236.64,235.27,10665551854.6,10665551854.6,10665551854.6,,3,SUR,-0.74,
TQBR,2019-07-16,Сбербанк,SBER,52305,8469613947.2,234.68,232.25,235.3,234.75,233.82,234.75,36223090,233.82,233.82,234.75,8469613947.2,8469613947.2,8469613947.2,,3,SUR,-0.22,
TQBR,2019-07-17,Сбербанк,SBER,50156,7916484903.5,234.32,233.5,238.04,234.63,236.1,234.63,33529510,236.1,236.1,234.63,7916484903.5,7916484903.5,7916484903.5,,3,SUR,-0.05,
TQBR,2019-07-18,Сбербанк,SBER,32303,5421952289.0,234.0,233.5,236.4,234.78,235.17,234.78,23057060,235.15,235.15,234.78,5421952289.0,5421952289.0,5421952289.0,,3,SUR,0.06,
TQBR,2019-07-19,Сбербанк,SBER,46965,8156962941.6,236.34,232.32,237.93,232.85,235.03,232.85,34706170,235.03,235.03,232.85,8156962941.6,8156962941.6,8156962941.6,,3,SUR,-0.82,
TQBR,2019-07-22,Сбербанк,SBER,53685,8783436642.4,233.0,228.57,233.98,230.35,231.46,230.35,37949300,231.45,231.45,230.35,8783436642.4,8783436642.4,8783436642.4,,3,SUR,-1.07,
TQBR,2019-07-23,Сбербанк,SBER,43681,8401389505.7,230.5,228.52,232.83,232.48,231.05,232.48,36363560,231.04,231.04,232.48,8401389505.7,8401389505.7,8401389505.7,,3,SUR,0.92,
TQBR,2019-07-24,Сбербанк,SBER,37575,6355386841.4,233.7,229.9,234.0,230.65,232.25,230.65,27365890,232.24,232.24,230.65,6355386841.4,6355386841.4,6355386841.4,,3,SUR,-0.79,
TQBR,2019-07-25,Сбербанк,SBER,42521,7688444437.3,230.0,229.02,234.65,232.9,232.44,232.9,33078390,232.43,232.43,232.9,7688444437.3,7688444437.3,7688444437.3,,3,SUR,0.98,
TQBR,2019-07-26,Сбербанк,SBER,38837,6015905213.4,232.4,230.25,233.99,230.55,232.11,230.55,25918140,232.11,232.11,230.55,6015905213.4,6015905213.4,6015905213.4,,3,SUR,-1.01,
TQBR,2019-07-29,Сбербанк,SBER,28597,4268129902.1,230.75,230.18,233.74,232.8,232.3,232.8,18373570,232.3,232.3,232.8,4268129902.1,4268129902.1,4268129902.1,,3,SUR,0.98,
TQBR,2019-07-30,Сбербанк,SBER,48635,8133168850.2,233.03,231.13,236.0,236.0,233.42,236.0,34843870,233.42,233.42,236.0,8133168850.2,8133168850.2,8133168850.2,,3,SUR,1.37,
TQBR,2019-07-31,Сбербанк,SBER,56556,11973417433.7,237.5,233.11,237.55,233.49,235.47,233.49,50848520,235.47,235.47,233.49,11973417433.7,11973417433.7,11973417433.7,,3,SUR,-1.06,
TQBR,2019-08-01,Сбербанк,SBER,77168,12919251256.6,232.15,228.5,232.46,229.5,230.02,229.5,56165810,230.02,230.02,229.5,12919251256.6,12919251256.6,12919251256.6,,3,SUR,-1.71,
TQBR,2019-08-02,Сбербанк,SBER,110991,21168981970.1,224.91,220.3,226.88,220.81,223.59,220.81,94676140,223.59,223.59,220.81,21168981970.1,21168981970.1,21168981970.1,,3,SUR,-3.79,
TQBR,2019-08-05,Сбербанк,SBER,63889,10951329795.7,219.72,219.45,224.0,222.24,222.44,222.24,49233230,222.44,222.44,222.24,10951329795.7,10951329795.7,10951329795.7,,3,SUR,0.65,
TQBR,2019-08-06,Сбербанк,SBER,53572,10994183243.5,222.82,222.3,226.88,226.01,225.27,226.01,48804210,225.27,225.27,226.01,10994183243.5,10994183243.5,10994183243.5,,3,SUR,1.7,
TQBR,2019-08-07,Сбербанк,SBER,59318,11134426036.8,225.85,221.9,227.6,222.25,224.42,222.25,49612760,224.43,224.43,222.25,11134426036.8,11134426036.8,11134426036.8,,3,SUR,-1.66,
TQBR,2019-08-08,Сбербанк,SBER,39201,7020281496.8,224.6,223.18,225.9,223.93,224.55,223.93,31264340,224.55,224.55,223.93,7020281496.8,7020281496.8,7020281496.8,,3,SUR,0.76,
TQBR,2019-08-09,Сбербанк,SBER,46712,7008035302.4,224.05,220.67,224.36,220.67,222.45,220.67,31503650,222.45,222.45,220.67,7008035302.4,7008035302.4,7008035302.4,,3,SUR,-1.46,
TQBR,2019-08-12,Сбербанк,SBER,45341,6376561167.9,222.38,219.74,222.99,222.3,221.44,222.3,28795640,221.44,221.44,222.3,6376561167.9,6376561167.9,6376561167.9,,3,SUR,0.74,
TQBR,2019-08-13,Сбербанк,SBER,57329,10426580466.8,221.31,220.07,225.75,223.18,223.12,223.18,46729240,223.13,223.13,223.18,10426580466.8,10426580466.8,10426580466.8,,3,SUR,0.4,
TQBR,2019-08-14,Сбербанк,SBER,71369,11432328998.1,224.1,216.6,224.25,217.11,219.76,217.11,52025460,219.74,219.74,217.11,11432328998.1,11432328998.1,11432328998.1,,3,SUR,-2.72,
TQBR,2019-08-15,Сбербанк,SBER,86369,14720511306.4,218.5,212.88,218.94,214.59,215.47,214.59,68320490,215.46,215.46,214.59,14720511306.4,14720511306.4,14720511306.4,,3,SUR,-1.16,
TQBR,2019-08-16,Сбербанк,SBER,49817,8278137161.1,215.9,213.91,216.75,215.05,215.3,215.05,38449500,215.3,215.3,215.05,8278137161.1,8278137161.1,8278137161.1,,3,SUR,0.21,
TQBR,2019-08-19,Сбербанк,SBER,51656,8175727934.7,217.0,214.06,218.2,217.4,216.35,217.4,37788830,216.35,216.35,217.4,8175727934.7,8175727934.7,8175727934.7,,3,SUR,1.09,
TQBR,2019-08-20,Сбербанк,SBER,48881,8038759907.7,217.75,215.53,219.23,216.0,217.16,216.0,37017510,217.16,217.16,216.0,8038759907.7,8038759907.7,8038759907.7,,3,SUR,-0.64,
TQBR,2019-08-21,Сбербанк,SBER,53904,9367396845.4,216.97,215.8,219.5,218.62,218.11,218.62,42949600,218.1,218.1,218.62,9367396845.4,9367396845.4,9367396845.4,,3,SUR,1.21,
TQBR,2019-08-22,Сбербанк,SBER,54950,10023740283.8,218.21,217.35,220.4,219.5,219.05,219.5,45760130,219.05,219.05,219.5,10023740283.8,10023740283.8,10023740283.8,,3,SUR,0.4,
TQBR,2019-08-23,Сбербанк,SBER,57578,12059412882.8,220.2,217.86,223.1,219.5,220.15,219.5,54778400,220.15,220.15,219.5,12059412882.8,12059412882.8,12059412882.8,,3,SUR,0.0,
TQBR,2019-08-26,Сбербанк,SBER,43578,7702639286.0,217.5,216.53,219.64,218.5,218.42,218.5,35264670,218.42,218.42,218.5,7702639286.0,7702639286.0,7702639286.0,,3,SUR,-0.46,
TQBR,2019-08-27,Сбербанк,SBER,51258,11169112379.1,218.95,215.61,219.05,217.89,217.55,217.89,51340690,217.55,217.55,217.89,11169112379.1,11169112379.1,11169112379.1,,3,SUR,-0.28,
TQBR,2019-08-28,Сбербанк,SBER,39552,6609291772.3,218.07,217.18,219.08,218.3,218.14,218.3,30298300,218.14,218.14,218.3,6609291772.3,6609291772.3,6609291772.3,,3,SUR,0.19,
TQBR,2019-08-29,Сбербанк,SBER,41584,7907146900.3,218.49,218.05,221.5,221.5,220.27,221.5,35897160,220.27,220.27,221.5,7907146900.3,7907146900.3,7907146900.3,,3,SUR,1.47,
TQBR,2019-08-30,Сбербанк,SBER,68682,13024846001.0,221.94,221.21,225.2,224.2,223.85,224.2,58186220,223.85,223.85,224.2,13024846001.0,13024846001.0,13024846001.0,,3,SUR,1.22,
TQBR,2019-09-02,Сбербанк,SBER,51078,8811801767.0,224.1,223.41,227.84,226.68,226.28,226.68,38941480,226.28,226.28,226.68,8811801767.0,8811801767.0,8811801767.0,,3,SUR,1.11,
TQBR,2019-09-03,Сбербанк,SBER,52109,9969137870.0,225.95,222.05,226.25,224.0,223.69,224.0,44560910,223.72,223.72,224.0,9969137870.0,9969137870.0,9969137870.0,,3,SUR,-1.18,
TQBR,2019-09-04,Сбербанк,SBER,48847,9419148686.7,225.3,224.69,227.5,227.1,226.08,227.1,41663520,226.08,226.08,227.1,9419148686.7,9419148686.7,9419148686.7,,3,SUR,1.38,
TQBR,2019-09-05,Сбербанк,SBER,59187,12613786320.0,229.5,228.36,230.93,230.79,229.75,230.79,54900790,229.76,229.76,230.79,12613786320.0,12613786320.0,12613786320.0,,3,SUR,1.62,
TQBR,2019-09-06,Сбербанк,SBER,45452,8712649385.2,231.0,228.36,231.2,229.02,229.63,229.02,37942350,229.63,229.63,229.02,8712649385.2,8712649385.2,8712649385.2,,3,SUR,-0.77,
TQBR,2019-09-09,Сбербанк,SBER,30024,5221598395.5,229.88,227.61,230.87,229.0,229.07,229.0,22795060,229.07,229.07,229.0,5221598395.5,5221598395.5,5221598395.5,,3,SUR,-0.01,
TQBR,2019-09-10,Сбербанк,SBER,73293,14002586557.4,228.5,227.1,235.23,233.3,231.84,233.3,60396660,231.84,231.84,233.3,14002586557.4,14002586557.4,14002586557.4,,3,SUR,1.88,
TQBR,2019-09-11,Сбербанк,SBER,53767,9829198336.9,233.49,232.62,235.9,234.72,234.43,234.72,41927500,234.43,234.43,234.72,9829198336.9,9829198336.9,9829198336.9,,3,SUR,0.61,
TQBR,2019-09-12,Сбербанк,SBER,47085,9129512191.0,234.9,232.81,235.42,234.57,234.22,234.57,38978190,234.22,234.22,234.57,9129512191.0,9129512191.0,9129512191.0,,3,SUR,-0.06,
TQBR,2019-09-13,Сбербанк,SBER,30057,5393664930.4,234.12,231.91,235.0,233.0,233.39,233.0,23109620,233.39,233.39,233.0,5393664930.4,5393664930.4,5393664930.4,,3,SUR,-0.67,
TQBR,2019-09-16,Сбербанк,SBER,42451,9289730429.8,235.0,233.2,235.53,235.32,234.77,235.32,39568910,234.77,234.77,235.32,9289730429.8,9289730429.8,9289730429.8,,3,SUR,1.0,
TQBR,2019-09-17,Сбербанк,SBER,56032,13128176200.8,235.22,233.99,237.2,235.89,235.4,235.89,55770430,235.4,235.4,235.89,13128176200.8,13128176200.8,13128176200.8,,3,SUR,0.24,
TQBR,2019-09-18,Сбербанк,SBER,30680,6027760806.6,235.8,234.45,236.45,235.3,235.46,235.3,25599810,235.46,235.46,235.3,6027760806.6,6027760806.6,6027760806.6,,3,SUR,-0.25,
TQBR,2019-09-19,Сбербанк,SBER,49193,9249295187.2,234.86,233.12,235.49,234.98,234.47,234.98,39447820,234.47,234.47,234.98,9249295187.2,9249295187.2,9249295187.2,,3,SUR,-0.14,
TQBR,2019-09-20,Сбербанк,SBER,46684,9437218924.6,235.0,230.72,235.5,232.0,232.22,232.0,40638980,232.22,232.22,232.0,9437218924.6,9437218924.6,9437218924.6,,3,SUR,-1.27,
TQBR,2019-09-23,Сбербанк,SBER,35148,6489165111.7,231.7,229.05,232.17,229.7,230.11,229.7,28199640,230.12,230.12,229.7,6489165111.7,6489165111.7,6489165111.7,,3,SUR,-0.99,
TQBR,2019-09-24,Сбербанк,SBER,54693,9972579439.1,230.0,227.11,231.99,227.5,229.72,227.5,43410340,229.73,229.73,227.5,9972579439.1,9972579439.1,9972579439.1,,3,SUR,-0.96,
TQBR,2019-09-25,Сбербанк,SBER,46485,8611835756.0,226.5,225.3,228.3,228.09,226.78,228.09,37974670,226.78,226.78,228.09,8611835756.0,8611835756.0,8611835756.0,,3,SUR,0.26,
TQBR,2019-09-26,Сбербанк,SBER,43085,7512187937.8,228.21,227.71,230.9,229.09,229.46,229.09,32739690,229.45,229.45,229.09,7512187937.8,7512187937.8,7512187937.8,,3,SUR,0.44,
TQBR,2019-09-27,Сбербанк,SBER,27733,4135961998.5,229.2,228.05,229.96,228.05,228.98,228.05,18062510,228.98,228.98,228.05,4135961998.5,4135961998.5,4135961998.5,,3,SUR,-0.45,
TQBR,2019-09-30,Сбербанк,SBER,43008,6876686920.8,228.5,226.05,229.0,227.71,227.43,227.71,30235910,227.43,227.43,227.71,6876686920.8,6876686920.8,6876686920.8,,3,SUR,-0.15,
TQBR,2019-10-01,Сбербанк,SBER,35985,6813487722.8,227.55,226.49,229.56,226.49,228.09,226.49,29870590,228.1,228.1,226.49,6813487722.8,6813487722.8,6813487722.8,,3,SUR,-0.54,
TQBR,2019-10-02,Сбербанк,SBER,58524,9527050503.5,226.05,223.03,226.63,223.5,224.47,223.5,42441850,224.47,224.47,223.5,9527050503.5,9527050503.5,9527050503.5,,3,SUR,-1.32,
TQBR,2019-10-03,Сбербанк,SBER,59942,8607791413.8,223.6,222.61,225.64,224.08,224.35,224.08,38368040,224.35,224.35,224.08,8607791413.8,8607791413.8,8607791413.8,,3,SUR,0.26,
TQBR,2019-10-04,Сбербанк,SBER,48168,7229037224.3,224.9,221.87,226.06,222.76,224.34,222.76,32222650,224.35,224.35,222.76,7229037224.3,7229037224.3,7229037224.3,,3,SUR,-0.59,
TQBR,2019-10-07,Сбербанк,SBER,49689,9055294553.1,223.13,222.41,227.8,227.55,225.48,227.55,40155510,225.51,225.51,227.55,9055294553.1,9055294553.1,9055294553.1,,3,SUR,2.15,
TQBR,2019-10-08,Сбербанк,SBER,42878,7019632436.8,227.77,225.15,228.18,226.03,226.29,226.03,31019500,226.3,226.3,226.03,7019632436.8,7019632436.8,7019632436.8,,3,SUR,-0.67,
TQBR,2019-10-09,Сбербанк,SBER,46418,9041797336.5,226.03,225.52,229.0,227.7,227.68,227.7,39714120,227.67,227.67,227.7,9041797336.5,9041797336.5,9041797336.5,,3,SUR,0.74,
TQBR,2019-10-10,Сбербанк,SBER,40559,7203071962.8,227.89,225.62,228.94,228.5,227.12,228.5,31717090,227.1,227.1,228.5,7203071962.8,7203071962.8,7203071962.8,,3,SUR,0.35,
TQBR,2019-10-11,Сбербанк,SBER,47081,8629478331.8,229.5,228.97,231.2,230.31,230.13,230.31,37497240,230.14,230.14,230.31,8629478331.8,8629478331.8,8629478331.8,,3,SUR,0.79,
TQBR,2019-10-14,Сбербанк,SBER,40473,7933452937.8,230.29,227.82,230.67,228.4,229.09,228.4,34628680,229.1,229.1,228.4,7933452937.8,7933452937.8,7933452937.8,,3,SUR,-0.83,
TQBR,2019-10-15,Сбербанк,SBER,36092,7029710726.6,228.78,227.0,229.88,229.4,228.51,229.4,30763750,228.51,228.51,229.4,7029710726.6,7029710726.6,7029710726.6,,3,SUR,0.44,
TQBR,2019-10-16,Сбербанк,SBER,36066,9040056309.4,229.05,229.05,231.2,231.0,230.53,231.0,39214000,230.53,230.53,231.0,9040056309.4,9040056309.4,9040056309.4,,3,SUR,0.7,
TQBR,2019-10-17,Сбербанк,SBER,46445,10678748294.1,230.7,230.52,233.5,233.5,232.09,233.5,46007620,232.11,232.11,233.5,10678748294.1,10678748294.1,10678748294.1,,3,SUR,1.08,
TQBR,2019-10-18,Сбербанк,SBER,52365,10035121583.6,233.2,232.8,236.03,235.55,234.85,235.55,42729350,234.85,234.85,235.55,10035121583.6,10035121583.6,10035121583.6,,3,SUR,0.88,
TQBR,2019-10-21,Сбербанк,SBER,33887,6692570441.0,236.0,234.04,236.88,234.94,235.18,234.94,28457490,235.18,235.18,234.94,6692570441.0,6692570441.0,6692570441.0,,3,SUR,-0.26,
TQBR,2019-10-22,Сбербанк,SBER,45240,9566243389.4,235.02,235.0,239.77,239.77,237.38,239.77,40298890,237.38,237.38,239.77,9566243389.4,9566243389.4,9566243389.4,,3,SUR,2.06,
TQBR,2019-10-23,Сбербанк,SBER,42763,8277292939.0,239.2,237.76,240.18,239.57,238.84,239.57,34655410,238.85,238.85,239.57,8277292939.0,8277292939.0,8277292939.0,,3,SUR,-0.08,
TQBR,2019-10-24,Сбербанк,SBER,53841,9729515862.3,239.63,239.06,242.78,242.78,240.92,242.78,40384770,240.92,240.92,242.78,9729515862.3,9729515862.3,9729515862.3,,3,SUR,1.34,
TQBR,2019-10-25,Сбербанк,SBER,59925,11920857496.5,242.52,237.85,242.77,240.0,239.43,240.0,49789040,239.43,239.43,240.0,11920857496.5,11920857496.5,11920857496.5,,3,SUR,-1.15,
TQBR,2019-10-28,Сбербанк,SBER,53269,9353118338.7,240.5,235.25,242.33,237.03,239.51,237.03,39049350,239.52,239.52,237.03,9353118338.7,9353118338.7,9353118338.7,,3,SUR,-1.24,
TQBR,2019-10-29,Сбербанк,SBER,48606,9899718643.9,237.1,236.0,240.2,240.11,238.55,240.11,41494140,238.58,238.58,240.11,9899718643.9,9899718643.9,9899718643.9,,3,SUR,1.3,
TQBR,2019-10-30,Сбербанк,SBER,49757,10474892277.3,239.69,237.85,242.2,239.51,240.26,239.51,43597180,240.27,240.27,239.51,10474892277.3,10474892277.3,10474892277.3,,3,SUR,-0.25,
TQBR,2019-10-31,Сбербанк,SBER,75618,14333282167.9,240.7,234.01,242.0,234.89,237.62,234.89,60316780,237.63,237.63,234.89,14333282167.9,14333282167.9,14333282167.9,,3,SUR,-1.93,
TQBR,2019-11-01,Сбербанк,SBER,50296,9220837088.0,235.35,232.8,236.74,236.4,235.05,236.4,39229280,235.05,235.05,236.4,9220837088.0,9220837088.0,9220837088.0,,3,SUR,0.64,
TQBR,2019-11-05,Сбербанк,SBER,54350,10418811901.4,239.6,236.7,240.98,238.53,238.46,238.53,43691630,238.46,238.46,238.53,10418811901.4,10418811901.4,10418811901.4,,3,SUR,0.9,
TQBR,2019-11-06,Сбербанк,SBER,46517,7952301153.2,238.42,236.52,239.02,239.02,238.03,239.02,33409220,238.03,238.03,239.02,7952301153.2,7952301153.2,7952301153.2,,3,SUR,0.21,
TQBR,2019-11-07,Сбербанк,SBER,61932,10779450937.4,238.11,237.71,242.95,242.5,241.21,242.5,44689490,241.21,241.21,242.5,10779450937.4,10779450937.4,10779450937.4,,3,SUR,1.46,
TQBR,2019-11-08,Сбербанк,SBER,45038,7342414951.4,241.42,238.7,241.68,240.17,240.18,240.17,30570360,240.18,240.18,240.17,7342414951.4,7342414951.4,7342414951.4,,3,SUR,-0.96,
TQBR,2019-11-11,Сбербанк,SBER,46875,6538637824.3,239.0,238.31,242.4,241.5,240.91,241.5,27141630,240.91,240.91,241.5,6538637824.3,6538637824.3,6538637824.3,,3,SUR,0.55,
TQBR,2019-11-12,Сбербанк,SBER,56043,8590798985.9,241.9,239.5,243.74,239.87,241.87,239.87,35518510,241.87,241.87,239.87,8590798985.9,8590798985.9,8590798985.9,,3,SUR,-0.67,
TQBR,2019-11-13,Сбербанк,SBER,46008,7473242462.4,238.91,235.81,239.57,237.21,237.63,237.21,31448020,237.64,237.64,237.21,7473242462.4,7473242462.4,7473242462.4,,3,SUR,-1.11,
TQBR,2019-11-14,Сбербанк,SBER,43168,8160757018.1,237.62,236.82,239.13,237.5,237.71,237.5,34330750,237.71,237.71,237.5,8160757018.1,8160757018.1,8160757018.1,,3,SUR,0.12,
TQBR,2019-11-15,Сбербанк,SBER,42575,7323638859.0,237.9,236.45,240.18,240.0,238.58,240.0,30696890,238.58,238.58,240.0,7323638859.0,7323638859.0,7323638859.0,,3,SUR,1.05,
TQBR,2019-11-18,Сбербанк,SBER,45479,7861032604.7,240.57,236.36,241.23,237.45,238.5,237.45,32959720,238.5,238.5,237.45,7861032604.7,7861032604.7,7861032604.7,,3,SUR,-1.06,
TQBR,2019-11-19,Сбербанк,SBER,33609,6958331286.1,237.6,237.2,239.82,239.25,238.82,239.25,29135880,238.82,238.82,239.25,6958331286.1,6958331286.1,6958331286.1,,3,SUR,0.76,
TQBR,2019-11-20,Сбербанк,SBER,34480,6694764012.7,238.6,237.1,240.2,237.78,238.23,237.78,28102170,238.23,238.23,237.78,6694764012.7,6694764012.7,6694764012.7,,3,SUR,-0.61,
TQBR,2019-11-21,Сбербанк,SBER,35890,5837423118.4,237.44,235.8,238.0,237.15,236.77,237.15,24654430,236.77,236.77,237.15,5837423118.4,5837423118.4,5837423118.4,,3,SUR,-0.26,
TQBR,2019-11-22,Сбербанк,SBER,43464,8001650684.8,236.59,236.53,240.19,238.13,238.32,238.13,33570690,238.35,238.35,238.13,8001650684.8,8001650684.8,8001650684.8,,3,SUR,0.41,
TQBR,2019-11-25,Сбербанк,SBER,27548,4183426976.6,238.68,237.21,239.75,237.98,238.26,237.98,17558180,238.26,238.26,237.98,4183426976.6,4183426976.6,4183426976.6,,3,SUR,-0.06,
TQBR,2019-11-26,Сбербанк,SBER,61623,13740719377.8,238.08,234.35,238.1,235.0,235.53,235.0,58341360,235.52,235.52,235.0,13740719377.8,13740719377.8,13740719377.8,,3,SUR,-1.25,
TQBR,2019-11-27,Сбербанк,SBER,36475,5141770254.6,235.26,233.51,236.45,234.22,234.94,234.22,21885350,234.94,234.94,234.22,5141770254.6,5141770254.6,5141770254.6,,3,SUR,-0.33,
TQBR,2019-11-28,Сбербанк,SBER,30305,4418997771.4,234.2,233.1,235.5,235.2,234.37,235.2,18855690,234.36,234.36,235.2,4418997771.4,4418997771.4,4418997771.4,,3,SUR,0.42,
TQBR,2019-11-29,Сбербанк,SBER,35557,6370105736.3,234.65,231.97,235.14,233.98,233.41,233.98,27285350,233.46,233.46,233.98,6370105736.3,6370105736.3,6370105736.3,,3,SUR,-0.52,
TQBR,2019-12-02,Сбербанк,SBER,47616,6622698810.4,234.59,233.0,236.37,233.77,234.71,233.77,28216350,234.71,234.71,233.77,6622698810.4,6622698810.4,6622698810.4,,3,SUR,-0.09,
TQBR,2019-12-03,Сбербанк,SBER,43738,6181173482.9,233.49,230.13,234.06,230.66,231.61,230.66,26687260,231.62,231.62,230.66,6181173482.9,6181173482.9,6181173482.9,,3,SUR,-1.33,
TQBR,2019-12-04,Сбербанк,SBER,33876,5621094961.8,230.72,229.5,232.24,231.59,231.19,231.59,24314550,231.18,231.18,231.59,5621094961.8,5621094961.8,5621094961.8,,3,SUR,0.4,
TQBR,2019-12-05,Сбербанк,SBER,39237,5353284865.8,231.89,229.03,232.15,231.71,230.64,231.71,23210580,230.64,230.64,231.71,5353284865.8,5353284865.8,5353284865.8,,3,SUR,0.05,
TQBR,2019-12-06,Сбербанк,SBER,38930,7777357128.9,232.0,231.55,235.14,235.14,233.64,235.14,33286170,233.65,233.65,235.14,7777357128.9,7777357128.9,7777357128.9,,3,SUR,1.48,
TQBR,2019-12-09,Сбербанк,SBER,46883,7503116033.1,235.5,234.3,237.5,237.04,236.17,237.04,31774040,236.14,236.14,237.04,7503116033.1,7503116033.1,7503116033.1,,3,SUR,0.81,
TQBR,2019-12-10,Сбербанк,SBER,52456,8592139689.9,236.6,236.0,239.29,237.91,238.02,237.91,36098910,238.02,238.02,237.91,8592139689.9,8592139689.9,8592139689.9,,3,SUR,0.37,
TQBR,2019-12-11,Сбербанк,SBER,59309,10612153788.4,237.81,237.7,241.23,240.32,240.27,240.32,44167850,240.27,240.27,240.32,10612153788.4,10612153788.4,10612153788.4,,3,SUR,1.01,
TQBR,2019-12-12,Сбербанк,SBER,48037,8731105191.4,242.0,240.09,242.3,241.05,241.36,241.05,36174650,241.36,241.36,241.05,8731105191.4,8731105191.4,8731105191.4,,3,SUR,0.3,
TQBR,2019-12-13,Сбербанк,SBER,51995,8026327875.7,242.0,241.1,243.25,241.21,242.02,241.21,33163750,242.02,242.02,241.21,8026327875.7,8026327875.7,8026327875.7,,3,SUR,0.07,
TQBR,2019-12-16,Сбербанк,SBER,44544,6186560505.6,242.48,240.13,242.48,241.45,241.44,241.45,25624180,241.43,241.43,241.45,6186560505.6,6186560505.6,6186560505.6,,3,SUR,0.1,
TQBR,2019-12-17,Сбербанк,SBER,51598,8187207941.9,241.8,241.0,242.96,241.6,241.93,241.6,33841520,241.93,241.93,241.6,8187207941.9,8187207941.9,8187207941.9,,3,SUR,0.06,
TQBR,2019-12-18,Сбербанк,SBER,71376,13601102505.0,241.3,240.36,246.25,246.2,243.91,246.2,55765490,243.9,243.9,246.2,13601102505.0,13601102505.0,13601102505.0,,3,SUR,1.9,
TQBR,2019-12-19,Сбербанк,SBER,92181,14726176097.4,246.2,243.1,248.4,244.0,245.63,244.0,59951760,245.63,245.63,244.0,14726176097.4,14726176097.4,14726176097.4,,3,SUR,-0.89,
TQBR,2019-12-20,Сбербанк,SBER,36001,8059444818.5,244.6,243.72,245.4,244.71,244.54,244.71,32957750,244.54,244.54,244.71,8059444818.5,8059444818.5,8059444818.5,,3,SUR,0.29,
TQBR,2019-12-23,Сбербанк,SBER,34811,5921982333.9,244.71,244.07,249.19,248.8,246.79,248.8,23996810,246.78,246.78,248.8,5921982333.9,5921982333.9,5921982333.9,,3,SUR,1.67,
TQBR,2019-12-24,Сбербанк,SBER,36221,5237753854.0,248.8,247.27,249.89,248.67,248.68,248.67,21062040,248.68,248.68,248.67,5237753854.0,5237753854.0,5237753854.0,,3,SUR,-0.05,
TQBR,2019-12-25,Сбербанк,SBER,17493,1964919964.3,248.99,247.11,249.3,248.04,248.06,248.04,7921260,248.06,248.06,248.04,1964919964.3,1964919964.3,1964919964.3,,3,SUR,-0.25,
TQBR,2019-12-26,Сбербанк,SBER,25963,3220751527.7,248.2,246.71,249.24,248.24,247.97,248.24,12989080,247.96,247.96,248.24,3220751527.7,3220751527.7,3220751527.7,,3,SUR,0.08,
TQBR,2019-12-27,Сбербанк,SBER,46235,8018118071.0,248.55,248.55,252.95,252.06,250.72,252.06,31982760,250.7,250.7,252.06,8018118071.0,8018118071.0,8018118071.0,,3,SUR,1.54,
TQBR,2019-12-30,Сбербанк,SBER,61998,10959893255.5,252.1,250.73,256.0,254.75,253.96,254.75,43157360,253.95,253.95,254.75,10959893255.5,10959893255.5,10959893255.5,,3,SUR,1.07,
TQBR,2020-01-03,Сбербанк,SBER,46191,9165474633.3,255.99,253.7,258.19,255.0,255.62,255.0,35851840,255.65,255.65,255.0,9165474633.3,9165474633.3,9165474633.3,,3,SUR,0.1,
TQBR,2020-01-06,Сбербанк,SBER,34925,5646009935.8,254.75,251.4,254.84,253.9,252.64,253.9,22348300,252.64,252.64,253.9,5646009935.8,5646009935.8,5646009935.8,,3,SUR,-0.43,
TQBR,2020-01-08,Сбербанк,SBER,54429,10485882097.9,253.57,253.03,259.15,259.15,256.88,259.15,40817240,256.9,256.9,259.15,10485882097.9,10485882097.9,10485882097.9,,3,SUR,2.07,
TQBR,2020-01-09,Сбербанк,SBER,49305,9936032087.9,259.4,257.01,261.76,257.99,259.23,257.99,38329020,259.23,259.23,257.99,9936032087.9,9936032087.9,9936032087.9,,3,SUR,-0.45,
TQBR,2020-01-10,Сбербанк,SBER,28908,4864405366.3,257.86,256.88,259.25,258.19,258.05,258.19,18851390,258.04,258.04,258.19,4864405366.3,4864405366.3,4864405366.3,,3,SUR,0.08,
TQBR,2020-01-13,Сбербанк,SBER,39160,6719255698.1,258.3,257.15,262.4,262.4,259.84,262.4,25855010,259.88,259.88,262.4,6719255698.1,6719255698.1,6719255698.1,,3,SUR,1.63,
TQBR,2020-01-14,Сбербанк,SBER,48745,8103825686.4,262.5,258.62,263.22,259.05,260.35,259.05,31125740,260.36,260.36,259.05,8103825686.4,8103825686.4,8103825686.4,,3,SUR,-1.28,
TQBR,2020-01-15,Сбербанк,SBER,63486,12661740755.8,258.49,254.21,258.91,256.31,256.51,256.31,49361790,256.51,256.51,256.31,12661740755.8,12661740755.8,12661740755.8,,3,SUR,-1.06,
TQBR,2020-01-16,Сбербанк,SBER,48972,10367670370.1,257.11,256.1,259.51,257.51,257.59,257.51,40246770,257.6,257.6,257.51,10367670370.1,10367670370.1,10367670370.1,,3,SUR,0.47,
TQBR,2020-01-17,Сбербанк,SBER,55947,11730973230.7,258.2,257.75,262.82,262.5,261.19,262.5,44914290,261.19,261.19,262.5,11730973230.7,11730973230.7,11730973230.7,,3,SUR,1.94,
TQBR,2020-01-20,Сбербанк,SBER,44864,7891039716.6,263.2,261.8,266.97,266.28,264.82,266.28,29797710,264.82,264.82,266.28,7891039716.6,7891039716.6,7891039716.6,,3,SUR,1.44,
TQBR,2020-01-21,Сбербанк,SBER,59868,10116243295.7,265.5,263.02,268.9,268.06,265.65,268.06,38082090,265.64,265.64,268.06,10116243295.7,10116243295.7,10116243295.7,,3,SUR,0.67,
TQBR,2020-01-22,Сбербанк,SBER,61711,11869000221.9,268.72,265.5,270.8,266.54,268.01,266.54,44282490,268.03,268.03,266.54,11869000221.9,11869000221.9,11869000221.9,,3,SUR,-0.57,
TQBR,2020-01-23,Сбербанк,SBER,58480,10758037619.6,264.64,262.24,266.89,263.73,264.94,263.73,40604170,264.95,264.95,263.73,10758037619.6,10758037619.6,10758037619.6,,3,SUR,-1.05,
TQBR,2020-01-24,Сбербанк,SBER,37322,7262832432.3,264.5,264.21,267.5,265.49,265.65,265.49,27340100,265.65,265.65,265.49,7262832432.3,7262832432.3,7262832432.3,,3,SUR,0.67,
TQBR,2020-01-27,Сбербанк,SBER,75958,14573355407.9,261.0,255.32,262.1,255.32,258.13,255.32,56453370,258.15,258.15,255.32,14573355407.9,14573355407.9,14573355407.9,,3,SUR,-3.83,
TQBR,2020-01-28,Сбербанк,SBER,55157,12365444789.1,257.0,254.1,258.84,257.7,256.88,257.7,48137360,256.88,256.88,257.7,12365444789.1,12365444789.1,12365444789.1,,3,SUR,0.93,
TQBR,2020-01-29,Сбербанк,SBER,49132,9098209650.8,258.4,257.61,261.57,259.94,259.59,259.94,35047940,259.59,259.59,259.94,9098209650.8,9098209650.8,9098209650.8,,3,SUR,0.87,
TQBR,2020-01-30,Сбербанк,SBER,44014,8167114682.7,258.0,255.27,258.69,257.31,257.08,257.31,31769340,257.08,257.08,257.31,8167114682.7,8167114682.7,8167114682.7,,3,SUR,-1.01,
TQBR,2020-01-31,Сбербанк,SBER,56369,12249844290.7,258.5,252.17,259.2,252.2,255.62,252.2,47921560,255.62,255.62,252.2,12249844290.7,12249844290.7,12249844290.7,,3,SUR,-1.99,
TQBR,2020-02-03,Сбербанк,SBER,65223,13363918755.6,251.8,251.1,254.96,253.99,253.44,253.99,52728460,253.45,253.45,253.99,13363918755.6,13363918755.6,13363918755.6,,3,SUR,0.71,
TQBR,2020-02-04,Сбербанк,SBER,72309,12692962569.8,255.3,252.9,257.38,255.4,254.95,255.4,49786360,254.95,254.95,255.4,12692962569.8,12692962569.8,12692962569.8,,3,SUR,0.56,
TQBR,2020-02-05,Сбербанк,SBER,62681,12992374109.8,255.89,253.14,257.66,255.2,255.98,255.2,50756570,255.97,255.97,255.2,12992374109.8,12992374109.8,12992374109.8,,3,SUR,-0.08,
TQBR,2020-02-06,Сбербанк,SBER,75070,11098851157.0,256.5,251.86,258.0,252.11,254.5,252.11,43615980,254.47,254.47,252.11,11098851157.0,11098851157.0,11098851157.0,,3,SUR,-1.21,
TQBR,2020-02-07,Сбербанк,SBER,66138,12648688569.6,253.1,248.73,254.3,254.3,251.82,254.3,50226630,251.83,251.83,254.3,12648688569.6,12648688569.6,12648688569.6,,3,SUR,0.87,
TQBR,2020-02-10,Сбербанк,SBER,48108,8929308973.1,254.55,252.07,255.73,252.26,253.53,252.26,35220690,253.52,253.52,252.26,8929308973.1,8929308973.1,8929308973.1,,3,SUR,-0.8,
TQBR,2020-02-11,Сбербанк,SBER,91551,20381955261.5,253.75,253.0,259.77,254.5,256.57,254.5,79454730,256.52,256.52,254.5,20381955261.5,20381955261.5,20381955261.5,,3,SUR,0.89,
TQBR,2020-02-12,Сбербанк,SBER,70188,13351886412.8,255.4,252.31,255.49,254.5,254.22,254.5,52523300,254.21,254.21,254.5,13351886412.8,13351886412.8,13351886412.8,,3,SUR,0.0,
TQBR,2020-02-13,Сбербанк,SBER,48242,9314224120.0,253.62,252.5,255.18,253.89,253.56,253.89,36730840,253.58,253.58,253.89,9314224120.0,9314224120.0,9314224120.0,,3,SUR,-0.24,
TQBR,2020-02-14,Сбербанк,SBER,54205,7579007855.0,254.4,251.4,254.4,251.75,252.49,251.75,30017380,252.49,252.49,251.75,7579007855.0,7579007855.0,7579007855.0,,3,SUR,-0.84,
TQBR,2020-02-17,Сбербанк,SBER,42997,6637504387.0,252.5,250.13,253.1,251.36,251.15,251.36,26429380,251.14,251.14,251.36,6637504387.0,6637504387.0,6637504387.0,,3,SUR,-0.15,
TQBR,2020-02-18,Сбербанк,SBER,53404,9054245995.6,250.07,247.57,250.44,249.2,248.98,249.2,36365950,248.98,248.98,249.2,9054245995.6,9054245995.6,9054245995.6,,3,SUR,-0.86,
TQBR,2020-02-19,Сбербанк,SBER,43309,6437007441.5,250.37,247.95,250.68,249.7,249.51,249.7,25798890,249.51,249.51,249.7,6437007441.5,6437007441.5,6437007441.5,,3,SUR,0.2,
TQBR,2020-02-20,Сбербанк,SBER,41332,7704063757.8,250.03,249.13,252.17,250.15,250.8,250.15,30717360,250.8,250.8,250.15,7704063757.8,7704063757.8,7704063757.8,,3,SUR,0.18,
TQBR,2020-02-21,Сбербанк,SBER,40355,6926329901.6,248.35,247.24,251.49,250.8,249.49,250.8,27762930,249.48,249.48,250.8,6926329901.6,6926329901.6,6926329901.6,,3,SUR,0.26,
TQBR,2020-02-25,Сбербанк,SBER,60675,10141332087.8,247.98,245.17,249.0,245.19,247.01,245.19,41055780,247.01,247.01,245.19,10141332087.8,10141332087.8,10141332087.8,,3,SUR,-2.24,
TQBR,2020-02-26,Сбербанк,SBER,91808,16724373957.7,244.75,243.22,251.21,250.8,246.83,250.8,67757850,246.83,246.83,250.8,16724373957.7,16724373957.7,16724373957.7,,3,SUR,2.29,
TQBR,2020-02-27,Сбербанк,SBER,84304,14287528242.1,247.5,242.0,248.98,242.88,245.34,242.88,58240400,245.32,245.32,242.88,14287528242.1,14287528242.1,14287528242.1,,3,SUR,-3.16,
TQBR,2020-02-28,Сбербанк,SBER,148089,29250123419.3,235.0,231.0,239.0,233.36,234.71,233.36,124633310,234.69,234.69,233.36,29250123419.3,29250123419.3,29250123419.3,,3,SUR,-3.92,
TQBR,2020-03-02,Сбербанк,SBER,149809,23615359168.5,238.93,218.86,241.0,228.17,231.53,228.17,101986040,231.55,231.55,228.17,23615359168.5,23615359168.5,23615359168.5,,3,SUR,-2.22,
TQBR,2020-03-03,Сбербанк,SBER,124295,19695761022.1,233.0,232.28,239.0,236.63,235.44,236.63,83653950,235.44,235.44,236.63,19695761022.1,19695761022.1,19695761022.1,,3,SUR,3.71,
TQBR,2020-03-04,Сбербанк,SBER,74640,12738292785.5,234.13,232.62,236.7,235.27,234.7,235.27,54274670,234.7,234.7,235.27,12738292785.5,12738292785.5,12738292785.5,,3,SUR,-0.57,
TQBR,2020-03-05,Сбербанк,SBER,76419,13359836777.1,237.0,230.64,238.72,232.33,233.99,232.33,57083760,234.04,234.04,232.33,13359836777.1,13359836777.1,13359836777.1,,3,SUR,-1.25,
TQBR,2020-03-06,Сбербанк,SBER,142975,23122055667.7,228.0,216.67,229.2,219.99,221.34,219.99,104446900,221.38,221.38,219.99,23122055667.7,23122055667.7,23122055667.7,,3,SUR,-5.31,
TQBR,2020-03-10,Сбербанк,SBER,277615,49385427971.3,197.99,184.86,212.74,201.2,201.89,201.2,244541800,201.95,201.95,201.2,49385427971.3,49385427971.3,49385427971.3,,3,SUR,-8.54,
TQBR,2020-03-11,Сбербанк,SBER,183028,27368963511.9,202.0,192.05,204.33,194.53,197.85,194.53,138304030,197.89,197.89,194.53,27368963511.9,27368963511.9,27368963511.9,,3,SUR,-3.32,
TQBR,2020-03-12,Сбербанк,SBER,251306,35646674940.5,185.15,173.14,187.87,175.91,180.03,175.91,197972880,180.06,180.06,175.91,35646674940.5,35646674940.5,35646674940.5,,3,SUR,-9.57,
TQBR,2020-03-13,Сбербанк,SBER,270708,50434232135.0,175.0,174.3,199.52,198.6,191.8,198.6,263038280,191.74,191.74,198.6,50434232135.0,50434232135.0,50434232135.0,,3,SUR,12.9,
TQBR,2020-03-16,Сбербанк,SBER,222167,33462089397.7,194.0,186.0,196.7,195.85,192.03,195.85,174273600,192.01,192.01,195.85,33462089397.7,33462089397.7,33462089397.7,,3,SUR,-1.38,
TQBR,2020-03-17,Сбербанк,SBER,224812,35134438033.5,195.0,183.8,204.78,184.01,190.81,184.01,184148390,190.79,190.79,184.01,35134438033.5,35134438033.5,35134438033.5,,3,SUR,-6.05,
TQBR,2020-03-18,Сбербанк,SBER,178057,27438382586.0,179.0,172.15,182.2,174.27,177.02,174.27,155008180,177.01,177.01,174.27,27438382586.0,27438382586.0,27438382586.0,,3,SUR,-5.29,
TQBR,2020-03-19,Сбербанк,SBER,196708,34507099921.0,178.5,173.06,190.15,189.51,184.1,189.51,187427700,184.11,184.11,189.51,34507099921.0,34507099921.0,34507099921.0,,3,SUR,8.75,
TQBR,2020-03-20,Сбербанк,SBER,172821,33640155970.2,198.62,192.05,201.86,195.69,197.22,195.69,170582970,197.21,197.21,195.69,33640155970.2,33640155970.2,33640155970.2,,3,SUR,3.26,
TQBR,2020-03-23,Сбербанк,SBER,172838,29394019795.5,188.0,182.1,190.99,183.37,186.16,183.37,157891450,186.17,186.17,183.37,29394019795.5,29394019795.5,29394019795.5,,3,SUR,-6.3,
TQBR,2020-03-24,Сбербанк,SBER,107704,20144255967.3,193.3,189.1,195.0,192.64,192.06,192.64,104881990,192.07,192.07,192.64,20144255967.3,20144255967.3,20144255967.3,,3,SUR,5.06,
TQBR,2020-03-25,Сбербанк,SBER,211090,36047953308.7,196.38,182.32,201.0,188.08,191.68,188.08,187978350,191.77,191.77,188.08,36047953308.7,36047953308.7,36047953308.7,,3,SUR,-2.37,
TQBR,2020-03-26,Сбербанк,SBER,124294,20794391118.5,187.69,182.8,191.2,188.07,186.31,188.07,111602370,186.33,186.33,188.07,20794391118.5,20794391118.5,20794391118.5,,3,SUR,-0.01,
TQBR,2020-03-27,Сбербанк,SBER,126637,20992083168.9,188.05,180.17,188.97,180.38,183.69,180.38,114277750,183.69,183.69,180.38,20992083168.9,20992083168.9,20992083168.9,,3,SUR,-4.09,
TQBR,2020-03-30,Сбербанк,SBER,120948,16984102870.2,177.0,174.9,183.2,183.0,180.04,183.0,94334680,180.04,180.04,183.0,16984102870.2,16984102870.2,16984102870.2,,3,SUR,1.45,
TQBR,2020-03-31,Сбербанк,SBER,118532,21273110563.5,186.0,184.25,188.77,187.21,186.56,187.21,114026920,186.56,186.56,187.21,21273110563.5,21273110563.5,21273110563.5,,3,SUR,2.3,
TQBR,2020-04-01,Сбербанк,SBER,82314,14152323782.7,183.2,182.0,185.47,184.78,184.21,184.78,76826820,184.21,184.21,184.78,14152323782.7,14152323782.7,14152323782.7,,3,SUR,-1.3,
TQBR,2020-04-02,Сбербанк,SBER,138344,23370357267.7,188.3,182.0,189.9,186.95,186.02,186.95,125636360,186.02,186.02,186.95,23370357267.7,23370357267.7,23370357267.7,,3,SUR,1.17,
TQBR,2020-04-03,Сбербанк,SBER,116437,17235065518.9,186.6,184.28,187.49,185.64,185.6,185.64,92860290,185.6,185.6,185.64,17235065518.9,17235065518.9,17235065518.9,,3,SUR,-0.7,
TQBR,2020-04-06,Сбербанк,SBER,91147,14703005110.4,187.52,186.42,192.02,190.7,188.83,190.7,77864920,188.83,188.83,190.7,14703005110.4,14703005110.4,14703005110.4,,3,SUR,2.73,
TQBR,2020-04-07,Сбербанк,SBER,156715,26938901533.1,193.02,193.02,200.54,197.63,197.47,197.63,136421670,197.47,197.47,197.63,26938901533.1,26938901533.1,26938901533.1,,3,SUR,3.63,
TQBR,2020-04-08,Сбербанк,SBER,115923,17786713217.2,196.02,195.12,200.29,200.29,197.67,200.29,89980980,197.67,197.67,200.29,17786713217.2,17786713217.2,17786713217.2,,3,SUR,1.35,
TQBR,2020-04-09,Сбербанк,SBER,140586,22320788796.1,202.4,199.3,205.44,203.61,202.95,203.61,109981630,202.95,202.95,203.61,22320788796.1,22320788796.1,22320788796.1,,3,SUR,1.66,
TQBR,2020-04-10,Сбербанк,SBER,48086,5800209935.8,201.85,200.7,202.75,201.99,201.69,201.99,28758250,201.69,201.69,201.99,5800209935.8,5800209935.8,5800209935.8,,3,SUR,-0.8,
TQBR,2020-04-13,Сбербанк,SBER,65329,8212681043.4,202.0,197.32,202.16,198.26,198.93,198.26,41284390,198.93,198.93,198.26,8212681043.4,8212681043.4,8212681043.4,,3,SUR,-1.85,
TQBR,2020-04-14,Сбербанк,SBER,102408,16029896035.5,199.99,196.1,202.85,197.37,199.82,197.37,80220070,199.82,199.82,197.37,16029896035.5,16029896035.5,16029896035.5,,3,SUR,-0.45,
TQBR,2020-04-15,Сбербанк,SBER,125257,18670648932.7,196.0,186.06,196.25,186.07,190.2,186.07,98164460,190.2,190.2,186.07,18670648932.7,18670648932.7,18670648932.7,,3,SUR,-5.73,
TQBR,2020-04-16,Сбербанк,SBER,122247,20595306653.4,187.22,183.53,191.67,188.5,188.65,188.5,109174870,188.65,188.65,188.5,20595306653.4,20595306653.4,20595306653.4,,3,SUR,1.31,
TQBR,2020-04-17,Сбербанк,SBER,93108,13685370762.7,192.5,188.28,192.7,191.8,190.8,191.8,71727940,190.8,190.8,191.8,13685370762.7,13685370762.7,13685370762.7,,3,SUR,1.75,
TQBR,2020-04-20,Сбербанк,SBER,82516,11794682206.4,190.6,187.31,192.23,189.32,189.5,189.32,62240080,189.5,189.5,189.32,11794682206.4,11794682206.4,11794682206.4,,3,SUR,-1.29,
TQBR,2020-04-21,Сбербанк,SBER,123116,17514787767.5,185.54,183.65,187.5,186.05,185.71,186.05,94307290,185.72,185.72,186.05,17514787767.5,17514787767.5,17514787767.5,,3,SUR,-1.73,
TQBR,2020-04-22,Сбербанк,SBER,94715,14242707865.6,185.01,184.5,191.94,190.2,189.01,190.2,75361890,188.99,188.99,190.2,14242707865.6,14242707865.6,14242707865.6,,3,SUR,2.23,
TQBR,2020-04-23,Сбербанк,SBER,70216,11973068616.3,191.99,188.68,192.5,190.94,190.77,190.94,62759650,190.78,190.78,190.94,11973068616.3,11973068616.3,11973068616.3,,3,SUR,0.39,
TQBR,2020-04-24,Сбербанк,SBER,71027,10472460449.3,189.73,187.7,191.65,188.91,189.31,188.91,55313850,189.33,189.33,188.91,10472460449.3,10472460449.3,10472460449.3,,3,SUR,-1.06,
TQBR,2020-04-27,Сбербанк,SBER,61386,8280718574.0,189.98,188.43,190.5,188.9,189.44,188.9,43711720,189.44,189.44,188.9,8280718574.0,8280718574.0,8280718574.0,,3,SUR,-0.01,
TQBR,2020-04-28,Сбербанк,SBER,90046,15058997718.5,188.5,188.17,194.22,192.8,191.63,192.8,78584780,191.63,191.63,192.8,15058997718.5,15058997718.5,15058997718.5,,3,SUR,2.06,
TQBR,2020-04-29,Сбербанк,SBER,83828,13579539158.7,194.46,192.86,195.8,195.8,194.43,195.8,69842140,194.43,194.43,195.8,13579539158.7,13579539158.7,13579539158.7,,3,SUR,1.56,
TQBR,2020-04-30,Сбербанк,SBER,98511,17208241261.6,196.51,195.46,199.7,197.25,197.35,197.25,87198650,197.35,197.35,197.25,17208241261.6,17208241261.6,17208241261.6,,3,SUR,0.74,
TQBR,2020-05-04,Сбербанк,SBER,60764,10956456919.7,195.68,193.26,195.68,193.69,194.27,193.69,56398200,194.27,194.27,193.69,10956456919.7,10956456919.7,10956456919.7,,3,SUR,-1.8,
TQBR,2020-05-05,Сбербанк,SBER,50142,6913652876.1,195.51,194.0,196.46,194.75,195.08,194.75,35439260,195.08,195.08,194.75,6913652876.1,6913652876.1,6913652876.1,,3,SUR,0.55,
TQBR,2020-05-06,Сбербанк,SBER,65527,9707394359.8,195.0,194.3,197.23,195.7,195.87,195.7,49561410,195.87,195.87,195.7,9707394359.8,9707394359.8,9707394359.8,,3,SUR,0.49,
TQBR,2020-05-07,Сбербанк,SBER,63887,11343545876.3,196.0,195.06,198.15,195.51,196.5,195.51,57728990,196.5,196.5,195.51,11343545876.3,11343545876.3,11343545876.3,,3,SUR,-0.1,
TQBR,2020-05-08,Сбербанк,SBER,39814,6617841364.8,196.0,194.6,196.25,196.02,195.59,196.02,33836340,195.58,195.58,196.02,6617841364.8,6617841364.8,6617841364.8,,3,SUR,0.26,
TQBR,2020-05-12,Сбербанк,SBER,93600,13070048549.5,193.3,191.2,198.0,191.4,193.18,191.4,67656880,193.18,193.18,191.4,13070048549.5,13070048549.5,13070048549.5,,3,SUR,-2.36,
TQBR,2020-05-13,Сбербанк,SBER,98011,11961690830.5,190.05,186.66,190.6,187.31,188.46,187.31,63466110,188.47,188.47,187.31,11961690830.5,11961690830.5,11961690830.5,,3,SUR,-2.14,
TQBR,2020-05-14,Сбербанк,SBER,114780,14231605183.4,186.5,183.5,188.2,183.81,185.59,183.81,76682120,185.59,185.59,183.81,14231605183.4,14231605183.4,14231605183.4,,3,SUR,-1.87,
TQBR,2020-05-15,Сбербанк,SBER,86622,11679302654.5,186.13,183.33,186.78,183.85,184.95,183.85,63148140,184.95,184.95,183.85,11679302654.5,11679302654.5,11679302654.5,,3,SUR,0.02,
TQBR,2020-05-18,Сбербанк,SBER,93568,14534902238.5,186.33,185.4,190.0,188.93,187.45,188.93,77545890,187.44,187.44,188.93,14534902238.5,14534902238.5,14534902238.5,,3,SUR,2.76,
TQBR,2020-05-19,Сбербанк,SBER,130284,19951575701.7,190.37,186.8,192.55,189.0,189.45,189.0,105324020,189.43,189.43,189.0,19951575701.7,19951575701.7,19951575701.7,,3,SUR,0.04,
TQBR,2020-05-20,Сбербанк,SBER,102681,17813722381.1,188.49,186.6,193.98,193.98,190.84,193.98,93343040,190.84,190.84,193.98,17813722381.1,17813722381.1,17813722381.1,,3,SUR,2.63,
TQBR,2020-05-21,Сбербанк,SBER,89016,15420063130.0,194.0,191.5,196.31,192.4,193.86,192.4,79541950,193.86,193.86,192.4,15420063130.0,15420063130.0,15420063130.0,,3,SUR,-0.81,
TQBR,2020-05-22,Сбербанк,SBER,66558,10819219615.2,190.97,188.6,191.25,188.9,189.78,188.9,57013570,189.77,189.77,188.9,10819219615.2,10819219615.2,10819219615.2,,3,SUR,-1.82,
TQBR,2020-05-25,Сбербанк,SBER,37132,4393812737.8,189.62,188.8,191.31,191.0,189.88,191.0,23140090,189.88,189.88,191.0,4393812737.8,4393812737.8,4393812737.8,,3,SUR,1.11,
TQBR,2020-05-26,Сбербанк,SBER,88425,15409981368.9,193.0,192.11,196.1,194.0,194.3,194.0,79312200,194.3,194.3,194.0,15409981368.9,15409981368.9,15409981368.9,,3,SUR,1.57,
TQBR,2020-05-27,Сбербанк,SBER,142539,22860566656.3,194.0,193.32,198.97,198.51,196.95,198.51,116074210,196.95,196.95,198.51,22860566656.3,22860566656.3,22860566656.3,,3,SUR,2.32,
TQBR,2020-05-28,Сбербанк,SBER,122153,23677007418.1,199.31,198.4,205.0,205.0,202.04,205.0,117179670,202.06,202.06,205.0,23677007418.1,23677007418.1,23677007418.1,,3,SUR,3.27,
TQBR,2020-05-29,Сбербанк,SBER,110597,21465081835.5,204.11,199.17,204.4,200.5,201.26,200.5,106653140,201.26,201.26,200.5,21465081835.5,21465081835.5,21465081835.5,,3,SUR,-2.2,
TQBR,2020-06-01,Сбербанк,SBER,72076,13373648341.9,203.1,201.81,205.93,203.66,203.72,203.66,65650670,203.71,203.71,203.66,13373648341.9,13373648341.9,13373648341.9,,3,SUR,1.58,
TQBR,2020-06-02,Сбербанк,SBER,117649,24294100965.5,204.67,204.0,212.0,212.0,207.91,212.0,116868310,207.88,207.88,212.0,24294100965.5,24294100965.5,24294100965.5,,3,SUR,4.1,
TQBR,2020-06-03,Сбербанк,SBER,150831,31549092543.7,214.0,213.51,221.92,221.5,217.51,221.5,145043730,217.51,217.51,221.5,31549092543.7,31549092543.7,31549092543.7,,3,SUR,4.48,
TQBR,2020-06-04,Сбербанк,SBER,128251,26485488602.2,220.67,212.55,221.0,213.1,216.22,213.1,122494020,216.22,216.22,213.1,26485488602.2,26485488602.2,26485488602.2,,3,SUR,-3.79,
TQBR,2020-06-05,Сбербанк,SBER,93133,19225352020.3,215.13,213.6,219.93,219.1,216.87,219.1,88658860,216.85,216.85,219.1,19225352020.3,19225352020.3,19225352020.3,,3,SUR,2.82,
TQBR,2020-06-08,Сбербанк,SBER,95436,19572072820.0,219.8,217.45,223.15,220.3,220.34,220.3,88826700,220.34,220.34,220.3,19572072820.0,19572072820.0,19572072820.0,,3,SUR,0.55,
TQBR,2020-06-09,Сбербанк,SBER,78613,15045754084.5,221.13,215.44,221.88,217.23,217.53,217.23,69166250,217.53,217.53,217.23,15045754084.5,15045754084.5,15045754084.5,,3,SUR,-1.39,
TQBR,2020-06-10,Сбербанк,SBER,95253,19662728515.9,217.0,211.82,217.58,212.53,213.96,212.53,91895460,213.97,213.97,212.53,19662728515.9,19662728515.9,19662728515.9,,3,SUR,-2.16,
TQBR,2020-06-11,Сбербанк,SBER,79185,14524836992.8,208.91,206.01,209.24,208.35,207.4,208.35,70033060,207.4,207.4,208.35,14524836992.8,14524836992.8,14524836992.8,,3,SUR,-1.97,
TQBR,2020-06-15,Сбербанк,SBER,81880,15576360955.0,205.07,202.3,207.85,207.32,204.96,207.32,75996510,204.96,204.96,207.32,15576360955.0,15576360955.0,15576360955.0,,3,SUR,-0.49,
TQBR,2020-06-16,Сбербанк,SBER,81903,13980584331.2,210.28,207.52,212.19,207.76,210.05,207.76,66559110,210.05,210.05,207.76,13980584331.2,13980584331.2,13980584331.2,,3,SUR,0.21,
TQBR,2020-06-17,Сбербанк,SBER,82123,11802788689.2,208.52,206.94,210.35,208.14,208.61,208.14,56578870,208.61,208.61,208.14,11802788689.2,11802788689.2,11802788689.2,,3,SUR,0.18,
TQBR,2020-06-18,Сбербанк,SBER,83605,14802264834.6,207.8,202.72,208.1,203.77,204.74,203.77,72275760,204.8,204.8,203.77,14802264834.6,14802264834.6,14802264834.6,,3,SUR,-2.1,
TQBR,2020-06-19,Сбербанк,SBER,66084,15554563362.6,205.44,204.55,209.2,207.0,207.27,207.0,75045510,207.27,207.27,207.0,15554563362.6,15554563362.6,15554563362.6,,3,SUR,1.59,
TQBR,2020-06-22,Сбербанк,SBER,70588,12074076979.8,206.7,204.28,207.95,205.12,205.82,206.4,58664110,205.81,205.81,205.12,11717830453.4,11717830453.4,11717830453.4,0.0,3,SUR,-0.29,
TQBR,2020-06-23,Сбербанк,SBER,65289,11137767479.7,207.7,206.43,209.74,207.84,208.23,207.3,53487940,208.29,208.29,207.84,10441335410.4,10441335410.4,10441335410.4,0.0,3,SUR,0.44,
TQBR,2020-06-25,Сбербанк,SBER,84366,14541271980.8,201.0,200.75,207.0,205.09,203.34,206.92,71495220,203.25,203.25,205.09,13821343338.2,13821343338.2,13821343338.2,0.0,3,SUR,-0.18,
TQBR,2020-06-26,Сбербанк,SBER,58862,9536028546.0,206.97,201.76,207.5,203.21,204.24,203.15,46690640,204.29,204.29,203.21,8985717499.9,8985717499.9,8985717499.9,0.0,3,SUR,-1.82,
TQBR,2020-06-29,Сбербанк,SBER,56294,8775787315.9,201.0,200.97,205.86,205.4,203.7,205.8,43082680,203.58,203.58,205.4,8259349132.5,8259349132.5,8259349132.5,0.0,3,SUR,1.3,
TQBR,2020-06-30,Сбербанк,SBER,64050,8909592214.0,205.7,202.36,206.0,202.8,203.63,203.22,43754960,203.67,203.67,202.8,8417048995.8,8417048995.8,8417048995.8,0.0,3,SUR,-1.25,
TQBR,2020-07-02,Сбербанк,SBER,78824,15895629292.0,205.0,204.28,210.15,210.0,208.11,209.6,76382050,208.02,208.02,210.0,15144384426.0,15144384426.0,15144384426.0,0.0,3,SUR,3.14,
TQBR,2020-07-03,Сбербанк,SBER,57980,10651660815.1,210.0,209.0,211.97,210.08,210.32,210.95,50644210,210.31,210.31,210.08,10369499892.4,10369499892.4,10369499892.4,0.0,3,SUR,0.64,
TQBR,2020-07-06,Сбербанк,SBER,65350,11914952236.6,212.97,212.94,216.79,214.75,214.86,214.61,55455110,214.88,214.88,214.75,11588979677.3,11588979677.3,11588979677.3,0.0,3,SUR,1.74,
TQBR,2020-07-07,Сбербанк,SBER,60099,9483841870.2,213.0,210.51,214.23,211.41,212.04,210.53,44728560,212.07,212.07,211.41,9046736088.3,9046736088.3,9046736088.3,0.0,3,SUR,-1.9,
TQBR,2020-07-08,Сбербанк,SBER,53610,8859053776.1,210.8,209.3,212.29,209.42,210.59,210.97,42068480,210.6,210.6,209.42,8566744065.1,8566744065.1,8566744065.1,0.0,3,SUR,0.21,
TQBR,2020-07-09,Сбербанк,SBER,52799,9485167255.3,210.7,208.1,211.7,208.72,209.9,209.11,45189000,209.94,209.94,208.72,9056422426.8,9056422426.8,9056422426.8,0.0,3,SUR,-0.88,
TQBR,2020-07-10,Сбербанк,SBER,52160,10603240360.5,207.51,206.57,212.6,212.6,209.12,212.28,50706520,208.9,208.9,212.6,9880999167.1,9880999167.1,9880999167.1,0.0,3,SUR,1.52,
TQBR,2020-07-13,Сбербанк,SBER,52815,10836025409.7,213.87,208.11,214.2,210.16,211.09,208.39,51331610,211.25,211.25,210.16,10116273030.8,10116273030.8,10116273030.8,0.0,3,SUR,-1.83,
TQBR,2020-07-14,Сбербанк,SBER,63563,13674397301.5,208.38,205.7,209.58,209.06,207.08,209.5,66035020,207.01,207.01,209.06,13222359400.8,13222359400.8,13222359400.8,0.0,3,SUR,0.53,
TQBR,2020-07-15,Сбербанк,SBER,53795,10392614438.1,210.29,207.65,211.8,211.11,209.83,211.09,49529010,209.78,209.78,211.11,9946953910.5,9946953910.5,9946953910.5,0.0,3,SUR,0.76,
TQBR,2020-07-16,Сбербанк,SBER,45884,8222468883.2,209.66,208.63,212.6,212.1,210.67,211.35,39030370,210.62,210.62,212.1,7791446938.9,7791446938.9,7791446938.9,0.0,3,SUR,0.12,
TQBR,2020-07-17,Сбербанк,SBER,40240,7621648287.8,211.69,209.86,212.18,210.73,210.89,210.81,36140220,210.89,210.89,210.73,7355156506.8,7355156506.8,7355156506.8,0.0,3,SUR,-0.26,
TQBR,2020-07-20,Сбербанк,SBER,53083,9408789104.0,210.27,209.08,214.48,212.49,211.4,213.89,44507600,211.01,211.01,212.49,7844137628.3,7844137628.3,7844137628.3,0.0,3,SUR,1.46,
TQBR,2020-07-21,Сбербанк,SBER,86200,16436006752.1,215.0,214.38,219.1,216.07,217.27,215.73,75649160,217.32,217.32,216.07,15759374318.5,15759374318.5,15759374318.5,0.0,3,SUR,0.86,
TQBR,2020-07-22,Сбербанк,SBER,53895,10453875884.8,215.98,213.56,217.65,216.8,215.79,216.71,48441000,215.78,215.78,216.8,10127810197.1,10127810197.1,10127810197.1,0.0,3,SUR,0.45,
TQBR,2020-07-23,Сбербанк,SBER,53964,9454102078.5,217.5,215.0,219.28,216.71,217.71,215.41,43424820,217.88,217.88,216.71,8735512473.2,8735512473.2,8735512473.2,0.0,3,SUR,-0.6,
TQBR,2020-07-24,Сбербанк,SBER,58313,11521604596.7,214.8,197.73,217.41,216.86,215.09,215.97,53567220,215.1,215.1,216.86,10107367319.6,10107367319.6,10107367319.6,0.0,3,SUR,0.26,
TQBR,2020-07-27,Сбербанк,SBER,49283,8310553242.2,216.7,215.15,218.38,215.49,216.86,216.9,38321750,216.88,216.88,215.49,7935889202.4,7935889202.4,7935889202.4,0.0,3,SUR,0.43,
TQBR,2020-07-28,Сбербанк,SBER,35627,5319231657.0,216.81,215.25,217.42,216.42,216.14,215.53,24610340,216.16,216.16,216.42,5045978776.1,5045978776.1,5045978776.1,0.0,3,SUR,-0.63,
TQBR,2020-07-29,Сбербанк,SBER,52559,9005920588.0,215.89,215.63,219.18,218.88,217.82,219.18,41346230,217.76,217.76,218.88,8471602586.3,8471602586.3,8471602586.3,0.0,3,SUR,1.69,
TQBR,2020-07-30,Сбербанк,SBER,69320,11138328730.9,218.71,215.34,218.88,216.84,217.27,218.15,51264970,217.24,217.24,216.84,10463111822.7,10463111822.7,10463111822.7,0.0,3,SUR,-0.47,
TQBR,2020-07-31,Сбербанк,SBER,74836,13145917240.5,218.19,217.43,221.98,221.13,220.17,221.57,59709710,220.12,220.12,221.13,12645395379.8,12645395379.8,12645395379.8,0.0,3,SUR,1.57,
TQBR,2020-08-03,Сбербанк,SBER,84083,14565232568.0,222.27,221.3,228.36,226.52,225.61,226.72,64556650,225.59,225.59,226.52,14207379089.5,14207379089.5,14207379089.5,0.0,3,SUR,2.32,
TQBR,2020-08-04,Сбербанк,SBER,62139,9543108136.4,227.39,225.63,228.85,226.66,227.12,227.16,42017490,227.13,227.13,226.66,9229509026.8,9229509026.8,9229509026.8,0.0,3,SUR,0.19,
TQBR,2020-08-05,Сбербанк,SBER,66727,12399212426.2,228.15,224.31,229.17,225.99,226.89,226.4,54642900,226.93,226.93,225.99,12123222808.7,12123222808.7,12123222808.7,0.0,3,SUR,-0.33,
TQBR,2020-08-06,Сбербанк,SBER,39488,6807374079.6,226.75,224.35,227.43,224.79,225.68,226.0,30164090,225.69,225.69,224.79,6413331141.5,6413331141.5,6413331141.5,0.0,3,SUR,-0.18,
TQBR,2020-08-07,Сбербанк,SBER,41075,8061489862.1,225.0,224.46,227.6,226.81,226.17,227.28,35640160,226.15,226.15,226.81,7643143658.9,7643143658.9,7643143658.9,0.0,3,SUR,0.57,
TQBR,2020-08-10,Сбербанк,SBER,49214,9837842413.7,227.96,224.51,228.7,224.6,226.14,225.99,43502880,226.17,226.17,224.6,9130341908.1,9130341908.1,9130341908.1,0.0,3,SUR,-0.57,
TQBR,2020-08-11,Сбербанк,SBER,101810,18901430660.7,226.43,226.21,234.73,234.6,230.87,232.65,81875170,230.71,230.71,234.6,17798888561.3,17798888561.3,17798888561.3,0.0,3,SUR,2.95,
TQBR,2020-08-12,Сбербанк,SBER,126720,24086072932.3,233.12,233.03,242.5,241.4,238.43,242.4,101002270,238.23,238.23,241.4,22311982784.3,22311982784.3,22311982784.3,0.0,3,SUR,4.19,
TQBR,2020-08-13,Сбербанк,SBER,102654,20686038715.6,242.2,238.57,244.04,242.54,241.32,241.39,85720330,241.32,241.32,242.54,20014602376.8,20014602376.8,20014602376.8,0.0,3,SUR,-0.42,
TQBR,2020-08-14,Сбербанк,SBER,58944,10611904575.6,242.0,238.47,242.22,239.5,239.61,239.99,44284550,239.62,239.62,239.5,10208594699.0,10208594699.0,10208594699.0,0.0,3,SUR,-0.58,
TQBR,2020-08-17,Сбербанк,SBER,91888,18405007815.5,240.8,234.5,242.35,237.01,238.65,237.8,77120410,238.7,238.7,237.01,17808301258.9,17808301258.9,17808301258.9,0.0,3,SUR,-0.91,
TQBR,2020-08-18,Сбербанк,SBER,50421,8727611405.3,236.88,235.69,239.83,235.8,237.4,236.3,36762880,237.43,237.43,235.8,8490039846.7,8490039846.7,8490039846.7,0.0,3,SUR,-0.63,
TQBR,2020-08-19,Сбербанк,SBER,55535,9128470275.9,235.85,235.19,240.75,239.75,238.75,239.4,38234650,238.7,238.7,239.75,8559801368.3,8559801368.3,8559801368.3,0.0,3,SUR,1.31,
TQBR,2020-08-20,Сбербанк,SBER,134716,27336230596.3,238.44,230.33,238.51,230.7,233.76,232.48,116941150,233.81,233.81,230.7,26483980432.7,26483980432.7,26483980432.7,0.0,3,SUR,-2.89,
TQBR,2020-08-21,Сбербанк,SBER,197307,32170258945.3,233.3,227.35,236.5,230.7,231.59,231.22,138913060,231.59,231.59,230.7,31624082814.3,31624082814.3,31624082814.3,0.0,3,SUR,-0.54,
TQBR,2020-08-24,Сбербанк,SBER,72387,10345016893.4,232.5,230.2,233.7,231.06,232.24,231.81,44546800,232.27,232.27,231.06,9903291535.4,9903291535.4,9903291535.4,0.0,3,SUR,0.26,
TQBR,2020-08-25,Сбербанк,SBER,102789,13519382620.3,232.3,226.9,232.97,227.33,229.22,228.08,58979870,229.31,229.31,227.33,12823299651.8,12823299651.8,12823299651.8,0.0,3,SUR,-1.61,
TQBR,2020-08-26,Сбербанк,SBER,103050,17191544879.4,228.3,224.7,229.4,227.5,226.86,227.8,75779450,226.83,226.83,227.5,16532525567.1,16532525567.1,16532525567.1,0.0,3,SUR,-0.12,
TQBR,2020-08-27,Сбербанк,SBER,67017,11613583692.0,227.87,225.6,229.98,226.57,227.58,226.23,51031070,227.67,227.67,226.57,10931700073.6,10931700073.6,10931700073.6,0.0,3,SUR,-0.69,
TQBR,2020-08-28,Сбербанк,SBER,54129,9232406392.9,227.0,225.19,228.1,225.99,226.57,226.3,40748090,226.58,226.58,225.99,8911955838.8,8911955838.8,8911955838.8,0.0,3,SUR,0.03,
TQBR,2020-08-31,Сбербанк,SBER,68211,14071375876.6,227.0,225.0,229.71,225.0,226.92,226.1,62015070,226.95,226.95,225.0,13466478208.7,13466478208.7,13466478208.7,0.0,3,SUR,-0.09,
TQBR,2020-09-01,Сбербанк,SBER,49030,8522787144.6,226.7,226.01,227.97,226.72,226.98,227.64,37550370,226.96,226.96,226.72,8195039418.6,8195039418.6,8195039418.6,0.0,3,SUR,0.68,
TQBR,2020-09-02,Сбербанк,SBER,112828,17450608746.8,228.56,220.85,228.75,221.8,224.15,222.57,77854040,224.23,224.23,221.8,16574653345.5,16574653345.5,16574653345.5,0.0,3,SUR,-2.23,
TQBR,2020-09-03,Сбербанк,SBER,90225,15382475469.6,221.67,218.0,224.23,218.95,221.43,218.32,69470720,221.59,221.59,218.95,14496694476.8,14496694476.8,14496694476.8,0.0,3,SUR,-1.91,
TQBR,2020-09-04,Сбербанк,SBER,85020,15500726113.3,218.0,216.75,222.5,220.0,219.34,222.21,70670060,219.2,219.2,220.0,14536976024.4,14536976024.4,14536976024.4,0.0,3,SUR,1.78,
TQBR,2020-09-07,Сбербанк,SBER,78863,13178570253.6,221.5,220.5,224.2,220.5,222.11,221.32,59334960,222.13,222.13,220.5,12836745966.9,12836745966.9,12836745966.9,0.0,3,SUR,-0.4,
TQBR,2020-09-08,Сбербанк,SBER,100282,15302879362.2,222.0,216.29,222.48,217.25,218.54,217.68,70024350,218.56,218.56,217.25,14771192100.7,14771192100.7,14771192100.7,0.0,3,SUR,-1.64,
TQBR,2020-09-09,Сбербанк,SBER,63085,10478057857.9,217.01,216.8,218.88,217.48,218.0,218.0,48062980,218.01,218.01,217.48,10042403902.3,10042403902.3,10042403902.3,0.0,3,SUR,0.15,
TQBR,2020-09-10,Сбербанк,SBER,88034,15594540161.9,218.24,215.79,222.15,221.88,219.03,220.6,71198540,218.9,218.9,221.88,14709693305.3,14709693305.3,14709693305.3,0.0,3,SUR,1.19,
TQBR,2020-09-11,Сбербанк,SBER,61596,10116610895.1,221.46,219.75,223.15,220.53,221.42,221.07,45688920,221.45,221.45,220.53,9560716866.6,9560716866.6,9560716866.6,0.0,3,SUR,0.21,
TQBR,2020-09-14,Сбербанк,SBER,85003,14157337173.7,222.31,222.13,227.54,227.07,225.09,227.37,62906200,224.95,224.95,227.07,13524340755.9,13524340755.9,13524340755.9,0.0,3,SUR,2.85,
TQBR,2020-09-15,Сбербанк,SBER,89097,14255629551.8,228.22,227.39,231.95,231.3,230.29,231.5,61905270,230.24,230.24,231.3,13641820634.7,13641820634.7,13641820634.7,0.0,3,SUR,1.82,
TQBR,2020-09-16,Сбербанк,SBER,56972,9156984436.9,231.72,230.15,232.6,231.35,231.21,231.06,39605930,231.19,231.19,231.35,8499094619.3,8499094619.3,8499094619.3,0.0,3,SUR,-0.19,
TQBR,2020-09-17,Сбербанк,SBER,59102,11305308495.3,229.1,228.57,231.75,231.75,230.14,231.46,49126710,230.07,230.07,231.75,10806110649.5,10806110649.5,10806110649.5,0.0,3,SUR,0.17,
TQBR,2020-09-18,Сбербанк,SBER,65800,12588932834.6,232.0,229.0,232.59,229.0,230.46,230.3,54624840,230.52,230.52,229.0,11677626450.7,11677626450.7,11677626450.7,0.0,3,SUR,-0.5,
TQBR,2020-09-21,Сбербанк,SBER,93838,15914876384.9,229.88,223.49,230.07,224.64,226.38,226.25,70303620,226.41,226.41,224.64,15016793561.2,15016793561.2,15016793561.2,0.0,3,SUR,-1.76,
TQBR,2020-09-22,Сбербанк,SBER,87288,15206482113.8,226.0,225.46,230.28,227.03,228.25,229.88,66622080,228.21,228.21,227.03,13471420008.3,13471420008.3,13471420008.3,0.0,3,SUR,1.6,
TQBR,2020-09-23,Сбербанк,SBER,99001,16403578895.1,230.02,227.61,232.1,227.61,230.07,228.5,71299220,230.22,230.22,227.61,15070361165.1,15070361165.1,15070361165.1,0.0,3,SUR,-0.6,
TQBR,2020-09-24,Сбербанк,SBER,114250,18732362394.8,227.63,225.75,231.1,228.36,228.45,228.17,81995110,228.47,228.47,228.36,17828410805.0,17828410805.0,17828410805.0,0.0,3,SUR,-0.14,
TQBR,2020-09-25,Сбербанк,SBER,80300,13705991460.3,229.0,226.25,229.3,227.57,227.49,228.24,60248340,227.46,227.46,227.57,12980818409.2,12980818409.2,12980818409.2,0.0,3,SUR,0.03,
TQBR,2020-09-28,Сбербанк,SBER,105090,14741456973.9,228.79,227.35,229.55,228.32,228.48,228.63,64519830,228.48,228.48,228.32,14338147259.9,14338147259.9,14338147259.9,0.0,3,SUR,0.17,
TQBR,2020-09-29,Сбербанк,SBER,155198,20396145374.2,228.88,223.1,228.88,224.9,225.58,225.48,90417190,225.59,225.59,224.9,19597018134.2,19597018134.2,19597018134.2,0.0,3,SUR,-1.38,
TQBR,2020-09-30,Сбербанк,SBER,112943,17872440194.2,224.5,223.25,230.75,228.0,227.37,229.14,78604470,227.24,227.24,228.0,16477005437.1,16477005437.1,16477005437.1,0.0,3,SUR,1.62,
TQBR,2020-10-01,Сбербанк,SBER,87987,17791063640.7,229.08,226.86,229.9,228.85,228.59,227.23,77828210,228.76,228.76,228.85,15481651579.9,15481651579.9,15481651579.9,0.0,3,SUR,-0.83,
TQBR,2020-10-02,Сбербанк,SBER,188167,23838847083.7,210.4,206.5,211.39,208.16,208.53,208.8,114322450,208.51,208.51,208.16,23029671458.8,23029671458.8,23029671458.8,0.0,3,SUR,-8.11,
TQBR,2020-10-05,Сбербанк,SBER,75344,9513875234.4,209.65,207.72,210.69,208.79,208.63,208.89,45601880,208.62,208.62,208.79,9087401226.7,9087401226.7,9087401226.7,0.0,3,SUR,0.04,
TQBR,2020-10-06,Сбербанк,SBER,112010,18494841962.5,209.0,208.35,212.99,212.21,211.29,211.18,87529560,211.29,211.29,212.21,17092103397.2,17092103397.2,17092103397.2,0.0,3,SUR,1.1,
TQBR,2020-10-07,Сбербанк,SBER,71707,13059113369.6,211.3,209.03,212.66,210.5,210.45,210.6,62052620,210.45,210.45,210.5,12589930469.4,12589930469.4,12589930469.4,0.0,3,SUR,-0.27,
TQBR,2020-10-08,Сбербанк,SBER,80140,10346732010.9,211.2,207.26,211.43,208.0,208.82,207.97,49545460,208.87,208.87,208.0,9935586962.3,9935586962.3,9935586962.3,0.0,3,SUR,-1.25,
TQBR,2020-10-09,Сбербанк,SBER,99680,13514648160.3,208.47,204.4,208.96,206.0,206.27,205.38,65518060,206.37,206.37,206.0,12255558250.8,12255558250.8,12255558250.8,0.0,3,SUR,-1.25,
TQBR,2020-10-12,Сбербанк,SBER,80823,10804190710.5,205.97,204.57,208.49,205.58,206.5,206.18,52321380,206.51,206.51,205.58,10374778915.2,10374778915.2,10374778915.2,0.0,3,SUR,0.39,
TQBR,2020-10-13,Сбербанк,SBER,77199,9481495812.4,205.92,204.77,207.64,205.0,206.02,205.03,46023280,206.05,206.05,205.0,9085558748.3,9085558748.3,9085558748.3,0.0,3,SUR,-0.56,
TQBR,2020-10-14,Сбербанк,SBER,69278,9685023432.1,205.06,204.78,208.0,207.8,206.77,207.83,46840170,206.73,206.73,207.8,9129040335.7,9129040335.7,9129040335.7,0.0,3,SUR,1.37,
TQBR,2020-10-15,Сбербанк,SBER,108783,15627615937.8,207.46,201.95,207.57,203.35,204.28,203.85,76502030,204.31,204.31,203.35,14726315336.4,14726315336.4,14726315336.4,0.0,3,SUR,-1.92,
TQBR,2020-10-16,Сбербанк,SBER,87244,13392342059.7,204.02,200.5,204.25,201.22,202.12,201.17,66258500,202.14,202.14,201.22,12977518339.7,12977518339.7,12977518339.7,0.0,3,SUR,-1.31,
TQBR,2020-10-19,Сбербанк,SBER,76949,9616800475.9,201.55,201.55,204.0,203.84,202.8,202.78,47421400,202.8,202.8,203.84,8884932103.6,8884932103.6,8884932103.6,0.0,3,SUR,0.8,
TQBR,2020-10-20,Сбербанк,SBER,123516,16761624910.9,203.0,202.5,209.76,209.08,207.14,209.54,80919110,207.02,207.02,209.08,15883490629.3,15883490629.3,15883490629.3,0.0,3,SUR,3.33,
TQBR,2020-10-21,Сбербанк,SBER,109891,17405263503.0,210.04,208.9,213.25,210.07,210.95,210.33,82509750,210.97,210.97,210.07,16807464690.0,16807464690.0,16807464690.0,0.0,3,SUR,0.38,
TQBR,2020-10-22,Сбербанк,SBER,71771,9827794477.3,209.58,207.84,211.53,209.1,209.73,210.21,46859510,209.73,209.73,209.1,8987301165.5,8987301165.5,8987301165.5,0.0,3,SUR,-0.06,
TQBR,2020-10-23,Сбербанк,SBER,115397,16035135288.8,210.0,209.15,214.73,214.15,212.78,214.5,75361490,212.7,212.7,214.15,15121190151.6,15121190151.6,15121190151.6,0.0,3,SUR,2.04,
TQBR,2020-10-26,Сбербанк,SBER,82827,12523196337.9,213.4,210.5,214.45,211.8,212.54,211.1,58921210,212.73,212.73,211.8,11191925741.3,11191925741.3,11191925741.3,0.0,3,SUR,-1.59,
TQBR,2020-10-27,Сбербанк,SBER,82421,12740888699.7,211.5,206.66,212.29,207.88,208.58,207.64,61084680,208.6,208.6,207.88,12134646767.9,12134646767.9,12134646767.9,0.0,3,SUR,-1.64,
TQBR,2020-10-28,Сбербанк,SBER,100887,14346698389.2,206.94,202.3,206.94,204.84,204.45,204.73,70171420,204.33,204.33,204.84,12932248873.4,12932248873.4,12932248873.4,0.0,3,SUR,-1.4,
TQBR,2020-10-29,Сбербанк,SBER,102111,18784577809.2,206.5,203.64,207.33,204.5,205.28,205.58,91505270,205.26,205.26,204.5,17751642889.6,17751642889.6,17751642889.6,0.0,3,SUR,0.42,
TQBR,2020-10-30,Сбербанк,SBER,123316,16956465782.8,203.62,200.61,204.84,201.03,202.69,200.99,83659620,202.82,202.82,201.03,15659125025.8,15659125025.8,15659125025.8,0.0,3,SUR,-2.23,
TQBR,2020-11-02,Сбербанк,SBER,118233,16569318135.9,200.45,196.15,204.59,203.58,201.24,204.5,82335660,201.02,201.02,203.58,15408977879.6,15408977879.6,15408977879.6,0.0,3,SUR,1.75,
TQBR,2020-11-03,Сбербанк,SBER,115324,18755423471.8,205.7,203.8,211.11,209.96,207.54,209.2,90368710,207.27,207.27,209.96,16641770066.6,16641770066.6,16641770066.6,0.0,3,SUR,2.3,
TQBR,2020-11-05,Сбербанк,SBER,172613,32864048096.0,214.4,211.43,218.65,217.58,215.42,216.7,152554980,215.3,215.3,217.58,30684897330.9,30684897330.9,30684897330.9,0.0,3,SUR,3.59,
TQBR,2020-11-06,Сбербанк,SBER,106777,20569505846.9,215.8,213.0,218.29,217.55,216.52,217.5,94997390,216.49,216.49,217.55,19601087672.0,19601087672.0,19601087672.0,0.0,3,SUR,0.37,
TQBR,2020-11-09,Сбербанк,SBER,279293,49040624016.0,220.0,218.7,231.3,229.89,225.44,228.05,217536750,224.95,224.95,229.89,43671173318.4,43671173318.4,43671173318.4,0.0,3,SUR,4.85,
TQBR,2020-11-10,Сбербанк,SBER,276495,53418710876.7,227.0,226.27,237.6,237.4,232.66,236.1,229603230,232.42,232.42,237.4,50198412024.0,50198412024.0,50198412024.0,0.0,3,SUR,3.53,
TQBR,2020-11-11,Сбербанк,SBER,276958,56981091002.2,237.0,236.89,245.98,243.6,242.64,244.2,234843470,242.46,242.46,243.6,52846463712.9,52846463712.9,52846463712.9,0.0,3,SUR,3.43,
TQBR,2020-11-12,Сбербанк,SBER,179954,36869870227.7,243.31,240.22,245.72,245.07,243.46,242.08,151436920,243.47,243.47,245.07,34393678825.3,34393678825.3,34393678825.3,0.0,3,SUR,-0.87,
TQBR,2020-11-13,Сбербанк,SBER,137885,25594975927.1,242.01,238.62,244.14,239.79,241.12,242.99,106150870,241.02,241.02,239.79,22887467147.4,22887467147.4,22887467147.4,0.0,3,SUR,0.38,
TQBR,2020-11-16,Сбербанк,SBER,149214,28152563676.1,244.14,244.0,248.73,248.0,247.07,247.99,113945190,247.05,247.05,248.0,26737833509.4,26737833509.4,26737833509.4,0.0,3,SUR,2.06,
TQBR,2020-11-17,Сбербанк,SBER,134024,23346224330.0,248.0,243.41,249.84,246.58,245.94,245.7,94918470,245.95,245.95,246.58,21910694741.5,21910694741.5,21910694741.5,0.0,3,SUR,-0.92,
TQBR,2020-11-18,Сбербанк,SBER,84653,14733578918.6,245.1,242.59,247.23,244.18,245.19,242.71,60088940,245.37,245.37,244.18,13031046491.4,13031046491.4,13031046491.4,0.0,3,SUR,-1.22,
TQBR,2020-11-19,Сбербанк,SBER,116186,23265463603.1,242.5,237.34,243.49,238.8,239.49,240.27,97143730,239.5,239.5,238.8,22129433588.7,22129433588.7,22129433588.7,0.0,3,SUR,-1.01,
TQBR,2020-11-20,Сбербанк,SBER,64662,11633833057.0,239.58,236.57,240.77,238.0,238.4,239.42,48799870,238.38,238.38,238.0,10698325405.1,10698325405.1,10698325405.1,0.0,3,SUR,-0.35,
TQBR,2020-11-23,Сбербанк,SBER,96030,18049549354.9,240.45,238.52,243.87,238.84,241.2,239.7,74832280,241.32,241.32,238.84,16965582086.9,16965582086.9,16965582086.9,0.0,3,SUR,0.12,
TQBR,2020-11-24,Сбербанк,SBER,119803,20602954853.6,241.65,239.57,247.85,245.72,243.78,247.33,84515780,243.46,243.46,245.72,18573061364.2,18573061364.2,18573061364.2,0.0,3,SUR,3.18,
TQBR,2020-11-25,Сбербанк,SBER,150694,33360645434.4,248.0,246.55,252.2,251.35,250.09,251.91,133397740,250.02,250.02,251.35,31220424581.0,31220424581.0,31220424581.0,0.0,3,SUR,1.85,
TQBR,2020-11-26,Сбербанк,SBER,93818,19957536265.9,252.3,247.44,252.88,251.5,249.73,250.1,79917590,249.68,249.68,251.5,18970197944.0,18970197944.0,18970197944.0,0.0,3,SUR,-0.72,
TQBR,2020-11-27,Сбербанк,SBER,72072,12861398290.8,250.3,248.03,252.26,251.18,250.07,251.59,51431130,249.99,249.99,251.18,11951636041.7,11951636041.7,11951636041.7,0.0,3,SUR,0.6,
TQBR,2020-11-30,Сбербанк,SBER,132667,27926253239.0,249.72,245.98,251.0,249.65,249.03,249.63,112141620,248.98,248.98,249.65,25395735105.0,25395735105.0,25395735105.0,0.0,3,SUR,-0.78,
TQBR,2020-12-01,Сбербанк,SBER,169962,33797756819.2,250.75,249.8,260.99,259.76,255.92,260.81,132069500,255.48,255.48,259.76,30675046551.0,30675046551.0,30675046551.0,0.0,3,SUR,4.48,
TQBR,2020-12-02,Сбербанк,SBER,138624,24485196875.8,260.05,258.8,264.99,264.99,262.01,264.06,93452130,261.87,261.87,264.99,22923685288.1,22923685288.1,22923685288.1,0.0,3,SUR,1.25,
TQBR,2020-12-03,Сбербанк,SBER,101161,16359009602.9,264.5,260.85,264.63,263.94,262.83,263.14,62240840,262.77,262.77,263.94,15180759622.3,15180759622.3,15180759622.3,0.0,3,SUR,-0.35,
TQBR,2020-12-04,Сбербанк,SBER,135258,25436065778.4,264.63,264.5,270.84,269.21,268.76,270.0,94637930,268.73,268.73,269.21,24240049315.7,24240049315.7,24240049315.7,0.0,3,SUR,2.61,
TQBR,2020-12-07,Сбербанк,SBER,137823,25943614759.1,269.0,268.1,276.13,275.8,273.69,274.36,94793660,273.58,273.58,275.8,23768726624.9,23768726624.9,23768726624.9,0.0,3,SUR,1.61,
TQBR,2020-12-08,Сбербанк,SBER,121408,21641376994.2,274.5,271.52,276.66,275.5,274.43,275.49,78859920,274.39,274.39,275.5,20478357641.8,20478357641.8,20478357641.8,0.0,3,SUR,0.41,
TQBR,2020-12-09,Сбербанк,SBER,114250,20456907403.1,276.4,275.87,279.42,278.48,277.79,276.89,73639980,277.86,277.86,278.48,18267035892.1,18267035892.1,18267035892.1,0.0,3,SUR,0.51,
TQBR,2020-12-10,Сбербанк,SBER,122817,21123931442.1,276.55,275.2,282.2,281.81,279.2,282.2,75658690,279.03,279.03,281.81,19548079935.0,19548079935.0,19548079935.0,0.0,3,SUR,1.92,
TQBR,2020-12-11,Сбербанк,SBER,118189,21506659116.0,282.5,279.78,284.6,283.67,282.6,283.73,76101950,282.53,282.53,283.67,19862985482.0,19862985482.0,19862985482.0,0.0,3,SUR,0.54,
TQBR,2020-12-14,Сбербанк,SBER,148752,25581080169.8,285.01,277.1,287.74,279.04,282.93,279.95,90415250,283.23,283.23,279.04,23422975483.2,23422975483.2,23422975483.2,0.0,3,SUR,-1.33,
TQBR,2020-12-15,Сбербанк,SBER,148863,23511052595.1,278.53,276.07,283.76,276.47,279.23,278.7,84193230,279.35,279.35,276.47,22187030589.1,22187030589.1,22187030589.1,0.0,3,SUR,-0.45,
TQBR,2020-12-16,Сбербанк,SBER,83867,15220154497.2,278.0,276.14,280.84,278.35,278.0,278.35,54748960,278.0,278.0,278.35,14332473669.1,14332473669.1,14332473669.1,0.0,3,SUR,-0.13,
TQBR,2020-12-17,Сбербанк,SBER,125169,25872189748.4,279.81,276.54,285.16,278.16,280.79,278.5,92138550,280.87,280.87,278.16,25104755995.0,25104755995.0,25104755995.0,0.0,3,SUR,0.05,
TQBR,2020-12-18,Сбербанк,SBER,142441,27030760585.1,277.22,268.52,277.4,271.15,272.29,270.16,99271840,272.46,272.46,271.15,25013974107.8,25013974107.8,25013974107.8,0.0,3,SUR,-2.99,
TQBR,2020-12-21,Сбербанк,SBER,167143,31683374762.3,266.2,259.7,267.34,259.89,262.9,261.79,120517950,263.02,263.02,259.89,28769985591.3,28769985591.3,28769985591.3,0.0,3,SUR,-3.1,
TQBR,2020-12-22,Сбербанк,SBER,132296,27826353526.9,259.55,257.05,267.42,262.92,263.78,262.04,105490480,263.91,263.91,262.92,25899139847.0,25899139847.0,25899139847.0,0.0,3,SUR,0.1,
TQBR,2020-12-23,Сбербанк,SBER,108565,18051634580.6,262.25,260.22,270.29,268.83,265.68,270.1,67938790,264.96,264.96,268.83,15141534647.4,15141534647.4,15141534647.4,0.0,3,SUR,3.08,
TQBR,2020-12-24,Сбербанк,SBER,73635,11504527659.8,271.98,267.13,272.82,269.12,269.97,269.32,42614450,270.0,270.0,269.12,10784629854.0,10784629854.0,10784629854.0,0.0,3,SUR,-0.29,
TQBR,2020-12-25,Сбербанк,SBER,52663,3235057865.1,269.97,268.28,271.0,270.7,269.82,270.64,11989750,269.71,269.71,270.7,2801387085.6,2801387085.6,2801387085.6,0.0,3,SUR,0.49,
TQBR,2020-12-28,Сбербанк,SBER,73655,10633510029.9,270.9,269.73,275.19,274.3,272.35,274.7,39043430,272.15,272.15,274.3,9762736901.2,9762736901.2,9762736901.2,0.0,3,SUR,1.5,
TQBR,2020-12-29,Сбербанк,SBER,61883,10692369375.8,275.91,271.26,276.43,272.74,274.01,272.0,39021610,274.2,274.2,272.74,9774029187.0,9774029187.0,9774029187.0,0.0,3,SUR,-0.98,
TQBR,2020-12-30,Сбербанк,SBER,50734,8575812006.4,272.49,270.12,274.24,271.1,271.99,271.65,31530660,272.08,272.08,271.1,7784243948.5,7784243948.5,7784243948.5,0.0,3,SUR,-0.13,
TQBR,2021-01-04,Сбербанк,SBER,74192,13434542974.0,274.67,270.61,276.6,276.0,274.61,272.0,48922920,275.06,275.06,276.0,10995442585.3,10995442585.3,10995442585.3,0.0,3,SUR,0.13,
TQBR,2021-01-05,Сбербанк,SBER,74787,12449940093.5,272.69,270.28,275.7,273.82,273.12,275.2,45583910,272.97,272.97,273.82,11335745413.8,11335745413.8,11335745413.8,0.0,3,SUR,1.18,
TQBR,2021-01-06,Сбербанк,SBER,64392,11198786354.7,275.94,271.62,275.94,274.68,273.49,272.93,40948520,273.45,273.45,274.68,9932999712.1,9932999712.1,9932999712.1,0.0,3,SUR,-0.82,
TQBR,2021-01-08,Сбербанк,SBER,126247,24965598229.2,275.11,275.11,283.99,282.08,280.74,283.64,88928790,280.62,280.62,282.08,23414208892.6,23414208892.6,23414208892.6,0.0,3,SUR,3.92,
TQBR,2021-01-11,Сбербанк,SBER,167977,32387587949.7,282.86,279.48,292.95,288.85,288.3,289.49,112349520,288.23,288.23,288.85,31069344555.6,31069344555.6,31069344555.6,0.0,3,SUR,2.06,
TQBR,2021-01-12,Сбербанк,SBER,131929,23033207791.0,290.88,286.7,296.07,288.45,291.7,289.99,78962360,291.91,291.91,288.45,21641136594.9,21641136594.9,21641136594.9,0.0,3,SUR,0.17,
TQBR,2021-01-13,Сбербанк,SBER,113139,19329406068.2,291.01,283.1,292.46,283.66,286.11,283.78,67559080,286.25,286.25,283.66,18050976362.3,18050976362.3,18050976362.3,0.0,3,SUR,-2.14,
TQBR,2021-01-14,Сбербанк,SBER,121415,21166553940.6,284.0,279.06,286.9,284.28,283.47,284.79,74673700,283.39,283.39,284.28,20120119101.4,20120119101.4,20120119101.4,0.0,3,SUR,0.36,
TQBR,2021-01-15,Сбербанк,SBER,132679,20704258669.7,282.55,276.0,286.16,276.82,280.64,276.9,73774870,280.91,280.91,276.82,19308633224.6,19308633224.6,19308633224.6,0.0,3,SUR,-2.77,
TQBR,2021-01-18,Сбербанк,SBER,118097,20519303291.8,275.72,272.95,281.3,280.95,277.53,279.79,73935650,277.42,277.42,280.95,19477868874.2,19477868874.2,19477868874.2,0.0,3,SUR,1.04,
TQBR,2021-01-19,Сбербанк,SBER,105939,15657703355.8,280.98,276.42,282.8,277.09,279.6,278.19,55998820,279.81,279.81,277.09,14438166173.7,14438166173.7,14438166173.7,0.0,3,SUR,-0.57,
TQBR,2021-01-20,Сбербанк,SBER,93273,13410105295.4,278.62,276.77,282.49,278.8,279.72,279.8,47940980,279.78,279.78,278.8,12228008479.3,12228008479.3,12228008479.3,0.0,3,SUR,0.58,
TQBR,2021-01-21,Сбербанк,SBER,128577,23104211857.2,280.75,272.84,281.54,275.75,275.72,274.4,83795610,275.75,275.75,275.75,22119628866.5,22119628866.5,22119628866.5,0.0,3,SUR,-1.93,
TQBR,2021-01-22,Сбербанк,SBER,136542,23425721074.9,273.0,266.78,273.3,267.5,269.24,268.25,87007610,269.28,269.28,267.5,22513356168.8,22513356168.8,22513356168.8,0.0,3,SUR,-2.24,
TQBR,2021-01-25,Сбербанк,SBER,174198,30573885594.7,271.0,261.65,273.63,265.19,267.41,265.3,114330950,267.7,267.7,265.19,28354086308.9,28354086308.9,28354086308.9,0.0,3,SUR,-1.1,
TQBR,2021-01-26,Сбербанк,SBER,128619,20081806624.3,262.7,262.61,269.57,268.27,266.95,269.34,75228120,266.83,266.83,268.27,18792462917.8,18792462917.8,18792462917.8,0.0,3,SUR,1.52,
TQBR,2021-01-27,Сбербанк,SBER,168437,26983357696.7,270.07,265.02,273.8,266.84,269.59,265.5,100093260,269.78,269.78,266.84,25388898882.9,25388898882.9,25388898882.9,0.0,3,SUR,-1.43,
TQBR,2021-01-28,Сбербанк,SBER,116323,21478838736.4,263.5,261.17,267.17,264.68,264.34,265.96,81253290,264.26,264.26,264.68,20124659173.1,20124659173.1,20124659173.1,0.0,3,SUR,0.17,
TQBR,2021-01-29,Сбербанк,SBER,182334,31282157083.1,263.77,257.36,264.75,258.42,260.42,258.11,120123710,260.6,260.6,258.42,28847397276.9,28847397276.9,28847397276.9,0.0,3,SUR,-2.95,
TQBR,2021-02-01,Сбербанк,SBER,109069,16517036893.1,260.0,258.73,264.06,262.24,261.63,263.8,63130400,261.48,261.48,262.24,15143708722.1,15143708722.1,15143708722.1,0.0,3,SUR,2.2,
TQBR,2021-02-02,Сбербанк,SBER,112219,21130912921.8,265.0,263.05,268.39,267.0,265.68,263.15,79534190,265.91,265.91,267.0,17061046375.8,17061046375.8,17061046375.8,0.0,3,SUR,-0.25,
TQBR,2021-02-03,Сбербанк,SBER,115398,20508495277.8,264.32,261.05,268.14,261.55,264.12,263.53,77648760,264.26,264.26,261.55,18883177716.6,18883177716.6,18883177716.6,0.0,3,SUR,0.14,
TQBR,2021-02-04,Сбербанк,SBER,110857,21060053221.8,263.21,262.34,270.6,268.34,266.79,270.11,78929290,266.6,266.6,268.34,19352059113.2,19352059113.2,19352059113.2,0.0,3,SUR,2.5,
TQBR,2021-02-05,Сбербанк,SBER,104977,19443149796.1,271.99,268.87,272.57,271.55,270.77,271.7,71806820,270.73,270.73,271.55,18469643475.9,18469643475.9,18469643475.9,0.0,3,SUR,0.59,
TQBR,2021-02-08,Сбербанк,SBER,88113,14217396460.7,273.01,272.32,275.58,274.77,274.05,275.2,51878390,273.95,273.95,274.77,12755015715.7,12755015715.7,12755015715.7,0.0,3,SUR,1.29,
TQBR,2021-02-09,Сбербанк,SBER,136771,24881954493.2,275.99,267.19,276.29,267.91,270.69,268.98,91921510,270.83,270.83,267.91,23441972620.1,23441972620.1,23441972620.1,0.0,3,SUR,-2.26,
TQBR,2021-02-10,Сбербанк,SBER,111046,16918200383.1,269.28,265.2,270.99,265.53,268.17,265.9,63087490,268.32,268.32,265.53,15592489984.8,15592489984.8,15592489984.8,0.0,3,SUR,-1.15,
TQBR,2021-02-11,Сбербанк,SBER,75386,10250368666.9,265.5,263.75,266.9,265.1,265.07,264.7,38669800,265.1,265.1,265.1,9312955957.3,9312955957.3,9312955957.3,0.0,3,SUR,-0.45,
TQBR,2021-02-12,Сбербанк,SBER,126635,21386688670.7,264.0,258.55,266.44,264.0,261.9,266.0,81658530,261.27,261.27,264.0,18042296760.0,18042296760.0,18042296760.0,0.0,3,SUR,0.49,
TQBR,2021-02-15,Сбербанк,SBER,96632,15321628602.6,268.49,267.07,271.87,270.18,269.06,271.81,56945310,268.84,268.84,270.18,13723221186.7,13723221186.7,13723221186.7,0.0,3,SUR,2.18,
TQBR,2021-02-16,Сбербанк,SBER,99472,17059296191.7,272.3,268.27,272.8,271.25,270.35,270.9,63103170,270.3,270.3,271.25,16013503953.4,16013503953.4,16013503953.4,0.0,3,SUR,-0.33,
TQBR,2021-02-17,Сбербанк,SBER,125067,21493440752.3,270.99,267.56,275.07,268.94,271.68,270.9,79103850,271.96,271.96,268.94,19425230397.3,19425230397.3,19425230397.3,0.0,3,SUR,0.0,
TQBR,2021-02-18,Сбербанк,SBER,91511,15803278522.1,270.35,266.21,272.46,266.51,269.08,266.99,58729690,269.22,269.22,266.51,14614209569.4,14614209569.4,14614209569.4,0.0,3,SUR,-1.44,
TQBR,2021-02-19,Сбербанк,SBER,87787,15897066063.1,266.12,264.19,272.81,271.35,268.22,271.34,59268550,267.98,267.98,271.35,14588358121.8,14588358121.8,14588358121.8,0.0,3,SUR,1.63,
TQBR,2021-02-20,Сбербанк,SBER,32003,2365150617.1,271.0,269.02,271.0,270.51,269.9,270.51,8763250,269.86,269.86,270.51,2202234385.7,2202234385.7,2202234385.7,0.0,3,SUR,-0.31,
TQBR,2021-02-22,Сбербанк,SBER,75648,13063828693.3,270.1,268.12,274.46,273.0,271.43,273.71,48129770,271.11,271.11,273.0,11487797011.8,11487797011.8,11487797011.8,0.0,3,SUR,1.18,
TQBR,2021-02-24,Сбербанк,SBER,95827,17398895710.6,272.12,269.42,272.75,269.79,271.05,271.9,64190320,271.03,271.03,269.79,16162962652.9,16162962652.9,16162962652.9,0.0,3,SUR,-0.66,
TQBR,2021-02-25,Сбербанк,SBER,122534,21852880680.8,273.6,270.65,276.48,275.19,274.13,270.71,79716010,274.32,274.32,275.19,19188168587.5,19188168587.5,19188168587.5,0.0,3,SUR,-0.44,
TQBR,2021-02-26,Сбербанк,SBER,100025,20205917011.1,268.0,266.43,272.49,270.03,269.8,270.17,74892050,269.8,269.8,270.03,18874837841.9,18874837841.9,18874837841.9,0.0,3,SUR,-0.2,
TQBR,2021-03-01,Сбербанк,SBER,67778,9812239879.7,273.0,271.13,274.73,274.27,272.85,273.58,35962010,272.77,272.77,274.27,8996819609.7,8996819609.7,8996819609.7,0.0,3,SUR,1.26,
TQBR,2021-03-02,Сбербанк,SBER,114640,19802839822.7,271.89,271.6,280.0,279.2,276.73,279.1,71566360,276.54,276.54,279.2,18458254282.7,18458254282.7,18458254282.7,0.0,3,SUR,2.02,
TQBR,2021-03-03,Сбербанк,SBER,111636,18069380424.4,281.7,277.63,283.83,278.88,281.14,278.01,64275320,281.34,281.34,278.88,16441295541.9,16441295541.9,16441295541.9,0.0,3,SUR,-0.39,
TQBR,2021-03-04,Сбербанк,SBER,127635,25572715633.1,278.5,273.63,281.96,279.84,277.99,274.75,91991370,278.03,278.03,279.84,19876319862.3,19876319862.3,19876319862.3,0.0,3,SUR,-1.17,
TQBR,2021-03-05,Сбербанк,SBER,109189,23006360823.0,276.0,272.76,278.98,275.44,275.36,277.5,83551110,275.3,275.3,275.44,21447665548.2,21447665548.2,21447665548.2,0.0,3,SUR,1.0,
TQBR,2021-03-09,Сбербанк,SBER,122229,20623220749.3,278.8,277.56,286.38,284.72,283.38,285.79,72788180,283.22,283.22,284.72,19576256502.2,19576256502.2,19576256502.2,0.0,3,SUR,2.99,
TQBR,2021-03-10,Сбербанк,SBER,94943,15689655145.4,285.24,281.0,288.0,281.66,284.46,282.24,55155180,284.68,284.68,281.66,14462650514.1,14462650514.1,14462650514.1,0.0,3,SUR,-1.24,
TQBR,2021-03-11,Сбербанк,SBER,72751,13468791279.1,283.84,282.3,286.38,285.48,284.36,286.0,47365180,284.2,284.2,285.48,12180787990.4,12180787990.4,12180787990.4,0.0,3,SUR,1.33,
TQBR,2021-03-12,Сбербанк,SBER,90703,14696936110.3,286.3,282.82,287.49,285.7,285.17,284.93,51540190,285.15,285.15,285.7,13374661440.5,13374661440.5,13374661440.5,0.0,3,SUR,-0.37,
TQBR,2021-03-15,Сбербанк,SBER,109956,19694478523.7,286.05,285.28,292.92,291.19,290.38,292.74,67805740,290.38,290.38,291.19,18720530963.0,18720530963.0,18720530963.0,0.0,3,SUR,2.74,
TQBR,2021-03-16,Сбербанк,SBER,100867,15706960115.0,293.06,288.61,293.88,293.3,291.27,292.33,53921730,291.17,291.17,293.3,14377469993.5,14377469993.5,14377469993.5,0.0,3,SUR,-0.14,
TQBR,2021-03-17,Сбербанк,SBER,172779,31420312827.6,292.35,279.6,293.25,281.3,284.88,283.35,110292330,285.09,285.09,281.3,28367249543.9,28367249543.9,28367249543.9,0.0,3,SUR,-3.07,
TQBR,2021-03-18,Сбербанк,SBER,111405,20952188477.5,284.04,278.24,285.79,283.45,282.65,279.25,74128740,282.99,282.99,283.45,18147639701.7,18147639701.7,18147639701.7,0.0,3,SUR,-1.45,
TQBR,2021-03-19,Сбербанк,SBER,109982,23896683369.4,279.0,278.03,286.31,284.32,283.63,285.47,84249430,283.57,283.57,284.32,22542502935.4,22542502935.4,22542502935.4,0.0,3,SUR,2.23,
TQBR,2021-03-22,Сбербанк,SBER,101936,18072432468.3,285.0,283.08,291.2,289.05,287.95,288.65,62762410,287.88,287.88,289.05,16888267537.8,16888267537.8,16888267537.8,0.0,3,SUR,1.11,
TQBR,2021-03-23,Сбербанк,SBER,121289,20134876840.3,287.56,282.11,288.3,283.03,284.55,282.6,70760630,284.76,284.76,283.03,17933234377.4,17933234377.4,17933234377.4,0.0,3,SUR,-2.1,
TQBR,2021-03-24,Сбербанк,SBER,75552,13241823616.1,283.4,282.25,288.0,286.6,285.32,285.79,46411230,285.08,285.08,286.6,11374533178.2,11374533178.2,11374533178.2,0.0,3,SUR,1.13,
TQBR,2021-03-25,Сбербанк,SBER,71527,10061257317.5,286.5,283.85,287.03,285.17,285.7,286.66,35216620,285.62,285.62,285.17,9068733321.3,9068733321.3,9068733321.3,0.0,3,SUR,0.3,
TQBR,2021-03-26,Сбербанк,SBER,93759,16285019984.6,288.63,288.32,292.75,288.9,290.42,291.22,56072880,290.45,290.45,288.9,14807666161.1,14807666161.1,14807666161.1,0.0,3,SUR,1.59,
TQBR,2021-03-29,Сбербанк,SBER,73350,12776627652.5,289.72,289.26,294.09,293.0,292.5,293.3,43681330,292.45,292.45,293.0,11875039030.7,11875039030.7,11875039030.7,0.0,3,SUR,0.71,
TQBR,2021-03-30,Сбербанк,SBER,72447,11386510532.1,294.86,291.5,295.72,293.84,293.42,293.25,38806220,293.42,293.42,293.84,10612816454.4,10612816454.4,10612816454.4,0.0,3,SUR,-0.02,
TQBR,2021-03-31,Сбербанк,SBER,80425,13722588078.6,294.0,290.26,294.42,290.26,291.99,291.02,46996880,292.04,292.04,290.26,12777864924.2,12777864924.2,12777864924.2,0.0,3,SUR,-0.76,
TQBR,2021-04-01,Сбербанк,SBER,92455,15048904346.4,292.0,288.43,294.72,288.86,291.64,290.24,51601440,291.79,291.79,288.86,13787196244.7,13787196244.7,13787196244.7,0.0,3,SUR,-0.27,
TQBR,2021-04-02,Сбербанк,SBER,40624,5610346088.3,290.81,289.14,292.4,291.72,291.01,291.7,19279180,290.93,290.93,291.72,5121258107.4,5121258107.4,5121258107.4,0.0,3,SUR,0.5,
TQBR,2021-04-05,Сбербанк,SBER,73131,10211978871.6,290.8,287.07,291.48,288.79,288.83,288.78,35363370,288.77,288.77,288.79,9339583032.9,9339583032.9,9339583032.9,0.0,3,SUR,-1.0,
TQBR,2021-04-06,Сбербанк,SBER,145946,22023585643.8,289.0,281.37,289.43,281.8,284.07,281.5,77530890,284.22,284.22,281.8,20418940595.1,20418940595.1,20418940595.1,0.0,3,SUR,-2.52,
TQBR,2021-04-07,Сбербанк,SBER,118731,20938831900.0,281.68,278.54,284.29,282.4,282.41,283.98,74146060,282.33,282.33,282.4,19648223756.1,19648223756.1,19648223756.1,0.0,3,SUR,0.88,
TQBR,2021-04-08,Сбербанк,SBER,80363,14569845805.9,284.88,282.17,286.2,283.72,284.1,283.89,51289780,284.08,284.08,283.72,14155648406.6,14155648406.6,14155648406.6,0.0,3,SUR,-0.03,
TQBR,2021-04-09,Сбербанк,SBER,72740,11271736294.7,283.47,280.09,283.79,280.1,281.56,281.07,40033420,281.61,281.61,280.1,10566542340.9,10566542340.9,10566542340.9,0.0,3,SUR,-0.99,
TQBR,2021-04-12,Сбербанк,SBER,97021,16143449066.2,278.2,278.0,285.35,281.2,282.33,281.75,57180030,282.35,282.35,281.2,15385035140.3,15385035140.3,15385035140.3,0.0,3,SUR,0.24,
TQBR,2021-04-13,Сбербанк,SBER,99295,19307788768.4,282.93,281.14,288.2,286.28,284.05,287.95,67973530,283.44,283.44,286.28,15908557577.6,15908557577.6,15908557577.6,0.0,3,SUR,2.2,
TQBR,2021-04-14,Сбербанк,SBER,72723,17158515624.6,290.0,286.72,291.58,288.3,289.04,287.18,59364940,289.11,289.11,288.3,16294662845.7,16294662845.7,16294662845.7,0.0,3,SUR,-0.27,
TQBR,2021-04-15,Сбербанк,SBER,121443,24900273563.2,281.5,280.87,285.19,283.17,282.8,283.72,88048600,282.77,282.77,283.17,24027362847.2,24027362847.2,24027362847.2,0.0,3,SUR,-1.2,
TQBR,2021-04-16,Сбербанк,SBER,79081,18209910712.5,285.71,284.08,289.3,289.03,286.78,288.5,63499000,286.7,286.7,289.03,17480807210.9,17480807210.9,17480807210.9,0.0,3,SUR,1.68,
TQBR,2021-04-19,Сбербанк,SBER,80284,14768633036.5,287.86,286.04,289.25,287.84,287.73,287.72,51327720,287.74,287.74,287.84,14157059004.9,14157059004.9,14157059004.9,0.0,3,SUR,-0.27,
TQBR,2021-04-20,Сбербанк,SBER,83018,18231430821.4,288.9,286.59,290.92,287.92,288.49,287.42,63197880,288.51,288.51,287.92,17600115166.7,17600115166.7,17600115166.7,0.0,3,SUR,-0.1,
TQBR,2021-04-21,Сбербанк,SBER,75992,14366094028.1,288.01,287.06,290.2,288.1,288.52,289.25,49792800,288.5,288.5,288.1,13767218993.7,13767218993.7,13767218993.7,0.0,3,SUR,0.64,
TQBR,2021-04-22,Сбербанк,SBER,108579,21455730263.7,289.04,286.93,294.67,292.21,291.39,292.18,73632070,291.35,291.35,292.21,20484069244.0,20484069244.0,20484069244.0,0.0,3,SUR,1.01,
TQBR,2021-04-23,Сбербанк,SBER,63191,12479394619.2,293.1,290.78,294.2,293.0,292.59,293.19,42651330,292.55,292.55,293.0,11686862795.7,11686862795.7,11686862795.7,0.0,3,SUR,0.35,
TQBR,2021-04-26,Сбербанк,SBER,80086,13489611763.3,294.3,293.1,296.48,294.9,294.79,295.27,45760050,294.77,294.77,294.9,12712744037.2,12712744037.2,12712744037.2,0.0,3,SUR,0.71,
TQBR,2021-04-27,Сбербанк,SBER,92709,18736951208.9,295.74,295.61,300.25,297.5,298.13,298.5,62853160,298.12,298.12,297.5,17831099257.4,17831099257.4,17831099257.4,0.0,3,SUR,1.09,
TQBR,2021-04-28,Сбербанк,SBER,61004,12086194096.3,299.0,295.89,299.26,298.4,297.52,298.49,40622520,297.48,297.48,298.4,11478595765.7,11478595765.7,11478595765.7,0.0,3,SUR,0.0,
TQBR,2021-04-29,Сбербанк,SBER,86360,17035466804.4,301.0,294.79,301.84,296.94,298.44,297.1,57082260,298.51,298.51,296.94,16321111302.1,16321111302.1,16321111302.1,0.0,3,SUR,-0.47,
TQBR,2021-04-30,Сбербанк,SBER,59490,10590175090.3,296.92,295.03,298.1,297.72,296.81,297.73,35679650,296.75,296.75,297.72,9786996656.0,9786996656.0,9786996656.0,0.0,3,SUR,0.21,
TQBR,2021-05-04,Сбербанк,SBER,83834,18254360973.5,298.7,298.2,304.23,301.3,301.91,303.7,60457530,301.87,301.87,301.3,16770193748.8,16770193748.8,16770193748.8,0.0,3,SUR,2.01,
TQBR,2021-05-05,Сбербанк,SBER,62946,12686338080.0,304.01,302.71,306.03,305.85,304.12,305.99,41715270,303.98,303.98,305.85,11653510735.5,11653510735.5,11653510735.5,0.0,3,SUR,0.75,
TQBR,2021-05-06,Сбербанк,SBER,97737,19445261780.6,306.29,306.25,314.98,312.76,310.8,314.72,62565270,310.32,310.32,312.76,16877002205.7,16877002205.7,16877002205.7,0.0,3,SUR,2.85,
TQBR,2021-05-07,Сбербанк,SBER,93924,17932443392.3,316.0,315.48,319.16,317.91,317.76,317.94,56433970,317.76,317.76,317.91,16540412903.5,16540412903.5,16540412903.5,0.0,3,SUR,1.02,
TQBR,2021-05-10,Сбербанк,SBER,83828,18859902204.9,318.26,314.31,320.19,319.97,318.32,320.19,59248110,318.15,318.15,319.97,16543385028.7,16543385028.7,16543385028.7,0.0,3,SUR,0.71,
TQBR,2021-05-11,Сбербанк,SBER,147613,24461595534.6,303.0,301.0,309.48,306.16,305.99,307.16,79945470,305.92,305.92,306.16,23341455746.3,23341455746.3,23341455746.3,0.0,3,SUR,-4.07,
TQBR,2021-05-12,Сбербанк,SBER,86150,17117472278.0,307.39,302.0,309.24,303.27,305.82,302.02,56142830,305.13,305.13,303.27,15621581612.3,15621581612.3,15621581612.3,0.0,3,SUR,-1.67,
TQBR,2021-05-13,Сбербанк,SBER,85264,17480492963.7,302.11,299.33,306.86,306.05,302.95,306.74,57721460,302.62,302.62,306.05,16407050062.9,16407050062.9,16407050062.9,0.0,3,SUR,1.56,
TQBR,2021-05-14,Сбербанк,SBER,54630,8184103496.4,308.2,302.33,308.24,302.7,304.66,304.1,26858430,304.8,304.8,302.7,7442169026.3,7442169026.3,7442169026.3,0.0,3,SUR,-0.86,
TQBR,2021-05-17,Сбербанк,SBER,53360,8602278545.3,303.5,301.01,305.24,302.6,303.05,303.94,28384220,303.02,303.02,302.6,7950847549.2,7950847549.2,7950847549.2,0.0,3,SUR,-0.05,
TQBR,2021-05-18,Сбербанк,SBER,55851,10826259827.2,305.01,303.33,306.62,304.96,304.99,305.78,35496400,304.92,304.92,304.96,9218268506.7,9218268506.7,9218268506.7,0.0,3,SUR,0.61,
TQBR,2021-05-19,Сбербанк,SBER,105148,21447203504.1,304.38,295.1,304.88,296.61,298.9,297.0,71747950,299.02,299.02,296.61,20149894797.7,20149894797.7,20149894797.7,0.0,3,SUR,-2.87,
TQBR,2021-05-20,Сбербанк,SBER,83702,17309608890.0,297.94,293.0,298.37,297.11,295.86,296.72,58510610,295.8,295.8,297.11,16729387021.0,16729387021.0,16729387021.0,0.0,3,SUR,-0.09,
TQBR,2021-05-21,Сбербанк,SBER,72042,15412865248.4,296.85,294.9,302.98,301.54,299.86,301.23,51415080,299.7,299.7,301.54,14741635271.5,14741635271.5,14741635271.5,0.0,3,SUR,1.52,
TQBR,2021-05-24,Сбербанк,SBER,60207,9305994897.1,302.02,299.59,304.75,299.74,301.83,300.7,30831530,301.94,301.94,299.74,8577543533.5,8577543533.5,8577543533.5,0.0,3,SUR,-0.18,
TQBR,2021-05-25,Сбербанк,SBER,68087,11446226253.2,301.77,301.57,307.4,307.0,304.84,306.8,37547680,304.7,304.7,307.0,10624343080.8,10624343080.8,10624343080.8,0.0,3,SUR,2.03,
TQBR,2021-05-26,Сбербанк,SBER,68221,10872171628.4,307.84,305.33,309.5,306.25,307.48,307.01,35358520,307.52,307.52,306.25,10236368150.6,10236368150.6,10236368150.6,0.0,3,SUR,0.07,
TQBR,2021-05-27,Сбербанк,SBER,87915,22015829895.0,306.39,305.72,313.9,313.9,311.16,312.72,70753690,311.05,311.05,313.9,20626439640.6,20626439640.6,20626439640.6,0.0,3,SUR,1.86,
TQBR,2021-05-28,Сбербанк,SBER,58647,11019520782.9,313.3,309.06,314.0,309.9,310.55,309.56,35484140,310.59,310.59,309.9,10274062655.4,10274062655.4,10274062655.4,0.0,3,SUR,-1.01,
TQBR,2021-05-31,Сбербанк,SBER,60365,7358441686.8,309.3,308.82,312.6,309.91,310.71,310.79,23683010,310.72,310.72,309.91,6774205982.2,6774205982.2,6774205982.2,0.0,3,SUR,0.4,
TQBR,2021-06-01,Сбербанк,SBER,64051,11760039651.1,312.6,310.03,314.17,311.3,312.3,311.6,37655890,312.35,312.35,311.3,11136216916.6,11136216916.6,11136216916.6,0.0,3,SUR,0.26,
TQBR,2021-06-02,Сбербанк,SBER,50645,8442830252.9,311.6,310.61,314.0,313.85,312.6,313.98,27008780,312.49,312.49,313.85,7593605610.7,7593605610.7,7593605610.7,0.0,3,SUR,0.76,
TQBR,2021-06-03,Сбербанк,SBER,59102,10797490935.7,314.81,309.87,315.71,312.5,312.55,312.41,34546320,312.55,312.55,312.5,10214475571.4,10214475571.4,10214475571.4,0.0,3,SUR,-0.5,
TQBR,2021-06-04,Сбербанк,SBER,64269,11511460400.7,313.0,307.6,313.0,310.46,310.09,310.94,37126650,309.99,309.99,310.46,10797192108.8,10797192108.8,10797192108.8,0.0,3,SUR,-0.47,
TQBR,2021-06-07,Сбербанк,SBER,66601,12604316205.2,310.03,308.57,316.0,314.6,313.59,315.53,40197440,313.5,313.5,314.6,12091354000.3,12091354000.3,12091354000.3,0.0,3,SUR,1.48,
TQBR,2021-06-08,Сбербанк,SBER,60945,10985227365.0,315.29,312.5,316.18,313.99,314.42,314.83,34944620,314.35,314.35,313.99,10518293976.4,10518293976.4,10518293976.4,0.0,3,SUR,-0.22,
TQBR,2021-06-09,Сбербанк,SBER,42823,7911580970.5,315.0,312.9,315.9,315.51,314.56,314.78,25152290,314.52,314.52,315.51,7430161693.8,7430161693.8,7430161693.8,0.0,3,SUR,-0.02,
TQBR,2021-06-10,Сбербанк,SBER,52853,9205108791.4,314.87,313.76,316.58,314.3,315.18,314.62,29211800,315.15,315.15,314.3,8603083337.4,8603083337.4,8603083337.4,0.0,3,SUR,-0.05,
TQBR,2021-06-11,Сбербанк,SBER,43411,6874717176.9,314.88,312.5,315.08,313.01,313.63,313.0,21924900,313.57,313.57,313.01,6449085410.3,6449085410.3,6449085410.3,0.0,3,SUR,-0.51,
TQBR,2021-06-14,Сбербанк,SBER,49613,7981522587.1,313.48,310.4,314.87,314.4,312.78,314.12,25517710,312.71,312.71,314.4,7549239342.1,7549239342.1,7549239342.1,0.0,3,SUR,0.36,
TQBR,2021-06-15,Сбербанк,SBER,50169,9338359538.4,314.14,312.4,315.6,312.7,313.99,312.51,29741250,314.06,314.06,312.7,8769551310.2,8769551310.2,8769551310.2,0.0,3,SUR,-0.51,
TQBR,2021-06-16,Сбербанк,SBER,64249,11970095572.4,312.5,311.03,314.54,313.06,312.91,311.61,38253860,313.04,313.04,313.06,10546027311.4,10546027311.4,10546027311.4,0.0,3,SUR,-0.29,
TQBR,2021-06-17,Сбербанк,SBER,68166,13921831113.0,311.0,310.46,315.42,314.89,314.1,313.9,44322800,314.11,314.11,314.89,13028807635.7,13028807635.7,13028807635.7,0.0,3,SUR,0.73,
TQBR,2021-06-18,Сбербанк,SBER,76551,19369747579.7,312.9,308.13,313.82,309.37,310.11,309.3,62462450,310.12,310.12,309.37,18357325840.4,18357325840.4,18357325840.4,0.0,3,SUR,-1.47,
TQBR,2021-06-21,Сбербанк,SBER,60337,11127233121.1,308.47,306.56,310.4,308.71,307.98,310.4,36129780,307.86,307.86,308.71,10435410205.8,10435410205.8,10435410205.8,0.0,3,SUR,0.36,
TQBR,2021-06-22,Сбербанк,SBER,48505,7286583759.1,310.79,308.13,311.17,309.37,309.57,309.73,23538080,309.54,309.54,309.37,6704509899.4,6704509899.4,6704509899.4,0.0,3,SUR,-0.22,
TQBR,2021-06-23,Сбербанк,SBER,45812,7704930824.2,310.45,308.69,312.0,311.0,310.29,309.79,24831290,310.3,310.3,311.0,7175392666.1,7175392666.1,7175392666.1,0.0,3,SUR,0.02,
TQBR,2021-06-24,Сбербанк,SBER,40146,6120601296.5,309.8,308.84,311.2,310.88,310.29,310.0,19725240,310.29,310.29,310.88,5771496326.7,5771496326.7,5771496326.7,0.0,3,SUR,0.07,
TQBR,2021-06-25,Сбербанк,SBER,43845,7045361825.6,310.58,309.82,312.5,311.9,311.76,311.81,22598640,311.73,311.73,311.9,6403714061.6,6403714061.6,6403714061.6,0.0,3,SUR,0.58,
TQBR,2021-06-28,Сбербанк,SBER,48446,6037009686.4,311.77,309.13,312.06,309.2,310.22,309.48,19460180,310.26,310.26,309.2,5686725230.7,5686725230.7,5686725230.7,0.0,3,SUR,-0.75,
TQBR,2021-06-29,Сбербанк,SBER,72476,10398990877.1,308.7,303.66,309.23,305.14,306.34,306.1,33944770,306.37,306.37,305.14,10033429977.4,10033429977.4,10033429977.4,0.0,3,SUR,-1.09,
TQBR,2021-06-30,Сбербанк,SBER,59751,9623571888.2,306.19,303.34,306.91,305.69,305.04,306.45,31549580,304.98,304.98,305.69,9057490030.5,9057490030.5,9057490030.5,0.0,3,SUR,0.11,
TQBR,2021-07-01,Сбербанк,SBER,44157,6115741878.3,306.0,305.0,307.35,305.51,305.96,305.78,19989790,305.95,305.95,305.51,5855217077.3,5855217077.3,5855217077.3,0.0,3,SUR,-0.22,
TQBR,2021-07-02,Сбербанк,SBER,49889,8878528675.3,305.52,304.71,308.37,307.11,307.14,307.39,28908330,307.11,307.11,307.11,8488802012.1,8488802012.1,8488802012.1,0.0,3,SUR,0.53,
TQBR,2021-07-05,Сбербанк,SBER,45688,5056652727.5,307.81,304.8,308.11,307.18,306.29,307.0,16509700,306.23,306.23,307.18,4727033105.8,4727033105.8,4727033105.8,0.0,3,SUR,-0.13,
TQBR,2021-07-06,Сбербанк,SBER,71978,9947377150.2,307.32,302.37,307.59,303.1,304.28,303.34,32694440,304.3,304.3,303.1,9434571018.6,9434571018.6,9434571018.6,0.0,3,SUR,-1.19,
TQBR,2021-07-07,Сбербанк,SBER,48584,6904870033.4,303.98,302.85,306.2,303.31,304.52,304.06,22676030,304.53,304.53,303.31,6455513915.1,6455513915.1,6455513915.1,0.0,3,SUR,0.24,
TQBR,2021-07-08,Сбербанк,SBER,61385,9291231244.7,303.0,300.62,304.3,302.75,301.95,302.63,30771300,301.9,301.9,302.75,8911581182.6,8911581182.6,8911581182.6,0.0,3,SUR,-0.47,
TQBR,2021-07-09,Сбербанк,SBER,45116,6221033067.9,302.7,301.22,304.1,303.63,303.08,303.56,20527240,303.03,303.03,303.63,5935947675.1,5935947675.1,5935947675.1,0.0,3,SUR,0.31,
TQBR,2021-07-12,Сбербанк,SBER,55252,7698399076.0,303.55,301.52,306.27,305.6,304.26,306.23,25302270,304.13,304.13,305.6,7178284649.9,7178284649.9,7178284649.9,0.0,3,SUR,0.88,
TQBR,2021-07-13,Сбербанк,SBER,49386,6464658959.4,306.81,302.11,307.22,303.63,303.93,303.0,21270580,303.95,303.95,303.63,6187246083.3,6187246083.3,6187246083.3,0.0,3,SUR,-1.05,
TQBR,2021-07-14,Сбербанк,SBER,55592,7237029789.3,302.7,300.74,303.69,302.02,301.87,301.5,23974320,301.87,301.87,302.02,6884124187.4,6884124187.4,6884124187.4,0.0,3,SUR,-0.5,
TQBR,2021-07-15,Сбербанк,SBER,50282,6369475563.9,301.13,299.77,303.5,302.31,301.7,301.72,21111670,301.7,301.7,302.31,6011205728.5,6011205728.5,6011205728.5,0.0,3,SUR,0.07,
TQBR,2021-07-16,Сбербанк,SBER,65461,10423278055.1,302.05,298.57,304.78,299.75,301.89,298.85,34533280,301.97,301.97,299.75,9871841292.6,9871841292.6,9871841292.6,0.0,3,SUR,-0.95,
TQBR,2021-07-19,Сбербанк,SBER,80725,12140364229.1,298.0,290.03,298.36,290.74,293.81,291.46,41320510,294.05,294.05,290.74,11211231159.4,11211231159.4,11211231159.4,0.0,3,SUR,-2.47,
TQBR,2021-07-20,Сбербанк,SBER,65959,10479634188.6,292.33,292.3,296.8,295.51,294.42,296.1,35594130,294.28,294.28,295.51,9695148333.4,9695148333.4,9695148333.4,0.0,3,SUR,1.59,
TQBR,2021-07-21,Сбербанк,SBER,42800,5176146679.3,296.0,293.54,296.94,294.56,295.08,294.86,17541560,295.1,295.1,294.56,4794038810.0,4794038810.0,4794038810.0,0.0,3,SUR,-0.42,
TQBR,2021-07-22,Сбербанк,SBER,47729,6033649682.7,295.77,294.43,298.17,297.09,296.57,297.27,20344800,296.55,296.55,297.09,5726440551.4,5726440551.4,5726440551.4,0.0,3,SUR,0.82,
TQBR,2021-07-23,Сбербанк,SBER,39311,4439946470.0,297.49,295.04,298.69,295.82,296.64,296.38,14967220,296.67,296.67,295.82,4133738622.0,4133738622.0,4133738622.0,0.0,3,SUR,-0.3,
TQBR,2021-07-26,Сбербанк,SBER,65966,10175480067.2,294.0,291.98,303.68,301.96,299.07,303.34,34024050,298.56,298.56,301.96,8977939343.1,8977939343.1,8977939343.1,0.0,3,SUR,2.35,
TQBR,2021-07-27,Сбербанк,SBER,63589,11625473240.2,302.66,299.38,304.59,299.5,301.11,299.71,38608790,301.16,301.16,299.5,11136090594.5,11136090594.5,11136090594.5,0.0,3,SUR,-1.2,
TQBR,2021-07-28,Сбербанк,SBER,53526,8142734620.6,300.43,300.0,302.98,302.98,301.48,302.9,27009120,301.39,301.39,302.98,7432405701.5,7432405701.5,7432405701.5,0.0,3,SUR,1.06,
TQBR,2021-07-29,Сбербанк,SBER,51836,8520685080.9,304.13,303.03,305.27,304.0,303.92,303.12,28037210,303.93,303.93,304.0,8023961641.4,8023961641.4,8023961641.4,0.0,3,SUR,0.07,
TQBR,2021-07-30,Сбербанк,SBER,76077,15157391539.0,302.48,301.12,306.67,306.31,304.78,305.59,49731920,304.75,304.75,306.31,14489922768.4,14489922768.4,14489922768.4,0.0,3,SUR,0.81,
TQBR,2021-08-02,Сбербанк,SBER,68886,9712485073.5,306.23,306.06,308.63,308.0,307.42,306.51,31593540,307.46,307.46,308.0,8953283475.0,8953283475.0,8953283475.0,0.0,3,SUR,0.3,
TQBR,2021-08-03,Сбербанк,SBER,59219,10476332321.7,306.31,306.25,309.89,309.55,308.75,309.89,33931370,308.7,308.7,309.55,9828974511.9,9828974511.9,9828974511.9,0.0,3,SUR,1.1,
TQBR,2021-08-04,Сбербанк,SBER,61725,9619501057.0,310.26,309.25,312.0,311.64,310.99,311.1,30932050,310.95,310.95,311.64,8957241972.1,8957241972.1,8957241972.1,0.0,3,SUR,0.39,
TQBR,2021-08-05,Сбербанк,SBER,68786,11711056494.3,311.02,310.82,315.91,315.56,313.73,315.82,37329160,313.61,313.61,315.56,10883345564.5,10883345564.5,10883345564.5,0.0,3,SUR,1.52,
TQBR,2021-08-06,Сбербанк,SBER,99987,17250983207.7,316.2,315.31,320.0,320.0,318.61,319.15,54141450,318.61,318.61,320.0,16615800837.4,16615800837.4,16615800837.4,0.0,3,SUR,1.05,
TQBR,2021-08-09,Сбербанк,SBER,141619,23364951835.9,318.59,317.62,328.3,326.78,324.2,326.91,72070400,324.1,324.1,326.78,22562877544.0,22562877544.0,22562877544.0,0.0,3,SUR,2.43,
TQBR,2021-08-10,Сбербанк,SBER,97814,13686731557.3,328.05,326.97,331.29,329.63,329.47,330.11,41541930,329.45,329.45,329.63,13233528472.7,13233528472.7,13233528472.7,0.0,3,SUR,0.98,
TQBR,2021-08-11,Сбербанк,SBER,76120,11340789530.3,330.7,326.21,330.98,330.4,329.18,329.9,34452160,329.13,329.13,330.4,10796808985.2,10796808985.2,10796808985.2,0.0,3,SUR,-0.06,
TQBR,2021-08-12,Сбербанк,SBER,49700,6906044138.1,330.0,327.3,330.64,329.43,328.82,328.57,21002650,328.8,328.8,329.43,6515692203.5,6515692203.5,6515692203.5,0.0,3,SUR,-0.4,
TQBR,2021-08-13,Сбербанк,SBER,43599,6185311247.9,328.6,327.31,330.27,328.49,328.72,328.68,18816130,328.73,328.73,328.49,5869886071.5,5869886071.5,5869886071.5,0.0,3,SUR,0.03,
TQBR,2021-08-16,Сбербанк,SBER,49584,7890432812.2,327.59,327.13,330.52,329.16,329.4,329.36,23953750,329.41,329.41,329.16,7517409818.2,7517409818.2,7517409818.2,0.0,3,SUR,0.21,
TQBR,2021-08-17,Сбербанк,SBER,79719,14178855630.2,329.0,328.55,335.7,335.46,333.84,334.5,42472520,333.8,333.8,335.46,13346160324.3,13346160324.3,13346160324.3,0.0,3,SUR,1.56,
TQBR,2021-08-18,Сбербанк,SBER,75350,12240538414.4,336.0,333.26,338.99,337.92,336.68,334.9,36356910,336.66,336.66,337.92,11017002539.0,11017002539.0,11017002539.0,0.0,3,SUR,0.12,
TQBR,2021-08-19,Сбербанк,SBER,86652,15294644907.6,333.5,329.1,334.0,330.23,331.15,332.69,46184030,330.99,330.99,330.23,13256450359.6,13256450359.6,13256450359.6,0.0,3,SUR,-0.66,
TQBR,2021-08-20,Сбербанк,SBER,73357,11920865393.1,332.02,325.17,333.27,326.1,327.56,325.67,36393250,327.64,327.64,326.1,11249690177.4,11249690177.4,11249690177.4,0.0,3,SUR,-2.11,
TQBR,2021-08-23,Сбербанк,SBER,50200,6771726247.3,327.85,326.55,329.81,328.95,328.52,329.22,20613110,328.48,328.48,328.95,6441232888.3,6441232888.3,6441232888.3,0.0,3,SUR,1.09,
TQBR,2021-08-24,Сбербанк,SBER,79470,11661785449.4,330.43,323.32,331.22,323.81,326.29,324.83,35762700,326.16,326.16,323.81,11136525364.5,11136525364.5,11136525364.5,0.0,3,SUR,-1.33,
TQBR,2021-08-25,Сбербанк,SBER,61123,9091893016.7,324.3,321.26,325.32,324.6,323.49,324.57,28105390,323.4,323.4,324.6,8517802248.8,8517802248.8,8517802248.8,0.0,3,SUR,-0.08,
TQBR,2021-08-26,Сбербанк,SBER,56458,8889442613.5,324.03,320.58,325.55,322.74,322.9,322.54,27529220,322.91,322.91,322.74,8241940272.7,8241940272.7,8241940272.7,0.0,3,SUR,-0.63,
TQBR,2021-08-27,Сбербанк,SBER,51587,9037851562.1,323.71,321.8,327.5,326.76,324.49,327.41,27848390,324.25,324.25,326.76,8088083461.3,8088083461.3,8088083461.3,0.0,3,SUR,1.51,
TQBR,2021-08-30,Сбербанк,SBER,53344,6693382122.6,328.43,326.51,329.38,328.97,328.06,328.28,20402150,328.07,328.07,328.97,6116431518.6,6116431518.6,6116431518.6,0.0,3,SUR,0.27,
TQBR,2021-08-31,Сбербанк,SBER,51398,10674890258.7,328.5,327.3,330.48,328.9,328.82,327.94,32464730,328.85,328.85,328.9,10262681007.7,10262681007.7,10262681007.7,0.0,3,SUR,-0.1,
TQBR,2021-09-01,Сбербанк,SBER,59173,10163146008.5,328.87,328.03,334.64,333.8,331.06,334.57,30698660,330.79,330.79,333.8,9333350341.4,9333350341.4,9333350341.4,0.0,3,SUR,2.02,
TQBR,2021-09-02,Сбербанк,SBER,61618,10480537445.5,334.67,328.77,334.91,329.6,331.59,329.0,31605740,331.8,331.8,329.6,9595823490.4,9595823490.4,9595823490.4,0.0,3,SUR,-1.66,
TQBR,2021-09-03,Сбербанк,SBER,63080,9726769112.2,329.47,326.62,330.53,330.49,328.34,329.71,29626390,328.19,328.19,330.49,9094251170.1,9094251170.1,9094251170.1,0.0,3,SUR,0.22,
TQBR,2021-09-06,Сбербанк,SBER,46483,5770432011.0,330.0,328.5,331.45,329.89,329.9,329.37,17491440,329.9,329.9,329.89,5340151718.1,5340151718.1,5340151718.1,0.0,3,SUR,-0.1,
TQBR,2021-09-07,Сбербанк,SBER,58564,7987373264.7,329.82,324.64,330.73,325.55,326.71,325.96,24448110,326.73,326.73,325.55,7535548905.6,7535548905.6,7535548905.6,0.0,3,SUR,-1.04,
TQBR,2021-09-08,Сбербанк,SBER,83398,15740553281.4,325.96,322.84,332.74,331.3,328.96,331.7,47841520,328.86,328.86,331.3,14827896038.1,14827896038.1,14827896038.1,0.0,3,SUR,1.76,
TQBR,2021-09-09,Сбербанк,SBER,64283,9825197205.3,330.4,325.69,330.4,327.55,327.91,326.01,29962700,328.01,328.01,327.55,9133030158.1,9133030158.1,9133030158.1,0.0,3,SUR,-1.72,
TQBR,2021-09-10,Сбербанк,SBER,46324,5729049099.3,328.01,325.21,328.43,326.89,326.78,326.25,17532340,326.79,326.79,326.89,5117585820.9,5117585820.9,5117585820.9,0.0,3,SUR,0.07,
TQBR,2021-09-13,Сбербанк,SBER,53799,7938937327.1,327.01,324.01,328.14,326.85,325.88,327.41,24365060,325.61,325.61,326.85,6971849063.7,6971849063.7,6971849063.7,0.0,3,SUR,0.36,
TQBR,2021-09-14,Сбербанк,SBER,49850,7368952203.4,327.45,325.48,328.84,327.23,327.43,326.48,22505240,327.48,327.48,327.23,6843496704.9,6843496704.9,6843496704.9,0.0,3,SUR,-0.28,
TQBR,2021-09-15,Сбербанк,SBER,80614,14527591562.8,326.46,326.46,334.6,333.24,331.42,333.51,43834510,331.34,331.34,333.24,13952436396.2,13952436396.2,13952436396.2,0.0,3,SUR,2.15,
TQBR,2021-09-16,Сбербанк,SBER,98089,20507737106.1,333.04,324.91,334.5,326.41,328.11,326.99,62503480,328.15,328.15,326.41,19773055371.1,19773055371.1,19773055371.1,0.0,3,SUR,-1.95,
TQBR,2021-09-17,Сбербанк,SBER,76946,17871079350.1,326.9,325.7,331.73,331.73,330.17,329.56,54126320,330.16,330.16,331.73,17066677504.0,17066677504.0,17066677504.0,0.0,3,SUR,0.79,
TQBR,2021-09-20,Сбербанк,SBER,75820,10401831490.4,327.01,325.0,328.85,327.61,326.74,326.92,31832600,326.78,326.78,327.61,9061826994.0,9061826994.0,9061826994.0,0.0,3,SUR,-0.8,
TQBR,2021-09-21,Сбербанк,SBER,78074,15522239088.4,328.44,322.39,329.48,322.48,324.95,323.25,47769290,325.07,325.07,322.48,14345963977.7,14345963977.7,14345963977.7,0.0,3,SUR,-1.12,
TQBR,2021-09-22,Сбербанк,SBER,68724,12463834230.6,325.28,322.5,328.9,328.42,326.26,327.8,38198960,326.14,326.14,328.42,11417588755.9,11417588755.9,11417588755.9,0.0,3,SUR,1.41,
TQBR,2021-09-23,Сбербанк,SBER,52150,8851933420.7,328.94,325.13,329.4,327.0,326.98,327.02,27071410,326.98,326.98,327.0,8328214609.0,8328214609.0,8328214609.0,0.0,3,SUR,-0.24,
TQBR,2021-09-24,Сбербанк,SBER,56630,7989126504.7,326.08,323.62,326.23,325.0,324.97,325.44,24584330,324.96,324.96,325.0,7563888092.8,7563888092.8,7563888092.8,0.0,3,SUR,-0.48,
TQBR,2021-09-27,Сбербанк,SBER,68076,11349159556.7,326.39,326.09,332.46,331.89,329.82,331.68,34410300,329.7,329.7,331.89,10674365092.1,10674365092.1,10674365092.1,0.0,3,SUR,1.92,
TQBR,2021-09-28,Сбербанк,SBER,87427,17401187015.8,332.07,328.32,334.48,330.75,331.21,329.3,52542880,331.23,331.23,330.75,16593368259.1,16593368259.1,16593368259.1,0.0,3,SUR,-0.72,
TQBR,2021-09-29,Сбербанк,SBER,52751,9089927992.7,329.09,327.15,330.45,328.5,328.76,328.43,27649210,328.78,328.78,328.5,8628981306.8,8628981306.8,8628981306.8,0.0,3,SUR,-0.26,
TQBR,2021-09-30,Сбербанк,SBER,119223,28126964094.4,329.98,329.45,342.2,340.8,336.36,340.99,83622260,335.97,335.97,340.8,25343989087.7,25343989087.7,25343989087.7,0.0,3,SUR,3.82,
TQBR,2021-10-01,Сбербанк,SBER,75665,12711650647.5,339.21,336.08,339.94,336.86,337.26,338.48,37690990,337.21,337.21,336.86,11951731196.6,11951731196.6,11951731196.6,0.0,3,SUR,-0.74,
TQBR,2021-10-04,Сбербанк,SBER,107017,20681506812.0,337.9,336.22,349.31,346.0,343.99,345.85,60125260,343.86,343.86,346.0,19442399768.5,19442399768.5,19442399768.5,0.0,3,SUR,2.18,
TQBR,2021-10-05,Сбербанк,SBER,161115,30825175209.9,346.78,344.9,365.0,362.3,355.05,363.2,86824850,354.47,354.47,362.3,28750242849.8,28750242849.8,28750242849.8,0.0,3,SUR,5.02,
TQBR,2021-10-06,Сбербанк,SBER,169365,35040194593.9,366.0,359.35,375.48,362.71,365.74,364.28,95804990,365.83,365.83,362.71,33376000160.7,33376000160.7,33376000160.7,0.0,3,SUR,0.3,
TQBR,2021-10-07,Сбербанк,SBER,90432,18307876011.9,367.69,365.88,374.0,369.36,369.42,368.93,49555650,369.48,369.48,369.36,17390100965.0,17390100965.0,17390100965.0,0.0,3,SUR,1.28,
TQBR,2021-10-08,Сбербанк,SBER,67661,11527412588.4,370.0,368.0,374.55,372.49,371.25,373.01,31050580,371.14,371.14,372.49,10834379118.6,10834379118.6,10834379118.6,0.0,3,SUR,1.11,
TQBR,2021-10-11,Сбербанк,SBER,134986,25575373781.3,375.0,375.0,388.11,387.0,383.41,387.6,66699560,383.26,383.26,387.0,24284839280.6,24284839280.6,24284839280.6,0.0,3,SUR,3.91,
TQBR,2021-10-12,Сбербанк,SBER,120964,19716234876.2,385.88,376.72,386.86,378.0,381.61,377.79,51665490,381.77,381.77,378.0,18825994050.3,18825994050.3,18825994050.3,0.0,3,SUR,-2.53,
TQBR,2021-10-13,Сбербанк,SBER,122264,20580875845.5,378.86,370.81,380.91,379.4,376.34,378.8,54687330,376.09,376.09,379.4,18791120876.6,18791120876.6,18791120876.6,0.0,3,SUR,0.27,
TQBR,2021-10-14,Сбербанк,SBER,84869,13743991379.8,382.0,374.57,383.13,376.01,377.95,376.09,36363890,378.04,378.04,376.01,13126543478.4,13126543478.4,13126543478.4,0.0,3,SUR,-0.72,
TQBR,2021-10-15,Сбербанк,SBER,84280,13934166254.1,377.92,370.43,378.41,371.4,372.88,371.82,37369170,372.94,372.94,371.4,13187213332.8,13187213332.8,13187213332.8,0.0,3,SUR,-1.14,
TQBR,2021-10-18,Сбербанк,SBER,94431,13978826905.5,369.35,363.75,369.91,365.15,365.61,364.6,38233180,365.62,365.62,365.15,13176667453.6,13176667453.6,13176667453.6,0.0,3,SUR,-1.94,
TQBR,2021-10-19,Сбербанк,SBER,100530,14729685626.4,366.14,361.5,373.4,371.62,367.95,373.18,40031730,367.73,367.73,371.62,13999067321.4,13999067321.4,13999067321.4,0.0,3,SUR,2.35,
TQBR,2021-10-20,Сбербанк,SBER,69028,10172889099.5,371.83,367.1,371.97,370.65,369.42,370.16,27537590,369.32,369.32,370.65,9564729416.2,9564729416.2,9564729416.2,0.0,3,SUR,-0.81,
TQBR,2021-10-21,Сбербанк,SBER,70143,8989902917.2,368.2,363.2,371.14,364.1,366.92,364.6,24501070,367.13,367.13,364.1,8149337333.5,8149337333.5,8149337333.5,0.0,3,SUR,-1.5,
TQBR,2021-10-22,Сбербанк,SBER,70777,9671339875.3,364.0,362.37,370.39,364.5,366.63,364.37,26378840,366.8,366.8,364.5,8899656831.9,8899656831.9,8899656831.9,0.0,3,SUR,-0.06,
TQBR,2021-10-25,Сбербанк,SBER,94215,13114090088.6,366.2,361.68,371.7,370.04,367.99,369.99,35639850,367.89,367.89,370.04,12577427232.8,12577427232.8,12577427232.8,0.0,3,SUR,1.54,
TQBR,2021-10-26,Сбербанк,SBER,139778,15483820091.2,369.89,365.66,374.63,372.03,370.12,372.16,41833770,369.98,369.98,372.03,14369537038.5,14369537038.5,14369537038.5,0.0,3,SUR,0.59,
TQBR,2021-10-27,Сбербанк,SBER,87971,13495141235.6,371.0,366.51,374.0,372.8,370.23,371.36,36450620,370.03,370.03,372.8,12494847081.2,12494847081.2,12494847081.2,0.0,3,SUR,-0.21,
TQBR,2021-10-28,Сбербанк,SBER,113375,19761549155.8,370.5,362.32,374.92,363.25,366.65,365.36,53892680,366.79,366.79,363.25,18731654761.0,18731654761.0,18731654761.0,0.0,3,SUR,-1.62,
TQBR,2021-10-29,Сбербанк,SBER,134700,19154550770.8,364.34,352.68,364.34,356.11,357.76,356.14,53541990,357.87,357.87,356.11,17730426551.0,17730426551.0,17730426551.0,0.0,3,SUR,-2.52,
TQBR,2021-11-01,Сбербанк,SBER,121781,20108431916.7,356.15,356.14,371.47,370.58,364.61,370.96,55134640,364.24,364.24,370.58,18567077506.8,18567077506.8,18567077506.8,0.0,3,SUR,4.16,
TQBR,2021-11-02,Сбербанк,SBER,92046,13981183328.4,371.0,367.2,374.0,371.17,370.63,370.7,37723170,370.6,370.6,371.17,13157597634.9,13157597634.9,13157597634.9,0.0,3,SUR,-0.07,
TQBR,2021-11-03,Сбербанк,SBER,79171,11354869140.4,370.0,365.03,370.5,368.58,367.75,370.13,30876610,367.6,367.6,368.58,9661990530.6,9661990530.6,9661990530.6,0.0,3,SUR,-0.15,
TQBR,2021-11-05,Сбербанк,SBER,106655,14225056249.1,366.99,358.5,367.56,359.61,362.61,360.21,39229740,362.86,362.86,359.61,13037865023.0,13037865023.0,13037865023.0,0.0,3,SUR,-2.68,
TQBR,2021-11-08,Сбербанк,SBER,101291,14278009375.4,362.57,355.6,363.97,359.07,359.34,358.39,39736440,359.34,359.34,359.07,13707597688.3,13707597688.3,13707597688.3,0.0,3,SUR,-0.51,
TQBR,2021-11-09,Сбербанк,SBER,97080,15004411479.7,358.41,355.6,364.58,356.97,359.75,357.44,41718590,359.87,359.87,356.97,13986388870.9,13986388870.9,13986388870.9,0.0,3,SUR,-0.27,
TQBR,2021-11-10,Сбербанк,SBER,112758,16457699088.7,356.7,348.0,358.8,353.4,353.48,348.65,46558110,353.91,353.91,353.4,14248489047.3,14248489047.3,14248489047.3,0.0,3,SUR,-2.46,
TQBR,2021-11-11,Сбербанк,SBER,99614,15179150045.5,350.11,347.22,357.89,356.44,353.7,356.24,42915840,353.39,353.39,356.44,13876285678.1,13876285678.1,13876285678.1,0.0,3,SUR,2.18,
TQBR,2021-11-12,Сбербанк,SBER,186816,34892222884.6,356.24,339.68,356.37,349.37,346.56,347.59,100682800,346.45,346.45,349.37,32886461686.0,32886461686.0,32886461686.0,0.0,3,SUR,-2.43,
TQBR,2021-11-15,Сбербанк,SBER,121022,20797457060.0,349.24,342.76,352.8,344.86,346.78,344.39,59973490,347.03,347.03,344.86,19241664879.1,19241664879.1,19241664879.1,0.0,3,SUR,-0.92,
TQBR,2021-11-16,Сбербанк,SBER,131811,21039571887.2,345.99,336.01,346.47,338.23,339.49,337.91,61972880,339.61,339.61,338.23,19331834088.9,19331834088.9,19331834088.9,0.0,3,SUR,-1.88,
TQBR,2021-11-17,Сбербанк,SBER,112248,16942009572.1,338.49,336.6,343.57,341.25,340.38,339.89,49773710,340.5,340.5,341.25,15090742974.6,15090742974.6,15090742974.6,0.0,3,SUR,0.59,
TQBR,2021-11-18,Сбербанк,SBER,99589,15961631248.7,338.97,333.5,343.12,335.09,338.71,336.93,47124100,339.07,339.07,335.09,13884201585.2,13884201585.2,13884201585.2,0.0,3,SUR,-0.87,
TQBR,2021-11-19,Сбербанк,SBER,144161,22189185221.3,339.37,325.7,339.99,327.02,330.62,327.56,67114710,330.87,330.87,327.02,20636170322.6,20636170322.6,20636170322.6,0.0,3,SUR,-2.78,
TQBR,2021-11-22,Сбербанк,SBER,272984,45563102260.6,326.05,306.67,326.39,310.1,315.59,309.15,144394030,316.29,316.29,310.1,41080921172.5,41080921172.5,41080921172.5,0.0,3,SUR,-5.62,
TQBR,2021-11-23,Сбербанк,SBER,266468,45736605718.3,306.28,300.1,327.01,322.71,315.61,326.84,144887010,315.11,315.11,322.71,43018739430.6,43018739430.6,43018739430.6,0.0,3,SUR,5.72,
TQBR,2021-11-24,Сбербанк,SBER,150803,25081449461.2,328.0,317.35,329.97,320.6,321.87,321.22,77919580,321.91,321.91,320.6,23846604293.3,23846604293.3,23846604293.3,0.0,3,SUR,-1.72,
TQBR,2021-11-25,Сбербанк,SBER,101522,14063418089.7,322.35,316.11,322.96,317.25,319.08,317.29,44075230,319.21,319.21,317.25,13066293078.0,13066293078.0,13066293078.0,0.0,3,SUR,-1.22,
TQBR,2021-11-26,Сбербанк,SBER,182028,27859460736.9,307.14,303.22,312.0,304.28,307.15,304.42,90702260,307.31,307.31,304.28,25909975957.7,25909975957.7,25909975957.7,0.0,3,SUR,-4.06,
TQBR,2021-11-29,Сбербанк,SBER,151794,26132483041.5,311.11,309.42,322.15,316.9,316.35,316.57,82626540,316.22,316.22,316.9,24107266041.4,24107266041.4,24107266041.4,0.0,3,SUR,3.99,
TQBR,2021-11-30,Сбербанк,SBER,138454,31025495218.6,311.0,310.09,318.58,318.58,315.9,315.0,98214880,316.08,316.08,318.58,28107269727.4,28107269727.4,28107269727.4,0.0,3,SUR,-0.5,
TQBR,2021-12-01,Сбербанк,SBER,134997,22750927797.6,321.3,319.51,329.44,328.82,325.26,324.4,69948230,325.09,325.09,328.82,19591170235.1,19591170235.1,19591170235.1,0.0,3,SUR,2.98,
TQBR,2021-12-02,Сбербанк,SBER,117474,19963662877.3,325.4,320.54,329.0,325.5,324.85,326.8,61450200,324.78,324.78,325.5,18276349319.6,18276349319.6,18276349319.6,0.0,3,SUR,0.74,
TQBR,2021-12-03,Сбербанк,SBER,89050,13947718236.0,327.6,318.4,328.95,320.34,323.55,320.66,43107850,324.17,324.17,320.34,12047706417.6,12047706417.6,12047706417.6,0.0,3,SUR,-1.88,
TQBR,2021-12-06,Сбербанк,SBER,204704,30901866910.3,322.0,304.18,324.16,304.91,309.99,307.5,99688200,310.1,310.1,304.91,27431961952.6,27431961952.6,27431961952.6,0.0,3,SUR,-4.1,
TQBR,2021-12-07,Сбербанк,SBER,279722,47159021183.1,307.14,300.5,313.03,308.0,305.91,309.79,154172870,305.13,305.13,308.0,39466505877.4,39466505877.4,39466505877.4,0.0,3,SUR,0.74,
TQBR,2021-12-08,Сбербанк,SBER,399924,72512692906.7,310.99,291.57,316.88,291.57,300.82,296.95,241043180,301.2,301.2,291.57,64242694944.79,64242694944.79,64242694944.79,0.0,3,SUR,-4.14,
TQBR,2021-12-09,Сбербанк,SBER,237956,40274844717.3,297.49,292.5,304.94,302.6,300.72,300.4,133933650,300.98,300.98,302.6,35498153076.5,35498153076.5,35498153076.5,0.0,3,SUR,1.16,
TQBR,2021-12-10,Сбербанк,SBER,160445,24474375346.8,300.5,294.43,304.28,295.0,298.3,297.44,82046160,298.38,298.38,295.0,22203677998.0,22203677998.0,22203677998.0,0.0,3,SUR,-0.99,
TQBR,2021-12-13,Сбербанк,SBER,290195,42131944975.3,298.23,280.08,300.99,282.57,287.96,280.64,146312930,288.3,288.3,282.57,36812810052.9,36812810052.9,36812810052.9,0.0,3,SUR,-5.65,
TQBR,2021-12-14,Сбербанк,SBER,321347,49218627449.7,280.2,261.5,286.09,282.08,278.94,284.9,176483200,280.0,280.0,282.08,37461801763.5,37461801763.5,37461801763.5,0.0,3,SUR,1.52,
TQBR,2021-12-15,Сбербанк,SBER,172646,24828431135.5,284.9,279.44,287.79,280.46,283.68,286.65,87523240,283.39,283.39,280.46,19189028266.5,19189028266.5,19189028266.5,0.0,3,SUR,0.61,
TQBR,2021-12-16,Сбербанк,SBER,225780,39668733059.0,287.7,286.2,298.7,298.55,294.25,295.89,134813120,294.45,294.45,298.55,33172400826.1,33172400826.1,33172400826.1,0.0,3,SUR,3.22,
TQBR,2021-12-17,Сбербанк,SBER,141763,32344386589.0,295.0,291.61,296.73,295.66,294.66,294.9,109770570,294.62,294.62,295.66,28963334770.8,28963334770.8,28963334770.8,0.0,3,SUR,-0.33,
TQBR,2021-12-20,Сбербанк,SBER,148555,22970334237.0,293.11,285.63,293.11,288.0,288.26,288.4,79679000,288.0,288.0,288.0,18402627187.0,18402627187.0,18402627187.0,0.0,3,SUR,-2.2,
TQBR,2021-12-21,Сбербанк,SBER,129848,18815016922.5,289.8,286.76,293.4,290.04,289.75,291.7,64934720,289.16,289.16,290.04,14443117161.4,14443117161.4,14443117161.4,0.0,3,SUR,1.14,
TQBR,2021-12-22,Сбербанк,SBER,125738,18764947636.7,291.8,289.23,297.23,295.2,293.84,294.0,63860480,294.08,294.08,295.2,15635651553.4,15635651553.4,15635651553.4,0.0,3,SUR,0.79,
TQBR,2021-12-23,Сбербанк,SBER,102949,16328921885.0,294.68,291.26,298.1,294.3,294.05,292.8,55534990,293.9,293.9,294.3,13814338963.9,13814338963.9,13814338963.9,0.0,3,SUR,-0.41,
TQBR,2021-12-24,Сбербанк,SBER,73006,11004253897.8,292.92,289.0,294.18,293.85,292.11,293.89,37671250,291.93,291.93,293.85,9155995952.4,9155995952.4,9155995952.4,0.0,3,SUR,0.37,
TQBR,2021-12-27,Сбербанк,SBER,74395,10535286767.5,294.76,293.37,296.0,295.03,294.82,295.68,35734540,294.76,294.76,295.03,8538813376.0,8538813376.0,8538813376.0,0.0,3,SUR,0.61,
TQBR,2021-12-28,Сбербанк,SBER,79072,11199396831.3,295.84,294.18,297.55,296.04,295.8,295.0,37859030,295.77,295.77,296.04,8672630188.0,8672630188.0,8672630188.0,0.0,3,SUR,-0.23,
TQBR,2021-12-29,Сбербанк,SBER,87013,11041565007.2,295.05,291.33,295.55,292.8,293.09,293.51,37673290,293.01,293.01,292.8,9280896518.8,9280896518.8,9280896518.8,0.0,3,SUR,-0.51,
TQBR,2021-12-30,Сбербанк,SBER,95351,12484601229.1,293.6,291.52,294.89,293.62,293.27,293.49,42567960,293.17,293.17,293.62,10457877366.1,10457877366.1,10457877366.1,0.0,3,SUR,-0.01,
TQBR,2022-01-03,Сбербанк,SBER,118826,15116470365.3,295.9,294.34,305.5,302.7,301.23,305.47,50183170,301.29,301.29,302.7,12582100831.4,12582100831.4,12582100831.4,0.0,3,SUR,4.08,
TQBR,2022-01-04,Сбербанк,SBER,121342,16277165930.5,305.51,301.63,310.1,305.22,305.56,304.24,53270410,305.01,305.01,305.22,12413957029.6,12413957029.6,12413957029.6,0.0,3,SUR,-0.4,
TQBR,2022-01-05,Сбербанк,SBER,164053,20740935491.0,303.72,287.0,304.26,297.83,296.22,287.01,70017630,300.04,300.04,297.83,10090377718.6,10090377718.6,10090377718.6,0.0,3,SUR,-5.66,
TQBR,2022-01-06,Сбербанк,SBER,154394,23128604540.0,286.6,281.0,295.1,291.69,291.36,293.92,79380930,291.56,291.56,291.69,16762234201.4,16762234201.4,16762234201.4,0.0,3,SUR,2.41,
TQBR,2022-01-07,Сбербанк,SBER,0,0.0,,,,293.86,,,0,291.56,291.69,293.86,16762234201.4,1951406.1,16762234201.4,0.0,3,SUR,,
TQBR,2022-01-10,Сбербанк,SBER,135182,19757691963.7,295.52,288.68,298.88,288.95,293.02,291.69,67426550,292.73,292.73,288.95,15904885490.5,15904885490.5,15904885490.5,0.0,3,SUR,-0.76,
TQBR,2022-01-11,Сбербанк,SBER,107452,17141880062.9,293.4,288.71,293.94,289.87,290.93,291.88,58921530,290.79,290.79,289.87,14323088038.3,14323088038.3,14323088038.3,0.0,3,SUR,0.07,
TQBR,2022-01-12,Сбербанк,SBER,149818,23674409517.2,292.82,285.05,292.92,289.72,289.34,290.4,81822450,289.19,289.19,289.72,20861862826.4,20861862826.4,20861862826.4,0.0,3,SUR,-0.51,
TQBR,2022-01-13,Сбербанк,SBER,360163,58998956306.5,289.56,269.9,290.37,270.5,278.93,272.5,211556190,280.15,280.15,270.5,47342082027.5,47342082027.5,47342082027.5,0.0,3,SUR,-6.16,
TQBR,2022-01-14,Сбербанк,SBER,676916,105840690373.5,272.39,249.2,277.98,255.0,260.53,261.0,406253690,260.18,260.18,255.0,92847433060.2,92847433060.2,92847433060.2,0.0,3,SUR,-4.22,
TQBR,2022-01-17,Сбербанк,SBER,406775,63249791802.6,262.15,247.0,264.01,257.1,254.33,257.78,248689250,253.17,253.17,257.1,50040023325.1,50040023325.1,50040023325.1,0.0,3,SUR,-1.23,
TQBR,2022-01-18,Сбербанк,SBER,677768,115765833652.0,258.8,228.09,259.39,231.0,239.14,234.7,484056480,239.03,239.03,231.0,100188470233.5,100188470233.5,100188470233.5,0.0,3,SUR,-8.95,
TQBR,2022-01-19,Сбербанк,SBER,553537,86623311717.5,232.9,221.03,249.0,241.39,239.98,244.86,360958990,242.8,242.8,241.39,66405571417.4,66405571417.4,66405571417.4,0.0,3,SUR,4.33,
TQBR,2022-01-20,Сбербанк,SBER,495344,82793764163.4,244.17,240.01,263.0,260.0,251.75,254.61,329113650,251.09,251.09,260.0,65267605404.8,65267605404.8,65267605404.8,0.0,3,SUR,3.98,
TQBR,2022-01-21,Сбербанк,SBER,393980,74378247142.4,252.99,246.0,259.08,246.85,251.54,246.9,295690670,251.74,251.74,246.85,62737204693.4,62737204693.4,62737204693.4,0.0,3,SUR,-3.03,
TQBR,2022-01-24,Сбербанк,SBER,506381,76615666498.0,246.51,226.0,249.88,234.82,235.14,236.97,325829650,234.6,234.6,234.82,64569624013.8,64569624013.8,64569624013.8,0.0,3,SUR,-4.02,
TQBR,2022-01-25,Сбербанк,SBER,336890,55146749879.2,237.0,231.0,243.55,231.7,237.1,239.59,232596970,236.85,236.85,231.7,39323781945.2,39323781945.2,39323781945.2,0.0,3,SUR,1.11,
TQBR,2022-01-26,Сбербанк,SBER,339946,53688065880.5,240.5,233.3,245.17,239.28,238.78,236.9,224840650,238.69,238.69,239.28,40529564922.0,40529564922.0,40529564922.0,0.0,3,SUR,-1.12,
TQBR,2022-01-27,Сбербанк,SBER,428403,75092074862.5,235.0,233.1,260.0,253.0,249.22,254.29,301306340,249.61,249.61,253.0,65351109257.0,65351109257.0,65351109257.0,0.0,3,SUR,7.34,
TQBR,2022-01-28,Сбербанк,SBER,295038,52531847944.2,255.87,252.02,262.0,257.28,257.29,257.82,204180270,256.85,256.85,257.28,40377953544.4,40377953544.4,40377953544.4,0.0,3,SUR,1.39,
TQBR,2022-01-31,Сбербанк,SBER,274032,41439465846.6,258.98,258.81,269.6,264.5,265.34,269.42,156175080,265.69,265.69,264.5,32679455700.2,32679455700.2,32679455700.2,0.0,3,SUR,4.5,
TQBR,2022-02-01,Сбербанк,SBER,269343,45265999275.4,269.72,260.56,273.1,262.6,265.65,264.7,170396140,264.83,264.83,262.6,32344117188.2,32344117188.2,32344117188.2,0.0,3,SUR,-1.75,
TQBR,2022-02-02,Сбербанк,SBER,270268,44266555958.2,265.88,254.52,266.91,258.64,260.06,261.0,170215080,259.79,259.79,258.64,37064292028.9,37064292028.9,37064292028.9,0.0,3,SUR,-1.4,
TQBR,2022-02-03,Сбербанк,SBER,235076,38264109218.8,258.45,250.06,259.87,252.71,253.11,250.79,151173100,252.72,252.72,252.71,30931260985.2,30931260985.2,30931260985.2,0.0,3,SUR,-3.91,
TQBR,2022-02-04,Сбербанк,SBER,196824,32465015937.6,251.99,251.91,259.74,254.22,255.56,256.53,127035170,255.73,255.73,254.22,26788599964.4,26788599964.4,26788599964.4,0.0,3,SUR,2.29,
TQBR,2022-02-07,Сбербанк,SBER,154080,21984857622.9,256.99,253.52,260.53,256.69,256.87,257.61,85586640,256.91,256.91,256.69,17906039034.4,17906039034.4,17906039034.4,0.0,3,SUR,0.42,
TQBR,2022-02-08,Сбербанк,SBER,242310,42797055854.6,257.6,256.52,269.9,269.05,265.02,269.8,161506220,265.04,265.04,269.05,37295944737.1,37295944737.1,37295944737.1,0.0,3,SUR,4.73,
TQBR,2022-02-09,Сбербанк,SBER,277965,53580134334.3,270.01,270.0,279.71,279.37,276.79,279.09,193575010,277.22,277.22,279.37,41438568888.8,41438568888.8,41438568888.8,0.0,3,SUR,3.44,
TQBR,2022-02-10,Сбербанк,SBER,254622,49971152910.0,279.2,273.67,282.3,278.9,277.38,275.2,180148360,277.45,277.45,278.9,38853259513.9,38853259513.9,38853259513.9,0.0,3,SUR,-1.39,
TQBR,2022-02-11,Сбербанк,SBER,350064,57202046478.0,274.9,259.61,275.87,266.6,267.35,260.83,213954390,268.19,268.19,266.6,39025985189.9,39025985189.9,39025985189.9,0.0,3,SUR,-5.22,
TQBR,2022-02-14,Сбербанк,SBER,527497,90439846224.3,256.69,245.1,259.5,255.67,252.85,256.7,357654570,252.54,252.54,255.67,64676284126.7,64676284126.7,64676284126.7,0.0,3,SUR,-1.58,
TQBR,2022-02-15,Сбербанк,SBER,380735,72536855943.8,257.89,257.51,274.0,270.21,267.15,274.0,271518670,267.49,267.49,270.21,55980155490.1,55980155490.1,55980155490.1,0.0,3,SUR,6.74,
TQBR,2022-02-16,Сбербанк,SBER,286459,54327320546.5,276.88,274.15,281.0,277.49,277.43,277.78,195822410,277.3,277.3,277.49,41267731887.0,41267731887.0,41267731887.0,0.0,3,SUR,1.38,
TQBR,2022-02-17,Сбербанк,SBER,383498,69639981675.4,277.0,259.36,277.0,261.05,265.71,260.58,262088700,264.94,264.94,261.05,49067303435.4,49067303435.4,49067303435.4,0.0,3,SUR,-6.19,
TQBR,2022-02-18,Сбербанк,SBER,413568,69033777422.6,262.13,245.0,267.0,249.0,255.14,250.28,270594740,255.51,255.51,249.0,47993368510.5,47993368510.5,47993368510.5,0.0,3,SUR,-3.95,
TQBR,2022-02-21,Сбербанк,SBER,1559658,238583656296.9,249.15,184.3,258.32,208.0,219.98,201.0,1084508440,224.89,224.89,208.0,165379435581.7,165379435581.7,165379435581.7,0.0,3,SUR,-19.69,
TQBR,2022-02-22,Сбербанк,SBER,1318241,188663299795.8,198.72,182.03,219.9,211.0,199.43,208.53,946020570,198.1,198.1,211.0,129573514513.5,129573514513.5,129573514513.5,0.0,3,SUR,3.75,
TQBR,2022-02-23,Сбербанк,SBER,0,0.0,,,,208.38,,,0,198.1,211.0,208.38,129573514513.5,567590.0,129573514513.5,0.0,3,SUR,,
TQBR,2022-02-24,Сбербанк,SBER,1302855,98281399197.4,187.54,89.59,187.54,112.5,118.5,132.18,829355880,111.64,111.64,112.5,65333793046.01,65333793046.01,65333793046.01,0.0,3,SUR,-36.61,
TQBR,2022-02-25,Сбербанк,SBER,670554,51769813725.2,123.75,115.11,152.89,130.5,130.63,131.12,396287150,130.73,130.73,130.5,46316051770.3,46316051770.3,46316051770.3,0.0,3,SUR,-0.8,
TQBR,2022-02-28,Сбербанк,SBER,0,0.0,,,,130.72,,,0,130.73,130.5,130.72,46316051770.3,1663875.0,46316051770.3,0.0,3,SUR,,
TQBR,2022-03-01,Сбербанк,SBER,0,0.0,,,,130.72,,,0,130.73,130.5,130.72,46316051770.3,1663875.0,46316051770.3,0.0,3,SUR,,
TQBR,2022-03-02,Сбербанк,SBER,0,0.0,,,,130.72,,,0,118.84,130.5,130.72,111649844816.31,1663875.0,111649844816.31,0.0,3,SUR,,
TQBR,2022-03-03,Сбербанк,SBER,0,0.0,,,,130.72,,,0,130.73,130.5,130.72,46316051770.3,1663875.0,46316051770.3,0.0,3,SUR,,
TQBR,2022-03-04,Сбербанк,SBER,0,0.0,,,,130.72,,,0,174.59,130.5,130.72,407000000000.0,1663875.0,407000000000.0,0.0,3,SUR,,
TQBR,2022-03-09,Сбербанк,SBER,0,0.0,,,,130.72,,,0,151.37,130.5,130.72,241223359329.81,1663875.0,241223359329.81,0.0,3,SUR,,
TQBR,2022-03-10,Сбербанк,SBER,0,0.0,,,,130.72,,,0,118.84,130.5,130.72,111649844816.31,1663875.0,111649844816.31,0.0,3,SUR,,
TQBR,2022-03-11,Сбербанк,SBER,0,0.0,,,,130.72,,,0,118.84,130.5,130.72,111649844816.31,1663875.0,111649844816.31,0.0,3,SUR,,
TQBR,2022-03-14,Сбербанк,SBER,0,0.0,,,,130.72,,,0,130.73,130.5,130.72,46316051770.3,1663875.0,46316051770.3,0.0,3,SUR,,
TQBR,2022-03-15,Сбербанк,SBER,0,0.0,,,,130.72,,,0,,130.5,130.72,0.0,1663875.0,0.0,0.0,3,SUR,,
TQBR,2022-03-16,Сбербанк,SBER,0,0.0,,,,130.72,,,0,,130.5,130.72,0.0,1663875.0,0.0,0.0,3,SUR,,
TQBR,2022-03-17,Сбербанк,SBER,0,0.0,,,,130.72,,,0,,130.5,130.72,0.0,1663875.0,0.0,0.0,3,SUR,,
TQBR,2022-03-18,Сбербанк,SBER,0,0.0,,,,130.72,,,0,,130.5,130.72,0.0,1663875.0,0.0,0.0,3,SUR,,
TQBR,2022-03-21,Сбербанк,SBER,0,0.0,,,,130.72,,,0,,130.5,130.72,0.0,1663875.0,0.0,0.0,3,SUR,,
TQBR,2022-03-22,Сбербанк,SBER,0,0.0,,,,130.72,,,0,,130.5,130.72,0.0,1663875.0,0.0,0.0,3,SUR,,
TQBR,2022-03-23,Сбербанк,SBER,0,0.0,,,,130.72,,,0,,130.5,130.72,0.0,1663875.0,0.0,0.0,3,SUR,,
TQBR,2022-03-24,Сбербанк,SBER,421005,22692069361.4,131.0,130.15,156.2,136.24,142.04,136.24,159464350,142.3,142.3,136.24,22692069361.4,22692069361.4,22692069361.4,0.0,3,SUR,3.9,
TQBR,2022-03-25,Сбербанк,SBER,165778,7725368187.0,137.0,128.2,147.0,131.5,133.97,131.5,57662950,133.97,133.97,131.5,7725368187.0,7725368187.0,7725368187.0,0.0,3,SUR,-3.48,
TQBR,2022-03-28,Сбербанк,SBER,121793,4203874797.0,130.6,125.0,131.47,125.0,126.58,125.0,33212430,126.58,126.58,125.0,4203874797.0,4203874797.0,4203874797.0,0.0,3,SUR,-4.94,
TQBR,2022-03-29,Сбербанк,SBER,184608,9470337365.6,126.16,122.0,137.57,128.77,130.88,128.77,72338740,130.92,130.92,128.77,9470337365.6,9470337365.6,9470337365.6,0.0,3,SUR,3.02,
TQBR,2022-03-30,Сбербанк,SBER,102479,4754053635.4,136.89,131.11,138.4,134.6,133.26,134.6,35675450,133.26,133.26,134.6,4754053635.4,4754053635.4,4754053635.4,0.0,3,SUR,4.53,
TQBR,2022-03-31,Сбербанк,SBER,255603,16669448877.5,135.25,134.52,147.41,143.69,140.83,143.69,118425000,140.76,140.76,143.69,16669448877.5,16669448877.5,16669448877.5,0.0,3,SUR,6.75,
TQBR,2022-04-01,Сбербанк,SBER,265276,18022334419.5,145.0,144.51,155.4,154.5,151.26,154.5,118880720,151.6,151.6,154.5,18022334419.5,18022334419.5,18022334419.5,0.0,3,SUR,7.52,
TQBR,2022-04-04,Сбербанк,SBER,264995,18622917617.7,158.76,150.2,166.88,166.0,160.62,166.0,115938910,160.63,160.63,166.0,18622917617.7,18622917617.7,18622917617.7,0.0,3,SUR,7.44,
TQBR,2022-04-05,Сбербанк,SBER,284752,20715568335.3,169.83,147.76,169.9,154.1,158.93,154.1,130342790,158.93,158.93,154.1,20715568335.3,20715568335.3,20715568335.3,0.0,3,SUR,-7.17,
TQBR,2022-04-06,Сбербанк,SBER,254546,16064065136.0,143.51,140.65,153.3,141.6,147.32,141.6,109040410,147.32,147.32,141.6,16064065136.0,16064065136.0,16064065136.0,0.0,3,SUR,-8.11,
TQBR,2022-04-07,Сбербанк,SBER,160520,8603867601.8,143.1,142.5,149.9,147.5,146.23,147.5,58839040,146.23,146.23,147.5,8603867601.8,8603867601.8,8603867601.8,0.0,3,SUR,4.17,
TQBR,2022-04-08,Сбербанк,SBER,139746,7042432416.5,149.05,141.06,151.0,143.72,145.35,143.72,48450590,145.35,145.35,143.72,7042432416.5,7042432416.5,7042432416.5,0.0,3,SUR,-2.56,
TQBR,2022-04-11,Сбербанк,SBER,162845,6769147874.0,144.09,138.5,146.98,138.69,142.24,138.69,47575830,142.28,142.28,138.69,6769147874.0,6769147874.0,6769147874.0,0.0,3,SUR,-3.5,
TQBR,2022-04-12,Сбербанк,SBER,212296,10068815929.1,138.84,130.35,140.1,135.38,133.54,135.38,75388800,133.56,133.56,135.38,10068815929.1,10068815929.1,10068815929.1,0.0,3,SUR,-2.39,
TQBR,2022-04-13,Сбербанк,SBER,117622,5281816161.7,136.78,132.72,138.14,135.5,135.13,135.5,39087840,135.13,135.13,135.5,5281816161.7,5281816161.7,5281816161.7,0.0,3,SUR,0.09,
TQBR,2022-04-14,Сбербанк,SBER,135773,5854258707.0,135.85,129.05,135.89,129.05,131.95,129.05,44368360,131.95,131.95,129.05,5854258707.0,5854258707.0,5854258707.0,0.0,3,SUR,-4.76,
TQBR,2022-04-15,Сбербанк,SBER,131646,6025059285.1,128.55,125.12,131.72,130.88,128.82,130.88,46772550,128.82,128.82,130.88,6025059285.1,6025059285.1,6025059285.1,0.0,3,SUR,1.42,
TQBR,2022-04-18,Сбербанк,SBER,169844,7419239922.5,131.41,123.7,132.68,123.85,126.82,123.85,58500600,126.82,126.82,123.85,7419239922.5,7419239922.5,7419239922.5,0.0,3,SUR,-5.37,
TQBR,2022-04-19,Сбербанк,SBER,212642,9552876654.9,123.85,115.36,123.85,120.3,119.58,120.3,79905700,119.55,119.55,120.3,9552876654.9,9552876654.9,9552876654.9,0.0,3,SUR,-2.87,
TQBR,2022-04-20,Сбербанк,SBER,175679,8136201185.3,121.0,117.51,125.44,121.5,122.13,121.5,66603200,122.16,122.16,121.5,8136201185.3,8136201185.3,8136201185.3,0.0,3,SUR,1.0,
TQBR,2022-04-21,Сбербанк,SBER,120053,4864876092.9,121.97,117.85,123.05,118.65,119.64,118.65,40648560,119.68,119.68,118.65,4864876092.9,4864876092.9,4864876092.9,0.0,3,SUR,-2.35,
TQBR,2022-04-22,Сбербанк,SBER,157438,6798689067.5,118.65,115.55,122.32,116.97,118.48,116.97,57466590,118.31,118.31,116.97,6798689067.5,6798689067.5,6798689067.5,0.0,3,SUR,-1.42,
TQBR,2022-04-25,Сбербанк,SBER,149285,5179109798.5,116.0,111.5,116.4,111.9,113.05,111.9,45811390,113.05,113.05,111.9,5179109798.5,5179109798.5,5179109798.5,0.0,3,SUR,-4.33,
TQBR,2022-04-26,Сбербанк,SBER,172772,9832906106.8,112.58,111.9,124.92,122.36,117.83,122.36,83540530,117.7,117.7,122.36,9832906106.8,9832906106.8,9832906106.8,0.0,3,SUR,9.35,
TQBR,2022-04-27,Сбербанк,SBER,218386,14832382819.5,123.0,120.6,131.73,131.11,128.44,131.11,115500050,128.42,128.42,131.11,14832382819.5,14832382819.5,14832382819.5,0.0,3,SUR,7.15,
TQBR,2022-04-28,Сбербанк,SBER,245162,16007384988.2,132.14,123.05,134.5,123.85,129.45,123.85,123541890,129.57,129.57,123.85,16007384988.2,16007384988.2,16007384988.2,0.0,3,SUR,-5.54,
TQBR,2022-04-29,Сбербанк,SBER,183569,11075903085.1,123.67,122.8,130.0,128.8,126.79,128.8,87366110,126.78,126.78,128.8,11075903085.1,11075903085.1,11075903085.1,0.0,3,SUR,4.0,
TQBR,2022-05-04,Сбербанк,SBER,168134,8444076353.1,129.1,122.5,131.5,123.2,125.45,123.2,67289000,125.49,125.49,123.2,8444076353.1,8444076353.1,8444076353.1,0.0,3,SUR,-4.35,
TQBR,2022-05-05,Сбербанк,SBER,105355,5266724459.4,124.21,122.75,125.54,124.8,124.26,124.8,42383000,124.27,124.27,124.8,5266724459.4,5266724459.4,5266724459.4,0.0,3,SUR,1.3,
TQBR,2022-05-06,Сбербанк,SBER,89510,3758705967.7,124.74,121.52,124.99,123.1,122.82,123.1,30602500,122.82,122.82,123.1,3758705967.7,3758705967.7,3758705967.7,0.0,3,SUR,-1.36,
TQBR,2022-05-11,Сбербанк,SBER,99764,4074118445.5,123.0,121.86,126.05,123.34,123.94,123.34,32870440,123.94,123.94,123.34,4074118445.5,4074118445.5,4074118445.5,0.0,3,SUR,0.19,
TQBR,2022-05-12,Сбербанк,SBER,98996,3736761907.6,123.1,118.05,123.74,119.15,121.14,119.15,30846460,121.14,121.14,119.15,3736761907.6,3736761907.6,3736761907.6,0.0,3,SUR,-3.4,
TQBR,2022-05-13,Сбербанк,SBER,74614,2743261781.4,120.45,118.2,121.59,120.2,120.14,120.2,22838020,120.12,120.12,120.2,2743261781.4,2743261781.4,2743261781.4,0.0,3,SUR,0.88,
TQBR,2022-05-16,Сбербанк,SBER,95213,4270982372.6,120.9,119.5,123.5,123.41,122.24,123.41,34940660,122.24,122.24,123.41,4270982372.6,4270982372.6,4270982372.6,0.0,3,SUR,2.67,
TQBR,2022-05-17,Сбербанк,SBER,107332,5288189358.3,124.0,123.65,127.78,127.75,126.02,127.75,41963590,126.02,126.02,127.75,5288189358.3,5288189358.3,5288189358.3,0.0,3,SUR,3.52,
TQBR,2022-05-18,Сбербанк,SBER,131620,7149065642.2,128.2,125.0,131.3,125.12,128.66,125.12,55565940,128.66,128.66,125.12,7149065642.2,7149065642.2,7149065642.2,0.0,3,SUR,-2.06,
TQBR,2022-05-19,Сбербанк,SBER,91752,4282808065.6,125.31,123.21,126.86,125.6,125.06,125.6,34246550,125.06,125.06,125.6,4282808065.6,4282808065.6,4282808065.6,0.0,3,SUR,0.38,
TQBR,2022-05-20,Сбербанк,SBER,105716,4854130253.9,126.06,121.05,127.0,122.2,123.38,122.2,39288280,123.55,123.55,122.2,4854130253.9,4854130253.9,4854130253.9,0.0,3,SUR,-2.71,
TQBR,2022-05-23,Сбербанк,SBER,104319,4587986948.8,121.5,118.9,122.5,119.46,120.76,119.46,37976200,120.81,120.81,119.46,4587986948.8,4587986948.8,4587986948.8,0.0,3,SUR,-2.24,
TQBR,2022-05-24,Сбербанк,SBER,115049,5467479952.3,119.45,117.1,125.0,123.6,121.05,123.6,45164830,121.06,121.06,123.6,5467479952.3,5467479952.3,5467479952.3,0.0,3,SUR,3.47,
TQBR,2022-05-25,Сбербанк,SBER,129120,6588459652.6,124.11,120.5,125.5,124.15,123.21,124.15,53511900,123.12,123.12,124.15,6588459652.6,6588459652.6,6588459652.6,0.0,3,SUR,0.44,
TQBR,2022-05-26,Сбербанк,SBER,119453,6438132740.8,124.8,122.0,125.99,123.0,123.89,123.0,51985140,123.85,123.85,123.0,6438132740.8,6438132740.8,6438132740.8,0.0,3,SUR,-0.93,
TQBR,2022-05-27,Сбербанк,SBER,86182,3981861287.2,123.0,120.9,123.5,121.22,121.83,121.22,32685350,121.82,121.82,121.22,3981861287.2,3981861287.2,3981861287.2,0.0,3,SUR,-1.45,
TQBR,2022-05-30,Сбербанк,SBER,68357,3035846751.9,121.6,120.21,123.0,120.67,121.64,120.67,24957710,121.64,121.64,120.67,3035846751.9,3035846751.9,3035846751.9,0.0,3,SUR,-0.45,
TQBR,2022-05-31,Сбербанк,SBER,80617,3557831216.3,120.0,117.62,120.0,118.3,118.65,118.3,29983170,118.66,118.66,118.3,3557831216.3,3557831216.3,3557831216.3,0.0,3,SUR,-1.96,
TQBR,2022-06-01,Сбербанк,SBER,104059,5296798375.3,117.5,117.0,122.69,121.97,120.97,121.97,43785040,120.97,120.97,121.97,5296798375.3,5296798375.3,5296798375.3,0.0,3,SUR,3.1,
TQBR,2022-06-02,Сбербанк,SBER,101114,5125256938.4,121.9,118.5,122.39,119.0,119.87,119.0,42769900,119.83,119.83,119.0,5125256938.4,5125256938.4,5125256938.4,0.0,3,SUR,-2.44,
TQBR,2022-06-03,Сбербанк,SBER,80343,4067212982.5,119.29,117.18,120.16,119.21,118.43,119.21,34341530,118.43,118.43,119.21,4067212982.5,4067212982.5,4067212982.5,0.0,3,SUR,0.18,
TQBR,2022-06-06,Сбербанк,SBER,61834,2652231034.2,119.26,118.29,120.35,118.78,119.03,118.78,22281970,119.03,119.03,118.78,2652231034.2,2652231034.2,2652231034.2,0.0,3,SUR,-0.36,
TQBR,2022-06-07,Сбербанк,SBER,59242,2629117760.2,118.68,117.32,118.9,118.32,118.04,118.32,22274020,118.04,118.04,118.32,2629117760.2,2629117760.2,2629117760.2,0.0,3,SUR,-0.39,
TQBR,2022-06-08,Сбербанк,SBER,91893,5003858591.9,118.51,118.4,122.19,119.9,120.53,119.9,41514970,120.53,120.53,119.9,5003858591.9,5003858591.9,5003858591.9,0.0,3,SUR,1.34,
TQBR,2022-06-09,Сбербанк,SBER,80871,3477327986.1,120.0,117.7,120.2,118.2,118.39,118.2,29371970,118.39,118.39,118.2,3477327986.1,3477327986.1,3477327986.1,0.0,3,SUR,-1.42,
TQBR,2022-06-10,Сбербанк,SBER,66107,3006397517.2,118.03,117.73,119.55,118.07,118.49,118.07,25373000,118.49,118.49,118.07,3006397517.2,3006397517.2,3006397517.2,0.0,3,SUR,-0.11,
TQBR,2022-06-14,Сбербанк,SBER,92504,4454820677.7,118.03,115.8,119.88,118.98,118.19,118.98,37690460,118.19,118.19,118.98,4454820677.7,4454820677.7,4454820677.7,0.0,3,SUR,0.77,
TQBR,2022-06-15,Сбербанк,SBER,109377,6293254524.8,119.4,118.71,121.71,121.14,120.46,121.14,52262500,120.42,120.42,121.14,6293254524.8,6293254524.8,6293254524.8,0.0,3,SUR,1.82,
TQBR,2022-06-16,Сбербанк,SBER,113836,5865468454.0,121.5,120.41,123.73,123.73,122.4,123.73,47921410,122.4,122.4,123.73,5865468454.0,5865468454.0,5865468454.0,0.0,3,SUR,2.14,
TQBR,2022-06-17,Сбербанк,SBER,88261,4542499796.0,123.97,123.11,125.18,123.88,124.08,123.88,36608520,124.08,124.08,123.88,4542499796.0,4542499796.0,4542499796.0,0.0,3,SUR,0.12,
TQBR,2022-06-20,Сбербанк,SBER,131679,8358193641.7,124.1,123.6,131.5,131.29,127.25,131.29,65683460,127.25,127.25,131.29,8358193641.7,8358193641.7,8358193641.7,0.0,3,SUR,5.98,
TQBR,2022-06-21,Сбербанк,SBER,146746,9779358224.0,131.98,127.11,133.49,129.1,129.37,129.1,75565750,129.42,129.42,129.1,9779358224.0,9779358224.0,9779358224.0,0.0,3,SUR,-1.67,
TQBR,2022-06-22,Сбербанк,SBER,143980,8798787966.1,127.88,126.03,133.21,133.11,129.8,133.11,67799070,129.78,129.78,133.11,8798787966.1,8798787966.1,8798787966.1,0.0,3,SUR,3.11,
TQBR,2022-06-23,Сбербанк,SBER,202897,14709729514.2,133.9,131.5,138.4,136.85,136.07,136.85,108118920,136.05,136.05,136.85,14709729514.2,14709729514.2,14709729514.2,0.0,3,SUR,2.81,
TQBR,2022-06-24,Сбербанк,SBER,110439,6186219567.5,137.16,135.21,138.3,137.76,136.7,137.76,45254820,136.7,136.7,137.76,6186219567.5,6186219567.5,6186219567.5,0.0,3,SUR,0.66,
TQBR,2022-06-27,Сбербанк,SBER,144372,9812403018.2,137.7,136.77,141.77,141.15,140.26,141.15,69963540,140.25,140.25,141.15,9812403018.2,9812403018.2,9812403018.2,0.0,3,SUR,2.46,
TQBR,2022-06-28,Сбербанк,SBER,120153,7675925017.5,141.75,138.5,142.35,139.99,139.91,139.99,54863240,139.91,139.91,139.99,7675925017.5,7675925017.5,7675925017.5,0.0,3,SUR,-0.82,
TQBR,2022-06-29,Сбербанк,SBER,119578,7517497903.8,139.8,132.75,139.89,132.8,136.26,132.8,55164310,136.27,136.27,132.8,7517497903.8,7517497903.8,7517497903.8,0.0,3,SUR,-5.14,
TQBR,2022-06-30,Сбербанк,SBER,174927,11774451572.6,132.5,123.55,135.44,125.2,128.56,125.2,91499020,128.68,128.68,125.2,11774451572.6,11774451572.6,11774451572.6,0.0,3,SUR,-5.72,
TQBR,2022-07-01,Сбербанк,SBER,116110,7809271635.9,124.13,122.5,132.0,129.91,128.78,129.91,60628570,128.81,128.81,129.91,7809271635.9,7809271635.9,7809271635.9,0.0,3,SUR,3.76,
TQBR,2022-07-04,Сбербанк,SBER,104793,6244209442.1,129.0,127.16,132.8,131.43,130.07,131.43,48006990,130.07,130.07,131.43,6244209442.1,6244209442.1,6244209442.1,0.0,3,SUR,1.17,
TQBR,2022-07-05,Сбербанк,SBER,111239,6901128618.2,132.0,131.43,135.7,133.5,133.59,133.5,51662270,133.58,133.58,133.5,6901128618.2,6901128618.2,6901128618.2,0.0,3,SUR,1.57,
TQBR,2022-07-06,Сбербанк,SBER,106927,6371451571.2,133.5,132.5,137.1,134.0,135.35,134.0,47075440,135.35,135.35,134.0,6371451571.2,6371451571.2,6371451571.2,0.0,3,SUR,0.37,
TQBR,2022-07-07,Сбербанк,SBER,94914,5736860567.7,134.0,131.22,135.2,133.09,133.23,133.09,43059280,133.23,133.23,133.09,5736860567.7,5736860567.7,5736860567.7,0.0,3,SUR,-0.68,
TQBR,2022-07-08,Сбербанк,SBER,73694,3656551234.1,133.15,130.9,133.98,133.3,132.33,133.3,27635050,132.32,132.32,133.3,3656551234.1,3656551234.1,3656551234.1,0.0,3,SUR,0.16,
TQBR,2022-07-11,Сбербанк,SBER,136200,6951759089.7,132.8,126.42,133.9,126.8,129.42,126.8,53725410,129.39,129.39,126.8,6951759089.7,6951759089.7,6951759089.7,0.0,3,SUR,-4.88,
TQBR,2022-07-12,Сбербанк,SBER,127652,7276446907.2,126.5,124.2,129.35,129.0,127.09,129.0,57254290,127.09,127.09,129.0,7276446907.2,7276446907.2,7276446907.2,0.0,3,SUR,1.74,
TQBR,2022-07-13,Сбербанк,SBER,100411,5838157717.2,129.8,125.36,129.95,126.0,127.1,126.0,45932640,127.1,127.1,126.0,5838157717.2,5838157717.2,5838157717.2,0.0,3,SUR,-2.33,
TQBR,2022-07-14,Сбербанк,SBER,92075,5273758237.4,125.97,124.61,128.0,125.9,126.46,125.9,41704620,126.46,126.46,125.9,5273758237.4,5273758237.4,5273758237.4,0.0,3,SUR,-0.08,
TQBR,2022-07-15,Сбербанк,SBER,101371,5725166716.2,126.06,125.27,129.44,128.9,127.36,128.9,44954140,127.36,127.36,128.9,5725166716.2,5725166716.2,5725166716.2,0.0,3,SUR,2.38,
TQBR,2022-07-18,Сбербанк,SBER,76262,4560441171.4,130.0,127.25,130.64,128.11,128.54,128.11,35478100,128.54,128.54,128.11,4560441171.4,4560441171.4,4560441171.4,0.0,3,SUR,-0.61,
TQBR,2022-07-19,Сбербанк,SBER,74011,4101676311.8,128.0,125.51,128.11,127.76,126.67,127.76,32381170,126.67,126.67,127.76,4101676311.8,4101676311.8,4101676311.8,0.0,3,SUR,-0.27,
TQBR,2022-07-20,Сбербанк,SBER,70718,4450301742.2,128.12,126.16,129.2,126.44,128.02,126.44,34762350,128.02,128.02,126.44,4450301742.2,4450301742.2,4450301742.2,0.0,3,SUR,-1.03,
TQBR,2022-07-21,Сбербанк,SBER,113428,6674132987.5,126.44,122.24,126.83,125.48,124.44,125.48,53633030,124.44,124.44,125.48,6674132987.5,6674132987.5,6674132987.5,0.0,3,SUR,-0.76,
TQBR,2022-07-22,Сбербанк,SBER,91829,5934551084.8,125.5,125.03,129.1,128.82,127.68,128.82,46478250,127.68,127.68,128.82,5934551084.8,5934551084.8,5934551084.8,0.0,3,SUR,2.66,
TQBR,2022-07-25,Сбербанк,SBER,116731,7278558481.8,128.9,127.24,132.0,131.45,130.02,131.45,55990880,130.0,130.0,131.45,7278558481.8,7278558481.8,7278558481.8,0.0,3,SUR,2.04,
TQBR,2022-07-26,Сбербанк,SBER,104812,6674121413.4,132.02,131.0,133.9,132.9,132.55,132.9,50351100,132.55,132.55,132.9,6674121413.4,6674121413.4,6674121413.4,0.0,3,SUR,1.1,
TQBR,2022-07-27,Сбербанк,SBER,91397,5666320132.8,132.9,131.62,134.79,132.5,133.25,132.5,42526820,133.24,133.24,132.5,5666320132.8,5666320132.8,5666320132.8,0.0,3,SUR,-0.3,
TQBR,2022-07-28,Сбербанк,SBER,84334,5270874128.5,133.01,130.1,133.49,131.72,131.44,131.72,40102900,131.43,131.43,131.72,5270874128.5,5270874128.5,5270874128.5,0.0,3,SUR,-0.59,
TQBR,2022-07-29,Сбербанк,SBER,61667,3657277546.3,131.65,130.31,132.75,131.9,131.61,131.9,27788260,131.61,131.61,131.9,3657277546.3,3657277546.3,3657277546.3,0.0,3,SUR,0.14,
TQBR,2022-08-01,Сбербанк,SBER,90599,5733440411.9,131.77,127.34,131.77,127.34,129.34,127.34,44322900,129.36,129.36,127.34,5733440411.9,5733440411.9,5733440411.9,0.0,3,SUR,-3.46,
TQBR,2022-08-02,Сбербанк,SBER,87740,5597372358.7,126.6,125.6,128.44,127.53,127.22,127.53,44006150,127.2,127.2,127.53,5597372358.7,5597372358.7,5597372358.7,0.0,3,SUR,0.15,
TQBR,2022-08-03,Сбербанк,SBER,65442,3954448973.2,128.05,126.27,129.15,126.85,127.78,126.85,30948110,127.78,127.78,126.85,3954448973.2,3954448973.2,3954448973.2,0.0,3,SUR,-0.53,
TQBR,2022-08-04,Сбербанк,SBER,48402,2486974528.6,126.94,126.16,128.13,126.95,127.12,126.95,19560540,127.14,127.14,126.95,2486974528.6,2486974528.6,2486974528.6,0.0,3,SUR,0.08,
TQBR,2022-08-05,Сбербанк,SBER,123820,7580630330.2,127.5,122.24,127.58,122.4,123.91,122.4,61176570,123.91,123.91,122.4,7580630330.2,7580630330.2,7580630330.2,0.0,3,SUR,-3.58,
TQBR,2022-08-08,Сбербанк,SBER,94575,6717450630.0,126.11,123.51,127.38,123.81,125.1,123.81,53664860,125.17,125.17,123.81,6717450630.0,6717450630.0,6717450630.0,0.0,3,SUR,1.15,
TQBR,2022-08-09,Сбербанк,SBER,82732,4714973255.6,123.9,122.3,126.5,126.4,124.25,126.4,37919970,124.34,124.34,126.4,4714973255.6,4714973255.6,4714973255.6,0.0,3,SUR,2.09,
TQBR,2022-08-10,Сбербанк,SBER,73111,4026159269.7,126.25,124.87,127.29,126.2,126.03,126.2,31939910,126.05,126.05,126.2,4026159269.7,4026159269.7,4026159269.7,0.0,3,SUR,-0.16,
TQBR,2022-08-11,Сбербанк,SBER,77752,3873147168.4,126.97,123.07,126.97,123.45,125.12,123.45,30949210,125.15,125.15,123.45,3873147168.4,3873147168.4,3873147168.4,0.0,3,SUR,-2.18,
TQBR,2022-08-12,Сбербанк,SBER,64383,3377655734.9,123.46,122.6,124.98,124.88,124.06,124.88,27223160,124.07,124.07,124.88,3377655734.9,3377655734.9,3377655734.9,0.0,3,SUR,1.16,
TQBR,2022-08-15,Сбербанк,SBER,63087,3150239987.1,124.56,123.28,125.7,125.0,124.23,125.0,25355480,124.24,124.24,125.0,3150239987.1,3150239987.1,3150239987.1,0.0,3,SUR,0.1,
TQBR,2022-08-16,Сбербанк,SBER,63769,3439359278.0,125.2,124.53,126.86,126.39,126.03,126.39,27290920,126.03,126.03,126.39,3439359278.0,3439359278.0,3439359278.0,0.0,3,SUR,1.11,
TQBR,2022-08-17,Сбербанк,SBER,76026,4134398010.8,126.58,124.5,127.44,124.5,125.69,124.5,32888950,125.71,125.71,124.5,4134398010.8,4134398010.8,4134398010.8,0.0,3,SUR,-1.5,
TQBR,2022-08-18,Сбербанк,SBER,65340,3189014037.0,124.39,123.92,126.5,126.3,125.48,126.3,25415410,125.48,125.48,126.3,3189014037.0,3189014037.0,3189014037.0,0.0,3,SUR,1.45,
TQBR,2022-08-19,Сбербанк,SBER,54698,2339575284.4,126.3,124.72,126.36,125.2,125.27,125.2,18676990,125.27,125.27,125.2,2339575284.4,2339575284.4,2339575284.4,0.0,3,SUR,-0.87,
TQBR,2022-08-22,Сбербанк,SBER,60329,3083949126.3,125.0,124.7,126.69,126.06,125.84,126.06,24510110,125.82,125.82,126.06,3083949126.3,3083949126.3,3083949126.3,0.0,3,SUR,0.69,
TQBR,2022-08-23,Сбербанк,SBER,116368,8448692324.8,126.06,126.01,130.49,130.38,129.23,130.38,65419130,129.15,129.15,130.38,8448692324.8,8448692324.8,8448692324.8,0.0,3,SUR,3.43,
TQBR,2022-08-24,Сбербанк,SBER,96277,5940974237.7,130.6,127.85,131.64,128.15,129.64,128.15,45833690,129.62,129.62,128.15,5940974237.7,5940974237.7,5940974237.7,0.0,3,SUR,-1.71,
TQBR,2022-08-25,Сбербанк,SBER,75363,4630467612.5,128.15,127.1,129.81,128.18,128.38,128.18,36067720,128.38,128.38,128.18,4630467612.5,4630467612.5,4630467612.5,0.0,3,SUR,0.02,
TQBR,2022-08-26,Сбербанк,SBER,77584,4251007186.7,128.02,127.62,130.5,130.4,129.29,130.4,32879870,129.29,129.29,130.4,4251007186.7,4251007186.7,4251007186.7,0.0,3,SUR,1.73,
TQBR,2022-08-29,Сбербанк,SBER,89075,5342794309.5,130.12,129.52,131.4,131.17,130.59,131.17,40911490,130.59,130.59,131.17,5342794309.5,5342794309.5,5342794309.5,0.0,3,SUR,0.59,
TQBR,2022-08-30,Сбербанк,SBER,107183,6706724051.1,131.17,129.65,132.6,130.05,131.29,130.05,51084490,131.29,131.29,130.05,6706724051.1,6706724051.1,6706724051.1,0.0,3,SUR,-0.85,
TQBR,2022-08-31,Сбербанк,SBER,172254,14439588088.8,132.3,131.5,138.34,134.25,134.45,134.25,107450510,134.38,134.38,134.25,14439588088.8,14439588088.8,14439588088.8,0.0,3,SUR,3.23,
TQBR,2022-09-01,Сбербанк,SBER,104665,7406741299.8,133.99,132.02,138.22,138.2,134.81,138.2,54942470,134.81,134.81,138.2,7406741299.8,7406741299.8,7406741299.8,0.0,3,SUR,2.94,
TQBR,2022-09-02,Сбербанк,SBER,234069,19355155393.0,138.8,136.22,144.9,143.8,141.39,143.8,136891810,141.39,141.39,143.8,19355155393.0,19355155393.0,19355155393.0,0.0,3,SUR,4.05,
TQBR,2022-09-05,Сбербанк,SBER,167766,12371122690.1,143.5,139.11,145.1,141.0,141.21,141.0,87603050,141.22,141.22,141.0,12371122690.1,12371122690.1,12371122690.1,0.0,3,SUR,-1.95,
TQBR,2022-09-06,Сбербанк,SBER,163772,11990944909.2,140.9,135.22,141.07,137.23,138.34,137.23,86674520,138.34,138.34,137.23,11990944909.2,11990944909.2,11990944909.2,0.0,3,SUR,-2.67,
TQBR,2022-09-07,Сбербанк,SBER,115963,8339250748.2,136.96,135.41,139.19,136.86,137.26,136.86,60753730,137.26,137.26,136.86,8339250748.2,8339250748.2,8339250748.2,0.0,3,SUR,-0.27,
TQBR,2022-09-08,Сбербанк,SBER,108835,7829982200.8,136.69,134.0,137.4,134.51,135.59,134.51,57744420,135.6,135.6,134.51,7829982200.8,7829982200.8,7829982200.8,0.0,3,SUR,-1.72,
TQBR,2022-09-09,Сбербанк,SBER,103960,6696870325.8,134.41,134.23,138.47,138.15,136.35,138.15,49115280,136.35,136.35,138.15,6696870325.8,6696870325.8,6696870325.8,0.0,3,SUR,2.71,
TQBR,2022-09-12,Сбербанк,SBER,120078,7304865311.8,137.07,136.8,140.37,138.0,138.85,138.7,52610620,138.89,138.89,138.0,6952542999.5,6952542999.5,6952542999.5,0.0,3,SUR,0.4,
TQBR,2022-09-13,Сбербанк,SBER,95022,6135930533.9,138.7,136.15,139.37,137.43,137.63,137.0,44582700,137.65,137.65,137.43,5877220554.6,5877220554.6,5877220554.6,0.0,3,SUR,-1.23,
TQBR,2022-09-14,Сбербанк,SBER,127945,8599239020.7,136.6,135.2,139.29,139.1,136.85,138.9,62838520,136.73,136.73,139.1,8091830466.2,8091830466.2,8091830466.2,0.0,3,SUR,1.39,
TQBR,2022-09-15,Сбербанк,SBER,108963,7819974773.2,139.15,137.61,140.28,139.7,138.95,139.48,56243810,139.02,139.02,139.7,7555723971.4,7555723971.4,7555723971.4,0.0,3,SUR,0.42,
TQBR,2022-09-16,Сбербанк,SBER,136911,9983110793.7,139.37,136.8,141.39,137.8,139.04,137.73,71799280,139.08,139.08,137.8,9701062321.2,9701062321.2,9701062321.2,0.0,3,SUR,-1.25,
TQBR,2022-09-19,Сбербанк,SBER,73834,4590344282.8,137.4,137.07,139.08,137.85,137.96,138.04,33272190,137.97,137.97,137.85,4420996466.5,4420996466.5,4420996466.5,0.0,3,SUR,0.23,
TQBR,2022-09-20,Сбербанк,SBER,370021,27120994882.9,137.87,122.42,138.35,125.0,129.8,125.1,208947780,131.15,131.15,125.0,21391510081.3,21391510081.3,21391510081.3,0.0,3,SUR,-9.37,
TQBR,2022-09-21,Сбербанк,SBER,245603,16327145213.9,112.5,109.27,123.98,119.89,119.5,120.23,136625430,119.47,119.47,119.89,15772088940.0,15772088940.0,15772088940.0,0.0,3,SUR,-3.89,
TQBR,2022-09-22,Сбербанк,SBER,190112,14562188054.0,120.25,120.25,126.95,124.35,123.95,124.31,117479960,123.94,123.94,124.35,13959341448.5,13959341448.5,13959341448.5,0.0,3,SUR,3.39,
TQBR,2022-09-23,Сбербанк,SBER,169766,10311649883.2,124.49,117.35,124.5,118.61,120.03,119.39,85906070,120.07,120.07,118.61,9917726631.3,9917726631.3,9917726631.3,0.0,3,SUR,-3.96,
TQBR,2022-09-26,Сбербанк,SBER,276802,16617787749.1,114.0,105.0,117.99,110.08,111.8,107.06,148638170,112.07,112.07,110.08,15412447998.5,15412447998.5,15412447998.5,0.0,3,SUR,-10.33,
TQBR,2022-09-27,Сбербанк,SBER,166523,10025188385.2,110.0,107.07,113.89,111.9,110.19,112.92,90981060,109.92,109.92,111.9,8872274108.7,8872274108.7,8872274108.7,0.0,3,SUR,5.47,
TQBR,2022-09-28,Сбербанк,SBER,148079,8720766869.9,112.0,109.13,115.2,110.39,111.85,111.06,77969660,111.91,111.91,110.39,8120313716.9,8120313716.9,8120313716.9,0.0,3,SUR,-1.65,
TQBR,2022-09-29,Сбербанк,SBER,131846,7411211658.2,111.59,107.68,112.2,109.13,109.81,110.41,67487760,109.77,109.77,109.13,6350975941.6,6350975941.6,6350975941.6,0.0,3,SUR,-0.59,
TQBR,2022-09-30,Сбербанк,SBER,222212,14569420124.9,111.0,103.4,113.4,108.7,109.08,110.21,133569040,109.02,109.02,108.7,13662616604.8,13662616604.8,13662616604.8,0.0,3,SUR,-0.18,
TQBR,2022-10-03,Сбербанк,SBER,149577,8280923624.7,110.62,109.0,114.65,114.03,111.96,114.35,73960960,111.77,111.77,114.03,7629646368.6,7629646368.6,7629646368.6,0.0,3,SUR,3.76,
TQBR,2022-10-04,Сбербанк,SBER,132828,9371218814.4,115.06,110.3,115.5,111.26,112.14,110.55,83564680,112.2,112.2,111.26,8947834612.2,8947834612.2,8947834612.2,0.0,3,SUR,-3.32,
TQBR,2022-10-05,Сбербанк,SBER,150329,9776634296.1,110.49,106.25,110.49,109.0,108.13,108.51,90416920,108.08,108.08,109.0,9291607326.2,9291607326.2,9291607326.2,0.0,3,SUR,-1.85,
TQBR,2022-10-06,Сбербанк,SBER,98405,5630301035.4,108.65,107.57,110.38,108.55,108.81,108.24,51741480,108.84,108.84,108.55,5351459789.3,5351459789.3,5351459789.3,0.0,3,SUR,-0.25,
TQBR,2022-10-07,Сбербанк,SBER,176627,9560941533.5,107.7,101.3,108.48,103.83,105.08,101.5,90989490,105.99,105.99,103.83,7122520435.4,7122520435.4,7122520435.4,0.0,3,SUR,-6.23,
TQBR,2022-10-10,Сбербанк,SBER,236360,12100541809.1,96.55,96.5,106.77,106.39,103.01,106.71,117465350,102.82,102.82,106.39,11385261358.2,11385261358.2,11385261358.2,0.0,3,SUR,5.13,
TQBR,2022-10-11,Сбербанк,SBER,161914,8212972233.2,106.5,104.26,108.3,107.45,106.71,107.72,76962080,106.64,106.64,107.45,7645444281.7,7645444281.7,7645444281.7,0.0,3,SUR,0.95,
TQBR,2022-10-12,Сбербанк,SBER,114178,6748220830.6,108.27,105.25,108.5,106.13,106.48,105.9,63378400,106.51,106.51,106.13,6420209441.2,6420209441.2,6420209441.2,0.0,3,SUR,-1.69,
TQBR,2022-10-13,Сбербанк,SBER,100238,4973132486.8,105.72,104.8,107.3,106.56,106.14,106.5,46849810,106.13,106.13,106.56,4696887069.9,4696887069.9,4696887069.9,0.0,3,SUR,0.57,
TQBR,2022-10-14,Сбербанк,SBER,104933,5631814421.3,106.92,105.69,109.19,107.68,107.14,107.78,52565400,107.09,107.09,107.68,5140104050.1,5140104050.1,5140104050.1,0.0,3,SUR,1.2,
TQBR,2022-10-17,Сбербанк,SBER,142876,8680124454.5,107.93,107.65,112.76,112.1,110.58,112.44,78496550,110.44,110.44,112.1,8038035824.0,8038035824.0,8038035824.0,0.0,3,SUR,4.32,
TQBR,2022-10-18,Сбербанк,SBER,181538,11468880403.2,113.05,110.48,114.37,113.2,112.6,110.88,101854810,112.83,112.83,113.2,9247732639.1,9247732639.1,9247732639.1,0.0,3,SUR,-1.39,
TQBR,2022-10-19,Сбербанк,SBER,160685,10047779304.8,110.12,109.3,112.93,111.43,110.79,112.39,90693010,110.66,110.66,111.43,9105622882.0,9105622882.0,9105622882.0,0.0,3,SUR,1.36,
TQBR,2022-10-20,Сбербанк,SBER,186088,11611619802.2,112.75,112.37,117.2,116.06,115.29,116.98,100723600,115.2,115.2,116.06,10707069289.5,10707069289.5,10707069289.5,0.0,3,SUR,4.08,
TQBR,2022-10-21,Сбербанк,SBER,185601,11996337348.7,116.93,114.37,119.94,118.55,117.18,119.45,102382050,116.74,116.74,118.55,9981664941.9,9981664941.9,9981664941.9,0.0,3,SUR,2.11,
TQBR,2022-10-24,Сбербанк,SBER,161324,8899628781.0,120.15,117.65,121.68,118.9,119.39,118.8,74539310,119.42,119.42,118.9,8439972861.7,8439972861.7,8439972861.7,0.0,3,SUR,-0.54,
TQBR,2022-10-25,Сбербанк,SBER,231247,13988406291.3,118.84,118.3,125.2,124.69,122.54,124.36,114156750,122.41,122.41,124.69,13005462210.7,13005462210.7,13005462210.7,0.0,3,SUR,4.68,
TQBR,2022-10-26,Сбербанк,SBER,212260,13490587416.3,124.7,122.1,126.88,124.12,124.34,124.43,108495360,124.34,124.34,124.12,12797423263.5,12797423263.5,12797423263.5,0.0,3,SUR,0.06,
TQBR,2022-10-27,Сбербанк,SBER,171670,11099070231.0,124.75,123.68,127.5,127.17,126.25,126.61,87915140,126.21,126.21,127.17,10436388811.8,10436388811.8,10436388811.8,0.0,3,SUR,1.75,
TQBR,2022-10-28,Сбербанк,SBER,149544,9289876913.2,126.14,124.6,127.25,126.74,126.12,126.97,73660000,126.07,126.07,126.74,8611672405.6,8611672405.6,8611672405.6,0.0,3,SUR,0.28,
TQBR,2022-10-31,Сбербанк,SBER,139389,7705148783.6,127.2,125.41,128.6,126.19,126.81,126.72,60762870,126.84,126.84,126.19,7248841345.7,7248841345.7,7248841345.7,0.0,3,SUR,-0.2,
TQBR,2022-11-01,Сбербанк,SBER,80966,4678424679.9,127.2,126.12,127.97,127.1,127.07,127.05,36820880,127.05,127.05,127.1,4336068317.5,4336068317.5,4336068317.5,0.0,3,SUR,0.26,
TQBR,2022-11-02,Сбербанк,SBER,91488,5091797153.1,127.06,123.75,127.74,127.14,126.61,125.49,40216620,127.03,127.03,127.14,3425493623.3,3425493623.3,3425493623.3,0.0,3,SUR,-1.23,
TQBR,2022-11-03,Сбербанк,SBER,103937,5968383629.5,125.4,123.91,126.1,125.45,125.07,125.75,47720130,125.04,125.04,125.45,5481048131.3,5481048131.3,5481048131.3,0.0,3,SUR,0.21,
TQBR,2022-11-07,Сбербанк,SBER,189795,11884172361.2,127.09,126.5,132.0,131.63,129.58,132.0,91709630,129.38,129.38,131.63,10759954219.4,10759954219.4,10759954219.4,0.0,3,SUR,4.97,
TQBR,2022-11-08,Сбербанк,SBER,143560,9132676225.5,132.0,130.1,133.11,131.17,131.3,131.29,69556040,131.31,131.31,131.17,8245166160.3,8245166160.3,8245166160.3,0.0,3,SUR,-0.54,
TQBR,2022-11-09,Сбербанк,SBER,127792,8392114411.7,131.06,126.42,131.47,128.29,129.19,127.3,64961510,129.74,129.74,128.29,6289207487.2,6289207487.2,6289207487.2,0.0,3,SUR,-3.04,
TQBR,2022-11-10,Сбербанк,SBER,284549,22986670666.3,131.0,129.77,136.69,135.87,133.86,136.68,171748310,133.68,133.68,135.87,21438639450.5,21438639450.5,21438639450.5,0.0,3,SUR,7.37,
TQBR,2022-11-11,Сбербанк,SBER,167566,10343394282.0,137.9,135.13,138.42,136.74,136.62,136.98,75710240,136.59,136.59,136.74,9286173308.7,9286173308.7,9286173308.7,0.0,3,SUR,0.22,
TQBR,2022-11-14,Сбербанк,SBER,154294,11457421132.4,137.5,135.83,140.7,139.82,138.85,139.8,82521030,138.73,138.73,139.82,10408226226.3,10408226226.3,10408226226.3,0.0,3,SUR,2.06,
TQBR,2022-11-15,Сбербанк,SBER,230804,19905669470.0,140.49,130.86,141.0,137.9,136.78,135.66,145543250,138.74,138.74,137.9,10203880775.8,10203880775.8,10203880775.8,0.0,3,SUR,-2.96,
TQBR,2022-11-16,Сбербанк,SBER,125773,9275650502.9,136.99,136.32,139.73,139.0,138.26,139.18,67090170,138.2,138.2,139.0,8569311728.1,8569311728.1,8569311728.1,0.0,3,SUR,2.59,
TQBR,2022-11-17,Сбербанк,SBER,109573,8183196558.2,139.09,136.6,140.35,137.6,138.32,137.57,59160240,138.38,138.38,137.6,7549300911.8,7549300911.8,7549300911.8,0.0,3,SUR,-1.16,
TQBR,2022-11-18,Сбербанк,SBER,84057,6017150012.2,137.08,135.84,137.81,136.01,136.47,136.89,44076540,136.54,136.54,136.01,5336128209.0,5336128209.0,5336128209.0,0.0,3,SUR,-0.49,
TQBR,2022-11-21,Сбербанк,SBER,174869,11204179692.7,136.01,132.51,136.3,133.38,133.98,134.46,83599930,134.06,134.06,133.38,9244092171.1,9244092171.1,9244092171.1,0.0,3,SUR,-1.78,
TQBR,2022-11-22,Сбербанк,SBER,85039,6185848298.4,134.55,133.81,136.0,135.75,134.99,135.65,45822990,134.9,134.9,135.75,5413261332.4,5413261332.4,5413261332.4,0.0,3,SUR,0.89,
TQBR,2022-11-23,Сбербанк,SBER,103415,7131237802.3,135.7,134.5,137.55,136.87,136.35,136.59,52302020,136.32,136.32,136.87,6648870078.8,6648870078.8,6648870078.8,0.0,3,SUR,0.69,
TQBR,2022-11-24,Сбербанк,SBER,83293,5825797012.7,137.0,136.12,138.41,136.82,137.44,136.61,42388720,137.52,137.52,136.82,5251826851.6,5251826851.6,5251826851.6,0.0,3,SUR,0.01,
TQBR,2022-11-25,Сбербанк,SBER,62975,4032240523.4,137.2,135.41,137.24,136.33,136.14,136.53,29618830,136.12,136.12,136.33,3640518414.8,3640518414.8,3640518414.8,0.0,3,SUR,-0.06,
TQBR,2022-11-28,Сбербанк,SBER,98844,6119857086.1,135.02,134.1,136.2,135.77,135.17,135.53,45275110,135.13,135.13,135.77,5578827730.5,5578827730.5,5578827730.5,0.0,3,SUR,-0.73,
TQBR,2022-11-29,Сбербанк,SBER,69284,4322432923.7,136.29,135.88,137.2,136.85,136.58,136.37,31648090,136.6,136.6,136.85,3808849406.0,3808849406.0,3808849406.0,0.0,3,SUR,0.62,
TQBR,2022-11-30,Сбербанк,SBER,63115,3645274279.8,136.5,135.23,136.78,135.51,135.91,136.78,26816190,135.86,135.86,135.51,2679915826.3,2679915826.3,2679915826.3,0.0,3,SUR,0.3,
TQBR,2022-12-01,Сбербанк,SBER,69939,4528220086.5,137.1,136.31,137.95,136.47,136.98,137.15,33056500,137.0,137.0,136.47,3890903850.3,3890903850.3,3890903850.3,0.0,3,SUR,0.27,
TQBR,2022-12-02,Сбербанк,SBER,42822,2631801491.3,136.99,136.17,137.1,136.5,136.63,136.66,19261670,136.63,136.63,136.5,2287543522.5,2287543522.5,2287543522.5,0.0,3,SUR,-0.36,
TQBR,2022-12-05,Сбербанк,SBER,194980,14626342206.0,136.66,136.25,142.68,142.05,140.73,142.0,103930500,140.56,140.56,142.05,13038358597.2,13038358597.2,13038358597.2,0.0,3,SUR,3.91,
TQBR,2022-12-06,Сбербанк,SBER,93696,7320200569.4,142.2,139.11,143.37,141.6,141.24,140.61,51823300,141.48,141.48,141.6,5622643909.4,5622643909.4,5622643909.4,0.0,3,SUR,-0.98,
TQBR,2022-12-07,Сбербанк,SBER,114937,9820959841.6,140.5,138.36,142.81,142.24,140.53,142.32,69885670,140.37,140.37,142.24,8932686070.8,8932686070.8,8932686070.8,0.0,3,SUR,1.22,
TQBR,2022-12-08,Сбербанк,SBER,121144,9051030863.8,143.5,139.8,143.6,140.38,141.29,139.92,64056510,141.42,141.42,140.38,8181155939.9,8181155939.9,8181155939.9,0.0,3,SUR,-1.69,
TQBR,2022-12-09,Сбербанк,SBER,63362,4121787838.9,139.7,139.24,140.7,140.2,140.0,140.03,29441490,140.0,140.0,140.2,3633050731.1,3633050731.1,3633050731.1,0.0,3,SUR,0.08,
TQBR,2022-12-12,Сбербанк,SBER,71986,4674567348.3,140.19,138.7,140.87,139.32,139.63,139.48,33477470,139.64,139.64,139.32,4393885284.6,4393885284.6,4393885284.6,0.0,3,SUR,-0.39,
TQBR,2022-12-13,Сбербанк,SBER,101413,7204347001.0,139.67,136.67,139.93,138.38,138.01,138.13,52200510,138.01,138.01,138.38,6757318323.7,6757318323.7,6757318323.7,0.0,3,SUR,-0.97,
TQBR,2022-12-14,Сбербанк,SBER,67864,4682726701.5,138.28,136.6,138.28,137.6,137.43,137.3,34074890,137.4,137.4,137.6,4031577328.7,4031577328.7,4031577328.7,0.0,3,SUR,-0.6,
TQBR,2022-12-15,Сбербанк,SBER,105030,7425601043.9,136.99,134.3,137.08,135.49,135.52,134.55,54791650,135.57,135.57,135.49,6823898465.8,6823898465.8,6823898465.8,0.0,3,SUR,-2.0,
TQBR,2022-12-16,Сбербанк,SBER,65134,4438893679.0,134.5,134.13,136.09,135.73,135.32,135.45,32802120,135.32,135.32,135.73,4067258327.3,4067258327.3,4067258327.3,0.0,3,SUR,0.67,
TQBR,2022-12-19,Сбербанк,SBER,114359,7922461200.5,135.13,132.86,136.73,135.57,134.67,134.64,58826130,134.62,134.62,135.57,7159126301.7,7159126301.7,7159126301.7,0.0,3,SUR,-0.6,
TQBR,2022-12-20,Сбербанк,SBER,88250,6164921383.7,134.51,134.41,138.4,137.45,136.95,138.28,45017120,136.82,136.82,137.45,5258962348.5,5258962348.5,5258962348.5,0.0,3,SUR,2.7,
TQBR,2022-12-21,Сбербанк,SBER,91276,6272681336.7,138.7,135.81,139.12,137.29,137.74,137.75,45542340,137.77,137.77,137.29,5753624010.8,5753624010.8,5753624010.8,0.0,3,SUR,-0.38,
TQBR,2022-12-22,Сбербанк,SBER,69031,4219452712.4,137.99,137.0,138.97,137.86,138.07,137.69,30562140,138.1,138.1,137.86,3826989490.8,3826989490.8,3826989490.8,0.0,3,SUR,-0.04,
TQBR,2022-12-23,Сбербанк,SBER,53883,3151110861.8,137.49,136.81,138.26,137.89,137.56,137.94,22908110,137.53,137.53,137.89,2831913638.4,2831913638.4,2831913638.4,0.0,3,SUR,0.18,
TQBR,2022-12-26,Сбербанк,SBER,103692,6912819148.3,138.33,138.0,141.0,140.68,139.99,140.95,49379370,139.93,139.93,140.68,6386972346.2,6386972346.2,6386972346.2,0.0,3,SUR,2.18,
TQBR,2022-12-27,Сбербанк,SBER,94202,5856965521.6,141.31,139.6,142.0,140.3,140.83,139.9,41654530,140.7,140.7,140.3,5094482669.1,5094482669.1,5094482669.1,0.0,3,SUR,-0.74,
TQBR,2022-12-28,Сбербанк,SBER,68495,3911970512.0,139.73,138.6,140.4,139.55,139.46,139.51,28045010,139.49,139.49,139.55,3500065485.0,3500065485.0,3500065485.0,0.0,3,SUR,-0.28,
TQBR,2022-12-29,Сбербанк,SBER,71440,4513089042.4,139.5,139.22,141.65,140.44,140.77,140.96,32059860,140.77,140.77,140.44,4245820028.2,4245820028.2,4245820028.2,0.0,3,SUR,1.04,
TQBR,2022-12-30,Сбербанк,SBER,64331,3968971100.4,140.8,140.13,141.48,141.21,140.87,141.15,28175080,140.81,140.81,141.21,3321268244.7,3321268244.7,3321268244.7,0.0,3,SUR,0.13,
TQBR,2023-01-03,Сбербанк,SBER,55187,3000247965.4,141.6,141.56,143.25,141.65,142.2,141.78,21098550,142.25,142.25,141.65,2664723965.7,2664723965.7,2664723965.7,0.0,3,SUR,0.45,
TQBR,2023-01-04,Сбербанк,SBER,50172,2419428972.3,141.85,140.75,142.28,141.3,141.38,141.43,17112740,141.38,141.38,141.3,2119860552.9,2119860552.9,2119860552.9,0.0,3,SUR,-0.25,
TQBR,2023-01-05,Сбербанк,SBER,45764,2435171391.9,141.6,140.54,141.84,141.31,141.21,141.27,17245300,141.2,141.2,141.31,2112355476.8,2112355476.8,2112355476.8,0.0,3,SUR,-0.11,
TQBR,2023-01-06,Сбербанк,SBER,34184,1504730792.2,141.39,140.9,141.62,141.14,141.19,141.4,10657600,141.17,141.17,141.14,1265432105.4,1265432105.4,1265432105.4,0.0,3,SUR,0.09,
TQBR,2023-01-09,Сбербанк,SBER,75295,4480148303.4,141.83,141.65,142.99,142.43,142.46,142.4,31449160,142.47,142.47,142.43,4151011706.3,4151011706.3,4151011706.3,0.0,3,SUR,0.71,
TQBR,2023-01-10,Сбербанк,SBER,57403,3368938055.0,142.1,141.31,142.85,142.39,142.05,142.81,23718180,141.93,141.93,142.39,2785257783.7,2785257783.7,2785257783.7,0.0,3,SUR,0.29,
TQBR,2023-01-11,Сбербанк,SBER,208795,18097145617.6,142.97,142.87,149.98,148.66,146.97,149.96,123147040,146.71,146.71,148.66,16385503186.3,16385503186.3,16385503186.3,0.0,3,SUR,5.01,
TQBR,2023-01-12,Сбербанк,SBER,105583,6982668294.2,150.02,148.39,150.79,148.97,149.23,149.3,46789300,149.24,149.24,148.97,6561968861.0,6561968861.0,6561968861.0,0.0,3,SUR,-0.44,
TQBR,2023-01-13,Сбербанк,SBER,152707,13374657598.8,149.58,147.71,153.28,151.77,151.11,151.69,88520210,151.05,151.05,151.77,12570767592.3,12570767592.3,12570767592.3,0.0,3,SUR,1.6,
TQBR,2023-01-16,Сбербанк,SBER,107229,7920014161.8,152.89,151.88,154.0,153.34,153.03,153.71,51753920,152.95,152.95,,6776825409.2,6776825409.2,,0.0,3,SUR,1.33,
TQBR,2023-01-17,Сбербанк,SBER,157024,12790444010.5,154.0,150.01,154.31,151.02,151.54,150.45,84404770,151.72,151.72,,10664340881.2,10664340881.2,,0.0,3,SUR,-2.12,
TQBR,2023-01-18,Сбербанк,SBER,131481,10235015056.8,150.4,149.41,153.0,152.0,151.68,151.47,67511970,151.61,151.61,,9079519832.0,9079519832.0,,0.0,3,SUR,0.68,
TQBR,2023-01-19,Сбербанк,SBER,122069,10027708961.8,151.2,148.56,152.85,149.4,150.1,149.34,66813960,150.25,150.25,,8406019670.8,8406019670.8,,0.0,3,SUR,-1.41,
TQBR,2023-01-20,Сбербанк,SBER,86811,6633881321.1,149.7,148.64,151.4,150.33,149.91,151.38,44254820,149.75,149.75,,5633790526.9,5633790526.9,,0.0,3,SUR,1.37,
TQBR,2023-01-23,Сбербанк,SBER,118475,8453400896.7,151.9,151.01,154.1,153.54,153.15,153.5,55198870,153.1,153.1,,7514492140.6,7514492140.6,,0.0,3,SUR,1.4,
TQBR,2023-01-24,Сбербанк,SBER,153163,12126204920.9,153.95,152.28,155.58,153.12,154.02,152.66,78734130,154.14,154.14,,10961783636.4,10961783636.4,,0.0,3,SUR,-0.55,
TQBR,2023-01-25,Сбербанк,SBER,95683,6613609683.1,152.45,151.5,153.6,152.48,152.47,152.81,43376700,152.46,152.46,,5963827458.8,5963827458.8,,0.0,3,SUR,0.1,
TQBR,2023-01-26,Сбербанк,SBER,97132,6966980467.7,153.32,151.73,154.3,151.8,153.08,152.4,45513320,153.15,153.15,,6304603189.8,6304603189.8,,0.0,3,SUR,-0.27,
TQBR,2023-01-27,Сбербанк,SBER,80414,5213964676.6,152.4,151.69,153.48,153.14,152.79,153.2,34123690,152.74,152.74,,4469646928.7,4469646928.7,,0.0,3,SUR,0.52,
TQBR,2023-01-30,Сбербанк,SBER,67194,4760702156.6,153.5,152.21,153.88,153.4,153.04,153.38,31105220,153.02,153.02,,4290389252.3,4290389252.3,,0.0,3,SUR,0.12,
TQBR,2023-01-31,Сбербанк,SBER,132964,12127748512.5,153.51,153.3,158.18,157.0,155.69,158.07,77890320,155.23,155.23,,9738350069.8,9738350069.8,,0.0,3,SUR,3.06,
TQBR,2023-02-01,Сбербанк,SBER,116145,10480709146.9,158.2,156.5,159.6,157.22,158.01,158.29,66332200,158.04,158.04,,9310748707.5,9310748707.5,,0.0,3,SUR,0.14,
TQBR,2023-02-02,Сбербанк,SBER,99447,8572049477.0,158.4,157.37,160.29,159.36,159.13,159.45,53866380,159.08,159.08,,7447888846.7,7447888846.7,,0.0,3,SUR,0.73,
TQBR,2023-02-03,Сбербанк,SBER,123025,10193999216.9,159.1,157.88,162.32,160.96,159.94,161.26,63735330,159.56,159.56,,7963759339.1,7963759339.1,,0.0,3,SUR,1.14,
TQBR,2023-02-06,Сбербанк,SBER,169138,14666403495.3,161.78,161.01,167.17,166.27,164.64,167.09,89083530,164.4,164.4,,13102645142.0,13102645142.0,,0.0,3,SUR,3.62,
TQBR,2023-02-07,Сбербанк,SBER,178700,15345906260.6,167.3,163.4,168.7,165.02,165.61,165.39,92661570,165.72,165.72,,13813496621.8,13813496621.8,,0.0,3,SUR,-1.02,
TQBR,2023-02-08,Сбербанк,SBER,119028,9652989000.6,165.0,162.7,166.35,164.22,164.53,164.15,58669030,164.57,164.57,,8973731537.1,8973731537.1,,0.0,3,SUR,-0.75,
TQBR,2023-02-09,Сбербанк,SBER,196531,17608882957.8,164.33,161.27,167.47,165.03,164.26,165.31,107139220,164.31,164.31,,16778775516.7,16778775516.7,,0.0,3,SUR,0.71,
TQBR,2023-02-10,Сбербанк,SBER,93521,6774229866.8,165.0,164.5,166.49,165.51,165.53,165.52,40924680,165.53,165.53,,6079881291.8,6079881291.8,,0.0,3,SUR,0.13,
TQBR,2023-02-13,Сбербанк,SBER,95140,5995183185.7,165.2,164.17,166.88,165.25,165.56,164.32,36212200,165.68,165.68,,5063466686.5,5063466686.5,,0.0,3,SUR,-0.72,
TQBR,2023-02-14,Сбербанк,SBER,137917,9574244266.6,164.3,161.64,164.38,162.2,162.74,161.86,58832960,162.8,162.8,,8808623808.6,8808623808.6,,0.0,3,SUR,-1.5,
TQBR,2023-02-15,Сбербанк,SBER,201203,17992861042.9,160.94,153.83,161.12,157.21,158.1,156.25,113804160,159.34,159.34,,11596929037.8,11596929037.8,,0.0,3,SUR,-3.47,
TQBR,2023-02-16,Сбербанк,SBER,134175,10824261902.6,157.33,156.25,159.3,157.25,157.91,158.22,68549280,157.9,157.9,,9727623975.5,9727623975.5,,0.0,3,SUR,1.26,
TQBR,2023-02-17,Сбербанк,SBER,104513,8295150283.0,158.0,156.91,160.38,158.95,158.98,159.73,52179940,158.91,158.91,,7360229195.6,7360229195.6,,0.0,3,SUR,0.95,
TQBR,2023-02-20,Сбербанк,SBER,123754,10151613700.1,159.41,156.73,161.3,160.2,158.69,160.09,63971610,158.37,158.37,,8356088669.3,8356088669.3,,0.0,3,SUR,0.23,
TQBR,2023-02-21,Сбербанк,SBER,204888,20810057510.7,160.66,159.26,165.65,164.0,163.32,164.15,127422480,163.28,163.28,,19901333849.1,19901333849.1,,0.0,3,SUR,2.54,
TQBR,2023-02-22,Сбербанк,SBER,99089,7150966488.1,164.13,162.5,164.42,163.95,163.36,163.37,43772430,163.34,163.34,,6339272618.6,6339272618.6,,0.0,3,SUR,-0.48,
TQBR,2023-02-24,Сбербанк,SBER,88245,6199625787.6,163.33,163.1,165.5,164.0,164.33,164.3,37727230,164.36,164.36,,5506198030.2,5506198030.2,,0.0,3,SUR,0.57,
TQBR,2023-02-27,Сбербанк,SBER,199345,16780738615.2,163.52,162.96,170.0,169.55,167.59,169.95,100133280,167.44,167.44,,15635205193.6,15635205193.6,,0.0,3,SUR,3.44,
TQBR,2023-02-28,Сбербанк,SBER,164100,13727277947.9,170.5,168.37,171.92,169.9,170.01,169.82,80748140,170.01,170.01,,13151309853.0,13151309853.0,,0.0,3,SUR,-0.08,
TQBR,2023-03-01,Сбербанк,SBER,114761,9167860118.1,170.4,169.5,171.66,170.07,170.46,170.53,53784730,170.45,170.45,,8254088466.1,8254088466.1,,0.0,3,SUR,0.42,
TQBR,2023-03-02,Сбербанк,SBER,160590,14517746431.3,170.4,166.55,170.4,169.04,168.63,168.05,86095640,168.62,168.62,,13664166608.5,13664166608.5,,0.0,3,SUR,-1.45,
TQBR,2023-03-03,Сбербанк,SBER,105630,8415476818.0,168.17,167.9,171.26,170.3,169.78,171.16,49566770,169.55,169.55,,6780540786.7,6780540786.7,,0.0,3,SUR,1.85,
TQBR,2023-03-06,Сбербанк,SBER,114300,11111583412.4,172.14,171.35,172.99,172.21,172.05,171.84,64585290,172.05,172.05,,10353755782.2,10353755782.2,,0.0,3,SUR,0.4,
TQBR,2023-03-07,Сбербанк,SBER,103891,9555925415.8,171.87,171.0,174.2,173.71,172.84,174.01,55287380,172.68,172.68,,8271067036.0,8271067036.0,,0.0,3,SUR,1.26,
TQBR,2023-03-09,Сбербанк,SBER,156235,13943157257.4,174.85,172.21,174.89,173.46,173.44,172.55,80393110,173.47,173.47,,12823457847.3,12823457847.3,,0.0,3,SUR,-0.84,
TQBR,2023-03-10,Сбербанк,SBER,103332,8636905460.0,171.55,170.58,173.0,172.56,171.87,172.53,50256970,171.79,171.79,,7697226093.1,7697226093.1,,0.0,3,SUR,-0.01,
TQBR,2023-03-13,Сбербанк,SBER,129764,12709525433.5,172.5,169.26,173.9,172.2,171.68,172.15,74032280,171.59,171.59,,11017605125.3,11017605125.3,,0.0,3,SUR,-0.22,
TQBR,2023-03-14,Сбербанк,SBER,141502,15601317280.3,171.61,171.01,176.95,176.5,174.67,175.71,89325670,174.46,174.46,,12795637163.2,12795637163.2,,0.0,3,SUR,2.07,
TQBR,2023-03-15,Сбербанк,SBER,135726,14010359713.1,176.0,173.59,177.37,174.46,175.32,175.3,79930290,175.34,175.34,,12618963296.1,12618963296.1,,0.0,3,SUR,-0.23,
TQBR,2023-03-16,Сбербанк,SBER,96462,8999771334.6,174.94,173.36,176.04,175.29,174.64,175.45,51534160,174.57,174.57,,8068578713.8,8068578713.8,,0.0,3,SUR,0.09,
TQBR,2023-03-17,Сбербанк,SBER,515985,72487640689.1,183.0,178.56,193.66,191.4,186.71,193.59,388164850,186.37,186.37,,67920920802.8,67920920802.8,,0.0,3,SUR,10.34,
TQBR,2023-03-20,Сбербанк,SBER,276075,31309861829.0,196.02,195.0,205.09,199.0,199.78,203.73,156714250,198.6,198.6,,21809636211.6,21809636211.6,,0.0,3,SUR,5.24,
TQBR,2023-03-21,Сбербанк,SBER,221392,25112540900.7,204.76,201.25,208.0,204.64,204.85,203.32,122583960,205.02,205.02,,21989807860.2,21989807860.2,,0.0,3,SUR,-0.2,
TQBR,2023-03-22,Сбербанк,SBER,123240,11679333494.7,203.4,201.59,204.4,203.24,202.88,202.89,57568140,202.78,202.78,,10023887723.5,10023887723.5,,0.0,3,SUR,-0.21,
TQBR,2023-03-23,Сбербанк,SBER,66313,5415399866.5,202.53,202.22,204.2,203.17,203.2,202.58,26650230,203.27,203.27,,4528914070.2,4528914070.2,,0.0,3,SUR,-0.15,
TQBR,2023-03-24,Сбербанк,SBER,60612,4939230840.9,202.86,202.0,203.85,203.07,203.04,203.57,24325540,203.01,203.01,,4172586296.6,4172586296.6,,0.0,3,SUR,0.49,
TQBR,2023-03-27,Сбербанк,SBER,183447,21191264384.4,204.01,204.01,213.2,209.29,208.73,211.84,101521380,207.27,207.27,,13854725993.0,13854725993.0,,0.0,3,SUR,4.06,
TQBR,2023-03-28,Сбербанк,SBER,145523,15726501741.8,212.86,210.67,214.7,213.19,212.8,214.03,73901050,212.73,212.73,,14177600087.5,14177600087.5,,0.0,3,SUR,1.03,
TQBR,2023-03-29,Сбербанк,SBER,192894,20980171180.8,214.85,213.6,219.53,218.14,217.01,217.99,96682530,216.83,216.83,,18586786961.7,18586786961.7,,0.0,3,SUR,1.85,
TQBR,2023-03-30,Сбербанк,SBER,95110,8884287057.7,217.3,216.12,218.45,217.4,217.29,216.87,40886950,217.31,217.31,,7899564422.9,7899564422.9,,0.0,3,SUR,-0.51,
TQBR,2023-03-31,Сбербанк,SBER,169796,18878992953.8,217.2,211.3,217.35,215.5,214.32,216.6,88081360,214.09,214.09,,16520466040.0,16520466040.0,,0.0,3,SUR,-0.12,
TQBR,2023-04-03,Сбербанк,SBER,124818,11951820883.8,218.45,214.8,219.44,215.2,216.61,216.09,55175630,216.66,216.66,,10998867288.0,10998867288.0,,0.0,3,SUR,-0.24,
TQBR,2023-04-04,Сбербанк,SBER,118356,9882799399.6,216.2,213.8,217.29,214.29,215.77,214.83,45803380,215.87,215.87,,8892589931.7,8892589931.7,,0.0,3,SUR,-0.58,
TQBR,2023-04-05,Сбербанк,SBER,115578,9891663991.7,214.65,211.4,216.3,215.99,214.21,216.15,46177490,213.96,213.96,,8571849387.6,8571849387.6,,0.0,3,SUR,0.61,
TQBR,2023-04-06,Сбербанк,SBER,99111,8425126719.9,216.3,214.07,217.38,214.31,215.69,214.25,39061450,215.79,215.79,,7211825841.7,7211825841.7,,0.0,3,SUR,-0.88,
TQBR,2023-04-07,Сбербанк,SBER,84466,6286417581.4,214.5,213.65,216.39,216.15,215.3,216.27,29198130,215.13,215.13,,5164565652.7,5164565652.7,,0.0,3,SUR,0.94,
TQBR,2023-04-10,Сбербанк,SBER,188049,18737869518.4,217.1,216.61,222.26,220.95,219.94,222.21,85196000,219.66,219.66,,16214567677.4,16214567677.4,,0.0,3,SUR,2.75,
TQBR,2023-04-11,Сбербанк,SBER,194349,21743759463.1,222.9,217.62,223.33,218.94,220.66,218.6,98538370,220.8,220.8,,20057838828.3,20057838828.3,,0.0,3,SUR,-1.62,
TQBR,2023-04-12,Сбербанк,SBER,110370,9773616806.2,218.6,216.67,219.7,218.7,218.33,219.22,44767540,218.27,218.27,,9191310730.2,9191310730.2,,0.0,3,SUR,0.28,
TQBR,2023-04-13,Сбербанк,SBER,75677,7159179734.3,219.49,218.0,220.89,218.9,219.08,219.85,32672160,219.09,219.09,,6458489763.2,6458489763.2,,0.0,3,SUR,0.29,
TQBR,2023-04-14,Сбербанк,SBER,97024,9554306584.3,220.0,218.51,222.5,221.7,220.5,221.87,43316040,220.16,220.16,,7454001030.1,7454001030.1,,0.0,3,SUR,0.92,
TQBR,2023-04-17,Сбербанк,SBER,172575,17756638468.9,222.98,222.91,228.2,226.63,225.35,228.1,78797270,224.81,224.81,,14412225321.7,14412225321.7,,0.0,3,SUR,2.81,
TQBR,2023-04-18,Сбербанк,SBER,176248,22454901978.8,227.89,227.05,232.76,231.39,229.67,232.66,97770120,229.32,229.32,,19612365784.6,19612365784.6,,0.0,3,SUR,2.0,
TQBR,2023-04-19,Сбербанк,SBER,187538,27097765520.1,232.67,231.1,237.37,233.8,234.17,232.95,115713300,234.21,234.21,,24947078437.3,24947078437.3,,0.0,3,SUR,0.12,
TQBR,2023-04-20,Сбербанк,SBER,166292,19879696925.7,233.32,229.84,236.47,235.79,233.61,236.28,85093750,233.17,233.17,,16617427898.3,16617427898.3,,0.0,3,SUR,1.43,
TQBR,2023-04-21,Сбербанк,SBER,189645,27370731655.4,237.4,233.52,238.85,235.89,236.14,235.17,115905760,236.18,236.18,,26258042876.6,26258042876.6,,0.0,3,SUR,-0.47,
TQBR,2023-04-24,Сбербанк,SBER,68329,7185358111.2,235.07,234.1,236.4,235.14,235.3,235.1,30536770,235.31,235.31,,6698759804.4,6698759804.4,,0.0,3,SUR,-0.03,
TQBR,2023-04-25,Сбербанк,SBER,65347,7565048264.5,235.13,234.21,235.82,235.29,235.02,235.3,32187450,235.04,235.04,,6889686429.3,6889686429.3,,0.0,3,SUR,0.09,
TQBR,2023-04-26,Сбербанк,SBER,50819,5751047264.4,235.6,234.91,235.95,235.33,235.41,235.21,24430320,235.42,235.42,,4632955041.4,4632955041.4,,0.0,3,SUR,-0.04,
TQBR,2023-04-27,Сбербанк,SBER,112733,16307607839.2,235.59,235.13,240.74,239.49,238.73,240.38,68311610,238.56,238.56,,14441319149.3,14441319149.3,,0.0,3,SUR,2.2,
TQBR,2023-04-28,Сбербанк,SBER,95222,11892356487.7,240.9,237.66,241.58,240.41,239.85,240.38,49583350,239.83,239.83,,10584104836.2,10584104836.2,,0.0,3,SUR,0.0,
TQBR,2023-05-02,Сбербанк,SBER,154127,20364151649.6,242.2,237.4,245.0,240.15,242.47,242.62,83957810,242.63,242.63,,18216846955.6,18216846955.6,,0.0,3,SUR,0.93,
TQBR,2023-05-03,Сбербанк,SBER,149892,18372320194.5,242.85,234.0,242.99,238.0,239.18,235.77,76827180,240.39,240.39,,12753270479.9,12753270479.9,,0.0,3,SUR,-2.82,
TQBR,2023-05-04,Сбербанк,SBER,117319,12637521165.2,236.89,236.05,239.74,237.21,238.09,238.89,53079590,238.07,238.07,,11293702187.0,11293702187.0,,0.0,3,SUR,1.32,
TQBR,2023-05-05,Сбербанк,SBER,126821,14683897982.1,239.24,237.3,240.66,239.89,239.36,237.7,61366140,239.47,239.47,,11910997048.2,11910997048.2,,0.0,3,SUR,-0.5,
TQBR,2023-05-08,Сбербанк,SBER,91091,11420605923.6,238.69,237.36,239.86,238.9,238.6,238.27,47865890,238.67,238.67,,7902778119.9,7902778119.9,,0.0,3,SUR,0.24,
TQBR,2023-05-10,Сбербанк,SBER,330492,34751930179.7,216.5,215.7,227.5,222.7,221.51,227.06,156874740,220.73,220.73,,28876677762.9,28876677762.9,,0.0,3,SUR,-4.7,
TQBR,2023-05-11,Сбербанк,SBER,322710,45532596380.3,228.87,223.94,235.38,232.64,230.78,229.32,197302410,232.05,232.05,,30026671632.5,30026671632.5,,0.0,3,SUR,1.0,
TQBR,2023-05-12,Сбербанк,SBER,164967,16140281925.4,231.0,226.15,232.47,228.86,228.83,229.29,70528170,228.88,228.88,,13635080547.4,13635080547.4,,0.0,3,SUR,-0.01,
TQBR,2023-05-15,Сбербанк,SBER,108885,11295223379.6,230.51,228.52,231.75,231.15,230.07,231.7,49090190,229.92,229.92,,9479407708.4,9479407708.4,,0.0,3,SUR,1.05,
TQBR,2023-05-16,Сбербанк,SBER,94873,8446678565.3,232.4,229.57,232.86,230.48,230.53,230.62,36613690,230.7,230.7,,7331807911.9,7331807911.9,,0.0,3,SUR,-0.47,
TQBR,2023-05-17,Сбербанк,SBER,76969,7300922562.3,229.86,228.75,230.97,230.01,229.8,230.55,31770380,229.68,229.68,,6282237008.9,6282237008.9,,0.0,3,SUR,-0.03,
TQBR,2023-05-18,Сбербанк,SBER,122382,13063333221.1,231.7,230.72,234.49,231.96,232.32,231.7,56228190,232.41,232.41,,11903767144.9,11903767144.9,,0.0,3,SUR,0.5,
TQBR,2023-05-19,Сбербанк,SBER,79816,7309847108.3,230.99,229.81,232.3,230.89,231.03,231.27,31639980,231.05,231.05,,6481586403.5,6481586403.5,,0.0,3,SUR,-0.19,
TQBR,2023-05-22,Сбербанк,SBER,113577,6122461335.3,232.2,230.0,232.78,231.16,231.15,231.0,26487190,231.15,231.15,,5674842879.4,5674842879.4,,0.0,3,SUR,-0.12,
TQBR,2023-05-23,Сбербанк,SBER,125819,14730893977.2,231.25,230.21,237.29,236.01,233.78,236.43,63010540,232.87,232.87,,10522282344.9,10522282344.9,,0.0,3,SUR,2.35,
TQBR,2023-05-24,Сбербанк,SBER,173024,20714536176.6,237.49,236.26,246.13,242.87,240.86,246.06,86011970,239.88,239.88,,16113642156.0,16113642156.0,,0.0,3,SUR,4.07,
TQBR,2023-05-25,Сбербанк,SBER,152798,17342598158.4,246.1,242.65,247.4,244.85,244.66,243.76,70882360,244.71,244.71,,15840165005.3,15840165005.3,,0.0,3,SUR,-0.93,
TQBR,2023-05-26,Сбербанк,SBER,150126,17064289810.3,243.45,242.81,249.64,248.37,246.58,248.1,69202730,246.35,246.35,,15017108936.2,15017108936.2,,0.0,3,SUR,1.78,
TQBR,2023-05-29,Сбербанк,SBER,133878,17017721478.8,249.78,248.85,252.59,252.59,250.27,251.18,67999610,250.06,250.06,,14818100793.0,14818100793.0,,0.0,3,SUR,1.24,
TQBR,2023-05-30,Сбербанк,SBER,153572,20681901312.6,248.84,243.8,250.85,245.19,247.59,244.65,83533260,247.96,247.96,,17893028641.8,17893028641.8,,0.0,3,SUR,-2.6,
TQBR,2023-05-31,Сбербанк,SBER,180151,17794062792.6,244.0,240.27,247.18,245.91,244.05,246.17,72912500,243.94,243.94,,16690066724.0,16690066724.0,,0.0,3,SUR,0.62,
TQBR,2023-06-01,Сбербанк,SBER,160823,12670513593.5,247.0,240.57,247.0,242.39,243.45,241.66,52046910,244.09,244.09,,9216224171.9,9216224171.9,,0.0,3,SUR,-1.83,
TQBR,2023-06-02,Сбербанк,SBER,126194,11331232122.6,242.0,240.77,245.5,244.81,243.46,243.95,46542940,243.37,243.37,,9952202519.2,9952202519.2,,0.0,3,SUR,0.95,
TQBR,2023-06-05,Сбербанк,SBER,174382,18897132269.5,243.51,235.1,244.15,239.98,240.02,237.12,78742190,241.02,241.02,,14104187751.3,14104187751.3,,0.0,3,SUR,-2.8,
TQBR,2023-06-06,Сбербанк,SBER,233623,23816658058.8,235.92,232.54,242.1,240.66,236.65,240.91,100640180,236.13,236.13,,21190497950.6,21190497950.6,,0.0,3,SUR,1.6,
TQBR,2023-06-07,Сбербанк,SBER,140235,15268682081.7,241.2,238.56,244.39,241.17,241.86,241.25,63130930,241.9,241.9,,14129917677.9,14129917677.9,,0.0,3,SUR,0.14,
TQBR,2023-06-08,Сбербанк,SBER,76070,7222971807.9,241.3,239.55,242.78,241.5,241.21,241.77,29945470,241.18,241.18,,6558880540.6,6558880540.6,,0.0,3,SUR,0.22,
TQBR,2023-06-09,Сбербанк,SBER,77108,6659895379.3,242.8,240.11,243.0,241.2,241.57,240.4,27569100,241.73,241.73,,5727564282.2,5727564282.2,,0.0,3,SUR,-0.57,
TQBR,2023-06-13,Сбербанк,SBER,97120,9863948131.0,241.51,240.63,244.5,243.58,243.24,244.33,40551890,243.12,243.12,,8492150940.2,8492150940.2,,0.0,3,SUR,1.63,
TQBR,2023-06-14,Сбербанк,SBER,110642,12822239153.4,245.7,242.8,247.68,244.25,245.61,244.6,52205640,245.84,245.84,,11094747198.7,11094747198.7,,0.0,3,SUR,0.11,
TQBR,2023-06-15,Сбербанк,SBER,99607,9807475223.8,245.11,243.22,245.94,245.5,244.8,245.18,40063590,244.78,244.78,,9038287734.6,9038287734.6,,0.0,3,SUR,0.24,
TQBR,2023-06-16,Сбербанк,SBER,62790,5729888135.6,245.5,243.7,245.9,245.0,244.44,243.87,23441160,244.52,244.52,,4687558448.3,4687558448.3,,0.0,3,SUR,-0.53,
TQBR,2023-06-19,Сбербанк,SBER,90697,7239082414.0,244.47,241.32,244.69,242.58,242.55,242.28,29844240,242.6,242.6,,6599072365.2,6599072365.2,,0.0,3,SUR,-0.65,
TQBR,2023-06-20,Сбербанк,SBER,93036,8820107717.8,241.99,238.82,242.22,241.15,240.84,241.74,36621960,240.78,240.78,,8217957709.9,8217957709.9,,0.0,3,SUR,-0.22,
TQBR,2023-06-21,Сбербанк,SBER,72199,6509866591.4,241.9,240.6,243.92,243.39,242.65,242.2,26830770,242.59,242.59,,5755593908.4,5755593908.4,,0.0,3,SUR,0.19,
TQBR,2023-06-22,Сбербанк,SBER,70137,5590904541.9,242.15,240.13,242.8,242.03,241.68,240.66,23136750,241.85,241.85,,4168830087.0,4168830087.0,,0.0,3,SUR,-0.64,
TQBR,2023-06-23,Сбербанк,SBER,154014,14736944961.5,239.98,234.34,240.99,240.29,238.13,235.67,61886110,239.79,239.79,,6550127411.7,6550127411.7,,0.0,3,SUR,-2.07,
TQBR,2023-06-26,Сбербанк,SBER,173093,19509065518.1,239.6,233.4,240.5,237.55,237.87,238.4,82016390,238.83,238.83,,11126951620.5,11126951620.5,,0.0,3,SUR,1.16,
TQBR,2023-06-27,Сбербанк,SBER,108905,12350836600.0,239.02,236.8,242.34,241.32,239.98,241.21,51466410,239.77,239.77,,10594487259.8,10594487259.8,,0.0,3,SUR,1.18,
TQBR,2023-06-28,Сбербанк,SBER,71233,6793968901.0,241.8,238.6,241.8,240.08,240.0,239.67,28310570,240.0,240.0,,6230346094.8,6230346094.8,,0.0,3,SUR,-0.64,
TQBR,2023-06-29,Сбербанк,SBER,71401,6771141228.4,239.94,239.02,241.26,240.7,240.18,239.99,28192150,240.18,240.18,,6006524866.5,6006524866.5,,0.0,3,SUR,0.13,
TQBR,2023-06-30,Сбербанк,SBER,61109,5759887900.0,240.0,238.36,240.68,240.4,239.52,239.61,24051460,239.45,239.45,,5135543018.0,5135543018.0,,0.0,3,SUR,-0.16,
TQBR,2023-07-03,Сбербанк,SBER,109738,11469844958.6,240.0,239.15,244.56,243.82,242.35,243.33,47333310,242.2,242.2,,10171976455.4,10171976455.4,,0.0,3,SUR,1.55,
TQBR,2023-07-04,Сбербанк,SBER,86281,10055387487.4,243.4,240.61,243.78,242.55,241.95,240.7,41561500,242.13,242.13,,7885833758.7,7885833758.7,,0.0,3,SUR,-1.08,
TQBR,2023-07-05,Сбербанк,SBER,58229,4814047501.4,241.49,240.24,241.9,241.06,241.03,240.95,19972080,241.09,241.09,,4071959160.9,4071959160.9,,0.0,3,SUR,0.1,
TQBR,2023-07-06,Сбербанк,SBER,63055,5618736214.0,241.47,240.71,242.47,241.19,241.56,240.96,23260340,241.6,241.6,,5097805241.2,5097805241.2,,0.0,3,SUR,0.0,
TQBR,2023-07-07,Сбербанк,SBER,85534,7332444797.9,241.49,240.7,243.75,242.14,242.19,243.67,30275210,241.85,241.85,,5093439618.9,5093439618.9,,0.0,3,SUR,1.12,
TQBR,2023-07-10,Сбербанк,SBER,138935,16071729444.1,244.21,244.2,249.45,247.3,246.94,249.4,65076680,246.53,246.53,,12727550873.9,12727550873.9,,0.0,3,SUR,2.35,
TQBR,2023-07-11,Сбербанк,SBER,109742,12299322430.2,250.01,246.51,250.2,247.72,248.01,247.99,49590820,248.01,248.01,,11441350830.0,11441350830.0,,0.0,3,SUR,-0.57,
TQBR,2023-07-12,Сбербанк,SBER,83860,9753032391.9,248.4,246.1,249.2,248.0,248.06,247.52,39316540,248.44,248.44,,6800338173.2,6800338173.2,,0.0,3,SUR,-0.19,
TQBR,2023-07-13,Сбербанк,SBER,79508,7288359089.4,247.97,245.34,248.15,246.48,246.54,246.19,29561460,246.56,246.56,,6855946188.9,6855946188.9,,0.0,3,SUR,-0.54,
TQBR,2023-07-14,Сбербанк,SBER,73911,6311038243.1,246.32,244.51,247.05,246.79,245.93,246.45,25661560,245.81,245.81,,5314185883.9,5314185883.9,,0.0,3,SUR,0.11,
TQBR,2023-07-17,Сбербанк,SBER,125597,8878816493.1,244.77,243.6,246.2,246.2,245.32,245.39,36193390,245.28,245.28,,8171159057.7,8171159057.7,,0.0,3,SUR,-0.43,
TQBR,2023-07-18,Сбербанк,SBER,93342,8881118332.9,245.8,245.26,247.5,246.89,246.64,246.77,36008340,246.61,246.61,,7614385468.2,7614385468.2,,0.0,3,SUR,0.56,
TQBR,2023-07-19,Сбербанк,SBER,84206,7752930513.8,247.25,245.0,248.1,246.28,246.49,245.85,31451760,246.64,246.64,,6614430568.6,6614430568.6,,0.0,3,SUR,-0.37,
TQBR,2023-07-20,Сбербанк,SBER,114178,8801178563.7,246.27,242.15,246.27,244.7,244.3,242.7,36027010,244.69,244.69,,6342481616.1,6342481616.1,,0.0,3,SUR,-1.28,
TQBR,2023-07-21,Сбербанк,SBER,109319,7857419374.2,243.18,241.7,244.53,244.3,243.48,244.13,32271770,243.43,243.43,,7038832771.4,7038832771.4,,0.0,3,SUR,0.59,
TQBR,2023-07-24,Сбербанк,SBER,67159,4841185545.1,244.0,243.52,245.85,244.95,244.88,244.87,19769440,244.89,244.89,,4356315608.4,4356315608.4,,0.0,3,SUR,0.3,
TQBR,2023-07-25,Сбербанк,SBER,106037,9802524256.7,245.48,244.81,247.77,246.75,246.71,247.2,39733390,246.63,246.63,,8549058893.9,8549058893.9,,0.0,3,SUR,0.95,
TQBR,2023-07-26,Сбербанк,SBER,74271,6452766655.3,247.2,245.9,248.33,246.92,247.05,247.05,26119270,247.05,247.05,,6006336759.8,6006336759.8,,0.0,3,SUR,-0.06,
TQBR,2023-07-27,Сбербанк,SBER,101215,9888953807.4,247.5,247.24,249.3,248.53,248.51,247.95,39793470,248.55,248.55,,8729148850.3,8729148850.3,,0.0,3,SUR,0.36,
TQBR,2023-07-28,Сбербанк,SBER,105013,8882595853.3,248.0,246.67,249.45,249.29,248.28,249.25,35776620,248.14,248.14,,7478890802.9,7478890802.9,,0.0,3,SUR,0.52,
TQBR,2023-07-31,Сбербанк,SBER,323903,43588329451.2,251.33,251.33,267.77,264.9,259.57,267.4,167914420,257.85,257.85,,33366912804.6,33366912804.6,,0.0,3,SUR,7.28,
TQBR,2023-08-01,Сбербанк,SBER,308757,43867907028.7,269.0,264.1,273.35,268.5,269.16,268.5,162988910,269.25,269.25,,40282097349.0,40282097349.0,,0.0,3,SUR,0.41,
TQBR,2023-08-02,Сбербанк,SBER,123898,12994793534.9,268.5,266.52,269.97,268.45,268.39,268.57,48418320,268.35,268.35,,11402768488.0,11402768488.0,,0.0,3,SUR,0.03,
TQBR,2023-08-03,Сбербанк,SBER,184020,20410042951.8,269.0,266.8,271.35,268.86,269.4,269.11,75757120,269.43,269.43,,19045944195.5,19045944195.5,,0.0,3,SUR,0.2,
TQBR,2023-08-04,Сбербанк,SBER,262485,35356837729.0,269.48,261.21,272.96,264.28,267.43,264.12,132212230,268.33,268.33,,28776561883.8,28776561883.8,,0.0,3,SUR,-1.85,
TQBR,2023-08-07,Сбербанк,SBER,154420,16298932253.3,266.54,260.5,268.09,263.03,264.89,261.92,61531090,265.75,265.75,,12716378443.2,12716378443.2,,0.0,3,SUR,-0.83,
TQBR,2023-08-08,Сбербанк,SBER,141414,17041697177.0,261.92,258.8,265.44,263.52,261.68,264.62,65114820,261.44,261.44,,15431933170.4,15431933170.4,,0.0,3,SUR,1.03,
TQBR,2023-08-09,Сбербанк,SBER,91124,9249536249.7,265.47,263.05,265.8,263.78,264.35,263.91,34994150,264.34,264.34,,8622102026.8,8622102026.8,,0.0,3,SUR,-0.27,
TQBR,2023-08-10,Сбербанк,SBER,101300,9917152046.2,264.73,263.96,267.5,266.49,265.94,266.91,37292060,265.81,265.81,,8562113659.2,8562113659.2,,0.0,3,SUR,1.14,
TQBR,2023-08-11,Сбербанк,SBER,83802,6609842078.6,267.26,264.8,267.4,266.43,266.03,266.23,24846460,265.99,265.99,,5622392124.4,5622392124.4,,0.0,3,SUR,-0.25,
TQBR,2023-08-14,Сбербанк,SBER,187870,22902790188.0,267.37,259.15,268.77,262.8,264.1,260.45,86724810,265.04,265.04,,17941305131.6,17941305131.6,,0.0,3,SUR,-2.17,
TQBR,2023-08-15,Сбербанк,SBER,149361,15503423730.3,259.0,256.63,264.17,261.0,261.75,260.42,59232630,261.85,261.85,,13785598138.0,13785598138.0,,0.0,3,SUR,-0.01,
TQBR,2023-08-16,Сбербанк,SBER,174430,18480740234.3,261.29,254.33,261.68,256.61,257.32,256.02,71823620,257.42,257.42,,16019015387.0,16019015387.0,,0.0,3,SUR,-1.69,
TQBR,2023-08-17,Сбербанк,SBER,90999,9242381700.9,257.15,255.5,258.8,257.28,257.17,258.5,35937920,257.06,257.06,,7971237736.4,7971237736.4,,0.0,3,SUR,0.97,
TQBR,2023-08-18,Сбербанк,SBER,92565,8050824110.9,258.4,257.35,261.37,259.5,259.14,261.14,31064600,258.7,258.7,,5882202516.6,5882202516.6,,0.0,3,SUR,1.02,
TQBR,2023-08-21,Сбербанк,SBER,93965,9346055970.9,262.44,259.51,263.06,260.81,261.33,261.15,35766040,261.32,261.32,,8822755036.6,8822755036.6,,0.0,3,SUR,0.0,
TQBR,2023-08-22,Сбербанк,SBER,78196,6769122940.9,261.92,259.81,262.11,261.2,260.82,261.45,25953320,260.64,260.64,,5307811983.7,5307811983.7,,0.0,3,SUR,0.11,
TQBR,2023-08-23,Сбербанк,SBER,138876,13720905467.1,261.5,256.0,261.83,259.63,258.34,256.4,53116160,258.82,258.82,,9421778202.8,9421778202.8,,0.0,3,SUR,-1.93,
TQBR,2023-08-24,Сбербанк,SBER,69412,6959479100.0,257.63,256.4,259.94,258.34,257.95,259.63,26979270,257.67,257.67,,5470358215.1,5470358215.1,,0.0,3,SUR,1.26,
TQBR,2023-08-25,Сбербанк,SBER,80102,7426717866.2,258.8,257.61,261.6,261.0,259.87,260.5,28575150,259.76,259.76,,6361457277.2,6361457277.2,,0.0,3,SUR,0.34,
TQBR,2023-08-28,Сбербанк,SBER,147557,15334069568.9,261.32,260.81,267.83,267.0,264.85,266.93,57897070,264.61,264.61,,13662170639.5,13662170639.5,,0.0,3,SUR,2.47,
TQBR,2023-08-29,Сбербанк,SBER,97747,9425505447.3,266.7,265.14,267.56,266.47,266.2,265.68,35407330,266.22,266.22,,8646812697.2,8646812697.2,,0.0,3,SUR,-0.47,
TQBR,2023-08-30,Сбербанк,SBER,102279,10237031481.4,265.68,263.1,267.36,265.45,265.17,264.7,38604380,265.21,265.21,,9282350861.1,9282350861.1,,0.0,3,SUR,-0.37,
TQBR,2023-08-31,Сбербанк,SBER,80782,5993343768.2,265.04,264.3,266.25,265.4,265.38,264.85,22582290,265.44,265.44,,5478202142.0,5478202142.0,,0.0,3,SUR,0.06,
TQBR,2023-09-01,Сбербанк,SBER,55851,5100561546.5,265.4,264.06,265.62,265.0,264.76,265.0,19265170,264.74,264.74,,4337986307.4,4337986307.4,,0.0,3,SUR,0.06,
TQBR,2023-09-04,Сбербанк,SBER,110101,12877036020.6,266.5,266.0,269.11,267.17,267.48,267.39,48140770,267.52,267.52,,11752720357.6,11752720357.6,,0.0,3,SUR,0.9,
TQBR,2023-09-05,Сбербанк,SBER,102654,10571300705.4,266.74,261.09,267.98,265.51,265.55,264.75,39811860,266.39,266.39,,6918472361.6,6918472361.6,,0.0,3,SUR,-0.99,
TQBR,2023-09-06,Сбербанк,SBER,83975,7464966620.5,264.33,262.31,264.68,263.5,263.39,263.5,28341890,263.36,263.36,,6846542372.8,6846542372.8,,0.0,3,SUR,-0.47,
TQBR,2023-09-07,Сбербанк,SBER,165037,17586948788.7,263.69,256.1,264.97,257.9,259.79,258.79,67688600,259.96,259.96,,15900839621.4,15900839621.4,,0.0,3,SUR,-1.79,
TQBR,2023-09-08,Сбербанк,SBER,119240,12703139529.3,258.08,253.1,259.33,256.45,256.3,255.68,49562810,256.33,256.33,,11608302353.1,11608302353.1,,0.0,3,SUR,-1.2,
TQBR,2023-09-11,Сбербанк,SBER,109498,11118810652.0,257.0,255.16,258.37,256.27,256.9,256.25,43282460,257.04,257.04,,9441589551.2,9441589551.2,,0.0,3,SUR,0.22,
TQBR,2023-09-12,Сбербанк,SBER,109806,11734500325.7,257.7,257.09,262.4,260.75,259.78,262.4,45160820,259.39,259.39,,9426242805.4,9426242805.4,,0.0,3,SUR,2.4,
TQBR,2023-09-13,Сбербанк,SBER,84438,7819067326.6,262.4,257.59,262.77,259.47,260.22,258.18,30051360,260.54,260.54,,6394557750.7,6394557750.7,,0.0,3,SUR,-1.61,
TQBR,2023-09-14,Сбербанк,SBER,111222,11926823552.1,258.9,255.02,261.38,260.38,257.94,260.0,46227900,257.68,257.68,,10508767811.1,10508767811.1,,0.0,3,SUR,0.7,
TQBR,2023-09-15,Сбербанк,SBER,86323,9278013469.0,259.65,258.56,262.74,260.89,260.76,260.83,35581630,260.75,260.75,,8687721598.2,8687721598.2,,0.0,3,SUR,0.32,
TQBR,2023-09-18,Сбербанк,SBER,83338,7570774955.6,262.02,258.76,263.0,259.95,260.74,259.07,29037560,260.86,260.86,,6870125867.2,6870125867.2,,0.0,3,SUR,-0.67,
TQBR,2023-09-19,Сбербанк,SBER,196908,22788038781.3,258.99,251.5,259.32,253.6,254.47,252.72,89551540,254.61,254.61,,20810634266.0,20810634266.0,,0.0,3,SUR,-2.45,
TQBR,2023-09-20,Сбербанк,SBER,142652,16916624771.2,252.8,249.82,255.47,254.72,253.13,253.77,66831270,253.04,253.04,,15685199965.8,15685199965.8,,0.0,3,SUR,0.42,
TQBR,2023-09-21,Сбербанк,SBER,182699,14795034218.3,252.87,249.81,254.2,250.89,251.14,250.16,58913730,251.24,251.24,,13219355204.8,13219355204.8,,0.0,3,SUR,-1.42,
TQBR,2023-09-22,Сбербанк,SBER,90663,10243374236.0,249.85,248.62,253.1,252.1,251.58,251.99,40714900,251.53,251.53,,9188365422.1,9188365422.1,,0.0,3,SUR,0.73,
TQBR,2023-09-25,Сбербанк,SBER,102799,8008924561.2,252.0,249.83,253.49,253.0,251.31,252.65,31863690,251.21,251.21,,7243756065.7,7243756065.7,,0.0,3,SUR,0.26,
TQBR,2023-09-26,Сбербанк,SBER,97142,10912472469.6,252.13,250.9,257.17,255.51,253.97,255.87,42960400,253.71,253.71,,9562657989.6,9562657989.6,,0.0,3,SUR,1.27,
TQBR,2023-09-27,Сбербанк,SBER,75046,7148789525.8,256.2,254.63,257.85,256.16,256.41,256.1,27880630,256.48,256.48,,6493956077.8,6493956077.8,,0.0,3,SUR,0.09,
TQBR,2023-09-28,Сбербанк,SBER,71899,6771650933.6,256.4,255.5,258.25,257.67,257.17,257.67,26331160,257.14,257.14,,6094917239.5,6094917239.5,,0.0,3,SUR,0.61,
TQBR,2023-09-29,Сбербанк,SBER,138615,17870619137.4,258.0,256.71,262.59,261.7,260.75,260.72,68533310,260.75,260.75,,16517823790.1,16517823790.1,,0.0,3,SUR,1.18,
TQBR,2023-10-02,Сбербанк,SBER,97569,9234131821.3,261.37,257.03,261.92,258.0,259.57,258.98,35574470,259.85,259.85,,7756722520.1,7756722520.1,,0.0,3,SUR,-0.67,
TQBR,2023-10-03,Сбербанк,SBER,100698,6193849314.7,258.99,257.23,260.5,259.89,259.03,259.65,23911430,258.93,258.93,,5478215593.6,5478215593.6,,0.0,3,SUR,0.26,
TQBR,2023-10-04,Сбербанк,SBER,56512,4816207232.0,259.0,258.24,260.39,259.68,259.33,259.53,18571620,259.28,259.28,,3879692682.4,3879692682.4,,0.0,3,SUR,-0.05,
TQBR,2023-10-05,Сбербанк,SBER,76868,6111704653.5,260.7,258.26,261.39,259.05,260.05,259.38,23501620,260.22,260.22,,5274428327.0,5274428327.0,,0.0,3,SUR,-0.06,
TQBR,2023-10-06,Сбербанк,SBER,83397,8338546572.1,259.77,257.86,263.4,260.42,260.51,262.93,32001280,259.1,259.1,,4423401479.0,4423401479.0,,0.0,3,SUR,1.37,
TQBR,2023-10-09,Сбербанк,SBER,120406,12036758886.8,263.0,263.0,265.97,264.2,264.86,265.25,45447720,264.84,264.84,,10836772233.9,10836772233.9,,0.0,3,SUR,0.88,
TQBR,2023-10-10,Сбербанк,SBER,101633,8962447421.9,264.89,257.0,265.18,264.7,263.6,263.0,34001290,264.05,264.05,,6351907655.6,6351907655.6,,0.0,3,SUR,-0.85,
TQBR,2023-10-11,Сбербанк,SBER,94991,7743000723.4,263.3,259.5,263.99,263.49,262.53,260.21,29495790,263.12,263.12,,5012909289.8,5012909289.8,,0.0,3,SUR,-1.06,
TQBR,2023-10-12,Сбербанк,SBER,101666,7233267191.0,260.0,259.66,264.5,263.63,262.52,264.5,27549160,262.37,262.37,,6284264494.5,6284264494.5,,0.0,3,SUR,1.65,
TQBR,2023-10-13,Сбербанк,SBER,62631,4851837828.5,264.89,262.7,265.04,263.7,263.57,263.51,18408670,263.59,263.59,,4143844385.8,4143844385.8,,0.0,3,SUR,-0.37,
TQBR,2023-10-16,Сбербанк,SBER,146152,14344201420.1,264.0,263.51,269.2,268.0,267.0,268.15,53723180,266.88,266.88,,12899938902.9,12899938902.9,,0.0,3,SUR,1.76,
TQBR,2023-10-17,Сбербанк,SBER,151043,13825850433.3,268.3,266.91,271.97,270.46,269.96,270.0,51214360,269.93,269.93,,12988833459.6,12988833459.6,,0.0,3,SUR,0.69,
TQBR,2023-10-18,Сбербанк,SBER,99896,10845314693.3,270.0,266.11,271.19,268.4,268.59,267.9,40380530,268.61,268.61,,10146582483.6,10146582483.6,,0.0,3,SUR,-0.78,
TQBR,2023-10-19,Сбербанк,SBER,103110,9007682323.1,267.13,266.28,271.0,268.67,268.61,268.65,33532880,268.66,268.66,,7781935370.1,7781935370.1,,0.0,3,SUR,0.28,
TQBR,2023-10-20,Сбербанк,SBER,83672,8836450519.3,268.5,266.5,270.3,269.9,268.77,269.8,32879730,268.58,268.58,,7512444454.5,7512444454.5,,0.0,3,SUR,0.43,
TQBR,2023-10-23,Сбербанк,SBER,164784,16984291674.3,270.45,269.65,274.1,270.9,272.04,270.1,62432160,272.2,272.2,,15502657665.3,15502657665.3,,0.0,3,SUR,0.11,
TQBR,2023-10-24,Сбербанк,SBER,71912,7588324230.3,270.0,268.62,272.06,270.49,270.74,271.27,28029860,270.69,270.69,,6569216145.1,6569216145.1,,0.0,3,SUR,0.43,
TQBR,2023-10-25,Сбербанк,SBER,108400,11415367308.1,271.5,270.53,274.96,273.72,272.85,273.73,41830970,272.76,272.76,,9997418955.8,9997418955.8,,0.0,3,SUR,0.91,
TQBR,2023-10-26,Сбербанк,SBER,130564,16225541281.4,274.11,269.12,276.0,270.0,272.74,269.9,59497750,272.94,272.94,,14609123700.2,14609123700.2,,0.0,3,SUR,-1.4,
TQBR,2023-10-27,Сбербанк,SBER,111468,13403054524.8,269.93,266.8,271.98,270.01,269.23,269.7,49779630,269.16,269.16,,12135249339.0,12135249339.0,,0.0,3,SUR,-0.07,
TQBR,2023-10-30,Сбербанк,SBER,85740,9008697112.8,269.9,268.6,271.55,270.52,270.16,269.89,33345990,270.21,270.21,,7914197510.8,7914197510.8,,0.0,3,SUR,0.07,
TQBR,2023-10-31,Сбербанк,SBER,64190,7029773669.2,270.0,266.87,270.5,268.86,268.15,268.35,26210450,268.19,268.19,,6487626625.5,6487626625.5,,0.0,3,SUR,-0.57,
TQBR,2023-11-01,Сбербанк,SBER,67445,5549754579.7,268.29,267.6,270.3,269.0,269.27,269.68,20609480,269.28,269.28,,4909195402.2,4909195402.2,,0.0,3,SUR,0.5,
TQBR,2023-11-02,Сбербанк,SBER,73978,6944685370.1,270.0,268.5,270.98,268.52,269.69,269.06,25751530,269.77,269.77,,6106896624.9,6106896624.9,,0.0,3,SUR,-0.23,
TQBR,2023-11-03,Сбербанк,SBER,68091,5636878200.6,269.07,267.2,269.78,269.48,268.66,268.54,20981280,268.6,268.6,,4876845245.1,4876845245.1,,0.0,3,SUR,-0.19,
TQBR,2023-11-06,Сбербанк,SBER,83116,7958186555.7,269.0,268.62,273.87,272.5,271.85,273.42,29274160,271.54,271.54,,6466044598.0,6466044598.0,,0.0,3,SUR,1.82,
TQBR,2023-11-07,Сбербанк,SBER,86724,8823191181.7,273.01,272.2,274.78,273.89,273.33,273.31,32275170,273.35,273.35,,8082431066.7,8082431066.7,,0.0,3,SUR,-0.04,
TQBR,2023-11-08,Сбербанк,SBER,180374,16058628329.9,273.64,273.28,278.35,277.4,276.67,278.15,58032670,276.6,276.6,,14387924045.0,14387924045.0,,0.0,3,SUR,1.77,
TQBR,2023-11-09,Сбербанк,SBER,78959,7882378166.5,278.6,276.02,278.85,277.08,277.25,276.65,28430630,277.26,277.26,,6839916748.9,6839916748.9,,0.0,3,SUR,-0.54,
TQBR,2023-11-10,Сбербанк,SBER,108167,12486368414.0,276.99,276.6,281.3,280.0,279.69,280.19,44643290,279.62,279.62,,11186805255.0,11186805255.0,,0.0,3,SUR,1.28,
TQBR,2023-11-13,Сбербанк,SBER,119614,12987568839.3,280.4,280.32,284.8,283.54,283.02,283.97,45887770,282.92,282.92,,11408709893.1,11408709893.1,,0.0,3,SUR,1.35,
TQBR,2023-11-14,Сбербанк,SBER,101614,11420870892.9,283.7,280.54,283.88,282.4,282.1,280.87,40484810,282.16,282.16,,10552668490.5,10552668490.5,,0.0,3,SUR,-1.09,
TQBR,2023-11-15,Сбербанк,SBER,100324,11759519733.3,280.87,278.51,283.93,282.52,281.06,282.89,41837690,280.93,280.93,,10866027635.4,10866027635.4,,0.0,3,SUR,0.72,
TQBR,2023-11-16,Сбербанк,SBER,69036,6960894309.1,282.4,279.56,283.69,281.47,281.87,279.7,24696600,282.16,282.16,,5713043464.4,5713043464.4,,0.0,3,SUR,-1.13,
TQBR,2023-11-17,Сбербанк,SBER,86522,8802030848.8,279.7,278.66,282.5,282.0,281.01,281.6,31322320,280.92,280.92,,7843042861.3,7843042861.3,,0.0,3,SUR,0.68,
TQBR,2023-11-20,Сбербанк,SBER,85658,7159259895.1,281.96,281.61,284.2,282.84,283.07,282.91,25291010,283.07,283.07,,6580394791.1,6580394791.1,,0.0,3,SUR,0.47,
TQBR,2023-11-21,Сбербанк,SBER,67563,5398749981.4,282.3,281.66,283.82,283.18,282.65,282.79,19099390,282.65,282.65,,4934275674.4,4934275674.4,,0.0,3,SUR,-0.04,
TQBR,2023-11-22,Сбербанк,SBER,121271,13495087731.8,283.12,282.85,286.67,285.53,285.29,286.16,47296890,285.28,285.28,,12498571119.4,12498571119.4,,0.0,3,SUR,1.19,
TQBR,2023-11-23,Сбербанк,SBER,75608,7943750424.6,286.16,285.04,287.77,286.0,286.54,286.19,27724080,286.61,286.61,,7214041146.9,7214041146.9,,0.0,3,SUR,0.01,
TQBR,2023-11-24,Сбербанк,SBER,73824,7464158319.9,286.49,285.11,287.5,286.0,286.33,286.85,26067870,286.33,286.33,,6626235084.3,6626235084.3,,0.0,3,SUR,0.23,
TQBR,2023-11-27,Сбербанк,SBER,197671,22471824107.9,287.4,278.88,289.0,281.57,283.93,282.33,79146090,284.09,284.09,,20776621547.9,20776621547.9,,0.0,3,SUR,-1.58,
TQBR,2023-11-28,Сбербанк,SBER,114603,12723607276.7,282.4,277.32,282.51,280.06,279.59,279.91,45507410,279.56,279.56,,11678523856.3,11678523856.3,,0.0,3,SUR,-0.86,
TQBR,2023-11-29,Сбербанк,SBER,98546,8285652355.3,279.36,276.2,280.56,277.57,278.13,276.8,29820830,277.94,277.94,,7471713757.0,7471713757.0,,0.0,3,SUR,-1.11,
TQBR,2023-11-30,Сбербанк,SBER,136936,15391411364.4,276.7,272.75,278.65,276.8,275.45,277.5,55873540,275.02,275.02,,12340192154.7,12340192154.7,,0.0,3,SUR,0.25,
TQBR,2023-12-01,Сбербанк,SBER,103059,8726777005.9,277.0,273.55,277.98,275.09,275.68,273.97,31660970,275.81,275.81,,7696044396.0,7696044396.0,,0.0,3,SUR,-1.27,
TQBR,2023-12-04,Сбербанк,SBER,96303,10274823032.6,273.6,270.52,274.95,272.95,272.56,270.96,37700740,272.74,272.74,,8735339271.3,8735339271.3,,0.0,3,SUR,-1.1,
TQBR,2023-12-05,Сбербанк,SBER,101730,12898716767.4,271.98,270.54,279.65,276.56,275.07,279.62,46892570,274.21,274.21,,10222838351.9,10222838351.9,,0.0,3,SUR,3.2,
TQBR,2023-12-06,Сбербанк,SBER,192075,27232146023.6,279.92,266.83,280.79,269.24,272.31,267.58,100020030,273.05,273.05,,23193527715.4,23193527715.4,,0.0,3,SUR,-4.31,
TQBR,2023-12-07,Сбербанк,SBER,130692,16923520867.1,267.62,263.06,270.44,265.5,266.23,265.12,63564530,266.29,266.29,,16110886708.4,16110886708.4,,0.0,3,SUR,-0.92,
TQBR,2023-12-08,Сбербанк,SBER,89111,9405705680.8,266.0,263.72,268.23,265.3,265.96,265.16,35364310,266.07,266.07,,8548199668.5,8548199668.5,,0.0,3,SUR,0.02,
TQBR,2023-12-11,Сбербанк,SBER,182387,20147540396.1,265.17,254.81,266.47,257.2,259.41,256.89,77668070,259.8,259.8,,18033927346.6,18033927346.6,,0.0,3,SUR,-3.12,
TQBR,2023-12-12,Сбербанк,SBER,130217,16571022504.0,256.79,255.05,262.88,259.76,259.25,257.6,63932170,259.4,259.4,,14354742676.5,14354742676.5,,0.0,3,SUR,0.28,
TQBR,2023-12-13,Сбербанк,SBER,77808,7735550777.2,257.6,256.5,261.39,259.25,259.28,260.45,29836400,259.2,259.2,,6831980680.6,6831980680.6,,0.0,3,SUR,1.11,
TQBR,2023-12-14,Сбербанк,SBER,93833,10532813145.4,261.4,255.58,262.75,258.18,259.82,256.64,40549660,260.58,260.58,,8344598705.6,8344598705.6,,0.0,3,SUR,-1.46,
TQBR,2023-12-15,Сбербанк,SBER,168933,22341539421.4,256.6,256.6,268.91,267.1,263.87,268.21,84668740,263.49,263.49,,20426348248.5,20426348248.5,,0.0,3,SUR,4.51,
TQBR,2023-12-18,Сбербанк,SBER,121593,13852221892.9,268.93,266.54,270.44,269.4,268.43,268.4,51602470,268.47,268.47,,12345181424.3,12345181424.3,,0.0,3,SUR,0.07,
TQBR,2023-12-19,Сбербанк,SBER,83518,10231074172.7,268.38,265.0,269.71,267.78,267.2,267.35,38287810,267.19,267.19,,9390978779.1,9390978779.1,,0.0,3,SUR,-0.39,
TQBR,2023-12-20,Сбербанк,SBER,69403,8324805931.0,267.51,266.2,269.1,267.33,267.72,266.61,31094000,267.89,267.89,,7134157100.6,7134157100.6,,0.0,3,SUR,-0.28,
TQBR,2023-12-21,Сбербанк,SBER,82316,8829664891.8,266.4,263.5,266.87,265.8,265.15,265.19,33301420,265.09,265.09,,8083759513.1,8083759513.1,,0.0,3,SUR,-0.53,
TQBR,2023-12-22,Сбербанк,SBER,104039,15866126899.5,266.06,265.37,271.9,270.55,270.2,271.3,58724860,270.13,270.13,,14850427118.6,14850427118.6,,0.0,3,SUR,2.3,
TQBR,2023-12-25,Сбербанк,SBER,80497,10373920560.6,271.72,270.05,273.85,271.6,272.17,271.08,38115690,272.25,272.25,,9615046039.3,9615046039.3,,0.0,3,SUR,-0.08,
TQBR,2023-12-26,Сбербанк,SBER,59460,6150168906.6,271.0,270.0,272.89,271.91,271.28,271.9,22658320,271.37,271.37,,5574789533.5,5574789533.5,,0.0,3,SUR,0.3,
TQBR,2023-12-27,Сбербанк,SBER,62278,4676446141.7,271.9,270.85,272.59,271.55,271.82,271.08,17214050,271.75,271.75,,4053386703.6,4053386703.6,,0.0,3,SUR,-0.3,
TQBR,2023-12-28,Сбербанк,SBER,71989,7965183378.6,270.92,268.52,272.48,272.0,270.53,271.74,29439730,270.44,270.44,,7242865979.8,7242865979.8,,0.0,3,SUR,0.24,
TQBR,2023-12-29,Сбербанк,SBER,89524,5650210977.5,272.19,270.55,272.59,271.8,271.63,270.82,20810540,271.58,271.58,,4335191809.7,4335191809.7,,0.0,3,SUR,-0.34,
TQBR,2024-01-03,Сбербанк,SBER,50912,5631304882.5,271.9,271.0,274.7,273.64,273.55,274.56,20586020,273.48,273.48,,4994800046.8,4994800046.8,,0.0,3,SUR,1.38,
TQBR,2024-01-04,Сбербанк,SBER,33045,3218187919.1,274.67,273.7,275.48,274.04,274.37,274.12,11729380,274.42,274.42,,2822724226.4,2822724226.4,,0.0,3,SUR,-0.16,
TQBR,2024-01-05,Сбербанк,SBER,26234,2634959748.5,274.3,272.8,274.69,273.46,273.46,273.62,9635550,273.46,273.46,,2246292920.8,2246292920.8,,0.0,3,SUR,-0.18,
TQBR,2024-01-08,Сбербанк,SBER,70828,5924626062.4,273.6,273.53,277.0,275.81,275.7,276.76,21489440,275.61,275.61,,5204970401.3,5204970401.3,,0.0,3,SUR,1.15,
TQBR,2024-01-09,Сбербанк,SBER,40508,5601231460.4,276.97,274.71,278.0,276.0,275.7,275.28,20316030,275.71,275.71,,4962469596.0,4962469596.0,,0.0,3,SUR,-0.53,
TQBR,2024-01-10,Сбербанк,SBER,45305,5689654961.5,275.3,273.64,276.16,275.68,275.39,274.49,20660410,275.6,275.6,,4475122816.2,4475122816.2,,0.0,3,SUR,-0.29,
TQBR,2024-01-11,Сбербанк,SBER,39228,5370898109.7,274.78,274.01,275.97,275.9,274.84,275.71,19526030,274.98,274.98,,4739385878.1,4739385878.1,,0.0,3,SUR,0.44,
TQBR,2024-01-12,Сбербанк,SBER,40571,4882061544.1,276.0,274.77,276.96,275.4,276.08,275.84,17702040,275.81,275.81,,4226761973.6,4226761973.6,,0.0,3,SUR,0.05,
TQBR,2024-01-15,Сбербанк,SBER,50619,5915980754.2,276.45,275.21,277.73,276.1,276.25,275.96,21397690,276.52,276.52,,5426576195.4,5426576195.4,,0.0,3,SUR,0.04,
TQBR,2024-01-16,Сбербанк,SBER,48118,4434943891.0,276.22,274.1,276.45,275.7,275.71,276.01,16110240,275.17,275.17,,3871966955.5,3871966955.5,,0.0,3,SUR,0.02,
TQBR,2024-01-17,Сбербанк,SBER,84334,9523371870.2,276.02,275.75,279.17,277.7,278.01,278.0,34256680,278.0,278.0,,8889242643.0,8889242643.0,,0.0,3,SUR,0.72,
TQBR,2024-01-18,Сбербанк,SBER,56847,4914788384.0,278.24,276.76,278.87,277.78,277.66,277.07,17701680,277.78,277.78,,4044000232.1,4044000232.1,,0.0,3,SUR,-0.33,
TQBR,2024-01-19,Сбербанк,SBER,77733,7719165768.4,277.39,273.55,277.47,275.29,275.15,274.86,28052580,275.2,275.2,,7010989161.9,7010989161.9,,0.0,3,SUR,-0.8,
TQBR,2024-01-22,Сбербанк,SBER,54025,4149254623.1,274.86,273.85,275.9,275.01,275.03,274.93,15086860,275.03,275.03,,3608368099.4,3608368099.4,,0.0,3,SUR,0.03,
TQBR,2024-01-23,Сбербанк,SBER,45781,5551653286.2,274.7,274.31,277.26,276.0,276.32,275.9,20092540,276.34,276.34,,5044814697.1,5044814697.1,,0.0,3,SUR,0.35,
TQBR,2024-01-24,Сбербанк,SBER,49407,5547156811.6,275.9,273.7,276.44,274.1,274.57,273.77,20203730,274.62,274.62,,4926686253.4,4926686253.4,,0.0,3,SUR,-0.77,
TQBR,2024-01-25,Сбербанк,SBER,55026,6660096921.1,274.0,271.55,274.18,272.96,272.55,272.81,24436130,272.55,272.55,,6078858118.4,6078858118.4,,0.0,3,SUR,-0.35,
TQBR,2024-01-26,Сбербанк,SBER,34378,3039687676.7,273.1,272.21,273.72,273.12,273.08,272.65,11131250,273.13,273.13,,2532440217.1,2532440217.1,,0.0,3,SUR,-0.06,
TQBR,2024-01-29,Сбербанк,SBER,51155,4686446978.0,273.02,272.7,274.95,273.73,274.14,274.05,17095190,274.15,274.15,,4178976022.4,4178976022.4,,0.0,3,SUR,0.51,
TQBR,2024-01-30,Сбербанк,SBER,72144,7510055141.5,274.01,273.97,277.25,274.71,275.76,275.67,27236150,275.78,275.78,,6971668736.9,6971668736.9,,0.0,3,SUR,0.59,
TQBR,2024-01-31,Сбербанк,SBER,38489,3458231052.6,275.84,275.0,276.45,275.9,275.69,276.0,12543740,275.66,275.66,,3067447664.3,3067447664.3,,0.0,3,SUR,0.12,
TQBR,2024-02-01,Сбербанк,SBER,45483,4424105623.2,276.03,275.93,277.75,277.0,276.91,276.86,15976730,276.92,276.92,,3844014097.6,3844014097.6,,0.0,3,SUR,0.31,
TQBR,2024-02-02,Сбербанк,SBER,41139,3517688565.9,277.0,276.0,277.3,276.51,276.57,276.74,12718190,276.59,276.59,,2899319884.3,2899319884.3,,0.0,3,SUR,-0.04,
TQBR,2024-02-05,Сбербанк,SBER,47728,4459688600.3,277.0,276.9,278.57,277.26,277.71,277.84,16056990,277.74,277.74,,4131812969.7,4131812969.7,,0.0,3,SUR,0.4,
TQBR,2024-02-06,Сбербанк,SBER,55417,4441542937.6,278.0,277.3,278.99,278.75,278.27,278.67,15960270,278.24,278.24,,3873172824.7,3873172824.7,,0.0,3,SUR,0.3,
TQBR,2024-02-07,Сбербанк,SBER,94002,12797141132.2,278.82,278.81,284.5,282.22,282.05,284.41,45372390,281.86,281.86,,11183128746.0,11183128746.0,,0.0,3,SUR,2.06,
TQBR,2024-02-08,Сбербанк,SBER,102295,12521153866.4,284.52,281.25,286.24,282.82,283.7,282.17,44132450,283.94,283.94,,10680428250.5,10680428250.5,,0.0,3,SUR,-0.79,
TQBR,2024-02-09,Сбербанк,SBER,72289,6900413037.7,282.17,281.5,284.0,283.6,283.05,283.5,24378920,283.02,283.02,,6129947831.8,6129947831.8,,0.0,3,SUR,0.47,
TQBR,2024-02-12,Сбербанк,SBER,89808,9693906269.9,283.66,283.5,287.84,287.75,286.02,287.28,33890070,285.92,285.92,,8902963475.1,8902963475.1,,0.0,3,SUR,1.33,
TQBR,2024-02-13,Сбербанк,SBER,70460,9560948260.2,287.52,285.4,289.0,287.49,287.05,287.07,33307500,287.05,287.05,,8762403405.1,8762403405.1,,0.0,3,SUR,-0.07,
TQBR,2024-02-14,Сбербанк,SBER,84358,10376406284.2,287.07,286.84,290.6,289.7,289.26,289.06,35874260,289.27,289.27,,9342922520.5,9342922520.5,,0.0,3,SUR,0.69,
TQBR,2024-02-15,Сбербанк,SBER,66227,7491686110.6,289.3,287.63,290.45,290.0,289.1,290.24,25912290,289.01,289.01,,6681372723.8,6681372723.8,,0.0,3,SUR,0.41,
TQBR,2024-02-16,Сбербанк,SBER,103238,15460455301.4,290.47,286.25,292.3,288.0,289.27,288.33,53446950,289.39,289.39,,13874571027.6,13874571027.6,,0.0,3,SUR,-0.66,
TQBR,2024-02-19,Сбербанк,SBER,65730,7030472390.0,288.51,287.07,289.98,289.0,289.0,288.93,24327480,288.97,288.97,,6433605734.2,6433605734.2,,0.0,3,SUR,0.21,
TQBR,2024-02-20,Сбербанк,SBER,104220,12882360699.8,289.2,283.29,289.28,287.17,286.48,283.9,44972610,287.48,287.48,,8116226991.4,8116226991.4,,0.0,3,SUR,-1.74,
TQBR,2024-02-21,Сбербанк,SBER,100171,13832083001.2,283.9,280.2,285.28,281.55,282.78,282.0,48915360,282.92,282.92,,12465745553.6,12465745553.6,,0.0,3,SUR,-0.67,
TQBR,2024-02-22,Сбербанк,SBER,53972,7137276375.2,282.1,282.1,285.05,282.74,283.51,284.77,25175120,283.44,283.44,,5879216164.8,5879216164.8,,0.0,3,SUR,0.98,
TQBR,2024-02-26,Сбербанк,SBER,107862,12435377754.3,288.52,287.0,291.3,290.7,289.39,291.25,42969530,289.15,289.15,,10684619007.5,10684619007.5,,0.0,3,SUR,2.28,
TQBR,2024-02-27,Сбербанк,SBER,70723,9488019001.0,291.35,290.55,293.0,292.52,291.89,292.52,32504830,291.82,291.82,,8471954142.0,8471954142.0,,0.0,3,SUR,0.44,
TQBR,2024-02-28,Сбербанк,SBER,101828,14423329993.4,292.6,289.75,293.95,292.81,292.38,291.75,49330680,292.42,292.42,,13395440007.8,13395440007.8,,0.0,3,SUR,-0.26,
TQBR,2024-02-29,Сбербанк,SBER,50531,6562891480.7,292.31,291.3,293.2,293.0,292.48,292.19,22436940,292.5,292.5,,5509450425.3,5509450425.3,,0.0,3,SUR,0.15,
TQBR,2024-03-01,Сбербанк,SBER,60691,7970692143.2,292.2,292.2,295.88,294.44,293.78,295.38,27129280,293.43,293.43,,6117845649.7,6117845649.7,,0.0,3,SUR,1.09,
TQBR,2024-03-04,Сбербанк,SBER,108656,12107585572.0,295.87,295.8,299.5,298.97,298.1,299.17,40609910,298.06,298.06,,11069720301.9,11069720301.9,,0.0,3,SUR,1.28,
TQBR,2024-03-05,Сбербанк,SBER,103489,12488922816.8,299.33,297.57,300.41,298.7,299.07,298.4,41756340,299.14,299.14,,11454098232.1,11454098232.1,,0.0,3,SUR,-0.26,
TQBR,2024-03-06,Сбербанк,SBER,39646,5293866478.8,298.2,296.82,299.33,298.15,298.16,297.71,17756170,298.16,298.16,,4707375353.6,4707375353.6,,0.0,3,SUR,-0.23,
TQBR,2024-03-07,Сбербанк,SBER,59590,6570159861.5,297.72,297.24,300.58,299.38,298.84,300.4,21982790,298.62,298.62,,4967156582.4,4967156582.4,,0.0,3,SUR,0.9,
TQBR,2024-03-11,Сбербанк,SBER,102432,12573478353.0,301.0,298.5,302.95,300.05,300.94,299.79,41781940,301.03,301.03,,11400838834.1,11400838834.1,,0.0,3,SUR,-0.2,
TQBR,2024-03-12,Сбербанк,SBER,78940,8607354015.3,299.6,297.34,301.07,300.4,299.47,300.9,28743980,299.28,299.28,,7645297424.4,7645297424.4,,0.0,3,SUR,0.37,
TQBR,2024-03-13,Сбербанк,SBER,53415,7202085490.6,301.2,298.7,301.49,300.1,299.95,298.85,24012100,300.05,300.05,,6125283309.1,6125283309.1,,0.0,3,SUR,-0.68,
TQBR,2024-03-14,Сбербанк,SBER,113580,12524056211.8,298.5,295.14,298.7,296.28,296.75,295.83,42205930,296.79,296.79,,11568603448.0,11568603448.0,,0.0,3,SUR,-1.01,
TQBR,2024-03-15,Сбербанк,SBER,54631,7760549517.4,295.71,295.29,299.44,298.6,297.98,298.3,26040280,297.95,297.95,,6674212979.6,6674212979.6,,0.0,3,SUR,0.83,
TQBR,2024-03-18,Сбербанк,SBER,60437,6067059310.3,299.4,297.63,299.98,299.11,299.17,298.87,20281860,299.14,299.14,,5420638046.8,5420638046.8,,0.0,3,SUR,0.19,
TQBR,2024-03-19,Сбербанк,SBER,115162,17713321524.8,298.3,294.21,299.4,295.7,296.61,295.2,59714940,296.75,296.75,,15811248268.8,15811248268.8,,0.0,3,SUR,-1.23,
TQBR,2024-03-20,Сбербанк,SBER,72812,9072637303.8,295.3,293.52,296.88,295.0,295.53,295.4,30703230,295.52,295.52,,8236879861.1,8236879861.1,,0.0,3,SUR,0.07,
TQBR,2024-03-21,Сбербанк,SBER,163677,20813977282.9,295.99,291.8,297.3,295.99,294.49,295.62,70680800,294.39,294.39,,19677464505.3,19677464505.3,,0.0,3,SUR,0.07,
TQBR,2024-03-22,Сбербанк,SBER,114381,14416754330.6,295.77,291.05,296.79,295.44,294.39,292.99,48982100,295.74,295.74,,7148071895.2,7148071895.2,,0.0,3,SUR,-0.89,
TQBR,2024-03-25,Сбербанк,SBER,59812,7506770037.9,294.0,292.13,294.93,294.3,293.57,293.9,25567820,293.56,293.56,,6759903940.9,6759903940.9,,0.0,3,SUR,0.31,
TQBR,2024-03-26,Сбербанк,SBER,43562,4794328486.1,294.5,293.04,295.82,293.84,294.23,294.11,16295560,294.23,294.23,,4310255308.3,4310255308.3,,0.0,3,SUR,0.07,
TQBR,2024-03-27,Сбербанк,SBER,42513,4286276310.5,294.47,293.47,295.11,294.92,294.37,295.1,14560090,294.31,294.31,,3613639475.7,3613639475.7,,0.0,3,SUR,0.34,
TQBR,2024-03-28,Сбербанк,SBER,76906,10034947247.5,295.5,295.5,299.3,298.69,298.0,299.0,33675160,297.9,297.9,,9111499390.9,9111499390.9,,0.0,3,SUR,1.32,
TQBR,2024-03-29,Сбербанк,SBER,42483,5288501325.2,299.38,298.0,299.5,298.9,298.7,298.72,17705950,298.66,298.66,,4541370113.0,4541370113.0,,0.0,3,SUR,-0.09,
TQBR,2024-04-01,Сбербанк,SBER,80263,8612449823.1,300.0,299.5,301.65,299.76,300.42,300.43,28662870,300.51,300.51,,7898541060.6,7898541060.6,,0.0,3,SUR,0.57,
TQBR,2024-04-02,Сбербанк,SBER,64413,5995530685.0,300.43,298.95,300.99,300.55,300.07,300.38,19980460,300.05,300.05,,5126520859.0,5126520859.0,,0.0,3,SUR,-0.02,
TQBR,2024-04-03,Сбербанк,SBER,125661,17732924741.7,300.4,300.17,307.13,306.2,304.56,306.72,58228980,304.3,304.3,,15785643591.2,15785643591.2,,0.0,3,SUR,2.11,
TQBR,2024-04-04,Сбербанк,SBER,73338,8884912105.9,306.8,304.36,307.77,305.94,305.6,304.61,29074900,305.67,305.67,,7681194690.1,7681194690.1,,0.0,3,SUR,-0.69,
TQBR,2024-04-05,Сбербанк,SBER,38305,5915523146.6,304.62,303.7,306.5,305.7,305.62,306.1,19355990,305.54,305.54,,5089553885.7,5089553885.7,,0.0,3,SUR,0.49,
TQBR,2024-04-08,Сбербанк,SBER,69309,7656859212.5,306.5,306.22,308.6,306.92,307.52,307.75,24899610,307.52,307.52,,6957366610.1,6957366610.1,,0.0,3,SUR,0.54,
TQBR,2024-04-09,Сбербанк,SBER,78703,9857166056.7,308.1,305.51,309.35,307.03,307.63,306.76,32044440,307.66,307.66,,9206275083.6,9206275083.6,,0.0,3,SUR,-0.32,
TQBR,2024-04-10,Сбербанк,SBER,50352,6331291824.7,306.76,304.62,307.14,306.89,306.1,306.48,20682180,306.07,306.07,,5667420220.5,5667420220.5,,0.0,3,SUR,-0.09,
TQBR,2024-04-11,Сбербанк,SBER,51351,6298575558.1,306.7,305.7,308.0,307.33,306.83,306.95,20527000,306.83,306.83,,5854311697.2,5854311697.2,,0.0,3,SUR,0.15,
TQBR,2024-04-12,Сбербанк,SBER,54625,4920099637.9,307.4,306.3,307.87,306.8,307.08,307.1,16025300,307.02,307.02,,4094768735.4,4094768735.4,,0.0,3,SUR,0.05,
TQBR,2024-04-15,Сбербанк,SBER,49642,6381167168.7,307.47,306.64,308.39,308.0,307.56,307.99,20746510,307.55,307.55,,5698540215.7,5698540215.7,,0.0,3,SUR,0.29,
TQBR,2024-04-16,Сбербанк,SBER,52753,5273954891.3,308.0,307.0,308.65,307.97,307.77,308.29,17135850,307.73,307.73,,4712320394.5,4712320394.5,,0.0,3,SUR,0.1,
TQBR,2024-04-17,Сбербанк,SBER,59080,8679485717.7,308.65,305.91,309.74,306.43,307.47,306.59,28227330,307.56,307.56,,8023360988.2,8023360988.2,,0.0,3,SUR,-0.55,
TQBR,2024-04-18,Сбербанк,SBER,37902,6264315854.3,306.01,305.05,308.29,308.16,307.27,307.99,20387560,307.19,307.19,,5717134199.1,5717134199.1,,0.0,3,SUR,0.46,
TQBR,2024-04-19,Сбербанк,SBER,38080,4482220740.8,308.0,306.8,308.38,307.9,307.43,307.38,14578320,307.41,307.41,,3774031353.4,3774031353.4,,0.0,3,SUR,-0.2,
TQBR,2024-04-22,Сбербанк,SBER,138656,21503352871.0,308.0,307.38,315.0,313.3,311.56,314.99,69006740,310.9,310.9,,16539417557.8,16539417557.8,,0.0,3,SUR,2.48,
TQBR,2024-04-23,Сбербанк,SBER,214274,28881328913.5,315.39,306.26,315.79,308.3,311.03,307.39,92863630,311.39,311.39,,25855606516.0,25855606516.0,,0.0,3,SUR,-2.41,
TQBR,2024-04-24,Сбербанк,SBER,70305,8189808740.4,307.5,306.65,309.79,307.86,308.38,307.94,26557490,308.4,308.4,,7689417897.4,7689417897.4,,0.0,3,SUR,0.18,
TQBR,2024-04-25,Сбербанк,SBER,45014,4916605561.8,307.95,307.45,309.07,308.4,308.32,308.41,15946760,308.3,308.3,,4531501038.0,4531501038.0,,0.0,3,SUR,0.15,
TQBR,2024-04-26,Сбербанк,SBER,58444,6538760959.0,308.5,308.0,309.9,309.15,309.21,309.0,21146360,309.2,309.2,,5929706756.4,5929706756.4,,0.0,3,SUR,0.19,
TQBR,2024-04-27,Сбербанк,SBER,40803,4055173632.8,309.25,308.7,309.99,309.47,309.29,308.98,13111060,309.35,309.35,,3372732625.9,3372732625.9,,0.0,3,SUR,-0.01,
TQBR,2024-04-29,Сбербанк,SBER,32822,3092125081.6,309.14,307.65,309.6,308.38,308.43,308.97,10025690,308.38,308.38,,2608023957.8,2608023957.8,,0.0,3,SUR,0.0,
TQBR,2024-04-30,Сбербанк,SBER,21373,1844647205.8,309.19,308.03,309.49,308.43,308.43,308.24,5980690,308.43,308.43,,1604081253.6,1604081253.6,,0.0,3,SUR,-0.24,
TQBR,2024-05-02,Сбербанк,SBER,54004,5006399567.2,308.7,306.8,309.19,307.1,307.86,307.37,16262520,307.89,307.89,,4554665271.2,4554665271.2,,0.0,3,SUR,-0.28,
TQBR,2024-05-03,Сбербанк,SBER,95641,9339424027.0,307.11,304.34,308.29,307.84,306.54,307.53,30466990,306.35,306.35,,7995452262.4,7995452262.4,,0.0,3,SUR,0.05,
TQBR,2024-05-06,Сбербанк,SBER,47914,5890819811.7,308.1,305.55,308.1,306.97,306.76,306.01,19203550,306.86,306.86,,5041987630.6,5041987630.6,,0.0,3,SUR,-0.49,
TQBR,2024-05-07,Сбербанк,SBER,43471,5112444401.6,306.23,306.21,308.87,308.39,307.67,308.22,16616810,307.55,307.55,,4444353040.9,4444353040.9,,0.0,3,SUR,0.72,
TQBR,2024-05-08,Сбербанк,SBER,93120,10529373347.6,308.41,308.08,311.83,310.9,310.76,311.21,33881400,310.75,310.75,,9887663871.9,9887663871.9,,0.0,3,SUR,0.97,
TQBR,2024-05-10,Сбербанк,SBER,40164,5230529723.5,311.5,311.31,313.5,312.98,312.91,313.49,16715650,312.87,312.87,,4583381272.2,4583381272.2,,0.0,3,SUR,0.73,
TQBR,2024-05-13,Сбербанк,SBER,65120,6839146524.5,314.1,314.04,315.7,315.01,314.9,314.85,21712460,314.99,314.99,,6088199033.2,6088199033.2,,0.0,3,SUR,0.43,
TQBR,2024-05-14,Сбербанк,SBER,71637,11154192130.2,315.0,313.58,318.41,318.1,316.44,318.12,35247320,316.29,316.29,,10115175110.5,10115175110.5,,0.0,3,SUR,1.04,
TQBR,2024-05-15,Сбербанк,SBER,59824,9056860789.1,318.2,317.7,320.16,320.0,319.45,319.7,28351820,319.43,319.43,,8346279400.6,8346279400.6,,0.0,3,SUR,0.5,
TQBR,2024-05-16,Сбербанк,SBER,63274,8952630927.5,320.0,320.0,322.91,322.18,321.48,322.91,27847220,321.36,321.36,,7886044710.9,7886044710.9,,0.0,3,SUR,1.0,
TQBR,2024-05-17,Сбербанк,SBER,58437,7859033926.8,322.96,320.02,323.5,322.96,322.11,323.16,24398590,322.02,322.02,,6884219076.6,6884219076.6,,0.0,3,SUR,0.08,
TQBR,2024-05-20,Сбербанк,SBER,87326,11817360016.0,324.0,318.94,324.85,320.94,321.68,321.08,36736790,321.94,321.94,,9712221084.2,9712221084.2,,0.0,3,SUR,-0.64,
TQBR,2024-05-21,Сбербанк,SBER,91181,10876485461.1,320.88,318.0,322.23,319.8,319.73,320.64,34019460,319.69,319.69,,10054879572.6,10054879572.6,,0.0,3,SUR,-0.14,
TQBR,2024-05-22,Сбербанк,SBER,44770,6011980649.9,320.8,320.8,323.1,322.86,322.32,322.93,18651840,322.26,322.26,,5358043582.0,5358043582.0,,0.0,3,SUR,0.71,
TQBR,2024-05-23,Сбербанк,SBER,41634,5768287058.1,322.8,321.23,324.0,323.9,322.87,323.54,17865490,322.79,322.79,,5175692528.6,5175692528.6,,0.0,3,SUR,0.19,
TQBR,2024-05-24,Сбербанк,SBER,69257,8554310667.2,323.83,319.78,324.48,321.3,321.65,321.0,26594700,321.69,321.69,,7871796410.4,7871796410.4,,0.0,3,SUR,-0.79,
TQBR,2024-05-27,Сбербанк,SBER,119194,14541663957.6,321.01,315.5,321.95,316.44,318.12,317.09,45712960,318.28,318.28,,12628115366.8,12628115366.8,,0.0,3,SUR,-1.22,
TQBR,2024-05-28,Сбербанк,SBER,115943,9627673836.0,317.5,315.82,320.9,317.78,318.96,318.22,30187790,319.14,319.14,,8209661449.8,8209661449.8,,0.0,3,SUR,0.36,
TQBR,2024-05-29,Сбербанк,SBER,58182,7313974807.4,318.25,315.92,320.4,320.35,318.14,320.38,22989260,317.89,317.89,,6438179637.0,6438179637.0,,0.0,3,SUR,0.68,
TQBR,2024-05-30,Сбербанк,SBER,98634,8605178038.5,320.91,316.0,321.55,318.0,318.65,316.63,27005390,319.31,319.31,,6427853677.5,6427853677.5,,0.0,3,SUR,-1.17,
TQBR,2024-05-31,Сбербанк,SBER,152253,15479042373.3,316.0,309.8,318.49,314.48,314.65,313.11,49206450,316.5,316.5,,8744048780.8,8744048780.8,,0.0,3,SUR,-1.11,
TQBR,2024-06-03,Сбербанк,SBER,155023,19130763055.2,313.5,305.0,315.5,310.27,309.26,310.95,61860770,309.19,309.19,,17990479169.6,17990479169.6,,0.0,3,SUR,-0.69,
TQBR,2024-06-04,Сбербанк,SBER,82472,10346962905.5,310.98,308.8,316.5,314.02,312.87,316.49,33070240,312.43,312.43,,8835951186.3,8835951186.3,,0.0,3,SUR,1.78,
TQBR,2024-06-05,Сбербанк,SBER,71062,8793190541.6,316.63,313.85,318.28,315.5,316.39,314.72,27792110,316.64,316.64,,7607464763.0,7607464763.0,,0.0,3,SUR,-0.56,
TQBR,2024-06-06,Сбербанк,SBER,74439,8883619041.5,314.7,311.15,316.45,312.7,313.58,313.08,28328920,313.64,313.64,,8164815726.2,8164815726.2,,0.0,3,SUR,-0.52,
TQBR,2024-06-07,Сбербанк,SBER,89659,14157276798.3,313.8,312.73,320.64,320.45,318.25,319.9,44484260,318.07,318.07,,12688400014.9,12688400014.9,,0.0,3,SUR,2.18,
TQBR,2024-06-10,Сбербанк,SBER,76429,8400530697.5,320.8,315.21,321.98,317.25,318.85,317.28,26344630,319.5,319.5,,6657804338.7,6657804338.7,,0.0,3,SUR,-0.82,
TQBR,2024-06-11,Сбербанк,SBER,62635,6377952742.9,317.5,315.88,319.84,317.9,317.85,317.8,20064950,317.86,317.86,,5984074699.2,5984074699.2,,0.0,3,SUR,0.16,
TQBR,2024-06-13,Сбербанк,SBER,98660,12977584451.7,305.7,304.14,317.82,317.09,314.39,317.71,41281520,314.18,314.18,,12201438950.7,12201438950.7,,0.0,3,SUR,-0.03,
TQBR,2024-06-14,Сбербанк,SBER,106681,6849866414.7,317.8,316.2,320.7,320.29,318.44,319.35,21488970,318.69,318.69,,6256705632.9,6256705632.9,,0.0,3,SUR,0.52,
TQBR,2024-06-17,Сбербанк,SBER,44864,4932076583.1,320.0,316.85,320.45,317.85,318.71,317.65,15476190,318.88,318.88,,4223644162.0,4223644162.0,,0.0,3,SUR,-0.53,
TQBR,2024-06-18,Сбербанк,SBER,62643,6947091443.3,317.65,313.02,318.0,315.0,315.47,314.34,22024090,315.8,315.8,,5660221119.0,5660221119.0,,0.0,3,SUR,-1.04,
TQBR,2024-06-19,Сбербанк,SBER,106318,13105247559.5,314.38,307.51,314.78,309.0,310.73,310.7,42183660,310.88,310.88,,11325098601.6,11325098601.6,,0.0,3,SUR,-1.16,
TQBR,2024-06-20,Сбербанк,SBER,162795,22616269152.5,310.7,306.02,314.72,313.5,310.71,314.15,72789950,310.48,310.48,,21150602599.7,21150602599.7,,0.0,3,SUR,1.11,
TQBR,2024-06-21,Сбербанк,SBER,67256,9152147994.0,315.0,312.6,316.0,314.52,314.33,314.14,29116600,314.32,314.32,,8420523923.1,8420523923.1,,0.0,3,SUR,0.0,
TQBR,2024-06-24,Сбербанк,SBER,73471,9387538945.4,314.7,314.14,319.0,317.2,317.07,317.25,29607080,317.08,317.08,,8921644303.2,8921644303.2,,0.0,3,SUR,0.99,
TQBR,2024-06-25,Сбербанк,SBER,75103,8270536250.9,317.5,316.28,319.89,319.21,318.35,319.8,25978180,318.19,318.19,,7265311020.7,7265311020.7,,0.0,3,SUR,0.8,
TQBR,2024-06-26,Сбербанк,SBER,88589,13721465556.5,320.1,319.8,324.56,323.9,322.94,324.55,42491110,322.82,322.82,,12655585662.7,12655585662.7,,0.0,3,SUR,1.49,
TQBR,2024-06-27,Сбербанк,SBER,124105,15221129798.9,324.8,322.63,327.83,327.83,325.43,327.16,46771370,325.27,325.27,,14050489073.8,14050489073.8,,0.0,3,SUR,0.8,
TQBR,2024-06-28,Сбербанк,SBER,90481,13250355870.2,327.87,325.8,329.3,326.5,327.52,327.15,40451800,327.62,327.62,,12448425690.2,12448425690.2,,0.0,3,SUR,0.0,
TQBR,2024-07-01,Сбербанк,SBER,70841,10396387155.0,327.64,326.25,329.0,326.25,327.85,327.1,31710510,327.93,327.93,,9593120578.8,9593120578.8,,0.0,3,SUR,-0.02,
TQBR,2024-07-02,Сбербанк,SBER,57635,6941082279.2,327.35,326.82,328.87,328.57,328.09,328.37,21155650,328.08,328.08,,6501556181.4,6501556181.4,,0.0,3,SUR,0.39,
TQBR,2024-07-03,Сбербанк,SBER,75115,10584686930.8,328.58,327.0,330.45,328.78,329.16,328.2,32156700,329.28,329.28,,9333917507.1,9333917507.1,,0.0,3,SUR,-0.05,
TQBR,2024-07-04,Сбербанк,SBER,98077,13317132561.5,328.39,323.81,329.57,324.17,326.67,324.66,40766110,326.91,326.91,,11770756858.6,11770756858.6,,0.0,3,SUR,-1.08,
TQBR,2024-07-05,Сбербанк,SBER,79757,13096717923.0,324.71,321.01,327.0,324.24,323.91,325.0,40433010,323.86,323.86,,11932211420.8,11932211420.8,,0.0,3,SUR,0.1,
TQBR,2024-07-08,Сбербанк,SBER,74466,9025370831.1,325.76,323.74,327.44,323.86,325.19,324.07,27756900,325.25,325.25,,8314927434.2,8314927434.2,,0.0,3,SUR,-0.29,
TQBR,2024-07-09,Сбербанк,SBER,170116,17436610896.9,324.3,317.5,325.33,319.0,321.75,319.99,54199810,321.99,321.99,,14849797202.6,14849797202.6,,0.0,3,SUR,-1.26,
TQBR,2024-07-10,Сбербанк,SBER,235365,28065530252.0,319.0,314.3,320.3,315.5,317.14,316.68,88512550,317.36,317.36,,22184278344.4,22184278344.4,,0.0,3,SUR,-1.03,
TQBR,2024-07-11,Сбербанк,SBER,524131,48738315678.7,289.96,285.22,296.98,295.31,290.07,295.87,168030600,289.7,289.7,,45981144526.99,45981144526.99,,0.0,3,SUR,-6.57,
TQBR,2024-07-12,Сбербанк,SBER,123842,14669454270.5,296.0,290.97,297.48,292.35,293.36,292.21,49999170,293.5,293.5,,13446246309.5,13446246309.5,,0.0,3,SUR,-1.24,
TQBR,2024-07-15,Сбербанк,SBER,127792,16923746968.1,293.0,283.5,293.86,284.49,288.14,284.38,58737560,288.69,288.69,,14597219258.1,14597219258.1,,0.0,3,SUR,-2.68,
TQBR,2024-07-16,Сбербанк,SBER,171604,23286385147.6,284.49,276.7,285.69,283.0,281.01,285.25,82870860,280.63,280.63,,20491646207.5,20491646207.5,,0.0,3,SUR,0.31,
TQBR,2024-07-17,Сбербанк,SBER,148212,12284503604.5,285.84,283.23,289.96,285.0,286.78,284.68,42824670,287.03,287.03,,11144685390.6,11144685390.6,,0.0,3,SUR,-0.2,
TQBR,2024-07-18,Сбербанк,SBER,72967,9784301935.1,284.68,282.73,289.99,289.3,286.94,289.83,34090360,286.45,286.45,,7909036837.6,7909036837.6,,0.0,3,SUR,1.81,
TQBR,2024-07-19,Сбербанк,SBER,73252,9026251889.6,290.67,289.2,292.58,291.0,290.97,289.9,31022060,291.11,291.11,,7865411840.1,7865411840.1,,0.0,3,SUR,0.02,
TQBR,2024-07-22,Сбербанк,SBER,76343,9779002585.2,291.0,291.0,294.95,294.35,292.89,294.71,33386610,292.67,292.67,,8540136420.9,8540136420.9,,0.0,3,SUR,1.66,
TQBR,2024-07-23,Сбербанк,SBER,48747,6529116896.2,295.47,293.36,295.48,294.0,294.22,294.39,22190840,294.18,294.18,,5704334926.0,5704334926.0,,0.0,3,SUR,-0.11,
TQBR,2024-07-24,Сбербанк,SBER,122695,7263003449.2,294.39,293.2,296.67,296.5,295.68,295.69,24565710,295.63,295.63,,6635170648.6,6635170648.6,,0.0,3,SUR,0.44,
TQBR,2024-07-25,Сбербанк,SBER,55691,6768216500.8,295.69,294.2,297.3,297.08,295.97,296.37,22868740,295.88,295.88,,6044340421.9,6044340421.9,,0.0,3,SUR,0.23,
TQBR,2024-07-26,Сбербанк,SBER,179297,25147137351.5,296.4,292.67,300.0,294.1,296.15,293.3,84909830,296.4,296.4,,22952793530.1,22952793530.1,,0.0,3,SUR,-1.04,
TQBR,2024-07-29,Сбербанк,SBER,142180,15134258844.7,293.0,286.0,293.0,287.27,288.56,286.58,52445850,288.81,288.81,,13490988763.8,13490988763.8,,0.0,3,SUR,-2.29,
TQBR,2024-07-30,Сбербанк,SBER,139081,12290569982.7,286.5,284.32,291.99,291.49,288.72,290.0,42572480,288.37,288.37,,10619229059.7,10619229059.7,,0.0,3,SUR,1.19,
TQBR,2024-07-31,Сбербанк,SBER,61357,7524943880.7,290.47,288.01,291.2,288.61,289.7,289.3,25974520,289.8,289.8,,6730112138.3,6730112138.3,,0.0,3,SUR,-0.24,
TQBR,2024-08-01,Сбербанк,SBER,44184,5391099058.0,289.87,287.04,290.69,288.89,289.13,287.21,18646450,289.62,289.62,,3869932479.1,3869932479.1,,0.0,3,SUR,-0.72,
TQBR,2024-08-02,Сбербанк,SBER,77059,8601524731.8,287.21,284.37,287.99,286.1,285.89,286.04,30086580,285.93,285.93,,7601984012.2,7601984012.2,,0.0,3,SUR,-0.41,
TQBR,2024-08-05,Сбербанк,SBER,166580,22871130952.3,282.79,275.17,283.46,276.81,278.35,275.49,82141460,278.64,278.64,,20653288611.9,20653288611.9,,0.0,3,SUR,-3.69,
TQBR,2024-08-06,Сбербанк,SBER,86167,12169833605.6,277.01,276.35,281.16,278.83,279.11,279.4,43600150,279.1,279.1,,11205457117.8,11205457117.8,,0.0,3,SUR,1.42,
TQBR,2024-08-07,Сбербанк,SBER,99159,13599338250.0,280.0,277.21,283.27,282.66,280.42,282.2,48494490,280.14,280.14,,11662840515.1,11662840515.1,,0.0,3,SUR,1.0,
TQBR,2024-08-08,Сбербанк,SBER,148260,12008636097.6,283.4,280.0,285.42,282.45,283.06,281.09,42425830,283.55,283.55,,9766008401.4,9766008401.4,,0.0,3,SUR,-0.39,
TQBR,2024-08-09,Сбербанк,SBER,52968,6275073796.0,281.0,279.62,282.67,281.9,281.34,281.44,22302730,281.39,281.39,,5417040916.2,5417040916.2,,0.0,3,SUR,0.12,
TQBR,2024-08-12,Сбербанк,SBER,86145,7768907946.4,280.01,278.03,281.5,280.23,279.76,280.74,27767330,279.72,279.72,,7186769140.0,7186769140.0,,0.0,3,SUR,-0.25,
TQBR,2024-08-13,Сбербанк,SBER,79099,6791087827.3,281.05,280.42,284.33,282.78,282.26,283.92,24058790,282.17,282.17,,6181281879.5,6181281879.5,,0.0,3,SUR,1.13,
TQBR,2024-08-14,Сбербанк,SBER,52314,6148973531.0,284.3,280.12,284.7,281.79,282.64,280.32,21757040,283.18,283.18,,4733971826.3,4733971826.3,,0.0,3,SUR,-1.27,
TQBR,2024-08-15,Сбербанк,SBER,123186,7984061069.2,280.5,276.73,280.85,277.54,278.57,278.01,28665290,278.63,278.63,,7260727924.9,7260727924.9,,0.0,3,SUR,-0.82,
TQBR,2024-08-16,Сбербанк,SBER,62420,7255848404.4,278.05,274.32,279.0,277.0,277.01,274.6,26195850,278.06,278.06,,4276029580.3,4276029580.3,,0.0,3,SUR,-1.23,
TQBR,2024-08-19,Сбербанк,SBER,153899,18530524836.8,275.0,265.02,275.56,268.01,270.04,268.17,68626200,271.6,271.6,,12954887369.7,12954887369.7,,0.0,3,SUR,-2.34,
TQBR,2024-08-20,Сбербанк,SBER,154894,14489552806.6,268.35,263.36,269.49,265.4,266.96,266.2,54276130,267.05,267.05,,13492714968.2,13492714968.2,,0.0,3,SUR,-0.73,
TQBR,2024-08-21,Сбербанк,SBER,105681,9866186881.8,266.2,263.86,267.8,266.55,265.73,266.93,37127480,265.67,265.67,,8841522451.2,8841522451.2,,0.0,3,SUR,0.27,
TQBR,2024-08-22,Сбербанк,SBER,113308,12655851217.7,266.93,260.15,268.5,263.51,264.19,261.6,47907530,265.36,265.36,,8466527192.2,8466527192.2,,0.0,3,SUR,-2.0,
TQBR,2024-08-23,Сбербанк,SBER,176911,19878279030.4,261.61,255.56,262.8,257.6,259.11,259.5,76719180,259.24,259.24,,17182353504.7,17182353504.7,,0.0,3,SUR,-0.8,
TQBR,2024-08-26,Сбербанк,SBER,104621,13205967280.5,263.55,261.54,266.95,264.41,264.26,265.39,49974250,264.21,264.21,,12565224654.3,12565224654.3,,0.0,3,SUR,2.27,
TQBR,2024-08-27,Сбербанк,SBER,70646,8495741636.8,265.83,259.82,266.07,260.7,262.68,260.5,32345170,263.02,263.02,,7386391912.9,7386391912.9,,0.0,3,SUR,-1.84,
TQBR,2024-08-28,Сбербанк,SBER,116325,12416454599.4,259.9,254.99,262.47,260.8,259.42,262.47,47867970,259.18,259.18,,11439424039.0,11439424039.0,,0.0,3,SUR,0.76,
TQBR,2024-08-29,Сбербанк,SBER,77342,9085153605.5,262.58,258.36,264.19,260.29,261.1,260.31,34802250,261.09,261.09,,8305799510.7,8305799510.7,,0.0,3,SUR,-0.82,
TQBR,2024-08-30,Сбербанк,SBER,121471,11826212287.4,260.5,254.0,261.8,256.95,256.43,254.45,46118490,256.71,256.71,,9866054603.1,9866054603.1,,0.0,3,SUR,-2.25,
TQBR,2024-09-02,Сбербанк,SBER,195195,24225650310.2,254.03,242.65,254.2,245.87,248.05,244.31,97662430,249.01,249.01,,19845154296.7,19845154296.7,,0.0,3,SUR,-3.99,
TQBR,2024-09-03,Сбербанк,SBER,193382,25885880197.1,244.4,240.01,250.0,242.8,244.97,244.04,105673360,245.05,245.05,,24118770336.2,24118770336.2,,0.0,3,SUR,-0.11,
TQBR,2024-09-04,Сбербанк,SBER,115770,17536502500.4,244.51,242.8,253.5,250.0,248.23,253.01,70652080,247.01,247.01,,13309391729.0,13309391729.0,,0.0,3,SUR,3.68,
TQBR,2024-09-05,Сбербанк,SBER,119029,20008156071.4,255.0,251.11,258.17,252.53,254.51,252.82,78616830,254.68,254.68,,18271414088.1,18271414088.1,,0.0,3,SUR,-0.08,
TQBR,2024-09-06,Сбербанк,SBER,93875,10455174955.5,253.01,250.31,255.35,253.23,252.93,254.77,41336330,252.83,252.83,,9521202390.3,9521202390.3,,0.0,3,SUR,0.77,
TQBR,2024-09-09,Сбербанк,SBER,128440,17203253856.9,256.32,255.3,263.45,262.4,260.14,263.31,66128940,259.83,259.83,,15284535748.2,15284535748.2,,0.0,3,SUR,3.35,
TQBR,2024-09-10,Сбербанк,SBER,115381,15137344244.0,264.61,258.7,264.61,259.75,261.28,261.29,57937830,261.47,261.47,,12842640330.6,12842640330.6,,0.0,3,SUR,-0.77,
TQBR,2024-09-11,Сбербанк,SBER,82187,9961674795.0,260.31,257.5,262.0,260.46,260.12,258.2,38293710,260.58,260.58,,7403141335.8,7403141335.8,,0.0,3,SUR,-1.18,
TQBR,2024-09-12,Сбербанк,SBER,97281,11841477728.8,257.8,252.85,258.68,253.21,255.42,254.93,46358080,255.64,255.64,,10342535430.4,10342535430.4,,0.0,3,SUR,-1.27,
TQBR,2024-09-13,Сбербанк,SBER,203210,28260374145.3,255.19,248.75,259.92,257.77,254.17,258.25,111180360,253.88,253.88,,26159654898.6,26159654898.6,,0.0,3,SUR,1.3,
TQBR,2024-09-16,Сбербанк,SBER,122553,13789541715.2,259.64,257.8,264.37,263.33,261.92,263.79,52643180,261.8,261.8,,12415262429.4,12415262429.4,,0.0,3,SUR,2.15,
TQBR,2024-09-17,Сбербанк,SBER,101366,15202488870.0,264.12,260.55,267.0,266.54,264.09,265.99,57565620,263.91,263.91,,13934451408.8,13934451408.8,,0.0,3,SUR,0.83,
TQBR,2024-09-18,Сбербанк,SBER,86451,11523855679.3,265.73,263.15,267.99,265.5,265.67,263.4,43376640,265.83,265.83,,10161602117.3,10161602117.3,,0.0,3,SUR,-0.97,
TQBR,2024-09-19,Сбербанк,SBER,87106,9440735658.1,263.94,262.32,266.19,263.33,264.59,264.5,35683170,264.6,264.6,,8793462126.1,8793462126.1,,0.0,3,SUR,0.42,
TQBR,2024-09-20,Сбербанк,SBER,74028,10346363727.7,264.52,264.5,269.21,268.42,266.89,269.08,38767000,266.6,266.6,,8769595851.7,8769595851.7,,0.0,3,SUR,1.73,
TQBR,2024-09-23,Сбербанк,SBER,106826,13432987817.1,269.3,269.3,273.8,272.4,271.94,273.17,49396850,271.84,271.84,,12245295354.8,12245295354.8,,0.0,3,SUR,1.52,
TQBR,2024-09-24,Сбербанк,SBER,72506,10076908612.0,273.9,270.5,273.94,272.95,272.47,272.92,36984140,272.41,272.41,,9116355330.0,9116355330.0,,0.0,3,SUR,-0.09,
TQBR,2024-09-25,Сбербанк,SBER,132949,11862922074.2,272.92,267.3,273.8,267.96,270.82,267.8,43803870,271.22,271.22,,10319854798.5,10319854798.5,,0.0,3,SUR,-1.88,
TQBR,2024-09-26,Сбербанк,SBER,66256,8524972559.0,267.54,265.41,269.76,266.24,267.32,267.88,31888540,267.36,267.36,,7787520760.4,7787520760.4,,0.0,3,SUR,0.03,
TQBR,2024-09-27,Сбербанк,SBER,58603,5073287299.4,268.9,267.17,269.7,268.95,268.58,268.07,18889430,268.64,268.64,,4292586438.6,4292586438.6,,0.0,3,SUR,0.07,
TQBR,2024-09-30,Сбербанк,SBER,105333,11510452992.3,269.26,268.14,272.33,271.86,270.71,268.49,42519740,270.8,270.8,,10214872809.5,10214872809.5,,0.0,3,SUR,0.16,
TQBR,2024-10-01,Сбербанк,SBER,141271,13875642502.8,267.6,264.0,268.68,266.85,266.19,266.29,52125800,266.21,266.21,,12706175486.6,12706175486.6,,0.0,3,SUR,-0.82,
TQBR,2024-10-02,Сбербанк,SBER,122224,12233584613.0,266.01,258.52,268.0,258.52,263.01,259.31,46519200,263.85,263.85,,9873300034.7,9873300034.7,,0.0,3,SUR,-2.62,
TQBR,2024-10-03,Сбербанк,SBER,132228,14759403716.9,259.31,257.2,264.49,263.01,261.07,264.25,56534560,260.81,260.81,,13451048565.0,13451048565.0,,0.0,3,SUR,1.91,
TQBR,2024-10-04,Сбербанк,SBER,68635,6861324907.4,264.96,262.11,265.44,263.76,263.99,264.09,25992290,263.99,263.99,,6280922809.6,6280922809.6,,0.0,3,SUR,-0.06,
TQBR,2024-10-07,Сбербанк,SBER,95480,7618217009.6,264.25,261.37,267.0,262.6,263.24,263.39,28940600,263.24,263.24,,6966463940.0,6966463940.0,,0.0,3,SUR,-0.27,
TQBR,2024-10-08,Сбербанк,SBER,49800,4248218099.7,263.0,261.89,263.8,263.21,262.82,262.4,16163780,262.84,262.84,,3754675372.3,3754675372.3,,0.0,3,SUR,-0.38,
TQBR,2024-10-09,Сбербанк,SBER,60988,6531053134.9,262.42,259.59,263.8,259.61,261.47,260.86,25021350,261.09,261.09,,5967092824.7,5967092824.7,,0.0,3,SUR,-0.59,
TQBR,2024-10-10,Сбербанк,SBER,48673,4598989252.9,260.88,258.91,261.64,260.1,260.46,259.98,17677230,260.17,260.17,,4193328932.4,4193328932.4,,0.0,3,SUR,-0.34,
TQBR,2024-10-11,Сбербанк,SBER,77429,6408762717.8,259.8,256.8,260.07,258.04,257.91,256.94,24848580,257.98,257.98,,5409491834.4,5409491834.4,,0.0,3,SUR,-1.17,
TQBR,2024-10-14,Сбербанк,SBER,153462,16646352622.2,256.15,254.1,263.91,259.5,259.27,261.28,64205680,259.06,259.06,,14801939837.9,14801939837.9,,0.0,3,SUR,1.69,
TQBR,2024-10-15,Сбербанк,SBER,60407,6879583803.8,260.94,259.84,263.7,262.45,262.11,262.03,26247370,262.1,262.1,,6462455184.1,6462455184.1,,0.0,3,SUR,0.29,
TQBR,2024-10-16,Сбербанк,SBER,89783,10504935123.6,262.05,258.45,264.72,258.99,261.27,259.5,40206260,261.37,261.37,,9968660440.1,9968660440.1,,0.0,3,SUR,-0.97,
TQBR,2024-10-17,Сбербанк,SBER,57754,6366640213.7,259.5,256.03,260.45,257.25,258.2,256.57,24658790,258.4,258.4,,5630937207.6,5630937207.6,,0.0,3,SUR,-1.13,
TQBR,2024-10-18,Сбербанк,SBER,103821,7693100993.4,256.21,254.41,258.9,256.6,256.26,257.19,30020250,256.22,256.22,,7015257745.2,7015257745.2,,0.0,3,SUR,0.24,
TQBR,2024-10-21,Сбербанк,SBER,66106,5547686295.3,257.3,256.78,259.85,258.3,258.39,258.21,21471680,258.39,258.39,,5196412732.0,5196412732.0,,0.0,3,SUR,0.4,
TQBR,2024-10-22,Сбербанк,SBER,61508,4381858399.4,258.1,255.25,258.8,255.85,256.78,255.42,17064680,256.92,256.92,,3934422051.3,3934422051.3,,0.0,3,SUR,-1.08,
TQBR,2024-10-23,Сбербанк,SBER,113471,7718228941.6,255.1,251.34,255.9,253.41,253.71,252.01,30420950,254.06,254.06,,6178532741.8,6178532741.8,,0.0,3,SUR,-1.34,
TQBR,2024-10-24,Сбербанк,SBER,97097,7245386056.0,252.01,250.25,254.27,252.27,251.89,252.64,28764370,251.85,251.85,,6753115429.4,6753115429.4,,0.0,3,SUR,0.25,
TQBR,2024-10-25,Сбербанк,SBER,201659,20126043138.8,252.72,245.7,255.35,247.27,249.74,246.35,80587930,250.0,250.0,,18462688186.4,18462688186.4,,0.0,3,SUR,-2.49,
TQBR,2024-10-28,Сбербанк,SBER,166891,17652871569.7,245.02,241.61,249.0,242.8,245.36,242.56,71940990,245.68,245.68,,16031559716.1,16031559716.1,,0.0,3,SUR,-1.54,
TQBR,2024-10-29,Сбербанк,SBER,147128,11430089075.7,243.2,239.88,244.6,242.8,242.5,242.66,47134580,242.43,242.43,,10481135709.2,10481135709.2,,0.0,3,SUR,0.04,
TQBR,2024-10-30,Сбербанк,SBER,106716,9721006737.9,242.7,241.11,246.22,245.1,244.08,241.45,39826840,244.4,244.4,,7568626584.9,7568626584.9,,0.0,3,SUR,-0.5,
TQBR,2024-10-31,Сбербанк,SBER,128668,13737746155.2,241.4,236.23,242.8,239.26,239.86,237.9,57274130,240.41,240.41,,11075917768.6,11075917768.6,,0.0,3,SUR,-1.47,
TQBR,2024-11-01,Сбербанк,SBER,125949,11441541301.6,237.9,234.57,239.1,238.16,236.54,238.03,48370770,236.39,236.39,,10295764974.3,10295764974.3,,0.0,3,SUR,0.05,
TQBR,2024-11-02,Сбербанк,SBER,45810,3558577653.7,237.9,237.71,240.0,238.93,238.9,238.97,14895450,238.89,238.89,,3088662071.8,3088662071.8,,0.0,3,SUR,0.39,
TQBR,2024-11-05,Сбербанк,SBER,94871,6757011275.8,239.6,238.07,241.2,239.23,239.85,239.23,28172270,239.91,239.91,,5787060582.7,5787060582.7,,0.0,3,SUR,0.11,
TQBR,2024-11-06,Сбербанк,SBER,160070,19402189406.5,247.0,242.05,248.56,243.19,245.72,243.6,78965200,245.85,245.85,,18220432049.2,18220432049.2,,0.0,3,SUR,1.83,
TQBR,2024-11-07,Сбербанк,SBER,124858,10948449973.3,243.26,242.16,251.0,248.04,246.45,250.93,44425190,245.12,245.12,,7524631063.5,7524631063.5,,0.0,3,SUR,3.01,
TQBR,2024-11-08,Сбербанк,SBER,108490,14677974806.8,251.5,250.5,255.99,252.8,252.69,255.98,58086370,252.11,252.11,,11238224402.9,11238224402.9,,0.0,3,SUR,2.01,
TQBR,2024-11-11,Сбербанк,SBER,122240,17578684699.6,257.99,256.49,261.3,260.5,259.09,260.73,67847940,259.0,259.0,,16228959503.9,16228959503.9,,0.0,3,SUR,1.86,
TQBR,2024-11-12,Сбербанк,SBER,87370,10539814448.5,259.99,255.27,260.7,256.27,257.53,255.77,40926850,257.73,257.73,,9403022224.1,9403022224.1,,0.0,3,SUR,-1.9,
TQBR,2024-11-13,Сбербанк,SBER,84816,11439153914.4,255.29,254.05,258.96,258.6,256.83,254.7,44540020,257.15,257.15,,8332784740.1,8332784740.1,,0.0,3,SUR,-0.42,
TQBR,2024-11-14,Сбербанк,SBER,98860,12366776262.5,254.26,248.6,255.92,249.72,252.32,249.52,49011750,253.0,253.0,,9886263762.8,9886263762.8,,0.0,3,SUR,-2.03,
TQBR,2024-11-15,Сбербанк,SBER,89993,11113484983.2,249.31,248.05,254.43,253.7,251.43,253.43,44201700,251.15,251.15,,9785834000.4,9785834000.4,,0.0,3,SUR,1.57,
TQBR,2024-11-18,Сбербанк,SBER,149869,12859671851.2,249.0,247.3,251.94,250.95,249.41,248.72,51559910,249.37,249.37,,11465545410.3,11465545410.3,,0.0,3,SUR,-1.86,
TQBR,2024-11-19,Сбербанк,SBER,177918,18395321114.9,249.03,239.62,249.83,240.45,243.74,240.59,75474680,244.29,244.29,,15493542501.5,15493542501.5,,0.0,3,SUR,-3.27,
TQBR,2024-11-20,Сбербанк,SBER,164135,16837071934.3,241.82,234.74,243.59,237.49,239.33,237.05,70349830,240.3,240.3,,13060629293.1,13060629293.1,,0.0,3,SUR,-1.47,
TQBR,2024-11-21,Сбербанк,SBER,158112,17757313155.9,237.15,234.0,240.94,235.5,236.3,240.47,75143570,235.93,235.93,,12466152495.2,12466152495.2,,0.0,3,SUR,1.44,
TQBR,2024-11-22,Сбербанк,SBER,95698,10836393146.5,240.5,234.78,241.0,235.4,237.53,236.0,45621420,237.75,237.75,,8677911903.3,8677911903.3,,0.0,3,SUR,-1.86,
TQBR,2024-11-25,Сбербанк,SBER,162372,17727272699.1,236.0,227.25,237.1,230.0,231.84,227.81,76469770,232.76,232.76,,13827139031.8,13827139031.8,,0.0,3,SUR,-3.47,
TQBR,2024-11-26,Сбербанк,SBER,231735,21854770442.0,227.8,221.2,231.9,222.77,225.82,223.16,96795030,226.16,226.16,,19457337942.1,19457337942.1,,0.0,3,SUR,-2.04,
TQBR,2024-11-27,Сбербанк,SBER,232795,25043210046.8,223.9,219.2,226.47,221.5,222.68,226.3,112457620,222.29,222.29,,20614279327.7,20614279327.7,,0.0,3,SUR,1.41,
TQBR,2024-11-28,Сбербанк,SBER,130941,15359712601.0,227.0,222.48,229.5,228.45,226.41,228.56,67840700,226.07,226.07,,13396639782.7,13396639782.7,,0.0,3,SUR,1.0,
TQBR,2024-11-29,Сбербанк,SBER,130297,16387603634.6,228.48,227.55,236.99,235.11,233.1,236.49,70303900,232.78,232.78,,14789949840.2,14789949840.2,,0.0,3,SUR,3.47,
TQBR,2024-12-02,Сбербанк,SBER,103525,10677792835.0,237.02,234.32,238.7,235.61,236.51,235.17,45142250,236.6,236.6,,10018818273.7,10018818273.7,,0.0,3,SUR,-0.56,
TQBR,2024-12-03,Сбербанк,SBER,89437,10536715774.0,235.29,230.26,235.97,231.52,232.49,230.8,45322870,232.7,232.7,,9288469773.9,9288469773.9,,0.0,3,SUR,-1.86,
TQBR,2024-12-04,Сбербанк,SBER,131983,16617122007.6,231.0,224.3,233.79,227.5,229.5,224.55,72417390,230.86,230.86,,12609039055.4,12609039055.4,,0.0,3,SUR,-2.71,
TQBR,2024-12-05,Сбербанк,SBER,164868,19851593351.8,224.57,222.82,233.75,231.49,228.2,233.48,86989140,227.36,227.36,,16659707739.1,16659707739.1,,0.0,3,SUR,3.98,
TQBR,2024-12-06,Сбербанк,SBER,166653,19088098358.7,233.63,231.52,238.25,236.99,235.37,237.84,81096070,235.13,235.13,,17094635454.0,17094635454.0,,0.0,3,SUR,1.87,
TQBR,2024-12-09,Сбербанк,SBER,122837,12526394065.3,239.29,236.75,240.51,237.82,238.62,237.29,52493640,238.71,238.71,,11429193005.5,11429193005.5,,0.0,3,SUR,-0.23,
TQBR,2024-12-10,Сбербанк,SBER,133496,13710391986.5,238.0,230.65,238.01,231.37,233.41,230.82,58740230,233.59,233.59,,12695430349.1,12695430349.1,,0.0,3,SUR,-2.73,
TQBR,2024-12-11,Сбербанк,SBER,115310,15026987712.0,230.5,229.22,234.39,231.4,231.49,234.19,64914300,231.14,231.14,,11248617296.6,11248617296.6,,0.0,3,SUR,1.46,
TQBR,2024-12-12,Сбербанк,SBER,115719,13748238586.9,234.0,228.52,235.95,230.0,232.35,229.02,59171170,232.99,232.99,,11295070451.1,11295070451.1,,0.0,3,SUR,-2.21,
TQBR,2024-12-13,Сбербанк,SBER,94542,10570497704.4,228.9,227.85,231.33,229.48,229.15,228.7,46124660,229.19,229.19,,9614081836.4,9614081836.4,,0.0,3,SUR,-0.14,
TQBR,2024-12-16,Сбербанк,SBER,107518,12350005599.1,228.62,224.38,229.05,224.8,226.21,225.53,54593280,226.4,226.4,,9982187606.3,9982187606.3,,0.0,3,SUR,-1.39,
TQBR,2024-12-17,Сбербанк,SBER,107544,10353636763.7,225.6,223.72,227.49,225.06,225.63,226.5,45885470,225.66,225.66,,9215508086.7,9215508086.7,,0.0,3,SUR,0.43,
TQBR,2024-12-18,Сбербанк,SBER,98786,13200949659.8,226.72,224.33,230.8,226.94,227.38,230.15,58056480,226.09,226.09,,8219065071.8,8219065071.8,,0.0,3,SUR,1.61,
TQBR,2024-12-19,Сбербанк,SBER,188640,28715332741.6,230.16,227.71,234.99,228.6,231.46,229.0,124061370,231.6,231.6,,27055887873.8,27055887873.8,,0.0,3,SUR,-0.5,
TQBR,2024-12-20,Сбербанк,SBER,373972,58117516791.8,229.1,228.03,258.98,257.17,247.12,257.6,235186220,245.98,245.98,,51459813090.1,51459813090.1,,0.0,3,SUR,12.49,
TQBR,2024-12-23,Сбербанк,SBER,267520,43158379935.7,260.0,256.51,270.0,263.6,264.5,264.9,163165650,264.52,264.52,,41066960436.6,41066960436.6,,0.0,3,SUR,2.83,
TQBR,2024-12-24,Сбербанк,SBER,150068,22159031394.9,264.94,261.02,266.79,264.3,263.65,264.34,83808660,264.4,264.4,,21185237695.6,21185237695.6,,0.0,3,SUR,-0.21,
TQBR,2024-12-25,Сбербанк,SBER,191882,33690236575.4,263.62,260.31,273.0,269.99,267.06,271.69,125539910,268.01,268.01,,30108044813.1,30108044813.1,,0.0,3,SUR,2.78,
TQBR,2024-12-26,Сбербанк,SBER,141710,20555363427.4,272.0,269.1,274.25,271.15,271.42,269.56,75735270,271.59,271.59,,17515523133.9,17515523133.9,,0.0,3,SUR,-0.78,
TQBR,2024-12-27,Сбербанк,SBER,97081,14113195712.4,269.61,268.57,272.16,270.5,270.65,271.2,52144690,270.59,270.59,,12118634469.2,12118634469.2,,0.0,3,SUR,0.61,
TQBR,2024-12-28,Сбербанк,SBER,75600,10781650537.5,271.35,270.4,273.99,271.7,272.36,272.83,39585910,272.35,272.35,,9248373664.6,9248373664.6,,0.0,3,SUR,0.6,
TQBR,2024-12-30,Сбербанк,SBER,97811,14559469001.2,274.0,273.7,279.49,279.4,276.62,279.43,52633750,276.17,276.17,,12210488607.9,12210488607.9,,0.0,3,SUR,2.42,
TQBR,2025-01-03,Сбербанк,SBER,94186,11853565984.9,280.0,271.8,280.41,273.2,275.11,272.25,43086870,275.31,275.31,,10957103957.6,10957103957.6,,0.0,3,SUR,-2.57,
TQBR,2025-01-06,Сбербанк,SBER,88739,7737094495.2,270.88,270.07,274.41,272.44,271.91,274.37,28454750,271.53,271.53,,6171023185.1,6171023185.1,,0.0,3,SUR,0.78,
TQBR,2025-01-08,Сбербанк,SBER,73551,7356165148.5,273.07,273.07,277.87,276.98,276.19,277.0,26634660,276.12,276.12,,6670071045.7,6670071045.7,,0.0,3,SUR,0.96,
TQBR,2025-01-09,Сбербанк,SBER,99681,14491325783.8,276.71,270.73,278.77,271.8,273.66,271.8,52952880,273.89,273.89,,12969199198.0,12969199198.0,,0.0,3,SUR,-1.88,
TQBR,2025-01-10,Сбербанк,SBER,152694,19623132401.4,272.31,270.27,279.53,278.17,275.79,278.77,71154220,275.4,275.4,,17308373231.4,17308373231.4,,0.0,3,SUR,2.56,
TQBR,2025-01-13,Сбербанк,SBER,159552,18781966095.5,280.62,278.6,284.75,281.8,282.0,279.8,66601710,282.3,282.3,,16423594958.9,16423594958.9,,0.0,3,SUR,0.37,
TQBR,2025-01-14,Сбербанк,SBER,109759,12888705821.9,279.84,277.41,282.36,279.73,279.96,279.85,46037150,279.99,279.99,,11521250207.2,11521250207.2,,0.0,3,SUR,0.02,
TQBR,2025-01-15,Сбербанк,SBER,140290,14768778206.9,280.0,276.06,282.82,277.24,279.35,282.77,52864450,278.04,278.04,,8624588256.7,8624588256.7,,0.0,3,SUR,1.04,
TQBR,2025-01-16,Сбербанк,SBER,93797,13975953014.3,283.7,281.18,284.0,282.7,282.6,281.8,49453530,282.63,282.63,,12594034722.2,12594034722.2,,0.0,3,SUR,-0.34,
TQBR,2025-01-17,Сбербанк,SBER,111458,14674366108.3,282.2,280.19,284.64,283.9,282.85,283.53,51876150,282.72,282.72,,12620189476.1,12620189476.1,,0.0,3,SUR,0.61,
TQBR,2025-01-20,Сбербанк,SBER,140246,19166116805.7,285.1,277.61,286.23,280.5,281.87,278.19,67946640,282.88,282.88,,14998488321.1,14998488321.1,,0.0,3,SUR,-1.88,
TQBR,2025-01-21,Сбербанк,SBER,112161,11305302708.9,279.39,276.32,281.85,281.08,279.29,281.85,40478260,279.05,279.05,,9971976046.6,9971976046.6,,0.0,3,SUR,1.32,
TQBR,2025-01-22,Сбербанк,SBER,102355,13286163684.6,282.0,280.2,284.0,283.87,282.04,280.36,47106880,282.33,282.33,,9040069515.1,9040069515.1,,0.0,3,SUR,-0.53,
TQBR,2025-01-23,Сбербанк,SBER,89355,10774689057.8,280.79,277.35,280.79,278.51,279.33,280.49,38573410,279.37,279.37,,8031921306.1,8031921306.1,,0.0,3,SUR,0.05,
TQBR,2025-01-24,Сбербанк,SBER,81035,9028740828.2,281.0,279.25,282.75,280.72,280.78,280.74,32155210,280.78,280.78,,8141316978.1,8141316978.1,,0.0,3,SUR,0.09,
TQBR,2025-01-27,Сбербанк,SBER,98275,10825883885.4,280.72,275.01,280.97,276.52,277.33,275.23,39035610,277.48,277.48,,8694251882.4,8694251882.4,,0.0,3,SUR,-1.96,
TQBR,2025-01-28,Сбербанк,SBER,80592,10821743892.1,275.25,274.01,279.26,278.7,277.29,278.35,39030820,277.33,277.33,,8595538077.8,8595538077.8,,0.0,3,SUR,1.13,
TQBR,2025-01-29,Сбербанк,SBER,84306,10974299055.3,278.0,277.12,282.18,282.0,280.23,280.36,39161630,280.23,280.23,,8452730099.4,8452730099.4,,0.0,3,SUR,0.72,
TQBR,2025-01-30,Сбербанк,SBER,69736,7888310432.6,280.44,280.36,282.5,282.5,281.51,281.97,28020880,281.46,281.46,,6531620290.8,6531620290.8,,0.0,3,SUR,0.57,
TQBR,2025-01-31,Сбербанк,SBER,84988,11395665602.0,281.97,280.27,284.11,280.95,282.55,280.73,40333120,282.71,282.71,,9975891840.9,9975891840.9,,0.0,3,SUR,-0.44,
TQBR,2025-02-03,Сбербанк,SBER,81004,8477125815.3,280.21,278.0,280.35,279.22,279.09,279.55,30373760,278.89,278.89,,6189607100.8,6189607100.8,,0.0,3,SUR,-0.42,
TQBR,2025-02-04,Сбербанк,SBER,60785,6685824653.4,279.55,275.7,281.41,278.0,278.71,277.4,23986670,279.21,279.21,,4740535595.0,4740535595.0,,0.0,3,SUR,-0.77,
TQBR,2025-02-05,Сбербанк,SBER,102485,12035124307.1,277.3,275.34,283.89,280.79,279.35,282.88,43070410,277.94,277.94,,7548522628.6,7548522628.6,,0.0,3,SUR,1.98,
TQBR,2025-02-06,Сбербанк,SBER,148579,19885584125.2,283.89,282.09,288.92,287.15,286.69,287.15,69363150,286.79,286.79,,18357422657.4,18357422657.4,,0.0,3,SUR,1.51,
TQBR,2025-02-07,Сбербанк,SBER,63538,7924869053.3,287.66,285.08,288.9,286.3,286.86,285.81,27626070,286.77,286.77,,6277126761.2,6277126761.2,,0.0,3,SUR,-0.47,
TQBR,2025-02-10,Сбербанк,SBER,144702,21267188580.4,287.61,287.61,294.55,293.5,291.17,289.94,73052590,291.31,291.31,,14243146091.9,14243146091.9,,0.0,3,SUR,1.45,
TQBR,2025-02-11,Сбербанк,SBER,108732,16355814309.0,290.35,289.3,294.1,293.5,292.02,294.06,56009830,291.91,291.91,,12713372166.0,12713372166.0,,0.0,3,SUR,1.42,
TQBR,2025-02-12,Сбербанк,SBER,341200,56277149585.3,294.3,291.3,314.4,294.0,302.76,314.0,185816680,296.95,296.95,,16446181730.4,16446181730.4,,0.0,3,SUR,6.78,
TQBR,2025-02-13,Сбербанк,SBER,228080,36604642922.8,315.61,307.2,318.72,310.75,313.08,310.1,116925810,312.03,312.03,,26071937495.0,26071937495.0,,0.0,3,SUR,-1.24,
TQBR,2025-02-14,Сбербанк,SBER,230084,39525316749.6,315.59,303.06,317.84,309.57,311.98,309.87,126690930,311.88,311.88,,32041631484.0,32041631484.0,,0.0,3,SUR,-0.07,
TQBR,2025-02-17,Сбербанк,SBER,173913,26824441532.1,314.0,312.31,319.55,318.5,316.24,319.5,84827010,315.98,315.98,,18615947812.4,18615947812.4,,0.0,3,SUR,3.11,
TQBR,2025-02-18,Сбербанк,SBER,164475,26823149077.9,319.99,310.21,320.92,313.03,315.55,312.95,85001770,315.59,315.59,,20669532256.9,20669532256.9,,0.0,3,SUR,-2.05,
TQBR,2025-02-19,Сбербанк,SBER,97815,15868701994.0,313.53,311.01,317.25,315.0,314.33,315.91,50484340,313.66,313.66,,10233099243.6,10233099243.6,,0.0,3,SUR,0.95,
TQBR,2025-02-20,Сбербанк,SBER,79778,10477695990.6,315.91,314.02,317.96,315.31,315.93,315.05,33164900,316.08,316.08,,8505177149.4,8505177149.4,,0.0,3,SUR,-0.27,
TQBR,2025-02-21,Сбербанк,SBER,68867,10285495344.6,315.48,312.0,316.69,314.12,314.29,314.74,32725520,314.15,314.15,,8323901472.3,8323901472.3,,0.0,3,SUR,-0.1,
TQBR,2025-02-24,Сбербанк,SBER,117903,11245263329.0,314.92,313.0,316.4,315.19,314.74,316.03,35730390,314.28,314.28,,7002999747.6,7002999747.6,,0.0,3,SUR,0.41,
TQBR,2025-02-25,Сбербанк,SBER,74569,12313543551.0,316.03,315.62,318.59,316.38,317.14,316.97,38826960,317.26,317.26,,9652594205.9,9652594205.9,,0.0,3,SUR,0.3,
TQBR,2025-02-26,Сбербанк,SBER,151363,23040552826.8,316.97,308.31,317.45,312.53,312.09,310.22,73827020,312.48,312.48,,17914311246.6,17914311246.6,,0.0,3,SUR,-2.13,
TQBR,2025-02-27,Сбербанк,SBER,144916,18840933180.5,310.22,305.43,312.45,309.32,309.19,307.1,60936490,309.61,309.61,,13317686420.3,13317686420.3,,0.0,3,SUR,-1.01,
TQBR,2025-02-28,Сбербанк,SBER,134666,20165953351.0,306.01,304.05,310.4,307.0,306.97,309.63,65681370,305.83,305.83,,10521105387.0,10521105387.0,,0.0,3,SUR,0.82,
TQBR,2025-03-03,Сбербанк,SBER,160752,21118040593.4,309.84,300.2,310.94,303.95,303.86,305.5,69490830,302.88,302.88,,13876779080.2,13876779080.2,,0.0,3,SUR,-1.33,2025-03-03
TQBR,2025-03-04,Сбербанк,SBER,167382,27673062102.7,306.95,306.14,318.5,316.2,314.02,316.4,88130960,313.7,313.7,,19412540591.6,19412540591.6,,0.0,3,SUR,3.57,2025-03-04
TQBR,2025-03-05,Сбербанк,SBER,108836,18258763571.0,316.4,313.0,318.3,317.5,315.96,313.56,57792400,316.26,316.26,,11293021739.8,11293021739.8,,0.0,3,SUR,-0.9,2025-03-05
TQBR,2025-03-06,Сбербанк,SBER,67225,10074119599.5,313.6,313.57,317.43,315.79,315.23,315.18,31963110,315.17,315.17,,8025857992.7,8025857992.7,,0.0,3,SUR,0.52,2025-03-06
TQBR,2025-03-07,Сбербанк,SBER,185974,35131355149.6,315.19,310.69,321.87,313.16,316.84,316.92,110871260,317.02,317.02,,27907772272.0,27907772272.0,,0.0,3,SUR,0.55,2025-03-07
TQBR,2025-03-10,Сбербанк,SBER,92111,12523199814.1,316.98,316.37,320.63,317.6,318.55,317.57,39315360,318.72,318.72,,10096855313.2,10096855313.2,,0.0,3,SUR,0.21,2025-03-10
TQBR,2025-03-11,Сбербанк,SBER,132717,20743337430.1,317.7,315.57,321.98,320.23,319.46,319.69,64935150,319.25,319.25,,13480867918.5,13480867918.5,,0.0,3,SUR,0.67,2025-03-11
TQBR,2025-03-12,Сбербанк,SBER,92008,13354955867.1,319.99,315.8,320.9,318.97,318.24,318.39,41964450,318.11,318.11,,10397387080.8,10397387080.8,,0.0,3,SUR,-0.41,2025-03-12
TQBR,2025-03-13,Сбербанк,SBER,152058,24872186568.7,318.39,312.5,320.5,313.02,316.62,316.37,78552090,315.07,315.07,,14415639364.2,14415639364.2,,0.0,3,SUR,-0.63,2025-03-13
TQBR,2025-03-14,Сбербанк,SBER,107934,16479988152.4,316.0,314.12,321.1,320.15,318.36,320.51,51762530,318.24,318.24,,12530111325.8,12530111325.8,,0.0,3,SUR,1.31,2025-03-14
TQBR,2025-03-17,Сбербанк,SBER,166656,21405545613.7,320.69,319.82,326.97,324.99,325.13,326.02,65837470,325.51,325.51,,13497408980.8,13497408980.8,,0.0,3,SUR,1.72,2025-03-17
TQBR,2025-03-18,Сбербанк,SBER,136274,23858590971.5,326.2,323.82,329.77,328.2,327.07,324.06,72947120,327.63,327.63,,12819294303.7,12819294303.7,,0.0,3,SUR,-0.6,2025-03-18
TQBR,2025-03-19,Сбербанк,SBER,80305,12924249479.5,324.5,322.3,326.88,326.0,324.79,325.3,39800890,324.46,324.46,,10080894915.9,10080894915.9,,0.0,3,SUR,0.38,2025-03-19
TQBR,2025-03-20,Сбербанк,SBER,88651,13733625340.5,325.41,321.8,326.0,324.8,324.29,324.05,42356790,324.16,324.16,,12381246270.7,12381246270.7,,0.0,3,SUR,-0.38,2025-03-20
TQBR,2025-03-21,Сбербанк,SBER,67638,9307475192.5,323.8,322.15,326.08,322.22,324.25,323.26,28707780,324.35,324.35,,7976350657.4,7976350657.4,,0.0,3,SUR,-0.24,2025-03-21
TQBR,2025-03-24,Сбербанк,SBER,89718,10625951470.3,323.26,318.51,323.94,320.68,321.61,319.47,33041960,321.97,321.97,,7747007584.1,7747007584.1,,0.0,3,SUR,-1.17,2025-03-24
TQBR,2025-03-25,Сбербанк,SBER,110364,15393054646.5,320.0,314.65,322.2,317.55,318.52,319.8,48328480,318.09,318.09,,12308768283.2,12308768283.2,,0.0,3,SUR,0.1,2025-03-25
TQBR,2025-03-26,Сбербанк,SBER,62127,6538901138.5,319.9,315.01,320.88,315.94,317.74,315.23,20580040,318.08,318.08,,4457895834.4,4457895834.4,,0.0,3,SUR,-1.43,2025-03-26
TQBR,2025-03-27,Сбербанк,SBER,93165,11358486600.3,315.51,311.95,317.16,313.24,314.24,311.96,36146350,314.36,314.36,,8988891882.6,8988891882.6,,0.0,3,SUR,-1.04,2025-03-27
TQBR,2025-03-28,Сбербанк,SBER,125114,16031305830.6,311.96,305.65,313.65,308.04,309.04,308.04,51876870,309.03,309.03,,11675594410.3,11675594410.3,,0.0,3,SUR,-1.26,2025-03-28
TQBR,2025-03-31,Сбербанк,SBER,184686,19421334931.8,307.8,298.8,310.88,310.05,306.17,309.72,63464450,307.68,307.68,,10044066324.0,10044066324.0,,0.0,3,SUR,0.55,2025-03-31
TQBR,2025-04-01,Сбербанк,SBER,106638,14189067837.8,310.5,302.7,312.9,306.31,307.88,303.24,46088340,308.47,308.47,,9887171316.0,9887171316.0,,0.0,3,SUR,-2.09,2025-04-01
TQBR,2025-04-02,Сбербанк,SBER,82816,12239463777.8,303.23,301.21,306.5,304.3,304.38,306.11,40207020,304.44,304.44,,7997239882.6,7997239882.6,,0.0,3,SUR,0.95,2025-04-02
TQBR,2025-04-03,Сбербанк,SBER,133538,15830422691.6,306.21,296.0,309.2,298.4,302.05,302.09,52408560,302.59,302.59,,10584615377.8,10584615377.8,,0.0,3,SUR,-1.31,2025-04-03
TQBR,2025-04-04,Сбербанк,SBER,195265,26036638105.7,303.55,284.4,304.37,288.77,293.52,285.35,88719200,294.99,294.99,,16715353261.4,16715353261.4,,0.0,3,SUR,-5.54,2025-04-04
TQBR,2025-04-07,Сбербанк,SBER,331119,42133204557.9,285.25,275.76,294.0,288.15,284.47,287.56,148100880,285.39,285.39,,26515657241.5,26515657241.5,,0.0,3,SUR,0.77,2025-04-07
TQBR,2025-04-08,Сбербанк,SBER,139933,18971747387.6,290.0,281.5,294.66,290.91,289.56,282.03,65532930,291.45,291.45,,10376149202.5,10376149202.5,,0.0,3,SUR,-1.92,2025-04-08
TQBR,2025-04-09,Сбербанк,SBER,221893,31178982733.2,280.91,276.33,294.48,283.72,284.99,293.4,109378190,282.11,282.11,,18469051894.2,18469051894.2,,0.0,3,SUR,4.03,2025-04-09
TQBR,2025-04-10,Сбербанк,SBER,151602,18462379507.9,294.09,288.27,296.75,292.21,293.71,292.46,62862840,294.5,294.5,,11775650515.4,11775650515.4,,0.0,3,SUR,-0.32,2025-04-10
TQBR,2025-04-11,Сбербанк,SBER,106590,15032498602.8,293.0,292.8,300.48,298.55,298.17,299.81,50418210,298.36,298.36,,10172760846.9,10172760846.9,,0.0,3,SUR,2.51,2025-04-11
TQBR,2025-04-14,Сбербанк,SBER,118706,13002981126.2,300.18,295.13,302.4,297.07,299.16,296.5,43463400,298.83,298.83,,7474547607.4,7474547607.4,,0.0,3,SUR,-1.1,2025-04-14
TQBR,2025-04-15,Сбербанк,SBER,55506,7237200065.2,296.51,295.6,300.45,297.2,298.33,297.99,24258710,298.61,298.61,,5380690089.2,5380690089.2,,0.0,3,SUR,0.5,2025-04-15
TQBR,2025-04-16,Сбербанк,SBER,78305,9025534176.1,298.0,296.06,303.3,302.7,299.82,300.8,30103500,299.73,299.73,,6691085585.9,6691085585.9,,0.0,3,SUR,0.94,2025-04-16
TQBR,2025-04-17,Сбербанк,SBER,84311,11378109269.2,300.89,300.41,305.07,301.24,302.76,304.8,37579800,302.39,302.39,,7171231915.2,7171231915.2,,0.0,3,SUR,1.33,2025-04-17
TQBR,2025-04-18,Сбербанк,SBER,91523,13843312685.9,302.7,296.25,303.85,300.93,299.97,300.01,46147920,299.54,299.54,,10652605087.7,10652605087.7,,0.0,3,SUR,-1.57,2025-04-18
TQBR,2025-04-21,Сбербанк,SBER,111702,15696937031.4,302.67,301.76,308.7,307.68,306.24,308.12,51260130,306.25,306.25,,12538187210.0,12538187210.0,,0.0,3,SUR,2.7,2025-04-21
TQBR,2025-04-22,Сбербанк,SBER,137292,19986720462.3,308.5,306.55,315.0,310.33,309.93,312.25,64482010,308.58,308.58,,12235501695.0,12235501695.0,,0.0,3,SUR,1.34,2025-04-22
TQBR,2025-04-23,Сбербанк,SBER,112156,18205856288.0,313.0,305.55,314.98,311.79,309.37,310.0,58851190,308.42,308.42,,12048740845.8,12048740845.8,,0.0,3,SUR,-0.72,2025-04-23
TQBR,2025-04-24,Сбербанк,SBER,58427,7504459729.8,310.77,309.09,312.8,309.77,311.15,310.16,24120000,311.36,311.36,,5658853676.5,5658853676.5,,0.0,3,SUR,0.05,2025-04-24
TQBR,2025-04-25,Сбербанк,SBER,122035,16278145183.5,310.85,310.71,317.87,316.37,314.47,316.69,51763570,314.45,314.45,,13268901713.1,13268901713.1,,0.0,3,SUR,2.11,2025-04-25
TQBR,2025-04-28,Сбербанк,SBER,169583,20322690613.4,318.42,313.52,320.26,317.77,317.22,314.23,64064870,317.4,317.4,,11959371005.8,11959371005.8,,0.0,3,SUR,-0.78,2025-04-28
TQBR,2025-04-29,Сбербанк,SBER,86299,9421538560.5,314.99,308.1,315.45,310.7,311.46,309.41,30249990,311.85,311.85,,6480539461.4,6480539461.4,,0.0,3,SUR,-1.53,2025-04-29
TQBR,2025-04-30,Сбербанк,SBER,107606,12646916301.8,309.28,303.12,309.95,306.62,306.47,307.8,41266290,306.2,306.2,,9639078336.5,9639078336.5,,0.0,3,SUR,-0.52,2025-04-30
TQBR,2025-05-02,Сбербанк,SBER,61549,5981323146.0,307.8,299.7,307.8,300.75,302.82,299.96,19751770,303.16,303.16,,3705016797.1,3705016797.1,,0.0,3,SUR,-2.55,2025-05-02
TQBR,2025-05-05,Сбербанк,SBER,150998,15230445067.2,299.9,291.66,302.78,292.41,296.78,294.64,51318290,296.28,296.28,,10335247909.5,10335247909.5,,0.0,3,SUR,-1.77,2025-05-05
TQBR,2025-05-06,Сбербанк,SBER,117339,14773158821.5,294.65,292.05,304.75,302.78,299.47,302.02,49327640,299.29,299.29,,11033954736.7,11033954736.7,,0.0,3,SUR,2.5,2025-05-06
TQBR,2025-05-07,Сбербанк,SBER,72519,8976384139.9,302.5,300.56,304.24,302.9,302.57,302.79,29667370,302.46,302.46,,6811507150.5,6811507150.5,,0.0,3,SUR,0.25,2025-05-07
TQBR,2025-05-08,Сбербанк,SBER,49338,6320270506.9,302.9,300.61,306.0,301.95,303.69,302.15,20811410,303.6,303.6,,4401802953.9,4401802953.9,,0.0,3,SUR,-0.21,2025-05-08
TQBR,2025-05-12,Сбербанк,SBER,118229,13884015455.2,303.53,301.7,311.49,310.46,308.84,310.81,44959170,310.04,310.04,,7930150245.6,7930150245.6,,0.0,3,SUR,2.87,2025-05-12
TQBR,2025-05-13,Сбербанк,SBER,60895,7704228262.3,310.8,309.61,312.5,312.5,311.12,311.24,24762720,310.98,310.98,,5715431393.0,5715431393.0,,0.0,3,SUR,0.14,2025-05-13
TQBR,2025-05-14,Сбербанк,SBER,64873,8424502346.8,311.5,304.04,313.71,311.2,310.29,304.21,27152010,311.43,311.43,,5282866760.5,5282866760.5,,0.0,3,SUR,-2.26,2025-05-14
TQBR,2025-05-15,Сбербанк,SBER,116327,14406540059.2,304.2,300.49,307.77,302.51,303.39,304.72,47487250,302.95,302.95,,11939792596.9,11939792596.9,,0.0,3,SUR,0.17,2025-05-15
TQBR,2025-05-16,Сбербанк,SBER,127092,19427040526.8,304.7,296.56,308.88,305.46,303.74,306.34,63956680,303.59,303.59,,17725992920.1,17725992920.1,,0.0,3,SUR,0.53,2025-05-16
TQBR,2025-05-19,Сбербанк,SBER,130441,16945367750.9,306.34,306.01,313.0,311.2,309.83,308.33,54696990,310.04,310.04,,6625349200.3,6625349200.3,,0.0,3,SUR,0.65,2025-05-19
TQBR,2025-05-20,Сбербанк,SBER,75812,6083077283.3,308.88,304.7,309.55,305.2,307.06,306.16,19810690,307.15,307.15,,4755150280.3,4755150280.3,,0.0,3,SUR,-0.7,2025-05-20
TQBR,2025-05-21,Сбербанк,SBER,59925,6242559258.5,306.17,302.89,307.56,303.58,305.16,303.98,20456330,305.11,305.11,,5093540214.9,5093540214.9,,0.0,3,SUR,-0.71,2025-05-21
TQBR,2025-05-22,Сбербанк,SBER,90987,10582114096.7,304.5,299.17,305.6,304.25,302.14,302.66,35013910,302.0,302.0,,8670221029.0,8670221029.0,,0.0,3,SUR,-0.43,2025-05-22
TQBR,2025-05-23,Сбербанк,SBER,55671,5198782407.7,302.66,301.33,305.0,302.22,302.63,302.22,17175890,302.73,302.73,,4356575317.2,4356575317.2,,0.0,3,SUR,-0.15,2025-05-23
TQBR,2025-05-26,Сбербанк,SBER,104932,10306538220.4,302.22,295.5,302.49,296.37,297.6,297.77,34631470,297.07,297.07,,7008943932.2,7008943932.2,,0.0,3,SUR,-1.47,2025-05-26
TQBR,2025-05-27,Сбербанк,SBER,76741,7673014298.0,297.73,293.08,299.9,299.5,297.87,298.7,25760040,298.61,298.61,,5141805422.7,5141805422.7,,0.0,3,SUR,0.31,2025-05-27
TQBR,2025-05-28,Сбербанк,SBER,115054,14648131212.0,299.0,299.0,308.82,306.54,305.24,308.47,48001460,305.05,305.05,,11731862924.2,11731862924.2,,0.0,3,SUR,3.27,2025-05-28
TQBR,2025-05-29,Сбербанк,SBER,59741,7398147137.4,308.61,305.66,309.95,307.0,307.65,306.65,24049740,307.71,307.71,,5655517992.7,5655517992.7,,0.0,3,SUR,-0.59,2025-05-29
TQBR,2025-05-30,Сбербанк,SBER,52527,6759369553.5,306.27,305.01,310.29,309.19,308.42,309.3,21916240,308.6,308.6,,5470412169.6,5470412169.6,,0.0,3,SUR,0.86,2025-05-30
TQBR,2025-06-02,Сбербанк,SBER,140741,16712545745.1,309.31,300.51,311.99,310.99,306.21,309.63,54580610,306.27,306.27,,8732343634.5,8732343634.5,,0.0,3,SUR,0.11,2025-06-02
TQBR,2025-06-03,Сбербанк,SBER,111521,10951973458.0,309.7,309.39,314.88,313.86,313.51,313.55,34937680,313.65,313.65,,8507142661.3,8507142661.3,,0.0,3,SUR,1.27,2025-06-03
TQBR,2025-06-04,Сбербанк,SBER,139748,16958795557.5,314.0,311.17,318.29,314.17,315.34,313.23,53786160,315.55,315.55,,14056583768.9,14056583768.9,,0.0,3,SUR,-0.1,2025-06-04
TQBR,2025-06-05,Сбербанк,SBER,56732,8986855430.0,313.55,313.53,318.59,318.0,316.95,317.96,28359290,317.05,317.05,,6725901265.3,6725901265.3,,0.0,3,SUR,1.51,2025-06-05
TQBR,2025-06-06,Сбербанк,SBER,178720,32500344718.1,318.35,312.52,325.43,313.03,318.6,313.13,102022760,318.9,318.9,,29511672687.9,29511672687.9,,0.0,3,SUR,-1.52,2025-06-06
TQBR,2025-06-09,Сбербанк,SBER,98794,10533542010.0,314.0,310.0,315.51,310.12,312.06,311.17,33754120,311.58,311.58,,7599619076.0,7599619076.0,,0.0,3,SUR,-0.63,2025-06-09
TQBR,2025-06-10,Сбербанк,SBER,69343,8619271205.5,311.21,307.55,313.3,309.38,309.84,308.68,27818280,309.78,309.78,,7500111050.5,7500111050.5,,0.0,3,SUR,-0.8,2025-06-10
TQBR,2025-06-11,Сбербанк,SBER,65146,8191275736.2,309.53,308.03,313.6,313.29,311.74,312.0,26275440,311.99,311.99,,6114725883.5,6114725883.5,,0.0,3,SUR,1.08,2025-06-11
TQBR,2025-06-13,Сбербанк,SBER,44706,4174681243.7,313.28,309.53,313.39,310.01,310.97,310.2,13424610,310.8,310.8,,2690599913.1,2690599913.1,,0.0,3,SUR,-0.58,2025-06-13
TQBR,2025-06-16,Сбербанк,SBER,91405,7710716133.8,310.21,309.55,314.37,311.71,311.92,311.5,24722530,312.27,312.27,,5775933334.3,5775933334.3,,0.0,3,SUR,0.42,2025-06-16
TQBR,2025-06-17,Сбербанк,SBER,70425,7304100659.3,311.61,310.5,314.93,314.18,313.45,313.56,23302090,313.51,313.51,,5148668928.5,5148668928.5,,0.0,3,SUR,0.66,2025-06-17
TQBR,2025-06-18,Сбербанк,SBER,55650,5520966746.0,313.56,311.63,314.82,313.8,313.56,313.38,17607700,313.57,313.57,,4261791054.3,4261791054.3,,0.0,3,SUR,-0.06,2025-06-18
TQBR,2025-06-19,Сбербанк,SBER,79498,9522281144.4,313.41,312.14,316.45,312.8,314.16,312.46,30310650,314.27,314.27,,8568095462.6,8568095462.6,,0.0,3,SUR,-0.29,2025-06-19
TQBR,2025-06-20,Сбербанк,SBER,79460,6863014852.0,312.46,309.3,313.59,309.76,311.28,309.7,22045200,311.52,311.52,,5377408976.5,5377408976.5,,0.0,3,SUR,-0.88,2025-06-20
TQBR,2025-06-23,Сбербанк,SBER,64077,4938806149.6,310.9,308.04,311.44,310.97,309.64,310.17,15950290,309.46,309.46,,3770688206.6,3770688206.6,,0.0,3,SUR,0.15,2025-06-23
TQBR,2025-06-24,Сбербанк,SBER,58947,5897307982.6,310.3,309.0,312.02,310.82,310.47,311.37,18994470,310.3,310.3,,4180539236.9,4180539236.9,,0.0,3,SUR,0.39,2025-06-24
TQBR,2025-06-25,Сбербанк,SBER,59893,6341067887.7,311.65,311.57,314.29,314.1,313.45,313.78,20230110,313.58,313.58,,4929682066.2,4929682066.2,,0.0,3,SUR,0.77,2025-06-25
TQBR,2025-06-26,Сбербанк,SBER,49287,4068113458.2,313.8,312.74,314.5,313.51,313.49,312.84,12976890,313.47,313.47,,3130764267.1,3130764267.1,,0.0,3,SUR,-0.3,2025-06-26
TQBR,2025-06-27,Сбербанк,SBER,49152,5982192972.0,313.03,313.0,315.5,314.59,314.26,315.18,19035650,314.14,314.14,,4690838875.8,4690838875.8,,0.0,3,SUR,0.75,2025-06-27
TQBR,2025-06-30,Сбербанк,SBER,84402,9525329651.4,315.2,314.6,317.7,316.78,316.1,316.15,30132840,316.07,316.07,,7206338571.7,7206338571.7,,0.0,3,SUR,0.31,2025-06-30
TQBR,2025-07-01,Сбербанк,SBER,52743,6964251168.6,316.69,316.3,319.6,319.05,318.18,318.42,21887840,318.21,318.21,,5649173109.3,5649173109.3,,0.0,3,SUR,0.72,2025-07-01
TQBR,2025-07-02,Сбербанк,SBER,51206,6600317218.2,318.96,317.41,319.85,318.54,318.82,319.43,20701250,318.57,318.57,,4130730536.7,4130730536.7,,0.0,3,SUR,0.32,2025-07-02
TQBR,2025-07-03,Сбербанк,SBER,51085,6500049426.2,319.53,318.74,321.5,321.01,320.46,319.17,20286790,320.62,320.62,,4873346141.9,4873346141.9,,0.0,3,SUR,-0.08,2025-07-03
TQBR,2025-07-04,Сбербанк,SBER,45614,5689934411.0,318.85,317.5,321.41,319.27,319.47,319.44,17811390,319.47,319.47,,4151351510.5,4151351510.5,,0.0,3,SUR,0.08,2025-07-04
TQBR,2025-07-07,Сбербанк,SBER,96248,9787005611.3,319.5,312.82,320.6,313.0,316.86,313.5,31000910,315.48,315.48,,8403426934.5,8403426934.5,,0.0,3,SUR,-1.86,2025-07-07
TQBR,2025-07-08,Сбербанк,SBER,62375,7996138126.9,313.34,309.6,315.31,315.3,313.19,309.71,25532140,314.3,314.3,,4340962780.1,4340962780.1,,0.0,3,SUR,-1.21,2025-07-08
TQBR,2025-07-09,Сбербанк,SBER,82962,9252314230.6,310.01,307.6,312.3,309.5,309.7,310.09,29871070,309.53,309.53,,7283196371.0,7283196371.0,,0.0,3,SUR,0.12,2025-07-09
TQBR,2025-07-10,Сбербанк,SBER,62819,7434156902.4,310.77,310.5,315.07,314.22,313.52,314.01,23711960,313.64,313.64,,6197468839.2,6197468839.2,,0.0,3,SUR,1.26,2025-07-10
TQBR,2025-07-11,Сбербанк,SBER,84134,12241821099.6,314.5,308.85,317.88,310.42,311.68,309.88,39276450,311.67,311.67,,10153674291.9,10153674291.9,,0.0,3,SUR,-1.32,2025-07-11
TQBR,2025-07-14,Сбербанк,SBER,157860,19004266500.9,310.0,304.38,318.85,316.56,311.4,317.97,60982030,311.17,311.17,,12264383915.5,12264383915.5,,0.0,3,SUR,2.61,2025-07-14
TQBR,2025-07-15,Сбербанк,SBER,96917,12910720451.2,318.16,316.6,320.43,319.98,319.11,319.99,40470270,319.01,319.01,,10840430477.9,10840430477.9,,0.0,3,SUR,0.64,2025-07-15
TQBR,2025-07-16,Сбербанк,SBER,103127,11827832481.6,320.0,319.54,322.0,321.6,320.82,321.58,36861670,320.83,320.83,,9520375099.9,9520375099.9,,0.0,3,SUR,0.5,2025-07-16
TQBR,2025-07-17,Сбербанк,SBER,172822,29731917686.3,321.26,321.19,329.23,325.92,326.03,327.05,91182020,326.25,326.25,,21432687659.2,21432687659.2,,0.0,3,SUR,1.7,2025-07-17
TQBR,2025-07-18,Сбербанк,SBER,232674,35354690605.0,300.45,300.25,309.4,308.13,304.88,309.0,115982520,304.6,304.6,,33293029929.6,33293029929.6,,0.0,3,SUR,-5.52,2025-07-18
TQBR,2025-07-21,Сбербанк,SBER,134141,18307430351.3,309.69,309.31,314.56,309.8,311.37,310.4,58775550,310.79,310.79,,10880874019.6,10880874019.6,,0.0,3,SUR,0.45,2025-07-21
TQBR,2025-07-22,Сбербанк,SBER,89050,8360752088.2,310.65,308.55,311.72,310.39,310.33,310.67,26942000,310.31,310.31,,7292210247.2,7292210247.2,,0.0,3,SUR,0.09,2025-07-22
TQBR,2025-07-23,Сбербанк,SBER,64487,11718452317.2,311.0,310.78,314.49,313.44,313.33,313.08,37399400,313.46,313.46,,9298324630.9,9298324630.9,,0.0,3,SUR,0.78,2025-07-23
TQBR,2025-07-24,Сбербанк,SBER,54938,8668962709.7,313.09,309.75,313.99,310.39,311.31,310.83,27841890,311.24,311.24,,7348690853.6,7348690853.6,,0.0,3,SUR,-0.72,2025-07-24
TQBR,2025-07-25,Сбербанк,SBER,103833,15731070355.1,310.86,306.0,311.76,309.8,309.28,308.93,50866870,309.2,309.2,,14188183261.7,14188183261.7,,0.0,3,SUR,-0.61,2025-07-25
TQBR,2025-07-28,Сбербанк,SBER,116686,12776839043.7,309.35,303.54,309.95,304.39,306.16,303.97,41734530,305.92,305.92,,9691108449.6,9691108449.6,,0.0,3,SUR,-1.61,2025-07-28
TQBR,2025-07-29,Сбербанк,SBER,71680,9375226490.2,304.77,303.05,308.26,307.43,305.41,305.26,30696940,305.59,305.59,,6436165242.6,6436165242.6,,0.0,3,SUR,0.42,2025-07-29
TQBR,2025-07-30,Сбербанк,SBER,44836,4412739606.1,305.58,303.2,306.2,303.86,304.35,303.3,14499120,304.39,304.39,,3190072332.8,3190072332.8,,0.0,3,SUR,-0.64,2025-07-30
TQBR,2025-07-31,Сбербанк,SBER,48000,6052599147.2,303.9,302.81,305.79,305.35,304.38,304.95,19884770,304.31,304.31,,4911218659.9,4911218659.9,,0.0,3,SUR,0.54,2025-07-31
TQBR,2025-08-01,Сбербанк,SBER,113871,5640029361.96,305.41,302.89,307.5,304.2,305.32,304.22,18473506,305.34,305.34,,3566719813.11,3566719813.11,,0.0,3,SUR,-0.24,2025-08-01
TQBR,2025-08-04,Сбербанк,SBER,188489,8705418280.86,305.3,304.5,308.12,307.69,306.28,307.95,28420639,306.23,306.23,,6566774857.67,6566774857.67,,0.0,3,SUR,1.23,2025-08-04
TQBR,2025-08-05,Сбербанк,SBER,115124,6600273789.41,307.97,305.25,308.67,307.76,307.01,307.38,21497509,306.78,306.78,,4840047129.12,4840047129.12,,0.0,3,SUR,-0.19,2025-08-05
TQBR,2025-08-06,Сбербанк,SBER,205343,18467299362.31,307.4,303.33,312.96,304.67,308.02,310.22,59949361,305.84,305.84,,7119330001.15,7119330001.15,,0.0,3,SUR,0.92,2025-08-06
TQBR,2025-08-07,Сбербанк,SBER,255507,22585748627.03,310.22,308.76,316.5,313.1,313.28,313.43,72089666,313.77,313.77,,17722760645.02,17722760645.02,,0.0,3,SUR,1.03,2025-08-07
TQBR,2025-08-08,Сбербанк,SBER,145112,11005948334.74,314.68,312.6,317.98,316.0,314.82,317.97,34959877,314.31,314.31,,7036257573.97,7036257573.97,,0.0,3,SUR,1.45,2025-08-08
TQBR,2025-08-11,Сбербанк,SBER,217315,13561508440.33,321.72,317.05,322.9,317.98,319.56,317.82,42436965,319.08,319.08,,7968995254.05,7968995254.05,,0.0,3,SUR,-0.05,2025-08-11
TQBR,2025-08-12,Сбербанк,SBER,85474,5965464945.68,318.17,316.6,318.99,318.85,317.89,318.0,18765577,317.92,317.92,,4693238383.87,4693238383.87,,0.0,3,SUR,0.06,2025-08-12
TQBR,2025-08-13,Сбербанк,SBER,109494,6725812960.17,318.0,317.05,319.7,319.1,318.33,317.51,21127896,318.26,318.26,,5261147038.09,5261147038.09,,0.0,3,SUR,-0.15,2025-08-13
TQBR,2025-08-14,Сбербанк,SBER,102665,8396973453.22,317.6,314.81,319.2,318.61,317.34,318.73,26459276,317.16,317.16,,7028366427.67,7028366427.67,,0.0,3,SUR,0.38,2025-08-14
TQBR,2025-08-15,Сбербанк,SBER,104040,8332392054.18,318.9,318.45,320.5,319.99,319.56,319.4,26071682,319.54,319.54,,5514859266.48,5514859266.48,,0.0,3,SUR,0.21,2025-08-15
TQBR,2025-08-18,Сбербанк,SBER,200454,14947370865.07,316.86,310.03,319.89,316.89,316.41,318.38,47243830,316.68,316.68,,7351867789.87,7351867789.87,,0.0,3,SUR,-0.32,2025-08-18
TQBR,2025-08-19,Сбербанк,SBER,94477,6964277289.18,318.98,316.29,319.73,317.0,318.3,316.5,21879576,318.44,318.44,,5053012939.86,5053012939.86,,0.0,3,SUR,-0.59,2025-08-19
TQBR,2025-08-20,Сбербанк,SBER,99009,5869479046.82,316.53,313.02,317.51,314.66,314.63,314.17,18653270,314.58,314.58,,4830718865.24,4830718865.24,,0.0,3,SUR,-0.74,2025-08-20
TQBR,2025-08-21,Сбербанк,SBER,130866,9613839595.84,314.17,309.28,315.1,311.34,312.12,309.98,30815394,312.14,312.14,,8147261231.65,8147261231.65,,0.0,3,SUR,-1.33,2025-08-21
TQBR,2025-08-22,Сбербанк,SBER,88271,4824423002.32,310.11,309.75,312.49,312.0,311.32,312.05,15495808,311.38,311.38,,3552224320.18,3552224320.18,,0.0,3,SUR,0.67,2025-08-22
TQBR,2025-08-25,Сбербанк,SBER,189425,5152868818.66,312.11,308.75,312.5,311.97,310.43,311.42,16597549,310.1,310.1,,3835305286.89,3835305286.89,,0.0,3,SUR,-0.2,2025-08-25
TQBR,2025-08-26,Сбербанк,SBER,70047,3529157240.57,311.11,310.5,314.0,311.21,312.35,311.79,11297232,312.44,312.44,,2639498286.96,2639498286.96,,0.0,3,SUR,0.12,2025-08-26
TQBR,2025-08-27,Сбербанк,SBER,67072,3654563019.24,312.0,311.06,313.78,312.99,312.55,312.78,11692831,312.51,312.51,,2862149752.02,2862149752.02,,0.0,3,SUR,0.32,2025-08-27
TQBR,2025-08-28,Сбербанк,SBER,104055,6341434576.04,313.03,310.12,314.5,314.5,312.24,310.82,20309447,312.51,312.51,,3033780029.74,3033780029.74,,0.0,3,SUR,-0.63,2025-08-28
TQBR,2025-08-29,Сбербанк,SBER,88248,4611253588.03,311.18,308.95,311.82,310.51,310.39,310.04,14855695,310.33,310.33,,3943174495.95,3943174495.95,,0.0,3,SUR,-0.25,2025-08-29
TQBR,2025-09-01,Сбербанк,SBER,95187,4011172329.4,309.99,308.82,312.5,308.88,310.47,309.2,12919567,310.48,310.48,,2436563687.59,2436563687.59,,0.0,3,SUR,-0.27,2025-09-01
TQBR,2025-09-02,Сбербанк,SBER,120482,5366665365.11,309.2,307.05,310.1,307.47,308.29,308.44,17407779,308.33,308.33,,3571415217.0,3571415217.0,,0.0,3,SUR,-0.25,2025-09-02
TQBR,2025-09-03,Сбербанк,SBER,80864,3233933499.51,308.45,307.21,309.68,308.9,308.48,309.49,10482402,308.34,308.34,,2419979111.49,2419979111.49,,0.0,3,SUR,0.34,2025-09-03
TQBR,2025-09-04,Сбербанк,SBER,72221,3974488416.24,309.6,307.5,310.8,308.05,309.31,308.74,12848837,309.38,309.38,,3148545889.48,3148545889.48,,0.0,3,SUR,-0.24,2025-09-04
TQBR,2025-09-05,Сбербанк,SBER,71629,3614081672.13,309.1,308.8,311.16,310.78,310.18,310.5,11650553,310.25,310.25,,2791443405.53,2791443405.53,,0.0,3,SUR,0.57,2025-09-05
TQBR,2025-09-08,Сбербанк,SBER,100546,5730658424.58,310.5,310.1,313.26,312.86,312.26,312.83,18352636,312.47,312.47,,4082206481.22,4082206481.22,,0.0,3,SUR,0.75,2025-09-08
TQBR,2025-09-09,Сбербанк,SBER,83731,5359212726.61,313.0,311.62,314.25,313.73,313.13,313.06,17116843,313.08,313.08,,4635927695.93,4635927695.93,,0.0,3,SUR,0.07,2025-09-09
TQBR,2025-09-10,Сбербанк,SBER,96667,5999706054.39,313.65,309.0,313.65,310.25,311.0,309.76,19292572,311.21,311.21,,4153800781.82,4153800781.82,,0.0,3,SUR,-1.05,2025-09-10
TQBR,2025-09-11,Сбербанк,SBER,155026,9052430559.63,309.76,305.8,310.77,307.79,307.5,307.11,29436347,307.41,307.41,,8086466498.43,8086466498.43,,0.0,3,SUR,-0.86,2025-09-11
TQBR,2025-09-12,Сбербанк,SBER,183411,12001884293.42,307.5,302.53,308.72,303.88,305.3,303.5,39315303,305.49,305.49,,10182156716.92,10182156716.92,,0.0,3,SUR,-1.18,2025-09-12
TQBR,2025-09-15,Сбербанк,SBER,162035,7501199667.67,303.61,300.71,304.75,302.5,302.6,302.48,24789043,302.34,302.34,,5519303298.02,5519303298.02,,0.0,3,SUR,-0.34,2025-09-15
TQBR,2025-09-16,Сбербанк,SBER,126368,7874847903.39,303.0,299.7,304.2,302.0,301.63,301.8,26108050,301.44,301.44,,6737199968.73,6737199968.73,,0.0,3,SUR,-0.22,2025-09-16
TQBR,2025-09-17,Сбербанк,SBER,119727,9515741220.01,301.8,299.8,305.92,304.3,302.82,304.5,31421531,302.65,302.65,,7871545410.87,7871545410.87,,0.0,3,SUR,0.89,2025-09-17
TQBR,2025-09-18,Сбербанк,SBER,119393,8315372549.13,304.8,300.66,305.05,302.86,301.98,301.68,27536729,301.85,301.85,,7220175749.29,7220175749.29,,0.0,3,SUR,-0.93,2025-09-18
TQBR,2025-09-19,Сбербанк,SBER,232640,11635708803.64,301.6,294.61,303.8,297.4,298.97,294.84,38919790,300.09,300.09,,7953665994.58,7953665994.58,,0.0,3,SUR,-2.27,2025-09-19
TQBR,2025-09-22,Сбербанк,SBER,207648,12146855505.87,295.86,292.16,299.3,298.01,294.95,298.05,41184639,294.53,294.53,,10059965895.3,10059965895.3,,0.0,3,SUR,1.09,2025-09-22
TQBR,2025-09-23,Сбербанк,SBER,147977,10055129316.84,298.26,290.39,300.11,298.6,295.86,291.6,33989319,297.86,297.86,,4930668000.17,4930668000.17,,0.0,3,SUR,-2.16,2025-09-23
TQBR,2025-09-24,Сбербанк,SBER,182044,14013824160.56,291.8,288.4,296.64,293.53,292.92,293.31,47845030,293.2,293.2,,10185688404.12,10185688404.12,,0.0,3,SUR,0.59,2025-09-24
TQBR,2025-09-25,Сбербанк,SBER,110191,6131641048.37,293.87,289.5,294.89,290.97,292.01,289.9,20998024,292.38,292.38,,4161184963.81,4161184963.81,,0.0,3,SUR,-1.16,2025-09-25
TQBR,2025-09-26,Сбербанк,SBER,119983,6577490806.23,290.2,288.52,292.79,291.98,290.5,291.33,22643314,290.24,290.24,,4938551299.64,4938551299.64,,0.0,3,SUR,0.49,2025-09-26
TQBR,2025-09-29,Сбербанк,SBER,201447,10558191901.87,291.03,286.5,295.5,287.71,291.12,287.57,36270471,292.23,292.23,,7553084478.37,7553084478.37,,0.0,3,SUR,-1.29,2025-09-29
TQBR,2025-09-30,Сбербанк,SBER,197993,8448898245.35,287.67,285.24,289.88,289.15,287.56,288.36,29382368,287.42,287.42,,6968742897.35,6968742897.35,,0.0,3,SUR,0.27,2025-09-30
TQBR,2025-10-01,Сбербанк,SBER,145887,6576740304.08,288.88,285.11,290.39,286.3,287.23,286.4,22897705,287.28,287.28,,5319082707.32,5319082707.32,,0.0,3,SUR,-0.68,2025-10-01
TQBR,2025-10-02,Сбербанк,SBER,162831,7977142960.95,286.4,282.8,287.15,285.05,284.66,285.22,28023440,284.51,284.51,,6046860674.02,6046860674.02,,0.0,3,SUR,-0.41,2025-10-02
TQBR,2025-10-03,Сбербанк,SBER,150766,4866587736.44,285.75,282.58,287.32,283.7,284.62,282.91,17098575,284.98,284.98,,3545835929.6,3545835929.6,,0.0,3,SUR,-0.81,2025-10-03
TQBR,2025-10-06,Сбербанк,SBER,238553,12725990249.11,283.0,279.14,291.17,290.0,285.51,290.56,44563926,286.3,286.3,,8407616712.9,8407616712.9,,0.0,3,SUR,2.7,2025-10-06
TQBR,2025-10-07,Сбербанк,SBER,144993,11118592914.9,290.0,288.75,295.87,293.67,293.41,293.89,37893983,293.83,293.83,,8980395140.38,8980395140.38,,0.0,3,SUR,1.15,2025-10-07
TQBR,2025-10-08,Сбербанк,SBER,287733,21455966507.52,293.93,278.0,295.0,280.22,285.25,281.9,75222569,286.15,286.15,,15985663369.06,15985663369.06,,0.0,3,SUR,-4.08,2025-10-08
TQBR,2025-10-09,Сбербанк,SBER,301156,21756142085.85,282.8,278.75,290.45,289.45,285.64,289.37,76179258,285.7,285.7,,18237694716.35,18237694716.35,,0.0,3,SUR,2.65,2025-10-09
TQBR,2025-10-10,Сбербанк,SBER,188861,9802145252.36,289.9,284.1,289.95,285.75,286.87,285.12,34168796,286.84,286.84,,7868669740.91,7868669740.91,,0.0,3,SUR,-1.47,2025-10-10
TQBR,2025-10-13,Сбербанк,SBER,185409,10628443460.69,284.4,282.22,288.75,284.79,285.28,285.39,37255011,285.08,285.08,,7862624299.05,7862624299.05,,0.0,3,SUR,0.09,2025-10-13
TQBR,2025-10-14,Сбербанк,SBER,100654,6336024375.64,285.5,282.05,286.99,283.28,284.06,283.3,22304284,284.15,284.15,,5242222778.64,5242222778.64,,0.0,3,SUR,-0.73,2025-10-14
TQBR,2025-10-15,Сбербанк,SBER,101487,6354633082.6,283.93,282.0,285.39,283.94,283.52,283.74,22412693,283.53,283.53,,5340323168.73,5340323168.73,,0.0,3,SUR,0.16,2025-10-15
TQBR,2025-10-16,Сбербанк,SBER,296530,27693939616.72,283.9,282.4,304.0,293.27,294.58,302.91,94011501,288.59,288.59,,10365640020.67,10365640020.67,,0.0,3,SUR,6.76,2025-10-16
TQBR,2025-10-17,Сбербанк,SBER,185473,13662360087.79,303.23,299.76,305.0,301.27,301.63,300.91,45293894,301.62,301.62,,9179599326.68,9179599326.68,,0.0,3,SUR,-0.66,2025-10-17
TQBR,2025-10-20,Сбербанк,SBER,172543,10588797522.93,301.3,301.3,306.15,304.95,304.21,304.0,34807707,304.61,304.61,,6158609116.16,6158609116.16,,0.0,3,SUR,1.03,2025-10-20
TQBR,2025-10-21,Сбербанк,SBER,193758,21009220004.88,304.1,290.5,304.43,293.59,297.43,295.47,70646260,297.72,297.72,,12271686231.27,12271686231.27,,0.0,3,SUR,-2.81,2025-10-21
TQBR,2025-10-22,Сбербанк,SBER,163757,12617477172.48,295.52,286.76,295.77,294.01,292.36,290.02,43163350,293.64,293.64,,6513982015.77,6513982015.77,,0.0,3,SUR,-1.84,2025-10-22
TQBR,2025-10-23,Сбербанк,SBER,153940,11285276468.59,286.93,285.21,291.98,291.0,287.67,291.8,39228445,287.52,287.52,,7786096462.25,7786096462.25,,0.0,3,SUR,0.61,2025-10-23
TQBR,2025-10-24,Сбербанк,SBER,168778,13867992000.93,292.17,286.3,294.93,287.16,289.48,287.55,47904311,289.46,289.46,,12591119743.58,12591119743.58,,0.0,3,SUR,-1.46,2025-10-24
TQBR,2025-10-27,Сбербанк,SBER,150920,9995467134.35,287.47,282.46,287.99,284.4,284.27,283.17,35162033,284.12,284.12,,7155846211.36,7155846211.36,,0.0,3,SUR,-1.52,2025-10-27
TQBR,2025-10-28,Сбербанк,SBER,167231,10631654782.9,283.22,281.0,290.7,288.95,287.61,289.46,36966759,288.06,288.06,,7687325465.54,7687325465.54,,0.0,3,SUR,2.22,2025-10-28
TQBR,2025-10-29,Сбербанк,SBER,107701,6313299551.42,290.45,288.15,291.51,291.4,289.81,290.5,21784278,289.72,289.72,,4631982594.17,4631982594.17,,0.0,3,SUR,0.36,2025-10-29
TQBR,2025-10-30,Сбербанк,SBER,153195,11142750680.78,290.49,289.13,298.0,296.88,295.07,296.12,37766748,295.25,295.25,,9344488393.96,9344488393.96,,0.0,3,SUR,1.93,2025-10-30
TQBR,2025-10-31,Сбербанк,SBER,129980,9302630867.51,296.04,290.0,297.97,292.4,293.67,291.89,31675676,293.98,293.98,,6006501106.28,6006501106.28,,0.0,3,SUR,-1.43,2025-10-31
TQBR,2025-11-01,Сбербанк,SBER,64126,3763739970.14,292.0,290.35,294.42,294.08,293.52,293.7,12822737,293.59,293.59,,2433104773.7,2433104773.7,,0.0,3,SUR,0.62,2025-11-01
TQBR,2025-11-03,Сбербанк,SBER,85057,5350986709.95,294.19,294.19,300.0,297.55,297.77,298.04,17970362,298.26,298.26,,3846329824.35,3846329824.35,,0.0,3,SUR,1.48,2025-11-03
TQBR,2025-11-05,Сбербанк,SBER,127250,9996341505.05,297.64,293.88,298.82,294.9,296.3,295.7,33737444,296.34,296.34,,7906446960.87,7906446960.87,,0.0,3,SUR,-0.79,2025-11-05
TQBR,2025-11-06,Сбербанк,SBER,112413,7064646712.28,295.73,292.01,296.93,294.4,294.03,294.27,24025168,293.83,293.83,,5829217068.56,5829217068.56,,0.0,3,SUR,-0.48,2025-11-06
TQBR,2025-11-07,Сбербанк,SBER,106006,6541015487.16,293.5,292.52,298.09,297.02,296.41,296.84,22069475,296.65,296.65,,4407002646.62,4407002646.62,,0.0,3,SUR,0.87,2025-11-07
TQBR,2025-11-10,Сбербанк,SBER,209827,12926536192.2,297.27,296.7,302.79,299.9,300.79,300.46,42981855,301.28,301.28,,10119638393.36,10119638393.36,,0.0,3,SUR,1.22,2025-11-10
TQBR,2025-11-11,Сбербанк,SBER,103683,6452433192.43,300.86,298.06,301.87,300.0,300.28,301.12,21489101,300.19,300.19,,5247358604.63,5247358604.63,,0.0,3,SUR,0.22,2025-11-11
TQBR,2025-11-12,Сбербанк,SBER,121371,7277070281.42,301.15,296.81,301.89,297.66,299.08,299.09,24329162,299.23,299.23,,5790517959.63,5790517959.63,,0.0,3,SUR,-0.67,2025-11-12
TQBR,2025-11-13,Сбербанк,SBER,129475,5048729657.95,299.0,297.67,301.53,299.25,299.57,299.09,16853483,299.61,299.61,,4120620948.54,4120620948.54,,0.0,3,SUR,0.0,2025-11-13
TQBR,2025-11-14,Сбербанк,SBER,105474,5838418641.35,299.09,295.5,299.7,297.0,297.04,297.44,19655059,296.94,296.94,,4779097059.15,4779097059.15,,0.0,3,SUR,-0.55,2025-11-14
TQBR,2025-11-17,Сбербанк,SBER,131705,6658039882.16,297.44,293.64,297.89,295.4,295.17,294.68,22555984,294.98,294.98,,5076855532.49,5076855532.49,,0.0,3,SUR,-0.93,2025-11-17
TQBR,2025-11-18,Сбербанк,SBER,216636,14157514528.87,294.68,293.33,302.86,300.43,299.58,299.44,47260145,299.64,299.64,,12568068197.98,12568068197.98,,0.0,3,SUR,1.62,2025-11-18
TQBR,2025-11-19,Сбербанк,SBER,255251,18329390316.71,300.0,298.66,309.9,305.97,304.89,304.75,60132565,304.73,304.73,,13976724697.57,13976724697.57,,0.0,3,SUR,1.77,2025-11-19
TQBR,2025-11-20,Сбербанк,SBER,207035,12934315611.36,304.76,301.78,308.88,302.83,305.4,307.89,42352133,303.89,303.89,,5495908916.55,5495908916.55,,0.0,3,SUR,1.03,2025-11-20
TQBR,2025-11-21,Сбербанк,SBER,127344,9917805065.75,308.5,304.22,309.23,306.85,306.69,306.7,32336510,306.21,306.21,,6398644602.07,6398644602.07,,0.0,3,SUR,-0.39,2025-11-21
TQBR,2025-11-24,Сбербанк,SBER,166413,8129662622.06,308.67,303.7,309.95,305.03,306.31,305.87,26541972,305.82,305.82,,5862672718.81,5862672718.81,,0.0,3,SUR,-0.27,2025-11-24
TQBR,2025-11-25,Сбербанк,SBER,111479,9007594998.84,306.0,303.0,307.97,307.0,306.02,306.6,29434900,305.79,305.79,,6782715772.38,6782715772.38,,0.0,3,SUR,0.24,2025-11-25
TQBR,2025-11-26,Сбербанк,SBER,80397,3946630169.16,306.48,304.0,306.87,304.94,304.94,304.96,12942518,304.75,304.75,,2779011712.11,2779011712.11,,0.0,3,SUR,-0.53,2025-11-26
TQBR,2025-11-27,Сбербанк,SBER,293509,10394336262.28,305.47,297.33,306.25,299.5,301.14,299.53,34517910,301.1,301.1,,9095015450.65,9095015450.65,,0.0,3,SUR,-1.78,2025-11-27
TQBR,2025-11-28,Сбербанк,SBER,106526,7515783116.96,300.86,299.05,305.26,304.72,302.28,304.17,24863407,302.18,302.18,,6056010248.9,6056010248.9,,0.0,3,SUR,1.55,2025-11-28
TQBR,2025-12-01,Сбербанк,SBER,133264,7240216146.69,304.32,303.01,306.48,305.7,304.99,305.2,23738837,305.13,305.13,,4777964123.54,4777964123.54,,0.0,3,SUR,0.34,2025-12-01
TQBR,2025-12-02,Сбербанк,SBER,100663,6048433753.4,305.6,301.46,305.92,303.3,304.2,303.77,19883739,304.05,304.05,,4520190801.64,4520190801.64,,0.0,3,SUR,-0.47,2025-12-02
TQBR,2025-12-03,Сбербанк,SBER,123319,8702516170.9,301.1,299.1,303.76,303.36,301.11,302.85,28901358,300.55,300.55,,6112211760.04,6112211760.04,,0.0,3,SUR,-0.3,2025-12-03
TQBR,2025-12-04,Сбербанк,SBER,72960,5030112558.88,303.25,301.4,304.58,301.95,302.72,301.76,16616235,302.53,302.53,,3649272164.41,3649272164.41,,0.0,3,SUR,-0.36,2025-12-04
TQBR,2025-12-05,Сбербанк,SBER,122416,10450683867.56,301.76,301.66,307.92,306.98,305.54,307.22,34203718,305.62,305.62,,9194835800.76,9194835800.76,,0.0,3,SUR,1.81,2025-12-05
